"cluster","tf","method","n_obs","n_pred","oob_r2","cv_r2","lodo_r2","null_metric","null_q95","p_perm","beats_null","imp_stability_spearman","imp_top5_jaccard","dataset"
"NK","ELF1","rf",504,68,0.755976991900023,0.754814517981051,NA,"oob_r2",-0.034900224434017,0.0196078431372549,TRUE,0.860442035347559,0.874074074074074,"5yr_pic"
"NK","ELF1","lm",504,68,NA,0.758628942308735,NA,"cv_r2",NA,NA,NA,NA,NA,"5yr_pic"
"NK","ELF1","ridge",504,68,NA,0.771035347687551,NA,"cv_r2",NA,NA,NA,NA,NA,"5yr_pic"
"NK","ELF1","spearman",504,68,NA,0.507641410893626,NA,"cv_r2",NA,NA,NA,NA,NA,"5yr_pic"
"NK","SMAD1","rf",504,68,0.821922815207702,0.81797409999446,NA,"oob_r2",-0.0321665306273827,0.0196078431372549,TRUE,0.850608000067862,1,"5yr_pic"
"NK","SMAD1","lm",504,68,NA,0.824344351180639,NA,"cv_r2",NA,NA,NA,NA,NA,"5yr_pic"
"NK","SMAD1","ridge",504,68,NA,0.825288492834294,NA,"cv_r2",NA,NA,NA,NA,NA,"5yr_pic"
"NK","SMAD1","spearman",504,68,NA,0.578364515385324,NA,"cv_r2",NA,NA,NA,NA,NA,"5yr_pic"
"NK","EGR2","rf",504,68,0.851212765667631,0.845289247950833,NA,"oob_r2",-0.0353841403749655,0.0196078431372549,TRUE,0.85293905578671,0.933333333333333,"5yr_pic"
"NK","EGR2","lm",504,68,NA,0.845048517144404,NA,"cv_r2",NA,NA,NA,NA,NA,"5yr_pic"
"NK","EGR2","ridge",504,68,NA,0.853892355794948,NA,"cv_r2",NA,NA,NA,NA,NA,"5yr_pic"
"NK","EGR2","spearman",504,68,NA,0.538856328441794,NA,"cv_r2",NA,NA,NA,NA,NA,"5yr_pic"
"NK","RUNX3","rf",504,68,0.8596656980517,0.84997232897346,NA,"oob_r2",-0.0344283807911699,0.0196078431372549,TRUE,0.884765431156239,0.844444444444444,"5yr_pic"
"NK","RUNX3","lm",504,68,NA,0.843665075431803,NA,"cv_r2",NA,NA,NA,NA,NA,"5yr_pic"
"NK","RUNX3","ridge",504,68,NA,0.85261918394669,NA,"cv_r2",NA,NA,NA,NA,NA,"5yr_pic"
"NK","RUNX3","spearman",504,68,NA,0.528425512470872,NA,"cv_r2",NA,NA,NA,NA,NA,"5yr_pic"
"NK","RREB1","rf",504,68,0.883725954996275,0.879233338796436,NA,"oob_r2",-0.035051017024582,0.0196078431372549,TRUE,0.922007184876979,0.844444444444444,"5yr_pic"
"NK","RREB1","lm",504,68,NA,0.84955359438749,NA,"cv_r2",NA,NA,NA,NA,NA,"5yr_pic"
"NK","RREB1","ridge",504,68,NA,0.854908433280203,NA,"cv_r2",NA,NA,NA,NA,NA,"5yr_pic"
"NK","RREB1","spearman",504,68,NA,0.603107427618276,NA,"cv_r2",NA,NA,NA,NA,NA,"5yr_pic"
"NK","E2F1","rf",504,68,0.751330689252121,0.747854586709249,NA,"oob_r2",-0.0329863570467677,0.0196078431372549,TRUE,0.86619587484572,0.868783068783069,"5yr_pic"
"NK","E2F1","lm",504,68,NA,0.76108802947876,NA,"cv_r2",NA,NA,NA,NA,NA,"5yr_pic"
"NK","E2F1","ridge",504,68,NA,0.770105640345707,NA,"cv_r2",NA,NA,NA,NA,NA,"5yr_pic"
"NK","E2F1","spearman",504,68,NA,0.465182076268075,NA,"cv_r2",NA,NA,NA,NA,NA,"5yr_pic"
"NK","KLF2","rf",504,68,0.816308918237131,0.808809686187827,NA,"oob_r2",-0.026622649356409,0.0196078431372549,TRUE,0.896322310018535,0.844444444444444,"5yr_pic"
"NK","KLF2","lm",504,68,NA,0.78741229245377,NA,"cv_r2",NA,NA,NA,NA,NA,"5yr_pic"
"NK","KLF2","ridge",504,68,NA,0.799995182851371,NA,"cv_r2",NA,NA,NA,NA,NA,"5yr_pic"
"NK","KLF2","spearman",504,68,NA,0.536480020883165,NA,"cv_r2",NA,NA,NA,NA,NA,"5yr_pic"
"NK","TCF4","rf",504,68,0.837752715635871,0.836708928448807,NA,"oob_r2",-0.0337959785148993,0.0196078431372549,TRUE,0.875179091753508,0.881481481481481,"5yr_pic"
"NK","TCF4","lm",504,68,NA,0.840023583292987,NA,"cv_r2",NA,NA,NA,NA,NA,"5yr_pic"
"NK","TCF4","ridge",504,68,NA,0.8497739894127,NA,"cv_r2",NA,NA,NA,NA,NA,"5yr_pic"
"NK","TCF4","spearman",504,68,NA,0.483315380292758,NA,"cv_r2",NA,NA,NA,NA,NA,"5yr_pic"
"NK","POU2F2","rf",504,68,0.864056600925907,0.859373691584589,NA,"oob_r2",-0.0333421557125907,0.0196078431372549,TRUE,0.893226959830006,0.785185185185185,"5yr_pic"
"NK","POU2F2","lm",504,68,NA,0.831420936790815,NA,"cv_r2",NA,NA,NA,NA,NA,"5yr_pic"
"NK","POU2F2","ridge",504,68,NA,0.840079746633438,NA,"cv_r2",NA,NA,NA,NA,NA,"5yr_pic"
"NK","POU2F2","spearman",504,68,NA,0.354576481968714,NA,"cv_r2",NA,NA,NA,NA,NA,"5yr_pic"
"NK","ZNF143","rf",504,68,0.723841830335244,0.71909236431156,NA,"oob_r2",-0.0289989515865284,0.0196078431372549,TRUE,0.83084661941783,0.933333333333333,"5yr_pic"
"NK","ZNF143","lm",504,68,NA,0.721888635249458,NA,"cv_r2",NA,NA,NA,NA,NA,"5yr_pic"
"NK","ZNF143","ridge",504,68,NA,0.740906228120007,NA,"cv_r2",NA,NA,NA,NA,NA,"5yr_pic"
"NK","ZNF143","spearman",504,68,NA,0.451483772000935,NA,"cv_r2",NA,NA,NA,NA,NA,"5yr_pic"
"NK","PAX6","rf",504,68,0.830801063853753,0.827543884148026,NA,"oob_r2",-0.035110416341789,0.0196078431372549,TRUE,0.875143464264356,0.881481481481481,"5yr_pic"
"NK","PAX6","lm",504,68,NA,0.829458106013034,NA,"cv_r2",NA,NA,NA,NA,NA,"5yr_pic"
"NK","PAX6","ridge",504,68,NA,0.839303839127435,NA,"cv_r2",NA,NA,NA,NA,NA,"5yr_pic"
"NK","PAX6","spearman",504,68,NA,0.551867791620666,NA,"cv_r2",NA,NA,NA,NA,NA,"5yr_pic"
"NK","GTF2I","rf",504,68,0.821845273721894,0.814884071254762,NA,"oob_r2",-0.0171249373567912,0.0196078431372549,TRUE,0.867845766902911,0.748148148148148,"5yr_pic"
"NK","GTF2I","lm",504,68,NA,0.80878750250992,NA,"cv_r2",NA,NA,NA,NA,NA,"5yr_pic"
"NK","GTF2I","ridge",504,68,NA,0.815277514230006,NA,"cv_r2",NA,NA,NA,NA,NA,"5yr_pic"
"NK","GTF2I","spearman",504,68,NA,0.578918805660487,NA,"cv_r2",NA,NA,NA,NA,NA,"5yr_pic"
"NK","ZBTB1","rf",504,68,0.740395208482916,0.741385027798877,NA,"oob_r2",-0.0297387177982605,0.0196078431372549,TRUE,0.836209404808863,1,"5yr_pic"
"NK","ZBTB1","lm",504,68,NA,0.745315219165622,NA,"cv_r2",NA,NA,NA,NA,NA,"5yr_pic"
"NK","ZBTB1","ridge",504,68,NA,0.762765586199985,NA,"cv_r2",NA,NA,NA,NA,NA,"5yr_pic"
"NK","ZBTB1","spearman",504,68,NA,0.50245425635598,NA,"cv_r2",NA,NA,NA,NA,NA,"5yr_pic"
"NK","HDAC2","rf",504,68,0.784824753070178,0.775788994012622,NA,"oob_r2",-0.0458841649904873,0.0196078431372549,TRUE,0.862773091066407,1,"5yr_pic"
"NK","HDAC2","lm",504,68,NA,0.804391321192772,NA,"cv_r2",NA,NA,NA,NA,NA,"5yr_pic"
"NK","HDAC2","ridge",504,68,NA,0.80979063767977,NA,"cv_r2",NA,NA,NA,NA,NA,"5yr_pic"
"NK","HDAC2","spearman",504,68,NA,0.459911703145591,NA,"cv_r2",NA,NA,NA,NA,NA,"5yr_pic"
"NK","ZFY","rf",504,68,0.808763343686748,0.813802876462002,NA,"oob_r2",-0.0393268720419315,0.0196078431372549,TRUE,0.84642940455438,1,"5yr_pic"
"NK","ZFY","lm",504,68,NA,0.788662844589338,NA,"cv_r2",NA,NA,NA,NA,NA,"5yr_pic"
"NK","ZFY","ridge",504,68,NA,0.800136418762752,NA,"cv_r2",NA,NA,NA,NA,NA,"5yr_pic"
"NK","ZFY","spearman",504,68,NA,0.540962839756057,NA,"cv_r2",NA,NA,NA,NA,NA,"5yr_pic"
"NK","CREM","rf",504,68,0.776624019029267,0.768857675295265,NA,"oob_r2",-0.0277651002658896,0.0196078431372549,TRUE,0.857506160586666,0.881481481481481,"5yr_pic"
"NK","CREM","lm",504,68,NA,0.765768787248513,NA,"cv_r2",NA,NA,NA,NA,NA,"5yr_pic"
"NK","CREM","ridge",504,68,NA,0.773590028181674,NA,"cv_r2",NA,NA,NA,NA,NA,"5yr_pic"
"NK","CREM","spearman",504,68,NA,0.455207285715676,NA,"cv_r2",NA,NA,NA,NA,NA,"5yr_pic"
"NK","NR3C1","rf",504,68,0.758888371915618,0.750061419952517,NA,"oob_r2",-0.0395483111197017,0.0196078431372549,TRUE,0.869181797746137,0.792592592592593,"5yr_pic"
"NK","NR3C1","lm",504,68,NA,0.767097763318517,NA,"cv_r2",NA,NA,NA,NA,NA,"5yr_pic"
"NK","NR3C1","ridge",504,68,NA,0.776608160422651,NA,"cv_r2",NA,NA,NA,NA,NA,"5yr_pic"
"NK","NR3C1","spearman",504,68,NA,0.461398447749459,NA,"cv_r2",NA,NA,NA,NA,NA,"5yr_pic"
"NK","MYBL1","rf",504,68,0.791068679278336,0.791556776447266,NA,"oob_r2",-0.0346115028218765,0.0196078431372549,TRUE,0.841726575986224,0.844444444444444,"5yr_pic"
"NK","MYBL1","lm",504,68,NA,0.787295149872405,NA,"cv_r2",NA,NA,NA,NA,NA,"5yr_pic"
"NK","MYBL1","ridge",504,68,NA,0.801413206792014,NA,"cv_r2",NA,NA,NA,NA,NA,"5yr_pic"
"NK","MYBL1","spearman",504,68,NA,0.464798551261074,NA,"cv_r2",NA,NA,NA,NA,NA,"5yr_pic"
"NK","ID2","rf",504,68,0.794187312779598,0.789053613577654,NA,"oob_r2",-0.0439164680760387,0.0196078431372549,TRUE,0.824019713877331,1,"5yr_pic"
"NK","ID2","lm",504,68,NA,0.787645578100429,NA,"cv_r2",NA,NA,NA,NA,NA,"5yr_pic"
"NK","ID2","ridge",504,68,NA,0.800686061893792,NA,"cv_r2",NA,NA,NA,NA,NA,"5yr_pic"
"NK","ID2","spearman",504,68,NA,0.450237526408892,NA,"cv_r2",NA,NA,NA,NA,NA,"5yr_pic"
"NK","IRF1","rf",504,68,0.823333680436177,0.826942736762457,NA,"oob_r2",-0.0267681282620783,0.0196078431372549,TRUE,0.874245990847128,1,"5yr_pic"
"NK","IRF1","lm",504,68,NA,0.816755164044854,NA,"cv_r2",NA,NA,NA,NA,NA,"5yr_pic"
"NK","IRF1","ridge",504,68,NA,0.825331999036397,NA,"cv_r2",NA,NA,NA,NA,NA,"5yr_pic"
"NK","IRF1","spearman",504,68,NA,0.383168563753435,NA,"cv_r2",NA,NA,NA,NA,NA,"5yr_pic"
"NK","HEY2","rf",504,68,0.767630277895234,0.764973009967354,NA,"oob_r2",-0.0341398646930288,0.0196078431372549,TRUE,0.83529496592061,0.792592592592593,"5yr_pic"
"NK","HEY2","lm",504,68,NA,0.7358415554382,NA,"cv_r2",NA,NA,NA,NA,NA,"5yr_pic"
"NK","HEY2","ridge",504,68,NA,0.755936994701195,NA,"cv_r2",NA,NA,NA,NA,NA,"5yr_pic"
"NK","HEY2","spearman",504,68,NA,0.471096519709053,NA,"cv_r2",NA,NA,NA,NA,NA,"5yr_pic"
"NK","ITGB2","rf",504,68,0.767269622614932,0.765223693169063,NA,"oob_r2",-0.035041083127309,0.0196078431372549,TRUE,0.834239713622849,0.744973544973545,"5yr_pic"
"NK","ITGB2","lm",504,68,NA,0.755320781559915,NA,"cv_r2",NA,NA,NA,NA,NA,"5yr_pic"
"NK","ITGB2","ridge",504,68,NA,0.768637679318628,NA,"cv_r2",NA,NA,NA,NA,NA,"5yr_pic"
"NK","ITGB2","spearman",504,68,NA,0.500884797645455,NA,"cv_r2",NA,NA,NA,NA,NA,"5yr_pic"
"NK","MBD2","rf",504,68,0.720177168137353,0.711105843289373,NA,"oob_r2",-0.0469467028294444,0.0196078431372549,TRUE,0.830436055019022,1,"5yr_pic"
"NK","MBD2","lm",504,68,NA,0.71379454949767,NA,"cv_r2",NA,NA,NA,NA,NA,"5yr_pic"
"NK","MBD2","ridge",504,68,NA,0.735923930991324,NA,"cv_r2",NA,NA,NA,NA,NA,"5yr_pic"
"NK","MBD2","spearman",504,68,NA,0.406744633123271,NA,"cv_r2",NA,NA,NA,NA,NA,"5yr_pic"
"NK","NFIL3","rf",504,68,0.7349360254542,0.731880860380112,NA,"oob_r2",-0.0298449309835112,0.0196078431372549,TRUE,0.825322662052058,0.8,"5yr_pic"
"NK","NFIL3","lm",504,68,NA,0.694050939708402,NA,"cv_r2",NA,NA,NA,NA,NA,"5yr_pic"
"NK","NFIL3","ridge",504,68,NA,0.715796307285518,NA,"cv_r2",NA,NA,NA,NA,NA,"5yr_pic"
"NK","NFIL3","spearman",504,68,NA,0.479078605653427,NA,"cv_r2",NA,NA,NA,NA,NA,"5yr_pic"
"NK","SP140","rf",504,68,0.671182898471505,0.662264760816344,NA,"oob_r2",-0.0251051126907153,0.0196078431372549,TRUE,0.818545804651084,0.711111111111111,"5yr_pic"
"NK","SP140","lm",504,68,NA,0.637159286557446,NA,"cv_r2",NA,NA,NA,NA,NA,"5yr_pic"
"NK","SP140","ridge",504,68,NA,0.66087682537192,NA,"cv_r2",NA,NA,NA,NA,NA,"5yr_pic"
"NK","SP140","spearman",504,68,NA,0.461499056928079,NA,"cv_r2",NA,NA,NA,NA,NA,"5yr_pic"
"NK","ZNF563","rf",504,68,0.703797830990474,0.694108798900807,NA,"oob_r2",-0.0400862843943998,0.0196078431372549,TRUE,0.856262591560526,0.933333333333333,"5yr_pic"
"NK","ZNF563","lm",504,68,NA,0.693133668532253,NA,"cv_r2",NA,NA,NA,NA,NA,"5yr_pic"
"NK","ZNF563","ridge",504,68,NA,0.711284962377363,NA,"cv_r2",NA,NA,NA,NA,NA,"5yr_pic"
"NK","ZNF563","spearman",504,68,NA,0.425592073022463,NA,"cv_r2",NA,NA,NA,NA,NA,"5yr_pic"
"NK","MAFF","rf",504,68,0.772879137734428,0.782275492530922,NA,"oob_r2",-0.0405236015273297,0.0196078431372549,TRUE,0.837867779601566,0.874074074074074,"5yr_pic"
"NK","MAFF","lm",504,68,NA,0.765948765607091,NA,"cv_r2",NA,NA,NA,NA,NA,"5yr_pic"
"NK","MAFF","ridge",504,68,NA,0.782804735058186,NA,"cv_r2",NA,NA,NA,NA,NA,"5yr_pic"
"NK","MAFF","spearman",504,68,NA,0.337383671924707,NA,"cv_r2",NA,NA,NA,NA,NA,"5yr_pic"
"NK","DDIT3","rf",504,68,0.743870086801105,0.728039161492736,NA,"oob_r2",-0.0367172167269,0.0196078431372549,TRUE,0.830431813651266,0.874074074074074,"5yr_pic"
"NK","DDIT3","lm",504,68,NA,0.699919525764648,NA,"cv_r2",NA,NA,NA,NA,NA,"5yr_pic"
"NK","DDIT3","ridge",504,68,NA,0.71767394197728,NA,"cv_r2",NA,NA,NA,NA,NA,"5yr_pic"
"NK","DDIT3","spearman",504,68,NA,0.386432601468774,NA,"cv_r2",NA,NA,NA,NA,NA,"5yr_pic"
"NK","RFX2","rf",504,68,0.733883555736106,0.746141599420736,NA,"oob_r2",-0.0390730040967327,0.0196078431372549,TRUE,0.856655342214757,0.785185185185185,"5yr_pic"
"NK","RFX2","lm",504,68,NA,0.724201167969872,NA,"cv_r2",NA,NA,NA,NA,NA,"5yr_pic"
"NK","RFX2","ridge",504,68,NA,0.743628117101353,NA,"cv_r2",NA,NA,NA,NA,NA,"5yr_pic"
"NK","RFX2","spearman",504,68,NA,0.331572954381277,NA,"cv_r2",NA,NA,NA,NA,NA,"5yr_pic"
"NK","PRDM1","rf",504,68,0.801872823191183,0.797210234273593,NA,"oob_r2",-0.0305539874235993,0.0196078431372549,TRUE,0.824531222828738,0.774603174603175,"5yr_pic"
"NK","PRDM1","lm",504,68,NA,0.798861780826774,NA,"cv_r2",NA,NA,NA,NA,NA,"5yr_pic"
"NK","PRDM1","ridge",504,68,NA,0.806550965409406,NA,"cv_r2",NA,NA,NA,NA,NA,"5yr_pic"
"NK","PRDM1","spearman",504,68,NA,0.267201279458242,NA,"cv_r2",NA,NA,NA,NA,NA,"5yr_pic"
"NK","TCF7","rf",504,68,0.785190999194314,0.779880954423184,NA,"oob_r2",-0.0411184093705903,0.0196078431372549,TRUE,0.759086070075878,0.785185185185185,"5yr_pic"
"NK","TCF7","lm",504,68,NA,0.78562638261158,NA,"cv_r2",NA,NA,NA,NA,NA,"5yr_pic"
"NK","TCF7","ridge",504,68,NA,0.79995011160097,NA,"cv_r2",NA,NA,NA,NA,NA,"5yr_pic"
"NK","TCF7","spearman",504,68,NA,0.437795799003899,NA,"cv_r2",NA,NA,NA,NA,NA,"5yr_pic"
"NK","ARID5B","rf",504,68,0.789836579465615,0.7760060253614,NA,"oob_r2",-0.0346285841190066,0.0196078431372549,TRUE,0.831942588846051,0.933333333333333,"5yr_pic"
"NK","ARID5B","lm",504,68,NA,0.789820807323646,NA,"cv_r2",NA,NA,NA,NA,NA,"5yr_pic"
"NK","ARID5B","ridge",504,68,NA,0.79297605111806,NA,"cv_r2",NA,NA,NA,NA,NA,"5yr_pic"
"NK","ARID5B","spearman",504,68,NA,0.539314798949623,NA,"cv_r2",NA,NA,NA,NA,NA,"5yr_pic"
"NK","TBX19","rf",504,68,0.811813257956828,0.800071185509244,NA,"oob_r2",-0.0427313258921502,0.0196078431372549,TRUE,0.824737353301693,0.933333333333333,"5yr_pic"
"NK","TBX19","lm",504,68,NA,0.785679139872203,NA,"cv_r2",NA,NA,NA,NA,NA,"5yr_pic"
"NK","TBX19","ridge",504,68,NA,0.793697405104728,NA,"cv_r2",NA,NA,NA,NA,NA,"5yr_pic"
"NK","TBX19","spearman",504,68,NA,0.452345483977944,NA,"cv_r2",NA,NA,NA,NA,NA,"5yr_pic"
"NK","SNAI3","rf",504,68,0.829910478072425,0.822355306108944,NA,"oob_r2",-0.0454673528121839,0.0196078431372549,TRUE,0.850524869259839,0.762962962962963,"5yr_pic"
"NK","SNAI3","lm",504,68,NA,0.826258402420753,NA,"cv_r2",NA,NA,NA,NA,NA,"5yr_pic"
"NK","SNAI3","ridge",504,68,NA,0.831551317449156,NA,"cv_r2",NA,NA,NA,NA,NA,"5yr_pic"
"NK","SNAI3","spearman",504,68,NA,0.483962331331127,NA,"cv_r2",NA,NA,NA,NA,NA,"5yr_pic"
"NK","ASCL2","rf",504,68,0.780441834748985,0.787601556111567,NA,"oob_r2",-0.0350839581342,0.0196078431372549,TRUE,0.869357390371247,0.718518518518518,"5yr_pic"
"NK","ASCL2","lm",504,68,NA,0.769258118546882,NA,"cv_r2",NA,NA,NA,NA,NA,"5yr_pic"
"NK","ASCL2","ridge",504,68,NA,0.780225441179359,NA,"cv_r2",NA,NA,NA,NA,NA,"5yr_pic"
"NK","ASCL2","spearman",504,68,NA,0.509205981389979,NA,"cv_r2",NA,NA,NA,NA,NA,"5yr_pic"
"NK","EGR1","rf",504,68,0.809811733743102,0.802722748665592,NA,"oob_r2",-0.0350037491716147,0.0196078431372549,TRUE,0.880942262260734,0.82962962962963,"5yr_pic"
"NK","EGR1","lm",504,68,NA,0.808697413764613,NA,"cv_r2",NA,NA,NA,NA,NA,"5yr_pic"
"NK","EGR1","ridge",504,68,NA,0.813626131539127,NA,"cv_r2",NA,NA,NA,NA,NA,"5yr_pic"
"NK","EGR1","spearman",504,68,NA,0.390280356216165,NA,"cv_r2",NA,NA,NA,NA,NA,"5yr_pic"
"NK","CEBPD","rf",504,68,0.827136006839015,0.825368106045798,NA,"oob_r2",-0.0299945714787554,0.0196078431372549,TRUE,0.874959388903734,0.744973544973545,"5yr_pic"
"NK","CEBPD","lm",504,68,NA,0.819854521714386,NA,"cv_r2",NA,NA,NA,NA,NA,"5yr_pic"
"NK","CEBPD","ridge",504,68,NA,0.82333235579227,NA,"cv_r2",NA,NA,NA,NA,NA,"5yr_pic"
"NK","CEBPD","spearman",504,68,NA,0.530385417014307,NA,"cv_r2",NA,NA,NA,NA,NA,"5yr_pic"
"NK","JUND","rf",504,68,0.801500727226377,0.795351093155649,NA,"oob_r2",-0.0335637638914976,0.0196078431372549,TRUE,0.835532482514961,0.844444444444444,"5yr_pic"
"NK","JUND","lm",504,68,NA,0.794538163072475,NA,"cv_r2",NA,NA,NA,NA,NA,"5yr_pic"
"NK","JUND","ridge",504,68,NA,0.80243652127618,NA,"cv_r2",NA,NA,NA,NA,NA,"5yr_pic"
"NK","JUND","spearman",504,68,NA,0.423514265853719,NA,"cv_r2",NA,NA,NA,NA,NA,"5yr_pic"
"NK","BPTF","rf",504,68,0.794312972667441,0.794427716515122,NA,"oob_r2",-0.036683898410502,0.0196078431372549,TRUE,0.88202805240634,0.82962962962963,"5yr_pic"
"NK","BPTF","lm",504,68,NA,0.741856545617347,NA,"cv_r2",NA,NA,NA,NA,NA,"5yr_pic"
"NK","BPTF","ridge",504,68,NA,0.748243689372474,NA,"cv_r2",NA,NA,NA,NA,NA,"5yr_pic"
"NK","BPTF","spearman",504,68,NA,0.535496739260907,NA,"cv_r2",NA,NA,NA,NA,NA,"5yr_pic"
"NK","RORA","rf",504,68,0.838173153920342,0.833884023512638,NA,"oob_r2",-0.0155605395023495,0.0196078431372549,TRUE,0.883688123746145,0.702645502645503,"5yr_pic"
"NK","RORA","lm",504,68,NA,0.810717968058605,NA,"cv_r2",NA,NA,NA,NA,NA,"5yr_pic"
"NK","RORA","ridge",504,68,NA,0.821989631646105,NA,"cv_r2",NA,NA,NA,NA,NA,"5yr_pic"
"NK","RORA","spearman",504,68,NA,0.457701942586572,NA,"cv_r2",NA,NA,NA,NA,NA,"5yr_pic"
"NK","IKZF2","rf",504,68,0.861096796221341,0.860211834718262,NA,"oob_r2",-0.0372084095407105,0.0196078431372549,TRUE,0.896854177535171,0.874074074074074,"5yr_pic"
"NK","IKZF2","lm",504,68,NA,0.846450436179389,NA,"cv_r2",NA,NA,NA,NA,NA,"5yr_pic"
"NK","IKZF2","ridge",504,68,NA,0.85208350563016,NA,"cv_r2",NA,NA,NA,NA,NA,"5yr_pic"
"NK","IKZF2","spearman",504,68,NA,0.624988542619834,NA,"cv_r2",NA,NA,NA,NA,NA,"5yr_pic"
"NK","RBPJ","rf",504,68,0.840016869026808,0.833140622868255,NA,"oob_r2",-0.0410720613147759,0.0196078431372549,TRUE,0.88537449156604,0.811640211640212,"5yr_pic"
"NK","RBPJ","lm",504,68,NA,0.827386594558832,NA,"cv_r2",NA,NA,NA,NA,NA,"5yr_pic"
"NK","RBPJ","ridge",504,68,NA,0.83472048869781,NA,"cv_r2",NA,NA,NA,NA,NA,"5yr_pic"
"NK","RBPJ","spearman",504,68,NA,0.607227532662052,NA,"cv_r2",NA,NA,NA,NA,NA,"5yr_pic"
"NK","FOS","rf",504,68,0.837181038390889,0.835233787438866,NA,"oob_r2",-0.034567894020762,0.0196078431372549,TRUE,0.861361563877119,0.73015873015873,"5yr_pic"
"NK","FOS","lm",504,68,NA,0.838838210530626,NA,"cv_r2",NA,NA,NA,NA,NA,"5yr_pic"
"NK","FOS","ridge",504,68,NA,0.841075943634916,NA,"cv_r2",NA,NA,NA,NA,NA,"5yr_pic"
"NK","FOS","spearman",504,68,NA,0.451570774485217,NA,"cv_r2",NA,NA,NA,NA,NA,"5yr_pic"
"NK","NR4A2","rf",504,68,0.835060417635875,0.83168798075898,NA,"oob_r2",-0.0373806239346996,0.0196078431372549,TRUE,0.860619324519771,0.704761904761905,"5yr_pic"
"NK","NR4A2","lm",504,68,NA,0.819679433439037,NA,"cv_r2",NA,NA,NA,NA,NA,"5yr_pic"
"NK","NR4A2","ridge",504,68,NA,0.826021086834958,NA,"cv_r2",NA,NA,NA,NA,NA,"5yr_pic"
"NK","NR4A2","spearman",504,68,NA,0.531496891613364,NA,"cv_r2",NA,NA,NA,NA,NA,"5yr_pic"
"NK","BHLHE40","rf",504,68,0.822870503163718,0.819616401940319,NA,"oob_r2",-0.050814567438555,0.0196078431372549,TRUE,0.803208170570846,0.933333333333333,"5yr_pic"
"NK","BHLHE40","lm",504,68,NA,0.803025145440228,NA,"cv_r2",NA,NA,NA,NA,NA,"5yr_pic"
"NK","BHLHE40","ridge",504,68,NA,0.814917586264671,NA,"cv_r2",NA,NA,NA,NA,NA,"5yr_pic"
"NK","BHLHE40","spearman",504,68,NA,0.415588084506338,NA,"cv_r2",NA,NA,NA,NA,NA,"5yr_pic"
"NK","ATF5","rf",504,68,0.833790378776727,0.829096105171363,NA,"oob_r2",-0.0292398458664702,0.0196078431372549,TRUE,0.872180444749823,0.8,"5yr_pic"
"NK","ATF5","lm",504,68,NA,0.80678417914811,NA,"cv_r2",NA,NA,NA,NA,NA,"5yr_pic"
"NK","ATF5","ridge",504,68,NA,0.814832435388921,NA,"cv_r2",NA,NA,NA,NA,NA,"5yr_pic"
"NK","ATF5","spearman",504,68,NA,0.424289922541941,NA,"cv_r2",NA,NA,NA,NA,NA,"5yr_pic"
"NK","BCL11B","rf",504,68,0.854733835393053,0.853544447132854,NA,"oob_r2",-0.040227205499571,0.0196078431372549,TRUE,0.875878917433294,0.755555555555556,"5yr_pic"
"NK","BCL11B","lm",504,68,NA,0.871102075827227,NA,"cv_r2",NA,NA,NA,NA,NA,"5yr_pic"
"NK","BCL11B","ridge",504,68,NA,0.872529036800402,NA,"cv_r2",NA,NA,NA,NA,NA,"5yr_pic"
"NK","BCL11B","spearman",504,68,NA,0.570384527019192,NA,"cv_r2",NA,NA,NA,NA,NA,"5yr_pic"
"NK","ZBTB16","rf",504,68,0.881424365645576,0.881086880625554,NA,"oob_r2",-0.0348300553047018,0.0196078431372549,TRUE,0.887609692373597,0.868783068783069,"5yr_pic"
"NK","ZBTB16","lm",504,68,NA,0.875330474143261,NA,"cv_r2",NA,NA,NA,NA,NA,"5yr_pic"
"NK","ZBTB16","ridge",504,68,NA,0.877072074431582,NA,"cv_r2",NA,NA,NA,NA,NA,"5yr_pic"
"NK","ZBTB16","spearman",504,68,NA,0.655650836684488,NA,"cv_r2",NA,NA,NA,NA,NA,"5yr_pic"
"NK","NFAT5","rf",504,68,0.854483551373112,0.848628515609262,NA,"oob_r2",-0.024368272949934,0.0196078431372549,TRUE,0.901697819512836,0.734391534391534,"5yr_pic"
"NK","NFAT5","lm",504,68,NA,0.828256027166811,NA,"cv_r2",NA,NA,NA,NA,NA,"5yr_pic"
"NK","NFAT5","ridge",504,68,NA,0.826191860906694,NA,"cv_r2",NA,NA,NA,NA,NA,"5yr_pic"
"NK","NFAT5","spearman",504,68,NA,0.576428431981386,NA,"cv_r2",NA,NA,NA,NA,NA,"5yr_pic"
"NK","CHD2","rf",504,68,0.815279884197318,0.812103337763986,NA,"oob_r2",-0.0412272661674868,0.0196078431372549,TRUE,0.861174095422292,0.874074074074074,"5yr_pic"
"NK","CHD2","lm",504,68,NA,0.809721304196079,NA,"cv_r2",NA,NA,NA,NA,NA,"5yr_pic"
"NK","CHD2","ridge",504,68,NA,0.818997225037011,NA,"cv_r2",NA,NA,NA,NA,NA,"5yr_pic"
"NK","CHD2","spearman",504,68,NA,0.481238101101659,NA,"cv_r2",NA,NA,NA,NA,NA,"5yr_pic"
"NK","JUNB","rf",504,68,0.834851348619535,0.820468975134046,NA,"oob_r2",-0.0400591344201034,0.0196078431372549,TRUE,0.861944327806831,0.757671957671958,"5yr_pic"
"NK","JUNB","lm",504,68,NA,0.824946194808306,NA,"cv_r2",NA,NA,NA,NA,NA,"5yr_pic"
"NK","JUNB","ridge",504,68,NA,0.831989268282267,NA,"cv_r2",NA,NA,NA,NA,NA,"5yr_pic"
"NK","JUNB","spearman",504,68,NA,0.50939331664009,NA,"cv_r2",NA,NA,NA,NA,NA,"5yr_pic"
"NK","THRA","rf",504,68,0.837011389079908,0.832898633086792,NA,"oob_r2",-0.0151774366931194,0.0196078431372549,TRUE,0.878191311134014,0.933333333333333,"5yr_pic"
"NK","THRA","lm",504,68,NA,0.838669143020454,NA,"cv_r2",NA,NA,NA,NA,NA,"5yr_pic"
"NK","THRA","ridge",504,68,NA,0.846490116161132,NA,"cv_r2",NA,NA,NA,NA,NA,"5yr_pic"
"NK","THRA","spearman",504,68,NA,0.521393850454352,NA,"cv_r2",NA,NA,NA,NA,NA,"5yr_pic"
"NK","HIF1A","rf",504,68,0.847613512433857,0.840432783503048,NA,"oob_r2",-0.0393175209560467,0.0196078431372549,TRUE,0.861390405177862,0.755555555555556,"5yr_pic"
"NK","HIF1A","lm",504,68,NA,0.839381287345972,NA,"cv_r2",NA,NA,NA,NA,NA,"5yr_pic"
"NK","HIF1A","ridge",504,68,NA,0.848190182950788,NA,"cv_r2",NA,NA,NA,NA,NA,"5yr_pic"
"NK","HIF1A","spearman",504,68,NA,0.530338996830963,NA,"cv_r2",NA,NA,NA,NA,NA,"5yr_pic"
"NK","ZKSCAN1","rf",504,68,0.865572773612132,0.862975744520269,NA,"oob_r2",-0.0324794579611335,0.0196078431372549,TRUE,0.907560238025558,0.717460317460317,"5yr_pic"
"NK","ZKSCAN1","lm",504,68,NA,0.838187879583592,NA,"cv_r2",NA,NA,NA,NA,NA,"5yr_pic"
"NK","ZKSCAN1","ridge",504,68,NA,0.83963592968695,NA,"cv_r2",NA,NA,NA,NA,NA,"5yr_pic"
"NK","ZKSCAN1","spearman",504,68,NA,0.5994724390311,NA,"cv_r2",NA,NA,NA,NA,NA,"5yr_pic"
"NK","ZFHX3","rf",504,68,0.901661615116426,0.89248217335849,NA,"oob_r2",-0.0366539575405998,0.0196078431372549,TRUE,0.875135829802395,0.755555555555556,"5yr_pic"
"NK","ZFHX3","lm",504,68,NA,0.892279749500526,NA,"cv_r2",NA,NA,NA,NA,NA,"5yr_pic"
"NK","ZFHX3","ridge",504,68,NA,0.89620847424672,NA,"cv_r2",NA,NA,NA,NA,NA,"5yr_pic"
"NK","ZFHX3","spearman",504,68,NA,0.600706233724561,NA,"cv_r2",NA,NA,NA,NA,NA,"5yr_pic"
"NK","SP100","rf",504,68,0.868744354501803,0.865953411629965,NA,"oob_r2",-0.0341001183391754,0.0196078431372549,TRUE,0.873561434091266,0.8,"5yr_pic"
"NK","SP100","lm",504,68,NA,0.855976952167798,NA,"cv_r2",NA,NA,NA,NA,NA,"5yr_pic"
"NK","SP100","ridge",504,68,NA,0.858036648827931,NA,"cv_r2",NA,NA,NA,NA,NA,"5yr_pic"
"NK","SP100","spearman",504,68,NA,0.596962262249005,NA,"cv_r2",NA,NA,NA,NA,NA,"5yr_pic"
"NK","NFATC2","rf",504,68,0.837467263261717,0.834344501466165,NA,"oob_r2",-0.028786763323451,0.0196078431372549,TRUE,0.846682190072655,0.82962962962963,"5yr_pic"
"NK","NFATC2","lm",504,68,NA,0.835527664670889,NA,"cv_r2",NA,NA,NA,NA,NA,"5yr_pic"
"NK","NFATC2","ridge",504,68,NA,0.839484112387913,NA,"cv_r2",NA,NA,NA,NA,NA,"5yr_pic"
"NK","NFATC2","spearman",504,68,NA,0.512453953734552,NA,"cv_r2",NA,NA,NA,NA,NA,"5yr_pic"
"NK","EPAS1","rf",504,68,0.882176140135032,0.8766663749164,NA,"oob_r2",-0.0260548501327109,0.0196078431372549,TRUE,0.891331916716503,0.733333333333333,"5yr_pic"
"NK","EPAS1","lm",504,68,NA,0.86215611836932,NA,"cv_r2",NA,NA,NA,NA,NA,"5yr_pic"
"NK","EPAS1","ridge",504,68,NA,0.859157205189261,NA,"cv_r2",NA,NA,NA,NA,NA,"5yr_pic"
"NK","EPAS1","spearman",504,68,NA,0.587231074509519,NA,"cv_r2",NA,NA,NA,NA,NA,"5yr_pic"
"NK","PPARA","rf",504,68,0.852909687579936,0.84493229603073,NA,"oob_r2",-0.0254790539655872,0.0196078431372549,TRUE,0.898102836202618,0.822222222222222,"5yr_pic"
"NK","PPARA","lm",504,68,NA,0.829900009673469,NA,"cv_r2",NA,NA,NA,NA,NA,"5yr_pic"
"NK","PPARA","ridge",504,68,NA,0.832939172054122,NA,"cv_r2",NA,NA,NA,NA,NA,"5yr_pic"
"NK","PPARA","spearman",504,68,NA,0.505701217685544,NA,"cv_r2",NA,NA,NA,NA,NA,"5yr_pic"
"NK","CEBPB","rf",504,68,0.835230154375221,0.834160957878202,NA,"oob_r2",-0.044189471913437,0.0196078431372549,TRUE,0.856632438828873,0.82962962962963,"5yr_pic"
"NK","CEBPB","lm",504,68,NA,0.849659995337973,NA,"cv_r2",NA,NA,NA,NA,NA,"5yr_pic"
"NK","CEBPB","ridge",504,68,NA,0.854937688293884,NA,"cv_r2",NA,NA,NA,NA,NA,"5yr_pic"
"NK","CEBPB","spearman",504,68,NA,0.505629066170284,NA,"cv_r2",NA,NA,NA,NA,NA,"5yr_pic"
"NK","NFKB2","rf",504,68,0.860932212041682,0.85226762791825,NA,"oob_r2",-0.0446024554442577,0.0196078431372549,TRUE,0.901192248476289,0.881481481481481,"5yr_pic"
"NK","NFKB2","lm",504,68,NA,0.846985101284314,NA,"cv_r2",NA,NA,NA,NA,NA,"5yr_pic"
"NK","NFKB2","ridge",504,68,NA,0.852814393683919,NA,"cv_r2",NA,NA,NA,NA,NA,"5yr_pic"
"NK","NFKB2","spearman",504,68,NA,0.525147741380499,NA,"cv_r2",NA,NA,NA,NA,NA,"5yr_pic"
"NK","VEZF1","rf",504,68,0.880578687261434,0.876576981723054,NA,"oob_r2",-0.047930970730835,0.0196078431372549,TRUE,0.909459522506818,0.933333333333333,"5yr_pic"
"NK","VEZF1","lm",504,68,NA,0.879377634584274,NA,"cv_r2",NA,NA,NA,NA,NA,"5yr_pic"
"NK","VEZF1","ridge",504,68,NA,0.880436884291668,NA,"cv_r2",NA,NA,NA,NA,NA,"5yr_pic"
"NK","VEZF1","spearman",504,68,NA,0.580836277893906,NA,"cv_r2",NA,NA,NA,NA,NA,"5yr_pic"
"NK","IKZF3","rf",504,68,0.887956364946099,0.881440125495264,NA,"oob_r2",-0.0303210351194954,0.0196078431372549,TRUE,0.899366763793988,1,"5yr_pic"
"NK","IKZF3","lm",504,68,NA,0.871923150114884,NA,"cv_r2",NA,NA,NA,NA,NA,"5yr_pic"
"NK","IKZF3","ridge",504,68,NA,0.869194872000354,NA,"cv_r2",NA,NA,NA,NA,NA,"5yr_pic"
"NK","IKZF3","spearman",504,68,NA,0.564877650209769,NA,"cv_r2",NA,NA,NA,NA,NA,"5yr_pic"
"NK","ETS1","rf",504,68,0.875003116839635,0.875226291594314,NA,"oob_r2",-0.0453886578531301,0.0196078431372549,TRUE,0.885911448723984,0.656084656084656,"5yr_pic"
"NK","ETS1","lm",504,68,NA,0.868967337893948,NA,"cv_r2",NA,NA,NA,NA,NA,"5yr_pic"
"NK","ETS1","ridge",504,68,NA,0.87054355038862,NA,"cv_r2",NA,NA,NA,NA,NA,"5yr_pic"
"NK","ETS1","spearman",504,68,NA,0.542621259046332,NA,"cv_r2",NA,NA,NA,NA,NA,"5yr_pic"
"NK","ZNF683","rf",504,68,0.852178768400181,0.846623764367793,NA,"oob_r2",-0.0338277409300881,0.0196078431372549,TRUE,0.868938343236927,0.933333333333333,"5yr_pic"
"NK","ZNF683","lm",504,68,NA,0.818384111967944,NA,"cv_r2",NA,NA,NA,NA,NA,"5yr_pic"
"NK","ZNF683","ridge",504,68,NA,0.823249349435992,NA,"cv_r2",NA,NA,NA,NA,NA,"5yr_pic"
"NK","ZNF683","spearman",504,68,NA,0.528783736821576,NA,"cv_r2",NA,NA,NA,NA,NA,"5yr_pic"
"NK","NHLH1","rf",504,68,0.900143053554495,0.896913993517399,NA,"oob_r2",-0.0320840339047484,0.0196078431372549,TRUE,0.87483554096525,0.785185185185185,"5yr_pic"
"NK","NHLH1","lm",504,68,NA,0.894882537506958,NA,"cv_r2",NA,NA,NA,NA,NA,"5yr_pic"
"NK","NHLH1","ridge",504,68,NA,0.897023484585687,NA,"cv_r2",NA,NA,NA,NA,NA,"5yr_pic"
"NK","NHLH1","spearman",504,68,NA,0.586386508841392,NA,"cv_r2",NA,NA,NA,NA,NA,"5yr_pic"
"NK","TGIF1","rf",504,68,0.904072215572364,0.90675501552298,NA,"oob_r2",-0.0367077682195295,0.0196078431372549,TRUE,0.916831867940773,0.82962962962963,"5yr_pic"
"NK","TGIF1","lm",504,68,NA,0.89049089796536,NA,"cv_r2",NA,NA,NA,NA,NA,"5yr_pic"
"NK","TGIF1","ridge",504,68,NA,0.885043383001834,NA,"cv_r2",NA,NA,NA,NA,NA,"5yr_pic"
"NK","TGIF1","spearman",504,68,NA,0.618803316630054,NA,"cv_r2",NA,NA,NA,NA,NA,"5yr_pic"
"NK","EOMES","rf",504,68,0.88181503446449,0.878584032346574,NA,"oob_r2",-0.0430896723821273,0.0196078431372549,TRUE,0.839609285202292,0.758730158730159,"5yr_pic"
"NK","EOMES","lm",504,68,NA,0.885558311501532,NA,"cv_r2",NA,NA,NA,NA,NA,"5yr_pic"
"NK","EOMES","ridge",504,68,NA,0.88617229708845,NA,"cv_r2",NA,NA,NA,NA,NA,"5yr_pic"
"NK","EOMES","spearman",504,68,NA,0.608218495297857,NA,"cv_r2",NA,NA,NA,NA,NA,"5yr_pic"
"NK","NRL","rf",504,68,0.901438965428226,0.894338283994059,NA,"oob_r2",-0.0466926043690342,0.0196078431372549,TRUE,0.875095112671934,0.82962962962963,"5yr_pic"
"NK","NRL","lm",504,68,NA,0.880194286869703,NA,"cv_r2",NA,NA,NA,NA,NA,"5yr_pic"
"NK","NRL","ridge",504,68,NA,0.872635108494889,NA,"cv_r2",NA,NA,NA,NA,NA,"5yr_pic"
"NK","NRL","spearman",504,68,NA,0.630164585788187,NA,"cv_r2",NA,NA,NA,NA,NA,"5yr_pic"
"NK","XBP1","rf",504,68,0.839740934350901,0.834944975277003,NA,"oob_r2",-0.0414539616025555,0.0196078431372549,TRUE,0.885323595152965,0.844444444444444,"5yr_pic"
"NK","XBP1","lm",504,68,NA,0.825135774557072,NA,"cv_r2",NA,NA,NA,NA,NA,"5yr_pic"
"NK","XBP1","ridge",504,68,NA,0.835136887818462,NA,"cv_r2",NA,NA,NA,NA,NA,"5yr_pic"
"NK","XBP1","spearman",504,68,NA,0.481473136372792,NA,"cv_r2",NA,NA,NA,NA,NA,"5yr_pic"
"NK","IRF4","rf",504,68,0.856823085758529,0.852922941118379,NA,"oob_r2",-0.0195049236852278,0.0196078431372549,TRUE,0.86512111225628,0.77037037037037,"5yr_pic"
"NK","IRF4","lm",504,68,NA,0.852497094653168,NA,"cv_r2",NA,NA,NA,NA,NA,"5yr_pic"
"NK","IRF4","ridge",504,68,NA,0.857865936967639,NA,"cv_r2",NA,NA,NA,NA,NA,"5yr_pic"
"NK","IRF4","spearman",504,68,NA,0.497711445478457,NA,"cv_r2",NA,NA,NA,NA,NA,"5yr_pic"
"NK","HOXB2","rf",504,68,0.871956361303326,0.871710714792605,NA,"oob_r2",-0.0282782537582136,0.0196078431372549,TRUE,0.878897074728658,0.816931216931217,"5yr_pic"
"NK","HOXB2","lm",504,68,NA,0.836109589722921,NA,"cv_r2",NA,NA,NA,NA,NA,"5yr_pic"
"NK","HOXB2","ridge",504,68,NA,0.838205708327739,NA,"cv_r2",NA,NA,NA,NA,NA,"5yr_pic"
"NK","HOXB2","spearman",504,68,NA,0.633092532151522,NA,"cv_r2",NA,NA,NA,NA,NA,"5yr_pic"
"NK","SMAD3","rf",504,68,0.881523496651245,0.881313682401523,NA,"oob_r2",-0.0437947972538849,0.0196078431372549,TRUE,0.891644081383364,0.785185185185185,"5yr_pic"
"NK","SMAD3","lm",504,68,NA,0.876044379077957,NA,"cv_r2",NA,NA,NA,NA,NA,"5yr_pic"
"NK","SMAD3","ridge",504,68,NA,0.878562156519608,NA,"cv_r2",NA,NA,NA,NA,NA,"5yr_pic"
"NK","SMAD3","spearman",504,68,NA,0.654163450048475,NA,"cv_r2",NA,NA,NA,NA,NA,"5yr_pic"
"NK","MAF","rf",504,68,0.892608107575468,0.884777123830125,NA,"oob_r2",-0.0325164603248835,0.0196078431372549,TRUE,0.887826850402718,1,"5yr_pic"
"NK","MAF","lm",504,68,NA,0.87826046526192,NA,"cv_r2",NA,NA,NA,NA,NA,"5yr_pic"
"NK","MAF","ridge",504,68,NA,0.875643346581538,NA,"cv_r2",NA,NA,NA,NA,NA,"5yr_pic"
"NK","MAF","spearman",504,68,NA,0.548063220151819,NA,"cv_r2",NA,NA,NA,NA,NA,"5yr_pic"
"NK","ESR1","rf",504,68,0.88512566273504,0.877188532516015,NA,"oob_r2",-0.0367071544841674,0.0196078431372549,TRUE,0.881473281503819,1,"5yr_pic"
"NK","ESR1","lm",504,68,NA,0.88022338011859,NA,"cv_r2",NA,NA,NA,NA,NA,"5yr_pic"
"NK","ESR1","ridge",504,68,NA,0.882305576826468,NA,"cv_r2",NA,NA,NA,NA,NA,"5yr_pic"
"NK","ESR1","spearman",504,68,NA,0.497793769737564,NA,"cv_r2",NA,NA,NA,NA,NA,"5yr_pic"
"NK","SMAD2","rf",504,68,0.877102469066452,0.878532794571752,NA,"oob_r2",-0.0293669314388164,0.0196078431372549,TRUE,0.8879837810097,0.740740740740741,"5yr_pic"
"NK","SMAD2","lm",504,68,NA,0.87480069910276,NA,"cv_r2",NA,NA,NA,NA,NA,"5yr_pic"
"NK","SMAD2","ridge",504,68,NA,0.875319855400494,NA,"cv_r2",NA,NA,NA,NA,NA,"5yr_pic"
"NK","SMAD2","spearman",504,68,NA,0.570340873673338,NA,"cv_r2",NA,NA,NA,NA,NA,"5yr_pic"
"NK","NF1","rf",504,68,0.888028360270446,0.877800782114651,NA,"oob_r2",-0.0408499372971882,0.0196078431372549,TRUE,0.896178103514821,0.661375661375661,"5yr_pic"
"NK","NF1","lm",504,68,NA,0.861912956128067,NA,"cv_r2",NA,NA,NA,NA,NA,"5yr_pic"
"NK","NF1","ridge",504,68,NA,0.864502034539882,NA,"cv_r2",NA,NA,NA,NA,NA,"5yr_pic"
"NK","NF1","spearman",504,68,NA,0.618155299724304,NA,"cv_r2",NA,NA,NA,NA,NA,"5yr_pic"
"NK","JUN","rf",504,68,0.860410810669855,0.857612132398077,NA,"oob_r2",-0.0335315925911178,0.0196078431372549,TRUE,0.887484147888011,0.82962962962963,"5yr_pic"
"NK","JUN","lm",504,68,NA,0.857082665983536,NA,"cv_r2",NA,NA,NA,NA,NA,"5yr_pic"
"NK","JUN","ridge",504,68,NA,0.855385915748097,NA,"cv_r2",NA,NA,NA,NA,NA,"5yr_pic"
"NK","JUN","spearman",504,68,NA,0.566505506989705,NA,"cv_r2",NA,NA,NA,NA,NA,"5yr_pic"
"NK","NFIA","rf",504,68,0.913191999822025,0.910637929545915,NA,"oob_r2",-0.0314425179888297,0.0196078431372549,TRUE,0.906199607249346,0.874074074074074,"5yr_pic"
"NK","NFIA","lm",504,68,NA,0.901510266842346,NA,"cv_r2",NA,NA,NA,NA,NA,"5yr_pic"
"NK","NFIA","ridge",504,68,NA,0.898380496630545,NA,"cv_r2",NA,NA,NA,NA,NA,"5yr_pic"
"NK","NFIA","spearman",504,68,NA,0.655853716969902,NA,"cv_r2",NA,NA,NA,NA,NA,"5yr_pic"
"NK","KLF15","rf",504,68,0.913100856201643,0.906569198328607,NA,"oob_r2",-0.0291223073380075,0.0196078431372549,TRUE,0.867521726406331,0.755555555555556,"5yr_pic"
"NK","KLF15","lm",504,68,NA,0.88233734978647,NA,"cv_r2",NA,NA,NA,NA,NA,"5yr_pic"
"NK","KLF15","ridge",504,68,NA,0.877143542630199,NA,"cv_r2",NA,NA,NA,NA,NA,"5yr_pic"
"NK","KLF15","spearman",504,68,NA,0.585508265519688,NA,"cv_r2",NA,NA,NA,NA,NA,"5yr_pic"
"NK","BDP1","rf",504,68,0.921134377056472,0.919015359734794,NA,"oob_r2",-0.0240696693106094,0.0196078431372549,TRUE,0.898608407239166,0.598941798941799,"5yr_pic"
"NK","BDP1","lm",504,68,NA,0.914878179384456,NA,"cv_r2",NA,NA,NA,NA,NA,"5yr_pic"
"NK","BDP1","ridge",504,68,NA,0.910332681455204,NA,"cv_r2",NA,NA,NA,NA,NA,"5yr_pic"
"NK","BDP1","spearman",504,68,NA,0.663716381179955,NA,"cv_r2",NA,NA,NA,NA,NA,"5yr_pic"
"NK","EGR3","rf",504,68,0.894915779803161,0.89027562053762,NA,"oob_r2",-0.0336328338886288,0.0196078431372549,TRUE,0.903810020655461,0.733333333333333,"5yr_pic"
"NK","EGR3","lm",504,68,NA,0.873895576280745,NA,"cv_r2",NA,NA,NA,NA,NA,"5yr_pic"
"NK","EGR3","ridge",504,68,NA,0.873669165943376,NA,"cv_r2",NA,NA,NA,NA,NA,"5yr_pic"
"NK","EGR3","spearman",504,68,NA,0.542832255685902,NA,"cv_r2",NA,NA,NA,NA,NA,"5yr_pic"
"NK","ZNF148","rf",504,68,0.89859918195309,0.89830264120439,NA,"oob_r2",-0.0336804543749835,0.0196078431372549,TRUE,0.900981028362026,0.755555555555556,"5yr_pic"
"NK","ZNF148","lm",504,68,NA,0.896340289804653,NA,"cv_r2",NA,NA,NA,NA,NA,"5yr_pic"
"NK","ZNF148","ridge",504,68,NA,0.897523279149587,NA,"cv_r2",NA,NA,NA,NA,NA,"5yr_pic"
"NK","ZNF148","spearman",504,68,NA,0.596942307929321,NA,"cv_r2",NA,NA,NA,NA,NA,"5yr_pic"
"NK","TP53","rf",504,68,0.932367877457514,0.932792623170001,NA,"oob_r2",-0.0278160210890444,0.0196078431372549,TRUE,0.879260135808595,0.661375661375661,"5yr_pic"
"NK","TP53","lm",504,68,NA,0.919412660640355,NA,"cv_r2",NA,NA,NA,NA,NA,"5yr_pic"
"NK","TP53","ridge",504,68,NA,0.911814939028967,NA,"cv_r2",NA,NA,NA,NA,NA,"5yr_pic"
"NK","TP53","spearman",504,68,NA,0.670633115262008,NA,"cv_r2",NA,NA,NA,NA,NA,"5yr_pic"
"NK","BCLAF1","rf",504,68,0.902949225351983,0.892883496304069,NA,"oob_r2",-0.0275502178993304,0.0196078431372549,TRUE,0.892618747693756,0.755555555555556,"5yr_pic"
"NK","BCLAF1","lm",504,68,NA,0.870422108763344,NA,"cv_r2",NA,NA,NA,NA,NA,"5yr_pic"
"NK","BCLAF1","ridge",504,68,NA,0.866500395039591,NA,"cv_r2",NA,NA,NA,NA,NA,"5yr_pic"
"NK","BCLAF1","spearman",504,68,NA,0.606055542195785,NA,"cv_r2",NA,NA,NA,NA,NA,"5yr_pic"
"NK","REST","rf",504,68,0.921976958306517,0.916256666046916,NA,"oob_r2",-0.0282029660151021,0.0196078431372549,TRUE,0.9007604772387,0.77989417989418,"5yr_pic"
"NK","REST","lm",504,68,NA,0.905683427996272,NA,"cv_r2",NA,NA,NA,NA,NA,"5yr_pic"
"NK","REST","ridge",504,68,NA,0.901633295807433,NA,"cv_r2",NA,NA,NA,NA,NA,"5yr_pic"
"NK","REST","spearman",504,68,NA,0.670211316019525,NA,"cv_r2",NA,NA,NA,NA,NA,"5yr_pic"
"NK","USF2","rf",504,68,0.905181366692383,0.900401907888869,NA,"oob_r2",-0.0301229853383247,0.0196078431372549,TRUE,0.874422431745789,0.785185185185185,"5yr_pic"
"NK","USF2","lm",504,68,NA,0.894051523300156,NA,"cv_r2",NA,NA,NA,NA,NA,"5yr_pic"
"NK","USF2","ridge",504,68,NA,0.889774761026987,NA,"cv_r2",NA,NA,NA,NA,NA,"5yr_pic"
"NK","USF2","spearman",504,68,NA,0.590335604227616,NA,"cv_r2",NA,NA,NA,NA,NA,"5yr_pic"
"NK","ETV7","rf",504,68,0.90495157680874,0.899684939747208,NA,"oob_r2",-0.0211957001237564,0.0196078431372549,TRUE,0.882680374767255,0.82962962962963,"5yr_pic"
"NK","ETV7","lm",504,68,NA,0.888001795785614,NA,"cv_r2",NA,NA,NA,NA,NA,"5yr_pic"
"NK","ETV7","ridge",504,68,NA,0.887037807180307,NA,"cv_r2",NA,NA,NA,NA,NA,"5yr_pic"
"NK","ETV7","spearman",504,68,NA,0.585384280138235,NA,"cv_r2",NA,NA,NA,NA,NA,"5yr_pic"
"NK","IRF3","rf",504,68,0.9139258791544,0.913247927328765,NA,"oob_r2",-0.0352841936944622,0.0196078431372549,TRUE,0.87408481887239,0.874074074074074,"5yr_pic"
"NK","IRF3","lm",504,68,NA,0.909435672877348,NA,"cv_r2",NA,NA,NA,NA,NA,"5yr_pic"
"NK","IRF3","ridge",504,68,NA,0.907376001203645,NA,"cv_r2",NA,NA,NA,NA,NA,"5yr_pic"
"NK","IRF3","spearman",504,68,NA,0.601812681624013,NA,"cv_r2",NA,NA,NA,NA,NA,"5yr_pic"
"NK","NFKB1","rf",504,68,0.920711499797019,0.91355400251197,NA,"oob_r2",-0.0319122401718234,0.0196078431372549,TRUE,0.914534743163975,0.762962962962963,"5yr_pic"
"NK","NFKB1","lm",504,68,NA,0.900799274882836,NA,"cv_r2",NA,NA,NA,NA,NA,"5yr_pic"
"NK","NFKB1","ridge",504,68,NA,0.900642391679738,NA,"cv_r2",NA,NA,NA,NA,NA,"5yr_pic"
"NK","NFKB1","spearman",504,68,NA,0.686574215817583,NA,"cv_r2",NA,NA,NA,NA,NA,"5yr_pic"
"NK","KLF9","rf",504,68,0.930056962044677,0.92769104615952,NA,"oob_r2",-0.0427491689876168,0.0196078431372549,TRUE,0.867523422953434,0.686772486772487,"5yr_pic"
"NK","KLF9","lm",504,68,NA,0.920659064611812,NA,"cv_r2",NA,NA,NA,NA,NA,"5yr_pic"
"NK","KLF9","ridge",504,68,NA,0.916052152875967,NA,"cv_r2",NA,NA,NA,NA,NA,"5yr_pic"
"NK","KLF9","spearman",504,68,NA,0.566927158965474,NA,"cv_r2",NA,NA,NA,NA,NA,"5yr_pic"
"NK","TBX21","rf",504,68,0.897182473068644,0.893762522045597,NA,"oob_r2",-0.0324828889515201,0.0196078431372549,TRUE,0.884481259516569,0.933333333333333,"5yr_pic"
"NK","TBX21","lm",504,68,NA,0.873282545698518,NA,"cv_r2",NA,NA,NA,NA,NA,"5yr_pic"
"NK","TBX21","ridge",504,68,NA,0.875127991703085,NA,"cv_r2",NA,NA,NA,NA,NA,"5yr_pic"
"NK","TBX21","spearman",504,68,NA,0.606747136906369,NA,"cv_r2",NA,NA,NA,NA,NA,"5yr_pic"
"NK","MEF2C","rf",504,68,0.933835540293736,0.930251432450158,NA,"oob_r2",-0.0348837166581864,0.0196078431372549,TRUE,0.886748694719073,0.712169312169312,"5yr_pic"
"NK","MEF2C","lm",504,68,NA,0.927706818668001,NA,"cv_r2",NA,NA,NA,NA,NA,"5yr_pic"
"NK","MEF2C","ridge",504,68,NA,0.926866915414448,NA,"cv_r2",NA,NA,NA,NA,NA,"5yr_pic"
"NK","MEF2C","spearman",504,68,NA,0.702759292877339,NA,"cv_r2",NA,NA,NA,NA,NA,"5yr_pic"
"NK","FOXP1","rf",504,68,0.93914588113038,0.934435886287247,NA,"oob_r2",-0.036758613216379,0.0196078431372549,TRUE,0.90389060664283,0.632804232804233,"5yr_pic"
"NK","FOXP1","lm",504,68,NA,0.931667071133339,NA,"cv_r2",NA,NA,NA,NA,NA,"5yr_pic"
"NK","FOXP1","ridge",504,68,NA,0.928059070560939,NA,"cv_r2",NA,NA,NA,NA,NA,"5yr_pic"
"NK","FOXP1","spearman",504,68,NA,0.693325313239442,NA,"cv_r2",NA,NA,NA,NA,NA,"5yr_pic"
"NK","KLF3","rf",504,68,0.924491895406927,0.92073653028499,NA,"oob_r2",-0.021509798714658,0.0196078431372549,TRUE,0.919270654400631,0.755555555555556,"5yr_pic"
"NK","KLF3","lm",504,68,NA,0.915521787656659,NA,"cv_r2",NA,NA,NA,NA,NA,"5yr_pic"
"NK","KLF3","ridge",504,68,NA,0.915860359798462,NA,"cv_r2",NA,NA,NA,NA,NA,"5yr_pic"
"NK","KLF3","spearman",504,68,NA,0.660823196752401,NA,"cv_r2",NA,NA,NA,NA,NA,"5yr_pic"
"NK","TCF7L2","rf",504,68,0.93314865892607,0.93066315792062,NA,"oob_r2",-0.0274440837509766,0.0196078431372549,TRUE,0.889645548896608,0.729100529100529,"5yr_pic"
"NK","TCF7L2","lm",504,68,NA,0.930681359470015,NA,"cv_r2",NA,NA,NA,NA,NA,"5yr_pic"
"NK","TCF7L2","ridge",504,68,NA,0.925089176779796,NA,"cv_r2",NA,NA,NA,NA,NA,"5yr_pic"
"NK","TCF7L2","spearman",504,68,NA,0.652032977068294,NA,"cv_r2",NA,NA,NA,NA,NA,"5yr_pic"
"NK","ZBTB7A","rf",504,68,0.932078183938012,0.926413515246375,NA,"oob_r2",-0.0328304890212699,0.0196078431372549,TRUE,0.897063701102331,0.933333333333333,"5yr_pic"
"NK","ZBTB7A","lm",504,68,NA,0.921616953799167,NA,"cv_r2",NA,NA,NA,NA,NA,"5yr_pic"
"NK","ZBTB7A","ridge",504,68,NA,0.915372249855548,NA,"cv_r2",NA,NA,NA,NA,NA,"5yr_pic"
"NK","ZBTB7A","spearman",504,68,NA,0.673725469846879,NA,"cv_r2",NA,NA,NA,NA,NA,"5yr_pic"
"NK","HES4","rf",504,68,0.906576165137351,0.906019115742201,NA,"oob_r2",-0.0372483711124457,0.0196078431372549,TRUE,0.916691054531265,0.764021164021164,"5yr_pic"
"NK","HES4","lm",504,68,NA,0.907573530536575,NA,"cv_r2",NA,NA,NA,NA,NA,"5yr_pic"
"NK","HES4","ridge",504,68,NA,0.90658194942242,NA,"cv_r2",NA,NA,NA,NA,NA,"5yr_pic"
"NK","HES4","spearman",504,68,NA,0.575089321091095,NA,"cv_r2",NA,NA,NA,NA,NA,"5yr_pic"
"NK","GATA3","rf",504,68,0.9374157862153,0.933543006269952,NA,"oob_r2",-0.0251581784289295,0.0196078431372549,TRUE,0.908316898033278,0.716402116402116,"5yr_pic"
"NK","GATA3","lm",504,68,NA,0.929464257585339,NA,"cv_r2",NA,NA,NA,NA,NA,"5yr_pic"
"NK","GATA3","ridge",504,68,NA,0.924062154791607,NA,"cv_r2",NA,NA,NA,NA,NA,"5yr_pic"
"NK","GATA3","spearman",504,68,NA,0.663105273952604,NA,"cv_r2",NA,NA,NA,NA,NA,"5yr_pic"
"NK","FOXN3","rf",504,68,0.943060482042193,0.937220493408267,NA,"oob_r2",-0.0250142391514068,0.0196078431372549,TRUE,0.88292043618226,0.811640211640212,"5yr_pic"
"NK","FOXN3","lm",504,68,NA,0.930801127153778,NA,"cv_r2",NA,NA,NA,NA,NA,"5yr_pic"
"NK","FOXN3","ridge",504,68,NA,0.924574823087812,NA,"cv_r2",NA,NA,NA,NA,NA,"5yr_pic"
"NK","FOXN3","spearman",504,68,NA,0.670214621732073,NA,"cv_r2",NA,NA,NA,NA,NA,"5yr_pic"
"NK","SMC3","rf",504,68,0.942748649410904,0.933906914697618,NA,"oob_r2",-0.041033186721105,0.0196078431372549,TRUE,0.869748444478375,0.656084656084656,"5yr_pic"
"NK","SMC3","lm",504,68,NA,0.917541800168626,NA,"cv_r2",NA,NA,NA,NA,NA,"5yr_pic"
"NK","SMC3","ridge",504,68,NA,0.909352596173474,NA,"cv_r2",NA,NA,NA,NA,NA,"5yr_pic"
"NK","SMC3","spearman",504,68,NA,0.650561175296451,NA,"cv_r2",NA,NA,NA,NA,NA,"5yr_pic"
"NK","IRF8","rf",504,68,0.94668064580281,0.942144085609784,NA,"oob_r2",-0.0355892187277463,0.0196078431372549,TRUE,0.876459136542352,0.718518518518518,"5yr_pic"
"NK","IRF8","lm",504,68,NA,0.940855529751969,NA,"cv_r2",NA,NA,NA,NA,NA,"5yr_pic"
"NK","IRF8","ridge",504,68,NA,0.936467805104224,NA,"cv_r2",NA,NA,NA,NA,NA,"5yr_pic"
"NK","IRF8","spearman",504,68,NA,0.680970510230941,NA,"cv_r2",NA,NA,NA,NA,NA,"5yr_pic"
"NK","ATF3","rf",504,68,0.928088571846855,0.926442852497995,NA,"oob_r2",-0.0267214769743938,0.0196078431372549,TRUE,0.905907801147714,0.785185185185185,"5yr_pic"
"NK","ATF3","lm",504,68,NA,0.924679138262287,NA,"cv_r2",NA,NA,NA,NA,NA,"5yr_pic"
"NK","ATF3","ridge",504,68,NA,0.922343563106514,NA,"cv_r2",NA,NA,NA,NA,NA,"5yr_pic"
"NK","ATF3","spearman",504,68,NA,0.572017907246107,NA,"cv_r2",NA,NA,NA,NA,NA,"5yr_pic"
"NK","STAT2","rf",504,68,0.916500851204465,0.911470508175708,NA,"oob_r2",-0.0393184303693958,0.0196078431372549,TRUE,0.898821323900531,0.734391534391534,"5yr_pic"
"NK","STAT2","lm",504,68,NA,0.873851319534964,NA,"cv_r2",NA,NA,NA,NA,NA,"5yr_pic"
"NK","STAT2","ridge",504,68,NA,0.867773862130653,NA,"cv_r2",NA,NA,NA,NA,NA,"5yr_pic"
"NK","STAT2","spearman",504,68,NA,0.656002014421856,NA,"cv_r2",NA,NA,NA,NA,NA,"5yr_pic"
"NK","IRF9","rf",504,68,0.936780265278602,0.93483805452697,NA,"oob_r2",-0.0206399188650327,0.0196078431372549,TRUE,0.889743948628554,0.733333333333333,"5yr_pic"
"NK","IRF9","lm",504,68,NA,0.91489484166531,NA,"cv_r2",NA,NA,NA,NA,NA,"5yr_pic"
"NK","IRF9","ridge",504,68,NA,0.907235956550217,NA,"cv_r2",NA,NA,NA,NA,NA,"5yr_pic"
"NK","IRF9","spearman",504,68,NA,0.673417464728324,NA,"cv_r2",NA,NA,NA,NA,NA,"5yr_pic"
"NK","IRF7","rf",504,68,0.92739884846706,0.921585164938516,NA,"oob_r2",-0.0472528269494128,0.0196078431372549,TRUE,0.889378342727963,0.762962962962963,"5yr_pic"
"NK","IRF7","lm",504,68,NA,0.896668842303883,NA,"cv_r2",NA,NA,NA,NA,NA,"5yr_pic"
"NK","IRF7","ridge",504,68,NA,0.888465816898014,NA,"cv_r2",NA,NA,NA,NA,NA,"5yr_pic"
"NK","IRF7","spearman",504,68,NA,0.665259803540942,NA,"cv_r2",NA,NA,NA,NA,NA,"5yr_pic"
"NK","STAT1","rf",504,68,0.94600564432249,0.942279786236524,NA,"oob_r2",-0.0313180584170932,0.0196078431372549,TRUE,0.880984675938296,0.844444444444444,"5yr_pic"
"NK","STAT1","lm",504,68,NA,0.92072985565087,NA,"cv_r2",NA,NA,NA,NA,NA,"5yr_pic"
"NK","STAT1","ridge",504,68,NA,0.912324431209547,NA,"cv_r2",NA,NA,NA,NA,NA,"5yr_pic"
"NK","STAT1","spearman",504,68,NA,0.671941159624553,NA,"cv_r2",NA,NA,NA,NA,NA,"5yr_pic"
"Mono","FOXN3","rf",906,144,0.951021671039244,0.949209185884514,NA,"oob_r2",-0.0468491251608268,0.0196078431372549,TRUE,0.905085425430253,0.82962962962963,"5yr_pic"
"Mono","FOXN3","lm",906,144,NA,0.934264642509684,NA,"cv_r2",NA,NA,NA,NA,NA,"5yr_pic"
"Mono","FOXN3","ridge",906,144,NA,0.939651443308884,NA,"cv_r2",NA,NA,NA,NA,NA,"5yr_pic"
"Mono","FOXN3","spearman",906,144,NA,0.706645586357045,NA,"cv_r2",NA,NA,NA,NA,NA,"5yr_pic"
"Mono","KLF6","rf",906,144,0.882292085315088,0.883147418435976,NA,"oob_r2",-0.0446699059153023,0.0196078431372549,TRUE,0.92097553787209,0.6994708994709,"5yr_pic"
"Mono","KLF6","lm",906,144,NA,0.880642092951577,NA,"cv_r2",NA,NA,NA,NA,NA,"5yr_pic"
"Mono","KLF6","ridge",906,144,NA,0.889970986133885,NA,"cv_r2",NA,NA,NA,NA,NA,"5yr_pic"
"Mono","KLF6","spearman",906,144,NA,0.468825918132842,NA,"cv_r2",NA,NA,NA,NA,NA,"5yr_pic"
"Mono","FOXP1","rf",906,144,0.915945256509582,0.90950595039475,NA,"oob_r2",-0.0487867905013197,0.0196078431372549,TRUE,0.927641579365717,0.844444444444444,"5yr_pic"
"Mono","FOXP1","lm",906,144,NA,0.90066015253259,NA,"cv_r2",NA,NA,NA,NA,NA,"5yr_pic"
"Mono","FOXP1","ridge",906,144,NA,0.906822586744617,NA,"cv_r2",NA,NA,NA,NA,NA,"5yr_pic"
"Mono","FOXP1","spearman",906,144,NA,0.557489188269804,NA,"cv_r2",NA,NA,NA,NA,NA,"5yr_pic"
"Mono","RUNX3","rf",906,144,0.910553049038615,0.906377774262438,NA,"oob_r2",-0.0479888238248795,0.0196078431372549,TRUE,0.922170422170422,0.933333333333333,"5yr_pic"
"Mono","RUNX3","lm",906,144,NA,0.891974246586059,NA,"cv_r2",NA,NA,NA,NA,NA,"5yr_pic"
"Mono","RUNX3","ridge",906,144,NA,0.900415553487001,NA,"cv_r2",NA,NA,NA,NA,NA,"5yr_pic"
"Mono","RUNX3","spearman",906,144,NA,0.587829985421603,NA,"cv_r2",NA,NA,NA,NA,NA,"5yr_pic"
"Mono","RARA","rf",906,144,0.897959427707512,0.894773223565038,NA,"oob_r2",-0.0470509292351844,0.0196078431372549,TRUE,0.929821111200422,1,"5yr_pic"
"Mono","RARA","lm",906,144,NA,0.892679419610345,NA,"cv_r2",NA,NA,NA,NA,NA,"5yr_pic"
"Mono","RARA","ridge",906,144,NA,0.899727034826372,NA,"cv_r2",NA,NA,NA,NA,NA,"5yr_pic"
"Mono","RARA","spearman",906,144,NA,0.569553441311938,NA,"cv_r2",NA,NA,NA,NA,NA,"5yr_pic"
"Mono","KLF9","rf",906,144,0.914554633965983,0.913082602126782,NA,"oob_r2",-0.0477486916364339,0.0196078431372549,TRUE,0.921789245237521,0.881481481481481,"5yr_pic"
"Mono","KLF9","lm",906,144,NA,0.924558320263714,NA,"cv_r2",NA,NA,NA,NA,NA,"5yr_pic"
"Mono","KLF9","ridge",906,144,NA,0.926579003952979,NA,"cv_r2",NA,NA,NA,NA,NA,"5yr_pic"
"Mono","KLF9","spearman",906,144,NA,0.562492797345481,NA,"cv_r2",NA,NA,NA,NA,NA,"5yr_pic"
"Mono","MYC","rf",906,144,0.858617737075056,0.856115050716978,NA,"oob_r2",-0.0601035585763928,0.0196078431372549,TRUE,0.907968366244228,0.732275132275132,"5yr_pic"
"Mono","MYC","lm",906,144,NA,0.839357624109486,NA,"cv_r2",NA,NA,NA,NA,NA,"5yr_pic"
"Mono","MYC","ridge",906,144,NA,0.84910694991661,NA,"cv_r2",NA,NA,NA,NA,NA,"5yr_pic"
"Mono","MYC","spearman",906,144,NA,0.337151086497642,NA,"cv_r2",NA,NA,NA,NA,NA,"5yr_pic"
"Mono","BATF3","rf",906,144,0.890453369247316,0.883440839701811,NA,"oob_r2",-0.0515385898313223,0.0196078431372549,TRUE,0.922552313586796,0.648677248677249,"5yr_pic"
"Mono","BATF3","lm",906,144,NA,0.874677731448613,NA,"cv_r2",NA,NA,NA,NA,NA,"5yr_pic"
"Mono","BATF3","ridge",906,144,NA,0.882816121798951,NA,"cv_r2",NA,NA,NA,NA,NA,"5yr_pic"
"Mono","BATF3","spearman",906,144,NA,0.451842298508977,NA,"cv_r2",NA,NA,NA,NA,NA,"5yr_pic"
"Mono","ITGB2","rf",906,144,0.924347968478706,0.926003854784502,NA,"oob_r2",-0.0529567078187134,0.0196078431372549,TRUE,0.911981977154391,0.874074074074074,"5yr_pic"
"Mono","ITGB2","lm",906,144,NA,0.923214305742649,NA,"cv_r2",NA,NA,NA,NA,NA,"5yr_pic"
"Mono","ITGB2","ridge",906,144,NA,0.925335956522042,NA,"cv_r2",NA,NA,NA,NA,NA,"5yr_pic"
"Mono","ITGB2","spearman",906,144,NA,0.534040113302643,NA,"cv_r2",NA,NA,NA,NA,NA,"5yr_pic"
"Mono","MAF","rf",906,144,0.882337634252476,0.877141034028554,NA,"oob_r2",-0.0380999854426901,0.0196078431372549,TRUE,0.926760710553814,0.62037037037037,"5yr_pic"
"Mono","MAF","lm",906,144,NA,0.862418736541465,NA,"cv_r2",NA,NA,NA,NA,NA,"5yr_pic"
"Mono","MAF","ridge",906,144,NA,0.869442856245035,NA,"cv_r2",NA,NA,NA,NA,NA,"5yr_pic"
"Mono","MAF","spearman",906,144,NA,0.412639613660549,NA,"cv_r2",NA,NA,NA,NA,NA,"5yr_pic"
"Mono","RORA","rf",906,144,0.925390301526053,0.921450917714234,NA,"oob_r2",-0.0512186082475991,0.0196078431372549,TRUE,0.908850753333512,0.822222222222222,"5yr_pic"
"Mono","RORA","lm",906,144,NA,0.902140513096258,NA,"cv_r2",NA,NA,NA,NA,NA,"5yr_pic"
"Mono","RORA","ridge",906,144,NA,0.911220417556536,NA,"cv_r2",NA,NA,NA,NA,NA,"5yr_pic"
"Mono","RORA","spearman",906,144,NA,0.666473396190848,NA,"cv_r2",NA,NA,NA,NA,NA,"5yr_pic"
"Mono","ATF4","rf",906,144,0.895915533684678,0.888391231586463,NA,"oob_r2",-0.0456608760893487,0.0196078431372549,TRUE,0.919523350213005,0.822222222222222,"5yr_pic"
"Mono","ATF4","lm",906,144,NA,0.869847055018103,NA,"cv_r2",NA,NA,NA,NA,NA,"5yr_pic"
"Mono","ATF4","ridge",906,144,NA,0.877252191471543,NA,"cv_r2",NA,NA,NA,NA,NA,"5yr_pic"
"Mono","ATF4","spearman",906,144,NA,0.548988950228397,NA,"cv_r2",NA,NA,NA,NA,NA,"5yr_pic"
"Mono","BCL3","rf",906,144,0.902911913220941,0.905269446808648,NA,"oob_r2",-0.0536281733950544,0.0196078431372549,TRUE,0.921200600166117,0.933333333333333,"5yr_pic"
"Mono","BCL3","lm",906,144,NA,0.904625007967898,NA,"cv_r2",NA,NA,NA,NA,NA,"5yr_pic"
"Mono","BCL3","ridge",906,144,NA,0.91283812126515,NA,"cv_r2",NA,NA,NA,NA,NA,"5yr_pic"
"Mono","BCL3","spearman",906,144,NA,0.484947732371172,NA,"cv_r2",NA,NA,NA,NA,NA,"5yr_pic"
"Mono","CREM","rf",906,144,0.88631542015734,0.878682934159113,NA,"oob_r2",-0.0442152619078101,0.0196078431372549,TRUE,0.91810438603542,0.584391534391534,"5yr_pic"
"Mono","CREM","lm",906,144,NA,0.861929704462306,NA,"cv_r2",NA,NA,NA,NA,NA,"5yr_pic"
"Mono","CREM","ridge",906,144,NA,0.870028640031177,NA,"cv_r2",NA,NA,NA,NA,NA,"5yr_pic"
"Mono","CREM","spearman",906,144,NA,0.41778535679219,NA,"cv_r2",NA,NA,NA,NA,NA,"5yr_pic"
"Mono","REST","rf",906,144,0.918027018441358,0.910229898149109,NA,"oob_r2",-0.045816252925677,0.0196078431372549,TRUE,0.919349373487304,1,"5yr_pic"
"Mono","REST","lm",906,144,NA,0.922381772122793,NA,"cv_r2",NA,NA,NA,NA,NA,"5yr_pic"
"Mono","REST","ridge",906,144,NA,0.92332007802577,NA,"cv_r2",NA,NA,NA,NA,NA,"5yr_pic"
"Mono","REST","spearman",906,144,NA,0.549789266286883,NA,"cv_r2",NA,NA,NA,NA,NA,"5yr_pic"
"Mono","NR1H3","rf",906,144,0.88022676960002,0.877128854688832,NA,"oob_r2",-0.046168119472419,0.0196078431372549,TRUE,0.920232385749627,0.737566137566138,"5yr_pic"
"Mono","NR1H3","lm",906,144,NA,0.867362968407692,NA,"cv_r2",NA,NA,NA,NA,NA,"5yr_pic"
"Mono","NR1H3","ridge",906,144,NA,0.878883982153257,NA,"cv_r2",NA,NA,NA,NA,NA,"5yr_pic"
"Mono","NR1H3","spearman",906,144,NA,0.439712872794989,NA,"cv_r2",NA,NA,NA,NA,NA,"5yr_pic"
"Mono","IKZF1","rf",906,144,0.895195885976706,0.891007047975321,NA,"oob_r2",-0.0420985313065172,0.0196078431372549,TRUE,0.921150497012566,0.726984126984127,"5yr_pic"
"Mono","IKZF1","lm",906,144,NA,0.896355873116356,NA,"cv_r2",NA,NA,NA,NA,NA,"5yr_pic"
"Mono","IKZF1","ridge",906,144,NA,0.906925916398893,NA,"cv_r2",NA,NA,NA,NA,NA,"5yr_pic"
"Mono","IKZF1","spearman",906,144,NA,0.540484262325701,NA,"cv_r2",NA,NA,NA,NA,NA,"5yr_pic"
"Mono","BDP1","rf",906,144,0.865974373284658,0.863175157969795,NA,"oob_r2",-0.0546182974727808,0.0196078431372549,TRUE,0.918144397109914,0.692063492063492,"5yr_pic"
"Mono","BDP1","lm",906,144,NA,0.845375342596319,NA,"cv_r2",NA,NA,NA,NA,NA,"5yr_pic"
"Mono","BDP1","ridge",906,144,NA,0.856632460744634,NA,"cv_r2",NA,NA,NA,NA,NA,"5yr_pic"
"Mono","BDP1","spearman",906,144,NA,0.360339351089692,NA,"cv_r2",NA,NA,NA,NA,NA,"5yr_pic"
"Mono","HIVEP3","rf",906,144,0.901369255680985,0.894115736581975,NA,"oob_r2",-0.0518857596993406,0.0196078431372549,TRUE,0.917090176745349,0.725925925925926,"5yr_pic"
"Mono","HIVEP3","lm",906,144,NA,0.889975933077143,NA,"cv_r2",NA,NA,NA,NA,NA,"5yr_pic"
"Mono","HIVEP3","ridge",906,144,NA,0.901578993500021,NA,"cv_r2",NA,NA,NA,NA,NA,"5yr_pic"
"Mono","HIVEP3","spearman",906,144,NA,0.628761900759824,NA,"cv_r2",NA,NA,NA,NA,NA,"5yr_pic"
"Mono","GLIS3","rf",906,144,0.897565684365982,0.892585611942065,NA,"oob_r2",-0.0583473043496617,0.0196078431372549,TRUE,0.911083603497397,0.774603174603175,"5yr_pic"
"Mono","GLIS3","lm",906,144,NA,0.897258047760012,NA,"cv_r2",NA,NA,NA,NA,NA,"5yr_pic"
"Mono","GLIS3","ridge",906,144,NA,0.900514883276286,NA,"cv_r2",NA,NA,NA,NA,NA,"5yr_pic"
"Mono","GLIS3","spearman",906,144,NA,0.548183746163163,NA,"cv_r2",NA,NA,NA,NA,NA,"5yr_pic"
"Mono","POU2F2","rf",906,144,0.87348773298311,0.87322437473229,NA,"oob_r2",-0.0528582556015251,0.0196078431372549,TRUE,0.919242826139378,0.721693121693122,"5yr_pic"
"Mono","POU2F2","lm",906,144,NA,0.847022879369306,NA,"cv_r2",NA,NA,NA,NA,NA,"5yr_pic"
"Mono","POU2F2","ridge",906,144,NA,0.856836291024433,NA,"cv_r2",NA,NA,NA,NA,NA,"5yr_pic"
"Mono","POU2F2","spearman",906,144,NA,0.435868947720671,NA,"cv_r2",NA,NA,NA,NA,NA,"5yr_pic"
"Mono","KLF13","rf",906,144,0.860465683806242,0.85040193862867,NA,"oob_r2",-0.045114300605694,0.0196078431372549,TRUE,0.925940572837125,0.740740740740741,"5yr_pic"
"Mono","KLF13","lm",906,144,NA,0.85911118617641,NA,"cv_r2",NA,NA,NA,NA,NA,"5yr_pic"
"Mono","KLF13","ridge",906,144,NA,0.866446355458159,NA,"cv_r2",NA,NA,NA,NA,NA,"5yr_pic"
"Mono","KLF13","spearman",906,144,NA,0.364913147662693,NA,"cv_r2",NA,NA,NA,NA,NA,"5yr_pic"
"Mono","E2F3","rf",906,144,0.841270887124016,0.840649719401206,NA,"oob_r2",-0.0452486448670498,0.0196078431372549,TRUE,0.910694924488028,0.650793650793651,"5yr_pic"
"Mono","E2F3","lm",906,144,NA,0.825600599242403,NA,"cv_r2",NA,NA,NA,NA,NA,"5yr_pic"
"Mono","E2F3","ridge",906,144,NA,0.839623362916509,NA,"cv_r2",NA,NA,NA,NA,NA,"5yr_pic"
"Mono","E2F3","spearman",906,144,NA,0.275268159982104,NA,"cv_r2",NA,NA,NA,NA,NA,"5yr_pic"
"Mono","EGR3","rf",906,144,0.891718967322503,0.886322601451646,NA,"oob_r2",-0.0534309423173434,0.0196078431372549,TRUE,0.933558038385625,0.816931216931217,"5yr_pic"
"Mono","EGR3","lm",906,144,NA,0.882786531455623,NA,"cv_r2",NA,NA,NA,NA,NA,"5yr_pic"
"Mono","EGR3","ridge",906,144,NA,0.893232540958855,NA,"cv_r2",NA,NA,NA,NA,NA,"5yr_pic"
"Mono","EGR3","spearman",906,144,NA,0.4719314779293,NA,"cv_r2",NA,NA,NA,NA,NA,"5yr_pic"
"Mono","MAFF","rf",906,144,0.835000205426455,0.826646381438882,NA,"oob_r2",-0.0587254435797679,0.0196078431372549,TRUE,0.922356187873429,0.82962962962963,"5yr_pic"
"Mono","MAFF","lm",906,144,NA,0.870344752197174,NA,"cv_r2",NA,NA,NA,NA,NA,"5yr_pic"
"Mono","MAFF","ridge",906,144,NA,0.869552711315109,NA,"cv_r2",NA,NA,NA,NA,NA,"5yr_pic"
"Mono","MAFF","spearman",906,144,NA,0.351533188926845,NA,"cv_r2",NA,NA,NA,NA,NA,"5yr_pic"
"Mono","ID3","rf",906,144,0.887870645985526,0.88403745258078,NA,"oob_r2",-0.062249619459596,0.0196078431372549,TRUE,0.904292527395976,0.661375661375661,"5yr_pic"
"Mono","ID3","lm",906,144,NA,0.888286199669557,NA,"cv_r2",NA,NA,NA,NA,NA,"5yr_pic"
"Mono","ID3","ridge",906,144,NA,0.891759827673774,NA,"cv_r2",NA,NA,NA,NA,NA,"5yr_pic"
"Mono","ID3","spearman",906,144,NA,0.483456262551983,NA,"cv_r2",NA,NA,NA,NA,NA,"5yr_pic"
"Mono","XBP1","rf",906,144,0.85144492267213,0.849451071172162,NA,"oob_r2",-0.0579958714896543,0.0196078431372549,TRUE,0.923125240021792,0.654497354497354,"5yr_pic"
"Mono","XBP1","lm",906,144,NA,0.860215139047017,NA,"cv_r2",NA,NA,NA,NA,NA,"5yr_pic"
"Mono","XBP1","ridge",906,144,NA,0.869636885520819,NA,"cv_r2",NA,NA,NA,NA,NA,"5yr_pic"
"Mono","XBP1","spearman",906,144,NA,0.381451058647502,NA,"cv_r2",NA,NA,NA,NA,NA,"5yr_pic"
"Mono","KLF3","rf",906,144,0.824222846609908,0.824373909007272,NA,"oob_r2",-0.0472505792062264,0.0196078431372549,TRUE,0.912949209156106,0.933333333333333,"5yr_pic"
"Mono","KLF3","lm",906,144,NA,0.818531389682111,NA,"cv_r2",NA,NA,NA,NA,NA,"5yr_pic"
"Mono","KLF3","ridge",906,144,NA,0.832113796900636,NA,"cv_r2",NA,NA,NA,NA,NA,"5yr_pic"
"Mono","KLF3","spearman",906,144,NA,0.302493408661054,NA,"cv_r2",NA,NA,NA,NA,NA,"5yr_pic"
"Mono","BACH1","rf",906,144,0.869987322529049,0.86750278450383,NA,"oob_r2",-0.0410971232873577,0.0196078431372549,TRUE,0.92290830497727,0.73015873015873,"5yr_pic"
"Mono","BACH1","lm",906,144,NA,0.876959161795607,NA,"cv_r2",NA,NA,NA,NA,NA,"5yr_pic"
"Mono","BACH1","ridge",906,144,NA,0.883462701955276,NA,"cv_r2",NA,NA,NA,NA,NA,"5yr_pic"
"Mono","BACH1","spearman",906,144,NA,0.402804070290042,NA,"cv_r2",NA,NA,NA,NA,NA,"5yr_pic"
"Mono","ENO1","rf",906,144,0.841342210685723,0.844047902220107,NA,"oob_r2",-0.0560550754671168,0.0196078431372549,TRUE,0.921604997811894,0.587566137566138,"5yr_pic"
"Mono","ENO1","lm",906,144,NA,0.829911060132756,NA,"cv_r2",NA,NA,NA,NA,NA,"5yr_pic"
"Mono","ENO1","ridge",906,144,NA,0.845801665848049,NA,"cv_r2",NA,NA,NA,NA,NA,"5yr_pic"
"Mono","ENO1","spearman",906,144,NA,0.317298245265302,NA,"cv_r2",NA,NA,NA,NA,NA,"5yr_pic"
"Mono","ETS1","rf",906,144,0.829648280545523,0.827702844613956,NA,"oob_r2",-0.0547893068848615,0.0196078431372549,TRUE,0.888535576811439,0.822222222222222,"5yr_pic"
"Mono","ETS1","lm",906,144,NA,0.784928481369097,NA,"cv_r2",NA,NA,NA,NA,NA,"5yr_pic"
"Mono","ETS1","ridge",906,144,NA,0.802815255143664,NA,"cv_r2",NA,NA,NA,NA,NA,"5yr_pic"
"Mono","ETS1","spearman",906,144,NA,0.202270051977655,NA,"cv_r2",NA,NA,NA,NA,NA,"5yr_pic"
"Mono","KLF4","rf",906,144,0.851620990675636,0.851837800898392,NA,"oob_r2",-0.053681194788299,0.0196078431372549,TRUE,0.906707838776804,0.774603174603175,"5yr_pic"
"Mono","KLF4","lm",906,144,NA,0.856560758436732,NA,"cv_r2",NA,NA,NA,NA,NA,"5yr_pic"
"Mono","KLF4","ridge",906,144,NA,0.866574071052385,NA,"cv_r2",NA,NA,NA,NA,NA,"5yr_pic"
"Mono","KLF4","spearman",906,144,NA,0.323756398815071,NA,"cv_r2",NA,NA,NA,NA,NA,"5yr_pic"
"Mono","ID2","rf",906,144,0.872943522562606,0.867653721345665,NA,"oob_r2",-0.057942498555351,0.0196078431372549,TRUE,0.916500459948736,0.704761904761905,"5yr_pic"
"Mono","ID2","lm",906,144,NA,0.881844000858595,NA,"cv_r2",NA,NA,NA,NA,NA,"5yr_pic"
"Mono","ID2","ridge",906,144,NA,0.888792425269582,NA,"cv_r2",NA,NA,NA,NA,NA,"5yr_pic"
"Mono","ID2","spearman",906,144,NA,0.43971824320301,NA,"cv_r2",NA,NA,NA,NA,NA,"5yr_pic"
"Mono","ETS2","rf",906,144,0.827173561541238,0.820319700712402,NA,"oob_r2",-0.0545750573225968,0.0196078431372549,TRUE,0.913718171994034,0.874074074074074,"5yr_pic"
"Mono","ETS2","lm",906,144,NA,0.81405804591059,NA,"cv_r2",NA,NA,NA,NA,NA,"5yr_pic"
"Mono","ETS2","ridge",906,144,NA,0.828405617012978,NA,"cv_r2",NA,NA,NA,NA,NA,"5yr_pic"
"Mono","ETS2","spearman",906,144,NA,0.26510743111349,NA,"cv_r2",NA,NA,NA,NA,NA,"5yr_pic"
"Mono","SPI1","rf",906,144,0.907796798923904,0.905973759891123,NA,"oob_r2",-0.061420162837214,0.0196078431372549,TRUE,0.914815975850459,0.933333333333333,"5yr_pic"
"Mono","SPI1","lm",906,144,NA,0.926761159851615,NA,"cv_r2",NA,NA,NA,NA,NA,"5yr_pic"
"Mono","SPI1","ridge",906,144,NA,0.930606978024221,NA,"cv_r2",NA,NA,NA,NA,NA,"5yr_pic"
"Mono","SPI1","spearman",906,144,NA,0.467575877155948,NA,"cv_r2",NA,NA,NA,NA,NA,"5yr_pic"
"Mono","MITF","rf",906,144,0.895025643595243,0.896293171911519,NA,"oob_r2",-0.0476645183481899,0.0196078431372549,TRUE,0.905258509051613,1,"5yr_pic"
"Mono","MITF","lm",906,144,NA,0.910925463745373,NA,"cv_r2",NA,NA,NA,NA,NA,"5yr_pic"
"Mono","MITF","ridge",906,144,NA,0.911586447268332,NA,"cv_r2",NA,NA,NA,NA,NA,"5yr_pic"
"Mono","MITF","spearman",906,144,NA,0.551583386821714,NA,"cv_r2",NA,NA,NA,NA,NA,"5yr_pic"
"Mono","HIF1A","rf",906,144,0.874989550750257,0.873072199249805,NA,"oob_r2",-0.0569475314367014,0.0196078431372549,TRUE,0.901209977761702,0.762962962962963,"5yr_pic"
"Mono","HIF1A","lm",906,144,NA,0.87103775545621,NA,"cv_r2",NA,NA,NA,NA,NA,"5yr_pic"
"Mono","HIF1A","ridge",906,144,NA,0.877789881467504,NA,"cv_r2",NA,NA,NA,NA,NA,"5yr_pic"
"Mono","HIF1A","spearman",906,144,NA,0.403950777052614,NA,"cv_r2",NA,NA,NA,NA,NA,"5yr_pic"
"Mono","YBX1","rf",906,144,0.891416008990743,0.881844595726122,NA,"oob_r2",-0.0493539681210832,0.0196078431372549,TRUE,0.913175253864909,0.792592592592593,"5yr_pic"
"Mono","YBX1","lm",906,144,NA,0.871347193318234,NA,"cv_r2",NA,NA,NA,NA,NA,"5yr_pic"
"Mono","YBX1","ridge",906,144,NA,0.88388575324946,NA,"cv_r2",NA,NA,NA,NA,NA,"5yr_pic"
"Mono","YBX1","spearman",906,144,NA,0.588606693821016,NA,"cv_r2",NA,NA,NA,NA,NA,"5yr_pic"
"Mono","PLAGL1","rf",906,144,0.880319200185667,0.87272713857498,NA,"oob_r2",-0.0432925356624071,0.0196078431372549,TRUE,0.904147040698765,0.844444444444444,"5yr_pic"
"Mono","PLAGL1","lm",906,144,NA,0.914385894273424,NA,"cv_r2",NA,NA,NA,NA,NA,"5yr_pic"
"Mono","PLAGL1","ridge",906,144,NA,0.918232221732766,NA,"cv_r2",NA,NA,NA,NA,NA,"5yr_pic"
"Mono","PLAGL1","spearman",906,144,NA,0.47628609994346,NA,"cv_r2",NA,NA,NA,NA,NA,"5yr_pic"
"Mono","HMGA1","rf",906,144,0.85690450729798,0.848042959626498,NA,"oob_r2",-0.0578196114760213,0.0196078431372549,TRUE,0.892275361930534,0.844444444444444,"5yr_pic"
"Mono","HMGA1","lm",906,144,NA,0.841549355288174,NA,"cv_r2",NA,NA,NA,NA,NA,"5yr_pic"
"Mono","HMGA1","ridge",906,144,NA,0.849872734684275,NA,"cv_r2",NA,NA,NA,NA,NA,"5yr_pic"
"Mono","HMGA1","spearman",906,144,NA,0.612925022934819,NA,"cv_r2",NA,NA,NA,NA,NA,"5yr_pic"
"Mono","USF2","rf",906,144,0.836229624136106,0.828416698082612,NA,"oob_r2",-0.0569423953505554,0.0196078431372549,TRUE,0.901071635899222,0.933333333333333,"5yr_pic"
"Mono","USF2","lm",906,144,NA,0.864571950128512,NA,"cv_r2",NA,NA,NA,NA,NA,"5yr_pic"
"Mono","USF2","ridge",906,144,NA,0.874520915031228,NA,"cv_r2",NA,NA,NA,NA,NA,"5yr_pic"
"Mono","USF2","spearman",906,144,NA,0.582982254357166,NA,"cv_r2",NA,NA,NA,NA,NA,"5yr_pic"
"Mono","KLF10","rf",906,144,0.84695865765519,0.843261503215762,NA,"oob_r2",-0.0539332285746437,0.0196078431372549,TRUE,0.912661183006011,0.77037037037037,"5yr_pic"
"Mono","KLF10","lm",906,144,NA,0.870735970463698,NA,"cv_r2",NA,NA,NA,NA,NA,"5yr_pic"
"Mono","KLF10","ridge",906,144,NA,0.881470505170973,NA,"cv_r2",NA,NA,NA,NA,NA,"5yr_pic"
"Mono","KLF10","spearman",906,144,NA,0.503988911747868,NA,"cv_r2",NA,NA,NA,NA,NA,"5yr_pic"
"Mono","EGR1","rf",906,144,0.901464350383351,0.890992445456814,NA,"oob_r2",-0.0555407261229629,0.0196078431372549,TRUE,0.921861229447436,0.593650793650794,"5yr_pic"
"Mono","EGR1","lm",906,144,NA,0.87661245719504,NA,"cv_r2",NA,NA,NA,NA,NA,"5yr_pic"
"Mono","EGR1","ridge",906,144,NA,0.891419580681124,NA,"cv_r2",NA,NA,NA,NA,NA,"5yr_pic"
"Mono","EGR1","spearman",906,144,NA,0.463211835114371,NA,"cv_r2",NA,NA,NA,NA,NA,"5yr_pic"
"Mono","ELK3","rf",906,144,0.895327383788126,0.884952713306642,NA,"oob_r2",-0.0508662002126415,0.0196078431372549,TRUE,0.901948575052023,0.71005291005291,"5yr_pic"
"Mono","ELK3","lm",906,144,NA,0.88808823329476,NA,"cv_r2",NA,NA,NA,NA,NA,"5yr_pic"
"Mono","ELK3","ridge",906,144,NA,0.896330624585882,NA,"cv_r2",NA,NA,NA,NA,NA,"5yr_pic"
"Mono","ELK3","spearman",906,144,NA,0.517450801854532,NA,"cv_r2",NA,NA,NA,NA,NA,"5yr_pic"
"Mono","POU2F1","rf",906,144,0.890941140282984,0.885216343654009,NA,"oob_r2",-0.0543476030585573,0.0196078431372549,TRUE,0.893854995579134,1,"5yr_pic"
"Mono","POU2F1","lm",906,144,NA,0.86962493205552,NA,"cv_r2",NA,NA,NA,NA,NA,"5yr_pic"
"Mono","POU2F1","ridge",906,144,NA,0.878471226001036,NA,"cv_r2",NA,NA,NA,NA,NA,"5yr_pic"
"Mono","POU2F1","spearman",906,144,NA,0.614020786288597,NA,"cv_r2",NA,NA,NA,NA,NA,"5yr_pic"
"Mono","AHR","rf",906,144,0.863234104959079,0.860289258173149,NA,"oob_r2",-0.0524359340085295,0.0196078431372549,TRUE,0.919379203172307,0.819047619047619,"5yr_pic"
"Mono","AHR","lm",906,144,NA,0.873225938513881,NA,"cv_r2",NA,NA,NA,NA,NA,"5yr_pic"
"Mono","AHR","ridge",906,144,NA,0.883810999866339,NA,"cv_r2",NA,NA,NA,NA,NA,"5yr_pic"
"Mono","AHR","spearman",906,144,NA,0.438397890414158,NA,"cv_r2",NA,NA,NA,NA,NA,"5yr_pic"
"Mono","BATF","rf",906,144,0.866982293190983,0.852374888890259,NA,"oob_r2",-0.0638781380101,0.0196078431372549,TRUE,0.904273147031768,0.686772486772487,"5yr_pic"
"Mono","BATF","lm",906,144,NA,0.849676430955709,NA,"cv_r2",NA,NA,NA,NA,NA,"5yr_pic"
"Mono","BATF","ridge",906,144,NA,0.864568726571298,NA,"cv_r2",NA,NA,NA,NA,NA,"5yr_pic"
"Mono","BATF","spearman",906,144,NA,0.385319611874086,NA,"cv_r2",NA,NA,NA,NA,NA,"5yr_pic"
"Mono","IKZF3","rf",906,144,0.899887524650343,0.897174708478847,NA,"oob_r2",-0.0576660033036188,0.0196078431372549,TRUE,0.896276380069484,0.785185185185185,"5yr_pic"
"Mono","IKZF3","lm",906,144,NA,0.88404559336931,NA,"cv_r2",NA,NA,NA,NA,NA,"5yr_pic"
"Mono","IKZF3","ridge",906,144,NA,0.893119832017846,NA,"cv_r2",NA,NA,NA,NA,NA,"5yr_pic"
"Mono","IKZF3","spearman",906,144,NA,0.480981143387436,NA,"cv_r2",NA,NA,NA,NA,NA,"5yr_pic"
"Mono","TCF7","rf",906,144,0.905607647207425,0.908707943297414,NA,"oob_r2",-0.0475974182272148,0.0196078431372549,TRUE,0.889507988818334,1,"5yr_pic"
"Mono","TCF7","lm",906,144,NA,0.912890584228399,NA,"cv_r2",NA,NA,NA,NA,NA,"5yr_pic"
"Mono","TCF7","ridge",906,144,NA,0.918880660906252,NA,"cv_r2",NA,NA,NA,NA,NA,"5yr_pic"
"Mono","TCF7","spearman",906,144,NA,0.757030440353104,NA,"cv_r2",NA,NA,NA,NA,NA,"5yr_pic"
"Mono","STAT4","rf",906,144,0.904992300894961,0.90181265472867,NA,"oob_r2",-0.052352735305266,0.0196078431372549,TRUE,0.918818244335486,0.874074074074074,"5yr_pic"
"Mono","STAT4","lm",906,144,NA,0.918693747298924,NA,"cv_r2",NA,NA,NA,NA,NA,"5yr_pic"
"Mono","STAT4","ridge",906,144,NA,0.9229073289235,NA,"cv_r2",NA,NA,NA,NA,NA,"5yr_pic"
"Mono","STAT4","spearman",906,144,NA,0.577953071791482,NA,"cv_r2",NA,NA,NA,NA,NA,"5yr_pic"
"Mono","ARNT2","rf",906,144,0.923860259841325,0.917963220974266,NA,"oob_r2",-0.052108702477182,0.0196078431372549,TRUE,0.900882029847547,0.814814814814815,"5yr_pic"
"Mono","ARNT2","lm",906,144,NA,0.913012238889843,NA,"cv_r2",NA,NA,NA,NA,NA,"5yr_pic"
"Mono","ARNT2","ridge",906,144,NA,0.92269521610922,NA,"cv_r2",NA,NA,NA,NA,NA,"5yr_pic"
"Mono","ARNT2","spearman",906,144,NA,0.716857579010511,NA,"cv_r2",NA,NA,NA,NA,NA,"5yr_pic"
"Mono","RUNX1","rf",906,144,0.931109274636633,0.930605837755963,NA,"oob_r2",-0.0514146427406617,0.0196078431372549,TRUE,0.906137323723531,1,"5yr_pic"
"Mono","RUNX1","lm",906,144,NA,0.911992604901653,NA,"cv_r2",NA,NA,NA,NA,NA,"5yr_pic"
"Mono","RUNX1","ridge",906,144,NA,0.919272629912984,NA,"cv_r2",NA,NA,NA,NA,NA,"5yr_pic"
"Mono","RUNX1","spearman",906,144,NA,0.696575959689812,NA,"cv_r2",NA,NA,NA,NA,NA,"5yr_pic"
"Mono","LEF1","rf",906,144,0.918125224415742,0.911073250366956,NA,"oob_r2",-0.0478327310355754,0.0196078431372549,TRUE,0.891075654868758,0.881481481481481,"5yr_pic"
"Mono","LEF1","lm",906,144,NA,0.915724894217116,NA,"cv_r2",NA,NA,NA,NA,NA,"5yr_pic"
"Mono","LEF1","ridge",906,144,NA,0.921621561968775,NA,"cv_r2",NA,NA,NA,NA,NA,"5yr_pic"
"Mono","LEF1","spearman",906,144,NA,0.663439370030156,NA,"cv_r2",NA,NA,NA,NA,NA,"5yr_pic"
"Mono","ETV6","rf",906,144,0.915682907083184,0.911689260932169,NA,"oob_r2",-0.0611005774326169,0.0196078431372549,TRUE,0.909569255776152,0.933333333333333,"5yr_pic"
"Mono","ETV6","lm",906,144,NA,0.917885180972887,NA,"cv_r2",NA,NA,NA,NA,NA,"5yr_pic"
"Mono","ETV6","ridge",906,144,NA,0.922571364969814,NA,"cv_r2",NA,NA,NA,NA,NA,"5yr_pic"
"Mono","ETV6","spearman",906,144,NA,0.686539020462273,NA,"cv_r2",NA,NA,NA,NA,NA,"5yr_pic"
"Mono","ATF5","rf",906,144,0.921785423176996,0.9250625331285,NA,"oob_r2",-0.0502779802713667,0.0196078431372549,TRUE,0.919397333190437,0.933333333333333,"5yr_pic"
"Mono","ATF5","lm",906,144,NA,0.922899449160394,NA,"cv_r2",NA,NA,NA,NA,NA,"5yr_pic"
"Mono","ATF5","ridge",906,144,NA,0.930253869383267,NA,"cv_r2",NA,NA,NA,NA,NA,"5yr_pic"
"Mono","ATF5","spearman",906,144,NA,0.690843966425909,NA,"cv_r2",NA,NA,NA,NA,NA,"5yr_pic"
"Mono","JUND","rf",906,144,0.91369688915535,0.905313520846256,NA,"oob_r2",-0.0579287749731771,0.0196078431372549,TRUE,0.893513025926819,1,"5yr_pic"
"Mono","JUND","lm",906,144,NA,0.918956126157168,NA,"cv_r2",NA,NA,NA,NA,NA,"5yr_pic"
"Mono","JUND","ridge",906,144,NA,0.920265998576747,NA,"cv_r2",NA,NA,NA,NA,NA,"5yr_pic"
"Mono","JUND","spearman",906,144,NA,0.643727955712476,NA,"cv_r2",NA,NA,NA,NA,NA,"5yr_pic"
"Mono","EGR2","rf",906,144,0.897725920836754,0.895821295369146,NA,"oob_r2",-0.051273631886367,0.0196078431372549,TRUE,0.910432709053399,0.762962962962963,"5yr_pic"
"Mono","EGR2","lm",906,144,NA,0.896387680761106,NA,"cv_r2",NA,NA,NA,NA,NA,"5yr_pic"
"Mono","EGR2","ridge",906,144,NA,0.897798380351107,NA,"cv_r2",NA,NA,NA,NA,NA,"5yr_pic"
"Mono","EGR2","spearman",906,144,NA,0.524918957167983,NA,"cv_r2",NA,NA,NA,NA,NA,"5yr_pic"
"Mono","FOXO3","rf",906,144,0.923901175666707,0.920504230062893,NA,"oob_r2",-0.0461993090974517,0.0196078431372549,TRUE,0.922344398896123,0.82962962962963,"5yr_pic"
"Mono","FOXO3","lm",906,144,NA,0.909797279701774,NA,"cv_r2",NA,NA,NA,NA,NA,"5yr_pic"
"Mono","FOXO3","ridge",906,144,NA,0.919605916692697,NA,"cv_r2",NA,NA,NA,NA,NA,"5yr_pic"
"Mono","FOXO3","spearman",906,144,NA,0.702738834340713,NA,"cv_r2",NA,NA,NA,NA,NA,"5yr_pic"
"Mono","PAX8","rf",906,144,0.937621009240376,0.931678476155244,NA,"oob_r2",-0.04951172803453,0.0196078431372549,TRUE,0.871447275585207,0.933333333333333,"5yr_pic"
"Mono","PAX8","lm",906,144,NA,0.935115148601353,NA,"cv_r2",NA,NA,NA,NA,NA,"5yr_pic"
"Mono","PAX8","ridge",906,144,NA,0.937050764155975,NA,"cv_r2",NA,NA,NA,NA,NA,"5yr_pic"
"Mono","PAX8","spearman",906,144,NA,0.762731185593338,NA,"cv_r2",NA,NA,NA,NA,NA,"5yr_pic"
"Mono","BHLHE41","rf",906,144,0.937038431843104,0.936184838463149,NA,"oob_r2",-0.0507852545454138,0.0196078431372549,TRUE,0.925594405594406,0.933333333333333,"5yr_pic"
"Mono","BHLHE41","lm",906,144,NA,0.925657164729379,NA,"cv_r2",NA,NA,NA,NA,NA,"5yr_pic"
"Mono","BHLHE41","ridge",906,144,NA,0.928895708612615,NA,"cv_r2",NA,NA,NA,NA,NA,"5yr_pic"
"Mono","BHLHE41","spearman",906,144,NA,0.6686144330531,NA,"cv_r2",NA,NA,NA,NA,NA,"5yr_pic"
"Mono","CHD2","rf",906,144,0.917743616519964,0.915018253374457,NA,"oob_r2",-0.0545409789371977,0.0196078431372549,TRUE,0.918675794193036,0.874074074074074,"5yr_pic"
"Mono","CHD2","lm",906,144,NA,0.915769768679185,NA,"cv_r2",NA,NA,NA,NA,NA,"5yr_pic"
"Mono","CHD2","ridge",906,144,NA,0.921699231187008,NA,"cv_r2",NA,NA,NA,NA,NA,"5yr_pic"
"Mono","CHD2","spearman",906,144,NA,0.683113347828285,NA,"cv_r2",NA,NA,NA,NA,NA,"5yr_pic"
"Mono","ASCL2","rf",906,144,0.938821678506121,0.939409497496156,NA,"oob_r2",-0.0420002479782543,0.0196078431372549,TRUE,0.912174619760827,1,"5yr_pic"
"Mono","ASCL2","lm",906,144,NA,0.930894289721693,NA,"cv_r2",NA,NA,NA,NA,NA,"5yr_pic"
"Mono","ASCL2","ridge",906,144,NA,0.934470958529216,NA,"cv_r2",NA,NA,NA,NA,NA,"5yr_pic"
"Mono","ASCL2","spearman",906,144,NA,0.702001854964831,NA,"cv_r2",NA,NA,NA,NA,NA,"5yr_pic"
"Mono","JUN","rf",906,144,0.877754765960726,0.87001246295361,NA,"oob_r2",-0.0578985481038835,0.0196078431372549,TRUE,0.908073752556511,0.881481481481482,"5yr_pic"
"Mono","JUN","lm",906,144,NA,0.880645764872448,NA,"cv_r2",NA,NA,NA,NA,NA,"5yr_pic"
"Mono","JUN","ridge",906,144,NA,0.882351137766968,NA,"cv_r2",NA,NA,NA,NA,NA,"5yr_pic"
"Mono","JUN","spearman",906,144,NA,0.476511085705723,NA,"cv_r2",NA,NA,NA,NA,NA,"5yr_pic"
"Mono","JUNB","rf",906,144,0.911443308720654,0.904710999495295,NA,"oob_r2",-0.0534201743934161,0.0196078431372549,TRUE,0.908913806500013,1,"5yr_pic"
"Mono","JUNB","lm",906,144,NA,0.919617652959838,NA,"cv_r2",NA,NA,NA,NA,NA,"5yr_pic"
"Mono","JUNB","ridge",906,144,NA,0.923361278631538,NA,"cv_r2",NA,NA,NA,NA,NA,"5yr_pic"
"Mono","JUNB","spearman",906,144,NA,0.632315112975461,NA,"cv_r2",NA,NA,NA,NA,NA,"5yr_pic"
"Mono","SP100","rf",906,144,0.944081593743929,0.943529158596206,NA,"oob_r2",-0.0470488976721165,0.0196078431372549,TRUE,0.901711455849387,0.785185185185185,"5yr_pic"
"Mono","SP100","lm",906,144,NA,0.931967282777966,NA,"cv_r2",NA,NA,NA,NA,NA,"5yr_pic"
"Mono","SP100","ridge",906,144,NA,0.939012996500573,NA,"cv_r2",NA,NA,NA,NA,NA,"5yr_pic"
"Mono","SP100","spearman",906,144,NA,0.766403941843007,NA,"cv_r2",NA,NA,NA,NA,NA,"5yr_pic"
"Mono","HIVEP2","rf",906,144,0.922136979354392,0.920305567424699,NA,"oob_r2",-0.0541949007385035,0.0196078431372549,TRUE,0.909010351079317,0.933333333333333,"5yr_pic"
"Mono","HIVEP2","lm",906,144,NA,0.927582746499845,NA,"cv_r2",NA,NA,NA,NA,NA,"5yr_pic"
"Mono","HIVEP2","ridge",906,144,NA,0.930380137627896,NA,"cv_r2",NA,NA,NA,NA,NA,"5yr_pic"
"Mono","HIVEP2","spearman",906,144,NA,0.571544792344294,NA,"cv_r2",NA,NA,NA,NA,NA,"5yr_pic"
"Mono","TGIF1","rf",906,144,0.938478539328963,0.936155243707826,NA,"oob_r2",-0.0499893064150224,0.0196078431372549,TRUE,0.916029347408658,0.933333333333333,"5yr_pic"
"Mono","TGIF1","lm",906,144,NA,0.93203423484212,NA,"cv_r2",NA,NA,NA,NA,NA,"5yr_pic"
"Mono","TGIF1","ridge",906,144,NA,0.935818013112937,NA,"cv_r2",NA,NA,NA,NA,NA,"5yr_pic"
"Mono","TGIF1","spearman",906,144,NA,0.697388640411547,NA,"cv_r2",NA,NA,NA,NA,NA,"5yr_pic"
"Mono","NFKB1","rf",906,144,0.931834720165133,0.931201874806852,NA,"oob_r2",-0.0483025319430807,0.0196078431372549,TRUE,0.908794041207834,0.844444444444444,"5yr_pic"
"Mono","NFKB1","lm",906,144,NA,0.932932317021382,NA,"cv_r2",NA,NA,NA,NA,NA,"5yr_pic"
"Mono","NFKB1","ridge",906,144,NA,0.936703525157581,NA,"cv_r2",NA,NA,NA,NA,NA,"5yr_pic"
"Mono","NFKB1","spearman",906,144,NA,0.679666617963943,NA,"cv_r2",NA,NA,NA,NA,NA,"5yr_pic"
"Mono","REL","rf",906,144,0.922194248810753,0.921060018991465,NA,"oob_r2",-0.0502856747375875,0.0196078431372549,TRUE,0.923472211058418,0.874074074074074,"5yr_pic"
"Mono","REL","lm",906,144,NA,0.913932307242278,NA,"cv_r2",NA,NA,NA,NA,NA,"5yr_pic"
"Mono","REL","ridge",906,144,NA,0.918186081144739,NA,"cv_r2",NA,NA,NA,NA,NA,"5yr_pic"
"Mono","REL","spearman",906,144,NA,0.63638409093461,NA,"cv_r2",NA,NA,NA,NA,NA,"5yr_pic"
"Mono","TFEC","rf",906,144,0.947423789327104,0.944427982643601,NA,"oob_r2",-0.0526982888154271,0.0196078431372549,TRUE,0.885161071367968,0.814814814814815,"5yr_pic"
"Mono","TFEC","lm",906,144,NA,0.940723250820466,NA,"cv_r2",NA,NA,NA,NA,NA,"5yr_pic"
"Mono","TFEC","ridge",906,144,NA,0.945565433946397,NA,"cv_r2",NA,NA,NA,NA,NA,"5yr_pic"
"Mono","TFEC","spearman",906,144,NA,0.73278272844778,NA,"cv_r2",NA,NA,NA,NA,NA,"5yr_pic"
"Mono","BCL11B","rf",906,144,0.94437206568688,0.94201067268043,NA,"oob_r2",-0.0439637082719101,0.0196078431372549,TRUE,0.890716180371353,1,"5yr_pic"
"Mono","BCL11B","lm",906,144,NA,0.949303630626089,NA,"cv_r2",NA,NA,NA,NA,NA,"5yr_pic"
"Mono","BCL11B","ridge",906,144,NA,0.95175999157474,NA,"cv_r2",NA,NA,NA,NA,NA,"5yr_pic"
"Mono","BCL11B","spearman",906,144,NA,0.69197485759941,NA,"cv_r2",NA,NA,NA,NA,NA,"5yr_pic"
"Mono","IKZF2","rf",906,144,0.91565405288576,0.916591297662676,NA,"oob_r2",-0.0554197142950952,0.0196078431372549,TRUE,0.879421982870259,0.874074074074074,"5yr_pic"
"Mono","IKZF2","lm",906,144,NA,0.904130800207845,NA,"cv_r2",NA,NA,NA,NA,NA,"5yr_pic"
"Mono","IKZF2","ridge",906,144,NA,0.910545870394051,NA,"cv_r2",NA,NA,NA,NA,NA,"5yr_pic"
"Mono","IKZF2","spearman",906,144,NA,0.700142788231845,NA,"cv_r2",NA,NA,NA,NA,NA,"5yr_pic"
"Mono","CEBPA","rf",906,144,0.929487602716749,0.928526696371605,NA,"oob_r2",-0.0569507971353067,0.0196078431372549,TRUE,0.900908287115184,0.77037037037037,"5yr_pic"
"Mono","CEBPA","lm",906,144,NA,0.920552673474712,NA,"cv_r2",NA,NA,NA,NA,NA,"5yr_pic"
"Mono","CEBPA","ridge",906,144,NA,0.925720554820336,NA,"cv_r2",NA,NA,NA,NA,NA,"5yr_pic"
"Mono","CEBPA","spearman",906,144,NA,0.719532481191516,NA,"cv_r2",NA,NA,NA,NA,NA,"5yr_pic"
"Mono","JDP2","rf",906,144,0.90679129517471,0.901620923027682,NA,"oob_r2",-0.0566114575970575,0.0196078431372549,TRUE,0.896426153667533,0.82962962962963,"5yr_pic"
"Mono","JDP2","lm",906,144,NA,0.907627901654147,NA,"cv_r2",NA,NA,NA,NA,NA,"5yr_pic"
"Mono","JDP2","ridge",906,144,NA,0.914395467449895,NA,"cv_r2",NA,NA,NA,NA,NA,"5yr_pic"
"Mono","JDP2","spearman",906,144,NA,0.564857304484146,NA,"cv_r2",NA,NA,NA,NA,NA,"5yr_pic"
"Mono","ARID3A","rf",906,144,0.93429139785735,0.932555008072587,NA,"oob_r2",-0.0514216776046213,0.0196078431372549,TRUE,0.895075601282498,0.822222222222222,"5yr_pic"
"Mono","ARID3A","lm",906,144,NA,0.928194139397533,NA,"cv_r2",NA,NA,NA,NA,NA,"5yr_pic"
"Mono","ARID3A","ridge",906,144,NA,0.933495017016797,NA,"cv_r2",NA,NA,NA,NA,NA,"5yr_pic"
"Mono","ARID3A","spearman",906,144,NA,0.680414077264478,NA,"cv_r2",NA,NA,NA,NA,NA,"5yr_pic"
"Mono","LMO2","rf",906,144,0.936310557327012,0.932514370446275,NA,"oob_r2",-0.0606511215235979,0.0196078431372549,TRUE,0.860462449427967,1,"5yr_pic"
"Mono","LMO2","lm",906,144,NA,0.939151201695004,NA,"cv_r2",NA,NA,NA,NA,NA,"5yr_pic"
"Mono","LMO2","ridge",906,144,NA,0.941807018140712,NA,"cv_r2",NA,NA,NA,NA,NA,"5yr_pic"
"Mono","LMO2","spearman",906,144,NA,0.76506484384688,NA,"cv_r2",NA,NA,NA,NA,NA,"5yr_pic"
"Mono","ZFHX3","rf",906,144,0.943391906700477,0.939606738529623,NA,"oob_r2",-0.0577929974432623,0.0196078431372549,TRUE,0.871107538693746,0.762962962962963,"5yr_pic"
"Mono","ZFHX3","lm",906,144,NA,0.944516880542679,NA,"cv_r2",NA,NA,NA,NA,NA,"5yr_pic"
"Mono","ZFHX3","ridge",906,144,NA,0.946273007739666,NA,"cv_r2",NA,NA,NA,NA,NA,"5yr_pic"
"Mono","ZFHX3","spearman",906,144,NA,0.714271823474533,NA,"cv_r2",NA,NA,NA,NA,NA,"5yr_pic"
"Mono","PPARG","rf",906,144,0.943509545923577,0.942822703822928,NA,"oob_r2",-0.0565229357273775,0.0196078431372549,TRUE,0.887014709428503,0.8,"5yr_pic"
"Mono","PPARG","lm",906,144,NA,0.931030291644663,NA,"cv_r2",NA,NA,NA,NA,NA,"5yr_pic"
"Mono","PPARG","ridge",906,144,NA,0.935030767429889,NA,"cv_r2",NA,NA,NA,NA,NA,"5yr_pic"
"Mono","PPARG","spearman",906,144,NA,0.701574522018087,NA,"cv_r2",NA,NA,NA,NA,NA,"5yr_pic"
"Mono","ZBTB7A","rf",906,144,0.933512034820756,0.928119194716157,NA,"oob_r2",-0.0489722129505168,0.0196078431372549,TRUE,0.9103921621163,0.933333333333333,"5yr_pic"
"Mono","ZBTB7A","lm",906,144,NA,0.941962558229175,NA,"cv_r2",NA,NA,NA,NA,NA,"5yr_pic"
"Mono","ZBTB7A","ridge",906,144,NA,0.94514547112796,NA,"cv_r2",NA,NA,NA,NA,NA,"5yr_pic"
"Mono","ZBTB7A","spearman",906,144,NA,0.564744854081841,NA,"cv_r2",NA,NA,NA,NA,NA,"5yr_pic"
"Mono","GTF2I","rf",906,144,0.938141290117818,0.932691463091293,NA,"oob_r2",-0.0552844247928166,0.0196078431372549,TRUE,0.894491511043235,1,"5yr_pic"
"Mono","GTF2I","lm",906,144,NA,0.927421410956739,NA,"cv_r2",NA,NA,NA,NA,NA,"5yr_pic"
"Mono","GTF2I","ridge",906,144,NA,0.934912062001744,NA,"cv_r2",NA,NA,NA,NA,NA,"5yr_pic"
"Mono","GTF2I","spearman",906,144,NA,0.63843878589726,NA,"cv_r2",NA,NA,NA,NA,NA,"5yr_pic"
"Mono","MBD2","rf",906,144,0.926585084676954,0.922474492642954,NA,"oob_r2",-0.0532552788154662,0.0196078431372549,TRUE,0.920764854557958,0.75026455026455,"5yr_pic"
"Mono","MBD2","lm",906,144,NA,0.91841234803509,NA,"cv_r2",NA,NA,NA,NA,NA,"5yr_pic"
"Mono","MBD2","ridge",906,144,NA,0.924224154557806,NA,"cv_r2",NA,NA,NA,NA,NA,"5yr_pic"
"Mono","MBD2","spearman",906,144,NA,0.657165318097872,NA,"cv_r2",NA,NA,NA,NA,NA,"5yr_pic"
"Mono","OLIG2","rf",906,144,0.943893289424154,0.943624255695814,NA,"oob_r2",-0.0534861461117187,0.0196078431372549,TRUE,0.904944314944315,0.881481481481481,"5yr_pic"
"Mono","OLIG2","lm",906,144,NA,0.935710670014277,NA,"cv_r2",NA,NA,NA,NA,NA,"5yr_pic"
"Mono","OLIG2","ridge",906,144,NA,0.940668102501532,NA,"cv_r2",NA,NA,NA,NA,NA,"5yr_pic"
"Mono","OLIG2","spearman",906,144,NA,0.698979915396891,NA,"cv_r2",NA,NA,NA,NA,NA,"5yr_pic"
"Mono","MEF2C","rf",906,144,0.924650760058638,0.924774117445028,NA,"oob_r2",-0.0483991595824156,0.0196078431372549,TRUE,0.898153060222026,0.755555555555556,"5yr_pic"
"Mono","MEF2C","lm",906,144,NA,0.925019094469236,NA,"cv_r2",NA,NA,NA,NA,NA,"5yr_pic"
"Mono","MEF2C","ridge",906,144,NA,0.925942717316997,NA,"cv_r2",NA,NA,NA,NA,NA,"5yr_pic"
"Mono","MEF2C","spearman",906,144,NA,0.722851839883814,NA,"cv_r2",NA,NA,NA,NA,NA,"5yr_pic"
"Mono","NFIA","rf",906,144,0.95827918503525,0.957630274572644,NA,"oob_r2",-0.0555585202979782,0.0196078431372549,TRUE,0.888100099134582,0.874074074074074,"5yr_pic"
"Mono","NFIA","lm",906,144,NA,0.953209300625092,NA,"cv_r2",NA,NA,NA,NA,NA,"5yr_pic"
"Mono","NFIA","ridge",906,144,NA,0.956326003124596,NA,"cv_r2",NA,NA,NA,NA,NA,"5yr_pic"
"Mono","NFIA","spearman",906,144,NA,0.803863675468769,NA,"cv_r2",NA,NA,NA,NA,NA,"5yr_pic"
"Mono","NR4A3","rf",906,144,0.941891042584022,0.940642180350211,NA,"oob_r2",-0.0442246938859388,0.0196078431372549,TRUE,0.872956443301271,0.717460317460317,"5yr_pic"
"Mono","NR4A3","lm",906,144,NA,0.932208837385522,NA,"cv_r2",NA,NA,NA,NA,NA,"5yr_pic"
"Mono","NR4A3","ridge",906,144,NA,0.938281240260981,NA,"cv_r2",NA,NA,NA,NA,NA,"5yr_pic"
"Mono","NR4A3","spearman",906,144,NA,0.709578452567774,NA,"cv_r2",NA,NA,NA,NA,NA,"5yr_pic"
"Mono","PRDM1","rf",906,144,0.947737510278817,0.945812405699709,NA,"oob_r2",-0.0517735749452228,0.0196078431372549,TRUE,0.910480043583492,0.844444444444444,"5yr_pic"
"Mono","PRDM1","lm",906,144,NA,0.938833729407299,NA,"cv_r2",NA,NA,NA,NA,NA,"5yr_pic"
"Mono","PRDM1","ridge",906,144,NA,0.944630010292915,NA,"cv_r2",NA,NA,NA,NA,NA,"5yr_pic"
"Mono","PRDM1","spearman",906,144,NA,0.742380234123942,NA,"cv_r2",NA,NA,NA,NA,NA,"5yr_pic"
"Mono","BCL11A","rf",906,144,0.936951527528733,0.93398647230651,NA,"oob_r2",-0.0448164771412815,0.0196078431372549,TRUE,0.87101438791094,0.744973544973545,"5yr_pic"
"Mono","BCL11A","lm",906,144,NA,0.94542076996391,NA,"cv_r2",NA,NA,NA,NA,NA,"5yr_pic"
"Mono","BCL11A","ridge",906,144,NA,0.948139879920095,NA,"cv_r2",NA,NA,NA,NA,NA,"5yr_pic"
"Mono","BCL11A","spearman",906,144,NA,0.673234417867903,NA,"cv_r2",NA,NA,NA,NA,NA,"5yr_pic"
"Mono","IRF4","rf",906,144,0.962011103047554,0.960784598998456,NA,"oob_r2",-0.0414231161972279,0.0196078431372549,TRUE,0.897167073029142,0.822222222222222,"5yr_pic"
"Mono","IRF4","lm",906,144,NA,0.958517428226281,NA,"cv_r2",NA,NA,NA,NA,NA,"5yr_pic"
"Mono","IRF4","ridge",906,144,NA,0.959359939800063,NA,"cv_r2",NA,NA,NA,NA,NA,"5yr_pic"
"Mono","IRF4","spearman",906,144,NA,0.718011416276809,NA,"cv_r2",NA,NA,NA,NA,NA,"5yr_pic"
"Mono","HESX1","rf",906,144,0.94847418153346,0.944996486843527,NA,"oob_r2",-0.0488995859654126,0.0196078431372549,TRUE,0.883555894935205,1,"5yr_pic"
"Mono","HESX1","lm",906,144,NA,0.941323408472535,NA,"cv_r2",NA,NA,NA,NA,NA,"5yr_pic"
"Mono","HESX1","ridge",906,144,NA,0.945307568377663,NA,"cv_r2",NA,NA,NA,NA,NA,"5yr_pic"
"Mono","HESX1","spearman",906,144,NA,0.762097748971994,NA,"cv_r2",NA,NA,NA,NA,NA,"5yr_pic"
"Mono","RXRA","rf",906,144,0.940878760147384,0.937609917247497,NA,"oob_r2",-0.058080873136434,0.0196078431372549,TRUE,0.864878939706526,0.822222222222222,"5yr_pic"
"Mono","RXRA","lm",906,144,NA,0.943627050406976,NA,"cv_r2",NA,NA,NA,NA,NA,"5yr_pic"
"Mono","RXRA","ridge",906,144,NA,0.945644524595138,NA,"cv_r2",NA,NA,NA,NA,NA,"5yr_pic"
"Mono","RXRA","spearman",906,144,NA,0.73094889821448,NA,"cv_r2",NA,NA,NA,NA,NA,"5yr_pic"
"Mono","IRF8","rf",906,144,0.953451190294344,0.953066211452535,NA,"oob_r2",-0.0489897210097695,0.0196078431372549,TRUE,0.895565558324179,0.881481481481481,"5yr_pic"
"Mono","IRF8","lm",906,144,NA,0.947261286684113,NA,"cv_r2",NA,NA,NA,NA,NA,"5yr_pic"
"Mono","IRF8","ridge",906,144,NA,0.951494795361012,NA,"cv_r2",NA,NA,NA,NA,NA,"5yr_pic"
"Mono","IRF8","spearman",906,144,NA,0.743736332861661,NA,"cv_r2",NA,NA,NA,NA,NA,"5yr_pic"
"Mono","NR3C1","rf",906,144,0.915735498197505,0.915817042049998,NA,"oob_r2",-0.044281995058611,0.0196078431372549,TRUE,0.91251310630621,0.740740740740741,"5yr_pic"
"Mono","NR3C1","lm",906,144,NA,0.919964816066392,NA,"cv_r2",NA,NA,NA,NA,NA,"5yr_pic"
"Mono","NR3C1","ridge",906,144,NA,0.925532059847984,NA,"cv_r2",NA,NA,NA,NA,NA,"5yr_pic"
"Mono","NR3C1","spearman",906,144,NA,0.567658719341792,NA,"cv_r2",NA,NA,NA,NA,NA,"5yr_pic"
"Mono","ETV7","rf",906,144,0.944755571935266,0.944454804219373,NA,"oob_r2",-0.0519367077211689,0.0196078431372549,TRUE,0.89217319079388,0.82962962962963,"5yr_pic"
"Mono","ETV7","lm",906,144,NA,0.940902676224989,NA,"cv_r2",NA,NA,NA,NA,NA,"5yr_pic"
"Mono","ETV7","ridge",906,144,NA,0.944342327760812,NA,"cv_r2",NA,NA,NA,NA,NA,"5yr_pic"
"Mono","ETV7","spearman",906,144,NA,0.702391313163033,NA,"cv_r2",NA,NA,NA,NA,NA,"5yr_pic"
"Mono","CEBPB","rf",906,144,0.94296759695854,0.941403292105267,NA,"oob_r2",-0.0544676078470757,0.0196078431372549,TRUE,0.899101179790835,0.933333333333333,"5yr_pic"
"Mono","CEBPB","lm",906,144,NA,0.946897670870016,NA,"cv_r2",NA,NA,NA,NA,NA,"5yr_pic"
"Mono","CEBPB","ridge",906,144,NA,0.949085636578661,NA,"cv_r2",NA,NA,NA,NA,NA,"5yr_pic"
"Mono","CEBPB","spearman",906,144,NA,0.701187258019751,NA,"cv_r2",NA,NA,NA,NA,NA,"5yr_pic"
"Mono","IRF2","rf",906,144,0.956842388582847,0.956656814458799,NA,"oob_r2",-0.0612342532676271,0.0196078431372549,TRUE,0.90072627245041,1,"5yr_pic"
"Mono","IRF2","lm",906,144,NA,0.953295141417081,NA,"cv_r2",NA,NA,NA,NA,NA,"5yr_pic"
"Mono","IRF2","ridge",906,144,NA,0.954150244500563,NA,"cv_r2",NA,NA,NA,NA,NA,"5yr_pic"
"Mono","IRF2","spearman",906,144,NA,0.812147739200478,NA,"cv_r2",NA,NA,NA,NA,NA,"5yr_pic"
"Mono","HES4","rf",906,144,0.957051578240923,0.958004199073076,NA,"oob_r2",-0.0608592334729726,0.0196078431372549,TRUE,0.891730746903161,1,"5yr_pic"
"Mono","HES4","lm",906,144,NA,0.941810819070007,NA,"cv_r2",NA,NA,NA,NA,NA,"5yr_pic"
"Mono","HES4","ridge",906,144,NA,0.944809245042122,NA,"cv_r2",NA,NA,NA,NA,NA,"5yr_pic"
"Mono","HES4","spearman",906,144,NA,0.755614804123859,NA,"cv_r2",NA,NA,NA,NA,NA,"5yr_pic"
"Mono","ATF3","rf",906,144,0.96055974761943,0.960684358486044,NA,"oob_r2",-0.0521804366587762,0.0196078431372549,TRUE,0.898141896417758,0.716402116402116,"5yr_pic"
"Mono","ATF3","lm",906,144,NA,0.957088116467291,NA,"cv_r2",NA,NA,NA,NA,NA,"5yr_pic"
"Mono","ATF3","ridge",906,144,NA,0.958770566727561,NA,"cv_r2",NA,NA,NA,NA,NA,"5yr_pic"
"Mono","ATF3","spearman",906,144,NA,0.726461431648755,NA,"cv_r2",NA,NA,NA,NA,NA,"5yr_pic"
"Mono","MEF2A","rf",906,144,0.949104226653545,0.94794478769108,NA,"oob_r2",-0.0566321197950613,0.0196078431372549,TRUE,0.878992578302923,0.933333333333333,"5yr_pic"
"Mono","MEF2A","lm",906,144,NA,0.950442502308855,NA,"cv_r2",NA,NA,NA,NA,NA,"5yr_pic"
"Mono","MEF2A","ridge",906,144,NA,0.952427087945113,NA,"cv_r2",NA,NA,NA,NA,NA,"5yr_pic"
"Mono","MEF2A","spearman",906,144,NA,0.722062604749561,NA,"cv_r2",NA,NA,NA,NA,NA,"5yr_pic"
"Mono","IRF1","rf",906,144,0.96690020587868,0.967678181307703,NA,"oob_r2",-0.049987570478613,0.0196078431372549,TRUE,0.910909984013432,0.792592592592593,"5yr_pic"
"Mono","IRF1","lm",906,144,NA,0.969258526457652,NA,"cv_r2",NA,NA,NA,NA,NA,"5yr_pic"
"Mono","IRF1","ridge",906,144,NA,0.970847015327904,NA,"cv_r2",NA,NA,NA,NA,NA,"5yr_pic"
"Mono","IRF1","spearman",906,144,NA,0.726181275705337,NA,"cv_r2",NA,NA,NA,NA,NA,"5yr_pic"
"Mono","IRF9","rf",906,144,0.978559859033303,0.979151228337218,NA,"oob_r2",-0.053548122330333,0.0196078431372549,TRUE,0.864330841572221,0.8,"5yr_pic"
"Mono","IRF9","lm",906,144,NA,0.973851219298676,NA,"cv_r2",NA,NA,NA,NA,NA,"5yr_pic"
"Mono","IRF9","ridge",906,144,NA,0.975041805051647,NA,"cv_r2",NA,NA,NA,NA,NA,"5yr_pic"
"Mono","IRF9","spearman",906,144,NA,0.745076943347511,NA,"cv_r2",NA,NA,NA,NA,NA,"5yr_pic"
"Mono","STAT1","rf",906,144,0.981325661631124,0.980923773448277,NA,"oob_r2",-0.0509982215941012,0.0196078431372549,TRUE,0.867501629915423,0.844444444444444,"5yr_pic"
"Mono","STAT1","lm",906,144,NA,0.979461917554812,NA,"cv_r2",NA,NA,NA,NA,NA,"5yr_pic"
"Mono","STAT1","ridge",906,144,NA,0.980494719183165,NA,"cv_r2",NA,NA,NA,NA,NA,"5yr_pic"
"Mono","STAT1","spearman",906,144,NA,0.840049194924384,NA,"cv_r2",NA,NA,NA,NA,NA,"5yr_pic"
"Mono","STAT2","rf",906,144,0.978591128038795,0.977569809048743,NA,"oob_r2",-0.0501044543267772,0.0196078431372549,TRUE,0.851007778938813,0.814814814814815,"5yr_pic"
"Mono","STAT2","lm",906,144,NA,0.974638118906933,NA,"cv_r2",NA,NA,NA,NA,NA,"5yr_pic"
"Mono","STAT2","ridge",906,144,NA,0.976015684250015,NA,"cv_r2",NA,NA,NA,NA,NA,"5yr_pic"
"Mono","STAT2","spearman",906,144,NA,0.715012272845839,NA,"cv_r2",NA,NA,NA,NA,NA,"5yr_pic"
"Mono","IRF7","rf",906,144,0.974474309375917,0.974239727261151,NA,"oob_r2",-0.0538748352865345,0.0196078431372549,TRUE,0.865460975805803,0.814814814814815,"5yr_pic"
"Mono","IRF7","lm",906,144,NA,0.970211913409952,NA,"cv_r2",NA,NA,NA,NA,NA,"5yr_pic"
"Mono","IRF7","ridge",906,144,NA,0.972176954035943,NA,"cv_r2",NA,NA,NA,NA,NA,"5yr_pic"
"Mono","IRF7","spearman",906,144,NA,0.693861289464628,NA,"cv_r2",NA,NA,NA,NA,NA,"5yr_pic"
"B","ELK4","rf",1200,55,0.81906888202157,0.818150188833216,NA,"oob_r2",-0.0481161318543374,0.0196078431372549,TRUE,0.934555074555074,0.874074074074074,"5yr_pic"
"B","ELK4","lm",1200,55,NA,0.789657513161378,NA,"cv_r2",NA,NA,NA,NA,NA,"5yr_pic"
"B","ELK4","ridge",1200,55,NA,0.789254033810483,NA,"cv_r2",NA,NA,NA,NA,NA,"5yr_pic"
"B","ELK4","spearman",1200,55,NA,0.40151971421378,NA,"cv_r2",NA,NA,NA,NA,NA,"5yr_pic"
"B","YY1","rf",1200,55,0.774626129037984,0.767743399764933,NA,"oob_r2",-0.0473524363998341,0.0196078431372549,TRUE,0.933524130190797,0.844444444444444,"5yr_pic"
"B","YY1","lm",1200,55,NA,0.736007853943605,NA,"cv_r2",NA,NA,NA,NA,NA,"5yr_pic"
"B","YY1","ridge",1200,55,NA,0.737142207884103,NA,"cv_r2",NA,NA,NA,NA,NA,"5yr_pic"
"B","YY1","spearman",1200,55,NA,0.396802584778656,NA,"cv_r2",NA,NA,NA,NA,NA,"5yr_pic"
"B","JUND","rf",1200,55,0.828243490765469,0.819593495945709,NA,"oob_r2",-0.0434391443563208,0.0196078431372549,TRUE,0.932429052429052,0.785185185185185,"5yr_pic"
"B","JUND","lm",1200,55,NA,0.786465787378185,NA,"cv_r2",NA,NA,NA,NA,NA,"5yr_pic"
"B","JUND","ridge",1200,55,NA,0.785048867540503,NA,"cv_r2",NA,NA,NA,NA,NA,"5yr_pic"
"B","JUND","spearman",1200,55,NA,0.363396601421232,NA,"cv_r2",NA,NA,NA,NA,NA,"5yr_pic"
"B","PAX5","rf",1200,55,0.777150959970149,0.772849901909051,NA,"oob_r2",-0.0400832991645258,0.0196078431372549,TRUE,0.931107904441238,1,"5yr_pic"
"B","PAX5","lm",1200,55,NA,0.747221988045647,NA,"cv_r2",NA,NA,NA,NA,NA,"5yr_pic"
"B","PAX5","ridge",1200,55,NA,0.747717053840754,NA,"cv_r2",NA,NA,NA,NA,NA,"5yr_pic"
"B","PAX5","spearman",1200,55,NA,0.376736996147662,NA,"cv_r2",NA,NA,NA,NA,NA,"5yr_pic"
"B","FOXD2","rf",1200,55,0.697593730775171,0.688713339363047,NA,"oob_r2",-0.0438359696602493,0.0196078431372549,TRUE,0.937867564534231,0.881481481481481,"5yr_pic"
"B","FOXD2","lm",1200,55,NA,0.655195239212986,NA,"cv_r2",NA,NA,NA,NA,NA,"5yr_pic"
"B","FOXD2","ridge",1200,55,NA,0.657513156172159,NA,"cv_r2",NA,NA,NA,NA,NA,"5yr_pic"
"B","FOXD2","spearman",1200,55,NA,0.357109412466762,NA,"cv_r2",NA,NA,NA,NA,NA,"5yr_pic"
"B","KLF6","rf",1200,55,0.840929160079386,0.843268305165151,NA,"oob_r2",-0.0429548650596465,0.0196078431372549,TRUE,0.937264710598044,0.77037037037037,"5yr_pic"
"B","KLF6","lm",1200,55,NA,0.82264742202392,NA,"cv_r2",NA,NA,NA,NA,NA,"5yr_pic"
"B","KLF6","ridge",1200,55,NA,0.822564817131123,NA,"cv_r2",NA,NA,NA,NA,NA,"5yr_pic"
"B","KLF6","spearman",1200,55,NA,0.688343427850435,NA,"cv_r2",NA,NA,NA,NA,NA,"5yr_pic"
"B","KLF3","rf",1200,55,0.81436268634835,0.815641251352825,NA,"oob_r2",-0.0368605401266096,0.0196078431372549,TRUE,0.934075677409011,0.844444444444444,"5yr_pic"
"B","KLF3","lm",1200,55,NA,0.797139209887101,NA,"cv_r2",NA,NA,NA,NA,NA,"5yr_pic"
"B","KLF3","ridge",1200,55,NA,0.795883892141495,NA,"cv_r2",NA,NA,NA,NA,NA,"5yr_pic"
"B","KLF3","spearman",1200,55,NA,0.592305161923492,NA,"cv_r2",NA,NA,NA,NA,NA,"5yr_pic"
"B","KLF8","rf",1200,55,0.627808449892625,0.618824585751017,NA,"oob_r2",-0.0439241818862465,0.0196078431372549,TRUE,0.920354337021004,0.82962962962963,"5yr_pic"
"B","KLF8","lm",1200,55,NA,0.5516271763444,NA,"cv_r2",NA,NA,NA,NA,NA,"5yr_pic"
"B","KLF8","ridge",1200,55,NA,0.55636533029128,NA,"cv_r2",NA,NA,NA,NA,NA,"5yr_pic"
"B","KLF8","spearman",1200,55,NA,0.397654356080495,NA,"cv_r2",NA,NA,NA,NA,NA,"5yr_pic"
"B","ZNF281","rf",1200,55,0.833736945121893,0.82846556493074,NA,"oob_r2",-0.0498458625353043,0.0196078431372549,TRUE,0.941091871091871,1,"5yr_pic"
"B","ZNF281","lm",1200,55,NA,0.769747818702,NA,"cv_r2",NA,NA,NA,NA,NA,"5yr_pic"
"B","ZNF281","ridge",1200,55,NA,0.771569249836042,NA,"cv_r2",NA,NA,NA,NA,NA,"5yr_pic"
"B","ZNF281","spearman",1200,55,NA,0.597799950370273,NA,"cv_r2",NA,NA,NA,NA,NA,"5yr_pic"
"B","ARID5B","rf",1200,55,0.758122411839918,0.759077363403702,NA,"oob_r2",-0.0352707544978001,0.0196078431372549,TRUE,0.941247394580728,1,"5yr_pic"
"B","ARID5B","lm",1200,55,NA,0.747529044981794,NA,"cv_r2",NA,NA,NA,NA,NA,"5yr_pic"
"B","ARID5B","ridge",1200,55,NA,0.747426055978022,NA,"cv_r2",NA,NA,NA,NA,NA,"5yr_pic"
"B","ARID5B","spearman",1200,55,NA,0.395356049437347,NA,"cv_r2",NA,NA,NA,NA,NA,"5yr_pic"
"B","REST","rf",1200,55,0.817161884661549,0.822493503959168,NA,"oob_r2",-0.049045516606116,0.0196078431372549,TRUE,0.940658970658971,0.933333333333333,"5yr_pic"
"B","REST","lm",1200,55,NA,0.769198596868832,NA,"cv_r2",NA,NA,NA,NA,NA,"5yr_pic"
"B","REST","ridge",1200,55,NA,0.770145529384414,NA,"cv_r2",NA,NA,NA,NA,NA,"5yr_pic"
"B","REST","spearman",1200,55,NA,0.6201078049214,NA,"cv_r2",NA,NA,NA,NA,NA,"5yr_pic"
"B","NFKB1","rf",1200,55,0.827420123554484,0.819845489048673,NA,"oob_r2",-0.0608408416300989,0.0196078431372549,TRUE,0.951184864518198,0.755555555555556,"5yr_pic"
"B","NFKB1","lm",1200,55,NA,0.746515752327318,NA,"cv_r2",NA,NA,NA,NA,NA,"5yr_pic"
"B","NFKB1","ridge",1200,55,NA,0.74828046588222,NA,"cv_r2",NA,NA,NA,NA,NA,"5yr_pic"
"B","NFKB1","spearman",1200,55,NA,0.570471806724807,NA,"cv_r2",NA,NA,NA,NA,NA,"5yr_pic"
"B","SP140","rf",1200,55,0.714066838217714,0.71065771707168,NA,"oob_r2",-0.0442654501989336,0.0196078431372549,TRUE,0.939426006092673,0.933333333333333,"5yr_pic"
"B","SP140","lm",1200,55,NA,0.688642986250264,NA,"cv_r2",NA,NA,NA,NA,NA,"5yr_pic"
"B","SP140","ridge",1200,55,NA,0.687990376127699,NA,"cv_r2",NA,NA,NA,NA,NA,"5yr_pic"
"B","SP140","spearman",1200,55,NA,0.364254838273633,NA,"cv_r2",NA,NA,NA,NA,NA,"5yr_pic"
"B","EGR2","rf",1200,55,0.822237574284267,0.817234598470081,NA,"oob_r2",-0.0538509579770199,0.0196078431372549,TRUE,0.948270001603335,0.740740740740741,"5yr_pic"
"B","EGR2","lm",1200,55,NA,0.728803667542691,NA,"cv_r2",NA,NA,NA,NA,NA,"5yr_pic"
"B","EGR2","ridge",1200,55,NA,0.731109807486371,NA,"cv_r2",NA,NA,NA,NA,NA,"5yr_pic"
"B","EGR2","spearman",1200,55,NA,0.534535955308647,NA,"cv_r2",NA,NA,NA,NA,NA,"5yr_pic"
"B","MLXIP","rf",1200,55,0.823478326648287,0.828014900739198,NA,"oob_r2",-0.0591802704790558,0.0196078431372549,TRUE,0.937072310405644,0.77037037037037,"5yr_pic"
"B","MLXIP","lm",1200,55,NA,0.727992460224485,NA,"cv_r2",NA,NA,NA,NA,NA,"5yr_pic"
"B","MLXIP","ridge",1200,55,NA,0.730183235235692,NA,"cv_r2",NA,NA,NA,NA,NA,"5yr_pic"
"B","MLXIP","spearman",1200,55,NA,0.519808925297852,NA,"cv_r2",NA,NA,NA,NA,NA,"5yr_pic"
"B","BBX","rf",1200,55,0.766948107671489,0.764647178578902,NA,"oob_r2",-0.0549350352714348,0.0196078431372549,TRUE,0.935440115440115,0.785185185185185,"5yr_pic"
"B","BBX","lm",1200,55,NA,0.721923894392501,NA,"cv_r2",NA,NA,NA,NA,NA,"5yr_pic"
"B","BBX","ridge",1200,55,NA,0.720647577086962,NA,"cv_r2",NA,NA,NA,NA,NA,"5yr_pic"
"B","BBX","spearman",1200,55,NA,0.356461382654415,NA,"cv_r2",NA,NA,NA,NA,NA,"5yr_pic"
"B","LEF1","rf",1200,55,0.793140492328932,0.793392468371748,NA,"oob_r2",-0.0470409707754524,0.0196078431372549,TRUE,0.946772486772487,0.881481481481481,"5yr_pic"
"B","LEF1","lm",1200,55,NA,0.736891331793705,NA,"cv_r2",NA,NA,NA,NA,NA,"5yr_pic"
"B","LEF1","ridge",1200,55,NA,0.735158215215008,NA,"cv_r2",NA,NA,NA,NA,NA,"5yr_pic"
"B","LEF1","spearman",1200,55,NA,0.341320343953208,NA,"cv_r2",NA,NA,NA,NA,NA,"5yr_pic"
"B","ID3","rf",1200,55,0.812164116831865,0.80749798424651,NA,"oob_r2",-0.0501569892456992,0.0196078431372549,TRUE,0.935930735930736,0.82962962962963,"5yr_pic"
"B","ID3","lm",1200,55,NA,0.75427176887121,NA,"cv_r2",NA,NA,NA,NA,NA,"5yr_pic"
"B","ID3","ridge",1200,55,NA,0.755129455916401,NA,"cv_r2",NA,NA,NA,NA,NA,"5yr_pic"
"B","ID3","spearman",1200,55,NA,0.587783526919525,NA,"cv_r2",NA,NA,NA,NA,NA,"5yr_pic"
"B","LMO2","rf",1200,55,0.825855947592979,0.821761330561595,NA,"oob_r2",-0.0379940190252124,0.0196078431372549,TRUE,0.954925444925445,0.881481481481481,"5yr_pic"
"B","LMO2","lm",1200,55,NA,0.763653094075418,NA,"cv_r2",NA,NA,NA,NA,NA,"5yr_pic"
"B","LMO2","ridge",1200,55,NA,0.762738748986408,NA,"cv_r2",NA,NA,NA,NA,NA,"5yr_pic"
"B","LMO2","spearman",1200,55,NA,0.552815946115352,NA,"cv_r2",NA,NA,NA,NA,NA,"5yr_pic"
"B","FOS","rf",1200,55,0.838606145014251,0.839815362242122,NA,"oob_r2",-0.0356614191014058,0.0196078431372549,TRUE,0.94372454705788,0.784126984126984,"5yr_pic"
"B","FOS","lm",1200,55,NA,0.800625783465978,NA,"cv_r2",NA,NA,NA,NA,NA,"5yr_pic"
"B","FOS","ridge",1200,55,NA,0.801180273655444,NA,"cv_r2",NA,NA,NA,NA,NA,"5yr_pic"
"B","FOS","spearman",1200,55,NA,0.671174256684829,NA,"cv_r2",NA,NA,NA,NA,NA,"5yr_pic"
"B","YBX1","rf",1200,55,0.803853767915596,0.800998997112346,NA,"oob_r2",-0.0423949956294058,0.0196078431372549,TRUE,0.95724226390893,1,"5yr_pic"
"B","YBX1","lm",1200,55,NA,0.756631004426581,NA,"cv_r2",NA,NA,NA,NA,NA,"5yr_pic"
"B","YBX1","ridge",1200,55,NA,0.755750168894392,NA,"cv_r2",NA,NA,NA,NA,NA,"5yr_pic"
"B","YBX1","spearman",1200,55,NA,0.374187628900875,NA,"cv_r2",NA,NA,NA,NA,NA,"5yr_pic"
"B","ZFY","rf",1200,55,0.82973245959922,0.831510811177762,NA,"oob_r2",-0.0484672495067583,0.0196078431372549,TRUE,0.95337822671156,1,"5yr_pic"
"B","ZFY","lm",1200,55,NA,0.786897047441781,NA,"cv_r2",NA,NA,NA,NA,NA,"5yr_pic"
"B","ZFY","ridge",1200,55,NA,0.786356572730579,NA,"cv_r2",NA,NA,NA,NA,NA,"5yr_pic"
"B","ZFY","spearman",1200,55,NA,0.350452551258258,NA,"cv_r2",NA,NA,NA,NA,NA,"5yr_pic"
"B","TFEC","rf",1200,55,0.843724413462206,0.83935756842587,NA,"oob_r2",-0.0430571568098532,0.0196078431372549,TRUE,0.95619368286035,1,"5yr_pic"
"B","TFEC","lm",1200,55,NA,0.782488039925615,NA,"cv_r2",NA,NA,NA,NA,NA,"5yr_pic"
"B","TFEC","ridge",1200,55,NA,0.783251211773582,NA,"cv_r2",NA,NA,NA,NA,NA,"5yr_pic"
"B","TFEC","spearman",1200,55,NA,0.475005905798746,NA,"cv_r2",NA,NA,NA,NA,NA,"5yr_pic"
"B","IKZF3","rf",1200,55,0.854603991876313,0.84450320791858,NA,"oob_r2",-0.0426042420014888,0.0196078431372549,TRUE,0.935204425204425,0.77037037037037,"5yr_pic"
"B","IKZF3","lm",1200,55,NA,0.794992636508095,NA,"cv_r2",NA,NA,NA,NA,NA,"5yr_pic"
"B","IKZF3","ridge",1200,55,NA,0.791224482387568,NA,"cv_r2",NA,NA,NA,NA,NA,"5yr_pic"
"B","IKZF3","spearman",1200,55,NA,0.382082983640536,NA,"cv_r2",NA,NA,NA,NA,NA,"5yr_pic"
"B","ZFP28","rf",1200,55,0.83217732155305,0.83245842361222,NA,"oob_r2",-0.0476902293248925,0.0196078431372549,TRUE,0.948141734808401,0.933333333333333,"5yr_pic"
"B","ZFP28","lm",1200,55,NA,0.811171137482724,NA,"cv_r2",NA,NA,NA,NA,NA,"5yr_pic"
"B","ZFP28","ridge",1200,55,NA,0.808476698207511,NA,"cv_r2",NA,NA,NA,NA,NA,"5yr_pic"
"B","ZFP28","spearman",1200,55,NA,0.453922360844342,NA,"cv_r2",NA,NA,NA,NA,NA,"5yr_pic"
"B","HIVEP2","rf",1200,55,0.835747041737895,0.828788605560233,NA,"oob_r2",-0.0418619500529562,0.0196078431372549,TRUE,0.93996632996633,0.881481481481481,"5yr_pic"
"B","HIVEP2","lm",1200,55,NA,0.798985121917725,NA,"cv_r2",NA,NA,NA,NA,NA,"5yr_pic"
"B","HIVEP2","ridge",1200,55,NA,0.79697414896731,NA,"cv_r2",NA,NA,NA,NA,NA,"5yr_pic"
"B","HIVEP2","spearman",1200,55,NA,0.410639212126475,NA,"cv_r2",NA,NA,NA,NA,NA,"5yr_pic"
"B","KLF2","rf",1200,55,0.822374844644584,0.823469565690568,NA,"oob_r2",-0.0383950074897978,0.0196078431372549,TRUE,0.938197851531185,1,"5yr_pic"
"B","KLF2","lm",1200,55,NA,0.77743266784392,NA,"cv_r2",NA,NA,NA,NA,NA,"5yr_pic"
"B","KLF2","ridge",1200,55,NA,0.776845888129354,NA,"cv_r2",NA,NA,NA,NA,NA,"5yr_pic"
"B","KLF2","spearman",1200,55,NA,0.296048894009602,NA,"cv_r2",NA,NA,NA,NA,NA,"5yr_pic"
"B","FOXO1","rf",1200,55,0.856544013166597,0.854628409282288,NA,"oob_r2",-0.0486022814466524,0.0196078431372549,TRUE,0.928128908128908,0.8,"5yr_pic"
"B","FOXO1","lm",1200,55,NA,0.846606227460511,NA,"cv_r2",NA,NA,NA,NA,NA,"5yr_pic"
"B","FOXO1","ridge",1200,55,NA,0.844166536647967,NA,"cv_r2",NA,NA,NA,NA,NA,"5yr_pic"
"B","FOXO1","spearman",1200,55,NA,0.415532704715991,NA,"cv_r2",NA,NA,NA,NA,NA,"5yr_pic"
"B","SPIB","rf",1200,55,0.88867089465771,0.88351697523086,NA,"oob_r2",-0.0491790487885855,0.0196078431372549,TRUE,0.948900112233446,1,"5yr_pic"
"B","SPIB","lm",1200,55,NA,0.863181191002334,NA,"cv_r2",NA,NA,NA,NA,NA,"5yr_pic"
"B","SPIB","ridge",1200,55,NA,0.863127404086964,NA,"cv_r2",NA,NA,NA,NA,NA,"5yr_pic"
"B","SPIB","spearman",1200,55,NA,0.458927911085907,NA,"cv_r2",NA,NA,NA,NA,NA,"5yr_pic"
"B","NFIX","rf",1200,55,0.879042738544419,0.876178696617222,NA,"oob_r2",-0.0460200936437398,0.0196078431372549,TRUE,0.930941157607824,0.933333333333333,"5yr_pic"
"B","NFIX","lm",1200,55,NA,0.831340674173064,NA,"cv_r2",NA,NA,NA,NA,NA,"5yr_pic"
"B","NFIX","ridge",1200,55,NA,0.828204969753307,NA,"cv_r2",NA,NA,NA,NA,NA,"5yr_pic"
"B","NFIX","spearman",1200,55,NA,0.429448202554916,NA,"cv_r2",NA,NA,NA,NA,NA,"5yr_pic"
"B","BACH2","rf",1200,55,0.853699727092652,0.853837056447094,NA,"oob_r2",-0.0453495424300956,0.0196078431372549,TRUE,0.961072631072631,0.881481481481481,"5yr_pic"
"B","BACH2","lm",1200,55,NA,0.809597234474501,NA,"cv_r2",NA,NA,NA,NA,NA,"5yr_pic"
"B","BACH2","ridge",1200,55,NA,0.809786560017057,NA,"cv_r2",NA,NA,NA,NA,NA,"5yr_pic"
"B","BACH2","spearman",1200,55,NA,0.381461524188374,NA,"cv_r2",NA,NA,NA,NA,NA,"5yr_pic"
"B","TCF4","rf",1200,55,0.87743709559795,0.877067723157086,NA,"oob_r2",-0.0506278163937732,0.0196078431372549,TRUE,0.934726631393298,0.933333333333333,"5yr_pic"
"B","TCF4","lm",1200,55,NA,0.862114540038567,NA,"cv_r2",NA,NA,NA,NA,NA,"5yr_pic"
"B","TCF4","ridge",1200,55,NA,0.858563664595163,NA,"cv_r2",NA,NA,NA,NA,NA,"5yr_pic"
"B","TCF4","spearman",1200,55,NA,0.558580778459802,NA,"cv_r2",NA,NA,NA,NA,NA,"5yr_pic"
"B","CEBPZ","rf",1200,55,0.855080927758189,0.851450035816454,NA,"oob_r2",-0.0446238744736853,0.0196078431372549,TRUE,0.961624178290845,0.881481481481481,"5yr_pic"
"B","CEBPZ","lm",1200,55,NA,0.8293427850217,NA,"cv_r2",NA,NA,NA,NA,NA,"5yr_pic"
"B","CEBPZ","ridge",1200,55,NA,0.827692249907929,NA,"cv_r2",NA,NA,NA,NA,NA,"5yr_pic"
"B","CEBPZ","spearman",1200,55,NA,0.413175114362835,NA,"cv_r2",NA,NA,NA,NA,NA,"5yr_pic"
"B","ZBTB16","rf",1200,55,0.862862710903113,0.863793069224911,NA,"oob_r2",-0.0432113085168313,0.0196078431372549,TRUE,0.938879268879269,0.933333333333333,"5yr_pic"
"B","ZBTB16","lm",1200,55,NA,0.841316016252303,NA,"cv_r2",NA,NA,NA,NA,NA,"5yr_pic"
"B","ZBTB16","ridge",1200,55,NA,0.839870099210709,NA,"cv_r2",NA,NA,NA,NA,NA,"5yr_pic"
"B","ZBTB16","spearman",1200,55,NA,0.402147050581663,NA,"cv_r2",NA,NA,NA,NA,NA,"5yr_pic"
"B","FOXP1","rf",1200,55,0.897325019872255,0.893343612920918,NA,"oob_r2",-0.0458822021678732,0.0196078431372549,TRUE,0.938298861632195,1,"5yr_pic"
"B","FOXP1","lm",1200,55,NA,0.87335355431994,NA,"cv_r2",NA,NA,NA,NA,NA,"5yr_pic"
"B","FOXP1","ridge",1200,55,NA,0.870902969873842,NA,"cv_r2",NA,NA,NA,NA,NA,"5yr_pic"
"B","FOXP1","spearman",1200,55,NA,0.394438959507434,NA,"cv_r2",NA,NA,NA,NA,NA,"5yr_pic"
"B","HEY2","rf",1200,55,0.854062090892714,0.854276291634967,NA,"oob_r2",-0.0426627406680885,0.0196078431372549,TRUE,0.942453102453102,0.740740740740741,"5yr_pic"
"B","HEY2","lm",1200,55,NA,0.794447963020211,NA,"cv_r2",NA,NA,NA,NA,NA,"5yr_pic"
"B","HEY2","ridge",1200,55,NA,0.793428919308204,NA,"cv_r2",NA,NA,NA,NA,NA,"5yr_pic"
"B","HEY2","spearman",1200,55,NA,0.378042297099221,NA,"cv_r2",NA,NA,NA,NA,NA,"5yr_pic"
"B","BCL6","rf",1200,55,0.90174944104118,0.900566905634073,NA,"oob_r2",-0.0476352285607313,0.0196078431372549,TRUE,0.931093474426808,1,"5yr_pic"
"B","BCL6","lm",1200,55,NA,0.877346443527468,NA,"cv_r2",NA,NA,NA,NA,NA,"5yr_pic"
"B","BCL6","ridge",1200,55,NA,0.876474891012328,NA,"cv_r2",NA,NA,NA,NA,NA,"5yr_pic"
"B","BCL6","spearman",1200,55,NA,0.464738468618425,NA,"cv_r2",NA,NA,NA,NA,NA,"5yr_pic"
"B","TGIF1","rf",1200,55,0.89364164563837,0.889643423947177,NA,"oob_r2",-0.0449043078379448,0.0196078431372549,TRUE,0.94374859708193,1,"5yr_pic"
"B","TGIF1","lm",1200,55,NA,0.870039074274606,NA,"cv_r2",NA,NA,NA,NA,NA,"5yr_pic"
"B","TGIF1","ridge",1200,55,NA,0.867750659439353,NA,"cv_r2",NA,NA,NA,NA,NA,"5yr_pic"
"B","TGIF1","spearman",1200,55,NA,0.474953497022873,NA,"cv_r2",NA,NA,NA,NA,NA,"5yr_pic"
"B","HIVEP3","rf",1200,55,0.867974778754231,0.863531599454973,NA,"oob_r2",-0.0474912565549183,0.0196078431372549,TRUE,0.948160974827641,0.822222222222222,"5yr_pic"
"B","HIVEP3","lm",1200,55,NA,0.841919428536731,NA,"cv_r2",NA,NA,NA,NA,NA,"5yr_pic"
"B","HIVEP3","ridge",1200,55,NA,0.839256612933063,NA,"cv_r2",NA,NA,NA,NA,NA,"5yr_pic"
"B","HIVEP3","spearman",1200,55,NA,0.443502630325871,NA,"cv_r2",NA,NA,NA,NA,NA,"5yr_pic"
"B","SP100","rf",1200,55,0.875112096090587,0.871275318590486,NA,"oob_r2",-0.0422104939867759,0.0196078431372549,TRUE,0.908542568542568,0.8,"5yr_pic"
"B","SP100","lm",1200,55,NA,0.839482359855991,NA,"cv_r2",NA,NA,NA,NA,NA,"5yr_pic"
"B","SP100","ridge",1200,55,NA,0.837302646525548,NA,"cv_r2",NA,NA,NA,NA,NA,"5yr_pic"
"B","SP100","spearman",1200,55,NA,0.382215068905411,NA,"cv_r2",NA,NA,NA,NA,NA,"5yr_pic"
"B","THRA","rf",1200,55,0.897492730347774,0.89364035837662,NA,"oob_r2",-0.0384267012231569,0.0196078431372549,TRUE,0.935284591951259,0.814814814814815,"5yr_pic"
"B","THRA","lm",1200,55,NA,0.86926351314418,NA,"cv_r2",NA,NA,NA,NA,NA,"5yr_pic"
"B","THRA","ridge",1200,55,NA,0.867331708819218,NA,"cv_r2",NA,NA,NA,NA,NA,"5yr_pic"
"B","THRA","spearman",1200,55,NA,0.446395376165091,NA,"cv_r2",NA,NA,NA,NA,NA,"5yr_pic"
"B","PLAG1","rf",1200,55,0.868862142239537,0.864671836401179,NA,"oob_r2",-0.0409610847919428,0.0196078431372549,TRUE,0.94288279621613,1,"5yr_pic"
"B","PLAG1","lm",1200,55,NA,0.843897591775024,NA,"cv_r2",NA,NA,NA,NA,NA,"5yr_pic"
"B","PLAG1","ridge",1200,55,NA,0.841571955739986,NA,"cv_r2",NA,NA,NA,NA,NA,"5yr_pic"
"B","PLAG1","spearman",1200,55,NA,0.396912996905087,NA,"cv_r2",NA,NA,NA,NA,NA,"5yr_pic"
"B","FOSB","rf",1200,55,0.896626256571433,0.89280084595773,NA,"oob_r2",-0.0498496545158393,0.0196078431372549,TRUE,0.945605258938592,1,"5yr_pic"
"B","FOSB","lm",1200,55,NA,0.860959600752255,NA,"cv_r2",NA,NA,NA,NA,NA,"5yr_pic"
"B","FOSB","ridge",1200,55,NA,0.857183656932178,NA,"cv_r2",NA,NA,NA,NA,NA,"5yr_pic"
"B","FOSB","spearman",1200,55,NA,0.42987917460161,NA,"cv_r2",NA,NA,NA,NA,NA,"5yr_pic"
"B","BACH1","rf",1200,55,0.886624564999291,0.883413164365757,NA,"oob_r2",-0.0415290771188597,0.0196078431372549,TRUE,0.944532627865961,0.82962962962963,"5yr_pic"
"B","BACH1","lm",1200,55,NA,0.855946200904442,NA,"cv_r2",NA,NA,NA,NA,NA,"5yr_pic"
"B","BACH1","ridge",1200,55,NA,0.853359338840791,NA,"cv_r2",NA,NA,NA,NA,NA,"5yr_pic"
"B","BACH1","spearman",1200,55,NA,0.461439717376837,NA,"cv_r2",NA,NA,NA,NA,NA,"5yr_pic"
"B","ATF4","rf",1200,55,0.898733807174906,0.893842533935297,NA,"oob_r2",-0.0488149222671755,0.0196078431372549,TRUE,0.951277857944525,0.933333333333333,"5yr_pic"
"B","ATF4","lm",1200,55,NA,0.871527094073824,NA,"cv_r2",NA,NA,NA,NA,NA,"5yr_pic"
"B","ATF4","ridge",1200,55,NA,0.868635753640532,NA,"cv_r2",NA,NA,NA,NA,NA,"5yr_pic"
"B","ATF4","spearman",1200,55,NA,0.421956420362517,NA,"cv_r2",NA,NA,NA,NA,NA,"5yr_pic"
"B","SMARCA5","rf",1200,55,0.88562344046487,0.880645039735519,NA,"oob_r2",-0.040615020645412,0.0196078431372549,TRUE,0.959637646304313,1,"5yr_pic"
"B","SMARCA5","lm",1200,55,NA,0.850787647805068,NA,"cv_r2",NA,NA,NA,NA,NA,"5yr_pic"
"B","SMARCA5","ridge",1200,55,NA,0.849727658530527,NA,"cv_r2",NA,NA,NA,NA,NA,"5yr_pic"
"B","SMARCA5","spearman",1200,55,NA,0.39112623739795,NA,"cv_r2",NA,NA,NA,NA,NA,"5yr_pic"
"B","MAFG","rf",1200,55,0.889697362115506,0.892379371773119,NA,"oob_r2",-0.0448179387527967,0.0196078431372549,TRUE,0.955404842071509,0.785185185185185,"5yr_pic"
"B","MAFG","lm",1200,55,NA,0.86718180409412,NA,"cv_r2",NA,NA,NA,NA,NA,"5yr_pic"
"B","MAFG","ridge",1200,55,NA,0.863172398645914,NA,"cv_r2",NA,NA,NA,NA,NA,"5yr_pic"
"B","MAFG","spearman",1200,55,NA,0.4517456556024,NA,"cv_r2",NA,NA,NA,NA,NA,"5yr_pic"
"B","NFE2L2","rf",1200,55,0.869034303902594,0.870608218183226,NA,"oob_r2",-0.0497548498033025,0.0196078431372549,TRUE,0.957048260381594,1,"5yr_pic"
"B","NFE2L2","lm",1200,55,NA,0.828527485245909,NA,"cv_r2",NA,NA,NA,NA,NA,"5yr_pic"
"B","NFE2L2","ridge",1200,55,NA,0.828337209986619,NA,"cv_r2",NA,NA,NA,NA,NA,"5yr_pic"
"B","NFE2L2","spearman",1200,55,NA,0.386005574154127,NA,"cv_r2",NA,NA,NA,NA,NA,"5yr_pic"
"B","NFKB2","rf",1200,55,0.896664469328036,0.896810334918621,NA,"oob_r2",-0.0439573767413355,0.0196078431372549,TRUE,0.948614718614719,0.881481481481482,"5yr_pic"
"B","NFKB2","lm",1200,55,NA,0.858507044119581,NA,"cv_r2",NA,NA,NA,NA,NA,"5yr_pic"
"B","NFKB2","ridge",1200,55,NA,0.855854949940249,NA,"cv_r2",NA,NA,NA,NA,NA,"5yr_pic"
"B","NFKB2","spearman",1200,55,NA,0.461943153728771,NA,"cv_r2",NA,NA,NA,NA,NA,"5yr_pic"
"B","ATF5","rf",1200,55,0.892172862244506,0.888909817689591,NA,"oob_r2",-0.0452032736009954,0.0196078431372549,TRUE,0.94065416065416,1,"5yr_pic"
"B","ATF5","lm",1200,55,NA,0.868452427399407,NA,"cv_r2",NA,NA,NA,NA,NA,"5yr_pic"
"B","ATF5","ridge",1200,55,NA,0.866286630712561,NA,"cv_r2",NA,NA,NA,NA,NA,"5yr_pic"
"B","ATF5","spearman",1200,55,NA,0.430993964214347,NA,"cv_r2",NA,NA,NA,NA,NA,"5yr_pic"
"B","FOSL2","rf",1200,55,0.90981539033506,0.906380503182697,NA,"oob_r2",-0.0458672124815512,0.0196078431372549,TRUE,0.951422158088825,0.874074074074074,"5yr_pic"
"B","FOSL2","lm",1200,55,NA,0.874713004240456,NA,"cv_r2",NA,NA,NA,NA,NA,"5yr_pic"
"B","FOSL2","ridge",1200,55,NA,0.869061163260102,NA,"cv_r2",NA,NA,NA,NA,NA,"5yr_pic"
"B","FOSL2","spearman",1200,55,NA,0.410683747466462,NA,"cv_r2",NA,NA,NA,NA,NA,"5yr_pic"
"B","NR4A2","rf",1200,55,0.888308042124375,0.885684008597212,NA,"oob_r2",-0.04033467215107,0.0196078431372549,TRUE,0.954761904761905,0.785185185185185,"5yr_pic"
"B","NR4A2","lm",1200,55,NA,0.861069750105403,NA,"cv_r2",NA,NA,NA,NA,NA,"5yr_pic"
"B","NR4A2","ridge",1200,55,NA,0.857562762420696,NA,"cv_r2",NA,NA,NA,NA,NA,"5yr_pic"
"B","NR4A2","spearman",1200,55,NA,0.416846624079732,NA,"cv_r2",NA,NA,NA,NA,NA,"5yr_pic"
"B","RFX1","rf",1200,55,0.882413892179118,0.882470287499514,NA,"oob_r2",-0.0434698495368365,0.0196078431372549,TRUE,0.9439265672599,0.82962962962963,"5yr_pic"
"B","RFX1","lm",1200,55,NA,0.848955501391101,NA,"cv_r2",NA,NA,NA,NA,NA,"5yr_pic"
"B","RFX1","ridge",1200,55,NA,0.84591177118061,NA,"cv_r2",NA,NA,NA,NA,NA,"5yr_pic"
"B","RFX1","spearman",1200,55,NA,0.42751764768096,NA,"cv_r2",NA,NA,NA,NA,NA,"5yr_pic"
"B","NR2F6","rf",1200,55,0.875206836234743,0.87547923148358,NA,"oob_r2",-0.0426589961894594,0.0196078431372549,TRUE,0.938638768638769,0.785185185185185,"5yr_pic"
"B","NR2F6","lm",1200,55,NA,0.846933611643406,NA,"cv_r2",NA,NA,NA,NA,NA,"5yr_pic"
"B","NR2F6","ridge",1200,55,NA,0.84455648383931,NA,"cv_r2",NA,NA,NA,NA,NA,"5yr_pic"
"B","NR2F6","spearman",1200,55,NA,0.411278241929626,NA,"cv_r2",NA,NA,NA,NA,NA,"5yr_pic"
"B","MAFB","rf",1200,55,0.891824008227691,0.889730295633621,NA,"oob_r2",-0.0488061989078923,0.0196078431372549,TRUE,0.925861792528459,0.792592592592593,"5yr_pic"
"B","MAFB","lm",1200,55,NA,0.86386049490089,NA,"cv_r2",NA,NA,NA,NA,NA,"5yr_pic"
"B","MAFB","ridge",1200,55,NA,0.86103663836311,NA,"cv_r2",NA,NA,NA,NA,NA,"5yr_pic"
"B","MAFB","spearman",1200,55,NA,0.409720084387125,NA,"cv_r2",NA,NA,NA,NA,NA,"5yr_pic"
"B","KLF9","rf",1200,55,0.877143372314341,0.872674947021866,NA,"oob_r2",-0.0533973947733524,0.0196078431372549,TRUE,0.943006253006253,0.82962962962963,"5yr_pic"
"B","KLF9","lm",1200,55,NA,0.85130143465904,NA,"cv_r2",NA,NA,NA,NA,NA,"5yr_pic"
"B","KLF9","ridge",1200,55,NA,0.849463410269575,NA,"cv_r2",NA,NA,NA,NA,NA,"5yr_pic"
"B","KLF9","spearman",1200,55,NA,0.390631153944527,NA,"cv_r2",NA,NA,NA,NA,NA,"5yr_pic"
"B","REL","rf",1200,55,0.885013266862734,0.881079979801234,NA,"oob_r2",-0.0409495556311979,0.0196078431372549,TRUE,0.944553471220138,0.874074074074074,"5yr_pic"
"B","REL","lm",1200,55,NA,0.857351234154363,NA,"cv_r2",NA,NA,NA,NA,NA,"5yr_pic"
"B","REL","ridge",1200,55,NA,0.853610239992197,NA,"cv_r2",NA,NA,NA,NA,NA,"5yr_pic"
"B","REL","spearman",1200,55,NA,0.444286937902768,NA,"cv_r2",NA,NA,NA,NA,NA,"5yr_pic"
"B","NR4A3","rf",1200,55,0.88585647253755,0.884048022250836,NA,"oob_r2",-0.0415498654102328,0.0196078431372549,TRUE,0.936879910213243,1,"5yr_pic"
"B","NR4A3","lm",1200,55,NA,0.862543868302405,NA,"cv_r2",NA,NA,NA,NA,NA,"5yr_pic"
"B","NR4A3","ridge",1200,55,NA,0.858841604283077,NA,"cv_r2",NA,NA,NA,NA,NA,"5yr_pic"
"B","NR4A3","spearman",1200,55,NA,0.414049722795157,NA,"cv_r2",NA,NA,NA,NA,NA,"5yr_pic"
"B","CTCF","rf",1200,55,0.88202445167784,0.878615556898859,NA,"oob_r2",-0.0358205449249799,0.0196078431372549,TRUE,0.926475869809203,0.844444444444444,"5yr_pic"
"B","CTCF","lm",1200,55,NA,0.869186655247011,NA,"cv_r2",NA,NA,NA,NA,NA,"5yr_pic"
"B","CTCF","ridge",1200,55,NA,0.86721957377105,NA,"cv_r2",NA,NA,NA,NA,NA,"5yr_pic"
"B","CTCF","spearman",1200,55,NA,0.417294140025304,NA,"cv_r2",NA,NA,NA,NA,NA,"5yr_pic"
"B","MYB","rf",1200,55,0.901061634371465,0.899618073436886,NA,"oob_r2",-0.046084571175108,0.0196078431372549,TRUE,0.95310405643739,1,"5yr_pic"
"B","MYB","lm",1200,55,NA,0.869778264580834,NA,"cv_r2",NA,NA,NA,NA,NA,"5yr_pic"
"B","MYB","ridge",1200,55,NA,0.865463120294193,NA,"cv_r2",NA,NA,NA,NA,NA,"5yr_pic"
"B","MYB","spearman",1200,55,NA,0.415692131979336,NA,"cv_r2",NA,NA,NA,NA,NA,"5yr_pic"
"B","FOXN3","rf",1200,55,0.905617048974286,0.906250726614042,NA,"oob_r2",-0.0406462919738454,0.0196078431372549,TRUE,0.931212121212121,0.844444444444444,"5yr_pic"
"B","FOXN3","lm",1200,55,NA,0.878855986377032,NA,"cv_r2",NA,NA,NA,NA,NA,"5yr_pic"
"B","FOXN3","ridge",1200,55,NA,0.876195777398052,NA,"cv_r2",NA,NA,NA,NA,NA,"5yr_pic"
"B","FOXN3","spearman",1200,55,NA,0.488254607424947,NA,"cv_r2",NA,NA,NA,NA,NA,"5yr_pic"
"B","HESX1","rf",1200,55,0.90410525634302,0.899915381137665,NA,"oob_r2",-0.048520663950896,0.0196078431372549,TRUE,0.943928170594837,0.785185185185185,"5yr_pic"
"B","HESX1","lm",1200,55,NA,0.866658441811118,NA,"cv_r2",NA,NA,NA,NA,NA,"5yr_pic"
"B","HESX1","ridge",1200,55,NA,0.863215071875838,NA,"cv_r2",NA,NA,NA,NA,NA,"5yr_pic"
"B","HESX1","spearman",1200,55,NA,0.383808686635149,NA,"cv_r2",NA,NA,NA,NA,NA,"5yr_pic"
"B","CHD2","rf",1200,55,0.891471725582268,0.890668992642932,NA,"oob_r2",-0.039977652964922,0.0196078431372549,TRUE,0.947340067340067,0.753439153439153,"5yr_pic"
"B","CHD2","lm",1200,55,NA,0.857633308032484,NA,"cv_r2",NA,NA,NA,NA,NA,"5yr_pic"
"B","CHD2","ridge",1200,55,NA,0.855663377890281,NA,"cv_r2",NA,NA,NA,NA,NA,"5yr_pic"
"B","CHD2","spearman",1200,55,NA,0.442259568792519,NA,"cv_r2",NA,NA,NA,NA,NA,"5yr_pic"
"B","EGR3","rf",1200,55,0.899917882917064,0.900153435813941,NA,"oob_r2",-0.0410820197229225,0.0196078431372549,TRUE,0.954361071027738,0.822222222222222,"5yr_pic"
"B","EGR3","lm",1200,55,NA,0.881414872725974,NA,"cv_r2",NA,NA,NA,NA,NA,"5yr_pic"
"B","EGR3","ridge",1200,55,NA,0.879155428502516,NA,"cv_r2",NA,NA,NA,NA,NA,"5yr_pic"
"B","EGR3","spearman",1200,55,NA,0.442737791621832,NA,"cv_r2",NA,NA,NA,NA,NA,"5yr_pic"
"B","MYEF2","rf",1200,55,0.878223369083575,0.874060855233993,NA,"oob_r2",-0.0434824854551873,0.0196078431372549,TRUE,0.931273047939715,1,"5yr_pic"
"B","MYEF2","lm",1200,55,NA,0.856528005237208,NA,"cv_r2",NA,NA,NA,NA,NA,"5yr_pic"
"B","MYEF2","ridge",1200,55,NA,0.853581585974957,NA,"cv_r2",NA,NA,NA,NA,NA,"5yr_pic"
"B","MYEF2","spearman",1200,55,NA,0.475600026855244,NA,"cv_r2",NA,NA,NA,NA,NA,"5yr_pic"
"B","MEF2C","rf",1200,55,0.873754526935249,0.872668013377612,NA,"oob_r2",-0.0458825192485826,0.0196078431372549,TRUE,0.933583453583454,1,"5yr_pic"
"B","MEF2C","lm",1200,55,NA,0.852152310053631,NA,"cv_r2",NA,NA,NA,NA,NA,"5yr_pic"
"B","MEF2C","ridge",1200,55,NA,0.849983755245579,NA,"cv_r2",NA,NA,NA,NA,NA,"5yr_pic"
"B","MEF2C","spearman",1200,55,NA,0.431090538043357,NA,"cv_r2",NA,NA,NA,NA,NA,"5yr_pic"
"B","PURA","rf",1200,55,0.901746630186171,0.899431057941725,NA,"oob_r2",-0.0479123493920376,0.0196078431372549,TRUE,0.95020683020683,0.740740740740741,"5yr_pic"
"B","PURA","lm",1200,55,NA,0.868201561277999,NA,"cv_r2",NA,NA,NA,NA,NA,"5yr_pic"
"B","PURA","ridge",1200,55,NA,0.865436518376917,NA,"cv_r2",NA,NA,NA,NA,NA,"5yr_pic"
"B","PURA","spearman",1200,55,NA,0.458095310118028,NA,"cv_r2",NA,NA,NA,NA,NA,"5yr_pic"
"B","KLF15","rf",1200,55,0.911857115905172,0.909845972263216,NA,"oob_r2",-0.0339274516631022,0.0196078431372549,TRUE,0.948775052108385,0.792592592592593,"5yr_pic"
"B","KLF15","lm",1200,55,NA,0.879207173008441,NA,"cv_r2",NA,NA,NA,NA,NA,"5yr_pic"
"B","KLF15","ridge",1200,55,NA,0.87533139635701,NA,"cv_r2",NA,NA,NA,NA,NA,"5yr_pic"
"B","KLF15","spearman",1200,55,NA,0.460561243546737,NA,"cv_r2",NA,NA,NA,NA,NA,"5yr_pic"
"B","ETS1","rf",1200,55,0.885755627523445,0.882970618492349,NA,"oob_r2",-0.0398010654478394,0.0196078431372549,TRUE,0.936134359467693,0.792592592592593,"5yr_pic"
"B","ETS1","lm",1200,55,NA,0.851870013935903,NA,"cv_r2",NA,NA,NA,NA,NA,"5yr_pic"
"B","ETS1","ridge",1200,55,NA,0.850837448077014,NA,"cv_r2",NA,NA,NA,NA,NA,"5yr_pic"
"B","ETS1","spearman",1200,55,NA,0.41118896216303,NA,"cv_r2",NA,NA,NA,NA,NA,"5yr_pic"
"B","FOXP3","rf",1200,55,0.91833275354023,0.912843976420615,NA,"oob_r2",-0.0469630658247191,0.0196078431372549,TRUE,0.947162097162097,0.874074074074074,"5yr_pic"
"B","FOXP3","lm",1200,55,NA,0.893257240875327,NA,"cv_r2",NA,NA,NA,NA,NA,"5yr_pic"
"B","FOXP3","ridge",1200,55,NA,0.890449125311141,NA,"cv_r2",NA,NA,NA,NA,NA,"5yr_pic"
"B","FOXP3","spearman",1200,55,NA,0.464979156402621,NA,"cv_r2",NA,NA,NA,NA,NA,"5yr_pic"
"B","BATF3","rf",1200,55,0.905187165514613,0.901395059678747,NA,"oob_r2",-0.047138285329508,0.0196078431372549,TRUE,0.948348565015232,1,"5yr_pic"
"B","BATF3","lm",1200,55,NA,0.88510496332117,NA,"cv_r2",NA,NA,NA,NA,NA,"5yr_pic"
"B","BATF3","ridge",1200,55,NA,0.881129154018093,NA,"cv_r2",NA,NA,NA,NA,NA,"5yr_pic"
"B","BATF3","spearman",1200,55,NA,0.423200212591318,NA,"cv_r2",NA,NA,NA,NA,NA,"5yr_pic"
"B","NR4A1","rf",1200,55,0.895308817107194,0.891337189843106,NA,"oob_r2",-0.0462403120715602,0.0196078431372549,TRUE,0.944149430816097,0.8,"5yr_pic"
"B","NR4A1","lm",1200,55,NA,0.86373732325101,NA,"cv_r2",NA,NA,NA,NA,NA,"5yr_pic"
"B","NR4A1","ridge",1200,55,NA,0.860358907265612,NA,"cv_r2",NA,NA,NA,NA,NA,"5yr_pic"
"B","NR4A1","spearman",1200,55,NA,0.380411271404699,NA,"cv_r2",NA,NA,NA,NA,NA,"5yr_pic"
"B","MYBL1","rf",1200,55,0.928329873024882,0.927270504833364,NA,"oob_r2",-0.0387350809122813,0.0196078431372549,TRUE,0.942140452140452,0.844444444444444,"5yr_pic"
"B","MYBL1","lm",1200,55,NA,0.897695661077834,NA,"cv_r2",NA,NA,NA,NA,NA,"5yr_pic"
"B","MYBL1","ridge",1200,55,NA,0.893536515694284,NA,"cv_r2",NA,NA,NA,NA,NA,"5yr_pic"
"B","MYBL1","spearman",1200,55,NA,0.456602201897296,NA,"cv_r2",NA,NA,NA,NA,NA,"5yr_pic"
"B","BDP1","rf",1200,55,0.871479210862186,0.865414985810222,NA,"oob_r2",-0.0444306550528231,0.0196078431372549,TRUE,0.921643418310085,0.740740740740741,"5yr_pic"
"B","BDP1","lm",1200,55,NA,0.835714291320088,NA,"cv_r2",NA,NA,NA,NA,NA,"5yr_pic"
"B","BDP1","ridge",1200,55,NA,0.833931352456112,NA,"cv_r2",NA,NA,NA,NA,NA,"5yr_pic"
"B","BDP1","spearman",1200,55,NA,0.377051535916159,NA,"cv_r2",NA,NA,NA,NA,NA,"5yr_pic"
"B","EGR1","rf",1200,55,0.900488762112404,0.893583063257749,NA,"oob_r2",-0.043240526291745,0.0196078431372549,TRUE,0.957104377104377,0.82962962962963,"5yr_pic"
"B","EGR1","lm",1200,55,NA,0.85619902356665,NA,"cv_r2",NA,NA,NA,NA,NA,"5yr_pic"
"B","EGR1","ridge",1200,55,NA,0.852795952396869,NA,"cv_r2",NA,NA,NA,NA,NA,"5yr_pic"
"B","EGR1","spearman",1200,55,NA,0.426328057918489,NA,"cv_r2",NA,NA,NA,NA,NA,"5yr_pic"
"B","ARNTL2","rf",1200,55,0.928944448372696,0.925949160499121,NA,"oob_r2",-0.0397608161454324,0.0196078431372549,TRUE,0.952432259098926,0.740740740740741,"5yr_pic"
"B","ARNTL2","lm",1200,55,NA,0.890930519910085,NA,"cv_r2",NA,NA,NA,NA,NA,"5yr_pic"
"B","ARNTL2","ridge",1200,55,NA,0.886610702201438,NA,"cv_r2",NA,NA,NA,NA,NA,"5yr_pic"
"B","ARNTL2","spearman",1200,55,NA,0.445863099736384,NA,"cv_r2",NA,NA,NA,NA,NA,"5yr_pic"
"B","NR3C1","rf",1200,55,0.883534794310989,0.88083108905806,NA,"oob_r2",-0.0465834052312292,0.0196078431372549,TRUE,0.942802629469296,0.785185185185185,"5yr_pic"
"B","NR3C1","lm",1200,55,NA,0.847515837349017,NA,"cv_r2",NA,NA,NA,NA,NA,"5yr_pic"
"B","NR3C1","ridge",1200,55,NA,0.84432589969377,NA,"cv_r2",NA,NA,NA,NA,NA,"5yr_pic"
"B","NR3C1","spearman",1200,55,NA,0.394681418766179,NA,"cv_r2",NA,NA,NA,NA,NA,"5yr_pic"
"B","MXI1","rf",1200,55,0.915283547820494,0.915288398314483,NA,"oob_r2",-0.0411212603303296,0.0196078431372549,TRUE,0.937003367003367,0.762962962962963,"5yr_pic"
"B","MXI1","lm",1200,55,NA,0.890690958670808,NA,"cv_r2",NA,NA,NA,NA,NA,"5yr_pic"
"B","MXI1","ridge",1200,55,NA,0.888455989419519,NA,"cv_r2",NA,NA,NA,NA,NA,"5yr_pic"
"B","MXI1","spearman",1200,55,NA,0.490864337482554,NA,"cv_r2",NA,NA,NA,NA,NA,"5yr_pic"
"B","NR3C2","rf",1200,55,0.897439763249111,0.896730571205159,NA,"oob_r2",-0.0414559379937973,0.0196078431372549,TRUE,0.934468494468494,0.844444444444444,"5yr_pic"
"B","NR3C2","lm",1200,55,NA,0.864942225058909,NA,"cv_r2",NA,NA,NA,NA,NA,"5yr_pic"
"B","NR3C2","ridge",1200,55,NA,0.860713630401498,NA,"cv_r2",NA,NA,NA,NA,NA,"5yr_pic"
"B","NR3C2","spearman",1200,55,NA,0.392773749926464,NA,"cv_r2",NA,NA,NA,NA,NA,"5yr_pic"
"B","IRF4","rf",1200,55,0.921157342652287,0.918531217375716,NA,"oob_r2",-0.0383664438551226,0.0196078431372549,TRUE,0.963617123617124,0.82962962962963,"5yr_pic"
"B","IRF4","lm",1200,55,NA,0.878813162001509,NA,"cv_r2",NA,NA,NA,NA,NA,"5yr_pic"
"B","IRF4","ridge",1200,55,NA,0.874237561558894,NA,"cv_r2",NA,NA,NA,NA,NA,"5yr_pic"
"B","IRF4","spearman",1200,55,NA,0.463347067438628,NA,"cv_r2",NA,NA,NA,NA,NA,"5yr_pic"
"B","TP63","rf",1200,55,0.906375294011158,0.904697857913095,NA,"oob_r2",-0.0449222605473492,0.0196078431372549,TRUE,0.945919512586179,1,"5yr_pic"
"B","TP63","lm",1200,55,NA,0.88118845065931,NA,"cv_r2",NA,NA,NA,NA,NA,"5yr_pic"
"B","TP63","ridge",1200,55,NA,0.878305726939747,NA,"cv_r2",NA,NA,NA,NA,NA,"5yr_pic"
"B","TP63","spearman",1200,55,NA,0.488570353185261,NA,"cv_r2",NA,NA,NA,NA,NA,"5yr_pic"
"B","EBF1","rf",1200,55,0.909947148880902,0.90563517290323,NA,"oob_r2",-0.0366905302505234,0.0196078431372549,TRUE,0.9470354337021,0.762962962962963,"5yr_pic"
"B","EBF1","lm",1200,55,NA,0.882521560177029,NA,"cv_r2",NA,NA,NA,NA,NA,"5yr_pic"
"B","EBF1","ridge",1200,55,NA,0.87832751137904,NA,"cv_r2",NA,NA,NA,NA,NA,"5yr_pic"
"B","EBF1","spearman",1200,55,NA,0.451858027493185,NA,"cv_r2",NA,NA,NA,NA,NA,"5yr_pic"
"B","ETV7","rf",1200,55,0.893707376242828,0.891436696640268,NA,"oob_r2",-0.0486260068877313,0.0196078431372549,TRUE,0.945425685425685,0.77037037037037,"5yr_pic"
"B","ETV7","lm",1200,55,NA,0.87514646987858,NA,"cv_r2",NA,NA,NA,NA,NA,"5yr_pic"
"B","ETV7","ridge",1200,55,NA,0.872372938972826,NA,"cv_r2",NA,NA,NA,NA,NA,"5yr_pic"
"B","ETV7","spearman",1200,55,NA,0.415379952479312,NA,"cv_r2",NA,NA,NA,NA,NA,"5yr_pic"
"B","IKZF2","rf",1200,55,0.907169945847218,0.899031357440835,NA,"oob_r2",-0.0453049127170555,0.0196078431372549,TRUE,0.956628186628186,0.822222222222222,"5yr_pic"
"B","IKZF2","lm",1200,55,NA,0.874206759294725,NA,"cv_r2",NA,NA,NA,NA,NA,"5yr_pic"
"B","IKZF2","ridge",1200,55,NA,0.869719866339469,NA,"cv_r2",NA,NA,NA,NA,NA,"5yr_pic"
"B","IKZF2","spearman",1200,55,NA,0.390662495448694,NA,"cv_r2",NA,NA,NA,NA,NA,"5yr_pic"
"B","ATF3","rf",1200,55,0.882979883375483,0.878702837990923,NA,"oob_r2",-0.0451220770900629,0.0196078431372549,TRUE,0.941252204585538,0.8,"5yr_pic"
"B","ATF3","lm",1200,55,NA,0.847329679978997,NA,"cv_r2",NA,NA,NA,NA,NA,"5yr_pic"
"B","ATF3","ridge",1200,55,NA,0.844577202812877,NA,"cv_r2",NA,NA,NA,NA,NA,"5yr_pic"
"B","ATF3","spearman",1200,55,NA,0.372815376933873,NA,"cv_r2",NA,NA,NA,NA,NA,"5yr_pic"
"B","HES4","rf",1200,55,0.914694374793141,0.915811106366444,NA,"oob_r2",-0.044423712553464,0.0196078431372549,TRUE,0.948082411415745,0.82962962962963,"5yr_pic"
"B","HES4","lm",1200,55,NA,0.870892002914507,NA,"cv_r2",NA,NA,NA,NA,NA,"5yr_pic"
"B","HES4","ridge",1200,55,NA,0.867543119844521,NA,"cv_r2",NA,NA,NA,NA,NA,"5yr_pic"
"B","HES4","spearman",1200,55,NA,0.414535655750355,NA,"cv_r2",NA,NA,NA,NA,NA,"5yr_pic"
"B","SMC3","rf",1200,55,0.932425348388767,0.929769952943948,NA,"oob_r2",-0.0431199116019905,0.0196078431372549,TRUE,0.940897867564534,0.874074074074074,"5yr_pic"
"B","SMC3","lm",1200,55,NA,0.904865540722357,NA,"cv_r2",NA,NA,NA,NA,NA,"5yr_pic"
"B","SMC3","ridge",1200,55,NA,0.90266979985826,NA,"cv_r2",NA,NA,NA,NA,NA,"5yr_pic"
"B","SMC3","spearman",1200,55,NA,0.463456581148933,NA,"cv_r2",NA,NA,NA,NA,NA,"5yr_pic"
"B","BCL11B","rf",1200,55,0.940062511572768,0.937120541401809,NA,"oob_r2",-0.0474990816854152,0.0196078431372549,TRUE,0.944118967452301,0.933333333333333,"5yr_pic"
"B","BCL11B","lm",1200,55,NA,0.91128787910462,NA,"cv_r2",NA,NA,NA,NA,NA,"5yr_pic"
"B","BCL11B","ridge",1200,55,NA,0.906827596284074,NA,"cv_r2",NA,NA,NA,NA,NA,"5yr_pic"
"B","BCL11B","spearman",1200,55,NA,0.416935828129991,NA,"cv_r2",NA,NA,NA,NA,NA,"5yr_pic"
"B","JUNB","rf",1200,55,0.929939067123443,0.929806575366365,NA,"oob_r2",-0.0441619292630912,0.0196078431372549,TRUE,0.948973865640532,1,"5yr_pic"
"B","JUNB","lm",1200,55,NA,0.904857345722269,NA,"cv_r2",NA,NA,NA,NA,NA,"5yr_pic"
"B","JUNB","ridge",1200,55,NA,0.898889802676517,NA,"cv_r2",NA,NA,NA,NA,NA,"5yr_pic"
"B","JUNB","spearman",1200,55,NA,0.398071074437989,NA,"cv_r2",NA,NA,NA,NA,NA,"5yr_pic"
"B","IRF8","rf",1200,55,0.896346881669316,0.894165159164589,NA,"oob_r2",-0.0426732449233101,0.0196078431372549,TRUE,0.942631072631073,0.785185185185185,"5yr_pic"
"B","IRF8","lm",1200,55,NA,0.866888054833597,NA,"cv_r2",NA,NA,NA,NA,NA,"5yr_pic"
"B","IRF8","ridge",1200,55,NA,0.86267470275673,NA,"cv_r2",NA,NA,NA,NA,NA,"5yr_pic"
"B","IRF8","spearman",1200,55,NA,0.383333302984513,NA,"cv_r2",NA,NA,NA,NA,NA,"5yr_pic"
"B","JUN","rf",1200,55,0.937968203909194,0.934826469631882,NA,"oob_r2",-0.0439545397694813,0.0196078431372549,TRUE,0.948114478114478,0.933333333333333,"5yr_pic"
"B","JUN","lm",1200,55,NA,0.908169609416472,NA,"cv_r2",NA,NA,NA,NA,NA,"5yr_pic"
"B","JUN","ridge",1200,55,NA,0.903519903981148,NA,"cv_r2",NA,NA,NA,NA,NA,"5yr_pic"
"B","JUN","spearman",1200,55,NA,0.426361426619548,NA,"cv_r2",NA,NA,NA,NA,NA,"5yr_pic"
"B","ELF1","rf",1200,55,0.895344582227629,0.892585744727197,NA,"oob_r2",-0.0476981950706395,0.0196078431372549,TRUE,0.944338624338624,0.755555555555556,"5yr_pic"
"B","ELF1","lm",1200,55,NA,0.866973982634787,NA,"cv_r2",NA,NA,NA,NA,NA,"5yr_pic"
"B","ELF1","ridge",1200,55,NA,0.864055772949235,NA,"cv_r2",NA,NA,NA,NA,NA,"5yr_pic"
"B","ELF1","spearman",1200,55,NA,0.38924016318111,NA,"cv_r2",NA,NA,NA,NA,NA,"5yr_pic"
"B","IRF1","rf",1200,55,0.890635649355655,0.888073261035784,NA,"oob_r2",-0.0463371008162693,0.0196078431372549,TRUE,0.939611992945326,0.762962962962963,"5yr_pic"
"B","IRF1","lm",1200,55,NA,0.860441843711021,NA,"cv_r2",NA,NA,NA,NA,NA,"5yr_pic"
"B","IRF1","ridge",1200,55,NA,0.856498999094589,NA,"cv_r2",NA,NA,NA,NA,NA,"5yr_pic"
"B","IRF1","spearman",1200,55,NA,0.40333611646695,NA,"cv_r2",NA,NA,NA,NA,NA,"5yr_pic"
"B","IRF2","rf",1200,55,0.905976162813007,0.902622107872182,NA,"oob_r2",-0.0424485015780095,0.0196078431372549,TRUE,0.947801827801828,1,"5yr_pic"
"B","IRF2","lm",1200,55,NA,0.879445435417374,NA,"cv_r2",NA,NA,NA,NA,NA,"5yr_pic"
"B","IRF2","ridge",1200,55,NA,0.876529765601787,NA,"cv_r2",NA,NA,NA,NA,NA,"5yr_pic"
"B","IRF2","spearman",1200,55,NA,0.440429248565277,NA,"cv_r2",NA,NA,NA,NA,NA,"5yr_pic"
"B","BCL11A","rf",1200,55,0.935651204069227,0.932780752788876,NA,"oob_r2",-0.0407979796541746,0.0196078431372549,TRUE,0.956854256854257,1,"5yr_pic"
"B","BCL11A","lm",1200,55,NA,0.90863169478352,NA,"cv_r2",NA,NA,NA,NA,NA,"5yr_pic"
"B","BCL11A","ridge",1200,55,NA,0.904454373063931,NA,"cv_r2",NA,NA,NA,NA,NA,"5yr_pic"
"B","BCL11A","spearman",1200,55,NA,0.468832840432776,NA,"cv_r2",NA,NA,NA,NA,NA,"5yr_pic"
"B","STAT2","rf",1200,55,0.924822028100467,0.920455762021015,NA,"oob_r2",-0.0426623366783853,0.0196078431372549,TRUE,0.942922879589546,0.785185185185185,"5yr_pic"
"B","STAT2","lm",1200,55,NA,0.895023716838493,NA,"cv_r2",NA,NA,NA,NA,NA,"5yr_pic"
"B","STAT2","ridge",1200,55,NA,0.890179006448813,NA,"cv_r2",NA,NA,NA,NA,NA,"5yr_pic"
"B","STAT2","spearman",1200,55,NA,0.395141406071642,NA,"cv_r2",NA,NA,NA,NA,NA,"5yr_pic"
"B","IRF9","rf",1200,55,0.950680723318606,0.945487259259042,NA,"oob_r2",-0.0428237474169676,0.0196078431372549,TRUE,0.94635241301908,0.933333333333333,"5yr_pic"
"B","IRF9","lm",1200,55,NA,0.91909261514164,NA,"cv_r2",NA,NA,NA,NA,NA,"5yr_pic"
"B","IRF9","ridge",1200,55,NA,0.914593896836677,NA,"cv_r2",NA,NA,NA,NA,NA,"5yr_pic"
"B","IRF9","spearman",1200,55,NA,0.38467448192014,NA,"cv_r2",NA,NA,NA,NA,NA,"5yr_pic"
"B","IRF7","rf",1200,55,0.947212166181912,0.944607288147823,NA,"oob_r2",-0.0412331918670909,0.0196078431372549,TRUE,0.950266153599487,0.844444444444444,"5yr_pic"
"B","IRF7","lm",1200,55,NA,0.920618032583393,NA,"cv_r2",NA,NA,NA,NA,NA,"5yr_pic"
"B","IRF7","ridge",1200,55,NA,0.916005284529603,NA,"cv_r2",NA,NA,NA,NA,NA,"5yr_pic"
"B","IRF7","spearman",1200,55,NA,0.471126209230301,NA,"cv_r2",NA,NA,NA,NA,NA,"5yr_pic"
"B","STAT1","rf",1200,55,0.954435660581876,0.953486969386109,NA,"oob_r2",-0.0460803369350722,0.0196078431372549,TRUE,0.945747955747956,0.881481481481482,"5yr_pic"
"B","STAT1","lm",1200,55,NA,0.924905884986481,NA,"cv_r2",NA,NA,NA,NA,NA,"5yr_pic"
"B","STAT1","ridge",1200,55,NA,0.920467930054696,NA,"cv_r2",NA,NA,NA,NA,NA,"5yr_pic"
"B","STAT1","spearman",1200,55,NA,0.477011089592091,NA,"cv_r2",NA,NA,NA,NA,NA,"5yr_pic"
"CD4_T","ELF1","rf",1200,66,0.930293113367668,0.926653666873274,NA,"oob_r2",-0.0546929292481493,0.0196078431372549,TRUE,0.944230363334841,0.734391534391534,"5yr_pic"
"CD4_T","ELF1","lm",1200,66,NA,0.913357848091261,NA,"cv_r2",NA,NA,NA,NA,NA,"5yr_pic"
"CD4_T","ELF1","ridge",1200,66,NA,0.910372418531721,NA,"cv_r2",NA,NA,NA,NA,NA,"5yr_pic"
"CD4_T","ELF1","spearman",1200,66,NA,0.65197083442413,NA,"cv_r2",NA,NA,NA,NA,NA,"5yr_pic"
"CD4_T","CHD2","rf",1200,66,0.873788963368265,0.875820766394522,NA,"oob_r2",-0.052943608940174,0.0196078431372549,TRUE,0.939537742522817,1,"5yr_pic"
"CD4_T","CHD2","lm",1200,66,NA,0.862544395230504,NA,"cv_r2",NA,NA,NA,NA,NA,"5yr_pic"
"CD4_T","CHD2","ridge",1200,66,NA,0.862158623458351,NA,"cv_r2",NA,NA,NA,NA,NA,"5yr_pic"
"CD4_T","CHD2","spearman",1200,66,NA,0.60784654863001,NA,"cv_r2",NA,NA,NA,NA,NA,"5yr_pic"
"CD4_T","MYC","rf",1200,66,0.889745833897977,0.8852364646905,NA,"oob_r2",-0.0495307457045271,0.0196078431372549,TRUE,0.935509399389997,1,"5yr_pic"
"CD4_T","MYC","lm",1200,66,NA,0.860736489111257,NA,"cv_r2",NA,NA,NA,NA,NA,"5yr_pic"
"CD4_T","MYC","ridge",1200,66,NA,0.858952769034081,NA,"cv_r2",NA,NA,NA,NA,NA,"5yr_pic"
"CD4_T","MYC","spearman",1200,66,NA,0.597492975494753,NA,"cv_r2",NA,NA,NA,NA,NA,"5yr_pic"
"CD4_T","ID3","rf",1200,66,0.90532770255294,0.903476113893,NA,"oob_r2",-0.0505172051519805,0.0196078431372549,TRUE,0.94481485347157,1,"5yr_pic"
"CD4_T","ID3","lm",1200,66,NA,0.886381787380363,NA,"cv_r2",NA,NA,NA,NA,NA,"5yr_pic"
"CD4_T","ID3","ridge",1200,66,NA,0.885541755679038,NA,"cv_r2",NA,NA,NA,NA,NA,"5yr_pic"
"CD4_T","ID3","spearman",1200,66,NA,0.592695825429951,NA,"cv_r2",NA,NA,NA,NA,NA,"5yr_pic"
"CD4_T","POU2F2","rf",1200,66,0.822890597824015,0.818721331371726,NA,"oob_r2",-0.042223604443199,0.0196078431372549,TRUE,0.947728026533997,0.757671957671958,"5yr_pic"
"CD4_T","POU2F2","lm",1200,66,NA,0.801890987792894,NA,"cv_r2",NA,NA,NA,NA,NA,"5yr_pic"
"CD4_T","POU2F2","ridge",1200,66,NA,0.80211345630224,NA,"cv_r2",NA,NA,NA,NA,NA,"5yr_pic"
"CD4_T","POU2F2","spearman",1200,66,NA,0.56261786856196,NA,"cv_r2",NA,NA,NA,NA,NA,"5yr_pic"
"CD4_T","MAFB","rf",1200,66,0.844215152034584,0.850410478024603,NA,"oob_r2",-0.0579951570618735,0.0196078431372549,TRUE,0.921510396734277,0.785185185185185,"5yr_pic"
"CD4_T","MAFB","lm",1200,66,NA,0.824898292851898,NA,"cv_r2",NA,NA,NA,NA,NA,"5yr_pic"
"CD4_T","MAFB","ridge",1200,66,NA,0.826382722072997,NA,"cv_r2",NA,NA,NA,NA,NA,"5yr_pic"
"CD4_T","MAFB","spearman",1200,66,NA,0.52050171402203,NA,"cv_r2",NA,NA,NA,NA,NA,"5yr_pic"
"CD4_T","ZBTB1","rf",1200,66,0.863953162079013,0.863791926157244,NA,"oob_r2",-0.060422592739331,0.0196078431372549,TRUE,0.942633684723237,1,"5yr_pic"
"CD4_T","ZBTB1","lm",1200,66,NA,0.829794957768617,NA,"cv_r2",NA,NA,NA,NA,NA,"5yr_pic"
"CD4_T","ZBTB1","ridge",1200,66,NA,0.829995632840215,NA,"cv_r2",NA,NA,NA,NA,NA,"5yr_pic"
"CD4_T","ZBTB1","spearman",1200,66,NA,0.496246335713399,NA,"cv_r2",NA,NA,NA,NA,NA,"5yr_pic"
"CD4_T","ETV3","rf",1200,66,0.86803628398997,0.871782071212886,NA,"oob_r2",-0.064869225859868,0.0196078431372549,TRUE,0.929102274176901,0.844444444444444,"5yr_pic"
"CD4_T","ETV3","lm",1200,66,NA,0.839869776725394,NA,"cv_r2",NA,NA,NA,NA,NA,"5yr_pic"
"CD4_T","ETV3","ridge",1200,66,NA,0.839195448914692,NA,"cv_r2",NA,NA,NA,NA,NA,"5yr_pic"
"CD4_T","ETV3","spearman",1200,66,NA,0.436420003065982,NA,"cv_r2",NA,NA,NA,NA,NA,"5yr_pic"
"CD4_T","ASCL2","rf",1200,66,0.886323446380201,0.885508703715755,NA,"oob_r2",-0.0691716063487545,0.0196078431372549,TRUE,0.94841828155261,0.881481481481481,"5yr_pic"
"CD4_T","ASCL2","lm",1200,66,NA,0.861143887739599,NA,"cv_r2",NA,NA,NA,NA,NA,"5yr_pic"
"CD4_T","ASCL2","ridge",1200,66,NA,0.862926766575522,NA,"cv_r2",NA,NA,NA,NA,NA,"5yr_pic"
"CD4_T","ASCL2","spearman",1200,66,NA,0.434718659811386,NA,"cv_r2",NA,NA,NA,NA,NA,"5yr_pic"
"CD4_T","GCM1","rf",1200,66,0.882837128524235,0.880131271620611,NA,"oob_r2",-0.0559233328708068,0.0196078431372549,TRUE,0.956932354544295,0.785185185185185,"5yr_pic"
"CD4_T","GCM1","lm",1200,66,NA,0.865328128850895,NA,"cv_r2",NA,NA,NA,NA,NA,"5yr_pic"
"CD4_T","GCM1","ridge",1200,66,NA,0.864533658554169,NA,"cv_r2",NA,NA,NA,NA,NA,"5yr_pic"
"CD4_T","GCM1","spearman",1200,66,NA,0.45498980751712,NA,"cv_r2",NA,NA,NA,NA,NA,"5yr_pic"
"CD4_T","BHLHE40","rf",1200,66,0.917784791954511,0.912266099337916,NA,"oob_r2",-0.0744594465602001,0.0196078431372549,TRUE,0.926301360331211,0.77037037037037,"5yr_pic"
"CD4_T","BHLHE40","lm",1200,66,NA,0.890534114702396,NA,"cv_r2",NA,NA,NA,NA,NA,"5yr_pic"
"CD4_T","BHLHE40","ridge",1200,66,NA,0.88939732746828,NA,"cv_r2",NA,NA,NA,NA,NA,"5yr_pic"
"CD4_T","BHLHE40","spearman",1200,66,NA,0.45530223683105,NA,"cv_r2",NA,NA,NA,NA,NA,"5yr_pic"
"CD4_T","TCF7","rf",1200,66,0.836667951134059,0.838113021054512,NA,"oob_r2",-0.0551742450700936,0.0196078431372549,TRUE,0.946374421598302,0.814814814814815,"5yr_pic"
"CD4_T","TCF7","lm",1200,66,NA,0.825848484606583,NA,"cv_r2",NA,NA,NA,NA,NA,"5yr_pic"
"CD4_T","TCF7","ridge",1200,66,NA,0.824311093520977,NA,"cv_r2",NA,NA,NA,NA,NA,"5yr_pic"
"CD4_T","TCF7","spearman",1200,66,NA,0.5340298495931,NA,"cv_r2",NA,NA,NA,NA,NA,"5yr_pic"
"CD4_T","RBPJ","rf",1200,66,0.8767505995481,0.875508467989074,NA,"oob_r2",-0.066955869550597,0.0196078431372549,TRUE,0.934736573542544,1,"5yr_pic"
"CD4_T","RBPJ","lm",1200,66,NA,0.848008978190587,NA,"cv_r2",NA,NA,NA,NA,NA,"5yr_pic"
"CD4_T","RBPJ","ridge",1200,66,NA,0.850251479052437,NA,"cv_r2",NA,NA,NA,NA,NA,"5yr_pic"
"CD4_T","RBPJ","spearman",1200,66,NA,0.494201671275266,NA,"cv_r2",NA,NA,NA,NA,NA,"5yr_pic"
"CD4_T","RUNX3","rf",1200,66,0.883369136714415,0.882893596945474,NA,"oob_r2",-0.0624884251408141,0.0196078431372549,TRUE,0.95088241774809,0.732275132275132,"5yr_pic"
"CD4_T","RUNX3","lm",1200,66,NA,0.861582914659916,NA,"cv_r2",NA,NA,NA,NA,NA,"5yr_pic"
"CD4_T","RUNX3","ridge",1200,66,NA,0.861302724334847,NA,"cv_r2",NA,NA,NA,NA,NA,"5yr_pic"
"CD4_T","RUNX3","spearman",1200,66,NA,0.455170112747239,NA,"cv_r2",NA,NA,NA,NA,NA,"5yr_pic"
"CD4_T","ETV5","rf",1200,66,0.900146146999445,0.898372798157813,NA,"oob_r2",-0.0614337527220389,0.0196078431372549,TRUE,0.941577891428638,0.82962962962963,"5yr_pic"
"CD4_T","ETV5","lm",1200,66,NA,0.885736293849329,NA,"cv_r2",NA,NA,NA,NA,NA,"5yr_pic"
"CD4_T","ETV5","ridge",1200,66,NA,0.885328507139469,NA,"cv_r2",NA,NA,NA,NA,NA,"5yr_pic"
"CD4_T","ETV5","spearman",1200,66,NA,0.518294827923838,NA,"cv_r2",NA,NA,NA,NA,NA,"5yr_pic"
"CD4_T","MYBL1","rf",1200,66,0.912501450443895,0.909726863008886,NA,"oob_r2",-0.0605088813280739,0.0196078431372549,TRUE,0.936405617599648,0.77037037037037,"5yr_pic"
"CD4_T","MYBL1","lm",1200,66,NA,0.894863963249298,NA,"cv_r2",NA,NA,NA,NA,NA,"5yr_pic"
"CD4_T","MYBL1","ridge",1200,66,NA,0.894719394965013,NA,"cv_r2",NA,NA,NA,NA,NA,"5yr_pic"
"CD4_T","MYBL1","spearman",1200,66,NA,0.511240240468453,NA,"cv_r2",NA,NA,NA,NA,NA,"5yr_pic"
"CD4_T","CEBPD","rf",1200,66,0.864823218478957,0.864864203854617,NA,"oob_r2",-0.0485448309668448,0.0196078431372549,TRUE,0.952353848473252,1,"5yr_pic"
"CD4_T","CEBPD","lm",1200,66,NA,0.846488471259214,NA,"cv_r2",NA,NA,NA,NA,NA,"5yr_pic"
"CD4_T","CEBPD","ridge",1200,66,NA,0.844671143846135,NA,"cv_r2",NA,NA,NA,NA,NA,"5yr_pic"
"CD4_T","CEBPD","spearman",1200,66,NA,0.563780663846393,NA,"cv_r2",NA,NA,NA,NA,NA,"5yr_pic"
"CD4_T","EGR2","rf",1200,66,0.92794259348529,0.931628226676683,NA,"oob_r2",-0.0711969074778797,0.0196078431372549,TRUE,0.943003861809832,0.881481481481481,"5yr_pic"
"CD4_T","EGR2","lm",1200,66,NA,0.915218452763722,NA,"cv_r2",NA,NA,NA,NA,NA,"5yr_pic"
"CD4_T","EGR2","ridge",1200,66,NA,0.913570789232678,NA,"cv_r2",NA,NA,NA,NA,NA,"5yr_pic"
"CD4_T","EGR2","spearman",1200,66,NA,0.482928876301115,NA,"cv_r2",NA,NA,NA,NA,NA,"5yr_pic"
"CD4_T","XBP1","rf",1200,66,0.91386758508181,0.915945814702065,NA,"oob_r2",-0.0699382019425771,0.0196078431372549,TRUE,0.947349499588306,0.712169312169312,"5yr_pic"
"CD4_T","XBP1","lm",1200,66,NA,0.894839978752263,NA,"cv_r2",NA,NA,NA,NA,NA,"5yr_pic"
"CD4_T","XBP1","ridge",1200,66,NA,0.893140071071903,NA,"cv_r2",NA,NA,NA,NA,NA,"5yr_pic"
"CD4_T","XBP1","spearman",1200,66,NA,0.438305650673294,NA,"cv_r2",NA,NA,NA,NA,NA,"5yr_pic"
"CD4_T","HIF1A","rf",1200,66,0.869966634398367,0.872372797923135,NA,"oob_r2",-0.0608283641918123,0.0196078431372549,TRUE,0.947948833918983,0.881481481481481,"5yr_pic"
"CD4_T","HIF1A","lm",1200,66,NA,0.847527352751198,NA,"cv_r2",NA,NA,NA,NA,NA,"5yr_pic"
"CD4_T","HIF1A","ridge",1200,66,NA,0.847179755671958,NA,"cv_r2",NA,NA,NA,NA,NA,"5yr_pic"
"CD4_T","HIF1A","spearman",1200,66,NA,0.526579355401954,NA,"cv_r2",NA,NA,NA,NA,NA,"5yr_pic"
"CD4_T","ID2","rf",1200,66,0.919309664777738,0.915822634074799,NA,"oob_r2",-0.0645204752140197,0.0196078431372549,TRUE,0.952174790383746,0.77037037037037,"5yr_pic"
"CD4_T","ID2","lm",1200,66,NA,0.90121795510227,NA,"cv_r2",NA,NA,NA,NA,NA,"5yr_pic"
"CD4_T","ID2","ridge",1200,66,NA,0.900661307338678,NA,"cv_r2",NA,NA,NA,NA,NA,"5yr_pic"
"CD4_T","ID2","spearman",1200,66,NA,0.493349948668119,NA,"cv_r2",NA,NA,NA,NA,NA,"5yr_pic"
"CD4_T","ITGB2","rf",1200,66,0.852602955805236,0.856038728471871,NA,"oob_r2",-0.0446386057221272,0.0196078431372549,TRUE,0.95341984715119,0.822222222222222,"5yr_pic"
"CD4_T","ITGB2","lm",1200,66,NA,0.834205974884966,NA,"cv_r2",NA,NA,NA,NA,NA,"5yr_pic"
"CD4_T","ITGB2","ridge",1200,66,NA,0.833897313235467,NA,"cv_r2",NA,NA,NA,NA,NA,"5yr_pic"
"CD4_T","ITGB2","spearman",1200,66,NA,0.607179424639299,NA,"cv_r2",NA,NA,NA,NA,NA,"5yr_pic"
"CD4_T","ZBTB16","rf",1200,66,0.895148233634884,0.895194746191201,NA,"oob_r2",-0.0679193245847315,0.0196078431372549,TRUE,0.952599705435527,0.703703703703704,"5yr_pic"
"CD4_T","ZBTB16","lm",1200,66,NA,0.87351255759697,NA,"cv_r2",NA,NA,NA,NA,NA,"5yr_pic"
"CD4_T","ZBTB16","ridge",1200,66,NA,0.871845290829342,NA,"cv_r2",NA,NA,NA,NA,NA,"5yr_pic"
"CD4_T","ZBTB16","spearman",1200,66,NA,0.482803521729971,NA,"cv_r2",NA,NA,NA,NA,NA,"5yr_pic"
"CD4_T","ATF3","rf",1200,66,0.91571107018062,0.91147289865717,NA,"oob_r2",-0.0694975276249878,0.0196078431372549,TRUE,0.93778891092324,0.736507936507936,"5yr_pic"
"CD4_T","ATF3","lm",1200,66,NA,0.89441102897882,NA,"cv_r2",NA,NA,NA,NA,NA,"5yr_pic"
"CD4_T","ATF3","ridge",1200,66,NA,0.894172796039406,NA,"cv_r2",NA,NA,NA,NA,NA,"5yr_pic"
"CD4_T","ATF3","spearman",1200,66,NA,0.474804279728091,NA,"cv_r2",NA,NA,NA,NA,NA,"5yr_pic"
"CD4_T","PRDM1","rf",1200,66,0.93915250918646,0.938922860813669,NA,"oob_r2",-0.0815548105736679,0.0196078431372549,TRUE,0.938745433670807,0.722751322751323,"5yr_pic"
"CD4_T","PRDM1","lm",1200,66,NA,0.926477868059758,NA,"cv_r2",NA,NA,NA,NA,NA,"5yr_pic"
"CD4_T","PRDM1","ridge",1200,66,NA,0.924915729363665,NA,"cv_r2",NA,NA,NA,NA,NA,"5yr_pic"
"CD4_T","PRDM1","spearman",1200,66,NA,0.461767251879888,NA,"cv_r2",NA,NA,NA,NA,NA,"5yr_pic"
"CD4_T","MAFA","rf",1200,66,0.863391802531704,0.8670601378192,NA,"oob_r2",-0.0455183065038403,0.0196078431372549,TRUE,0.946382771457398,1,"5yr_pic"
"CD4_T","MAFA","lm",1200,66,NA,0.852843217703663,NA,"cv_r2",NA,NA,NA,NA,NA,"5yr_pic"
"CD4_T","MAFA","ridge",1200,66,NA,0.850310793266695,NA,"cv_r2",NA,NA,NA,NA,NA,"5yr_pic"
"CD4_T","MAFA","spearman",1200,66,NA,0.623444781501169,NA,"cv_r2",NA,NA,NA,NA,NA,"5yr_pic"
"CD4_T","FOS","rf",1200,66,0.916345759462819,0.916829720681697,NA,"oob_r2",-0.0655103415215543,0.0196078431372549,TRUE,0.953686114880145,0.933333333333333,"5yr_pic"
"CD4_T","FOS","lm",1200,66,NA,0.905938786870522,NA,"cv_r2",NA,NA,NA,NA,NA,"5yr_pic"
"CD4_T","FOS","ridge",1200,66,NA,0.905458667143757,NA,"cv_r2",NA,NA,NA,NA,NA,"5yr_pic"
"CD4_T","FOS","spearman",1200,66,NA,0.56187054333664,NA,"cv_r2",NA,NA,NA,NA,NA,"5yr_pic"
"CD4_T","IKZF1","rf",1200,66,0.901000084719757,0.897057199653556,NA,"oob_r2",-0.0551350618769497,0.0196078431372549,TRUE,0.953779818854446,0.8,"5yr_pic"
"CD4_T","IKZF1","lm",1200,66,NA,0.885109766979309,NA,"cv_r2",NA,NA,NA,NA,NA,"5yr_pic"
"CD4_T","IKZF1","ridge",1200,66,NA,0.883814426077792,NA,"cv_r2",NA,NA,NA,NA,NA,"5yr_pic"
"CD4_T","IKZF1","spearman",1200,66,NA,0.56175990115776,NA,"cv_r2",NA,NA,NA,NA,NA,"5yr_pic"
"CD4_T","RORA","rf",1200,66,0.904081212616347,0.90626978923685,NA,"oob_r2",-0.0631435376195839,0.0196078431372549,TRUE,0.942473181876167,0.881481481481482,"5yr_pic"
"CD4_T","RORA","lm",1200,66,NA,0.891048021087186,NA,"cv_r2",NA,NA,NA,NA,NA,"5yr_pic"
"CD4_T","RORA","ridge",1200,66,NA,0.888804967276654,NA,"cv_r2",NA,NA,NA,NA,NA,"5yr_pic"
"CD4_T","RORA","spearman",1200,66,NA,0.576200273320669,NA,"cv_r2",NA,NA,NA,NA,NA,"5yr_pic"
"CD4_T","NFE2L2","rf",1200,66,0.880181632229152,0.881490998920827,NA,"oob_r2",-0.0638076989045738,0.0196078431372549,TRUE,0.948265200802514,0.785185185185185,"5yr_pic"
"CD4_T","NFE2L2","lm",1200,66,NA,0.869333173649103,NA,"cv_r2",NA,NA,NA,NA,NA,"5yr_pic"
"CD4_T","NFE2L2","ridge",1200,66,NA,0.869015747634925,NA,"cv_r2",NA,NA,NA,NA,NA,"5yr_pic"
"CD4_T","NFE2L2","spearman",1200,66,NA,0.52619206436435,NA,"cv_r2",NA,NA,NA,NA,NA,"5yr_pic"
"CD4_T","ENO1","rf",1200,66,0.887532553992825,0.888335100313446,NA,"oob_r2",-0.056218536204849,0.0196078431372549,TRUE,0.944548585742616,1,"5yr_pic"
"CD4_T","ENO1","lm",1200,66,NA,0.870672664151117,NA,"cv_r2",NA,NA,NA,NA,NA,"5yr_pic"
"CD4_T","ENO1","ridge",1200,66,NA,0.8690488066241,NA,"cv_r2",NA,NA,NA,NA,NA,"5yr_pic"
"CD4_T","ENO1","spearman",1200,66,NA,0.591534936658105,NA,"cv_r2",NA,NA,NA,NA,NA,"5yr_pic"
"CD4_T","BATF3","rf",1200,66,0.913921376108259,0.91282120895079,NA,"oob_r2",-0.0553577103389815,0.0196078431372549,TRUE,0.938255575270501,0.755555555555556,"5yr_pic"
"CD4_T","BATF3","lm",1200,66,NA,0.89735725498773,NA,"cv_r2",NA,NA,NA,NA,NA,"5yr_pic"
"CD4_T","BATF3","ridge",1200,66,NA,0.895623185288517,NA,"cv_r2",NA,NA,NA,NA,NA,"5yr_pic"
"CD4_T","BATF3","spearman",1200,66,NA,0.582702008268236,NA,"cv_r2",NA,NA,NA,NA,NA,"5yr_pic"
"CD4_T","ZFP57","rf",1200,66,0.907126477558344,0.904849496026197,NA,"oob_r2",-0.0681202699739604,0.0196078431372549,TRUE,0.949956511150541,0.716402116402116,"5yr_pic"
"CD4_T","ZFP57","lm",1200,66,NA,0.893319625905593,NA,"cv_r2",NA,NA,NA,NA,NA,"5yr_pic"
"CD4_T","ZFP57","ridge",1200,66,NA,0.891916675944856,NA,"cv_r2",NA,NA,NA,NA,NA,"5yr_pic"
"CD4_T","ZFP57","spearman",1200,66,NA,0.540895762601021,NA,"cv_r2",NA,NA,NA,NA,NA,"5yr_pic"
"CD4_T","CEBPZ","rf",1200,66,0.902622223604657,0.901305622217271,NA,"oob_r2",-0.0631048437527012,0.0196078431372549,TRUE,0.936087395191873,0.933333333333333,"5yr_pic"
"CD4_T","CEBPZ","lm",1200,66,NA,0.88333549510156,NA,"cv_r2",NA,NA,NA,NA,NA,"5yr_pic"
"CD4_T","CEBPZ","ridge",1200,66,NA,0.882049886183294,NA,"cv_r2",NA,NA,NA,NA,NA,"5yr_pic"
"CD4_T","CEBPZ","spearman",1200,66,NA,0.55567610421247,NA,"cv_r2",NA,NA,NA,NA,NA,"5yr_pic"
"CD4_T","ZEB1","rf",1200,66,0.926480897384966,0.927174910445512,NA,"oob_r2",-0.0651454880482549,0.0196078431372549,TRUE,0.953200895290448,0.82962962962963,"5yr_pic"
"CD4_T","ZEB1","lm",1200,66,NA,0.913848841331586,NA,"cv_r2",NA,NA,NA,NA,NA,"5yr_pic"
"CD4_T","ZEB1","ridge",1200,66,NA,0.912671394776647,NA,"cv_r2",NA,NA,NA,NA,NA,"5yr_pic"
"CD4_T","ZEB1","spearman",1200,66,NA,0.568817098474695,NA,"cv_r2",NA,NA,NA,NA,NA,"5yr_pic"
"CD4_T","ARNTL","rf",1200,66,0.9230193738763,0.921130597224455,NA,"oob_r2",-0.0689803132521265,0.0196078431372549,TRUE,0.956182722749887,0.881481481481481,"5yr_pic"
"CD4_T","ARNTL","lm",1200,66,NA,0.907357018762086,NA,"cv_r2",NA,NA,NA,NA,NA,"5yr_pic"
"CD4_T","ARNTL","ridge",1200,66,NA,0.906513411881455,NA,"cv_r2",NA,NA,NA,NA,NA,"5yr_pic"
"CD4_T","ARNTL","spearman",1200,66,NA,0.515507109473314,NA,"cv_r2",NA,NA,NA,NA,NA,"5yr_pic"
"CD4_T","EBF1","rf",1200,66,0.896292451576351,0.896638616115146,NA,"oob_r2",-0.0478663703017741,0.0196078431372549,TRUE,0.947260434424614,0.8,"5yr_pic"
"CD4_T","EBF1","lm",1200,66,NA,0.889895743786374,NA,"cv_r2",NA,NA,NA,NA,NA,"5yr_pic"
"CD4_T","EBF1","ridge",1200,66,NA,0.88873673239135,NA,"cv_r2",NA,NA,NA,NA,NA,"5yr_pic"
"CD4_T","EBF1","spearman",1200,66,NA,0.603737105656143,NA,"cv_r2",NA,NA,NA,NA,NA,"5yr_pic"
"CD4_T","SMARCA5","rf",1200,66,0.89562106629732,0.895507651088558,NA,"oob_r2",-0.065406368573347,0.0196078431372549,TRUE,0.945630356376625,0.933333333333333,"5yr_pic"
"CD4_T","SMARCA5","lm",1200,66,NA,0.878467888649977,NA,"cv_r2",NA,NA,NA,NA,NA,"5yr_pic"
"CD4_T","SMARCA5","ridge",1200,66,NA,0.878282233478871,NA,"cv_r2",NA,NA,NA,NA,NA,"5yr_pic"
"CD4_T","SMARCA5","spearman",1200,66,NA,0.564328348679378,NA,"cv_r2",NA,NA,NA,NA,NA,"5yr_pic"
"CD4_T","TBX21","rf",1200,66,0.933556238580561,0.932903996995466,NA,"oob_r2",-0.0660101482397128,0.0196078431372549,TRUE,0.940752183140243,0.785185185185185,"5yr_pic"
"CD4_T","TBX21","lm",1200,66,NA,0.926541335347942,NA,"cv_r2",NA,NA,NA,NA,NA,"5yr_pic"
"CD4_T","TBX21","ridge",1200,66,NA,0.924783948355007,NA,"cv_r2",NA,NA,NA,NA,NA,"5yr_pic"
"CD4_T","TBX21","spearman",1200,66,NA,0.530212927471821,NA,"cv_r2",NA,NA,NA,NA,NA,"5yr_pic"
"CD4_T","EPAS1","rf",1200,66,0.906540979158675,0.905354945645933,NA,"oob_r2",-0.0525030980585065,0.0196078431372549,TRUE,0.957142956545942,1,"5yr_pic"
"CD4_T","EPAS1","lm",1200,66,NA,0.892363727680386,NA,"cv_r2",NA,NA,NA,NA,NA,"5yr_pic"
"CD4_T","EPAS1","ridge",1200,66,NA,0.890278972169511,NA,"cv_r2",NA,NA,NA,NA,NA,"5yr_pic"
"CD4_T","EPAS1","spearman",1200,66,NA,0.585852316636228,NA,"cv_r2",NA,NA,NA,NA,NA,"5yr_pic"
"CD4_T","KLF4","rf",1200,66,0.899670068333946,0.895904530672752,NA,"oob_r2",-0.0507644123639358,0.0196078431372549,TRUE,0.933742012547983,0.785185185185185,"5yr_pic"
"CD4_T","KLF4","lm",1200,66,NA,0.872825512731333,NA,"cv_r2",NA,NA,NA,NA,NA,"5yr_pic"
"CD4_T","KLF4","ridge",1200,66,NA,0.870938878671644,NA,"cv_r2",NA,NA,NA,NA,NA,"5yr_pic"
"CD4_T","KLF4","spearman",1200,66,NA,0.627468235670664,NA,"cv_r2",NA,NA,NA,NA,NA,"5yr_pic"
"CD4_T","RUNX2","rf",1200,66,0.90473660662759,0.906758747132594,NA,"oob_r2",-0.0593591850794552,0.0196078431372549,TRUE,0.939328996045414,1,"5yr_pic"
"CD4_T","RUNX2","lm",1200,66,NA,0.88669678174234,NA,"cv_r2",NA,NA,NA,NA,NA,"5yr_pic"
"CD4_T","RUNX2","ridge",1200,66,NA,0.885531536732545,NA,"cv_r2",NA,NA,NA,NA,NA,"5yr_pic"
"CD4_T","RUNX2","spearman",1200,66,NA,0.562072596266109,NA,"cv_r2",NA,NA,NA,NA,NA,"5yr_pic"
"CD4_T","IKZF3","rf",1200,66,0.920443259400125,0.918054908480812,NA,"oob_r2",-0.0522222464614901,0.0196078431372549,TRUE,0.953610038386158,0.617989417989418,"5yr_pic"
"CD4_T","IKZF3","lm",1200,66,NA,0.906787305490772,NA,"cv_r2",NA,NA,NA,NA,NA,"5yr_pic"
"CD4_T","IKZF3","ridge",1200,66,NA,0.903360907884146,NA,"cv_r2",NA,NA,NA,NA,NA,"5yr_pic"
"CD4_T","IKZF3","spearman",1200,66,NA,0.632110824791596,NA,"cv_r2",NA,NA,NA,NA,NA,"5yr_pic"
"CD4_T","STAT4","rf",1200,66,0.93222738422929,0.929435529913336,NA,"oob_r2",-0.0639491193681798,0.0196078431372549,TRUE,0.93762376926556,0.694179894179894,"5yr_pic"
"CD4_T","STAT4","lm",1200,66,NA,0.921829555373546,NA,"cv_r2",NA,NA,NA,NA,NA,"5yr_pic"
"CD4_T","STAT4","ridge",1200,66,NA,0.918912059820587,NA,"cv_r2",NA,NA,NA,NA,NA,"5yr_pic"
"CD4_T","STAT4","spearman",1200,66,NA,0.566721832773499,NA,"cv_r2",NA,NA,NA,NA,NA,"5yr_pic"
"CD4_T","NFIA","rf",1200,66,0.914168715032627,0.915432244145844,NA,"oob_r2",-0.051674869451451,0.0196078431372549,TRUE,0.932536849551775,0.614814814814815,"5yr_pic"
"CD4_T","NFIA","lm",1200,66,NA,0.90102249370666,NA,"cv_r2",NA,NA,NA,NA,NA,"5yr_pic"
"CD4_T","NFIA","ridge",1200,66,NA,0.89962193645202,NA,"cv_r2",NA,NA,NA,NA,NA,"5yr_pic"
"CD4_T","NFIA","spearman",1200,66,NA,0.63660966078818,NA,"cv_r2",NA,NA,NA,NA,NA,"5yr_pic"
"CD4_T","HES4","rf",1200,66,0.906796739227877,0.904327477195868,NA,"oob_r2",-0.0513246916822198,0.0196078431372549,TRUE,0.942197636525995,1,"5yr_pic"
"CD4_T","HES4","lm",1200,66,NA,0.888947094994988,NA,"cv_r2",NA,NA,NA,NA,NA,"5yr_pic"
"CD4_T","HES4","ridge",1200,66,NA,0.88737261521735,NA,"cv_r2",NA,NA,NA,NA,NA,"5yr_pic"
"CD4_T","HES4","spearman",1200,66,NA,0.590615510850653,NA,"cv_r2",NA,NA,NA,NA,NA,"5yr_pic"
"CD4_T","TGIF1","rf",1200,66,0.90250879379409,0.902473468922787,NA,"oob_r2",-0.0497352761882978,0.0196078431372549,TRUE,0.93149868373749,0.724867724867725,"5yr_pic"
"CD4_T","TGIF1","lm",1200,66,NA,0.88952299058728,NA,"cv_r2",NA,NA,NA,NA,NA,"5yr_pic"
"CD4_T","TGIF1","ridge",1200,66,NA,0.886842842385774,NA,"cv_r2",NA,NA,NA,NA,NA,"5yr_pic"
"CD4_T","TGIF1","spearman",1200,66,NA,0.659548742622728,NA,"cv_r2",NA,NA,NA,NA,NA,"5yr_pic"
"CD4_T","KLF10","rf",1200,66,0.90408826285817,0.903480820237583,NA,"oob_r2",-0.0512905389863282,0.0196078431372549,TRUE,0.941851581254566,0.881481481481481,"5yr_pic"
"CD4_T","KLF10","lm",1200,66,NA,0.88953920898988,NA,"cv_r2",NA,NA,NA,NA,NA,"5yr_pic"
"CD4_T","KLF10","ridge",1200,66,NA,0.887695742990708,NA,"cv_r2",NA,NA,NA,NA,NA,"5yr_pic"
"CD4_T","KLF10","spearman",1200,66,NA,0.629017745495663,NA,"cv_r2",NA,NA,NA,NA,NA,"5yr_pic"
"CD4_T","NFATC2","rf",1200,66,0.9209880291495,0.918129865531847,NA,"oob_r2",-0.0590663211312837,0.0196078431372549,TRUE,0.946712127010635,0.785185185185185,"5yr_pic"
"CD4_T","NFATC2","lm",1200,66,NA,0.907493927569563,NA,"cv_r2",NA,NA,NA,NA,NA,"5yr_pic"
"CD4_T","NFATC2","ridge",1200,66,NA,0.90511033136291,NA,"cv_r2",NA,NA,NA,NA,NA,"5yr_pic"
"CD4_T","NFATC2","spearman",1200,66,NA,0.572197008143255,NA,"cv_r2",NA,NA,NA,NA,NA,"5yr_pic"
"CD4_T","FOSB","rf",1200,66,0.931503009175176,0.927523826328033,NA,"oob_r2",-0.0512376100246384,0.0196078431372549,TRUE,0.931541360795092,0.73015873015873,"5yr_pic"
"CD4_T","FOSB","lm",1200,66,NA,0.912427076151013,NA,"cv_r2",NA,NA,NA,NA,NA,"5yr_pic"
"CD4_T","FOSB","ridge",1200,66,NA,0.908158730550312,NA,"cv_r2",NA,NA,NA,NA,NA,"5yr_pic"
"CD4_T","FOSB","spearman",1200,66,NA,0.64585514584502,NA,"cv_r2",NA,NA,NA,NA,NA,"5yr_pic"
"CD4_T","E2F3","rf",1200,66,0.882169321744197,0.882580661461301,NA,"oob_r2",-0.0534317937386865,0.0196078431372549,TRUE,0.937461410894247,1,"5yr_pic"
"CD4_T","E2F3","lm",1200,66,NA,0.872551573458665,NA,"cv_r2",NA,NA,NA,NA,NA,"5yr_pic"
"CD4_T","E2F3","ridge",1200,66,NA,0.870305040812043,NA,"cv_r2",NA,NA,NA,NA,NA,"5yr_pic"
"CD4_T","E2F3","spearman",1200,66,NA,0.641895867576505,NA,"cv_r2",NA,NA,NA,NA,NA,"5yr_pic"
"CD4_T","POU2F1","rf",1200,66,0.889360746743002,0.889927032243674,NA,"oob_r2",-0.0539523685572786,0.0196078431372549,TRUE,0.931543216319336,0.740740740740741,"5yr_pic"
"CD4_T","POU2F1","lm",1200,66,NA,0.88188526538768,NA,"cv_r2",NA,NA,NA,NA,NA,"5yr_pic"
"CD4_T","POU2F1","ridge",1200,66,NA,0.880003407998497,NA,"cv_r2",NA,NA,NA,NA,NA,"5yr_pic"
"CD4_T","POU2F1","spearman",1200,66,NA,0.625544862133988,NA,"cv_r2",NA,NA,NA,NA,NA,"5yr_pic"
"CD4_T","CEBPB","rf",1200,66,0.905379024994604,0.904654255725638,NA,"oob_r2",-0.052054386504406,0.0196078431372549,TRUE,0.950303494184091,0.933333333333333,"5yr_pic"
"CD4_T","CEBPB","lm",1200,66,NA,0.896275537336166,NA,"cv_r2",NA,NA,NA,NA,NA,"5yr_pic"
"CD4_T","CEBPB","ridge",1200,66,NA,0.895594265612827,NA,"cv_r2",NA,NA,NA,NA,NA,"5yr_pic"
"CD4_T","CEBPB","spearman",1200,66,NA,0.589078962268945,NA,"cv_r2",NA,NA,NA,NA,NA,"5yr_pic"
"CD4_T","MYB","rf",1200,66,0.893702279057289,0.895789743191139,NA,"oob_r2",-0.0388831538754883,0.0196078431372549,TRUE,0.95046306926904,0.816931216931217,"5yr_pic"
"CD4_T","MYB","lm",1200,66,NA,0.889654773046923,NA,"cv_r2",NA,NA,NA,NA,NA,"5yr_pic"
"CD4_T","MYB","ridge",1200,66,NA,0.887201156670975,NA,"cv_r2",NA,NA,NA,NA,NA,"5yr_pic"
"CD4_T","MYB","spearman",1200,66,NA,0.637785248560176,NA,"cv_r2",NA,NA,NA,NA,NA,"5yr_pic"
"CD4_T","TCF4","rf",1200,66,0.916867536095212,0.917570367821781,NA,"oob_r2",-0.0504363501972238,0.0196078431372549,TRUE,0.924693548574146,0.741798941798942,"5yr_pic"
"CD4_T","TCF4","lm",1200,66,NA,0.907095471902414,NA,"cv_r2",NA,NA,NA,NA,NA,"5yr_pic"
"CD4_T","TCF4","ridge",1200,66,NA,0.904541194735793,NA,"cv_r2",NA,NA,NA,NA,NA,"5yr_pic"
"CD4_T","TCF4","spearman",1200,66,NA,0.639993364571884,NA,"cv_r2",NA,NA,NA,NA,NA,"5yr_pic"
"CD4_T","BCL11B","rf",1200,66,0.933161678806345,0.931415973989165,NA,"oob_r2",-0.067646041787451,0.0196078431372549,TRUE,0.959913254241613,0.822222222222222,"5yr_pic"
"CD4_T","BCL11B","lm",1200,66,NA,0.917888677811471,NA,"cv_r2",NA,NA,NA,NA,NA,"5yr_pic"
"CD4_T","BCL11B","ridge",1200,66,NA,0.916489461844195,NA,"cv_r2",NA,NA,NA,NA,NA,"5yr_pic"
"CD4_T","BCL11B","spearman",1200,66,NA,0.504495209404035,NA,"cv_r2",NA,NA,NA,NA,NA,"5yr_pic"
"CD4_T","NR4A3","rf",1200,66,0.935616481137745,0.934271118452307,NA,"oob_r2",-0.0610978084617028,0.0196078431372549,TRUE,0.947653805564253,0.822222222222222,"5yr_pic"
"CD4_T","NR4A3","lm",1200,66,NA,0.92592702556798,NA,"cv_r2",NA,NA,NA,NA,NA,"5yr_pic"
"CD4_T","NR4A3","ridge",1200,66,NA,0.923982772443895,NA,"cv_r2",NA,NA,NA,NA,NA,"5yr_pic"
"CD4_T","NR4A3","spearman",1200,66,NA,0.591227458249027,NA,"cv_r2",NA,NA,NA,NA,NA,"5yr_pic"
"CD4_T","MAF","rf",1200,66,0.927854708064999,0.929553471955032,NA,"oob_r2",-0.0502723582403802,0.0196078431372549,TRUE,0.949402637163831,0.785185185185185,"5yr_pic"
"CD4_T","MAF","lm",1200,66,NA,0.916801386534337,NA,"cv_r2",NA,NA,NA,NA,NA,"5yr_pic"
"CD4_T","MAF","ridge",1200,66,NA,0.913354207316587,NA,"cv_r2",NA,NA,NA,NA,NA,"5yr_pic"
"CD4_T","MAF","spearman",1200,66,NA,0.588055431875512,NA,"cv_r2",NA,NA,NA,NA,NA,"5yr_pic"
"CD4_T","IKZF2","rf",1200,66,0.901891921116251,0.901953041696282,NA,"oob_r2",-0.0508083088550303,0.0196078431372549,TRUE,0.941538925419523,0.697354497354497,"5yr_pic"
"CD4_T","IKZF2","lm",1200,66,NA,0.879769288143387,NA,"cv_r2",NA,NA,NA,NA,NA,"5yr_pic"
"CD4_T","IKZF2","ridge",1200,66,NA,0.877438832058907,NA,"cv_r2",NA,NA,NA,NA,NA,"5yr_pic"
"CD4_T","IKZF2","spearman",1200,66,NA,0.602736928479386,NA,"cv_r2",NA,NA,NA,NA,NA,"5yr_pic"
"CD4_T","NR4A1","rf",1200,66,0.904235521946593,0.90730568330636,NA,"oob_r2",-0.048519083409419,0.0196078431372549,TRUE,0.952417864059655,1,"5yr_pic"
"CD4_T","NR4A1","lm",1200,66,NA,0.901229399301545,NA,"cv_r2",NA,NA,NA,NA,NA,"5yr_pic"
"CD4_T","NR4A1","ridge",1200,66,NA,0.89904283779599,NA,"cv_r2",NA,NA,NA,NA,NA,"5yr_pic"
"CD4_T","NR4A1","spearman",1200,66,NA,0.654646403813104,NA,"cv_r2",NA,NA,NA,NA,NA,"5yr_pic"
"CD4_T","ATF5","rf",1200,66,0.911048655430875,0.90882416672027,NA,"oob_r2",-0.0425349313291296,0.0196078431372549,TRUE,0.93221306057127,0.704761904761905,"5yr_pic"
"CD4_T","ATF5","lm",1200,66,NA,0.895594016275891,NA,"cv_r2",NA,NA,NA,NA,NA,"5yr_pic"
"CD4_T","ATF5","ridge",1200,66,NA,0.892901741015196,NA,"cv_r2",NA,NA,NA,NA,NA,"5yr_pic"
"CD4_T","ATF5","spearman",1200,66,NA,0.65580836857878,NA,"cv_r2",NA,NA,NA,NA,NA,"5yr_pic"
"CD4_T","ATF4","rf",1200,66,0.922266440177568,0.91946181450269,NA,"oob_r2",-0.0493647124305563,0.0196078431372549,TRUE,0.942873975112781,0.65952380952381,"5yr_pic"
"CD4_T","ATF4","lm",1200,66,NA,0.909105655032169,NA,"cv_r2",NA,NA,NA,NA,NA,"5yr_pic"
"CD4_T","ATF4","ridge",1200,66,NA,0.905336533570648,NA,"cv_r2",NA,NA,NA,NA,NA,"5yr_pic"
"CD4_T","ATF4","spearman",1200,66,NA,0.651011680314656,NA,"cv_r2",NA,NA,NA,NA,NA,"5yr_pic"
"CD4_T","BCL3","rf",1200,66,0.908748355215556,0.911994784265702,NA,"oob_r2",-0.05377989075384,0.0196078431372549,TRUE,0.943071588444723,0.702645502645503,"5yr_pic"
"CD4_T","BCL3","lm",1200,66,NA,0.892021863397426,NA,"cv_r2",NA,NA,NA,NA,NA,"5yr_pic"
"CD4_T","BCL3","ridge",1200,66,NA,0.891154840438992,NA,"cv_r2",NA,NA,NA,NA,NA,"5yr_pic"
"CD4_T","BCL3","spearman",1200,66,NA,0.597921280675331,NA,"cv_r2",NA,NA,NA,NA,NA,"5yr_pic"
"CD4_T","NR4A2","rf",1200,66,0.912309903163736,0.91320108035671,NA,"oob_r2",-0.0528714712299579,0.0196078431372549,TRUE,0.958030824896497,1,"5yr_pic"
"CD4_T","NR4A2","lm",1200,66,NA,0.902341323841129,NA,"cv_r2",NA,NA,NA,NA,NA,"5yr_pic"
"CD4_T","NR4A2","ridge",1200,66,NA,0.900921390676828,NA,"cv_r2",NA,NA,NA,NA,NA,"5yr_pic"
"CD4_T","NR4A2","spearman",1200,66,NA,0.583205572569906,NA,"cv_r2",NA,NA,NA,NA,NA,"5yr_pic"
"CD4_T","EOMES","rf",1200,66,0.936758977625392,0.937287453773629,NA,"oob_r2",-0.0630506396895671,0.0196078431372549,TRUE,0.95005949274606,0.62962962962963,"5yr_pic"
"CD4_T","EOMES","lm",1200,66,NA,0.93227547650745,NA,"cv_r2",NA,NA,NA,NA,NA,"5yr_pic"
"CD4_T","EOMES","ridge",1200,66,NA,0.930061734634587,NA,"cv_r2",NA,NA,NA,NA,NA,"5yr_pic"
"CD4_T","EOMES","spearman",1200,66,NA,0.610039610554787,NA,"cv_r2",NA,NA,NA,NA,NA,"5yr_pic"
"CD4_T","BCLAF1","rf",1200,66,0.911279053917139,0.910009157143903,NA,"oob_r2",-0.045158554977396,0.0196078431372549,TRUE,0.946563685071148,0.774603174603175,"5yr_pic"
"CD4_T","BCLAF1","lm",1200,66,NA,0.896456706004859,NA,"cv_r2",NA,NA,NA,NA,NA,"5yr_pic"
"CD4_T","BCLAF1","ridge",1200,66,NA,0.89473952863674,NA,"cv_r2",NA,NA,NA,NA,NA,"5yr_pic"
"CD4_T","BCLAF1","spearman",1200,66,NA,0.653849185054622,NA,"cv_r2",NA,NA,NA,NA,NA,"5yr_pic"
"CD4_T","SPIB","rf",1200,66,0.92391322869982,0.920290526566125,NA,"oob_r2",-0.0463119836052079,0.0196078431372549,TRUE,0.930893782834082,0.720634920634921,"5yr_pic"
"CD4_T","SPIB","lm",1200,66,NA,0.91571225644041,NA,"cv_r2",NA,NA,NA,NA,NA,"5yr_pic"
"CD4_T","SPIB","ridge",1200,66,NA,0.909804252574658,NA,"cv_r2",NA,NA,NA,NA,NA,"5yr_pic"
"CD4_T","SPIB","spearman",1200,66,NA,0.665960707995788,NA,"cv_r2",NA,NA,NA,NA,NA,"5yr_pic"
"CD4_T","FOSL2","rf",1200,66,0.938612884408235,0.937827804703964,NA,"oob_r2",-0.0561462728034886,0.0196078431372549,TRUE,0.940748472091756,0.666931216931217,"5yr_pic"
"CD4_T","FOSL2","lm",1200,66,NA,0.931737790445872,NA,"cv_r2",NA,NA,NA,NA,NA,"5yr_pic"
"CD4_T","FOSL2","ridge",1200,66,NA,0.928135548068748,NA,"cv_r2",NA,NA,NA,NA,NA,"5yr_pic"
"CD4_T","FOSL2","spearman",1200,66,NA,0.678179422119026,NA,"cv_r2",NA,NA,NA,NA,NA,"5yr_pic"
"CD4_T","KLF6","rf",1200,66,0.942828276832314,0.941347158732701,NA,"oob_r2",-0.0559468242831084,0.0196078431372549,TRUE,0.945411404515882,0.656084656084656,"5yr_pic"
"CD4_T","KLF6","lm",1200,66,NA,0.928976574294016,NA,"cv_r2",NA,NA,NA,NA,NA,"5yr_pic"
"CD4_T","KLF6","ridge",1200,66,NA,0.92643469851757,NA,"cv_r2",NA,NA,NA,NA,NA,"5yr_pic"
"CD4_T","KLF6","spearman",1200,66,NA,0.613647508367938,NA,"cv_r2",NA,NA,NA,NA,NA,"5yr_pic"
"CD4_T","BCL11A","rf",1200,66,0.888270560625205,0.88675152805423,NA,"oob_r2",-0.0454326602067207,0.0196078431372549,TRUE,0.920344199747185,0.734391534391534,"5yr_pic"
"CD4_T","BCL11A","lm",1200,66,NA,0.88572439592905,NA,"cv_r2",NA,NA,NA,NA,NA,"5yr_pic"
"CD4_T","BCL11A","ridge",1200,66,NA,0.883663311640578,NA,"cv_r2",NA,NA,NA,NA,NA,"5yr_pic"
"CD4_T","BCL11A","spearman",1200,66,NA,0.645788070073916,NA,"cv_r2",NA,NA,NA,NA,NA,"5yr_pic"
"CD4_T","SP100","rf",1200,66,0.910439359890692,0.9101870511906,NA,"oob_r2",-0.044754066703364,0.0196078431372549,TRUE,0.950164329865823,0.661375661375661,"5yr_pic"
"CD4_T","SP100","lm",1200,66,NA,0.900176736162417,NA,"cv_r2",NA,NA,NA,NA,NA,"5yr_pic"
"CD4_T","SP100","ridge",1200,66,NA,0.89801120576456,NA,"cv_r2",NA,NA,NA,NA,NA,"5yr_pic"
"CD4_T","SP100","spearman",1200,66,NA,0.648277742771772,NA,"cv_r2",NA,NA,NA,NA,NA,"5yr_pic"
"CD4_T","FOXP3","rf",1200,66,0.924054173913237,0.91568911762081,NA,"oob_r2",-0.0470518491618761,0.0196078431372549,TRUE,0.935178188312517,0.604232804232804,"5yr_pic"
"CD4_T","FOXP3","lm",1200,66,NA,0.901046604387434,NA,"cv_r2",NA,NA,NA,NA,NA,"5yr_pic"
"CD4_T","FOXP3","ridge",1200,66,NA,0.899185739460311,NA,"cv_r2",NA,NA,NA,NA,NA,"5yr_pic"
"CD4_T","FOXP3","spearman",1200,66,NA,0.634882402149102,NA,"cv_r2",NA,NA,NA,NA,NA,"5yr_pic"
"CD4_T","MEF2C","rf",1200,66,0.932646877725663,0.930309594822557,NA,"oob_r2",-0.060584504201167,0.0196078431372549,TRUE,0.939112827471037,0.744973544973545,"5yr_pic"
"CD4_T","MEF2C","lm",1200,66,NA,0.920062452779032,NA,"cv_r2",NA,NA,NA,NA,NA,"5yr_pic"
"CD4_T","MEF2C","ridge",1200,66,NA,0.917821425042577,NA,"cv_r2",NA,NA,NA,NA,NA,"5yr_pic"
"CD4_T","MEF2C","spearman",1200,66,NA,0.594189317824239,NA,"cv_r2",NA,NA,NA,NA,NA,"5yr_pic"
"CD4_T","HIVEP2","rf",1200,66,0.904749407177321,0.903865754082677,NA,"oob_r2",-0.0434746918745575,0.0196078431372549,TRUE,0.926463718702525,0.792592592592593,"5yr_pic"
"CD4_T","HIVEP2","lm",1200,66,NA,0.893875282463674,NA,"cv_r2",NA,NA,NA,NA,NA,"5yr_pic"
"CD4_T","HIVEP2","ridge",1200,66,NA,0.891483025971719,NA,"cv_r2",NA,NA,NA,NA,NA,"5yr_pic"
"CD4_T","HIVEP2","spearman",1200,66,NA,0.651754597991396,NA,"cv_r2",NA,NA,NA,NA,NA,"5yr_pic"
"CD4_T","ETV7","rf",1200,66,0.9101982510163,0.905807931409643,NA,"oob_r2",-0.0514123931548182,0.0196078431372549,TRUE,0.941500887172529,0.703703703703704,"5yr_pic"
"CD4_T","ETV7","lm",1200,66,NA,0.889108124247538,NA,"cv_r2",NA,NA,NA,NA,NA,"5yr_pic"
"CD4_T","ETV7","ridge",1200,66,NA,0.886944572776843,NA,"cv_r2",NA,NA,NA,NA,NA,"5yr_pic"
"CD4_T","ETV7","spearman",1200,66,NA,0.621748728797795,NA,"cv_r2",NA,NA,NA,NA,NA,"5yr_pic"
"CD4_T","KLF3","rf",1200,66,0.92670265421001,0.922980054739454,NA,"oob_r2",-0.040546161850882,0.0196078431372549,TRUE,0.938424427976667,0.666666666666667,"5yr_pic"
"CD4_T","KLF3","lm",1200,66,NA,0.91196278117038,NA,"cv_r2",NA,NA,NA,NA,NA,"5yr_pic"
"CD4_T","KLF3","ridge",1200,66,NA,0.907663127565211,NA,"cv_r2",NA,NA,NA,NA,NA,"5yr_pic"
"CD4_T","KLF3","spearman",1200,66,NA,0.687989314416144,NA,"cv_r2",NA,NA,NA,NA,NA,"5yr_pic"
"CD4_T","NF1","rf",1200,66,0.938142097016664,0.93434854473515,NA,"oob_r2",-0.0513735827940175,0.0196078431372549,TRUE,0.936695079381647,0.716402116402116,"5yr_pic"
"CD4_T","NF1","lm",1200,66,NA,0.930330641973809,NA,"cv_r2",NA,NA,NA,NA,NA,"5yr_pic"
"CD4_T","NF1","ridge",1200,66,NA,0.924582841520349,NA,"cv_r2",NA,NA,NA,NA,NA,"5yr_pic"
"CD4_T","NF1","spearman",1200,66,NA,0.662148941250302,NA,"cv_r2",NA,NA,NA,NA,NA,"5yr_pic"
"CD4_T","NFKB2","rf",1200,66,0.905374791377568,0.905775764413658,NA,"oob_r2",-0.0468819850723833,0.0196078431372549,TRUE,0.950555845481219,0.814814814814815,"5yr_pic"
"CD4_T","NFKB2","lm",1200,66,NA,0.892823357033892,NA,"cv_r2",NA,NA,NA,NA,NA,"5yr_pic"
"CD4_T","NFKB2","ridge",1200,66,NA,0.891006241815875,NA,"cv_r2",NA,NA,NA,NA,NA,"5yr_pic"
"CD4_T","NFKB2","spearman",1200,66,NA,0.625805871692878,NA,"cv_r2",NA,NA,NA,NA,NA,"5yr_pic"
"CD4_T","BACH1","rf",1200,66,0.92860353634185,0.927077822408374,NA,"oob_r2",-0.0483264066777662,0.0196078431372549,TRUE,0.947162091639704,0.661375661375661,"5yr_pic"
"CD4_T","BACH1","lm",1200,66,NA,0.916650033291367,NA,"cv_r2",NA,NA,NA,NA,NA,"5yr_pic"
"CD4_T","BACH1","ridge",1200,66,NA,0.91414337557159,NA,"cv_r2",NA,NA,NA,NA,NA,"5yr_pic"
"CD4_T","BACH1","spearman",1200,66,NA,0.665056839429494,NA,"cv_r2",NA,NA,NA,NA,NA,"5yr_pic"
"CD4_T","KLF2","rf",1200,66,0.90619947991981,0.905292983916721,NA,"oob_r2",-0.0461109943735687,0.0196078431372549,TRUE,0.943012211668928,0.822222222222222,"5yr_pic"
"CD4_T","KLF2","lm",1200,66,NA,0.889504149337077,NA,"cv_r2",NA,NA,NA,NA,NA,"5yr_pic"
"CD4_T","KLF2","ridge",1200,66,NA,0.887700239701795,NA,"cv_r2",NA,NA,NA,NA,NA,"5yr_pic"
"CD4_T","KLF2","spearman",1200,66,NA,0.628018356177201,NA,"cv_r2",NA,NA,NA,NA,NA,"5yr_pic"
"CD4_T","FOXP1","rf",1200,66,0.927729861867165,0.926259827175383,NA,"oob_r2",-0.0477778369472604,0.0196078431372549,TRUE,0.947285484001902,0.8,"5yr_pic"
"CD4_T","FOXP1","lm",1200,66,NA,0.915382026768084,NA,"cv_r2",NA,NA,NA,NA,NA,"5yr_pic"
"CD4_T","FOXP1","ridge",1200,66,NA,0.912961404291667,NA,"cv_r2",NA,NA,NA,NA,NA,"5yr_pic"
"CD4_T","FOXP1","spearman",1200,66,NA,0.635060137621641,NA,"cv_r2",NA,NA,NA,NA,NA,"5yr_pic"
"CD4_T","REL","rf",1200,66,0.924719723809199,0.924161228681854,NA,"oob_r2",-0.0520344039619672,0.0196078431372549,TRUE,0.94339630518735,0.71957671957672,"5yr_pic"
"CD4_T","REL","lm",1200,66,NA,0.915882541830663,NA,"cv_r2",NA,NA,NA,NA,NA,"5yr_pic"
"CD4_T","REL","ridge",1200,66,NA,0.915018881030815,NA,"cv_r2",NA,NA,NA,NA,NA,"5yr_pic"
"CD4_T","REL","spearman",1200,66,NA,0.622418303457908,NA,"cv_r2",NA,NA,NA,NA,NA,"5yr_pic"
"CD4_T","EGR3","rf",1200,66,0.93251191533709,0.931320970843277,NA,"oob_r2",-0.0424409327326302,0.0196078431372549,TRUE,0.936361085017802,0.785185185185185,"5yr_pic"
"CD4_T","EGR3","lm",1200,66,NA,0.922308100674156,NA,"cv_r2",NA,NA,NA,NA,NA,"5yr_pic"
"CD4_T","EGR3","ridge",1200,66,NA,0.919432151491575,NA,"cv_r2",NA,NA,NA,NA,NA,"5yr_pic"
"CD4_T","EGR3","spearman",1200,66,NA,0.657284900623729,NA,"cv_r2",NA,NA,NA,NA,NA,"5yr_pic"
"CD4_T","NR3C1","rf",1200,66,0.910344730337384,0.907893643237626,NA,"oob_r2",-0.0578272642515499,0.0196078431372549,TRUE,0.937255447703209,0.684656084656085,"5yr_pic"
"CD4_T","NR3C1","lm",1200,66,NA,0.894962706506104,NA,"cv_r2",NA,NA,NA,NA,NA,"5yr_pic"
"CD4_T","NR3C1","ridge",1200,66,NA,0.891544126712409,NA,"cv_r2",NA,NA,NA,NA,NA,"5yr_pic"
"CD4_T","NR3C1","spearman",1200,66,NA,0.648062339802273,NA,"cv_r2",NA,NA,NA,NA,NA,"5yr_pic"
"CD4_T","HIVEP1","rf",1200,66,0.904420013760519,0.902928733778458,NA,"oob_r2",-0.0421000266078033,0.0196078431372549,TRUE,0.943100349070498,0.8,"5yr_pic"
"CD4_T","HIVEP1","lm",1200,66,NA,0.897279299325273,NA,"cv_r2",NA,NA,NA,NA,NA,"5yr_pic"
"CD4_T","HIVEP1","ridge",1200,66,NA,0.895189167677344,NA,"cv_r2",NA,NA,NA,NA,NA,"5yr_pic"
"CD4_T","HIVEP1","spearman",1200,66,NA,0.638130775595664,NA,"cv_r2",NA,NA,NA,NA,NA,"5yr_pic"
"CD4_T","JUN","rf",1200,66,0.924881971709809,0.926022525152934,NA,"oob_r2",-0.0562703208941201,0.0196078431372549,TRUE,0.939967296385207,0.62010582010582,"5yr_pic"
"CD4_T","JUN","lm",1200,66,NA,0.914066265836453,NA,"cv_r2",NA,NA,NA,NA,NA,"5yr_pic"
"CD4_T","JUN","ridge",1200,66,NA,0.910505432219186,NA,"cv_r2",NA,NA,NA,NA,NA,"5yr_pic"
"CD4_T","JUN","spearman",1200,66,NA,0.622078993063132,NA,"cv_r2",NA,NA,NA,NA,NA,"5yr_pic"
"CD4_T","REST","rf",1200,66,0.931454881380046,0.927741565102894,NA,"oob_r2",-0.0510136655896407,0.0196078431372549,TRUE,0.930513400364147,0.679365079365079,"5yr_pic"
"CD4_T","REST","lm",1200,66,NA,0.914681269156857,NA,"cv_r2",NA,NA,NA,NA,NA,"5yr_pic"
"CD4_T","REST","ridge",1200,66,NA,0.91074435547908,NA,"cv_r2",NA,NA,NA,NA,NA,"5yr_pic"
"CD4_T","REST","spearman",1200,66,NA,0.656847356837049,NA,"cv_r2",NA,NA,NA,NA,NA,"5yr_pic"
"CD4_T","BATF","rf",1200,66,0.946877203031539,0.942827321350664,NA,"oob_r2",-0.0580799874858236,0.0196078431372549,TRUE,0.945116376161152,0.582539682539683,"5yr_pic"
"CD4_T","BATF","lm",1200,66,NA,0.931415972636823,NA,"cv_r2",NA,NA,NA,NA,NA,"5yr_pic"
"CD4_T","BATF","ridge",1200,66,NA,0.926624887375123,NA,"cv_r2",NA,NA,NA,NA,NA,"5yr_pic"
"CD4_T","BATF","spearman",1200,66,NA,0.654431151259485,NA,"cv_r2",NA,NA,NA,NA,NA,"5yr_pic"
"CD4_T","EGR1","rf",1200,66,0.92670114792101,0.923552934862062,NA,"oob_r2",-0.0483826833844636,0.0196078431372549,TRUE,0.927051919887741,0.785185185185185,"5yr_pic"
"CD4_T","EGR1","lm",1200,66,NA,0.913313572054709,NA,"cv_r2",NA,NA,NA,NA,NA,"5yr_pic"
"CD4_T","EGR1","ridge",1200,66,NA,0.910325297115525,NA,"cv_r2",NA,NA,NA,NA,NA,"5yr_pic"
"CD4_T","EGR1","spearman",1200,66,NA,0.668992457146325,NA,"cv_r2",NA,NA,NA,NA,NA,"5yr_pic"
"CD4_T","JUNB","rf",1200,66,0.935595539606355,0.933479109638838,NA,"oob_r2",-0.048030071961581,0.0196078431372549,TRUE,0.929086502220831,0.774603174603175,"5yr_pic"
"CD4_T","JUNB","lm",1200,66,NA,0.927485506443248,NA,"cv_r2",NA,NA,NA,NA,NA,"5yr_pic"
"CD4_T","JUNB","ridge",1200,66,NA,0.921328528687108,NA,"cv_r2",NA,NA,NA,NA,NA,"5yr_pic"
"CD4_T","JUNB","spearman",1200,66,NA,0.687528074478816,NA,"cv_r2",NA,NA,NA,NA,NA,"5yr_pic"
"CD4_T","IRF6","rf",1200,66,0.921334370211302,0.91860975010753,NA,"oob_r2",-0.0546969749695899,0.0196078431372549,TRUE,0.950562339816071,0.768253968253968,"5yr_pic"
"CD4_T","IRF6","lm",1200,66,NA,0.905449037944143,NA,"cv_r2",NA,NA,NA,NA,NA,"5yr_pic"
"CD4_T","IRF6","ridge",1200,66,NA,0.904164387630999,NA,"cv_r2",NA,NA,NA,NA,NA,"5yr_pic"
"CD4_T","IRF6","spearman",1200,66,NA,0.591258176766453,NA,"cv_r2",NA,NA,NA,NA,NA,"5yr_pic"
"CD4_T","RFX8","rf",1200,66,0.911605637454631,0.911807812261002,NA,"oob_r2",-0.0451983307279862,0.0196078431372549,TRUE,0.922223845805936,0.66031746031746,"5yr_pic"
"CD4_T","RFX8","lm",1200,66,NA,0.905772419742044,NA,"cv_r2",NA,NA,NA,NA,NA,"5yr_pic"
"CD4_T","RFX8","ridge",1200,66,NA,0.901490529529636,NA,"cv_r2",NA,NA,NA,NA,NA,"5yr_pic"
"CD4_T","RFX8","spearman",1200,66,NA,0.666234999790274,NA,"cv_r2",NA,NA,NA,NA,NA,"5yr_pic"
"CD4_T","ZNF683","rf",1200,66,0.904032664216852,0.90542447681591,NA,"oob_r2",-0.0501719522373893,0.0196078431372549,TRUE,0.934479583434807,0.674338624338624,"5yr_pic"
"CD4_T","ZNF683","lm",1200,66,NA,0.894102047852882,NA,"cv_r2",NA,NA,NA,NA,NA,"5yr_pic"
"CD4_T","ZNF683","ridge",1200,66,NA,0.890247413548885,NA,"cv_r2",NA,NA,NA,NA,NA,"5yr_pic"
"CD4_T","ZNF683","spearman",1200,66,NA,0.643789705307307,NA,"cv_r2",NA,NA,NA,NA,NA,"5yr_pic"
"CD4_T","BDP1","rf",1200,66,0.922652121939243,0.920020741965884,NA,"oob_r2",-0.0476949577158665,0.0196078431372549,TRUE,0.932940426074755,0.816931216931217,"5yr_pic"
"CD4_T","BDP1","lm",1200,66,NA,0.905988054078611,NA,"cv_r2",NA,NA,NA,NA,NA,"5yr_pic"
"CD4_T","BDP1","ridge",1200,66,NA,0.903341750170908,NA,"cv_r2",NA,NA,NA,NA,NA,"5yr_pic"
"CD4_T","BDP1","spearman",1200,66,NA,0.654077029132253,NA,"cv_r2",NA,NA,NA,NA,NA,"5yr_pic"
"CD4_T","KLF5","rf",1200,66,0.917861421497254,0.918254276117095,NA,"oob_r2",-0.0496598349483544,0.0196078431372549,TRUE,0.925307727098772,0.60026455026455,"5yr_pic"
"CD4_T","KLF5","lm",1200,66,NA,0.911604068321401,NA,"cv_r2",NA,NA,NA,NA,NA,"5yr_pic"
"CD4_T","KLF5","ridge",1200,66,NA,0.908062301134511,NA,"cv_r2",NA,NA,NA,NA,NA,"5yr_pic"
"CD4_T","KLF5","spearman",1200,66,NA,0.666282681285164,NA,"cv_r2",NA,NA,NA,NA,NA,"5yr_pic"
"CD4_T","TCF7L2","rf",1200,66,0.941293079153744,0.940661934445175,NA,"oob_r2",-0.051807994470028,0.0196078431372549,TRUE,0.935821127462919,0.652116402116402,"5yr_pic"
"CD4_T","TCF7L2","lm",1200,66,NA,0.936152914254252,NA,"cv_r2",NA,NA,NA,NA,NA,"5yr_pic"
"CD4_T","TCF7L2","ridge",1200,66,NA,0.932024369725064,NA,"cv_r2",NA,NA,NA,NA,NA,"5yr_pic"
"CD4_T","TCF7L2","spearman",1200,66,NA,0.664758901643773,NA,"cv_r2",NA,NA,NA,NA,NA,"5yr_pic"
"CD4_T","PAX5","rf",1200,66,0.914091967169287,0.915820027003473,NA,"oob_r2",-0.0459359434134933,0.0196078431372549,TRUE,0.925133307819875,0.572222222222222,"5yr_pic"
"CD4_T","PAX5","lm",1200,66,NA,0.9096252047488,NA,"cv_r2",NA,NA,NA,NA,NA,"5yr_pic"
"CD4_T","PAX5","ridge",1200,66,NA,0.906112279026125,NA,"cv_r2",NA,NA,NA,NA,NA,"5yr_pic"
"CD4_T","PAX5","spearman",1200,66,NA,0.669379584100148,NA,"cv_r2",NA,NA,NA,NA,NA,"5yr_pic"
"CD4_T","SMC3","rf",1200,66,0.930668681456317,0.929926761363325,NA,"oob_r2",-0.0477044229072079,0.0196078431372549,TRUE,0.927552911433509,0.77037037037037,"5yr_pic"
"CD4_T","SMC3","lm",1200,66,NA,0.919145275083554,NA,"cv_r2",NA,NA,NA,NA,NA,"5yr_pic"
"CD4_T","SMC3","ridge",1200,66,NA,0.915457120455266,NA,"cv_r2",NA,NA,NA,NA,NA,"5yr_pic"
"CD4_T","SMC3","spearman",1200,66,NA,0.668474777349301,NA,"cv_r2",NA,NA,NA,NA,NA,"5yr_pic"
"CD4_T","JUND","rf",1200,66,0.945427783275181,0.947750089833312,NA,"oob_r2",-0.0454217061410914,0.0196078431372549,TRUE,0.925252989133586,0.658201058201058,"5yr_pic"
"CD4_T","JUND","lm",1200,66,NA,0.937139955287112,NA,"cv_r2",NA,NA,NA,NA,NA,"5yr_pic"
"CD4_T","JUND","ridge",1200,66,NA,0.931817485756675,NA,"cv_r2",NA,NA,NA,NA,NA,"5yr_pic"
"CD4_T","JUND","spearman",1200,66,NA,0.667251124986326,NA,"cv_r2",NA,NA,NA,NA,NA,"5yr_pic"
"CD4_T","GATA3","rf",1200,66,0.937640716039286,0.935121621418937,NA,"oob_r2",-0.0451718324970289,0.0196078431372549,TRUE,0.936750745108954,0.77989417989418,"5yr_pic"
"CD4_T","GATA3","lm",1200,66,NA,0.931112615251736,NA,"cv_r2",NA,NA,NA,NA,NA,"5yr_pic"
"CD4_T","GATA3","ridge",1200,66,NA,0.927247261290194,NA,"cv_r2",NA,NA,NA,NA,NA,"5yr_pic"
"CD4_T","GATA3","spearman",1200,66,NA,0.677783419113132,NA,"cv_r2",NA,NA,NA,NA,NA,"5yr_pic"
"CD4_T","ETS1","rf",1200,66,0.939461831890893,0.938082707497129,NA,"oob_r2",-0.0342103302998151,0.0196078431372549,TRUE,0.92051769126396,0.844444444444444,"5yr_pic"
"CD4_T","ETS1","lm",1200,66,NA,0.92832852593657,NA,"cv_r2",NA,NA,NA,NA,NA,"5yr_pic"
"CD4_T","ETS1","ridge",1200,66,NA,0.923880200482993,NA,"cv_r2",NA,NA,NA,NA,NA,"5yr_pic"
"CD4_T","ETS1","spearman",1200,66,NA,0.681166045753651,NA,"cv_r2",NA,NA,NA,NA,NA,"5yr_pic"
"CD4_T","IRF4","rf",1200,66,0.929123009098348,0.929280732540833,NA,"oob_r2",-0.0489942062199403,0.0196078431372549,TRUE,0.913488037667142,0.881481481481481,"5yr_pic"
"CD4_T","IRF4","lm",1200,66,NA,0.924189121745902,NA,"cv_r2",NA,NA,NA,NA,NA,"5yr_pic"
"CD4_T","IRF4","ridge",1200,66,NA,0.919469201122222,NA,"cv_r2",NA,NA,NA,NA,NA,"5yr_pic"
"CD4_T","IRF4","spearman",1200,66,NA,0.673923935549606,NA,"cv_r2",NA,NA,NA,NA,NA,"5yr_pic"
"CD4_T","IRF8","rf",1200,66,0.943298130297315,0.942260077901771,NA,"oob_r2",-0.046799755907095,0.0196078431372549,TRUE,0.935896276194784,0.737566137566138,"5yr_pic"
"CD4_T","IRF8","lm",1200,66,NA,0.933103871572737,NA,"cv_r2",NA,NA,NA,NA,NA,"5yr_pic"
"CD4_T","IRF8","ridge",1200,66,NA,0.929436883173942,NA,"cv_r2",NA,NA,NA,NA,NA,"5yr_pic"
"CD4_T","IRF8","spearman",1200,66,NA,0.667789562138644,NA,"cv_r2",NA,NA,NA,NA,NA,"5yr_pic"
"CD4_T","NFKB1","rf",1200,66,0.941735378909115,0.943382232494994,NA,"oob_r2",-0.0473934195672014,0.0196078431372549,TRUE,0.926467429751012,0.737566137566138,"5yr_pic"
"CD4_T","NFKB1","lm",1200,66,NA,0.929491608629608,NA,"cv_r2",NA,NA,NA,NA,NA,"5yr_pic"
"CD4_T","NFKB1","ridge",1200,66,NA,0.926089036461617,NA,"cv_r2",NA,NA,NA,NA,NA,"5yr_pic"
"CD4_T","NFKB1","spearman",1200,66,NA,0.65530191958057,NA,"cv_r2",NA,NA,NA,NA,NA,"5yr_pic"
"CD4_T","IRF1","rf",1200,66,0.93239904358496,0.930492543068763,NA,"oob_r2",-0.046352469942172,0.0196078431372549,TRUE,0.913061267091118,0.844444444444444,"5yr_pic"
"CD4_T","IRF1","lm",1200,66,NA,0.926673401397182,NA,"cv_r2",NA,NA,NA,NA,NA,"5yr_pic"
"CD4_T","IRF1","ridge",1200,66,NA,0.923647322490765,NA,"cv_r2",NA,NA,NA,NA,NA,"5yr_pic"
"CD4_T","IRF1","spearman",1200,66,NA,0.670521713223884,NA,"cv_r2",NA,NA,NA,NA,NA,"5yr_pic"
"CD4_T","STAT2","rf",1200,66,0.90731282709232,0.907230268871767,NA,"oob_r2",-0.0435275110719791,0.0196078431372549,TRUE,0.918129631562468,0.634920634920635,"5yr_pic"
"CD4_T","STAT2","lm",1200,66,NA,0.900672799753618,NA,"cv_r2",NA,NA,NA,NA,NA,"5yr_pic"
"CD4_T","STAT2","ridge",1200,66,NA,0.89681690449278,NA,"cv_r2",NA,NA,NA,NA,NA,"5yr_pic"
"CD4_T","STAT2","spearman",1200,66,NA,0.671259672577517,NA,"cv_r2",NA,NA,NA,NA,NA,"5yr_pic"
"CD4_T","IRF2","rf",1200,66,0.919832193849575,0.916348999224264,NA,"oob_r2",-0.0452570912806328,0.0196078431372549,TRUE,0.907760034327199,0.774603174603175,"5yr_pic"
"CD4_T","IRF2","lm",1200,66,NA,0.907154172071572,NA,"cv_r2",NA,NA,NA,NA,NA,"5yr_pic"
"CD4_T","IRF2","ridge",1200,66,NA,0.903554661734706,NA,"cv_r2",NA,NA,NA,NA,NA,"5yr_pic"
"CD4_T","IRF2","spearman",1200,66,NA,0.649587716836508,NA,"cv_r2",NA,NA,NA,NA,NA,"5yr_pic"
"CD4_T","IRF9","rf",1200,66,0.948036182600725,0.944117345127371,NA,"oob_r2",-0.0442779887133668,0.0196078431372549,TRUE,0.927540850525925,0.785185185185185,"5yr_pic"
"CD4_T","IRF9","lm",1200,66,NA,0.934639337077954,NA,"cv_r2",NA,NA,NA,NA,NA,"5yr_pic"
"CD4_T","IRF9","ridge",1200,66,NA,0.929448153063211,NA,"cv_r2",NA,NA,NA,NA,NA,"5yr_pic"
"CD4_T","IRF9","spearman",1200,66,NA,0.668847685380673,NA,"cv_r2",NA,NA,NA,NA,NA,"5yr_pic"
"CD4_T","IRF7","rf",1200,66,0.946710504969922,0.945498697917928,NA,"oob_r2",-0.0413953305761472,0.0196078431372549,TRUE,0.89925431119461,0.8,"5yr_pic"
"CD4_T","IRF7","lm",1200,66,NA,0.932391218634078,NA,"cv_r2",NA,NA,NA,NA,NA,"5yr_pic"
"CD4_T","IRF7","ridge",1200,66,NA,0.927549080227892,NA,"cv_r2",NA,NA,NA,NA,NA,"5yr_pic"
"CD4_T","IRF7","spearman",1200,66,NA,0.661388334380752,NA,"cv_r2",NA,NA,NA,NA,NA,"5yr_pic"
"CD4_T","STAT1","rf",1200,66,0.955856535883828,0.952995457023767,NA,"oob_r2",-0.039987405884245,0.0196078431372549,TRUE,0.908283292163889,0.8,"5yr_pic"
"CD4_T","STAT1","lm",1200,66,NA,0.942441174685614,NA,"cv_r2",NA,NA,NA,NA,NA,"5yr_pic"
"CD4_T","STAT1","ridge",1200,66,NA,0.936249361745096,NA,"cv_r2",NA,NA,NA,NA,NA,"5yr_pic"
"CD4_T","STAT1","spearman",1200,66,NA,0.677278664760571,NA,"cv_r2",NA,NA,NA,NA,NA,"5yr_pic"
