"cluster","tf","method","n_obs","n_pred","oob_r2","cv_r2","lodo_r2","null_metric","null_q95","p_perm","beats_null","imp_stability_spearman","imp_top5_jaccard","dataset"
"Mono","NR3C1","rf",508,107,0.87157803274261,0.857392433858394,NA,"oob_r2",-0.0529482410274645,0.0196078431372549,TRUE,0.81699985414204,0.933333333333333,"cord_pic"
"Mono","NR3C1","lm",508,107,NA,0.840189029909882,NA,"cv_r2",-0.287605730202353,0.0196078431372549,TRUE,NA,NA,"cord_pic"
"Mono","NR3C1","ridge",508,107,NA,0.866231753623631,NA,"cv_r2",-0.000722474270931153,0.0196078431372549,TRUE,NA,NA,"cord_pic"
"Mono","NR3C1","spearman",508,107,NA,0.481201831756874,NA,"cv_r2",0.00953508005992392,0.0196078431372549,TRUE,NA,NA,"cord_pic"
"Mono","EGR3","rf",508,107,0.895827921531564,0.884592309357962,NA,"oob_r2",-0.0462325340039377,0.0196078431372549,TRUE,0.867274263036327,1,"cord_pic"
"Mono","EGR3","lm",508,107,NA,0.869351796152559,NA,"cv_r2",-0.298885169143009,0.0196078431372549,TRUE,NA,NA,"cord_pic"
"Mono","EGR3","ridge",508,107,NA,0.880411196646323,NA,"cv_r2",0.00111085068230881,0.0196078431372549,TRUE,NA,NA,"cord_pic"
"Mono","EGR3","spearman",508,107,NA,0.735302569291907,NA,"cv_r2",-0.00144107528512051,0.0196078431372549,TRUE,NA,NA,"cord_pic"
"Mono","KLF6","rf",508,107,0.880315297692626,0.867663186032774,NA,"oob_r2",-0.047819514336928,0.0196078431372549,TRUE,0.850447479160816,0.75026455026455,"cord_pic"
"Mono","KLF6","lm",508,107,NA,0.856176719112003,NA,"cv_r2",-0.312925024481276,0.0196078431372549,TRUE,NA,NA,"cord_pic"
"Mono","KLF6","ridge",508,107,NA,0.865564347502748,NA,"cv_r2",-0.000936561683142358,0.0196078431372549,TRUE,NA,NA,"cord_pic"
"Mono","KLF6","spearman",508,107,NA,0.699107481006384,NA,"cv_r2",0.011011199334469,0.0196078431372549,TRUE,NA,NA,"cord_pic"
"Mono","JUNB","rf",508,107,0.87977216756087,0.864512917569784,NA,"oob_r2",-0.0475907165252817,0.0196078431372549,TRUE,0.829679700272776,0.761904761904762,"cord_pic"
"Mono","JUNB","lm",508,107,NA,0.852477416340035,NA,"cv_r2",-0.289129923899242,0.0196078431372549,TRUE,NA,NA,"cord_pic"
"Mono","JUNB","ridge",508,107,NA,0.869550488125507,NA,"cv_r2",-0.00183306959176366,0.0196078431372549,TRUE,NA,NA,"cord_pic"
"Mono","JUNB","spearman",508,107,NA,0.47342728819978,NA,"cv_r2",0.00740355899599159,0.0196078431372549,TRUE,NA,NA,"cord_pic"
"Mono","BHLHE41","rf",508,107,0.853250891936729,0.828210944770164,NA,"oob_r2",-0.0602392220620024,0.0196078431372549,TRUE,0.863856397395456,0.740740740740741,"cord_pic"
"Mono","BHLHE41","lm",508,107,NA,0.847001229886578,NA,"cv_r2",-0.309617088663334,0.0196078431372549,TRUE,NA,NA,"cord_pic"
"Mono","BHLHE41","ridge",508,107,NA,0.857037164881813,NA,"cv_r2",-0.000172588033054918,0.0196078431372549,TRUE,NA,NA,"cord_pic"
"Mono","BHLHE41","spearman",508,107,NA,0.544179346653142,NA,"cv_r2",0.000596028775952042,0.0196078431372549,TRUE,NA,NA,"cord_pic"
"Mono","MYC","rf",508,107,0.884100396126954,0.874210108786373,NA,"oob_r2",-0.0574612927306936,0.0196078431372549,TRUE,0.808051141719513,0.814814814814815,"cord_pic"
"Mono","MYC","lm",508,107,NA,0.840921747635661,NA,"cv_r2",-0.282203796067334,0.0196078431372549,TRUE,NA,NA,"cord_pic"
"Mono","MYC","ridge",508,107,NA,0.85286612766682,NA,"cv_r2",-0.00107441437422601,0.0196078431372549,TRUE,NA,NA,"cord_pic"
"Mono","MYC","spearman",508,107,NA,0.640251147801194,NA,"cv_r2",0.010576663806048,0.0196078431372549,TRUE,NA,NA,"cord_pic"
"Mono","PAX8","rf",508,107,0.900278527271868,0.885974592380304,NA,"oob_r2",-0.0487651850874019,0.0196078431372549,TRUE,0.853392721470074,1,"cord_pic"
"Mono","PAX8","lm",508,107,NA,0.880499526849919,NA,"cv_r2",-0.302681940313282,0.0196078431372549,TRUE,NA,NA,"cord_pic"
"Mono","PAX8","ridge",508,107,NA,0.887233441131903,NA,"cv_r2",0.000317925651747968,0.0196078431372549,TRUE,NA,NA,"cord_pic"
"Mono","PAX8","spearman",508,107,NA,0.65425011111256,NA,"cv_r2",0.0103899084237473,0.0196078431372549,TRUE,NA,NA,"cord_pic"
"Mono","NFE2L2","rf",508,107,0.807710422671136,0.795295528047809,NA,"oob_r2",-0.0591706538264553,0.0196078431372549,TRUE,0.81448260698246,0.8,"cord_pic"
"Mono","NFE2L2","lm",508,107,NA,0.780181290268706,NA,"cv_r2",-0.307427296145339,0.0196078431372549,TRUE,NA,NA,"cord_pic"
"Mono","NFE2L2","ridge",508,107,NA,0.814324225110219,NA,"cv_r2",-0.000507228643023018,0.0196078431372549,TRUE,NA,NA,"cord_pic"
"Mono","NFE2L2","spearman",508,107,NA,0.452950773395075,NA,"cv_r2",0.003748218509748,0.0196078431372549,TRUE,NA,NA,"cord_pic"
"Mono","RUNX3","rf",508,107,0.881843364796134,0.872949932318963,NA,"oob_r2",-0.0420162331029257,0.0196078431372549,TRUE,0.851202239681638,0.881481481481481,"cord_pic"
"Mono","RUNX3","lm",508,107,NA,0.848818287540815,NA,"cv_r2",-0.300723306399376,0.0196078431372549,TRUE,NA,NA,"cord_pic"
"Mono","RUNX3","ridge",508,107,NA,0.862359992969178,NA,"cv_r2",0.00287786512619791,0.0196078431372549,TRUE,NA,NA,"cord_pic"
"Mono","RUNX3","spearman",508,107,NA,0.698831566344025,NA,"cv_r2",-0.000966108984837826,0.0196078431372549,TRUE,NA,NA,"cord_pic"
"Mono","TCF7L2","rf",508,107,0.871144308281756,0.854883169563946,NA,"oob_r2",-0.0415496001363262,0.0196078431372549,TRUE,0.846259831806179,0.686772486772487,"cord_pic"
"Mono","TCF7L2","lm",508,107,NA,0.84031081006348,NA,"cv_r2",-0.31562191326094,0.0196078431372549,TRUE,NA,NA,"cord_pic"
"Mono","TCF7L2","ridge",508,107,NA,0.853099218944751,NA,"cv_r2",-0.00124183093226478,0.0196078431372549,TRUE,NA,NA,"cord_pic"
"Mono","TCF7L2","spearman",508,107,NA,0.643182936067839,NA,"cv_r2",-0.00221051873973996,0.0196078431372549,TRUE,NA,NA,"cord_pic"
"Mono","MEF2C","rf",508,107,0.831851970593705,0.83666412270497,NA,"oob_r2",-0.0608019260005506,0.0196078431372549,TRUE,0.844701110915183,0.662433862433862,"cord_pic"
"Mono","MEF2C","lm",508,107,NA,0.824906243632226,NA,"cv_r2",-0.295606102768283,0.0196078431372549,TRUE,NA,NA,"cord_pic"
"Mono","MEF2C","ridge",508,107,NA,0.852825576825467,NA,"cv_r2",8.66607237136407e-05,0.0196078431372549,TRUE,NA,NA,"cord_pic"
"Mono","MEF2C","spearman",508,107,NA,0.385185215513339,NA,"cv_r2",0.00452108487737271,0.0196078431372549,TRUE,NA,NA,"cord_pic"
"Mono","CHD2","rf",508,107,0.856934572820121,0.849292313358765,NA,"oob_r2",-0.0478930539225689,0.0196078431372549,TRUE,0.855271241381863,0.66031746031746,"cord_pic"
"Mono","CHD2","lm",508,107,NA,0.847892095216075,NA,"cv_r2",-0.317099926214779,0.0196078431372549,TRUE,NA,NA,"cord_pic"
"Mono","CHD2","ridge",508,107,NA,0.860655736842027,NA,"cv_r2",-0.00123309815218364,0.0196078431372549,TRUE,NA,NA,"cord_pic"
"Mono","CHD2","spearman",508,107,NA,0.612576713384103,NA,"cv_r2",-0.00334802522043394,0.0196078431372549,TRUE,NA,NA,"cord_pic"
"Mono","ETS2","rf",508,107,0.879575919354118,0.86383291567364,NA,"oob_r2",-0.0549725719491065,0.0196078431372549,TRUE,0.827736741620243,0.73015873015873,"cord_pic"
"Mono","ETS2","lm",508,107,NA,0.82679021089244,NA,"cv_r2",-0.284129825736348,0.0196078431372549,TRUE,NA,NA,"cord_pic"
"Mono","ETS2","ridge",508,107,NA,0.843933936948252,NA,"cv_r2",0.000217271045288818,0.0196078431372549,TRUE,NA,NA,"cord_pic"
"Mono","ETS2","spearman",508,107,NA,0.629798085351432,NA,"cv_r2",0.0136793943040576,0.0196078431372549,TRUE,NA,NA,"cord_pic"
"Mono","MAFB","rf",508,107,0.837310235032843,0.815244715639877,NA,"oob_r2",-0.056642422941248,0.0196078431372549,TRUE,0.837412784559085,0.77037037037037,"cord_pic"
"Mono","MAFB","lm",508,107,NA,0.865136386917715,NA,"cv_r2",-0.310653573503388,0.0196078431372549,TRUE,NA,NA,"cord_pic"
"Mono","MAFB","ridge",508,107,NA,0.87425481269126,NA,"cv_r2",-0.00123957987572184,0.0196078431372549,TRUE,NA,NA,"cord_pic"
"Mono","MAFB","spearman",508,107,NA,0.582872011618654,NA,"cv_r2",0.0049251161520448,0.0196078431372549,TRUE,NA,NA,"cord_pic"
"Mono","ETV5","rf",508,107,0.856185647136495,0.830820084784454,NA,"oob_r2",-0.04147278567291,0.0196078431372549,TRUE,0.86449751932618,1,"cord_pic"
"Mono","ETV5","lm",508,107,NA,0.814598866075143,NA,"cv_r2",-0.297720493861427,0.0196078431372549,TRUE,NA,NA,"cord_pic"
"Mono","ETV5","ridge",508,107,NA,0.837435913020992,NA,"cv_r2",-0.00141871345107799,0.0196078431372549,TRUE,NA,NA,"cord_pic"
"Mono","ETV5","spearman",508,107,NA,0.572269858554434,NA,"cv_r2",0.000255102026539194,0.0196078431372549,TRUE,NA,NA,"cord_pic"
"Mono","CREM","rf",508,107,0.877844328280735,0.865066986444232,NA,"oob_r2",-0.0510834628569178,0.0196078431372549,TRUE,0.843619149626321,0.758730158730159,"cord_pic"
"Mono","CREM","lm",508,107,NA,0.86683925321064,NA,"cv_r2",-0.30159125563611,0.0196078431372549,TRUE,NA,NA,"cord_pic"
"Mono","CREM","ridge",508,107,NA,0.875557735578047,NA,"cv_r2",0.00128947688913746,0.0196078431372549,TRUE,NA,NA,"cord_pic"
"Mono","CREM","spearman",508,107,NA,0.700456864174753,NA,"cv_r2",0.00875392665813847,0.0196078431372549,TRUE,NA,NA,"cord_pic"
"Mono","IKZF1","rf",508,107,0.890624084825979,0.890115292646978,NA,"oob_r2",-0.0390047573806017,0.0196078431372549,TRUE,0.820849851203111,0.643386243386243,"cord_pic"
"Mono","IKZF1","lm",508,107,NA,0.883410778543162,NA,"cv_r2",-0.298908545107842,0.0196078431372549,TRUE,NA,NA,"cord_pic"
"Mono","IKZF1","ridge",508,107,NA,0.889675207362322,NA,"cv_r2",0.00607559049557575,0.0196078431372549,TRUE,NA,NA,"cord_pic"
"Mono","IKZF1","spearman",508,107,NA,0.687835524907146,NA,"cv_r2",0.00506483059213656,0.0196078431372549,TRUE,NA,NA,"cord_pic"
"Mono","SMAD3","rf",508,107,0.877706666506344,0.868962200027724,NA,"oob_r2",-0.0488837406844849,0.0196078431372549,TRUE,0.835011352974087,1,"cord_pic"
"Mono","SMAD3","lm",508,107,NA,0.830469470580186,NA,"cv_r2",-0.303868400366793,0.0196078431372549,TRUE,NA,NA,"cord_pic"
"Mono","SMAD3","ridge",508,107,NA,0.843754266988476,NA,"cv_r2",0.00303408159314121,0.0196078431372549,TRUE,NA,NA,"cord_pic"
"Mono","SMAD3","spearman",508,107,NA,0.620781880758821,NA,"cv_r2",0.000914184020755089,0.0196078431372549,TRUE,NA,NA,"cord_pic"
"Mono","BDP1","rf",508,107,0.880824521136778,0.874925298455155,NA,"oob_r2",-0.0466481278621565,0.0196078431372549,TRUE,0.834767748410257,0.784126984126984,"cord_pic"
"Mono","BDP1","lm",508,107,NA,0.826204668002976,NA,"cv_r2",-0.28815602539909,0.0196078431372549,TRUE,NA,NA,"cord_pic"
"Mono","BDP1","ridge",508,107,NA,0.842663717290321,NA,"cv_r2",0.00074822064768753,0.0196078431372549,TRUE,NA,NA,"cord_pic"
"Mono","BDP1","spearman",508,107,NA,0.652065727357208,NA,"cv_r2",0.0111334272270708,0.0196078431372549,TRUE,NA,NA,"cord_pic"
"Mono","VDR","rf",508,107,0.862778567492196,0.858551883432908,NA,"oob_r2",-0.0390923880016963,0.0196078431372549,TRUE,0.855275159953935,0.702645502645503,"cord_pic"
"Mono","VDR","lm",508,107,NA,0.822215279057906,NA,"cv_r2",-0.297923548980841,0.0196078431372549,TRUE,NA,NA,"cord_pic"
"Mono","VDR","ridge",508,107,NA,0.848048749478601,NA,"cv_r2",-0.00149326998949121,0.0196078431372549,TRUE,NA,NA,"cord_pic"
"Mono","VDR","spearman",508,107,NA,0.706809836953434,NA,"cv_r2",0.000745663279557995,0.0196078431372549,TRUE,NA,NA,"cord_pic"
"Mono","XBP1","rf",508,107,0.85478343288133,0.832254170506731,NA,"oob_r2",-0.0397175487762085,0.0196078431372549,TRUE,0.838338220663501,0.933333333333333,"cord_pic"
"Mono","XBP1","lm",508,107,NA,0.844493534437415,NA,"cv_r2",-0.306497763704304,0.0196078431372549,TRUE,NA,NA,"cord_pic"
"Mono","XBP1","ridge",508,107,NA,0.856823328747805,NA,"cv_r2",-0.000171434657008192,0.0196078431372549,TRUE,NA,NA,"cord_pic"
"Mono","XBP1","spearman",508,107,NA,0.669503061037145,NA,"cv_r2",0.0153983799017104,0.0196078431372549,TRUE,NA,NA,"cord_pic"
"Mono","ZNF467","rf",508,107,0.70928250528307,0.706563886607513,NA,"oob_r2",-0.0426392597156363,0.0196078431372549,TRUE,0.851118861175877,0.77989417989418,"cord_pic"
"Mono","ZNF467","lm",508,107,NA,0.743429199512444,NA,"cv_r2",-0.316093222687306,0.0196078431372549,TRUE,NA,NA,"cord_pic"
"Mono","ZNF467","ridge",508,107,NA,0.775896905659903,NA,"cv_r2",-0.00086744828311457,0.0196078431372549,TRUE,NA,NA,"cord_pic"
"Mono","ZNF467","spearman",508,107,NA,0.0921611423030755,NA,"cv_r2",0.00391657038096272,0.0196078431372549,TRUE,NA,NA,"cord_pic"
"Mono","PLAGL1","rf",508,107,0.875126470915922,0.865672861375846,NA,"oob_r2",-0.0598711498838875,0.0196078431372549,TRUE,0.823893710909522,0.717460317460317,"cord_pic"
"Mono","PLAGL1","lm",508,107,NA,0.840776860959709,NA,"cv_r2",-0.309358083088785,0.0196078431372549,TRUE,NA,NA,"cord_pic"
"Mono","PLAGL1","ridge",508,107,NA,0.855252758529617,NA,"cv_r2",0.000927919076014655,0.0196078431372549,TRUE,NA,NA,"cord_pic"
"Mono","PLAGL1","spearman",508,107,NA,0.624587241157361,NA,"cv_r2",0.0078402531513346,0.0196078431372549,TRUE,NA,NA,"cord_pic"
"Mono","RARG","rf",508,107,0.892929455598412,0.879813342099649,NA,"oob_r2",-0.0595249281021818,0.0196078431372549,TRUE,0.84059488278027,0.758730158730159,"cord_pic"
"Mono","RARG","lm",508,107,NA,0.845459478461803,NA,"cv_r2",-0.310060879205731,0.0196078431372549,TRUE,NA,NA,"cord_pic"
"Mono","RARG","ridge",508,107,NA,0.860978716472233,NA,"cv_r2",0.000899370977808481,0.0196078431372549,TRUE,NA,NA,"cord_pic"
"Mono","RARG","spearman",508,107,NA,0.683931645733747,NA,"cv_r2",0.00632168996952341,0.0196078431372549,TRUE,NA,NA,"cord_pic"
"Mono","ATF4","rf",508,107,0.859231945728135,0.853125439701675,NA,"oob_r2",-0.0566277990985244,0.0196078431372549,TRUE,0.82662800342222,0.761904761904762,"cord_pic"
"Mono","ATF4","lm",508,107,NA,0.818860663736132,NA,"cv_r2",-0.306845648089298,0.0196078431372549,TRUE,NA,NA,"cord_pic"
"Mono","ATF4","ridge",508,107,NA,0.839216092750587,NA,"cv_r2",0.00189733406444439,0.0196078431372549,TRUE,NA,NA,"cord_pic"
"Mono","ATF4","spearman",508,107,NA,0.696278561966648,NA,"cv_r2",-0.00126303895971408,0.0196078431372549,TRUE,NA,NA,"cord_pic"
"Mono","ID2","rf",508,107,0.821926579878175,0.8147802705049,NA,"oob_r2",-0.0519568480706956,0.0196078431372549,TRUE,0.860396733652479,0.792592592592593,"cord_pic"
"Mono","ID2","lm",508,107,NA,0.83107203174566,NA,"cv_r2",-0.300453213717511,0.0196078431372549,TRUE,NA,NA,"cord_pic"
"Mono","ID2","ridge",508,107,NA,0.84011819980656,NA,"cv_r2",0.00012268122831836,0.0196078431372549,TRUE,NA,NA,"cord_pic"
"Mono","ID2","spearman",508,107,NA,0.609326894264107,NA,"cv_r2",-0.00249005473892843,0.0196078431372549,TRUE,NA,NA,"cord_pic"
"Mono","KLF3","rf",508,107,0.807903125624769,0.808772775125134,NA,"oob_r2",-0.0684320222543658,0.0196078431372549,TRUE,0.834355427548868,0.670899470899471,"cord_pic"
"Mono","KLF3","lm",508,107,NA,0.784869339842415,NA,"cv_r2",-0.289867551350655,0.0196078431372549,TRUE,NA,NA,"cord_pic"
"Mono","KLF3","ridge",508,107,NA,0.824236810733356,NA,"cv_r2",-0.00145395977763686,0.0196078431372549,TRUE,NA,NA,"cord_pic"
"Mono","KLF3","spearman",508,107,NA,0.269865352228346,NA,"cv_r2",0.00550580471013077,0.0196078431372549,TRUE,NA,NA,"cord_pic"
"Mono","ETV6","rf",508,107,0.854039559365299,0.838131784057894,NA,"oob_r2",-0.0509644584655327,0.0196078431372549,TRUE,0.869352847822254,0.758730158730159,"cord_pic"
"Mono","ETV6","lm",508,107,NA,0.823474240998645,NA,"cv_r2",-0.298124239943036,0.0196078431372549,TRUE,NA,NA,"cord_pic"
"Mono","ETV6","ridge",508,107,NA,0.842159769020554,NA,"cv_r2",-0.000668990664516558,0.0196078431372549,TRUE,NA,NA,"cord_pic"
"Mono","ETV6","spearman",508,107,NA,0.663063706605934,NA,"cv_r2",0.0115347566457181,0.0196078431372549,TRUE,NA,NA,"cord_pic"
"Mono","ENO1","rf",508,107,0.842586074015967,0.820700461579374,NA,"oob_r2",-0.0403432045331592,0.0196078431372549,TRUE,0.845046816051342,0.77037037037037,"cord_pic"
"Mono","ENO1","lm",508,107,NA,0.816717432104359,NA,"cv_r2",-0.291225869078094,0.0196078431372549,TRUE,NA,NA,"cord_pic"
"Mono","ENO1","ridge",508,107,NA,0.826488402935423,NA,"cv_r2",-0.000570279127542648,0.0196078431372549,TRUE,NA,NA,"cord_pic"
"Mono","ENO1","spearman",508,107,NA,0.634569199181016,NA,"cv_r2",0.0137178179452976,0.0196078431372549,TRUE,NA,NA,"cord_pic"
"Mono","FOXP1","rf",508,107,0.90169507142378,0.886468635675541,NA,"oob_r2",-0.0578615442934004,0.0196078431372549,TRUE,0.820123391480589,0.82962962962963,"cord_pic"
"Mono","FOXP1","lm",508,107,NA,0.85940000008359,NA,"cv_r2",-0.289058503069061,0.0196078431372549,TRUE,NA,NA,"cord_pic"
"Mono","FOXP1","ridge",508,107,NA,0.87199432184463,NA,"cv_r2",-0.001246218909776,0.0196078431372549,TRUE,NA,NA,"cord_pic"
"Mono","FOXP1","spearman",508,107,NA,0.588221252302792,NA,"cv_r2",0.00209310952070781,0.0196078431372549,TRUE,NA,NA,"cord_pic"
"Mono","AHR","rf",508,107,0.833307007847644,0.825891074517346,NA,"oob_r2",-0.0474347654363363,0.0196078431372549,TRUE,0.847190057276462,0.874074074074074,"cord_pic"
"Mono","AHR","lm",508,107,NA,0.833805591687479,NA,"cv_r2",-0.318586253507311,0.0196078431372549,TRUE,NA,NA,"cord_pic"
"Mono","AHR","ridge",508,107,NA,0.84444022541048,NA,"cv_r2",-0.00118495213824288,0.0196078431372549,TRUE,NA,NA,"cord_pic"
"Mono","AHR","spearman",508,107,NA,0.586065417935192,NA,"cv_r2",0.0185932876813472,0.0196078431372549,TRUE,NA,NA,"cord_pic"
"Mono","ETS1","rf",508,107,0.905907105333066,0.889226596266125,NA,"oob_r2",-0.0780558683071826,0.0196078431372549,TRUE,0.788240800607814,0.82962962962963,"cord_pic"
"Mono","ETS1","lm",508,107,NA,0.833001847991764,NA,"cv_r2",-0.280611332513333,0.0196078431372549,TRUE,NA,NA,"cord_pic"
"Mono","ETS1","ridge",508,107,NA,0.856005771512585,NA,"cv_r2",-0.00131534113848011,0.0196078431372549,TRUE,NA,NA,"cord_pic"
"Mono","ETS1","spearman",508,107,NA,0.52606164987247,NA,"cv_r2",0.00464520559020823,0.0196078431372549,TRUE,NA,NA,"cord_pic"
"Mono","JDP2","rf",508,107,0.830502168305912,0.816530497237817,NA,"oob_r2",-0.0587120700213722,0.0196078431372549,TRUE,0.792793092863627,0.557671957671958,"cord_pic"
"Mono","JDP2","lm",508,107,NA,0.801291116396487,NA,"cv_r2",-0.291693305907346,0.0196078431372549,TRUE,NA,NA,"cord_pic"
"Mono","JDP2","ridge",508,107,NA,0.831949667727877,NA,"cv_r2",-0.000177555753453286,0.0196078431372549,TRUE,NA,NA,"cord_pic"
"Mono","JDP2","spearman",508,107,NA,0.33490727691897,NA,"cv_r2",0.00624980418414975,0.0196078431372549,TRUE,NA,NA,"cord_pic"
"Mono","ARNT2","rf",508,107,0.828844420613267,0.819696464218653,NA,"oob_r2",-0.0388399744633397,0.0196078431372549,TRUE,0.828668708678113,0.933333333333333,"cord_pic"
"Mono","ARNT2","lm",508,107,NA,0.82541649994544,NA,"cv_r2",-0.26603262926684,0.0196078431372549,TRUE,NA,NA,"cord_pic"
"Mono","ARNT2","ridge",508,107,NA,0.844767415919367,NA,"cv_r2",0.00718945582374215,0.0196078431372549,TRUE,NA,NA,"cord_pic"
"Mono","ARNT2","spearman",508,107,NA,0.586971398211287,NA,"cv_r2",0.0084683653883911,0.0196078431372549,TRUE,NA,NA,"cord_pic"
"Mono","IKZF3","rf",508,107,0.798807504593177,0.794669467776615,NA,"oob_r2",-0.0452871980816221,0.0196078431372549,TRUE,0.840755761933685,0.718518518518518,"cord_pic"
"Mono","IKZF3","lm",508,107,NA,0.742417319017458,NA,"cv_r2",-0.281574734918707,0.0196078431372549,TRUE,NA,NA,"cord_pic"
"Mono","IKZF3","ridge",508,107,NA,0.782873431866375,NA,"cv_r2",0.00462152462763395,0.0196078431372549,TRUE,NA,NA,"cord_pic"
"Mono","IKZF3","spearman",508,107,NA,0.516249200110811,NA,"cv_r2",0.0102301894828542,0.0196078431372549,TRUE,NA,NA,"cord_pic"
"Mono","ZBTB16","rf",508,107,0.836378296593265,0.837033008368831,NA,"oob_r2",-0.0539532355563404,0.0196078431372549,TRUE,0.801068681683506,0.757671957671958,"cord_pic"
"Mono","ZBTB16","lm",508,107,NA,0.829617037776068,NA,"cv_r2",-0.282832226693673,0.0196078431372549,TRUE,NA,NA,"cord_pic"
"Mono","ZBTB16","ridge",508,107,NA,0.852149511620824,NA,"cv_r2",0.000608728937601722,0.0196078431372549,TRUE,NA,NA,"cord_pic"
"Mono","ZBTB16","spearman",508,107,NA,0.556943660368817,NA,"cv_r2",0.0100752176193794,0.0196078431372549,TRUE,NA,NA,"cord_pic"
"Mono","OLIG2","rf",508,107,0.867169008465025,0.85279772904121,NA,"oob_r2",-0.0585776738268138,0.0196078431372549,TRUE,0.828801940128573,0.77037037037037,"cord_pic"
"Mono","OLIG2","lm",508,107,NA,0.841964902066455,NA,"cv_r2",-0.293352750585777,0.0196078431372549,TRUE,NA,NA,"cord_pic"
"Mono","OLIG2","ridge",508,107,NA,0.861918234342022,NA,"cv_r2",0.000795506531334665,0.0196078431372549,TRUE,NA,NA,"cord_pic"
"Mono","OLIG2","spearman",508,107,NA,0.514047602002758,NA,"cv_r2",-0.00461562007813404,0.0196078431372549,TRUE,NA,NA,"cord_pic"
"Mono","EGR2","rf",508,107,0.820315085414707,0.809124248254157,NA,"oob_r2",-0.0512605673389706,0.0196078431372549,TRUE,0.848436380893913,0.844444444444444,"cord_pic"
"Mono","EGR2","lm",508,107,NA,0.811706888972377,NA,"cv_r2",-0.283277888658521,0.0196078431372549,TRUE,NA,NA,"cord_pic"
"Mono","EGR2","ridge",508,107,NA,0.833941395982758,NA,"cv_r2",-0.000230772750317421,0.0196078431372549,TRUE,NA,NA,"cord_pic"
"Mono","EGR2","spearman",508,107,NA,0.486115866753701,NA,"cv_r2",0.00326383730586294,0.0196078431372549,TRUE,NA,NA,"cord_pic"
"Mono","LMO2","rf",508,107,0.860710097386198,0.854173056425951,NA,"oob_r2",-0.0356759937049587,0.0196078431372549,TRUE,0.837635925468759,0.822222222222222,"cord_pic"
"Mono","LMO2","lm",508,107,NA,0.83570193459209,NA,"cv_r2",-0.282106208804456,0.0196078431372549,TRUE,NA,NA,"cord_pic"
"Mono","LMO2","ridge",508,107,NA,0.868475664502347,NA,"cv_r2",0.00204285086319602,0.0196078431372549,TRUE,NA,NA,"cord_pic"
"Mono","LMO2","spearman",508,107,NA,0.527480480371638,NA,"cv_r2",0.00324548659653309,0.0196078431372549,TRUE,NA,NA,"cord_pic"
"Mono","ITGB2","rf",508,107,0.83067830531184,0.821867106984933,NA,"oob_r2",-0.0502650136195533,0.0196078431372549,TRUE,0.807082165925404,0.711111111111111,"cord_pic"
"Mono","ITGB2","lm",508,107,NA,0.834195667487442,NA,"cv_r2",-0.267064501522112,0.0196078431372549,TRUE,NA,NA,"cord_pic"
"Mono","ITGB2","ridge",508,107,NA,0.852339301261284,NA,"cv_r2",0.00636717339828814,0.0196078431372549,TRUE,NA,NA,"cord_pic"
"Mono","ITGB2","spearman",508,107,NA,0.668862653236269,NA,"cv_r2",0.0129343067548859,0.0196078431372549,TRUE,NA,NA,"cord_pic"
"Mono","AHRR","rf",508,107,0.842345330424616,0.838543267450629,NA,"oob_r2",-0.0330357259143443,0.0196078431372549,TRUE,0.829902405785554,0.725925925925926,"cord_pic"
"Mono","AHRR","lm",508,107,NA,0.797186689143495,NA,"cv_r2",-0.269535091633575,0.0196078431372549,TRUE,NA,NA,"cord_pic"
"Mono","AHRR","ridge",508,107,NA,0.839759343826048,NA,"cv_r2",-0.000791385230999156,0.0196078431372549,TRUE,NA,NA,"cord_pic"
"Mono","AHRR","spearman",508,107,NA,0.662928058751221,NA,"cv_r2",0.00831740081098229,0.0196078431372549,TRUE,NA,NA,"cord_pic"
"Mono","RORA","rf",508,107,0.87672243589123,0.877854507624453,NA,"oob_r2",-0.0454866314099811,0.0196078431372549,TRUE,0.842514765397267,1,"cord_pic"
"Mono","RORA","lm",508,107,NA,0.848216554767336,NA,"cv_r2",-0.291229135971255,0.0196078431372549,TRUE,NA,NA,"cord_pic"
"Mono","RORA","ridge",508,107,NA,0.86894495849618,NA,"cv_r2",0.00652848215839883,0.0196078431372549,TRUE,NA,NA,"cord_pic"
"Mono","RORA","spearman",508,107,NA,0.577135409126565,NA,"cv_r2",0.000515482483922492,0.0196078431372549,TRUE,NA,NA,"cord_pic"
"Mono","DDIT3","rf",508,107,0.831998594019272,0.824039354939805,NA,"oob_r2",-0.0299961686038134,0.0196078431372549,TRUE,0.845377935391455,0.8,"cord_pic"
"Mono","DDIT3","lm",508,107,NA,0.847081572191161,NA,"cv_r2",-0.273821899779922,0.0196078431372549,TRUE,NA,NA,"cord_pic"
"Mono","DDIT3","ridge",508,107,NA,0.864650351063059,NA,"cv_r2",0.00307490078493676,0.0196078431372549,TRUE,NA,NA,"cord_pic"
"Mono","DDIT3","spearman",508,107,NA,0.466690445490748,NA,"cv_r2",0.00840463355945867,0.0196078431372549,TRUE,NA,NA,"cord_pic"
"Mono","HBP1","rf",508,107,0.910480993723389,0.903224798992135,NA,"oob_r2",-0.0481578691369917,0.0196078431372549,TRUE,0.786558209299642,1,"cord_pic"
"Mono","HBP1","lm",508,107,NA,0.892849342688455,NA,"cv_r2",-0.29233829759463,0.0196078431372549,TRUE,NA,NA,"cord_pic"
"Mono","HBP1","ridge",508,107,NA,0.907543580332868,NA,"cv_r2",0.00274541936660477,0.0196078431372549,TRUE,NA,NA,"cord_pic"
"Mono","HBP1","spearman",508,107,NA,0.788991842101268,NA,"cv_r2",0.00319430061138422,0.0196078431372549,TRUE,NA,NA,"cord_pic"
"Mono","TGIF1","rf",508,107,0.891945499693773,0.887666432402459,NA,"oob_r2",-0.0333626500400184,0.0196078431372549,TRUE,0.83091579206315,1,"cord_pic"
"Mono","TGIF1","lm",508,107,NA,0.893751065315288,NA,"cv_r2",-0.278043590066282,0.0196078431372549,TRUE,NA,NA,"cord_pic"
"Mono","TGIF1","ridge",508,107,NA,0.908758334276105,NA,"cv_r2",0.00326294029887102,0.0196078431372549,TRUE,NA,NA,"cord_pic"
"Mono","TGIF1","spearman",508,107,NA,0.730381258676985,NA,"cv_r2",0.000425615110518836,0.0196078431372549,TRUE,NA,NA,"cord_pic"
"Mono","RBPJ","rf",508,107,0.875144312730344,0.874792882200327,NA,"oob_r2",-0.0519342025749064,0.0196078431372549,TRUE,0.787704173932352,0.792592592592593,"cord_pic"
"Mono","RBPJ","lm",508,107,NA,0.854204980595378,NA,"cv_r2",-0.283181400418717,0.0196078431372549,TRUE,NA,NA,"cord_pic"
"Mono","RBPJ","ridge",508,107,NA,0.868921640968114,NA,"cv_r2",0.00172211013919312,0.0196078431372549,TRUE,NA,NA,"cord_pic"
"Mono","RBPJ","spearman",508,107,NA,0.771833543647165,NA,"cv_r2",0.0075601567136853,0.0196078431372549,TRUE,NA,NA,"cord_pic"
"Mono","HIVEP3","rf",508,107,0.887851264254061,0.88288546352395,NA,"oob_r2",-0.0400127057461902,0.0196078431372549,TRUE,0.822243121273275,0.881481481481481,"cord_pic"
"Mono","HIVEP3","lm",508,107,NA,0.886258302616243,NA,"cv_r2",-0.272551855462409,0.0196078431372549,TRUE,NA,NA,"cord_pic"
"Mono","HIVEP3","ridge",508,107,NA,0.903755939647975,NA,"cv_r2",0.00336585019559228,0.0196078431372549,TRUE,NA,NA,"cord_pic"
"Mono","HIVEP3","spearman",508,107,NA,0.734067425941124,NA,"cv_r2",0.00614700824006011,0.0196078431372549,TRUE,NA,NA,"cord_pic"
"Mono","CREB5","rf",508,107,0.865685743727935,0.8501642482488,NA,"oob_r2",-0.0313407496751158,0.0196078431372549,TRUE,0.863766923333138,0.844444444444444,"cord_pic"
"Mono","CREB5","lm",508,107,NA,0.889152113825926,NA,"cv_r2",-0.281177869222637,0.0196078431372549,TRUE,NA,NA,"cord_pic"
"Mono","CREB5","ridge",508,107,NA,0.898125866819081,NA,"cv_r2",0.00612636412029803,0.0196078431372549,TRUE,NA,NA,"cord_pic"
"Mono","CREB5","spearman",508,107,NA,0.619439018309458,NA,"cv_r2",0.000694440572840088,0.0196078431372549,TRUE,NA,NA,"cord_pic"
"Mono","FOXP4","rf",508,107,0.903814125547146,0.900317571684362,NA,"oob_r2",-0.0465133548640726,0.0196078431372549,TRUE,0.841417565217013,1,"cord_pic"
"Mono","FOXP4","lm",508,107,NA,0.893576480447553,NA,"cv_r2",-0.285652629446605,0.0196078431372549,TRUE,NA,NA,"cord_pic"
"Mono","FOXP4","ridge",508,107,NA,0.903520186164345,NA,"cv_r2",0.00200427471757191,0.0196078431372549,TRUE,NA,NA,"cord_pic"
"Mono","FOXP4","spearman",508,107,NA,0.616767070558889,NA,"cv_r2",0.00278962205925232,0.0196078431372549,TRUE,NA,NA,"cord_pic"
"Mono","BCL11A","rf",508,107,0.89929846924843,0.89355676650225,NA,"oob_r2",-0.034496975192734,0.0196078431372549,TRUE,0.835437606536178,0.933333333333333,"cord_pic"
"Mono","BCL11A","lm",508,107,NA,0.880417277613364,NA,"cv_r2",-0.279662466699013,0.0196078431372549,TRUE,NA,NA,"cord_pic"
"Mono","BCL11A","ridge",508,107,NA,0.89166266261166,NA,"cv_r2",0.00575772921783043,0.0196078431372549,TRUE,NA,NA,"cord_pic"
"Mono","BCL11A","spearman",508,107,NA,0.576690016216907,NA,"cv_r2",0.00439315892359582,0.0196078431372549,TRUE,NA,NA,"cord_pic"
"Mono","ZFHX3","rf",508,107,0.892755376377147,0.890743609102224,NA,"oob_r2",-0.0538378730814276,0.0196078431372549,TRUE,0.79949145642439,0.822222222222222,"cord_pic"
"Mono","ZFHX3","lm",508,107,NA,0.878306128830124,NA,"cv_r2",-0.285831743675945,0.0196078431372549,TRUE,NA,NA,"cord_pic"
"Mono","ZFHX3","ridge",508,107,NA,0.894001212752593,NA,"cv_r2",0.00291408359249389,0.0196078431372549,TRUE,NA,NA,"cord_pic"
"Mono","ZFHX3","spearman",508,107,NA,0.719583266223283,NA,"cv_r2",0.00458284126347924,0.0196078431372549,TRUE,NA,NA,"cord_pic"
"Mono","ATF5","rf",508,107,0.882849675406762,0.883332111528605,NA,"oob_r2",-0.0454176959572969,0.0196078431372549,TRUE,0.819655339816393,0.755555555555556,"cord_pic"
"Mono","ATF5","lm",508,107,NA,0.888842223090602,NA,"cv_r2",-0.260807254052661,0.0196078431372549,TRUE,NA,NA,"cord_pic"
"Mono","ATF5","ridge",508,107,NA,0.899223920643639,NA,"cv_r2",0.00217850954652816,0.0196078431372549,TRUE,NA,NA,"cord_pic"
"Mono","ATF5","spearman",508,107,NA,0.712390883542037,NA,"cv_r2",-0.000590877134682268,0.0196078431372549,TRUE,NA,NA,"cord_pic"
"Mono","EGR1","rf",508,107,0.894860502980084,0.88311661934902,NA,"oob_r2",-0.0492171173891227,0.0196078431372549,TRUE,0.842119642713307,1,"cord_pic"
"Mono","EGR1","lm",508,107,NA,0.86942133561627,NA,"cv_r2",-0.273685213669759,0.0196078431372549,TRUE,NA,NA,"cord_pic"
"Mono","EGR1","ridge",508,107,NA,0.883006449664607,NA,"cv_r2",0.00468199405121225,0.0196078431372549,TRUE,NA,NA,"cord_pic"
"Mono","EGR1","spearman",508,107,NA,0.570666466616176,NA,"cv_r2",-0.00130455176599338,0.0196078431372549,TRUE,NA,NA,"cord_pic"
"Mono","ARID3A","rf",508,107,0.885730843239727,0.883941811416724,NA,"oob_r2",-0.0513112526878601,0.0196078431372549,TRUE,0.861652418303215,0.874074074074074,"cord_pic"
"Mono","ARID3A","lm",508,107,NA,0.890450016967336,NA,"cv_r2",-0.287913658272323,0.0196078431372549,TRUE,NA,NA,"cord_pic"
"Mono","ARID3A","ridge",508,107,NA,0.90062889799185,NA,"cv_r2",-0.000631989955854054,0.0196078431372549,TRUE,NA,NA,"cord_pic"
"Mono","ARID3A","spearman",508,107,NA,0.596616338969722,NA,"cv_r2",-0.00185089092582383,0.0196078431372549,TRUE,NA,NA,"cord_pic"
"Mono","PTEN","rf",508,107,0.902847280780815,0.891606278866679,NA,"oob_r2",-0.0519791621401381,0.0196078431372549,TRUE,0.828573574456135,0.868783068783069,"cord_pic"
"Mono","PTEN","lm",508,107,NA,0.896068930391677,NA,"cv_r2",-0.28512743556764,0.0196078431372549,TRUE,NA,NA,"cord_pic"
"Mono","PTEN","ridge",508,107,NA,0.909066918227838,NA,"cv_r2",-0.000287345553835939,0.0196078431372549,TRUE,NA,NA,"cord_pic"
"Mono","PTEN","spearman",508,107,NA,0.715172236950777,NA,"cv_r2",0.00053775518316267,0.0196078431372549,TRUE,NA,NA,"cord_pic"
"Mono","KLF9","rf",508,107,0.899966635804678,0.891631586005462,NA,"oob_r2",-0.0478724890053024,0.0196078431372549,TRUE,0.868660349057692,0.933333333333333,"cord_pic"
"Mono","KLF9","lm",508,107,NA,0.896963117363089,NA,"cv_r2",-0.292132606825188,0.0196078431372549,TRUE,NA,NA,"cord_pic"
"Mono","KLF9","ridge",508,107,NA,0.906181893130936,NA,"cv_r2",0.00247665827041859,0.0196078431372549,TRUE,NA,NA,"cord_pic"
"Mono","KLF9","spearman",508,107,NA,0.621926688714448,NA,"cv_r2",0.00198429366679868,0.0196078431372549,TRUE,NA,NA,"cord_pic"
"Mono","PPARD","rf",508,107,0.906907794404781,0.906475918302975,NA,"oob_r2",-0.0424428186699686,0.0196078431372549,TRUE,0.820175421409772,0.697354497354497,"cord_pic"
"Mono","PPARD","lm",508,107,NA,0.907698495713392,NA,"cv_r2",-0.27112243481891,0.0196078431372549,TRUE,NA,NA,"cord_pic"
"Mono","PPARD","ridge",508,107,NA,0.916466191053839,NA,"cv_r2",-0.000506001516180965,0.0196078431372549,TRUE,NA,NA,"cord_pic"
"Mono","PPARD","spearman",508,107,NA,0.785483652948331,NA,"cv_r2",0.00927347630731578,0.0196078431372549,TRUE,NA,NA,"cord_pic"
"Mono","FOSB","rf",508,107,0.899769664070354,0.880843108404842,NA,"oob_r2",-0.0388544443211882,0.0196078431372549,TRUE,0.862453113196662,0.82962962962963,"cord_pic"
"Mono","FOSB","lm",508,107,NA,0.892817339344445,NA,"cv_r2",-0.294768122341758,0.0196078431372549,TRUE,NA,NA,"cord_pic"
"Mono","FOSB","ridge",508,107,NA,0.90206572732786,NA,"cv_r2",-0.000605627996059433,0.0196078431372549,TRUE,NA,NA,"cord_pic"
"Mono","FOSB","spearman",508,107,NA,0.661517469305703,NA,"cv_r2",-0.00195629099131428,0.0196078431372549,TRUE,NA,NA,"cord_pic"
"Mono","E2F3","rf",508,107,0.890768867576321,0.88623165037019,NA,"oob_r2",-0.0502721960801902,0.0196078431372549,TRUE,0.863951967014331,0.729100529100529,"cord_pic"
"Mono","E2F3","lm",508,107,NA,0.882251480044822,NA,"cv_r2",-0.262606885151319,0.0196078431372549,TRUE,NA,NA,"cord_pic"
"Mono","E2F3","ridge",508,107,NA,0.895744817733361,NA,"cv_r2",0.00285262122553362,0.0196078431372549,TRUE,NA,NA,"cord_pic"
"Mono","E2F3","spearman",508,107,NA,0.732360754092212,NA,"cv_r2",0.0123915651720693,0.0196078431372549,TRUE,NA,NA,"cord_pic"
"Mono","BCL11B","rf",508,107,0.910743467709968,0.905258089009033,NA,"oob_r2",-0.0416854151412939,0.0196078431372549,TRUE,0.749336999375205,0.645502645502645,"cord_pic"
"Mono","BCL11B","lm",508,107,NA,0.913733205295868,NA,"cv_r2",-0.279517127247432,0.0196078431372549,TRUE,NA,NA,"cord_pic"
"Mono","BCL11B","ridge",508,107,NA,0.92038941513951,NA,"cv_r2",0.00260956958559348,0.0196078431372549,TRUE,NA,NA,"cord_pic"
"Mono","BCL11B","spearman",508,107,NA,0.804788298001937,NA,"cv_r2",0.00127910505046689,0.0196078431372549,TRUE,NA,NA,"cord_pic"
"Mono","RUNX1","rf",508,107,0.927885093181981,0.923448501316627,NA,"oob_r2",-0.042863715745409,0.0196078431372549,TRUE,0.790591726152768,0.731216931216931,"cord_pic"
"Mono","RUNX1","lm",508,107,NA,0.929801628852728,NA,"cv_r2",-0.286294324298884,0.0196078431372549,TRUE,NA,NA,"cord_pic"
"Mono","RUNX1","ridge",508,107,NA,0.93496352020221,NA,"cv_r2",-0.00038363185445195,0.0196078431372549,TRUE,NA,NA,"cord_pic"
"Mono","RUNX1","spearman",508,107,NA,0.7723952883824,NA,"cv_r2",0.00910341136651004,0.0196078431372549,TRUE,NA,NA,"cord_pic"
"Mono","PPARG","rf",508,107,0.903192370135436,0.900850514785111,NA,"oob_r2",-0.0377349737217626,0.0196078431372549,TRUE,0.78576252147051,0.704761904761905,"cord_pic"
"Mono","PPARG","lm",508,107,NA,0.894795921463586,NA,"cv_r2",-0.267996044812323,0.0196078431372549,TRUE,NA,NA,"cord_pic"
"Mono","PPARG","ridge",508,107,NA,0.908021506910472,NA,"cv_r2",0.00195536856389533,0.0196078431372549,TRUE,NA,NA,"cord_pic"
"Mono","PPARG","spearman",508,107,NA,0.793259460403795,NA,"cv_r2",0.0146122294018456,0.0196078431372549,TRUE,NA,NA,"cord_pic"
"Mono","BACH1","rf",508,107,0.910969001755887,0.9110554935377,NA,"oob_r2",-0.0449736563989919,0.0196078431372549,TRUE,0.847858173814795,1,"cord_pic"
"Mono","BACH1","lm",508,107,NA,0.905787230135688,NA,"cv_r2",-0.270012392186654,0.0196078431372549,TRUE,NA,NA,"cord_pic"
"Mono","BACH1","ridge",508,107,NA,0.91914371204985,NA,"cv_r2",0.00278566532007731,0.0196078431372549,TRUE,NA,NA,"cord_pic"
"Mono","BACH1","spearman",508,107,NA,0.740787359454026,NA,"cv_r2",0.0116492298805108,0.0196078431372549,TRUE,NA,NA,"cord_pic"
"Mono","TFEC","rf",508,107,0.931640764229896,0.922298966796666,NA,"oob_r2",-0.033069290275916,0.0196078431372549,TRUE,0.789747926966525,0.933333333333333,"cord_pic"
"Mono","TFEC","lm",508,107,NA,0.910194771633983,NA,"cv_r2",-0.274841670403958,0.0196078431372549,TRUE,NA,NA,"cord_pic"
"Mono","TFEC","ridge",508,107,NA,0.923930326880361,NA,"cv_r2",0.00255900504607335,0.0196078431372549,TRUE,NA,NA,"cord_pic"
"Mono","TFEC","spearman",508,107,NA,0.815299651174693,NA,"cv_r2",0.00982692429494319,0.0196078431372549,TRUE,NA,NA,"cord_pic"
"Mono","REL","rf",508,107,0.907190735816983,0.902928768668586,NA,"oob_r2",-0.0383953658219963,0.0196078431372549,TRUE,0.832221111960135,0.933333333333333,"cord_pic"
"Mono","REL","lm",508,107,NA,0.89512951332198,NA,"cv_r2",-0.269847627882568,0.0196078431372549,TRUE,NA,NA,"cord_pic"
"Mono","REL","ridge",508,107,NA,0.911885088351493,NA,"cv_r2",0.00219170631022313,0.0196078431372549,TRUE,NA,NA,"cord_pic"
"Mono","REL","spearman",508,107,NA,0.732801879784403,NA,"cv_r2",0.00468210371585533,0.0196078431372549,TRUE,NA,NA,"cord_pic"
"Mono","HLX","rf",508,107,0.884437989893884,0.885590584846975,NA,"oob_r2",-0.0564731636169235,0.0196078431372549,TRUE,0.802007397393279,0.8,"cord_pic"
"Mono","HLX","lm",508,107,NA,0.865719455589678,NA,"cv_r2",-0.269265756367886,0.0196078431372549,TRUE,NA,NA,"cord_pic"
"Mono","HLX","ridge",508,107,NA,0.888060484634454,NA,"cv_r2",0.00338710615201523,0.0196078431372549,TRUE,NA,NA,"cord_pic"
"Mono","HLX","spearman",508,107,NA,0.780669532413633,NA,"cv_r2",0.0110094204856062,0.0196078431372549,TRUE,NA,NA,"cord_pic"
"Mono","HESX1","rf",508,107,0.902252355936825,0.900705479948473,NA,"oob_r2",-0.0530847860221053,0.0196078431372549,TRUE,0.782421721080394,1,"cord_pic"
"Mono","HESX1","lm",508,107,NA,0.898939193923133,NA,"cv_r2",-0.273446262616956,0.0196078431372549,TRUE,NA,NA,"cord_pic"
"Mono","HESX1","ridge",508,107,NA,0.910913586900261,NA,"cv_r2",0.00554410184895111,0.0196078431372549,TRUE,NA,NA,"cord_pic"
"Mono","HESX1","spearman",508,107,NA,0.756561047684425,NA,"cv_r2",0.0021736656783452,0.0196078431372549,TRUE,NA,NA,"cord_pic"
"Mono","IKZF2","rf",508,107,0.882212714296419,0.879885546598844,NA,"oob_r2",-0.0582658599130427,0.0196078431372549,TRUE,0.810566647291505,1,"cord_pic"
"Mono","IKZF2","lm",508,107,NA,0.862398178416897,NA,"cv_r2",-0.267465001487978,0.0196078431372549,TRUE,NA,NA,"cord_pic"
"Mono","IKZF2","ridge",508,107,NA,0.878576590874442,NA,"cv_r2",0.00293077749257902,0.0196078431372549,TRUE,NA,NA,"cord_pic"
"Mono","IKZF2","spearman",508,107,NA,0.733069918424143,NA,"cv_r2",0.0142707397440316,0.0196078431372549,TRUE,NA,NA,"cord_pic"
"Mono","POU2F2","rf",508,107,0.9015901735629,0.897717130510284,NA,"oob_r2",-0.0400754845230958,0.0196078431372549,TRUE,0.845027440889429,0.621164021164021,"cord_pic"
"Mono","POU2F2","lm",508,107,NA,0.90339063398245,NA,"cv_r2",-0.296775858578317,0.0196078431372549,TRUE,NA,NA,"cord_pic"
"Mono","POU2F2","ridge",508,107,NA,0.914819616880137,NA,"cv_r2",-4.63513609288262e-05,0.0196078431372549,TRUE,NA,NA,"cord_pic"
"Mono","POU2F2","spearman",508,107,NA,0.640643514971652,NA,"cv_r2",0.0111947195788856,0.0196078431372549,TRUE,NA,NA,"cord_pic"
"Mono","SPI1","rf",508,107,0.882698009481956,0.874407503627968,NA,"oob_r2",-0.0355278839242715,0.0196078431372549,TRUE,0.88042499091109,0.753439153439153,"cord_pic"
"Mono","SPI1","lm",508,107,NA,0.881940093343302,NA,"cv_r2",-0.273969947960437,0.0196078431372549,TRUE,NA,NA,"cord_pic"
"Mono","SPI1","ridge",508,107,NA,0.895925155953305,NA,"cv_r2",0.00150867263692389,0.0196078431372549,TRUE,NA,NA,"cord_pic"
"Mono","SPI1","spearman",508,107,NA,0.656287438026356,NA,"cv_r2",0.00367858788052768,0.0196078431372549,TRUE,NA,NA,"cord_pic"
"Mono","RXRA","rf",508,107,0.894908250890063,0.89022229418618,NA,"oob_r2",-0.0515133115935628,0.0196078431372549,TRUE,0.837182894997507,0.933333333333333,"cord_pic"
"Mono","RXRA","lm",508,107,NA,0.892422311664027,NA,"cv_r2",-0.271684567677915,0.0196078431372549,TRUE,NA,NA,"cord_pic"
"Mono","RXRA","ridge",508,107,NA,0.900789509621192,NA,"cv_r2",0.00566105006136552,0.0196078431372549,TRUE,NA,NA,"cord_pic"
"Mono","RXRA","spearman",508,107,NA,0.552756972862416,NA,"cv_r2",0.00176874454024291,0.0196078431372549,TRUE,NA,NA,"cord_pic"
"Mono","SP100","rf",508,107,0.918026642797059,0.91768068066915,NA,"oob_r2",-0.0332934797842743,0.0196078431372549,TRUE,0.800055077707461,0.933333333333333,"cord_pic"
"Mono","SP100","lm",508,107,NA,0.916834087049018,NA,"cv_r2",-0.268322005097495,0.0196078431372549,TRUE,NA,NA,"cord_pic"
"Mono","SP100","ridge",508,107,NA,0.926768334263241,NA,"cv_r2",0.000408493461946972,0.0196078431372549,TRUE,NA,NA,"cord_pic"
"Mono","SP100","spearman",508,107,NA,0.829068979643904,NA,"cv_r2",0.0132506225409522,0.0196078431372549,TRUE,NA,NA,"cord_pic"
"Mono","PRDM1","rf",508,107,0.929505208071988,0.930230879128958,NA,"oob_r2",-0.04464950116148,0.0196078431372549,TRUE,0.790734971731857,0.77037037037037,"cord_pic"
"Mono","PRDM1","lm",508,107,NA,0.923145698498053,NA,"cv_r2",-0.267099625789756,0.0196078431372549,TRUE,NA,NA,"cord_pic"
"Mono","PRDM1","ridge",508,107,NA,0.930388232934783,NA,"cv_r2",0.00253758525732018,0.0196078431372549,TRUE,NA,NA,"cord_pic"
"Mono","PRDM1","spearman",508,107,NA,0.792590241430352,NA,"cv_r2",0.00770873419700536,0.0196078431372549,TRUE,NA,NA,"cord_pic"
"Mono","CEBPB","rf",508,107,0.917796572293044,0.91191297119753,NA,"oob_r2",-0.0388595160672102,0.0196078431372549,TRUE,0.800691845669216,0.77037037037037,"cord_pic"
"Mono","CEBPB","lm",508,107,NA,0.917656939589695,NA,"cv_r2",-0.278905075114616,0.0196078431372549,TRUE,NA,NA,"cord_pic"
"Mono","CEBPB","ridge",508,107,NA,0.925507295603979,NA,"cv_r2",0.00342519935938668,0.0196078431372549,TRUE,NA,NA,"cord_pic"
"Mono","CEBPB","spearman",508,107,NA,0.789286206394565,NA,"cv_r2",0.0161527038952101,0.0196078431372549,TRUE,NA,NA,"cord_pic"
"Mono","HES4","rf",508,107,0.890813673799576,0.884095063710936,NA,"oob_r2",-0.0473715257163127,0.0196078431372549,TRUE,0.792947658762036,0.881481481481481,"cord_pic"
"Mono","HES4","lm",508,107,NA,0.885003971999089,NA,"cv_r2",-0.254533878112231,0.0196078431372549,TRUE,NA,NA,"cord_pic"
"Mono","HES4","ridge",508,107,NA,0.90656699175737,NA,"cv_r2",0.00192942274045708,0.0196078431372549,TRUE,NA,NA,"cord_pic"
"Mono","HES4","spearman",508,107,NA,0.717986248033716,NA,"cv_r2",0.00978266479382076,0.0196078431372549,TRUE,NA,NA,"cord_pic"
"Mono","MAF","rf",508,107,0.909165540847595,0.904838157458568,NA,"oob_r2",-0.037305679435442,0.0196078431372549,TRUE,0.799772287422908,0.785185185185185,"cord_pic"
"Mono","MAF","lm",508,107,NA,0.887150946706919,NA,"cv_r2",-0.282648152656426,0.0196078431372549,TRUE,NA,NA,"cord_pic"
"Mono","MAF","ridge",508,107,NA,0.896629127600784,NA,"cv_r2",-5.24536948146599e-05,0.0196078431372549,TRUE,NA,NA,"cord_pic"
"Mono","MAF","spearman",508,107,NA,0.781695568099384,NA,"cv_r2",0.00438464349294388,0.0196078431372549,TRUE,NA,NA,"cord_pic"
"Mono","ETV7","rf",508,107,0.926527025570667,0.925206289481328,NA,"oob_r2",-0.0440850072472771,0.0196078431372549,TRUE,0.793370429148952,1,"cord_pic"
"Mono","ETV7","lm",508,107,NA,0.917136399335198,NA,"cv_r2",-0.273805829509407,0.0196078431372549,TRUE,NA,NA,"cord_pic"
"Mono","ETV7","ridge",508,107,NA,0.924634615093278,NA,"cv_r2",0.00429839441116373,0.0196078431372549,TRUE,NA,NA,"cord_pic"
"Mono","ETV7","spearman",508,107,NA,0.783850104928615,NA,"cv_r2",0.00817581064434974,0.0196078431372549,TRUE,NA,NA,"cord_pic"
"Mono","ATF3","rf",508,107,0.915409504574154,0.910255521234624,NA,"oob_r2",-0.0354523519879224,0.0196078431372549,TRUE,0.822986343776328,0.816931216931217,"cord_pic"
"Mono","ATF3","lm",508,107,NA,0.901457056919706,NA,"cv_r2",-0.27633840095257,0.0196078431372549,TRUE,NA,NA,"cord_pic"
"Mono","ATF3","ridge",508,107,NA,0.907092229511859,NA,"cv_r2",-0.000587894848661007,0.0196078431372549,TRUE,NA,NA,"cord_pic"
"Mono","ATF3","spearman",508,107,NA,0.775838983967974,NA,"cv_r2",0.0125809398715037,0.0196078431372549,TRUE,NA,NA,"cord_pic"
"Mono","IRF8","rf",508,107,0.94690382536371,0.943964713240554,NA,"oob_r2",-0.0331716697893598,0.0196078431372549,TRUE,0.793476448293353,0.755555555555556,"cord_pic"
"Mono","IRF8","lm",508,107,NA,0.940935173922826,NA,"cv_r2",-0.284152036767573,0.0196078431372549,TRUE,NA,NA,"cord_pic"
"Mono","IRF8","ridge",508,107,NA,0.945722015802788,NA,"cv_r2",0.00156171681455656,0.0196078431372549,TRUE,NA,NA,"cord_pic"
"Mono","IRF8","spearman",508,107,NA,0.82940901186125,NA,"cv_r2",-0.00236309956256271,0.0196078431372549,TRUE,NA,NA,"cord_pic"
"Mono","IRF1","rf",508,107,0.913085572100305,0.916327099654956,NA,"oob_r2",-0.045227089104594,0.0196078431372549,TRUE,0.815538879854403,0.881481481481482,"cord_pic"
"Mono","IRF1","lm",508,107,NA,0.917162591754889,NA,"cv_r2",-0.281692915143391,0.0196078431372549,TRUE,NA,NA,"cord_pic"
"Mono","IRF1","ridge",508,107,NA,0.922103956943844,NA,"cv_r2",0.00158803451082803,0.0196078431372549,TRUE,NA,NA,"cord_pic"
"Mono","IRF1","spearman",508,107,NA,0.758449645636392,NA,"cv_r2",0.0037461222247053,0.0196078431372549,TRUE,NA,NA,"cord_pic"
"Mono","IRF9","rf",508,107,0.946182756280043,0.940027918248241,NA,"oob_r2",-0.0510891231942668,0.0196078431372549,TRUE,0.806358971679609,0.881481481481481,"cord_pic"
"Mono","IRF9","lm",508,107,NA,0.944901572936524,NA,"cv_r2",-0.281442744500134,0.0196078431372549,TRUE,NA,NA,"cord_pic"
"Mono","IRF9","ridge",508,107,NA,0.950752621804411,NA,"cv_r2",0.00191320493383014,0.0196078431372549,TRUE,NA,NA,"cord_pic"
"Mono","IRF9","spearman",508,107,NA,0.827049420570035,NA,"cv_r2",0.010434918347853,0.0196078431372549,TRUE,NA,NA,"cord_pic"
"Mono","STAT2","rf",508,107,0.933739317738767,0.932790416689967,NA,"oob_r2",-0.0434519941680192,0.0196078431372549,TRUE,0.793882455899737,0.740740740740741,"cord_pic"
"Mono","STAT2","lm",508,107,NA,0.935484771731638,NA,"cv_r2",-0.283408915661687,0.0196078431372549,TRUE,NA,NA,"cord_pic"
"Mono","STAT2","ridge",508,107,NA,0.939649515771903,NA,"cv_r2",0.00236280534537452,0.0196078431372549,TRUE,NA,NA,"cord_pic"
"Mono","STAT2","spearman",508,107,NA,0.832333682607555,NA,"cv_r2",0.00376709580988223,0.0196078431372549,TRUE,NA,NA,"cord_pic"
"Mono","IRF7","rf",508,107,0.936840280113423,0.937577285105132,NA,"oob_r2",-0.0438658516948799,0.0196078431372549,TRUE,0.792647234903157,0.755555555555556,"cord_pic"
"Mono","IRF7","lm",508,107,NA,0.939746300653149,NA,"cv_r2",-0.280475044281802,0.0196078431372549,TRUE,NA,NA,"cord_pic"
"Mono","IRF7","ridge",508,107,NA,0.943498623074349,NA,"cv_r2",0.00194735022032247,0.0196078431372549,TRUE,NA,NA,"cord_pic"
"Mono","IRF7","spearman",508,107,NA,0.834158890502168,NA,"cv_r2",0.0013445140258448,0.0196078431372549,TRUE,NA,NA,"cord_pic"
"Mono","STAT1","rf",508,107,0.952038952660103,0.94961870232253,NA,"oob_r2",-0.03342436301377,0.0196078431372549,TRUE,0.807341444777523,0.881481481481481,"cord_pic"
"Mono","STAT1","lm",508,107,NA,0.939754257791359,NA,"cv_r2",-0.285339354924078,0.0196078431372549,TRUE,NA,NA,"cord_pic"
"Mono","STAT1","ridge",508,107,NA,0.94280491252597,NA,"cv_r2",0.00164326721349458,0.0196078431372549,TRUE,NA,NA,"cord_pic"
"Mono","STAT1","spearman",508,107,NA,0.831911950891458,NA,"cv_r2",0.00557359066594392,0.0196078431372549,TRUE,NA,NA,"cord_pic"
"B","VEZF1","rf",938,70,0.858324353060747,0.847132941218873,NA,"oob_r2",-0.048273709788248,0.0196078431372549,TRUE,0.927587165505108,0.881481481481481,"cord_pic"
"B","VEZF1","lm",938,70,NA,0.841928253065852,NA,"cv_r2",-0.076227378139112,0.0196078431372549,TRUE,NA,NA,"cord_pic"
"B","VEZF1","ridge",938,70,NA,0.842518687530172,NA,"cv_r2",-0.000300257562481665,0.0196078431372549,TRUE,NA,NA,"cord_pic"
"B","VEZF1","spearman",938,70,NA,0.682264443328632,NA,"cv_r2",-0.000255665075632695,0.0196078431372549,TRUE,NA,NA,"cord_pic"
"B","E2F2","rf",938,70,0.880879138122133,0.871563669338718,NA,"oob_r2",-0.043376770233934,0.0196078431372549,TRUE,0.939286346095899,0.740740740740741,"cord_pic"
"B","E2F2","lm",938,70,NA,0.851481165770095,NA,"cv_r2",-0.0777885110009327,0.0196078431372549,TRUE,NA,NA,"cord_pic"
"B","E2F2","ridge",938,70,NA,0.854443684240664,NA,"cv_r2",-0.000208016759307817,0.0196078431372549,TRUE,NA,NA,"cord_pic"
"B","E2F2","spearman",938,70,NA,0.612157931339926,NA,"cv_r2",-0.00113585207023697,0.0196078431372549,TRUE,NA,NA,"cord_pic"
"B","GLI1","rf",938,70,0.857683651616177,0.847214107615164,NA,"oob_r2",-0.0444931493091611,0.0196078431372549,TRUE,0.939005627970723,0.697354497354497,"cord_pic"
"B","GLI1","lm",938,70,NA,0.830524279675366,NA,"cv_r2",-0.0774014239714697,0.0196078431372549,TRUE,NA,NA,"cord_pic"
"B","GLI1","ridge",938,70,NA,0.834268130254437,NA,"cv_r2",4.83670905666636e-05,0.0196078431372549,TRUE,NA,NA,"cord_pic"
"B","GLI1","spearman",938,70,NA,0.586503252856553,NA,"cv_r2",-0.00293518795110459,0.0196078431372549,TRUE,NA,NA,"cord_pic"
"B","ETS2","rf",938,70,0.868452206965856,0.857838772682695,NA,"oob_r2",-0.0346561630473493,0.0196078431372549,TRUE,0.927377987733162,0.694179894179894,"cord_pic"
"B","ETS2","lm",938,70,NA,0.833890438512853,NA,"cv_r2",-0.0801128188399368,0.0196078431372549,TRUE,NA,NA,"cord_pic"
"B","ETS2","ridge",938,70,NA,0.837762468720088,NA,"cv_r2",0.000135879969274901,0.0196078431372549,TRUE,NA,NA,"cord_pic"
"B","ETS2","spearman",938,70,NA,0.52645300340615,NA,"cv_r2",0.00327083599857708,0.0196078431372549,TRUE,NA,NA,"cord_pic"
"B","TCF7L2","rf",938,70,0.86927802608907,0.87005859058379,NA,"oob_r2",-0.0422208585135663,0.0196078431372549,TRUE,0.922774521525287,0.769312169312169,"cord_pic"
"B","TCF7L2","lm",938,70,NA,0.861233177644026,NA,"cv_r2",-0.0776842441426123,0.0196078431372549,TRUE,NA,NA,"cord_pic"
"B","TCF7L2","ridge",938,70,NA,0.861292789908142,NA,"cv_r2",-0.000207222301480903,0.0196078431372549,TRUE,NA,NA,"cord_pic"
"B","TCF7L2","spearman",938,70,NA,0.628435181863341,NA,"cv_r2",0.00275990115598498,0.0196078431372549,TRUE,NA,NA,"cord_pic"
"B","ETS1","rf",938,70,0.851732260564834,0.84551226854354,NA,"oob_r2",-0.0409481231581784,0.0196078431372549,TRUE,0.918938558889569,0.8,"cord_pic"
"B","ETS1","lm",938,70,NA,0.830694948741162,NA,"cv_r2",-0.0845823683923695,0.0196078431372549,TRUE,NA,NA,"cord_pic"
"B","ETS1","ridge",938,70,NA,0.833512928499179,NA,"cv_r2",-0.000900957429484661,0.0196078431372549,TRUE,NA,NA,"cord_pic"
"B","ETS1","spearman",938,70,NA,0.535425526429211,NA,"cv_r2",0.000668871816942888,0.0196078431372549,TRUE,NA,NA,"cord_pic"
"B","KLF7","rf",938,70,0.82919417948762,0.82158287453738,NA,"oob_r2",-0.0316922511687462,0.0196078431372549,TRUE,0.901165446787002,0.933333333333333,"cord_pic"
"B","KLF7","lm",938,70,NA,0.815756837261806,NA,"cv_r2",-0.0771176148017641,0.0196078431372549,TRUE,NA,NA,"cord_pic"
"B","KLF7","ridge",938,70,NA,0.817605493952372,NA,"cv_r2",-0.000530593083206044,0.0196078431372549,TRUE,NA,NA,"cord_pic"
"B","KLF7","spearman",938,70,NA,0.568247289570283,NA,"cv_r2",0.000699316855536927,0.0196078431372549,TRUE,NA,NA,"cord_pic"
"B","BCL11B","rf",938,70,0.876000639503602,0.865285652158281,NA,"oob_r2",-0.0342327160107711,0.0196078431372549,TRUE,0.931024990522847,0.762962962962963,"cord_pic"
"B","BCL11B","lm",938,70,NA,0.85587935011458,NA,"cv_r2",-0.0769572556074344,0.0196078431372549,TRUE,NA,NA,"cord_pic"
"B","BCL11B","ridge",938,70,NA,0.856781664991349,NA,"cv_r2",-0.000441131859611866,0.0196078431372549,TRUE,NA,NA,"cord_pic"
"B","BCL11B","spearman",938,70,NA,0.595969312912371,NA,"cv_r2",0.00077244550767852,0.0196078431372549,TRUE,NA,NA,"cord_pic"
"B","KLF8","rf",938,70,0.759169762760091,0.758687704530887,NA,"oob_r2",-0.0380228276367,0.0196078431372549,TRUE,0.931165738391703,0.755555555555556,"cord_pic"
"B","KLF8","lm",938,70,NA,0.738310727351814,NA,"cv_r2",-0.0722996465726414,0.0196078431372549,TRUE,NA,NA,"cord_pic"
"B","KLF8","ridge",938,70,NA,0.736707034384918,NA,"cv_r2",4.64940248828695e-05,0.0196078431372549,TRUE,NA,NA,"cord_pic"
"B","KLF8","spearman",938,70,NA,0.513693203088785,NA,"cv_r2",0.002537428208021,0.0196078431372549,TRUE,NA,NA,"cord_pic"
"B","YBX1","rf",938,70,0.78735738777624,0.778616371909464,NA,"oob_r2",-0.0404250580107695,0.0196078431372549,TRUE,0.92630410482217,0.744973544973545,"cord_pic"
"B","YBX1","lm",938,70,NA,0.770064180682105,NA,"cv_r2",-0.078440928552498,0.0196078431372549,TRUE,NA,NA,"cord_pic"
"B","YBX1","ridge",938,70,NA,0.773863021552944,NA,"cv_r2",-0.000357263104725358,0.0196078431372549,TRUE,NA,NA,"cord_pic"
"B","YBX1","spearman",938,70,NA,0.508130808984648,NA,"cv_r2",0.00187406340564688,0.0196078431372549,TRUE,NA,NA,"cord_pic"
"B","REL","rf",938,70,0.847023577670144,0.83633305157153,NA,"oob_r2",-0.0441883632098941,0.0196078431372549,TRUE,0.919988335811973,0.731216931216931,"cord_pic"
"B","REL","lm",938,70,NA,0.811443996261562,NA,"cv_r2",-0.0811258033480099,0.0196078431372549,TRUE,NA,NA,"cord_pic"
"B","REL","ridge",938,70,NA,0.813188359883571,NA,"cv_r2",-0.000782771449969277,0.0196078431372549,TRUE,NA,NA,"cord_pic"
"B","REL","spearman",938,70,NA,0.565523286573715,NA,"cv_r2",0.00568648450369413,0.0196078431372549,TRUE,NA,NA,"cord_pic"
"B","ID2","rf",938,70,0.859427251696276,0.852957044142469,NA,"oob_r2",-0.0376437184801096,0.0196078431372549,TRUE,0.915687360880257,0.881481481481481,"cord_pic"
"B","ID2","lm",938,70,NA,0.820996541621805,NA,"cv_r2",-0.0772764775871714,0.0196078431372549,TRUE,NA,NA,"cord_pic"
"B","ID2","ridge",938,70,NA,0.82438921964564,NA,"cv_r2",-0.000818428588492794,0.0196078431372549,TRUE,NA,NA,"cord_pic"
"B","ID2","spearman",938,70,NA,0.53579430935999,NA,"cv_r2",-1.58942958478965e-05,0.0196078431372549,TRUE,NA,NA,"cord_pic"
"B","ESR2","rf",938,70,0.866445514138695,0.861195203903348,NA,"oob_r2",-0.0442994233034333,0.0196078431372549,TRUE,0.932212404863966,0.711111111111111,"cord_pic"
"B","ESR2","lm",938,70,NA,0.846301840105061,NA,"cv_r2",-0.0827531384752745,0.0196078431372549,TRUE,NA,NA,"cord_pic"
"B","ESR2","ridge",938,70,NA,0.847599645005401,NA,"cv_r2",-0.000703536548461692,0.0196078431372549,TRUE,NA,NA,"cord_pic"
"B","ESR2","spearman",938,70,NA,0.521187676770807,NA,"cv_r2",0.00335517621251237,0.0196078431372549,TRUE,NA,NA,"cord_pic"
"B","HIVEP2","rf",938,70,0.858722325891213,0.85095905874828,NA,"oob_r2",-0.0424691698551729,0.0196078431372549,TRUE,0.937930967447195,1,"cord_pic"
"B","HIVEP2","lm",938,70,NA,0.834397154646782,NA,"cv_r2",-0.0728610774890371,0.0196078431372549,TRUE,NA,NA,"cord_pic"
"B","HIVEP2","ridge",938,70,NA,0.836610949387038,NA,"cv_r2",-0.00092985873492717,0.0196078431372549,TRUE,NA,NA,"cord_pic"
"B","HIVEP2","spearman",938,70,NA,0.550319903991145,NA,"cv_r2",0.00389822203296391,0.0196078431372549,TRUE,NA,NA,"cord_pic"
"B","JUNB","rf",938,70,0.84681984720576,0.837192851618611,NA,"oob_r2",-0.0465269218428883,0.0196078431372549,TRUE,0.923825076060226,0.7005291005291,"cord_pic"
"B","JUNB","lm",938,70,NA,0.81839183934124,NA,"cv_r2",-0.0760196777689018,0.0196078431372549,TRUE,NA,NA,"cord_pic"
"B","JUNB","ridge",938,70,NA,0.821796343841029,NA,"cv_r2",-0.000512650269910831,0.0196078431372549,TRUE,NA,NA,"cord_pic"
"B","JUNB","spearman",938,70,NA,0.492690564790491,NA,"cv_r2",0.00140987051873685,0.0196078431372549,TRUE,NA,NA,"cord_pic"
"B","TCFL5","rf",938,70,0.86089268723996,0.85157151771063,NA,"oob_r2",-0.0371644932994474,0.0196078431372549,TRUE,0.933032786088512,0.814814814814815,"cord_pic"
"B","TCFL5","lm",938,70,NA,0.825325272668916,NA,"cv_r2",-0.0819455531492503,0.0196078431372549,TRUE,NA,NA,"cord_pic"
"B","TCFL5","ridge",938,70,NA,0.828640924766116,NA,"cv_r2",-0.000823521240164849,0.0196078431372549,TRUE,NA,NA,"cord_pic"
"B","TCFL5","spearman",938,70,NA,0.491868699470888,NA,"cv_r2",0.00297140054804413,0.0196078431372549,TRUE,NA,NA,"cord_pic"
"B","TFEC","rf",938,70,0.8593709417029,0.849888472883292,NA,"oob_r2",-0.0472490302881895,0.0196078431372549,TRUE,0.925535823637477,0.82962962962963,"cord_pic"
"B","TFEC","lm",938,70,NA,0.820673733341722,NA,"cv_r2",-0.079991740952069,0.0196078431372549,TRUE,NA,NA,"cord_pic"
"B","TFEC","ridge",938,70,NA,0.825277095232527,NA,"cv_r2",-0.0011002683498467,0.0196078431372549,TRUE,NA,NA,"cord_pic"
"B","TFEC","spearman",938,70,NA,0.494457189292749,NA,"cv_r2",-0.00156057537445609,0.0196078431372549,TRUE,NA,NA,"cord_pic"
"B","EGR1","rf",938,70,0.865286215260188,0.860667084881019,NA,"oob_r2",-0.0372018561115372,0.0196078431372549,TRUE,0.935696886633812,0.785185185185185,"cord_pic"
"B","EGR1","lm",938,70,NA,0.847982048253268,NA,"cv_r2",-0.0761356165144354,0.0196078431372549,TRUE,NA,NA,"cord_pic"
"B","EGR1","ridge",938,70,NA,0.849362500732057,NA,"cv_r2",-0.00055114024265518,0.0196078431372549,TRUE,NA,NA,"cord_pic"
"B","EGR1","spearman",938,70,NA,0.526160397507308,NA,"cv_r2",-0.000258809508340975,0.0196078431372549,TRUE,NA,NA,"cord_pic"
"B","HOXB4","rf",938,70,0.825239123159141,0.822560550103847,NA,"oob_r2",-0.0604359402774214,0.0196078431372549,TRUE,0.919619747470329,0.822222222222222,"cord_pic"
"B","HOXB4","lm",938,70,NA,0.805447599359258,NA,"cv_r2",-0.0773698824041815,0.0196078431372549,TRUE,NA,NA,"cord_pic"
"B","HOXB4","ridge",938,70,NA,0.807944792699558,NA,"cv_r2",0.00048957782637744,0.0196078431372549,TRUE,NA,NA,"cord_pic"
"B","HOXB4","spearman",938,70,NA,0.371621618180191,NA,"cv_r2",0.000450722166969612,0.0196078431372549,TRUE,NA,NA,"cord_pic"
"B","ERG","rf",938,70,0.865306934581798,0.857597443220464,NA,"oob_r2",-0.0445011619265517,0.0196078431372549,TRUE,0.926931638138007,0.692063492063492,"cord_pic"
"B","ERG","lm",938,70,NA,0.846328009759086,NA,"cv_r2",-0.0840725392083634,0.0196078431372549,TRUE,NA,NA,"cord_pic"
"B","ERG","ridge",938,70,NA,0.848880216287337,NA,"cv_r2",-0.000474145591118136,0.0196078431372549,TRUE,NA,NA,"cord_pic"
"B","ERG","spearman",938,70,NA,0.536237909152486,NA,"cv_r2",0.00310220614486665,0.0196078431372549,TRUE,NA,NA,"cord_pic"
"B","MYBL1","rf",938,70,0.858427895835269,0.845639437336049,NA,"oob_r2",-0.0364135160907715,0.0196078431372549,TRUE,0.930325139241244,1,"cord_pic"
"B","MYBL1","lm",938,70,NA,0.827282678210701,NA,"cv_r2",-0.0811265306850694,0.0196078431372549,TRUE,NA,NA,"cord_pic"
"B","MYBL1","ridge",938,70,NA,0.83078321160273,NA,"cv_r2",-0.000676890380034112,0.0196078431372549,TRUE,NA,NA,"cord_pic"
"B","MYBL1","spearman",938,70,NA,0.466869439344209,NA,"cv_r2",0.00148093054953622,0.0196078431372549,TRUE,NA,NA,"cord_pic"
"B","TAL2","rf",938,70,0.807645669365,0.801797125392774,NA,"oob_r2",-0.0410504659680484,0.0196078431372549,TRUE,0.934143216788655,0.655026455026455,"cord_pic"
"B","TAL2","lm",938,70,NA,0.771948104033716,NA,"cv_r2",-0.0817514956349888,0.0196078431372549,TRUE,NA,NA,"cord_pic"
"B","TAL2","ridge",938,70,NA,0.778458853073226,NA,"cv_r2",-0.0010954510852245,0.0196078431372549,TRUE,NA,NA,"cord_pic"
"B","TAL2","spearman",938,70,NA,0.57719373643712,NA,"cv_r2",0.000341713011590164,0.0196078431372549,TRUE,NA,NA,"cord_pic"
"B","EGR3","rf",938,70,0.875918803938568,0.863861710890912,NA,"oob_r2",-0.042571994464937,0.0196078431372549,TRUE,0.928294015299527,0.77037037037037,"cord_pic"
"B","EGR3","lm",938,70,NA,0.851901796332628,NA,"cv_r2",-0.0805127005160286,0.0196078431372549,TRUE,NA,NA,"cord_pic"
"B","EGR3","ridge",938,70,NA,0.854238847769141,NA,"cv_r2",-0.000349157558369973,0.0196078431372549,TRUE,NA,NA,"cord_pic"
"B","EGR3","spearman",938,70,NA,0.552027911257201,NA,"cv_r2",0.000131692916338016,0.0196078431372549,TRUE,NA,NA,"cord_pic"
"B","FOSL2","rf",938,70,0.826719508623053,0.813292296434407,NA,"oob_r2",-0.0680361627019756,0.0196078431372549,TRUE,0.906234702903411,0.8,"cord_pic"
"B","FOSL2","lm",938,70,NA,0.756941526913852,NA,"cv_r2",-0.0809021142528938,0.0196078431372549,TRUE,NA,NA,"cord_pic"
"B","FOSL2","ridge",938,70,NA,0.760639497684257,NA,"cv_r2",-0.000370597781609972,0.0196078431372549,TRUE,NA,NA,"cord_pic"
"B","FOSL2","spearman",938,70,NA,0.445711103882695,NA,"cv_r2",0.000529432857736652,0.0196078431372549,TRUE,NA,NA,"cord_pic"
"B","NR4A2","rf",938,70,0.86950925614555,0.862267382522383,NA,"oob_r2",-0.0394350984889833,0.0196078431372549,TRUE,0.935570913403124,1,"cord_pic"
"B","NR4A2","lm",938,70,NA,0.848451402146371,NA,"cv_r2",-0.0827069650229632,0.0196078431372549,TRUE,NA,NA,"cord_pic"
"B","NR4A2","ridge",938,70,NA,0.851611461049166,NA,"cv_r2",-0.000917017766674834,0.0196078431372549,TRUE,NA,NA,"cord_pic"
"B","NR4A2","spearman",938,70,NA,0.531512983119589,NA,"cv_r2",-0.0017184999972978,0.0196078431372549,TRUE,NA,NA,"cord_pic"
"B","SPIB","rf",938,70,0.871361621809451,0.866299262343278,NA,"oob_r2",-0.0493635865829737,0.0196078431372549,TRUE,0.936016485385744,0.8,"cord_pic"
"B","SPIB","lm",938,70,NA,0.836670151448457,NA,"cv_r2",-0.0808488396666851,0.0196078431372549,TRUE,NA,NA,"cord_pic"
"B","SPIB","ridge",938,70,NA,0.839969809953506,NA,"cv_r2",-0.000541386944719802,0.0196078431372549,TRUE,NA,NA,"cord_pic"
"B","SPIB","spearman",938,70,NA,0.570069719724091,NA,"cv_r2",-0.00191990555615119,0.0196078431372549,TRUE,NA,NA,"cord_pic"
"B","MYB","rf",938,70,0.844246056694825,0.837756943882959,NA,"oob_r2",-0.0327467435062706,0.0196078431372549,TRUE,0.949588934573625,0.82962962962963,"cord_pic"
"B","MYB","lm",938,70,NA,0.810698917093607,NA,"cv_r2",-0.0793529236799833,0.0196078431372549,TRUE,NA,NA,"cord_pic"
"B","MYB","ridge",938,70,NA,0.815143706379409,NA,"cv_r2",-0.000877684972404903,0.0196078431372549,TRUE,NA,NA,"cord_pic"
"B","MYB","spearman",938,70,NA,0.522218250808483,NA,"cv_r2",-0.00220870595638452,0.0196078431372549,TRUE,NA,NA,"cord_pic"
"B","PAX5","rf",938,70,0.854018932830419,0.843182438312096,NA,"oob_r2",-0.0365460871750002,0.0196078431372549,TRUE,0.928292460074456,0.816931216931217,"cord_pic"
"B","PAX5","lm",938,70,NA,0.83236735042404,NA,"cv_r2",-0.0785669022361732,0.0196078431372549,TRUE,NA,NA,"cord_pic"
"B","PAX5","ridge",938,70,NA,0.834755174916864,NA,"cv_r2",-0.000622535312564599,0.0196078431372549,TRUE,NA,NA,"cord_pic"
"B","PAX5","spearman",938,70,NA,0.578321155485816,NA,"cv_r2",0.000355116158946294,0.0196078431372549,TRUE,NA,NA,"cord_pic"
"B","E2F5","rf",938,70,0.877187441397391,0.86840865638363,NA,"oob_r2",-0.041063821765159,0.0196078431372549,TRUE,0.933219413096939,0.679365079365079,"cord_pic"
"B","E2F5","lm",938,70,NA,0.846232231000302,NA,"cv_r2",-0.0794288611062294,0.0196078431372549,TRUE,NA,NA,"cord_pic"
"B","E2F5","ridge",938,70,NA,0.849364915359921,NA,"cv_r2",-0.000276343205978159,0.0196078431372549,TRUE,NA,NA,"cord_pic"
"B","E2F5","spearman",938,70,NA,0.515630279963607,NA,"cv_r2",-0.00120669964052935,0.0196078431372549,TRUE,NA,NA,"cord_pic"
"B","BDP1","rf",938,70,0.876129426763144,0.867001564190427,NA,"oob_r2",-0.0450620418020798,0.0196078431372549,TRUE,0.912487485298263,0.792592592592593,"cord_pic"
"B","BDP1","lm",938,70,NA,0.84357449166915,NA,"cv_r2",-0.0764036235223703,0.0196078431372549,TRUE,NA,NA,"cord_pic"
"B","BDP1","ridge",938,70,NA,0.845195410825211,NA,"cv_r2",0.0001999096252249,0.0196078431372549,TRUE,NA,NA,"cord_pic"
"B","BDP1","spearman",938,70,NA,0.6178996197741,NA,"cv_r2",-0.000934189124151033,0.0196078431372549,TRUE,NA,NA,"cord_pic"
"B","ELF1","rf",938,70,0.869561003399363,0.861419818848513,NA,"oob_r2",-0.0414308743220444,0.0196078431372549,TRUE,0.917978985021239,0.933333333333333,"cord_pic"
"B","ELF1","lm",938,70,NA,0.832967739941774,NA,"cv_r2",-0.0817368453410366,0.0196078431372549,TRUE,NA,NA,"cord_pic"
"B","ELF1","ridge",938,70,NA,0.835757267360603,NA,"cv_r2",-0.000649096037165564,0.0196078431372549,TRUE,NA,NA,"cord_pic"
"B","ELF1","spearman",938,70,NA,0.549073507169586,NA,"cv_r2",0.000489480816228653,0.0196078431372549,TRUE,NA,NA,"cord_pic"
"B","POU2F2","rf",938,70,0.850290807966317,0.842295610745173,NA,"oob_r2",-0.0370399683434928,0.0196078431372549,TRUE,0.931103529388894,0.933333333333333,"cord_pic"
"B","POU2F2","lm",938,70,NA,0.821921165372266,NA,"cv_r2",-0.0762276116189558,0.0196078431372549,TRUE,NA,NA,"cord_pic"
"B","POU2F2","ridge",938,70,NA,0.824757476210901,NA,"cv_r2",-0.000160740567771267,0.0196078431372549,TRUE,NA,NA,"cord_pic"
"B","POU2F2","spearman",938,70,NA,0.610356651888394,NA,"cv_r2",0.00282392497082151,0.0196078431372549,TRUE,NA,NA,"cord_pic"
"B","KLF3","rf",938,70,0.874748817208258,0.870262601869848,NA,"oob_r2",-0.0388872657066687,0.0196078431372549,TRUE,0.924778429028276,0.708994708994709,"cord_pic"
"B","KLF3","lm",938,70,NA,0.857370004863425,NA,"cv_r2",-0.0800422296234237,0.0196078431372549,TRUE,NA,NA,"cord_pic"
"B","KLF3","ridge",938,70,NA,0.8600740500392,NA,"cv_r2",-0.000363838476263257,0.0196078431372549,TRUE,NA,NA,"cord_pic"
"B","KLF3","spearman",938,70,NA,0.51359772384385,NA,"cv_r2",-0.000217160071553857,0.0196078431372549,TRUE,NA,NA,"cord_pic"
"B","ATF5","rf",938,70,0.857462171043474,0.848788322306759,NA,"oob_r2",-0.0415445307715122,0.0196078431372549,TRUE,0.913067584249458,0.844444444444444,"cord_pic"
"B","ATF5","lm",938,70,NA,0.829464443720727,NA,"cv_r2",-0.0743244917782535,0.0196078431372549,TRUE,NA,NA,"cord_pic"
"B","ATF5","ridge",938,70,NA,0.832535288379544,NA,"cv_r2",-0.000495704371631734,0.0196078431372549,TRUE,NA,NA,"cord_pic"
"B","ATF5","spearman",938,70,NA,0.493392786946105,NA,"cv_r2",0.00466511730514578,0.0196078431372549,TRUE,NA,NA,"cord_pic"
"B","JUND","rf",938,70,0.889510672549005,0.880375588149312,NA,"oob_r2",-0.0426863111203407,0.0196078431372549,TRUE,0.926856987334636,0.822222222222222,"cord_pic"
"B","JUND","lm",938,70,NA,0.861447059676391,NA,"cv_r2",-0.0770735072052035,0.0196078431372549,TRUE,NA,NA,"cord_pic"
"B","JUND","ridge",938,70,NA,0.862614404947318,NA,"cv_r2",-0.000374855764343131,0.0196078431372549,TRUE,NA,NA,"cord_pic"
"B","JUND","spearman",938,70,NA,0.590236912987448,NA,"cv_r2",0.000687144334222314,0.0196078431372549,TRUE,NA,NA,"cord_pic"
"B","XBP1","rf",938,70,0.864137982857265,0.854936452120456,NA,"oob_r2",-0.0451325827813491,0.0196078431372549,TRUE,0.930489215486154,0.933333333333333,"cord_pic"
"B","XBP1","lm",938,70,NA,0.831978341389211,NA,"cv_r2",-0.0793984452395469,0.0196078431372549,TRUE,NA,NA,"cord_pic"
"B","XBP1","ridge",938,70,NA,0.835884232078103,NA,"cv_r2",-1.25451343084156e-05,0.0196078431372549,TRUE,NA,NA,"cord_pic"
"B","XBP1","spearman",938,70,NA,0.48879311271817,NA,"cv_r2",0.00193039671686467,0.0196078431372549,TRUE,NA,NA,"cord_pic"
"B","NFKB2","rf",938,70,0.829012409462681,0.820155686676313,NA,"oob_r2",-0.0445200866814905,0.0196078431372549,TRUE,0.942095082572731,0.844444444444444,"cord_pic"
"B","NFKB2","lm",938,70,NA,0.816788835213085,NA,"cv_r2",-0.0847929045294947,0.0196078431372549,TRUE,NA,NA,"cord_pic"
"B","NFKB2","ridge",938,70,NA,0.819413512205059,NA,"cv_r2",-0.000772595271492305,0.0196078431372549,TRUE,NA,NA,"cord_pic"
"B","NFKB2","spearman",938,70,NA,0.586223667345457,NA,"cv_r2",0.00194889794146002,0.0196078431372549,TRUE,NA,NA,"cord_pic"
"B","BACH2","rf",938,70,0.833603815157747,0.822847977210371,NA,"oob_r2",-0.0367815750871846,0.0196078431372549,TRUE,0.932489234926467,0.82962962962963,"cord_pic"
"B","BACH2","lm",938,70,NA,0.808580824543711,NA,"cv_r2",-0.0781250289097129,0.0196078431372549,TRUE,NA,NA,"cord_pic"
"B","BACH2","ridge",938,70,NA,0.811375027988308,NA,"cv_r2",-0.000707634462421615,0.0196078431372549,TRUE,NA,NA,"cord_pic"
"B","BACH2","spearman",938,70,NA,0.551859797805928,NA,"cv_r2",0.000260573917831069,0.0196078431372549,TRUE,NA,NA,"cord_pic"
"B","RORA","rf",938,70,0.86656632830467,0.854874127918507,NA,"oob_r2",-0.039399917716615,0.0196078431372549,TRUE,0.939217138580274,0.8,"cord_pic"
"B","RORA","lm",938,70,NA,0.84053926096025,NA,"cv_r2",-0.0773649499230344,0.0196078431372549,TRUE,NA,NA,"cord_pic"
"B","RORA","ridge",938,70,NA,0.844122697770398,NA,"cv_r2",-0.00102750304568661,0.0196078431372549,TRUE,NA,NA,"cord_pic"
"B","RORA","spearman",938,70,NA,0.50918832203275,NA,"cv_r2",-0.000496743883197949,0.0196078431372549,TRUE,NA,NA,"cord_pic"
"B","HESX1","rf",938,70,0.830124541483324,0.829821750028088,NA,"oob_r2",-0.0612703226414214,0.0196078431372549,TRUE,0.917722372884651,1,"cord_pic"
"B","HESX1","lm",938,70,NA,0.826430027515986,NA,"cv_r2",-0.0738130480550095,0.0196078431372549,TRUE,NA,NA,"cord_pic"
"B","HESX1","ridge",938,70,NA,0.827242749444048,NA,"cv_r2",-0.000362374709611479,0.0196078431372549,TRUE,NA,NA,"cord_pic"
"B","HESX1","spearman",938,70,NA,0.389248210201983,NA,"cv_r2",0.00170969669546351,0.0196078431372549,TRUE,NA,NA,"cord_pic"
"B","BACH1","rf",938,70,0.814293668430658,0.817621824754942,NA,"oob_r2",-0.0372802780451634,0.0196078431372549,TRUE,0.949506507644903,0.844444444444444,"cord_pic"
"B","BACH1","lm",938,70,NA,0.779206210901646,NA,"cv_r2",-0.0748829199721753,0.0196078431372549,TRUE,NA,NA,"cord_pic"
"B","BACH1","ridge",938,70,NA,0.783072605113894,NA,"cv_r2",-0.000552661944592115,0.0196078431372549,TRUE,NA,NA,"cord_pic"
"B","BACH1","spearman",938,70,NA,0.524718651134398,NA,"cv_r2",-0.00160484131052601,0.0196078431372549,TRUE,NA,NA,"cord_pic"
"B","NFIX","rf",938,70,0.855058239875464,0.847435997544414,NA,"oob_r2",-0.0441968420220562,0.0196078431372549,TRUE,0.932080988345532,0.933333333333333,"cord_pic"
"B","NFIX","lm",938,70,NA,0.801486096170615,NA,"cv_r2",-0.0796722260407741,0.0196078431372549,TRUE,NA,NA,"cord_pic"
"B","NFIX","ridge",938,70,NA,0.806233185493708,NA,"cv_r2",-0.000688929444970444,0.0196078431372549,TRUE,NA,NA,"cord_pic"
"B","NFIX","spearman",938,70,NA,0.475394417430713,NA,"cv_r2",-0.00136438991268653,0.0196078431372549,TRUE,NA,NA,"cord_pic"
"B","CREM","rf",938,70,0.875116418218308,0.866547375817979,NA,"oob_r2",-0.0395109992630064,0.0196078431372549,TRUE,0.929913004597634,0.8,"cord_pic"
"B","CREM","lm",938,70,NA,0.844320654041161,NA,"cv_r2",-0.0811722161608067,0.0196078431372549,TRUE,NA,NA,"cord_pic"
"B","CREM","ridge",938,70,NA,0.846784452273342,NA,"cv_r2",-9.4257652918969e-05,0.0196078431372549,TRUE,NA,NA,"cord_pic"
"B","CREM","spearman",938,70,NA,0.542327948310867,NA,"cv_r2",-0.00091711197199731,0.0196078431372549,TRUE,NA,NA,"cord_pic"
"B","KLF9","rf",938,70,0.877936479885202,0.865335645798256,NA,"oob_r2",-0.0434688105718164,0.0196078431372549,TRUE,0.931273826534084,0.681216931216931,"cord_pic"
"B","KLF9","lm",938,70,NA,0.849801592860073,NA,"cv_r2",-0.0827761334056647,0.0196078431372549,TRUE,NA,NA,"cord_pic"
"B","KLF9","ridge",938,70,NA,0.852659557514808,NA,"cv_r2",-0.000432617731467202,0.0196078431372549,TRUE,NA,NA,"cord_pic"
"B","KLF9","spearman",938,70,NA,0.520212745829745,NA,"cv_r2",0.000507300974667772,0.0196078431372549,TRUE,NA,NA,"cord_pic"
"B","ENO1","rf",938,70,0.884494570927113,0.878224217603324,NA,"oob_r2",-0.0338683325455067,0.0196078431372549,TRUE,0.934813518793923,0.757671957671958,"cord_pic"
"B","ENO1","lm",938,70,NA,0.852500907689092,NA,"cv_r2",-0.0826492267566943,0.0196078431372549,TRUE,NA,NA,"cord_pic"
"B","ENO1","ridge",938,70,NA,0.854433670675047,NA,"cv_r2",-0.000448876454582969,0.0196078431372549,TRUE,NA,NA,"cord_pic"
"B","ENO1","spearman",938,70,NA,0.488484622380717,NA,"cv_r2",0.0035006457810316,0.0196078431372549,TRUE,NA,NA,"cord_pic"
"B","HES1","rf",938,70,0.889237196074248,0.87511597237985,NA,"oob_r2",-0.0424138894087099,0.0196078431372549,TRUE,0.928730255931726,0.662433862433862,"cord_pic"
"B","HES1","lm",938,70,NA,0.846831835264993,NA,"cv_r2",-0.0831312686850527,0.0196078431372549,TRUE,NA,NA,"cord_pic"
"B","HES1","ridge",938,70,NA,0.849102368935136,NA,"cv_r2",-0.000816756040804845,0.0196078431372549,TRUE,NA,NA,"cord_pic"
"B","HES1","spearman",938,70,NA,0.539352246388815,NA,"cv_r2",-0.000549558951448909,0.0196078431372549,TRUE,NA,NA,"cord_pic"
"B","THRA","rf",938,70,0.880167282825338,0.871340873180976,NA,"oob_r2",-0.0394937157829367,0.0196078431372549,TRUE,0.932621429057436,0.785185185185185,"cord_pic"
"B","THRA","lm",938,70,NA,0.855282313503845,NA,"cv_r2",-0.0793924097719174,0.0196078431372549,TRUE,NA,NA,"cord_pic"
"B","THRA","ridge",938,70,NA,0.858180337148093,NA,"cv_r2",-0.000451934786631925,0.0196078431372549,TRUE,NA,NA,"cord_pic"
"B","THRA","spearman",938,70,NA,0.518638925013429,NA,"cv_r2",4.28471107589578e-05,0.0196078431372549,TRUE,NA,NA,"cord_pic"
"B","FOSB","rf",938,70,0.867152149210121,0.85977758332827,NA,"oob_r2",-0.0422405370954542,0.0196078431372549,TRUE,0.936896742775494,0.704761904761905,"cord_pic"
"B","FOSB","lm",938,70,NA,0.839167970421117,NA,"cv_r2",-0.0746078002574416,0.0196078431372549,TRUE,NA,NA,"cord_pic"
"B","FOSB","ridge",938,70,NA,0.840811570989504,NA,"cv_r2",-0.000447230981010361,0.0196078431372549,TRUE,NA,NA,"cord_pic"
"B","FOSB","spearman",938,70,NA,0.498293072469184,NA,"cv_r2",-0.00367676683752016,0.0196078431372549,TRUE,NA,NA,"cord_pic"
"B","SMAD2","rf",938,70,0.861183265594894,0.8523153570826,NA,"oob_r2",-0.047210669443702,0.0196078431372549,TRUE,0.930974445708065,0.933333333333333,"cord_pic"
"B","SMAD2","lm",938,70,NA,0.848276819180254,NA,"cv_r2",-0.0729262090357015,0.0196078431372549,TRUE,NA,NA,"cord_pic"
"B","SMAD2","ridge",938,70,NA,0.846904607165453,NA,"cv_r2",0.00128046589418827,0.0196078431372549,TRUE,NA,NA,"cord_pic"
"B","SMAD2","spearman",938,70,NA,0.515900324636234,NA,"cv_r2",0.00366195639327355,0.0196078431372549,TRUE,NA,NA,"cord_pic"
"B","ZBTB16","rf",938,70,0.878217383388086,0.872937699710421,NA,"oob_r2",-0.0612284222030873,0.0196078431372549,TRUE,0.881904761904762,0.82962962962963,"cord_pic"
"B","ZBTB16","lm",938,70,NA,0.850182734170453,NA,"cv_r2",-0.0716328083274388,0.0196078431372549,TRUE,NA,NA,"cord_pic"
"B","ZBTB16","ridge",938,70,NA,0.849631543389727,NA,"cv_r2",-0.000936618658487831,0.0196078431372549,TRUE,NA,NA,"cord_pic"
"B","ZBTB16","spearman",938,70,NA,0.537116160682012,NA,"cv_r2",0.00399070223436942,0.0196078431372549,TRUE,NA,NA,"cord_pic"
"B","IRF4","rf",938,70,0.885170971684943,0.879978767077295,NA,"oob_r2",-0.0422484278506436,0.0196078431372549,TRUE,0.92736399070753,0.747089947089947,"cord_pic"
"B","IRF4","lm",938,70,NA,0.86265429427859,NA,"cv_r2",-0.0854133804032838,0.0196078431372549,TRUE,NA,NA,"cord_pic"
"B","IRF4","ridge",938,70,NA,0.864902765421416,NA,"cv_r2",-0.000501029356613825,0.0196078431372549,TRUE,NA,NA,"cord_pic"
"B","IRF4","spearman",938,70,NA,0.580262512735545,NA,"cv_r2",-0.00125568686486396,0.0196078431372549,TRUE,NA,NA,"cord_pic"
"B","TCF4","rf",938,70,0.859224133740843,0.856035775211475,NA,"oob_r2",-0.0605407275642726,0.0196078431372549,TRUE,0.897631197814909,1,"cord_pic"
"B","TCF4","lm",938,70,NA,0.847733686908199,NA,"cv_r2",-0.0706154582607705,0.0196078431372549,TRUE,NA,NA,"cord_pic"
"B","TCF4","ridge",938,70,NA,0.846900125943646,NA,"cv_r2",-0.00077176054233993,0.0196078431372549,TRUE,NA,NA,"cord_pic"
"B","TCF4","spearman",938,70,NA,0.56062724131701,NA,"cv_r2",0.00428215401792334,0.0196078431372549,TRUE,NA,NA,"cord_pic"
"B","FOS","rf",938,70,0.886069889205856,0.877685739455392,NA,"oob_r2",-0.0448484514824493,0.0196078431372549,TRUE,0.92085148572595,0.874074074074074,"cord_pic"
"B","FOS","lm",938,70,NA,0.866700234054506,NA,"cv_r2",-0.0819069399078735,0.0196078431372549,TRUE,NA,NA,"cord_pic"
"B","FOS","ridge",938,70,NA,0.868036442163748,NA,"cv_r2",-0.000509560040748536,0.0196078431372549,TRUE,NA,NA,"cord_pic"
"B","FOS","spearman",938,70,NA,0.57298294867602,NA,"cv_r2",0.000520560514905329,0.0196078431372549,TRUE,NA,NA,"cord_pic"
"B","TP63","rf",938,70,0.859312046268126,0.85037025162493,NA,"oob_r2",-0.0353739726530716,0.0196078431372549,TRUE,0.952608404047473,0.757671957671958,"cord_pic"
"B","TP63","lm",938,70,NA,0.82645370582686,NA,"cv_r2",-0.080095966796385,0.0196078431372549,TRUE,NA,NA,"cord_pic"
"B","TP63","ridge",938,70,NA,0.828663241657861,NA,"cv_r2",-0.000734573629568115,0.0196078431372549,TRUE,NA,NA,"cord_pic"
"B","TP63","spearman",938,70,NA,0.500797419619474,NA,"cv_r2",-0.000465026794378621,0.0196078431372549,TRUE,NA,NA,"cord_pic"
"B","NR4A3","rf",938,70,0.854100161121069,0.842571220226174,NA,"oob_r2",-0.0478677421771896,0.0196078431372549,TRUE,0.931333702699288,0.785185185185185,"cord_pic"
"B","NR4A3","lm",938,70,NA,0.820611604205711,NA,"cv_r2",-0.0830581322553426,0.0196078431372549,TRUE,NA,NA,"cord_pic"
"B","NR4A3","ridge",938,70,NA,0.823569551227329,NA,"cv_r2",-0.000612904648740754,0.0196078431372549,TRUE,NA,NA,"cord_pic"
"B","NR4A3","spearman",938,70,NA,0.520033257107457,NA,"cv_r2",0.00168284738765727,0.0196078431372549,TRUE,NA,NA,"cord_pic"
"B","SMARCA5","rf",938,70,0.885796694501541,0.876350061898294,NA,"oob_r2",-0.0488101711833549,0.0196078431372549,TRUE,0.944642541237765,0.718518518518518,"cord_pic"
"B","SMARCA5","lm",938,70,NA,0.856621172342692,NA,"cv_r2",-0.0835803256322619,0.0196078431372549,TRUE,NA,NA,"cord_pic"
"B","SMARCA5","ridge",938,70,NA,0.857381424933494,NA,"cv_r2",-0.000270983150852101,0.0196078431372549,TRUE,NA,NA,"cord_pic"
"B","SMARCA5","spearman",938,70,NA,0.483636620701945,NA,"cv_r2",-0.00448826919546746,0.0196078431372549,TRUE,NA,NA,"cord_pic"
"B","ETV7","rf",938,70,0.866440954469695,0.862474874234673,NA,"oob_r2",-0.0491583724296245,0.0196078431372549,TRUE,0.896050311531022,0.822222222222222,"cord_pic"
"B","ETV7","lm",938,70,NA,0.859213475091728,NA,"cv_r2",-0.0776548211943831,0.0196078431372549,TRUE,NA,NA,"cord_pic"
"B","ETV7","ridge",938,70,NA,0.859444633972176,NA,"cv_r2",-0.00015089918210985,0.0196078431372549,TRUE,NA,NA,"cord_pic"
"B","ETV7","spearman",938,70,NA,0.557524773248073,NA,"cv_r2",0.00435858589041311,0.0196078431372549,TRUE,NA,NA,"cord_pic"
"B","NR4A1","rf",938,70,0.871704979057594,0.859559996923186,NA,"oob_r2",-0.0458051831864138,0.0196078431372549,TRUE,0.946058573664207,0.881481481481482,"cord_pic"
"B","NR4A1","lm",938,70,NA,0.838648427461061,NA,"cv_r2",-0.0835503468834616,0.0196078431372549,TRUE,NA,NA,"cord_pic"
"B","NR4A1","ridge",938,70,NA,0.841572974044218,NA,"cv_r2",-0.000997413251854607,0.0196078431372549,TRUE,NA,NA,"cord_pic"
"B","NR4A1","spearman",938,70,NA,0.546248408745827,NA,"cv_r2",-0.00344741162423784,0.0196078431372549,TRUE,NA,NA,"cord_pic"
"B","HIVEP3","rf",938,70,0.875072595123208,0.872974141309902,NA,"oob_r2",-0.0447429825373201,0.0196078431372549,TRUE,0.947619242022181,0.822222222222222,"cord_pic"
"B","HIVEP3","lm",938,70,NA,0.861213742577289,NA,"cv_r2",-0.0753254127098057,0.0196078431372549,TRUE,NA,NA,"cord_pic"
"B","HIVEP3","ridge",938,70,NA,0.862380194494798,NA,"cv_r2",-0.000651567086456306,0.0196078431372549,TRUE,NA,NA,"cord_pic"
"B","HIVEP3","spearman",938,70,NA,0.521928273158295,NA,"cv_r2",-0.00056476750902107,0.0196078431372549,TRUE,NA,NA,"cord_pic"
"B","CHD2","rf",938,70,0.871340682241819,0.858874433439867,NA,"oob_r2",-0.0359559357834296,0.0196078431372549,TRUE,0.92868826485483,0.732275132275132,"cord_pic"
"B","CHD2","lm",938,70,NA,0.837840251963519,NA,"cv_r2",-0.079398119426191,0.0196078431372549,TRUE,NA,NA,"cord_pic"
"B","CHD2","ridge",938,70,NA,0.840645738215963,NA,"cv_r2",-0.000705674883038933,0.0196078431372549,TRUE,NA,NA,"cord_pic"
"B","CHD2","spearman",938,70,NA,0.524063225691202,NA,"cv_r2",-0.000918515687183255,0.0196078431372549,TRUE,NA,NA,"cord_pic"
"B","MAFB","rf",938,70,0.863818212870133,0.864670516899627,NA,"oob_r2",-0.0533844277174687,0.0196078431372549,TRUE,0.909560551716094,1,"cord_pic"
"B","MAFB","lm",938,70,NA,0.842355810774714,NA,"cv_r2",-0.0702777988950533,0.0196078431372549,TRUE,NA,NA,"cord_pic"
"B","MAFB","ridge",938,70,NA,0.843519249735945,NA,"cv_r2",-0.000740889032645454,0.0196078431372549,TRUE,NA,NA,"cord_pic"
"B","MAFB","spearman",938,70,NA,0.545378591014388,NA,"cv_r2",0.00342894187168934,0.0196078431372549,TRUE,NA,NA,"cord_pic"
"B","MYC","rf",938,70,0.89185428450721,0.886089877218287,NA,"oob_r2",-0.0498568368405652,0.0196078431372549,TRUE,0.934064677922608,0.933333333333333,"cord_pic"
"B","MYC","lm",938,70,NA,0.860766643327372,NA,"cv_r2",-0.0825824982467081,0.0196078431372549,TRUE,NA,NA,"cord_pic"
"B","MYC","ridge",938,70,NA,0.861766465295329,NA,"cv_r2",-0.000513004488557767,0.0196078431372549,TRUE,NA,NA,"cord_pic"
"B","MYC","spearman",938,70,NA,0.590780426830248,NA,"cv_r2",-0.00175556396279695,0.0196078431372549,TRUE,NA,NA,"cord_pic"
"B","SMAD1","rf",938,70,0.878774897438346,0.874520513579725,NA,"oob_r2",-0.0436253080688088,0.0196078431372549,TRUE,0.94866824133205,0.844444444444444,"cord_pic"
"B","SMAD1","lm",938,70,NA,0.859467902067476,NA,"cv_r2",-0.0764610892659154,0.0196078431372549,TRUE,NA,NA,"cord_pic"
"B","SMAD1","ridge",938,70,NA,0.861078449688036,NA,"cv_r2",-0.000598961773266227,0.0196078431372549,TRUE,NA,NA,"cord_pic"
"B","SMAD1","spearman",938,70,NA,0.527467781343106,NA,"cv_r2",-0.00167215438405799,0.0196078431372549,TRUE,NA,NA,"cord_pic"
"B","KLF2","rf",938,70,0.896794042077482,0.891117674923247,NA,"oob_r2",-0.0387180918363391,0.0196078431372549,TRUE,0.921598771372194,0.933333333333333,"cord_pic"
"B","KLF2","lm",938,70,NA,0.883618463724529,NA,"cv_r2",-0.0807204475701616,0.0196078431372549,TRUE,NA,NA,"cord_pic"
"B","KLF2","ridge",938,70,NA,0.885226847588652,NA,"cv_r2",-0.000696099221946523,0.0196078431372549,TRUE,NA,NA,"cord_pic"
"B","KLF2","spearman",938,70,NA,0.594037650794392,NA,"cv_r2",-0.00149074927070171,0.0196078431372549,TRUE,NA,NA,"cord_pic"
"B","IRF1","rf",938,70,0.861467244527912,0.857913478667546,NA,"oob_r2",-0.0402170786265554,0.0196078431372549,TRUE,0.942749832327297,0.792592592592593,"cord_pic"
"B","IRF1","lm",938,70,NA,0.828352478536032,NA,"cv_r2",-0.0787853880925272,0.0196078431372549,TRUE,NA,NA,"cord_pic"
"B","IRF1","ridge",938,70,NA,0.831093815934058,NA,"cv_r2",-0.000576111231020893,0.0196078431372549,TRUE,NA,NA,"cord_pic"
"B","IRF1","spearman",938,70,NA,0.527127241210684,NA,"cv_r2",-0.00118112868415602,0.0196078431372549,TRUE,NA,NA,"cord_pic"
"B","ELK3","rf",938,70,0.879835134366782,0.87456348418017,NA,"oob_r2",-0.0491119664809818,0.0196078431372549,TRUE,0.944708638303249,0.822222222222222,"cord_pic"
"B","ELK3","lm",938,70,NA,0.857296974900191,NA,"cv_r2",-0.0799911000933385,0.0196078431372549,TRUE,NA,NA,"cord_pic"
"B","ELK3","ridge",938,70,NA,0.858648812503037,NA,"cv_r2",-0.00039759338472919,0.0196078431372549,TRUE,NA,NA,"cord_pic"
"B","ELK3","spearman",938,70,NA,0.501274017891698,NA,"cv_r2",-0.0012015762772987,0.0196078431372549,TRUE,NA,NA,"cord_pic"
"B","MEF2C","rf",938,70,0.861332812429327,0.857757379098917,NA,"oob_r2",-0.0389945788439126,0.0196078431372549,TRUE,0.945071783357148,1,"cord_pic"
"B","MEF2C","lm",938,70,NA,0.84925290141971,NA,"cv_r2",-0.0775970277025417,0.0196078431372549,TRUE,NA,NA,"cord_pic"
"B","MEF2C","ridge",938,70,NA,0.850463625523782,NA,"cv_r2",-0.00068543152894367,0.0196078431372549,TRUE,NA,NA,"cord_pic"
"B","MEF2C","spearman",938,70,NA,0.551592604995501,NA,"cv_r2",-0.00084713110234376,0.0196078431372549,TRUE,NA,NA,"cord_pic"
"B","IKZF2","rf",938,70,0.860063910387311,0.855081227193729,NA,"oob_r2",-0.0585971007633147,0.0196078431372549,TRUE,0.912014696876914,1,"cord_pic"
"B","IKZF2","lm",938,70,NA,0.837804528625913,NA,"cv_r2",-0.0757881267604579,0.0196078431372549,TRUE,NA,NA,"cord_pic"
"B","IKZF2","ridge",938,70,NA,0.836823171997422,NA,"cv_r2",-0.00107550864434856,0.0196078431372549,TRUE,NA,NA,"cord_pic"
"B","IKZF2","spearman",938,70,NA,0.607396676882927,NA,"cv_r2",0.00258433153381748,0.0196078431372549,TRUE,NA,NA,"cord_pic"
"B","BCLAF1","rf",938,70,0.888470357031725,0.882874509180745,NA,"oob_r2",-0.0490168236312144,0.0196078431372549,TRUE,0.933108992116953,0.77037037037037,"cord_pic"
"B","BCLAF1","lm",938,70,NA,0.859510868854492,NA,"cv_r2",-0.0823153983781042,0.0196078431372549,TRUE,NA,NA,"cord_pic"
"B","BCLAF1","ridge",938,70,NA,0.86069895072031,NA,"cv_r2",-0.000495769939828306,0.0196078431372549,TRUE,NA,NA,"cord_pic"
"B","BCLAF1","spearman",938,70,NA,0.53292697366526,NA,"cv_r2",-7.28344617272987e-05,0.0196078431372549,TRUE,NA,NA,"cord_pic"
"B","NFKB1","rf",938,70,0.887309708370502,0.881029405348087,NA,"oob_r2",-0.0421680295594442,0.0196078431372549,TRUE,0.917035741016145,0.874074074074074,"cord_pic"
"B","NFKB1","lm",938,70,NA,0.870304346477657,NA,"cv_r2",-0.0822995429042594,0.0196078431372549,TRUE,NA,NA,"cord_pic"
"B","NFKB1","ridge",938,70,NA,0.872369815726999,NA,"cv_r2",-0.000565086937479309,0.0196078431372549,TRUE,NA,NA,"cord_pic"
"B","NFKB1","spearman",938,70,NA,0.563282220847912,NA,"cv_r2",-0.000951443815419784,0.0196078431372549,TRUE,NA,NA,"cord_pic"
"B","EGR2","rf",938,70,0.880253308671869,0.874570073074169,NA,"oob_r2",-0.0459973251815332,0.0196078431372549,TRUE,0.947224992466879,0.82962962962963,"cord_pic"
"B","EGR2","lm",938,70,NA,0.853684276138306,NA,"cv_r2",-0.0791389686243357,0.0196078431372549,TRUE,NA,NA,"cord_pic"
"B","EGR2","ridge",938,70,NA,0.854524886791854,NA,"cv_r2",-0.000771855780767195,0.0196078431372549,TRUE,NA,NA,"cord_pic"
"B","EGR2","spearman",938,70,NA,0.535230372694774,NA,"cv_r2",-0.00212646058378913,0.0196078431372549,TRUE,NA,NA,"cord_pic"
"B","JUN","rf",938,70,0.873822225074332,0.86979553102606,NA,"oob_r2",-0.0386553037349658,0.0196078431372549,TRUE,0.94835641870547,0.691005291005291,"cord_pic"
"B","JUN","lm",938,70,NA,0.859305839883041,NA,"cv_r2",-0.0809811064860171,0.0196078431372549,TRUE,NA,NA,"cord_pic"
"B","JUN","ridge",938,70,NA,0.861109745448249,NA,"cv_r2",-0.000712658983569314,0.0196078431372549,TRUE,NA,NA,"cord_pic"
"B","JUN","spearman",938,70,NA,0.378564598468701,NA,"cv_r2",0.000289572369883539,0.0196078431372549,TRUE,NA,NA,"cord_pic"
"B","FOXP1","rf",938,70,0.87873267595862,0.875611316560369,NA,"oob_r2",-0.0440286827030268,0.0196078431372549,TRUE,0.920263610649404,0.73015873015873,"cord_pic"
"B","FOXP1","lm",938,70,NA,0.865973595716349,NA,"cv_r2",-0.0740169017651368,0.0196078431372549,TRUE,NA,NA,"cord_pic"
"B","FOXP1","ridge",938,70,NA,0.862607645521224,NA,"cv_r2",0.000135782917390463,0.0196078431372549,TRUE,NA,NA,"cord_pic"
"B","FOXP1","spearman",938,70,NA,0.704390903313549,NA,"cv_r2",-0.000949872228790638,0.0196078431372549,TRUE,NA,NA,"cord_pic"
"B","EBF1","rf",938,70,0.882372857087515,0.874692919102629,NA,"oob_r2",-0.0429759243832724,0.0196078431372549,TRUE,0.912628233167119,0.933333333333333,"cord_pic"
"B","EBF1","lm",938,70,NA,0.858775975382062,NA,"cv_r2",-0.0731688300750533,0.0196078431372549,TRUE,NA,NA,"cord_pic"
"B","EBF1","ridge",938,70,NA,0.859440160281531,NA,"cv_r2",-0.000614294348124856,0.0196078431372549,TRUE,NA,NA,"cord_pic"
"B","EBF1","spearman",938,70,NA,0.580862533104911,NA,"cv_r2",0.00160254175598417,0.0196078431372549,TRUE,NA,NA,"cord_pic"
"B","KLF6","rf",938,70,0.881503046844318,0.871305025992221,NA,"oob_r2",-0.0446842526099466,0.0196078431372549,TRUE,0.943246726737235,0.77037037037037,"cord_pic"
"B","KLF6","lm",938,70,NA,0.863948650915845,NA,"cv_r2",-0.0749765279155926,0.0196078431372549,TRUE,NA,NA,"cord_pic"
"B","KLF6","ridge",938,70,NA,0.864737394240831,NA,"cv_r2",-0.000955041703539262,0.0196078431372549,TRUE,NA,NA,"cord_pic"
"B","KLF6","spearman",938,70,NA,0.497034385879648,NA,"cv_r2",-0.00251610693527116,0.0196078431372549,TRUE,NA,NA,"cord_pic"
"B","BCL6","rf",938,70,0.90682452521596,0.901857540642252,NA,"oob_r2",-0.0389896649292037,0.0196078431372549,TRUE,0.92432585853284,0.667724867724868,"cord_pic"
"B","BCL6","lm",938,70,NA,0.896025699143514,NA,"cv_r2",-0.0750766648185286,0.0196078431372549,TRUE,NA,NA,"cord_pic"
"B","BCL6","ridge",938,70,NA,0.896170852916305,NA,"cv_r2",-0.00110776233453171,0.0196078431372549,TRUE,NA,NA,"cord_pic"
"B","BCL6","spearman",938,70,NA,0.399629472165073,NA,"cv_r2",-0.00074597096060558,0.0196078431372549,TRUE,NA,NA,"cord_pic"
"B","NR3C1","rf",938,70,0.901609591255871,0.899919777973398,NA,"oob_r2",-0.0433946929371708,0.0196078431372549,TRUE,0.885288931657578,0.82962962962963,"cord_pic"
"B","NR3C1","lm",938,70,NA,0.890388680940013,NA,"cv_r2",-0.0771513000434115,0.0196078431372549,TRUE,NA,NA,"cord_pic"
"B","NR3C1","ridge",938,70,NA,0.888630239952254,NA,"cv_r2",-0.00033997068267889,0.0196078431372549,TRUE,NA,NA,"cord_pic"
"B","NR3C1","spearman",938,70,NA,0.725221688659357,NA,"cv_r2",0.00254858910882372,0.0196078431372549,TRUE,NA,NA,"cord_pic"
"B","STAT2","rf",938,70,0.85914839255797,0.86474985354674,NA,"oob_r2",-0.0629282554324591,0.0196078431372549,TRUE,0.898623431409714,1,"cord_pic"
"B","STAT2","lm",938,70,NA,0.842322900096723,NA,"cv_r2",-0.0762943104474835,0.0196078431372549,TRUE,NA,NA,"cord_pic"
"B","STAT2","ridge",938,70,NA,0.842512056331143,NA,"cv_r2",-0.000780084979166663,0.0196078431372549,TRUE,NA,NA,"cord_pic"
"B","STAT2","spearman",938,70,NA,0.517209988606728,NA,"cv_r2",0.00384361678063014,0.0196078431372549,TRUE,NA,NA,"cord_pic"
"B","NFATC1","rf",938,70,0.913598030696218,0.908962332671912,NA,"oob_r2",-0.0452248833980148,0.0196078431372549,TRUE,0.898437582013822,0.634920634920635,"cord_pic"
"B","NFATC1","lm",938,70,NA,0.893352652623083,NA,"cv_r2",-0.0701147062074015,0.0196078431372549,TRUE,NA,NA,"cord_pic"
"B","NFATC1","ridge",938,70,NA,0.891182069503284,NA,"cv_r2",-0.00120442977855797,0.0196078431372549,TRUE,NA,NA,"cord_pic"
"B","NFATC1","spearman",938,70,NA,0.775644042405993,NA,"cv_r2",0.00319058403225887,0.0196078431372549,TRUE,NA,NA,"cord_pic"
"B","IRF8","rf",938,70,0.907231372737423,0.906544359987905,NA,"oob_r2",-0.0469974653479037,0.0196078431372549,TRUE,0.895316245297874,0.664550264550265,"cord_pic"
"B","IRF8","lm",938,70,NA,0.893812269041707,NA,"cv_r2",-0.0764938837707183,0.0196078431372549,TRUE,NA,NA,"cord_pic"
"B","IRF8","ridge",938,70,NA,0.891071672552283,NA,"cv_r2",-0.0011626875243606,0.0196078431372549,TRUE,NA,NA,"cord_pic"
"B","IRF8","spearman",938,70,NA,0.758772391185529,NA,"cv_r2",0.00206800265166997,0.0196078431372549,TRUE,NA,NA,"cord_pic"
"B","IRF9","rf",938,70,0.903034156897476,0.899766067480925,NA,"oob_r2",-0.0516732234969576,0.0196078431372549,TRUE,0.897953907016981,1,"cord_pic"
"B","IRF9","lm",938,70,NA,0.889967630978558,NA,"cv_r2",-0.0766110069777988,0.0196078431372549,TRUE,NA,NA,"cord_pic"
"B","IRF9","ridge",938,70,NA,0.887994371938024,NA,"cv_r2",-0.00100704488750996,0.0196078431372549,TRUE,NA,NA,"cord_pic"
"B","IRF9","spearman",938,70,NA,0.715244889997675,NA,"cv_r2",0.00341659986337088,0.0196078431372549,TRUE,NA,NA,"cord_pic"
"B","IRF7","rf",938,70,0.888235321768336,0.889972758981468,NA,"oob_r2",-0.0524254856469328,0.0196078431372549,TRUE,0.905979645991893,0.933333333333333,"cord_pic"
"B","IRF7","lm",938,70,NA,0.876535909383209,NA,"cv_r2",-0.0757207065192358,0.0196078431372549,TRUE,NA,NA,"cord_pic"
"B","IRF7","ridge",938,70,NA,0.873964904127355,NA,"cv_r2",-0.00109342309527084,0.0196078431372549,TRUE,NA,NA,"cord_pic"
"B","IRF7","spearman",938,70,NA,0.679941207600408,NA,"cv_r2",0.00427782202395271,0.0196078431372549,TRUE,NA,NA,"cord_pic"
"B","STAT1","rf",938,70,0.923140109736004,0.916816688783927,NA,"oob_r2",-0.0413582281455311,0.0196078431372549,TRUE,0.896045645855811,0.666666666666667,"cord_pic"
"B","STAT1","lm",938,70,NA,0.905724260596946,NA,"cv_r2",-0.0729540687277614,0.0196078431372549,TRUE,NA,NA,"cord_pic"
"B","STAT1","ridge",938,70,NA,0.9022315487812,NA,"cv_r2",-0.000791938374559165,0.0196078431372549,TRUE,NA,NA,"cord_pic"
"B","STAT1","spearman",938,70,NA,0.770933198819243,NA,"cv_r2",-0.000387748935424159,0.0196078431372549,TRUE,NA,NA,"cord_pic"
"NK","ELF1","rf",1200,73,0.844471108003693,0.844704308364157,NA,"oob_r2",-0.0374423976062914,0.0196078431372549,TRUE,0.912126510071715,0.755555555555556,"cord_pic"
"NK","ELF1","lm",1200,73,NA,0.817345755191011,NA,"cv_r2",-0.0504898387264596,0.0196078431372549,TRUE,NA,NA,"cord_pic"
"NK","ELF1","ridge",1200,73,NA,0.818790364761138,NA,"cv_r2",0.000992282672577115,0.0196078431372549,TRUE,NA,NA,"cord_pic"
"NK","ELF1","spearman",1200,73,NA,0.65415233003354,NA,"cv_r2",0.00176046248837788,0.0196078431372549,TRUE,NA,NA,"cord_pic"
"NK","EP300","rf",1200,73,0.793845545155634,0.799117334145305,NA,"oob_r2",-0.0429475985279443,0.0196078431372549,TRUE,0.923574259190697,1,"cord_pic"
"NK","EP300","lm",1200,73,NA,0.779248567897989,NA,"cv_r2",-0.0487080006012362,0.0196078431372549,TRUE,NA,NA,"cord_pic"
"NK","EP300","ridge",1200,73,NA,0.780207659318397,NA,"cv_r2",0.0012196435887948,0.0196078431372549,TRUE,NA,NA,"cord_pic"
"NK","EP300","spearman",1200,73,NA,0.645868777090063,NA,"cv_r2",-0.000126721668880792,0.0196078431372549,TRUE,NA,NA,"cord_pic"
"NK","ZNF76","rf",1200,73,0.757297349920392,0.758646256787148,NA,"oob_r2",-0.04307237862174,0.0196078431372549,TRUE,0.893917890493233,1,"cord_pic"
"NK","ZNF76","lm",1200,73,NA,0.727416763611088,NA,"cv_r2",-0.0499305658027623,0.0196078431372549,TRUE,NA,NA,"cord_pic"
"NK","ZNF76","ridge",1200,73,NA,0.72857960970979,NA,"cv_r2",0.000601855924041463,0.0196078431372549,TRUE,NA,NA,"cord_pic"
"NK","ZNF76","spearman",1200,73,NA,0.581843778565985,NA,"cv_r2",-0.00137372099056551,0.0196078431372549,TRUE,NA,NA,"cord_pic"
"NK","RUNX3","rf",1200,73,0.860900709149633,0.857105273322442,NA,"oob_r2",-0.0389168614857435,0.0196078431372549,TRUE,0.936358276084303,0.762962962962963,"cord_pic"
"NK","RUNX3","lm",1200,73,NA,0.839331994913233,NA,"cv_r2",-0.0498969482795177,0.0196078431372549,TRUE,NA,NA,"cord_pic"
"NK","RUNX3","ridge",1200,73,NA,0.840527241512733,NA,"cv_r2",0.0026969760116462,0.0196078431372549,TRUE,NA,NA,"cord_pic"
"NK","RUNX3","spearman",1200,73,NA,0.628255288392619,NA,"cv_r2",-0.000848771611959221,0.0196078431372549,TRUE,NA,NA,"cord_pic"
"NK","EGR2","rf",1200,73,0.801377827581324,0.799051640786803,NA,"oob_r2",-0.0390216112590329,0.0196078431372549,TRUE,0.926521041589535,0.761904761904762,"cord_pic"
"NK","EGR2","lm",1200,73,NA,0.788988168477849,NA,"cv_r2",-0.0540857771408321,0.0196078431372549,TRUE,NA,NA,"cord_pic"
"NK","EGR2","ridge",1200,73,NA,0.790155887423486,NA,"cv_r2",0.000794267164206749,0.0196078431372549,TRUE,NA,NA,"cord_pic"
"NK","EGR2","spearman",1200,73,NA,0.610633220333896,NA,"cv_r2",-0.00120135986871194,0.0196078431372549,TRUE,NA,NA,"cord_pic"
"NK","CREB3L4","rf",1200,73,0.760688126253747,0.756623259431107,NA,"oob_r2",-0.0437631984746437,0.0196078431372549,TRUE,0.893260383671342,1,"cord_pic"
"NK","CREB3L4","lm",1200,73,NA,0.739632215932233,NA,"cv_r2",-0.0554355382783572,0.0196078431372549,TRUE,NA,NA,"cord_pic"
"NK","CREB3L4","ridge",1200,73,NA,0.740237034419263,NA,"cv_r2",-0.000728028024436722,0.0196078431372549,TRUE,NA,NA,"cord_pic"
"NK","CREB3L4","spearman",1200,73,NA,0.583730470230703,NA,"cv_r2",0.00206918999011873,0.0196078431372549,TRUE,NA,NA,"cord_pic"
"NK","ZBTB1","rf",1200,73,0.709725526712671,0.706265916104271,NA,"oob_r2",-0.041101787124393,0.0196078431372549,TRUE,0.907329247055274,0.933333333333333,"cord_pic"
"NK","ZBTB1","lm",1200,73,NA,0.68841506460055,NA,"cv_r2",-0.0460360998325469,0.0196078431372549,TRUE,NA,NA,"cord_pic"
"NK","ZBTB1","ridge",1200,73,NA,0.689417451205905,NA,"cv_r2",-0.000133172859853135,0.0196078431372549,TRUE,NA,NA,"cord_pic"
"NK","ZBTB1","spearman",1200,73,NA,0.544882248759537,NA,"cv_r2",0.000716475700459344,0.0196078431372549,TRUE,NA,NA,"cord_pic"
"NK","ATF1","rf",1200,73,0.749823833537987,0.746570582385991,NA,"oob_r2",-0.0477076888708296,0.0196078431372549,TRUE,0.90014672206453,1,"cord_pic"
"NK","ATF1","lm",1200,73,NA,0.71730748193082,NA,"cv_r2",-0.0555746521992066,0.0196078431372549,TRUE,NA,NA,"cord_pic"
"NK","ATF1","ridge",1200,73,NA,0.721306661015842,NA,"cv_r2",0.00108172084530692,0.0196078431372549,TRUE,NA,NA,"cord_pic"
"NK","ATF1","spearman",1200,73,NA,0.530289179033874,NA,"cv_r2",-0.0013822115081144,0.0196078431372549,TRUE,NA,NA,"cord_pic"
"NK","BRCA1","rf",1200,73,0.702214524811347,0.706101265775267,NA,"oob_r2",-0.0446296008955776,0.0196078431372549,TRUE,0.891141141141141,0.785185185185185,"cord_pic"
"NK","BRCA1","lm",1200,73,NA,0.675912192888132,NA,"cv_r2",-0.0635217245178544,0.0196078431372549,TRUE,NA,NA,"cord_pic"
"NK","BRCA1","ridge",1200,73,NA,0.676716032180391,NA,"cv_r2",0.000260329955501974,0.0196078431372549,TRUE,NA,NA,"cord_pic"
"NK","BRCA1","spearman",1200,73,NA,0.509560136262836,NA,"cv_r2",-0.000669131989124415,0.0196078431372549,TRUE,NA,NA,"cord_pic"
"NK","MYC","rf",1200,73,0.773473350844203,0.770117056291193,NA,"oob_r2",-0.0510815581449256,0.0196078431372549,TRUE,0.88849054533986,0.933333333333333,"cord_pic"
"NK","MYC","lm",1200,73,NA,0.725739812852158,NA,"cv_r2",-0.0622107909537177,0.0196078431372549,TRUE,NA,NA,"cord_pic"
"NK","MYC","ridge",1200,73,NA,0.727225410238066,NA,"cv_r2",0.000335946852825285,0.0196078431372549,TRUE,NA,NA,"cord_pic"
"NK","MYC","spearman",1200,73,NA,0.393789872404853,NA,"cv_r2",0.00267005842508675,0.0196078431372549,TRUE,NA,NA,"cord_pic"
"NK","MLXIPL","rf",1200,73,0.726435817151043,0.725042180809701,NA,"oob_r2",-0.046880642678879,0.0196078431372549,TRUE,0.906430403005745,0.933333333333333,"cord_pic"
"NK","MLXIPL","lm",1200,73,NA,0.700134518066749,NA,"cv_r2",-0.059834009320826,0.0196078431372549,TRUE,NA,NA,"cord_pic"
"NK","MLXIPL","ridge",1200,73,NA,0.702441901919408,NA,"cv_r2",0.000247733584749118,0.0196078431372549,TRUE,NA,NA,"cord_pic"
"NK","MLXIPL","spearman",1200,73,NA,0.498172031473824,NA,"cv_r2",0.000460005758755605,0.0196078431372549,TRUE,NA,NA,"cord_pic"
"NK","TCF7","rf",1200,73,0.7264074511478,0.730922802318795,NA,"oob_r2",-0.035916944665569,0.0196078431372549,TRUE,0.900588259492369,1,"cord_pic"
"NK","TCF7","lm",1200,73,NA,0.701791191268047,NA,"cv_r2",-0.053984917755279,0.0196078431372549,TRUE,NA,NA,"cord_pic"
"NK","TCF7","ridge",1200,73,NA,0.70688251372403,NA,"cv_r2",0.00221402417290465,0.0196078431372549,TRUE,NA,NA,"cord_pic"
"NK","TCF7","spearman",1200,73,NA,0.532698545563827,NA,"cv_r2",-0.00204659872066623,0.0196078431372549,TRUE,NA,NA,"cord_pic"
"NK","CREM","rf",1200,73,0.730758397557312,0.723892104506274,NA,"oob_r2",-0.0457199568757488,0.0196078431372549,TRUE,0.894114662607813,0.77037037037037,"cord_pic"
"NK","CREM","lm",1200,73,NA,0.70340438741004,NA,"cv_r2",-0.0614034138657056,0.0196078431372549,TRUE,NA,NA,"cord_pic"
"NK","CREM","ridge",1200,73,NA,0.703783167380445,NA,"cv_r2",-0.000574818413451128,0.0196078431372549,TRUE,NA,NA,"cord_pic"
"NK","CREM","spearman",1200,73,NA,0.521614055067461,NA,"cv_r2",-0.000242190909437668,0.0196078431372549,TRUE,NA,NA,"cord_pic"
"NK","ZNF563","rf",1200,73,0.76346401364061,0.759474649002548,NA,"oob_r2",-0.0432283208706867,0.0196078431372549,TRUE,0.922985999698328,0.679365079365079,"cord_pic"
"NK","ZNF563","lm",1200,73,NA,0.728483497835961,NA,"cv_r2",-0.0537753040112192,0.0196078431372549,TRUE,NA,NA,"cord_pic"
"NK","ZNF563","ridge",1200,73,NA,0.730369044129838,NA,"cv_r2",-0.000134552702601599,0.0196078431372549,TRUE,NA,NA,"cord_pic"
"NK","ZNF563","spearman",1200,73,NA,0.500661863859215,NA,"cv_r2",-0.00130103325419155,0.0196078431372549,TRUE,NA,NA,"cord_pic"
"NK","SP140","rf",1200,73,0.62599366658485,0.604471439324581,NA,"oob_r2",-0.0503365254850203,0.0196078431372549,TRUE,0.865847354203518,0.933333333333333,"cord_pic"
"NK","SP140","lm",1200,73,NA,0.556580782437443,NA,"cv_r2",-0.0616758022143595,0.0196078431372549,TRUE,NA,NA,"cord_pic"
"NK","SP140","ridge",1200,73,NA,0.566631024609811,NA,"cv_r2",-0.000716534502775734,0.0196078431372549,TRUE,NA,NA,"cord_pic"
"NK","SP140","spearman",1200,73,NA,0.390233826445282,NA,"cv_r2",0.000890897096491308,0.0196078431372549,TRUE,NA,NA,"cord_pic"
"NK","TFDP2","rf",1200,73,0.653593232158908,0.65144002845769,NA,"oob_r2",-0.0557076958131555,0.0196078431372549,TRUE,0.879129814746253,0.822222222222222,"cord_pic"
"NK","TFDP2","lm",1200,73,NA,0.625664109649232,NA,"cv_r2",-0.0610175400479882,0.0196078431372549,TRUE,NA,NA,"cord_pic"
"NK","TFDP2","ridge",1200,73,NA,0.627491207354727,NA,"cv_r2",0.000320649435652041,0.0196078431372549,TRUE,NA,NA,"cord_pic"
"NK","TFDP2","spearman",1200,73,NA,0.407854652263827,NA,"cv_r2",-0.00111283984343539,0.0196078431372549,TRUE,NA,NA,"cord_pic"
"NK","IKZF3","rf",1200,73,0.791590434192156,0.7866735402547,NA,"oob_r2",-0.0377036685229864,0.0196078431372549,TRUE,0.915540197731978,0.874074074074074,"cord_pic"
"NK","IKZF3","lm",1200,73,NA,0.759199993054554,NA,"cv_r2",-0.0516552253972603,0.0196078431372549,TRUE,NA,NA,"cord_pic"
"NK","IKZF3","ridge",1200,73,NA,0.761620476526246,NA,"cv_r2",-2.27506902794218e-05,0.0196078431372549,TRUE,NA,NA,"cord_pic"
"NK","IKZF3","spearman",1200,73,NA,0.489978262670601,NA,"cv_r2",-0.000322687524262922,0.0196078431372549,TRUE,NA,NA,"cord_pic"
"NK","DDIT3","rf",1200,73,0.730050694116764,0.732387780465286,NA,"oob_r2",-0.0530171090915243,0.0196078431372549,TRUE,0.916855211375759,0.737566137566138,"cord_pic"
"NK","DDIT3","lm",1200,73,NA,0.705954817579147,NA,"cv_r2",-0.0520578936316556,0.0196078431372549,TRUE,NA,NA,"cord_pic"
"NK","DDIT3","ridge",1200,73,NA,0.711415117585436,NA,"cv_r2",0.000546380886397994,0.0196078431372549,TRUE,NA,NA,"cord_pic"
"NK","DDIT3","spearman",1200,73,NA,0.542651413387416,NA,"cv_r2",-0.00304529487359385,0.0196078431372549,TRUE,NA,NA,"cord_pic"
"NK","RFX3","rf",1200,73,0.713248944169756,0.719680045269647,NA,"oob_r2",-0.0415432494118038,0.0196078431372549,TRUE,0.899238279375265,0.740740740740741,"cord_pic"
"NK","RFX3","lm",1200,73,NA,0.687020813987453,NA,"cv_r2",-0.0577905761410877,0.0196078431372549,TRUE,NA,NA,"cord_pic"
"NK","RFX3","ridge",1200,73,NA,0.689159824448506,NA,"cv_r2",4.80876972645784e-07,0.0196078431372549,TRUE,NA,NA,"cord_pic"
"NK","RFX3","spearman",1200,73,NA,0.432332037709974,NA,"cv_r2",-0.000252031220833837,0.0196078431372549,TRUE,NA,NA,"cord_pic"
"NK","TBX1","rf",1200,73,0.78421636048038,0.783501274155977,NA,"oob_r2",-0.0543813633628882,0.0196078431372549,TRUE,0.887037037037037,0.670899470899471,"cord_pic"
"NK","TBX1","lm",1200,73,NA,0.764767929431522,NA,"cv_r2",-0.0477650162751742,0.0196078431372549,TRUE,NA,NA,"cord_pic"
"NK","TBX1","ridge",1200,73,NA,0.768490432807659,NA,"cv_r2",0.000628341421976629,0.0196078431372549,TRUE,NA,NA,"cord_pic"
"NK","TBX1","spearman",1200,73,NA,0.430239777893041,NA,"cv_r2",-0.000929695994443125,0.0196078431372549,TRUE,NA,NA,"cord_pic"
"NK","BPTF","rf",1200,73,0.731997648914698,0.727318867788607,NA,"oob_r2",-0.0469345405260593,0.0196078431372549,TRUE,0.894327203916245,0.874074074074074,"cord_pic"
"NK","BPTF","lm",1200,73,NA,0.681977038688449,NA,"cv_r2",-0.0559141452163221,0.0196078431372549,TRUE,NA,NA,"cord_pic"
"NK","BPTF","ridge",1200,73,NA,0.687372632335119,NA,"cv_r2",0.00104930470462536,0.0196078431372549,TRUE,NA,NA,"cord_pic"
"NK","BPTF","spearman",1200,73,NA,0.34158323037237,NA,"cv_r2",0.00213984559474363,0.0196078431372549,TRUE,NA,NA,"cord_pic"
"NK","NFIL3","rf",1200,73,0.723328688860748,0.713906080165461,NA,"oob_r2",-0.0351716572319184,0.0196078431372549,TRUE,0.901167605962126,0.8,"cord_pic"
"NK","NFIL3","lm",1200,73,NA,0.662276920265198,NA,"cv_r2",-0.0551678207326347,0.0196078431372549,TRUE,NA,NA,"cord_pic"
"NK","NFIL3","ridge",1200,73,NA,0.669377164952044,NA,"cv_r2",-0.000518178805688085,0.0196078431372549,TRUE,NA,NA,"cord_pic"
"NK","NFIL3","spearman",1200,73,NA,0.520376870540989,NA,"cv_r2",-0.00104450441194705,0.0196078431372549,TRUE,NA,NA,"cord_pic"
"NK","RORA","rf",1200,73,0.794896103827244,0.778283256178758,NA,"oob_r2",-0.0503159145468204,0.0196078431372549,TRUE,0.929336185500569,1,"cord_pic"
"NK","RORA","lm",1200,73,NA,0.753058287263225,NA,"cv_r2",-0.0560408677139127,0.0196078431372549,TRUE,NA,NA,"cord_pic"
"NK","RORA","ridge",1200,73,NA,0.754820448535526,NA,"cv_r2",-1.77981227806882e-05,0.0196078431372549,TRUE,NA,NA,"cord_pic"
"NK","RORA","spearman",1200,73,NA,0.498022208637773,NA,"cv_r2",4.60717478647828e-05,0.0196078431372549,TRUE,NA,NA,"cord_pic"
"NK","HIF1A","rf",1200,73,0.787978327411384,0.783956963819365,NA,"oob_r2",-0.0510291881697874,0.0196078431372549,TRUE,0.910893084865687,0.785185185185185,"cord_pic"
"NK","HIF1A","lm",1200,73,NA,0.731392296674719,NA,"cv_r2",-0.0559698596231504,0.0196078431372549,TRUE,NA,NA,"cord_pic"
"NK","HIF1A","ridge",1200,73,NA,0.735416157835627,NA,"cv_r2",0.00140647640082002,0.0196078431372549,TRUE,NA,NA,"cord_pic"
"NK","HIF1A","spearman",1200,73,NA,0.517732775781453,NA,"cv_r2",-0.000929896387789458,0.0196078431372549,TRUE,NA,NA,"cord_pic"
"NK","ASCL2","rf",1200,73,0.75650802041037,0.760305035789258,NA,"oob_r2",-0.0528850893363999,0.0196078431372549,TRUE,0.907512306827375,0.822222222222222,"cord_pic"
"NK","ASCL2","lm",1200,73,NA,0.726676256832721,NA,"cv_r2",-0.0479376838408829,0.0196078431372549,TRUE,NA,NA,"cord_pic"
"NK","ASCL2","ridge",1200,73,NA,0.728607776319537,NA,"cv_r2",0.00581012893283227,0.0196078431372549,TRUE,NA,NA,"cord_pic"
"NK","ASCL2","spearman",1200,73,NA,0.554238601339185,NA,"cv_r2",0.000209051248755909,0.0196078431372549,TRUE,NA,NA,"cord_pic"
"NK","IKZF2","rf",1200,73,0.736079478627716,0.734659453661154,NA,"oob_r2",-0.0539251259801146,0.0196078431372549,TRUE,0.92177657109164,1,"cord_pic"
"NK","IKZF2","lm",1200,73,NA,0.70390145296892,NA,"cv_r2",-0.0643481098919359,0.0196078431372549,TRUE,NA,NA,"cord_pic"
"NK","IKZF2","ridge",1200,73,NA,0.712773292101198,NA,"cv_r2",-0.000528814702008219,0.0196078431372549,TRUE,NA,NA,"cord_pic"
"NK","IKZF2","spearman",1200,73,NA,0.356874495149159,NA,"cv_r2",0.00300232392845996,0.0196078431372549,TRUE,NA,NA,"cord_pic"
"NK","XBP1","rf",1200,73,0.801509777777365,0.800653998164074,NA,"oob_r2",-0.0551740534829741,0.0196078431372549,TRUE,0.90312847093669,0.674074074074074,"cord_pic"
"NK","XBP1","lm",1200,73,NA,0.779918190925234,NA,"cv_r2",-0.0515852646034943,0.0196078431372549,TRUE,NA,NA,"cord_pic"
"NK","XBP1","ridge",1200,73,NA,0.782717301105955,NA,"cv_r2",0.00135530630052057,0.0196078431372549,TRUE,NA,NA,"cord_pic"
"NK","XBP1","spearman",1200,73,NA,0.479848834948064,NA,"cv_r2",-0.00122358165487187,0.0196078431372549,TRUE,NA,NA,"cord_pic"
"NK","NR4A2","rf",1200,73,0.812857688960868,0.812487678614585,NA,"oob_r2",-0.0456958961795833,0.0196078431372549,TRUE,0.89215036954763,1,"cord_pic"
"NK","NR4A2","lm",1200,73,NA,0.810979118903136,NA,"cv_r2",-0.0488622079452567,0.0196078431372549,TRUE,NA,NA,"cord_pic"
"NK","NR4A2","ridge",1200,73,NA,0.81164649770832,NA,"cv_r2",0.000826512825644137,0.0196078431372549,TRUE,NA,NA,"cord_pic"
"NK","NR4A2","spearman",1200,73,NA,0.545309191076737,NA,"cv_r2",4.51244144440238e-05,0.0196078431372549,TRUE,NA,NA,"cord_pic"
"NK","GLI1","rf",1200,73,0.773088855586961,0.768417946739541,NA,"oob_r2",-0.0486003627707776,0.0196078431372549,TRUE,0.906836973960262,0.732275132275132,"cord_pic"
"NK","GLI1","lm",1200,73,NA,0.723344043569138,NA,"cv_r2",-0.053994745885626,0.0196078431372549,TRUE,NA,NA,"cord_pic"
"NK","GLI1","ridge",1200,73,NA,0.725878842854277,NA,"cv_r2",0.00166608534942798,0.0196078431372549,TRUE,NA,NA,"cord_pic"
"NK","GLI1","spearman",1200,73,NA,0.508238049358235,NA,"cv_r2",0.00658250242429132,0.0196078431372549,TRUE,NA,NA,"cord_pic"
"NK","RBPJ","rf",1200,73,0.782271434030664,0.778573982820402,NA,"oob_r2",-0.0483977193389123,0.0196078431372549,TRUE,0.925720240788734,0.785185185185185,"cord_pic"
"NK","RBPJ","lm",1200,73,NA,0.742835327883687,NA,"cv_r2",-0.0561455995397563,0.0196078431372549,TRUE,NA,NA,"cord_pic"
"NK","RBPJ","ridge",1200,73,NA,0.751111404202373,NA,"cv_r2",0.000284432247959378,0.0196078431372549,TRUE,NA,NA,"cord_pic"
"NK","RBPJ","spearman",1200,73,NA,0.511634106040441,NA,"cv_r2",5.65607066643158e-05,0.0196078431372549,TRUE,NA,NA,"cord_pic"
"NK","BHLHE40","rf",1200,73,0.782301925504565,0.772374452972973,NA,"oob_r2",-0.0505752575479465,0.0196078431372549,TRUE,0.939661579387607,0.682539682539683,"cord_pic"
"NK","BHLHE40","lm",1200,73,NA,0.728646294229237,NA,"cv_r2",-0.0656238169296683,0.0196078431372549,TRUE,NA,NA,"cord_pic"
"NK","BHLHE40","ridge",1200,73,NA,0.732266171483027,NA,"cv_r2",-0.000483939637902897,0.0196078431372549,TRUE,NA,NA,"cord_pic"
"NK","BHLHE40","spearman",1200,73,NA,0.328140442406057,NA,"cv_r2",0.000617884260155478,0.0196078431372549,TRUE,NA,NA,"cord_pic"
"NK","HIVEP2","rf",1200,73,0.788471425923333,0.784096314277216,NA,"oob_r2",-0.0473883354994687,0.0196078431372549,TRUE,0.914559765244697,0.8,"cord_pic"
"NK","HIVEP2","lm",1200,73,NA,0.750526792806913,NA,"cv_r2",-0.0537159368740777,0.0196078431372549,TRUE,NA,NA,"cord_pic"
"NK","HIVEP2","ridge",1200,73,NA,0.753548987976604,NA,"cv_r2",0.00344798580680691,0.0196078431372549,TRUE,NA,NA,"cord_pic"
"NK","HIVEP2","spearman",1200,73,NA,0.609480184003532,NA,"cv_r2",0.00104901055627681,0.0196078431372549,TRUE,NA,NA,"cord_pic"
"NK","BHLHE41","rf",1200,73,0.791796006423304,0.788120362486479,NA,"oob_r2",-0.0435675409766184,0.0196078431372549,TRUE,0.885915367422217,1,"cord_pic"
"NK","BHLHE41","lm",1200,73,NA,0.755507692778772,NA,"cv_r2",-0.0493323209001312,0.0196078431372549,TRUE,NA,NA,"cord_pic"
"NK","BHLHE41","ridge",1200,73,NA,0.758312456082411,NA,"cv_r2",0.0013278253668822,0.0196078431372549,TRUE,NA,NA,"cord_pic"
"NK","BHLHE41","spearman",1200,73,NA,0.587426875000454,NA,"cv_r2",0.00316889565359803,0.0196078431372549,TRUE,NA,NA,"cord_pic"
"NK","PRDM16","rf",1200,73,0.813718734864935,0.806457900081982,NA,"oob_r2",-0.042293514956554,0.0196078431372549,TRUE,0.927865536769646,0.648677248677249,"cord_pic"
"NK","PRDM16","lm",1200,73,NA,0.780187763782338,NA,"cv_r2",-0.0550607260634004,0.0196078431372549,TRUE,NA,NA,"cord_pic"
"NK","PRDM16","ridge",1200,73,NA,0.781760133507145,NA,"cv_r2",0.000894366069401329,0.0196078431372549,TRUE,NA,NA,"cord_pic"
"NK","PRDM16","spearman",1200,73,NA,0.692275616570508,NA,"cv_r2",0.00124825823084339,0.0196078431372549,TRUE,NA,NA,"cord_pic"
"NK","KLF8","rf",1200,73,0.832190408723897,0.82704103363335,NA,"oob_r2",-0.0462240808786936,0.0196078431372549,TRUE,0.911632865742455,0.702645502645503,"cord_pic"
"NK","KLF8","lm",1200,73,NA,0.78075163982169,NA,"cv_r2",-0.0509426438146261,0.0196078431372549,TRUE,NA,NA,"cord_pic"
"NK","KLF8","ridge",1200,73,NA,0.785397754783802,NA,"cv_r2",0.000881864958955013,0.0196078431372549,TRUE,NA,NA,"cord_pic"
"NK","KLF8","spearman",1200,73,NA,0.564205062341833,NA,"cv_r2",0.00197538360575663,0.0196078431372549,TRUE,NA,NA,"cord_pic"
"NK","ZBTB16","rf",1200,73,0.872351167178835,0.868648134565694,NA,"oob_r2",-0.0550400620238993,0.0196078431372549,TRUE,0.899412426124755,1,"cord_pic"
"NK","ZBTB16","lm",1200,73,NA,0.825610302511414,NA,"cv_r2",-0.0544504888098382,0.0196078431372549,TRUE,NA,NA,"cord_pic"
"NK","ZBTB16","ridge",1200,73,NA,0.827397000399988,NA,"cv_r2",-4.0732491854312e-05,0.0196078431372549,TRUE,NA,NA,"cord_pic"
"NK","ZBTB16","spearman",1200,73,NA,0.598412067746746,NA,"cv_r2",-0.000461048443524469,0.0196078431372549,TRUE,NA,NA,"cord_pic"
"NK","BATF3","rf",1200,73,0.779849970951977,0.776285842225579,NA,"oob_r2",-0.0519448302189688,0.0196078431372549,TRUE,0.915121971286355,0.844444444444444,"cord_pic"
"NK","BATF3","lm",1200,73,NA,0.737126224049998,NA,"cv_r2",-0.0537116329948611,0.0196078431372549,TRUE,NA,NA,"cord_pic"
"NK","BATF3","ridge",1200,73,NA,0.743009391492535,NA,"cv_r2",0.000980091617314048,0.0196078431372549,TRUE,NA,NA,"cord_pic"
"NK","BATF3","spearman",1200,73,NA,0.535561510883603,NA,"cv_r2",0.00110615313051905,0.0196078431372549,TRUE,NA,NA,"cord_pic"
"NK","SMAD2","rf",1200,73,0.800518335028539,0.799074975599794,NA,"oob_r2",-0.0375343386273981,0.0196078431372549,TRUE,0.907453343754713,0.844444444444444,"cord_pic"
"NK","SMAD2","lm",1200,73,NA,0.744519514630685,NA,"cv_r2",-0.0565437605459557,0.0196078431372549,TRUE,NA,NA,"cord_pic"
"NK","SMAD2","ridge",1200,73,NA,0.747792874159392,NA,"cv_r2",-0.000107329081863912,0.0196078431372549,TRUE,NA,NA,"cord_pic"
"NK","SMAD2","spearman",1200,73,NA,0.594373278221553,NA,"cv_r2",0.00141186716615889,0.0196078431372549,TRUE,NA,NA,"cord_pic"
"NK","KLF13","rf",1200,73,0.781761447854479,0.775791408404258,NA,"oob_r2",-0.0430021160155458,0.0196078431372549,TRUE,0.933409436834094,0.687830687830688,"cord_pic"
"NK","KLF13","lm",1200,73,NA,0.738668453905231,NA,"cv_r2",-0.0527477031566307,0.0196078431372549,TRUE,NA,NA,"cord_pic"
"NK","KLF13","ridge",1200,73,NA,0.742597309363587,NA,"cv_r2",0.000846000116647257,0.0196078431372549,TRUE,NA,NA,"cord_pic"
"NK","KLF13","spearman",1200,73,NA,0.613271547815868,NA,"cv_r2",0.000762980950437065,0.0196078431372549,TRUE,NA,NA,"cord_pic"
"NK","CHD2","rf",1200,73,0.78951036353197,0.782646837261477,NA,"oob_r2",-0.0575060296489941,0.0196078431372549,TRUE,0.938566648840621,0.774603174603175,"cord_pic"
"NK","CHD2","lm",1200,73,NA,0.737958700584836,NA,"cv_r2",-0.0493699795655507,0.0196078431372549,TRUE,NA,NA,"cord_pic"
"NK","CHD2","ridge",1200,73,NA,0.741179978820892,NA,"cv_r2",0.000111421167730328,0.0196078431372549,TRUE,NA,NA,"cord_pic"
"NK","CHD2","spearman",1200,73,NA,0.476490539972732,NA,"cv_r2",-0.00167227613596513,0.0196078431372549,TRUE,NA,NA,"cord_pic"
"NK","SP100","rf",1200,73,0.835226320587444,0.831377130968777,NA,"oob_r2",-0.0378896171361848,0.0196078431372549,TRUE,0.917647784771072,1,"cord_pic"
"NK","SP100","lm",1200,73,NA,0.778539369765464,NA,"cv_r2",-0.054626951467083,0.0196078431372549,TRUE,NA,NA,"cord_pic"
"NK","SP100","ridge",1200,73,NA,0.783677252653054,NA,"cv_r2",0.000653116320557943,0.0196078431372549,TRUE,NA,NA,"cord_pic"
"NK","SP100","spearman",1200,73,NA,0.597895936756997,NA,"cv_r2",-0.00309826291640998,0.0196078431372549,TRUE,NA,NA,"cord_pic"
"NK","LMO2","rf",1200,73,0.859663206854632,0.857590511608253,NA,"oob_r2",-0.0539028942610297,0.0196078431372549,TRUE,0.927590604302933,0.844444444444444,"cord_pic"
"NK","LMO2","lm",1200,73,NA,0.81488860990892,NA,"cv_r2",-0.0549294996145443,0.0196078431372549,TRUE,NA,NA,"cord_pic"
"NK","LMO2","ridge",1200,73,NA,0.815349937468101,NA,"cv_r2",-9.6234761791777e-06,0.0196078431372549,TRUE,NA,NA,"cord_pic"
"NK","LMO2","spearman",1200,73,NA,0.549206428515225,NA,"cv_r2",-0.00148239172091482,0.0196078431372549,TRUE,NA,NA,"cord_pic"
"NK","GATA3","rf",1200,73,0.827777498215136,0.819256231139066,NA,"oob_r2",-0.0362117359758214,0.0196078431372549,TRUE,0.925855307362156,1,"cord_pic"
"NK","GATA3","lm",1200,73,NA,0.804457900697037,NA,"cv_r2",-0.0549195809081223,0.0196078431372549,TRUE,NA,NA,"cord_pic"
"NK","GATA3","ridge",1200,73,NA,0.808018975037513,NA,"cv_r2",0.000165888310596084,0.0196078431372549,TRUE,NA,NA,"cord_pic"
"NK","GATA3","spearman",1200,73,NA,0.530557386215609,NA,"cv_r2",-0.00240740461419582,0.0196078431372549,TRUE,NA,NA,"cord_pic"
"NK","MYBL1","rf",1200,73,0.821755253742629,0.820961899822881,NA,"oob_r2",-0.0332743010023403,0.0196078431372549,TRUE,0.921867072552004,0.740740740740741,"cord_pic"
"NK","MYBL1","lm",1200,73,NA,0.784752064388706,NA,"cv_r2",-0.0536476005697989,0.0196078431372549,TRUE,NA,NA,"cord_pic"
"NK","MYBL1","ridge",1200,73,NA,0.786914089815549,NA,"cv_r2",0.00017515523508427,0.0196078431372549,TRUE,NA,NA,"cord_pic"
"NK","MYBL1","spearman",1200,73,NA,0.63902387530778,NA,"cv_r2",-0.00351614897526719,0.0196078431372549,TRUE,NA,NA,"cord_pic"
"NK","TCF4","rf",1200,73,0.795356760954313,0.797600241952434,NA,"oob_r2",-0.0441610420754057,0.0196078431372549,TRUE,0.923427537126167,1,"cord_pic"
"NK","TCF4","lm",1200,73,NA,0.769240392394819,NA,"cv_r2",-0.0520916965874162,0.0196078431372549,TRUE,NA,NA,"cord_pic"
"NK","TCF4","ridge",1200,73,NA,0.77208112359899,NA,"cv_r2",0.001017456952437,0.0196078431372549,TRUE,NA,NA,"cord_pic"
"NK","TCF4","spearman",1200,73,NA,0.61264045090188,NA,"cv_r2",-0.00253983770987781,0.0196078431372549,TRUE,NA,NA,"cord_pic"
"NK","E2F3","rf",1200,73,0.821647301534889,0.813556877402999,NA,"oob_r2",-0.0410181020177921,0.0196078431372549,TRUE,0.9043070467728,0.881481481481481,"cord_pic"
"NK","E2F3","lm",1200,73,NA,0.772711301523993,NA,"cv_r2",-0.0556091384427023,0.0196078431372549,TRUE,NA,NA,"cord_pic"
"NK","E2F3","ridge",1200,73,NA,0.777368209761013,NA,"cv_r2",-0.00033140376782822,0.0196078431372549,TRUE,NA,NA,"cord_pic"
"NK","E2F3","spearman",1200,73,NA,0.465408278409261,NA,"cv_r2",0.000673548594694864,0.0196078431372549,TRUE,NA,NA,"cord_pic"
"NK","MAFB","rf",1200,73,0.834838127608407,0.836758904987268,NA,"oob_r2",-0.0426453511008478,0.0196078431372549,TRUE,0.909543104748584,0.755555555555556,"cord_pic"
"NK","MAFB","lm",1200,73,NA,0.80480507338868,NA,"cv_r2",-0.0557058798547257,0.0196078431372549,TRUE,NA,NA,"cord_pic"
"NK","MAFB","ridge",1200,73,NA,0.808788060375595,NA,"cv_r2",9.64651104735785e-05,0.0196078431372549,TRUE,NA,NA,"cord_pic"
"NK","MAFB","spearman",1200,73,NA,0.565970365364554,NA,"cv_r2",0.00190296068022332,0.0196078431372549,TRUE,NA,NA,"cord_pic"
"NK","NR4A3","rf",1200,73,0.841754849504558,0.835713864186165,NA,"oob_r2",-0.0399892423084313,0.0196078431372549,TRUE,0.925014055151041,0.734391534391534,"cord_pic"
"NK","NR4A3","lm",1200,73,NA,0.825698917988216,NA,"cv_r2",-0.0482784207710695,0.0196078431372549,TRUE,NA,NA,"cord_pic"
"NK","NR4A3","ridge",1200,73,NA,0.827873840512002,NA,"cv_r2",0.00305727062379555,0.0196078431372549,TRUE,NA,NA,"cord_pic"
"NK","NR4A3","spearman",1200,73,NA,0.578480750448518,NA,"cv_r2",-0.00273106642026866,0.0196078431372549,TRUE,NA,NA,"cord_pic"
"NK","IKZF1","rf",1200,73,0.853705665805511,0.846747070373704,NA,"oob_r2",-0.0411118270072446,0.0196078431372549,TRUE,0.905010489941997,0.881481481481481,"cord_pic"
"NK","IKZF1","lm",1200,73,NA,0.794385996557097,NA,"cv_r2",-0.0598587179915975,0.0196078431372549,TRUE,NA,NA,"cord_pic"
"NK","IKZF1","ridge",1200,73,NA,0.797826063753397,NA,"cv_r2",-0.000187196785412969,0.0196078431372549,TRUE,NA,NA,"cord_pic"
"NK","IKZF1","spearman",1200,73,NA,0.530170588196713,NA,"cv_r2",-0.00195139450931704,0.0196078431372549,TRUE,NA,NA,"cord_pic"
"NK","ESRRG","rf",1200,73,0.852256347666981,0.849455122512579,NA,"oob_r2",-0.029415255253771,0.0196078431372549,TRUE,0.930272052874792,0.881481481481481,"cord_pic"
"NK","ESRRG","lm",1200,73,NA,0.794588892508629,NA,"cv_r2",-0.0487369583751146,0.0196078431372549,TRUE,NA,NA,"cord_pic"
"NK","ESRRG","ridge",1200,73,NA,0.798248356883722,NA,"cv_r2",0.00125590308017307,0.0196078431372549,TRUE,NA,NA,"cord_pic"
"NK","ESRRG","spearman",1200,73,NA,0.537029862390755,NA,"cv_r2",-0.00223994740974704,0.0196078431372549,TRUE,NA,NA,"cord_pic"
"NK","HIVEP1","rf",1200,73,0.856888470182223,0.858406249532405,NA,"oob_r2",-0.0437297036914366,0.0196078431372549,TRUE,0.927094217505176,0.874074074074074,"cord_pic"
"NK","HIVEP1","lm",1200,73,NA,0.830586112047225,NA,"cv_r2",-0.0546962734929826,0.0196078431372549,TRUE,NA,NA,"cord_pic"
"NK","HIVEP1","ridge",1200,73,NA,0.831900828160029,NA,"cv_r2",0.000120806236470642,0.0196078431372549,TRUE,NA,NA,"cord_pic"
"NK","HIVEP1","spearman",1200,73,NA,0.589254806615259,NA,"cv_r2",-0.000531889183690283,0.0196078431372549,TRUE,NA,NA,"cord_pic"
"NK","BCL6","rf",1200,73,0.851696261273037,0.853088880641756,NA,"oob_r2",-0.0465439083522105,0.0196078431372549,TRUE,0.925033938047637,0.785185185185185,"cord_pic"
"NK","BCL6","lm",1200,73,NA,0.838541546113548,NA,"cv_r2",-0.0527670940976905,0.0196078431372549,TRUE,NA,NA,"cord_pic"
"NK","BCL6","ridge",1200,73,NA,0.840456187007678,NA,"cv_r2",0.000342026200663697,0.0196078431372549,TRUE,NA,NA,"cord_pic"
"NK","BCL6","spearman",1200,73,NA,0.538013676258094,NA,"cv_r2",0.000993884854371472,0.0196078431372549,TRUE,NA,NA,"cord_pic"
"NK","EGR1","rf",1200,73,0.855884317406087,0.855189818028144,NA,"oob_r2",-0.0414747606153686,0.0196078431372549,TRUE,0.938555678966638,0.676190476190476,"cord_pic"
"NK","EGR1","lm",1200,73,NA,0.836733295920606,NA,"cv_r2",-0.0496338816041038,0.0196078431372549,TRUE,NA,NA,"cord_pic"
"NK","EGR1","ridge",1200,73,NA,0.838718167854598,NA,"cv_r2",0.0011741889684727,0.0196078431372549,TRUE,NA,NA,"cord_pic"
"NK","EGR1","spearman",1200,73,NA,0.604842163393156,NA,"cv_r2",-0.00210345241922334,0.0196078431372549,TRUE,NA,NA,"cord_pic"
"NK","BDP1","rf",1200,73,0.86343605043898,0.857772623107782,NA,"oob_r2",-0.0406101070913884,0.0196078431372549,TRUE,0.938134710052518,0.868783068783069,"cord_pic"
"NK","BDP1","lm",1200,73,NA,0.82949032858625,NA,"cv_r2",-0.0516454115189656,0.0196078431372549,TRUE,NA,NA,"cord_pic"
"NK","BDP1","ridge",1200,73,NA,0.83200830664761,NA,"cv_r2",0.00303083359470954,0.0196078431372549,TRUE,NA,NA,"cord_pic"
"NK","BDP1","spearman",1200,73,NA,0.589278673980938,NA,"cv_r2",-0.00174120773357474,0.0196078431372549,TRUE,NA,NA,"cord_pic"
"NK","NFATC2","rf",1200,73,0.833823574206482,0.831716800385822,NA,"oob_r2",-0.0457599094560047,0.0196078431372549,TRUE,0.924863905000891,0.755555555555556,"cord_pic"
"NK","NFATC2","lm",1200,73,NA,0.787381632995495,NA,"cv_r2",-0.0511691732713361,0.0196078431372549,TRUE,NA,NA,"cord_pic"
"NK","NFATC2","ridge",1200,73,NA,0.790973063406606,NA,"cv_r2",0.0023260371617921,0.0196078431372549,TRUE,NA,NA,"cord_pic"
"NK","NFATC2","spearman",1200,73,NA,0.623776235855815,NA,"cv_r2",0.00139581678137467,0.0196078431372549,TRUE,NA,NA,"cord_pic"
"NK","EGR3","rf",1200,73,0.849729098872982,0.850017608117845,NA,"oob_r2",-0.0492732775594142,0.0196078431372549,TRUE,0.926154236428209,0.822222222222222,"cord_pic"
"NK","EGR3","lm",1200,73,NA,0.818803733681542,NA,"cv_r2",-0.051601991394497,0.0196078431372549,TRUE,NA,NA,"cord_pic"
"NK","EGR3","ridge",1200,73,NA,0.821295804007184,NA,"cv_r2",0.000247335856669861,0.0196078431372549,TRUE,NA,NA,"cord_pic"
"NK","EGR3","spearman",1200,73,NA,0.648882064860018,NA,"cv_r2",0.000470721019209224,0.0196078431372549,TRUE,NA,NA,"cord_pic"
"NK","MAF","rf",1200,73,0.867468073501091,0.864026038617144,NA,"oob_r2",-0.0406534109109511,0.0196078431372549,TRUE,0.920489667749942,0.933333333333333,"cord_pic"
"NK","MAF","lm",1200,73,NA,0.83469948912505,NA,"cv_r2",-0.0536090492405891,0.0196078431372549,TRUE,NA,NA,"cord_pic"
"NK","MAF","ridge",1200,73,NA,0.837099881180997,NA,"cv_r2",0.000703894904486216,0.0196078431372549,TRUE,NA,NA,"cord_pic"
"NK","MAF","spearman",1200,73,NA,0.632568528156162,NA,"cv_r2",-0.00338436341747287,0.0196078431372549,TRUE,NA,NA,"cord_pic"
"NK","NFIA","rf",1200,73,0.852480005958369,0.851461336322297,NA,"oob_r2",-0.0424091948059266,0.0196078431372549,TRUE,0.937841951540581,0.933333333333333,"cord_pic"
"NK","NFIA","lm",1200,73,NA,0.808193133549201,NA,"cv_r2",-0.0533466771412266,0.0196078431372549,TRUE,NA,NA,"cord_pic"
"NK","NFIA","ridge",1200,73,NA,0.811094331869543,NA,"cv_r2",0.00246045288350777,0.0196078431372549,TRUE,NA,NA,"cord_pic"
"NK","NFIA","spearman",1200,73,NA,0.541404753253814,NA,"cv_r2",0.00200063420811591,0.0196078431372549,TRUE,NA,NA,"cord_pic"
"NK","KLF6","rf",1200,73,0.80537010417461,0.798833124559297,NA,"oob_r2",-0.0493550288807177,0.0196078431372549,TRUE,0.92443402306416,0.844444444444444,"cord_pic"
"NK","KLF6","lm",1200,73,NA,0.73594435180142,NA,"cv_r2",-0.0623801529469018,0.0196078431372549,TRUE,NA,NA,"cord_pic"
"NK","KLF6","ridge",1200,73,NA,0.740224034444147,NA,"cv_r2",0.000440827061443043,0.0196078431372549,TRUE,NA,NA,"cord_pic"
"NK","KLF6","spearman",1200,73,NA,0.553871161493619,NA,"cv_r2",-0.000977019732581364,0.0196078431372549,TRUE,NA,NA,"cord_pic"
"NK","FOXJ3","rf",1200,73,0.858713476731331,0.856273387717886,NA,"oob_r2",-0.0416533580177747,0.0196078431372549,TRUE,0.920044702236483,0.736507936507936,"cord_pic"
"NK","FOXJ3","lm",1200,73,NA,0.819072973670457,NA,"cv_r2",-0.0542167488444268,0.0196078431372549,TRUE,NA,NA,"cord_pic"
"NK","FOXJ3","ridge",1200,73,NA,0.822943265134383,NA,"cv_r2",-3.90810809810629e-05,0.0196078431372549,TRUE,NA,NA,"cord_pic"
"NK","FOXJ3","spearman",1200,73,NA,0.591814639302988,NA,"cv_r2",-0.00379553738244912,0.0196078431372549,TRUE,NA,NA,"cord_pic"
"NK","ID2","rf",1200,73,0.865277256022127,0.864607671770492,NA,"oob_r2",-0.0410906413361714,0.0196078431372549,TRUE,0.933214035953762,0.822222222222222,"cord_pic"
"NK","ID2","lm",1200,73,NA,0.837407211456936,NA,"cv_r2",-0.0490281501207747,0.0196078431372549,TRUE,NA,NA,"cord_pic"
"NK","ID2","ridge",1200,73,NA,0.837845246541257,NA,"cv_r2",0.00195153147457792,0.0196078431372549,TRUE,NA,NA,"cord_pic"
"NK","ID2","spearman",1200,73,NA,0.535378176493548,NA,"cv_r2",0.000516015116222634,0.0196078431372549,TRUE,NA,NA,"cord_pic"
"NK","FOXO1","rf",1200,73,0.883386137251946,0.882282063160818,NA,"oob_r2",-0.0415598464966773,0.0196078431372549,TRUE,0.926234453631714,0.82962962962963,"cord_pic"
"NK","FOXO1","lm",1200,73,NA,0.862558267611734,NA,"cv_r2",-0.0533835577600382,0.0196078431372549,TRUE,NA,NA,"cord_pic"
"NK","FOXO1","ridge",1200,73,NA,0.86465345735582,NA,"cv_r2",0.00150627388130637,0.0196078431372549,TRUE,NA,NA,"cord_pic"
"NK","FOXO1","spearman",1200,73,NA,0.600424426393,NA,"cv_r2",0.00144398984078901,0.0196078431372549,TRUE,NA,NA,"cord_pic"
"NK","PAX5","rf",1200,73,0.816704924975787,0.818912657552513,NA,"oob_r2",-0.0346149008402002,0.0196078431372549,TRUE,0.89762227981406,1,"cord_pic"
"NK","PAX5","lm",1200,73,NA,0.784256801033678,NA,"cv_r2",-0.0532326962039096,0.0196078431372549,TRUE,NA,NA,"cord_pic"
"NK","PAX5","ridge",1200,73,NA,0.787641182677983,NA,"cv_r2",0.00202801397758578,0.0196078431372549,TRUE,NA,NA,"cord_pic"
"NK","PAX5","spearman",1200,73,NA,0.619169904392001,NA,"cv_r2",0.00219407165363182,0.0196078431372549,TRUE,NA,NA,"cord_pic"
"NK","PPARA","rf",1200,73,0.86988450763653,0.864991231121798,NA,"oob_r2",-0.0439880007599637,0.0196078431372549,TRUE,0.927271792340285,0.724867724867725,"cord_pic"
"NK","PPARA","lm",1200,73,NA,0.830693761696393,NA,"cv_r2",-0.0529356986773684,0.0196078431372549,TRUE,NA,NA,"cord_pic"
"NK","PPARA","ridge",1200,73,NA,0.83243238768039,NA,"cv_r2",0.000524771033375403,0.0196078431372549,TRUE,NA,NA,"cord_pic"
"NK","PPARA","spearman",1200,73,NA,0.545366990414469,NA,"cv_r2",-0.000783659472732648,0.0196078431372549,TRUE,NA,NA,"cord_pic"
"NK","FOXO4","rf",1200,73,0.878592548780209,0.88094343632913,NA,"oob_r2",-0.0402849603896566,0.0196078431372549,TRUE,0.931846915408559,0.73015873015873,"cord_pic"
"NK","FOXO4","lm",1200,73,NA,0.855007510006224,NA,"cv_r2",-0.049369255704675,0.0196078431372549,TRUE,NA,NA,"cord_pic"
"NK","FOXO4","ridge",1200,73,NA,0.856304471660311,NA,"cv_r2",0.00261390006609678,0.0196078431372549,TRUE,NA,NA,"cord_pic"
"NK","FOXO4","spearman",1200,73,NA,0.553998006386161,NA,"cv_r2",0.00335513123247762,0.0196078431372549,TRUE,NA,NA,"cord_pic"
"NK","ZFP82","rf",1200,73,0.873751112158421,0.872272106816364,NA,"oob_r2",-0.0299186241790857,0.0196078431372549,TRUE,0.908921935634264,0.692063492063492,"cord_pic"
"NK","ZFP82","lm",1200,73,NA,0.828616497371239,NA,"cv_r2",-0.0597359097672495,0.0196078431372549,TRUE,NA,NA,"cord_pic"
"NK","ZFP82","ridge",1200,73,NA,0.830839052356124,NA,"cv_r2",-0.000414461020571422,0.0196078431372549,TRUE,NA,NA,"cord_pic"
"NK","ZFP82","spearman",1200,73,NA,0.527714989479087,NA,"cv_r2",-0.00174594095580696,0.0196078431372549,TRUE,NA,NA,"cord_pic"
"NK","EOMES","rf",1200,73,0.877941797990821,0.874758844213345,NA,"oob_r2",-0.0474859921281244,0.0196078431372549,TRUE,0.9217697149204,0.757671957671958,"cord_pic"
"NK","EOMES","lm",1200,73,NA,0.853663698471948,NA,"cv_r2",-0.050278032612445,0.0196078431372549,TRUE,NA,NA,"cord_pic"
"NK","EOMES","ridge",1200,73,NA,0.856482419785379,NA,"cv_r2",0.00301115726614792,0.0196078431372549,TRUE,NA,NA,"cord_pic"
"NK","EOMES","spearman",1200,73,NA,0.601180880012516,NA,"cv_r2",0.00162503445434066,0.0196078431372549,TRUE,NA,NA,"cord_pic"
"NK","KLF2","rf",1200,73,0.873850974100748,0.865453699135899,NA,"oob_r2",-0.048964749971974,0.0196078431372549,TRUE,0.922170800937924,0.874074074074074,"cord_pic"
"NK","KLF2","lm",1200,73,NA,0.841885698300843,NA,"cv_r2",-0.054659245468012,0.0196078431372549,TRUE,NA,NA,"cord_pic"
"NK","KLF2","ridge",1200,73,NA,0.84474174988347,NA,"cv_r2",0.000761680898412552,0.0196078431372549,TRUE,NA,NA,"cord_pic"
"NK","KLF2","spearman",1200,73,NA,0.525838104477193,NA,"cv_r2",0.00575120778227684,0.0196078431372549,TRUE,NA,NA,"cord_pic"
"NK","JUN","rf",1200,73,0.849534141542038,0.849409873777708,NA,"oob_r2",-0.0287518317418889,0.0196078431372549,TRUE,0.926959150931754,0.816931216931217,"cord_pic"
"NK","JUN","lm",1200,73,NA,0.818837618094518,NA,"cv_r2",-0.056570405640648,0.0196078431372549,TRUE,NA,NA,"cord_pic"
"NK","JUN","ridge",1200,73,NA,0.820474748973054,NA,"cv_r2",-0.000102071673606819,0.0196078431372549,TRUE,NA,NA,"cord_pic"
"NK","JUN","spearman",1200,73,NA,0.627062690587243,NA,"cv_r2",-0.00216425525959832,0.0196078431372549,TRUE,NA,NA,"cord_pic"
"NK","FOS","rf",1200,73,0.853361341671867,0.857372749284382,NA,"oob_r2",-0.047317548286465,0.0196078431372549,TRUE,0.933824920811222,0.822222222222222,"cord_pic"
"NK","FOS","lm",1200,73,NA,0.832667488783139,NA,"cv_r2",-0.052100201089888,0.0196078431372549,TRUE,NA,NA,"cord_pic"
"NK","FOS","ridge",1200,73,NA,0.835566132436978,NA,"cv_r2",0.000323303403795075,0.0196078431372549,TRUE,NA,NA,"cord_pic"
"NK","FOS","spearman",1200,73,NA,0.619623879330606,NA,"cv_r2",0.000907623741940885,0.0196078431372549,TRUE,NA,NA,"cord_pic"
"NK","CREB1","rf",1200,73,0.858439860308254,0.855640972082418,NA,"oob_r2",-0.0398375696689559,0.0196078431372549,TRUE,0.932467398905755,0.696296296296296,"cord_pic"
"NK","CREB1","lm",1200,73,NA,0.833075593517853,NA,"cv_r2",-0.0552965561455968,0.0196078431372549,TRUE,NA,NA,"cord_pic"
"NK","CREB1","ridge",1200,73,NA,0.836306138835967,NA,"cv_r2",0.000730822273762871,0.0196078431372549,TRUE,NA,NA,"cord_pic"
"NK","CREB1","spearman",1200,73,NA,0.618430337922659,NA,"cv_r2",0.00382724683203052,0.0196078431372549,TRUE,NA,NA,"cord_pic"
"NK","NR4A1","rf",1200,73,0.870759684758346,0.868105378336717,NA,"oob_r2",-0.0475017018327747,0.0196078431372549,TRUE,0.918292950484731,0.77037037037037,"cord_pic"
"NK","NR4A1","lm",1200,73,NA,0.841228372136337,NA,"cv_r2",-0.0515241296445973,0.0196078431372549,TRUE,NA,NA,"cord_pic"
"NK","NR4A1","ridge",1200,73,NA,0.843277432440563,NA,"cv_r2",0.00194082958205528,0.0196078431372549,TRUE,NA,NA,"cord_pic"
"NK","NR4A1","spearman",1200,73,NA,0.651171834153879,NA,"cv_r2",1.12822279438749e-05,0.0196078431372549,TRUE,NA,NA,"cord_pic"
"NK","HIC1","rf",1200,73,0.865042746079094,0.864396821471375,NA,"oob_r2",-0.0450776966646988,0.0196078431372549,TRUE,0.925227967693721,1,"cord_pic"
"NK","HIC1","lm",1200,73,NA,0.834110839050844,NA,"cv_r2",-0.0585700635489856,0.0196078431372549,TRUE,NA,NA,"cord_pic"
"NK","HIC1","ridge",1200,73,NA,0.834913393417532,NA,"cv_r2",0.000935354217614302,0.0196078431372549,TRUE,NA,NA,"cord_pic"
"NK","HIC1","spearman",1200,73,NA,0.483569395444813,NA,"cv_r2",0.00222048841782385,0.0196078431372549,TRUE,NA,NA,"cord_pic"
"NK","POU2F2","rf",1200,73,0.872998994249388,0.874735642129485,NA,"oob_r2",-0.044857970919911,0.0196078431372549,TRUE,0.924303755810605,0.933333333333333,"cord_pic"
"NK","POU2F2","lm",1200,73,NA,0.839019302104934,NA,"cv_r2",-0.0587440177306283,0.0196078431372549,TRUE,NA,NA,"cord_pic"
"NK","POU2F2","ridge",1200,73,NA,0.839509714515355,NA,"cv_r2",0.00130042026835676,0.0196078431372549,TRUE,NA,NA,"cord_pic"
"NK","POU2F2","spearman",1200,73,NA,0.485566135423978,NA,"cv_r2",0.00255213303949407,0.0196078431372549,TRUE,NA,NA,"cord_pic"
"NK","THRB","rf",1200,73,0.876760692923887,0.871997254498543,NA,"oob_r2",-0.0414751198824902,0.0196078431372549,TRUE,0.900545065613559,0.933333333333333,"cord_pic"
"NK","THRB","lm",1200,73,NA,0.847377681654711,NA,"cv_r2",-0.0532400992106138,0.0196078431372549,TRUE,NA,NA,"cord_pic"
"NK","THRB","ridge",1200,73,NA,0.849984233268373,NA,"cv_r2",0.000677275693511617,0.0196078431372549,TRUE,NA,NA,"cord_pic"
"NK","THRB","spearman",1200,73,NA,0.650103511755172,NA,"cv_r2",-0.00123868143527908,0.0196078431372549,TRUE,NA,NA,"cord_pic"
"NK","NR3C1","rf",1200,73,0.867399799273937,0.867644400509548,NA,"oob_r2",-0.0410591099132157,0.0196078431372549,TRUE,0.927692075637281,0.933333333333333,"cord_pic"
"NK","NR3C1","lm",1200,73,NA,0.849847830861866,NA,"cv_r2",-0.0510467482108611,0.0196078431372549,TRUE,NA,NA,"cord_pic"
"NK","NR3C1","ridge",1200,73,NA,0.851094187418855,NA,"cv_r2",0.00183679409992632,0.0196078431372549,TRUE,NA,NA,"cord_pic"
"NK","NR3C1","spearman",1200,73,NA,0.683700746513485,NA,"cv_r2",-0.00206995596176679,0.0196078431372549,TRUE,NA,NA,"cord_pic"
"NK","MEF2C","rf",1200,73,0.861899728228367,0.861868026162975,NA,"oob_r2",-0.0409288681225086,0.0196078431372549,TRUE,0.925899872475215,0.71005291005291,"cord_pic"
"NK","MEF2C","lm",1200,73,NA,0.837347677149296,NA,"cv_r2",-0.0569826171687916,0.0196078431372549,TRUE,NA,NA,"cord_pic"
"NK","MEF2C","ridge",1200,73,NA,0.840000037520292,NA,"cv_r2",-0.00024406715938895,0.0196078431372549,TRUE,NA,NA,"cord_pic"
"NK","MEF2C","spearman",1200,73,NA,0.628435868763034,NA,"cv_r2",-0.000812147853925373,0.0196078431372549,TRUE,NA,NA,"cord_pic"
"NK","RFX1","rf",1200,73,0.898940055678041,0.895977342900698,NA,"oob_r2",-0.0387868084808803,0.0196078431372549,TRUE,0.917971396053588,0.82962962962963,"cord_pic"
"NK","RFX1","lm",1200,73,NA,0.870616433375388,NA,"cv_r2",-0.0562613637948535,0.0196078431372549,TRUE,NA,NA,"cord_pic"
"NK","RFX1","ridge",1200,73,NA,0.871980909952941,NA,"cv_r2",0.000876860562920005,0.0196078431372549,TRUE,NA,NA,"cord_pic"
"NK","RFX1","spearman",1200,73,NA,0.57427757504553,NA,"cv_r2",0.00246352961106919,0.0196078431372549,TRUE,NA,NA,"cord_pic"
"NK","JUND","rf",1200,73,0.874489882530648,0.877148588876498,NA,"oob_r2",-0.0368684256454435,0.0196078431372549,TRUE,0.926379804461996,0.694179894179894,"cord_pic"
"NK","JUND","lm",1200,73,NA,0.859018069985533,NA,"cv_r2",-0.0597905481484949,0.0196078431372549,TRUE,NA,NA,"cord_pic"
"NK","JUND","ridge",1200,73,NA,0.860890204750985,NA,"cv_r2",1.57370100749843e-05,0.0196078431372549,TRUE,NA,NA,"cord_pic"
"NK","JUND","spearman",1200,73,NA,0.646696775990604,NA,"cv_r2",-0.00190678000075266,0.0196078431372549,TRUE,NA,NA,"cord_pic"
"NK","NFIC","rf",1200,73,0.868802647210722,0.866065412471211,NA,"oob_r2",-0.0460657693258226,0.0196078431372549,TRUE,0.921903410259574,0.679365079365079,"cord_pic"
"NK","NFIC","lm",1200,73,NA,0.823929587035717,NA,"cv_r2",-0.057577103923178,0.0196078431372549,TRUE,NA,NA,"cord_pic"
"NK","NFIC","ridge",1200,73,NA,0.826823377341169,NA,"cv_r2",-0.000101448616269273,0.0196078431372549,TRUE,NA,NA,"cord_pic"
"NK","NFIC","spearman",1200,73,NA,0.567148512335694,NA,"cv_r2",0.000252710700912279,0.0196078431372549,TRUE,NA,NA,"cord_pic"
"NK","KLF3","rf",1200,73,0.876599887747806,0.879268054466487,NA,"oob_r2",-0.0389346248685231,0.0196078431372549,TRUE,0.921397424822082,0.8,"cord_pic"
"NK","KLF3","lm",1200,73,NA,0.859483968383032,NA,"cv_r2",-0.0542507621502156,0.0196078431372549,TRUE,NA,NA,"cord_pic"
"NK","KLF3","ridge",1200,73,NA,0.86061004573923,NA,"cv_r2",3.50764966134328e-05,0.0196078431372549,TRUE,NA,NA,"cord_pic"
"NK","KLF3","spearman",1200,73,NA,0.615498319919869,NA,"cv_r2",-0.00192225986885922,0.0196078431372549,TRUE,NA,NA,"cord_pic"
"NK","FOXP1","rf",1200,73,0.910958916403929,0.911723464882489,NA,"oob_r2",-0.0338528981438504,0.0196078431372549,TRUE,0.930372838592016,0.724867724867725,"cord_pic"
"NK","FOXP1","lm",1200,73,NA,0.890865367339805,NA,"cv_r2",-0.0529380802619936,0.0196078431372549,TRUE,NA,NA,"cord_pic"
"NK","FOXP1","ridge",1200,73,NA,0.892447347202099,NA,"cv_r2",0.0011329471360934,0.0196078431372549,TRUE,NA,NA,"cord_pic"
"NK","FOXP1","spearman",1200,73,NA,0.617398465755613,NA,"cv_r2",0.00505603532764487,0.0196078431372549,TRUE,NA,NA,"cord_pic"
"NK","ETV7","rf",1200,73,0.870793311223836,0.867890405546828,NA,"oob_r2",-0.0326183087740953,0.0196078431372549,TRUE,0.913788445980227,0.785185185185185,"cord_pic"
"NK","ETV7","lm",1200,73,NA,0.843198849010508,NA,"cv_r2",-0.0544911004295477,0.0196078431372549,TRUE,NA,NA,"cord_pic"
"NK","ETV7","ridge",1200,73,NA,0.844680515340528,NA,"cv_r2",0.000349281911986348,0.0196078431372549,TRUE,NA,NA,"cord_pic"
"NK","ETV7","spearman",1200,73,NA,0.634628702035589,NA,"cv_r2",0.000113667550237532,0.0196078431372549,TRUE,NA,NA,"cord_pic"
"NK","REL","rf",1200,73,0.866090019444065,0.869362842114679,NA,"oob_r2",-0.0346696819582423,0.0196078431372549,TRUE,0.922926351008543,0.881481481481481,"cord_pic"
"NK","REL","lm",1200,73,NA,0.831596937613939,NA,"cv_r2",-0.061741258558433,0.0196078431372549,TRUE,NA,NA,"cord_pic"
"NK","REL","ridge",1200,73,NA,0.833327647877682,NA,"cv_r2",-0.000353511714214694,0.0196078431372549,TRUE,NA,NA,"cord_pic"
"NK","REL","spearman",1200,73,NA,0.551007334255766,NA,"cv_r2",-0.00290473975653849,0.0196078431372549,TRUE,NA,NA,"cord_pic"
"NK","SMARCC2","rf",1200,73,0.866485574744473,0.866346425839703,NA,"oob_r2",-0.0429889706074889,0.0196078431372549,TRUE,0.913572476586175,1,"cord_pic"
"NK","SMARCC2","lm",1200,73,NA,0.82211280702469,NA,"cv_r2",-0.0554662168399903,0.0196078431372549,TRUE,NA,NA,"cord_pic"
"NK","SMARCC2","ridge",1200,73,NA,0.825023893700322,NA,"cv_r2",-0.000136672162927443,0.0196078431372549,TRUE,NA,NA,"cord_pic"
"NK","SMARCC2","spearman",1200,73,NA,0.628743530697583,NA,"cv_r2",0.000940957313357511,0.0196078431372549,TRUE,NA,NA,"cord_pic"
"NK","FOSL1","rf",1200,73,0.889623385994388,0.887021675027153,NA,"oob_r2",-0.0435751843868431,0.0196078431372549,TRUE,0.934743647757346,0.874074074074074,"cord_pic"
"NK","FOSL1","lm",1200,73,NA,0.854365070310018,NA,"cv_r2",-0.0580103143491897,0.0196078431372549,TRUE,NA,NA,"cord_pic"
"NK","FOSL1","ridge",1200,73,NA,0.85678019813887,NA,"cv_r2",-4.64742937489781e-05,0.0196078431372549,TRUE,NA,NA,"cord_pic"
"NK","FOSL1","spearman",1200,73,NA,0.664689754957495,NA,"cv_r2",-0.00167656572641363,0.0196078431372549,TRUE,NA,NA,"cord_pic"
"NK","KLF9","rf",1200,73,0.890467274218165,0.893017049026277,NA,"oob_r2",-0.038230657228478,0.0196078431372549,TRUE,0.933985355218232,0.933333333333333,"cord_pic"
"NK","KLF9","lm",1200,73,NA,0.864853894701647,NA,"cv_r2",-0.0529360909523057,0.0196078431372549,TRUE,NA,NA,"cord_pic"
"NK","KLF9","ridge",1200,73,NA,0.865472809818517,NA,"cv_r2",0.000562942602897684,0.0196078431372549,TRUE,NA,NA,"cord_pic"
"NK","KLF9","spearman",1200,73,NA,0.519839868763806,NA,"cv_r2",0.00276867314558884,0.0196078431372549,TRUE,NA,NA,"cord_pic"
"NK","NFKB1","rf",1200,73,0.879253228458836,0.881627348364642,NA,"oob_r2",-0.0390606909206445,0.0196078431372549,TRUE,0.919165055466425,0.792592592592593,"cord_pic"
"NK","NFKB1","lm",1200,73,NA,0.847292920550662,NA,"cv_r2",-0.0599612883036496,0.0196078431372549,TRUE,NA,NA,"cord_pic"
"NK","NFKB1","ridge",1200,73,NA,0.849206641504324,NA,"cv_r2",3.06369291059528e-05,0.0196078431372549,TRUE,NA,NA,"cord_pic"
"NK","NFKB1","spearman",1200,73,NA,0.552555348379949,NA,"cv_r2",0.00191385786646561,0.0196078431372549,TRUE,NA,NA,"cord_pic"
"NK","HSF4","rf",1200,73,0.877038249113352,0.876592651166148,NA,"oob_r2",-0.0329390485918722,0.0196078431372549,TRUE,0.899759348389485,0.792592592592593,"cord_pic"
"NK","HSF4","lm",1200,73,NA,0.838495854619889,NA,"cv_r2",-0.0608702993744404,0.0196078431372549,TRUE,NA,NA,"cord_pic"
"NK","HSF4","ridge",1200,73,NA,0.841142044367672,NA,"cv_r2",0.000132378515338455,0.0196078431372549,TRUE,NA,NA,"cord_pic"
"NK","HSF4","spearman",1200,73,NA,0.587772234869223,NA,"cv_r2",0.0023041958255808,0.0196078431372549,TRUE,NA,NA,"cord_pic"
"NK","ZBTB7A","rf",1200,73,0.858560547252417,0.859327667050998,NA,"oob_r2",-0.0315275634615583,0.0196078431372549,TRUE,0.898767260411096,0.740740740740741,"cord_pic"
"NK","ZBTB7A","lm",1200,73,NA,0.815187606619394,NA,"cv_r2",-0.0576269904879601,0.0196078431372549,TRUE,NA,NA,"cord_pic"
"NK","ZBTB7A","ridge",1200,73,NA,0.818158541421595,NA,"cv_r2",-0.000147750368377042,0.0196078431372549,TRUE,NA,NA,"cord_pic"
"NK","ZBTB7A","spearman",1200,73,NA,0.617234141349902,NA,"cv_r2",-0.00055101596106797,0.0196078431372549,TRUE,NA,NA,"cord_pic"
"NK","IRF1","rf",1200,73,0.854985725114534,0.85546581342155,NA,"oob_r2",-0.0438385912800717,0.0196078431372549,TRUE,0.911445006650486,0.8,"cord_pic"
"NK","IRF1","lm",1200,73,NA,0.833731668550622,NA,"cv_r2",-0.0514188484711305,0.0196078431372549,TRUE,NA,NA,"cord_pic"
"NK","IRF1","ridge",1200,73,NA,0.835406365660819,NA,"cv_r2",0.000985859201427878,0.0196078431372549,TRUE,NA,NA,"cord_pic"
"NK","IRF1","spearman",1200,73,NA,0.682095232085355,NA,"cv_r2",0.00194542321867169,0.0196078431372549,TRUE,NA,NA,"cord_pic"
"NK","RAD21","rf",1200,73,0.888263478633135,0.88651633451963,NA,"oob_r2",-0.0435458086335992,0.0196078431372549,TRUE,0.913942024215997,0.8,"cord_pic"
"NK","RAD21","lm",1200,73,NA,0.838661431794302,NA,"cv_r2",-0.0596409831042406,0.0196078431372549,TRUE,NA,NA,"cord_pic"
"NK","RAD21","ridge",1200,73,NA,0.841782687952492,NA,"cv_r2",0.00100494732913023,0.0196078431372549,TRUE,NA,NA,"cord_pic"
"NK","RAD21","spearman",1200,73,NA,0.577825996121458,NA,"cv_r2",-0.0022519467395165,0.0196078431372549,TRUE,NA,NA,"cord_pic"
"NK","HES4","rf",1200,73,0.869407350231206,0.86544838746568,NA,"oob_r2",-0.0460457069307936,0.0196078431372549,TRUE,0.90036749077845,1,"cord_pic"
"NK","HES4","lm",1200,73,NA,0.824905563805013,NA,"cv_r2",-0.053091653888015,0.0196078431372549,TRUE,NA,NA,"cord_pic"
"NK","HES4","ridge",1200,73,NA,0.827006853440725,NA,"cv_r2",-0.000183765018291648,0.0196078431372549,TRUE,NA,NA,"cord_pic"
"NK","HES4","spearman",1200,73,NA,0.613087017205602,NA,"cv_r2",-0.000697318983590235,0.0196078431372549,TRUE,NA,NA,"cord_pic"
"NK","CEBPB","rf",1200,73,0.889088202938088,0.884401282267584,NA,"oob_r2",-0.0463634123803559,0.0196078431372549,TRUE,0.946992883294253,0.767195767195767,"cord_pic"
"NK","CEBPB","lm",1200,73,NA,0.865076291672757,NA,"cv_r2",-0.0556497300938046,0.0196078431372549,TRUE,NA,NA,"cord_pic"
"NK","CEBPB","ridge",1200,73,NA,0.865821599939036,NA,"cv_r2",0.00183644504853827,0.0196078431372549,TRUE,NA,NA,"cord_pic"
"NK","CEBPB","spearman",1200,73,NA,0.589925912680106,NA,"cv_r2",-0.00228299612260627,0.0196078431372549,TRUE,NA,NA,"cord_pic"
"NK","ETS2","rf",1200,73,0.874835708013555,0.878367057129895,NA,"oob_r2",-0.0360207756485838,0.0196078431372549,TRUE,0.93299806655971,0.844444444444444,"cord_pic"
"NK","ETS2","lm",1200,73,NA,0.844114285295357,NA,"cv_r2",-0.0551189754126404,0.0196078431372549,TRUE,NA,NA,"cord_pic"
"NK","ETS2","ridge",1200,73,NA,0.844358810143602,NA,"cv_r2",0.00240526707162165,0.0196078431372549,TRUE,NA,NA,"cord_pic"
"NK","ETS2","spearman",1200,73,NA,0.571129104923169,NA,"cv_r2",0.000471736940410221,0.0196078431372549,TRUE,NA,NA,"cord_pic"
"NK","IRF4","rf",1200,73,0.90961580775252,0.908724890872409,NA,"oob_r2",-0.0360387999543596,0.0196078431372549,TRUE,0.917608704595006,0.881481481481482,"cord_pic"
"NK","IRF4","lm",1200,73,NA,0.878898351852063,NA,"cv_r2",-0.0592225735364182,0.0196078431372549,TRUE,NA,NA,"cord_pic"
"NK","IRF4","ridge",1200,73,NA,0.879953053528656,NA,"cv_r2",0.0016406053320004,0.0196078431372549,TRUE,NA,NA,"cord_pic"
"NK","IRF4","spearman",1200,73,NA,0.604980770266894,NA,"cv_r2",-0.000838795834317934,0.0196078431372549,TRUE,NA,NA,"cord_pic"
"NK","BCL11B","rf",1200,73,0.907363855641662,0.904435940799036,NA,"oob_r2",-0.0381343388774515,0.0196078431372549,TRUE,0.919029303275879,0.769312169312169,"cord_pic"
"NK","BCL11B","lm",1200,73,NA,0.870349139659286,NA,"cv_r2",-0.056085077339389,0.0196078431372549,TRUE,NA,NA,"cord_pic"
"NK","BCL11B","ridge",1200,73,NA,0.871809402620175,NA,"cv_r2",0.000818669918674157,0.0196078431372549,TRUE,NA,NA,"cord_pic"
"NK","BCL11B","spearman",1200,73,NA,0.586021605808141,NA,"cv_r2",0.00252203200895653,0.0196078431372549,TRUE,NA,NA,"cord_pic"
"NK","ETS1","rf",1200,73,0.888044971654705,0.885603797725944,NA,"oob_r2",-0.0379765976543139,0.0196078431372549,TRUE,0.919540088033239,0.729100529100529,"cord_pic"
"NK","ETS1","lm",1200,73,NA,0.848748037404648,NA,"cv_r2",-0.0567069453243305,0.0196078431372549,TRUE,NA,NA,"cord_pic"
"NK","ETS1","ridge",1200,73,NA,0.850181674880486,NA,"cv_r2",-7.38712056078361e-05,0.0196078431372549,TRUE,NA,NA,"cord_pic"
"NK","ETS1","spearman",1200,73,NA,0.538796265825393,NA,"cv_r2",0.00153765258381948,0.0196078431372549,TRUE,NA,NA,"cord_pic"
"NK","TAF1","rf",1200,73,0.896198782905477,0.893655019376665,NA,"oob_r2",-0.0423321119260767,0.0196078431372549,TRUE,0.933839318770825,0.814814814814815,"cord_pic"
"NK","TAF1","lm",1200,73,NA,0.86219490174536,NA,"cv_r2",-0.0614098338014727,0.0196078431372549,TRUE,NA,NA,"cord_pic"
"NK","TAF1","ridge",1200,73,NA,0.863560508674834,NA,"cv_r2",-2.69585474193426e-05,0.0196078431372549,TRUE,NA,NA,"cord_pic"
"NK","TAF1","spearman",1200,73,NA,0.540545299784162,NA,"cv_r2",-0.000902257299818055,0.0196078431372549,TRUE,NA,NA,"cord_pic"
"NK","IRF6","rf",1200,73,0.898785600524167,0.901883663283995,NA,"oob_r2",-0.0304159616317295,0.0196078431372549,TRUE,0.919982311078201,0.740740740740741,"cord_pic"
"NK","IRF6","lm",1200,73,NA,0.867460666338224,NA,"cv_r2",-0.0537354632873131,0.0196078431372549,TRUE,NA,NA,"cord_pic"
"NK","IRF6","ridge",1200,73,NA,0.86900299954817,NA,"cv_r2",0.000697557993009621,0.0196078431372549,TRUE,NA,NA,"cord_pic"
"NK","IRF6","spearman",1200,73,NA,0.669494527724582,NA,"cv_r2",-0.00073018908680192,0.0196078431372549,TRUE,NA,NA,"cord_pic"
"NK","IRF9","rf",1200,73,0.906314803711883,0.906100658357058,NA,"oob_r2",-0.0532541913894441,0.0196078431372549,TRUE,0.921443361169388,0.698412698412698,"cord_pic"
"NK","IRF9","lm",1200,73,NA,0.871812339185947,NA,"cv_r2",-0.056128206040012,0.0196078431372549,TRUE,NA,NA,"cord_pic"
"NK","IRF9","ridge",1200,73,NA,0.872929470178529,NA,"cv_r2",0.000243629569379322,0.0196078431372549,TRUE,NA,NA,"cord_pic"
"NK","IRF9","spearman",1200,73,NA,0.579440821260366,NA,"cv_r2",0.000712655178914039,0.0196078431372549,TRUE,NA,NA,"cord_pic"
"NK","IRF7","rf",1200,73,0.896537045561709,0.895147867908485,NA,"oob_r2",-0.044075979507931,0.0196078431372549,TRUE,0.921347374772032,0.82962962962963,"cord_pic"
"NK","IRF7","lm",1200,73,NA,0.84776528646509,NA,"cv_r2",-0.0576772919549941,0.0196078431372549,TRUE,NA,NA,"cord_pic"
"NK","IRF7","ridge",1200,73,NA,0.84946331247351,NA,"cv_r2",0.000104111150651041,0.0196078431372549,TRUE,NA,NA,"cord_pic"
"NK","IRF7","spearman",1200,73,NA,0.580427124852024,NA,"cv_r2",0.00205717476295581,0.0196078431372549,TRUE,NA,NA,"cord_pic"
"NK","STAT2","rf",1200,73,0.895627324968131,0.89306425002125,NA,"oob_r2",-0.0410862496998524,0.0196078431372549,TRUE,0.929734529049597,0.874074074074074,"cord_pic"
"NK","STAT2","lm",1200,73,NA,0.845634386244063,NA,"cv_r2",-0.0573000254673785,0.0196078431372549,TRUE,NA,NA,"cord_pic"
"NK","STAT2","ridge",1200,73,NA,0.84753555120741,NA,"cv_r2",9.32591260910055e-07,0.0196078431372549,TRUE,NA,NA,"cord_pic"
"NK","STAT2","spearman",1200,73,NA,0.583069360984068,NA,"cv_r2",-0.000201735353947088,0.0196078431372549,TRUE,NA,NA,"cord_pic"
"NK","STAT1","rf",1200,73,0.910626831681262,0.908153672285352,NA,"oob_r2",-0.0390273558753644,0.0196078431372549,TRUE,0.906248028850768,0.8,"cord_pic"
"NK","STAT1","lm",1200,73,NA,0.868217059244078,NA,"cv_r2",-0.0568214987693894,0.0196078431372549,TRUE,NA,NA,"cord_pic"
"NK","STAT1","ridge",1200,73,NA,0.86932523714802,NA,"cv_r2",-0.000133042854136745,0.0196078431372549,TRUE,NA,NA,"cord_pic"
"NK","STAT1","spearman",1200,73,NA,0.580455607985377,NA,"cv_r2",0.00228297191058145,0.0196078431372549,TRUE,NA,NA,"cord_pic"
"CD4_T","POU3F1","rf",1200,57,0.504789582710804,0.495421579257444,NA,"oob_r2",-0.0408825707546777,0.0196078431372549,TRUE,0.895310114366376,0.822222222222222,"cord_pic"
"CD4_T","POU3F1","lm",1200,57,NA,0.442871132424328,NA,"cv_r2",-0.0383161106561479,0.0196078431372549,TRUE,NA,NA,"cord_pic"
"CD4_T","POU3F1","ridge",1200,57,NA,0.448800871582598,NA,"cv_r2",0.000493544315449137,0.0196078431372549,TRUE,NA,NA,"cord_pic"
"CD4_T","POU3F1","spearman",1200,57,NA,0.110936570468444,NA,"cv_r2",0.00251151682487743,0.0196078431372549,TRUE,NA,NA,"cord_pic"
"CD4_T","BBX","rf",1200,57,0.650617815434767,0.649416755166797,NA,"oob_r2",-0.0390878487453232,0.0196078431372549,TRUE,0.905332296257886,0.82962962962963,"cord_pic"
"CD4_T","BBX","lm",1200,57,NA,0.610181698441116,NA,"cv_r2",-0.0460131707104295,0.0196078431372549,TRUE,NA,NA,"cord_pic"
"CD4_T","BBX","ridge",1200,57,NA,0.618912048796219,NA,"cv_r2",-0.000252639690094314,0.0196078431372549,TRUE,NA,NA,"cord_pic"
"CD4_T","BBX","spearman",1200,57,NA,0.473418119432364,NA,"cv_r2",0.0012810992921403,0.0196078431372549,TRUE,NA,NA,"cord_pic"
"CD4_T","TCF7","rf",1200,57,0.723116890572672,0.713208692929166,NA,"oob_r2",-0.0473023265340745,0.0196078431372549,TRUE,0.911714631406102,0.619312169312169,"cord_pic"
"CD4_T","TCF7","lm",1200,57,NA,0.695314896428836,NA,"cv_r2",-0.040500757742643,0.0196078431372549,TRUE,NA,NA,"cord_pic"
"CD4_T","TCF7","ridge",1200,57,NA,0.700230930060641,NA,"cv_r2",0.000164492124415693,0.0196078431372549,TRUE,NA,NA,"cord_pic"
"CD4_T","TCF7","spearman",1200,57,NA,0.520345102649281,NA,"cv_r2",0.00537540406108243,0.0196078431372549,TRUE,NA,NA,"cord_pic"
"CD4_T","RBPJ","rf",1200,57,0.68064938465722,0.688482666389018,NA,"oob_r2",-0.0340475874693619,0.0196078431372549,TRUE,0.923087892144154,0.684656084656085,"cord_pic"
"CD4_T","RBPJ","lm",1200,57,NA,0.652876535990342,NA,"cv_r2",-0.0383593783306734,0.0196078431372549,TRUE,NA,NA,"cord_pic"
"CD4_T","RBPJ","ridge",1200,57,NA,0.654796189827694,NA,"cv_r2",-0.000375500401525564,0.0196078431372549,TRUE,NA,NA,"cord_pic"
"CD4_T","RBPJ","spearman",1200,57,NA,0.55043950514585,NA,"cv_r2",0.0025130491941783,0.0196078431372549,TRUE,NA,NA,"cord_pic"
"CD4_T","HIF1A","rf",1200,57,0.809845264731838,0.803675386520071,NA,"oob_r2",-0.0525406293274367,0.0196078431372549,TRUE,0.935103563506468,0.716402116402116,"cord_pic"
"CD4_T","HIF1A","lm",1200,57,NA,0.793522055985629,NA,"cv_r2",-0.048116439162456,0.0196078431372549,TRUE,NA,NA,"cord_pic"
"CD4_T","HIF1A","ridge",1200,57,NA,0.794134204052317,NA,"cv_r2",-0.000480576659509358,0.0196078431372549,TRUE,NA,NA,"cord_pic"
"CD4_T","HIF1A","spearman",1200,57,NA,0.584414077575013,NA,"cv_r2",0.00382105093154642,0.0196078431372549,TRUE,NA,NA,"cord_pic"
"CD4_T","CREM","rf",1200,57,0.757528466942216,0.746267857264027,NA,"oob_r2",-0.050907764582602,0.0196078431372549,TRUE,0.936705268919425,0.744973544973545,"cord_pic"
"CD4_T","CREM","lm",1200,57,NA,0.721292801677618,NA,"cv_r2",-0.0408740938173791,0.0196078431372549,TRUE,NA,NA,"cord_pic"
"CD4_T","CREM","ridge",1200,57,NA,0.722513442030976,NA,"cv_r2",0.00212329228342611,0.0196078431372549,TRUE,NA,NA,"cord_pic"
"CD4_T","CREM","spearman",1200,57,NA,0.583944391747733,NA,"cv_r2",0.00294366620845905,0.0196078431372549,TRUE,NA,NA,"cord_pic"
"CD4_T","LEF1","rf",1200,57,0.798192366785654,0.790840285723212,NA,"oob_r2",-0.0461519006467707,0.0196078431372549,TRUE,0.946949269726039,0.77037037037037,"cord_pic"
"CD4_T","LEF1","lm",1200,57,NA,0.767418692723245,NA,"cv_r2",-0.0423663801178051,0.0196078431372549,TRUE,NA,NA,"cord_pic"
"CD4_T","LEF1","ridge",1200,57,NA,0.768922802853274,NA,"cv_r2",0.000339165830541299,0.0196078431372549,TRUE,NA,NA,"cord_pic"
"CD4_T","LEF1","spearman",1200,57,NA,0.610197775349978,NA,"cv_r2",0.00125086117184024,0.0196078431372549,TRUE,NA,NA,"cord_pic"
"CD4_T","SMAD2","rf",1200,57,0.808457917824623,0.811351189129413,NA,"oob_r2",-0.0537297959064993,0.0196078431372549,TRUE,0.932512315270936,0.77989417989418,"cord_pic"
"CD4_T","SMAD2","lm",1200,57,NA,0.789634680884023,NA,"cv_r2",-0.0425763826467716,0.0196078431372549,TRUE,NA,NA,"cord_pic"
"CD4_T","SMAD2","ridge",1200,57,NA,0.79080025170975,NA,"cv_r2",0.000151606659132002,0.0196078431372549,TRUE,NA,NA,"cord_pic"
"CD4_T","SMAD2","spearman",1200,57,NA,0.61069745389342,NA,"cv_r2",-0.00172146337146755,0.0196078431372549,TRUE,NA,NA,"cord_pic"
"CD4_T","YBX1","rf",1200,57,0.751322063504564,0.750064953226287,NA,"oob_r2",-0.0393697631831906,0.0196078431372549,TRUE,0.923734623916112,0.665608465608466,"cord_pic"
"CD4_T","YBX1","lm",1200,57,NA,0.746721505763634,NA,"cv_r2",-0.0429510624011643,0.0196078431372549,TRUE,NA,NA,"cord_pic"
"CD4_T","YBX1","ridge",1200,57,NA,0.749536656221628,NA,"cv_r2",0.000318690385894148,0.0196078431372549,TRUE,NA,NA,"cord_pic"
"CD4_T","YBX1","spearman",1200,57,NA,0.590546670167447,NA,"cv_r2",0.0047335786874345,0.0196078431372549,TRUE,NA,NA,"cord_pic"
"CD4_T","DDIT3","rf",1200,57,0.777181448309252,0.769473119977009,NA,"oob_r2",-0.0393089895706374,0.0196078431372549,TRUE,0.901289142396221,0.757671957671958,"cord_pic"
"CD4_T","DDIT3","lm",1200,57,NA,0.750143662273293,NA,"cv_r2",-0.042578087977689,0.0196078431372549,TRUE,NA,NA,"cord_pic"
"CD4_T","DDIT3","ridge",1200,57,NA,0.751279230065098,NA,"cv_r2",-0.000387696985509601,0.0196078431372549,TRUE,NA,NA,"cord_pic"
"CD4_T","DDIT3","spearman",1200,57,NA,0.629641458659084,NA,"cv_r2",0.00196800316015546,0.0196078431372549,TRUE,NA,NA,"cord_pic"
"CD4_T","NFIL3","rf",1200,57,0.798180470837933,0.801689102120295,NA,"oob_r2",-0.0517011726482076,0.0196078431372549,TRUE,0.926844409875263,0.740740740740741,"cord_pic"
"CD4_T","NFIL3","lm",1200,57,NA,0.777264291892793,NA,"cv_r2",-0.0464197158230184,0.0196078431372549,TRUE,NA,NA,"cord_pic"
"CD4_T","NFIL3","ridge",1200,57,NA,0.779042084016459,NA,"cv_r2",0.000172551355609523,0.0196078431372549,TRUE,NA,NA,"cord_pic"
"CD4_T","NFIL3","spearman",1200,57,NA,0.615619176980622,NA,"cv_r2",-0.000369837544829233,0.0196078431372549,TRUE,NA,NA,"cord_pic"
"CD4_T","CEBPD","rf",1200,57,0.804801350543415,0.808197798995141,NA,"oob_r2",-0.0430635023379436,0.0196078431372549,TRUE,0.923411978221416,0.774603174603175,"cord_pic"
"CD4_T","CEBPD","lm",1200,57,NA,0.795306155080791,NA,"cv_r2",-0.0439896806797451,0.0196078431372549,TRUE,NA,NA,"cord_pic"
"CD4_T","CEBPD","ridge",1200,57,NA,0.79592377788927,NA,"cv_r2",0.000125399939141218,0.0196078431372549,TRUE,NA,NA,"cord_pic"
"CD4_T","CEBPD","spearman",1200,57,NA,0.646962797087256,NA,"cv_r2",0.00356306292862662,0.0196078431372549,TRUE,NA,NA,"cord_pic"
"CD4_T","ZBTB16","rf",1200,57,0.837909751800021,0.830780739413844,NA,"oob_r2",-0.0598272463209032,0.0196078431372549,TRUE,0.910944026733501,0.625396825396825,"cord_pic"
"CD4_T","ZBTB16","lm",1200,57,NA,0.81960800245196,NA,"cv_r2",-0.0434623567822129,0.0196078431372549,TRUE,NA,NA,"cord_pic"
"CD4_T","ZBTB16","ridge",1200,57,NA,0.820074392317112,NA,"cv_r2",-0.000603865216000688,0.0196078431372549,TRUE,NA,NA,"cord_pic"
"CD4_T","ZBTB16","spearman",1200,57,NA,0.542264212200035,NA,"cv_r2",0.00136664145437175,0.0196078431372549,TRUE,NA,NA,"cord_pic"
"CD4_T","AHR","rf",1200,57,0.81562984829174,0.817538153696195,NA,"oob_r2",-0.0534028967964252,0.0196078431372549,TRUE,0.901366923054764,0.6994708994709,"cord_pic"
"CD4_T","AHR","lm",1200,57,NA,0.798513284707318,NA,"cv_r2",-0.044973086669938,0.0196078431372549,TRUE,NA,NA,"cord_pic"
"CD4_T","AHR","ridge",1200,57,NA,0.798304294920851,NA,"cv_r2",-0.000305988793285472,0.0196078431372549,TRUE,NA,NA,"cord_pic"
"CD4_T","AHR","spearman",1200,57,NA,0.604602206617656,NA,"cv_r2",-0.00145000130448068,0.0196078431372549,TRUE,NA,NA,"cord_pic"
"CD4_T","RELB","rf",1200,57,0.7330143805392,0.739305994488198,NA,"oob_r2",-0.0378858582645968,0.0196078431372549,TRUE,0.867208250511336,0.785185185185185,"cord_pic"
"CD4_T","RELB","lm",1200,57,NA,0.74536530575168,NA,"cv_r2",-0.0451520601069929,0.0196078431372549,TRUE,NA,NA,"cord_pic"
"CD4_T","RELB","ridge",1200,57,NA,0.746918025509257,NA,"cv_r2",-0.000391423050317209,0.0196078431372549,TRUE,NA,NA,"cord_pic"
"CD4_T","RELB","spearman",1200,57,NA,0.598454730165478,NA,"cv_r2",-0.000513767507986553,0.0196078431372549,TRUE,NA,NA,"cord_pic"
"CD4_T","KLF10","rf",1200,57,0.734930155486337,0.726589783186604,NA,"oob_r2",-0.0399238733577614,0.0196078431372549,TRUE,0.932584334399217,0.811640211640212,"cord_pic"
"CD4_T","KLF10","lm",1200,57,NA,0.722292684271411,NA,"cv_r2",-0.0380842616651045,0.0196078431372549,TRUE,NA,NA,"cord_pic"
"CD4_T","KLF10","ridge",1200,57,NA,0.724443846742604,NA,"cv_r2",0.00100161468884105,0.0196078431372549,TRUE,NA,NA,"cord_pic"
"CD4_T","KLF10","spearman",1200,57,NA,0.544559432061057,NA,"cv_r2",0.000886857947936326,0.0196078431372549,TRUE,NA,NA,"cord_pic"
"CD4_T","IKZF3","rf",1200,57,0.845707402966527,0.844574978217273,NA,"oob_r2",-0.0600505516285323,0.0196078431372549,TRUE,0.935943306542218,0.744973544973545,"cord_pic"
"CD4_T","IKZF3","lm",1200,57,NA,0.83154058918139,NA,"cv_r2",-0.0443171718583459,0.0196078431372549,TRUE,NA,NA,"cord_pic"
"CD4_T","IKZF3","ridge",1200,57,NA,0.832205750488121,NA,"cv_r2",-0.000391576650957371,0.0196078431372549,TRUE,NA,NA,"cord_pic"
"CD4_T","IKZF3","spearman",1200,57,NA,0.586052450315443,NA,"cv_r2",-0.00114325654507565,0.0196078431372549,TRUE,NA,NA,"cord_pic"
"CD4_T","RORA","rf",1200,57,0.800313588709297,0.793240607568489,NA,"oob_r2",-0.0394772432673585,0.0196078431372549,TRUE,0.917091579523522,0.744973544973545,"cord_pic"
"CD4_T","RORA","lm",1200,57,NA,0.779823341691963,NA,"cv_r2",-0.0410216479604327,0.0196078431372549,TRUE,NA,NA,"cord_pic"
"CD4_T","RORA","ridge",1200,57,NA,0.779574583499497,NA,"cv_r2",0.000828813002149636,0.0196078431372549,TRUE,NA,NA,"cord_pic"
"CD4_T","RORA","spearman",1200,57,NA,0.62221697530615,NA,"cv_r2",0.00127567890545774,0.0196078431372549,TRUE,NA,NA,"cord_pic"
"CD4_T","FOXB1","rf",1200,57,0.809466917528163,0.814539829176567,NA,"oob_r2",-0.0264859784772214,0.0196078431372549,TRUE,0.900943450580474,0.744973544973545,"cord_pic"
"CD4_T","FOXB1","lm",1200,57,NA,0.805358720066077,NA,"cv_r2",-0.0363487979345344,0.0196078431372549,TRUE,NA,NA,"cord_pic"
"CD4_T","FOXB1","ridge",1200,57,NA,0.804867085807938,NA,"cv_r2",0.000624413561079307,0.0196078431372549,TRUE,NA,NA,"cord_pic"
"CD4_T","FOXB1","spearman",1200,57,NA,0.644195616356458,NA,"cv_r2",0.00280790278934998,0.0196078431372549,TRUE,NA,NA,"cord_pic"
"CD4_T","SIX5","rf",1200,57,0.773665148216705,0.77361158718976,NA,"oob_r2",-0.0367024211594249,0.0196078431372549,TRUE,0.892649727767695,0.71005291005291,"cord_pic"
"CD4_T","SIX5","lm",1200,57,NA,0.734625405378586,NA,"cv_r2",-0.0394191459681822,0.0196078431372549,TRUE,NA,NA,"cord_pic"
"CD4_T","SIX5","ridge",1200,57,NA,0.737342718794356,NA,"cv_r2",0.000110637202329416,0.0196078431372549,TRUE,NA,NA,"cord_pic"
"CD4_T","SIX5","spearman",1200,57,NA,0.57683480038045,NA,"cv_r2",0.00116871872814621,0.0196078431372549,TRUE,NA,NA,"cord_pic"
"CD4_T","RUNX3","rf",1200,57,0.813503764213566,0.816424007404805,NA,"oob_r2",-0.0431980209564683,0.0196078431372549,TRUE,0.918709129144701,0.684656084656085,"cord_pic"
"CD4_T","RUNX3","lm",1200,57,NA,0.797345871882081,NA,"cv_r2",-0.0430046239272811,0.0196078431372549,TRUE,NA,NA,"cord_pic"
"CD4_T","RUNX3","ridge",1200,57,NA,0.798119804391962,NA,"cv_r2",0.000468254556101155,0.0196078431372549,TRUE,NA,NA,"cord_pic"
"CD4_T","RUNX3","spearman",1200,57,NA,0.585609015710184,NA,"cv_r2",0.00361925612748669,0.0196078431372549,TRUE,NA,NA,"cord_pic"
"CD4_T","ZKSCAN1","rf",1200,57,0.82131217217305,0.818892221398826,NA,"oob_r2",-0.0418734430115713,0.0196078431372549,TRUE,0.934160112925993,0.7005291005291,"cord_pic"
"CD4_T","ZKSCAN1","lm",1200,57,NA,0.809458990167518,NA,"cv_r2",-0.0449253452909576,0.0196078431372549,TRUE,NA,NA,"cord_pic"
"CD4_T","ZKSCAN1","ridge",1200,57,NA,0.809842335952818,NA,"cv_r2",-0.000313436891063047,0.0196078431372549,TRUE,NA,NA,"cord_pic"
"CD4_T","ZKSCAN1","spearman",1200,57,NA,0.655304269097745,NA,"cv_r2",0.00139450867110648,0.0196078431372549,TRUE,NA,NA,"cord_pic"
"CD4_T","MAF","rf",1200,57,0.799308807047091,0.795236397494633,NA,"oob_r2",-0.0492366142406655,0.0196078431372549,TRUE,0.942824014058134,0.675132275132275,"cord_pic"
"CD4_T","MAF","lm",1200,57,NA,0.773396189681424,NA,"cv_r2",-0.0422368246962219,0.0196078431372549,TRUE,NA,NA,"cord_pic"
"CD4_T","MAF","ridge",1200,57,NA,0.77430836694106,NA,"cv_r2",-0.000671553927519819,0.0196078431372549,TRUE,NA,NA,"cord_pic"
"CD4_T","MAF","spearman",1200,57,NA,0.54657845868192,NA,"cv_r2",0.00120698250384238,0.0196078431372549,TRUE,NA,NA,"cord_pic"
"CD4_T","ASCL2","rf",1200,57,0.857106582284654,0.85913106756847,NA,"oob_r2",-0.0630372757205353,0.0196078431372549,TRUE,0.920797683864835,0.762962962962963,"cord_pic"
"CD4_T","ASCL2","lm",1200,57,NA,0.842993944336102,NA,"cv_r2",-0.0436507891637773,0.0196078431372549,TRUE,NA,NA,"cord_pic"
"CD4_T","ASCL2","ridge",1200,57,NA,0.843557569685262,NA,"cv_r2",-0.000384173174554437,0.0196078431372549,TRUE,NA,NA,"cord_pic"
"CD4_T","ASCL2","spearman",1200,57,NA,0.616092043167494,NA,"cv_r2",-0.00163056759938937,0.0196078431372549,TRUE,NA,NA,"cord_pic"
"CD4_T","ENO1","rf",1200,57,0.814783747433849,0.807999443473362,NA,"oob_r2",-0.039783074473083,0.0196078431372549,TRUE,0.940952957105407,0.614814814814815,"cord_pic"
"CD4_T","ENO1","lm",1200,57,NA,0.796843482125318,NA,"cv_r2",-0.042182274470614,0.0196078431372549,TRUE,NA,NA,"cord_pic"
"CD4_T","ENO1","ridge",1200,57,NA,0.796838225152837,NA,"cv_r2",-0.000581584390455626,0.0196078431372549,TRUE,NA,NA,"cord_pic"
"CD4_T","ENO1","spearman",1200,57,NA,0.670039633326486,NA,"cv_r2",0.00125159391933714,0.0196078431372549,TRUE,NA,NA,"cord_pic"
"CD4_T","SOX18","rf",1200,57,0.795829168092082,0.795606053169031,NA,"oob_r2",-0.0431687795956082,0.0196078431372549,TRUE,0.908908766168295,0.619047619047619,"cord_pic"
"CD4_T","SOX18","lm",1200,57,NA,0.770135949299493,NA,"cv_r2",-0.038986481508616,0.0196078431372549,TRUE,NA,NA,"cord_pic"
"CD4_T","SOX18","ridge",1200,57,NA,0.772926637003585,NA,"cv_r2",-0.000306740396131211,0.0196078431372549,TRUE,NA,NA,"cord_pic"
"CD4_T","SOX18","spearman",1200,57,NA,0.634440002136051,NA,"cv_r2",0.00287371148752668,0.0196078431372549,TRUE,NA,NA,"cord_pic"
"CD4_T","MYB","rf",1200,57,0.830584530704805,0.835381653340662,NA,"oob_r2",-0.05396795721079,0.0196078431372549,TRUE,0.929813038342984,0.811640211640212,"cord_pic"
"CD4_T","MYB","lm",1200,57,NA,0.813123004503748,NA,"cv_r2",-0.0446173458992511,0.0196078431372549,TRUE,NA,NA,"cord_pic"
"CD4_T","MYB","ridge",1200,57,NA,0.815847942266194,NA,"cv_r2",-0.0003350781376822,0.0196078431372549,TRUE,NA,NA,"cord_pic"
"CD4_T","MYB","spearman",1200,57,NA,0.619500272443605,NA,"cv_r2",-5.71034904617808e-05,0.0196078431372549,TRUE,NA,NA,"cord_pic"
"CD4_T","ATF4","rf",1200,57,0.827128183507826,0.826184503731527,NA,"oob_r2",-0.0381987332224475,0.0196078431372549,TRUE,0.924505228588713,0.656084656084656,"cord_pic"
"CD4_T","ATF4","lm",1200,57,NA,0.815607663856555,NA,"cv_r2",-0.0432821212899341,0.0196078431372549,TRUE,NA,NA,"cord_pic"
"CD4_T","ATF4","ridge",1200,57,NA,0.817039726452287,NA,"cv_r2",-4.8694843306721e-05,0.0196078431372549,TRUE,NA,NA,"cord_pic"
"CD4_T","ATF4","spearman",1200,57,NA,0.701114293341984,NA,"cv_r2",0.000876826433096805,0.0196078431372549,TRUE,NA,NA,"cord_pic"
"CD4_T","ZNF35","rf",1200,57,0.844311043309678,0.845011348255846,NA,"oob_r2",-0.041788906128078,0.0196078431372549,TRUE,0.91634402097197,0.785185185185185,"cord_pic"
"CD4_T","ZNF35","lm",1200,57,NA,0.832048715121988,NA,"cv_r2",-0.0445876095272805,0.0196078431372549,TRUE,NA,NA,"cord_pic"
"CD4_T","ZNF35","ridge",1200,57,NA,0.833165722036919,NA,"cv_r2",-0.00032766674418674,0.0196078431372549,TRUE,NA,NA,"cord_pic"
"CD4_T","ZNF35","spearman",1200,57,NA,0.639678874477406,NA,"cv_r2",0.00209797556475025,0.0196078431372549,TRUE,NA,NA,"cord_pic"
"CD4_T","ATF5","rf",1200,57,0.832075088365015,0.83003571943673,NA,"oob_r2",-0.0410162437832107,0.0196078431372549,TRUE,0.916963385475182,0.666666666666667,"cord_pic"
"CD4_T","ATF5","lm",1200,57,NA,0.815885857388501,NA,"cv_r2",-0.0392837354613159,0.0196078431372549,TRUE,NA,NA,"cord_pic"
"CD4_T","ATF5","ridge",1200,57,NA,0.816280682137393,NA,"cv_r2",0.000656600830547133,0.0196078431372549,TRUE,NA,NA,"cord_pic"
"CD4_T","ATF5","spearman",1200,57,NA,0.670144811305582,NA,"cv_r2",0.00108222352127275,0.0196078431372549,TRUE,NA,NA,"cord_pic"
"CD4_T","TFEC","rf",1200,57,0.860927864703116,0.859320296907368,NA,"oob_r2",-0.034756010187488,0.0196078431372549,TRUE,0.91045861780889,0.600793650793651,"cord_pic"
"CD4_T","TFEC","lm",1200,57,NA,0.836237025420524,NA,"cv_r2",-0.0415217067794063,0.0196078431372549,TRUE,NA,NA,"cord_pic"
"CD4_T","TFEC","ridge",1200,57,NA,0.836959680209067,NA,"cv_r2",-0.000224439468813915,0.0196078431372549,TRUE,NA,NA,"cord_pic"
"CD4_T","TFEC","spearman",1200,57,NA,0.70349814407296,NA,"cv_r2",-0.000326443874876136,0.0196078431372549,TRUE,NA,NA,"cord_pic"
"CD4_T","ID3","rf",1200,57,0.818335612327152,0.81536436864764,NA,"oob_r2",-0.0372157163157577,0.0196078431372549,TRUE,0.9323798000749,0.708994708994709,"cord_pic"
"CD4_T","ID3","lm",1200,57,NA,0.804830777400876,NA,"cv_r2",-0.0459802731381682,0.0196078431372549,TRUE,NA,NA,"cord_pic"
"CD4_T","ID3","ridge",1200,57,NA,0.806265873495444,NA,"cv_r2",-0.000484925551334493,0.0196078431372549,TRUE,NA,NA,"cord_pic"
"CD4_T","ID3","spearman",1200,57,NA,0.645046925760409,NA,"cv_r2",0.00329583879547781,0.0196078431372549,TRUE,NA,NA,"cord_pic"
"CD4_T","IKZF1","rf",1200,57,0.851911322469737,0.853157476765666,NA,"oob_r2",-0.0545154920564711,0.0196078431372549,TRUE,0.924402961426555,0.868783068783069,"cord_pic"
"CD4_T","IKZF1","lm",1200,57,NA,0.839172388931803,NA,"cv_r2",-0.0408564984082114,0.0196078431372549,TRUE,NA,NA,"cord_pic"
"CD4_T","IKZF1","ridge",1200,57,NA,0.839568372591574,NA,"cv_r2",1.70648903404456e-05,0.0196078431372549,TRUE,NA,NA,"cord_pic"
"CD4_T","IKZF1","spearman",1200,57,NA,0.618988191931302,NA,"cv_r2",0.000172711411949837,0.0196078431372549,TRUE,NA,NA,"cord_pic"
"CD4_T","SPIB","rf",1200,57,0.854536606707064,0.844130422599573,NA,"oob_r2",-0.046072844141542,0.0196078431372549,TRUE,0.91689856825973,0.673015873015873,"cord_pic"
"CD4_T","SPIB","lm",1200,57,NA,0.827368265218363,NA,"cv_r2",-0.0432668755719487,0.0196078431372549,TRUE,NA,NA,"cord_pic"
"CD4_T","SPIB","ridge",1200,57,NA,0.827890108359204,NA,"cv_r2",-4.7995869977955e-07,0.0196078431372549,TRUE,NA,NA,"cord_pic"
"CD4_T","SPIB","spearman",1200,57,NA,0.642241013346694,NA,"cv_r2",0.000290374152897608,0.0196078431372549,TRUE,NA,NA,"cord_pic"
"CD4_T","BCLAF1","rf",1200,57,0.796551623227409,0.793501134457575,NA,"oob_r2",-0.0279078563334974,0.0196078431372549,TRUE,0.92032667876588,0.614814814814815,"cord_pic"
"CD4_T","BCLAF1","lm",1200,57,NA,0.784184959625618,NA,"cv_r2",-0.0353530852463144,0.0196078431372549,TRUE,NA,NA,"cord_pic"
"CD4_T","BCLAF1","ridge",1200,57,NA,0.78443955435869,NA,"cv_r2",0.000666620102652174,0.0196078431372549,TRUE,NA,NA,"cord_pic"
"CD4_T","BCLAF1","spearman",1200,57,NA,0.659381502254438,NA,"cv_r2",0.00122851186051191,0.0196078431372549,TRUE,NA,NA,"cord_pic"
"CD4_T","ARNTL","rf",1200,57,0.863815431784463,0.855875223967442,NA,"oob_r2",-0.0611479646775865,0.0196078431372549,TRUE,0.927748970126466,0.62010582010582,"cord_pic"
"CD4_T","ARNTL","lm",1200,57,NA,0.832695676800924,NA,"cv_r2",-0.0417444985783139,0.0196078431372549,TRUE,NA,NA,"cord_pic"
"CD4_T","ARNTL","ridge",1200,57,NA,0.832694684207208,NA,"cv_r2",-0.00048164397220164,0.0196078431372549,TRUE,NA,NA,"cord_pic"
"CD4_T","ARNTL","spearman",1200,57,NA,0.636216004424508,NA,"cv_r2",1.79025792443945e-05,0.0196078431372549,TRUE,NA,NA,"cord_pic"
"CD4_T","CHD2","rf",1200,57,0.824025679213744,0.824477361792768,NA,"oob_r2",-0.0363429597915276,0.0196078431372549,TRUE,0.937523406216691,0.611640211640212,"cord_pic"
"CD4_T","CHD2","lm",1200,57,NA,0.805442039836448,NA,"cv_r2",-0.0378746356127903,0.0196078431372549,TRUE,NA,NA,"cord_pic"
"CD4_T","CHD2","ridge",1200,57,NA,0.805985023632396,NA,"cv_r2",-0.000231161931754343,0.0196078431372549,TRUE,NA,NA,"cord_pic"
"CD4_T","CHD2","spearman",1200,57,NA,0.689924155081786,NA,"cv_r2",0.00547412685472012,0.0196078431372549,TRUE,NA,NA,"cord_pic"
"CD4_T","ERG","rf",1200,57,0.882403303245393,0.878287997038299,NA,"oob_r2",-0.0570249113942929,0.0196078431372549,TRUE,0.932542563304814,0.632804232804233,"cord_pic"
"CD4_T","ERG","lm",1200,57,NA,0.862479507523864,NA,"cv_r2",-0.0433383594830505,0.0196078431372549,TRUE,NA,NA,"cord_pic"
"CD4_T","ERG","ridge",1200,57,NA,0.86260846555635,NA,"cv_r2",-0.000405752951280114,0.0196078431372549,TRUE,NA,NA,"cord_pic"
"CD4_T","ERG","spearman",1200,57,NA,0.636604227668079,NA,"cv_r2",0.00151678053580725,0.0196078431372549,TRUE,NA,NA,"cord_pic"
"CD4_T","KLF1","rf",1200,57,0.836992803068701,0.831716521843805,NA,"oob_r2",-0.0498653496613189,0.0196078431372549,TRUE,0.932824878287673,0.722751322751323,"cord_pic"
"CD4_T","KLF1","lm",1200,57,NA,0.815439933538624,NA,"cv_r2",-0.0438827869100936,0.0196078431372549,TRUE,NA,NA,"cord_pic"
"CD4_T","KLF1","ridge",1200,57,NA,0.8167849921394,NA,"cv_r2",-0.000467847835302572,0.0196078431372549,TRUE,NA,NA,"cord_pic"
"CD4_T","KLF1","spearman",1200,57,NA,0.653354809477883,NA,"cv_r2",0.000823323272864499,0.0196078431372549,TRUE,NA,NA,"cord_pic"
"CD4_T","MYC","rf",1200,57,0.844073355549216,0.84202198749848,NA,"oob_r2",-0.0477989769262077,0.0196078431372549,TRUE,0.949467058450725,0.627513227513227,"cord_pic"
"CD4_T","MYC","lm",1200,57,NA,0.829903626422971,NA,"cv_r2",-0.0460953630873462,0.0196078431372549,TRUE,NA,NA,"cord_pic"
"CD4_T","MYC","ridge",1200,57,NA,0.82924102757016,NA,"cv_r2",-0.000535948180384416,0.0196078431372549,TRUE,NA,NA,"cord_pic"
"CD4_T","MYC","spearman",1200,57,NA,0.692590329637508,NA,"cv_r2",0.00352019093755333,0.0196078431372549,TRUE,NA,NA,"cord_pic"
"CD4_T","ID1","rf",1200,57,0.823755415194356,0.82261573349664,NA,"oob_r2",-0.0410987095636643,0.0196078431372549,TRUE,0.915041915132659,0.551058201058201,"cord_pic"
"CD4_T","ID1","lm",1200,57,NA,0.799049998944309,NA,"cv_r2",-0.0460143745964623,0.0196078431372549,TRUE,NA,NA,"cord_pic"
"CD4_T","ID1","ridge",1200,57,NA,0.799751533696245,NA,"cv_r2",-0.000442460573667802,0.0196078431372549,TRUE,NA,NA,"cord_pic"
"CD4_T","ID1","spearman",1200,57,NA,0.658612440653363,NA,"cv_r2",-0.00216834878050961,0.0196078431372549,TRUE,NA,NA,"cord_pic"
"CD4_T","ETV5","rf",1200,57,0.89564157030783,0.888198566098151,NA,"oob_r2",-0.0577531193197355,0.0196078431372549,TRUE,0.912789156800046,0.722751322751323,"cord_pic"
"CD4_T","ETV5","lm",1200,57,NA,0.878013688713724,NA,"cv_r2",-0.0376527763826738,0.0196078431372549,TRUE,NA,NA,"cord_pic"
"CD4_T","ETV5","ridge",1200,57,NA,0.878375387362076,NA,"cv_r2",-0.000577976990314777,0.0196078431372549,TRUE,NA,NA,"cord_pic"
"CD4_T","ETV5","spearman",1200,57,NA,0.63314292798914,NA,"cv_r2",-0.000245640127853066,0.0196078431372549,TRUE,NA,NA,"cord_pic"
"CD4_T","BACH2","rf",1200,57,0.838007287348035,0.836466440582884,NA,"oob_r2",-0.0447734313135016,0.0196078431372549,TRUE,0.923393253248063,0.571693121693122,"cord_pic"
"CD4_T","BACH2","lm",1200,57,NA,0.811617589814005,NA,"cv_r2",-0.0430702671565148,0.0196078431372549,TRUE,NA,NA,"cord_pic"
"CD4_T","BACH2","ridge",1200,57,NA,0.812521908333161,NA,"cv_r2",-0.000719187479672667,0.0196078431372549,TRUE,NA,NA,"cord_pic"
"CD4_T","BACH2","spearman",1200,57,NA,0.673202088247878,NA,"cv_r2",0.00115346830517881,0.0196078431372549,TRUE,NA,NA,"cord_pic"
"CD4_T","SALL4","rf",1200,57,0.851067466067959,0.846185900490249,NA,"oob_r2",-0.0459880495678125,0.0196078431372549,TRUE,0.938197505257397,0.8,"cord_pic"
"CD4_T","SALL4","lm",1200,57,NA,0.832726092216076,NA,"cv_r2",-0.0449468754836291,0.0196078431372549,TRUE,NA,NA,"cord_pic"
"CD4_T","SALL4","ridge",1200,57,NA,0.832362280159252,NA,"cv_r2",0.000455053927135799,0.0196078431372549,TRUE,NA,NA,"cord_pic"
"CD4_T","SALL4","spearman",1200,57,NA,0.698875989868456,NA,"cv_r2",0.00134406283997116,0.0196078431372549,TRUE,NA,NA,"cord_pic"
"CD4_T","FOXP3","rf",1200,57,0.875371318248383,0.872927676422996,NA,"oob_r2",-0.0457024488994274,0.0196078431372549,TRUE,0.916542793766024,0.632804232804233,"cord_pic"
"CD4_T","FOXP3","lm",1200,57,NA,0.872953201403466,NA,"cv_r2",-0.0453726272156566,0.0196078431372549,TRUE,NA,NA,"cord_pic"
"CD4_T","FOXP3","ridge",1200,57,NA,0.873239499786933,NA,"cv_r2",-0.000171207081447258,0.0196078431372549,TRUE,NA,NA,"cord_pic"
"CD4_T","FOXP3","spearman",1200,57,NA,0.682287461448888,NA,"cv_r2",0.00192651979872096,0.0196078431372549,TRUE,NA,NA,"cord_pic"
"CD4_T","ZFP82","rf",1200,57,0.863089056393683,0.862696316664993,NA,"oob_r2",-0.0417243960267667,0.0196078431372549,TRUE,0.911573473914672,0.568253968253968,"cord_pic"
"CD4_T","ZFP82","lm",1200,57,NA,0.843387701156137,NA,"cv_r2",-0.0431171001354571,0.0196078431372549,TRUE,NA,NA,"cord_pic"
"CD4_T","ZFP82","ridge",1200,57,NA,0.843584181711913,NA,"cv_r2",-0.000629530879146556,0.0196078431372549,TRUE,NA,NA,"cord_pic"
"CD4_T","ZFP82","spearman",1200,57,NA,0.691018299742888,NA,"cv_r2",0.000979843231440912,0.0196078431372549,TRUE,NA,NA,"cord_pic"
"CD4_T","EBF1","rf",1200,57,0.874222581509585,0.872714195280784,NA,"oob_r2",-0.0438927053286522,0.0196078431372549,TRUE,0.920415982484948,0.625396825396825,"cord_pic"
"CD4_T","EBF1","lm",1200,57,NA,0.85837290307767,NA,"cv_r2",-0.0392846202710286,0.0196078431372549,TRUE,NA,NA,"cord_pic"
"CD4_T","EBF1","ridge",1200,57,NA,0.858693007017735,NA,"cv_r2",-3.73979033520279e-05,0.0196078431372549,TRUE,NA,NA,"cord_pic"
"CD4_T","EBF1","spearman",1200,57,NA,0.674738083662691,NA,"cv_r2",-0.000242411239278132,0.0196078431372549,TRUE,NA,NA,"cord_pic"
"CD4_T","KLF3","rf",1200,57,0.858729168365309,0.862040940142488,NA,"oob_r2",-0.0437605987639774,0.0196078431372549,TRUE,0.925614323164233,0.767195767195767,"cord_pic"
"CD4_T","KLF3","lm",1200,57,NA,0.848200242676175,NA,"cv_r2",-0.0410776673895283,0.0196078431372549,TRUE,NA,NA,"cord_pic"
"CD4_T","KLF3","ridge",1200,57,NA,0.848151681016968,NA,"cv_r2",-0.000538846122381709,0.0196078431372549,TRUE,NA,NA,"cord_pic"
"CD4_T","KLF3","spearman",1200,57,NA,0.728435831403942,NA,"cv_r2",-0.000529781443301305,0.0196078431372549,TRUE,NA,NA,"cord_pic"
"CD4_T","PRDM1","rf",1200,57,0.897523132401826,0.885725564158076,NA,"oob_r2",-0.0546279701299635,0.0196078431372549,TRUE,0.913376832886815,0.608994708994709,"cord_pic"
"CD4_T","PRDM1","lm",1200,57,NA,0.878718698431568,NA,"cv_r2",-0.0430022743208148,0.0196078431372549,TRUE,NA,NA,"cord_pic"
"CD4_T","PRDM1","ridge",1200,57,NA,0.878824536308751,NA,"cv_r2",-0.000463538971289113,0.0196078431372549,TRUE,NA,NA,"cord_pic"
"CD4_T","PRDM1","spearman",1200,57,NA,0.590817188135949,NA,"cv_r2",0.00319474227337472,0.0196078431372549,TRUE,NA,NA,"cord_pic"
"CD4_T","BRCA1","rf",1200,57,0.830587714288704,0.831664989701991,NA,"oob_r2",-0.0394914682534574,0.0196078431372549,TRUE,0.892335724368392,0.597883597883598,"cord_pic"
"CD4_T","BRCA1","lm",1200,57,NA,0.815580765876616,NA,"cv_r2",-0.0390406039750359,0.0196078431372549,TRUE,NA,NA,"cord_pic"
"CD4_T","BRCA1","ridge",1200,57,NA,0.81598689536309,NA,"cv_r2",-0.000714142683402852,0.0196078431372549,TRUE,NA,NA,"cord_pic"
"CD4_T","BRCA1","spearman",1200,57,NA,0.696743749700911,NA,"cv_r2",0.000173118475315651,0.0196078431372549,TRUE,NA,NA,"cord_pic"
"CD4_T","EOMES","rf",1200,57,0.888341762653593,0.890068568392272,NA,"oob_r2",-0.0443035390003126,0.0196078431372549,TRUE,0.916973468153142,0.662433862433862,"cord_pic"
"CD4_T","EOMES","lm",1200,57,NA,0.879461159050335,NA,"cv_r2",-0.0420350195325705,0.0196078431372549,TRUE,NA,NA,"cord_pic"
"CD4_T","EOMES","ridge",1200,57,NA,0.879810850874499,NA,"cv_r2",-0.000369250137965061,0.0196078431372549,TRUE,NA,NA,"cord_pic"
"CD4_T","EOMES","spearman",1200,57,NA,0.660285225314548,NA,"cv_r2",0.00096168456130899,0.0196078431372549,TRUE,NA,NA,"cord_pic"
"CD4_T","HOXA9","rf",1200,57,0.847652885738979,0.847579233330226,NA,"oob_r2",-0.0513133509561143,0.0196078431372549,TRUE,0.913751332353873,0.605555555555556,"cord_pic"
"CD4_T","HOXA9","lm",1200,57,NA,0.814798680059894,NA,"cv_r2",-0.0396699784414235,0.0196078431372549,TRUE,NA,NA,"cord_pic"
"CD4_T","HOXA9","ridge",1200,57,NA,0.816345258726919,NA,"cv_r2",-0.000597276227036625,0.0196078431372549,TRUE,NA,NA,"cord_pic"
"CD4_T","HOXA9","spearman",1200,57,NA,0.674072722826544,NA,"cv_r2",0.00135756385272797,0.0196078431372549,TRUE,NA,NA,"cord_pic"
"CD4_T","SP100","rf",1200,57,0.855286797274456,0.850958708724572,NA,"oob_r2",-0.0391468859371368,0.0196078431372549,TRUE,0.911488491343301,0.676190476190476,"cord_pic"
"CD4_T","SP100","lm",1200,57,NA,0.830224862220974,NA,"cv_r2",-0.0438811599398919,0.0196078431372549,TRUE,NA,NA,"cord_pic"
"CD4_T","SP100","ridge",1200,57,NA,0.830873074447749,NA,"cv_r2",-0.000629843131329446,0.0196078431372549,TRUE,NA,NA,"cord_pic"
"CD4_T","SP100","spearman",1200,57,NA,0.704779457364529,NA,"cv_r2",0.00228593117133404,0.0196078431372549,TRUE,NA,NA,"cord_pic"
"CD4_T","HES1","rf",1200,57,0.857670165824094,0.855939824254109,NA,"oob_r2",-0.041201293092772,0.0196078431372549,TRUE,0.929210958430559,0.7005291005291,"cord_pic"
"CD4_T","HES1","lm",1200,57,NA,0.834415900312214,NA,"cv_r2",-0.0417913659311609,0.0196078431372549,TRUE,NA,NA,"cord_pic"
"CD4_T","HES1","ridge",1200,57,NA,0.834378238606937,NA,"cv_r2",-0.000295676246169431,0.0196078431372549,TRUE,NA,NA,"cord_pic"
"CD4_T","HES1","spearman",1200,57,NA,0.711891920301389,NA,"cv_r2",0.00188191676535428,0.0196078431372549,TRUE,NA,NA,"cord_pic"
"CD4_T","PAX5","rf",1200,57,0.823634904167458,0.824711040644765,NA,"oob_r2",-0.0384087000301727,0.0196078431372549,TRUE,0.919607927865641,0.738624338624339,"cord_pic"
"CD4_T","PAX5","lm",1200,57,NA,0.796213041748217,NA,"cv_r2",-0.042370165531053,0.0196078431372549,TRUE,NA,NA,"cord_pic"
"CD4_T","PAX5","ridge",1200,57,NA,0.797192411523787,NA,"cv_r2",-0.000458034119663686,0.0196078431372549,TRUE,NA,NA,"cord_pic"
"CD4_T","PAX5","spearman",1200,57,NA,0.651777684169028,NA,"cv_r2",0.00409025950073187,0.0196078431372549,TRUE,NA,NA,"cord_pic"
"CD4_T","STAT4","rf",1200,57,0.869772860264617,0.872604624414716,NA,"oob_r2",-0.0477301573672738,0.0196078431372549,TRUE,0.904998127502665,0.647619047619048,"cord_pic"
"CD4_T","STAT4","lm",1200,57,NA,0.860568844891326,NA,"cv_r2",-0.041349815070374,0.0196078431372549,TRUE,NA,NA,"cord_pic"
"CD4_T","STAT4","ridge",1200,57,NA,0.86091650677457,NA,"cv_r2",-0.000197869298059028,0.0196078431372549,TRUE,NA,NA,"cord_pic"
"CD4_T","STAT4","spearman",1200,57,NA,0.697389625999903,NA,"cv_r2",0.000703028374532615,0.0196078431372549,TRUE,NA,NA,"cord_pic"
"CD4_T","ID2","rf",1200,57,0.844105424245361,0.837384032364859,NA,"oob_r2",-0.0403277571186956,0.0196078431372549,TRUE,0.896609339440556,0.694179894179894,"cord_pic"
"CD4_T","ID2","lm",1200,57,NA,0.820469381129533,NA,"cv_r2",-0.0458447970553708,0.0196078431372549,TRUE,NA,NA,"cord_pic"
"CD4_T","ID2","ridge",1200,57,NA,0.820751577907331,NA,"cv_r2",-0.000324221809571645,0.0196078431372549,TRUE,NA,NA,"cord_pic"
"CD4_T","ID2","spearman",1200,57,NA,0.707256281854079,NA,"cv_r2",0.000795021483022868,0.0196078431372549,TRUE,NA,NA,"cord_pic"
"CD4_T","BDP1","rf",1200,57,0.85811353495663,0.85495649278614,NA,"oob_r2",-0.0403698677611368,0.0196078431372549,TRUE,0.916483738080834,0.694179894179894,"cord_pic"
"CD4_T","BDP1","lm",1200,57,NA,0.844550053667679,NA,"cv_r2",-0.0435845354747193,0.0196078431372549,TRUE,NA,NA,"cord_pic"
"CD4_T","BDP1","ridge",1200,57,NA,0.845790117973477,NA,"cv_r2",-0.000610563887564287,0.0196078431372549,TRUE,NA,NA,"cord_pic"
"CD4_T","BDP1","spearman",1200,57,NA,0.692647407325238,NA,"cv_r2",0.0024233214907477,0.0196078431372549,TRUE,NA,NA,"cord_pic"
"CD4_T","RFX3","rf",1200,57,0.858123969281375,0.856408057872154,NA,"oob_r2",-0.0427061506630302,0.0196078431372549,TRUE,0.910719327053266,0.667724867724868,"cord_pic"
"CD4_T","RFX3","lm",1200,57,NA,0.837135617681068,NA,"cv_r2",-0.0370818689237986,0.0196078431372549,TRUE,NA,NA,"cord_pic"
"CD4_T","RFX3","ridge",1200,57,NA,0.837003784982068,NA,"cv_r2",-0.000128589537226254,0.0196078431372549,TRUE,NA,NA,"cord_pic"
"CD4_T","RFX3","spearman",1200,57,NA,0.718886347778225,NA,"cv_r2",-0.0011310134413516,0.0196078431372549,TRUE,NA,NA,"cord_pic"
"CD4_T","ETV7","rf",1200,57,0.831119580199955,0.833663746831039,NA,"oob_r2",-0.0461572753754559,0.0196078431372549,TRUE,0.917359490680725,0.645502645502645,"cord_pic"
"CD4_T","ETV7","lm",1200,57,NA,0.823504180375248,NA,"cv_r2",-0.0417686398333126,0.0196078431372549,TRUE,NA,NA,"cord_pic"
"CD4_T","ETV7","ridge",1200,57,NA,0.823616769488655,NA,"cv_r2",-0.0004809937588408,0.0196078431372549,TRUE,NA,NA,"cord_pic"
"CD4_T","ETV7","spearman",1200,57,NA,0.671880241286067,NA,"cv_r2",-0.000223999113598729,0.0196078431372549,TRUE,NA,NA,"cord_pic"
"CD4_T","FOSL1","rf",1200,57,0.87007271560242,0.86781436213606,NA,"oob_r2",-0.0355393832591722,0.0196078431372549,TRUE,0.929553769481174,0.747089947089947,"cord_pic"
"CD4_T","FOSL1","lm",1200,57,NA,0.853831895237812,NA,"cv_r2",-0.0424505972296013,0.0196078431372549,TRUE,NA,NA,"cord_pic"
"CD4_T","FOSL1","ridge",1200,57,NA,0.85342479870221,NA,"cv_r2",-0.000283701431163843,0.0196078431372549,TRUE,NA,NA,"cord_pic"
"CD4_T","FOSL1","spearman",1200,57,NA,0.732015082928856,NA,"cv_r2",0.00247305833344227,0.0196078431372549,TRUE,NA,NA,"cord_pic"
"CD4_T","ETS1","rf",1200,57,0.872630200459685,0.871744334362192,NA,"oob_r2",-0.0382738159568239,0.0196078431372549,TRUE,0.924977674070233,0.670899470899471,"cord_pic"
"CD4_T","ETS1","lm",1200,57,NA,0.861368493356189,NA,"cv_r2",-0.0433977918024909,0.0196078431372549,TRUE,NA,NA,"cord_pic"
"CD4_T","ETS1","ridge",1200,57,NA,0.861838801658737,NA,"cv_r2",-0.000287152544777247,0.0196078431372549,TRUE,NA,NA,"cord_pic"
"CD4_T","ETS1","spearman",1200,57,NA,0.729248068572107,NA,"cv_r2",0.000801787257570195,0.0196078431372549,TRUE,NA,NA,"cord_pic"
"CD4_T","XBP1","rf",1200,57,0.864003187409091,0.863588676048932,NA,"oob_r2",-0.0383758583956217,0.0196078431372549,TRUE,0.906033762567338,0.774603174603175,"cord_pic"
"CD4_T","XBP1","lm",1200,57,NA,0.857204684678492,NA,"cv_r2",-0.0389957983476721,0.0196078431372549,TRUE,NA,NA,"cord_pic"
"CD4_T","XBP1","ridge",1200,57,NA,0.8563332756923,NA,"cv_r2",-0.000423864686000397,0.0196078431372549,TRUE,NA,NA,"cord_pic"
"CD4_T","XBP1","spearman",1200,57,NA,0.755154771760412,NA,"cv_r2",0.00293533109997708,0.0196078431372549,TRUE,NA,NA,"cord_pic"
"CD4_T","NFIA","rf",1200,57,0.890496385629662,0.888678755574545,NA,"oob_r2",-0.0372185520757873,0.0196078431372549,TRUE,0.913509348082851,0.71005291005291,"cord_pic"
"CD4_T","NFIA","lm",1200,57,NA,0.862766332356791,NA,"cv_r2",-0.0429939038960164,0.0196078431372549,TRUE,NA,NA,"cord_pic"
"CD4_T","NFIA","ridge",1200,57,NA,0.862602568228794,NA,"cv_r2",-0.000175338607505449,0.0196078431372549,TRUE,NA,NA,"cord_pic"
"CD4_T","NFIA","spearman",1200,57,NA,0.763358405591459,NA,"cv_r2",0.00267028914492434,0.0196078431372549,TRUE,NA,NA,"cord_pic"
"CD4_T","FOSL2","rf",1200,57,0.883801196568327,0.883680103018335,NA,"oob_r2",-0.0415799915208098,0.0196078431372549,TRUE,0.93167113185262,0.692063492063492,"cord_pic"
"CD4_T","FOSL2","lm",1200,57,NA,0.868531313761709,NA,"cv_r2",-0.0426387977294329,0.0196078431372549,TRUE,NA,NA,"cord_pic"
"CD4_T","FOSL2","ridge",1200,57,NA,0.868183244425234,NA,"cv_r2",-0.000404301454218927,0.0196078431372549,TRUE,NA,NA,"cord_pic"
"CD4_T","FOSL2","spearman",1200,57,NA,0.724107702416695,NA,"cv_r2",0.00202187207389022,0.0196078431372549,TRUE,NA,NA,"cord_pic"
"CD4_T","EGR3","rf",1200,57,0.893165216714147,0.892135183580496,NA,"oob_r2",-0.0349787128604351,0.0196078431372549,TRUE,0.882045631319679,0.656084656084656,"cord_pic"
"CD4_T","EGR3","lm",1200,57,NA,0.884459360815505,NA,"cv_r2",-0.0402258731865055,0.0196078431372549,TRUE,NA,NA,"cord_pic"
"CD4_T","EGR3","ridge",1200,57,NA,0.884086073335341,NA,"cv_r2",1.84960493407374e-05,0.0196078431372549,TRUE,NA,NA,"cord_pic"
"CD4_T","EGR3","spearman",1200,57,NA,0.766945859127824,NA,"cv_r2",-0.00149902793705821,0.0196078431372549,TRUE,NA,NA,"cord_pic"
"CD4_T","KLF2","rf",1200,57,0.862093481568755,0.864468562659496,NA,"oob_r2",-0.0388190439623111,0.0196078431372549,TRUE,0.929185031544378,0.62010582010582,"cord_pic"
"CD4_T","KLF2","lm",1200,57,NA,0.848935052391666,NA,"cv_r2",-0.0420278399647597,0.0196078431372549,TRUE,NA,NA,"cord_pic"
"CD4_T","KLF2","ridge",1200,57,NA,0.849186473873775,NA,"cv_r2",-0.000421986228343763,0.0196078431372549,TRUE,NA,NA,"cord_pic"
"CD4_T","KLF2","spearman",1200,57,NA,0.690035926414158,NA,"cv_r2",0.00183760151063198,0.0196078431372549,TRUE,NA,NA,"cord_pic"
"CD4_T","BATF3","rf",1200,57,0.852232131624917,0.854017058174208,NA,"oob_r2",-0.0381917472357231,0.0196078431372549,TRUE,0.910925301760148,0.594708994708995,"cord_pic"
"CD4_T","BATF3","lm",1200,57,NA,0.841401855917571,NA,"cv_r2",-0.0383202009108513,0.0196078431372549,TRUE,NA,NA,"cord_pic"
"CD4_T","BATF3","ridge",1200,57,NA,0.842709416982373,NA,"cv_r2",-0.000362786428593565,0.0196078431372549,TRUE,NA,NA,"cord_pic"
"CD4_T","BATF3","spearman",1200,57,NA,0.714044170376862,NA,"cv_r2",0.00307787300853411,0.0196078431372549,TRUE,NA,NA,"cord_pic"
"CD4_T","MITF","rf",1200,57,0.881916129901564,0.881248359171014,NA,"oob_r2",-0.0357008331562283,0.0196078431372549,TRUE,0.924400080661424,0.792592592592593,"cord_pic"
"CD4_T","MITF","lm",1200,57,NA,0.854924471586195,NA,"cv_r2",-0.0420996410495628,0.0196078431372549,TRUE,NA,NA,"cord_pic"
"CD4_T","MITF","ridge",1200,57,NA,0.855317481905798,NA,"cv_r2",-0.000544326151213482,0.0196078431372549,TRUE,NA,NA,"cord_pic"
"CD4_T","MITF","spearman",1200,57,NA,0.755027182052092,NA,"cv_r2",-0.000400960162672416,0.0196078431372549,TRUE,NA,NA,"cord_pic"
"CD4_T","MAFB","rf",1200,57,0.873405608360939,0.874800059346944,NA,"oob_r2",-0.0418408588288352,0.0196078431372549,TRUE,0.923348601388529,0.769312169312169,"cord_pic"
"CD4_T","MAFB","lm",1200,57,NA,0.862779196247543,NA,"cv_r2",-0.0420477635793833,0.0196078431372549,TRUE,NA,NA,"cord_pic"
"CD4_T","MAFB","ridge",1200,57,NA,0.862731714145256,NA,"cv_r2",-0.000704069199913605,0.0196078431372549,TRUE,NA,NA,"cord_pic"
"CD4_T","MAFB","spearman",1200,57,NA,0.735084956874122,NA,"cv_r2",0.00219552182656863,0.0196078431372549,TRUE,NA,NA,"cord_pic"
"CD4_T","NR4A1","rf",1200,57,0.864655213747132,0.859971749549997,NA,"oob_r2",-0.0375432278928702,0.0196078431372549,TRUE,0.926583700630888,0.595767195767196,"cord_pic"
"CD4_T","NR4A1","lm",1200,57,NA,0.849939929650085,NA,"cv_r2",-0.040806347317304,0.0196078431372549,TRUE,NA,NA,"cord_pic"
"CD4_T","NR4A1","ridge",1200,57,NA,0.85064368612786,NA,"cv_r2",-0.000502762493694265,0.0196078431372549,TRUE,NA,NA,"cord_pic"
"CD4_T","NR4A1","spearman",1200,57,NA,0.667622565399964,NA,"cv_r2",-0.000590634046703565,0.0196078431372549,TRUE,NA,NA,"cord_pic"
"CD4_T","MAFA","rf",1200,57,0.884827414517345,0.884780403365104,NA,"oob_r2",-0.0310536314536074,0.0196078431372549,TRUE,0.910098522167488,0.683597883597884,"cord_pic"
"CD4_T","MAFA","lm",1200,57,NA,0.8695679293403,NA,"cv_r2",-0.0450428160392726,0.0196078431372549,TRUE,NA,NA,"cord_pic"
"CD4_T","MAFA","ridge",1200,57,NA,0.868511902014159,NA,"cv_r2",-0.000248954139878467,0.0196078431372549,TRUE,NA,NA,"cord_pic"
"CD4_T","MAFA","spearman",1200,57,NA,0.767488880998901,NA,"cv_r2",0.00144879059892937,0.0196078431372549,TRUE,NA,NA,"cord_pic"
"CD4_T","NFKB2","rf",1200,57,0.860817350835946,0.861307103000301,NA,"oob_r2",-0.0329539480593453,0.0196078431372549,TRUE,0.922798375248466,0.792592592592593,"cord_pic"
"CD4_T","NFKB2","lm",1200,57,NA,0.854526148184141,NA,"cv_r2",-0.0441699465710542,0.0196078431372549,TRUE,NA,NA,"cord_pic"
"CD4_T","NFKB2","ridge",1200,57,NA,0.854861897588559,NA,"cv_r2",0.000243847690884702,0.0196078431372549,TRUE,NA,NA,"cord_pic"
"CD4_T","NFKB2","spearman",1200,57,NA,0.715573852105334,NA,"cv_r2",0.00264354198887652,0.0196078431372549,TRUE,NA,NA,"cord_pic"
"CD4_T","NR4A2","rf",1200,57,0.875930650205065,0.872700592597465,NA,"oob_r2",-0.0388482575646391,0.0196078431372549,TRUE,0.918491631377294,0.868783068783069,"cord_pic"
"CD4_T","NR4A2","lm",1200,57,NA,0.860489793073186,NA,"cv_r2",-0.041967447334486,0.0196078431372549,TRUE,NA,NA,"cord_pic"
"CD4_T","NR4A2","ridge",1200,57,NA,0.860565352307094,NA,"cv_r2",-0.000520397978970334,0.0196078431372549,TRUE,NA,NA,"cord_pic"
"CD4_T","NR4A2","spearman",1200,57,NA,0.74184097509131,NA,"cv_r2",0.00178909900746305,0.0196078431372549,TRUE,NA,NA,"cord_pic"
"CD4_T","IKZF2","rf",1200,57,0.865673925830954,0.859936685328356,NA,"oob_r2",-0.0396634680871249,0.0196078431372549,TRUE,0.926683087027915,0.724867724867725,"cord_pic"
"CD4_T","IKZF2","lm",1200,57,NA,0.838219303276876,NA,"cv_r2",-0.0413580809123446,0.0196078431372549,TRUE,NA,NA,"cord_pic"
"CD4_T","IKZF2","ridge",1200,57,NA,0.838905675682792,NA,"cv_r2",-0.000188020845543913,0.0196078431372549,TRUE,NA,NA,"cord_pic"
"CD4_T","IKZF2","spearman",1200,57,NA,0.709875965702288,NA,"cv_r2",0.00171394408556026,0.0196078431372549,TRUE,NA,NA,"cord_pic"
"CD4_T","POU2F2","rf",1200,57,0.863894636455784,0.861364845477066,NA,"oob_r2",-0.0392503062964143,0.0196078431372549,TRUE,0.90762106415464,0.625396825396825,"cord_pic"
"CD4_T","POU2F2","lm",1200,57,NA,0.832563242608744,NA,"cv_r2",-0.0409185438241138,0.0196078431372549,TRUE,NA,NA,"cord_pic"
"CD4_T","POU2F2","ridge",1200,57,NA,0.833011959393897,NA,"cv_r2",-0.000576223370527564,0.0196078431372549,TRUE,NA,NA,"cord_pic"
"CD4_T","POU2F2","spearman",1200,57,NA,0.695651844100502,NA,"cv_r2",0.00319601668012638,0.0196078431372549,TRUE,NA,NA,"cord_pic"
"CD4_T","HIVEP3","rf",1200,57,0.868499804482579,0.870148918361574,NA,"oob_r2",-0.0326478735779448,0.0196078431372549,TRUE,0.904092126868897,0.638359788359788,"cord_pic"
"CD4_T","HIVEP3","lm",1200,57,NA,0.859930643465668,NA,"cv_r2",-0.0432404352945158,0.0196078431372549,TRUE,NA,NA,"cord_pic"
"CD4_T","HIVEP3","ridge",1200,57,NA,0.860487688651485,NA,"cv_r2",-0.000137208289220215,0.0196078431372549,TRUE,NA,NA,"cord_pic"
"CD4_T","HIVEP3","spearman",1200,57,NA,0.721926194389144,NA,"cv_r2",-0.00112806681221987,0.0196078431372549,TRUE,NA,NA,"cord_pic"
"CD4_T","AR","rf",1200,57,0.886297518099916,0.887396807404132,NA,"oob_r2",-0.0382928133348347,0.0196078431372549,TRUE,0.902267162158269,0.729100529100529,"cord_pic"
"CD4_T","AR","lm",1200,57,NA,0.87271810644616,NA,"cv_r2",-0.0406164574449937,0.0196078431372549,TRUE,NA,NA,"cord_pic"
"CD4_T","AR","ridge",1200,57,NA,0.87300426079654,NA,"cv_r2",0.000102393954484924,0.0196078431372549,TRUE,NA,NA,"cord_pic"
"CD4_T","AR","spearman",1200,57,NA,0.74450781940479,NA,"cv_r2",0.00037038004986433,0.0196078431372549,TRUE,NA,NA,"cord_pic"
"CD4_T","SMAD1","rf",1200,57,0.869133838665727,0.871610427761472,NA,"oob_r2",-0.0462762277242626,0.0196078431372549,TRUE,0.928188286808977,0.868783068783069,"cord_pic"
"CD4_T","SMAD1","lm",1200,57,NA,0.854565806749686,NA,"cv_r2",-0.0398985037658544,0.0196078431372549,TRUE,NA,NA,"cord_pic"
"CD4_T","SMAD1","ridge",1200,57,NA,0.854037638045837,NA,"cv_r2",-0.000145237815687483,0.0196078431372549,TRUE,NA,NA,"cord_pic"
"CD4_T","SMAD1","spearman",1200,57,NA,0.748514623910173,NA,"cv_r2",0.00244417385481576,0.0196078431372549,TRUE,NA,NA,"cord_pic"
"CD4_T","JUND","rf",1200,57,0.901903937925622,0.904686387926726,NA,"oob_r2",-0.0265739653981393,0.0196078431372549,TRUE,0.916446288134129,0.826455026455026,"cord_pic"
"CD4_T","JUND","lm",1200,57,NA,0.888133724069037,NA,"cv_r2",-0.0406606585578397,0.0196078431372549,TRUE,NA,NA,"cord_pic"
"CD4_T","JUND","ridge",1200,57,NA,0.887909205571926,NA,"cv_r2",0.000575208537127227,0.0196078431372549,TRUE,NA,NA,"cord_pic"
"CD4_T","JUND","spearman",1200,57,NA,0.765384240768243,NA,"cv_r2",0.00311221369771847,0.0196078431372549,TRUE,NA,NA,"cord_pic"
"CD4_T","TCF4","rf",1200,57,0.866410627593699,0.867736758080728,NA,"oob_r2",-0.0350297978192989,0.0196078431372549,TRUE,0.928760118687524,0.697354497354497,"cord_pic"
"CD4_T","TCF4","lm",1200,57,NA,0.849240711721865,NA,"cv_r2",-0.041609802208373,0.0196078431372549,TRUE,NA,NA,"cord_pic"
"CD4_T","TCF4","ridge",1200,57,NA,0.849403400100651,NA,"cv_r2",-0.000358699311296396,0.0196078431372549,TRUE,NA,NA,"cord_pic"
"CD4_T","TCF4","spearman",1200,57,NA,0.722380749539731,NA,"cv_r2",0.00245894815154521,0.0196078431372549,TRUE,NA,NA,"cord_pic"
"CD4_T","GATA3","rf",1200,57,0.894265583231358,0.896541231021641,NA,"oob_r2",-0.0310220695864895,0.0196078431372549,TRUE,0.910529196554605,0.762962962962963,"cord_pic"
"CD4_T","GATA3","lm",1200,57,NA,0.871919405331387,NA,"cv_r2",-0.0405858509016999,0.0196078431372549,TRUE,NA,NA,"cord_pic"
"CD4_T","GATA3","ridge",1200,57,NA,0.872700477692348,NA,"cv_r2",-0.000483646611927713,0.0196078431372549,TRUE,NA,NA,"cord_pic"
"CD4_T","GATA3","spearman",1200,57,NA,0.733833647411026,NA,"cv_r2",0.000927160029979256,0.0196078431372549,TRUE,NA,NA,"cord_pic"
"CD4_T","CEBPB","rf",1200,57,0.863468060051956,0.86559607327151,NA,"oob_r2",-0.0422803380374386,0.0196078431372549,TRUE,0.908427678391381,0.761904761904762,"cord_pic"
"CD4_T","CEBPB","lm",1200,57,NA,0.85314845483644,NA,"cv_r2",-0.0450390888148126,0.0196078431372549,TRUE,NA,NA,"cord_pic"
"CD4_T","CEBPB","ridge",1200,57,NA,0.853610632581886,NA,"cv_r2",-0.000165294792974624,0.0196078431372549,TRUE,NA,NA,"cord_pic"
"CD4_T","CEBPB","spearman",1200,57,NA,0.698066153386598,NA,"cv_r2",0.00260238278363369,0.0196078431372549,TRUE,NA,NA,"cord_pic"
"CD4_T","FOS","rf",1200,57,0.861959680533482,0.867862700227685,NA,"oob_r2",-0.0332516741156156,0.0196078431372549,TRUE,0.883704952035261,0.633068783068783,"cord_pic"
"CD4_T","FOS","lm",1200,57,NA,0.83879681561747,NA,"cv_r2",-0.040460573174395,0.0196078431372549,TRUE,NA,NA,"cord_pic"
"CD4_T","FOS","ridge",1200,57,NA,0.839027350071922,NA,"cv_r2",-0.000285013246566202,0.0196078431372549,TRUE,NA,NA,"cord_pic"
"CD4_T","FOS","spearman",1200,57,NA,0.688032631572661,NA,"cv_r2",-0.000101202807825196,0.0196078431372549,TRUE,NA,NA,"cord_pic"
"CD4_T","SPI1","rf",1200,57,0.87618936485639,0.871228698776151,NA,"oob_r2",-0.0381933444297899,0.0196078431372549,TRUE,0.924823553135713,0.688888888888889,"cord_pic"
"CD4_T","SPI1","lm",1200,57,NA,0.853758573891001,NA,"cv_r2",-0.042818426915468,0.0196078431372549,TRUE,NA,NA,"cord_pic"
"CD4_T","SPI1","ridge",1200,57,NA,0.85416403338045,NA,"cv_r2",-0.000173318210651941,0.0196078431372549,TRUE,NA,NA,"cord_pic"
"CD4_T","SPI1","spearman",1200,57,NA,0.715152863486537,NA,"cv_r2",-0.000614491011247013,0.0196078431372549,TRUE,NA,NA,"cord_pic"
"CD4_T","JUNB","rf",1200,57,0.892050856924264,0.891124000957076,NA,"oob_r2",-0.0266586096910239,0.0196078431372549,TRUE,0.908476651398612,0.77037037037037,"cord_pic"
"CD4_T","JUNB","lm",1200,57,NA,0.875991409610217,NA,"cv_r2",-0.0396608095077628,0.0196078431372549,TRUE,NA,NA,"cord_pic"
"CD4_T","JUNB","ridge",1200,57,NA,0.875553735280512,NA,"cv_r2",-0.000283420418368829,0.0196078431372549,TRUE,NA,NA,"cord_pic"
"CD4_T","JUNB","spearman",1200,57,NA,0.760274096750201,NA,"cv_r2",0.000806702107534916,0.0196078431372549,TRUE,NA,NA,"cord_pic"
"CD4_T","JUN","rf",1200,57,0.877382039181371,0.876993320099242,NA,"oob_r2",-0.0382058810462998,0.0196078431372549,TRUE,0.882093163944344,0.648677248677249,"cord_pic"
"CD4_T","JUN","lm",1200,57,NA,0.856401318234267,NA,"cv_r2",-0.0386795845217194,0.0196078431372549,TRUE,NA,NA,"cord_pic"
"CD4_T","JUN","ridge",1200,57,NA,0.8566582385761,NA,"cv_r2",-0.000630262207428912,0.0196078431372549,TRUE,NA,NA,"cord_pic"
"CD4_T","JUN","spearman",1200,57,NA,0.724677885721638,NA,"cv_r2",0.00244562053167284,0.0196078431372549,TRUE,NA,NA,"cord_pic"
"CD4_T","MYCN","rf",1200,57,0.86391872600459,0.863468199909418,NA,"oob_r2",-0.0373570230002241,0.0196078431372549,TRUE,0.914884913433008,0.6994708994709,"cord_pic"
"CD4_T","MYCN","lm",1200,57,NA,0.837950077436021,NA,"cv_r2",-0.0430811579835729,0.0196078431372549,TRUE,NA,NA,"cord_pic"
"CD4_T","MYCN","ridge",1200,57,NA,0.838202065514571,NA,"cv_r2",-0.00025673700056964,0.0196078431372549,TRUE,NA,NA,"cord_pic"
"CD4_T","MYCN","spearman",1200,57,NA,0.725360327460591,NA,"cv_r2",0.000729399827757065,0.0196078431372549,TRUE,NA,NA,"cord_pic"
"CD4_T","FOXP1","rf",1200,57,0.87926685757183,0.878182481101324,NA,"oob_r2",-0.0333628459198785,0.0196078431372549,TRUE,0.919648258577478,0.692063492063492,"cord_pic"
"CD4_T","FOXP1","lm",1200,57,NA,0.863383704127284,NA,"cv_r2",-0.0428151195079669,0.0196078431372549,TRUE,NA,NA,"cord_pic"
"CD4_T","FOXP1","ridge",1200,57,NA,0.864037210770584,NA,"cv_r2",-0.000399807496362781,0.0196078431372549,TRUE,NA,NA,"cord_pic"
"CD4_T","FOXP1","spearman",1200,57,NA,0.726484455689413,NA,"cv_r2",0.00293724944132013,0.0196078431372549,TRUE,NA,NA,"cord_pic"
"CD4_T","BHLHE40","rf",1200,57,0.894010180988426,0.892276291460362,NA,"oob_r2",-0.0497524545063415,0.0196078431372549,TRUE,0.91514994382508,0.702645502645503,"cord_pic"
"CD4_T","BHLHE40","lm",1200,57,NA,0.87589660124604,NA,"cv_r2",-0.0416677704649547,0.0196078431372549,TRUE,NA,NA,"cord_pic"
"CD4_T","BHLHE40","ridge",1200,57,NA,0.876179378791755,NA,"cv_r2",-0.000158321266722417,0.0196078431372549,TRUE,NA,NA,"cord_pic"
"CD4_T","BHLHE40","spearman",1200,57,NA,0.706743303675404,NA,"cv_r2",-0.000452531249187972,0.0196078431372549,TRUE,NA,NA,"cord_pic"
"CD4_T","IRF8","rf",1200,57,0.874354358806736,0.875208660874003,NA,"oob_r2",-0.0388266839204899,0.0196078431372549,TRUE,0.918745138708841,0.648677248677249,"cord_pic"
"CD4_T","IRF8","lm",1200,57,NA,0.861507367143109,NA,"cv_r2",-0.0409693837443586,0.0196078431372549,TRUE,NA,NA,"cord_pic"
"CD4_T","IRF8","ridge",1200,57,NA,0.862995403529616,NA,"cv_r2",-0.000359206489488086,0.0196078431372549,TRUE,NA,NA,"cord_pic"
"CD4_T","IRF8","spearman",1200,57,NA,0.707016472835454,NA,"cv_r2",0.00280932889633365,0.0196078431372549,TRUE,NA,NA,"cord_pic"
"CD4_T","BCL11A","rf",1200,57,0.890928017290778,0.893860035531401,NA,"oob_r2",-0.0329467729156172,0.0196078431372549,TRUE,0.920649324460577,0.643386243386243,"cord_pic"
"CD4_T","BCL11A","lm",1200,57,NA,0.879942461861969,NA,"cv_r2",-0.0443271950320612,0.0196078431372549,TRUE,NA,NA,"cord_pic"
"CD4_T","BCL11A","ridge",1200,57,NA,0.879851159067496,NA,"cv_r2",-0.000350891065020932,0.0196078431372549,TRUE,NA,NA,"cord_pic"
"CD4_T","BCL11A","spearman",1200,57,NA,0.749807622838882,NA,"cv_r2",0.00203434376634321,0.0196078431372549,TRUE,NA,NA,"cord_pic"
"CD4_T","TEAD2","rf",1200,57,0.88066588076888,0.878008346783307,NA,"oob_r2",-0.0393040905789924,0.0196078431372549,TRUE,0.928047129317547,0.64021164021164,"cord_pic"
"CD4_T","TEAD2","lm",1200,57,NA,0.863512613963325,NA,"cv_r2",-0.0393772219247237,0.0196078431372549,TRUE,NA,NA,"cord_pic"
"CD4_T","TEAD2","ridge",1200,57,NA,0.863677124608832,NA,"cv_r2",-0.000774234351771852,0.0196078431372549,TRUE,NA,NA,"cord_pic"
"CD4_T","TEAD2","spearman",1200,57,NA,0.741801525327027,NA,"cv_r2",-0.000214755897739174,0.0196078431372549,TRUE,NA,NA,"cord_pic"
"CD4_T","NF1","rf",1200,57,0.883221964069125,0.879086335166635,NA,"oob_r2",-0.0381434075414029,0.0196078431372549,TRUE,0.928858064701985,0.82962962962963,"cord_pic"
"CD4_T","NF1","lm",1200,57,NA,0.863130490941951,NA,"cv_r2",-0.0408154659310183,0.0196078431372549,TRUE,NA,NA,"cord_pic"
"CD4_T","NF1","ridge",1200,57,NA,0.86299623649031,NA,"cv_r2",1.54271586767265e-05,0.0196078431372549,TRUE,NA,NA,"cord_pic"
"CD4_T","NF1","spearman",1200,57,NA,0.755465646219435,NA,"cv_r2",-0.00024118581284763,0.0196078431372549,TRUE,NA,NA,"cord_pic"
"CD4_T","KLF6","rf",1200,57,0.837185706334541,0.8426167444062,NA,"oob_r2",-0.0418706362184409,0.0196078431372549,TRUE,0.93650361536024,0.767195767195767,"cord_pic"
"CD4_T","KLF6","lm",1200,57,NA,0.825495688670361,NA,"cv_r2",-0.0439466046331929,0.0196078431372549,TRUE,NA,NA,"cord_pic"
"CD4_T","KLF6","ridge",1200,57,NA,0.824935336684207,NA,"cv_r2",-0.000410690641521639,0.0196078431372549,TRUE,NA,NA,"cord_pic"
"CD4_T","KLF6","spearman",1200,57,NA,0.693114528840906,NA,"cv_r2",0.000307550536120142,0.0196078431372549,TRUE,NA,NA,"cord_pic"
"CD4_T","ZNF143","rf",1200,57,0.881965859002586,0.881144383135293,NA,"oob_r2",-0.038489570390861,0.0196078431372549,TRUE,0.928820614755279,0.755555555555556,"cord_pic"
"CD4_T","ZNF143","lm",1200,57,NA,0.86954051204571,NA,"cv_r2",-0.0437079153384555,0.0196078431372549,TRUE,NA,NA,"cord_pic"
"CD4_T","ZNF143","ridge",1200,57,NA,0.869495031457097,NA,"cv_r2",-0.000764674014884503,0.0196078431372549,TRUE,NA,NA,"cord_pic"
"CD4_T","ZNF143","spearman",1200,57,NA,0.730829131681668,NA,"cv_r2",0.00168561678824818,0.0196078431372549,TRUE,NA,NA,"cord_pic"
"CD4_T","NR4A3","rf",1200,57,0.856629737442368,0.855097539782092,NA,"oob_r2",-0.044509983090636,0.0196078431372549,TRUE,0.920907152939821,0.755555555555556,"cord_pic"
"CD4_T","NR4A3","lm",1200,57,NA,0.836632966007421,NA,"cv_r2",-0.0419041735911043,0.0196078431372549,TRUE,NA,NA,"cord_pic"
"CD4_T","NR4A3","ridge",1200,57,NA,0.837454308917161,NA,"cv_r2",-0.000393802789240383,0.0196078431372549,TRUE,NA,NA,"cord_pic"
"CD4_T","NR4A3","spearman",1200,57,NA,0.721698090612468,NA,"cv_r2",-0.000125574592469714,0.0196078431372549,TRUE,NA,NA,"cord_pic"
"CD4_T","ARID3A","rf",1200,57,0.882942913152612,0.877834737709361,NA,"oob_r2",-0.0321862045689822,0.0196078431372549,TRUE,0.910598334917754,0.706878306878307,"cord_pic"
"CD4_T","ARID3A","lm",1200,57,NA,0.858558125168027,NA,"cv_r2",-0.0398537052758606,0.0196078431372549,TRUE,NA,NA,"cord_pic"
"CD4_T","ARID3A","ridge",1200,57,NA,0.858913378962956,NA,"cv_r2",-0.000418348892649689,0.0196078431372549,TRUE,NA,NA,"cord_pic"
"CD4_T","ARID3A","spearman",1200,57,NA,0.713726431970286,NA,"cv_r2",0.00173934753594522,0.0196078431372549,TRUE,NA,NA,"cord_pic"
"CD4_T","ZEB1","rf",1200,57,0.893470023632736,0.894896907450536,NA,"oob_r2",-0.0336554745716015,0.0196078431372549,TRUE,0.918580935096362,0.77037037037037,"cord_pic"
"CD4_T","ZEB1","lm",1200,57,NA,0.872212897165446,NA,"cv_r2",-0.0426129330220831,0.0196078431372549,TRUE,NA,NA,"cord_pic"
"CD4_T","ZEB1","ridge",1200,57,NA,0.871806647314931,NA,"cv_r2",-0.000581426916385641,0.0196078431372549,TRUE,NA,NA,"cord_pic"
"CD4_T","ZEB1","spearman",1200,57,NA,0.751742484585468,NA,"cv_r2",-0.000598145208543855,0.0196078431372549,TRUE,NA,NA,"cord_pic"
"CD4_T","TBX21","rf",1200,57,0.88742542580275,0.888104617172436,NA,"oob_r2",-0.0478509075626947,0.0196078431372549,TRUE,0.922186212658082,0.565608465608466,"cord_pic"
"CD4_T","TBX21","lm",1200,57,NA,0.880743832428598,NA,"cv_r2",-0.04019812632752,0.0196078431372549,TRUE,NA,NA,"cord_pic"
"CD4_T","TBX21","ridge",1200,57,NA,0.88049465275758,NA,"cv_r2",-0.000548086668370753,0.0196078431372549,TRUE,NA,NA,"cord_pic"
"CD4_T","TBX21","spearman",1200,57,NA,0.699710030531229,NA,"cv_r2",-0.00174229545259422,0.0196078431372549,TRUE,NA,NA,"cord_pic"
"CD4_T","PRDM16","rf",1200,57,0.884452230759892,0.886564875385507,NA,"oob_r2",-0.0409995719707084,0.0196078431372549,TRUE,0.919361622446922,0.694179894179894,"cord_pic"
"CD4_T","PRDM16","lm",1200,57,NA,0.869110017966188,NA,"cv_r2",-0.0425486067979171,0.0196078431372549,TRUE,NA,NA,"cord_pic"
"CD4_T","PRDM16","ridge",1200,57,NA,0.869130813823785,NA,"cv_r2",0.000160191980337159,0.0196078431372549,TRUE,NA,NA,"cord_pic"
"CD4_T","PRDM16","spearman",1200,57,NA,0.733308996753886,NA,"cv_r2",0.00304042426593675,0.0196078431372549,TRUE,NA,NA,"cord_pic"
"CD4_T","REL","rf",1200,57,0.875750936672639,0.8763447536392,NA,"oob_r2",-0.0394617499299447,0.0196078431372549,TRUE,0.905205542592113,0.695238095238095,"cord_pic"
"CD4_T","REL","lm",1200,57,NA,0.86066823487134,NA,"cv_r2",-0.0433717122772968,0.0196078431372549,TRUE,NA,NA,"cord_pic"
"CD4_T","REL","ridge",1200,57,NA,0.861159811040558,NA,"cv_r2",-0.000432376281617842,0.0196078431372549,TRUE,NA,NA,"cord_pic"
"CD4_T","REL","spearman",1200,57,NA,0.733150493100657,NA,"cv_r2",0.00153886492107948,0.0196078431372549,TRUE,NA,NA,"cord_pic"
"CD4_T","CREB3L2","rf",1200,57,0.899093772662243,0.89587293793998,NA,"oob_r2",-0.0358357697378694,0.0196078431372549,TRUE,0.919265116815026,0.737566137566138,"cord_pic"
"CD4_T","CREB3L2","lm",1200,57,NA,0.884488152054301,NA,"cv_r2",-0.0429227824046113,0.0196078431372549,TRUE,NA,NA,"cord_pic"
"CD4_T","CREB3L2","ridge",1200,57,NA,0.883889081696233,NA,"cv_r2",-0.000447021118215518,0.0196078431372549,TRUE,NA,NA,"cord_pic"
"CD4_T","CREB3L2","spearman",1200,57,NA,0.781267471046809,NA,"cv_r2",0.00208569913346674,0.0196078431372549,TRUE,NA,NA,"cord_pic"
"CD4_T","ATF3","rf",1200,57,0.860169837962951,0.862445359788139,NA,"oob_r2",-0.045336293191619,0.0196078431372549,TRUE,0.916372828623283,0.673015873015873,"cord_pic"
"CD4_T","ATF3","lm",1200,57,NA,0.842691298222285,NA,"cv_r2",-0.040576487787977,0.0196078431372549,TRUE,NA,NA,"cord_pic"
"CD4_T","ATF3","ridge",1200,57,NA,0.843097021597094,NA,"cv_r2",-0.000322432867100842,0.0196078431372549,TRUE,NA,NA,"cord_pic"
"CD4_T","ATF3","spearman",1200,57,NA,0.702586874661072,NA,"cv_r2",-0.000352732417378089,0.0196078431372549,TRUE,NA,NA,"cord_pic"
"CD4_T","FOSB","rf",1200,57,0.887811542396153,0.891238138791795,NA,"oob_r2",-0.0370224394039582,0.0196078431372549,TRUE,0.917214012041598,0.681481481481481,"cord_pic"
"CD4_T","FOSB","lm",1200,57,NA,0.871405163841658,NA,"cv_r2",-0.0397649449804676,0.0196078431372549,TRUE,NA,NA,"cord_pic"
"CD4_T","FOSB","ridge",1200,57,NA,0.871144262185267,NA,"cv_r2",-0.000195674194308193,0.0196078431372549,TRUE,NA,NA,"cord_pic"
"CD4_T","FOSB","spearman",1200,57,NA,0.750468801179568,NA,"cv_r2",-0.00032591541227991,0.0196078431372549,TRUE,NA,NA,"cord_pic"
"CD4_T","SMC3","rf",1200,57,0.86934266186672,0.868093656493632,NA,"oob_r2",-0.0373075633211664,0.0196078431372549,TRUE,0.898885143894218,0.64021164021164,"cord_pic"
"CD4_T","SMC3","lm",1200,57,NA,0.849854940499037,NA,"cv_r2",-0.0413830801795767,0.0196078431372549,TRUE,NA,NA,"cord_pic"
"CD4_T","SMC3","ridge",1200,57,NA,0.849732618509711,NA,"cv_r2",-0.000239326180770507,0.0196078431372549,TRUE,NA,NA,"cord_pic"
"CD4_T","SMC3","spearman",1200,57,NA,0.731173839233732,NA,"cv_r2",0.000416022427158334,0.0196078431372549,TRUE,NA,NA,"cord_pic"
"CD4_T","NR3C1","rf",1200,57,0.875271104410012,0.875051950948335,NA,"oob_r2",-0.0371576590265585,0.0196078431372549,TRUE,0.919787975686343,0.73015873015873,"cord_pic"
"CD4_T","NR3C1","lm",1200,57,NA,0.862819457683071,NA,"cv_r2",-0.0410756688897176,0.0196078431372549,TRUE,NA,NA,"cord_pic"
"CD4_T","NR3C1","ridge",1200,57,NA,0.862828499236101,NA,"cv_r2",-7.73227013247121e-05,0.0196078431372549,TRUE,NA,NA,"cord_pic"
"CD4_T","NR3C1","spearman",1200,57,NA,0.760837821913183,NA,"cv_r2",4.66266189891093e-05,0.0196078431372549,TRUE,NA,NA,"cord_pic"
"CD4_T","ZBTB7A","rf",1200,57,0.885916162131568,0.882436334062791,NA,"oob_r2",-0.0363302258086783,0.0196078431372549,TRUE,0.923449428168122,0.686772486772487,"cord_pic"
"CD4_T","ZBTB7A","lm",1200,57,NA,0.866698405066122,NA,"cv_r2",-0.0415172294733524,0.0196078431372549,TRUE,NA,NA,"cord_pic"
"CD4_T","ZBTB7A","ridge",1200,57,NA,0.866526004342677,NA,"cv_r2",-0.000239940025563092,0.0196078431372549,TRUE,NA,NA,"cord_pic"
"CD4_T","ZBTB7A","spearman",1200,57,NA,0.756305671251986,NA,"cv_r2",-0.0015514417636577,0.0196078431372549,TRUE,NA,NA,"cord_pic"
"CD4_T","BATF","rf",1200,57,0.885387236246101,0.884947488229334,NA,"oob_r2",-0.0382788081078921,0.0196078431372549,TRUE,0.914385100682741,0.670899470899471,"cord_pic"
"CD4_T","BATF","lm",1200,57,NA,0.866135879716337,NA,"cv_r2",-0.0409762941481634,0.0196078431372549,TRUE,NA,NA,"cord_pic"
"CD4_T","BATF","ridge",1200,57,NA,0.866301933985707,NA,"cv_r2",-0.000433148989546751,0.0196078431372549,TRUE,NA,NA,"cord_pic"
"CD4_T","BATF","spearman",1200,57,NA,0.736805018278167,NA,"cv_r2",0.00184905530910877,0.0196078431372549,TRUE,NA,NA,"cord_pic"
"CD4_T","EGR1","rf",1200,57,0.878092375780622,0.876225327552876,NA,"oob_r2",-0.0415908993488037,0.0196078431372549,TRUE,0.905696713046986,0.681481481481481,"cord_pic"
"CD4_T","EGR1","lm",1200,57,NA,0.859604551583956,NA,"cv_r2",-0.0391669696031961,0.0196078431372549,TRUE,NA,NA,"cord_pic"
"CD4_T","EGR1","ridge",1200,57,NA,0.859934432897993,NA,"cv_r2",-0.000934043289353271,0.0196078431372549,TRUE,NA,NA,"cord_pic"
"CD4_T","EGR1","spearman",1200,57,NA,0.722778181714306,NA,"cv_r2",-0.00048288616159418,0.0196078431372549,TRUE,NA,NA,"cord_pic"
"CD4_T","MEF2C","rf",1200,57,0.912112886766119,0.91109721449851,NA,"oob_r2",-0.0400932796189629,0.0196078431372549,TRUE,0.89307464062455,0.731216931216931,"cord_pic"
"CD4_T","MEF2C","lm",1200,57,NA,0.893985878818463,NA,"cv_r2",-0.0394895814994034,0.0196078431372549,TRUE,NA,NA,"cord_pic"
"CD4_T","MEF2C","ridge",1200,57,NA,0.894246060916015,NA,"cv_r2",-1.65782946331248e-05,0.0196078431372549,TRUE,NA,NA,"cord_pic"
"CD4_T","MEF2C","spearman",1200,57,NA,0.757619563025874,NA,"cv_r2",0.00108932132095351,0.0196078431372549,TRUE,NA,NA,"cord_pic"
"CD4_T","ZNF683","rf",1200,57,0.891971610797969,0.893538810475669,NA,"oob_r2",-0.0369672640549009,0.0196078431372549,TRUE,0.927014375018005,0.77989417989418,"cord_pic"
"CD4_T","ZNF683","lm",1200,57,NA,0.878974163800948,NA,"cv_r2",-0.0390850342830676,0.0196078431372549,TRUE,NA,NA,"cord_pic"
"CD4_T","ZNF683","ridge",1200,57,NA,0.87949411385237,NA,"cv_r2",-0.000260179205641465,0.0196078431372549,TRUE,NA,NA,"cord_pic"
"CD4_T","ZNF683","spearman",1200,57,NA,0.752113689012798,NA,"cv_r2",0.00256893784115765,0.0196078431372549,TRUE,NA,NA,"cord_pic"
"CD4_T","IRF5","rf",1200,57,0.88508235217252,0.88296648373421,NA,"oob_r2",-0.0296018410880612,0.0196078431372549,TRUE,0.914363494944257,0.671957671957672,"cord_pic"
"CD4_T","IRF5","lm",1200,57,NA,0.859344686195283,NA,"cv_r2",-0.039954947632395,0.0196078431372549,TRUE,NA,NA,"cord_pic"
"CD4_T","IRF5","ridge",1200,57,NA,0.859380184768482,NA,"cv_r2",-0.000433682918350054,0.0196078431372549,TRUE,NA,NA,"cord_pic"
"CD4_T","IRF5","spearman",1200,57,NA,0.73753166296158,NA,"cv_r2",0.00261453235150494,0.0196078431372549,TRUE,NA,NA,"cord_pic"
"CD4_T","GATA2","rf",1200,57,0.915118976610686,0.911164697719927,NA,"oob_r2",-0.0362718463673231,0.0196078431372549,TRUE,0.935244720997897,0.82962962962963,"cord_pic"
"CD4_T","GATA2","lm",1200,57,NA,0.892425352657589,NA,"cv_r2",-0.0392842230090197,0.0196078431372549,TRUE,NA,NA,"cord_pic"
"CD4_T","GATA2","ridge",1200,57,NA,0.892080904651546,NA,"cv_r2",4.8175417397139e-05,0.0196078431372549,TRUE,NA,NA,"cord_pic"
"CD4_T","GATA2","spearman",1200,57,NA,0.778760779585544,NA,"cv_r2",0.000141870750837425,0.0196078431372549,TRUE,NA,NA,"cord_pic"
"CD4_T","BCL11B","rf",1200,57,0.896057099201937,0.891612603060239,NA,"oob_r2",-0.0434532402936296,0.0196078431372549,TRUE,0.909600149799787,0.652910052910053,"cord_pic"
"CD4_T","BCL11B","lm",1200,57,NA,0.87871717451442,NA,"cv_r2",-0.0399914128203755,0.0196078431372549,TRUE,NA,NA,"cord_pic"
"CD4_T","BCL11B","ridge",1200,57,NA,0.878547745231764,NA,"cv_r2",-0.000704794045128021,0.0196078431372549,TRUE,NA,NA,"cord_pic"
"CD4_T","BCL11B","spearman",1200,57,NA,0.73299112700657,NA,"cv_r2",0.00215181870479527,0.0196078431372549,TRUE,NA,NA,"cord_pic"
"CD4_T","HEY2","rf",1200,57,0.876874527829942,0.871798049050802,NA,"oob_r2",-0.0411082664476219,0.0196078431372549,TRUE,0.927211707429493,0.8,"cord_pic"
"CD4_T","HEY2","lm",1200,57,NA,0.853127195587446,NA,"cv_r2",-0.0431476487696194,0.0196078431372549,TRUE,NA,NA,"cord_pic"
"CD4_T","HEY2","ridge",1200,57,NA,0.853245180408576,NA,"cv_r2",-0.000357157841031708,0.0196078431372549,TRUE,NA,NA,"cord_pic"
"CD4_T","HEY2","spearman",1200,57,NA,0.723880733089748,NA,"cv_r2",0.00186856608607043,0.0196078431372549,TRUE,NA,NA,"cord_pic"
"CD4_T","HES4","rf",1200,57,0.876559032605587,0.874751276944806,NA,"oob_r2",-0.0397030118901131,0.0196078431372549,TRUE,0.920263301932994,0.712169312169312,"cord_pic"
"CD4_T","HES4","lm",1200,57,NA,0.858362804599392,NA,"cv_r2",-0.0427866263678584,0.0196078431372549,TRUE,NA,NA,"cord_pic"
"CD4_T","HES4","ridge",1200,57,NA,0.85788579659824,NA,"cv_r2",-0.000321134719533657,0.0196078431372549,TRUE,NA,NA,"cord_pic"
"CD4_T","HES4","spearman",1200,57,NA,0.733210368834278,NA,"cv_r2",0.00226646052356005,0.0196078431372549,TRUE,NA,NA,"cord_pic"
"CD4_T","ELF1","rf",1200,57,0.868993513555517,0.86613001798085,NA,"oob_r2",-0.0425015539758943,0.0196078431372549,TRUE,0.918926626912108,0.785185185185185,"cord_pic"
"CD4_T","ELF1","lm",1200,57,NA,0.844319544966107,NA,"cv_r2",-0.0427660574375678,0.0196078431372549,TRUE,NA,NA,"cord_pic"
"CD4_T","ELF1","ridge",1200,57,NA,0.844325614959982,NA,"cv_r2",-0.000611199452555502,0.0196078431372549,TRUE,NA,NA,"cord_pic"
"CD4_T","ELF1","spearman",1200,57,NA,0.716164725989252,NA,"cv_r2",-0.00116842750835268,0.0196078431372549,TRUE,NA,NA,"cord_pic"
"CD4_T","IRF4","rf",1200,57,0.898356481678414,0.898498905827296,NA,"oob_r2",-0.036109602558944,0.0196078431372549,TRUE,0.912155388471178,0.755555555555556,"cord_pic"
"CD4_T","IRF4","lm",1200,57,NA,0.875456485897015,NA,"cv_r2",-0.0412466065864459,0.0196078431372549,TRUE,NA,NA,"cord_pic"
"CD4_T","IRF4","ridge",1200,57,NA,0.875360924263619,NA,"cv_r2",-0.000483689550795863,0.0196078431372549,TRUE,NA,NA,"cord_pic"
"CD4_T","IRF4","spearman",1200,57,NA,0.745399468992171,NA,"cv_r2",0.00129726035946079,0.0196078431372549,TRUE,NA,NA,"cord_pic"
"CD4_T","IRF9","rf",1200,57,0.88751501365829,0.882646418469255,NA,"oob_r2",-0.038836202537051,0.0196078431372549,TRUE,0.910583931092098,0.691005291005291,"cord_pic"
"CD4_T","IRF9","lm",1200,57,NA,0.869687843428346,NA,"cv_r2",-0.0422952403280957,0.0196078431372549,TRUE,NA,NA,"cord_pic"
"CD4_T","IRF9","ridge",1200,57,NA,0.869646931210597,NA,"cv_r2",-0.00054655349913032,0.0196078431372549,TRUE,NA,NA,"cord_pic"
"CD4_T","IRF9","spearman",1200,57,NA,0.717872914627666,NA,"cv_r2",0.0019792052126882,0.0196078431372549,TRUE,NA,NA,"cord_pic"
"CD4_T","IRF1","rf",1200,57,0.895433542961554,0.897459373492448,NA,"oob_r2",-0.036680978160776,0.0196078431372549,TRUE,0.919815342955089,0.811640211640212,"cord_pic"
"CD4_T","IRF1","lm",1200,57,NA,0.879806819420334,NA,"cv_r2",-0.0418102823811635,0.0196078431372549,TRUE,NA,NA,"cord_pic"
"CD4_T","IRF1","ridge",1200,57,NA,0.880072403806958,NA,"cv_r2",-0.000505105025924525,0.0196078431372549,TRUE,NA,NA,"cord_pic"
"CD4_T","IRF1","spearman",1200,57,NA,0.741284894958998,NA,"cv_r2",0.00138736872138395,0.0196078431372549,TRUE,NA,NA,"cord_pic"
"CD4_T","STAT2","rf",1200,57,0.864765882580696,0.865180713274842,NA,"oob_r2",-0.0433392256457104,0.0196078431372549,TRUE,0.915351597384265,0.626984126984127,"cord_pic"
"CD4_T","STAT2","lm",1200,57,NA,0.846457241375779,NA,"cv_r2",-0.0432760917954777,0.0196078431372549,TRUE,NA,NA,"cord_pic"
"CD4_T","STAT2","ridge",1200,57,NA,0.846766884739554,NA,"cv_r2",-0.000671649030557586,0.0196078431372549,TRUE,NA,NA,"cord_pic"
"CD4_T","STAT2","spearman",1200,57,NA,0.706361786987488,NA,"cv_r2",0.00223260088797087,0.0196078431372549,TRUE,NA,NA,"cord_pic"
"CD4_T","IRF7","rf",1200,57,0.887085945209188,0.88716093899776,NA,"oob_r2",-0.0400753387945223,0.0196078431372549,TRUE,0.91360153256705,0.755555555555556,"cord_pic"
"CD4_T","IRF7","lm",1200,57,NA,0.864332775411808,NA,"cv_r2",-0.0413892411184171,0.0196078431372549,TRUE,NA,NA,"cord_pic"
"CD4_T","IRF7","ridge",1200,57,NA,0.864350089206048,NA,"cv_r2",-0.000481456833481265,0.0196078431372549,TRUE,NA,NA,"cord_pic"
"CD4_T","IRF7","spearman",1200,57,NA,0.737540290648235,NA,"cv_r2",-0.000178882264853687,0.0196078431372549,TRUE,NA,NA,"cord_pic"
"CD4_T","STAT1","rf",1200,57,0.899939922153748,0.897801535248817,NA,"oob_r2",-0.0354367002653332,0.0196078431372549,TRUE,0.932912741624176,0.8,"cord_pic"
"CD4_T","STAT1","lm",1200,57,NA,0.878911146161185,NA,"cv_r2",-0.0415085608903704,0.0196078431372549,TRUE,NA,NA,"cord_pic"
"CD4_T","STAT1","ridge",1200,57,NA,0.878773262894625,NA,"cv_r2",-0.000580667063332763,0.0196078431372549,TRUE,NA,NA,"cord_pic"
"CD4_T","STAT1","spearman",1200,57,NA,0.765545341914746,NA,"cv_r2",0.000189317003026823,0.0196078431372549,TRUE,NA,NA,"cord_pic"
