"cluster","tf","method","n_obs","n_pred","oob_r2","cv_r2","lodo_r2","null_metric","null_q95","p_perm","beats_null","imp_stability_spearman","imp_top5_jaccard","dataset"
"B_cell","KLF6","rf",260,28,0.883850774737341,0.881480371158459,NA,"oob_r2",-0.0520515200206627,0.0196078431372549,TRUE,0.893632548804963,0.703703703703704,"cz_human_kidney_v1.5"
"B_cell","KLF6","lm",260,28,NA,0.855401009199376,NA,"cv_r2",NA,NA,NA,NA,NA,"cz_human_kidney_v1.5"
"B_cell","KLF6","ridge",260,28,NA,0.857951492656984,NA,"cv_r2",NA,NA,NA,NA,NA,"cz_human_kidney_v1.5"
"B_cell","KLF6","spearman",260,28,NA,0.710932099288173,NA,"cv_r2",NA,NA,NA,NA,NA,"cz_human_kidney_v1.5"
"B_cell","PAX5","rf",260,28,0.857238769908777,0.856219031410959,NA,"oob_r2",-0.038274342575052,0.0196078431372549,TRUE,0.936021407285775,0.822222222222222,"cz_human_kidney_v1.5"
"B_cell","PAX5","lm",260,28,NA,0.831931081716187,NA,"cv_r2",NA,NA,NA,NA,NA,"cz_human_kidney_v1.5"
"B_cell","PAX5","ridge",260,28,NA,0.833838534254147,NA,"cv_r2",NA,NA,NA,NA,NA,"cz_human_kidney_v1.5"
"B_cell","PAX5","spearman",260,28,NA,0.665035089394511,NA,"cv_r2",NA,NA,NA,NA,NA,"cz_human_kidney_v1.5"
"B_cell","ATF3","rf",260,28,0.83349346691349,0.818055931580799,NA,"oob_r2",-0.020843416132135,0.0196078431372549,TRUE,0.910904336191692,0.933333333333333,"cz_human_kidney_v1.5"
"B_cell","ATF3","lm",260,28,NA,0.795251388903299,NA,"cv_r2",NA,NA,NA,NA,NA,"cz_human_kidney_v1.5"
"B_cell","ATF3","ridge",260,28,NA,0.782621315454354,NA,"cv_r2",NA,NA,NA,NA,NA,"cz_human_kidney_v1.5"
"B_cell","ATF3","spearman",260,28,NA,0.597692451770515,NA,"cv_r2",NA,NA,NA,NA,NA,"cz_human_kidney_v1.5"
"B_cell","E2F3","rf",260,28,0.8895072440938,0.892244264275188,NA,"oob_r2",-0.030027823882542,0.0196078431372549,TRUE,0.890336313324819,0.725925925925926,"cz_human_kidney_v1.5"
"B_cell","E2F3","lm",260,28,NA,0.882587977856324,NA,"cv_r2",NA,NA,NA,NA,NA,"cz_human_kidney_v1.5"
"B_cell","E2F3","ridge",260,28,NA,0.875001567960831,NA,"cv_r2",NA,NA,NA,NA,NA,"cz_human_kidney_v1.5"
"B_cell","E2F3","spearman",260,28,NA,0.738895002573362,NA,"cv_r2",NA,NA,NA,NA,NA,"cz_human_kidney_v1.5"
"B_cell","KLF2","rf",260,28,0.873538010478828,0.873992048691446,NA,"oob_r2",-0.0317293266850571,0.0196078431372549,TRUE,0.920756552940461,0.757671957671958,"cz_human_kidney_v1.5"
"B_cell","KLF2","lm",260,28,NA,0.854621835874445,NA,"cv_r2",NA,NA,NA,NA,NA,"cz_human_kidney_v1.5"
"B_cell","KLF2","ridge",260,28,NA,0.854737458077641,NA,"cv_r2",NA,NA,NA,NA,NA,"cz_human_kidney_v1.5"
"B_cell","KLF2","spearman",260,28,NA,0.722843683885115,NA,"cv_r2",NA,NA,NA,NA,NA,"cz_human_kidney_v1.5"
"B_cell","REL","rf",260,28,0.900463785153298,0.909630057985708,NA,"oob_r2",-0.0331538172612767,0.0196078431372549,TRUE,0.902013014656693,0.785185185185185,"cz_human_kidney_v1.5"
"B_cell","REL","lm",260,28,NA,0.891119754335071,NA,"cv_r2",NA,NA,NA,NA,NA,"cz_human_kidney_v1.5"
"B_cell","REL","ridge",260,28,NA,0.890463532641977,NA,"cv_r2",NA,NA,NA,NA,NA,"cz_human_kidney_v1.5"
"B_cell","REL","spearman",260,28,NA,0.783473706146335,NA,"cv_r2",NA,NA,NA,NA,NA,"cz_human_kidney_v1.5"
"B_cell","ELF1","rf",260,28,0.826354712074233,0.817905914212979,NA,"oob_r2",-0.0165934122593196,0.0196078431372549,TRUE,0.892537858055099,0.822222222222222,"cz_human_kidney_v1.5"
"B_cell","ELF1","lm",260,28,NA,0.80808028780374,NA,"cv_r2",NA,NA,NA,NA,NA,"cz_human_kidney_v1.5"
"B_cell","ELF1","ridge",260,28,NA,0.798546769727411,NA,"cv_r2",NA,NA,NA,NA,NA,"cz_human_kidney_v1.5"
"B_cell","ELF1","spearman",260,28,NA,0.523189207253184,NA,"cv_r2",NA,NA,NA,NA,NA,"cz_human_kidney_v1.5"
"B_cell","POU2F2","rf",260,28,0.844069120298467,0.843917035788901,NA,"oob_r2",-0.0243769310222023,0.0196078431372549,TRUE,0.907364836100468,0.740740740740741,"cz_human_kidney_v1.5"
"B_cell","POU2F2","lm",260,28,NA,0.821363996913639,NA,"cv_r2",NA,NA,NA,NA,NA,"cz_human_kidney_v1.5"
"B_cell","POU2F2","ridge",260,28,NA,0.82752212438827,NA,"cv_r2",NA,NA,NA,NA,NA,"cz_human_kidney_v1.5"
"B_cell","POU2F2","spearman",260,28,NA,0.614076822327178,NA,"cv_r2",NA,NA,NA,NA,NA,"cz_human_kidney_v1.5"
"B_cell","FOS","rf",260,28,0.824000157860106,0.823292457983624,NA,"oob_r2",-0.0422528953604373,0.0196078431372549,TRUE,0.912400413549839,1,"cz_human_kidney_v1.5"
"B_cell","FOS","lm",260,28,NA,0.794099478618526,NA,"cv_r2",NA,NA,NA,NA,NA,"cz_human_kidney_v1.5"
"B_cell","FOS","ridge",260,28,NA,0.800090305042706,NA,"cv_r2",NA,NA,NA,NA,NA,"cz_human_kidney_v1.5"
"B_cell","FOS","spearman",260,28,NA,0.629745303381924,NA,"cv_r2",NA,NA,NA,NA,NA,"cz_human_kidney_v1.5"
"B_cell","SMAD1","rf",260,28,0.79925031561269,0.803467970128605,NA,"oob_r2",-0.0286593079762499,0.0196078431372549,TRUE,0.90727969348659,0.844444444444444,"cz_human_kidney_v1.5"
"B_cell","SMAD1","lm",260,28,NA,0.768835388198465,NA,"cv_r2",NA,NA,NA,NA,NA,"cz_human_kidney_v1.5"
"B_cell","SMAD1","ridge",260,28,NA,0.774467860672088,NA,"cv_r2",NA,NA,NA,NA,NA,"cz_human_kidney_v1.5"
"B_cell","SMAD1","spearman",260,28,NA,0.667087490932155,NA,"cv_r2",NA,NA,NA,NA,NA,"cz_human_kidney_v1.5"
"B_cell","FOXK2","rf",260,28,0.793027085104789,0.800105993716336,NA,"oob_r2",-0.0273832684165746,0.0196078431372549,TRUE,0.895043483549231,0.627513227513227,"cz_human_kidney_v1.5"
"B_cell","FOXK2","lm",260,28,NA,0.748314700555405,NA,"cv_r2",NA,NA,NA,NA,NA,"cz_human_kidney_v1.5"
"B_cell","FOXK2","ridge",260,28,NA,0.755972456612754,NA,"cv_r2",NA,NA,NA,NA,NA,"cz_human_kidney_v1.5"
"B_cell","FOXK2","spearman",260,28,NA,0.646316093839511,NA,"cv_r2",NA,NA,NA,NA,NA,"cz_human_kidney_v1.5"
"B_cell","PLAG1","rf",260,28,0.779550459995434,0.776531773024969,NA,"oob_r2",-0.0256751162967333,0.0196078431372549,TRUE,0.902000851426139,0.844444444444444,"cz_human_kidney_v1.5"
"B_cell","PLAG1","lm",260,28,NA,0.745561170877328,NA,"cv_r2",NA,NA,NA,NA,NA,"cz_human_kidney_v1.5"
"B_cell","PLAG1","ridge",260,28,NA,0.739757150373566,NA,"cv_r2",NA,NA,NA,NA,NA,"cz_human_kidney_v1.5"
"B_cell","PLAG1","spearman",260,28,NA,0.590030672513791,NA,"cv_r2",NA,NA,NA,NA,NA,"cz_human_kidney_v1.5"
"B_cell","EGR1","rf",260,28,0.764614425196513,0.776313187493729,NA,"oob_r2",-0.0385861084791916,0.0196078431372549,TRUE,0.887709055525147,0.725925925925926,"cz_human_kidney_v1.5"
"B_cell","EGR1","lm",260,28,NA,0.7592144243431,NA,"cv_r2",NA,NA,NA,NA,NA,"cz_human_kidney_v1.5"
"B_cell","EGR1","ridge",260,28,NA,0.763932140217853,NA,"cv_r2",NA,NA,NA,NA,NA,"cz_human_kidney_v1.5"
"B_cell","EGR1","spearman",260,28,NA,0.546524661747225,NA,"cv_r2",NA,NA,NA,NA,NA,"cz_human_kidney_v1.5"
"B_cell","JUND","rf",260,28,0.783384787830464,0.785784045044846,NA,"oob_r2",-0.0407836293664488,0.0196078431372549,TRUE,0.899677674390318,1,"cz_human_kidney_v1.5"
"B_cell","JUND","lm",260,28,NA,0.763745013750187,NA,"cv_r2",NA,NA,NA,NA,NA,"cz_human_kidney_v1.5"
"B_cell","JUND","ridge",260,28,NA,0.770218693116447,NA,"cv_r2",NA,NA,NA,NA,NA,"cz_human_kidney_v1.5"
"B_cell","JUND","spearman",260,28,NA,0.635294112673166,NA,"cv_r2",NA,NA,NA,NA,NA,"cz_human_kidney_v1.5"
"B_cell","MEF2C","rf",260,28,0.738701153274311,0.728077965363937,NA,"oob_r2",-0.0098819311570219,0.0196078431372549,TRUE,0.925889436234264,0.736507936507936,"cz_human_kidney_v1.5"
"B_cell","MEF2C","lm",260,28,NA,0.739312164771815,NA,"cv_r2",NA,NA,NA,NA,NA,"cz_human_kidney_v1.5"
"B_cell","MEF2C","ridge",260,28,NA,0.749517557822486,NA,"cv_r2",NA,NA,NA,NA,NA,"cz_human_kidney_v1.5"
"B_cell","MEF2C","spearman",260,28,NA,0.54833630710938,NA,"cv_r2",NA,NA,NA,NA,NA,"cz_human_kidney_v1.5"
"B_cell","FOXD4","rf",260,28,0.752420808441306,0.744222148149802,NA,"oob_r2",-0.0392815688724937,0.0196078431372549,TRUE,0.901903545581706,0.742857142857143,"cz_human_kidney_v1.5"
"B_cell","FOXD4","lm",260,28,NA,0.713343701109838,NA,"cv_r2",NA,NA,NA,NA,NA,"cz_human_kidney_v1.5"
"B_cell","FOXD4","ridge",260,28,NA,0.724977290995674,NA,"cv_r2",NA,NA,NA,NA,NA,"cz_human_kidney_v1.5"
"B_cell","FOXD4","spearman",260,28,NA,0.557768170410126,NA,"cv_r2",NA,NA,NA,NA,NA,"cz_human_kidney_v1.5"
"B_cell","KLF5","rf",260,28,0.728509470254281,0.720970584005967,NA,"oob_r2",-0.0443368189908401,0.0196078431372549,TRUE,0.898874901173752,1,"cz_human_kidney_v1.5"
"B_cell","KLF5","lm",260,28,NA,0.69311929432037,NA,"cv_r2",NA,NA,NA,NA,NA,"cz_human_kidney_v1.5"
"B_cell","KLF5","ridge",260,28,NA,0.701823213991222,NA,"cv_r2",NA,NA,NA,NA,NA,"cz_human_kidney_v1.5"
"B_cell","KLF5","spearman",260,28,NA,0.447578356102997,NA,"cv_r2",NA,NA,NA,NA,NA,"cz_human_kidney_v1.5"
"B_cell","NRF1","rf",260,28,0.694509007100222,0.701797094814543,NA,"oob_r2",-0.0519286301281647,0.0196078431372549,TRUE,0.91912668004622,1,"cz_human_kidney_v1.5"
"B_cell","NRF1","lm",260,28,NA,0.719545596956248,NA,"cv_r2",NA,NA,NA,NA,NA,"cz_human_kidney_v1.5"
"B_cell","NRF1","ridge",260,28,NA,0.72593378365467,NA,"cv_r2",NA,NA,NA,NA,NA,"cz_human_kidney_v1.5"
"B_cell","NRF1","spearman",260,28,NA,0.365884145747433,NA,"cv_r2",NA,NA,NA,NA,NA,"cz_human_kidney_v1.5"
"B_cell","CHD2","rf",260,28,0.665778728683624,0.65651407561103,NA,"oob_r2",-0.0465838381395167,0.0196078431372549,TRUE,0.904348354923068,0.844444444444444,"cz_human_kidney_v1.5"
"B_cell","CHD2","lm",260,28,NA,0.620796277784069,NA,"cv_r2",NA,NA,NA,NA,NA,"cz_human_kidney_v1.5"
"B_cell","CHD2","ridge",260,28,NA,0.633393139984425,NA,"cv_r2",NA,NA,NA,NA,NA,"cz_human_kidney_v1.5"
"B_cell","CHD2","spearman",260,28,NA,0.366009312898548,NA,"cv_r2",NA,NA,NA,NA,NA,"cz_human_kidney_v1.5"
"B_cell","BHLHE40","rf",260,28,0.627806061379355,0.644313716368478,NA,"oob_r2",-0.033046185391582,0.0196078431372549,TRUE,0.919418597579517,0.73015873015873,"cz_human_kidney_v1.5"
"B_cell","BHLHE40","lm",260,28,NA,0.636407842224489,NA,"cv_r2",NA,NA,NA,NA,NA,"cz_human_kidney_v1.5"
"B_cell","BHLHE40","ridge",260,28,NA,0.649007912109394,NA,"cv_r2",NA,NA,NA,NA,NA,"cz_human_kidney_v1.5"
"B_cell","BHLHE40","spearman",260,28,NA,0.351653899866499,NA,"cv_r2",NA,NA,NA,NA,NA,"cz_human_kidney_v1.5"
"B_cell","NFKB1","rf",260,28,0.703381484870134,0.685516500458224,NA,"oob_r2",-0.0374137411134876,0.0196078431372549,TRUE,0.895274584929757,0.77037037037037,"cz_human_kidney_v1.5"
"B_cell","NFKB1","lm",260,28,NA,0.724968381714467,NA,"cv_r2",NA,NA,NA,NA,NA,"cz_human_kidney_v1.5"
"B_cell","NFKB1","ridge",260,28,NA,0.730593854677916,NA,"cv_r2",NA,NA,NA,NA,NA,"cz_human_kidney_v1.5"
"B_cell","NFKB1","spearman",260,28,NA,0.369460340318794,NA,"cv_r2",NA,NA,NA,NA,NA,"cz_human_kidney_v1.5"
"B_cell","ZNF331","rf",260,28,0.694251595731398,0.69711548281512,NA,"oob_r2",-0.029141959761722,0.0196078431372549,TRUE,0.922799975673539,0.822222222222222,"cz_human_kidney_v1.5"
"B_cell","ZNF331","lm",260,28,NA,0.665497130012398,NA,"cv_r2",NA,NA,NA,NA,NA,"cz_human_kidney_v1.5"
"B_cell","ZNF331","ridge",260,28,NA,0.646077532675548,NA,"cv_r2",NA,NA,NA,NA,NA,"cz_human_kidney_v1.5"
"B_cell","ZNF331","spearman",260,28,NA,0.220906542975393,NA,"cv_r2",NA,NA,NA,NA,NA,"cz_human_kidney_v1.5"
"B_cell","EGR3","rf",260,28,0.640390677284661,0.634095340865817,NA,"oob_r2",-0.0337339142713427,0.0196078431372549,TRUE,0.918287417137992,0.764021164021164,"cz_human_kidney_v1.5"
"B_cell","EGR3","lm",260,28,NA,0.619994408982955,NA,"cv_r2",NA,NA,NA,NA,NA,"cz_human_kidney_v1.5"
"B_cell","EGR3","ridge",260,28,NA,0.62936052072313,NA,"cv_r2",NA,NA,NA,NA,NA,"cz_human_kidney_v1.5"
"B_cell","EGR3","spearman",260,28,NA,0.159725149659617,NA,"cv_r2",NA,NA,NA,NA,NA,"cz_human_kidney_v1.5"
"B_cell","NF1","rf",260,28,0.643030740445347,0.648273772526985,NA,"oob_r2",-0.036479053718615,0.0196078431372549,TRUE,0.869245271544122,0.653174603174603,"cz_human_kidney_v1.5"
"B_cell","NF1","lm",260,28,NA,0.594920416778637,NA,"cv_r2",NA,NA,NA,NA,NA,"cz_human_kidney_v1.5"
"B_cell","NF1","ridge",260,28,NA,0.613431458269956,NA,"cv_r2",NA,NA,NA,NA,NA,"cz_human_kidney_v1.5"
"B_cell","NF1","spearman",260,28,NA,0.222422560207628,NA,"cv_r2",NA,NA,NA,NA,NA,"cz_human_kidney_v1.5"
"B_cell","RUNX2","rf",260,28,0.685742487039257,0.685894979060977,NA,"oob_r2",-0.055643965504934,0.0196078431372549,TRUE,0.877954144620811,0.874074074074074,"cz_human_kidney_v1.5"
"B_cell","RUNX2","lm",260,28,NA,0.607093119515047,NA,"cv_r2",NA,NA,NA,NA,NA,"cz_human_kidney_v1.5"
"B_cell","RUNX2","ridge",260,28,NA,0.60442240490044,NA,"cv_r2",NA,NA,NA,NA,NA,"cz_human_kidney_v1.5"
"B_cell","RUNX2","spearman",260,28,NA,0.205247054960575,NA,"cv_r2",NA,NA,NA,NA,NA,"cz_human_kidney_v1.5"
"B_cell","ESR1","rf",260,28,0.630053041007337,0.64011726976216,NA,"oob_r2",-0.0240129299491874,0.0196078431372549,TRUE,0.898278902876604,0.652910052910053,"cz_human_kidney_v1.5"
"B_cell","ESR1","lm",260,28,NA,0.587075018940733,NA,"cv_r2",NA,NA,NA,NA,NA,"cz_human_kidney_v1.5"
"B_cell","ESR1","ridge",260,28,NA,0.597394471015723,NA,"cv_r2",NA,NA,NA,NA,NA,"cz_human_kidney_v1.5"
"B_cell","ESR1","spearman",260,28,NA,0.254230904911532,NA,"cv_r2",NA,NA,NA,NA,NA,"cz_human_kidney_v1.5"
"B_cell","RFX4","rf",260,28,0.705369059145765,0.695414098227027,NA,"oob_r2",-0.0362094713844192,0.0196078431372549,TRUE,0.884364167122788,1,"cz_human_kidney_v1.5"
"B_cell","RFX4","lm",260,28,NA,0.694930433886704,NA,"cv_r2",NA,NA,NA,NA,NA,"cz_human_kidney_v1.5"
"B_cell","RFX4","ridge",260,28,NA,0.688256404368106,NA,"cv_r2",NA,NA,NA,NA,NA,"cz_human_kidney_v1.5"
"B_cell","RFX4","spearman",260,28,NA,0.198877777023145,NA,"cv_r2",NA,NA,NA,NA,NA,"cz_human_kidney_v1.5"
"B_cell","JUN","rf",260,28,0.669330024818381,0.662456356575637,NA,"oob_r2",-0.0433413902532644,0.0196078431372549,TRUE,0.924879888098279,0.722751322751323,"cz_human_kidney_v1.5"
"B_cell","JUN","lm",260,28,NA,0.671470293126109,NA,"cv_r2",NA,NA,NA,NA,NA,"cz_human_kidney_v1.5"
"B_cell","JUN","ridge",260,28,NA,0.680154968896031,NA,"cv_r2",NA,NA,NA,NA,NA,"cz_human_kidney_v1.5"
"B_cell","JUN","spearman",260,28,NA,0.284992480224573,NA,"cv_r2",NA,NA,NA,NA,NA,"cz_human_kidney_v1.5"
"B_cell","ARID5B","rf",260,28,0.720130527304455,0.70835989450878,NA,"oob_r2",-0.0442525505181655,0.0196078431372549,TRUE,0.874560603296235,1,"cz_human_kidney_v1.5"
"B_cell","ARID5B","lm",260,28,NA,0.672857321907671,NA,"cv_r2",NA,NA,NA,NA,NA,"cz_human_kidney_v1.5"
"B_cell","ARID5B","ridge",260,28,NA,0.666246725148233,NA,"cv_r2",NA,NA,NA,NA,NA,"cz_human_kidney_v1.5"
"B_cell","ARID5B","spearman",260,28,NA,0.350837154614875,NA,"cv_r2",NA,NA,NA,NA,NA,"cz_human_kidney_v1.5"
"B_cell","HIVEP2","rf",260,28,0.687073975740318,0.685206120575216,NA,"oob_r2",-0.0224128191654017,0.0196078431372549,TRUE,0.899373593626467,0.881481481481481,"cz_human_kidney_v1.5"
"B_cell","HIVEP2","lm",260,28,NA,0.672336610109553,NA,"cv_r2",NA,NA,NA,NA,NA,"cz_human_kidney_v1.5"
"B_cell","HIVEP2","ridge",260,28,NA,0.68476525266274,NA,"cv_r2",NA,NA,NA,NA,NA,"cz_human_kidney_v1.5"
"B_cell","HIVEP2","spearman",260,28,NA,0.2842146617056,NA,"cv_r2",NA,NA,NA,NA,NA,"cz_human_kidney_v1.5"
"B_cell","CREB3L2","rf",260,28,0.675952245278761,0.676943642095265,NA,"oob_r2",-0.0189091478125308,0.0196078431372549,TRUE,0.892562184516207,1,"cz_human_kidney_v1.5"
"B_cell","CREB3L2","lm",260,28,NA,0.635304575376657,NA,"cv_r2",NA,NA,NA,NA,NA,"cz_human_kidney_v1.5"
"B_cell","CREB3L2","ridge",260,28,NA,0.624183567209445,NA,"cv_r2",NA,NA,NA,NA,NA,"cz_human_kidney_v1.5"
"B_cell","CREB3L2","spearman",260,28,NA,0.182477115937453,NA,"cv_r2",NA,NA,NA,NA,NA,"cz_human_kidney_v1.5"
"B_cell","HOXA9","rf",260,28,0.668652728168996,0.681215801156779,NA,"oob_r2",-0.0248309186698926,0.0196078431372549,TRUE,0.869670984613513,0.785185185185185,"cz_human_kidney_v1.5"
"B_cell","HOXA9","lm",260,28,NA,0.640133610841843,NA,"cv_r2",NA,NA,NA,NA,NA,"cz_human_kidney_v1.5"
"B_cell","HOXA9","ridge",260,28,NA,0.649459957340465,NA,"cv_r2",NA,NA,NA,NA,NA,"cz_human_kidney_v1.5"
"B_cell","HOXA9","spearman",260,28,NA,0.339915240452551,NA,"cv_r2",NA,NA,NA,NA,NA,"cz_human_kidney_v1.5"
"B_cell","THRB","rf",260,28,0.696322370884546,0.705611833494855,NA,"oob_r2",-0.0265483290472431,0.0196078431372549,TRUE,0.895286748160311,1,"cz_human_kidney_v1.5"
"B_cell","THRB","lm",260,28,NA,0.686439387135472,NA,"cv_r2",NA,NA,NA,NA,NA,"cz_human_kidney_v1.5"
"B_cell","THRB","ridge",260,28,NA,0.669479799667639,NA,"cv_r2",NA,NA,NA,NA,NA,"cz_human_kidney_v1.5"
"B_cell","THRB","spearman",260,28,NA,0.171689911546197,NA,"cv_r2",NA,NA,NA,NA,NA,"cz_human_kidney_v1.5"
"B_cell","UBP1","rf",260,28,0.626458598191147,0.6246984772079,NA,"oob_r2",-0.030381413870177,0.0196078431372549,TRUE,0.900942650367938,0.816931216931217,"cz_human_kidney_v1.5"
"B_cell","UBP1","lm",260,28,NA,0.597813897762335,NA,"cv_r2",NA,NA,NA,NA,NA,"cz_human_kidney_v1.5"
"B_cell","UBP1","ridge",260,28,NA,0.609240148145948,NA,"cv_r2",NA,NA,NA,NA,NA,"cz_human_kidney_v1.5"
"B_cell","UBP1","spearman",260,28,NA,0.201999085145447,NA,"cv_r2",NA,NA,NA,NA,NA,"cz_human_kidney_v1.5"
"B_cell","RUNX1","rf",260,28,0.643679405471454,0.661648342521106,NA,"oob_r2",-0.0323712590502534,0.0196078431372549,TRUE,0.897159885665633,0.733333333333333,"cz_human_kidney_v1.5"
"B_cell","RUNX1","lm",260,28,NA,0.650658148657675,NA,"cv_r2",NA,NA,NA,NA,NA,"cz_human_kidney_v1.5"
"B_cell","RUNX1","ridge",260,28,NA,0.651304986341879,NA,"cv_r2",NA,NA,NA,NA,NA,"cz_human_kidney_v1.5"
"B_cell","RUNX1","spearman",260,28,NA,0.158731191212511,NA,"cv_r2",NA,NA,NA,NA,NA,"cz_human_kidney_v1.5"
"B_cell","TP63","rf",260,28,0.661907065495829,0.644074915371046,NA,"oob_r2",-0.0347603133832739,0.0196078431372549,TRUE,0.902329258651098,1,"cz_human_kidney_v1.5"
"B_cell","TP63","lm",260,28,NA,0.618465836467578,NA,"cv_r2",NA,NA,NA,NA,NA,"cz_human_kidney_v1.5"
"B_cell","TP63","ridge",260,28,NA,0.617845850431497,NA,"cv_r2",NA,NA,NA,NA,NA,"cz_human_kidney_v1.5"
"B_cell","TP63","spearman",260,28,NA,0.201008241545275,NA,"cv_r2",NA,NA,NA,NA,NA,"cz_human_kidney_v1.5"
"B_cell","NFATC3","rf",260,28,0.684285296942251,0.692771723022626,NA,"oob_r2",-0.0362128839088164,0.0196078431372549,TRUE,0.892635163899532,0.8,"cz_human_kidney_v1.5"
"B_cell","NFATC3","lm",260,28,NA,0.669218989559738,NA,"cv_r2",NA,NA,NA,NA,NA,"cz_human_kidney_v1.5"
"B_cell","NFATC3","ridge",260,28,NA,0.665960975039143,NA,"cv_r2",NA,NA,NA,NA,NA,"cz_human_kidney_v1.5"
"B_cell","NFATC3","spearman",260,28,NA,0.155184976277712,NA,"cv_r2",NA,NA,NA,NA,NA,"cz_human_kidney_v1.5"
"B_cell","WRNIP1","rf",260,28,0.658786010156373,0.646050363943228,NA,"oob_r2",-0.0366420350016098,0.0196078431372549,TRUE,0.891406677613574,0.933333333333333,"cz_human_kidney_v1.5"
"B_cell","WRNIP1","lm",260,28,NA,0.63373826605122,NA,"cv_r2",NA,NA,NA,NA,NA,"cz_human_kidney_v1.5"
"B_cell","WRNIP1","ridge",260,28,NA,0.629817984835833,NA,"cv_r2",NA,NA,NA,NA,NA,"cz_human_kidney_v1.5"
"B_cell","WRNIP1","spearman",260,28,NA,0.128948982660277,NA,"cv_r2",NA,NA,NA,NA,NA,"cz_human_kidney_v1.5"
"B_cell","E4F1","rf",260,28,0.578860360994614,0.587677390984517,NA,"oob_r2",-0.0280795950764534,0.0196078431372549,TRUE,0.911634130024935,0.874074074074074,"cz_human_kidney_v1.5"
"B_cell","E4F1","lm",260,28,NA,0.54035366463212,NA,"cv_r2",NA,NA,NA,NA,NA,"cz_human_kidney_v1.5"
"B_cell","E4F1","ridge",260,28,NA,0.555133009418736,NA,"cv_r2",NA,NA,NA,NA,NA,"cz_human_kidney_v1.5"
"B_cell","E4F1","spearman",260,28,NA,0.129545405661939,NA,"cv_r2",NA,NA,NA,NA,NA,"cz_human_kidney_v1.5"
"B_cell","BMAL1","rf",260,28,0.682267281130433,0.687970511467,NA,"oob_r2",-0.0287238353151718,0.0196078431372549,TRUE,0.901404853128991,0.8,"cz_human_kidney_v1.5"
"B_cell","BMAL1","lm",260,28,NA,0.672880015863916,NA,"cv_r2",NA,NA,NA,NA,NA,"cz_human_kidney_v1.5"
"B_cell","BMAL1","ridge",260,28,NA,0.671162267983924,NA,"cv_r2",NA,NA,NA,NA,NA,"cz_human_kidney_v1.5"
"B_cell","BMAL1","spearman",260,28,NA,0.166404789948192,NA,"cv_r2",NA,NA,NA,NA,NA,"cz_human_kidney_v1.5"
"B_cell","RORA","rf",260,28,0.660468664715373,0.638235153891092,NA,"oob_r2",-0.0142736381797849,0.0196078431372549,TRUE,0.940777230432403,0.933333333333333,"cz_human_kidney_v1.5"
"B_cell","RORA","lm",260,28,NA,0.597357450539775,NA,"cv_r2",NA,NA,NA,NA,NA,"cz_human_kidney_v1.5"
"B_cell","RORA","ridge",260,28,NA,0.60362353177881,NA,"cv_r2",NA,NA,NA,NA,NA,"cz_human_kidney_v1.5"
"B_cell","RORA","spearman",260,28,NA,0.142053451332431,NA,"cv_r2",NA,NA,NA,NA,NA,"cz_human_kidney_v1.5"
"B_cell","ZNF589","rf",260,28,0.646475928470503,0.665007289363116,NA,"oob_r2",-0.0233489910030994,0.0196078431372549,TRUE,0.904822720914675,0.792592592592593,"cz_human_kidney_v1.5"
"B_cell","ZNF589","lm",260,28,NA,0.585510184263945,NA,"cv_r2",NA,NA,NA,NA,NA,"cz_human_kidney_v1.5"
"B_cell","ZNF589","ridge",260,28,NA,0.571420252132642,NA,"cv_r2",NA,NA,NA,NA,NA,"cz_human_kidney_v1.5"
"B_cell","ZNF589","spearman",260,28,NA,0.0714657037090459,NA,"cv_r2",NA,NA,NA,NA,NA,"cz_human_kidney_v1.5"
"B_cell","ERF","rf",260,28,0.654003468505446,0.63045315102573,NA,"oob_r2",-0.0316993540010868,0.0196078431372549,TRUE,0.926108374384236,0.881481481481482,"cz_human_kidney_v1.5"
"B_cell","ERF","lm",260,28,NA,0.628260997960276,NA,"cv_r2",NA,NA,NA,NA,NA,"cz_human_kidney_v1.5"
"B_cell","ERF","ridge",260,28,NA,0.639561973745174,NA,"cv_r2",NA,NA,NA,NA,NA,"cz_human_kidney_v1.5"
"B_cell","ERF","spearman",260,28,NA,0.201133509631968,NA,"cv_r2",NA,NA,NA,NA,NA,"cz_human_kidney_v1.5"
"B_cell","POU2F1","rf",260,28,0.723455685691009,0.728973604826724,NA,"oob_r2",-0.0446185819435447,0.0196078431372549,TRUE,0.860329623548014,0.933333333333333,"cz_human_kidney_v1.5"
"B_cell","POU2F1","lm",260,28,NA,0.723230292124865,NA,"cv_r2",NA,NA,NA,NA,NA,"cz_human_kidney_v1.5"
"B_cell","POU2F1","ridge",260,28,NA,0.717784657560459,NA,"cv_r2",NA,NA,NA,NA,NA,"cz_human_kidney_v1.5"
"B_cell","POU2F1","spearman",260,28,NA,0.18700960969823,NA,"cv_r2",NA,NA,NA,NA,NA,"cz_human_kidney_v1.5"
"B_cell","CUX1","rf",260,28,0.66863666637879,0.674720089873682,NA,"oob_r2",-0.0255304035947522,0.0196078431372549,TRUE,0.911731435869367,0.777777777777778,"cz_human_kidney_v1.5"
"B_cell","CUX1","lm",260,28,NA,0.660326513706749,NA,"cv_r2",NA,NA,NA,NA,NA,"cz_human_kidney_v1.5"
"B_cell","CUX1","ridge",260,28,NA,0.666788586359487,NA,"cv_r2",NA,NA,NA,NA,NA,"cz_human_kidney_v1.5"
"B_cell","CUX1","spearman",260,28,NA,0.179551393245595,NA,"cv_r2",NA,NA,NA,NA,NA,"cz_human_kidney_v1.5"
"B_cell","LMO2","rf",260,28,0.666064932076938,0.681490431138205,NA,"oob_r2",-0.0431750881767137,0.0196078431372549,TRUE,0.920075412029435,1,"cz_human_kidney_v1.5"
"B_cell","LMO2","lm",260,28,NA,0.649444644073938,NA,"cv_r2",NA,NA,NA,NA,NA,"cz_human_kidney_v1.5"
"B_cell","LMO2","ridge",260,28,NA,0.650212770217014,NA,"cv_r2",NA,NA,NA,NA,NA,"cz_human_kidney_v1.5"
"B_cell","LMO2","spearman",260,28,NA,0.134654856138893,NA,"cv_r2",NA,NA,NA,NA,NA,"cz_human_kidney_v1.5"
"B_cell","FOXO3","rf",260,28,0.658369819656303,0.651640132279836,NA,"oob_r2",0.00547035183336285,0.0196078431372549,TRUE,0.867797847108192,1,"cz_human_kidney_v1.5"
"B_cell","FOXO3","lm",260,28,NA,0.650970494642313,NA,"cv_r2",NA,NA,NA,NA,NA,"cz_human_kidney_v1.5"
"B_cell","FOXO3","ridge",260,28,NA,0.657233104974849,NA,"cv_r2",NA,NA,NA,NA,NA,"cz_human_kidney_v1.5"
"B_cell","FOXO3","spearman",260,28,NA,0.119210153417292,NA,"cv_r2",NA,NA,NA,NA,NA,"cz_human_kidney_v1.5"
"B_cell","FOXO1","rf",260,28,0.682192676275931,0.677319891662717,NA,"oob_r2",-0.0410991430909206,0.0196078431372549,TRUE,0.867384297269355,0.77989417989418,"cz_human_kidney_v1.5"
"B_cell","FOXO1","lm",260,28,NA,0.658046823653734,NA,"cv_r2",NA,NA,NA,NA,NA,"cz_human_kidney_v1.5"
"B_cell","FOXO1","ridge",260,28,NA,0.672039347887284,NA,"cv_r2",NA,NA,NA,NA,NA,"cz_human_kidney_v1.5"
"B_cell","FOXO1","spearman",260,28,NA,0.162806411583036,NA,"cv_r2",NA,NA,NA,NA,NA,"cz_human_kidney_v1.5"
"B_cell","SOX9","rf",260,28,0.651425840324519,0.651832172676583,NA,"oob_r2",-0.0283686042436466,0.0196078431372549,TRUE,0.908313568083683,1,"cz_human_kidney_v1.5"
"B_cell","SOX9","lm",260,28,NA,0.592966012646752,NA,"cv_r2",NA,NA,NA,NA,NA,"cz_human_kidney_v1.5"
"B_cell","SOX9","ridge",260,28,NA,0.595414109831599,NA,"cv_r2",NA,NA,NA,NA,NA,"cz_human_kidney_v1.5"
"B_cell","SOX9","spearman",260,28,NA,0.0892436613231535,NA,"cv_r2",NA,NA,NA,NA,NA,"cz_human_kidney_v1.5"
"B_cell","E2F5","rf",260,28,0.692394683202695,0.694705830948638,NA,"oob_r2",-0.0342290650897182,0.0196078431372549,TRUE,0.900127713920817,0.933333333333333,"cz_human_kidney_v1.5"
"B_cell","E2F5","lm",260,28,NA,0.691704176587604,NA,"cv_r2",NA,NA,NA,NA,NA,"cz_human_kidney_v1.5"
"B_cell","E2F5","ridge",260,28,NA,0.679344072206619,NA,"cv_r2",NA,NA,NA,NA,NA,"cz_human_kidney_v1.5"
"B_cell","E2F5","spearman",260,28,NA,0.158901715838183,NA,"cv_r2",NA,NA,NA,NA,NA,"cz_human_kidney_v1.5"
"B_cell","ARID2","rf",260,28,0.660713250742464,0.669812492120175,NA,"oob_r2",-0.0240852662202473,0.0196078431372549,TRUE,0.906999939183847,1,"cz_human_kidney_v1.5"
"B_cell","ARID2","lm",260,28,NA,0.588654404985421,NA,"cv_r2",NA,NA,NA,NA,NA,"cz_human_kidney_v1.5"
"B_cell","ARID2","ridge",260,28,NA,0.59659254089371,NA,"cv_r2",NA,NA,NA,NA,NA,"cz_human_kidney_v1.5"
"B_cell","ARID2","spearman",260,28,NA,0.18780941454879,NA,"cv_r2",NA,NA,NA,NA,NA,"cz_human_kidney_v1.5"
"B_cell","BACH2","rf",260,28,0.685189225468624,0.678359338053901,NA,"oob_r2",-0.0149486477187467,0.0196078431372549,TRUE,0.897476129660038,0.881481481481481,"cz_human_kidney_v1.5"
"B_cell","BACH2","lm",260,28,NA,0.64678707253683,NA,"cv_r2",NA,NA,NA,NA,NA,"cz_human_kidney_v1.5"
"B_cell","BACH2","ridge",260,28,NA,0.652000306767312,NA,"cv_r2",NA,NA,NA,NA,NA,"cz_human_kidney_v1.5"
"B_cell","BACH2","spearman",260,28,NA,0.220264615411971,NA,"cv_r2",NA,NA,NA,NA,NA,"cz_human_kidney_v1.5"
"B_cell","NR1H3","rf",260,28,0.661703176781052,0.655504373256233,NA,"oob_r2",-0.022092679489955,0.0196078431372549,TRUE,0.917010277929818,1,"cz_human_kidney_v1.5"
"B_cell","NR1H3","lm",260,28,NA,0.633889926521967,NA,"cv_r2",NA,NA,NA,NA,NA,"cz_human_kidney_v1.5"
"B_cell","NR1H3","ridge",260,28,NA,0.626461604245275,NA,"cv_r2",NA,NA,NA,NA,NA,"cz_human_kidney_v1.5"
"B_cell","NR1H3","spearman",260,28,NA,0.138188838577814,NA,"cv_r2",NA,NA,NA,NA,NA,"cz_human_kidney_v1.5"
"B_cell","IRX3","rf",260,28,0.626005355929555,0.650333450952007,NA,"oob_r2",-0.030715282315658,0.0196078431372549,TRUE,0.863625859028158,0.82962962962963,"cz_human_kidney_v1.5"
"B_cell","IRX3","lm",260,28,NA,0.617093325386011,NA,"cv_r2",NA,NA,NA,NA,NA,"cz_human_kidney_v1.5"
"B_cell","IRX3","ridge",260,28,NA,0.623705177693245,NA,"cv_r2",NA,NA,NA,NA,NA,"cz_human_kidney_v1.5"
"B_cell","IRX3","spearman",260,28,NA,0.14906836758013,NA,"cv_r2",NA,NA,NA,NA,NA,"cz_human_kidney_v1.5"
"B_cell","ZEB1","rf",260,28,0.624873344498656,0.631340829098192,NA,"oob_r2",-0.0281548630751344,0.0196078431372549,TRUE,0.912862616310892,1,"cz_human_kidney_v1.5"
"B_cell","ZEB1","lm",260,28,NA,0.657215720081977,NA,"cv_r2",NA,NA,NA,NA,NA,"cz_human_kidney_v1.5"
"B_cell","ZEB1","ridge",260,28,NA,0.67078066776909,NA,"cv_r2",NA,NA,NA,NA,NA,"cz_human_kidney_v1.5"
"B_cell","ZEB1","spearman",260,28,NA,0.178746407692749,NA,"cv_r2",NA,NA,NA,NA,NA,"cz_human_kidney_v1.5"
"B_cell","PBX3","rf",260,28,0.675906682421655,0.677298002705119,NA,"oob_r2",-0.0365522220577842,0.0196078431372549,TRUE,0.932019704433497,1,"cz_human_kidney_v1.5"
"B_cell","PBX3","lm",260,28,NA,0.673659035188313,NA,"cv_r2",NA,NA,NA,NA,NA,"cz_human_kidney_v1.5"
"B_cell","PBX3","ridge",260,28,NA,0.683609738099915,NA,"cv_r2",NA,NA,NA,NA,NA,"cz_human_kidney_v1.5"
"B_cell","PBX3","spearman",260,28,NA,0.226379236571581,NA,"cv_r2",NA,NA,NA,NA,NA,"cz_human_kidney_v1.5"
"B_cell","KLF12","rf",260,28,0.67311415391956,0.670862156476646,NA,"oob_r2",-0.0309408341864348,0.0196078431372549,TRUE,0.925378580550994,0.784126984126984,"cz_human_kidney_v1.5"
"B_cell","KLF12","lm",260,28,NA,0.649606861884298,NA,"cv_r2",NA,NA,NA,NA,NA,"cz_human_kidney_v1.5"
"B_cell","KLF12","ridge",260,28,NA,0.65991948617204,NA,"cv_r2",NA,NA,NA,NA,NA,"cz_human_kidney_v1.5"
"B_cell","KLF12","spearman",260,28,NA,0.341406734092256,NA,"cv_r2",NA,NA,NA,NA,NA,"cz_human_kidney_v1.5"
"kidney_interstitial_alternatively_activated_macrophage","ZBTB16","rf",310,43,0.860847692149007,0.857777566095177,NA,"oob_r2",-0.0425129144045342,0.0196078431372549,TRUE,0.871136615322662,0.933333333333333,"cz_human_kidney_v1.5"
"kidney_interstitial_alternatively_activated_macrophage","ZBTB16","lm",310,43,NA,0.81551085659614,NA,"cv_r2",NA,NA,NA,NA,NA,"cz_human_kidney_v1.5"
"kidney_interstitial_alternatively_activated_macrophage","ZBTB16","ridge",310,43,NA,0.826447171416714,NA,"cv_r2",NA,NA,NA,NA,NA,"cz_human_kidney_v1.5"
"kidney_interstitial_alternatively_activated_macrophage","ZBTB16","spearman",310,43,NA,0.613197267852563,NA,"cv_r2",NA,NA,NA,NA,NA,"cz_human_kidney_v1.5"
"kidney_interstitial_alternatively_activated_macrophage","JDP2","rf",310,43,0.828778511333627,0.819684261465489,NA,"oob_r2",-0.0217585479841126,0.0196078431372549,TRUE,0.942749756703245,0.698412698412698,"cz_human_kidney_v1.5"
"kidney_interstitial_alternatively_activated_macrophage","JDP2","lm",310,43,NA,0.767003849319766,NA,"cv_r2",NA,NA,NA,NA,NA,"cz_human_kidney_v1.5"
"kidney_interstitial_alternatively_activated_macrophage","JDP2","ridge",310,43,NA,0.779664918703331,NA,"cv_r2",NA,NA,NA,NA,NA,"cz_human_kidney_v1.5"
"kidney_interstitial_alternatively_activated_macrophage","JDP2","spearman",310,43,NA,0.538312055297818,NA,"cv_r2",NA,NA,NA,NA,NA,"cz_human_kidney_v1.5"
"kidney_interstitial_alternatively_activated_macrophage","FOSL2","rf",310,43,0.763765963608336,0.760890484022479,NA,"oob_r2",-0.0196715271535825,0.0196078431372549,TRUE,0.911785630390282,1,"cz_human_kidney_v1.5"
"kidney_interstitial_alternatively_activated_macrophage","FOSL2","lm",310,43,NA,0.70545514514352,NA,"cv_r2",NA,NA,NA,NA,NA,"cz_human_kidney_v1.5"
"kidney_interstitial_alternatively_activated_macrophage","FOSL2","ridge",310,43,NA,0.715594548098719,NA,"cv_r2",NA,NA,NA,NA,NA,"cz_human_kidney_v1.5"
"kidney_interstitial_alternatively_activated_macrophage","FOSL2","spearman",310,43,NA,0.372884699890002,NA,"cv_r2",NA,NA,NA,NA,NA,"cz_human_kidney_v1.5"
"kidney_interstitial_alternatively_activated_macrophage","FOXO3","rf",310,43,0.812058706461117,0.808353072373226,NA,"oob_r2",-0.038309833112865,0.0196078431372549,TRUE,0.895546830430551,1,"cz_human_kidney_v1.5"
"kidney_interstitial_alternatively_activated_macrophage","FOXO3","lm",310,43,NA,0.764658939931601,NA,"cv_r2",NA,NA,NA,NA,NA,"cz_human_kidney_v1.5"
"kidney_interstitial_alternatively_activated_macrophage","FOXO3","ridge",310,43,NA,0.772779671825054,NA,"cv_r2",NA,NA,NA,NA,NA,"cz_human_kidney_v1.5"
"kidney_interstitial_alternatively_activated_macrophage","FOXO3","spearman",310,43,NA,0.445413980474074,NA,"cv_r2",NA,NA,NA,NA,NA,"cz_human_kidney_v1.5"
"kidney_interstitial_alternatively_activated_macrophage","NFIL3","rf",310,43,0.804919059930506,0.791022631924487,NA,"oob_r2",-0.0375105825501099,0.0196078431372549,TRUE,0.855223329641934,1,"cz_human_kidney_v1.5"
"kidney_interstitial_alternatively_activated_macrophage","NFIL3","lm",310,43,NA,0.75194769826395,NA,"cv_r2",NA,NA,NA,NA,NA,"cz_human_kidney_v1.5"
"kidney_interstitial_alternatively_activated_macrophage","NFIL3","ridge",310,43,NA,0.761751633763074,NA,"cv_r2",NA,NA,NA,NA,NA,"cz_human_kidney_v1.5"
"kidney_interstitial_alternatively_activated_macrophage","NFIL3","spearman",310,43,NA,0.476541956364391,NA,"cv_r2",NA,NA,NA,NA,NA,"cz_human_kidney_v1.5"
"kidney_interstitial_alternatively_activated_macrophage","CEBPD","rf",310,43,0.777489887301111,0.782499990612924,NA,"oob_r2",-0.0348020544802782,0.0196078431372549,TRUE,0.879707372730629,1,"cz_human_kidney_v1.5"
"kidney_interstitial_alternatively_activated_macrophage","CEBPD","lm",310,43,NA,0.725900224684476,NA,"cv_r2",NA,NA,NA,NA,NA,"cz_human_kidney_v1.5"
"kidney_interstitial_alternatively_activated_macrophage","CEBPD","ridge",310,43,NA,0.736093886482591,NA,"cv_r2",NA,NA,NA,NA,NA,"cz_human_kidney_v1.5"
"kidney_interstitial_alternatively_activated_macrophage","CEBPD","spearman",310,43,NA,0.517427019843209,NA,"cv_r2",NA,NA,NA,NA,NA,"cz_human_kidney_v1.5"
"kidney_interstitial_alternatively_activated_macrophage","FOXN3","rf",310,43,0.830466347643914,0.807508889575671,NA,"oob_r2",-0.0385202998468405,0.0196078431372549,TRUE,0.871133259505353,1,"cz_human_kidney_v1.5"
"kidney_interstitial_alternatively_activated_macrophage","FOXN3","lm",310,43,NA,0.781459846109662,NA,"cv_r2",NA,NA,NA,NA,NA,"cz_human_kidney_v1.5"
"kidney_interstitial_alternatively_activated_macrophage","FOXN3","ridge",310,43,NA,0.789726158837158,NA,"cv_r2",NA,NA,NA,NA,NA,"cz_human_kidney_v1.5"
"kidney_interstitial_alternatively_activated_macrophage","FOXN3","spearman",310,43,NA,0.406603441289568,NA,"cv_r2",NA,NA,NA,NA,NA,"cz_human_kidney_v1.5"
"kidney_interstitial_alternatively_activated_macrophage","MEF2C","rf",310,43,0.758884418047067,0.750211608650482,NA,"oob_r2",-0.0245608620758091,0.0196078431372549,TRUE,0.886496191147354,0.822222222222222,"cz_human_kidney_v1.5"
"kidney_interstitial_alternatively_activated_macrophage","MEF2C","lm",310,43,NA,0.681761709703889,NA,"cv_r2",NA,NA,NA,NA,NA,"cz_human_kidney_v1.5"
"kidney_interstitial_alternatively_activated_macrophage","MEF2C","ridge",310,43,NA,0.705228772266508,NA,"cv_r2",NA,NA,NA,NA,NA,"cz_human_kidney_v1.5"
"kidney_interstitial_alternatively_activated_macrophage","MEF2C","spearman",310,43,NA,0.24513702510885,NA,"cv_r2",NA,NA,NA,NA,NA,"cz_human_kidney_v1.5"
"kidney_interstitial_alternatively_activated_macrophage","ELF2","rf",310,43,0.843464780240676,0.813706347117295,NA,"oob_r2",-0.030330387890776,0.0196078431372549,TRUE,0.879455686432431,0.933333333333333,"cz_human_kidney_v1.5"
"kidney_interstitial_alternatively_activated_macrophage","ELF2","lm",310,43,NA,0.808031690513325,NA,"cv_r2",NA,NA,NA,NA,NA,"cz_human_kidney_v1.5"
"kidney_interstitial_alternatively_activated_macrophage","ELF2","ridge",310,43,NA,0.815130849072212,NA,"cv_r2",NA,NA,NA,NA,NA,"cz_human_kidney_v1.5"
"kidney_interstitial_alternatively_activated_macrophage","ELF2","spearman",310,43,NA,0.509419631234733,NA,"cv_r2",NA,NA,NA,NA,NA,"cz_human_kidney_v1.5"
"kidney_interstitial_alternatively_activated_macrophage","RBPJ","rf",310,43,0.808732003980527,0.81569498347822,NA,"oob_r2",-0.0254302493604619,0.0196078431372549,TRUE,0.908788885533072,1,"cz_human_kidney_v1.5"
"kidney_interstitial_alternatively_activated_macrophage","RBPJ","lm",310,43,NA,0.782802710326309,NA,"cv_r2",NA,NA,NA,NA,NA,"cz_human_kidney_v1.5"
"kidney_interstitial_alternatively_activated_macrophage","RBPJ","ridge",310,43,NA,0.794858875495602,NA,"cv_r2",NA,NA,NA,NA,NA,"cz_human_kidney_v1.5"
"kidney_interstitial_alternatively_activated_macrophage","RBPJ","spearman",310,43,NA,0.580628532727872,NA,"cv_r2",NA,NA,NA,NA,NA,"cz_human_kidney_v1.5"
"kidney_interstitial_alternatively_activated_macrophage","ZFHX3","rf",310,43,0.812995992531197,0.786764224892144,NA,"oob_r2",-0.0359688862152505,0.0196078431372549,TRUE,0.908574113225276,1,"cz_human_kidney_v1.5"
"kidney_interstitial_alternatively_activated_macrophage","ZFHX3","lm",310,43,NA,0.781746365337908,NA,"cv_r2",NA,NA,NA,NA,NA,"cz_human_kidney_v1.5"
"kidney_interstitial_alternatively_activated_macrophage","ZFHX3","ridge",310,43,NA,0.783154581814955,NA,"cv_r2",NA,NA,NA,NA,NA,"cz_human_kidney_v1.5"
"kidney_interstitial_alternatively_activated_macrophage","ZFHX3","spearman",310,43,NA,0.449679409728386,NA,"cv_r2",NA,NA,NA,NA,NA,"cz_human_kidney_v1.5"
"kidney_interstitial_alternatively_activated_macrophage","ARID5B","rf",310,43,0.778099391172675,0.75976120488834,NA,"oob_r2",-0.0425432009007814,0.0196078431372549,TRUE,0.917987180777879,1,"cz_human_kidney_v1.5"
"kidney_interstitial_alternatively_activated_macrophage","ARID5B","lm",310,43,NA,0.702680048765368,NA,"cv_r2",NA,NA,NA,NA,NA,"cz_human_kidney_v1.5"
"kidney_interstitial_alternatively_activated_macrophage","ARID5B","ridge",310,43,NA,0.721031862586589,NA,"cv_r2",NA,NA,NA,NA,NA,"cz_human_kidney_v1.5"
"kidney_interstitial_alternatively_activated_macrophage","ARID5B","spearman",310,43,NA,0.499783247817712,NA,"cv_r2",NA,NA,NA,NA,NA,"cz_human_kidney_v1.5"
"kidney_interstitial_alternatively_activated_macrophage","ATF5","rf",310,43,0.824449275253152,0.810582815635905,NA,"oob_r2",-0.0334585611298507,0.0196078431372549,TRUE,0.888660693311856,1,"cz_human_kidney_v1.5"
"kidney_interstitial_alternatively_activated_macrophage","ATF5","lm",310,43,NA,0.79461754570111,NA,"cv_r2",NA,NA,NA,NA,NA,"cz_human_kidney_v1.5"
"kidney_interstitial_alternatively_activated_macrophage","ATF5","ridge",310,43,NA,0.804526910098962,NA,"cv_r2",NA,NA,NA,NA,NA,"cz_human_kidney_v1.5"
"kidney_interstitial_alternatively_activated_macrophage","ATF5","spearman",310,43,NA,0.480352372836829,NA,"cv_r2",NA,NA,NA,NA,NA,"cz_human_kidney_v1.5"
"kidney_interstitial_alternatively_activated_macrophage","HIVEP2","rf",310,43,0.839026901258619,0.830545171375319,NA,"oob_r2",-0.026018466968706,0.0196078431372549,TRUE,0.907691533272929,0.822222222222222,"cz_human_kidney_v1.5"
"kidney_interstitial_alternatively_activated_macrophage","HIVEP2","lm",310,43,NA,0.814560319303455,NA,"cv_r2",NA,NA,NA,NA,NA,"cz_human_kidney_v1.5"
"kidney_interstitial_alternatively_activated_macrophage","HIVEP2","ridge",310,43,NA,0.82591789310751,NA,"cv_r2",NA,NA,NA,NA,NA,"cz_human_kidney_v1.5"
"kidney_interstitial_alternatively_activated_macrophage","HIVEP2","spearman",310,43,NA,0.518471712517176,NA,"cv_r2",NA,NA,NA,NA,NA,"cz_human_kidney_v1.5"
"kidney_interstitial_alternatively_activated_macrophage","ZNF324","rf",310,43,0.822222382545352,0.799014132570054,NA,"oob_r2",-0.0265846803490193,0.0196078431372549,TRUE,0.904372629954025,0.755555555555556,"cz_human_kidney_v1.5"
"kidney_interstitial_alternatively_activated_macrophage","ZNF324","lm",310,43,NA,0.755571779073952,NA,"cv_r2",NA,NA,NA,NA,NA,"cz_human_kidney_v1.5"
"kidney_interstitial_alternatively_activated_macrophage","ZNF324","ridge",310,43,NA,0.771149031195552,NA,"cv_r2",NA,NA,NA,NA,NA,"cz_human_kidney_v1.5"
"kidney_interstitial_alternatively_activated_macrophage","ZNF324","spearman",310,43,NA,0.491380194941212,NA,"cv_r2",NA,NA,NA,NA,NA,"cz_human_kidney_v1.5"
"kidney_interstitial_alternatively_activated_macrophage","CUX1","rf",310,43,0.832371479465756,0.804352866339124,NA,"oob_r2",-0.0318518515999447,0.0196078431372549,TRUE,0.906698211349374,1,"cz_human_kidney_v1.5"
"kidney_interstitial_alternatively_activated_macrophage","CUX1","lm",310,43,NA,0.786975354667599,NA,"cv_r2",NA,NA,NA,NA,NA,"cz_human_kidney_v1.5"
"kidney_interstitial_alternatively_activated_macrophage","CUX1","ridge",310,43,NA,0.794598709753805,NA,"cv_r2",NA,NA,NA,NA,NA,"cz_human_kidney_v1.5"
"kidney_interstitial_alternatively_activated_macrophage","CUX1","spearman",310,43,NA,0.33037963204123,NA,"cv_r2",NA,NA,NA,NA,NA,"cz_human_kidney_v1.5"
"kidney_interstitial_alternatively_activated_macrophage","HIVEP1","rf",310,43,0.80189711627972,0.787422680835842,NA,"oob_r2",-0.0172318007256444,0.0196078431372549,TRUE,0.909064062552435,1,"cz_human_kidney_v1.5"
"kidney_interstitial_alternatively_activated_macrophage","HIVEP1","lm",310,43,NA,0.770493577584517,NA,"cv_r2",NA,NA,NA,NA,NA,"cz_human_kidney_v1.5"
"kidney_interstitial_alternatively_activated_macrophage","HIVEP1","ridge",310,43,NA,0.787249795742579,NA,"cv_r2",NA,NA,NA,NA,NA,"cz_human_kidney_v1.5"
"kidney_interstitial_alternatively_activated_macrophage","HIVEP1","spearman",310,43,NA,0.408341473844467,NA,"cv_r2",NA,NA,NA,NA,NA,"cz_human_kidney_v1.5"
"kidney_interstitial_alternatively_activated_macrophage","ELF1","rf",310,43,0.760872905316826,0.754301773226236,NA,"oob_r2",-0.0497609188515126,0.0196078431372549,TRUE,0.869941944360549,0.933333333333333,"cz_human_kidney_v1.5"
"kidney_interstitial_alternatively_activated_macrophage","ELF1","lm",310,43,NA,0.755064894121348,NA,"cv_r2",NA,NA,NA,NA,NA,"cz_human_kidney_v1.5"
"kidney_interstitial_alternatively_activated_macrophage","ELF1","ridge",310,43,NA,0.766773314527026,NA,"cv_r2",NA,NA,NA,NA,NA,"cz_human_kidney_v1.5"
"kidney_interstitial_alternatively_activated_macrophage","ELF1","spearman",310,43,NA,0.454609529194037,NA,"cv_r2",NA,NA,NA,NA,NA,"cz_human_kidney_v1.5"
"kidney_interstitial_alternatively_activated_macrophage","RORA","rf",310,43,0.688454411676107,0.684245339350191,NA,"oob_r2",-0.0963111491291968,0.0196078431372549,TRUE,0.845639115406557,0.536507936507936,"cz_human_kidney_v1.5"
"kidney_interstitial_alternatively_activated_macrophage","RORA","lm",310,43,NA,0.450951644131824,NA,"cv_r2",NA,NA,NA,NA,NA,"cz_human_kidney_v1.5"
"kidney_interstitial_alternatively_activated_macrophage","RORA","ridge",310,43,NA,0.506460978572382,NA,"cv_r2",NA,NA,NA,NA,NA,"cz_human_kidney_v1.5"
"kidney_interstitial_alternatively_activated_macrophage","RORA","spearman",310,43,NA,0.275563700831666,NA,"cv_r2",NA,NA,NA,NA,NA,"cz_human_kidney_v1.5"
"kidney_interstitial_alternatively_activated_macrophage","ELF4","rf",310,43,0.784465791731755,0.757385479422248,NA,"oob_r2",-0.0238007404138762,0.0196078431372549,TRUE,0.868951978254304,0.933333333333333,"cz_human_kidney_v1.5"
"kidney_interstitial_alternatively_activated_macrophage","ELF4","lm",310,43,NA,0.763042087923526,NA,"cv_r2",NA,NA,NA,NA,NA,"cz_human_kidney_v1.5"
"kidney_interstitial_alternatively_activated_macrophage","ELF4","ridge",310,43,NA,0.773187453437721,NA,"cv_r2",NA,NA,NA,NA,NA,"cz_human_kidney_v1.5"
"kidney_interstitial_alternatively_activated_macrophage","ELF4","spearman",310,43,NA,0.271765604489252,NA,"cv_r2",NA,NA,NA,NA,NA,"cz_human_kidney_v1.5"
"kidney_interstitial_alternatively_activated_macrophage","ERG","rf",310,43,0.794288930348006,0.78306982457512,NA,"oob_r2",-0.0697169264601631,0.0196078431372549,TRUE,0.843051780261083,0.508730158730159,"cz_human_kidney_v1.5"
"kidney_interstitial_alternatively_activated_macrophage","ERG","lm",310,43,NA,0.509236831294403,NA,"cv_r2",NA,NA,NA,NA,NA,"cz_human_kidney_v1.5"
"kidney_interstitial_alternatively_activated_macrophage","ERG","ridge",310,43,NA,0.545532210305588,NA,"cv_r2",NA,NA,NA,NA,NA,"cz_human_kidney_v1.5"
"kidney_interstitial_alternatively_activated_macrophage","ERG","spearman",310,43,NA,0.326046768231038,NA,"cv_r2",NA,NA,NA,NA,NA,"cz_human_kidney_v1.5"
"kidney_interstitial_alternatively_activated_macrophage","FOSB","rf",310,43,0.752209523836719,0.750329210478031,NA,"oob_r2",-0.0400085983382162,0.0196078431372549,TRUE,0.904043759857713,1,"cz_human_kidney_v1.5"
"kidney_interstitial_alternatively_activated_macrophage","FOSB","lm",310,43,NA,0.754154659912733,NA,"cv_r2",NA,NA,NA,NA,NA,"cz_human_kidney_v1.5"
"kidney_interstitial_alternatively_activated_macrophage","FOSB","ridge",310,43,NA,0.761262166904015,NA,"cv_r2",NA,NA,NA,NA,NA,"cz_human_kidney_v1.5"
"kidney_interstitial_alternatively_activated_macrophage","FOSB","spearman",310,43,NA,0.433979345309153,NA,"cv_r2",NA,NA,NA,NA,NA,"cz_human_kidney_v1.5"
"kidney_interstitial_alternatively_activated_macrophage","ID2","rf",310,43,0.793160882488922,0.782068281661373,NA,"oob_r2",-0.0270253554285027,0.0196078431372549,TRUE,0.909537232793047,0.933333333333333,"cz_human_kidney_v1.5"
"kidney_interstitial_alternatively_activated_macrophage","ID2","lm",310,43,NA,0.730214296454454,NA,"cv_r2",NA,NA,NA,NA,NA,"cz_human_kidney_v1.5"
"kidney_interstitial_alternatively_activated_macrophage","ID2","ridge",310,43,NA,0.748257476574668,NA,"cv_r2",NA,NA,NA,NA,NA,"cz_human_kidney_v1.5"
"kidney_interstitial_alternatively_activated_macrophage","ID2","spearman",310,43,NA,0.401145327706674,NA,"cv_r2",NA,NA,NA,NA,NA,"cz_human_kidney_v1.5"
"kidney_interstitial_alternatively_activated_macrophage","NPAS3","rf",310,43,0.820170451014089,0.809828625694633,NA,"oob_r2",-0.0441434156336149,0.0196078431372549,TRUE,0.910335917312662,0.933333333333333,"cz_human_kidney_v1.5"
"kidney_interstitial_alternatively_activated_macrophage","NPAS3","lm",310,43,NA,0.803907810799863,NA,"cv_r2",NA,NA,NA,NA,NA,"cz_human_kidney_v1.5"
"kidney_interstitial_alternatively_activated_macrophage","NPAS3","ridge",310,43,NA,0.813094061831476,NA,"cv_r2",NA,NA,NA,NA,NA,"cz_human_kidney_v1.5"
"kidney_interstitial_alternatively_activated_macrophage","NPAS3","spearman",310,43,NA,0.486365277950922,NA,"cv_r2",NA,NA,NA,NA,NA,"cz_human_kidney_v1.5"
"kidney_interstitial_alternatively_activated_macrophage","PPARD","rf",310,43,0.813990841643543,0.809357598787202,NA,"oob_r2",-0.0354759230237024,0.0196078431372549,TRUE,0.926571361455082,0.933333333333333,"cz_human_kidney_v1.5"
"kidney_interstitial_alternatively_activated_macrophage","PPARD","lm",310,43,NA,0.792490531492343,NA,"cv_r2",NA,NA,NA,NA,NA,"cz_human_kidney_v1.5"
"kidney_interstitial_alternatively_activated_macrophage","PPARD","ridge",310,43,NA,0.798777370432318,NA,"cv_r2",NA,NA,NA,NA,NA,"cz_human_kidney_v1.5"
"kidney_interstitial_alternatively_activated_macrophage","PPARD","spearman",310,43,NA,0.458471915944603,NA,"cv_r2",NA,NA,NA,NA,NA,"cz_human_kidney_v1.5"
"kidney_interstitial_alternatively_activated_macrophage","RFX3","rf",310,43,0.789199857653847,0.769254060461063,NA,"oob_r2",-0.0242581081274903,0.0196078431372549,TRUE,0.83064532366858,1,"cz_human_kidney_v1.5"
"kidney_interstitial_alternatively_activated_macrophage","RFX3","lm",310,43,NA,0.75981873275283,NA,"cv_r2",NA,NA,NA,NA,NA,"cz_human_kidney_v1.5"
"kidney_interstitial_alternatively_activated_macrophage","RFX3","ridge",310,43,NA,0.766221924122255,NA,"cv_r2",NA,NA,NA,NA,NA,"cz_human_kidney_v1.5"
"kidney_interstitial_alternatively_activated_macrophage","RFX3","spearman",310,43,NA,0.362141445043809,NA,"cv_r2",NA,NA,NA,NA,NA,"cz_human_kidney_v1.5"
"kidney_interstitial_alternatively_activated_macrophage","AHR","rf",310,43,0.798552012461908,0.775791390796174,NA,"oob_r2",-0.0337387865149234,0.0196078431372549,TRUE,0.882680626866673,0.933333333333333,"cz_human_kidney_v1.5"
"kidney_interstitial_alternatively_activated_macrophage","AHR","lm",310,43,NA,0.803705385326196,NA,"cv_r2",NA,NA,NA,NA,NA,"cz_human_kidney_v1.5"
"kidney_interstitial_alternatively_activated_macrophage","AHR","ridge",310,43,NA,0.813621085415863,NA,"cv_r2",NA,NA,NA,NA,NA,"cz_human_kidney_v1.5"
"kidney_interstitial_alternatively_activated_macrophage","AHR","spearman",310,43,NA,0.248467681752819,NA,"cv_r2",NA,NA,NA,NA,NA,"cz_human_kidney_v1.5"
"kidney_interstitial_alternatively_activated_macrophage","SOX7","rf",310,43,0.771146521807693,0.766227055555693,NA,"oob_r2",-0.0402130404786502,0.0196078431372549,TRUE,0.899100640961106,1,"cz_human_kidney_v1.5"
"kidney_interstitial_alternatively_activated_macrophage","SOX7","lm",310,43,NA,0.669782595681255,NA,"cv_r2",NA,NA,NA,NA,NA,"cz_human_kidney_v1.5"
"kidney_interstitial_alternatively_activated_macrophage","SOX7","ridge",310,43,NA,0.689219210856016,NA,"cv_r2",NA,NA,NA,NA,NA,"cz_human_kidney_v1.5"
"kidney_interstitial_alternatively_activated_macrophage","SOX7","spearman",310,43,NA,0.342275958150312,NA,"cv_r2",NA,NA,NA,NA,NA,"cz_human_kidney_v1.5"
"kidney_interstitial_alternatively_activated_macrophage","MECOM","rf",310,43,0.844568489440796,0.822656547994945,NA,"oob_r2",-0.0261290759202045,0.0196078431372549,TRUE,0.919094600489949,1,"cz_human_kidney_v1.5"
"kidney_interstitial_alternatively_activated_macrophage","MECOM","lm",310,43,NA,0.733525283312173,NA,"cv_r2",NA,NA,NA,NA,NA,"cz_human_kidney_v1.5"
"kidney_interstitial_alternatively_activated_macrophage","MECOM","ridge",310,43,NA,0.747442643943734,NA,"cv_r2",NA,NA,NA,NA,NA,"cz_human_kidney_v1.5"
"kidney_interstitial_alternatively_activated_macrophage","MECOM","spearman",310,43,NA,0.419020005847469,NA,"cv_r2",NA,NA,NA,NA,NA,"cz_human_kidney_v1.5"
"kidney_interstitial_alternatively_activated_macrophage","ATF3","rf",310,43,0.750678688341387,0.740264919078353,NA,"oob_r2",-0.0283473838714671,0.0196078431372549,TRUE,0.855867646565321,0.874074074074074,"cz_human_kidney_v1.5"
"kidney_interstitial_alternatively_activated_macrophage","ATF3","lm",310,43,NA,0.718954799571548,NA,"cv_r2",NA,NA,NA,NA,NA,"cz_human_kidney_v1.5"
"kidney_interstitial_alternatively_activated_macrophage","ATF3","ridge",310,43,NA,0.735609708340982,NA,"cv_r2",NA,NA,NA,NA,NA,"cz_human_kidney_v1.5"
"kidney_interstitial_alternatively_activated_macrophage","ATF3","spearman",310,43,NA,0.392591352080095,NA,"cv_r2",NA,NA,NA,NA,NA,"cz_human_kidney_v1.5"
"kidney_interstitial_alternatively_activated_macrophage","HIF1A","rf",310,43,0.761443064391675,0.736906150930856,NA,"oob_r2",-0.0327950985863118,0.0196078431372549,TRUE,0.91353065539112,0.77037037037037,"cz_human_kidney_v1.5"
"kidney_interstitial_alternatively_activated_macrophage","HIF1A","lm",310,43,NA,0.731993350579327,NA,"cv_r2",NA,NA,NA,NA,NA,"cz_human_kidney_v1.5"
"kidney_interstitial_alternatively_activated_macrophage","HIF1A","ridge",310,43,NA,0.745556379892672,NA,"cv_r2",NA,NA,NA,NA,NA,"cz_human_kidney_v1.5"
"kidney_interstitial_alternatively_activated_macrophage","HIF1A","spearman",310,43,NA,0.354103807908057,NA,"cv_r2",NA,NA,NA,NA,NA,"cz_human_kidney_v1.5"
"kidney_interstitial_alternatively_activated_macrophage","TFCP2","rf",310,43,0.732195302280982,0.711229982054535,NA,"oob_r2",-0.0286183345652769,0.0196078431372549,TRUE,0.863341051713145,0.933333333333333,"cz_human_kidney_v1.5"
"kidney_interstitial_alternatively_activated_macrophage","TFCP2","lm",310,43,NA,0.706644492356932,NA,"cv_r2",NA,NA,NA,NA,NA,"cz_human_kidney_v1.5"
"kidney_interstitial_alternatively_activated_macrophage","TFCP2","ridge",310,43,NA,0.723043659317292,NA,"cv_r2",NA,NA,NA,NA,NA,"cz_human_kidney_v1.5"
"kidney_interstitial_alternatively_activated_macrophage","TFCP2","spearman",310,43,NA,0.413709380055716,NA,"cv_r2",NA,NA,NA,NA,NA,"cz_human_kidney_v1.5"
"kidney_interstitial_alternatively_activated_macrophage","ZNF335","rf",310,43,0.784798472132236,0.768993043304224,NA,"oob_r2",-0.0362414356666057,0.0196078431372549,TRUE,0.921238967750596,0.933333333333333,"cz_human_kidney_v1.5"
"kidney_interstitial_alternatively_activated_macrophage","ZNF335","lm",310,43,NA,0.752246921258278,NA,"cv_r2",NA,NA,NA,NA,NA,"cz_human_kidney_v1.5"
"kidney_interstitial_alternatively_activated_macrophage","ZNF335","ridge",310,43,NA,0.759086643696813,NA,"cv_r2",NA,NA,NA,NA,NA,"cz_human_kidney_v1.5"
"kidney_interstitial_alternatively_activated_macrophage","ZNF335","spearman",310,43,NA,0.37238405520921,NA,"cv_r2",NA,NA,NA,NA,NA,"cz_human_kidney_v1.5"
"kidney_interstitial_alternatively_activated_macrophage","ESRRB","rf",310,43,0.761206790562594,0.734924252633007,NA,"oob_r2",-0.0283714661510314,0.0196078431372549,TRUE,0.922930299674486,0.755555555555556,"cz_human_kidney_v1.5"
"kidney_interstitial_alternatively_activated_macrophage","ESRRB","lm",310,43,NA,0.670497718087836,NA,"cv_r2",NA,NA,NA,NA,NA,"cz_human_kidney_v1.5"
"kidney_interstitial_alternatively_activated_macrophage","ESRRB","ridge",310,43,NA,0.691770295856328,NA,"cv_r2",NA,NA,NA,NA,NA,"cz_human_kidney_v1.5"
"kidney_interstitial_alternatively_activated_macrophage","ESRRB","spearman",310,43,NA,0.361538756051511,NA,"cv_r2",NA,NA,NA,NA,NA,"cz_human_kidney_v1.5"
"kidney_interstitial_alternatively_activated_macrophage","JUNB","rf",310,43,0.753317401552582,0.741450654089829,NA,"oob_r2",-0.0345622676384749,0.0196078431372549,TRUE,0.855172992382295,0.656084656084656,"cz_human_kidney_v1.5"
"kidney_interstitial_alternatively_activated_macrophage","JUNB","lm",310,43,NA,0.751244159124823,NA,"cv_r2",NA,NA,NA,NA,NA,"cz_human_kidney_v1.5"
"kidney_interstitial_alternatively_activated_macrophage","JUNB","ridge",310,43,NA,0.762703387752177,NA,"cv_r2",NA,NA,NA,NA,NA,"cz_human_kidney_v1.5"
"kidney_interstitial_alternatively_activated_macrophage","JUNB","spearman",310,43,NA,0.442554917736671,NA,"cv_r2",NA,NA,NA,NA,NA,"cz_human_kidney_v1.5"
"kidney_interstitial_alternatively_activated_macrophage","UBP1","rf",310,43,0.750193990073573,0.730340366357509,NA,"oob_r2",-0.0372160223942068,0.0196078431372549,TRUE,0.892284976005906,1,"cz_human_kidney_v1.5"
"kidney_interstitial_alternatively_activated_macrophage","UBP1","lm",310,43,NA,0.697216795866068,NA,"cv_r2",NA,NA,NA,NA,NA,"cz_human_kidney_v1.5"
"kidney_interstitial_alternatively_activated_macrophage","UBP1","ridge",310,43,NA,0.705983604357819,NA,"cv_r2",NA,NA,NA,NA,NA,"cz_human_kidney_v1.5"
"kidney_interstitial_alternatively_activated_macrophage","UBP1","spearman",310,43,NA,0.25404939250313,NA,"cv_r2",NA,NA,NA,NA,NA,"cz_human_kidney_v1.5"
"kidney_interstitial_alternatively_activated_macrophage","JUN","rf",310,43,0.766666003122065,0.75180091967533,NA,"oob_r2",-0.0400150467460678,0.0196078431372549,TRUE,0.905419644954529,0.874074074074074,"cz_human_kidney_v1.5"
"kidney_interstitial_alternatively_activated_macrophage","JUN","lm",310,43,NA,0.703257148684084,NA,"cv_r2",NA,NA,NA,NA,NA,"cz_human_kidney_v1.5"
"kidney_interstitial_alternatively_activated_macrophage","JUN","ridge",310,43,NA,0.713345649343741,NA,"cv_r2",NA,NA,NA,NA,NA,"cz_human_kidney_v1.5"
"kidney_interstitial_alternatively_activated_macrophage","JUN","spearman",310,43,NA,0.179649556847824,NA,"cv_r2",NA,NA,NA,NA,NA,"cz_human_kidney_v1.5"
"kidney_interstitial_alternatively_activated_macrophage","FLI1","rf",310,43,0.767740461908768,0.743412770008415,NA,"oob_r2",-0.0248451929690916,0.0196078431372549,TRUE,0.845478036175711,0.82962962962963,"cz_human_kidney_v1.5"
"kidney_interstitial_alternatively_activated_macrophage","FLI1","lm",310,43,NA,0.751381036341129,NA,"cv_r2",NA,NA,NA,NA,NA,"cz_human_kidney_v1.5"
"kidney_interstitial_alternatively_activated_macrophage","FLI1","ridge",310,43,NA,0.764583440601847,NA,"cv_r2",NA,NA,NA,NA,NA,"cz_human_kidney_v1.5"
"kidney_interstitial_alternatively_activated_macrophage","FLI1","spearman",310,43,NA,0.273337935948123,NA,"cv_r2",NA,NA,NA,NA,NA,"cz_human_kidney_v1.5"
"kidney_interstitial_alternatively_activated_macrophage","EGR1","rf",310,43,0.725327132182812,0.719869882576189,NA,"oob_r2",-0.023182061745694,0.0196078431372549,TRUE,0.869045941138964,0.77037037037037,"cz_human_kidney_v1.5"
"kidney_interstitial_alternatively_activated_macrophage","EGR1","lm",310,43,NA,0.696076272691678,NA,"cv_r2",NA,NA,NA,NA,NA,"cz_human_kidney_v1.5"
"kidney_interstitial_alternatively_activated_macrophage","EGR1","ridge",310,43,NA,0.712384866850059,NA,"cv_r2",NA,NA,NA,NA,NA,"cz_human_kidney_v1.5"
"kidney_interstitial_alternatively_activated_macrophage","EGR1","spearman",310,43,NA,0.234349475050966,NA,"cv_r2",NA,NA,NA,NA,NA,"cz_human_kidney_v1.5"
"kidney_interstitial_alternatively_activated_macrophage","CREB5","rf",310,43,0.747214615621322,0.728064042918276,NA,"oob_r2",-0.0312904331741056,0.0196078431372549,TRUE,0.889503003456492,0.726984126984127,"cz_human_kidney_v1.5"
"kidney_interstitial_alternatively_activated_macrophage","CREB5","lm",310,43,NA,0.752548701021273,NA,"cv_r2",NA,NA,NA,NA,NA,"cz_human_kidney_v1.5"
"kidney_interstitial_alternatively_activated_macrophage","CREB5","ridge",310,43,NA,0.761975429517085,NA,"cv_r2",NA,NA,NA,NA,NA,"cz_human_kidney_v1.5"
"kidney_interstitial_alternatively_activated_macrophage","CREB5","spearman",310,43,NA,0.25069206536641,NA,"cv_r2",NA,NA,NA,NA,NA,"cz_human_kidney_v1.5"
"kidney_interstitial_alternatively_activated_macrophage","NF1","rf",310,43,0.809922864465876,0.80376122270873,NA,"oob_r2",-0.0361777069807292,0.0196078431372549,TRUE,0.906335783079969,1,"cz_human_kidney_v1.5"
"kidney_interstitial_alternatively_activated_macrophage","NF1","lm",310,43,NA,0.720327823024682,NA,"cv_r2",NA,NA,NA,NA,NA,"cz_human_kidney_v1.5"
"kidney_interstitial_alternatively_activated_macrophage","NF1","ridge",310,43,NA,0.722772022918454,NA,"cv_r2",NA,NA,NA,NA,NA,"cz_human_kidney_v1.5"
"kidney_interstitial_alternatively_activated_macrophage","NF1","spearman",310,43,NA,0.445768321761716,NA,"cv_r2",NA,NA,NA,NA,NA,"cz_human_kidney_v1.5"
"kidney_interstitial_alternatively_activated_macrophage","CREM","rf",310,43,0.748969167486045,0.718304705036957,NA,"oob_r2",-0.0477451233970545,0.0196078431372549,TRUE,0.922997416020672,0.8,"cz_human_kidney_v1.5"
"kidney_interstitial_alternatively_activated_macrophage","CREM","lm",310,43,NA,0.703504355829256,NA,"cv_r2",NA,NA,NA,NA,NA,"cz_human_kidney_v1.5"
"kidney_interstitial_alternatively_activated_macrophage","CREM","ridge",310,43,NA,0.721024673155751,NA,"cv_r2",NA,NA,NA,NA,NA,"cz_human_kidney_v1.5"
"kidney_interstitial_alternatively_activated_macrophage","CREM","spearman",310,43,NA,0.21401949217933,NA,"cv_r2",NA,NA,NA,NA,NA,"cz_human_kidney_v1.5"
"kidney_interstitial_alternatively_activated_macrophage","FOSL1","rf",310,43,0.755915128672534,0.74857971476676,NA,"oob_r2",-0.0373048809071802,0.0196078431372549,TRUE,0.9071042652438,0.822222222222222,"cz_human_kidney_v1.5"
"kidney_interstitial_alternatively_activated_macrophage","FOSL1","lm",310,43,NA,0.720314690665169,NA,"cv_r2",NA,NA,NA,NA,NA,"cz_human_kidney_v1.5"
"kidney_interstitial_alternatively_activated_macrophage","FOSL1","ridge",310,43,NA,0.734048393199586,NA,"cv_r2",NA,NA,NA,NA,NA,"cz_human_kidney_v1.5"
"kidney_interstitial_alternatively_activated_macrophage","FOSL1","spearman",310,43,NA,0.267595777023096,NA,"cv_r2",NA,NA,NA,NA,NA,"cz_human_kidney_v1.5"
"kidney_interstitial_alternatively_activated_macrophage","FOXO6","rf",310,43,0.822152692278911,0.823777854124134,NA,"oob_r2",-0.0463234569708803,0.0196078431372549,TRUE,0.906194838752978,0.881481481481481,"cz_human_kidney_v1.5"
"kidney_interstitial_alternatively_activated_macrophage","FOXO6","lm",310,43,NA,0.755326460637925,NA,"cv_r2",NA,NA,NA,NA,NA,"cz_human_kidney_v1.5"
"kidney_interstitial_alternatively_activated_macrophage","FOXO6","ridge",310,43,NA,0.762687825367951,NA,"cv_r2",NA,NA,NA,NA,NA,"cz_human_kidney_v1.5"
"kidney_interstitial_alternatively_activated_macrophage","FOXO6","spearman",310,43,NA,0.537511540736301,NA,"cv_r2",NA,NA,NA,NA,NA,"cz_human_kidney_v1.5"
"kidney_interstitial_alternatively_activated_macrophage","CREB1","rf",310,43,0.733548452719476,0.68508993716508,NA,"oob_r2",-0.007976558755111,0.0196078431372549,TRUE,0.860230209067418,1,"cz_human_kidney_v1.5"
"kidney_interstitial_alternatively_activated_macrophage","CREB1","lm",310,43,NA,0.701783103952215,NA,"cv_r2",NA,NA,NA,NA,NA,"cz_human_kidney_v1.5"
"kidney_interstitial_alternatively_activated_macrophage","CREB1","ridge",310,43,NA,0.719566431317345,NA,"cv_r2",NA,NA,NA,NA,NA,"cz_human_kidney_v1.5"
"kidney_interstitial_alternatively_activated_macrophage","CREB1","spearman",310,43,NA,0.243237309717354,NA,"cv_r2",NA,NA,NA,NA,NA,"cz_human_kidney_v1.5"
"kidney_interstitial_alternatively_activated_macrophage","PRDM11","rf",310,43,0.790607168109406,0.762657669887685,NA,"oob_r2",-0.0393304846326532,0.0196078431372549,TRUE,0.862072552770227,0.874074074074074,"cz_human_kidney_v1.5"
"kidney_interstitial_alternatively_activated_macrophage","PRDM11","lm",310,43,NA,0.756434796480484,NA,"cv_r2",NA,NA,NA,NA,NA,"cz_human_kidney_v1.5"
"kidney_interstitial_alternatively_activated_macrophage","PRDM11","ridge",310,43,NA,0.765111885387084,NA,"cv_r2",NA,NA,NA,NA,NA,"cz_human_kidney_v1.5"
"kidney_interstitial_alternatively_activated_macrophage","PRDM11","spearman",310,43,NA,0.346185659517814,NA,"cv_r2",NA,NA,NA,NA,NA,"cz_human_kidney_v1.5"
"kidney_interstitial_alternatively_activated_macrophage","RUNX1","rf",310,43,0.828746003280403,0.809284057035293,NA,"oob_r2",-0.0256813302605623,0.0196078431372549,TRUE,0.920806067317695,0.933333333333333,"cz_human_kidney_v1.5"
"kidney_interstitial_alternatively_activated_macrophage","RUNX1","lm",310,43,NA,0.804017730616841,NA,"cv_r2",NA,NA,NA,NA,NA,"cz_human_kidney_v1.5"
"kidney_interstitial_alternatively_activated_macrophage","RUNX1","ridge",310,43,NA,0.813483136591857,NA,"cv_r2",NA,NA,NA,NA,NA,"cz_human_kidney_v1.5"
"kidney_interstitial_alternatively_activated_macrophage","RUNX1","spearman",310,43,NA,0.376879916646797,NA,"cv_r2",NA,NA,NA,NA,NA,"cz_human_kidney_v1.5"
"kidney_interstitial_alternatively_activated_macrophage","EGR3","rf",310,43,0.733775285961485,0.730079227319935,NA,"oob_r2",-0.0203079343945172,0.0196078431372549,TRUE,0.908131145340448,0.6994708994709,"cz_human_kidney_v1.5"
"kidney_interstitial_alternatively_activated_macrophage","EGR3","lm",310,43,NA,0.676787252087323,NA,"cv_r2",NA,NA,NA,NA,NA,"cz_human_kidney_v1.5"
"kidney_interstitial_alternatively_activated_macrophage","EGR3","ridge",310,43,NA,0.691071048222599,NA,"cv_r2",NA,NA,NA,NA,NA,"cz_human_kidney_v1.5"
"kidney_interstitial_alternatively_activated_macrophage","EGR3","spearman",310,43,NA,0.229988837691169,NA,"cv_r2",NA,NA,NA,NA,NA,"cz_human_kidney_v1.5"
"kidney_interstitial_alternatively_activated_macrophage","ETV6","rf",310,43,0.806584884012576,0.778834506570541,NA,"oob_r2",-0.0305757586715983,0.0196078431372549,TRUE,0.843608845934427,0.82962962962963,"cz_human_kidney_v1.5"
"kidney_interstitial_alternatively_activated_macrophage","ETV6","lm",310,43,NA,0.790946895872866,NA,"cv_r2",NA,NA,NA,NA,NA,"cz_human_kidney_v1.5"
"kidney_interstitial_alternatively_activated_macrophage","ETV6","ridge",310,43,NA,0.799355632902955,NA,"cv_r2",NA,NA,NA,NA,NA,"cz_human_kidney_v1.5"
"kidney_interstitial_alternatively_activated_macrophage","ETV6","spearman",310,43,NA,0.423827427899856,NA,"cv_r2",NA,NA,NA,NA,NA,"cz_human_kidney_v1.5"
"kidney_interstitial_alternatively_activated_macrophage","ETS1","rf",310,43,0.743403603105286,0.730029637198989,NA,"oob_r2",-0.0325212452668409,0.0196078431372549,TRUE,0.885429041242995,0.740740740740741,"cz_human_kidney_v1.5"
"kidney_interstitial_alternatively_activated_macrophage","ETS1","lm",310,43,NA,0.661956750417513,NA,"cv_r2",NA,NA,NA,NA,NA,"cz_human_kidney_v1.5"
"kidney_interstitial_alternatively_activated_macrophage","ETS1","ridge",310,43,NA,0.684125814665211,NA,"cv_r2",NA,NA,NA,NA,NA,"cz_human_kidney_v1.5"
"kidney_interstitial_alternatively_activated_macrophage","ETS1","spearman",310,43,NA,0.226235681389997,NA,"cv_r2",NA,NA,NA,NA,NA,"cz_human_kidney_v1.5"
"kidney_interstitial_alternatively_activated_macrophage","NR4A1","rf",310,43,0.788309376823902,0.786743920442786,NA,"oob_r2",-0.0310049073858438,0.0196078431372549,TRUE,0.917114668277459,1,"cz_human_kidney_v1.5"
"kidney_interstitial_alternatively_activated_macrophage","NR4A1","lm",310,43,NA,0.71273232398107,NA,"cv_r2",NA,NA,NA,NA,NA,"cz_human_kidney_v1.5"
"kidney_interstitial_alternatively_activated_macrophage","NR4A1","ridge",310,43,NA,0.733594652429221,NA,"cv_r2",NA,NA,NA,NA,NA,"cz_human_kidney_v1.5"
"kidney_interstitial_alternatively_activated_macrophage","NR4A1","spearman",310,43,NA,0.48923193142283,NA,"cv_r2",NA,NA,NA,NA,NA,"cz_human_kidney_v1.5"
"kidney_interstitial_alternatively_activated_macrophage","JUND","rf",310,43,0.708227080934859,0.703866151518046,NA,"oob_r2",-0.0381477929009326,0.0196078431372549,TRUE,0.873411859458371,0.82962962962963,"cz_human_kidney_v1.5"
"kidney_interstitial_alternatively_activated_macrophage","JUND","lm",310,43,NA,0.68046816297682,NA,"cv_r2",NA,NA,NA,NA,NA,"cz_human_kidney_v1.5"
"kidney_interstitial_alternatively_activated_macrophage","JUND","ridge",310,43,NA,0.69539000965052,NA,"cv_r2",NA,NA,NA,NA,NA,"cz_human_kidney_v1.5"
"kidney_interstitial_alternatively_activated_macrophage","JUND","spearman",310,43,NA,0.226918588920182,NA,"cv_r2",NA,NA,NA,NA,NA,"cz_human_kidney_v1.5"
"kidney_interstitial_alternatively_activated_macrophage","HES4","rf",310,43,0.717610659991998,0.704911485627248,NA,"oob_r2",-0.0249786066840607,0.0196078431372549,TRUE,0.863045739789926,0.8,"cz_human_kidney_v1.5"
"kidney_interstitial_alternatively_activated_macrophage","HES4","lm",310,43,NA,0.700735916587135,NA,"cv_r2",NA,NA,NA,NA,NA,"cz_human_kidney_v1.5"
"kidney_interstitial_alternatively_activated_macrophage","HES4","ridge",310,43,NA,0.715123132702306,NA,"cv_r2",NA,NA,NA,NA,NA,"cz_human_kidney_v1.5"
"kidney_interstitial_alternatively_activated_macrophage","HES4","spearman",310,43,NA,0.254747204982865,NA,"cv_r2",NA,NA,NA,NA,NA,"cz_human_kidney_v1.5"
"kidney_interstitial_alternatively_activated_macrophage","FOXC1","rf",310,43,0.829381873683872,0.821138204261831,NA,"oob_r2",-0.0622829229235073,0.0196078431372549,TRUE,0.863213530655391,0.868783068783069,"cz_human_kidney_v1.5"
"kidney_interstitial_alternatively_activated_macrophage","FOXC1","lm",310,43,NA,0.605344842975476,NA,"cv_r2",NA,NA,NA,NA,NA,"cz_human_kidney_v1.5"
"kidney_interstitial_alternatively_activated_macrophage","FOXC1","ridge",310,43,NA,0.6304024798767,NA,"cv_r2",NA,NA,NA,NA,NA,"cz_human_kidney_v1.5"
"kidney_interstitial_alternatively_activated_macrophage","FOXC1","spearman",310,43,NA,0.390968230723839,NA,"cv_r2",NA,NA,NA,NA,NA,"cz_human_kidney_v1.5"
"kidney_interstitial_alternatively_activated_macrophage","MAFF","rf",310,43,0.69608757309977,0.68204132649642,NA,"oob_r2",-0.0184924709650904,0.0196078431372549,TRUE,0.932789690929226,0.748148148148148,"cz_human_kidney_v1.5"
"kidney_interstitial_alternatively_activated_macrophage","MAFF","lm",310,43,NA,0.580851115339785,NA,"cv_r2",NA,NA,NA,NA,NA,"cz_human_kidney_v1.5"
"kidney_interstitial_alternatively_activated_macrophage","MAFF","ridge",310,43,NA,0.601779703797938,NA,"cv_r2",NA,NA,NA,NA,NA,"cz_human_kidney_v1.5"
"kidney_interstitial_alternatively_activated_macrophage","MAFF","spearman",310,43,NA,0.294116135660007,NA,"cv_r2",NA,NA,NA,NA,NA,"cz_human_kidney_v1.5"
"kidney_interstitial_alternatively_activated_macrophage","ZNF331","rf",310,43,0.790707770934652,0.780324582806005,NA,"oob_r2",-0.0246413273858316,0.0196078431372549,TRUE,0.940195979730864,0.874074074074074,"cz_human_kidney_v1.5"
"kidney_interstitial_alternatively_activated_macrophage","ZNF331","lm",310,43,NA,0.760828663610824,NA,"cv_r2",NA,NA,NA,NA,NA,"cz_human_kidney_v1.5"
"kidney_interstitial_alternatively_activated_macrophage","ZNF331","ridge",310,43,NA,0.769739840922042,NA,"cv_r2",NA,NA,NA,NA,NA,"cz_human_kidney_v1.5"
"kidney_interstitial_alternatively_activated_macrophage","ZNF331","spearman",310,43,NA,0.526697597362149,NA,"cv_r2",NA,NA,NA,NA,NA,"cz_human_kidney_v1.5"
"kidney_interstitial_alternatively_activated_macrophage","NR4A3","rf",310,43,0.780929479397755,0.78335815115163,NA,"oob_r2",-0.0336973828163013,0.0196078431372549,TRUE,0.935387093526628,0.844444444444444,"cz_human_kidney_v1.5"
"kidney_interstitial_alternatively_activated_macrophage","NR4A3","lm",310,43,NA,0.718838513082102,NA,"cv_r2",NA,NA,NA,NA,NA,"cz_human_kidney_v1.5"
"kidney_interstitial_alternatively_activated_macrophage","NR4A3","ridge",310,43,NA,0.730599427828691,NA,"cv_r2",NA,NA,NA,NA,NA,"cz_human_kidney_v1.5"
"kidney_interstitial_alternatively_activated_macrophage","NR4A3","spearman",310,43,NA,0.528995479162212,NA,"cv_r2",NA,NA,NA,NA,NA,"cz_human_kidney_v1.5"
"kidney_loop_of_Henle_thin_ascending_limb_epithelial_cell","BHLHE40","rf",218,79,0.925093440315699,0.929681137615485,NA,"oob_r2",-0.0297990386780173,0.0196078431372549,TRUE,0.786600129827978,0.933333333333333,"cz_human_kidney_v1.5"
"kidney_loop_of_Henle_thin_ascending_limb_epithelial_cell","BHLHE40","lm",218,79,NA,0.863200158679528,NA,"cv_r2",NA,NA,NA,NA,NA,"cz_human_kidney_v1.5"
"kidney_loop_of_Henle_thin_ascending_limb_epithelial_cell","BHLHE40","ridge",218,79,NA,0.918919955244269,NA,"cv_r2",NA,NA,NA,NA,NA,"cz_human_kidney_v1.5"
"kidney_loop_of_Henle_thin_ascending_limb_epithelial_cell","BHLHE40","spearman",218,79,NA,0.799130988174565,NA,"cv_r2",NA,NA,NA,NA,NA,"cz_human_kidney_v1.5"
"kidney_loop_of_Henle_thin_ascending_limb_epithelial_cell","CEBPD","rf",218,79,0.922726880727386,0.920639962918058,NA,"oob_r2",-0.0285191531838207,0.0196078431372549,TRUE,0.789862598723358,0.77037037037037,"cz_human_kidney_v1.5"
"kidney_loop_of_Henle_thin_ascending_limb_epithelial_cell","CEBPD","lm",218,79,NA,0.861281574762228,NA,"cv_r2",NA,NA,NA,NA,NA,"cz_human_kidney_v1.5"
"kidney_loop_of_Henle_thin_ascending_limb_epithelial_cell","CEBPD","ridge",218,79,NA,0.907260858465276,NA,"cv_r2",NA,NA,NA,NA,NA,"cz_human_kidney_v1.5"
"kidney_loop_of_Henle_thin_ascending_limb_epithelial_cell","CEBPD","spearman",218,79,NA,0.826732581034859,NA,"cv_r2",NA,NA,NA,NA,NA,"cz_human_kidney_v1.5"
"kidney_loop_of_Henle_thin_ascending_limb_epithelial_cell","FOXP1","rf",218,79,0.914929106118534,0.910947202271695,NA,"oob_r2",-0.0108717969023997,0.0196078431372549,TRUE,0.750087633885102,0.8,"cz_human_kidney_v1.5"
"kidney_loop_of_Henle_thin_ascending_limb_epithelial_cell","FOXP1","lm",218,79,NA,0.884229410065646,NA,"cv_r2",NA,NA,NA,NA,NA,"cz_human_kidney_v1.5"
"kidney_loop_of_Henle_thin_ascending_limb_epithelial_cell","FOXP1","ridge",218,79,NA,0.918818483340866,NA,"cv_r2",NA,NA,NA,NA,NA,"cz_human_kidney_v1.5"
"kidney_loop_of_Henle_thin_ascending_limb_epithelial_cell","FOXP1","spearman",218,79,NA,0.824808494206806,NA,"cv_r2",NA,NA,NA,NA,NA,"cz_human_kidney_v1.5"
"kidney_loop_of_Henle_thin_ascending_limb_epithelial_cell","MAFF","rf",218,79,0.938824016794584,0.94102254749504,NA,"oob_r2",-0.0186311717653538,0.0196078431372549,TRUE,0.823957048577302,0.77037037037037,"cz_human_kidney_v1.5"
"kidney_loop_of_Henle_thin_ascending_limb_epithelial_cell","MAFF","lm",218,79,NA,0.921134261027071,NA,"cv_r2",NA,NA,NA,NA,NA,"cz_human_kidney_v1.5"
"kidney_loop_of_Henle_thin_ascending_limb_epithelial_cell","MAFF","ridge",218,79,NA,0.939712141576799,NA,"cv_r2",NA,NA,NA,NA,NA,"cz_human_kidney_v1.5"
"kidney_loop_of_Henle_thin_ascending_limb_epithelial_cell","MAFF","spearman",218,79,NA,0.73778333884492,NA,"cv_r2",NA,NA,NA,NA,NA,"cz_human_kidney_v1.5"
"kidney_loop_of_Henle_thin_ascending_limb_epithelial_cell","IKZF1","rf",218,79,0.909810296106771,0.907149735240482,NA,"oob_r2",-0.0128760455487393,0.0196078431372549,TRUE,0.762963323596235,0.881481481481481,"cz_human_kidney_v1.5"
"kidney_loop_of_Henle_thin_ascending_limb_epithelial_cell","IKZF1","lm",218,79,NA,0.871352273951818,NA,"cv_r2",NA,NA,NA,NA,NA,"cz_human_kidney_v1.5"
"kidney_loop_of_Henle_thin_ascending_limb_epithelial_cell","IKZF1","ridge",218,79,NA,0.919525638028341,NA,"cv_r2",NA,NA,NA,NA,NA,"cz_human_kidney_v1.5"
"kidney_loop_of_Henle_thin_ascending_limb_epithelial_cell","IKZF1","spearman",218,79,NA,0.780961392901196,NA,"cv_r2",NA,NA,NA,NA,NA,"cz_human_kidney_v1.5"
"kidney_loop_of_Henle_thin_ascending_limb_epithelial_cell","GLI3","rf",218,79,0.862864024327059,0.86919653766633,NA,"oob_r2",-0.0292312594496579,0.0196078431372549,TRUE,0.779733852645245,1,"cz_human_kidney_v1.5"
"kidney_loop_of_Henle_thin_ascending_limb_epithelial_cell","GLI3","lm",218,79,NA,0.737106403791697,NA,"cv_r2",NA,NA,NA,NA,NA,"cz_human_kidney_v1.5"
"kidney_loop_of_Henle_thin_ascending_limb_epithelial_cell","GLI3","ridge",218,79,NA,0.841680531904765,NA,"cv_r2",NA,NA,NA,NA,NA,"cz_human_kidney_v1.5"
"kidney_loop_of_Henle_thin_ascending_limb_epithelial_cell","GLI3","spearman",218,79,NA,0.742113988595686,NA,"cv_r2",NA,NA,NA,NA,NA,"cz_human_kidney_v1.5"
"kidney_loop_of_Henle_thin_ascending_limb_epithelial_cell","ZNF589","rf",218,79,0.920174017850142,0.910683024453228,NA,"oob_r2",-0.0299660342968088,0.0196078431372549,TRUE,0.794384399004652,1,"cz_human_kidney_v1.5"
"kidney_loop_of_Henle_thin_ascending_limb_epithelial_cell","ZNF589","lm",218,79,NA,0.877852781381932,NA,"cv_r2",NA,NA,NA,NA,NA,"cz_human_kidney_v1.5"
"kidney_loop_of_Henle_thin_ascending_limb_epithelial_cell","ZNF589","ridge",218,79,NA,0.932360857639393,NA,"cv_r2",NA,NA,NA,NA,NA,"cz_human_kidney_v1.5"
"kidney_loop_of_Henle_thin_ascending_limb_epithelial_cell","ZNF589","spearman",218,79,NA,0.787098034999295,NA,"cv_r2",NA,NA,NA,NA,NA,"cz_human_kidney_v1.5"
"kidney_loop_of_Henle_thin_ascending_limb_epithelial_cell","FOXQ1","rf",218,79,0.920722989644031,0.921223990420426,NA,"oob_r2",-0.0313312860664318,0.0196078431372549,TRUE,0.761104619712215,1,"cz_human_kidney_v1.5"
"kidney_loop_of_Henle_thin_ascending_limb_epithelial_cell","FOXQ1","lm",218,79,NA,0.889411331354734,NA,"cv_r2",NA,NA,NA,NA,NA,"cz_human_kidney_v1.5"
"kidney_loop_of_Henle_thin_ascending_limb_epithelial_cell","FOXQ1","ridge",218,79,NA,0.922473370699932,NA,"cv_r2",NA,NA,NA,NA,NA,"cz_human_kidney_v1.5"
"kidney_loop_of_Henle_thin_ascending_limb_epithelial_cell","FOXQ1","spearman",218,79,NA,0.760437723781515,NA,"cv_r2",NA,NA,NA,NA,NA,"cz_human_kidney_v1.5"
"kidney_loop_of_Henle_thin_ascending_limb_epithelial_cell","NKX6-2","rf",218,79,0.891153305289318,0.885732702931557,NA,"oob_r2",-0.0195533928318289,0.0196078431372549,TRUE,0.773964080926106,0.933333333333333,"cz_human_kidney_v1.5"
"kidney_loop_of_Henle_thin_ascending_limb_epithelial_cell","NKX6-2","lm",218,79,NA,0.851222314488836,NA,"cv_r2",NA,NA,NA,NA,NA,"cz_human_kidney_v1.5"
"kidney_loop_of_Henle_thin_ascending_limb_epithelial_cell","NKX6-2","ridge",218,79,NA,0.901482510694789,NA,"cv_r2",NA,NA,NA,NA,NA,"cz_human_kidney_v1.5"
"kidney_loop_of_Henle_thin_ascending_limb_epithelial_cell","NKX6-2","spearman",218,79,NA,0.769999288651013,NA,"cv_r2",NA,NA,NA,NA,NA,"cz_human_kidney_v1.5"
"kidney_loop_of_Henle_thin_ascending_limb_epithelial_cell","CREB3L2","rf",218,79,0.929597761159995,0.925596458567569,NA,"oob_r2",-0.0133988929319572,0.0196078431372549,TRUE,0.76817429406037,1,"cz_human_kidney_v1.5"
"kidney_loop_of_Henle_thin_ascending_limb_epithelial_cell","CREB3L2","lm",218,79,NA,0.906839486182034,NA,"cv_r2",NA,NA,NA,NA,NA,"cz_human_kidney_v1.5"
"kidney_loop_of_Henle_thin_ascending_limb_epithelial_cell","CREB3L2","ridge",218,79,NA,0.923110506860276,NA,"cv_r2",NA,NA,NA,NA,NA,"cz_human_kidney_v1.5"
"kidney_loop_of_Henle_thin_ascending_limb_epithelial_cell","CREB3L2","spearman",218,79,NA,0.766172577475593,NA,"cv_r2",NA,NA,NA,NA,NA,"cz_human_kidney_v1.5"
"kidney_loop_of_Henle_thin_ascending_limb_epithelial_cell","EMX2","rf",218,79,0.923182929864794,0.914597629403454,NA,"oob_r2",-0.0286190158148825,0.0196078431372549,TRUE,0.751277182732879,0.71005291005291,"cz_human_kidney_v1.5"
"kidney_loop_of_Henle_thin_ascending_limb_epithelial_cell","EMX2","lm",218,79,NA,0.868593241568704,NA,"cv_r2",NA,NA,NA,NA,NA,"cz_human_kidney_v1.5"
"kidney_loop_of_Henle_thin_ascending_limb_epithelial_cell","EMX2","ridge",218,79,NA,0.911491193446813,NA,"cv_r2",NA,NA,NA,NA,NA,"cz_human_kidney_v1.5"
"kidney_loop_of_Henle_thin_ascending_limb_epithelial_cell","EMX2","spearman",218,79,NA,0.67977286479745,NA,"cv_r2",NA,NA,NA,NA,NA,"cz_human_kidney_v1.5"
"kidney_loop_of_Henle_thin_ascending_limb_epithelial_cell","ESRRG","rf",218,79,0.894806283393222,0.889580900756275,NA,"oob_r2",-0.00861742554078254,0.0196078431372549,TRUE,0.793718489667857,0.732275132275132,"cz_human_kidney_v1.5"
"kidney_loop_of_Henle_thin_ascending_limb_epithelial_cell","ESRRG","lm",218,79,NA,0.819716659220712,NA,"cv_r2",NA,NA,NA,NA,NA,"cz_human_kidney_v1.5"
"kidney_loop_of_Henle_thin_ascending_limb_epithelial_cell","ESRRG","ridge",218,79,NA,0.89949239286705,NA,"cv_r2",NA,NA,NA,NA,NA,"cz_human_kidney_v1.5"
"kidney_loop_of_Henle_thin_ascending_limb_epithelial_cell","ESRRG","spearman",218,79,NA,0.699304794783678,NA,"cv_r2",NA,NA,NA,NA,NA,"cz_human_kidney_v1.5"
"kidney_loop_of_Henle_thin_ascending_limb_epithelial_cell","ITGB2","rf",218,79,0.897429053861875,0.898793543088,NA,"oob_r2",-0.0307661597278164,0.0196078431372549,TRUE,0.780139024126366,0.715343915343915,"cz_human_kidney_v1.5"
"kidney_loop_of_Henle_thin_ascending_limb_epithelial_cell","ITGB2","lm",218,79,NA,0.848790869055969,NA,"cv_r2",NA,NA,NA,NA,NA,"cz_human_kidney_v1.5"
"kidney_loop_of_Henle_thin_ascending_limb_epithelial_cell","ITGB2","ridge",218,79,NA,0.900986261106176,NA,"cv_r2",NA,NA,NA,NA,NA,"cz_human_kidney_v1.5"
"kidney_loop_of_Henle_thin_ascending_limb_epithelial_cell","ITGB2","spearman",218,79,NA,0.731067761143706,NA,"cv_r2",NA,NA,NA,NA,NA,"cz_human_kidney_v1.5"
"kidney_loop_of_Henle_thin_ascending_limb_epithelial_cell","ARID5B","rf",218,79,0.919389430276346,0.907517436872909,NA,"oob_r2",-0.0450647095261345,0.0196078431372549,TRUE,0.70483717407768,0.682539682539683,"cz_human_kidney_v1.5"
"kidney_loop_of_Henle_thin_ascending_limb_epithelial_cell","ARID5B","lm",218,79,NA,0.903535351069594,NA,"cv_r2",NA,NA,NA,NA,NA,"cz_human_kidney_v1.5"
"kidney_loop_of_Henle_thin_ascending_limb_epithelial_cell","ARID5B","ridge",218,79,NA,0.906062619349349,NA,"cv_r2",NA,NA,NA,NA,NA,"cz_human_kidney_v1.5"
"kidney_loop_of_Henle_thin_ascending_limb_epithelial_cell","ARID5B","spearman",218,79,NA,0.914583142791211,NA,"cv_r2",NA,NA,NA,NA,NA,"cz_human_kidney_v1.5"
"kidney_loop_of_Henle_thin_ascending_limb_epithelial_cell","PBX1","rf",218,79,0.873232803557884,0.867727706990075,NA,"oob_r2",-0.023114658864365,0.0196078431372549,TRUE,0.761792167045332,0.697354497354497,"cz_human_kidney_v1.5"
"kidney_loop_of_Henle_thin_ascending_limb_epithelial_cell","PBX1","lm",218,79,NA,0.855599632615431,NA,"cv_r2",NA,NA,NA,NA,NA,"cz_human_kidney_v1.5"
"kidney_loop_of_Henle_thin_ascending_limb_epithelial_cell","PBX1","ridge",218,79,NA,0.889568690950779,NA,"cv_r2",NA,NA,NA,NA,NA,"cz_human_kidney_v1.5"
"kidney_loop_of_Henle_thin_ascending_limb_epithelial_cell","PBX1","spearman",218,79,NA,0.768045967214231,NA,"cv_r2",NA,NA,NA,NA,NA,"cz_human_kidney_v1.5"
"kidney_loop_of_Henle_thin_ascending_limb_epithelial_cell","LHX9","rf",218,79,0.852657329842482,0.857460082641462,NA,"oob_r2",-0.0261595419207192,0.0196078431372549,TRUE,0.785367845937466,0.734391534391534,"cz_human_kidney_v1.5"
"kidney_loop_of_Henle_thin_ascending_limb_epithelial_cell","LHX9","lm",218,79,NA,0.800404835317938,NA,"cv_r2",NA,NA,NA,NA,NA,"cz_human_kidney_v1.5"
"kidney_loop_of_Henle_thin_ascending_limb_epithelial_cell","LHX9","ridge",218,79,NA,0.867680223628248,NA,"cv_r2",NA,NA,NA,NA,NA,"cz_human_kidney_v1.5"
"kidney_loop_of_Henle_thin_ascending_limb_epithelial_cell","LHX9","spearman",218,79,NA,0.566963921763204,NA,"cv_r2",NA,NA,NA,NA,NA,"cz_human_kidney_v1.5"
"kidney_loop_of_Henle_thin_ascending_limb_epithelial_cell","PROX1","rf",218,79,0.860629550480921,0.864186152004728,NA,"oob_r2",-0.01073737130695,0.0196078431372549,TRUE,0.801424321107865,0.706878306878307,"cz_human_kidney_v1.5"
"kidney_loop_of_Henle_thin_ascending_limb_epithelial_cell","PROX1","lm",218,79,NA,0.768474175689684,NA,"cv_r2",NA,NA,NA,NA,NA,"cz_human_kidney_v1.5"
"kidney_loop_of_Henle_thin_ascending_limb_epithelial_cell","PROX1","ridge",218,79,NA,0.86552340906478,NA,"cv_r2",NA,NA,NA,NA,NA,"cz_human_kidney_v1.5"
"kidney_loop_of_Henle_thin_ascending_limb_epithelial_cell","PROX1","spearman",218,79,NA,0.701391322029664,NA,"cv_r2",NA,NA,NA,NA,NA,"cz_human_kidney_v1.5"
"kidney_loop_of_Henle_thin_ascending_limb_epithelial_cell","LHX1","rf",218,79,0.889419916563566,0.872999061265913,NA,"oob_r2",-0.0128798143754189,0.0196078431372549,TRUE,0.794858271124094,0.726984126984127,"cz_human_kidney_v1.5"
"kidney_loop_of_Henle_thin_ascending_limb_epithelial_cell","LHX1","lm",218,79,NA,0.808180520184507,NA,"cv_r2",NA,NA,NA,NA,NA,"cz_human_kidney_v1.5"
"kidney_loop_of_Henle_thin_ascending_limb_epithelial_cell","LHX1","ridge",218,79,NA,0.88605367415813,NA,"cv_r2",NA,NA,NA,NA,NA,"cz_human_kidney_v1.5"
"kidney_loop_of_Henle_thin_ascending_limb_epithelial_cell","LHX1","spearman",218,79,NA,0.532778456933952,NA,"cv_r2",NA,NA,NA,NA,NA,"cz_human_kidney_v1.5"
"kidney_loop_of_Henle_thin_ascending_limb_epithelial_cell","PAX8","rf",218,79,0.830023079353438,0.840257841058433,NA,"oob_r2",-0.0370743312526022,0.0196078431372549,TRUE,0.80766417829709,0.740740740740741,"cz_human_kidney_v1.5"
"kidney_loop_of_Henle_thin_ascending_limb_epithelial_cell","PAX8","lm",218,79,NA,0.803819474874842,NA,"cv_r2",NA,NA,NA,NA,NA,"cz_human_kidney_v1.5"
"kidney_loop_of_Henle_thin_ascending_limb_epithelial_cell","PAX8","ridge",218,79,NA,0.860095850701752,NA,"cv_r2",NA,NA,NA,NA,NA,"cz_human_kidney_v1.5"
"kidney_loop_of_Henle_thin_ascending_limb_epithelial_cell","PAX8","spearman",218,79,NA,0.431978131080916,NA,"cv_r2",NA,NA,NA,NA,NA,"cz_human_kidney_v1.5"
"kidney_loop_of_Henle_thin_ascending_limb_epithelial_cell","SOX18","rf",218,79,0.871836593142353,0.883079251957038,NA,"oob_r2",-0.013264807019424,0.0196078431372549,TRUE,0.792770204479065,0.71005291005291,"cz_human_kidney_v1.5"
"kidney_loop_of_Henle_thin_ascending_limb_epithelial_cell","SOX18","lm",218,79,NA,0.81100334395468,NA,"cv_r2",NA,NA,NA,NA,NA,"cz_human_kidney_v1.5"
"kidney_loop_of_Henle_thin_ascending_limb_epithelial_cell","SOX18","ridge",218,79,NA,0.877212510411824,NA,"cv_r2",NA,NA,NA,NA,NA,"cz_human_kidney_v1.5"
"kidney_loop_of_Henle_thin_ascending_limb_epithelial_cell","SOX18","spearman",218,79,NA,0.710633913038727,NA,"cv_r2",NA,NA,NA,NA,NA,"cz_human_kidney_v1.5"
"kidney_loop_of_Henle_thin_ascending_limb_epithelial_cell","RUNX3","rf",218,79,0.835636640369665,0.834649444829259,NA,"oob_r2",-0.0294826678390563,0.0196078431372549,TRUE,0.796504381694255,0.676190476190476,"cz_human_kidney_v1.5"
"kidney_loop_of_Henle_thin_ascending_limb_epithelial_cell","RUNX3","lm",218,79,NA,0.842771276475937,NA,"cv_r2",NA,NA,NA,NA,NA,"cz_human_kidney_v1.5"
"kidney_loop_of_Henle_thin_ascending_limb_epithelial_cell","RUNX3","ridge",218,79,NA,0.857547399286269,NA,"cv_r2",NA,NA,NA,NA,NA,"cz_human_kidney_v1.5"
"kidney_loop_of_Henle_thin_ascending_limb_epithelial_cell","RUNX3","spearman",218,79,NA,0.579913974212352,NA,"cv_r2",NA,NA,NA,NA,NA,"cz_human_kidney_v1.5"
"kidney_loop_of_Henle_thin_ascending_limb_epithelial_cell","SIM2","rf",218,79,0.86429120701476,0.867471824721445,NA,"oob_r2",-0.0267963568084647,0.0196078431372549,TRUE,0.792770204479065,0.874074074074074,"cz_human_kidney_v1.5"
"kidney_loop_of_Henle_thin_ascending_limb_epithelial_cell","SIM2","lm",218,79,NA,0.840068781856776,NA,"cv_r2",NA,NA,NA,NA,NA,"cz_human_kidney_v1.5"
"kidney_loop_of_Henle_thin_ascending_limb_epithelial_cell","SIM2","ridge",218,79,NA,0.897770746407307,NA,"cv_r2",NA,NA,NA,NA,NA,"cz_human_kidney_v1.5"
"kidney_loop_of_Henle_thin_ascending_limb_epithelial_cell","SIM2","spearman",218,79,NA,0.484697064971814,NA,"cv_r2",NA,NA,NA,NA,NA,"cz_human_kidney_v1.5"
"kidney_loop_of_Henle_thin_ascending_limb_epithelial_cell","TFCP2L1","rf",218,79,0.825232102079626,0.821403330421736,NA,"oob_r2",-0.02709210603102,0.0196078431372549,TRUE,0.775164989721952,0.933333333333333,"cz_human_kidney_v1.5"
"kidney_loop_of_Henle_thin_ascending_limb_epithelial_cell","TFCP2L1","lm",218,79,NA,0.796605109734869,NA,"cv_r2",NA,NA,NA,NA,NA,"cz_human_kidney_v1.5"
"kidney_loop_of_Henle_thin_ascending_limb_epithelial_cell","TFCP2L1","ridge",218,79,NA,0.846980918317102,NA,"cv_r2",NA,NA,NA,NA,NA,"cz_human_kidney_v1.5"
"kidney_loop_of_Henle_thin_ascending_limb_epithelial_cell","TFCP2L1","spearman",218,79,NA,0.559855620195979,NA,"cv_r2",NA,NA,NA,NA,NA,"cz_human_kidney_v1.5"
"kidney_loop_of_Henle_thin_ascending_limb_epithelial_cell","BHLHE41","rf",218,79,0.860387954933701,0.862297975704557,NA,"oob_r2",-0.0486647493257353,0.0196078431372549,TRUE,0.81190306177648,0.64021164021164,"cz_human_kidney_v1.5"
"kidney_loop_of_Henle_thin_ascending_limb_epithelial_cell","BHLHE41","lm",218,79,NA,0.840840627036721,NA,"cv_r2",NA,NA,NA,NA,NA,"cz_human_kidney_v1.5"
"kidney_loop_of_Henle_thin_ascending_limb_epithelial_cell","BHLHE41","ridge",218,79,NA,0.894850485401482,NA,"cv_r2",NA,NA,NA,NA,NA,"cz_human_kidney_v1.5"
"kidney_loop_of_Henle_thin_ascending_limb_epithelial_cell","BHLHE41","spearman",218,79,NA,0.488876236504074,NA,"cv_r2",NA,NA,NA,NA,NA,"cz_human_kidney_v1.5"
"kidney_loop_of_Henle_thin_ascending_limb_epithelial_cell","IKZF2","rf",218,79,0.87835001247503,0.866856672458164,NA,"oob_r2",-0.0168366494771852,0.0196078431372549,TRUE,0.790124418478849,0.819047619047619,"cz_human_kidney_v1.5"
"kidney_loop_of_Henle_thin_ascending_limb_epithelial_cell","IKZF2","lm",218,79,NA,0.806876934385561,NA,"cv_r2",NA,NA,NA,NA,NA,"cz_human_kidney_v1.5"
"kidney_loop_of_Henle_thin_ascending_limb_epithelial_cell","IKZF2","ridge",218,79,NA,0.872202897543719,NA,"cv_r2",NA,NA,NA,NA,NA,"cz_human_kidney_v1.5"
"kidney_loop_of_Henle_thin_ascending_limb_epithelial_cell","IKZF2","spearman",218,79,NA,0.611636814896932,NA,"cv_r2",NA,NA,NA,NA,NA,"cz_human_kidney_v1.5"
"kidney_loop_of_Henle_thin_ascending_limb_epithelial_cell","STAT6","rf",218,79,0.897660135934597,0.894729232314762,NA,"oob_r2",-0.0256648138639602,0.0196078431372549,TRUE,0.805856323704425,0.737566137566138,"cz_human_kidney_v1.5"
"kidney_loop_of_Henle_thin_ascending_limb_epithelial_cell","STAT6","lm",218,79,NA,0.87003645036057,NA,"cv_r2",NA,NA,NA,NA,NA,"cz_human_kidney_v1.5"
"kidney_loop_of_Henle_thin_ascending_limb_epithelial_cell","STAT6","ridge",218,79,NA,0.906522831305153,NA,"cv_r2",NA,NA,NA,NA,NA,"cz_human_kidney_v1.5"
"kidney_loop_of_Henle_thin_ascending_limb_epithelial_cell","STAT6","spearman",218,79,NA,0.661984652642167,NA,"cv_r2",NA,NA,NA,NA,NA,"cz_human_kidney_v1.5"
"kidney_loop_of_Henle_thin_ascending_limb_epithelial_cell","OSR1","rf",218,79,0.85635338626946,0.85336305364652,NA,"oob_r2",-0.0180609019426421,0.0196078431372549,TRUE,0.705183922968733,0.933333333333333,"cz_human_kidney_v1.5"
"kidney_loop_of_Henle_thin_ascending_limb_epithelial_cell","OSR1","lm",218,79,NA,0.826459313513514,NA,"cv_r2",NA,NA,NA,NA,NA,"cz_human_kidney_v1.5"
"kidney_loop_of_Henle_thin_ascending_limb_epithelial_cell","OSR1","ridge",218,79,NA,0.881858494928596,NA,"cv_r2",NA,NA,NA,NA,NA,"cz_human_kidney_v1.5"
"kidney_loop_of_Henle_thin_ascending_limb_epithelial_cell","OSR1","spearman",218,79,NA,0.633306771006843,NA,"cv_r2",NA,NA,NA,NA,NA,"cz_human_kidney_v1.5"
"kidney_loop_of_Henle_thin_ascending_limb_epithelial_cell","SOX9","rf",218,79,0.883851474651486,0.883526498124481,NA,"oob_r2",-0.0209762948578399,0.0196078431372549,TRUE,0.763906199285946,0.8,"cz_human_kidney_v1.5"
"kidney_loop_of_Henle_thin_ascending_limb_epithelial_cell","SOX9","lm",218,79,NA,0.852012864484179,NA,"cv_r2",NA,NA,NA,NA,NA,"cz_human_kidney_v1.5"
"kidney_loop_of_Henle_thin_ascending_limb_epithelial_cell","SOX9","ridge",218,79,NA,0.875973278737676,NA,"cv_r2",NA,NA,NA,NA,NA,"cz_human_kidney_v1.5"
"kidney_loop_of_Henle_thin_ascending_limb_epithelial_cell","SOX9","spearman",218,79,NA,0.716679019376272,NA,"cv_r2",NA,NA,NA,NA,NA,"cz_human_kidney_v1.5"
"kidney_loop_of_Henle_thin_ascending_limb_epithelial_cell","RFX4","rf",218,79,0.837083256540067,0.837190855155518,NA,"oob_r2",-0.042118472218642,0.0196078431372549,TRUE,0.811571459482852,0.874074074074074,"cz_human_kidney_v1.5"
"kidney_loop_of_Henle_thin_ascending_limb_epithelial_cell","RFX4","lm",218,79,NA,0.789738276659661,NA,"cv_r2",NA,NA,NA,NA,NA,"cz_human_kidney_v1.5"
"kidney_loop_of_Henle_thin_ascending_limb_epithelial_cell","RFX4","ridge",218,79,NA,0.868501524299897,NA,"cv_r2",NA,NA,NA,NA,NA,"cz_human_kidney_v1.5"
"kidney_loop_of_Henle_thin_ascending_limb_epithelial_cell","RFX4","spearman",218,79,NA,0.571284339128189,NA,"cv_r2",NA,NA,NA,NA,NA,"cz_human_kidney_v1.5"
"kidney_loop_of_Henle_thin_ascending_limb_epithelial_cell","NFIX","rf",218,79,0.785611551605784,0.771841356090547,NA,"oob_r2",-0.0159988134364311,0.0196078431372549,TRUE,0.798823974899924,0.762962962962963,"cz_human_kidney_v1.5"
"kidney_loop_of_Henle_thin_ascending_limb_epithelial_cell","NFIX","lm",218,79,NA,0.713054280553599,NA,"cv_r2",NA,NA,NA,NA,NA,"cz_human_kidney_v1.5"
"kidney_loop_of_Henle_thin_ascending_limb_epithelial_cell","NFIX","ridge",218,79,NA,0.790421204151291,NA,"cv_r2",NA,NA,NA,NA,NA,"cz_human_kidney_v1.5"
"kidney_loop_of_Henle_thin_ascending_limb_epithelial_cell","NFIX","spearman",218,79,NA,0.345321203591849,NA,"cv_r2",NA,NA,NA,NA,NA,"cz_human_kidney_v1.5"
"kidney_loop_of_Henle_thin_ascending_limb_epithelial_cell","HIF1A","rf",218,79,0.899772129586214,0.900956087970258,NA,"oob_r2",-0.0175058127476584,0.0196078431372549,TRUE,0.810106567131884,0.762962962962963,"cz_human_kidney_v1.5"
"kidney_loop_of_Henle_thin_ascending_limb_epithelial_cell","HIF1A","lm",218,79,NA,0.882331500642108,NA,"cv_r2",NA,NA,NA,NA,NA,"cz_human_kidney_v1.5"
"kidney_loop_of_Henle_thin_ascending_limb_epithelial_cell","HIF1A","ridge",218,79,NA,0.923041663740742,NA,"cv_r2",NA,NA,NA,NA,NA,"cz_human_kidney_v1.5"
"kidney_loop_of_Henle_thin_ascending_limb_epithelial_cell","HIF1A","spearman",218,79,NA,0.592407328095468,NA,"cv_r2",NA,NA,NA,NA,NA,"cz_human_kidney_v1.5"
"kidney_loop_of_Henle_thin_ascending_limb_epithelial_cell","ELK4","rf",218,79,0.791499472291594,0.788862986536219,NA,"oob_r2",-0.0311735741749972,0.0196078431372549,TRUE,0.7860094125284,0.8,"cz_human_kidney_v1.5"
"kidney_loop_of_Henle_thin_ascending_limb_epithelial_cell","ELK4","lm",218,79,NA,0.656267738166372,NA,"cv_r2",NA,NA,NA,NA,NA,"cz_human_kidney_v1.5"
"kidney_loop_of_Henle_thin_ascending_limb_epithelial_cell","ELK4","ridge",218,79,NA,0.778843778169384,NA,"cv_r2",NA,NA,NA,NA,NA,"cz_human_kidney_v1.5"
"kidney_loop_of_Henle_thin_ascending_limb_epithelial_cell","ELK4","spearman",218,79,NA,0.59469569437738,NA,"cv_r2",NA,NA,NA,NA,NA,"cz_human_kidney_v1.5"
"kidney_loop_of_Henle_thin_ascending_limb_epithelial_cell","HES4","rf",218,79,0.90173184261755,0.907472391163975,NA,"oob_r2",-0.0243710769084859,0.0196078431372549,TRUE,0.782362869198312,0.725925925925926,"cz_human_kidney_v1.5"
"kidney_loop_of_Henle_thin_ascending_limb_epithelial_cell","HES4","lm",218,79,NA,0.843117160002543,NA,"cv_r2",NA,NA,NA,NA,NA,"cz_human_kidney_v1.5"
"kidney_loop_of_Henle_thin_ascending_limb_epithelial_cell","HES4","ridge",218,79,NA,0.907865928206161,NA,"cv_r2",NA,NA,NA,NA,NA,"cz_human_kidney_v1.5"
"kidney_loop_of_Henle_thin_ascending_limb_epithelial_cell","HES4","spearman",218,79,NA,0.594594427811289,NA,"cv_r2",NA,NA,NA,NA,NA,"cz_human_kidney_v1.5"
"kidney_loop_of_Henle_thin_ascending_limb_epithelial_cell","GCM1","rf",218,79,0.904278060741836,0.905127844819142,NA,"oob_r2",-0.0291447885374937,0.0196078431372549,TRUE,0.78041653142919,0.868783068783069,"cz_human_kidney_v1.5"
"kidney_loop_of_Henle_thin_ascending_limb_epithelial_cell","GCM1","lm",218,79,NA,0.887208814182975,NA,"cv_r2",NA,NA,NA,NA,NA,"cz_human_kidney_v1.5"
"kidney_loop_of_Henle_thin_ascending_limb_epithelial_cell","GCM1","ridge",218,79,NA,0.919267664160093,NA,"cv_r2",NA,NA,NA,NA,NA,"cz_human_kidney_v1.5"
"kidney_loop_of_Henle_thin_ascending_limb_epithelial_cell","GCM1","spearman",218,79,NA,0.616607677587305,NA,"cv_r2",NA,NA,NA,NA,NA,"cz_human_kidney_v1.5"
"kidney_loop_of_Henle_thin_ascending_limb_epithelial_cell","HNF4G","rf",218,79,0.8946344281076,0.900222416239412,NA,"oob_r2",-0.0269337750957202,0.0196078431372549,TRUE,0.79831494103646,0.755555555555556,"cz_human_kidney_v1.5"
"kidney_loop_of_Henle_thin_ascending_limb_epithelial_cell","HNF4G","lm",218,79,NA,0.844753420765836,NA,"cv_r2",NA,NA,NA,NA,NA,"cz_human_kidney_v1.5"
"kidney_loop_of_Henle_thin_ascending_limb_epithelial_cell","HNF4G","ridge",218,79,NA,0.905655604302816,NA,"cv_r2",NA,NA,NA,NA,NA,"cz_human_kidney_v1.5"
"kidney_loop_of_Henle_thin_ascending_limb_epithelial_cell","HNF4G","spearman",218,79,NA,0.577193867633025,NA,"cv_r2",NA,NA,NA,NA,NA,"cz_human_kidney_v1.5"
"kidney_loop_of_Henle_thin_ascending_limb_epithelial_cell","TCF3","rf",218,79,0.933648342934335,0.935950967727251,NA,"oob_r2",-0.0291268951460997,0.0196078431372549,TRUE,0.775751379422266,1,"cz_human_kidney_v1.5"
"kidney_loop_of_Henle_thin_ascending_limb_epithelial_cell","TCF3","lm",218,79,NA,0.887966257881899,NA,"cv_r2",NA,NA,NA,NA,NA,"cz_human_kidney_v1.5"
"kidney_loop_of_Henle_thin_ascending_limb_epithelial_cell","TCF3","ridge",218,79,NA,0.924234325251672,NA,"cv_r2",NA,NA,NA,NA,NA,"cz_human_kidney_v1.5"
"kidney_loop_of_Henle_thin_ascending_limb_epithelial_cell","TCF3","spearman",218,79,NA,0.791265001924411,NA,"cv_r2",NA,NA,NA,NA,NA,"cz_human_kidney_v1.5"
"kidney_loop_of_Henle_thin_ascending_limb_epithelial_cell","FOSL2","rf",218,79,0.886715134873707,0.888534209925218,NA,"oob_r2",-0.0201724480212333,0.0196078431372549,TRUE,0.785943416639619,0.674074074074074,"cz_human_kidney_v1.5"
"kidney_loop_of_Henle_thin_ascending_limb_epithelial_cell","FOSL2","lm",218,79,NA,0.82982829171056,NA,"cv_r2",NA,NA,NA,NA,NA,"cz_human_kidney_v1.5"
"kidney_loop_of_Henle_thin_ascending_limb_epithelial_cell","FOSL2","ridge",218,79,NA,0.904376726608865,NA,"cv_r2",NA,NA,NA,NA,NA,"cz_human_kidney_v1.5"
"kidney_loop_of_Henle_thin_ascending_limb_epithelial_cell","FOSL2","spearman",218,79,NA,0.609549812117024,NA,"cv_r2",NA,NA,NA,NA,NA,"cz_human_kidney_v1.5"
"kidney_loop_of_Henle_thin_ascending_limb_epithelial_cell","SPI1","rf",218,79,0.870441704346216,0.867206306580372,NA,"oob_r2",-0.00100433000102532,0.0196078431372549,TRUE,0.779923726062967,0.648677248677249,"cz_human_kidney_v1.5"
"kidney_loop_of_Henle_thin_ascending_limb_epithelial_cell","SPI1","lm",218,79,NA,0.782278343844794,NA,"cv_r2",NA,NA,NA,NA,NA,"cz_human_kidney_v1.5"
"kidney_loop_of_Henle_thin_ascending_limb_epithelial_cell","SPI1","ridge",218,79,NA,0.87920527608923,NA,"cv_r2",NA,NA,NA,NA,NA,"cz_human_kidney_v1.5"
"kidney_loop_of_Henle_thin_ascending_limb_epithelial_cell","SPI1","spearman",218,79,NA,0.54441749653696,NA,"cv_r2",NA,NA,NA,NA,NA,"cz_human_kidney_v1.5"
"kidney_loop_of_Henle_thin_ascending_limb_epithelial_cell","ID4","rf",218,79,0.873791430620044,0.875105536936231,NA,"oob_r2",-0.0117401674170187,0.0196078431372549,TRUE,0.796593097479174,0.933333333333333,"cz_human_kidney_v1.5"
"kidney_loop_of_Henle_thin_ascending_limb_epithelial_cell","ID4","lm",218,79,NA,0.851545528275691,NA,"cv_r2",NA,NA,NA,NA,NA,"cz_human_kidney_v1.5"
"kidney_loop_of_Henle_thin_ascending_limb_epithelial_cell","ID4","ridge",218,79,NA,0.900616772667822,NA,"cv_r2",NA,NA,NA,NA,NA,"cz_human_kidney_v1.5"
"kidney_loop_of_Henle_thin_ascending_limb_epithelial_cell","ID4","spearman",218,79,NA,0.603047055247431,NA,"cv_r2",NA,NA,NA,NA,NA,"cz_human_kidney_v1.5"
"kidney_loop_of_Henle_thin_ascending_limb_epithelial_cell","ID1","rf",218,79,0.918865961636675,0.917460770947413,NA,"oob_r2",-0.00772493388764309,0.0196078431372549,TRUE,0.768664394677053,0.692063492063492,"cz_human_kidney_v1.5"
"kidney_loop_of_Henle_thin_ascending_limb_epithelial_cell","ID1","lm",218,79,NA,0.88117708090137,NA,"cv_r2",NA,NA,NA,NA,NA,"cz_human_kidney_v1.5"
"kidney_loop_of_Henle_thin_ascending_limb_epithelial_cell","ID1","ridge",218,79,NA,0.926179300975712,NA,"cv_r2",NA,NA,NA,NA,NA,"cz_human_kidney_v1.5"
"kidney_loop_of_Henle_thin_ascending_limb_epithelial_cell","ID1","spearman",218,79,NA,0.63224328151947,NA,"cv_r2",NA,NA,NA,NA,NA,"cz_human_kidney_v1.5"
"kidney_loop_of_Henle_thin_ascending_limb_epithelial_cell","MYEF2","rf",218,79,0.885149944323876,0.890422213694658,NA,"oob_r2",-0.0297218073815197,0.0196078431372549,TRUE,0.831420534458509,0.73015873015873,"cz_human_kidney_v1.5"
"kidney_loop_of_Henle_thin_ascending_limb_epithelial_cell","MYEF2","lm",218,79,NA,0.832749734175398,NA,"cv_r2",NA,NA,NA,NA,NA,"cz_human_kidney_v1.5"
"kidney_loop_of_Henle_thin_ascending_limb_epithelial_cell","MYEF2","ridge",218,79,NA,0.893924912147141,NA,"cv_r2",NA,NA,NA,NA,NA,"cz_human_kidney_v1.5"
"kidney_loop_of_Henle_thin_ascending_limb_epithelial_cell","MYEF2","spearman",218,79,NA,0.594472914594097,NA,"cv_r2",NA,NA,NA,NA,NA,"cz_human_kidney_v1.5"
"kidney_loop_of_Henle_thin_ascending_limb_epithelial_cell","NR4A1","rf",218,79,0.919445928943309,0.918973592591398,NA,"oob_r2",-0.0163195487995719,0.0196078431372549,TRUE,0.775680514984312,0.785185185185185,"cz_human_kidney_v1.5"
"kidney_loop_of_Henle_thin_ascending_limb_epithelial_cell","NR4A1","lm",218,79,NA,0.873909209583288,NA,"cv_r2",NA,NA,NA,NA,NA,"cz_human_kidney_v1.5"
"kidney_loop_of_Henle_thin_ascending_limb_epithelial_cell","NR4A1","ridge",218,79,NA,0.923298509289266,NA,"cv_r2",NA,NA,NA,NA,NA,"cz_human_kidney_v1.5"
"kidney_loop_of_Henle_thin_ascending_limb_epithelial_cell","NR4A1","spearman",218,79,NA,0.635280938849524,NA,"cv_r2",NA,NA,NA,NA,NA,"cz_human_kidney_v1.5"
"kidney_loop_of_Henle_thin_ascending_limb_epithelial_cell","BDP1","rf",218,79,0.901446836117908,0.902714597140299,NA,"oob_r2",-0.0372124836988916,0.0196078431372549,TRUE,0.811430271556854,0.785185185185185,"cz_human_kidney_v1.5"
"kidney_loop_of_Henle_thin_ascending_limb_epithelial_cell","BDP1","lm",218,79,NA,0.888096546542797,NA,"cv_r2",NA,NA,NA,NA,NA,"cz_human_kidney_v1.5"
"kidney_loop_of_Henle_thin_ascending_limb_epithelial_cell","BDP1","ridge",218,79,NA,0.918370961493854,NA,"cv_r2",NA,NA,NA,NA,NA,"cz_human_kidney_v1.5"
"kidney_loop_of_Henle_thin_ascending_limb_epithelial_cell","BDP1","spearman",218,79,NA,0.646684619740207,NA,"cv_r2",NA,NA,NA,NA,NA,"cz_human_kidney_v1.5"
"kidney_loop_of_Henle_thin_ascending_limb_epithelial_cell","DMRT2","rf",218,79,0.813451695849965,0.793176138476275,NA,"oob_r2",-0.0061001105937015,0.0196078431372549,TRUE,0.80123282484042,0.722751322751323,"cz_human_kidney_v1.5"
"kidney_loop_of_Henle_thin_ascending_limb_epithelial_cell","DMRT2","lm",218,79,NA,0.649512337559397,NA,"cv_r2",NA,NA,NA,NA,NA,"cz_human_kidney_v1.5"
"kidney_loop_of_Henle_thin_ascending_limb_epithelial_cell","DMRT2","ridge",218,79,NA,0.789933085830187,NA,"cv_r2",NA,NA,NA,NA,NA,"cz_human_kidney_v1.5"
"kidney_loop_of_Henle_thin_ascending_limb_epithelial_cell","DMRT2","spearman",218,79,NA,0.571183728079323,NA,"cv_r2",NA,NA,NA,NA,NA,"cz_human_kidney_v1.5"
"kidney_loop_of_Henle_thin_ascending_limb_epithelial_cell","KLF9","rf",218,79,0.862605093183635,0.882349867186341,NA,"oob_r2",-0.00557750738786618,0.0196078431372549,TRUE,0.801556312885427,0.64021164021164,"cz_human_kidney_v1.5"
"kidney_loop_of_Henle_thin_ascending_limb_epithelial_cell","KLF9","lm",218,79,NA,0.792478225497257,NA,"cv_r2",NA,NA,NA,NA,NA,"cz_human_kidney_v1.5"
"kidney_loop_of_Henle_thin_ascending_limb_epithelial_cell","KLF9","ridge",218,79,NA,0.886433694042967,NA,"cv_r2",NA,NA,NA,NA,NA,"cz_human_kidney_v1.5"
"kidney_loop_of_Henle_thin_ascending_limb_epithelial_cell","KLF9","spearman",218,79,NA,0.579788958953893,NA,"cv_r2",NA,NA,NA,NA,NA,"cz_human_kidney_v1.5"
"kidney_loop_of_Henle_thin_ascending_limb_epithelial_cell","ZNF320","rf",218,79,0.936611484876655,0.93660939432832,NA,"oob_r2",-0.0213193366328158,0.0196078431372549,TRUE,0.789049551011576,0.881481481481481,"cz_human_kidney_v1.5"
"kidney_loop_of_Henle_thin_ascending_limb_epithelial_cell","ZNF320","lm",218,79,NA,0.916875070938173,NA,"cv_r2",NA,NA,NA,NA,NA,"cz_human_kidney_v1.5"
"kidney_loop_of_Henle_thin_ascending_limb_epithelial_cell","ZNF320","ridge",218,79,NA,0.942826100594676,NA,"cv_r2",NA,NA,NA,NA,NA,"cz_human_kidney_v1.5"
"kidney_loop_of_Henle_thin_ascending_limb_epithelial_cell","ZNF320","spearman",218,79,NA,0.761851197529343,NA,"cv_r2",NA,NA,NA,NA,NA,"cz_human_kidney_v1.5"
"kidney_loop_of_Henle_thin_ascending_limb_epithelial_cell","HES1","rf",218,79,0.815137433921804,0.835715730116169,NA,"oob_r2",-0.0233392092969438,0.0196078431372549,TRUE,0.811649897219518,0.708994708994709,"cz_human_kidney_v1.5"
"kidney_loop_of_Henle_thin_ascending_limb_epithelial_cell","HES1","lm",218,79,NA,0.713399203765792,NA,"cv_r2",NA,NA,NA,NA,NA,"cz_human_kidney_v1.5"
"kidney_loop_of_Henle_thin_ascending_limb_epithelial_cell","HES1","ridge",218,79,NA,0.828940720037114,NA,"cv_r2",NA,NA,NA,NA,NA,"cz_human_kidney_v1.5"
"kidney_loop_of_Henle_thin_ascending_limb_epithelial_cell","HES1","spearman",218,79,NA,0.605306182354842,NA,"cv_r2",NA,NA,NA,NA,NA,"cz_human_kidney_v1.5"
"kidney_loop_of_Henle_thin_ascending_limb_epithelial_cell","TEAD1","rf",218,79,0.881812604092409,0.888700190321933,NA,"oob_r2",-0.0218459824814973,0.0196078431372549,TRUE,0.764780915287244,0.6994708994709,"cz_human_kidney_v1.5"
"kidney_loop_of_Henle_thin_ascending_limb_epithelial_cell","TEAD1","lm",218,79,NA,0.874363433182244,NA,"cv_r2",NA,NA,NA,NA,NA,"cz_human_kidney_v1.5"
"kidney_loop_of_Henle_thin_ascending_limb_epithelial_cell","TEAD1","ridge",218,79,NA,0.910805041426768,NA,"cv_r2",NA,NA,NA,NA,NA,"cz_human_kidney_v1.5"
"kidney_loop_of_Henle_thin_ascending_limb_epithelial_cell","TEAD1","spearman",218,79,NA,0.691403790841094,NA,"cv_r2",NA,NA,NA,NA,NA,"cz_human_kidney_v1.5"
"kidney_loop_of_Henle_thin_ascending_limb_epithelial_cell","ZKSCAN1","rf",218,79,0.919328899391966,0.918792681770544,NA,"oob_r2",-0.00986295081868294,0.0196078431372549,TRUE,0.765485232067511,0.933333333333333,"cz_human_kidney_v1.5"
"kidney_loop_of_Henle_thin_ascending_limb_epithelial_cell","ZKSCAN1","lm",218,79,NA,0.908410831163338,NA,"cv_r2",NA,NA,NA,NA,NA,"cz_human_kidney_v1.5"
"kidney_loop_of_Henle_thin_ascending_limb_epithelial_cell","ZKSCAN1","ridge",218,79,NA,0.924745469859596,NA,"cv_r2",NA,NA,NA,NA,NA,"cz_human_kidney_v1.5"
"kidney_loop_of_Henle_thin_ascending_limb_epithelial_cell","ZKSCAN1","spearman",218,79,NA,0.760445462695285,NA,"cv_r2",NA,NA,NA,NA,NA,"cz_human_kidney_v1.5"
"kidney_loop_of_Henle_thin_ascending_limb_epithelial_cell","ENO1","rf",218,79,0.91603410605153,0.912943897086856,NA,"oob_r2",-0.0151978236369228,0.0196078431372549,TRUE,0.743842908146706,0.729100529100529,"cz_human_kidney_v1.5"
"kidney_loop_of_Henle_thin_ascending_limb_epithelial_cell","ENO1","lm",218,79,NA,0.889133782304984,NA,"cv_r2",NA,NA,NA,NA,NA,"cz_human_kidney_v1.5"
"kidney_loop_of_Henle_thin_ascending_limb_epithelial_cell","ENO1","ridge",218,79,NA,0.928288133345016,NA,"cv_r2",NA,NA,NA,NA,NA,"cz_human_kidney_v1.5"
"kidney_loop_of_Henle_thin_ascending_limb_epithelial_cell","ENO1","spearman",218,79,NA,0.654825923292525,NA,"cv_r2",NA,NA,NA,NA,NA,"cz_human_kidney_v1.5"
"kidney_loop_of_Henle_thin_ascending_limb_epithelial_cell","MECOM","rf",218,79,0.877455095850997,0.893236949480537,NA,"oob_r2",-0.0191117902286394,0.0196078431372549,TRUE,0.810185545818457,0.701587301587302,"cz_human_kidney_v1.5"
"kidney_loop_of_Henle_thin_ascending_limb_epithelial_cell","MECOM","lm",218,79,NA,0.846843980356214,NA,"cv_r2",NA,NA,NA,NA,NA,"cz_human_kidney_v1.5"
"kidney_loop_of_Henle_thin_ascending_limb_epithelial_cell","MECOM","ridge",218,79,NA,0.905549688210023,NA,"cv_r2",NA,NA,NA,NA,NA,"cz_human_kidney_v1.5"
"kidney_loop_of_Henle_thin_ascending_limb_epithelial_cell","MECOM","spearman",218,79,NA,0.707193809173417,NA,"cv_r2",NA,NA,NA,NA,NA,"cz_human_kidney_v1.5"
"kidney_loop_of_Henle_thin_ascending_limb_epithelial_cell","BATF","rf",218,79,0.891611290723714,0.902645568821748,NA,"oob_r2",-0.0269095022293473,0.0196078431372549,TRUE,0.809172887590609,0.652910052910053,"cz_human_kidney_v1.5"
"kidney_loop_of_Henle_thin_ascending_limb_epithelial_cell","BATF","lm",218,79,NA,0.853577542792326,NA,"cv_r2",NA,NA,NA,NA,NA,"cz_human_kidney_v1.5"
"kidney_loop_of_Henle_thin_ascending_limb_epithelial_cell","BATF","ridge",218,79,NA,0.918552420524649,NA,"cv_r2",NA,NA,NA,NA,NA,"cz_human_kidney_v1.5"
"kidney_loop_of_Henle_thin_ascending_limb_epithelial_cell","BATF","spearman",218,79,NA,0.578134651076379,NA,"cv_r2",NA,NA,NA,NA,NA,"cz_human_kidney_v1.5"
"kidney_loop_of_Henle_thin_ascending_limb_epithelial_cell","PURA","rf",218,79,0.860446982927011,0.870666292022898,NA,"oob_r2",-0.0395559147962466,0.0196078431372549,TRUE,0.805425186627718,0.933333333333333,"cz_human_kidney_v1.5"
"kidney_loop_of_Henle_thin_ascending_limb_epithelial_cell","PURA","lm",218,79,NA,0.769815505986746,NA,"cv_r2",NA,NA,NA,NA,NA,"cz_human_kidney_v1.5"
"kidney_loop_of_Henle_thin_ascending_limb_epithelial_cell","PURA","ridge",218,79,NA,0.870467313237345,NA,"cv_r2",NA,NA,NA,NA,NA,"cz_human_kidney_v1.5"
"kidney_loop_of_Henle_thin_ascending_limb_epithelial_cell","PURA","spearman",218,79,NA,0.560302583270672,NA,"cv_r2",NA,NA,NA,NA,NA,"cz_human_kidney_v1.5"
"kidney_loop_of_Henle_thin_ascending_limb_epithelial_cell","SP5","rf",218,79,0.840554081768664,0.844237108696059,NA,"oob_r2",-0.0398224399449646,0.0196078431372549,TRUE,0.813603267337445,0.73015873015873,"cz_human_kidney_v1.5"
"kidney_loop_of_Henle_thin_ascending_limb_epithelial_cell","SP5","lm",218,79,NA,0.752654470582244,NA,"cv_r2",NA,NA,NA,NA,NA,"cz_human_kidney_v1.5"
"kidney_loop_of_Henle_thin_ascending_limb_epithelial_cell","SP5","ridge",218,79,NA,0.851037938067018,NA,"cv_r2",NA,NA,NA,NA,NA,"cz_human_kidney_v1.5"
"kidney_loop_of_Henle_thin_ascending_limb_epithelial_cell","SP5","spearman",218,79,NA,0.55799940465019,NA,"cv_r2",NA,NA,NA,NA,NA,"cz_human_kidney_v1.5"
"kidney_loop_of_Henle_thin_ascending_limb_epithelial_cell","PLAGL1","rf",218,79,0.920303738661667,0.914283365042013,NA,"oob_r2",-0.023665603981542,0.0196078431372549,TRUE,0.800384074434707,0.785185185185185,"cz_human_kidney_v1.5"
"kidney_loop_of_Henle_thin_ascending_limb_epithelial_cell","PLAGL1","lm",218,79,NA,0.892967108145171,NA,"cv_r2",NA,NA,NA,NA,NA,"cz_human_kidney_v1.5"
"kidney_loop_of_Henle_thin_ascending_limb_epithelial_cell","PLAGL1","ridge",218,79,NA,0.922723256130932,NA,"cv_r2",NA,NA,NA,NA,NA,"cz_human_kidney_v1.5"
"kidney_loop_of_Henle_thin_ascending_limb_epithelial_cell","PLAGL1","spearman",218,79,NA,0.73464669208765,NA,"cv_r2",NA,NA,NA,NA,NA,"cz_human_kidney_v1.5"
"kidney_loop_of_Henle_thin_ascending_limb_epithelial_cell","JUNB","rf",218,79,0.901676111016353,0.906623546704151,NA,"oob_r2",-0.0233269095796527,0.0196078431372549,TRUE,0.793176457860002,0.708994708994709,"cz_human_kidney_v1.5"
"kidney_loop_of_Henle_thin_ascending_limb_epithelial_cell","JUNB","lm",218,79,NA,0.832194310935104,NA,"cv_r2",NA,NA,NA,NA,NA,"cz_human_kidney_v1.5"
"kidney_loop_of_Henle_thin_ascending_limb_epithelial_cell","JUNB","ridge",218,79,NA,0.911743450124114,NA,"cv_r2",NA,NA,NA,NA,NA,"cz_human_kidney_v1.5"
"kidney_loop_of_Henle_thin_ascending_limb_epithelial_cell","JUNB","spearman",218,79,NA,0.60989012515793,NA,"cv_r2",NA,NA,NA,NA,NA,"cz_human_kidney_v1.5"
"kidney_loop_of_Henle_thin_ascending_limb_epithelial_cell","FOXE1","rf",218,79,0.895757384432615,0.896220323676725,NA,"oob_r2",-0.0175721928558143,0.0196078431372549,TRUE,0.807335280753002,0.585185185185185,"cz_human_kidney_v1.5"
"kidney_loop_of_Henle_thin_ascending_limb_epithelial_cell","FOXE1","lm",218,79,NA,0.854870499085643,NA,"cv_r2",NA,NA,NA,NA,NA,"cz_human_kidney_v1.5"
"kidney_loop_of_Henle_thin_ascending_limb_epithelial_cell","FOXE1","ridge",218,79,NA,0.91061225315732,NA,"cv_r2",NA,NA,NA,NA,NA,"cz_human_kidney_v1.5"
"kidney_loop_of_Henle_thin_ascending_limb_epithelial_cell","FOXE1","spearman",218,79,NA,0.68778865444235,NA,"cv_r2",NA,NA,NA,NA,NA,"cz_human_kidney_v1.5"
"kidney_loop_of_Henle_thin_ascending_limb_epithelial_cell","JUND","rf",218,79,0.832873483332628,0.84022491538935,NA,"oob_r2",-0.0368202397538068,0.0196078431372549,TRUE,0.796131126257709,0.933333333333333,"cz_human_kidney_v1.5"
"kidney_loop_of_Henle_thin_ascending_limb_epithelial_cell","JUND","lm",218,79,NA,0.750272285901357,NA,"cv_r2",NA,NA,NA,NA,NA,"cz_human_kidney_v1.5"
"kidney_loop_of_Henle_thin_ascending_limb_epithelial_cell","JUND","ridge",218,79,NA,0.845058167127177,NA,"cv_r2",NA,NA,NA,NA,NA,"cz_human_kidney_v1.5"
"kidney_loop_of_Henle_thin_ascending_limb_epithelial_cell","JUND","spearman",218,79,NA,0.617088121629352,NA,"cv_r2",NA,NA,NA,NA,NA,"cz_human_kidney_v1.5"
"kidney_loop_of_Henle_thin_ascending_limb_epithelial_cell","MAF","rf",218,79,0.902360572763398,0.907094525335442,NA,"oob_r2",-0.0160479020723161,0.0196078431372549,TRUE,0.697173536730499,0.722751322751323,"cz_human_kidney_v1.5"
"kidney_loop_of_Henle_thin_ascending_limb_epithelial_cell","MAF","lm",218,79,NA,0.851886097920763,NA,"cv_r2",NA,NA,NA,NA,NA,"cz_human_kidney_v1.5"
"kidney_loop_of_Henle_thin_ascending_limb_epithelial_cell","MAF","ridge",218,79,NA,0.895493761339229,NA,"cv_r2",NA,NA,NA,NA,NA,"cz_human_kidney_v1.5"
"kidney_loop_of_Henle_thin_ascending_limb_epithelial_cell","MAF","spearman",218,79,NA,0.594593972455304,NA,"cv_r2",NA,NA,NA,NA,NA,"cz_human_kidney_v1.5"
"kidney_loop_of_Henle_thin_ascending_limb_epithelial_cell","RUNX1","rf",218,79,0.913920642196151,0.917688779644668,NA,"oob_r2",-0.0312967325892668,0.0196078431372549,TRUE,0.807776695877962,0.744973544973545,"cz_human_kidney_v1.5"
"kidney_loop_of_Henle_thin_ascending_limb_epithelial_cell","RUNX1","lm",218,79,NA,0.904189108126412,NA,"cv_r2",NA,NA,NA,NA,NA,"cz_human_kidney_v1.5"
"kidney_loop_of_Henle_thin_ascending_limb_epithelial_cell","RUNX1","ridge",218,79,NA,0.938882162062195,NA,"cv_r2",NA,NA,NA,NA,NA,"cz_human_kidney_v1.5"
"kidney_loop_of_Henle_thin_ascending_limb_epithelial_cell","RUNX1","spearman",218,79,NA,0.743978427517677,NA,"cv_r2",NA,NA,NA,NA,NA,"cz_human_kidney_v1.5"
"kidney_loop_of_Henle_thin_ascending_limb_epithelial_cell","FOSB","rf",218,79,0.878659575401269,0.880548376415329,NA,"oob_r2",-0.0197068949003734,0.0196078431372549,TRUE,0.796214973493455,0.77037037037037,"cz_human_kidney_v1.5"
"kidney_loop_of_Henle_thin_ascending_limb_epithelial_cell","FOSB","lm",218,79,NA,0.838790816043633,NA,"cv_r2",NA,NA,NA,NA,NA,"cz_human_kidney_v1.5"
"kidney_loop_of_Henle_thin_ascending_limb_epithelial_cell","FOSB","ridge",218,79,NA,0.899431739314337,NA,"cv_r2",NA,NA,NA,NA,NA,"cz_human_kidney_v1.5"
"kidney_loop_of_Henle_thin_ascending_limb_epithelial_cell","FOSB","spearman",218,79,NA,0.599377340502792,NA,"cv_r2",NA,NA,NA,NA,NA,"cz_human_kidney_v1.5"
"kidney_loop_of_Henle_thin_ascending_limb_epithelial_cell","SOX17","rf",218,79,0.943811111478654,0.946027179173021,NA,"oob_r2",-0.0313104493012829,0.0196078431372549,TRUE,0.772921670453316,1,"cz_human_kidney_v1.5"
"kidney_loop_of_Henle_thin_ascending_limb_epithelial_cell","SOX17","lm",218,79,NA,0.906145263017746,NA,"cv_r2",NA,NA,NA,NA,NA,"cz_human_kidney_v1.5"
"kidney_loop_of_Henle_thin_ascending_limb_epithelial_cell","SOX17","ridge",218,79,NA,0.93812402555536,NA,"cv_r2",NA,NA,NA,NA,NA,"cz_human_kidney_v1.5"
"kidney_loop_of_Henle_thin_ascending_limb_epithelial_cell","SOX17","spearman",218,79,NA,0.762623238021036,NA,"cv_r2",NA,NA,NA,NA,NA,"cz_human_kidney_v1.5"
"kidney_loop_of_Henle_thin_ascending_limb_epithelial_cell","PAX2","rf",218,79,0.903652510351499,0.887828322389519,NA,"oob_r2",-0.0188022016859722,0.0196078431372549,TRUE,0.762232500270475,0.82962962962963,"cz_human_kidney_v1.5"
"kidney_loop_of_Henle_thin_ascending_limb_epithelial_cell","PAX2","lm",218,79,NA,0.812809102427153,NA,"cv_r2",NA,NA,NA,NA,NA,"cz_human_kidney_v1.5"
"kidney_loop_of_Henle_thin_ascending_limb_epithelial_cell","PAX2","ridge",218,79,NA,0.878716068214604,NA,"cv_r2",NA,NA,NA,NA,NA,"cz_human_kidney_v1.5"
"kidney_loop_of_Henle_thin_ascending_limb_epithelial_cell","PAX2","spearman",218,79,NA,0.719639704381005,NA,"cv_r2",NA,NA,NA,NA,NA,"cz_human_kidney_v1.5"
"kidney_loop_of_Henle_thin_ascending_limb_epithelial_cell","ELF3","rf",218,79,0.88565416910135,0.885950369387923,NA,"oob_r2",-0.0299252088838761,0.0196078431372549,TRUE,0.800392729633236,0.73015873015873,"cz_human_kidney_v1.5"
"kidney_loop_of_Henle_thin_ascending_limb_epithelial_cell","ELF3","lm",218,79,NA,0.862830679729364,NA,"cv_r2",NA,NA,NA,NA,NA,"cz_human_kidney_v1.5"
"kidney_loop_of_Henle_thin_ascending_limb_epithelial_cell","ELF3","ridge",218,79,NA,0.90595940756372,NA,"cv_r2",NA,NA,NA,NA,NA,"cz_human_kidney_v1.5"
"kidney_loop_of_Henle_thin_ascending_limb_epithelial_cell","ELF3","spearman",218,79,NA,0.595093596690965,NA,"cv_r2",NA,NA,NA,NA,NA,"cz_human_kidney_v1.5"
"kidney_loop_of_Henle_thin_ascending_limb_epithelial_cell","ID3","rf",218,79,0.885265817349338,0.900469450686002,NA,"oob_r2",-0.0179277065782061,0.0196078431372549,TRUE,0.755709185329439,0.933333333333333,"cz_human_kidney_v1.5"
"kidney_loop_of_Henle_thin_ascending_limb_epithelial_cell","ID3","lm",218,79,NA,0.874056552297522,NA,"cv_r2",NA,NA,NA,NA,NA,"cz_human_kidney_v1.5"
"kidney_loop_of_Henle_thin_ascending_limb_epithelial_cell","ID3","ridge",218,79,NA,0.916062496256491,NA,"cv_r2",NA,NA,NA,NA,NA,"cz_human_kidney_v1.5"
"kidney_loop_of_Henle_thin_ascending_limb_epithelial_cell","ID3","spearman",218,79,NA,0.605169914314924,NA,"cv_r2",NA,NA,NA,NA,NA,"cz_human_kidney_v1.5"
"kidney_loop_of_Henle_thin_ascending_limb_epithelial_cell","GTF2I","rf",218,79,0.94260915271582,0.945251523868048,NA,"oob_r2",-0.019419157587889,0.0196078431372549,TRUE,0.69055988315482,0.933333333333333,"cz_human_kidney_v1.5"
"kidney_loop_of_Henle_thin_ascending_limb_epithelial_cell","GTF2I","lm",218,79,NA,0.884153125089838,NA,"cv_r2",NA,NA,NA,NA,NA,"cz_human_kidney_v1.5"
"kidney_loop_of_Henle_thin_ascending_limb_epithelial_cell","GTF2I","ridge",218,79,NA,0.932698600054647,NA,"cv_r2",NA,NA,NA,NA,NA,"cz_human_kidney_v1.5"
"kidney_loop_of_Henle_thin_ascending_limb_epithelial_cell","GTF2I","spearman",218,79,NA,0.681132170773419,NA,"cv_r2",NA,NA,NA,NA,NA,"cz_human_kidney_v1.5"
"kidney_loop_of_Henle_thin_ascending_limb_epithelial_cell","RFX3","rf",218,79,0.869839852896178,0.872392309255329,NA,"oob_r2",-0.021098085660723,0.0196078431372549,TRUE,0.797851346965271,0.874074074074074,"cz_human_kidney_v1.5"
"kidney_loop_of_Henle_thin_ascending_limb_epithelial_cell","RFX3","lm",218,79,NA,0.826790105016826,NA,"cv_r2",NA,NA,NA,NA,NA,"cz_human_kidney_v1.5"
"kidney_loop_of_Henle_thin_ascending_limb_epithelial_cell","RFX3","ridge",218,79,NA,0.884047584839979,NA,"cv_r2",NA,NA,NA,NA,NA,"cz_human_kidney_v1.5"
"kidney_loop_of_Henle_thin_ascending_limb_epithelial_cell","RFX3","spearman",218,79,NA,0.589942178582939,NA,"cv_r2",NA,NA,NA,NA,NA,"cz_human_kidney_v1.5"
"kidney_loop_of_Henle_thin_ascending_limb_epithelial_cell","ZNF423","rf",218,79,0.906009928852246,0.902832243394644,NA,"oob_r2",-0.0109863101173753,0.0196078431372549,TRUE,0.72418370658877,0.632804232804233,"cz_human_kidney_v1.5"
"kidney_loop_of_Henle_thin_ascending_limb_epithelial_cell","ZNF423","lm",218,79,NA,0.900596381215329,NA,"cv_r2",NA,NA,NA,NA,NA,"cz_human_kidney_v1.5"
"kidney_loop_of_Henle_thin_ascending_limb_epithelial_cell","ZNF423","ridge",218,79,NA,0.921532131529651,NA,"cv_r2",NA,NA,NA,NA,NA,"cz_human_kidney_v1.5"
"kidney_loop_of_Henle_thin_ascending_limb_epithelial_cell","ZNF423","spearman",218,79,NA,0.615480424685683,NA,"cv_r2",NA,NA,NA,NA,NA,"cz_human_kidney_v1.5"
"kidney_loop_of_Henle_thin_ascending_limb_epithelial_cell","CREB5","rf",218,79,0.860688613944405,0.878102270348023,NA,"oob_r2",-0.0346080456064847,0.0196078431372549,TRUE,0.758688737422915,0.77989417989418,"cz_human_kidney_v1.5"
"kidney_loop_of_Henle_thin_ascending_limb_epithelial_cell","CREB5","lm",218,79,NA,0.832223465735978,NA,"cv_r2",NA,NA,NA,NA,NA,"cz_human_kidney_v1.5"
"kidney_loop_of_Henle_thin_ascending_limb_epithelial_cell","CREB5","ridge",218,79,NA,0.893588155882282,NA,"cv_r2",NA,NA,NA,NA,NA,"cz_human_kidney_v1.5"
"kidney_loop_of_Henle_thin_ascending_limb_epithelial_cell","CREB5","spearman",218,79,NA,0.540576134473103,NA,"cv_r2",NA,NA,NA,NA,NA,"cz_human_kidney_v1.5"
"kidney_loop_of_Henle_thin_ascending_limb_epithelial_cell","GATA3","rf",218,79,0.890262596498037,0.892604236290689,NA,"oob_r2",-0.0199217511459149,0.0196078431372549,TRUE,0.762000973709835,0.874074074074074,"cz_human_kidney_v1.5"
"kidney_loop_of_Henle_thin_ascending_limb_epithelial_cell","GATA3","lm",218,79,NA,0.860816066022019,NA,"cv_r2",NA,NA,NA,NA,NA,"cz_human_kidney_v1.5"
"kidney_loop_of_Henle_thin_ascending_limb_epithelial_cell","GATA3","ridge",218,79,NA,0.913575289595869,NA,"cv_r2",NA,NA,NA,NA,NA,"cz_human_kidney_v1.5"
"kidney_loop_of_Henle_thin_ascending_limb_epithelial_cell","GATA3","spearman",218,79,NA,0.609204966216564,NA,"cv_r2",NA,NA,NA,NA,NA,"cz_human_kidney_v1.5"
"kidney_loop_of_Henle_thin_ascending_limb_epithelial_cell","ZFP3","rf",218,79,0.883286888377231,0.890278605413157,NA,"oob_r2",-0.017444872689936,0.0196078431372549,TRUE,0.749176674239965,0.767195767195767,"cz_human_kidney_v1.5"
"kidney_loop_of_Henle_thin_ascending_limb_epithelial_cell","ZFP3","lm",218,79,NA,0.814146118310988,NA,"cv_r2",NA,NA,NA,NA,NA,"cz_human_kidney_v1.5"
"kidney_loop_of_Henle_thin_ascending_limb_epithelial_cell","ZFP3","ridge",218,79,NA,0.888973058620715,NA,"cv_r2",NA,NA,NA,NA,NA,"cz_human_kidney_v1.5"
"kidney_loop_of_Henle_thin_ascending_limb_epithelial_cell","ZFP3","spearman",218,79,NA,0.718857683175902,NA,"cv_r2",NA,NA,NA,NA,NA,"cz_human_kidney_v1.5"
"kidney_loop_of_Henle_thin_ascending_limb_epithelial_cell","JUN","rf",218,79,0.892378013283766,0.894288777480267,NA,"oob_r2",-0.0217507713346271,0.0196078431372549,TRUE,0.797870280212052,0.755555555555556,"cz_human_kidney_v1.5"
"kidney_loop_of_Henle_thin_ascending_limb_epithelial_cell","JUN","lm",218,79,NA,0.860088422304473,NA,"cv_r2",NA,NA,NA,NA,NA,"cz_human_kidney_v1.5"
"kidney_loop_of_Henle_thin_ascending_limb_epithelial_cell","JUN","ridge",218,79,NA,0.907692985420185,NA,"cv_r2",NA,NA,NA,NA,NA,"cz_human_kidney_v1.5"
"kidney_loop_of_Henle_thin_ascending_limb_epithelial_cell","JUN","spearman",218,79,NA,0.58541934101124,NA,"cv_r2",NA,NA,NA,NA,NA,"cz_human_kidney_v1.5"
"kidney_loop_of_Henle_thin_ascending_limb_epithelial_cell","NANOG","rf",218,79,0.915644072083362,0.916343642487657,NA,"oob_r2",-0.0120061660277891,0.0196078431372549,TRUE,0.794622416964189,0.679365079365079,"cz_human_kidney_v1.5"
"kidney_loop_of_Henle_thin_ascending_limb_epithelial_cell","NANOG","lm",218,79,NA,0.869836777567046,NA,"cv_r2",NA,NA,NA,NA,NA,"cz_human_kidney_v1.5"
"kidney_loop_of_Henle_thin_ascending_limb_epithelial_cell","NANOG","ridge",218,79,NA,0.922364933334711,NA,"cv_r2",NA,NA,NA,NA,NA,"cz_human_kidney_v1.5"
"kidney_loop_of_Henle_thin_ascending_limb_epithelial_cell","NANOG","spearman",218,79,NA,0.703787412028566,NA,"cv_r2",NA,NA,NA,NA,NA,"cz_human_kidney_v1.5"
"kidney_loop_of_Henle_thin_ascending_limb_epithelial_cell","PPARD","rf",218,79,0.870262096645373,0.87980560308438,NA,"oob_r2",-0.0165375760312318,0.0196078431372549,TRUE,0.768613545385697,0.874074074074074,"cz_human_kidney_v1.5"
"kidney_loop_of_Henle_thin_ascending_limb_epithelial_cell","PPARD","lm",218,79,NA,0.833117517921844,NA,"cv_r2",NA,NA,NA,NA,NA,"cz_human_kidney_v1.5"
"kidney_loop_of_Henle_thin_ascending_limb_epithelial_cell","PPARD","ridge",218,79,NA,0.885314629270911,NA,"cv_r2",NA,NA,NA,NA,NA,"cz_human_kidney_v1.5"
"kidney_loop_of_Henle_thin_ascending_limb_epithelial_cell","PPARD","spearman",218,79,NA,0.608383260739648,NA,"cv_r2",NA,NA,NA,NA,NA,"cz_human_kidney_v1.5"
"kidney_loop_of_Henle_thin_ascending_limb_epithelial_cell","NFIA","rf",218,79,0.865857036677601,0.863862352235324,NA,"oob_r2",-0.0173368218509769,0.0196078431372549,TRUE,0.800889321648815,0.785185185185185,"cz_human_kidney_v1.5"
"kidney_loop_of_Henle_thin_ascending_limb_epithelial_cell","NFIA","lm",218,79,NA,0.812906444041411,NA,"cv_r2",NA,NA,NA,NA,NA,"cz_human_kidney_v1.5"
"kidney_loop_of_Henle_thin_ascending_limb_epithelial_cell","NFIA","ridge",218,79,NA,0.872986020964355,NA,"cv_r2",NA,NA,NA,NA,NA,"cz_human_kidney_v1.5"
"kidney_loop_of_Henle_thin_ascending_limb_epithelial_cell","NFIA","spearman",218,79,NA,0.63695349537032,NA,"cv_r2",NA,NA,NA,NA,NA,"cz_human_kidney_v1.5"
"kidney_loop_of_Henle_thin_ascending_limb_epithelial_cell","FOXD2","rf",218,79,0.89329991901397,0.896955030960841,NA,"oob_r2",-0.0177994784764067,0.0196078431372549,TRUE,0.763332792383425,0.874074074074074,"cz_human_kidney_v1.5"
"kidney_loop_of_Henle_thin_ascending_limb_epithelial_cell","FOXD2","lm",218,79,NA,0.876165845434213,NA,"cv_r2",NA,NA,NA,NA,NA,"cz_human_kidney_v1.5"
"kidney_loop_of_Henle_thin_ascending_limb_epithelial_cell","FOXD2","ridge",218,79,NA,0.914451676909053,NA,"cv_r2",NA,NA,NA,NA,NA,"cz_human_kidney_v1.5"
"kidney_loop_of_Henle_thin_ascending_limb_epithelial_cell","FOXD2","spearman",218,79,NA,0.662639831530407,NA,"cv_r2",NA,NA,NA,NA,NA,"cz_human_kidney_v1.5"
"kidney_loop_of_Henle_thin_ascending_limb_epithelial_cell","RAD21","rf",218,79,0.883854467231868,0.881099265518035,NA,"oob_r2",-0.0124016718805808,0.0196078431372549,TRUE,0.741316131126258,0.755555555555556,"cz_human_kidney_v1.5"
"kidney_loop_of_Henle_thin_ascending_limb_epithelial_cell","RAD21","lm",218,79,NA,0.825937735290561,NA,"cv_r2",NA,NA,NA,NA,NA,"cz_human_kidney_v1.5"
"kidney_loop_of_Henle_thin_ascending_limb_epithelial_cell","RAD21","ridge",218,79,NA,0.881082456071172,NA,"cv_r2",NA,NA,NA,NA,NA,"cz_human_kidney_v1.5"
"kidney_loop_of_Henle_thin_ascending_limb_epithelial_cell","RAD21","spearman",218,79,NA,0.63766882715578,NA,"cv_r2",NA,NA,NA,NA,NA,"cz_human_kidney_v1.5"
"kidney_loop_of_Henle_thin_ascending_limb_epithelial_cell","KLF6","rf",218,79,0.915164466137762,0.920787527503445,NA,"oob_r2",-0.0192400619285394,0.0196078431372549,TRUE,0.774724656496808,0.785185185185185,"cz_human_kidney_v1.5"
"kidney_loop_of_Henle_thin_ascending_limb_epithelial_cell","KLF6","lm",218,79,NA,0.88738408705705,NA,"cv_r2",NA,NA,NA,NA,NA,"cz_human_kidney_v1.5"
"kidney_loop_of_Henle_thin_ascending_limb_epithelial_cell","KLF6","ridge",218,79,NA,0.916770503647979,NA,"cv_r2",NA,NA,NA,NA,NA,"cz_human_kidney_v1.5"
"kidney_loop_of_Henle_thin_ascending_limb_epithelial_cell","KLF6","spearman",218,79,NA,0.727580617682756,NA,"cv_r2",NA,NA,NA,NA,NA,"cz_human_kidney_v1.5"
"kidney_loop_of_Henle_thin_ascending_limb_epithelial_cell","FOS","rf",218,79,0.932363094738097,0.928736023917891,NA,"oob_r2",-0.0331800292045878,0.0196078431372549,TRUE,0.756761873850482,0.77037037037037,"cz_human_kidney_v1.5"
"kidney_loop_of_Henle_thin_ascending_limb_epithelial_cell","FOS","lm",218,79,NA,0.88579520359839,NA,"cv_r2",NA,NA,NA,NA,NA,"cz_human_kidney_v1.5"
"kidney_loop_of_Henle_thin_ascending_limb_epithelial_cell","FOS","ridge",218,79,NA,0.921867990047759,NA,"cv_r2",NA,NA,NA,NA,NA,"cz_human_kidney_v1.5"
"kidney_loop_of_Henle_thin_ascending_limb_epithelial_cell","FOS","spearman",218,79,NA,0.744695189060006,NA,"cv_r2",NA,NA,NA,NA,NA,"cz_human_kidney_v1.5"
"kidney_loop_of_Henle_thin_ascending_limb_epithelial_cell","ZBTB7C","rf",218,79,0.922518412096116,0.924889116193326,NA,"oob_r2",-0.00399710953188868,0.0196078431372549,TRUE,0.749426593097479,0.933333333333333,"cz_human_kidney_v1.5"
"kidney_loop_of_Henle_thin_ascending_limb_epithelial_cell","ZBTB7C","lm",218,79,NA,0.891828041772536,NA,"cv_r2",NA,NA,NA,NA,NA,"cz_human_kidney_v1.5"
"kidney_loop_of_Henle_thin_ascending_limb_epithelial_cell","ZBTB7C","ridge",218,79,NA,0.915848905714799,NA,"cv_r2",NA,NA,NA,NA,NA,"cz_human_kidney_v1.5"
"kidney_loop_of_Henle_thin_ascending_limb_epithelial_cell","ZBTB7C","spearman",218,79,NA,0.730582798853217,NA,"cv_r2",NA,NA,NA,NA,NA,"cz_human_kidney_v1.5"
"kidney_loop_of_Henle_thin_ascending_limb_epithelial_cell","HIC1","rf",218,79,0.89030266917441,0.892467424427982,NA,"oob_r2",0.00466876750737915,0.0196078431372549,TRUE,0.737189224277832,0.933333333333333,"cz_human_kidney_v1.5"
"kidney_loop_of_Henle_thin_ascending_limb_epithelial_cell","HIC1","lm",218,79,NA,0.866590543964538,NA,"cv_r2",NA,NA,NA,NA,NA,"cz_human_kidney_v1.5"
"kidney_loop_of_Henle_thin_ascending_limb_epithelial_cell","HIC1","ridge",218,79,NA,0.891444911329361,NA,"cv_r2",NA,NA,NA,NA,NA,"cz_human_kidney_v1.5"
"kidney_loop_of_Henle_thin_ascending_limb_epithelial_cell","HIC1","spearman",218,79,NA,0.749369730649652,NA,"cv_r2",NA,NA,NA,NA,NA,"cz_human_kidney_v1.5"
"kidney_loop_of_Henle_thin_ascending_limb_epithelial_cell","EBF1","rf",218,79,0.879546412031655,0.875542575790591,NA,"oob_r2",-0.0050402890900258,0.0196078431372549,TRUE,0.766461105701612,0.933333333333333,"cz_human_kidney_v1.5"
"kidney_loop_of_Henle_thin_ascending_limb_epithelial_cell","EBF1","lm",218,79,NA,0.8463291328387,NA,"cv_r2",NA,NA,NA,NA,NA,"cz_human_kidney_v1.5"
"kidney_loop_of_Henle_thin_ascending_limb_epithelial_cell","EBF1","ridge",218,79,NA,0.884572280095881,NA,"cv_r2",NA,NA,NA,NA,NA,"cz_human_kidney_v1.5"
"kidney_loop_of_Henle_thin_ascending_limb_epithelial_cell","EBF1","spearman",218,79,NA,0.714092220990431,NA,"cv_r2",NA,NA,NA,NA,NA,"cz_human_kidney_v1.5"
"kidney_loop_of_Henle_thin_ascending_limb_epithelial_cell","KLF2","rf",218,79,0.864861577249575,0.85057300238371,NA,"oob_r2",-0.0358455227985638,0.0196078431372549,TRUE,0.781267986584442,0.696296296296296,"cz_human_kidney_v1.5"
"kidney_loop_of_Henle_thin_ascending_limb_epithelial_cell","KLF2","lm",218,79,NA,0.776868221870702,NA,"cv_r2",NA,NA,NA,NA,NA,"cz_human_kidney_v1.5"
"kidney_loop_of_Henle_thin_ascending_limb_epithelial_cell","KLF2","ridge",218,79,NA,0.81889769509498,NA,"cv_r2",NA,NA,NA,NA,NA,"cz_human_kidney_v1.5"
"kidney_loop_of_Henle_thin_ascending_limb_epithelial_cell","KLF2","spearman",218,79,NA,0.671029669602511,NA,"cv_r2",NA,NA,NA,NA,NA,"cz_human_kidney_v1.5"
"kidney_loop_of_Henle_thin_ascending_limb_epithelial_cell","EGR1","rf",218,79,0.909973425430189,0.910148367057384,NA,"oob_r2",-0.0246982359772015,0.0196078431372549,TRUE,0.767094558043925,0.747089947089947,"cz_human_kidney_v1.5"
"kidney_loop_of_Henle_thin_ascending_limb_epithelial_cell","EGR1","lm",218,79,NA,0.854196468733901,NA,"cv_r2",NA,NA,NA,NA,NA,"cz_human_kidney_v1.5"
"kidney_loop_of_Henle_thin_ascending_limb_epithelial_cell","EGR1","ridge",218,79,NA,0.892278154917072,NA,"cv_r2",NA,NA,NA,NA,NA,"cz_human_kidney_v1.5"
"kidney_loop_of_Henle_thin_ascending_limb_epithelial_cell","EGR1","spearman",218,79,NA,0.717480936671171,NA,"cv_r2",NA,NA,NA,NA,NA,"cz_human_kidney_v1.5"
"kidney_loop_of_Henle_thin_ascending_limb_epithelial_cell","ATF3","rf",218,79,0.915436733466383,0.913948350838758,NA,"oob_r2",-0.0221131518170809,0.0196078431372549,TRUE,0.793386346424321,0.706878306878307,"cz_human_kidney_v1.5"
"kidney_loop_of_Henle_thin_ascending_limb_epithelial_cell","ATF3","lm",218,79,NA,0.853167277460971,NA,"cv_r2",NA,NA,NA,NA,NA,"cz_human_kidney_v1.5"
"kidney_loop_of_Henle_thin_ascending_limb_epithelial_cell","ATF3","ridge",218,79,NA,0.890990793949926,NA,"cv_r2",NA,NA,NA,NA,NA,"cz_human_kidney_v1.5"
"kidney_loop_of_Henle_thin_ascending_limb_epithelial_cell","ATF3","spearman",218,79,NA,0.772286794890813,NA,"cv_r2",NA,NA,NA,NA,NA,"cz_human_kidney_v1.5"
"kidney_loop_of_Henle_thin_ascending_limb_epithelial_cell","PRDM1","rf",218,79,0.900363411252613,0.895747809451068,NA,"oob_r2",-0.0142654817427538,0.0196078431372549,TRUE,0.771601211727794,0.822222222222222,"cz_human_kidney_v1.5"
"kidney_loop_of_Henle_thin_ascending_limb_epithelial_cell","PRDM1","lm",218,79,NA,0.896405312317639,NA,"cv_r2",NA,NA,NA,NA,NA,"cz_human_kidney_v1.5"
"kidney_loop_of_Henle_thin_ascending_limb_epithelial_cell","PRDM1","ridge",218,79,NA,0.919064825003184,NA,"cv_r2",NA,NA,NA,NA,NA,"cz_human_kidney_v1.5"
"kidney_loop_of_Henle_thin_ascending_limb_epithelial_cell","PRDM1","spearman",218,79,NA,0.735593106874659,NA,"cv_r2",NA,NA,NA,NA,NA,"cz_human_kidney_v1.5"
"cytotoxic_T_cell","EGR1","rf",304,30,0.828937051819534,0.833713392390877,NA,"oob_r2",-0.0158799358178663,0.0196078431372549,TRUE,0.885897911259424,1,"cz_human_kidney_v1.5"
"cytotoxic_T_cell","EGR1","lm",304,30,NA,0.777409526792272,NA,"cv_r2",NA,NA,NA,NA,NA,"cz_human_kidney_v1.5"
"cytotoxic_T_cell","EGR1","ridge",304,30,NA,0.787027468056039,NA,"cv_r2",NA,NA,NA,NA,NA,"cz_human_kidney_v1.5"
"cytotoxic_T_cell","EGR1","spearman",304,30,NA,0.584486678360887,NA,"cv_r2",NA,NA,NA,NA,NA,"cz_human_kidney_v1.5"
"cytotoxic_T_cell","SMAD1","rf",304,30,0.852694338993946,0.853214409168821,NA,"oob_r2",-0.0249200377520082,0.0196078431372549,TRUE,0.863403781979978,0.785185185185185,"cz_human_kidney_v1.5"
"cytotoxic_T_cell","SMAD1","lm",304,30,NA,0.842395541317971,NA,"cv_r2",NA,NA,NA,NA,NA,"cz_human_kidney_v1.5"
"cytotoxic_T_cell","SMAD1","ridge",304,30,NA,0.846349489953839,NA,"cv_r2",NA,NA,NA,NA,NA,"cz_human_kidney_v1.5"
"cytotoxic_T_cell","SMAD1","spearman",304,30,NA,0.651613818385939,NA,"cv_r2",NA,NA,NA,NA,NA,"cz_human_kidney_v1.5"
"cytotoxic_T_cell","ZNF281","rf",304,30,0.824981812062971,0.823803493788785,NA,"oob_r2",-0.0334234735258154,0.0196078431372549,TRUE,0.894598937090594,0.73015873015873,"cz_human_kidney_v1.5"
"cytotoxic_T_cell","ZNF281","lm",304,30,NA,0.798410498791074,NA,"cv_r2",NA,NA,NA,NA,NA,"cz_human_kidney_v1.5"
"cytotoxic_T_cell","ZNF281","ridge",304,30,NA,0.805179827532869,NA,"cv_r2",NA,NA,NA,NA,NA,"cz_human_kidney_v1.5"
"cytotoxic_T_cell","ZNF281","spearman",304,30,NA,0.535921120628702,NA,"cv_r2",NA,NA,NA,NA,NA,"cz_human_kidney_v1.5"
"cytotoxic_T_cell","ETS1","rf",304,30,0.852628714666834,0.848543111923936,NA,"oob_r2",-0.0395572981739922,0.0196078431372549,TRUE,0.843964899270795,0.82962962962963,"cz_human_kidney_v1.5"
"cytotoxic_T_cell","ETS1","lm",304,30,NA,0.823329098144296,NA,"cv_r2",NA,NA,NA,NA,NA,"cz_human_kidney_v1.5"
"cytotoxic_T_cell","ETS1","ridge",304,30,NA,0.827828984518209,NA,"cv_r2",NA,NA,NA,NA,NA,"cz_human_kidney_v1.5"
"cytotoxic_T_cell","ETS1","spearman",304,30,NA,0.633692199726193,NA,"cv_r2",NA,NA,NA,NA,NA,"cz_human_kidney_v1.5"
"cytotoxic_T_cell","CCNT2","rf",304,30,0.821084015337524,0.829606060614533,NA,"oob_r2",-0.0190732110831032,0.0196078431372549,TRUE,0.867783957483624,0.881481481481482,"cz_human_kidney_v1.5"
"cytotoxic_T_cell","CCNT2","lm",304,30,NA,0.799588545288348,NA,"cv_r2",NA,NA,NA,NA,NA,"cz_human_kidney_v1.5"
"cytotoxic_T_cell","CCNT2","ridge",304,30,NA,0.804504309500479,NA,"cv_r2",NA,NA,NA,NA,NA,"cz_human_kidney_v1.5"
"cytotoxic_T_cell","CCNT2","spearman",304,30,NA,0.626660998902826,NA,"cv_r2",NA,NA,NA,NA,NA,"cz_human_kidney_v1.5"
"cytotoxic_T_cell","FOS","rf",304,30,0.73293478283174,0.725753507717357,NA,"oob_r2",-0.0366889524546845,0.0196078431372549,TRUE,0.864778148560129,1,"cz_human_kidney_v1.5"
"cytotoxic_T_cell","FOS","lm",304,30,NA,0.681398323005804,NA,"cv_r2",NA,NA,NA,NA,NA,"cz_human_kidney_v1.5"
"cytotoxic_T_cell","FOS","ridge",304,30,NA,0.692279711837603,NA,"cv_r2",NA,NA,NA,NA,NA,"cz_human_kidney_v1.5"
"cytotoxic_T_cell","FOS","spearman",304,30,NA,0.591218423512898,NA,"cv_r2",NA,NA,NA,NA,NA,"cz_human_kidney_v1.5"
"cytotoxic_T_cell","HEY1","rf",304,30,0.783959994679427,0.779644230029989,NA,"oob_r2",-0.0284819648594548,0.0196078431372549,TRUE,0.87891731553578,0.933333333333333,"cz_human_kidney_v1.5"
"cytotoxic_T_cell","HEY1","lm",304,30,NA,0.762365803331236,NA,"cv_r2",NA,NA,NA,NA,NA,"cz_human_kidney_v1.5"
"cytotoxic_T_cell","HEY1","ridge",304,30,NA,0.76758904502318,NA,"cv_r2",NA,NA,NA,NA,NA,"cz_human_kidney_v1.5"
"cytotoxic_T_cell","HEY1","spearman",304,30,NA,0.543636965874844,NA,"cv_r2",NA,NA,NA,NA,NA,"cz_human_kidney_v1.5"
"cytotoxic_T_cell","NR3C1","rf",304,30,0.870226946863595,0.865154777594282,NA,"oob_r2",-0.0285634311680584,0.0196078431372549,TRUE,0.899285626004202,0.933333333333333,"cz_human_kidney_v1.5"
"cytotoxic_T_cell","NR3C1","lm",304,30,NA,0.855693936921445,NA,"cv_r2",NA,NA,NA,NA,NA,"cz_human_kidney_v1.5"
"cytotoxic_T_cell","NR3C1","ridge",304,30,NA,0.85637627665049,NA,"cv_r2",NA,NA,NA,NA,NA,"cz_human_kidney_v1.5"
"cytotoxic_T_cell","NR3C1","spearman",304,30,NA,0.577492294740567,NA,"cv_r2",NA,NA,NA,NA,NA,"cz_human_kidney_v1.5"
"cytotoxic_T_cell","PATZ1","rf",304,30,0.847839133271536,0.842726917714171,NA,"oob_r2",-0.0246466320018957,0.0196078431372549,TRUE,0.885769373377827,0.762962962962963,"cz_human_kidney_v1.5"
"cytotoxic_T_cell","PATZ1","lm",304,30,NA,0.817525802339288,NA,"cv_r2",NA,NA,NA,NA,NA,"cz_human_kidney_v1.5"
"cytotoxic_T_cell","PATZ1","ridge",304,30,NA,0.820939641399936,NA,"cv_r2",NA,NA,NA,NA,NA,"cz_human_kidney_v1.5"
"cytotoxic_T_cell","PATZ1","spearman",304,30,NA,0.634402452870357,NA,"cv_r2",NA,NA,NA,NA,NA,"cz_human_kidney_v1.5"
"cytotoxic_T_cell","TFAP2A","rf",304,30,0.77647627401629,0.768960226594834,NA,"oob_r2",-0.017939772867814,0.0196078431372549,TRUE,0.880637745643307,1,"cz_human_kidney_v1.5"
"cytotoxic_T_cell","TFAP2A","lm",304,30,NA,0.724528589146552,NA,"cv_r2",NA,NA,NA,NA,NA,"cz_human_kidney_v1.5"
"cytotoxic_T_cell","TFAP2A","ridge",304,30,NA,0.737798518751261,NA,"cv_r2",NA,NA,NA,NA,NA,"cz_human_kidney_v1.5"
"cytotoxic_T_cell","TFAP2A","spearman",304,30,NA,0.530142847762357,NA,"cv_r2",NA,NA,NA,NA,NA,"cz_human_kidney_v1.5"
"cytotoxic_T_cell","ATF3","rf",304,30,0.808142865918206,0.803185632263255,NA,"oob_r2",-0.0266959990380612,0.0196078431372549,TRUE,0.894638487208009,0.881481481481481,"cz_human_kidney_v1.5"
"cytotoxic_T_cell","ATF3","lm",304,30,NA,0.752932855274503,NA,"cv_r2",NA,NA,NA,NA,NA,"cz_human_kidney_v1.5"
"cytotoxic_T_cell","ATF3","ridge",304,30,NA,0.756108316386674,NA,"cv_r2",NA,NA,NA,NA,NA,"cz_human_kidney_v1.5"
"cytotoxic_T_cell","ATF3","spearman",304,30,NA,0.645075517258762,NA,"cv_r2",NA,NA,NA,NA,NA,"cz_human_kidney_v1.5"
"cytotoxic_T_cell","REL","rf",304,30,0.841901813467898,0.840881100979787,NA,"oob_r2",-0.0342273140560708,0.0196078431372549,TRUE,0.897713508836979,0.933333333333333,"cz_human_kidney_v1.5"
"cytotoxic_T_cell","REL","lm",304,30,NA,0.791923114856965,NA,"cv_r2",NA,NA,NA,NA,NA,"cz_human_kidney_v1.5"
"cytotoxic_T_cell","REL","ridge",304,30,NA,0.797311440696001,NA,"cv_r2",NA,NA,NA,NA,NA,"cz_human_kidney_v1.5"
"cytotoxic_T_cell","REL","spearman",304,30,NA,0.590003807367497,NA,"cv_r2",NA,NA,NA,NA,NA,"cz_human_kidney_v1.5"
"cytotoxic_T_cell","KLF12","rf",304,30,0.809570276751417,0.815110891961868,NA,"oob_r2",-0.0184386026742811,0.0196078431372549,TRUE,0.886768013842541,0.822222222222222,"cz_human_kidney_v1.5"
"cytotoxic_T_cell","KLF12","lm",304,30,NA,0.795977853600971,NA,"cv_r2",NA,NA,NA,NA,NA,"cz_human_kidney_v1.5"
"cytotoxic_T_cell","KLF12","ridge",304,30,NA,0.801040552935075,NA,"cv_r2",NA,NA,NA,NA,NA,"cz_human_kidney_v1.5"
"cytotoxic_T_cell","KLF12","spearman",304,30,NA,0.589312869885049,NA,"cv_r2",NA,NA,NA,NA,NA,"cz_human_kidney_v1.5"
"cytotoxic_T_cell","ZNF467","rf",304,30,0.848188752100334,0.837023633492177,NA,"oob_r2",-0.0418590958306711,0.0196078431372549,TRUE,0.884147818563836,0.933333333333333,"cz_human_kidney_v1.5"
"cytotoxic_T_cell","ZNF467","lm",304,30,NA,0.820502215237542,NA,"cv_r2",NA,NA,NA,NA,NA,"cz_human_kidney_v1.5"
"cytotoxic_T_cell","ZNF467","ridge",304,30,NA,0.820412865227612,NA,"cv_r2",NA,NA,NA,NA,NA,"cz_human_kidney_v1.5"
"cytotoxic_T_cell","ZNF467","spearman",304,30,NA,0.70026625070638,NA,"cv_r2",NA,NA,NA,NA,NA,"cz_human_kidney_v1.5"
"cytotoxic_T_cell","EBF1","rf",304,30,0.849327146295638,0.848792851369887,NA,"oob_r2",-0.0452460485792871,0.0196078431372549,TRUE,0.896833518724509,0.785185185185185,"cz_human_kidney_v1.5"
"cytotoxic_T_cell","EBF1","lm",304,30,NA,0.8398301796055,NA,"cv_r2",NA,NA,NA,NA,NA,"cz_human_kidney_v1.5"
"cytotoxic_T_cell","EBF1","ridge",304,30,NA,0.836215552920845,NA,"cv_r2",NA,NA,NA,NA,NA,"cz_human_kidney_v1.5"
"cytotoxic_T_cell","EBF1","spearman",304,30,NA,0.773140920587469,NA,"cv_r2",NA,NA,NA,NA,NA,"cz_human_kidney_v1.5"
"cytotoxic_T_cell","PPARGC1A","rf",304,30,0.863202628651301,0.865584237828988,NA,"oob_r2",-0.0311800100880812,0.0196078431372549,TRUE,0.909153380299098,0.822222222222222,"cz_human_kidney_v1.5"
"cytotoxic_T_cell","PPARGC1A","lm",304,30,NA,0.841681085409489,NA,"cv_r2",NA,NA,NA,NA,NA,"cz_human_kidney_v1.5"
"cytotoxic_T_cell","PPARGC1A","ridge",304,30,NA,0.838690259162021,NA,"cv_r2",NA,NA,NA,NA,NA,"cz_human_kidney_v1.5"
"cytotoxic_T_cell","PPARGC1A","spearman",304,30,NA,0.74473607506765,NA,"cv_r2",NA,NA,NA,NA,NA,"cz_human_kidney_v1.5"
"cytotoxic_T_cell","SIN3A","rf",304,30,0.820731801615027,0.811490959396428,NA,"oob_r2",-0.0196390298808232,0.0196078431372549,TRUE,0.813422321097516,0.844444444444444,"cz_human_kidney_v1.5"
"cytotoxic_T_cell","SIN3A","lm",304,30,NA,0.820079898694651,NA,"cv_r2",NA,NA,NA,NA,NA,"cz_human_kidney_v1.5"
"cytotoxic_T_cell","SIN3A","ridge",304,30,NA,0.818415449688907,NA,"cv_r2",NA,NA,NA,NA,NA,"cz_human_kidney_v1.5"
"cytotoxic_T_cell","SIN3A","spearman",304,30,NA,0.653280475649531,NA,"cv_r2",NA,NA,NA,NA,NA,"cz_human_kidney_v1.5"
"cytotoxic_T_cell","STAT1","rf",304,30,0.801740172135333,0.79850337316632,NA,"oob_r2",-0.0172427163297276,0.0196078431372549,TRUE,0.89236435545668,0.77037037037037,"cz_human_kidney_v1.5"
"cytotoxic_T_cell","STAT1","lm",304,30,NA,0.795698829828147,NA,"cv_r2",NA,NA,NA,NA,NA,"cz_human_kidney_v1.5"
"cytotoxic_T_cell","STAT1","ridge",304,30,NA,0.799823233231336,NA,"cv_r2",NA,NA,NA,NA,NA,"cz_human_kidney_v1.5"
"cytotoxic_T_cell","STAT1","spearman",304,30,NA,0.611743671672847,NA,"cv_r2",NA,NA,NA,NA,NA,"cz_human_kidney_v1.5"
"cytotoxic_T_cell","ZBTB33","rf",304,30,0.736207606440027,0.738364513081131,NA,"oob_r2",-0.0210387207011207,0.0196078431372549,TRUE,0.882506488691138,1,"cz_human_kidney_v1.5"
"cytotoxic_T_cell","ZBTB33","lm",304,30,NA,0.691521373455099,NA,"cv_r2",NA,NA,NA,NA,NA,"cz_human_kidney_v1.5"
"cytotoxic_T_cell","ZBTB33","ridge",304,30,NA,0.702171160011224,NA,"cv_r2",NA,NA,NA,NA,NA,"cz_human_kidney_v1.5"
"cytotoxic_T_cell","ZBTB33","spearman",304,30,NA,0.509470543589167,NA,"cv_r2",NA,NA,NA,NA,NA,"cz_human_kidney_v1.5"
"cytotoxic_T_cell","PAX8","rf",304,30,0.761014987625808,0.757287411703298,NA,"oob_r2",-0.0194323547918634,0.0196078431372549,TRUE,0.900887405759486,0.785185185185185,"cz_human_kidney_v1.5"
"cytotoxic_T_cell","PAX8","lm",304,30,NA,0.732524902239718,NA,"cv_r2",NA,NA,NA,NA,NA,"cz_human_kidney_v1.5"
"cytotoxic_T_cell","PAX8","ridge",304,30,NA,0.737139424673761,NA,"cv_r2",NA,NA,NA,NA,NA,"cz_human_kidney_v1.5"
"cytotoxic_T_cell","PAX8","spearman",304,30,NA,0.64021421329852,NA,"cv_r2",NA,NA,NA,NA,NA,"cz_human_kidney_v1.5"
"cytotoxic_T_cell","NFE2","rf",304,30,0.742533433306927,0.734012321008944,NA,"oob_r2",-0.026419662576823,0.0196078431372549,TRUE,0.886471387961933,0.933333333333333,"cz_human_kidney_v1.5"
"cytotoxic_T_cell","NFE2","lm",304,30,NA,0.717657078735714,NA,"cv_r2",NA,NA,NA,NA,NA,"cz_human_kidney_v1.5"
"cytotoxic_T_cell","NFE2","ridge",304,30,NA,0.722188680921251,NA,"cv_r2",NA,NA,NA,NA,NA,"cz_human_kidney_v1.5"
"cytotoxic_T_cell","NFE2","spearman",304,30,NA,0.491694578426017,NA,"cv_r2",NA,NA,NA,NA,NA,"cz_human_kidney_v1.5"
"cytotoxic_T_cell","KLF2","rf",304,30,0.672847989355939,0.659651658847359,NA,"oob_r2",-0.0265269980020506,0.0196078431372549,TRUE,0.93163762204919,0.628835978835979,"cz_human_kidney_v1.5"
"cytotoxic_T_cell","KLF2","lm",304,30,NA,0.65814844276066,NA,"cv_r2",NA,NA,NA,NA,NA,"cz_human_kidney_v1.5"
"cytotoxic_T_cell","KLF2","ridge",304,30,NA,0.663639394344624,NA,"cv_r2",NA,NA,NA,NA,NA,"cz_human_kidney_v1.5"
"cytotoxic_T_cell","KLF2","spearman",304,30,NA,0.38032128282261,NA,"cv_r2",NA,NA,NA,NA,NA,"cz_human_kidney_v1.5"
"cytotoxic_T_cell","ZNF740","rf",304,30,0.869310313435748,0.866518610532939,NA,"oob_r2",-0.0322907758834374,0.0196078431372549,TRUE,0.902449635397355,1,"cz_human_kidney_v1.5"
"cytotoxic_T_cell","ZNF740","lm",304,30,NA,0.882058319729369,NA,"cv_r2",NA,NA,NA,NA,NA,"cz_human_kidney_v1.5"
"cytotoxic_T_cell","ZNF740","ridge",304,30,NA,0.875833828900043,NA,"cv_r2",NA,NA,NA,NA,NA,"cz_human_kidney_v1.5"
"cytotoxic_T_cell","ZNF740","spearman",304,30,NA,0.773182665347111,NA,"cv_r2",NA,NA,NA,NA,NA,"cz_human_kidney_v1.5"
"cytotoxic_T_cell","ID2","rf",304,30,0.784115625537255,0.78866045552277,NA,"oob_r2",-0.0557334195209008,0.0196078431372549,TRUE,0.913286367568904,1,"cz_human_kidney_v1.5"
"cytotoxic_T_cell","ID2","lm",304,30,NA,0.733152976975859,NA,"cv_r2",NA,NA,NA,NA,NA,"cz_human_kidney_v1.5"
"cytotoxic_T_cell","ID2","ridge",304,30,NA,0.739797601135554,NA,"cv_r2",NA,NA,NA,NA,NA,"cz_human_kidney_v1.5"
"cytotoxic_T_cell","ID2","spearman",304,30,NA,0.512553824033189,NA,"cv_r2",NA,NA,NA,NA,NA,"cz_human_kidney_v1.5"
"cytotoxic_T_cell","NFKB1","rf",304,30,0.812530826056413,0.817447250280022,NA,"oob_r2",-0.039066763014369,0.0196078431372549,TRUE,0.895736002966259,0.82962962962963,"cz_human_kidney_v1.5"
"cytotoxic_T_cell","NFKB1","lm",304,30,NA,0.766591637058615,NA,"cv_r2",NA,NA,NA,NA,NA,"cz_human_kidney_v1.5"
"cytotoxic_T_cell","NFKB1","ridge",304,30,NA,0.772859580757198,NA,"cv_r2",NA,NA,NA,NA,NA,"cz_human_kidney_v1.5"
"cytotoxic_T_cell","NFKB1","spearman",304,30,NA,0.604365624522822,NA,"cv_r2",NA,NA,NA,NA,NA,"cz_human_kidney_v1.5"
"cytotoxic_T_cell","CREB1","rf",304,30,0.821588018437928,0.81957712787345,NA,"oob_r2",-0.0324618981791315,0.0196078431372549,TRUE,0.940467185761958,0.77037037037037,"cz_human_kidney_v1.5"
"cytotoxic_T_cell","CREB1","lm",304,30,NA,0.807096001672332,NA,"cv_r2",NA,NA,NA,NA,NA,"cz_human_kidney_v1.5"
"cytotoxic_T_cell","CREB1","ridge",304,30,NA,0.800587417114807,NA,"cv_r2",NA,NA,NA,NA,NA,"cz_human_kidney_v1.5"
"cytotoxic_T_cell","CREB1","spearman",304,30,NA,0.652279555476585,NA,"cv_r2",NA,NA,NA,NA,NA,"cz_human_kidney_v1.5"
"cytotoxic_T_cell","NPAS2","rf",304,30,0.728206502236552,0.733662817225982,NA,"oob_r2",-0.0260014878568285,0.0196078431372549,TRUE,0.889318996415771,0.82962962962963,"cz_human_kidney_v1.5"
"cytotoxic_T_cell","NPAS2","lm",304,30,NA,0.668848290011392,NA,"cv_r2",NA,NA,NA,NA,NA,"cz_human_kidney_v1.5"
"cytotoxic_T_cell","NPAS2","ridge",304,30,NA,0.681914357733925,NA,"cv_r2",NA,NA,NA,NA,NA,"cz_human_kidney_v1.5"
"cytotoxic_T_cell","NPAS2","spearman",304,30,NA,0.458819390195398,NA,"cv_r2",NA,NA,NA,NA,NA,"cz_human_kidney_v1.5"
"cytotoxic_T_cell","HES1","rf",304,30,0.728808073720616,0.73065149790755,NA,"oob_r2",-0.0272891072937038,0.0196078431372549,TRUE,0.935948584847361,0.933333333333333,"cz_human_kidney_v1.5"
"cytotoxic_T_cell","HES1","lm",304,30,NA,0.689979110250121,NA,"cv_r2",NA,NA,NA,NA,NA,"cz_human_kidney_v1.5"
"cytotoxic_T_cell","HES1","ridge",304,30,NA,0.703697620078162,NA,"cv_r2",NA,NA,NA,NA,NA,"cz_human_kidney_v1.5"
"cytotoxic_T_cell","HES1","spearman",304,30,NA,0.539305361956165,NA,"cv_r2",NA,NA,NA,NA,NA,"cz_human_kidney_v1.5"
"cytotoxic_T_cell","TFAP2B","rf",304,30,0.806966537160946,0.805267351030812,NA,"oob_r2",-0.0371401227048955,0.0196078431372549,TRUE,0.910765047583735,1,"cz_human_kidney_v1.5"
"cytotoxic_T_cell","TFAP2B","lm",304,30,NA,0.798391516764088,NA,"cv_r2",NA,NA,NA,NA,NA,"cz_human_kidney_v1.5"
"cytotoxic_T_cell","TFAP2B","ridge",304,30,NA,0.803232875258305,NA,"cv_r2",NA,NA,NA,NA,NA,"cz_human_kidney_v1.5"
"cytotoxic_T_cell","TFAP2B","spearman",304,30,NA,0.634681250786691,NA,"cv_r2",NA,NA,NA,NA,NA,"cz_human_kidney_v1.5"
"cytotoxic_T_cell","ID3","rf",304,30,0.752369554782,0.757554281078694,NA,"oob_r2",-0.018239601761817,0.0196078431372549,TRUE,0.903982202447164,0.933333333333333,"cz_human_kidney_v1.5"
"cytotoxic_T_cell","ID3","lm",304,30,NA,0.708085953294559,NA,"cv_r2",NA,NA,NA,NA,NA,"cz_human_kidney_v1.5"
"cytotoxic_T_cell","ID3","ridge",304,30,NA,0.723149437805348,NA,"cv_r2",NA,NA,NA,NA,NA,"cz_human_kidney_v1.5"
"cytotoxic_T_cell","ID3","spearman",304,30,NA,0.5808024742684,NA,"cv_r2",NA,NA,NA,NA,NA,"cz_human_kidney_v1.5"
"cytotoxic_T_cell","PRDM5","rf",304,30,0.829871447759931,0.822762178533013,NA,"oob_r2",-0.0284281820544607,0.0196078431372549,TRUE,0.911496724755902,0.868783068783069,"cz_human_kidney_v1.5"
"cytotoxic_T_cell","PRDM5","lm",304,30,NA,0.827648486597885,NA,"cv_r2",NA,NA,NA,NA,NA,"cz_human_kidney_v1.5"
"cytotoxic_T_cell","PRDM5","ridge",304,30,NA,0.820692007037519,NA,"cv_r2",NA,NA,NA,NA,NA,"cz_human_kidney_v1.5"
"cytotoxic_T_cell","PRDM5","spearman",304,30,NA,0.645782010195614,NA,"cv_r2",NA,NA,NA,NA,NA,"cz_human_kidney_v1.5"
"cytotoxic_T_cell","BRCA1","rf",304,30,0.745319680418699,0.742939237577863,NA,"oob_r2",-0.0357772878788118,0.0196078431372549,TRUE,0.883653442096156,0.712169312169312,"cz_human_kidney_v1.5"
"cytotoxic_T_cell","BRCA1","lm",304,30,NA,0.725355678947297,NA,"cv_r2",NA,NA,NA,NA,NA,"cz_human_kidney_v1.5"
"cytotoxic_T_cell","BRCA1","ridge",304,30,NA,0.736330341005146,NA,"cv_r2",NA,NA,NA,NA,NA,"cz_human_kidney_v1.5"
"cytotoxic_T_cell","BRCA1","spearman",304,30,NA,0.501524920991891,NA,"cv_r2",NA,NA,NA,NA,NA,"cz_human_kidney_v1.5"
"cytotoxic_T_cell","CHD2","rf",304,30,0.73573047166616,0.735420198923334,NA,"oob_r2",-0.0346738292368588,0.0196078431372549,TRUE,0.886807563959956,1,"cz_human_kidney_v1.5"
"cytotoxic_T_cell","CHD2","lm",304,30,NA,0.678791410186439,NA,"cv_r2",NA,NA,NA,NA,NA,"cz_human_kidney_v1.5"
"cytotoxic_T_cell","CHD2","ridge",304,30,NA,0.691439381078829,NA,"cv_r2",NA,NA,NA,NA,NA,"cz_human_kidney_v1.5"
"cytotoxic_T_cell","CHD2","spearman",304,30,NA,0.477882981096272,NA,"cv_r2",NA,NA,NA,NA,NA,"cz_human_kidney_v1.5"
"cytotoxic_T_cell","PLAG1","rf",304,30,0.736221423118663,0.751685085237888,NA,"oob_r2",-0.0306564776146659,0.0196078431372549,TRUE,0.85748115189717,0.8,"cz_human_kidney_v1.5"
"cytotoxic_T_cell","PLAG1","lm",304,30,NA,0.687283691278875,NA,"cv_r2",NA,NA,NA,NA,NA,"cz_human_kidney_v1.5"
"cytotoxic_T_cell","PLAG1","ridge",304,30,NA,0.70615483189469,NA,"cv_r2",NA,NA,NA,NA,NA,"cz_human_kidney_v1.5"
"cytotoxic_T_cell","PLAG1","spearman",304,30,NA,0.521903559586862,NA,"cv_r2",NA,NA,NA,NA,NA,"cz_human_kidney_v1.5"
"cytotoxic_T_cell","E2F3","rf",304,30,0.813863798979644,0.813663250035983,NA,"oob_r2",-0.016982312123455,0.0196078431372549,TRUE,0.898860462241997,0.747089947089947,"cz_human_kidney_v1.5"
"cytotoxic_T_cell","E2F3","lm",304,30,NA,0.78377625438209,NA,"cv_r2",NA,NA,NA,NA,NA,"cz_human_kidney_v1.5"
"cytotoxic_T_cell","E2F3","ridge",304,30,NA,0.788546440176531,NA,"cv_r2",NA,NA,NA,NA,NA,"cz_human_kidney_v1.5"
"cytotoxic_T_cell","E2F3","spearman",304,30,NA,0.644296607011601,NA,"cv_r2",NA,NA,NA,NA,NA,"cz_human_kidney_v1.5"
"cytotoxic_T_cell","MXI1","rf",304,30,0.776268988039506,0.761086167887136,NA,"oob_r2",-0.0321217197692562,0.0196078431372549,TRUE,0.919772586824867,0.82962962962963,"cz_human_kidney_v1.5"
"cytotoxic_T_cell","MXI1","lm",304,30,NA,0.737815362643011,NA,"cv_r2",NA,NA,NA,NA,NA,"cz_human_kidney_v1.5"
"cytotoxic_T_cell","MXI1","ridge",304,30,NA,0.732230045304028,NA,"cv_r2",NA,NA,NA,NA,NA,"cz_human_kidney_v1.5"
"cytotoxic_T_cell","MXI1","spearman",304,30,NA,0.561629346631622,NA,"cv_r2",NA,NA,NA,NA,NA,"cz_human_kidney_v1.5"
"cytotoxic_T_cell","ERF","rf",304,30,0.776141082349366,0.776089999599983,NA,"oob_r2",-0.023733981618561,0.0196078431372549,TRUE,0.88734149054505,0.933333333333333,"cz_human_kidney_v1.5"
"cytotoxic_T_cell","ERF","lm",304,30,NA,0.71958165407092,NA,"cv_r2",NA,NA,NA,NA,NA,"cz_human_kidney_v1.5"
"cytotoxic_T_cell","ERF","ridge",304,30,NA,0.734460024191582,NA,"cv_r2",NA,NA,NA,NA,NA,"cz_human_kidney_v1.5"
"cytotoxic_T_cell","ERF","spearman",304,30,NA,0.623211323732648,NA,"cv_r2",NA,NA,NA,NA,NA,"cz_human_kidney_v1.5"
"cytotoxic_T_cell","FOXI1","rf",304,30,0.778187058605408,0.761747386204358,NA,"oob_r2",-0.0443778631963581,0.0196078431372549,TRUE,0.885284884439501,0.816931216931217,"cz_human_kidney_v1.5"
"cytotoxic_T_cell","FOXI1","lm",304,30,NA,0.713309139643594,NA,"cv_r2",NA,NA,NA,NA,NA,"cz_human_kidney_v1.5"
"cytotoxic_T_cell","FOXI1","ridge",304,30,NA,0.717540701032341,NA,"cv_r2",NA,NA,NA,NA,NA,"cz_human_kidney_v1.5"
"cytotoxic_T_cell","FOXI1","spearman",304,30,NA,0.629555809686442,NA,"cv_r2",NA,NA,NA,NA,NA,"cz_human_kidney_v1.5"
"cytotoxic_T_cell","KLF6","rf",304,30,0.733062631085644,0.727654211974685,NA,"oob_r2",-0.035147766443093,0.0196078431372549,TRUE,0.910577184526017,0.82962962962963,"cz_human_kidney_v1.5"
"cytotoxic_T_cell","KLF6","lm",304,30,NA,0.714117207322804,NA,"cv_r2",NA,NA,NA,NA,NA,"cz_human_kidney_v1.5"
"cytotoxic_T_cell","KLF6","ridge",304,30,NA,0.713570194816648,NA,"cv_r2",NA,NA,NA,NA,NA,"cz_human_kidney_v1.5"
"cytotoxic_T_cell","KLF6","spearman",304,30,NA,0.573765539443367,NA,"cv_r2",NA,NA,NA,NA,NA,"cz_human_kidney_v1.5"
"cytotoxic_T_cell","BCLAF1","rf",304,30,0.717447605395747,0.715452496993996,NA,"oob_r2",-0.0258372293775023,0.0196078431372549,TRUE,0.884602644914102,0.762962962962963,"cz_human_kidney_v1.5"
"cytotoxic_T_cell","BCLAF1","lm",304,30,NA,0.689799762996763,NA,"cv_r2",NA,NA,NA,NA,NA,"cz_human_kidney_v1.5"
"cytotoxic_T_cell","BCLAF1","ridge",304,30,NA,0.690942085286586,NA,"cv_r2",NA,NA,NA,NA,NA,"cz_human_kidney_v1.5"
"cytotoxic_T_cell","BCLAF1","spearman",304,30,NA,0.438719721031732,NA,"cv_r2",NA,NA,NA,NA,NA,"cz_human_kidney_v1.5"
"cytotoxic_T_cell","BCL3","rf",304,30,0.78032263049423,0.774765276175076,NA,"oob_r2",-0.0345692972108397,0.0196078431372549,TRUE,0.922056606105549,0.785185185185185,"cz_human_kidney_v1.5"
"cytotoxic_T_cell","BCL3","lm",304,30,NA,0.734278767505347,NA,"cv_r2",NA,NA,NA,NA,NA,"cz_human_kidney_v1.5"
"cytotoxic_T_cell","BCL3","ridge",304,30,NA,0.735878398908249,NA,"cv_r2",NA,NA,NA,NA,NA,"cz_human_kidney_v1.5"
"cytotoxic_T_cell","BCL3","spearman",304,30,NA,0.526026395013208,NA,"cv_r2",NA,NA,NA,NA,NA,"cz_human_kidney_v1.5"
"cytotoxic_T_cell","MYBL1","rf",304,30,0.768764777119191,0.768813283597467,NA,"oob_r2",-0.0448014827359112,0.0196078431372549,TRUE,0.926377456433074,0.785185185185185,"cz_human_kidney_v1.5"
"cytotoxic_T_cell","MYBL1","lm",304,30,NA,0.754772230054558,NA,"cv_r2",NA,NA,NA,NA,NA,"cz_human_kidney_v1.5"
"cytotoxic_T_cell","MYBL1","ridge",304,30,NA,0.745922833426266,NA,"cv_r2",NA,NA,NA,NA,NA,"cz_human_kidney_v1.5"
"cytotoxic_T_cell","MYBL1","spearman",304,30,NA,0.599824328394879,NA,"cv_r2",NA,NA,NA,NA,NA,"cz_human_kidney_v1.5"
"cytotoxic_T_cell","ZNF331","rf",304,30,0.802425735606686,0.808748151223082,NA,"oob_r2",-0.0295810202791614,0.0196078431372549,TRUE,0.87976764306019,0.77037037037037,"cz_human_kidney_v1.5"
"cytotoxic_T_cell","ZNF331","lm",304,30,NA,0.79531765229726,NA,"cv_r2",NA,NA,NA,NA,NA,"cz_human_kidney_v1.5"
"cytotoxic_T_cell","ZNF331","ridge",304,30,NA,0.786961421655417,NA,"cv_r2",NA,NA,NA,NA,NA,"cz_human_kidney_v1.5"
"cytotoxic_T_cell","ZNF331","spearman",304,30,NA,0.695641667786115,NA,"cv_r2",NA,NA,NA,NA,NA,"cz_human_kidney_v1.5"
"cytotoxic_T_cell","ATF5","rf",304,30,0.756880971350414,0.745298652592462,NA,"oob_r2",-0.0386073478909269,0.0196078431372549,TRUE,0.891336052403906,1,"cz_human_kidney_v1.5"
"cytotoxic_T_cell","ATF5","lm",304,30,NA,0.630488155051556,NA,"cv_r2",NA,NA,NA,NA,NA,"cz_human_kidney_v1.5"
"cytotoxic_T_cell","ATF5","ridge",304,30,NA,0.651954285808535,NA,"cv_r2",NA,NA,NA,NA,NA,"cz_human_kidney_v1.5"
"cytotoxic_T_cell","ATF5","spearman",304,30,NA,0.554652167240983,NA,"cv_r2",NA,NA,NA,NA,NA,"cz_human_kidney_v1.5"
"cytotoxic_T_cell","NR4A2","rf",304,30,0.730764561569196,0.735847377295294,NA,"oob_r2",-0.0313762104821647,0.0196078431372549,TRUE,0.921552342108516,0.933333333333333,"cz_human_kidney_v1.5"
"cytotoxic_T_cell","NR4A2","lm",304,30,NA,0.744301696580189,NA,"cv_r2",NA,NA,NA,NA,NA,"cz_human_kidney_v1.5"
"cytotoxic_T_cell","NR4A2","ridge",304,30,NA,0.74108769779248,NA,"cv_r2",NA,NA,NA,NA,NA,"cz_human_kidney_v1.5"
"cytotoxic_T_cell","NR4A2","spearman",304,30,NA,0.432141372528408,NA,"cv_r2",NA,NA,NA,NA,NA,"cz_human_kidney_v1.5"
"cytotoxic_T_cell","EGR2","rf",304,30,0.781603581006358,0.755093368030036,NA,"oob_r2",-0.0272477826902385,0.0196078431372549,TRUE,0.886214312198739,0.933333333333333,"cz_human_kidney_v1.5"
"cytotoxic_T_cell","EGR2","lm",304,30,NA,0.727751920742956,NA,"cv_r2",NA,NA,NA,NA,NA,"cz_human_kidney_v1.5"
"cytotoxic_T_cell","EGR2","ridge",304,30,NA,0.725082015680355,NA,"cv_r2",NA,NA,NA,NA,NA,"cz_human_kidney_v1.5"
"cytotoxic_T_cell","EGR2","spearman",304,30,NA,0.447436031692189,NA,"cv_r2",NA,NA,NA,NA,NA,"cz_human_kidney_v1.5"
"cytotoxic_T_cell","HIC1","rf",304,30,0.696581378943143,0.708594790908338,NA,"oob_r2",-0.0484278365413335,0.0196078431372549,TRUE,0.89785193424793,0.762962962962963,"cz_human_kidney_v1.5"
"cytotoxic_T_cell","HIC1","lm",304,30,NA,0.575379383690209,NA,"cv_r2",NA,NA,NA,NA,NA,"cz_human_kidney_v1.5"
"cytotoxic_T_cell","HIC1","ridge",304,30,NA,0.586497655938884,NA,"cv_r2",NA,NA,NA,NA,NA,"cz_human_kidney_v1.5"
"cytotoxic_T_cell","HIC1","spearman",304,30,NA,0.463690093399658,NA,"cv_r2",NA,NA,NA,NA,NA,"cz_human_kidney_v1.5"
"cytotoxic_T_cell","JUND","rf",304,30,0.846949187909702,0.841251426706941,NA,"oob_r2",-0.0308618233028514,0.0196078431372549,TRUE,0.88830058089235,0.933333333333333,"cz_human_kidney_v1.5"
"cytotoxic_T_cell","JUND","lm",304,30,NA,0.838640419457148,NA,"cv_r2",NA,NA,NA,NA,NA,"cz_human_kidney_v1.5"
"cytotoxic_T_cell","JUND","ridge",304,30,NA,0.839879861046617,NA,"cv_r2",NA,NA,NA,NA,NA,"cz_human_kidney_v1.5"
"cytotoxic_T_cell","JUND","spearman",304,30,NA,0.705507095734531,NA,"cv_r2",NA,NA,NA,NA,NA,"cz_human_kidney_v1.5"
"cytotoxic_T_cell","BCL11B","rf",304,30,0.780503821827286,0.781315837908244,NA,"oob_r2",-0.0444374160548897,0.0196078431372549,TRUE,0.906899023606476,0.711111111111111,"cz_human_kidney_v1.5"
"cytotoxic_T_cell","BCL11B","lm",304,30,NA,0.757764456816869,NA,"cv_r2",NA,NA,NA,NA,NA,"cz_human_kidney_v1.5"
"cytotoxic_T_cell","BCL11B","ridge",304,30,NA,0.750731298009346,NA,"cv_r2",NA,NA,NA,NA,NA,"cz_human_kidney_v1.5"
"cytotoxic_T_cell","BCL11B","spearman",304,30,NA,0.641744796580949,NA,"cv_r2",NA,NA,NA,NA,NA,"cz_human_kidney_v1.5"
"cytotoxic_T_cell","TCF21","rf",304,30,0.824322223907655,0.826213628867319,NA,"oob_r2",-0.0135853769960425,0.0196078431372549,TRUE,0.901332344580398,0.785185185185185,"cz_human_kidney_v1.5"
"cytotoxic_T_cell","TCF21","lm",304,30,NA,0.794707724183765,NA,"cv_r2",NA,NA,NA,NA,NA,"cz_human_kidney_v1.5"
"cytotoxic_T_cell","TCF21","ridge",304,30,NA,0.794662385600237,NA,"cv_r2",NA,NA,NA,NA,NA,"cz_human_kidney_v1.5"
"cytotoxic_T_cell","TCF21","spearman",304,30,NA,0.692557647580197,NA,"cv_r2",NA,NA,NA,NA,NA,"cz_human_kidney_v1.5"
"cytotoxic_T_cell","MAFF","rf",304,30,0.623850241887578,0.61666283663634,NA,"oob_r2",-0.0181576360883632,0.0196078431372549,TRUE,0.890238536645656,0.755555555555556,"cz_human_kidney_v1.5"
"cytotoxic_T_cell","MAFF","lm",304,30,NA,0.55949653650516,NA,"cv_r2",NA,NA,NA,NA,NA,"cz_human_kidney_v1.5"
"cytotoxic_T_cell","MAFF","ridge",304,30,NA,0.567127066024829,NA,"cv_r2",NA,NA,NA,NA,NA,"cz_human_kidney_v1.5"
"cytotoxic_T_cell","MAFF","spearman",304,30,NA,0.338326060210777,NA,"cv_r2",NA,NA,NA,NA,NA,"cz_human_kidney_v1.5"
"cytotoxic_T_cell","NR3C2","rf",304,30,0.734637012898242,0.752040273898779,NA,"oob_r2",-0.0522097028219728,0.0196078431372549,TRUE,0.896111729081696,0.822222222222222,"cz_human_kidney_v1.5"
"cytotoxic_T_cell","NR3C2","lm",304,30,NA,0.691859456945954,NA,"cv_r2",NA,NA,NA,NA,NA,"cz_human_kidney_v1.5"
"cytotoxic_T_cell","NR3C2","ridge",304,30,NA,0.700595796366948,NA,"cv_r2",NA,NA,NA,NA,NA,"cz_human_kidney_v1.5"
"cytotoxic_T_cell","NR3C2","spearman",304,30,NA,0.568602430686875,NA,"cv_r2",NA,NA,NA,NA,NA,"cz_human_kidney_v1.5"
"cytotoxic_T_cell","FOXN3","rf",304,30,0.676929739503619,0.676704313210514,NA,"oob_r2",-0.0211341848423429,0.0196078431372549,TRUE,0.913662093684341,0.8,"cz_human_kidney_v1.5"
"cytotoxic_T_cell","FOXN3","lm",304,30,NA,0.566054785905246,NA,"cv_r2",NA,NA,NA,NA,NA,"cz_human_kidney_v1.5"
"cytotoxic_T_cell","FOXN3","ridge",304,30,NA,0.567387507995185,NA,"cv_r2",NA,NA,NA,NA,NA,"cz_human_kidney_v1.5"
"cytotoxic_T_cell","FOXN3","spearman",304,30,NA,0.360598754120973,NA,"cv_r2",NA,NA,NA,NA,NA,"cz_human_kidney_v1.5"
"cytotoxic_T_cell","FOXO3","rf",304,30,0.698788413376581,0.675295248107736,NA,"oob_r2",-0.0303242726246254,0.0196078431372549,TRUE,0.89711036954641,1,"cz_human_kidney_v1.5"
"cytotoxic_T_cell","FOXO3","lm",304,30,NA,0.666101348679965,NA,"cv_r2",NA,NA,NA,NA,NA,"cz_human_kidney_v1.5"
"cytotoxic_T_cell","FOXO3","ridge",304,30,NA,0.676800169595834,NA,"cv_r2",NA,NA,NA,NA,NA,"cz_human_kidney_v1.5"
"cytotoxic_T_cell","FOXO3","spearman",304,30,NA,0.494706346403016,NA,"cv_r2",NA,NA,NA,NA,NA,"cz_human_kidney_v1.5"
"cytotoxic_T_cell","NR4A3","rf",304,30,0.782633363627874,0.779908242746358,NA,"oob_r2",-0.0336627098455922,0.0196078431372549,TRUE,0.864649610678532,0.933333333333333,"cz_human_kidney_v1.5"
"cytotoxic_T_cell","NR4A3","lm",304,30,NA,0.764746113961179,NA,"cv_r2",NA,NA,NA,NA,NA,"cz_human_kidney_v1.5"
"cytotoxic_T_cell","NR4A3","ridge",304,30,NA,0.76742477848061,NA,"cv_r2",NA,NA,NA,NA,NA,"cz_human_kidney_v1.5"
"cytotoxic_T_cell","NR4A3","spearman",304,30,NA,0.610584742531794,NA,"cv_r2",NA,NA,NA,NA,NA,"cz_human_kidney_v1.5"
"cytotoxic_T_cell","FOSL2","rf",304,30,0.663092243131988,0.673036015012929,NA,"oob_r2",-0.0512807372487424,0.0196078431372549,TRUE,0.852369299221357,0.933333333333333,"cz_human_kidney_v1.5"
"cytotoxic_T_cell","FOSL2","lm",304,30,NA,0.564730709481921,NA,"cv_r2",NA,NA,NA,NA,NA,"cz_human_kidney_v1.5"
"cytotoxic_T_cell","FOSL2","ridge",304,30,NA,0.581924156150276,NA,"cv_r2",NA,NA,NA,NA,NA,"cz_human_kidney_v1.5"
"cytotoxic_T_cell","FOSL2","spearman",304,30,NA,0.407849517440922,NA,"cv_r2",NA,NA,NA,NA,NA,"cz_human_kidney_v1.5"
"cytotoxic_T_cell","JUNB","rf",304,30,0.703767178957755,0.702121972636858,NA,"oob_r2",-0.011543138248798,0.0196078431372549,TRUE,0.916984303547151,1,"cz_human_kidney_v1.5"
"cytotoxic_T_cell","JUNB","lm",304,30,NA,0.663369017675187,NA,"cv_r2",NA,NA,NA,NA,NA,"cz_human_kidney_v1.5"
"cytotoxic_T_cell","JUNB","ridge",304,30,NA,0.670854314157227,NA,"cv_r2",NA,NA,NA,NA,NA,"cz_human_kidney_v1.5"
"cytotoxic_T_cell","JUNB","spearman",304,30,NA,0.418379341290968,NA,"cv_r2",NA,NA,NA,NA,NA,"cz_human_kidney_v1.5"
"cytotoxic_T_cell","TFCP2L1","rf",304,30,0.797075577764841,0.802462185738054,NA,"oob_r2",-0.0426947537306799,0.0196078431372549,TRUE,0.89016932394018,0.814814814814815,"cz_human_kidney_v1.5"
"cytotoxic_T_cell","TFCP2L1","lm",304,30,NA,0.770008565809065,NA,"cv_r2",NA,NA,NA,NA,NA,"cz_human_kidney_v1.5"
"cytotoxic_T_cell","TFCP2L1","ridge",304,30,NA,0.759473476592495,NA,"cv_r2",NA,NA,NA,NA,NA,"cz_human_kidney_v1.5"
"cytotoxic_T_cell","TFCP2L1","spearman",304,30,NA,0.700772624554532,NA,"cv_r2",NA,NA,NA,NA,NA,"cz_human_kidney_v1.5"
"cytotoxic_T_cell","SMAD2","rf",304,30,0.66100360268807,0.664661411243925,NA,"oob_r2",-0.0185650589681206,0.0196078431372549,TRUE,0.920830552465703,0.643650793650794,"cz_human_kidney_v1.5"
"cytotoxic_T_cell","SMAD2","lm",304,30,NA,0.626437118146683,NA,"cv_r2",NA,NA,NA,NA,NA,"cz_human_kidney_v1.5"
"cytotoxic_T_cell","SMAD2","ridge",304,30,NA,0.632606120947152,NA,"cv_r2",NA,NA,NA,NA,NA,"cz_human_kidney_v1.5"
"cytotoxic_T_cell","SMAD2","spearman",304,30,NA,0.478301982831281,NA,"cv_r2",NA,NA,NA,NA,NA,"cz_human_kidney_v1.5"
"cytotoxic_T_cell","MBTPS2","rf",304,30,0.699237084108856,0.688556165156023,NA,"oob_r2",-0.0207038550284803,0.0196078431372549,TRUE,0.893145470275615,0.755555555555556,"cz_human_kidney_v1.5"
"cytotoxic_T_cell","MBTPS2","lm",304,30,NA,0.673469641487099,NA,"cv_r2",NA,NA,NA,NA,NA,"cz_human_kidney_v1.5"
"cytotoxic_T_cell","MBTPS2","ridge",304,30,NA,0.685826425459561,NA,"cv_r2",NA,NA,NA,NA,NA,"cz_human_kidney_v1.5"
"cytotoxic_T_cell","MBTPS2","spearman",304,30,NA,0.51078675753883,NA,"cv_r2",NA,NA,NA,NA,NA,"cz_human_kidney_v1.5"
"cytotoxic_T_cell","CREB5","rf",304,30,0.638948253891977,0.64633080483963,NA,"oob_r2",-0.0514960201201926,0.0196078431372549,TRUE,0.885433197379805,0.933333333333333,"cz_human_kidney_v1.5"
"cytotoxic_T_cell","CREB5","lm",304,30,NA,0.524927117678381,NA,"cv_r2",NA,NA,NA,NA,NA,"cz_human_kidney_v1.5"
"cytotoxic_T_cell","CREB5","ridge",304,30,NA,0.55388038728116,NA,"cv_r2",NA,NA,NA,NA,NA,"cz_human_kidney_v1.5"
"cytotoxic_T_cell","CREB5","spearman",304,30,NA,0.321480043809604,NA,"cv_r2",NA,NA,NA,NA,NA,"cz_human_kidney_v1.5"
"cytotoxic_T_cell","FOXO1","rf",304,30,0.700593776203616,0.700175475460064,NA,"oob_r2",-0.0436981600438384,0.0196078431372549,TRUE,0.896477567667779,0.77037037037037,"cz_human_kidney_v1.5"
"cytotoxic_T_cell","FOXO1","lm",304,30,NA,0.684125462786396,NA,"cv_r2",NA,NA,NA,NA,NA,"cz_human_kidney_v1.5"
"cytotoxic_T_cell","FOXO1","ridge",304,30,NA,0.665973733629643,NA,"cv_r2",NA,NA,NA,NA,NA,"cz_human_kidney_v1.5"
"cytotoxic_T_cell","FOXO1","spearman",304,30,NA,0.415564913912913,NA,"cv_r2",NA,NA,NA,NA,NA,"cz_human_kidney_v1.5"
"cytotoxic_T_cell","IKZF3","rf",304,30,0.766817764182904,0.757500983321118,NA,"oob_r2",-0.0335541041668438,0.0196078431372549,TRUE,0.792648621925596,0.686772486772487,"cz_human_kidney_v1.5"
"cytotoxic_T_cell","IKZF3","lm",304,30,NA,0.733778560652418,NA,"cv_r2",NA,NA,NA,NA,NA,"cz_human_kidney_v1.5"
"cytotoxic_T_cell","IKZF3","ridge",304,30,NA,0.737114001321627,NA,"cv_r2",NA,NA,NA,NA,NA,"cz_human_kidney_v1.5"
"cytotoxic_T_cell","IKZF3","spearman",304,30,NA,0.696332350100218,NA,"cv_r2",NA,NA,NA,NA,NA,"cz_human_kidney_v1.5"
"cytotoxic_T_cell","CREB3L4","rf",304,30,0.614274404246994,0.612603491536263,NA,"oob_r2",-0.0386827553536817,0.0196078431372549,TRUE,0.825089605734767,0.844444444444444,"cz_human_kidney_v1.5"
"cytotoxic_T_cell","CREB3L4","lm",304,30,NA,0.515154966776032,NA,"cv_r2",NA,NA,NA,NA,NA,"cz_human_kidney_v1.5"
"cytotoxic_T_cell","CREB3L4","ridge",304,30,NA,0.530812022882219,NA,"cv_r2",NA,NA,NA,NA,NA,"cz_human_kidney_v1.5"
"cytotoxic_T_cell","CREB3L4","spearman",304,30,NA,0.40781426686172,NA,"cv_r2",NA,NA,NA,NA,NA,"cz_human_kidney_v1.5"
"cytotoxic_T_cell","HIVEP2","rf",304,30,0.561122250007703,0.602594943102413,NA,"oob_r2",-0.0468211405099487,0.0196078431372549,TRUE,0.874191076504758,0.740740740740741,"cz_human_kidney_v1.5"
"cytotoxic_T_cell","HIVEP2","lm",304,30,NA,0.473850927537369,NA,"cv_r2",NA,NA,NA,NA,NA,"cz_human_kidney_v1.5"
"cytotoxic_T_cell","HIVEP2","ridge",304,30,NA,0.498634081048713,NA,"cv_r2",NA,NA,NA,NA,NA,"cz_human_kidney_v1.5"
"cytotoxic_T_cell","HIVEP2","spearman",304,30,NA,0.334669993469018,NA,"cv_r2",NA,NA,NA,NA,NA,"cz_human_kidney_v1.5"
"cytotoxic_T_cell","CREM","rf",304,30,0.636065470984487,0.628342137315813,NA,"oob_r2",-0.0343056827308017,0.0196078431372549,TRUE,0.873627487331603,0.874074074074074,"cz_human_kidney_v1.5"
"cytotoxic_T_cell","CREM","lm",304,30,NA,0.471185222790572,NA,"cv_r2",NA,NA,NA,NA,NA,"cz_human_kidney_v1.5"
"cytotoxic_T_cell","CREM","ridge",304,30,NA,0.491961545005056,NA,"cv_r2",NA,NA,NA,NA,NA,"cz_human_kidney_v1.5"
"cytotoxic_T_cell","CREM","spearman",304,30,NA,0.399376872417072,NA,"cv_r2",NA,NA,NA,NA,NA,"cz_human_kidney_v1.5"
"cytotoxic_T_cell","ELF3","rf",304,30,0.807041701197424,0.804192367514252,NA,"oob_r2",-0.0381448013533374,0.0196078431372549,TRUE,0.885225559263379,0.466931216931217,"cz_human_kidney_v1.5"
"cytotoxic_T_cell","ELF3","lm",304,30,NA,0.806743135709435,NA,"cv_r2",NA,NA,NA,NA,NA,"cz_human_kidney_v1.5"
"cytotoxic_T_cell","ELF3","ridge",304,30,NA,0.809668839648392,NA,"cv_r2",NA,NA,NA,NA,NA,"cz_human_kidney_v1.5"
"cytotoxic_T_cell","ELF3","spearman",304,30,NA,0.715515453385114,NA,"cv_r2",NA,NA,NA,NA,NA,"cz_human_kidney_v1.5"
"cytotoxic_T_cell","XBP1","rf",304,30,0.709231907342424,0.705409582202358,NA,"oob_r2",-0.0468710964415279,0.0196078431372549,TRUE,0.876267457669015,0.71957671957672,"cz_human_kidney_v1.5"
"cytotoxic_T_cell","XBP1","lm",304,30,NA,0.642220085022866,NA,"cv_r2",NA,NA,NA,NA,NA,"cz_human_kidney_v1.5"
"cytotoxic_T_cell","XBP1","ridge",304,30,NA,0.639779839726165,NA,"cv_r2",NA,NA,NA,NA,NA,"cz_human_kidney_v1.5"
"cytotoxic_T_cell","XBP1","spearman",304,30,NA,0.418650867458073,NA,"cv_r2",NA,NA,NA,NA,NA,"cz_human_kidney_v1.5"
"cytotoxic_T_cell","NF1","rf",304,30,0.666646104469368,0.668710121543795,NA,"oob_r2",-0.0388579411757242,0.0196078431372549,TRUE,0.888261030774935,0.8,"cz_human_kidney_v1.5"
"cytotoxic_T_cell","NF1","lm",304,30,NA,0.600156048847833,NA,"cv_r2",NA,NA,NA,NA,NA,"cz_human_kidney_v1.5"
"cytotoxic_T_cell","NF1","ridge",304,30,NA,0.608999549232014,NA,"cv_r2",NA,NA,NA,NA,NA,"cz_human_kidney_v1.5"
"cytotoxic_T_cell","NF1","spearman",304,30,NA,0.49881192466328,NA,"cv_r2",NA,NA,NA,NA,NA,"cz_human_kidney_v1.5"
"cytotoxic_T_cell","DDIT3","rf",304,30,0.666186883287522,0.65940700980169,NA,"oob_r2",-0.0536401003602744,0.0196078431372549,TRUE,0.909222593004573,0.785185185185185,"cz_human_kidney_v1.5"
"cytotoxic_T_cell","DDIT3","lm",304,30,NA,0.5705544806689,NA,"cv_r2",NA,NA,NA,NA,NA,"cz_human_kidney_v1.5"
"cytotoxic_T_cell","DDIT3","ridge",304,30,NA,0.577835994061535,NA,"cv_r2",NA,NA,NA,NA,NA,"cz_human_kidney_v1.5"
"cytotoxic_T_cell","DDIT3","spearman",304,30,NA,0.420930254802817,NA,"cv_r2",NA,NA,NA,NA,NA,"cz_human_kidney_v1.5"
"cytotoxic_T_cell","ZNF683","rf",304,30,0.601311678957031,0.617889677643321,NA,"oob_r2",-0.0528187602460376,0.0196078431372549,TRUE,0.902934124335682,0.755555555555556,"cz_human_kidney_v1.5"
"cytotoxic_T_cell","ZNF683","lm",304,30,NA,0.516247308219752,NA,"cv_r2",NA,NA,NA,NA,NA,"cz_human_kidney_v1.5"
"cytotoxic_T_cell","ZNF683","ridge",304,30,NA,0.506250805655572,NA,"cv_r2",NA,NA,NA,NA,NA,"cz_human_kidney_v1.5"
"cytotoxic_T_cell","ZNF683","spearman",304,30,NA,0.30279467569735,NA,"cv_r2",NA,NA,NA,NA,NA,"cz_human_kidney_v1.5"
"cytotoxic_T_cell","PAX2","rf",304,30,0.535125719102711,0.529546275373934,NA,"oob_r2",-0.0299952983598488,0.0196078431372549,TRUE,0.771202570757632,0.82962962962963,"cz_human_kidney_v1.5"
"cytotoxic_T_cell","PAX2","lm",304,30,NA,0.424308401814461,NA,"cv_r2",NA,NA,NA,NA,NA,"cz_human_kidney_v1.5"
"cytotoxic_T_cell","PAX2","ridge",304,30,NA,0.454166765726985,NA,"cv_r2",NA,NA,NA,NA,NA,"cz_human_kidney_v1.5"
"cytotoxic_T_cell","PAX2","spearman",304,30,NA,0.412380763962148,NA,"cv_r2",NA,NA,NA,NA,NA,"cz_human_kidney_v1.5"
"cytotoxic_T_cell","FOXJ2","rf",304,30,0.550908538114746,0.535464266348819,NA,"oob_r2",-0.0172151648304196,0.0196078431372549,TRUE,0.94288963045359,0.881481481481481,"cz_human_kidney_v1.5"
"cytotoxic_T_cell","FOXJ2","lm",304,30,NA,0.522597019508303,NA,"cv_r2",NA,NA,NA,NA,NA,"cz_human_kidney_v1.5"
"cytotoxic_T_cell","FOXJ2","ridge",304,30,NA,0.519333064952698,NA,"cv_r2",NA,NA,NA,NA,NA,"cz_human_kidney_v1.5"
"cytotoxic_T_cell","FOXJ2","spearman",304,30,NA,0.127166953851581,NA,"cv_r2",NA,NA,NA,NA,NA,"cz_human_kidney_v1.5"
"cytotoxic_T_cell","PBX1","rf",304,30,0.4334420801797,0.470724160742567,NA,"oob_r2",-0.0477935982128472,0.0196078431372549,TRUE,0.782059077987888,0.868783068783069,"cz_human_kidney_v1.5"
"cytotoxic_T_cell","PBX1","lm",304,30,NA,0.349690684260255,NA,"cv_r2",NA,NA,NA,NA,NA,"cz_human_kidney_v1.5"
"cytotoxic_T_cell","PBX1","ridge",304,30,NA,0.377714878569826,NA,"cv_r2",NA,NA,NA,NA,NA,"cz_human_kidney_v1.5"
"cytotoxic_T_cell","PBX1","spearman",304,30,NA,0.263100575916795,NA,"cv_r2",NA,NA,NA,NA,NA,"cz_human_kidney_v1.5"
"cytotoxic_T_cell","FOXP1","rf",304,30,0.639993859631504,0.603518389634787,NA,"oob_r2",-0.0498776308294951,0.0196078431372549,TRUE,0.841433691756272,0.874074074074074,"cz_human_kidney_v1.5"
"cytotoxic_T_cell","FOXP1","lm",304,30,NA,0.574419359062777,NA,"cv_r2",NA,NA,NA,NA,NA,"cz_human_kidney_v1.5"
"cytotoxic_T_cell","FOXP1","ridge",304,30,NA,0.558615192779754,NA,"cv_r2",NA,NA,NA,NA,NA,"cz_human_kidney_v1.5"
"cytotoxic_T_cell","FOXP1","spearman",304,30,NA,0.303433523033125,NA,"cv_r2",NA,NA,NA,NA,NA,"cz_human_kidney_v1.5"
"cytotoxic_T_cell","PPARG","rf",304,30,0.460478627276117,0.459746991574542,NA,"oob_r2",-0.0336644231120382,0.0196078431372549,TRUE,0.847316771721666,0.82962962962963,"cz_human_kidney_v1.5"
"cytotoxic_T_cell","PPARG","lm",304,30,NA,0.442916503896485,NA,"cv_r2",NA,NA,NA,NA,NA,"cz_human_kidney_v1.5"
"cytotoxic_T_cell","PPARG","ridge",304,30,NA,0.419292853082971,NA,"cv_r2",NA,NA,NA,NA,NA,"cz_human_kidney_v1.5"
"cytotoxic_T_cell","PPARG","spearman",304,30,NA,0.174513811616408,NA,"cv_r2",NA,NA,NA,NA,NA,"cz_human_kidney_v1.5"
"cytotoxic_T_cell","ZNF335","rf",304,30,0.672481061694398,0.662826585441388,NA,"oob_r2",-0.0417283539338968,0.0196078431372549,TRUE,0.873538499567421,0.806349206349206,"cz_human_kidney_v1.5"
"cytotoxic_T_cell","ZNF335","lm",304,30,NA,0.59098216538908,NA,"cv_r2",NA,NA,NA,NA,NA,"cz_human_kidney_v1.5"
"cytotoxic_T_cell","ZNF335","ridge",304,30,NA,0.592453327492044,NA,"cv_r2",NA,NA,NA,NA,NA,"cz_human_kidney_v1.5"
"cytotoxic_T_cell","ZNF335","spearman",304,30,NA,0.345720997092244,NA,"cv_r2",NA,NA,NA,NA,NA,"cz_human_kidney_v1.5"
"cytotoxic_T_cell","ESRRG","rf",304,30,0.586689503621683,0.583814146169582,NA,"oob_r2",-0.0505075195113259,0.0196078431372549,TRUE,0.897308120133482,0.685714285714286,"cz_human_kidney_v1.5"
"cytotoxic_T_cell","ESRRG","lm",304,30,NA,0.522463490079245,NA,"cv_r2",NA,NA,NA,NA,NA,"cz_human_kidney_v1.5"
"cytotoxic_T_cell","ESRRG","ridge",304,30,NA,0.47830989986169,NA,"cv_r2",NA,NA,NA,NA,NA,"cz_human_kidney_v1.5"
"cytotoxic_T_cell","ESRRG","spearman",304,30,NA,0.264660213236977,NA,"cv_r2",NA,NA,NA,NA,NA,"cz_human_kidney_v1.5"
"cytotoxic_T_cell","FOXO4","rf",304,30,0.692613488102017,0.699986624198671,NA,"oob_r2",-0.05523927156472,0.0196078431372549,TRUE,0.924469163267828,0.933333333333333,"cz_human_kidney_v1.5"
"cytotoxic_T_cell","FOXO4","lm",304,30,NA,0.673488152451394,NA,"cv_r2",NA,NA,NA,NA,NA,"cz_human_kidney_v1.5"
"cytotoxic_T_cell","FOXO4","ridge",304,30,NA,0.657603651662906,NA,"cv_r2",NA,NA,NA,NA,NA,"cz_human_kidney_v1.5"
"cytotoxic_T_cell","FOXO4","spearman",304,30,NA,0.38532946627085,NA,"cv_r2",NA,NA,NA,NA,NA,"cz_human_kidney_v1.5"
"cytotoxic_T_cell","IKZF2","rf",304,30,0.570648053259811,0.58701392222985,NA,"oob_r2",-0.0441924340942613,0.0196078431372549,TRUE,0.861752564577926,0.881481481481482,"cz_human_kidney_v1.5"
"cytotoxic_T_cell","IKZF2","lm",304,30,NA,0.490093976520553,NA,"cv_r2",NA,NA,NA,NA,NA,"cz_human_kidney_v1.5"
"cytotoxic_T_cell","IKZF2","ridge",304,30,NA,0.502378612088884,NA,"cv_r2",NA,NA,NA,NA,NA,"cz_human_kidney_v1.5"
"cytotoxic_T_cell","IKZF2","spearman",304,30,NA,0.415036287297777,NA,"cv_r2",NA,NA,NA,NA,NA,"cz_human_kidney_v1.5"
"cytotoxic_T_cell","HIVEP1","rf",304,30,0.54280822262679,0.552297563651093,NA,"oob_r2",-0.0491326592793022,0.0196078431372549,TRUE,0.882862439747868,0.670899470899471,"cz_human_kidney_v1.5"
"cytotoxic_T_cell","HIVEP1","lm",304,30,NA,0.443078540519096,NA,"cv_r2",NA,NA,NA,NA,NA,"cz_human_kidney_v1.5"
"cytotoxic_T_cell","HIVEP1","ridge",304,30,NA,0.46603675579227,NA,"cv_r2",NA,NA,NA,NA,NA,"cz_human_kidney_v1.5"
"cytotoxic_T_cell","HIVEP1","spearman",304,30,NA,0.295600151841767,NA,"cv_r2",NA,NA,NA,NA,NA,"cz_human_kidney_v1.5"
"cytotoxic_T_cell","RFX3","rf",304,30,0.449637617636375,0.435102215006706,NA,"oob_r2",-0.0336424824754969,0.0196078431372549,TRUE,0.895073538499567,0.658994708994709,"cz_human_kidney_v1.5"
"cytotoxic_T_cell","RFX3","lm",304,30,NA,0.378336127674813,NA,"cv_r2",NA,NA,NA,NA,NA,"cz_human_kidney_v1.5"
"cytotoxic_T_cell","RFX3","ridge",304,30,NA,0.365405798865626,NA,"cv_r2",NA,NA,NA,NA,NA,"cz_human_kidney_v1.5"
"cytotoxic_T_cell","RFX3","spearman",304,30,NA,0.0664495165539181,NA,"cv_r2",NA,NA,NA,NA,NA,"cz_human_kidney_v1.5"
"cytotoxic_T_cell","IKZF1","rf",304,30,0.739672240248359,0.733553508461621,NA,"oob_r2",-0.0209324257183728,0.0196078431372549,TRUE,0.841196391051786,0.692063492063492,"cz_human_kidney_v1.5"
"cytotoxic_T_cell","IKZF1","lm",304,30,NA,0.62512400948112,NA,"cv_r2",NA,NA,NA,NA,NA,"cz_human_kidney_v1.5"
"cytotoxic_T_cell","IKZF1","ridge",304,30,NA,0.627543628859695,NA,"cv_r2",NA,NA,NA,NA,NA,"cz_human_kidney_v1.5"
"cytotoxic_T_cell","IKZF1","spearman",304,30,NA,0.578954006874743,NA,"cv_r2",NA,NA,NA,NA,NA,"cz_human_kidney_v1.5"
"cytotoxic_T_cell","CEBPZ","rf",304,30,0.575963046472511,0.591581906660616,NA,"oob_r2",-0.0423429110148072,0.0196078431372549,TRUE,0.879490792238289,0.634126984126984,"cz_human_kidney_v1.5"
"cytotoxic_T_cell","CEBPZ","lm",304,30,NA,0.463333706651675,NA,"cv_r2",NA,NA,NA,NA,NA,"cz_human_kidney_v1.5"
"cytotoxic_T_cell","CEBPZ","ridge",304,30,NA,0.474596843299,NA,"cv_r2",NA,NA,NA,NA,NA,"cz_human_kidney_v1.5"
"cytotoxic_T_cell","CEBPZ","spearman",304,30,NA,0.298762879631861,NA,"cv_r2",NA,NA,NA,NA,NA,"cz_human_kidney_v1.5"
"cytotoxic_T_cell","TEF","rf",304,30,0.574331335672516,0.565480227159745,NA,"oob_r2",-0.0588650153229935,0.0196078431372549,TRUE,0.865747126436782,0.665608465608466,"cz_human_kidney_v1.5"
"cytotoxic_T_cell","TEF","lm",304,30,NA,0.46209865623501,NA,"cv_r2",NA,NA,NA,NA,NA,"cz_human_kidney_v1.5"
"cytotoxic_T_cell","TEF","ridge",304,30,NA,0.495779130105889,NA,"cv_r2",NA,NA,NA,NA,NA,"cz_human_kidney_v1.5"
"cytotoxic_T_cell","TEF","spearman",304,30,NA,0.345055993381785,NA,"cv_r2",NA,NA,NA,NA,NA,"cz_human_kidney_v1.5"
"cytotoxic_T_cell","SIM1","rf",304,30,0.576550965701345,0.554284709115745,NA,"oob_r2",-0.044844358520197,0.0196078431372549,TRUE,0.883010752688172,0.631216931216931,"cz_human_kidney_v1.5"
"cytotoxic_T_cell","SIM1","lm",304,30,NA,0.466716090380354,NA,"cv_r2",NA,NA,NA,NA,NA,"cz_human_kidney_v1.5"
"cytotoxic_T_cell","SIM1","ridge",304,30,NA,0.443918791205365,NA,"cv_r2",NA,NA,NA,NA,NA,"cz_human_kidney_v1.5"
"cytotoxic_T_cell","SIM1","spearman",304,30,NA,0.304659590712454,NA,"cv_r2",NA,NA,NA,NA,NA,"cz_human_kidney_v1.5"
"cytotoxic_T_cell","IRX1","rf",304,30,0.507504233934238,0.505766486826923,NA,"oob_r2",-0.0501734458613781,0.0196078431372549,TRUE,0.881666048696082,0.811640211640212,"cz_human_kidney_v1.5"
"cytotoxic_T_cell","IRX1","lm",304,30,NA,0.44375882797474,NA,"cv_r2",NA,NA,NA,NA,NA,"cz_human_kidney_v1.5"
"cytotoxic_T_cell","IRX1","ridge",304,30,NA,0.449442191849581,NA,"cv_r2",NA,NA,NA,NA,NA,"cz_human_kidney_v1.5"
"cytotoxic_T_cell","IRX1","spearman",304,30,NA,0.21480288189839,NA,"cv_r2",NA,NA,NA,NA,NA,"cz_human_kidney_v1.5"
"cytotoxic_T_cell","HIVEP3","rf",304,30,0.515193106325159,0.526202503001481,NA,"oob_r2",-0.0597951399053098,0.0196078431372549,TRUE,0.904476578914844,0.725925925925926,"cz_human_kidney_v1.5"
"cytotoxic_T_cell","HIVEP3","lm",304,30,NA,0.417429098772072,NA,"cv_r2",NA,NA,NA,NA,NA,"cz_human_kidney_v1.5"
"cytotoxic_T_cell","HIVEP3","ridge",304,30,NA,0.442954242251192,NA,"cv_r2",NA,NA,NA,NA,NA,"cz_human_kidney_v1.5"
"cytotoxic_T_cell","HIVEP3","spearman",304,30,NA,0.268071477186492,NA,"cv_r2",NA,NA,NA,NA,NA,"cz_human_kidney_v1.5"
"cytotoxic_T_cell","JUN","rf",304,30,0.699858684409385,0.690989289400041,NA,"oob_r2",-0.0238002183714848,0.0196078431372549,TRUE,0.916193301198863,0.881481481481481,"cz_human_kidney_v1.5"
"cytotoxic_T_cell","JUN","lm",304,30,NA,0.672480110642906,NA,"cv_r2",NA,NA,NA,NA,NA,"cz_human_kidney_v1.5"
"cytotoxic_T_cell","JUN","ridge",304,30,NA,0.678403829091648,NA,"cv_r2",NA,NA,NA,NA,NA,"cz_human_kidney_v1.5"
"cytotoxic_T_cell","JUN","spearman",304,30,NA,0.398438624186836,NA,"cv_r2",NA,NA,NA,NA,NA,"cz_human_kidney_v1.5"
"cytotoxic_T_cell","THRB","rf",304,30,0.626022654459426,0.6028511461823,NA,"oob_r2",-0.0219691877569071,0.0196078431372549,TRUE,0.910310221233469,0.785185185185185,"cz_human_kidney_v1.5"
"cytotoxic_T_cell","THRB","lm",304,30,NA,0.589322534615027,NA,"cv_r2",NA,NA,NA,NA,NA,"cz_human_kidney_v1.5"
"cytotoxic_T_cell","THRB","ridge",304,30,NA,0.58776321788234,NA,"cv_r2",NA,NA,NA,NA,NA,"cz_human_kidney_v1.5"
"cytotoxic_T_cell","THRB","spearman",304,30,NA,0.280205355507993,NA,"cv_r2",NA,NA,NA,NA,NA,"cz_human_kidney_v1.5"
"cytotoxic_T_cell","ESR1","rf",304,30,0.649402027343647,0.633126432493879,NA,"oob_r2",-0.0253568651392429,0.0196078431372549,TRUE,0.906671610431343,0.792592592592593,"cz_human_kidney_v1.5"
"cytotoxic_T_cell","ESR1","lm",304,30,NA,0.66037951088341,NA,"cv_r2",NA,NA,NA,NA,NA,"cz_human_kidney_v1.5"
"cytotoxic_T_cell","ESR1","ridge",304,30,NA,0.637859598275157,NA,"cv_r2",NA,NA,NA,NA,NA,"cz_human_kidney_v1.5"
"cytotoxic_T_cell","ESR1","spearman",304,30,NA,0.428699139576018,NA,"cv_r2",NA,NA,NA,NA,NA,"cz_human_kidney_v1.5"
"cytotoxic_T_cell","FOXD2","rf",304,30,0.602127662331108,0.591783982433561,NA,"oob_r2",-0.0263375737424007,0.0196078431372549,TRUE,0.902103571869979,1,"cz_human_kidney_v1.5"
"cytotoxic_T_cell","FOXD2","lm",304,30,NA,0.566861737649405,NA,"cv_r2",NA,NA,NA,NA,NA,"cz_human_kidney_v1.5"
"cytotoxic_T_cell","FOXD2","ridge",304,30,NA,0.566532937767647,NA,"cv_r2",NA,NA,NA,NA,NA,"cz_human_kidney_v1.5"
"cytotoxic_T_cell","FOXD2","spearman",304,30,NA,0.195167401119293,NA,"cv_r2",NA,NA,NA,NA,NA,"cz_human_kidney_v1.5"
"cytotoxic_T_cell","MAF","rf",304,30,0.67302714025363,0.661435786975791,NA,"oob_r2",0.000166960686404474,0.0196078431372549,TRUE,0.912327277221604,1,"cz_human_kidney_v1.5"
"cytotoxic_T_cell","MAF","lm",304,30,NA,0.6430835786143,NA,"cv_r2",NA,NA,NA,NA,NA,"cz_human_kidney_v1.5"
"cytotoxic_T_cell","MAF","ridge",304,30,NA,0.644943748111677,NA,"cv_r2",NA,NA,NA,NA,NA,"cz_human_kidney_v1.5"
"cytotoxic_T_cell","MAF","spearman",304,30,NA,0.261603217354191,NA,"cv_r2",NA,NA,NA,NA,NA,"cz_human_kidney_v1.5"
"cytotoxic_T_cell","IRF1","rf",304,30,0.592970081965139,0.585957912112609,NA,"oob_r2",-0.0263296773411092,0.0196078431372549,TRUE,0.915778024966012,0.8,"cz_human_kidney_v1.5"
"cytotoxic_T_cell","IRF1","lm",304,30,NA,0.578717548153894,NA,"cv_r2",NA,NA,NA,NA,NA,"cz_human_kidney_v1.5"
"cytotoxic_T_cell","IRF1","ridge",304,30,NA,0.568334672376215,NA,"cv_r2",NA,NA,NA,NA,NA,"cz_human_kidney_v1.5"
"cytotoxic_T_cell","IRF1","spearman",304,30,NA,0.359861137090136,NA,"cv_r2",NA,NA,NA,NA,NA,"cz_human_kidney_v1.5"
"cytotoxic_T_cell","MEF2C","rf",304,30,0.673420992469966,0.665917410723804,NA,"oob_r2",-0.0219461311383748,0.0196078431372549,TRUE,0.890703250525275,0.844444444444444,"cz_human_kidney_v1.5"
"cytotoxic_T_cell","MEF2C","lm",304,30,NA,0.66442542475186,NA,"cv_r2",NA,NA,NA,NA,NA,"cz_human_kidney_v1.5"
"cytotoxic_T_cell","MEF2C","ridge",304,30,NA,0.660743178195584,NA,"cv_r2",NA,NA,NA,NA,NA,"cz_human_kidney_v1.5"
"cytotoxic_T_cell","MEF2C","spearman",304,30,NA,0.497986998744048,NA,"cv_r2",NA,NA,NA,NA,NA,"cz_human_kidney_v1.5"
"natural_killer_cell","ETS1","rf",254,41,0.81591605646164,0.8163137010445,NA,"oob_r2",-0.0232796275777406,0.0196078431372549,TRUE,0.834572202864886,0.874074074074074,"cz_human_kidney_v1.5"
"natural_killer_cell","ETS1","lm",254,41,NA,0.791766121094571,NA,"cv_r2",NA,NA,NA,NA,NA,"cz_human_kidney_v1.5"
"natural_killer_cell","ETS1","ridge",254,41,NA,0.801534566531688,NA,"cv_r2",NA,NA,NA,NA,NA,"cz_human_kidney_v1.5"
"natural_killer_cell","ETS1","spearman",254,41,NA,0.634249015045439,NA,"cv_r2",NA,NA,NA,NA,NA,"cz_human_kidney_v1.5"
"natural_killer_cell","TCF12","rf",254,41,0.831362821383484,0.823506791881632,NA,"oob_r2",-0.0150638633577957,0.0196078431372549,TRUE,0.885079365079365,0.757671957671958,"cz_human_kidney_v1.5"
"natural_killer_cell","TCF12","lm",254,41,NA,0.856940729156007,NA,"cv_r2",NA,NA,NA,NA,NA,"cz_human_kidney_v1.5"
"natural_killer_cell","TCF12","ridge",254,41,NA,0.85735496114826,NA,"cv_r2",NA,NA,NA,NA,NA,"cz_human_kidney_v1.5"
"natural_killer_cell","TCF12","spearman",254,41,NA,0.565191383299073,NA,"cv_r2",NA,NA,NA,NA,NA,"cz_human_kidney_v1.5"
"natural_killer_cell","EGR1","rf",254,41,0.840178930893047,0.842822157944939,NA,"oob_r2",-0.0140069198027864,0.0196078431372549,TRUE,0.878939217963608,0.673015873015873,"cz_human_kidney_v1.5"
"natural_killer_cell","EGR1","lm",254,41,NA,0.839065316309476,NA,"cv_r2",NA,NA,NA,NA,NA,"cz_human_kidney_v1.5"
"natural_killer_cell","EGR1","ridge",254,41,NA,0.845308811926049,NA,"cv_r2",NA,NA,NA,NA,NA,"cz_human_kidney_v1.5"
"natural_killer_cell","EGR1","spearman",254,41,NA,0.624051666194282,NA,"cv_r2",NA,NA,NA,NA,NA,"cz_human_kidney_v1.5"
"natural_killer_cell","KLF7","rf",254,41,0.768557145741773,0.762659441278744,NA,"oob_r2",-0.02297575829578,0.0196078431372549,TRUE,0.813855981416957,0.718518518518518,"cz_human_kidney_v1.5"
"natural_killer_cell","KLF7","lm",254,41,NA,0.713597521080442,NA,"cv_r2",NA,NA,NA,NA,NA,"cz_human_kidney_v1.5"
"natural_killer_cell","KLF7","ridge",254,41,NA,0.733629990032186,NA,"cv_r2",NA,NA,NA,NA,NA,"cz_human_kidney_v1.5"
"natural_killer_cell","KLF7","spearman",254,41,NA,0.519686954643147,NA,"cv_r2",NA,NA,NA,NA,NA,"cz_human_kidney_v1.5"
"natural_killer_cell","ATF3","rf",254,41,0.851669030102921,0.862237928458589,NA,"oob_r2",-0.0109844168025189,0.0196078431372549,TRUE,0.888126209833527,0.8,"cz_human_kidney_v1.5"
"natural_killer_cell","ATF3","lm",254,41,NA,0.855821072051701,NA,"cv_r2",NA,NA,NA,NA,NA,"cz_human_kidney_v1.5"
"natural_killer_cell","ATF3","ridge",254,41,NA,0.860604387275883,NA,"cv_r2",NA,NA,NA,NA,NA,"cz_human_kidney_v1.5"
"natural_killer_cell","ATF3","spearman",254,41,NA,0.681540477500923,NA,"cv_r2",NA,NA,NA,NA,NA,"cz_human_kidney_v1.5"
"natural_killer_cell","MEF2C","rf",254,41,0.813411448084293,0.792254550932596,NA,"oob_r2",-0.0211354005701414,0.0196078431372549,TRUE,0.888428184281843,0.696296296296296,"cz_human_kidney_v1.5"
"natural_killer_cell","MEF2C","lm",254,41,NA,0.821486018010777,NA,"cv_r2",NA,NA,NA,NA,NA,"cz_human_kidney_v1.5"
"natural_killer_cell","MEF2C","ridge",254,41,NA,0.820257063430732,NA,"cv_r2",NA,NA,NA,NA,NA,"cz_human_kidney_v1.5"
"natural_killer_cell","MEF2C","spearman",254,41,NA,0.584796997978309,NA,"cv_r2",NA,NA,NA,NA,NA,"cz_human_kidney_v1.5"
"natural_killer_cell","KLF2","rf",254,41,0.768832979088985,0.7703638849988,NA,"oob_r2",-0.0197591548606007,0.0196078431372549,TRUE,0.874603174603175,0.736507936507936,"cz_human_kidney_v1.5"
"natural_killer_cell","KLF2","lm",254,41,NA,0.753041418803223,NA,"cv_r2",NA,NA,NA,NA,NA,"cz_human_kidney_v1.5"
"natural_killer_cell","KLF2","ridge",254,41,NA,0.765021875199123,NA,"cv_r2",NA,NA,NA,NA,NA,"cz_human_kidney_v1.5"
"natural_killer_cell","KLF2","spearman",254,41,NA,0.534725770481278,NA,"cv_r2",NA,NA,NA,NA,NA,"cz_human_kidney_v1.5"
"natural_killer_cell","ZNF219","rf",254,41,0.835310184339766,0.834558854764115,NA,"oob_r2",-0.0323294496940796,0.0196078431372549,TRUE,0.847053813395277,1,"cz_human_kidney_v1.5"
"natural_killer_cell","ZNF219","lm",254,41,NA,0.835649128105056,NA,"cv_r2",NA,NA,NA,NA,NA,"cz_human_kidney_v1.5"
"natural_killer_cell","ZNF219","ridge",254,41,NA,0.839317802960477,NA,"cv_r2",NA,NA,NA,NA,NA,"cz_human_kidney_v1.5"
"natural_killer_cell","ZNF219","spearman",254,41,NA,0.639841465968553,NA,"cv_r2",NA,NA,NA,NA,NA,"cz_human_kidney_v1.5"
"natural_killer_cell","CEBPB","rf",254,41,0.811952887979877,0.800611024046619,NA,"oob_r2",-0.0273094555703123,0.0196078431372549,TRUE,0.896635694928378,0.73015873015873,"cz_human_kidney_v1.5"
"natural_killer_cell","CEBPB","lm",254,41,NA,0.803222462627187,NA,"cv_r2",NA,NA,NA,NA,NA,"cz_human_kidney_v1.5"
"natural_killer_cell","CEBPB","ridge",254,41,NA,0.816372821788557,NA,"cv_r2",NA,NA,NA,NA,NA,"cz_human_kidney_v1.5"
"natural_killer_cell","CEBPB","spearman",254,41,NA,0.482432056575002,NA,"cv_r2",NA,NA,NA,NA,NA,"cz_human_kidney_v1.5"
"natural_killer_cell","NR3C1","rf",254,41,0.792906604129427,0.789826846746325,NA,"oob_r2",-0.035353779691696,0.0196078431372549,TRUE,0.875168408826946,0.785185185185185,"cz_human_kidney_v1.5"
"natural_killer_cell","NR3C1","lm",254,41,NA,0.81605161970728,NA,"cv_r2",NA,NA,NA,NA,NA,"cz_human_kidney_v1.5"
"natural_killer_cell","NR3C1","ridge",254,41,NA,0.8141218777699,NA,"cv_r2",NA,NA,NA,NA,NA,"cz_human_kidney_v1.5"
"natural_killer_cell","NR3C1","spearman",254,41,NA,0.561040505184143,NA,"cv_r2",NA,NA,NA,NA,NA,"cz_human_kidney_v1.5"
"natural_killer_cell","ZEB1","rf",254,41,0.752400310194899,0.740683294102371,NA,"oob_r2",-0.0339979231796011,0.0196078431372549,TRUE,0.869903213317848,0.708994708994709,"cz_human_kidney_v1.5"
"natural_killer_cell","ZEB1","lm",254,41,NA,0.753752795806017,NA,"cv_r2",NA,NA,NA,NA,NA,"cz_human_kidney_v1.5"
"natural_killer_cell","ZEB1","ridge",254,41,NA,0.767933146704301,NA,"cv_r2",NA,NA,NA,NA,NA,"cz_human_kidney_v1.5"
"natural_killer_cell","ZEB1","spearman",254,41,NA,0.404208554085942,NA,"cv_r2",NA,NA,NA,NA,NA,"cz_human_kidney_v1.5"
"natural_killer_cell","PBX3","rf",254,41,0.772698128544661,0.764179147152361,NA,"oob_r2",-0.0343149599380782,0.0196078431372549,TRUE,0.874173441734417,0.666666666666667,"cz_human_kidney_v1.5"
"natural_killer_cell","PBX3","lm",254,41,NA,0.757636391095635,NA,"cv_r2",NA,NA,NA,NA,NA,"cz_human_kidney_v1.5"
"natural_killer_cell","PBX3","ridge",254,41,NA,0.780066661877845,NA,"cv_r2",NA,NA,NA,NA,NA,"cz_human_kidney_v1.5"
"natural_killer_cell","PBX3","spearman",254,41,NA,0.441764109107191,NA,"cv_r2",NA,NA,NA,NA,NA,"cz_human_kidney_v1.5"
"natural_killer_cell","ZBTB7C","rf",254,41,0.780949017132284,0.780590677388352,NA,"oob_r2",-0.030252037262398,0.0196078431372549,TRUE,0.855954316686024,0.734391534391534,"cz_human_kidney_v1.5"
"natural_killer_cell","ZBTB7C","lm",254,41,NA,0.764606731615818,NA,"cv_r2",NA,NA,NA,NA,NA,"cz_human_kidney_v1.5"
"natural_killer_cell","ZBTB7C","ridge",254,41,NA,0.773263416954277,NA,"cv_r2",NA,NA,NA,NA,NA,"cz_human_kidney_v1.5"
"natural_killer_cell","ZBTB7C","spearman",254,41,NA,0.605205562432495,NA,"cv_r2",NA,NA,NA,NA,NA,"cz_human_kidney_v1.5"
"natural_killer_cell","JUND","rf",254,41,0.760559824363097,0.760957338465527,NA,"oob_r2",-0.0109142291649767,0.0196078431372549,TRUE,0.850789779326365,0.785185185185185,"cz_human_kidney_v1.5"
"natural_killer_cell","JUND","lm",254,41,NA,0.732165774333708,NA,"cv_r2",NA,NA,NA,NA,NA,"cz_human_kidney_v1.5"
"natural_killer_cell","JUND","ridge",254,41,NA,0.746655748561701,NA,"cv_r2",NA,NA,NA,NA,NA,"cz_human_kidney_v1.5"
"natural_killer_cell","JUND","spearman",254,41,NA,0.498296535863178,NA,"cv_r2",NA,NA,NA,NA,NA,"cz_human_kidney_v1.5"
"natural_killer_cell","NFKB1","rf",254,41,0.773072058321394,0.764164552172346,NA,"oob_r2",-0.0275232974796958,0.0196078431372549,TRUE,0.894382500967867,0.724867724867725,"cz_human_kidney_v1.5"
"natural_killer_cell","NFKB1","lm",254,41,NA,0.790821928866833,NA,"cv_r2",NA,NA,NA,NA,NA,"cz_human_kidney_v1.5"
"natural_killer_cell","NFKB1","ridge",254,41,NA,0.798113162962364,NA,"cv_r2",NA,NA,NA,NA,NA,"cz_human_kidney_v1.5"
"natural_killer_cell","NFKB1","spearman",254,41,NA,0.410704438694863,NA,"cv_r2",NA,NA,NA,NA,NA,"cz_human_kidney_v1.5"
"natural_killer_cell","TFCP2","rf",254,41,0.810915497280262,0.800825092019507,NA,"oob_r2",-0.0246503361065292,0.0196078431372549,TRUE,0.841637630662021,0.725925925925926,"cz_human_kidney_v1.5"
"natural_killer_cell","TFCP2","lm",254,41,NA,0.785097975292255,NA,"cv_r2",NA,NA,NA,NA,NA,"cz_human_kidney_v1.5"
"natural_killer_cell","TFCP2","ridge",254,41,NA,0.793771766274816,NA,"cv_r2",NA,NA,NA,NA,NA,"cz_human_kidney_v1.5"
"natural_killer_cell","TFCP2","spearman",254,41,NA,0.657724760420648,NA,"cv_r2",NA,NA,NA,NA,NA,"cz_human_kidney_v1.5"
"natural_killer_cell","HES4","rf",254,41,0.778518131985621,0.784038908298712,NA,"oob_r2",-0.0251312052230944,0.0196078431372549,TRUE,0.883677893921797,0.785185185185185,"cz_human_kidney_v1.5"
"natural_killer_cell","HES4","lm",254,41,NA,0.738483354468726,NA,"cv_r2",NA,NA,NA,NA,NA,"cz_human_kidney_v1.5"
"natural_killer_cell","HES4","ridge",254,41,NA,0.757436462975891,NA,"cv_r2",NA,NA,NA,NA,NA,"cz_human_kidney_v1.5"
"natural_killer_cell","HES4","spearman",254,41,NA,0.549499306731297,NA,"cv_r2",NA,NA,NA,NA,NA,"cz_human_kidney_v1.5"
"natural_killer_cell","EBF1","rf",254,41,0.823620207313724,0.824743795044993,NA,"oob_r2",-0.0254008878206764,0.0196078431372549,TRUE,0.905907859078591,0.774603174603175,"cz_human_kidney_v1.5"
"natural_killer_cell","EBF1","lm",254,41,NA,0.814378442832684,NA,"cv_r2",NA,NA,NA,NA,NA,"cz_human_kidney_v1.5"
"natural_killer_cell","EBF1","ridge",254,41,NA,0.82289740093425,NA,"cv_r2",NA,NA,NA,NA,NA,"cz_human_kidney_v1.5"
"natural_killer_cell","EBF1","spearman",254,41,NA,0.641445766283487,NA,"cv_r2",NA,NA,NA,NA,NA,"cz_human_kidney_v1.5"
"natural_killer_cell","FOS","rf",254,41,0.775092686949835,0.764919415809628,NA,"oob_r2",-0.0179061472435887,0.0196078431372549,TRUE,0.878970189701897,0.755555555555556,"cz_human_kidney_v1.5"
"natural_killer_cell","FOS","lm",254,41,NA,0.795116728841226,NA,"cv_r2",NA,NA,NA,NA,NA,"cz_human_kidney_v1.5"
"natural_killer_cell","FOS","ridge",254,41,NA,0.79664269408461,NA,"cv_r2",NA,NA,NA,NA,NA,"cz_human_kidney_v1.5"
"natural_killer_cell","FOS","spearman",254,41,NA,0.403829601609991,NA,"cv_r2",NA,NA,NA,NA,NA,"cz_human_kidney_v1.5"
"natural_killer_cell","BDP1","rf",254,41,0.727939075957065,0.735014057108125,NA,"oob_r2",-0.0282789040689926,0.0196078431372549,TRUE,0.858830816879598,0.748148148148148,"cz_human_kidney_v1.5"
"natural_killer_cell","BDP1","lm",254,41,NA,0.676191735023194,NA,"cv_r2",NA,NA,NA,NA,NA,"cz_human_kidney_v1.5"
"natural_killer_cell","BDP1","ridge",254,41,NA,0.696791252703934,NA,"cv_r2",NA,NA,NA,NA,NA,"cz_human_kidney_v1.5"
"natural_killer_cell","BDP1","spearman",254,41,NA,0.465792211783792,NA,"cv_r2",NA,NA,NA,NA,NA,"cz_human_kidney_v1.5"
"natural_killer_cell","HNF4G","rf",254,41,0.778604051733311,0.784853335311527,NA,"oob_r2",-0.0258126527479075,0.0196078431372549,TRUE,0.910449090205188,0.844444444444444,"cz_human_kidney_v1.5"
"natural_killer_cell","HNF4G","lm",254,41,NA,0.792692547862481,NA,"cv_r2",NA,NA,NA,NA,NA,"cz_human_kidney_v1.5"
"natural_killer_cell","HNF4G","ridge",254,41,NA,0.803131252659395,NA,"cv_r2",NA,NA,NA,NA,NA,"cz_human_kidney_v1.5"
"natural_killer_cell","HNF4G","spearman",254,41,NA,0.412502158965241,NA,"cv_r2",NA,NA,NA,NA,NA,"cz_human_kidney_v1.5"
"natural_killer_cell","RARA","rf",254,41,0.759138148921935,0.763052781131644,NA,"oob_r2",-0.027464811196749,0.0196078431372549,TRUE,0.873182346109176,0.844444444444444,"cz_human_kidney_v1.5"
"natural_killer_cell","RARA","lm",254,41,NA,0.744164296421711,NA,"cv_r2",NA,NA,NA,NA,NA,"cz_human_kidney_v1.5"
"natural_killer_cell","RARA","ridge",254,41,NA,0.768591477063067,NA,"cv_r2",NA,NA,NA,NA,NA,"cz_human_kidney_v1.5"
"natural_killer_cell","RARA","spearman",254,41,NA,0.477743225746439,NA,"cv_r2",NA,NA,NA,NA,NA,"cz_human_kidney_v1.5"
"natural_killer_cell","JUNB","rf",254,41,0.789010336375452,0.797470414737615,NA,"oob_r2",-0.0201709291969504,0.0196078431372549,TRUE,0.883650793650794,1,"cz_human_kidney_v1.5"
"natural_killer_cell","JUNB","lm",254,41,NA,0.816513501169992,NA,"cv_r2",NA,NA,NA,NA,NA,"cz_human_kidney_v1.5"
"natural_killer_cell","JUNB","ridge",254,41,NA,0.819848958704717,NA,"cv_r2",NA,NA,NA,NA,NA,"cz_human_kidney_v1.5"
"natural_killer_cell","JUNB","spearman",254,41,NA,0.461146773965285,NA,"cv_r2",NA,NA,NA,NA,NA,"cz_human_kidney_v1.5"
"natural_killer_cell","AR","rf",254,41,0.815719222012552,0.807661193880952,NA,"oob_r2",-0.0381529299761421,0.0196078431372549,TRUE,0.888033294618661,0.740740740740741,"cz_human_kidney_v1.5"
"natural_killer_cell","AR","lm",254,41,NA,0.823134756863513,NA,"cv_r2",NA,NA,NA,NA,NA,"cz_human_kidney_v1.5"
"natural_killer_cell","AR","ridge",254,41,NA,0.833004030429924,NA,"cv_r2",NA,NA,NA,NA,NA,"cz_human_kidney_v1.5"
"natural_killer_cell","AR","spearman",254,41,NA,0.499906842286002,NA,"cv_r2",NA,NA,NA,NA,NA,"cz_human_kidney_v1.5"
"natural_killer_cell","ELK1","rf",254,41,0.73286792493117,0.732841878843747,NA,"oob_r2",-0.023414555263103,0.0196078431372549,TRUE,0.868501742160279,0.933333333333333,"cz_human_kidney_v1.5"
"natural_killer_cell","ELK1","lm",254,41,NA,0.682971567819819,NA,"cv_r2",NA,NA,NA,NA,NA,"cz_human_kidney_v1.5"
"natural_killer_cell","ELK1","ridge",254,41,NA,0.705578460650587,NA,"cv_r2",NA,NA,NA,NA,NA,"cz_human_kidney_v1.5"
"natural_killer_cell","ELK1","spearman",254,41,NA,0.47332581633815,NA,"cv_r2",NA,NA,NA,NA,NA,"cz_human_kidney_v1.5"
"natural_killer_cell","ERG","rf",254,41,0.768091991725829,0.765075179261925,NA,"oob_r2",-0.0331778346736158,0.0196078431372549,TRUE,0.882934572202865,0.844444444444444,"cz_human_kidney_v1.5"
"natural_killer_cell","ERG","lm",254,41,NA,0.722017167397938,NA,"cv_r2",NA,NA,NA,NA,NA,"cz_human_kidney_v1.5"
"natural_killer_cell","ERG","ridge",254,41,NA,0.745666647956968,NA,"cv_r2",NA,NA,NA,NA,NA,"cz_human_kidney_v1.5"
"natural_killer_cell","ERG","spearman",254,41,NA,0.435701008986717,NA,"cv_r2",NA,NA,NA,NA,NA,"cz_human_kidney_v1.5"
"natural_killer_cell","RUNX2","rf",254,41,0.810405579756278,0.808709489901683,NA,"oob_r2",-0.021625360901331,0.0196078431372549,TRUE,0.854889663182346,0.933333333333333,"cz_human_kidney_v1.5"
"natural_killer_cell","RUNX2","lm",254,41,NA,0.809425626160586,NA,"cv_r2",NA,NA,NA,NA,NA,"cz_human_kidney_v1.5"
"natural_killer_cell","RUNX2","ridge",254,41,NA,0.820569298621982,NA,"cv_r2",NA,NA,NA,NA,NA,"cz_human_kidney_v1.5"
"natural_killer_cell","RUNX2","spearman",254,41,NA,0.636097895526474,NA,"cv_r2",NA,NA,NA,NA,NA,"cz_human_kidney_v1.5"
"natural_killer_cell","ID3","rf",254,41,0.797709415320028,0.803680510978822,NA,"oob_r2",-0.0147598090213709,0.0196078431372549,TRUE,0.862675183894696,1,"cz_human_kidney_v1.5"
"natural_killer_cell","ID3","lm",254,41,NA,0.798754905313754,NA,"cv_r2",NA,NA,NA,NA,NA,"cz_human_kidney_v1.5"
"natural_killer_cell","ID3","ridge",254,41,NA,0.807422603180106,NA,"cv_r2",NA,NA,NA,NA,NA,"cz_human_kidney_v1.5"
"natural_killer_cell","ID3","spearman",254,41,NA,0.557485000594001,NA,"cv_r2",NA,NA,NA,NA,NA,"cz_human_kidney_v1.5"
"natural_killer_cell","FOXD2","rf",254,41,0.840102697062435,0.845950134532201,NA,"oob_r2",-0.0418767986965121,0.0196078431372549,TRUE,0.890402632597755,0.874074074074074,"cz_human_kidney_v1.5"
"natural_killer_cell","FOXD2","lm",254,41,NA,0.87711182748854,NA,"cv_r2",NA,NA,NA,NA,NA,"cz_human_kidney_v1.5"
"natural_killer_cell","FOXD2","ridge",254,41,NA,0.878687834078326,NA,"cv_r2",NA,NA,NA,NA,NA,"cz_human_kidney_v1.5"
"natural_killer_cell","FOXD2","spearman",254,41,NA,0.548220730552008,NA,"cv_r2",NA,NA,NA,NA,NA,"cz_human_kidney_v1.5"
"natural_killer_cell","OVOL2","rf",254,41,0.816910814059672,0.814751836211048,NA,"oob_r2",-0.024406354108657,0.0196078431372549,TRUE,0.854510259388308,1,"cz_human_kidney_v1.5"
"natural_killer_cell","OVOL2","lm",254,41,NA,0.829507762396038,NA,"cv_r2",NA,NA,NA,NA,NA,"cz_human_kidney_v1.5"
"natural_killer_cell","OVOL2","ridge",254,41,NA,0.835382984641869,NA,"cv_r2",NA,NA,NA,NA,NA,"cz_human_kidney_v1.5"
"natural_killer_cell","OVOL2","spearman",254,41,NA,0.629709177751875,NA,"cv_r2",NA,NA,NA,NA,NA,"cz_human_kidney_v1.5"
"natural_killer_cell","BACH2","rf",254,41,0.81656074990758,0.824258872970232,NA,"oob_r2",-0.0162853830401489,0.0196078431372549,TRUE,0.869849012775842,0.822222222222222,"cz_human_kidney_v1.5"
"natural_killer_cell","BACH2","lm",254,41,NA,0.845626439220823,NA,"cv_r2",NA,NA,NA,NA,NA,"cz_human_kidney_v1.5"
"natural_killer_cell","BACH2","ridge",254,41,NA,0.849340937545461,NA,"cv_r2",NA,NA,NA,NA,NA,"cz_human_kidney_v1.5"
"natural_killer_cell","BACH2","spearman",254,41,NA,0.403417286051708,NA,"cv_r2",NA,NA,NA,NA,NA,"cz_human_kidney_v1.5"
"natural_killer_cell","IRF6","rf",254,41,0.737614961061816,0.753017679066534,NA,"oob_r2",-0.0248703342138137,0.0196078431372549,TRUE,0.847986837011227,0.82962962962963,"cz_human_kidney_v1.5"
"natural_killer_cell","IRF6","lm",254,41,NA,0.718815510938295,NA,"cv_r2",NA,NA,NA,NA,NA,"cz_human_kidney_v1.5"
"natural_killer_cell","IRF6","ridge",254,41,NA,0.738870089948283,NA,"cv_r2",NA,NA,NA,NA,NA,"cz_human_kidney_v1.5"
"natural_killer_cell","IRF6","spearman",254,41,NA,0.465080484793329,NA,"cv_r2",NA,NA,NA,NA,NA,"cz_human_kidney_v1.5"
"natural_killer_cell","CREB1","rf",254,41,0.793139405064524,0.794526865860365,NA,"oob_r2",-0.0207996488772048,0.0196078431372549,TRUE,0.878528842431282,0.711111111111111,"cz_human_kidney_v1.5"
"natural_killer_cell","CREB1","lm",254,41,NA,0.790361847818034,NA,"cv_r2",NA,NA,NA,NA,NA,"cz_human_kidney_v1.5"
"natural_killer_cell","CREB1","ridge",254,41,NA,0.805678843150389,NA,"cv_r2",NA,NA,NA,NA,NA,"cz_human_kidney_v1.5"
"natural_killer_cell","CREB1","spearman",254,41,NA,0.39364779420913,NA,"cv_r2",NA,NA,NA,NA,NA,"cz_human_kidney_v1.5"
"natural_killer_cell","FOSL2","rf",254,41,0.758775107485474,0.752930314148038,NA,"oob_r2",-0.028541901907128,0.0196078431372549,TRUE,0.866778939217964,0.82962962962963,"cz_human_kidney_v1.5"
"natural_killer_cell","FOSL2","lm",254,41,NA,0.757422975766924,NA,"cv_r2",NA,NA,NA,NA,NA,"cz_human_kidney_v1.5"
"natural_killer_cell","FOSL2","ridge",254,41,NA,0.744314086325385,NA,"cv_r2",NA,NA,NA,NA,NA,"cz_human_kidney_v1.5"
"natural_killer_cell","FOSL2","spearman",254,41,NA,0.43589914332052,NA,"cv_r2",NA,NA,NA,NA,NA,"cz_human_kidney_v1.5"
"natural_killer_cell","E2F5","rf",254,41,0.70249601758223,0.701372242578316,NA,"oob_r2",-0.00550969771609643,0.0196078431372549,TRUE,0.83936507936508,0.933333333333333,"cz_human_kidney_v1.5"
"natural_killer_cell","E2F5","lm",254,41,NA,0.634563841784545,NA,"cv_r2",NA,NA,NA,NA,NA,"cz_human_kidney_v1.5"
"natural_killer_cell","E2F5","ridge",254,41,NA,0.664796051327265,NA,"cv_r2",NA,NA,NA,NA,NA,"cz_human_kidney_v1.5"
"natural_killer_cell","E2F5","spearman",254,41,NA,0.433321183074326,NA,"cv_r2",NA,NA,NA,NA,NA,"cz_human_kidney_v1.5"
"natural_killer_cell","BCL11B","rf",254,41,0.788488876168554,0.79199262265569,NA,"oob_r2",-0.0267987999985057,0.0196078431372549,TRUE,0.880929152148665,0.785185185185185,"cz_human_kidney_v1.5"
"natural_killer_cell","BCL11B","lm",254,41,NA,0.832096440386761,NA,"cv_r2",NA,NA,NA,NA,NA,"cz_human_kidney_v1.5"
"natural_killer_cell","BCL11B","ridge",254,41,NA,0.823419267751741,NA,"cv_r2",NA,NA,NA,NA,NA,"cz_human_kidney_v1.5"
"natural_killer_cell","BCL11B","spearman",254,41,NA,0.52954028206741,NA,"cv_r2",NA,NA,NA,NA,NA,"cz_human_kidney_v1.5"
"natural_killer_cell","TBX1","rf",254,41,0.802541442787298,0.801323624688851,NA,"oob_r2",-0.0229782836543379,0.0196078431372549,TRUE,0.888811459543167,0.816931216931217,"cz_human_kidney_v1.5"
"natural_killer_cell","TBX1","lm",254,41,NA,0.787558350598512,NA,"cv_r2",NA,NA,NA,NA,NA,"cz_human_kidney_v1.5"
"natural_killer_cell","TBX1","ridge",254,41,NA,0.800761513590032,NA,"cv_r2",NA,NA,NA,NA,NA,"cz_human_kidney_v1.5"
"natural_killer_cell","TBX1","spearman",254,41,NA,0.605740800248948,NA,"cv_r2",NA,NA,NA,NA,NA,"cz_human_kidney_v1.5"
"natural_killer_cell","KLF6","rf",254,41,0.783539957530925,0.781253791536118,NA,"oob_r2",-0.0223189893424469,0.0196078431372549,TRUE,0.886271777003484,0.726984126984127,"cz_human_kidney_v1.5"
"natural_killer_cell","KLF6","lm",254,41,NA,0.815006983464235,NA,"cv_r2",NA,NA,NA,NA,NA,"cz_human_kidney_v1.5"
"natural_killer_cell","KLF6","ridge",254,41,NA,0.824981944253233,NA,"cv_r2",NA,NA,NA,NA,NA,"cz_human_kidney_v1.5"
"natural_killer_cell","KLF6","spearman",254,41,NA,0.40835423549412,NA,"cv_r2",NA,NA,NA,NA,NA,"cz_human_kidney_v1.5"
"natural_killer_cell","FOXC1","rf",254,41,0.778544842768865,0.776976433991469,NA,"oob_r2",-0.0199638824034701,0.0196078431372549,TRUE,0.874328300425862,0.661375661375661,"cz_human_kidney_v1.5"
"natural_killer_cell","FOXC1","lm",254,41,NA,0.79355925685477,NA,"cv_r2",NA,NA,NA,NA,NA,"cz_human_kidney_v1.5"
"natural_killer_cell","FOXC1","ridge",254,41,NA,0.799118006470881,NA,"cv_r2",NA,NA,NA,NA,NA,"cz_human_kidney_v1.5"
"natural_killer_cell","FOXC1","spearman",254,41,NA,0.423667359100345,NA,"cv_r2",NA,NA,NA,NA,NA,"cz_human_kidney_v1.5"
"natural_killer_cell","BCLAF1","rf",254,41,0.758650575761408,0.771729696806735,NA,"oob_r2",-0.0316535028400331,0.0196078431372549,TRUE,0.881219512195122,0.701587301587302,"cz_human_kidney_v1.5"
"natural_killer_cell","BCLAF1","lm",254,41,NA,0.786942727718287,NA,"cv_r2",NA,NA,NA,NA,NA,"cz_human_kidney_v1.5"
"natural_killer_cell","BCLAF1","ridge",254,41,NA,0.790938577217977,NA,"cv_r2",NA,NA,NA,NA,NA,"cz_human_kidney_v1.5"
"natural_killer_cell","BCLAF1","spearman",254,41,NA,0.379135496474829,NA,"cv_r2",NA,NA,NA,NA,NA,"cz_human_kidney_v1.5"
"natural_killer_cell","ID2","rf",254,41,0.800705738028968,0.800291429197573,NA,"oob_r2",-0.0123804407542377,0.0196078431372549,TRUE,0.882497096399536,1,"cz_human_kidney_v1.5"
"natural_killer_cell","ID2","lm",254,41,NA,0.805773716138528,NA,"cv_r2",NA,NA,NA,NA,NA,"cz_human_kidney_v1.5"
"natural_killer_cell","ID2","ridge",254,41,NA,0.810470962892186,NA,"cv_r2",NA,NA,NA,NA,NA,"cz_human_kidney_v1.5"
"natural_killer_cell","ID2","spearman",254,41,NA,0.372116895158103,NA,"cv_r2",NA,NA,NA,NA,NA,"cz_human_kidney_v1.5"
"natural_killer_cell","SREBF2","rf",254,41,0.804535727377522,0.807030920899244,NA,"oob_r2",-0.0280964502523894,0.0196078431372549,TRUE,0.872853271389857,0.77037037037037,"cz_human_kidney_v1.5"
"natural_killer_cell","SREBF2","lm",254,41,NA,0.795032107682515,NA,"cv_r2",NA,NA,NA,NA,NA,"cz_human_kidney_v1.5"
"natural_killer_cell","SREBF2","ridge",254,41,NA,0.808993657940682,NA,"cv_r2",NA,NA,NA,NA,NA,"cz_human_kidney_v1.5"
"natural_killer_cell","SREBF2","spearman",254,41,NA,0.459646815691121,NA,"cv_r2",NA,NA,NA,NA,NA,"cz_human_kidney_v1.5"
"natural_killer_cell","MITF","rf",254,41,0.765706990655197,0.768872615181776,NA,"oob_r2",-0.0360090039200387,0.0196078431372549,TRUE,0.873805652342238,0.822222222222222,"cz_human_kidney_v1.5"
"natural_killer_cell","MITF","lm",254,41,NA,0.783420712257725,NA,"cv_r2",NA,NA,NA,NA,NA,"cz_human_kidney_v1.5"
"natural_killer_cell","MITF","ridge",254,41,NA,0.78357507821652,NA,"cv_r2",NA,NA,NA,NA,NA,"cz_human_kidney_v1.5"
"natural_killer_cell","MITF","spearman",254,41,NA,0.577331414407035,NA,"cv_r2",NA,NA,NA,NA,NA,"cz_human_kidney_v1.5"
"natural_killer_cell","NFE2L2","rf",254,41,0.739680349540715,0.747013304172045,NA,"oob_r2",-0.0238709653263745,0.0196078431372549,TRUE,0.878447541618274,0.77037037037037,"cz_human_kidney_v1.5"
"natural_killer_cell","NFE2L2","lm",254,41,NA,0.737215797548534,NA,"cv_r2",NA,NA,NA,NA,NA,"cz_human_kidney_v1.5"
"natural_killer_cell","NFE2L2","ridge",254,41,NA,0.750108097767508,NA,"cv_r2",NA,NA,NA,NA,NA,"cz_human_kidney_v1.5"
"natural_killer_cell","NFE2L2","spearman",254,41,NA,0.443812691134192,NA,"cv_r2",NA,NA,NA,NA,NA,"cz_human_kidney_v1.5"
"natural_killer_cell","ETV7","rf",254,41,0.753828802402497,0.754099862992845,NA,"oob_r2",-0.0245812075633297,0.0196078431372549,TRUE,0.828199767711963,0.755555555555556,"cz_human_kidney_v1.5"
"natural_killer_cell","ETV7","lm",254,41,NA,0.743032239644485,NA,"cv_r2",NA,NA,NA,NA,NA,"cz_human_kidney_v1.5"
"natural_killer_cell","ETV7","ridge",254,41,NA,0.767209263891823,NA,"cv_r2",NA,NA,NA,NA,NA,"cz_human_kidney_v1.5"
"natural_killer_cell","ETV7","spearman",254,41,NA,0.455714625615396,NA,"cv_r2",NA,NA,NA,NA,NA,"cz_human_kidney_v1.5"
"natural_killer_cell","POLR3G","rf",254,41,0.77285271635767,0.769835221798147,NA,"oob_r2",-0.0305462936830364,0.0196078431372549,TRUE,0.850840108401084,1,"cz_human_kidney_v1.5"
"natural_killer_cell","POLR3G","lm",254,41,NA,0.731066305292434,NA,"cv_r2",NA,NA,NA,NA,NA,"cz_human_kidney_v1.5"
"natural_killer_cell","POLR3G","ridge",254,41,NA,0.748771639394931,NA,"cv_r2",NA,NA,NA,NA,NA,"cz_human_kidney_v1.5"
"natural_killer_cell","POLR3G","spearman",254,41,NA,0.521000067189994,NA,"cv_r2",NA,NA,NA,NA,NA,"cz_human_kidney_v1.5"
"natural_killer_cell","SMAD4","rf",254,41,0.775502100038776,0.788994107532884,NA,"oob_r2",-0.0254639821788845,0.0196078431372549,TRUE,0.859926442121564,1,"cz_human_kidney_v1.5"
"natural_killer_cell","SMAD4","lm",254,41,NA,0.771018398654837,NA,"cv_r2",NA,NA,NA,NA,NA,"cz_human_kidney_v1.5"
"natural_killer_cell","SMAD4","ridge",254,41,NA,0.772414780978123,NA,"cv_r2",NA,NA,NA,NA,NA,"cz_human_kidney_v1.5"
"natural_killer_cell","SMAD4","spearman",254,41,NA,0.633394236574057,NA,"cv_r2",NA,NA,NA,NA,NA,"cz_human_kidney_v1.5"
"natural_killer_cell","TBX2","rf",254,41,0.770535481423736,0.768822610426956,NA,"oob_r2",-0.0174775581185041,0.0196078431372549,TRUE,0.888861788617886,0.694179894179894,"cz_human_kidney_v1.5"
"natural_killer_cell","TBX2","lm",254,41,NA,0.784909647438812,NA,"cv_r2",NA,NA,NA,NA,NA,"cz_human_kidney_v1.5"
"natural_killer_cell","TBX2","ridge",254,41,NA,0.792786415658897,NA,"cv_r2",NA,NA,NA,NA,NA,"cz_human_kidney_v1.5"
"natural_killer_cell","TBX2","spearman",254,41,NA,0.590442207734357,NA,"cv_r2",NA,NA,NA,NA,NA,"cz_human_kidney_v1.5"
"natural_killer_cell","SPIB","rf",254,41,0.724228820297337,0.738778004463429,NA,"oob_r2",-0.0120539714283238,0.0196078431372549,TRUE,0.863546264034069,0.708994708994709,"cz_human_kidney_v1.5"
"natural_killer_cell","SPIB","lm",254,41,NA,0.742495430733858,NA,"cv_r2",NA,NA,NA,NA,NA,"cz_human_kidney_v1.5"
"natural_killer_cell","SPIB","ridge",254,41,NA,0.740835162373191,NA,"cv_r2",NA,NA,NA,NA,NA,"cz_human_kidney_v1.5"
"natural_killer_cell","SPIB","spearman",254,41,NA,0.440754594897859,NA,"cv_r2",NA,NA,NA,NA,NA,"cz_human_kidney_v1.5"
"natural_killer_cell","PPARGC1A","rf",254,41,0.755839094578262,0.757655720617713,NA,"oob_r2",-0.025318697590978,0.0196078431372549,TRUE,0.865656213704994,0.757671957671958,"cz_human_kidney_v1.5"
"natural_killer_cell","PPARGC1A","lm",254,41,NA,0.751925427893043,NA,"cv_r2",NA,NA,NA,NA,NA,"cz_human_kidney_v1.5"
"natural_killer_cell","PPARGC1A","ridge",254,41,NA,0.758846925369435,NA,"cv_r2",NA,NA,NA,NA,NA,"cz_human_kidney_v1.5"
"natural_killer_cell","PPARGC1A","spearman",254,41,NA,0.435845368088586,NA,"cv_r2",NA,NA,NA,NA,NA,"cz_human_kidney_v1.5"
"natural_killer_cell","KLF12","rf",254,41,0.780953091148473,0.784461731819909,NA,"oob_r2",-0.0153909976870887,0.0196078431372549,TRUE,0.899144405729772,0.71957671957672,"cz_human_kidney_v1.5"
"natural_killer_cell","KLF12","lm",254,41,NA,0.806893002134267,NA,"cv_r2",NA,NA,NA,NA,NA,"cz_human_kidney_v1.5"
"natural_killer_cell","KLF12","ridge",254,41,NA,0.81162440148777,NA,"cv_r2",NA,NA,NA,NA,NA,"cz_human_kidney_v1.5"
"natural_killer_cell","KLF12","spearman",254,41,NA,0.495771692973649,NA,"cv_r2",NA,NA,NA,NA,NA,"cz_human_kidney_v1.5"
"natural_killer_cell","XBP1","rf",254,41,0.716621070417615,0.737333679376952,NA,"oob_r2",-0.024581206603288,0.0196078431372549,TRUE,0.866476964769648,0.868783068783069,"cz_human_kidney_v1.5"
"natural_killer_cell","XBP1","lm",254,41,NA,0.737910629747789,NA,"cv_r2",NA,NA,NA,NA,NA,"cz_human_kidney_v1.5"
"natural_killer_cell","XBP1","ridge",254,41,NA,0.741902071720795,NA,"cv_r2",NA,NA,NA,NA,NA,"cz_human_kidney_v1.5"
"natural_killer_cell","XBP1","spearman",254,41,NA,0.353897294105775,NA,"cv_r2",NA,NA,NA,NA,NA,"cz_human_kidney_v1.5"
"natural_killer_cell","ELF3","rf",254,41,0.695703028225523,0.705675693031748,NA,"oob_r2",-0.0184909659967102,0.0196078431372549,TRUE,0.87189701897019,0.755555555555556,"cz_human_kidney_v1.5"
"natural_killer_cell","ELF3","lm",254,41,NA,0.650371384989986,NA,"cv_r2",NA,NA,NA,NA,NA,"cz_human_kidney_v1.5"
"natural_killer_cell","ELF3","ridge",254,41,NA,0.667618456569901,NA,"cv_r2",NA,NA,NA,NA,NA,"cz_human_kidney_v1.5"
"natural_killer_cell","ELF3","spearman",254,41,NA,0.419463637207768,NA,"cv_r2",NA,NA,NA,NA,NA,"cz_human_kidney_v1.5"
"natural_killer_cell","RARG","rf",254,41,0.796748924103924,0.796065010123009,NA,"oob_r2",-0.0176511837015544,0.0196078431372549,TRUE,0.877208672086721,0.82962962962963,"cz_human_kidney_v1.5"
"natural_killer_cell","RARG","lm",254,41,NA,0.833347143083857,NA,"cv_r2",NA,NA,NA,NA,NA,"cz_human_kidney_v1.5"
"natural_killer_cell","RARG","ridge",254,41,NA,0.834487548462413,NA,"cv_r2",NA,NA,NA,NA,NA,"cz_human_kidney_v1.5"
"natural_killer_cell","RARG","spearman",254,41,NA,0.565180321150514,NA,"cv_r2",NA,NA,NA,NA,NA,"cz_human_kidney_v1.5"
"natural_killer_cell","FOSB","rf",254,41,0.73546893663575,0.725307760908207,NA,"oob_r2",-0.0230000263236875,0.0196078431372549,TRUE,0.842218350754936,0.757671957671958,"cz_human_kidney_v1.5"
"natural_killer_cell","FOSB","lm",254,41,NA,0.721618559432808,NA,"cv_r2",NA,NA,NA,NA,NA,"cz_human_kidney_v1.5"
"natural_killer_cell","FOSB","ridge",254,41,NA,0.72624605790176,NA,"cv_r2",NA,NA,NA,NA,NA,"cz_human_kidney_v1.5"
"natural_killer_cell","FOSB","spearman",254,41,NA,0.414621721941248,NA,"cv_r2",NA,NA,NA,NA,NA,"cz_human_kidney_v1.5"
"natural_killer_cell","POLR2A","rf",254,41,0.772889883744248,0.783331610598171,NA,"oob_r2",-0.0148905998944679,0.0196078431372549,TRUE,0.862222222222222,0.82962962962963,"cz_human_kidney_v1.5"
"natural_killer_cell","POLR2A","lm",254,41,NA,0.800014477810722,NA,"cv_r2",NA,NA,NA,NA,NA,"cz_human_kidney_v1.5"
"natural_killer_cell","POLR2A","ridge",254,41,NA,0.804290651742907,NA,"cv_r2",NA,NA,NA,NA,NA,"cz_human_kidney_v1.5"
"natural_killer_cell","POLR2A","spearman",254,41,NA,0.551930387611994,NA,"cv_r2",NA,NA,NA,NA,NA,"cz_human_kidney_v1.5"
"natural_killer_cell","NR4A3","rf",254,41,0.743487291525442,0.744328380515553,NA,"oob_r2",-0.0320255317848771,0.0196078431372549,TRUE,0.858370112272551,0.774603174603175,"cz_human_kidney_v1.5"
"natural_killer_cell","NR4A3","lm",254,41,NA,0.729630728818376,NA,"cv_r2",NA,NA,NA,NA,NA,"cz_human_kidney_v1.5"
"natural_killer_cell","NR4A3","ridge",254,41,NA,0.746221832211234,NA,"cv_r2",NA,NA,NA,NA,NA,"cz_human_kidney_v1.5"
"natural_killer_cell","NR4A3","spearman",254,41,NA,0.318983402524671,NA,"cv_r2",NA,NA,NA,NA,NA,"cz_human_kidney_v1.5"
"natural_killer_cell","AHR","rf",254,41,0.804182941340495,0.803527523993299,NA,"oob_r2",-0.0282906879598739,0.0196078431372549,TRUE,0.836991869918699,0.725925925925926,"cz_human_kidney_v1.5"
"natural_killer_cell","AHR","lm",254,41,NA,0.793593251343087,NA,"cv_r2",NA,NA,NA,NA,NA,"cz_human_kidney_v1.5"
"natural_killer_cell","AHR","ridge",254,41,NA,0.794346734730286,NA,"cv_r2",NA,NA,NA,NA,NA,"cz_human_kidney_v1.5"
"natural_killer_cell","AHR","spearman",254,41,NA,0.724540317633577,NA,"cv_r2",NA,NA,NA,NA,NA,"cz_human_kidney_v1.5"
"natural_killer_cell","MAFB","rf",254,41,0.801511566483319,0.79919099798126,NA,"oob_r2",-0.0367272664903676,0.0196078431372549,TRUE,0.885919473480449,0.725925925925926,"cz_human_kidney_v1.5"
"natural_killer_cell","MAFB","lm",254,41,NA,0.808486122660923,NA,"cv_r2",NA,NA,NA,NA,NA,"cz_human_kidney_v1.5"
"natural_killer_cell","MAFB","ridge",254,41,NA,0.823205785169002,NA,"cv_r2",NA,NA,NA,NA,NA,"cz_human_kidney_v1.5"
"natural_killer_cell","MAFB","spearman",254,41,NA,0.334194452665464,NA,"cv_r2",NA,NA,NA,NA,NA,"cz_human_kidney_v1.5"
"natural_killer_cell","HSF4","rf",254,41,0.774676032372287,0.753089915824518,NA,"oob_r2",-0.0389218399308889,0.0196078431372549,TRUE,0.843960511033682,0.826455026455026,"cz_human_kidney_v1.5"
"natural_killer_cell","HSF4","lm",254,41,NA,0.793921727163195,NA,"cv_r2",NA,NA,NA,NA,NA,"cz_human_kidney_v1.5"
"natural_killer_cell","HSF4","ridge",254,41,NA,0.797724723107238,NA,"cv_r2",NA,NA,NA,NA,NA,"cz_human_kidney_v1.5"
"natural_killer_cell","HSF4","spearman",254,41,NA,0.551031087585103,NA,"cv_r2",NA,NA,NA,NA,NA,"cz_human_kidney_v1.5"
"natural_killer_cell","AHRR","rf",254,41,0.799263823250096,0.804448268061537,NA,"oob_r2",-0.0207424569245315,0.0196078431372549,TRUE,0.869721254355401,0.933333333333333,"cz_human_kidney_v1.5"
"natural_killer_cell","AHRR","lm",254,41,NA,0.779283477347591,NA,"cv_r2",NA,NA,NA,NA,NA,"cz_human_kidney_v1.5"
"natural_killer_cell","AHRR","ridge",254,41,NA,0.784717876765515,NA,"cv_r2",NA,NA,NA,NA,NA,"cz_human_kidney_v1.5"
"natural_killer_cell","AHRR","spearman",254,41,NA,0.705144078346565,NA,"cv_r2",NA,NA,NA,NA,NA,"cz_human_kidney_v1.5"
"natural_killer_cell","MYBL1","rf",254,41,0.801928063406918,0.81119681173466,NA,"oob_r2",-0.0376580149427628,0.0196078431372549,TRUE,0.886608594657375,0.933333333333333,"cz_human_kidney_v1.5"
"natural_killer_cell","MYBL1","lm",254,41,NA,0.817352221597052,NA,"cv_r2",NA,NA,NA,NA,NA,"cz_human_kidney_v1.5"
"natural_killer_cell","MYBL1","ridge",254,41,NA,0.822556919327713,NA,"cv_r2",NA,NA,NA,NA,NA,"cz_human_kidney_v1.5"
"natural_killer_cell","MYBL1","spearman",254,41,NA,0.434216302769795,NA,"cv_r2",NA,NA,NA,NA,NA,"cz_human_kidney_v1.5"
"natural_killer_cell","ZSCAN31","rf",254,41,0.726283821222112,0.748871840418569,NA,"oob_r2",-0.0149176010856788,0.0196078431372549,TRUE,0.878919860627178,0.822222222222222,"cz_human_kidney_v1.5"
"natural_killer_cell","ZSCAN31","lm",254,41,NA,0.744289437411264,NA,"cv_r2",NA,NA,NA,NA,NA,"cz_human_kidney_v1.5"
"natural_killer_cell","ZSCAN31","ridge",254,41,NA,0.744337602945878,NA,"cv_r2",NA,NA,NA,NA,NA,"cz_human_kidney_v1.5"
"natural_killer_cell","ZSCAN31","spearman",254,41,NA,0.605617329972436,NA,"cv_r2",NA,NA,NA,NA,NA,"cz_human_kidney_v1.5"
"natural_killer_cell","FOXN3","rf",254,41,0.765454432897098,0.7682461440442,NA,"oob_r2",-0.0225305781133347,0.0196078431372549,TRUE,0.862361595044522,0.575661375661376,"cz_human_kidney_v1.5"
"natural_killer_cell","FOXN3","lm",254,41,NA,0.780079704482862,NA,"cv_r2",NA,NA,NA,NA,NA,"cz_human_kidney_v1.5"
"natural_killer_cell","FOXN3","ridge",254,41,NA,0.784984514112787,NA,"cv_r2",NA,NA,NA,NA,NA,"cz_human_kidney_v1.5"
"natural_killer_cell","FOXN3","spearman",254,41,NA,0.559678612693155,NA,"cv_r2",NA,NA,NA,NA,NA,"cz_human_kidney_v1.5"
"natural_killer_cell","RFX2","rf",254,41,0.70924469706416,0.71764134422159,NA,"oob_r2",-0.0279842338696688,0.0196078431372549,TRUE,0.85534262485482,0.868783068783069,"cz_human_kidney_v1.5"
"natural_killer_cell","RFX2","lm",254,41,NA,0.627306981376298,NA,"cv_r2",NA,NA,NA,NA,NA,"cz_human_kidney_v1.5"
"natural_killer_cell","RFX2","ridge",254,41,NA,0.669484885066256,NA,"cv_r2",NA,NA,NA,NA,NA,"cz_human_kidney_v1.5"
"natural_killer_cell","RFX2","spearman",254,41,NA,0.455868119003414,NA,"cv_r2",NA,NA,NA,NA,NA,"cz_human_kidney_v1.5"
"natural_killer_cell","NR4A2","rf",254,41,0.738838255847862,0.721714100077614,NA,"oob_r2",-0.0315004935740366,0.0196078431372549,TRUE,0.882179636082075,0.724867724867725,"cz_human_kidney_v1.5"
"natural_killer_cell","NR4A2","lm",254,41,NA,0.764556524921596,NA,"cv_r2",NA,NA,NA,NA,NA,"cz_human_kidney_v1.5"
"natural_killer_cell","NR4A2","ridge",254,41,NA,0.765227685155529,NA,"cv_r2",NA,NA,NA,NA,NA,"cz_human_kidney_v1.5"
"natural_killer_cell","NR4A2","spearman",254,41,NA,0.421694013522966,NA,"cv_r2",NA,NA,NA,NA,NA,"cz_human_kidney_v1.5"
"natural_killer_cell","ELK3","rf",254,41,0.742210149787797,0.73249405148043,NA,"oob_r2",-0.0136299050067844,0.0196078431372549,TRUE,0.858753387533876,0.82962962962963,"cz_human_kidney_v1.5"
"natural_killer_cell","ELK3","lm",254,41,NA,0.698319104790717,NA,"cv_r2",NA,NA,NA,NA,NA,"cz_human_kidney_v1.5"
"natural_killer_cell","ELK3","ridge",254,41,NA,0.71672973369441,NA,"cv_r2",NA,NA,NA,NA,NA,"cz_human_kidney_v1.5"
"natural_killer_cell","ELK3","spearman",254,41,NA,0.446814881727041,NA,"cv_r2",NA,NA,NA,NA,NA,"cz_human_kidney_v1.5"
"natural_killer_cell","ZNF331","rf",254,41,0.843839571946468,0.828366113671964,NA,"oob_r2",-0.0196543004823447,0.0196078431372549,TRUE,0.829624467673248,0.77037037037037,"cz_human_kidney_v1.5"
"natural_killer_cell","ZNF331","lm",254,41,NA,0.847510460294851,NA,"cv_r2",NA,NA,NA,NA,NA,"cz_human_kidney_v1.5"
"natural_killer_cell","ZNF331","ridge",254,41,NA,0.846096130537823,NA,"cv_r2",NA,NA,NA,NA,NA,"cz_human_kidney_v1.5"
"natural_killer_cell","ZNF331","spearman",254,41,NA,0.745427166927269,NA,"cv_r2",NA,NA,NA,NA,NA,"cz_human_kidney_v1.5"
"natural_killer_cell","TCFL5","rf",254,41,0.781887676364165,0.779585465322248,NA,"oob_r2",-0.0312696343026527,0.0196078431372549,TRUE,0.904258614014712,0.933333333333333,"cz_human_kidney_v1.5"
"natural_killer_cell","TCFL5","lm",254,41,NA,0.762837021075467,NA,"cv_r2",NA,NA,NA,NA,NA,"cz_human_kidney_v1.5"
"natural_killer_cell","TCFL5","ridge",254,41,NA,0.77126238591524,NA,"cv_r2",NA,NA,NA,NA,NA,"cz_human_kidney_v1.5"
"natural_killer_cell","TCFL5","spearman",254,41,NA,0.530689828139934,NA,"cv_r2",NA,NA,NA,NA,NA,"cz_human_kidney_v1.5"
"natural_killer_cell","NR4A1","rf",254,41,0.733467664696475,0.71973968840874,NA,"oob_r2",-0.0147172799526172,0.0196078431372549,TRUE,0.871506000774294,0.735449735449735,"cz_human_kidney_v1.5"
"natural_killer_cell","NR4A1","lm",254,41,NA,0.720223573600448,NA,"cv_r2",NA,NA,NA,NA,NA,"cz_human_kidney_v1.5"
"natural_killer_cell","NR4A1","ridge",254,41,NA,0.739969053676541,NA,"cv_r2",NA,NA,NA,NA,NA,"cz_human_kidney_v1.5"
"natural_killer_cell","NR4A1","spearman",254,41,NA,0.31246977143724,NA,"cv_r2",NA,NA,NA,NA,NA,"cz_human_kidney_v1.5"
"natural_killer_cell","FOXO4","rf",254,41,0.769551964052163,0.760269998037513,NA,"oob_r2",-0.0146914277946747,0.0196078431372549,TRUE,0.903790166473094,0.71005291005291,"cz_human_kidney_v1.5"
"natural_killer_cell","FOXO4","lm",254,41,NA,0.784102417005527,NA,"cv_r2",NA,NA,NA,NA,NA,"cz_human_kidney_v1.5"
"natural_killer_cell","FOXO4","ridge",254,41,NA,0.774521185684914,NA,"cv_r2",NA,NA,NA,NA,NA,"cz_human_kidney_v1.5"
"natural_killer_cell","FOXO4","spearman",254,41,NA,0.498758037331693,NA,"cv_r2",NA,NA,NA,NA,NA,"cz_human_kidney_v1.5"
"natural_killer_cell","MYEF2","rf",254,41,0.74390377113482,0.737398779630521,NA,"oob_r2",-0.0150477042681403,0.0196078431372549,TRUE,0.861924119241193,0.668783068783069,"cz_human_kidney_v1.5"
"natural_killer_cell","MYEF2","lm",254,41,NA,0.761802228917292,NA,"cv_r2",NA,NA,NA,NA,NA,"cz_human_kidney_v1.5"
"natural_killer_cell","MYEF2","ridge",254,41,NA,0.769377499947878,NA,"cv_r2",NA,NA,NA,NA,NA,"cz_human_kidney_v1.5"
"natural_killer_cell","MYEF2","spearman",254,41,NA,0.49529399151088,NA,"cv_r2",NA,NA,NA,NA,NA,"cz_human_kidney_v1.5"
"natural_killer_cell","GCM1","rf",254,41,0.819371433196386,0.800704880659785,NA,"oob_r2",-0.0280093916217192,0.0196078431372549,TRUE,0.881935733643051,0.874074074074074,"cz_human_kidney_v1.5"
"natural_killer_cell","GCM1","lm",254,41,NA,0.82798414597029,NA,"cv_r2",NA,NA,NA,NA,NA,"cz_human_kidney_v1.5"
"natural_killer_cell","GCM1","ridge",254,41,NA,0.830338291204214,NA,"cv_r2",NA,NA,NA,NA,NA,"cz_human_kidney_v1.5"
"natural_killer_cell","GCM1","spearman",254,41,NA,0.697504314333748,NA,"cv_r2",NA,NA,NA,NA,NA,"cz_human_kidney_v1.5"
"natural_killer_cell","ZBTB16","rf",254,41,0.79069611883514,0.783046156005373,NA,"oob_r2",-0.0260296453417771,0.0196078431372549,TRUE,0.829353464963221,0.785185185185185,"cz_human_kidney_v1.5"
"natural_killer_cell","ZBTB16","lm",254,41,NA,0.77376167292978,NA,"cv_r2",NA,NA,NA,NA,NA,"cz_human_kidney_v1.5"
"natural_killer_cell","ZBTB16","ridge",254,41,NA,0.795439245116469,NA,"cv_r2",NA,NA,NA,NA,NA,"cz_human_kidney_v1.5"
"natural_killer_cell","ZBTB16","spearman",254,41,NA,0.540412778923267,NA,"cv_r2",NA,NA,NA,NA,NA,"cz_human_kidney_v1.5"
"natural_killer_cell","STAT4","rf",254,41,0.790543263298139,0.790925356959051,NA,"oob_r2",-0.0470394097281454,0.0196078431372549,TRUE,0.849101819589625,1,"cz_human_kidney_v1.5"
"natural_killer_cell","STAT4","lm",254,41,NA,0.766513053878733,NA,"cv_r2",NA,NA,NA,NA,NA,"cz_human_kidney_v1.5"
"natural_killer_cell","STAT4","ridge",254,41,NA,0.769997786798185,NA,"cv_r2",NA,NA,NA,NA,NA,"cz_human_kidney_v1.5"
"natural_killer_cell","STAT4","spearman",254,41,NA,0.492012699802328,NA,"cv_r2",NA,NA,NA,NA,NA,"cz_human_kidney_v1.5"
"natural_killer_cell","POU2F1","rf",254,41,0.761166518073809,0.76150943868823,NA,"oob_r2",-0.0118255935799994,0.0196078431372549,TRUE,0.855989159891599,0.755555555555556,"cz_human_kidney_v1.5"
"natural_killer_cell","POU2F1","lm",254,41,NA,0.728640223554513,NA,"cv_r2",NA,NA,NA,NA,NA,"cz_human_kidney_v1.5"
"natural_killer_cell","POU2F1","ridge",254,41,NA,0.746707198399515,NA,"cv_r2",NA,NA,NA,NA,NA,"cz_human_kidney_v1.5"
"natural_killer_cell","POU2F1","spearman",254,41,NA,0.490407947596892,NA,"cv_r2",NA,NA,NA,NA,NA,"cz_human_kidney_v1.5"
"natural_killer_cell","RFX3","rf",254,41,0.697100379789077,0.701131872963892,NA,"oob_r2",-0.0172916888548527,0.0196078431372549,TRUE,0.89413085559427,0.874074074074074,"cz_human_kidney_v1.5"
"natural_killer_cell","RFX3","lm",254,41,NA,0.59411442628523,NA,"cv_r2",NA,NA,NA,NA,NA,"cz_human_kidney_v1.5"
"natural_killer_cell","RFX3","ridge",254,41,NA,0.636311561014917,NA,"cv_r2",NA,NA,NA,NA,NA,"cz_human_kidney_v1.5"
"natural_killer_cell","RFX3","spearman",254,41,NA,0.44245521720398,NA,"cv_r2",NA,NA,NA,NA,NA,"cz_human_kidney_v1.5"
"natural_killer_cell","RELB","rf",254,41,0.703921571658362,0.70945915805343,NA,"oob_r2",-0.0289203485009327,0.0196078431372549,TRUE,0.870739450251646,0.933333333333333,"cz_human_kidney_v1.5"
"natural_killer_cell","RELB","lm",254,41,NA,0.66261935695492,NA,"cv_r2",NA,NA,NA,NA,NA,"cz_human_kidney_v1.5"
"natural_killer_cell","RELB","ridge",254,41,NA,0.68651359908389,NA,"cv_r2",NA,NA,NA,NA,NA,"cz_human_kidney_v1.5"
"natural_killer_cell","RELB","spearman",254,41,NA,0.386599674920874,NA,"cv_r2",NA,NA,NA,NA,NA,"cz_human_kidney_v1.5"
"natural_killer_cell","PBX1","rf",254,41,0.749252971611342,0.727109513487487,NA,"oob_r2",-0.0223037947699604,0.0196078431372549,TRUE,0.834328300425862,0.874074074074074,"cz_human_kidney_v1.5"
"natural_killer_cell","PBX1","lm",254,41,NA,0.723709143226926,NA,"cv_r2",NA,NA,NA,NA,NA,"cz_human_kidney_v1.5"
"natural_killer_cell","PBX1","ridge",254,41,NA,0.747176920787119,NA,"cv_r2",NA,NA,NA,NA,NA,"cz_human_kidney_v1.5"
"natural_killer_cell","PBX1","spearman",254,41,NA,0.512591949613974,NA,"cv_r2",NA,NA,NA,NA,NA,"cz_human_kidney_v1.5"
"natural_killer_cell","NFYC","rf",254,41,0.611661585920881,0.644309010014591,NA,"oob_r2",-0.0204448924613929,0.0196078431372549,TRUE,0.880960123886953,0.721693121693122,"cz_human_kidney_v1.5"
"natural_killer_cell","NFYC","lm",254,41,NA,0.597222755504361,NA,"cv_r2",NA,NA,NA,NA,NA,"cz_human_kidney_v1.5"
"natural_killer_cell","NFYC","ridge",254,41,NA,0.621425569877408,NA,"cv_r2",NA,NA,NA,NA,NA,"cz_human_kidney_v1.5"
"natural_killer_cell","NFYC","spearman",254,41,NA,0.367172925404635,NA,"cv_r2",NA,NA,NA,NA,NA,"cz_human_kidney_v1.5"
"natural_killer_cell","TP63","rf",254,41,0.721557929208225,0.698188430753186,NA,"oob_r2",-0.0174775037313734,0.0196078431372549,TRUE,0.880077429345722,0.655026455026455,"cz_human_kidney_v1.5"
"natural_killer_cell","TP63","lm",254,41,NA,0.686345854773288,NA,"cv_r2",NA,NA,NA,NA,NA,"cz_human_kidney_v1.5"
"natural_killer_cell","TP63","ridge",254,41,NA,0.716917077693632,NA,"cv_r2",NA,NA,NA,NA,NA,"cz_human_kidney_v1.5"
"natural_killer_cell","TP63","spearman",254,41,NA,0.399138419543531,NA,"cv_r2",NA,NA,NA,NA,NA,"cz_human_kidney_v1.5"
"natural_killer_cell","CREM","rf",254,41,0.67775968181784,0.670142355636301,NA,"oob_r2",-0.0270729096367034,0.0196078431372549,TRUE,0.85703058459156,0.933333333333333,"cz_human_kidney_v1.5"
"natural_killer_cell","CREM","lm",254,41,NA,0.674474803365621,NA,"cv_r2",NA,NA,NA,NA,NA,"cz_human_kidney_v1.5"
"natural_killer_cell","CREM","ridge",254,41,NA,0.659988281514892,NA,"cv_r2",NA,NA,NA,NA,NA,"cz_human_kidney_v1.5"
"natural_killer_cell","CREM","spearman",254,41,NA,0.305599828676953,NA,"cv_r2",NA,NA,NA,NA,NA,"cz_human_kidney_v1.5"
"natural_killer_cell","NFATC3","rf",254,41,0.733278842229828,0.729675133461567,NA,"oob_r2",-0.0153899815790199,0.0196078431372549,TRUE,0.852307394502517,0.758730158730159,"cz_human_kidney_v1.5"
"natural_killer_cell","NFATC3","lm",254,41,NA,0.725887356528107,NA,"cv_r2",NA,NA,NA,NA,NA,"cz_human_kidney_v1.5"
"natural_killer_cell","NFATC3","ridge",254,41,NA,0.735058832155067,NA,"cv_r2",NA,NA,NA,NA,NA,"cz_human_kidney_v1.5"
"natural_killer_cell","NFATC3","spearman",254,41,NA,0.401367232719254,NA,"cv_r2",NA,NA,NA,NA,NA,"cz_human_kidney_v1.5"
"natural_killer_cell","JUN","rf",254,41,0.753757228917197,0.731959800416614,NA,"oob_r2",-0.0176968107044951,0.0196078431372549,TRUE,0.86196670538134,0.77989417989418,"cz_human_kidney_v1.5"
"natural_killer_cell","JUN","lm",254,41,NA,0.746354766393561,NA,"cv_r2",NA,NA,NA,NA,NA,"cz_human_kidney_v1.5"
"natural_killer_cell","JUN","ridge",254,41,NA,0.747980328193124,NA,"cv_r2",NA,NA,NA,NA,NA,"cz_human_kidney_v1.5"
"natural_killer_cell","JUN","spearman",254,41,NA,0.464887041613714,NA,"cv_r2",NA,NA,NA,NA,NA,"cz_human_kidney_v1.5"
"natural_killer_cell","ZNF449","rf",254,41,0.74024170690849,0.724877321361208,NA,"oob_r2",-0.0347820946826586,0.0196078431372549,TRUE,0.837127371273713,0.8,"cz_human_kidney_v1.5"
"natural_killer_cell","ZNF449","lm",254,41,NA,0.710239191831163,NA,"cv_r2",NA,NA,NA,NA,NA,"cz_human_kidney_v1.5"
"natural_killer_cell","ZNF449","ridge",254,41,NA,0.719503640288938,NA,"cv_r2",NA,NA,NA,NA,NA,"cz_human_kidney_v1.5"
"natural_killer_cell","ZNF449","spearman",254,41,NA,0.445448364769277,NA,"cv_r2",NA,NA,NA,NA,NA,"cz_human_kidney_v1.5"
"natural_killer_cell","PRDM5","rf",254,41,0.780127615502661,0.787019159630243,NA,"oob_r2",-0.0283335106797093,0.0196078431372549,TRUE,0.864967092528068,0.755555555555556,"cz_human_kidney_v1.5"
"natural_killer_cell","PRDM5","lm",254,41,NA,0.78973958505832,NA,"cv_r2",NA,NA,NA,NA,NA,"cz_human_kidney_v1.5"
"natural_killer_cell","PRDM5","ridge",254,41,NA,0.799275818185432,NA,"cv_r2",NA,NA,NA,NA,NA,"cz_human_kidney_v1.5"
"natural_killer_cell","PRDM5","spearman",254,41,NA,0.544159551544201,NA,"cv_r2",NA,NA,NA,NA,NA,"cz_human_kidney_v1.5"
"natural_killer_cell","RFX1","rf",254,41,0.750846796093825,0.746328202520825,NA,"oob_r2",-0.0303627956286766,0.0196078431372549,TRUE,0.869388308168796,0.73015873015873,"cz_human_kidney_v1.5"
"natural_killer_cell","RFX1","lm",254,41,NA,0.762585535982238,NA,"cv_r2",NA,NA,NA,NA,NA,"cz_human_kidney_v1.5"
"natural_killer_cell","RFX1","ridge",254,41,NA,0.770794377755233,NA,"cv_r2",NA,NA,NA,NA,NA,"cz_human_kidney_v1.5"
"natural_killer_cell","RFX1","spearman",254,41,NA,0.49641379751953,NA,"cv_r2",NA,NA,NA,NA,NA,"cz_human_kidney_v1.5"
"natural_killer_cell","ZNF257","rf",254,41,0.652581610011732,0.648919062363863,NA,"oob_r2",-0.0108198782506459,0.0196078431372549,TRUE,0.829806426635695,0.652910052910053,"cz_human_kidney_v1.5"
"natural_killer_cell","ZNF257","lm",254,41,NA,0.62625506580161,NA,"cv_r2",NA,NA,NA,NA,NA,"cz_human_kidney_v1.5"
"natural_killer_cell","ZNF257","ridge",254,41,NA,0.649219612607394,NA,"cv_r2",NA,NA,NA,NA,NA,"cz_human_kidney_v1.5"
"natural_killer_cell","ZNF257","spearman",254,41,NA,0.433768257101114,NA,"cv_r2",NA,NA,NA,NA,NA,"cz_human_kidney_v1.5"
"natural_killer_cell","TFCP2L1","rf",254,41,0.721841020531678,0.727274167080509,NA,"oob_r2",-0.0234543585390675,0.0196078431372549,TRUE,0.824030197444832,0.686772486772487,"cz_human_kidney_v1.5"
"natural_killer_cell","TFCP2L1","lm",254,41,NA,0.687794783288691,NA,"cv_r2",NA,NA,NA,NA,NA,"cz_human_kidney_v1.5"
"natural_killer_cell","TFCP2L1","ridge",254,41,NA,0.690003629196958,NA,"cv_r2",NA,NA,NA,NA,NA,"cz_human_kidney_v1.5"
"natural_killer_cell","TFCP2L1","spearman",254,41,NA,0.463502902995367,NA,"cv_r2",NA,NA,NA,NA,NA,"cz_human_kidney_v1.5"
"natural_killer_cell","ZNF683","rf",254,41,0.75160009880244,0.74207323693031,NA,"oob_r2",-0.0226317310393484,0.0196078431372549,TRUE,0.870704607046071,0.762962962962963,"cz_human_kidney_v1.5"
"natural_killer_cell","ZNF683","lm",254,41,NA,0.729848203484645,NA,"cv_r2",NA,NA,NA,NA,NA,"cz_human_kidney_v1.5"
"natural_killer_cell","ZNF683","ridge",254,41,NA,0.725988316927837,NA,"cv_r2",NA,NA,NA,NA,NA,"cz_human_kidney_v1.5"
"natural_killer_cell","ZNF683","spearman",254,41,NA,0.432787148730676,NA,"cv_r2",NA,NA,NA,NA,NA,"cz_human_kidney_v1.5"
"natural_killer_cell","BRCA1","rf",254,41,0.658537300510858,0.647963084839438,NA,"oob_r2",-0.0261567233583753,0.0196078431372549,TRUE,0.846833139759969,0.659259259259259,"cz_human_kidney_v1.5"
"natural_killer_cell","BRCA1","lm",254,41,NA,0.659704365617286,NA,"cv_r2",NA,NA,NA,NA,NA,"cz_human_kidney_v1.5"
"natural_killer_cell","BRCA1","ridge",254,41,NA,0.647500835095167,NA,"cv_r2",NA,NA,NA,NA,NA,"cz_human_kidney_v1.5"
"natural_killer_cell","BRCA1","spearman",254,41,NA,0.362177093587077,NA,"cv_r2",NA,NA,NA,NA,NA,"cz_human_kidney_v1.5"
"natural_killer_cell","ZNF75A","rf",254,41,0.643434677598162,0.6291736430782,NA,"oob_r2",-0.01254539253711,0.0196078431372549,TRUE,0.819818041037553,1,"cz_human_kidney_v1.5"
"natural_killer_cell","ZNF75A","lm",254,41,NA,0.563972849363115,NA,"cv_r2",NA,NA,NA,NA,NA,"cz_human_kidney_v1.5"
"natural_killer_cell","ZNF75A","ridge",254,41,NA,0.61115946655059,NA,"cv_r2",NA,NA,NA,NA,NA,"cz_human_kidney_v1.5"
"natural_killer_cell","ZNF75A","spearman",254,41,NA,0.455841574247737,NA,"cv_r2",NA,NA,NA,NA,NA,"cz_human_kidney_v1.5"
"natural_killer_cell","NR2F1","rf",254,41,0.597563700258342,0.614475576304115,NA,"oob_r2",-0.0314171987869474,0.0196078431372549,TRUE,0.852663569492838,0.822222222222222,"cz_human_kidney_v1.5"
"natural_killer_cell","NR2F1","lm",254,41,NA,0.541520083505325,NA,"cv_r2",NA,NA,NA,NA,NA,"cz_human_kidney_v1.5"
"natural_killer_cell","NR2F1","ridge",254,41,NA,0.559965949248459,NA,"cv_r2",NA,NA,NA,NA,NA,"cz_human_kidney_v1.5"
"natural_killer_cell","NR2F1","spearman",254,41,NA,0.222320177518611,NA,"cv_r2",NA,NA,NA,NA,NA,"cz_human_kidney_v1.5"
"natural_killer_cell","ARID5B","rf",254,41,0.625828649292805,0.61693732928032,NA,"oob_r2",-0.0321322874893626,0.0196078431372549,TRUE,0.81022841656988,0.762962962962963,"cz_human_kidney_v1.5"
"natural_killer_cell","ARID5B","lm",254,41,NA,0.683584325927508,NA,"cv_r2",NA,NA,NA,NA,NA,"cz_human_kidney_v1.5"
"natural_killer_cell","ARID5B","ridge",254,41,NA,0.705736288461824,NA,"cv_r2",NA,NA,NA,NA,NA,"cz_human_kidney_v1.5"
"natural_killer_cell","ARID5B","spearman",254,41,NA,0.364252263934838,NA,"cv_r2",NA,NA,NA,NA,NA,"cz_human_kidney_v1.5"
"natural_killer_cell","HIVEP3","rf",254,41,0.634150955674256,0.64464134965427,NA,"oob_r2",-0.0244646035948432,0.0196078431372549,TRUE,0.852315137437089,0.77989417989418,"cz_human_kidney_v1.5"
"natural_killer_cell","HIVEP3","lm",254,41,NA,0.565533176973258,NA,"cv_r2",NA,NA,NA,NA,NA,"cz_human_kidney_v1.5"
"natural_killer_cell","HIVEP3","ridge",254,41,NA,0.610545960709499,NA,"cv_r2",NA,NA,NA,NA,NA,"cz_human_kidney_v1.5"
"natural_killer_cell","HIVEP3","spearman",254,41,NA,0.214454133407531,NA,"cv_r2",NA,NA,NA,NA,NA,"cz_human_kidney_v1.5"
"natural_killer_cell","ZFHX3","rf",254,41,0.614174212067337,0.591842390788496,NA,"oob_r2",-0.0248032491713076,0.0196078431372549,TRUE,0.789721254355401,0.774603174603175,"cz_human_kidney_v1.5"
"natural_killer_cell","ZFHX3","lm",254,41,NA,0.605119855650935,NA,"cv_r2",NA,NA,NA,NA,NA,"cz_human_kidney_v1.5"
"natural_killer_cell","ZFHX3","ridge",254,41,NA,0.637635896220698,NA,"cv_r2",NA,NA,NA,NA,NA,"cz_human_kidney_v1.5"
"natural_killer_cell","ZFHX3","spearman",254,41,NA,0.420936883639275,NA,"cv_r2",NA,NA,NA,NA,NA,"cz_human_kidney_v1.5"
"natural_killer_cell","FOXP1","rf",254,41,0.694437633954829,0.674034262149662,NA,"oob_r2",-0.018258131176766,0.0196078431372549,TRUE,0.858466898954704,0.933333333333333,"cz_human_kidney_v1.5"
"natural_killer_cell","FOXP1","lm",254,41,NA,0.675872334575491,NA,"cv_r2",NA,NA,NA,NA,NA,"cz_human_kidney_v1.5"
"natural_killer_cell","FOXP1","ridge",254,41,NA,0.684422658126423,NA,"cv_r2",NA,NA,NA,NA,NA,"cz_human_kidney_v1.5"
"natural_killer_cell","FOXP1","spearman",254,41,NA,0.356937852943445,NA,"cv_r2",NA,NA,NA,NA,NA,"cz_human_kidney_v1.5"
"natural_killer_cell","ITGB2","rf",254,41,0.60599464614456,0.58486584459869,NA,"oob_r2",-0.0472969949646472,0.0196078431372549,TRUE,0.77173828881146,0.792592592592593,"cz_human_kidney_v1.5"
"natural_killer_cell","ITGB2","lm",254,41,NA,0.59897998140641,NA,"cv_r2",NA,NA,NA,NA,NA,"cz_human_kidney_v1.5"
"natural_killer_cell","ITGB2","ridge",254,41,NA,0.617698464920622,NA,"cv_r2",NA,NA,NA,NA,NA,"cz_human_kidney_v1.5"
"natural_killer_cell","ITGB2","spearman",254,41,NA,0.282553001787772,NA,"cv_r2",NA,NA,NA,NA,NA,"cz_human_kidney_v1.5"
"natural_killer_cell","NFAT5","rf",254,41,0.424718664112904,0.461909130413268,NA,"oob_r2",-0.0118807518016325,0.0196078431372549,TRUE,0.697634533488192,0.819047619047619,"cz_human_kidney_v1.5"
"natural_killer_cell","NFAT5","lm",254,41,NA,0.392545073674612,NA,"cv_r2",NA,NA,NA,NA,NA,"cz_human_kidney_v1.5"
"natural_killer_cell","NFAT5","ridge",254,41,NA,0.445016455942078,NA,"cv_r2",NA,NA,NA,NA,NA,"cz_human_kidney_v1.5"
"natural_killer_cell","NFAT5","spearman",254,41,NA,0.27342988033708,NA,"cv_r2",NA,NA,NA,NA,NA,"cz_human_kidney_v1.5"
"natural_killer_cell","HOXB5","rf",254,41,0.596662743404349,0.598572033051634,NA,"oob_r2",-0.0328211396036633,0.0196078431372549,TRUE,0.75708091366628,0.774603174603175,"cz_human_kidney_v1.5"
"natural_killer_cell","HOXB5","lm",254,41,NA,0.553452409385555,NA,"cv_r2",NA,NA,NA,NA,NA,"cz_human_kidney_v1.5"
"natural_killer_cell","HOXB5","ridge",254,41,NA,0.582376692187244,NA,"cv_r2",NA,NA,NA,NA,NA,"cz_human_kidney_v1.5"
"natural_killer_cell","HOXB5","spearman",254,41,NA,0.498537708994845,NA,"cv_r2",NA,NA,NA,NA,NA,"cz_human_kidney_v1.5"
"natural_killer_cell","CEBPD","rf",254,41,0.447716233930852,0.423718943615188,NA,"oob_r2",-0.0328309047600405,0.0196078431372549,TRUE,0.797212543554007,0.683862433862434,"cz_human_kidney_v1.5"
"natural_killer_cell","CEBPD","lm",254,41,NA,0.280707637980913,NA,"cv_r2",NA,NA,NA,NA,NA,"cz_human_kidney_v1.5"
"natural_killer_cell","CEBPD","ridge",254,41,NA,0.362421489123201,NA,"cv_r2",NA,NA,NA,NA,NA,"cz_human_kidney_v1.5"
"natural_killer_cell","CEBPD","spearman",254,41,NA,0.256990291563437,NA,"cv_r2",NA,NA,NA,NA,NA,"cz_human_kidney_v1.5"
"natural_killer_cell","FOXM1","rf",254,41,0.692743336523963,0.700664439803628,NA,"oob_r2",-0.014998328717337,0.0196078431372549,TRUE,0.733929539295393,0.933333333333333,"cz_human_kidney_v1.5"
"natural_killer_cell","FOXM1","lm",254,41,NA,0.663246810990865,NA,"cv_r2",NA,NA,NA,NA,NA,"cz_human_kidney_v1.5"
"natural_killer_cell","FOXM1","ridge",254,41,NA,0.687470949415176,NA,"cv_r2",NA,NA,NA,NA,NA,"cz_human_kidney_v1.5"
"natural_killer_cell","FOXM1","spearman",254,41,NA,0.442787726542326,NA,"cv_r2",NA,NA,NA,NA,NA,"cz_human_kidney_v1.5"
"natural_killer_cell","NFIB","rf",254,41,0.702883611199059,0.687664158019314,NA,"oob_r2",-0.0184050103026512,0.0196078431372549,TRUE,0.825303910181959,1,"cz_human_kidney_v1.5"
"natural_killer_cell","NFIB","lm",254,41,NA,0.731812404036773,NA,"cv_r2",NA,NA,NA,NA,NA,"cz_human_kidney_v1.5"
"natural_killer_cell","NFIB","ridge",254,41,NA,0.723384824569587,NA,"cv_r2",NA,NA,NA,NA,NA,"cz_human_kidney_v1.5"
"natural_killer_cell","NFIB","spearman",254,41,NA,0.439072119238744,NA,"cv_r2",NA,NA,NA,NA,NA,"cz_human_kidney_v1.5"
"natural_killer_cell","RORA","rf",254,41,0.659451785235777,0.638481187199627,NA,"oob_r2",-0.0251852058726843,0.0196078431372549,TRUE,0.812164150212931,0.933333333333333,"cz_human_kidney_v1.5"
"natural_killer_cell","RORA","lm",254,41,NA,0.56946928258029,NA,"cv_r2",NA,NA,NA,NA,NA,"cz_human_kidney_v1.5"
"natural_killer_cell","RORA","ridge",254,41,NA,0.611256320252267,NA,"cv_r2",NA,NA,NA,NA,NA,"cz_human_kidney_v1.5"
"natural_killer_cell","RORA","spearman",254,41,NA,0.449268385585914,NA,"cv_r2",NA,NA,NA,NA,NA,"cz_human_kidney_v1.5"
"natural_killer_cell","PKNOX2","rf",254,41,0.619698280171163,0.609684266254753,NA,"oob_r2",-0.0245822761301467,0.0196078431372549,TRUE,0.870820751064654,0.881481481481482,"cz_human_kidney_v1.5"
"natural_killer_cell","PKNOX2","lm",254,41,NA,0.641449221690473,NA,"cv_r2",NA,NA,NA,NA,NA,"cz_human_kidney_v1.5"
"natural_killer_cell","PKNOX2","ridge",254,41,NA,0.66802672292483,NA,"cv_r2",NA,NA,NA,NA,NA,"cz_human_kidney_v1.5"
"natural_killer_cell","PKNOX2","spearman",254,41,NA,0.21554368630052,NA,"cv_r2",NA,NA,NA,NA,NA,"cz_human_kidney_v1.5"
"natural_killer_cell","LHX1","rf",254,41,0.673786589258039,0.645846799324735,NA,"oob_r2",-0.0371524132360566,0.0196078431372549,TRUE,0.825605884630275,0.77037037037037,"cz_human_kidney_v1.5"
"natural_killer_cell","LHX1","lm",254,41,NA,0.668286395833174,NA,"cv_r2",NA,NA,NA,NA,NA,"cz_human_kidney_v1.5"
"natural_killer_cell","LHX1","ridge",254,41,NA,0.684379323235034,NA,"cv_r2",NA,NA,NA,NA,NA,"cz_human_kidney_v1.5"
"natural_killer_cell","LHX1","spearman",254,41,NA,0.382729724784053,NA,"cv_r2",NA,NA,NA,NA,NA,"cz_human_kidney_v1.5"
"natural_killer_cell","ESRRB","rf",254,41,0.675784443185987,0.678674786443285,NA,"oob_r2",-0.0291468866684817,0.0196078431372549,TRUE,0.857560975609756,0.681481481481481,"cz_human_kidney_v1.5"
"natural_killer_cell","ESRRB","lm",254,41,NA,0.679940165084035,NA,"cv_r2",NA,NA,NA,NA,NA,"cz_human_kidney_v1.5"
"natural_killer_cell","ESRRB","ridge",254,41,NA,0.711416726741779,NA,"cv_r2",NA,NA,NA,NA,NA,"cz_human_kidney_v1.5"
"natural_killer_cell","ESRRB","spearman",254,41,NA,0.387961325543938,NA,"cv_r2",NA,NA,NA,NA,NA,"cz_human_kidney_v1.5"
"natural_killer_cell","ZNF35","rf",254,41,0.676079659936524,0.677144033349981,NA,"oob_r2",-0.0367357109826935,0.0196078431372549,TRUE,0.758497870692993,0.757671957671958,"cz_human_kidney_v1.5"
"natural_killer_cell","ZNF35","lm",254,41,NA,0.637792837892363,NA,"cv_r2",NA,NA,NA,NA,NA,"cz_human_kidney_v1.5"
"natural_killer_cell","ZNF35","ridge",254,41,NA,0.67244477906137,NA,"cv_r2",NA,NA,NA,NA,NA,"cz_human_kidney_v1.5"
"natural_killer_cell","ZNF35","spearman",254,41,NA,0.399461848269274,NA,"cv_r2",NA,NA,NA,NA,NA,"cz_human_kidney_v1.5"
"natural_killer_cell","LEF1","rf",254,41,0.614679934008722,0.612857139968471,NA,"oob_r2",-0.0159356561315965,0.0196078431372549,TRUE,0.825292295780101,0.933333333333333,"cz_human_kidney_v1.5"
"natural_killer_cell","LEF1","lm",254,41,NA,0.499501384393718,NA,"cv_r2",NA,NA,NA,NA,NA,"cz_human_kidney_v1.5"
"natural_killer_cell","LEF1","ridge",254,41,NA,0.555237114450707,NA,"cv_r2",NA,NA,NA,NA,NA,"cz_human_kidney_v1.5"
"natural_killer_cell","LEF1","spearman",254,41,NA,0.420705744152957,NA,"cv_r2",NA,NA,NA,NA,NA,"cz_human_kidney_v1.5"
"natural_killer_cell","IKZF3","rf",254,41,0.545962028188953,0.55418738409499,NA,"oob_r2",-0.015779515936624,0.0196078431372549,TRUE,0.735512969415409,1,"cz_human_kidney_v1.5"
"natural_killer_cell","IKZF3","lm",254,41,NA,0.489990290162169,NA,"cv_r2",NA,NA,NA,NA,NA,"cz_human_kidney_v1.5"
"natural_killer_cell","IKZF3","ridge",254,41,NA,0.534290945562598,NA,"cv_r2",NA,NA,NA,NA,NA,"cz_human_kidney_v1.5"
"natural_killer_cell","IKZF3","spearman",254,41,NA,0.387569721998522,NA,"cv_r2",NA,NA,NA,NA,NA,"cz_human_kidney_v1.5"
"natural_killer_cell","MEF2A","rf",254,41,0.76444633500069,0.757991866744323,NA,"oob_r2",-0.0217936300874357,0.0196078431372549,TRUE,0.840081300813008,0.744973544973545,"cz_human_kidney_v1.5"
"natural_killer_cell","MEF2A","lm",254,41,NA,0.758007721065797,NA,"cv_r2",NA,NA,NA,NA,NA,"cz_human_kidney_v1.5"
"natural_killer_cell","MEF2A","ridge",254,41,NA,0.762069865994732,NA,"cv_r2",NA,NA,NA,NA,NA,"cz_human_kidney_v1.5"
"natural_killer_cell","MEF2A","spearman",254,41,NA,0.524415501754873,NA,"cv_r2",NA,NA,NA,NA,NA,"cz_human_kidney_v1.5"
"natural_killer_cell","IKZF1","rf",254,41,0.635768238117878,0.639245561170948,NA,"oob_r2",-0.0333630815868086,0.0196078431372549,TRUE,0.79404181184669,0.8,"cz_human_kidney_v1.5"
"natural_killer_cell","IKZF1","lm",254,41,NA,0.591867584087604,NA,"cv_r2",NA,NA,NA,NA,NA,"cz_human_kidney_v1.5"
"natural_killer_cell","IKZF1","ridge",254,41,NA,0.636123918435206,NA,"cv_r2",NA,NA,NA,NA,NA,"cz_human_kidney_v1.5"
"natural_killer_cell","IKZF1","spearman",254,41,NA,0.348899097239178,NA,"cv_r2",NA,NA,NA,NA,NA,"cz_human_kidney_v1.5"
"natural_killer_cell","IKZF2","rf",254,41,0.676711623530374,0.686726584172084,NA,"oob_r2",-0.0280269590657226,0.0196078431372549,TRUE,0.85077429345722,0.670899470899471,"cz_human_kidney_v1.5"
"natural_killer_cell","IKZF2","lm",254,41,NA,0.674059134353189,NA,"cv_r2",NA,NA,NA,NA,NA,"cz_human_kidney_v1.5"
"natural_killer_cell","IKZF2","ridge",254,41,NA,0.687766983611778,NA,"cv_r2",NA,NA,NA,NA,NA,"cz_human_kidney_v1.5"
"natural_killer_cell","IKZF2","spearman",254,41,NA,0.468667697377508,NA,"cv_r2",NA,NA,NA,NA,NA,"cz_human_kidney_v1.5"
"natural_killer_cell","SP100","rf",254,41,0.726135824932296,0.717266868755295,NA,"oob_r2",-0.0453233044752105,0.0196078431372549,TRUE,0.86189701897019,0.844444444444444,"cz_human_kidney_v1.5"
"natural_killer_cell","SP100","lm",254,41,NA,0.683422734104248,NA,"cv_r2",NA,NA,NA,NA,NA,"cz_human_kidney_v1.5"
"natural_killer_cell","SP100","ridge",254,41,NA,0.693624921751262,NA,"cv_r2",NA,NA,NA,NA,NA,"cz_human_kidney_v1.5"
"natural_killer_cell","SP100","spearman",254,41,NA,0.479696669324025,NA,"cv_r2",NA,NA,NA,NA,NA,"cz_human_kidney_v1.5"
"natural_killer_cell","MGA","rf",254,41,0.772367608704222,0.753396793507078,NA,"oob_r2",-0.0238546201491896,0.0196078431372549,TRUE,0.902365466511808,0.811640211640212,"cz_human_kidney_v1.5"
"natural_killer_cell","MGA","lm",254,41,NA,0.744942127200608,NA,"cv_r2",NA,NA,NA,NA,NA,"cz_human_kidney_v1.5"
"natural_killer_cell","MGA","ridge",254,41,NA,0.763617106862442,NA,"cv_r2",NA,NA,NA,NA,NA,"cz_human_kidney_v1.5"
"natural_killer_cell","MGA","spearman",254,41,NA,0.520207227986789,NA,"cv_r2",NA,NA,NA,NA,NA,"cz_human_kidney_v1.5"
"natural_killer_cell","MECOM","rf",254,41,0.773036383808705,0.754010100763036,NA,"oob_r2",-0.0234138300085588,0.0196078431372549,TRUE,0.876616337591948,1,"cz_human_kidney_v1.5"
"natural_killer_cell","MECOM","lm",254,41,NA,0.756622885155537,NA,"cv_r2",NA,NA,NA,NA,NA,"cz_human_kidney_v1.5"
"natural_killer_cell","MECOM","ridge",254,41,NA,0.764548773572152,NA,"cv_r2",NA,NA,NA,NA,NA,"cz_human_kidney_v1.5"
"natural_killer_cell","MECOM","spearman",254,41,NA,0.511654801167481,NA,"cv_r2",NA,NA,NA,NA,NA,"cz_human_kidney_v1.5"
"natural_killer_cell","POU5F1","rf",254,41,0.783817638597699,0.784531317262924,NA,"oob_r2",-0.0418245490520256,0.0196078431372549,TRUE,0.90283004258614,0.933333333333333,"cz_human_kidney_v1.5"
"natural_killer_cell","POU5F1","lm",254,41,NA,0.797594254434933,NA,"cv_r2",NA,NA,NA,NA,NA,"cz_human_kidney_v1.5"
"natural_killer_cell","POU5F1","ridge",254,41,NA,0.806696709496466,NA,"cv_r2",NA,NA,NA,NA,NA,"cz_human_kidney_v1.5"
"natural_killer_cell","POU5F1","spearman",254,41,NA,0.44793936612268,NA,"cv_r2",NA,NA,NA,NA,NA,"cz_human_kidney_v1.5"
"monocyte","FLI1","rf",306,80,0.904632622366711,0.894045015958989,NA,"oob_r2",-0.0185798861833064,0.0196078431372549,TRUE,0.794354326196802,0.769312169312169,"cz_human_kidney_v1.5"
"monocyte","FLI1","lm",306,80,NA,0.871322404330719,NA,"cv_r2",NA,NA,NA,NA,NA,"cz_human_kidney_v1.5"
"monocyte","FLI1","ridge",306,80,NA,0.890970523885865,NA,"cv_r2",NA,NA,NA,NA,NA,"cz_human_kidney_v1.5"
"monocyte","FLI1","spearman",306,80,NA,0.781451437122161,NA,"cv_r2",NA,NA,NA,NA,NA,"cz_human_kidney_v1.5"
"monocyte","ELF2","rf",306,80,0.900394522044887,0.895177517145303,NA,"oob_r2",-0.0190423225558121,0.0196078431372549,TRUE,0.743705266447882,0.747089947089947,"cz_human_kidney_v1.5"
"monocyte","ELF2","lm",306,80,NA,0.870094653768713,NA,"cv_r2",NA,NA,NA,NA,NA,"cz_human_kidney_v1.5"
"monocyte","ELF2","ridge",306,80,NA,0.899058256762318,NA,"cv_r2",NA,NA,NA,NA,NA,"cz_human_kidney_v1.5"
"monocyte","ELF2","spearman",306,80,NA,0.779349850701955,NA,"cv_r2",NA,NA,NA,NA,NA,"cz_human_kidney_v1.5"
"monocyte","ELF1","rf",306,80,0.881101773435683,0.872292817890967,NA,"oob_r2",-0.0109797080939679,0.0196078431372549,TRUE,0.793146324946606,0.792592592592593,"cz_human_kidney_v1.5"
"monocyte","ELF1","lm",306,80,NA,0.871588553474588,NA,"cv_r2",NA,NA,NA,NA,NA,"cz_human_kidney_v1.5"
"monocyte","ELF1","ridge",306,80,NA,0.894393048402903,NA,"cv_r2",NA,NA,NA,NA,NA,"cz_human_kidney_v1.5"
"monocyte","ELF1","spearman",306,80,NA,0.696860864292903,NA,"cv_r2",NA,NA,NA,NA,NA,"cz_human_kidney_v1.5"
"monocyte","FOXO3","rf",306,80,0.89557895189572,0.893421311866629,NA,"oob_r2",-0.0170116561254597,0.0196078431372549,TRUE,0.820376621347085,1,"cz_human_kidney_v1.5"
"monocyte","FOXO3","lm",306,80,NA,0.896516234097876,NA,"cv_r2",NA,NA,NA,NA,NA,"cz_human_kidney_v1.5"
"monocyte","FOXO3","ridge",306,80,NA,0.905352344275443,NA,"cv_r2",NA,NA,NA,NA,NA,"cz_human_kidney_v1.5"
"monocyte","FOXO3","spearman",306,80,NA,0.769373735017163,NA,"cv_r2",NA,NA,NA,NA,NA,"cz_human_kidney_v1.5"
"monocyte","ID2","rf",306,80,0.908685296466617,0.902977603968616,NA,"oob_r2",-0.0204037724929316,0.0196078431372549,TRUE,0.804193363546387,0.881481481481481,"cz_human_kidney_v1.5"
"monocyte","ID2","lm",306,80,NA,0.892354029463417,NA,"cv_r2",NA,NA,NA,NA,NA,"cz_human_kidney_v1.5"
"monocyte","ID2","ridge",306,80,NA,0.90821044734644,NA,"cv_r2",NA,NA,NA,NA,NA,"cz_human_kidney_v1.5"
"monocyte","ID2","spearman",306,80,NA,0.805939412884474,NA,"cv_r2",NA,NA,NA,NA,NA,"cz_human_kidney_v1.5"
"monocyte","NFIL3","rf",306,80,0.906727107767987,0.894748678764633,NA,"oob_r2",-0.0217439169986059,0.0196078431372549,TRUE,0.737406886492681,0.785185185185185,"cz_human_kidney_v1.5"
"monocyte","NFIL3","lm",306,80,NA,0.904776708279594,NA,"cv_r2",NA,NA,NA,NA,NA,"cz_human_kidney_v1.5"
"monocyte","NFIL3","ridge",306,80,NA,0.911273660777477,NA,"cv_r2",NA,NA,NA,NA,NA,"cz_human_kidney_v1.5"
"monocyte","NFIL3","spearman",306,80,NA,0.814018191866057,NA,"cv_r2",NA,NA,NA,NA,NA,"cz_human_kidney_v1.5"
"monocyte","FOS","rf",306,80,0.886329591948283,0.89331583311035,NA,"oob_r2",-0.0156281182843803,0.0196078431372549,TRUE,0.82582643121321,0.881481481481481,"cz_human_kidney_v1.5"
"monocyte","FOS","lm",306,80,NA,0.846011313778845,NA,"cv_r2",NA,NA,NA,NA,NA,"cz_human_kidney_v1.5"
"monocyte","FOS","ridge",306,80,NA,0.881516916045692,NA,"cv_r2",NA,NA,NA,NA,NA,"cz_human_kidney_v1.5"
"monocyte","FOS","spearman",306,80,NA,0.614630502774008,NA,"cv_r2",NA,NA,NA,NA,NA,"cz_human_kidney_v1.5"
"monocyte","ID3","rf",306,80,0.915642368590046,0.89929822414973,NA,"oob_r2",-0.0219454277181812,0.0196078431372549,TRUE,0.843770901703391,1,"cz_human_kidney_v1.5"
"monocyte","ID3","lm",306,80,NA,0.893916560585358,NA,"cv_r2",NA,NA,NA,NA,NA,"cz_human_kidney_v1.5"
"monocyte","ID3","ridge",306,80,NA,0.915597703559996,NA,"cv_r2",NA,NA,NA,NA,NA,"cz_human_kidney_v1.5"
"monocyte","ID3","spearman",306,80,NA,0.759989347805311,NA,"cv_r2",NA,NA,NA,NA,NA,"cz_human_kidney_v1.5"
"monocyte","ZEB1","rf",306,80,0.902084107330071,0.884328581146742,NA,"oob_r2",-0.0168290511155117,0.0196078431372549,TRUE,0.81892222743137,1,"cz_human_kidney_v1.5"
"monocyte","ZEB1","lm",306,80,NA,0.892865283516426,NA,"cv_r2",NA,NA,NA,NA,NA,"cz_human_kidney_v1.5"
"monocyte","ZEB1","ridge",306,80,NA,0.914440337014398,NA,"cv_r2",NA,NA,NA,NA,NA,"cz_human_kidney_v1.5"
"monocyte","ZEB1","spearman",306,80,NA,0.767004471044454,NA,"cv_r2",NA,NA,NA,NA,NA,"cz_human_kidney_v1.5"
"monocyte","FOXP1","rf",306,80,0.870634215915862,0.858051873618479,NA,"oob_r2",-0.0292550931365565,0.0196078431372549,TRUE,0.758590925665469,0.933333333333333,"cz_human_kidney_v1.5"
"monocyte","FOXP1","lm",306,80,NA,0.848121260179565,NA,"cv_r2",NA,NA,NA,NA,NA,"cz_human_kidney_v1.5"
"monocyte","FOXP1","ridge",306,80,NA,0.865488988153319,NA,"cv_r2",NA,NA,NA,NA,NA,"cz_human_kidney_v1.5"
"monocyte","FOXP1","spearman",306,80,NA,0.685652432548009,NA,"cv_r2",NA,NA,NA,NA,NA,"cz_human_kidney_v1.5"
"monocyte","RFX3","rf",306,80,0.869311337938138,0.870807149076032,NA,"oob_r2",-0.0142136882261178,0.0196078431372549,TRUE,0.770520393811533,0.8,"cz_human_kidney_v1.5"
"monocyte","RFX3","lm",306,80,NA,0.828194204094229,NA,"cv_r2",NA,NA,NA,NA,NA,"cz_human_kidney_v1.5"
"monocyte","RFX3","ridge",306,80,NA,0.858231218688795,NA,"cv_r2",NA,NA,NA,NA,NA,"cz_human_kidney_v1.5"
"monocyte","RFX3","spearman",306,80,NA,0.658691376091802,NA,"cv_r2",NA,NA,NA,NA,NA,"cz_human_kidney_v1.5"
"monocyte","PPARG","rf",306,80,0.868748054474083,0.874630093118318,NA,"oob_r2",-0.030104954019175,0.0196078431372549,TRUE,0.72341042871282,0.762962962962963,"cz_human_kidney_v1.5"
"monocyte","PPARG","lm",306,80,NA,0.863621007315007,NA,"cv_r2",NA,NA,NA,NA,NA,"cz_human_kidney_v1.5"
"monocyte","PPARG","ridge",306,80,NA,0.884194708479113,NA,"cv_r2",NA,NA,NA,NA,NA,"cz_human_kidney_v1.5"
"monocyte","PPARG","spearman",306,80,NA,0.699138882904066,NA,"cv_r2",NA,NA,NA,NA,NA,"cz_human_kidney_v1.5"
"monocyte","ZBTB16","rf",306,80,0.888592719094823,0.87559742857807,NA,"oob_r2",-0.0235671154353992,0.0196078431372549,TRUE,0.759187373027035,0.881481481481481,"cz_human_kidney_v1.5"
"monocyte","ZBTB16","lm",306,80,NA,0.871937695935633,NA,"cv_r2",NA,NA,NA,NA,NA,"cz_human_kidney_v1.5"
"monocyte","ZBTB16","ridge",306,80,NA,0.888624990426834,NA,"cv_r2",NA,NA,NA,NA,NA,"cz_human_kidney_v1.5"
"monocyte","ZBTB16","spearman",306,80,NA,0.809413336761572,NA,"cv_r2",NA,NA,NA,NA,NA,"cz_human_kidney_v1.5"
"monocyte","ZNF341","rf",306,80,0.880039775837203,0.877338319184461,NA,"oob_r2",-0.0228905214726603,0.0196078431372549,TRUE,0.810986091576809,0.740740740740741,"cz_human_kidney_v1.5"
"monocyte","ZNF341","lm",306,80,NA,0.8474533436588,NA,"cv_r2",NA,NA,NA,NA,NA,"cz_human_kidney_v1.5"
"monocyte","ZNF341","ridge",306,80,NA,0.874436407508593,NA,"cv_r2",NA,NA,NA,NA,NA,"cz_human_kidney_v1.5"
"monocyte","ZNF341","spearman",306,80,NA,0.813431914056397,NA,"cv_r2",NA,NA,NA,NA,NA,"cz_human_kidney_v1.5"
"monocyte","HIVEP1","rf",306,80,0.880855380516534,0.885679342580184,NA,"oob_r2",-0.00999999055216878,0.0196078431372549,TRUE,0.78398551857061,0.874074074074074,"cz_human_kidney_v1.5"
"monocyte","HIVEP1","lm",306,80,NA,0.842544625322793,NA,"cv_r2",NA,NA,NA,NA,NA,"cz_human_kidney_v1.5"
"monocyte","HIVEP1","ridge",306,80,NA,0.865979833311713,NA,"cv_r2",NA,NA,NA,NA,NA,"cz_human_kidney_v1.5"
"monocyte","HIVEP1","spearman",306,80,NA,0.758880786974124,NA,"cv_r2",NA,NA,NA,NA,NA,"cz_human_kidney_v1.5"
"monocyte","HIVEP2","rf",306,80,0.887188835669139,0.873035736945245,NA,"oob_r2",-0.0325095281849196,0.0196078431372549,TRUE,0.771098609157681,0.608465608465608,"cz_human_kidney_v1.5"
"monocyte","HIVEP2","lm",306,80,NA,0.86459389613264,NA,"cv_r2",NA,NA,NA,NA,NA,"cz_human_kidney_v1.5"
"monocyte","HIVEP2","ridge",306,80,NA,0.882341442671911,NA,"cv_r2",NA,NA,NA,NA,NA,"cz_human_kidney_v1.5"
"monocyte","HIVEP2","spearman",306,80,NA,0.794136941428157,NA,"cv_r2",NA,NA,NA,NA,NA,"cz_human_kidney_v1.5"
"monocyte","ID1","rf",306,80,0.900996947518616,0.898376456082756,NA,"oob_r2",-0.0179335985641012,0.0196078431372549,TRUE,0.828687294889827,0.814814814814815,"cz_human_kidney_v1.5"
"monocyte","ID1","lm",306,80,NA,0.90923582579558,NA,"cv_r2",NA,NA,NA,NA,NA,"cz_human_kidney_v1.5"
"monocyte","ID1","ridge",306,80,NA,0.922029124858803,NA,"cv_r2",NA,NA,NA,NA,NA,"cz_human_kidney_v1.5"
"monocyte","ID1","spearman",306,80,NA,0.722623872979121,NA,"cv_r2",NA,NA,NA,NA,NA,"cz_human_kidney_v1.5"
"monocyte","ZNF331","rf",306,80,0.886118572654434,0.879754404572278,NA,"oob_r2",-0.020404940803429,0.0196078431372549,TRUE,0.778562275355524,0.716402116402116,"cz_human_kidney_v1.5"
"monocyte","ZNF331","lm",306,80,NA,0.8732753894398,NA,"cv_r2",NA,NA,NA,NA,NA,"cz_human_kidney_v1.5"
"monocyte","ZNF331","ridge",306,80,NA,0.894770882880114,NA,"cv_r2",NA,NA,NA,NA,NA,"cz_human_kidney_v1.5"
"monocyte","ZNF331","spearman",306,80,NA,0.752412414251274,NA,"cv_r2",NA,NA,NA,NA,NA,"cz_human_kidney_v1.5"
"monocyte","PBX3","rf",306,80,0.873803370999883,0.876177542456943,NA,"oob_r2",-0.034911109119569,0.0196078431372549,TRUE,0.788912330051571,1,"cz_human_kidney_v1.5"
"monocyte","PBX3","lm",306,80,NA,0.894276438148116,NA,"cv_r2",NA,NA,NA,NA,NA,"cz_human_kidney_v1.5"
"monocyte","PBX3","ridge",306,80,NA,0.895996419713021,NA,"cv_r2",NA,NA,NA,NA,NA,"cz_human_kidney_v1.5"
"monocyte","PBX3","spearman",306,80,NA,0.68969732867259,NA,"cv_r2",NA,NA,NA,NA,NA,"cz_human_kidney_v1.5"
"monocyte","MEF2A","rf",306,80,0.892702677100678,0.888632200789655,NA,"oob_r2",-0.0284071763297452,0.0196078431372549,TRUE,0.828769078501849,0.8,"cz_human_kidney_v1.5"
"monocyte","MEF2A","lm",306,80,NA,0.887200420771628,NA,"cv_r2",NA,NA,NA,NA,NA,"cz_human_kidney_v1.5"
"monocyte","MEF2A","ridge",306,80,NA,0.902113119721025,NA,"cv_r2",NA,NA,NA,NA,NA,"cz_human_kidney_v1.5"
"monocyte","MEF2A","spearman",306,80,NA,0.766694288526054,NA,"cv_r2",NA,NA,NA,NA,NA,"cz_human_kidney_v1.5"
"monocyte","GLIS3","rf",306,80,0.863663305877517,0.850331625226588,NA,"oob_r2",-0.0186810015568886,0.0196078431372549,TRUE,0.783040579257176,0.868783068783069,"cz_human_kidney_v1.5"
"monocyte","GLIS3","lm",306,80,NA,0.857242969836774,NA,"cv_r2",NA,NA,NA,NA,NA,"cz_human_kidney_v1.5"
"monocyte","GLIS3","ridge",306,80,NA,0.869595790354996,NA,"cv_r2",NA,NA,NA,NA,NA,"cz_human_kidney_v1.5"
"monocyte","GLIS3","spearman",306,80,NA,0.734673122896465,NA,"cv_r2",NA,NA,NA,NA,NA,"cz_human_kidney_v1.5"
"monocyte","FOXO1","rf",306,80,0.884050066014082,0.879783627959729,NA,"oob_r2",-0.0369977458545791,0.0196078431372549,TRUE,0.769347293847997,0.757671957671958,"cz_human_kidney_v1.5"
"monocyte","FOXO1","lm",306,80,NA,0.891340593796621,NA,"cv_r2",NA,NA,NA,NA,NA,"cz_human_kidney_v1.5"
"monocyte","FOXO1","ridge",306,80,NA,0.896029157117969,NA,"cv_r2",NA,NA,NA,NA,NA,"cz_human_kidney_v1.5"
"monocyte","FOXO1","spearman",306,80,NA,0.763568570092433,NA,"cv_r2",NA,NA,NA,NA,NA,"cz_human_kidney_v1.5"
"monocyte","HIF1A","rf",306,80,0.871936938381955,0.877079594786394,NA,"oob_r2",-0.0310825679202102,0.0196078431372549,TRUE,0.785306558316404,0.933333333333333,"cz_human_kidney_v1.5"
"monocyte","HIF1A","lm",306,80,NA,0.901098155140592,NA,"cv_r2",NA,NA,NA,NA,NA,"cz_human_kidney_v1.5"
"monocyte","HIF1A","ridge",306,80,NA,0.916134300141983,NA,"cv_r2",NA,NA,NA,NA,NA,"cz_human_kidney_v1.5"
"monocyte","HIF1A","spearman",306,80,NA,0.680624561717379,NA,"cv_r2",NA,NA,NA,NA,NA,"cz_human_kidney_v1.5"
"monocyte","EGR3","rf",306,80,0.873708780285192,0.866927846882512,NA,"oob_r2",-0.0256893578510407,0.0196078431372549,TRUE,0.778357034953378,0.822222222222222,"cz_human_kidney_v1.5"
"monocyte","EGR3","lm",306,80,NA,0.874783476921356,NA,"cv_r2",NA,NA,NA,NA,NA,"cz_human_kidney_v1.5"
"monocyte","EGR3","ridge",306,80,NA,0.89200149726241,NA,"cv_r2",NA,NA,NA,NA,NA,"cz_human_kidney_v1.5"
"monocyte","EGR3","spearman",306,80,NA,0.554283618046256,NA,"cv_r2",NA,NA,NA,NA,NA,"cz_human_kidney_v1.5"
"monocyte","NR3C1","rf",306,80,0.867484720246148,0.861365830349952,NA,"oob_r2",-0.00507818004828173,0.0196078431372549,TRUE,0.829353544824712,0.82962962962963,"cz_human_kidney_v1.5"
"monocyte","NR3C1","lm",306,80,NA,0.85862599235598,NA,"cv_r2",NA,NA,NA,NA,NA,"cz_human_kidney_v1.5"
"monocyte","NR3C1","ridge",306,80,NA,0.882792983056521,NA,"cv_r2",NA,NA,NA,NA,NA,"cz_human_kidney_v1.5"
"monocyte","NR3C1","spearman",306,80,NA,0.6843420021983,NA,"cv_r2",NA,NA,NA,NA,NA,"cz_human_kidney_v1.5"
"monocyte","FOXN3","rf",306,80,0.886989251495219,0.870694973880436,NA,"oob_r2",-0.0238017603655651,0.0196078431372549,TRUE,0.821403865187269,0.747089947089947,"cz_human_kidney_v1.5"
"monocyte","FOXN3","lm",306,80,NA,0.901245971376167,NA,"cv_r2",NA,NA,NA,NA,NA,"cz_human_kidney_v1.5"
"monocyte","FOXN3","ridge",306,80,NA,0.911566274246457,NA,"cv_r2",NA,NA,NA,NA,NA,"cz_human_kidney_v1.5"
"monocyte","FOXN3","spearman",306,80,NA,0.736032012121005,NA,"cv_r2",NA,NA,NA,NA,NA,"cz_human_kidney_v1.5"
"monocyte","AHR","rf",306,80,0.886871904950835,0.871732930629962,NA,"oob_r2",-0.0270516119890064,0.0196078431372549,TRUE,0.788814398083034,0.75026455026455,"cz_human_kidney_v1.5"
"monocyte","AHR","lm",306,80,NA,0.880757361425531,NA,"cv_r2",NA,NA,NA,NA,NA,"cz_human_kidney_v1.5"
"monocyte","AHR","ridge",306,80,NA,0.896297128215236,NA,"cv_r2",NA,NA,NA,NA,NA,"cz_human_kidney_v1.5"
"monocyte","AHR","spearman",306,80,NA,0.76786463876399,NA,"cv_r2",NA,NA,NA,NA,NA,"cz_human_kidney_v1.5"
"monocyte","RUNX1","rf",306,80,0.846302539111966,0.845291820663687,NA,"oob_r2",-0.017780661574301,0.0196078431372549,TRUE,0.789936969318123,1,"cz_human_kidney_v1.5"
"monocyte","RUNX1","lm",306,80,NA,0.859220428380697,NA,"cv_r2",NA,NA,NA,NA,NA,"cz_human_kidney_v1.5"
"monocyte","RUNX1","ridge",306,80,NA,0.862675759361894,NA,"cv_r2",NA,NA,NA,NA,NA,"cz_human_kidney_v1.5"
"monocyte","RUNX1","spearman",306,80,NA,0.680603899077622,NA,"cv_r2",NA,NA,NA,NA,NA,"cz_human_kidney_v1.5"
"monocyte","BACH1","rf",306,80,0.857280532620276,0.85358558309766,NA,"oob_r2",-0.0185445813701858,0.0196078431372549,TRUE,0.726275980621972,0.844444444444444,"cz_human_kidney_v1.5"
"monocyte","BACH1","lm",306,80,NA,0.849725812751982,NA,"cv_r2",NA,NA,NA,NA,NA,"cz_human_kidney_v1.5"
"monocyte","BACH1","ridge",306,80,NA,0.869454643107769,NA,"cv_r2",NA,NA,NA,NA,NA,"cz_human_kidney_v1.5"
"monocyte","BACH1","spearman",306,80,NA,0.515312468780528,NA,"cv_r2",NA,NA,NA,NA,NA,"cz_human_kidney_v1.5"
"monocyte","ETV6","rf",306,80,0.870900911942052,0.859977946750756,NA,"oob_r2",-0.0275182844604738,0.0196078431372549,TRUE,0.811644006876074,0.844444444444444,"cz_human_kidney_v1.5"
"monocyte","ETV6","lm",306,80,NA,0.857510229792843,NA,"cv_r2",NA,NA,NA,NA,NA,"cz_human_kidney_v1.5"
"monocyte","ETV6","ridge",306,80,NA,0.882157910560147,NA,"cv_r2",NA,NA,NA,NA,NA,"cz_human_kidney_v1.5"
"monocyte","ETV6","spearman",306,80,NA,0.704626369065341,NA,"cv_r2",NA,NA,NA,NA,NA,"cz_human_kidney_v1.5"
"monocyte","KLF12","rf",306,80,0.903601361535643,0.898785949926817,NA,"oob_r2",-0.018259831031542,0.0196078431372549,TRUE,0.860718862322238,0.874074074074074,"cz_human_kidney_v1.5"
"monocyte","KLF12","lm",306,80,NA,0.916098995029043,NA,"cv_r2",NA,NA,NA,NA,NA,"cz_human_kidney_v1.5"
"monocyte","KLF12","ridge",306,80,NA,0.930561105277851,NA,"cv_r2",NA,NA,NA,NA,NA,"cz_human_kidney_v1.5"
"monocyte","KLF12","spearman",306,80,NA,0.581058554521683,NA,"cv_r2",NA,NA,NA,NA,NA,"cz_human_kidney_v1.5"
"monocyte","HIVEP3","rf",306,80,0.846833722050826,0.83714269363214,NA,"oob_r2",-0.0295798300852867,0.0196078431372549,TRUE,0.805842058654998,0.694179894179894,"cz_human_kidney_v1.5"
"monocyte","HIVEP3","lm",306,80,NA,0.802595390255964,NA,"cv_r2",NA,NA,NA,NA,NA,"cz_human_kidney_v1.5"
"monocyte","HIVEP3","ridge",306,80,NA,0.838675450290364,NA,"cv_r2",NA,NA,NA,NA,NA,"cz_human_kidney_v1.5"
"monocyte","HIVEP3","spearman",306,80,NA,0.754679753065391,NA,"cv_r2",NA,NA,NA,NA,NA,"cz_human_kidney_v1.5"
"monocyte","NR4A3","rf",306,80,0.857666647487759,0.853282211765294,NA,"oob_r2",-0.0208872467641011,0.0196078431372549,TRUE,0.741593999062353,0.933333333333333,"cz_human_kidney_v1.5"
"monocyte","NR4A3","lm",306,80,NA,0.824931461771269,NA,"cv_r2",NA,NA,NA,NA,NA,"cz_human_kidney_v1.5"
"monocyte","NR4A3","ridge",306,80,NA,0.851250333181704,NA,"cv_r2",NA,NA,NA,NA,NA,"cz_human_kidney_v1.5"
"monocyte","NR4A3","spearman",306,80,NA,0.649159347134582,NA,"cv_r2",NA,NA,NA,NA,NA,"cz_human_kidney_v1.5"
"monocyte","FOSL2","rf",306,80,0.884297462842881,0.883412870471907,NA,"oob_r2",-0.0287647252591592,0.0196078431372549,TRUE,0.802660832421733,0.816931216931217,"cz_human_kidney_v1.5"
"monocyte","FOSL2","lm",306,80,NA,0.886339775390814,NA,"cv_r2",NA,NA,NA,NA,NA,"cz_human_kidney_v1.5"
"monocyte","FOSL2","ridge",306,80,NA,0.906742656657678,NA,"cv_r2",NA,NA,NA,NA,NA,"cz_human_kidney_v1.5"
"monocyte","FOSL2","spearman",306,80,NA,0.480989593194063,NA,"cv_r2",NA,NA,NA,NA,NA,"cz_human_kidney_v1.5"
"monocyte","CUX1","rf",306,80,0.878128087787899,0.867910090782634,NA,"oob_r2",-0.0354022607919597,0.0196078431372549,TRUE,0.788210657915299,0.933333333333333,"cz_human_kidney_v1.5"
"monocyte","CUX1","lm",306,80,NA,0.891637309431827,NA,"cv_r2",NA,NA,NA,NA,NA,"cz_human_kidney_v1.5"
"monocyte","CUX1","ridge",306,80,NA,0.8979283220831,NA,"cv_r2",NA,NA,NA,NA,NA,"cz_human_kidney_v1.5"
"monocyte","CUX1","spearman",306,80,NA,0.708285121559064,NA,"cv_r2",NA,NA,NA,NA,NA,"cz_human_kidney_v1.5"
"monocyte","NR2C1","rf",306,80,0.855624926088055,0.85130232190669,NA,"oob_r2",-0.0197837701034955,0.0196078431372549,TRUE,0.792969213939678,0.933333333333333,"cz_human_kidney_v1.5"
"monocyte","NR2C1","lm",306,80,NA,0.830775882453662,NA,"cv_r2",NA,NA,NA,NA,NA,"cz_human_kidney_v1.5"
"monocyte","NR2C1","ridge",306,80,NA,0.84950132460455,NA,"cv_r2",NA,NA,NA,NA,NA,"cz_human_kidney_v1.5"
"monocyte","NR2C1","spearman",306,80,NA,0.716619379737869,NA,"cv_r2",NA,NA,NA,NA,NA,"cz_human_kidney_v1.5"
"monocyte","TCF12","rf",306,80,0.862499469162557,0.860957049642664,NA,"oob_r2",-0.0294978788286352,0.0196078431372549,TRUE,0.738234099077981,1,"cz_human_kidney_v1.5"
"monocyte","TCF12","lm",306,80,NA,0.860081095791944,NA,"cv_r2",NA,NA,NA,NA,NA,"cz_human_kidney_v1.5"
"monocyte","TCF12","ridge",306,80,NA,0.859674135046977,NA,"cv_r2",NA,NA,NA,NA,NA,"cz_human_kidney_v1.5"
"monocyte","TCF12","spearman",306,80,NA,0.511878373626076,NA,"cv_r2",NA,NA,NA,NA,NA,"cz_human_kidney_v1.5"
"monocyte","CEBPD","rf",306,80,0.893336189490804,0.887776822904787,NA,"oob_r2",-0.015528143644527,0.0196078431372549,TRUE,0.785761837787154,0.755555555555556,"cz_human_kidney_v1.5"
"monocyte","CEBPD","lm",306,80,NA,0.877207378324877,NA,"cv_r2",NA,NA,NA,NA,NA,"cz_human_kidney_v1.5"
"monocyte","CEBPD","ridge",306,80,NA,0.897791410693334,NA,"cv_r2",NA,NA,NA,NA,NA,"cz_human_kidney_v1.5"
"monocyte","CEBPD","spearman",306,80,NA,0.764965218774878,NA,"cv_r2",NA,NA,NA,NA,NA,"cz_human_kidney_v1.5"
"monocyte","NFIA","rf",306,80,0.879538634961626,0.862923176137333,NA,"oob_r2",-0.0227729050747437,0.0196078431372549,TRUE,0.818123144241288,0.933333333333333,"cz_human_kidney_v1.5"
"monocyte","NFIA","lm",306,80,NA,0.891774626784492,NA,"cv_r2",NA,NA,NA,NA,NA,"cz_human_kidney_v1.5"
"monocyte","NFIA","ridge",306,80,NA,0.90308468329516,NA,"cv_r2",NA,NA,NA,NA,NA,"cz_human_kidney_v1.5"
"monocyte","NFIA","spearman",306,80,NA,0.67489655032267,NA,"cv_r2",NA,NA,NA,NA,NA,"cz_human_kidney_v1.5"
"monocyte","BCL6","rf",306,80,0.897916396540674,0.898290187438163,NA,"oob_r2",-0.0405064322203425,0.0196078431372549,TRUE,0.866197322498307,0.774603174603175,"cz_human_kidney_v1.5"
"monocyte","BCL6","lm",306,80,NA,0.907680461843439,NA,"cv_r2",NA,NA,NA,NA,NA,"cz_human_kidney_v1.5"
"monocyte","BCL6","ridge",306,80,NA,0.921979358410743,NA,"cv_r2",NA,NA,NA,NA,NA,"cz_human_kidney_v1.5"
"monocyte","BCL6","spearman",306,80,NA,0.579404436368973,NA,"cv_r2",NA,NA,NA,NA,NA,"cz_human_kidney_v1.5"
"monocyte","TFAP2B","rf",306,80,0.893627921312575,0.890840174343292,NA,"oob_r2",-0.031169663075033,0.0196078431372549,TRUE,0.803070792311299,0.655026455026455,"cz_human_kidney_v1.5"
"monocyte","TFAP2B","lm",306,80,NA,0.889412940246313,NA,"cv_r2",NA,NA,NA,NA,NA,"cz_human_kidney_v1.5"
"monocyte","TFAP2B","ridge",306,80,NA,0.907922347510213,NA,"cv_r2",NA,NA,NA,NA,NA,"cz_human_kidney_v1.5"
"monocyte","TFAP2B","spearman",306,80,NA,0.571867911094284,NA,"cv_r2",NA,NA,NA,NA,NA,"cz_human_kidney_v1.5"
"monocyte","RUNX2","rf",306,80,0.871261364411374,0.857787892314169,NA,"oob_r2",-0.0242540558498196,0.0196078431372549,TRUE,0.82342709798406,0.933333333333333,"cz_human_kidney_v1.5"
"monocyte","RUNX2","lm",306,80,NA,0.850909907133155,NA,"cv_r2",NA,NA,NA,NA,NA,"cz_human_kidney_v1.5"
"monocyte","RUNX2","ridge",306,80,NA,0.867029933254085,NA,"cv_r2",NA,NA,NA,NA,NA,"cz_human_kidney_v1.5"
"monocyte","RUNX2","spearman",306,80,NA,0.665281375525052,NA,"cv_r2",NA,NA,NA,NA,NA,"cz_human_kidney_v1.5"
"monocyte","ZFHX3","rf",306,80,0.882833056770944,0.879206253482266,NA,"oob_r2",-0.0321377165124303,0.0196078431372549,TRUE,0.802095639943741,0.706878306878307,"cz_human_kidney_v1.5"
"monocyte","ZFHX3","lm",306,80,NA,0.903619813361818,NA,"cv_r2",NA,NA,NA,NA,NA,"cz_human_kidney_v1.5"
"monocyte","ZFHX3","ridge",306,80,NA,0.903968787623344,NA,"cv_r2",NA,NA,NA,NA,NA,"cz_human_kidney_v1.5"
"monocyte","ZFHX3","spearman",306,80,NA,0.730705621923092,NA,"cv_r2",NA,NA,NA,NA,NA,"cz_human_kidney_v1.5"
"monocyte","NFKB1","rf",306,80,0.85149766690214,0.845882922035565,NA,"oob_r2",-0.0209358185048166,0.0196078431372549,TRUE,0.831176225451894,0.822222222222222,"cz_human_kidney_v1.5"
"monocyte","NFKB1","lm",306,80,NA,0.845955402654214,NA,"cv_r2",NA,NA,NA,NA,NA,"cz_human_kidney_v1.5"
"monocyte","NFKB1","ridge",306,80,NA,0.871270543006952,NA,"cv_r2",NA,NA,NA,NA,NA,"cz_human_kidney_v1.5"
"monocyte","NFKB1","spearman",306,80,NA,0.569594882329413,NA,"cv_r2",NA,NA,NA,NA,NA,"cz_human_kidney_v1.5"
"monocyte","CREM","rf",306,80,0.841721669855762,0.838297686898457,NA,"oob_r2",-0.0236129758036827,0.0196078431372549,TRUE,0.805286763556806,0.627513227513227,"cz_human_kidney_v1.5"
"monocyte","CREM","lm",306,80,NA,0.853770205226483,NA,"cv_r2",NA,NA,NA,NA,NA,"cz_human_kidney_v1.5"
"monocyte","CREM","ridge",306,80,NA,0.869275776117674,NA,"cv_r2",NA,NA,NA,NA,NA,"cz_human_kidney_v1.5"
"monocyte","CREM","spearman",306,80,NA,0.509304986656544,NA,"cv_r2",NA,NA,NA,NA,NA,"cz_human_kidney_v1.5"
"monocyte","CREB1","rf",306,80,0.845872055854386,0.831989334051226,NA,"oob_r2",-0.037049462667987,0.0196078431372549,TRUE,0.808602385789446,1,"cz_human_kidney_v1.5"
"monocyte","CREB1","lm",306,80,NA,0.864005698301206,NA,"cv_r2",NA,NA,NA,NA,NA,"cz_human_kidney_v1.5"
"monocyte","CREB1","ridge",306,80,NA,0.871409023255926,NA,"cv_r2",NA,NA,NA,NA,NA,"cz_human_kidney_v1.5"
"monocyte","CREB1","spearman",306,80,NA,0.658889177323728,NA,"cv_r2",NA,NA,NA,NA,NA,"cz_human_kidney_v1.5"
"monocyte","FOXN2","rf",306,80,0.859553473988645,0.846571488883384,NA,"oob_r2",-0.0284750928187741,0.0196078431372549,TRUE,0.819476480700109,0.844444444444444,"cz_human_kidney_v1.5"
"monocyte","FOXN2","lm",306,80,NA,0.875001826635708,NA,"cv_r2",NA,NA,NA,NA,NA,"cz_human_kidney_v1.5"
"monocyte","FOXN2","ridge",306,80,NA,0.889685741524675,NA,"cv_r2",NA,NA,NA,NA,NA,"cz_human_kidney_v1.5"
"monocyte","FOXN2","spearman",306,80,NA,0.717297297171524,NA,"cv_r2",NA,NA,NA,NA,NA,"cz_human_kidney_v1.5"
"monocyte","MECOM","rf",306,80,0.849831370962534,0.841410810246916,NA,"oob_r2",-0.0137274812135786,0.0196078431372549,TRUE,0.750910038026775,0.822222222222222,"cz_human_kidney_v1.5"
"monocyte","MECOM","lm",306,80,NA,0.841024292478288,NA,"cv_r2",NA,NA,NA,NA,NA,"cz_human_kidney_v1.5"
"monocyte","MECOM","ridge",306,80,NA,0.850024033707129,NA,"cv_r2",NA,NA,NA,NA,NA,"cz_human_kidney_v1.5"
"monocyte","MECOM","spearman",306,80,NA,0.599236046693359,NA,"cv_r2",NA,NA,NA,NA,NA,"cz_human_kidney_v1.5"
"monocyte","FOSL1","rf",306,80,0.892601237526697,0.879301467615163,NA,"oob_r2",-0.0415758740572185,0.0196078431372549,TRUE,0.799237901755483,0.707936507936508,"cz_human_kidney_v1.5"
"monocyte","FOSL1","lm",306,80,NA,0.872456633348125,NA,"cv_r2",NA,NA,NA,NA,NA,"cz_human_kidney_v1.5"
"monocyte","FOSL1","ridge",306,80,NA,0.893142475726103,NA,"cv_r2",NA,NA,NA,NA,NA,"cz_human_kidney_v1.5"
"monocyte","FOSL1","spearman",306,80,NA,0.573954485446377,NA,"cv_r2",NA,NA,NA,NA,NA,"cz_human_kidney_v1.5"
"monocyte","CHD2","rf",306,80,0.873640338030731,0.862864728420638,NA,"oob_r2",-0.02591072355505,0.0196078431372549,TRUE,0.829508777413137,0.933333333333333,"cz_human_kidney_v1.5"
"monocyte","CHD2","lm",306,80,NA,0.887116054829751,NA,"cv_r2",NA,NA,NA,NA,NA,"cz_human_kidney_v1.5"
"monocyte","CHD2","ridge",306,80,NA,0.899113565662569,NA,"cv_r2",NA,NA,NA,NA,NA,"cz_human_kidney_v1.5"
"monocyte","CHD2","spearman",306,80,NA,0.556719440523908,NA,"cv_r2",NA,NA,NA,NA,NA,"cz_human_kidney_v1.5"
"monocyte","EGR4","rf",306,80,0.883495120939024,0.87836732094292,NA,"oob_r2",-0.0151709339846532,0.0196078431372549,TRUE,0.809773923008803,0.933333333333333,"cz_human_kidney_v1.5"
"monocyte","EGR4","lm",306,80,NA,0.903011469800641,NA,"cv_r2",NA,NA,NA,NA,NA,"cz_human_kidney_v1.5"
"monocyte","EGR4","ridge",306,80,NA,0.91456154420422,NA,"cv_r2",NA,NA,NA,NA,NA,"cz_human_kidney_v1.5"
"monocyte","EGR4","spearman",306,80,NA,0.60198215322051,NA,"cv_r2",NA,NA,NA,NA,NA,"cz_human_kidney_v1.5"
"monocyte","ELF5","rf",306,80,0.87224712721343,0.869155284915675,NA,"oob_r2",-0.00581201361612039,0.0196078431372549,TRUE,0.858558108037714,0.77037037037037,"cz_human_kidney_v1.5"
"monocyte","ELF5","lm",306,80,NA,0.893527794414726,NA,"cv_r2",NA,NA,NA,NA,NA,"cz_human_kidney_v1.5"
"monocyte","ELF5","ridge",306,80,NA,0.915555615988812,NA,"cv_r2",NA,NA,NA,NA,NA,"cz_human_kidney_v1.5"
"monocyte","ELF5","spearman",306,80,NA,0.659982174992493,NA,"cv_r2",NA,NA,NA,NA,NA,"cz_human_kidney_v1.5"
"monocyte","PTEN","rf",306,80,0.873551261765244,0.855687029274916,NA,"oob_r2",-0.0231853416498352,0.0196078431372549,TRUE,0.819343647444913,0.881481481481482,"cz_human_kidney_v1.5"
"monocyte","PTEN","lm",306,80,NA,0.851549190328574,NA,"cv_r2",NA,NA,NA,NA,NA,"cz_human_kidney_v1.5"
"monocyte","PTEN","ridge",306,80,NA,0.876053948254139,NA,"cv_r2",NA,NA,NA,NA,NA,"cz_human_kidney_v1.5"
"monocyte","PTEN","spearman",306,80,NA,0.701779567208969,NA,"cv_r2",NA,NA,NA,NA,NA,"cz_human_kidney_v1.5"
"monocyte","NFAT5","rf",306,80,0.866933630054518,0.863727541242845,NA,"oob_r2",-0.00941259765253462,0.0196078431372549,TRUE,0.846124915351357,0.82962962962963,"cz_human_kidney_v1.5"
"monocyte","NFAT5","lm",306,80,NA,0.848946431046086,NA,"cv_r2",NA,NA,NA,NA,NA,"cz_human_kidney_v1.5"
"monocyte","NFAT5","ridge",306,80,NA,0.875101242256099,NA,"cv_r2",NA,NA,NA,NA,NA,"cz_human_kidney_v1.5"
"monocyte","NFAT5","spearman",306,80,NA,0.7464236538931,NA,"cv_r2",NA,NA,NA,NA,NA,"cz_human_kidney_v1.5"
"monocyte","NFATC3","rf",306,80,0.846661385519207,0.841301039749741,NA,"oob_r2",0.00147740988170888,0.0196078431372549,TRUE,0.801829452518623,0.933333333333333,"cz_human_kidney_v1.5"
"monocyte","NFATC3","lm",306,80,NA,0.850061232000937,NA,"cv_r2",NA,NA,NA,NA,NA,"cz_human_kidney_v1.5"
"monocyte","NFATC3","ridge",306,80,NA,0.875425233256602,NA,"cv_r2",NA,NA,NA,NA,NA,"cz_human_kidney_v1.5"
"monocyte","NFATC3","spearman",306,80,NA,0.696196827777497,NA,"cv_r2",NA,NA,NA,NA,NA,"cz_human_kidney_v1.5"
"monocyte","STAT4","rf",306,80,0.894783901167148,0.881179541475898,NA,"oob_r2",-0.0239243532694556,0.0196078431372549,TRUE,0.851236130645413,0.716402116402116,"cz_human_kidney_v1.5"
"monocyte","STAT4","lm",306,80,NA,0.885263890040934,NA,"cv_r2",NA,NA,NA,NA,NA,"cz_human_kidney_v1.5"
"monocyte","STAT4","ridge",306,80,NA,0.913790574220511,NA,"cv_r2",NA,NA,NA,NA,NA,"cz_human_kidney_v1.5"
"monocyte","STAT4","spearman",306,80,NA,0.670509520874361,NA,"cv_r2",NA,NA,NA,NA,NA,"cz_human_kidney_v1.5"
"monocyte","SPIC","rf",306,80,0.839556683713164,0.839465695648612,NA,"oob_r2",-0.0132514090337096,0.0196078431372549,TRUE,0.786215033599,0.814814814814815,"cz_human_kidney_v1.5"
"monocyte","SPIC","lm",306,80,NA,0.81840650166389,NA,"cv_r2",NA,NA,NA,NA,NA,"cz_human_kidney_v1.5"
"monocyte","SPIC","ridge",306,80,NA,0.868171764993537,NA,"cv_r2",NA,NA,NA,NA,NA,"cz_human_kidney_v1.5"
"monocyte","SPIC","spearman",306,80,NA,0.531037355338897,NA,"cv_r2",NA,NA,NA,NA,NA,"cz_human_kidney_v1.5"
"monocyte","MAFA","rf",306,80,0.863593568072621,0.848998064178957,NA,"oob_r2",-0.0211476696284569,0.0196078431372549,TRUE,0.794872115434703,0.933333333333333,"cz_human_kidney_v1.5"
"monocyte","MAFA","lm",306,80,NA,0.85272780770569,NA,"cv_r2",NA,NA,NA,NA,NA,"cz_human_kidney_v1.5"
"monocyte","MAFA","ridge",306,80,NA,0.883660887722911,NA,"cv_r2",NA,NA,NA,NA,NA,"cz_human_kidney_v1.5"
"monocyte","MAFA","spearman",306,80,NA,0.535078288233454,NA,"cv_r2",NA,NA,NA,NA,NA,"cz_human_kidney_v1.5"
"monocyte","JUN","rf",306,80,0.865103824027344,0.863725649708462,NA,"oob_r2",-0.00873945876483503,0.0196078431372549,TRUE,0.818651351773715,0.933333333333333,"cz_human_kidney_v1.5"
"monocyte","JUN","lm",306,80,NA,0.854254961619365,NA,"cv_r2",NA,NA,NA,NA,NA,"cz_human_kidney_v1.5"
"monocyte","JUN","ridge",306,80,NA,0.88330962403247,NA,"cv_r2",NA,NA,NA,NA,NA,"cz_human_kidney_v1.5"
"monocyte","JUN","spearman",306,80,NA,0.57797668716199,NA,"cv_r2",NA,NA,NA,NA,NA,"cz_human_kidney_v1.5"
"monocyte","SMAD2","rf",306,80,0.808111961842588,0.810511383665063,NA,"oob_r2",-0.0251835261009113,0.0196078431372549,TRUE,0.74854612699901,0.844444444444444,"cz_human_kidney_v1.5"
"monocyte","SMAD2","lm",306,80,NA,0.773623724852547,NA,"cv_r2",NA,NA,NA,NA,NA,"cz_human_kidney_v1.5"
"monocyte","SMAD2","ridge",306,80,NA,0.804707679991312,NA,"cv_r2",NA,NA,NA,NA,NA,"cz_human_kidney_v1.5"
"monocyte","SMAD2","spearman",306,80,NA,0.570792123420204,NA,"cv_r2",NA,NA,NA,NA,NA,"cz_human_kidney_v1.5"
"monocyte","EGR2","rf",306,80,0.907283640893964,0.900156984729338,NA,"oob_r2",-0.0285037323254579,0.0196078431372549,TRUE,0.823083294264729,0.933333333333333,"cz_human_kidney_v1.5"
"monocyte","EGR2","lm",306,80,NA,0.927750818908295,NA,"cv_r2",NA,NA,NA,NA,NA,"cz_human_kidney_v1.5"
"monocyte","EGR2","ridge",306,80,NA,0.936796622092707,NA,"cv_r2",NA,NA,NA,NA,NA,"cz_human_kidney_v1.5"
"monocyte","EGR2","spearman",306,80,NA,0.629532014559098,NA,"cv_r2",NA,NA,NA,NA,NA,"cz_human_kidney_v1.5"
"monocyte","NFE2L2","rf",306,80,0.887169317887273,0.898929975374702,NA,"oob_r2",-0.0165228141249492,0.0196078431372549,TRUE,0.769904151690368,0.881481481481481,"cz_human_kidney_v1.5"
"monocyte","NFE2L2","lm",306,80,NA,0.89693955554095,NA,"cv_r2",NA,NA,NA,NA,NA,"cz_human_kidney_v1.5"
"monocyte","NFE2L2","ridge",306,80,NA,0.913394168152118,NA,"cv_r2",NA,NA,NA,NA,NA,"cz_human_kidney_v1.5"
"monocyte","NFE2L2","spearman",306,80,NA,0.53092925989234,NA,"cv_r2",NA,NA,NA,NA,NA,"cz_human_kidney_v1.5"
"monocyte","NR4A1","rf",306,80,0.832769769050536,0.830044180373831,NA,"oob_r2",-0.0240846032494678,0.0196078431372549,TRUE,0.802587904360056,0.762962962962963,"cz_human_kidney_v1.5"
"monocyte","NR4A1","lm",306,80,NA,0.794489015597489,NA,"cv_r2",NA,NA,NA,NA,NA,"cz_human_kidney_v1.5"
"monocyte","NR4A1","ridge",306,80,NA,0.832445139337494,NA,"cv_r2",NA,NA,NA,NA,NA,"cz_human_kidney_v1.5"
"monocyte","NR4A1","spearman",306,80,NA,0.503717160559503,NA,"cv_r2",NA,NA,NA,NA,NA,"cz_human_kidney_v1.5"
"monocyte","IKZF1","rf",306,80,0.834576538024216,0.829506668015518,NA,"oob_r2",-0.0195318738431404,0.0196078431372549,TRUE,0.739514507475126,1,"cz_human_kidney_v1.5"
"monocyte","IKZF1","lm",306,80,NA,0.789417905921344,NA,"cv_r2",NA,NA,NA,NA,NA,"cz_human_kidney_v1.5"
"monocyte","IKZF1","ridge",306,80,NA,0.829885657988744,NA,"cv_r2",NA,NA,NA,NA,NA,"cz_human_kidney_v1.5"
"monocyte","IKZF1","spearman",306,80,NA,0.461416900947617,NA,"cv_r2",NA,NA,NA,NA,NA,"cz_human_kidney_v1.5"
"monocyte","NR4A2","rf",306,80,0.875568895243197,0.876254201514536,NA,"oob_r2",-0.0271338831673278,0.0196078431372549,TRUE,0.793263009845288,0.77989417989418,"cz_human_kidney_v1.5"
"monocyte","NR4A2","lm",306,80,NA,0.838527785294268,NA,"cv_r2",NA,NA,NA,NA,NA,"cz_human_kidney_v1.5"
"monocyte","NR4A2","ridge",306,80,NA,0.864910374630734,NA,"cv_r2",NA,NA,NA,NA,NA,"cz_human_kidney_v1.5"
"monocyte","NR4A2","spearman",306,80,NA,0.63602562320283,NA,"cv_r2",NA,NA,NA,NA,NA,"cz_human_kidney_v1.5"
"monocyte","IRF4","rf",306,80,0.835506116804269,0.830464772663579,NA,"oob_r2",-0.035206998807423,0.0196078431372549,TRUE,0.83929676511955,0.8,"cz_human_kidney_v1.5"
"monocyte","IRF4","lm",306,80,NA,0.812121912080827,NA,"cv_r2",NA,NA,NA,NA,NA,"cz_human_kidney_v1.5"
"monocyte","IRF4","ridge",306,80,NA,0.867812643680261,NA,"cv_r2",NA,NA,NA,NA,NA,"cz_human_kidney_v1.5"
"monocyte","IRF4","spearman",306,80,NA,0.549694645914791,NA,"cv_r2",NA,NA,NA,NA,NA,"cz_human_kidney_v1.5"
"monocyte","MAFB","rf",306,80,0.817981688983872,0.812120715148238,NA,"oob_r2",-0.0328141006631605,0.0196078431372549,TRUE,0.792812418607074,0.822222222222222,"cz_human_kidney_v1.5"
"monocyte","MAFB","lm",306,80,NA,0.768477482734208,NA,"cv_r2",NA,NA,NA,NA,NA,"cz_human_kidney_v1.5"
"monocyte","MAFB","ridge",306,80,NA,0.815688910189751,NA,"cv_r2",NA,NA,NA,NA,NA,"cz_human_kidney_v1.5"
"monocyte","MAFB","spearman",306,80,NA,0.518987960172797,NA,"cv_r2",NA,NA,NA,NA,NA,"cz_human_kidney_v1.5"
"monocyte","ITGB2","rf",306,80,0.83358510447455,0.813639655768049,NA,"oob_r2",-0.0109911122384884,0.0196078431372549,TRUE,0.808741990936084,0.71957671957672,"cz_human_kidney_v1.5"
"monocyte","ITGB2","lm",306,80,NA,0.835275606053932,NA,"cv_r2",NA,NA,NA,NA,NA,"cz_human_kidney_v1.5"
"monocyte","ITGB2","ridge",306,80,NA,0.845884272666005,NA,"cv_r2",NA,NA,NA,NA,NA,"cz_human_kidney_v1.5"
"monocyte","ITGB2","spearman",306,80,NA,0.66146865900467,NA,"cv_r2",NA,NA,NA,NA,NA,"cz_human_kidney_v1.5"
"monocyte","YBX1","rf",306,80,0.835445959268823,0.832886297946141,NA,"oob_r2",-0.014889344465846,0.0196078431372549,TRUE,0.732756680731364,0.702645502645503,"cz_human_kidney_v1.5"
"monocyte","YBX1","lm",306,80,NA,0.804979143787669,NA,"cv_r2",NA,NA,NA,NA,NA,"cz_human_kidney_v1.5"
"monocyte","YBX1","ridge",306,80,NA,0.836550985879192,NA,"cv_r2",NA,NA,NA,NA,NA,"cz_human_kidney_v1.5"
"monocyte","YBX1","spearman",306,80,NA,0.745149753512752,NA,"cv_r2",NA,NA,NA,NA,NA,"cz_human_kidney_v1.5"
"monocyte","KLF6","rf",306,80,0.917366252013206,0.91133341241921,NA,"oob_r2",-0.0320730995244037,0.0196078431372549,TRUE,0.810816794290775,0.744973544973545,"cz_human_kidney_v1.5"
"monocyte","KLF6","lm",306,80,NA,0.884924001104723,NA,"cv_r2",NA,NA,NA,NA,NA,"cz_human_kidney_v1.5"
"monocyte","KLF6","ridge",306,80,NA,0.905919518211202,NA,"cv_r2",NA,NA,NA,NA,NA,"cz_human_kidney_v1.5"
"monocyte","KLF6","spearman",306,80,NA,0.66879550586679,NA,"cv_r2",NA,NA,NA,NA,NA,"cz_human_kidney_v1.5"
"monocyte","EGR1","rf",306,80,0.874956487923239,0.877085950398791,NA,"oob_r2",-0.0156417725046516,0.0196078431372549,TRUE,0.821661197062041,0.785185185185185,"cz_human_kidney_v1.5"
"monocyte","EGR1","lm",306,80,NA,0.866883501102962,NA,"cv_r2",NA,NA,NA,NA,NA,"cz_human_kidney_v1.5"
"monocyte","EGR1","ridge",306,80,NA,0.900014026696257,NA,"cv_r2",NA,NA,NA,NA,NA,"cz_human_kidney_v1.5"
"monocyte","EGR1","spearman",306,80,NA,0.643207477833602,NA,"cv_r2",NA,NA,NA,NA,NA,"cz_human_kidney_v1.5"
"monocyte","CREB5","rf",306,80,0.871921096440378,0.863205567424024,NA,"oob_r2",-0.0303315023163623,0.0196078431372549,TRUE,0.813441683596395,0.716402116402116,"cz_human_kidney_v1.5"
"monocyte","CREB5","lm",306,80,NA,0.884054246550106,NA,"cv_r2",NA,NA,NA,NA,NA,"cz_human_kidney_v1.5"
"monocyte","CREB5","ridge",306,80,NA,0.905383948499503,NA,"cv_r2",NA,NA,NA,NA,NA,"cz_human_kidney_v1.5"
"monocyte","CREB5","spearman",306,80,NA,0.511016563869544,NA,"cv_r2",NA,NA,NA,NA,NA,"cz_human_kidney_v1.5"
"monocyte","HES1","rf",306,80,0.858082421552047,0.860762568597442,NA,"oob_r2",-0.0165522524772534,0.0196078431372549,TRUE,0.823934468927437,0.844444444444444,"cz_human_kidney_v1.5"
"monocyte","HES1","lm",306,80,NA,0.834449682632333,NA,"cv_r2",NA,NA,NA,NA,NA,"cz_human_kidney_v1.5"
"monocyte","HES1","ridge",306,80,NA,0.876035327336166,NA,"cv_r2",NA,NA,NA,NA,NA,"cz_human_kidney_v1.5"
"monocyte","HES1","spearman",306,80,NA,0.65844777187086,NA,"cv_r2",NA,NA,NA,NA,NA,"cz_human_kidney_v1.5"
"monocyte","ZNF652","rf",306,80,0.842291094953907,0.839369978989287,NA,"oob_r2",-0.0275612310363189,0.0196078431372549,TRUE,0.779641610668334,0.816931216931217,"cz_human_kidney_v1.5"
"monocyte","ZNF652","lm",306,80,NA,0.841054183198126,NA,"cv_r2",NA,NA,NA,NA,NA,"cz_human_kidney_v1.5"
"monocyte","ZNF652","ridge",306,80,NA,0.839575213270731,NA,"cv_r2",NA,NA,NA,NA,NA,"cz_human_kidney_v1.5"
"monocyte","ZNF652","spearman",306,80,NA,0.676495563508837,NA,"cv_r2",NA,NA,NA,NA,NA,"cz_human_kidney_v1.5"
"monocyte","NRF1","rf",306,80,0.846756835115633,0.850706659697259,NA,"oob_r2",-0.0213032336038928,0.0196078431372549,TRUE,0.829657759024848,0.933333333333333,"cz_human_kidney_v1.5"
"monocyte","NRF1","lm",306,80,NA,0.855863363804447,NA,"cv_r2",NA,NA,NA,NA,NA,"cz_human_kidney_v1.5"
"monocyte","NRF1","ridge",306,80,NA,0.88022659924127,NA,"cv_r2",NA,NA,NA,NA,NA,"cz_human_kidney_v1.5"
"monocyte","NRF1","spearman",306,80,NA,0.424299049049895,NA,"cv_r2",NA,NA,NA,NA,NA,"cz_human_kidney_v1.5"
"monocyte","ZFP57","rf",306,80,0.83718914669138,0.853789711349197,NA,"oob_r2",-0.0111995833777729,0.0196078431372549,TRUE,0.828720112517581,0.66984126984127,"cz_human_kidney_v1.5"
"monocyte","ZFP57","lm",306,80,NA,0.81308277275068,NA,"cv_r2",NA,NA,NA,NA,NA,"cz_human_kidney_v1.5"
"monocyte","ZFP57","ridge",306,80,NA,0.862399612547563,NA,"cv_r2",NA,NA,NA,NA,NA,"cz_human_kidney_v1.5"
"monocyte","ZFP57","spearman",306,80,NA,0.589625698609554,NA,"cv_r2",NA,NA,NA,NA,NA,"cz_human_kidney_v1.5"
"monocyte","FOXS1","rf",306,80,0.855490561759262,0.858801835796214,NA,"oob_r2",-0.0196084358325208,0.0196078431372549,TRUE,0.825727978329947,0.714285714285714,"cz_human_kidney_v1.5"
"monocyte","FOXS1","lm",306,80,NA,0.834088056905235,NA,"cv_r2",NA,NA,NA,NA,NA,"cz_human_kidney_v1.5"
"monocyte","FOXS1","ridge",306,80,NA,0.881339286502825,NA,"cv_r2",NA,NA,NA,NA,NA,"cz_human_kidney_v1.5"
"monocyte","FOXS1","spearman",306,80,NA,0.661481773072353,NA,"cv_r2",NA,NA,NA,NA,NA,"cz_human_kidney_v1.5"
"monocyte","ZNF691","rf",306,80,0.816929155927028,0.766009608408355,NA,"oob_r2",-0.0400290407527069,0.0196078431372549,TRUE,0.776623951659113,0.785185185185185,"cz_human_kidney_v1.5"
"monocyte","ZNF691","lm",306,80,NA,0.745406585007983,NA,"cv_r2",NA,NA,NA,NA,NA,"cz_human_kidney_v1.5"
"monocyte","ZNF691","ridge",306,80,NA,0.741854640411099,NA,"cv_r2",NA,NA,NA,NA,NA,"cz_human_kidney_v1.5"
"monocyte","ZNF691","spearman",306,80,NA,0.666325642451569,NA,"cv_r2",NA,NA,NA,NA,NA,"cz_human_kidney_v1.5"
"monocyte","ARID3A","rf",306,80,0.837659519901004,0.82197510396552,NA,"oob_r2",-0.0403514291421757,0.0196078431372549,TRUE,0.797486586445799,0.792592592592593,"cz_human_kidney_v1.5"
"monocyte","ARID3A","lm",306,80,NA,0.809116077898206,NA,"cv_r2",NA,NA,NA,NA,NA,"cz_human_kidney_v1.5"
"monocyte","ARID3A","ridge",306,80,NA,0.82879390812311,NA,"cv_r2",NA,NA,NA,NA,NA,"cz_human_kidney_v1.5"
"monocyte","ARID3A","spearman",306,80,NA,0.415675241986365,NA,"cv_r2",NA,NA,NA,NA,NA,"cz_human_kidney_v1.5"
"monocyte","RELB","rf",306,80,0.786210536969217,0.786190642541899,NA,"oob_r2",-0.00763247776753567,0.0196078431372549,TRUE,0.807471479918737,0.650793650793651,"cz_human_kidney_v1.5"
"monocyte","RELB","lm",306,80,NA,0.728370186684696,NA,"cv_r2",NA,NA,NA,NA,NA,"cz_human_kidney_v1.5"
"monocyte","RELB","ridge",306,80,NA,0.792981962867017,NA,"cv_r2",NA,NA,NA,NA,NA,"cz_human_kidney_v1.5"
"monocyte","RELB","spearman",306,80,NA,0.409107759766253,NA,"cv_r2",NA,NA,NA,NA,NA,"cz_human_kidney_v1.5"
"monocyte","PRDM1","rf",306,80,0.892638038730624,0.892077238844962,NA,"oob_r2",-0.0243280650767833,0.0196078431372549,TRUE,0.791633067666823,0.874074074074074,"cz_human_kidney_v1.5"
"monocyte","PRDM1","lm",306,80,NA,0.882742801579045,NA,"cv_r2",NA,NA,NA,NA,NA,"cz_human_kidney_v1.5"
"monocyte","PRDM1","ridge",306,80,NA,0.903478568673757,NA,"cv_r2",NA,NA,NA,NA,NA,"cz_human_kidney_v1.5"
"monocyte","PRDM1","spearman",306,80,NA,0.63819031689357,NA,"cv_r2",NA,NA,NA,NA,NA,"cz_human_kidney_v1.5"
"monocyte","ATF3","rf",306,80,0.820648377628329,0.821593981836663,NA,"oob_r2",-0.0299519210757756,0.0196078431372549,TRUE,0.812535291972704,0.8,"cz_human_kidney_v1.5"
"monocyte","ATF3","lm",306,80,NA,0.806349923651816,NA,"cv_r2",NA,NA,NA,NA,NA,"cz_human_kidney_v1.5"
"monocyte","ATF3","ridge",306,80,NA,0.826036790355062,NA,"cv_r2",NA,NA,NA,NA,NA,"cz_human_kidney_v1.5"
"monocyte","ATF3","spearman",306,80,NA,0.412575859374286,NA,"cv_r2",NA,NA,NA,NA,NA,"cz_human_kidney_v1.5"
"monocyte","FOXQ1","rf",306,80,0.894511735990047,0.894687002314453,NA,"oob_r2",-0.0538600533619267,0.0196078431372549,TRUE,0.817410011981039,0.753439153439153,"cz_human_kidney_v1.5"
"monocyte","FOXQ1","lm",306,80,NA,0.852982089945766,NA,"cv_r2",NA,NA,NA,NA,NA,"cz_human_kidney_v1.5"
"monocyte","FOXQ1","ridge",306,80,NA,0.881139413755074,NA,"cv_r2",NA,NA,NA,NA,NA,"cz_human_kidney_v1.5"
"monocyte","FOXQ1","spearman",306,80,NA,0.540195789834746,NA,"cv_r2",NA,NA,NA,NA,NA,"cz_human_kidney_v1.5"
"monocyte","FOSB","rf",306,80,0.835848269531192,0.83618633286874,NA,"oob_r2",-0.0283255094986548,0.0196078431372549,TRUE,0.793575558681044,0.8,"cz_human_kidney_v1.5"
"monocyte","FOSB","lm",306,80,NA,0.804632314234827,NA,"cv_r2",NA,NA,NA,NA,NA,"cz_human_kidney_v1.5"
"monocyte","FOSB","ridge",306,80,NA,0.843365981553074,NA,"cv_r2",NA,NA,NA,NA,NA,"cz_human_kidney_v1.5"
"monocyte","FOSB","spearman",306,80,NA,0.355673318314626,NA,"cv_r2",NA,NA,NA,NA,NA,"cz_human_kidney_v1.5"
"monocyte","JUND","rf",306,80,0.838453209734644,0.828253717475834,NA,"oob_r2",-0.0170215030424201,0.0196078431372549,TRUE,0.823320310465177,0.722751322751323,"cz_human_kidney_v1.5"
"monocyte","JUND","lm",306,80,NA,0.798359568550282,NA,"cv_r2",NA,NA,NA,NA,NA,"cz_human_kidney_v1.5"
"monocyte","JUND","ridge",306,80,NA,0.84601953287227,NA,"cv_r2",NA,NA,NA,NA,NA,"cz_human_kidney_v1.5"
"monocyte","JUND","spearman",306,80,NA,0.357343422698162,NA,"cv_r2",NA,NA,NA,NA,NA,"cz_human_kidney_v1.5"
"monocyte","STAT1","rf",306,80,0.863550487498117,0.856951747533954,NA,"oob_r2",-0.00783767377698029,0.0196078431372549,TRUE,0.817645465437308,0.881481481481481,"cz_human_kidney_v1.5"
"monocyte","STAT1","lm",306,80,NA,0.845274565241167,NA,"cv_r2",NA,NA,NA,NA,NA,"cz_human_kidney_v1.5"
"monocyte","STAT1","ridge",306,80,NA,0.880308932052485,NA,"cv_r2",NA,NA,NA,NA,NA,"cz_human_kidney_v1.5"
"monocyte","STAT1","spearman",306,80,NA,0.620621372210972,NA,"cv_r2",NA,NA,NA,NA,NA,"cz_human_kidney_v1.5"
"monocyte","KLF7","rf",306,80,0.873071258556186,0.87608396239668,NA,"oob_r2",-0.0164128465802399,0.0196078431372549,TRUE,0.803007761629421,1,"cz_human_kidney_v1.5"
"monocyte","KLF7","lm",306,80,NA,0.846670328326772,NA,"cv_r2",NA,NA,NA,NA,NA,"cz_human_kidney_v1.5"
"monocyte","KLF7","ridge",306,80,NA,0.88927095176812,NA,"cv_r2",NA,NA,NA,NA,NA,"cz_human_kidney_v1.5"
"monocyte","KLF7","spearman",306,80,NA,0.677930560454437,NA,"cv_r2",NA,NA,NA,NA,NA,"cz_human_kidney_v1.5"
"monocyte","POU2F2","rf",306,80,0.842454189270843,0.84053729393294,NA,"oob_r2",-0.015870255160956,0.0196078431372549,TRUE,0.852061780486534,0.696296296296296,"cz_human_kidney_v1.5"
"monocyte","POU2F2","lm",306,80,NA,0.800260656124063,NA,"cv_r2",NA,NA,NA,NA,NA,"cz_human_kidney_v1.5"
"monocyte","POU2F2","ridge",306,80,NA,0.85646792045671,NA,"cv_r2",NA,NA,NA,NA,NA,"cz_human_kidney_v1.5"
"monocyte","POU2F2","spearman",306,80,NA,0.543999695860197,NA,"cv_r2",NA,NA,NA,NA,NA,"cz_human_kidney_v1.5"
"monocyte","MEF2C","rf",306,80,0.659040528146573,0.642677673034044,NA,"oob_r2",-0.0094538459897826,0.0196078431372549,TRUE,0.764644475699328,0.637037037037037,"cz_human_kidney_v1.5"
"monocyte","MEF2C","lm",306,80,NA,0.573799492846362,NA,"cv_r2",NA,NA,NA,NA,NA,"cz_human_kidney_v1.5"
"monocyte","MEF2C","ridge",306,80,NA,0.647093457272698,NA,"cv_r2",NA,NA,NA,NA,NA,"cz_human_kidney_v1.5"
"monocyte","MEF2C","spearman",306,80,NA,0.376456625394309,NA,"cv_r2",NA,NA,NA,NA,NA,"cz_human_kidney_v1.5"
"monocyte","PAX5","rf",306,80,0.693417285322259,0.69163092448979,NA,"oob_r2",-0.0349559180731578,0.0196078431372549,TRUE,0.771043913111424,0.844444444444444,"cz_human_kidney_v1.5"
"monocyte","PAX5","lm",306,80,NA,0.64650910252051,NA,"cv_r2",NA,NA,NA,NA,NA,"cz_human_kidney_v1.5"
"monocyte","PAX5","ridge",306,80,NA,0.720674926058517,NA,"cv_r2",NA,NA,NA,NA,NA,"cz_human_kidney_v1.5"
"monocyte","PAX5","spearman",306,80,NA,0.429312808888494,NA,"cv_r2",NA,NA,NA,NA,NA,"cz_human_kidney_v1.5"
"monocyte","IRF1","rf",306,80,0.713319832072558,0.668970439973912,NA,"oob_r2",-0.0251455333749517,0.0196078431372549,TRUE,0.719882273271865,0.822222222222222,"cz_human_kidney_v1.5"
"monocyte","IRF1","lm",306,80,NA,0.595023858180684,NA,"cv_r2",NA,NA,NA,NA,NA,"cz_human_kidney_v1.5"
"monocyte","IRF1","ridge",306,80,NA,0.667884320421672,NA,"cv_r2",NA,NA,NA,NA,NA,"cz_human_kidney_v1.5"
"monocyte","IRF1","spearman",306,80,NA,0.450619415163588,NA,"cv_r2",NA,NA,NA,NA,NA,"cz_human_kidney_v1.5"
"monocyte","KLF2","rf",306,80,0.721421477539768,0.692775463088282,NA,"oob_r2",-0.0275353173170105,0.0196078431372549,TRUE,0.815012241496067,1,"cz_human_kidney_v1.5"
"monocyte","KLF2","lm",306,80,NA,0.667342846025498,NA,"cv_r2",NA,NA,NA,NA,NA,"cz_human_kidney_v1.5"
"monocyte","KLF2","ridge",306,80,NA,0.728268401251001,NA,"cv_r2",NA,NA,NA,NA,NA,"cz_human_kidney_v1.5"
"monocyte","KLF2","spearman",306,80,NA,0.483570096651488,NA,"cv_r2",NA,NA,NA,NA,NA,"cz_human_kidney_v1.5"
"monocyte","ZNF148","rf",306,80,0.760528479471731,0.746282757967906,NA,"oob_r2",-0.0343494380721345,0.0196078431372549,TRUE,0.766176485909257,0.881481481481481,"cz_human_kidney_v1.5"
"monocyte","ZNF148","lm",306,80,NA,0.701214104926701,NA,"cv_r2",NA,NA,NA,NA,NA,"cz_human_kidney_v1.5"
"monocyte","ZNF148","ridge",306,80,NA,0.751717749877979,NA,"cv_r2",NA,NA,NA,NA,NA,"cz_human_kidney_v1.5"
"monocyte","ZNF148","spearman",306,80,NA,0.48326242718835,NA,"cv_r2",NA,NA,NA,NA,NA,"cz_human_kidney_v1.5"
"monocyte","CEBPB","rf",306,80,0.839088541241329,0.838655619603306,NA,"oob_r2",-0.0127351448799235,0.0196078431372549,TRUE,0.812747825181018,0.591269841269841,"cz_human_kidney_v1.5"
"monocyte","CEBPB","lm",306,80,NA,0.830683908040567,NA,"cv_r2",NA,NA,NA,NA,NA,"cz_human_kidney_v1.5"
"monocyte","CEBPB","ridge",306,80,NA,0.871097778617943,NA,"cv_r2",NA,NA,NA,NA,NA,"cz_human_kidney_v1.5"
"monocyte","CEBPB","spearman",306,80,NA,0.605406929381271,NA,"cv_r2",NA,NA,NA,NA,NA,"cz_human_kidney_v1.5"
"monocyte","IRF7","rf",306,80,0.776025412251916,0.754173467446083,NA,"oob_r2",-0.0308852937401705,0.0196078431372549,TRUE,0.784790852737407,0.82962962962963,"cz_human_kidney_v1.5"
"monocyte","IRF7","lm",306,80,NA,0.709003665593155,NA,"cv_r2",NA,NA,NA,NA,NA,"cz_human_kidney_v1.5"
"monocyte","IRF7","ridge",306,80,NA,0.756921105712346,NA,"cv_r2",NA,NA,NA,NA,NA,"cz_human_kidney_v1.5"
"monocyte","IRF7","spearman",306,80,NA,0.573401622580564,NA,"cv_r2",NA,NA,NA,NA,NA,"cz_human_kidney_v1.5"
"monocyte","HIC1","rf",306,80,0.835044040066895,0.815239413603479,NA,"oob_r2",-0.0141239872417302,0.0196078431372549,TRUE,0.847392300880346,0.881481481481481,"cz_human_kidney_v1.5"
"monocyte","HIC1","lm",306,80,NA,0.818254830038964,NA,"cv_r2",NA,NA,NA,NA,NA,"cz_human_kidney_v1.5"
"monocyte","HIC1","ridge",306,80,NA,0.846852959673291,NA,"cv_r2",NA,NA,NA,NA,NA,"cz_human_kidney_v1.5"
"monocyte","HIC1","spearman",306,80,NA,0.45316910303191,NA,"cv_r2",NA,NA,NA,NA,NA,"cz_human_kidney_v1.5"
"monocyte","KLF1","rf",306,80,0.854024039034489,0.844186714018474,NA,"oob_r2",-0.00049003877592314,0.0196078431372549,TRUE,0.840173985518571,0.816931216931217,"cz_human_kidney_v1.5"
"monocyte","KLF1","lm",306,80,NA,0.853313117602121,NA,"cv_r2",NA,NA,NA,NA,NA,"cz_human_kidney_v1.5"
"monocyte","KLF1","ridge",306,80,NA,0.885338015207086,NA,"cv_r2",NA,NA,NA,NA,NA,"cz_human_kidney_v1.5"
"monocyte","KLF1","spearman",306,80,NA,0.48606345545921,NA,"cv_r2",NA,NA,NA,NA,NA,"cz_human_kidney_v1.5"
"monocyte","HES4","rf",306,80,0.808336823819164,0.811635654063168,NA,"oob_r2",0.00116533161996517,0.0196078431372549,TRUE,0.821910194301193,0.77037037037037,"cz_human_kidney_v1.5"
"monocyte","HES4","lm",306,80,NA,0.829891499895889,NA,"cv_r2",NA,NA,NA,NA,NA,"cz_human_kidney_v1.5"
"monocyte","HES4","ridge",306,80,NA,0.859010162573374,NA,"cv_r2",NA,NA,NA,NA,NA,"cz_human_kidney_v1.5"
"monocyte","HES4","spearman",306,80,NA,0.562914961447681,NA,"cv_r2",NA,NA,NA,NA,NA,"cz_human_kidney_v1.5"
"kidney_interstitial_cell","FOS","rf",1200,174,0.920894368563215,0.92026756380025,NA,"oob_r2",-0.0525039731563181,0.0196078431372549,TRUE,0.887861347608607,1,"cz_human_kidney_v1.5"
"kidney_interstitial_cell","FOS","lm",1200,174,NA,0.892051142467406,NA,"cv_r2",NA,NA,NA,NA,NA,"cz_human_kidney_v1.5"
"kidney_interstitial_cell","FOS","ridge",1200,174,NA,0.894371392880455,NA,"cv_r2",NA,NA,NA,NA,NA,"cz_human_kidney_v1.5"
"kidney_interstitial_cell","FOS","spearman",1200,174,NA,0.593887464794927,NA,"cv_r2",NA,NA,NA,NA,NA,"cz_human_kidney_v1.5"
"kidney_interstitial_cell","PPARG","rf",1200,174,0.907275683660892,0.908746838790045,NA,"oob_r2",-0.0450148386767939,0.0196078431372549,TRUE,0.857410214793512,1,"cz_human_kidney_v1.5"
"kidney_interstitial_cell","PPARG","lm",1200,174,NA,0.915753539575358,NA,"cv_r2",NA,NA,NA,NA,NA,"cz_human_kidney_v1.5"
"kidney_interstitial_cell","PPARG","ridge",1200,174,NA,0.923296931756951,NA,"cv_r2",NA,NA,NA,NA,NA,"cz_human_kidney_v1.5"
"kidney_interstitial_cell","PPARG","spearman",1200,174,NA,0.662057635479921,NA,"cv_r2",NA,NA,NA,NA,NA,"cz_human_kidney_v1.5"
"kidney_interstitial_cell","ZEB1","rf",1200,174,0.927790982945918,0.92608061573018,NA,"oob_r2",-0.0471323369802121,0.0196078431372549,TRUE,0.836443634499843,0.822222222222222,"cz_human_kidney_v1.5"
"kidney_interstitial_cell","ZEB1","lm",1200,174,NA,0.926187493120519,NA,"cv_r2",NA,NA,NA,NA,NA,"cz_human_kidney_v1.5"
"kidney_interstitial_cell","ZEB1","ridge",1200,174,NA,0.931391041819448,NA,"cv_r2",NA,NA,NA,NA,NA,"cz_human_kidney_v1.5"
"kidney_interstitial_cell","ZEB1","spearman",1200,174,NA,0.703025406086211,NA,"cv_r2",NA,NA,NA,NA,NA,"cz_human_kidney_v1.5"
"kidney_interstitial_cell","ZBTB16","rf",1200,174,0.877918442685721,0.874960753364832,NA,"oob_r2",-0.0522679161019217,0.0196078431372549,TRUE,0.846875467853742,0.757671957671958,"cz_human_kidney_v1.5"
"kidney_interstitial_cell","ZBTB16","lm",1200,174,NA,0.866332845069358,NA,"cv_r2",NA,NA,NA,NA,NA,"cz_human_kidney_v1.5"
"kidney_interstitial_cell","ZBTB16","ridge",1200,174,NA,0.874411792667766,NA,"cv_r2",NA,NA,NA,NA,NA,"cz_human_kidney_v1.5"
"kidney_interstitial_cell","ZBTB16","spearman",1200,174,NA,0.594535751408828,NA,"cv_r2",NA,NA,NA,NA,NA,"cz_human_kidney_v1.5"
"kidney_interstitial_cell","MEF2C","rf",1200,174,0.960825259172722,0.959315737313602,NA,"oob_r2",-0.0472614940507922,0.0196078431372549,TRUE,0.867510021482515,0.711111111111111,"cz_human_kidney_v1.5"
"kidney_interstitial_cell","MEF2C","lm",1200,174,NA,0.94249929043535,NA,"cv_r2",NA,NA,NA,NA,NA,"cz_human_kidney_v1.5"
"kidney_interstitial_cell","MEF2C","ridge",1200,174,NA,0.944716829154427,NA,"cv_r2",NA,NA,NA,NA,NA,"cz_human_kidney_v1.5"
"kidney_interstitial_cell","MEF2C","spearman",1200,174,NA,0.653682526849664,NA,"cv_r2",NA,NA,NA,NA,NA,"cz_human_kidney_v1.5"
"kidney_interstitial_cell","NPAS3","rf",1200,174,0.920899444444629,0.918473028533473,NA,"oob_r2",-0.0463972003651576,0.0196078431372549,TRUE,0.840428055721657,1,"cz_human_kidney_v1.5"
"kidney_interstitial_cell","NPAS3","lm",1200,174,NA,0.924396604874749,NA,"cv_r2",NA,NA,NA,NA,NA,"cz_human_kidney_v1.5"
"kidney_interstitial_cell","NPAS3","ridge",1200,174,NA,0.92888697245752,NA,"cv_r2",NA,NA,NA,NA,NA,"cz_human_kidney_v1.5"
"kidney_interstitial_cell","NPAS3","spearman",1200,174,NA,0.704159540551925,NA,"cv_r2",NA,NA,NA,NA,NA,"cz_human_kidney_v1.5"
"kidney_interstitial_cell","ERG","rf",1200,174,0.932351242076998,0.929169878667908,NA,"oob_r2",-0.0391732913416693,0.0196078431372549,TRUE,0.860499748474235,0.868783068783069,"cz_human_kidney_v1.5"
"kidney_interstitial_cell","ERG","lm",1200,174,NA,0.934961179640364,NA,"cv_r2",NA,NA,NA,NA,NA,"cz_human_kidney_v1.5"
"kidney_interstitial_cell","ERG","ridge",1200,174,NA,0.93772818179573,NA,"cv_r2",NA,NA,NA,NA,NA,"cz_human_kidney_v1.5"
"kidney_interstitial_cell","ERG","spearman",1200,174,NA,0.64782330014413,NA,"cv_r2",NA,NA,NA,NA,NA,"cz_human_kidney_v1.5"
"kidney_interstitial_cell","EGR3","rf",1200,174,0.948431842465017,0.945365328765256,NA,"oob_r2",-0.0590824657272316,0.0196078431372549,TRUE,0.872236554445046,0.822222222222222,"cz_human_kidney_v1.5"
"kidney_interstitial_cell","EGR3","lm",1200,174,NA,0.923292712740421,NA,"cv_r2",NA,NA,NA,NA,NA,"cz_human_kidney_v1.5"
"kidney_interstitial_cell","EGR3","ridge",1200,174,NA,0.9275285123675,NA,"cv_r2",NA,NA,NA,NA,NA,"cz_human_kidney_v1.5"
"kidney_interstitial_cell","EGR3","spearman",1200,174,NA,0.568788189828914,NA,"cv_r2",NA,NA,NA,NA,NA,"cz_human_kidney_v1.5"
"kidney_interstitial_cell","FOXO3","rf",1200,174,0.929116809675507,0.927198547297094,NA,"oob_r2",-0.040985190485664,0.0196078431372549,TRUE,0.881482780767612,1,"cz_human_kidney_v1.5"
"kidney_interstitial_cell","FOXO3","lm",1200,174,NA,0.925165681230701,NA,"cv_r2",NA,NA,NA,NA,NA,"cz_human_kidney_v1.5"
"kidney_interstitial_cell","FOXO3","ridge",1200,174,NA,0.92900697379235,NA,"cv_r2",NA,NA,NA,NA,NA,"cz_human_kidney_v1.5"
"kidney_interstitial_cell","FOXO3","spearman",1200,174,NA,0.606618456216945,NA,"cv_r2",NA,NA,NA,NA,NA,"cz_human_kidney_v1.5"
"kidney_interstitial_cell","POU5F1","rf",1200,174,0.941529224080452,0.941648472247912,NA,"oob_r2",-0.049560946101552,0.0196078431372549,TRUE,0.859249801468657,0.77037037037037,"cz_human_kidney_v1.5"
"kidney_interstitial_cell","POU5F1","lm",1200,174,NA,0.920411860425418,NA,"cv_r2",NA,NA,NA,NA,NA,"cz_human_kidney_v1.5"
"kidney_interstitial_cell","POU5F1","ridge",1200,174,NA,0.925341188859335,NA,"cv_r2",NA,NA,NA,NA,NA,"cz_human_kidney_v1.5"
"kidney_interstitial_cell","POU5F1","spearman",1200,174,NA,0.651271032760614,NA,"cv_r2",NA,NA,NA,NA,NA,"cz_human_kidney_v1.5"
"kidney_interstitial_cell","RFX3","rf",1200,174,0.935375637229219,0.933688611197532,NA,"oob_r2",-0.0342384418963869,0.0196078431372549,TRUE,0.864512163406323,0.638095238095238,"cz_human_kidney_v1.5"
"kidney_interstitial_cell","RFX3","lm",1200,174,NA,0.924411493833598,NA,"cv_r2",NA,NA,NA,NA,NA,"cz_human_kidney_v1.5"
"kidney_interstitial_cell","RFX3","ridge",1200,174,NA,0.929181540965063,NA,"cv_r2",NA,NA,NA,NA,NA,"cz_human_kidney_v1.5"
"kidney_interstitial_cell","RFX3","spearman",1200,174,NA,0.578968060046359,NA,"cv_r2",NA,NA,NA,NA,NA,"cz_human_kidney_v1.5"
"kidney_interstitial_cell","NR5A2","rf",1200,174,0.938774765140755,0.937677834679798,NA,"oob_r2",-0.0546731242940796,0.0196078431372549,TRUE,0.864657953434513,0.582275132275132,"cz_human_kidney_v1.5"
"kidney_interstitial_cell","NR5A2","lm",1200,174,NA,0.922698946595379,NA,"cv_r2",NA,NA,NA,NA,NA,"cz_human_kidney_v1.5"
"kidney_interstitial_cell","NR5A2","ridge",1200,174,NA,0.92800835925835,NA,"cv_r2",NA,NA,NA,NA,NA,"cz_human_kidney_v1.5"
"kidney_interstitial_cell","NR5A2","spearman",1200,174,NA,0.62029846868609,NA,"cv_r2",NA,NA,NA,NA,NA,"cz_human_kidney_v1.5"
"kidney_interstitial_cell","ZNF331","rf",1200,174,0.922555192007435,0.919759980806772,NA,"oob_r2",-0.0654055139232465,0.0196078431372549,TRUE,0.845099411208241,0.681481481481481,"cz_human_kidney_v1.5"
"kidney_interstitial_cell","ZNF331","lm",1200,174,NA,0.916513602986233,NA,"cv_r2",NA,NA,NA,NA,NA,"cz_human_kidney_v1.5"
"kidney_interstitial_cell","ZNF331","ridge",1200,174,NA,0.918412479144901,NA,"cv_r2",NA,NA,NA,NA,NA,"cz_human_kidney_v1.5"
"kidney_interstitial_cell","ZNF331","spearman",1200,174,NA,0.48552617190767,NA,"cv_r2",NA,NA,NA,NA,NA,"cz_human_kidney_v1.5"
"kidney_interstitial_cell","STAT1","rf",1200,174,0.9468214866569,0.944960411255142,NA,"oob_r2",-0.0494496194771957,0.0196078431372549,TRUE,0.860249019998671,0.844444444444444,"cz_human_kidney_v1.5"
"kidney_interstitial_cell","STAT1","lm",1200,174,NA,0.929269693628949,NA,"cv_r2",NA,NA,NA,NA,NA,"cz_human_kidney_v1.5"
"kidney_interstitial_cell","STAT1","ridge",1200,174,NA,0.931366180077048,NA,"cv_r2",NA,NA,NA,NA,NA,"cz_human_kidney_v1.5"
"kidney_interstitial_cell","STAT1","spearman",1200,174,NA,0.594969512004707,NA,"cv_r2",NA,NA,NA,NA,NA,"cz_human_kidney_v1.5"
"kidney_interstitial_cell","NR1H4","rf",1200,174,0.951601298093833,0.949658733044171,NA,"oob_r2",-0.0617259747496891,0.0196078431372549,TRUE,0.854095921485995,0.73015873015873,"cz_human_kidney_v1.5"
"kidney_interstitial_cell","NR1H4","lm",1200,174,NA,0.935890327290447,NA,"cv_r2",NA,NA,NA,NA,NA,"cz_human_kidney_v1.5"
"kidney_interstitial_cell","NR1H4","ridge",1200,174,NA,0.93926616150776,NA,"cv_r2",NA,NA,NA,NA,NA,"cz_human_kidney_v1.5"
"kidney_interstitial_cell","NR1H4","spearman",1200,174,NA,0.524976810905361,NA,"cv_r2",NA,NA,NA,NA,NA,"cz_human_kidney_v1.5"
"kidney_interstitial_cell","TCF12","rf",1200,174,0.924129548095601,0.923359459820505,NA,"oob_r2",-0.0417137945854982,0.0196078431372549,TRUE,0.852170379440062,1,"cz_human_kidney_v1.5"
"kidney_interstitial_cell","TCF12","lm",1200,174,NA,0.922542342221357,NA,"cv_r2",NA,NA,NA,NA,NA,"cz_human_kidney_v1.5"
"kidney_interstitial_cell","TCF12","ridge",1200,174,NA,0.92482716751822,NA,"cv_r2",NA,NA,NA,NA,NA,"cz_human_kidney_v1.5"
"kidney_interstitial_cell","TCF12","spearman",1200,174,NA,0.650268171346565,NA,"cv_r2",NA,NA,NA,NA,NA,"cz_human_kidney_v1.5"
"kidney_interstitial_cell","TFAP2B","rf",1200,174,0.953044053351002,0.952703311956882,NA,"oob_r2",-0.0460839581759713,0.0196078431372549,TRUE,0.880658358406814,0.774603174603175,"cz_human_kidney_v1.5"
"kidney_interstitial_cell","TFAP2B","lm",1200,174,NA,0.926697639757534,NA,"cv_r2",NA,NA,NA,NA,NA,"cz_human_kidney_v1.5"
"kidney_interstitial_cell","TFAP2B","ridge",1200,174,NA,0.929174079696038,NA,"cv_r2",NA,NA,NA,NA,NA,"cz_human_kidney_v1.5"
"kidney_interstitial_cell","TFAP2B","spearman",1200,174,NA,0.621319797911017,NA,"cv_r2",NA,NA,NA,NA,NA,"cz_human_kidney_v1.5"
"kidney_interstitial_cell","RORA","rf",1200,174,0.927042301691601,0.924288410023663,NA,"oob_r2",-0.0478360398217135,0.0196078431372549,TRUE,0.866896842797979,0.874074074074074,"cz_human_kidney_v1.5"
"kidney_interstitial_cell","RORA","lm",1200,174,NA,0.924138499011229,NA,"cv_r2",NA,NA,NA,NA,NA,"cz_human_kidney_v1.5"
"kidney_interstitial_cell","RORA","ridge",1200,174,NA,0.929752525584904,NA,"cv_r2",NA,NA,NA,NA,NA,"cz_human_kidney_v1.5"
"kidney_interstitial_cell","RORA","spearman",1200,174,NA,0.636807997210192,NA,"cv_r2",NA,NA,NA,NA,NA,"cz_human_kidney_v1.5"
"kidney_interstitial_cell","KLF4","rf",1200,174,0.954857952673341,0.951600017355016,NA,"oob_r2",-0.0535717704176112,0.0196078431372549,TRUE,0.857756921704301,0.792592592592593,"cz_human_kidney_v1.5"
"kidney_interstitial_cell","KLF4","lm",1200,174,NA,0.929119994871525,NA,"cv_r2",NA,NA,NA,NA,NA,"cz_human_kidney_v1.5"
"kidney_interstitial_cell","KLF4","ridge",1200,174,NA,0.931606778874076,NA,"cv_r2",NA,NA,NA,NA,NA,"cz_human_kidney_v1.5"
"kidney_interstitial_cell","KLF4","spearman",1200,174,NA,0.575512449960742,NA,"cv_r2",NA,NA,NA,NA,NA,"cz_human_kidney_v1.5"
"kidney_interstitial_cell","HIVEP2","rf",1200,174,0.927907572372244,0.927403230476278,NA,"oob_r2",-0.0362746521811201,0.0196078431372549,TRUE,0.877431032900836,0.755555555555556,"cz_human_kidney_v1.5"
"kidney_interstitial_cell","HIVEP2","lm",1200,174,NA,0.917303807074865,NA,"cv_r2",NA,NA,NA,NA,NA,"cz_human_kidney_v1.5"
"kidney_interstitial_cell","HIVEP2","ridge",1200,174,NA,0.921692523187236,NA,"cv_r2",NA,NA,NA,NA,NA,"cz_human_kidney_v1.5"
"kidney_interstitial_cell","HIVEP2","spearman",1200,174,NA,0.623221973535731,NA,"cv_r2",NA,NA,NA,NA,NA,"cz_human_kidney_v1.5"
"kidney_interstitial_cell","RUNX2","rf",1200,174,0.922154714928454,0.917347492422829,NA,"oob_r2",-0.0431196753398912,0.0196078431372549,TRUE,0.873642162678639,0.881481481481481,"cz_human_kidney_v1.5"
"kidney_interstitial_cell","RUNX2","lm",1200,174,NA,0.917841420387219,NA,"cv_r2",NA,NA,NA,NA,NA,"cz_human_kidney_v1.5"
"kidney_interstitial_cell","RUNX2","ridge",1200,174,NA,0.922751219883393,NA,"cv_r2",NA,NA,NA,NA,NA,"cz_human_kidney_v1.5"
"kidney_interstitial_cell","RUNX2","spearman",1200,174,NA,0.586704012123658,NA,"cv_r2",NA,NA,NA,NA,NA,"cz_human_kidney_v1.5"
"kidney_interstitial_cell","AHR","rf",1200,174,0.943223571670439,0.938985483234653,NA,"oob_r2",-0.0637466248704154,0.0196078431372549,TRUE,0.871226249798305,0.732275132275132,"cz_human_kidney_v1.5"
"kidney_interstitial_cell","AHR","lm",1200,174,NA,0.926980955376757,NA,"cv_r2",NA,NA,NA,NA,NA,"cz_human_kidney_v1.5"
"kidney_interstitial_cell","AHR","ridge",1200,174,NA,0.930249319624069,NA,"cv_r2",NA,NA,NA,NA,NA,"cz_human_kidney_v1.5"
"kidney_interstitial_cell","AHR","spearman",1200,174,NA,0.468895684169194,NA,"cv_r2",NA,NA,NA,NA,NA,"cz_human_kidney_v1.5"
"kidney_interstitial_cell","PAX2","rf",1200,174,0.9034728306974,0.901203414561855,NA,"oob_r2",-0.0494990690967406,0.0196078431372549,TRUE,0.862119890784033,0.933333333333333,"cz_human_kidney_v1.5"
"kidney_interstitial_cell","PAX2","lm",1200,174,NA,0.875940867603358,NA,"cv_r2",NA,NA,NA,NA,NA,"cz_human_kidney_v1.5"
"kidney_interstitial_cell","PAX2","ridge",1200,174,NA,0.883926143746838,NA,"cv_r2",NA,NA,NA,NA,NA,"cz_human_kidney_v1.5"
"kidney_interstitial_cell","PAX2","spearman",1200,174,NA,0.391544353103968,NA,"cv_r2",NA,NA,NA,NA,NA,"cz_human_kidney_v1.5"
"kidney_interstitial_cell","JUN","rf",1200,174,0.938651257117465,0.935751078689362,NA,"oob_r2",-0.0535697816423224,0.0196078431372549,TRUE,0.861330852877993,0.744973544973545,"cz_human_kidney_v1.5"
"kidney_interstitial_cell","JUN","lm",1200,174,NA,0.925789768663849,NA,"cv_r2",NA,NA,NA,NA,NA,"cz_human_kidney_v1.5"
"kidney_interstitial_cell","JUN","ridge",1200,174,NA,0.928158314241751,NA,"cv_r2",NA,NA,NA,NA,NA,"cz_human_kidney_v1.5"
"kidney_interstitial_cell","JUN","spearman",1200,174,NA,0.439024632730906,NA,"cv_r2",NA,NA,NA,NA,NA,"cz_human_kidney_v1.5"
"kidney_interstitial_cell","ID2","rf",1200,174,0.947027017838456,0.946978668414225,NA,"oob_r2",-0.0606068369473189,0.0196078431372549,TRUE,0.833960141866859,0.785185185185185,"cz_human_kidney_v1.5"
"kidney_interstitial_cell","ID2","lm",1200,174,NA,0.926818725832539,NA,"cv_r2",NA,NA,NA,NA,NA,"cz_human_kidney_v1.5"
"kidney_interstitial_cell","ID2","ridge",1200,174,NA,0.931175273690109,NA,"cv_r2",NA,NA,NA,NA,NA,"cz_human_kidney_v1.5"
"kidney_interstitial_cell","ID2","spearman",1200,174,NA,0.42534687031432,NA,"cv_r2",NA,NA,NA,NA,NA,"cz_human_kidney_v1.5"
"kidney_interstitial_cell","KLF12","rf",1200,174,0.936627539134062,0.935691948494097,NA,"oob_r2",-0.0358422371390381,0.0196078431372549,TRUE,0.895570704050672,0.822222222222222,"cz_human_kidney_v1.5"
"kidney_interstitial_cell","KLF12","lm",1200,174,NA,0.922638045006507,NA,"cv_r2",NA,NA,NA,NA,NA,"cz_human_kidney_v1.5"
"kidney_interstitial_cell","KLF12","ridge",1200,174,NA,0.925242440904194,NA,"cv_r2",NA,NA,NA,NA,NA,"cz_human_kidney_v1.5"
"kidney_interstitial_cell","KLF12","spearman",1200,174,NA,0.513482781756832,NA,"cv_r2",NA,NA,NA,NA,NA,"cz_human_kidney_v1.5"
"kidney_interstitial_cell","HES4","rf",1200,174,0.929378191115175,0.930864633093317,NA,"oob_r2",-0.0363353064574213,0.0196078431372549,TRUE,0.84976337595034,1,"cz_human_kidney_v1.5"
"kidney_interstitial_cell","HES4","lm",1200,174,NA,0.913688633442327,NA,"cv_r2",NA,NA,NA,NA,NA,"cz_human_kidney_v1.5"
"kidney_interstitial_cell","HES4","ridge",1200,174,NA,0.917274849126449,NA,"cv_r2",NA,NA,NA,NA,NA,"cz_human_kidney_v1.5"
"kidney_interstitial_cell","HES4","spearman",1200,174,NA,0.676560546871111,NA,"cv_r2",NA,NA,NA,NA,NA,"cz_human_kidney_v1.5"
"kidney_interstitial_cell","HNF4G","rf",1200,174,0.917830442852361,0.920331668131752,NA,"oob_r2",-0.0490253614323639,0.0196078431372549,TRUE,0.887101062735904,0.933333333333333,"cz_human_kidney_v1.5"
"kidney_interstitial_cell","HNF4G","lm",1200,174,NA,0.88764249068854,NA,"cv_r2",NA,NA,NA,NA,NA,"cz_human_kidney_v1.5"
"kidney_interstitial_cell","HNF4G","ridge",1200,174,NA,0.893599759632862,NA,"cv_r2",NA,NA,NA,NA,NA,"cz_human_kidney_v1.5"
"kidney_interstitial_cell","HNF4G","spearman",1200,174,NA,0.605099975082259,NA,"cv_r2",NA,NA,NA,NA,NA,"cz_human_kidney_v1.5"
"kidney_interstitial_cell","KLF2","rf",1200,174,0.939158982731983,0.93832592176282,NA,"oob_r2",-0.0363201583590168,0.0196078431372549,TRUE,0.841363541735876,0.8,"cz_human_kidney_v1.5"
"kidney_interstitial_cell","KLF2","lm",1200,174,NA,0.916501928542527,NA,"cv_r2",NA,NA,NA,NA,NA,"cz_human_kidney_v1.5"
"kidney_interstitial_cell","KLF2","ridge",1200,174,NA,0.918991277985089,NA,"cv_r2",NA,NA,NA,NA,NA,"cz_human_kidney_v1.5"
"kidney_interstitial_cell","KLF2","spearman",1200,174,NA,0.699096312833956,NA,"cv_r2",NA,NA,NA,NA,NA,"cz_human_kidney_v1.5"
"mononuclear_phagocyte","HES4","rf",494,134,0.949819852873999,0.950042455675488,NA,"oob_r2",-0.049138719238028,0.0196078431372549,TRUE,0.826307393691526,1,"cz_human_kidney_v1.5"
"mononuclear_phagocyte","HES4","lm",494,134,NA,0.922955151983815,NA,"cv_r2",NA,NA,NA,NA,NA,"cz_human_kidney_v1.5"
"mononuclear_phagocyte","HES4","ridge",494,134,NA,0.927411099770572,NA,"cv_r2",NA,NA,NA,NA,NA,"cz_human_kidney_v1.5"
"mononuclear_phagocyte","HES4","spearman",494,134,NA,0.790175498182721,NA,"cv_r2",NA,NA,NA,NA,NA,"cz_human_kidney_v1.5"
"mononuclear_phagocyte","JUN","rf",494,134,0.879724267816928,0.878188684426954,NA,"oob_r2",-0.041315746880018,0.0196078431372549,TRUE,0.759942033081599,0.670899470899471,"cz_human_kidney_v1.5"
"mononuclear_phagocyte","JUN","lm",494,134,NA,0.844653598806665,NA,"cv_r2",NA,NA,NA,NA,NA,"cz_human_kidney_v1.5"
"mononuclear_phagocyte","JUN","ridge",494,134,NA,0.862742062634901,NA,"cv_r2",NA,NA,NA,NA,NA,"cz_human_kidney_v1.5"
"mononuclear_phagocyte","JUN","spearman",494,134,NA,0.766057083450639,NA,"cv_r2",NA,NA,NA,NA,NA,"cz_human_kidney_v1.5"
"mononuclear_phagocyte","ATF3","rf",494,134,0.93260342578552,0.932088694507127,NA,"oob_r2",-0.0438442710819353,0.0196078431372549,TRUE,0.807556924372845,0.844444444444444,"cz_human_kidney_v1.5"
"mononuclear_phagocyte","ATF3","lm",494,134,NA,0.892625247699468,NA,"cv_r2",NA,NA,NA,NA,NA,"cz_human_kidney_v1.5"
"mononuclear_phagocyte","ATF3","ridge",494,134,NA,0.903956235451462,NA,"cv_r2",NA,NA,NA,NA,NA,"cz_human_kidney_v1.5"
"mononuclear_phagocyte","ATF3","spearman",494,134,NA,0.734787376734129,NA,"cv_r2",NA,NA,NA,NA,NA,"cz_human_kidney_v1.5"
"mononuclear_phagocyte","CEBPB","rf",494,134,0.931281375721668,0.930219062854089,NA,"oob_r2",-0.0254573024365652,0.0196078431372549,TRUE,0.857185362521838,0.822222222222222,"cz_human_kidney_v1.5"
"mononuclear_phagocyte","CEBPB","lm",494,134,NA,0.9233638943397,NA,"cv_r2",NA,NA,NA,NA,NA,"cz_human_kidney_v1.5"
"mononuclear_phagocyte","CEBPB","ridge",494,134,NA,0.929973797369904,NA,"cv_r2",NA,NA,NA,NA,NA,"cz_human_kidney_v1.5"
"mononuclear_phagocyte","CEBPB","spearman",494,134,NA,0.66471395598741,NA,"cv_r2",NA,NA,NA,NA,NA,"cz_human_kidney_v1.5"
"mononuclear_phagocyte","NR4A3","rf",494,134,0.911235253507333,0.912300221306631,NA,"oob_r2",-0.033012231169397,0.0196078431372549,TRUE,0.782574623402065,0.740740740740741,"cz_human_kidney_v1.5"
"mononuclear_phagocyte","NR4A3","lm",494,134,NA,0.87740331573619,NA,"cv_r2",NA,NA,NA,NA,NA,"cz_human_kidney_v1.5"
"mononuclear_phagocyte","NR4A3","ridge",494,134,NA,0.891430388781795,NA,"cv_r2",NA,NA,NA,NA,NA,"cz_human_kidney_v1.5"
"mononuclear_phagocyte","NR4A3","spearman",494,134,NA,0.823676028002754,NA,"cv_r2",NA,NA,NA,NA,NA,"cz_human_kidney_v1.5"
"mononuclear_phagocyte","EGR2","rf",494,134,0.939903606164121,0.939499836923538,NA,"oob_r2",-0.0435183331598956,0.0196078431372549,TRUE,0.861586193233221,0.822222222222222,"cz_human_kidney_v1.5"
"mononuclear_phagocyte","EGR2","lm",494,134,NA,0.907200218691627,NA,"cv_r2",NA,NA,NA,NA,NA,"cz_human_kidney_v1.5"
"mononuclear_phagocyte","EGR2","ridge",494,134,NA,0.916700166813792,NA,"cv_r2",NA,NA,NA,NA,NA,"cz_human_kidney_v1.5"
"mononuclear_phagocyte","EGR2","spearman",494,134,NA,0.679371504697808,NA,"cv_r2",NA,NA,NA,NA,NA,"cz_human_kidney_v1.5"
"mononuclear_phagocyte","BATF","rf",494,134,0.908767192629603,0.912586519544943,NA,"oob_r2",-0.0338167795873772,0.0196078431372549,TRUE,0.807735480215187,0.740740740740741,"cz_human_kidney_v1.5"
"mononuclear_phagocyte","BATF","lm",494,134,NA,0.891780821285464,NA,"cv_r2",NA,NA,NA,NA,NA,"cz_human_kidney_v1.5"
"mononuclear_phagocyte","BATF","ridge",494,134,NA,0.904806708126482,NA,"cv_r2",NA,NA,NA,NA,NA,"cz_human_kidney_v1.5"
"mononuclear_phagocyte","BATF","spearman",494,134,NA,0.713771371281008,NA,"cv_r2",NA,NA,NA,NA,NA,"cz_human_kidney_v1.5"
"mononuclear_phagocyte","NR4A1","rf",494,134,0.921611605861017,0.925089777345888,NA,"oob_r2",-0.0467940190315219,0.0196078431372549,TRUE,0.796764769857203,0.933333333333333,"cz_human_kidney_v1.5"
"mononuclear_phagocyte","NR4A1","lm",494,134,NA,0.894934417954852,NA,"cv_r2",NA,NA,NA,NA,NA,"cz_human_kidney_v1.5"
"mononuclear_phagocyte","NR4A1","ridge",494,134,NA,0.90252476962368,NA,"cv_r2",NA,NA,NA,NA,NA,"cz_human_kidney_v1.5"
"mononuclear_phagocyte","NR4A1","spearman",494,134,NA,0.785146881596779,NA,"cv_r2",NA,NA,NA,NA,NA,"cz_human_kidney_v1.5"
"mononuclear_phagocyte","NR4A2","rf",494,134,0.935098257186133,0.931393226404158,NA,"oob_r2",-0.0417089156384367,0.0196078431372549,TRUE,0.861442218038186,0.8,"cz_human_kidney_v1.5"
"mononuclear_phagocyte","NR4A2","lm",494,134,NA,0.902425826782032,NA,"cv_r2",NA,NA,NA,NA,NA,"cz_human_kidney_v1.5"
"mononuclear_phagocyte","NR4A2","ridge",494,134,NA,0.916952515251773,NA,"cv_r2",NA,NA,NA,NA,NA,"cz_human_kidney_v1.5"
"mononuclear_phagocyte","NR4A2","spearman",494,134,NA,0.659947667434341,NA,"cv_r2",NA,NA,NA,NA,NA,"cz_human_kidney_v1.5"
"mononuclear_phagocyte","KLF6","rf",494,134,0.898934812326007,0.897342764637505,NA,"oob_r2",-0.0374132635046766,0.0196078431372549,TRUE,0.839052800602945,0.725925925925926,"cz_human_kidney_v1.5"
"mononuclear_phagocyte","KLF6","lm",494,134,NA,0.850093320342788,NA,"cv_r2",NA,NA,NA,NA,NA,"cz_human_kidney_v1.5"
"mononuclear_phagocyte","KLF6","ridge",494,134,NA,0.86629649560421,NA,"cv_r2",NA,NA,NA,NA,NA,"cz_human_kidney_v1.5"
"mononuclear_phagocyte","KLF6","spearman",494,134,NA,0.698525078857129,NA,"cv_r2",NA,NA,NA,NA,NA,"cz_human_kidney_v1.5"
"mononuclear_phagocyte","FOXO3","rf",494,134,0.942130475017276,0.941084474750709,NA,"oob_r2",-0.0587725366510326,0.0196078431372549,TRUE,0.838047190945856,0.814814814814815,"cz_human_kidney_v1.5"
"mononuclear_phagocyte","FOXO3","lm",494,134,NA,0.926943752882267,NA,"cv_r2",NA,NA,NA,NA,NA,"cz_human_kidney_v1.5"
"mononuclear_phagocyte","FOXO3","ridge",494,134,NA,0.937052330256762,NA,"cv_r2",NA,NA,NA,NA,NA,"cz_human_kidney_v1.5"
"mononuclear_phagocyte","FOXO3","spearman",494,134,NA,0.656935831608666,NA,"cv_r2",NA,NA,NA,NA,NA,"cz_human_kidney_v1.5"
"mononuclear_phagocyte","NFKB1","rf",494,134,0.808446616076321,0.813607655560468,NA,"oob_r2",-0.0482931915190536,0.0196078431372549,TRUE,0.706345687325001,0.933333333333333,"cz_human_kidney_v1.5"
"mononuclear_phagocyte","NFKB1","lm",494,134,NA,0.757460294916108,NA,"cv_r2",NA,NA,NA,NA,NA,"cz_human_kidney_v1.5"
"mononuclear_phagocyte","NFKB1","ridge",494,134,NA,0.791944570076999,NA,"cv_r2",NA,NA,NA,NA,NA,"cz_human_kidney_v1.5"
"mononuclear_phagocyte","NFKB1","spearman",494,134,NA,0.639568191990855,NA,"cv_r2",NA,NA,NA,NA,NA,"cz_human_kidney_v1.5"
"mononuclear_phagocyte","IRF4","rf",494,134,0.945023990402564,0.945660965779118,NA,"oob_r2",-0.0319578623163365,0.0196078431372549,TRUE,0.871165697549568,1,"cz_human_kidney_v1.5"
"mononuclear_phagocyte","IRF4","lm",494,134,NA,0.920071171739169,NA,"cv_r2",NA,NA,NA,NA,NA,"cz_human_kidney_v1.5"
"mononuclear_phagocyte","IRF4","ridge",494,134,NA,0.931427958400428,NA,"cv_r2",NA,NA,NA,NA,NA,"cz_human_kidney_v1.5"
"mononuclear_phagocyte","IRF4","spearman",494,134,NA,0.650188125242222,NA,"cv_r2",NA,NA,NA,NA,NA,"cz_human_kidney_v1.5"
"mononuclear_phagocyte","EGR3","rf",494,134,0.925143904167111,0.925656855810857,NA,"oob_r2",-0.0310050653470203,0.0196078431372549,TRUE,0.816549111862021,1,"cz_human_kidney_v1.5"
"mononuclear_phagocyte","EGR3","lm",494,134,NA,0.878012939288339,NA,"cv_r2",NA,NA,NA,NA,NA,"cz_human_kidney_v1.5"
"mononuclear_phagocyte","EGR3","ridge",494,134,NA,0.891202377350034,NA,"cv_r2",NA,NA,NA,NA,NA,"cz_human_kidney_v1.5"
"mononuclear_phagocyte","EGR3","spearman",494,134,NA,0.69342374247457,NA,"cv_r2",NA,NA,NA,NA,NA,"cz_human_kidney_v1.5"
"mononuclear_phagocyte","POU3F1","rf",494,134,0.923767983955098,0.92500546475812,NA,"oob_r2",-0.0184469955750594,0.0196078431372549,TRUE,0.76770405837701,0.874074074074074,"cz_human_kidney_v1.5"
"mononuclear_phagocyte","POU3F1","lm",494,134,NA,0.90564237047208,NA,"cv_r2",NA,NA,NA,NA,NA,"cz_human_kidney_v1.5"
"mononuclear_phagocyte","POU3F1","ridge",494,134,NA,0.922801838997916,NA,"cv_r2",NA,NA,NA,NA,NA,"cz_human_kidney_v1.5"
"mononuclear_phagocyte","POU3F1","spearman",494,134,NA,0.316887904107861,NA,"cv_r2",NA,NA,NA,NA,NA,"cz_human_kidney_v1.5"
"mononuclear_phagocyte","FOXP4","rf",494,134,0.931827244052423,0.931047056013112,NA,"oob_r2",-0.0396874157469991,0.0196078431372549,TRUE,0.832328859739177,0.933333333333333,"cz_human_kidney_v1.5"
"mononuclear_phagocyte","FOXP4","lm",494,134,NA,0.897580774629565,NA,"cv_r2",NA,NA,NA,NA,NA,"cz_human_kidney_v1.5"
"mononuclear_phagocyte","FOXP4","ridge",494,134,NA,0.914081852377676,NA,"cv_r2",NA,NA,NA,NA,NA,"cz_human_kidney_v1.5"
"mononuclear_phagocyte","FOXP4","spearman",494,134,NA,0.591950249954484,NA,"cv_r2",NA,NA,NA,NA,NA,"cz_human_kidney_v1.5"
"mononuclear_phagocyte","CREM","rf",494,134,0.915518044095907,0.915494820499429,NA,"oob_r2",-0.045926035658089,0.0196078431372549,TRUE,0.814057199383201,0.822222222222222,"cz_human_kidney_v1.5"
"mononuclear_phagocyte","CREM","lm",494,134,NA,0.856862920084084,NA,"cv_r2",NA,NA,NA,NA,NA,"cz_human_kidney_v1.5"
"mononuclear_phagocyte","CREM","ridge",494,134,NA,0.884257368734875,NA,"cv_r2",NA,NA,NA,NA,NA,"cz_human_kidney_v1.5"
"mononuclear_phagocyte","CREM","spearman",494,134,NA,0.655750252351078,NA,"cv_r2",NA,NA,NA,NA,NA,"cz_human_kidney_v1.5"
"mononuclear_phagocyte","TFCP2","rf",494,134,0.877343823100404,0.871240958575063,NA,"oob_r2",-0.0317800420865022,0.0196078431372549,TRUE,0.811621480456254,0.720634920634921,"cz_human_kidney_v1.5"
"mononuclear_phagocyte","TFCP2","lm",494,134,NA,0.870303111482473,NA,"cv_r2",NA,NA,NA,NA,NA,"cz_human_kidney_v1.5"
"mononuclear_phagocyte","TFCP2","ridge",494,134,NA,0.887006900683239,NA,"cv_r2",NA,NA,NA,NA,NA,"cz_human_kidney_v1.5"
"mononuclear_phagocyte","TFCP2","spearman",494,134,NA,0.274006024010681,NA,"cv_r2",NA,NA,NA,NA,NA,"cz_human_kidney_v1.5"
"mononuclear_phagocyte","STAT1","rf",494,134,0.891767428633882,0.892418739378861,NA,"oob_r2",-0.0375704240243286,0.0196078431372549,TRUE,0.831165642131864,0.874074074074074,"cz_human_kidney_v1.5"
"mononuclear_phagocyte","STAT1","lm",494,134,NA,0.842337509153686,NA,"cv_r2",NA,NA,NA,NA,NA,"cz_human_kidney_v1.5"
"mononuclear_phagocyte","STAT1","ridge",494,134,NA,0.868524506326388,NA,"cv_r2",NA,NA,NA,NA,NA,"cz_human_kidney_v1.5"
"mononuclear_phagocyte","STAT1","spearman",494,134,NA,0.552339857801477,NA,"cv_r2",NA,NA,NA,NA,NA,"cz_human_kidney_v1.5"
"mononuclear_phagocyte","ATF2","rf",494,134,0.851501051026891,0.849374728813435,NA,"oob_r2",-0.0175130419084373,0.0196078431372549,TRUE,0.826122076889294,0.822222222222222,"cz_human_kidney_v1.5"
"mononuclear_phagocyte","ATF2","lm",494,134,NA,0.829332100372586,NA,"cv_r2",NA,NA,NA,NA,NA,"cz_human_kidney_v1.5"
"mononuclear_phagocyte","ATF2","ridge",494,134,NA,0.844542238925551,NA,"cv_r2",NA,NA,NA,NA,NA,"cz_human_kidney_v1.5"
"mononuclear_phagocyte","ATF2","spearman",494,134,NA,0.434413064992467,NA,"cv_r2",NA,NA,NA,NA,NA,"cz_human_kidney_v1.5"
"mononuclear_phagocyte","CREB5","rf",494,134,0.824311525420221,0.826612425316177,NA,"oob_r2",-0.0313808791618939,0.0196078431372549,TRUE,0.809678646588833,0.844444444444444,"cz_human_kidney_v1.5"
"mononuclear_phagocyte","CREB5","lm",494,134,NA,0.787548844894142,NA,"cv_r2",NA,NA,NA,NA,NA,"cz_human_kidney_v1.5"
"mononuclear_phagocyte","CREB5","ridge",494,134,NA,0.807160622033597,NA,"cv_r2",NA,NA,NA,NA,NA,"cz_human_kidney_v1.5"
"mononuclear_phagocyte","CREB5","spearman",494,134,NA,0.367838742314272,NA,"cv_r2",NA,NA,NA,NA,NA,"cz_human_kidney_v1.5"
"mononuclear_phagocyte","KLF13","rf",494,134,0.900753797111478,0.891857365596983,NA,"oob_r2",-0.0533242469300022,0.0196078431372549,TRUE,0.890799746741093,0.82962962962963,"cz_human_kidney_v1.5"
"mononuclear_phagocyte","KLF13","lm",494,134,NA,0.84963378585089,NA,"cv_r2",NA,NA,NA,NA,NA,"cz_human_kidney_v1.5"
"mononuclear_phagocyte","KLF13","ridge",494,134,NA,0.878042299255124,NA,"cv_r2",NA,NA,NA,NA,NA,"cz_human_kidney_v1.5"
"mononuclear_phagocyte","KLF13","spearman",494,134,NA,0.508295992899869,NA,"cv_r2",NA,NA,NA,NA,NA,"cz_human_kidney_v1.5"
"mononuclear_phagocyte","THRB","rf",494,134,0.926716076392192,0.92518882670076,NA,"oob_r2",-0.0367688207087924,0.0196078431372549,TRUE,0.855353474897858,0.874074074074074,"cz_human_kidney_v1.5"
"mononuclear_phagocyte","THRB","lm",494,134,NA,0.900090561550926,NA,"cv_r2",NA,NA,NA,NA,NA,"cz_human_kidney_v1.5"
"mononuclear_phagocyte","THRB","ridge",494,134,NA,0.910058933747502,NA,"cv_r2",NA,NA,NA,NA,NA,"cz_human_kidney_v1.5"
"mononuclear_phagocyte","THRB","spearman",494,134,NA,0.71535665305037,NA,"cv_r2",NA,NA,NA,NA,NA,"cz_human_kidney_v1.5"
"mononuclear_phagocyte","HES1","rf",494,134,0.93655754533795,0.932709136239326,NA,"oob_r2",-0.061570447076579,0.0196078431372549,TRUE,0.837464085864191,0.792592592592593,"cz_human_kidney_v1.5"
"mononuclear_phagocyte","HES1","lm",494,134,NA,0.907947308357139,NA,"cv_r2",NA,NA,NA,NA,NA,"cz_human_kidney_v1.5"
"mononuclear_phagocyte","HES1","ridge",494,134,NA,0.923844451686687,NA,"cv_r2",NA,NA,NA,NA,NA,"cz_human_kidney_v1.5"
"mononuclear_phagocyte","HES1","spearman",494,134,NA,0.586252151369833,NA,"cv_r2",NA,NA,NA,NA,NA,"cz_human_kidney_v1.5"
"mononuclear_phagocyte","ZNF331","rf",494,134,0.919078295591781,0.915134571746381,NA,"oob_r2",-0.0274855519358762,0.0196078431372549,TRUE,0.866677417701246,0.694179894179894,"cz_human_kidney_v1.5"
"mononuclear_phagocyte","ZNF331","lm",494,134,NA,0.885926414112704,NA,"cv_r2",NA,NA,NA,NA,NA,"cz_human_kidney_v1.5"
"mononuclear_phagocyte","ZNF331","ridge",494,134,NA,0.906020144892294,NA,"cv_r2",NA,NA,NA,NA,NA,"cz_human_kidney_v1.5"
"mononuclear_phagocyte","ZNF331","spearman",494,134,NA,0.667606242551474,NA,"cv_r2",NA,NA,NA,NA,NA,"cz_human_kidney_v1.5"
"mononuclear_phagocyte","RFX8","rf",494,134,0.87791698618179,0.877774276633309,NA,"oob_r2",-0.0290425285554365,0.0196078431372549,TRUE,0.847589565400511,0.814814814814815,"cz_human_kidney_v1.5"
"mononuclear_phagocyte","RFX8","lm",494,134,NA,0.86647885180575,NA,"cv_r2",NA,NA,NA,NA,NA,"cz_human_kidney_v1.5"
"mononuclear_phagocyte","RFX8","ridge",494,134,NA,0.893132786608275,NA,"cv_r2",NA,NA,NA,NA,NA,"cz_human_kidney_v1.5"
"mononuclear_phagocyte","RFX8","spearman",494,134,NA,0.432971764213094,NA,"cv_r2",NA,NA,NA,NA,NA,"cz_human_kidney_v1.5"
"mononuclear_phagocyte","KLF7","rf",494,134,0.912400438755706,0.909590241882535,NA,"oob_r2",-0.0521291684208666,0.0196078431372549,TRUE,0.877795647133685,0.645767195767196,"cz_human_kidney_v1.5"
"mononuclear_phagocyte","KLF7","lm",494,134,NA,0.899807514168086,NA,"cv_r2",NA,NA,NA,NA,NA,"cz_human_kidney_v1.5"
"mononuclear_phagocyte","KLF7","ridge",494,134,NA,0.922250881173792,NA,"cv_r2",NA,NA,NA,NA,NA,"cz_human_kidney_v1.5"
"mononuclear_phagocyte","KLF7","spearman",494,134,NA,0.666758489116,NA,"cv_r2",NA,NA,NA,NA,NA,"cz_human_kidney_v1.5"
"mononuclear_phagocyte","NFATC3","rf",494,134,0.921739107887914,0.914489585727223,NA,"oob_r2",-0.0278844779266334,0.0196078431372549,TRUE,0.860722563733823,0.726984126984127,"cz_human_kidney_v1.5"
"mononuclear_phagocyte","NFATC3","lm",494,134,NA,0.891251464189723,NA,"cv_r2",NA,NA,NA,NA,NA,"cz_human_kidney_v1.5"
"mononuclear_phagocyte","NFATC3","ridge",494,134,NA,0.912849263278662,NA,"cv_r2",NA,NA,NA,NA,NA,"cz_human_kidney_v1.5"
"mononuclear_phagocyte","NFATC3","spearman",494,134,NA,0.533699865613959,NA,"cv_r2",NA,NA,NA,NA,NA,"cz_human_kidney_v1.5"
"mononuclear_phagocyte","KLF2","rf",494,134,0.890277469458604,0.883055346837824,NA,"oob_r2",-0.0537951523265755,0.0196078431372549,TRUE,0.848828705262327,0.744973544973545,"cz_human_kidney_v1.5"
"mononuclear_phagocyte","KLF2","lm",494,134,NA,0.833021891787372,NA,"cv_r2",NA,NA,NA,NA,NA,"cz_human_kidney_v1.5"
"mononuclear_phagocyte","KLF2","ridge",494,134,NA,0.862351284960496,NA,"cv_r2",NA,NA,NA,NA,NA,"cz_human_kidney_v1.5"
"mononuclear_phagocyte","KLF2","spearman",494,134,NA,0.426745768834956,NA,"cv_r2",NA,NA,NA,NA,NA,"cz_human_kidney_v1.5"
"mononuclear_phagocyte","MEF2C","rf",494,134,0.937605500601592,0.936711370505725,NA,"oob_r2",-0.0660819888370385,0.0196078431372549,TRUE,0.844084284786039,1,"cz_human_kidney_v1.5"
"mononuclear_phagocyte","MEF2C","lm",494,134,NA,0.914708988455864,NA,"cv_r2",NA,NA,NA,NA,NA,"cz_human_kidney_v1.5"
"mononuclear_phagocyte","MEF2C","ridge",494,134,NA,0.926815836071526,NA,"cv_r2",NA,NA,NA,NA,NA,"cz_human_kidney_v1.5"
"mononuclear_phagocyte","MEF2C","spearman",494,134,NA,0.521693386025629,NA,"cv_r2",NA,NA,NA,NA,NA,"cz_human_kidney_v1.5"
"mononuclear_phagocyte","HIF1A","rf",494,134,0.892819126795459,0.8785855204807,NA,"oob_r2",-0.047687697997534,0.0196078431372549,TRUE,0.865351382879532,0.762962962962963,"cz_human_kidney_v1.5"
"mononuclear_phagocyte","HIF1A","lm",494,134,NA,0.852160239656859,NA,"cv_r2",NA,NA,NA,NA,NA,"cz_human_kidney_v1.5"
"mononuclear_phagocyte","HIF1A","ridge",494,134,NA,0.893075855047976,NA,"cv_r2",NA,NA,NA,NA,NA,"cz_human_kidney_v1.5"
"mononuclear_phagocyte","HIF1A","spearman",494,134,NA,0.451342832523227,NA,"cv_r2",NA,NA,NA,NA,NA,"cz_human_kidney_v1.5"
"mononuclear_phagocyte","SMARCC1","rf",494,134,0.877385876891038,0.870701616470137,NA,"oob_r2",-0.0332850751644869,0.0196078431372549,TRUE,0.864923558204522,0.822222222222222,"cz_human_kidney_v1.5"
"mononuclear_phagocyte","SMARCC1","lm",494,134,NA,0.797121219617317,NA,"cv_r2",NA,NA,NA,NA,NA,"cz_human_kidney_v1.5"
"mononuclear_phagocyte","SMARCC1","ridge",494,134,NA,0.848371293563473,NA,"cv_r2",NA,NA,NA,NA,NA,"cz_human_kidney_v1.5"
"mononuclear_phagocyte","SMARCC1","spearman",494,134,NA,0.552641579201999,NA,"cv_r2",NA,NA,NA,NA,NA,"cz_human_kidney_v1.5"
"mononuclear_phagocyte","TWIST1","rf",494,134,0.924687487249671,0.920304966471692,NA,"oob_r2",-0.064871679039216,0.0196078431372549,TRUE,0.817304011826138,0.8,"cz_human_kidney_v1.5"
"mononuclear_phagocyte","TWIST1","lm",494,134,NA,0.919527921902338,NA,"cv_r2",NA,NA,NA,NA,NA,"cz_human_kidney_v1.5"
"mononuclear_phagocyte","TWIST1","ridge",494,134,NA,0.933117588285544,NA,"cv_r2",NA,NA,NA,NA,NA,"cz_human_kidney_v1.5"
"mononuclear_phagocyte","TWIST1","spearman",494,134,NA,0.471417996425138,NA,"cv_r2",NA,NA,NA,NA,NA,"cz_human_kidney_v1.5"
"mononuclear_phagocyte","MAF","rf",494,134,0.941005682788298,0.935271701015724,NA,"oob_r2",-0.0890088251440054,0.0196078431372549,TRUE,0.809443564688393,0.663492063492063,"cz_human_kidney_v1.5"
"mononuclear_phagocyte","MAF","lm",494,134,NA,0.925424033342715,NA,"cv_r2",NA,NA,NA,NA,NA,"cz_human_kidney_v1.5"
"mononuclear_phagocyte","MAF","ridge",494,134,NA,0.939866602892803,NA,"cv_r2",NA,NA,NA,NA,NA,"cz_human_kidney_v1.5"
"mononuclear_phagocyte","MAF","spearman",494,134,NA,0.594187857893792,NA,"cv_r2",NA,NA,NA,NA,NA,"cz_human_kidney_v1.5"
"mononuclear_phagocyte","JUND","rf",494,134,0.916939711709924,0.915326876798813,NA,"oob_r2",-0.0535581591492101,0.0196078431372549,TRUE,0.833418260964739,0.658201058201058,"cz_human_kidney_v1.5"
"mononuclear_phagocyte","JUND","lm",494,134,NA,0.906490044691339,NA,"cv_r2",NA,NA,NA,NA,NA,"cz_human_kidney_v1.5"
"mononuclear_phagocyte","JUND","ridge",494,134,NA,0.916913397628638,NA,"cv_r2",NA,NA,NA,NA,NA,"cz_human_kidney_v1.5"
"mononuclear_phagocyte","JUND","spearman",494,134,NA,0.579362063244328,NA,"cv_r2",NA,NA,NA,NA,NA,"cz_human_kidney_v1.5"
"mononuclear_phagocyte","ID3","rf",494,134,0.926102977446391,0.922537626336635,NA,"oob_r2",-0.0480006987021047,0.0196078431372549,TRUE,0.861901519969077,1,"cz_human_kidney_v1.5"
"mononuclear_phagocyte","ID3","lm",494,134,NA,0.889646080748366,NA,"cv_r2",NA,NA,NA,NA,NA,"cz_human_kidney_v1.5"
"mononuclear_phagocyte","ID3","ridge",494,134,NA,0.914127526426685,NA,"cv_r2",NA,NA,NA,NA,NA,"cz_human_kidney_v1.5"
"mononuclear_phagocyte","ID3","spearman",494,134,NA,0.642020776112906,NA,"cv_r2",NA,NA,NA,NA,NA,"cz_human_kidney_v1.5"
"mononuclear_phagocyte","ESRRG","rf",494,134,0.926326601119207,0.9171032476612,NA,"oob_r2",-0.0385408298463188,0.0196078431372549,TRUE,0.834561639034014,0.933333333333333,"cz_human_kidney_v1.5"
"mononuclear_phagocyte","ESRRG","lm",494,134,NA,0.864503297259,NA,"cv_r2",NA,NA,NA,NA,NA,"cz_human_kidney_v1.5"
"mononuclear_phagocyte","ESRRG","ridge",494,134,NA,0.881377035054945,NA,"cv_r2",NA,NA,NA,NA,NA,"cz_human_kidney_v1.5"
"mononuclear_phagocyte","ESRRG","spearman",494,134,NA,0.603621351806257,NA,"cv_r2",NA,NA,NA,NA,NA,"cz_human_kidney_v1.5"
"mononuclear_phagocyte","NRF1","rf",494,134,0.92182245868585,0.920770313659771,NA,"oob_r2",-0.0707658096616944,0.0196078431372549,TRUE,0.84274107047608,0.816931216931217,"cz_human_kidney_v1.5"
"mononuclear_phagocyte","NRF1","lm",494,134,NA,0.905331451161809,NA,"cv_r2",NA,NA,NA,NA,NA,"cz_human_kidney_v1.5"
"mononuclear_phagocyte","NRF1","ridge",494,134,NA,0.926150004782615,NA,"cv_r2",NA,NA,NA,NA,NA,"cz_human_kidney_v1.5"
"mononuclear_phagocyte","NRF1","spearman",494,134,NA,0.568375412702338,NA,"cv_r2",NA,NA,NA,NA,NA,"cz_human_kidney_v1.5"
"mononuclear_phagocyte","ZNF263","rf",494,134,0.939839710886253,0.931496559766979,NA,"oob_r2",-0.0842963525438786,0.0196078431372549,TRUE,0.805875107891343,0.712169312169312,"cz_human_kidney_v1.5"
"mononuclear_phagocyte","ZNF263","lm",494,134,NA,0.914641021888004,NA,"cv_r2",NA,NA,NA,NA,NA,"cz_human_kidney_v1.5"
"mononuclear_phagocyte","ZNF263","ridge",494,134,NA,0.929477719240453,NA,"cv_r2",NA,NA,NA,NA,NA,"cz_human_kidney_v1.5"
"mononuclear_phagocyte","ZNF263","spearman",494,134,NA,0.469949923024249,NA,"cv_r2",NA,NA,NA,NA,NA,"cz_human_kidney_v1.5"
"mononuclear_phagocyte","PRDM16","rf",494,134,0.894632775140701,0.879172065171695,NA,"oob_r2",-0.0380835103782682,0.0196078431372549,TRUE,0.809857202431175,1,"cz_human_kidney_v1.5"
"mononuclear_phagocyte","PRDM16","lm",494,134,NA,0.825576985957248,NA,"cv_r2",NA,NA,NA,NA,NA,"cz_human_kidney_v1.5"
"mononuclear_phagocyte","PRDM16","ridge",494,134,NA,0.868382954634117,NA,"cv_r2",NA,NA,NA,NA,NA,"cz_human_kidney_v1.5"
"mononuclear_phagocyte","PRDM16","spearman",494,134,NA,0.563897185881156,NA,"cv_r2",NA,NA,NA,NA,NA,"cz_human_kidney_v1.5"
"mononuclear_phagocyte","EBF1","rf",494,134,0.939142298890798,0.9356066956734,NA,"oob_r2",-0.0653963724159582,0.0196078431372549,TRUE,0.835007973222166,0.874074074074074,"cz_human_kidney_v1.5"
"mononuclear_phagocyte","EBF1","lm",494,134,NA,0.916658165699891,NA,"cv_r2",NA,NA,NA,NA,NA,"cz_human_kidney_v1.5"
"mononuclear_phagocyte","EBF1","ridge",494,134,NA,0.925814549008407,NA,"cv_r2",NA,NA,NA,NA,NA,"cz_human_kidney_v1.5"
"mononuclear_phagocyte","EBF1","spearman",494,134,NA,0.562313378758707,NA,"cv_r2",NA,NA,NA,NA,NA,"cz_human_kidney_v1.5"
"mononuclear_phagocyte","RFX7","rf",494,134,0.927115329740575,0.922769614474538,NA,"oob_r2",-0.0510483197191649,0.0196078431372549,TRUE,0.846987174957848,1,"cz_human_kidney_v1.5"
"mononuclear_phagocyte","RFX7","lm",494,134,NA,0.909427350791365,NA,"cv_r2",NA,NA,NA,NA,NA,"cz_human_kidney_v1.5"
"mononuclear_phagocyte","RFX7","ridge",494,134,NA,0.925493871772703,NA,"cv_r2",NA,NA,NA,NA,NA,"cz_human_kidney_v1.5"
"mononuclear_phagocyte","RFX7","spearman",494,134,NA,0.574265694400517,NA,"cv_r2",NA,NA,NA,NA,NA,"cz_human_kidney_v1.5"
"mononuclear_phagocyte","ETS1","rf",494,134,0.892090486039741,0.890785684026517,NA,"oob_r2",-0.0465949630106505,0.0196078431372549,TRUE,0.860143559562256,0.77037037037037,"cz_human_kidney_v1.5"
"mononuclear_phagocyte","ETS1","lm",494,134,NA,0.855303131348385,NA,"cv_r2",NA,NA,NA,NA,NA,"cz_human_kidney_v1.5"
"mononuclear_phagocyte","ETS1","ridge",494,134,NA,0.886799650113657,NA,"cv_r2",NA,NA,NA,NA,NA,"cz_human_kidney_v1.5"
"mononuclear_phagocyte","ETS1","spearman",494,134,NA,0.579833576718788,NA,"cv_r2",NA,NA,NA,NA,NA,"cz_human_kidney_v1.5"
"mononuclear_phagocyte","ID2","rf",494,134,0.839056945675524,0.836425818436276,NA,"oob_r2",-0.0509110411059856,0.0196078431372549,TRUE,0.867022004984823,0.648677248677249,"cz_human_kidney_v1.5"
"mononuclear_phagocyte","ID2","lm",494,134,NA,0.722736657450742,NA,"cv_r2",NA,NA,NA,NA,NA,"cz_human_kidney_v1.5"
"mononuclear_phagocyte","ID2","ridge",494,134,NA,0.781202356809901,NA,"cv_r2",NA,NA,NA,NA,NA,"cz_human_kidney_v1.5"
"mononuclear_phagocyte","ID2","spearman",494,134,NA,0.550125245876007,NA,"cv_r2",NA,NA,NA,NA,NA,"cz_human_kidney_v1.5"
"mononuclear_phagocyte","BACH2","rf",494,134,0.867575807153805,0.85953073128985,NA,"oob_r2",-0.0414785732955478,0.0196078431372549,TRUE,0.847440048435073,0.822222222222222,"cz_human_kidney_v1.5"
"mononuclear_phagocyte","BACH2","lm",494,134,NA,0.836848652699721,NA,"cv_r2",NA,NA,NA,NA,NA,"cz_human_kidney_v1.5"
"mononuclear_phagocyte","BACH2","ridge",494,134,NA,0.872500648746976,NA,"cv_r2",NA,NA,NA,NA,NA,"cz_human_kidney_v1.5"
"mononuclear_phagocyte","BACH2","spearman",494,134,NA,0.422678803981545,NA,"cv_r2",NA,NA,NA,NA,NA,"cz_human_kidney_v1.5"
"mononuclear_phagocyte","TFCP2L1","rf",494,134,0.84550777665355,0.849049377066063,NA,"oob_r2",-0.0408793587364759,0.0196078431372549,TRUE,0.822006204011965,0.767195767195767,"cz_human_kidney_v1.5"
"mononuclear_phagocyte","TFCP2L1","lm",494,134,NA,0.79418147872917,NA,"cv_r2",NA,NA,NA,NA,NA,"cz_human_kidney_v1.5"
"mononuclear_phagocyte","TFCP2L1","ridge",494,134,NA,0.837159494543356,NA,"cv_r2",NA,NA,NA,NA,NA,"cz_human_kidney_v1.5"
"mononuclear_phagocyte","TFCP2L1","spearman",494,134,NA,0.331713698460669,NA,"cv_r2",NA,NA,NA,NA,NA,"cz_human_kidney_v1.5"
"mononuclear_phagocyte","FOSB","rf",494,134,0.892375966231194,0.889197646597642,NA,"oob_r2",-0.045527156743963,0.0196078431372549,TRUE,0.859136398209454,0.767195767195767,"cz_human_kidney_v1.5"
"mononuclear_phagocyte","FOSB","lm",494,134,NA,0.827296762494234,NA,"cv_r2",NA,NA,NA,NA,NA,"cz_human_kidney_v1.5"
"mononuclear_phagocyte","FOSB","ridge",494,134,NA,0.867130282414755,NA,"cv_r2",NA,NA,NA,NA,NA,"cz_human_kidney_v1.5"
"mononuclear_phagocyte","FOSB","spearman",494,134,NA,0.526469982450972,NA,"cv_r2",NA,NA,NA,NA,NA,"cz_human_kidney_v1.5"
"mononuclear_phagocyte","KLF12","rf",494,134,0.923375996172912,0.920178757766993,NA,"oob_r2",-0.0685822330237913,0.0196078431372549,TRUE,0.839883511986157,0.933333333333333,"cz_human_kidney_v1.5"
"mononuclear_phagocyte","KLF12","lm",494,134,NA,0.900882937538241,NA,"cv_r2",NA,NA,NA,NA,NA,"cz_human_kidney_v1.5"
"mononuclear_phagocyte","KLF12","ridge",494,134,NA,0.914292854892025,NA,"cv_r2",NA,NA,NA,NA,NA,"cz_human_kidney_v1.5"
"mononuclear_phagocyte","KLF12","spearman",494,134,NA,0.311752096211697,NA,"cv_r2",NA,NA,NA,NA,NA,"cz_human_kidney_v1.5"
"mononuclear_phagocyte","KLF4","rf",494,134,0.915064148035889,0.913561516815588,NA,"oob_r2",-0.072025534458536,0.0196078431372549,TRUE,0.829772441052881,0.874074074074074,"cz_human_kidney_v1.5"
"mononuclear_phagocyte","KLF4","lm",494,134,NA,0.89511504788713,NA,"cv_r2",NA,NA,NA,NA,NA,"cz_human_kidney_v1.5"
"mononuclear_phagocyte","KLF4","ridge",494,134,NA,0.913001149023232,NA,"cv_r2",NA,NA,NA,NA,NA,"cz_human_kidney_v1.5"
"mononuclear_phagocyte","KLF4","spearman",494,134,NA,0.304257239951428,NA,"cv_r2",NA,NA,NA,NA,NA,"cz_human_kidney_v1.5"
"mononuclear_phagocyte","AHR","rf",494,134,0.875556268092704,0.856644133752671,NA,"oob_r2",-0.0607025753170589,0.0196078431372549,TRUE,0.820503165043621,0.756613756613757,"cz_human_kidney_v1.5"
"mononuclear_phagocyte","AHR","lm",494,134,NA,0.856079333559712,NA,"cv_r2",NA,NA,NA,NA,NA,"cz_human_kidney_v1.5"
"mononuclear_phagocyte","AHR","ridge",494,134,NA,0.884728918702697,NA,"cv_r2",NA,NA,NA,NA,NA,"cz_human_kidney_v1.5"
"mononuclear_phagocyte","AHR","spearman",494,134,NA,0.28974810624696,NA,"cv_r2",NA,NA,NA,NA,NA,"cz_human_kidney_v1.5"
"mononuclear_phagocyte","ZFY","rf",494,134,0.850372890255352,0.831091464536246,NA,"oob_r2",-0.0466579917895171,0.0196078431372549,TRUE,0.870231798401476,0.785185185185185,"cz_human_kidney_v1.5"
"mononuclear_phagocyte","ZFY","lm",494,134,NA,0.826488609338537,NA,"cv_r2",NA,NA,NA,NA,NA,"cz_human_kidney_v1.5"
"mononuclear_phagocyte","ZFY","ridge",494,134,NA,0.854462609606299,NA,"cv_r2",NA,NA,NA,NA,NA,"cz_human_kidney_v1.5"
"mononuclear_phagocyte","ZFY","spearman",494,134,NA,0.233346458784343,NA,"cv_r2",NA,NA,NA,NA,NA,"cz_human_kidney_v1.5"
"mononuclear_phagocyte","MITF","rf",494,134,0.899480550465042,0.894904149582241,NA,"oob_r2",-0.0491996945024134,0.0196078431372549,TRUE,0.872585388291071,0.681481481481481,"cz_human_kidney_v1.5"
"mononuclear_phagocyte","MITF","lm",494,134,NA,0.876611095553836,NA,"cv_r2",NA,NA,NA,NA,NA,"cz_human_kidney_v1.5"
"mononuclear_phagocyte","MITF","ridge",494,134,NA,0.895228015964676,NA,"cv_r2",NA,NA,NA,NA,NA,"cz_human_kidney_v1.5"
"mononuclear_phagocyte","MITF","spearman",494,134,NA,0.567151630730017,NA,"cv_r2",NA,NA,NA,NA,NA,"cz_human_kidney_v1.5"
"mononuclear_phagocyte","HIVEP3","rf",494,134,0.871320598233048,0.863010559434288,NA,"oob_r2",-0.0523464706239296,0.0196078431372549,TRUE,0.794541522407456,0.816931216931217,"cz_human_kidney_v1.5"
"mononuclear_phagocyte","HIVEP3","lm",494,134,NA,0.851759465878344,NA,"cv_r2",NA,NA,NA,NA,NA,"cz_human_kidney_v1.5"
"mononuclear_phagocyte","HIVEP3","ridge",494,134,NA,0.873636014694732,NA,"cv_r2",NA,NA,NA,NA,NA,"cz_human_kidney_v1.5"
"mononuclear_phagocyte","HIVEP3","spearman",494,134,NA,0.369141866920346,NA,"cv_r2",NA,NA,NA,NA,NA,"cz_human_kidney_v1.5"
"mononuclear_phagocyte","TP63","rf",494,134,0.849811898582712,0.849829426973926,NA,"oob_r2",-0.0294609175762324,0.0196078431372549,TRUE,0.837675116481087,0.822222222222222,"cz_human_kidney_v1.5"
"mononuclear_phagocyte","TP63","lm",494,134,NA,0.797812623045932,NA,"cv_r2",NA,NA,NA,NA,NA,"cz_human_kidney_v1.5"
"mononuclear_phagocyte","TP63","ridge",494,134,NA,0.840878348017009,NA,"cv_r2",NA,NA,NA,NA,NA,"cz_human_kidney_v1.5"
"mononuclear_phagocyte","TP63","spearman",494,134,NA,0.470875833827303,NA,"cv_r2",NA,NA,NA,NA,NA,"cz_human_kidney_v1.5"
"mononuclear_phagocyte","TBX19","rf",494,134,0.88234251643667,0.867109464078606,NA,"oob_r2",-0.0368169958716068,0.0196078431372549,TRUE,0.815925441021016,0.755555555555556,"cz_human_kidney_v1.5"
"mononuclear_phagocyte","TBX19","lm",494,134,NA,0.839355941465934,NA,"cv_r2",NA,NA,NA,NA,NA,"cz_human_kidney_v1.5"
"mononuclear_phagocyte","TBX19","ridge",494,134,NA,0.873280941425797,NA,"cv_r2",NA,NA,NA,NA,NA,"cz_human_kidney_v1.5"
"mononuclear_phagocyte","TBX19","spearman",494,134,NA,0.357496655133574,NA,"cv_r2",NA,NA,NA,NA,NA,"cz_human_kidney_v1.5"
"mononuclear_phagocyte","HIVEP2","rf",494,134,0.879166132908924,0.879565188827493,NA,"oob_r2",-0.0581475066406259,0.0196078431372549,TRUE,0.805275377498473,0.881481481481481,"cz_human_kidney_v1.5"
"mononuclear_phagocyte","HIVEP2","lm",494,134,NA,0.860839799568894,NA,"cv_r2",NA,NA,NA,NA,NA,"cz_human_kidney_v1.5"
"mononuclear_phagocyte","HIVEP2","ridge",494,134,NA,0.882063223906692,NA,"cv_r2",NA,NA,NA,NA,NA,"cz_human_kidney_v1.5"
"mononuclear_phagocyte","HIVEP2","spearman",494,134,NA,0.364387338100768,NA,"cv_r2",NA,NA,NA,NA,NA,"cz_human_kidney_v1.5"
"mononuclear_phagocyte","ZNF740","rf",494,134,0.826976499247524,0.83776800765588,NA,"oob_r2",-0.0650744884609419,0.0196078431372549,TRUE,0.821319246152972,0.82962962962963,"cz_human_kidney_v1.5"
"mononuclear_phagocyte","ZNF740","lm",494,134,NA,0.747157594274707,NA,"cv_r2",NA,NA,NA,NA,NA,"cz_human_kidney_v1.5"
"mononuclear_phagocyte","ZNF740","ridge",494,134,NA,0.798120799148255,NA,"cv_r2",NA,NA,NA,NA,NA,"cz_human_kidney_v1.5"
"mononuclear_phagocyte","ZNF740","spearman",494,134,NA,0.420676492854085,NA,"cv_r2",NA,NA,NA,NA,NA,"cz_human_kidney_v1.5"
"mononuclear_phagocyte","MECOM","rf",494,134,0.862161467810538,0.852396335655782,NA,"oob_r2",-0.0501818660924199,0.0196078431372549,TRUE,0.85881985228411,0.874074074074074,"cz_human_kidney_v1.5"
"mononuclear_phagocyte","MECOM","lm",494,134,NA,0.822918617026602,NA,"cv_r2",NA,NA,NA,NA,NA,"cz_human_kidney_v1.5"
"mononuclear_phagocyte","MECOM","ridge",494,134,NA,0.859694165047854,NA,"cv_r2",NA,NA,NA,NA,NA,"cz_human_kidney_v1.5"
"mononuclear_phagocyte","MECOM","spearman",494,134,NA,0.461662061060606,NA,"cv_r2",NA,NA,NA,NA,NA,"cz_human_kidney_v1.5"
"mononuclear_phagocyte","FOXI1","rf",494,134,0.89254053140599,0.888692333368726,NA,"oob_r2",-0.0363243877155773,0.0196078431372549,TRUE,0.852396275376113,0.661375661375661,"cz_human_kidney_v1.5"
"mononuclear_phagocyte","FOXI1","lm",494,134,NA,0.88471258404459,NA,"cv_r2",NA,NA,NA,NA,NA,"cz_human_kidney_v1.5"
"mononuclear_phagocyte","FOXI1","ridge",494,134,NA,0.910048941231314,NA,"cv_r2",NA,NA,NA,NA,NA,"cz_human_kidney_v1.5"
"mononuclear_phagocyte","FOXI1","spearman",494,134,NA,0.430138651051144,NA,"cv_r2",NA,NA,NA,NA,NA,"cz_human_kidney_v1.5"
"mononuclear_phagocyte","VDR","rf",494,134,0.88562162064875,0.889280421717589,NA,"oob_r2",-0.0808121282768648,0.0196078431372549,TRUE,0.837070287659447,0.697354497354497,"cz_human_kidney_v1.5"
"mononuclear_phagocyte","VDR","lm",494,134,NA,0.878091022655659,NA,"cv_r2",NA,NA,NA,NA,NA,"cz_human_kidney_v1.5"
"mononuclear_phagocyte","VDR","ridge",494,134,NA,0.895052530714936,NA,"cv_r2",NA,NA,NA,NA,NA,"cz_human_kidney_v1.5"
"mononuclear_phagocyte","VDR","spearman",494,134,NA,0.286094526799169,NA,"cv_r2",NA,NA,NA,NA,NA,"cz_human_kidney_v1.5"
"mononuclear_phagocyte","FOXO6","rf",494,134,0.872452026313995,0.85695987212986,NA,"oob_r2",-0.0585805858606164,0.0196078431372549,TRUE,0.836643571338518,0.77037037037037,"cz_human_kidney_v1.5"
"mononuclear_phagocyte","FOXO6","lm",494,134,NA,0.830647014262663,NA,"cv_r2",NA,NA,NA,NA,NA,"cz_human_kidney_v1.5"
"mononuclear_phagocyte","FOXO6","ridge",494,134,NA,0.864157090094274,NA,"cv_r2",NA,NA,NA,NA,NA,"cz_human_kidney_v1.5"
"mononuclear_phagocyte","FOXO6","spearman",494,134,NA,0.53072730953973,NA,"cv_r2",NA,NA,NA,NA,NA,"cz_human_kidney_v1.5"
"mononuclear_phagocyte","HOXA9","rf",494,134,0.886393268931192,0.875383039084931,NA,"oob_r2",-0.0562959828095559,0.0196078431372549,TRUE,0.829034498906193,0.814814814814815,"cz_human_kidney_v1.5"
"mononuclear_phagocyte","HOXA9","lm",494,134,NA,0.835690018171663,NA,"cv_r2",NA,NA,NA,NA,NA,"cz_human_kidney_v1.5"
"mononuclear_phagocyte","HOXA9","ridge",494,134,NA,0.860979901914697,NA,"cv_r2",NA,NA,NA,NA,NA,"cz_human_kidney_v1.5"
"mononuclear_phagocyte","HOXA9","spearman",494,134,NA,0.468743687454257,NA,"cv_r2",NA,NA,NA,NA,NA,"cz_human_kidney_v1.5"
"mononuclear_phagocyte","RFX3","rf",494,134,0.892306291290992,0.875282819009038,NA,"oob_r2",-0.0782932786987102,0.0196078431372549,TRUE,0.825547506134047,0.665608465608466,"cz_human_kidney_v1.5"
"mononuclear_phagocyte","RFX3","lm",494,134,NA,0.854460610683224,NA,"cv_r2",NA,NA,NA,NA,NA,"cz_human_kidney_v1.5"
"mononuclear_phagocyte","RFX3","ridge",494,134,NA,0.882822775513493,NA,"cv_r2",NA,NA,NA,NA,NA,"cz_human_kidney_v1.5"
"mononuclear_phagocyte","RFX3","spearman",494,134,NA,0.275572809297612,NA,"cv_r2",NA,NA,NA,NA,NA,"cz_human_kidney_v1.5"
"mononuclear_phagocyte","ENO1","rf",494,134,0.682793365713847,0.697692932787108,NA,"oob_r2",-0.0765962352359624,0.0196078431372549,TRUE,0.770935021356598,0.665608465608466,"cz_human_kidney_v1.5"
"mononuclear_phagocyte","ENO1","lm",494,134,NA,0.467888271225959,NA,"cv_r2",NA,NA,NA,NA,NA,"cz_human_kidney_v1.5"
"mononuclear_phagocyte","ENO1","ridge",494,134,NA,0.585780228366707,NA,"cv_r2",NA,NA,NA,NA,NA,"cz_human_kidney_v1.5"
"mononuclear_phagocyte","ENO1","spearman",494,134,NA,0.281051845001068,NA,"cv_r2",NA,NA,NA,NA,NA,"cz_human_kidney_v1.5"
"mononuclear_phagocyte","FOXP1","rf",494,134,0.832402345924647,0.835522905155117,NA,"oob_r2",-0.0506221307552805,0.0196078431372549,TRUE,0.795808814462913,0.82962962962963,"cz_human_kidney_v1.5"
"mononuclear_phagocyte","FOXP1","lm",494,134,NA,0.793975398973315,NA,"cv_r2",NA,NA,NA,NA,NA,"cz_human_kidney_v1.5"
"mononuclear_phagocyte","FOXP1","ridge",494,134,NA,0.842595203001879,NA,"cv_r2",NA,NA,NA,NA,NA,"cz_human_kidney_v1.5"
"mononuclear_phagocyte","FOXP1","spearman",494,134,NA,0.382155645397801,NA,"cv_r2",NA,NA,NA,NA,NA,"cz_human_kidney_v1.5"
"mononuclear_phagocyte","FOXO1","rf",494,134,0.880425020829336,0.855854291845509,NA,"oob_r2",-0.0432739043864988,0.0196078431372549,TRUE,0.799869712977857,0.73015873015873,"cz_human_kidney_v1.5"
"mononuclear_phagocyte","FOXO1","lm",494,134,NA,0.8006223207902,NA,"cv_r2",NA,NA,NA,NA,NA,"cz_human_kidney_v1.5"
"mononuclear_phagocyte","FOXO1","ridge",494,134,NA,0.843132924602173,NA,"cv_r2",NA,NA,NA,NA,NA,"cz_human_kidney_v1.5"
"mononuclear_phagocyte","FOXO1","spearman",494,134,NA,0.256193849876801,NA,"cv_r2",NA,NA,NA,NA,NA,"cz_human_kidney_v1.5"
"mononuclear_phagocyte","IKZF2","rf",494,134,0.86404643821186,0.852549115846619,NA,"oob_r2",-0.0523786440100605,0.0196078431372549,TRUE,0.81027793364007,0.881481481481481,"cz_human_kidney_v1.5"
"mononuclear_phagocyte","IKZF2","lm",494,134,NA,0.816442996302737,NA,"cv_r2",NA,NA,NA,NA,NA,"cz_human_kidney_v1.5"
"mononuclear_phagocyte","IKZF2","ridge",494,134,NA,0.85301189984954,NA,"cv_r2",NA,NA,NA,NA,NA,"cz_human_kidney_v1.5"
"mononuclear_phagocyte","IKZF2","spearman",494,134,NA,0.338016821224825,NA,"cv_r2",NA,NA,NA,NA,NA,"cz_human_kidney_v1.5"
"mononuclear_phagocyte","NF1","rf",494,134,0.90337107953089,0.90050781457945,NA,"oob_r2",-0.0644898066168057,0.0196078431372549,TRUE,0.841689796630881,0.822222222222222,"cz_human_kidney_v1.5"
"mononuclear_phagocyte","NF1","lm",494,134,NA,0.873468309565211,NA,"cv_r2",NA,NA,NA,NA,NA,"cz_human_kidney_v1.5"
"mononuclear_phagocyte","NF1","ridge",494,134,NA,0.893447230675369,NA,"cv_r2",NA,NA,NA,NA,NA,"cz_human_kidney_v1.5"
"mononuclear_phagocyte","NF1","spearman",494,134,NA,0.434534783131784,NA,"cv_r2",NA,NA,NA,NA,NA,"cz_human_kidney_v1.5"
"mononuclear_phagocyte","UBP1","rf",494,134,0.79012456571515,0.765862236807291,NA,"oob_r2",-0.0413393942118862,0.0196078431372549,TRUE,0.783111399283172,0.724867724867725,"cz_human_kidney_v1.5"
"mononuclear_phagocyte","UBP1","lm",494,134,NA,0.721268513675696,NA,"cv_r2",NA,NA,NA,NA,NA,"cz_human_kidney_v1.5"
"mononuclear_phagocyte","UBP1","ridge",494,134,NA,0.789960370373296,NA,"cv_r2",NA,NA,NA,NA,NA,"cz_human_kidney_v1.5"
"mononuclear_phagocyte","UBP1","spearman",494,134,NA,0.304343268595964,NA,"cv_r2",NA,NA,NA,NA,NA,"cz_human_kidney_v1.5"
"mononuclear_phagocyte","NPAS3","rf",494,134,0.851759608750328,0.849401572931899,NA,"oob_r2",-0.0558743876489961,0.0196078431372549,TRUE,0.797838321619416,0.716402116402116,"cz_human_kidney_v1.5"
"mononuclear_phagocyte","NPAS3","lm",494,134,NA,0.812024465861841,NA,"cv_r2",NA,NA,NA,NA,NA,"cz_human_kidney_v1.5"
"mononuclear_phagocyte","NPAS3","ridge",494,134,NA,0.853633800874178,NA,"cv_r2",NA,NA,NA,NA,NA,"cz_human_kidney_v1.5"
"mononuclear_phagocyte","NPAS3","spearman",494,134,NA,0.296815848287838,NA,"cv_r2",NA,NA,NA,NA,NA,"cz_human_kidney_v1.5"
"mononuclear_phagocyte","RORA","rf",494,134,0.841048988803607,0.83443747084167,NA,"oob_r2",-0.0598874793416132,0.0196078431372549,TRUE,0.781751005484967,0.822222222222222,"cz_human_kidney_v1.5"
"mononuclear_phagocyte","RORA","lm",494,134,NA,0.819482474980112,NA,"cv_r2",NA,NA,NA,NA,NA,"cz_human_kidney_v1.5"
"mononuclear_phagocyte","RORA","ridge",494,134,NA,0.851591001633212,NA,"cv_r2",NA,NA,NA,NA,NA,"cz_human_kidney_v1.5"
"mononuclear_phagocyte","RORA","spearman",494,134,NA,0.349240924378103,NA,"cv_r2",NA,NA,NA,NA,NA,"cz_human_kidney_v1.5"
"mononuclear_phagocyte","SOX18","rf",494,134,0.86541353239991,0.868340104478959,NA,"oob_r2",-0.0482375216454663,0.0196078431372549,TRUE,0.826502131503441,0.874074074074074,"cz_human_kidney_v1.5"
"mononuclear_phagocyte","SOX18","lm",494,134,NA,0.819092413491425,NA,"cv_r2",NA,NA,NA,NA,NA,"cz_human_kidney_v1.5"
"mononuclear_phagocyte","SOX18","ridge",494,134,NA,0.85588785724531,NA,"cv_r2",NA,NA,NA,NA,NA,"cz_human_kidney_v1.5"
"mononuclear_phagocyte","SOX18","spearman",494,134,NA,0.398570491696217,NA,"cv_r2",NA,NA,NA,NA,NA,"cz_human_kidney_v1.5"
"mononuclear_phagocyte","ITGB2","rf",494,134,0.8559341739798,0.843435603664896,NA,"oob_r2",-0.0502025673199947,0.0196078431372549,TRUE,0.827361105915701,0.881481481481482,"cz_human_kidney_v1.5"
"mononuclear_phagocyte","ITGB2","lm",494,134,NA,0.83853254365721,NA,"cv_r2",NA,NA,NA,NA,NA,"cz_human_kidney_v1.5"
"mononuclear_phagocyte","ITGB2","ridge",494,134,NA,0.873827261895655,NA,"cv_r2",NA,NA,NA,NA,NA,"cz_human_kidney_v1.5"
"mononuclear_phagocyte","ITGB2","spearman",494,134,NA,0.433732931439319,NA,"cv_r2",NA,NA,NA,NA,NA,"cz_human_kidney_v1.5"
"mononuclear_phagocyte","MEF2A","rf",494,134,0.892179399326941,0.883936151732037,NA,"oob_r2",-0.0510222186692806,0.0196078431372549,TRUE,0.849151901312153,0.819047619047619,"cz_human_kidney_v1.5"
"mononuclear_phagocyte","MEF2A","lm",494,134,NA,0.909656155958871,NA,"cv_r2",NA,NA,NA,NA,NA,"cz_human_kidney_v1.5"
"mononuclear_phagocyte","MEF2A","ridge",494,134,NA,0.920004014277177,NA,"cv_r2",NA,NA,NA,NA,NA,"cz_human_kidney_v1.5"
"mononuclear_phagocyte","MEF2A","spearman",494,134,NA,0.519927559454759,NA,"cv_r2",NA,NA,NA,NA,NA,"cz_human_kidney_v1.5"
"mononuclear_phagocyte","CUX1","rf",494,134,0.873819195761358,0.863701886276026,NA,"oob_r2",-0.0441609509996128,0.0196078431372549,TRUE,0.823524649102025,0.77989417989418,"cz_human_kidney_v1.5"
"mononuclear_phagocyte","CUX1","lm",494,134,NA,0.805321778959553,NA,"cv_r2",NA,NA,NA,NA,NA,"cz_human_kidney_v1.5"
"mononuclear_phagocyte","CUX1","ridge",494,134,NA,0.856008562409547,NA,"cv_r2",NA,NA,NA,NA,NA,"cz_human_kidney_v1.5"
"mononuclear_phagocyte","CUX1","spearman",494,134,NA,0.359802835502977,NA,"cv_r2",NA,NA,NA,NA,NA,"cz_human_kidney_v1.5"
"mononuclear_phagocyte","MAFB","rf",494,134,0.877720851120555,0.872019556809651,NA,"oob_r2",-0.0427311639298048,0.0196078431372549,TRUE,0.876917501049473,0.684656084656085,"cz_human_kidney_v1.5"
"mononuclear_phagocyte","MAFB","lm",494,134,NA,0.84953108938223,NA,"cv_r2",NA,NA,NA,NA,NA,"cz_human_kidney_v1.5"
"mononuclear_phagocyte","MAFB","ridge",494,134,NA,0.874594657975224,NA,"cv_r2",NA,NA,NA,NA,NA,"cz_human_kidney_v1.5"
"mononuclear_phagocyte","MAFB","spearman",494,134,NA,0.325943261368111,NA,"cv_r2",NA,NA,NA,NA,NA,"cz_human_kidney_v1.5"
"mononuclear_phagocyte","FLI1","rf",494,134,0.861864638762368,0.851560213565596,NA,"oob_r2",-0.0325607408786431,0.0196078431372549,TRUE,0.846037758852632,0.816931216931217,"cz_human_kidney_v1.5"
"mononuclear_phagocyte","FLI1","lm",494,134,NA,0.840594590342475,NA,"cv_r2",NA,NA,NA,NA,NA,"cz_human_kidney_v1.5"
"mononuclear_phagocyte","FLI1","ridge",494,134,NA,0.867796303570648,NA,"cv_r2",NA,NA,NA,NA,NA,"cz_human_kidney_v1.5"
"mononuclear_phagocyte","FLI1","spearman",494,134,NA,0.31064615970826,NA,"cv_r2",NA,NA,NA,NA,NA,"cz_human_kidney_v1.5"
"mononuclear_phagocyte","MLXIPL","rf",494,134,0.882039795135464,0.879808257529259,NA,"oob_r2",-0.052163394446061,0.0196078431372549,TRUE,0.829785408795621,0.77037037037037,"cz_human_kidney_v1.5"
"mononuclear_phagocyte","MLXIPL","lm",494,134,NA,0.840322078328455,NA,"cv_r2",NA,NA,NA,NA,NA,"cz_human_kidney_v1.5"
"mononuclear_phagocyte","MLXIPL","ridge",494,134,NA,0.865949023446814,NA,"cv_r2",NA,NA,NA,NA,NA,"cz_human_kidney_v1.5"
"mononuclear_phagocyte","MLXIPL","spearman",494,134,NA,0.361725801166425,NA,"cv_r2",NA,NA,NA,NA,NA,"cz_human_kidney_v1.5"
"T_cell","KLF2","rf",1200,75,0.839281942956009,0.835246101881052,NA,"oob_r2",-0.0380893787252754,0.0196078431372549,TRUE,0.915719298245614,0.8,"cz_human_kidney_v1.5"
"T_cell","KLF2","lm",1200,75,NA,0.816735095363192,NA,"cv_r2",NA,NA,NA,NA,NA,"cz_human_kidney_v1.5"
"T_cell","KLF2","ridge",1200,75,NA,0.813995978243034,NA,"cv_r2",NA,NA,NA,NA,NA,"cz_human_kidney_v1.5"
"T_cell","KLF2","spearman",1200,75,NA,0.690815540128436,NA,"cv_r2",NA,NA,NA,NA,NA,"cz_human_kidney_v1.5"
"T_cell","EBF1","rf",1200,75,0.870769483431254,0.87068547742432,NA,"oob_r2",-0.0354687217280164,0.0196078431372549,TRUE,0.83437332068911,0.650793650793651,"cz_human_kidney_v1.5"
"T_cell","EBF1","lm",1200,75,NA,0.857362511937192,NA,"cv_r2",NA,NA,NA,NA,NA,"cz_human_kidney_v1.5"
"T_cell","EBF1","ridge",1200,75,NA,0.853133524286721,NA,"cv_r2",NA,NA,NA,NA,NA,"cz_human_kidney_v1.5"
"T_cell","EBF1","spearman",1200,75,NA,0.690018976237692,NA,"cv_r2",NA,NA,NA,NA,NA,"cz_human_kidney_v1.5"
"T_cell","EGR1","rf",1200,75,0.809160641017724,0.80252600135369,NA,"oob_r2",-0.0332099173690341,0.0196078431372549,TRUE,0.91708171329224,0.784126984126984,"cz_human_kidney_v1.5"
"T_cell","EGR1","lm",1200,75,NA,0.775102277596448,NA,"cv_r2",NA,NA,NA,NA,NA,"cz_human_kidney_v1.5"
"T_cell","EGR1","ridge",1200,75,NA,0.774287905104306,NA,"cv_r2",NA,NA,NA,NA,NA,"cz_human_kidney_v1.5"
"T_cell","EGR1","spearman",1200,75,NA,0.566136648333285,NA,"cv_r2",NA,NA,NA,NA,NA,"cz_human_kidney_v1.5"
"T_cell","ETS1","rf",1200,75,0.80392718088519,0.806495988109307,NA,"oob_r2",-0.0446075619849384,0.0196078431372549,TRUE,0.916392603129445,0.755555555555556,"cz_human_kidney_v1.5"
"T_cell","ETS1","lm",1200,75,NA,0.779338493229278,NA,"cv_r2",NA,NA,NA,NA,NA,"cz_human_kidney_v1.5"
"T_cell","ETS1","ridge",1200,75,NA,0.776584575541804,NA,"cv_r2",NA,NA,NA,NA,NA,"cz_human_kidney_v1.5"
"T_cell","ETS1","spearman",1200,75,NA,0.5597623537237,NA,"cv_r2",NA,NA,NA,NA,NA,"cz_human_kidney_v1.5"
"T_cell","EGR2","rf",1200,75,0.819163676533259,0.810463276525396,NA,"oob_r2",-0.0326999786351178,0.0196078431372549,TRUE,0.896258574363837,0.737566137566138,"cz_human_kidney_v1.5"
"T_cell","EGR2","lm",1200,75,NA,0.78211960749221,NA,"cv_r2",NA,NA,NA,NA,NA,"cz_human_kidney_v1.5"
"T_cell","EGR2","ridge",1200,75,NA,0.779382439669964,NA,"cv_r2",NA,NA,NA,NA,NA,"cz_human_kidney_v1.5"
"T_cell","EGR2","spearman",1200,75,NA,0.654973203591208,NA,"cv_r2",NA,NA,NA,NA,NA,"cz_human_kidney_v1.5"
"T_cell","FLI1","rf",1200,75,0.805895335346507,0.801111969274038,NA,"oob_r2",-0.0416269814691042,0.0196078431372549,TRUE,0.902769717085506,0.881481481481481,"cz_human_kidney_v1.5"
"T_cell","FLI1","lm",1200,75,NA,0.780764244773659,NA,"cv_r2",NA,NA,NA,NA,NA,"cz_human_kidney_v1.5"
"T_cell","FLI1","ridge",1200,75,NA,0.780014447340325,NA,"cv_r2",NA,NA,NA,NA,NA,"cz_human_kidney_v1.5"
"T_cell","FLI1","spearman",1200,75,NA,0.511507587884108,NA,"cv_r2",NA,NA,NA,NA,NA,"cz_human_kidney_v1.5"
"T_cell","NRF1","rf",1200,75,0.811096084914868,0.800255383066717,NA,"oob_r2",-0.0445123681631745,0.0196078431372549,TRUE,0.901612770665402,0.8,"cz_human_kidney_v1.5"
"T_cell","NRF1","lm",1200,75,NA,0.775294998786946,NA,"cv_r2",NA,NA,NA,NA,NA,"cz_human_kidney_v1.5"
"T_cell","NRF1","ridge",1200,75,NA,0.774836629700761,NA,"cv_r2",NA,NA,NA,NA,NA,"cz_human_kidney_v1.5"
"T_cell","NRF1","spearman",1200,75,NA,0.499366990517865,NA,"cv_r2",NA,NA,NA,NA,NA,"cz_human_kidney_v1.5"
"T_cell","KLF12","rf",1200,75,0.799667579383297,0.79876571465428,NA,"oob_r2",-0.0445026695488295,0.0196078431372549,TRUE,0.915213529318792,0.694179894179894,"cz_human_kidney_v1.5"
"T_cell","KLF12","lm",1200,75,NA,0.776943422287283,NA,"cv_r2",NA,NA,NA,NA,NA,"cz_human_kidney_v1.5"
"T_cell","KLF12","ridge",1200,75,NA,0.77600601693598,NA,"cv_r2",NA,NA,NA,NA,NA,"cz_human_kidney_v1.5"
"T_cell","KLF12","spearman",1200,75,NA,0.637010704510527,NA,"cv_r2",NA,NA,NA,NA,NA,"cz_human_kidney_v1.5"
"T_cell","NR3C1","rf",1200,75,0.806487121601607,0.802102157559636,NA,"oob_r2",-0.0319093473279002,0.0196078431372549,TRUE,0.926614193140509,0.822222222222222,"cz_human_kidney_v1.5"
"T_cell","NR3C1","lm",1200,75,NA,0.785949280096028,NA,"cv_r2",NA,NA,NA,NA,NA,"cz_human_kidney_v1.5"
"T_cell","NR3C1","ridge",1200,75,NA,0.784142716383442,NA,"cv_r2",NA,NA,NA,NA,NA,"cz_human_kidney_v1.5"
"T_cell","NR3C1","spearman",1200,75,NA,0.500759649614096,NA,"cv_r2",NA,NA,NA,NA,NA,"cz_human_kidney_v1.5"
"T_cell","KLF6","rf",1200,75,0.781561935034143,0.78817114443573,NA,"oob_r2",-0.0318400978624609,0.0196078431372549,TRUE,0.912070175438596,0.686772486772487,"cz_human_kidney_v1.5"
"T_cell","KLF6","lm",1200,75,NA,0.766939437983769,NA,"cv_r2",NA,NA,NA,NA,NA,"cz_human_kidney_v1.5"
"T_cell","KLF6","ridge",1200,75,NA,0.766617825902502,NA,"cv_r2",NA,NA,NA,NA,NA,"cz_human_kidney_v1.5"
"T_cell","KLF6","spearman",1200,75,NA,0.625293877734728,NA,"cv_r2",NA,NA,NA,NA,NA,"cz_human_kidney_v1.5"
"T_cell","ATF3","rf",1200,75,0.768718906256731,0.767835136275902,NA,"oob_r2",-0.0416828927790685,0.0196078431372549,TRUE,0.90030472577841,0.8,"cz_human_kidney_v1.5"
"T_cell","ATF3","lm",1200,75,NA,0.748094736473118,NA,"cv_r2",NA,NA,NA,NA,NA,"cz_human_kidney_v1.5"
"T_cell","ATF3","ridge",1200,75,NA,0.747245231498579,NA,"cv_r2",NA,NA,NA,NA,NA,"cz_human_kidney_v1.5"
"T_cell","ATF3","spearman",1200,75,NA,0.550589213535127,NA,"cv_r2",NA,NA,NA,NA,NA,"cz_human_kidney_v1.5"
"T_cell","FOS","rf",1200,75,0.77665453673937,0.781628125086707,NA,"oob_r2",-0.0369112282274357,0.0196078431372549,TRUE,0.923446815236289,0.881481481481481,"cz_human_kidney_v1.5"
"T_cell","FOS","lm",1200,75,NA,0.764915866282395,NA,"cv_r2",NA,NA,NA,NA,NA,"cz_human_kidney_v1.5"
"T_cell","FOS","ridge",1200,75,NA,0.764809769763275,NA,"cv_r2",NA,NA,NA,NA,NA,"cz_human_kidney_v1.5"
"T_cell","FOS","spearman",1200,75,NA,0.496783348307794,NA,"cv_r2",NA,NA,NA,NA,NA,"cz_human_kidney_v1.5"
"T_cell","E2F3","rf",1200,75,0.797198972862207,0.79305007067449,NA,"oob_r2",-0.0400503639584911,0.0196078431372549,TRUE,0.902724197882092,0.82962962962963,"cz_human_kidney_v1.5"
"T_cell","E2F3","lm",1200,75,NA,0.768543965598078,NA,"cv_r2",NA,NA,NA,NA,NA,"cz_human_kidney_v1.5"
"T_cell","E2F3","ridge",1200,75,NA,0.768730355869533,NA,"cv_r2",NA,NA,NA,NA,NA,"cz_human_kidney_v1.5"
"T_cell","E2F3","spearman",1200,75,NA,0.490136907522218,NA,"cv_r2",NA,NA,NA,NA,NA,"cz_human_kidney_v1.5"
"T_cell","JUND","rf",1200,75,0.811708267711993,0.809331504225799,NA,"oob_r2",-0.034780495013269,0.0196078431372549,TRUE,0.897920025288446,0.785185185185185,"cz_human_kidney_v1.5"
"T_cell","JUND","lm",1200,75,NA,0.801496225342361,NA,"cv_r2",NA,NA,NA,NA,NA,"cz_human_kidney_v1.5"
"T_cell","JUND","ridge",1200,75,NA,0.798875689869791,NA,"cv_r2",NA,NA,NA,NA,NA,"cz_human_kidney_v1.5"
"T_cell","JUND","spearman",1200,75,NA,0.551241513630763,NA,"cv_r2",NA,NA,NA,NA,NA,"cz_human_kidney_v1.5"
"T_cell","TCF7L2","rf",1200,75,0.801376158545496,0.795620231488537,NA,"oob_r2",-0.0399709894364982,0.0196078431372549,TRUE,0.896866129287182,0.822222222222222,"cz_human_kidney_v1.5"
"T_cell","TCF7L2","lm",1200,75,NA,0.769989009182223,NA,"cv_r2",NA,NA,NA,NA,NA,"cz_human_kidney_v1.5"
"T_cell","TCF7L2","ridge",1200,75,NA,0.770615975147211,NA,"cv_r2",NA,NA,NA,NA,NA,"cz_human_kidney_v1.5"
"T_cell","TCF7L2","spearman",1200,75,NA,0.516856888533487,NA,"cv_r2",NA,NA,NA,NA,NA,"cz_human_kidney_v1.5"
"T_cell","PBX3","rf",1200,75,0.776866293481516,0.774922905146297,NA,"oob_r2",-0.0473062573784977,0.0196078431372549,TRUE,0.900707444286392,0.933333333333333,"cz_human_kidney_v1.5"
"T_cell","PBX3","lm",1200,75,NA,0.735662649972876,NA,"cv_r2",NA,NA,NA,NA,NA,"cz_human_kidney_v1.5"
"T_cell","PBX3","ridge",1200,75,NA,0.735395286879151,NA,"cv_r2",NA,NA,NA,NA,NA,"cz_human_kidney_v1.5"
"T_cell","PBX3","spearman",1200,75,NA,0.523831124871245,NA,"cv_r2",NA,NA,NA,NA,NA,"cz_human_kidney_v1.5"
"T_cell","CREB1","rf",1200,75,0.822269081243656,0.811695710812281,NA,"oob_r2",-0.0520154191229397,0.0196078431372549,TRUE,0.897817607080765,0.874074074074074,"cz_human_kidney_v1.5"
"T_cell","CREB1","lm",1200,75,NA,0.800452144720766,NA,"cv_r2",NA,NA,NA,NA,NA,"cz_human_kidney_v1.5"
"T_cell","CREB1","ridge",1200,75,NA,0.799234793299265,NA,"cv_r2",NA,NA,NA,NA,NA,"cz_human_kidney_v1.5"
"T_cell","CREB1","spearman",1200,75,NA,0.4970453188469,NA,"cv_r2",NA,NA,NA,NA,NA,"cz_human_kidney_v1.5"
"T_cell","MEF2C","rf",1200,75,0.788261249145404,0.786900500143024,NA,"oob_r2",-0.0493312806711716,0.0196078431372549,TRUE,0.897076655602971,0.819047619047619,"cz_human_kidney_v1.5"
"T_cell","MEF2C","lm",1200,75,NA,0.759341154915021,NA,"cv_r2",NA,NA,NA,NA,NA,"cz_human_kidney_v1.5"
"T_cell","MEF2C","ridge",1200,75,NA,0.760708473091855,NA,"cv_r2",NA,NA,NA,NA,NA,"cz_human_kidney_v1.5"
"T_cell","MEF2C","spearman",1200,75,NA,0.533005358180405,NA,"cv_r2",NA,NA,NA,NA,NA,"cz_human_kidney_v1.5"
"T_cell","TCF12","rf",1200,75,0.777281137636428,0.771948293111952,NA,"oob_r2",-0.0560132512035227,0.0196078431372549,TRUE,0.878172277540698,0.933333333333333,"cz_human_kidney_v1.5"
"T_cell","TCF12","lm",1200,75,NA,0.753091134068284,NA,"cv_r2",NA,NA,NA,NA,NA,"cz_human_kidney_v1.5"
"T_cell","TCF12","ridge",1200,75,NA,0.751887698795366,NA,"cv_r2",NA,NA,NA,NA,NA,"cz_human_kidney_v1.5"
"T_cell","TCF12","spearman",1200,75,NA,0.417063572700917,NA,"cv_r2",NA,NA,NA,NA,NA,"cz_human_kidney_v1.5"
"T_cell","NFKB1","rf",1200,75,0.797658214921912,0.79195590173288,NA,"oob_r2",-0.0407041415070481,0.0196078431372549,TRUE,0.913733522996681,0.874074074074074,"cz_human_kidney_v1.5"
"T_cell","NFKB1","lm",1200,75,NA,0.791524877244525,NA,"cv_r2",NA,NA,NA,NA,NA,"cz_human_kidney_v1.5"
"T_cell","NFKB1","ridge",1200,75,NA,0.791768196338885,NA,"cv_r2",NA,NA,NA,NA,NA,"cz_human_kidney_v1.5"
"T_cell","NFKB1","spearman",1200,75,NA,0.492176330802369,NA,"cv_r2",NA,NA,NA,NA,NA,"cz_human_kidney_v1.5"
"T_cell","ZEB1","rf",1200,75,0.785547788315477,0.773857197005168,NA,"oob_r2",-0.0605540376339039,0.0196078431372549,TRUE,0.887377904220009,1,"cz_human_kidney_v1.5"
"T_cell","ZEB1","lm",1200,75,NA,0.757188728308894,NA,"cv_r2",NA,NA,NA,NA,NA,"cz_human_kidney_v1.5"
"T_cell","ZEB1","ridge",1200,75,NA,0.75587279262305,NA,"cv_r2",NA,NA,NA,NA,NA,"cz_human_kidney_v1.5"
"T_cell","ZEB1","spearman",1200,75,NA,0.453218987620982,NA,"cv_r2",NA,NA,NA,NA,NA,"cz_human_kidney_v1.5"
"T_cell","STAT1","rf",1200,75,0.690449794222314,0.689446867558551,NA,"oob_r2",-0.0392623833292933,0.0196078431372549,TRUE,0.889091196459617,0.653968253968254,"cz_human_kidney_v1.5"
"T_cell","STAT1","lm",1200,75,NA,0.663712345826031,NA,"cv_r2",NA,NA,NA,NA,NA,"cz_human_kidney_v1.5"
"T_cell","STAT1","ridge",1200,75,NA,0.66734747834687,NA,"cv_r2",NA,NA,NA,NA,NA,"cz_human_kidney_v1.5"
"T_cell","STAT1","spearman",1200,75,NA,0.456198770162518,NA,"cv_r2",NA,NA,NA,NA,NA,"cz_human_kidney_v1.5"
"T_cell","ID3","rf",1200,75,0.780620358226446,0.763559685116835,NA,"oob_r2",-0.0378058996222058,0.0196078431372549,TRUE,0.92064359095938,0.933333333333333,"cz_human_kidney_v1.5"
"T_cell","ID3","lm",1200,75,NA,0.750973914175215,NA,"cv_r2",NA,NA,NA,NA,NA,"cz_human_kidney_v1.5"
"T_cell","ID3","ridge",1200,75,NA,0.750704351084648,NA,"cv_r2",NA,NA,NA,NA,NA,"cz_human_kidney_v1.5"
"T_cell","ID3","spearman",1200,75,NA,0.441089697136737,NA,"cv_r2",NA,NA,NA,NA,NA,"cz_human_kidney_v1.5"
"T_cell","ID1","rf",1200,75,0.764402338782573,0.75718274124233,NA,"oob_r2",-0.0483674147761813,0.0196078431372549,TRUE,0.893451556819978,1,"cz_human_kidney_v1.5"
"T_cell","ID1","lm",1200,75,NA,0.751048470313384,NA,"cv_r2",NA,NA,NA,NA,NA,"cz_human_kidney_v1.5"
"T_cell","ID1","ridge",1200,75,NA,0.752271214872005,NA,"cv_r2",NA,NA,NA,NA,NA,"cz_human_kidney_v1.5"
"T_cell","ID1","spearman",1200,75,NA,0.407337608185807,NA,"cv_r2",NA,NA,NA,NA,NA,"cz_human_kidney_v1.5"
"T_cell","BHLHE41","rf",1200,75,0.781691983435577,0.773003564169796,NA,"oob_r2",-0.0565099368617055,0.0196078431372549,TRUE,0.893718982140035,1,"cz_human_kidney_v1.5"
"T_cell","BHLHE41","lm",1200,75,NA,0.759891822051002,NA,"cv_r2",NA,NA,NA,NA,NA,"cz_human_kidney_v1.5"
"T_cell","BHLHE41","ridge",1200,75,NA,0.759281082637222,NA,"cv_r2",NA,NA,NA,NA,NA,"cz_human_kidney_v1.5"
"T_cell","BHLHE41","spearman",1200,75,NA,0.428042397830979,NA,"cv_r2",NA,NA,NA,NA,NA,"cz_human_kidney_v1.5"
"T_cell","ZNF331","rf",1200,75,0.776571758077481,0.766375694332827,NA,"oob_r2",-0.0708433340975752,0.0196078431372549,TRUE,0.849891575786312,0.740740740740741,"cz_human_kidney_v1.5"
"T_cell","ZNF331","lm",1200,75,NA,0.747335547829983,NA,"cv_r2",NA,NA,NA,NA,NA,"cz_human_kidney_v1.5"
"T_cell","ZNF331","ridge",1200,75,NA,0.749462538036768,NA,"cv_r2",NA,NA,NA,NA,NA,"cz_human_kidney_v1.5"
"T_cell","ZNF331","spearman",1200,75,NA,0.51311541640431,NA,"cv_r2",NA,NA,NA,NA,NA,"cz_human_kidney_v1.5"
"T_cell","RUNX3","rf",1200,75,0.762990753946511,0.753758152763347,NA,"oob_r2",-0.070976073368889,0.0196078431372549,TRUE,0.846259522680575,0.874074074074074,"cz_human_kidney_v1.5"
"T_cell","RUNX3","lm",1200,75,NA,0.742118806136255,NA,"cv_r2",NA,NA,NA,NA,NA,"cz_human_kidney_v1.5"
"T_cell","RUNX3","ridge",1200,75,NA,0.744771728833081,NA,"cv_r2",NA,NA,NA,NA,NA,"cz_human_kidney_v1.5"
"T_cell","RUNX3","spearman",1200,75,NA,0.472206034933734,NA,"cv_r2",NA,NA,NA,NA,NA,"cz_human_kidney_v1.5"
"T_cell","FOXO1","rf",1200,75,0.79411439946912,0.781659794603812,NA,"oob_r2",-0.0703723773809142,0.0196078431372549,TRUE,0.840395131974079,0.681481481481481,"cz_human_kidney_v1.5"
"T_cell","FOXO1","lm",1200,75,NA,0.769659006272565,NA,"cv_r2",NA,NA,NA,NA,NA,"cz_human_kidney_v1.5"
"T_cell","FOXO1","ridge",1200,75,NA,0.773643705863133,NA,"cv_r2",NA,NA,NA,NA,NA,"cz_human_kidney_v1.5"
"T_cell","FOXO1","spearman",1200,75,NA,0.49183961338562,NA,"cv_r2",NA,NA,NA,NA,NA,"cz_human_kidney_v1.5"
"T_cell","MYBL1","rf",1200,75,0.800400337243576,0.788226229465401,NA,"oob_r2",-0.0691102423652781,0.0196078431372549,TRUE,0.838965070333491,0.792592592592593,"cz_human_kidney_v1.5"
"T_cell","MYBL1","lm",1200,75,NA,0.765139088213449,NA,"cv_r2",NA,NA,NA,NA,NA,"cz_human_kidney_v1.5"
"T_cell","MYBL1","ridge",1200,75,NA,0.769770019814786,NA,"cv_r2",NA,NA,NA,NA,NA,"cz_human_kidney_v1.5"
"T_cell","MYBL1","spearman",1200,75,NA,0.488157237016959,NA,"cv_r2",NA,NA,NA,NA,NA,"cz_human_kidney_v1.5"
"T_cell","FOXP1","rf",1200,75,0.749073098347548,0.749484027157551,NA,"oob_r2",-0.0628114773487365,0.0196078431372549,TRUE,0.82362636320531,0.814814814814815,"cz_human_kidney_v1.5"
"T_cell","FOXP1","lm",1200,75,NA,0.737703988875535,NA,"cv_r2",NA,NA,NA,NA,NA,"cz_human_kidney_v1.5"
"T_cell","FOXP1","ridge",1200,75,NA,0.732787314601617,NA,"cv_r2",NA,NA,NA,NA,NA,"cz_human_kidney_v1.5"
"T_cell","FOXP1","spearman",1200,75,NA,0.494548228501313,NA,"cv_r2",NA,NA,NA,NA,NA,"cz_human_kidney_v1.5"
"T_cell","MAF","rf",1200,75,0.786855504144321,0.780375591582006,NA,"oob_r2",-0.0515380071904056,0.0196078431372549,TRUE,0.87987545440177,0.933333333333333,"cz_human_kidney_v1.5"
"T_cell","MAF","lm",1200,75,NA,0.779386516088574,NA,"cv_r2",NA,NA,NA,NA,NA,"cz_human_kidney_v1.5"
"T_cell","MAF","ridge",1200,75,NA,0.781645209708349,NA,"cv_r2",NA,NA,NA,NA,NA,"cz_human_kidney_v1.5"
"T_cell","MAF","spearman",1200,75,NA,0.559709283223897,NA,"cv_r2",NA,NA,NA,NA,NA,"cz_human_kidney_v1.5"
"T_cell","ARID5B","rf",1200,75,0.744009658447056,0.743563478759913,NA,"oob_r2",-0.0758519326350336,0.0196078431372549,TRUE,0.80466508613877,0.822222222222222,"cz_human_kidney_v1.5"
"T_cell","ARID5B","lm",1200,75,NA,0.697251291395288,NA,"cv_r2",NA,NA,NA,NA,NA,"cz_human_kidney_v1.5"
"T_cell","ARID5B","ridge",1200,75,NA,0.704391381655407,NA,"cv_r2",NA,NA,NA,NA,NA,"cz_human_kidney_v1.5"
"T_cell","ARID5B","spearman",1200,75,NA,0.448524330699254,NA,"cv_r2",NA,NA,NA,NA,NA,"cz_human_kidney_v1.5"
"T_cell","TGIF2","rf",1200,75,0.704704424413507,0.703836099932131,NA,"oob_r2",-0.0740092956940089,0.0196078431372549,TRUE,0.838466255729413,0.785185185185185,"cz_human_kidney_v1.5"
"T_cell","TGIF2","lm",1200,75,NA,0.66156441621271,NA,"cv_r2",NA,NA,NA,NA,NA,"cz_human_kidney_v1.5"
"T_cell","TGIF2","ridge",1200,75,NA,0.668901762442533,NA,"cv_r2",NA,NA,NA,NA,NA,"cz_human_kidney_v1.5"
"T_cell","TGIF2","spearman",1200,75,NA,0.38759464701238,NA,"cv_r2",NA,NA,NA,NA,NA,"cz_human_kidney_v1.5"
"T_cell","PAX2","rf",1200,75,0.714855906313711,0.715671421794416,NA,"oob_r2",-0.064175217631119,0.0196078431372549,TRUE,0.844689110162794,0.725925925925926,"cz_human_kidney_v1.5"
"T_cell","PAX2","lm",1200,75,NA,0.69132208001465,NA,"cv_r2",NA,NA,NA,NA,NA,"cz_human_kidney_v1.5"
"T_cell","PAX2","ridge",1200,75,NA,0.701075506206413,NA,"cv_r2",NA,NA,NA,NA,NA,"cz_human_kidney_v1.5"
"T_cell","PAX2","spearman",1200,75,NA,0.425220683122181,NA,"cv_r2",NA,NA,NA,NA,NA,"cz_human_kidney_v1.5"
"T_cell","BACH2","rf",1200,75,0.790646351372376,0.785181795446928,NA,"oob_r2",-0.0750630584030442,0.0196078431372549,TRUE,0.836113165797376,0.874074074074074,"cz_human_kidney_v1.5"
"T_cell","BACH2","lm",1200,75,NA,0.767658389009602,NA,"cv_r2",NA,NA,NA,NA,NA,"cz_human_kidney_v1.5"
"T_cell","BACH2","ridge",1200,75,NA,0.767448362837337,NA,"cv_r2",NA,NA,NA,NA,NA,"cz_human_kidney_v1.5"
"T_cell","BACH2","spearman",1200,75,NA,0.462313702454744,NA,"cv_r2",NA,NA,NA,NA,NA,"cz_human_kidney_v1.5"
"T_cell","ZNF683","rf",1200,75,0.761504535248985,0.750610601203962,NA,"oob_r2",-0.0825641851479441,0.0196078431372549,TRUE,0.827920973605184,0.874074074074074,"cz_human_kidney_v1.5"
"T_cell","ZNF683","lm",1200,75,NA,0.731273282654918,NA,"cv_r2",NA,NA,NA,NA,NA,"cz_human_kidney_v1.5"
"T_cell","ZNF683","ridge",1200,75,NA,0.733668711508222,NA,"cv_r2",NA,NA,NA,NA,NA,"cz_human_kidney_v1.5"
"T_cell","ZNF683","spearman",1200,75,NA,0.389459073727156,NA,"cv_r2",NA,NA,NA,NA,NA,"cz_human_kidney_v1.5"
"T_cell","ESR1","rf",1200,75,0.751878296181749,0.747755944487798,NA,"oob_r2",-0.0612029613373894,0.0196078431372549,TRUE,0.866215900110637,0.933333333333333,"cz_human_kidney_v1.5"
"T_cell","ESR1","lm",1200,75,NA,0.720711736807668,NA,"cv_r2",NA,NA,NA,NA,NA,"cz_human_kidney_v1.5"
"T_cell","ESR1","ridge",1200,75,NA,0.719102145284815,NA,"cv_r2",NA,NA,NA,NA,NA,"cz_human_kidney_v1.5"
"T_cell","ESR1","spearman",1200,75,NA,0.383920118160773,NA,"cv_r2",NA,NA,NA,NA,NA,"cz_human_kidney_v1.5"
"T_cell","TBX19","rf",1200,75,0.748810602967397,0.726777174346788,NA,"oob_r2",-0.0748054149658893,0.0196078431372549,TRUE,0.789591275486012,0.711111111111111,"cz_human_kidney_v1.5"
"T_cell","TBX19","lm",1200,75,NA,0.671594156216481,NA,"cv_r2",NA,NA,NA,NA,NA,"cz_human_kidney_v1.5"
"T_cell","TBX19","ridge",1200,75,NA,0.6864590052547,NA,"cv_r2",NA,NA,NA,NA,NA,"cz_human_kidney_v1.5"
"T_cell","TBX19","spearman",1200,75,NA,0.378922885162942,NA,"cv_r2",NA,NA,NA,NA,NA,"cz_human_kidney_v1.5"
"T_cell","GLIS3","rf",1200,75,0.709011407129118,0.683984131241414,NA,"oob_r2",-0.0702552108689878,0.0196078431372549,TRUE,0.859823613086771,0.881481481481481,"cz_human_kidney_v1.5"
"T_cell","GLIS3","lm",1200,75,NA,0.644490612345883,NA,"cv_r2",NA,NA,NA,NA,NA,"cz_human_kidney_v1.5"
"T_cell","GLIS3","ridge",1200,75,NA,0.645996666661245,NA,"cv_r2",NA,NA,NA,NA,NA,"cz_human_kidney_v1.5"
"T_cell","GLIS3","spearman",1200,75,NA,0.360585430712107,NA,"cv_r2",NA,NA,NA,NA,NA,"cz_human_kidney_v1.5"
"T_cell","PHF21A","rf",1200,75,0.709138115171259,0.70232984037845,NA,"oob_r2",-0.0820145347787389,0.0196078431372549,TRUE,0.828077761972499,0.881481481481482,"cz_human_kidney_v1.5"
"T_cell","PHF21A","lm",1200,75,NA,0.681587496128906,NA,"cv_r2",NA,NA,NA,NA,NA,"cz_human_kidney_v1.5"
"T_cell","PHF21A","ridge",1200,75,NA,0.687275417060684,NA,"cv_r2",NA,NA,NA,NA,NA,"cz_human_kidney_v1.5"
"T_cell","PHF21A","spearman",1200,75,NA,0.323766785806579,NA,"cv_r2",NA,NA,NA,NA,NA,"cz_human_kidney_v1.5"
"T_cell","GATA4","rf",1200,75,0.738423149694418,0.72426587866601,NA,"oob_r2",-0.0807538952462937,0.0196078431372549,TRUE,0.788302829144934,0.725925925925926,"cz_human_kidney_v1.5"
"T_cell","GATA4","lm",1200,75,NA,0.704925375072318,NA,"cv_r2",NA,NA,NA,NA,NA,"cz_human_kidney_v1.5"
"T_cell","GATA4","ridge",1200,75,NA,0.710938869249757,NA,"cv_r2",NA,NA,NA,NA,NA,"cz_human_kidney_v1.5"
"T_cell","GATA4","spearman",1200,75,NA,0.388558404812763,NA,"cv_r2",NA,NA,NA,NA,NA,"cz_human_kidney_v1.5"
"T_cell","FOSB","rf",1200,75,0.762293072261573,0.758778097150786,NA,"oob_r2",-0.0552191324603596,0.0196078431372549,TRUE,0.868122648964754,0.933333333333333,"cz_human_kidney_v1.5"
"T_cell","FOSB","lm",1200,75,NA,0.767327835732852,NA,"cv_r2",NA,NA,NA,NA,NA,"cz_human_kidney_v1.5"
"T_cell","FOSB","ridge",1200,75,NA,0.766800965646108,NA,"cv_r2",NA,NA,NA,NA,NA,"cz_human_kidney_v1.5"
"T_cell","FOSB","spearman",1200,75,NA,0.476332997321534,NA,"cv_r2",NA,NA,NA,NA,NA,"cz_human_kidney_v1.5"
"T_cell","IKZF2","rf",1200,75,0.773135008026537,0.763925173616253,NA,"oob_r2",-0.0777247287260899,0.0196078431372549,TRUE,0.785105105105105,0.658201058201058,"cz_human_kidney_v1.5"
"T_cell","IKZF2","lm",1200,75,NA,0.740445539169775,NA,"cv_r2",NA,NA,NA,NA,NA,"cz_human_kidney_v1.5"
"T_cell","IKZF2","ridge",1200,75,NA,0.745006867666692,NA,"cv_r2",NA,NA,NA,NA,NA,"cz_human_kidney_v1.5"
"T_cell","IKZF2","spearman",1200,75,NA,0.440645501513021,NA,"cv_r2",NA,NA,NA,NA,NA,"cz_human_kidney_v1.5"
"T_cell","RUNX2","rf",1200,75,0.759239795302489,0.735212447469673,NA,"oob_r2",-0.0808347877239488,0.0196078431372549,TRUE,0.848012012012012,0.82962962962963,"cz_human_kidney_v1.5"
"T_cell","RUNX2","lm",1200,75,NA,0.731823164489856,NA,"cv_r2",NA,NA,NA,NA,NA,"cz_human_kidney_v1.5"
"T_cell","RUNX2","ridge",1200,75,NA,0.728416561045752,NA,"cv_r2",NA,NA,NA,NA,NA,"cz_human_kidney_v1.5"
"T_cell","RUNX2","spearman",1200,75,NA,0.39970858881727,NA,"cv_r2",NA,NA,NA,NA,NA,"cz_human_kidney_v1.5"
"T_cell","RUNX1","rf",1200,75,0.765820347633183,0.756508034084834,NA,"oob_r2",-0.0728009860522009,0.0196078431372549,TRUE,0.825224593014067,0.621164021164021,"cz_human_kidney_v1.5"
"T_cell","RUNX1","lm",1200,75,NA,0.757205155954877,NA,"cv_r2",NA,NA,NA,NA,NA,"cz_human_kidney_v1.5"
"T_cell","RUNX1","ridge",1200,75,NA,0.761658593053919,NA,"cv_r2",NA,NA,NA,NA,NA,"cz_human_kidney_v1.5"
"T_cell","RUNX1","spearman",1200,75,NA,0.446002246873803,NA,"cv_r2",NA,NA,NA,NA,NA,"cz_human_kidney_v1.5"
"T_cell","BCL11B","rf",1200,75,0.775320438818085,0.760238136433243,NA,"oob_r2",-0.082510804048956,0.0196078431372549,TRUE,0.790344871186976,0.785185185185185,"cz_human_kidney_v1.5"
"T_cell","BCL11B","lm",1200,75,NA,0.755795850283676,NA,"cv_r2",NA,NA,NA,NA,NA,"cz_human_kidney_v1.5"
"T_cell","BCL11B","ridge",1200,75,NA,0.757885453903084,NA,"cv_r2",NA,NA,NA,NA,NA,"cz_human_kidney_v1.5"
"T_cell","BCL11B","spearman",1200,75,NA,0.434552552235399,NA,"cv_r2",NA,NA,NA,NA,NA,"cz_human_kidney_v1.5"
"T_cell","BATF","rf",1200,75,0.763214861391348,0.765668251401126,NA,"oob_r2",-0.0531824871824408,0.0196078431372549,TRUE,0.886827880512091,1,"cz_human_kidney_v1.5"
"T_cell","BATF","lm",1200,75,NA,0.780796465457035,NA,"cv_r2",NA,NA,NA,NA,NA,"cz_human_kidney_v1.5"
"T_cell","BATF","ridge",1200,75,NA,0.780956200771718,NA,"cv_r2",NA,NA,NA,NA,NA,"cz_human_kidney_v1.5"
"T_cell","BATF","spearman",1200,75,NA,0.4466194463461,NA,"cv_r2",NA,NA,NA,NA,NA,"cz_human_kidney_v1.5"
"T_cell","ELF5","rf",1200,75,0.778347249946311,0.77910821173254,NA,"oob_r2",-0.057945183176262,0.0196078431372549,TRUE,0.890098941046309,0.822222222222222,"cz_human_kidney_v1.5"
"T_cell","ELF5","lm",1200,75,NA,0.766599553700088,NA,"cv_r2",NA,NA,NA,NA,NA,"cz_human_kidney_v1.5"
"T_cell","ELF5","ridge",1200,75,NA,0.766093413814348,NA,"cv_r2",NA,NA,NA,NA,NA,"cz_human_kidney_v1.5"
"T_cell","ELF5","spearman",1200,75,NA,0.389549922166528,NA,"cv_r2",NA,NA,NA,NA,NA,"cz_human_kidney_v1.5"
"kidney_collecting_duct_intercalated_cell","EHF","rf",1200,104,0.882030911766627,0.882043125043448,NA,"oob_r2",-0.03322823087931,0.0196078431372549,TRUE,0.881123321123321,0.881481481481481,"cz_human_kidney_v1.5"
"kidney_collecting_duct_intercalated_cell","EHF","lm",1200,104,NA,0.868616779387653,NA,"cv_r2",NA,NA,NA,NA,NA,"cz_human_kidney_v1.5"
"kidney_collecting_duct_intercalated_cell","EHF","ridge",1200,104,NA,0.871090217464999,NA,"cv_r2",NA,NA,NA,NA,NA,"cz_human_kidney_v1.5"
"kidney_collecting_duct_intercalated_cell","EHF","spearman",1200,104,NA,0.547907186193083,NA,"cv_r2",NA,NA,NA,NA,NA,"cz_human_kidney_v1.5"
"kidney_collecting_duct_intercalated_cell","EGR1","rf",1200,104,0.858990533420863,0.859238568480096,NA,"oob_r2",-0.0347441551114276,0.0196078431372549,TRUE,0.893608592055194,1,"cz_human_kidney_v1.5"
"kidney_collecting_duct_intercalated_cell","EGR1","lm",1200,104,NA,0.833883298425184,NA,"cv_r2",NA,NA,NA,NA,NA,"cz_human_kidney_v1.5"
"kidney_collecting_duct_intercalated_cell","EGR1","ridge",1200,104,NA,0.836571956893756,NA,"cv_r2",NA,NA,NA,NA,NA,"cz_human_kidney_v1.5"
"kidney_collecting_duct_intercalated_cell","EGR1","spearman",1200,104,NA,0.535554473533188,NA,"cv_r2",NA,NA,NA,NA,NA,"cz_human_kidney_v1.5"
"kidney_collecting_duct_intercalated_cell","PAX5","rf",1200,104,0.829215437159838,0.830103061697016,NA,"oob_r2",-0.031888848157063,0.0196078431372549,TRUE,0.89661984186256,0.933333333333333,"cz_human_kidney_v1.5"
"kidney_collecting_duct_intercalated_cell","PAX5","lm",1200,104,NA,0.790883464751128,NA,"cv_r2",NA,NA,NA,NA,NA,"cz_human_kidney_v1.5"
"kidney_collecting_duct_intercalated_cell","PAX5","ridge",1200,104,NA,0.795328100823254,NA,"cv_r2",NA,NA,NA,NA,NA,"cz_human_kidney_v1.5"
"kidney_collecting_duct_intercalated_cell","PAX5","spearman",1200,104,NA,0.520339489793361,NA,"cv_r2",NA,NA,NA,NA,NA,"cz_human_kidney_v1.5"
"kidney_collecting_duct_intercalated_cell","ZIC1","rf",1200,104,0.851456710028651,0.855340005743328,NA,"oob_r2",-0.0340097281799161,0.0196078431372549,TRUE,0.899315053878161,0.933333333333333,"cz_human_kidney_v1.5"
"kidney_collecting_duct_intercalated_cell","ZIC1","lm",1200,104,NA,0.82277944561956,NA,"cv_r2",NA,NA,NA,NA,NA,"cz_human_kidney_v1.5"
"kidney_collecting_duct_intercalated_cell","ZIC1","ridge",1200,104,NA,0.826723931884278,NA,"cv_r2",NA,NA,NA,NA,NA,"cz_human_kidney_v1.5"
"kidney_collecting_duct_intercalated_cell","ZIC1","spearman",1200,104,NA,0.52274910857457,NA,"cv_r2",NA,NA,NA,NA,NA,"cz_human_kidney_v1.5"
"kidney_collecting_duct_intercalated_cell","JUND","rf",1200,104,0.845923276695433,0.836518933656838,NA,"oob_r2",-0.036249823684728,0.0196078431372549,TRUE,0.887198454188745,0.844444444444444,"cz_human_kidney_v1.5"
"kidney_collecting_duct_intercalated_cell","JUND","lm",1200,104,NA,0.80178330044798,NA,"cv_r2",NA,NA,NA,NA,NA,"cz_human_kidney_v1.5"
"kidney_collecting_duct_intercalated_cell","JUND","ridge",1200,104,NA,0.805248775488671,NA,"cv_r2",NA,NA,NA,NA,NA,"cz_human_kidney_v1.5"
"kidney_collecting_duct_intercalated_cell","JUND","spearman",1200,104,NA,0.533272778201289,NA,"cv_r2",NA,NA,NA,NA,NA,"cz_human_kidney_v1.5"
"kidney_collecting_duct_intercalated_cell","NPAS2","rf",1200,104,0.886154006323887,0.886576011374719,NA,"oob_r2",-0.0308492800953241,0.0196078431372549,TRUE,0.910781085150017,0.653968253968254,"cz_human_kidney_v1.5"
"kidney_collecting_duct_intercalated_cell","NPAS2","lm",1200,104,NA,0.873433783994323,NA,"cv_r2",NA,NA,NA,NA,NA,"cz_human_kidney_v1.5"
"kidney_collecting_duct_intercalated_cell","NPAS2","ridge",1200,104,NA,0.876324123977581,NA,"cv_r2",NA,NA,NA,NA,NA,"cz_human_kidney_v1.5"
"kidney_collecting_duct_intercalated_cell","NPAS2","spearman",1200,104,NA,0.641677503980475,NA,"cv_r2",NA,NA,NA,NA,NA,"cz_human_kidney_v1.5"
"kidney_collecting_duct_intercalated_cell","KLF2","rf",1200,104,0.861964204108288,0.860792645124649,NA,"oob_r2",-0.0356689132120318,0.0196078431372549,TRUE,0.90288559337103,0.762962962962963,"cz_human_kidney_v1.5"
"kidney_collecting_duct_intercalated_cell","KLF2","lm",1200,104,NA,0.834311727451783,NA,"cv_r2",NA,NA,NA,NA,NA,"cz_human_kidney_v1.5"
"kidney_collecting_duct_intercalated_cell","KLF2","ridge",1200,104,NA,0.836297156509369,NA,"cv_r2",NA,NA,NA,NA,NA,"cz_human_kidney_v1.5"
"kidney_collecting_duct_intercalated_cell","KLF2","spearman",1200,104,NA,0.580611283582324,NA,"cv_r2",NA,NA,NA,NA,NA,"cz_human_kidney_v1.5"
"kidney_collecting_duct_intercalated_cell","ATF3","rf",1200,104,0.861190300021986,0.856526771759345,NA,"oob_r2",-0.0308255026114922,0.0196078431372549,TRUE,0.892591012008488,0.881481481481481,"cz_human_kidney_v1.5"
"kidney_collecting_duct_intercalated_cell","ATF3","lm",1200,104,NA,0.824520139974777,NA,"cv_r2",NA,NA,NA,NA,NA,"cz_human_kidney_v1.5"
"kidney_collecting_duct_intercalated_cell","ATF3","ridge",1200,104,NA,0.828210337633201,NA,"cv_r2",NA,NA,NA,NA,NA,"cz_human_kidney_v1.5"
"kidney_collecting_duct_intercalated_cell","ATF3","spearman",1200,104,NA,0.511794693954018,NA,"cv_r2",NA,NA,NA,NA,NA,"cz_human_kidney_v1.5"
"kidney_collecting_duct_intercalated_cell","FLI1","rf",1200,104,0.87398461263178,0.875484480721924,NA,"oob_r2",-0.0337130243021157,0.0196078431372549,TRUE,0.907972308166483,0.933333333333333,"cz_human_kidney_v1.5"
"kidney_collecting_duct_intercalated_cell","FLI1","lm",1200,104,NA,0.856173769100446,NA,"cv_r2",NA,NA,NA,NA,NA,"cz_human_kidney_v1.5"
"kidney_collecting_duct_intercalated_cell","FLI1","ridge",1200,104,NA,0.85897648932997,NA,"cv_r2",NA,NA,NA,NA,NA,"cz_human_kidney_v1.5"
"kidney_collecting_duct_intercalated_cell","FLI1","spearman",1200,104,NA,0.618749994473176,NA,"cv_r2",NA,NA,NA,NA,NA,"cz_human_kidney_v1.5"
"kidney_collecting_duct_intercalated_cell","GLI1","rf",1200,104,0.895863288891732,0.892258387739029,NA,"oob_r2",-0.035189891743308,0.0196078431372549,TRUE,0.900708654883412,0.874074074074074,"cz_human_kidney_v1.5"
"kidney_collecting_duct_intercalated_cell","GLI1","lm",1200,104,NA,0.874847211592354,NA,"cv_r2",NA,NA,NA,NA,NA,"cz_human_kidney_v1.5"
"kidney_collecting_duct_intercalated_cell","GLI1","ridge",1200,104,NA,0.878189232215331,NA,"cv_r2",NA,NA,NA,NA,NA,"cz_human_kidney_v1.5"
"kidney_collecting_duct_intercalated_cell","GLI1","spearman",1200,104,NA,0.670399405419801,NA,"cv_r2",NA,NA,NA,NA,NA,"cz_human_kidney_v1.5"
"kidney_collecting_duct_intercalated_cell","KLF4","rf",1200,104,0.862671763261864,0.862442827603381,NA,"oob_r2",-0.0300613312181711,0.0196078431372549,TRUE,0.896673897838946,0.8,"cz_human_kidney_v1.5"
"kidney_collecting_duct_intercalated_cell","KLF4","lm",1200,104,NA,0.842869828641909,NA,"cv_r2",NA,NA,NA,NA,NA,"cz_human_kidney_v1.5"
"kidney_collecting_duct_intercalated_cell","KLF4","ridge",1200,104,NA,0.846029621031146,NA,"cv_r2",NA,NA,NA,NA,NA,"cz_human_kidney_v1.5"
"kidney_collecting_duct_intercalated_cell","KLF4","spearman",1200,104,NA,0.543322362850558,NA,"cv_r2",NA,NA,NA,NA,NA,"cz_human_kidney_v1.5"
"kidney_collecting_duct_intercalated_cell","TFAP2E","rf",1200,104,0.84336475253205,0.840529559199426,NA,"oob_r2",-0.0383202455079033,0.0196078431372549,TRUE,0.901732399208127,1,"cz_human_kidney_v1.5"
"kidney_collecting_duct_intercalated_cell","TFAP2E","lm",1200,104,NA,0.808162062276412,NA,"cv_r2",NA,NA,NA,NA,NA,"cz_human_kidney_v1.5"
"kidney_collecting_duct_intercalated_cell","TFAP2E","ridge",1200,104,NA,0.812263510796927,NA,"cv_r2",NA,NA,NA,NA,NA,"cz_human_kidney_v1.5"
"kidney_collecting_duct_intercalated_cell","TFAP2E","spearman",1200,104,NA,0.561446978440869,NA,"cv_r2",NA,NA,NA,NA,NA,"cz_human_kidney_v1.5"
"kidney_collecting_duct_intercalated_cell","EBF3","rf",1200,104,0.883271830119705,0.882503804919197,NA,"oob_r2",-0.0346477561344755,0.0196078431372549,TRUE,0.886950460542694,1,"cz_human_kidney_v1.5"
"kidney_collecting_duct_intercalated_cell","EBF3","lm",1200,104,NA,0.860600976435978,NA,"cv_r2",NA,NA,NA,NA,NA,"cz_human_kidney_v1.5"
"kidney_collecting_duct_intercalated_cell","EBF3","ridge",1200,104,NA,0.86324286280863,NA,"cv_r2",NA,NA,NA,NA,NA,"cz_human_kidney_v1.5"
"kidney_collecting_duct_intercalated_cell","EBF3","spearman",1200,104,NA,0.59619220752094,NA,"cv_r2",NA,NA,NA,NA,NA,"cz_human_kidney_v1.5"
"kidney_collecting_duct_intercalated_cell","ESR1","rf",1200,104,0.855771837810693,0.851998189739337,NA,"oob_r2",-0.0282076359584938,0.0196078431372549,TRUE,0.897033322664391,1,"cz_human_kidney_v1.5"
"kidney_collecting_duct_intercalated_cell","ESR1","lm",1200,104,NA,0.81768061830285,NA,"cv_r2",NA,NA,NA,NA,NA,"cz_human_kidney_v1.5"
"kidney_collecting_duct_intercalated_cell","ESR1","ridge",1200,104,NA,0.821448320025481,NA,"cv_r2",NA,NA,NA,NA,NA,"cz_human_kidney_v1.5"
"kidney_collecting_duct_intercalated_cell","ESR1","spearman",1200,104,NA,0.554522825764895,NA,"cv_r2",NA,NA,NA,NA,NA,"cz_human_kidney_v1.5"
"kidney_collecting_duct_intercalated_cell","WT1","rf",1200,104,0.864200217280808,0.862368148821343,NA,"oob_r2",-0.0334908501134531,0.0196078431372549,TRUE,0.897431629858814,0.785185185185185,"cz_human_kidney_v1.5"
"kidney_collecting_duct_intercalated_cell","WT1","lm",1200,104,NA,0.835645329912054,NA,"cv_r2",NA,NA,NA,NA,NA,"cz_human_kidney_v1.5"
"kidney_collecting_duct_intercalated_cell","WT1","ridge",1200,104,NA,0.838555702199895,NA,"cv_r2",NA,NA,NA,NA,NA,"cz_human_kidney_v1.5"
"kidney_collecting_duct_intercalated_cell","WT1","spearman",1200,104,NA,0.55358678767478,NA,"cv_r2",NA,NA,NA,NA,NA,"cz_human_kidney_v1.5"
"kidney_collecting_duct_intercalated_cell","ID3","rf",1200,104,0.875495948943041,0.873081197203274,NA,"oob_r2",-0.0319999926947684,0.0196078431372549,TRUE,0.890519340422253,0.8,"cz_human_kidney_v1.5"
"kidney_collecting_duct_intercalated_cell","ID3","lm",1200,104,NA,0.8556880397678,NA,"cv_r2",NA,NA,NA,NA,NA,"cz_human_kidney_v1.5"
"kidney_collecting_duct_intercalated_cell","ID3","ridge",1200,104,NA,0.858380662288051,NA,"cv_r2",NA,NA,NA,NA,NA,"cz_human_kidney_v1.5"
"kidney_collecting_duct_intercalated_cell","ID3","spearman",1200,104,NA,0.590438803990589,NA,"cv_r2",NA,NA,NA,NA,NA,"cz_human_kidney_v1.5"
"kidney_collecting_duct_intercalated_cell","FOXD2","rf",1200,104,0.892395449289826,0.891613074697299,NA,"oob_r2",-0.0332615662020157,0.0196078431372549,TRUE,0.878654527780741,1,"cz_human_kidney_v1.5"
"kidney_collecting_duct_intercalated_cell","FOXD2","lm",1200,104,NA,0.877021399013075,NA,"cv_r2",NA,NA,NA,NA,NA,"cz_human_kidney_v1.5"
"kidney_collecting_duct_intercalated_cell","FOXD2","ridge",1200,104,NA,0.878930364378394,NA,"cv_r2",NA,NA,NA,NA,NA,"cz_human_kidney_v1.5"
"kidney_collecting_duct_intercalated_cell","FOXD2","spearman",1200,104,NA,0.615461833435888,NA,"cv_r2",NA,NA,NA,NA,NA,"cz_human_kidney_v1.5"
"kidney_collecting_duct_intercalated_cell","ID4","rf",1200,104,0.878811483019296,0.877247926214314,NA,"oob_r2",-0.031310854243102,0.0196078431372549,TRUE,0.897543298125822,0.822222222222222,"cz_human_kidney_v1.5"
"kidney_collecting_duct_intercalated_cell","ID4","lm",1200,104,NA,0.860018496388236,NA,"cv_r2",NA,NA,NA,NA,NA,"cz_human_kidney_v1.5"
"kidney_collecting_duct_intercalated_cell","ID4","ridge",1200,104,NA,0.863806889880104,NA,"cv_r2",NA,NA,NA,NA,NA,"cz_human_kidney_v1.5"
"kidney_collecting_duct_intercalated_cell","ID4","spearman",1200,104,NA,0.614884253527184,NA,"cv_r2",NA,NA,NA,NA,NA,"cz_human_kidney_v1.5"
"kidney_collecting_duct_intercalated_cell","IRF4","rf",1200,104,0.865212421843301,0.862660546988212,NA,"oob_r2",-0.0314260029137583,0.0196078431372549,TRUE,0.899161421103169,1,"cz_human_kidney_v1.5"
"kidney_collecting_duct_intercalated_cell","IRF4","lm",1200,104,NA,0.831680507324902,NA,"cv_r2",NA,NA,NA,NA,NA,"cz_human_kidney_v1.5"
"kidney_collecting_duct_intercalated_cell","IRF4","ridge",1200,104,NA,0.835295007613515,NA,"cv_r2",NA,NA,NA,NA,NA,"cz_human_kidney_v1.5"
"kidney_collecting_duct_intercalated_cell","IRF4","spearman",1200,104,NA,0.523490012805916,NA,"cv_r2",NA,NA,NA,NA,NA,"cz_human_kidney_v1.5"
"kidney_collecting_duct_intercalated_cell","NR4A1","rf",1200,104,0.875941077707069,0.881285249509438,NA,"oob_r2",-0.0341454112851759,0.0196078431372549,TRUE,0.884658534561447,1,"cz_human_kidney_v1.5"
"kidney_collecting_duct_intercalated_cell","NR4A1","lm",1200,104,NA,0.856903123492406,NA,"cv_r2",NA,NA,NA,NA,NA,"cz_human_kidney_v1.5"
"kidney_collecting_duct_intercalated_cell","NR4A1","ridge",1200,104,NA,0.859886317741158,NA,"cv_r2",NA,NA,NA,NA,NA,"cz_human_kidney_v1.5"
"kidney_collecting_duct_intercalated_cell","NR4A1","spearman",1200,104,NA,0.621835320786295,NA,"cv_r2",NA,NA,NA,NA,NA,"cz_human_kidney_v1.5"
"kidney_collecting_duct_intercalated_cell","CREB5","rf",1200,104,0.886667136753978,0.88788872347271,NA,"oob_r2",-0.0412369709856519,0.0196078431372549,TRUE,0.89853693232334,0.933333333333333,"cz_human_kidney_v1.5"
"kidney_collecting_duct_intercalated_cell","CREB5","lm",1200,104,NA,0.863671608542322,NA,"cv_r2",NA,NA,NA,NA,NA,"cz_human_kidney_v1.5"
"kidney_collecting_duct_intercalated_cell","CREB5","ridge",1200,104,NA,0.866433351853965,NA,"cv_r2",NA,NA,NA,NA,NA,"cz_human_kidney_v1.5"
"kidney_collecting_duct_intercalated_cell","CREB5","spearman",1200,104,NA,0.631673086891748,NA,"cv_r2",NA,NA,NA,NA,NA,"cz_human_kidney_v1.5"
"kidney_collecting_duct_intercalated_cell","BCL6B","rf",1200,104,0.870418915767791,0.868166998606382,NA,"oob_r2",-0.0404111232905502,0.0196078431372549,TRUE,0.888246618537881,0.82962962962963,"cz_human_kidney_v1.5"
"kidney_collecting_duct_intercalated_cell","BCL6B","lm",1200,104,NA,0.854541380546361,NA,"cv_r2",NA,NA,NA,NA,NA,"cz_human_kidney_v1.5"
"kidney_collecting_duct_intercalated_cell","BCL6B","ridge",1200,104,NA,0.856301155226952,NA,"cv_r2",NA,NA,NA,NA,NA,"cz_human_kidney_v1.5"
"kidney_collecting_duct_intercalated_cell","BCL6B","spearman",1200,104,NA,0.582734305958124,NA,"cv_r2",NA,NA,NA,NA,NA,"cz_human_kidney_v1.5"
"kidney_collecting_duct_intercalated_cell","ID1","rf",1200,104,0.86342170286836,0.86088584580777,NA,"oob_r2",-0.0273117982997798,0.0196078431372549,TRUE,0.891966286141043,0.933333333333333,"cz_human_kidney_v1.5"
"kidney_collecting_duct_intercalated_cell","ID1","lm",1200,104,NA,0.828235144854377,NA,"cv_r2",NA,NA,NA,NA,NA,"cz_human_kidney_v1.5"
"kidney_collecting_duct_intercalated_cell","ID1","ridge",1200,104,NA,0.833497216932482,NA,"cv_r2",NA,NA,NA,NA,NA,"cz_human_kidney_v1.5"
"kidney_collecting_duct_intercalated_cell","ID1","spearman",1200,104,NA,0.512709417115259,NA,"cv_r2",NA,NA,NA,NA,NA,"cz_human_kidney_v1.5"
"kidney_collecting_duct_intercalated_cell","FOXI1","rf",1200,104,0.861047328067819,0.861074135709374,NA,"oob_r2",-0.0337727295413715,0.0196078431372549,TRUE,0.89294166459215,1,"cz_human_kidney_v1.5"
"kidney_collecting_duct_intercalated_cell","FOXI1","lm",1200,104,NA,0.837307450353963,NA,"cv_r2",NA,NA,NA,NA,NA,"cz_human_kidney_v1.5"
"kidney_collecting_duct_intercalated_cell","FOXI1","ridge",1200,104,NA,0.840132009274374,NA,"cv_r2",NA,NA,NA,NA,NA,"cz_human_kidney_v1.5"
"kidney_collecting_duct_intercalated_cell","FOXI1","spearman",1200,104,NA,0.559339297447583,NA,"cv_r2",NA,NA,NA,NA,NA,"cz_human_kidney_v1.5"
"kidney_collecting_duct_intercalated_cell","FOXO1","rf",1200,104,0.898910205654164,0.892065377044557,NA,"oob_r2",-0.0442499743043136,0.0196078431372549,TRUE,0.871627962113399,0.785185185185185,"cz_human_kidney_v1.5"
"kidney_collecting_duct_intercalated_cell","FOXO1","lm",1200,104,NA,0.881366130975467,NA,"cv_r2",NA,NA,NA,NA,NA,"cz_human_kidney_v1.5"
"kidney_collecting_duct_intercalated_cell","FOXO1","ridge",1200,104,NA,0.88238096058749,NA,"cv_r2",NA,NA,NA,NA,NA,"cz_human_kidney_v1.5"
"kidney_collecting_duct_intercalated_cell","FOXO1","spearman",1200,104,NA,0.61646047558032,NA,"cv_r2",NA,NA,NA,NA,NA,"cz_human_kidney_v1.5"
"kidney_collecting_duct_intercalated_cell","SIX3","rf",1200,104,0.858648244388696,0.856024104347605,NA,"oob_r2",-0.0461594574615423,0.0196078431372549,TRUE,0.841600104318551,0.933333333333333,"cz_human_kidney_v1.5"
"kidney_collecting_duct_intercalated_cell","SIX3","lm",1200,104,NA,0.817177021484212,NA,"cv_r2",NA,NA,NA,NA,NA,"cz_human_kidney_v1.5"
"kidney_collecting_duct_intercalated_cell","SIX3","ridge",1200,104,NA,0.820986625714343,NA,"cv_r2",NA,NA,NA,NA,NA,"cz_human_kidney_v1.5"
"kidney_collecting_duct_intercalated_cell","SIX3","spearman",1200,104,NA,0.417241704168363,NA,"cv_r2",NA,NA,NA,NA,NA,"cz_human_kidney_v1.5"
"kidney_collecting_duct_intercalated_cell","TCF21","rf",1200,104,0.892454589150077,0.892316167480354,NA,"oob_r2",-0.0279082461302132,0.0196078431372549,TRUE,0.880732363644985,0.844444444444444,"cz_human_kidney_v1.5"
"kidney_collecting_duct_intercalated_cell","TCF21","lm",1200,104,NA,0.883529429353772,NA,"cv_r2",NA,NA,NA,NA,NA,"cz_human_kidney_v1.5"
"kidney_collecting_duct_intercalated_cell","TCF21","ridge",1200,104,NA,0.885934425905996,NA,"cv_r2",NA,NA,NA,NA,NA,"cz_human_kidney_v1.5"
"kidney_collecting_duct_intercalated_cell","TCF21","spearman",1200,104,NA,0.642976809902629,NA,"cv_r2",NA,NA,NA,NA,NA,"cz_human_kidney_v1.5"
"kidney_collecting_duct_intercalated_cell","ETV7","rf",1200,104,0.888532621369301,0.889449488222744,NA,"oob_r2",-0.0297812604214737,0.0196078431372549,TRUE,0.887694441480849,0.632804232804233,"cz_human_kidney_v1.5"
"kidney_collecting_duct_intercalated_cell","ETV7","lm",1200,104,NA,0.876568530367785,NA,"cv_r2",NA,NA,NA,NA,NA,"cz_human_kidney_v1.5"
"kidney_collecting_duct_intercalated_cell","ETV7","ridge",1200,104,NA,0.878607428241912,NA,"cv_r2",NA,NA,NA,NA,NA,"cz_human_kidney_v1.5"
"kidney_collecting_duct_intercalated_cell","ETV7","spearman",1200,104,NA,0.674477846459553,NA,"cv_r2",NA,NA,NA,NA,NA,"cz_human_kidney_v1.5"
"kidney_collecting_duct_intercalated_cell","NR2F1","rf",1200,104,0.868031496648076,0.864470912822498,NA,"oob_r2",-0.0347961629340131,0.0196078431372549,TRUE,0.879757222281494,0.933333333333333,"cz_human_kidney_v1.5"
"kidney_collecting_duct_intercalated_cell","NR2F1","lm",1200,104,NA,0.852392828889751,NA,"cv_r2",NA,NA,NA,NA,NA,"cz_human_kidney_v1.5"
"kidney_collecting_duct_intercalated_cell","NR2F1","ridge",1200,104,NA,0.855251319203475,NA,"cv_r2",NA,NA,NA,NA,NA,"cz_human_kidney_v1.5"
"kidney_collecting_duct_intercalated_cell","NR2F1","spearman",1200,104,NA,0.6455439464945,NA,"cv_r2",NA,NA,NA,NA,NA,"cz_human_kidney_v1.5"
"kidney_collecting_duct_intercalated_cell","AFP","rf",1200,104,0.853978670601843,0.852026537214648,NA,"oob_r2",-0.0388639771625658,0.0196078431372549,TRUE,0.887282620292329,0.881481481481481,"cz_human_kidney_v1.5"
"kidney_collecting_duct_intercalated_cell","AFP","lm",1200,104,NA,0.828681587135491,NA,"cv_r2",NA,NA,NA,NA,NA,"cz_human_kidney_v1.5"
"kidney_collecting_duct_intercalated_cell","AFP","ridge",1200,104,NA,0.83638819017104,NA,"cv_r2",NA,NA,NA,NA,NA,"cz_human_kidney_v1.5"
"kidney_collecting_duct_intercalated_cell","AFP","spearman",1200,104,NA,0.552286072879581,NA,"cv_r2",NA,NA,NA,NA,NA,"cz_human_kidney_v1.5"
"kidney_collecting_duct_intercalated_cell","FOS","rf",1200,104,0.842233275803519,0.844354856476177,NA,"oob_r2",-0.041113459740593,0.0196078431372549,TRUE,0.879472005879773,1,"cz_human_kidney_v1.5"
"kidney_collecting_duct_intercalated_cell","FOS","lm",1200,104,NA,0.81575273604948,NA,"cv_r2",NA,NA,NA,NA,NA,"cz_human_kidney_v1.5"
"kidney_collecting_duct_intercalated_cell","FOS","ridge",1200,104,NA,0.819831484227038,NA,"cv_r2",NA,NA,NA,NA,NA,"cz_human_kidney_v1.5"
"kidney_collecting_duct_intercalated_cell","FOS","spearman",1200,104,NA,0.491010014743436,NA,"cv_r2",NA,NA,NA,NA,NA,"cz_human_kidney_v1.5"
"kidney_collecting_duct_intercalated_cell","HNF4A","rf",1200,104,0.85511303587357,0.850233221553859,NA,"oob_r2",-0.0315508215228605,0.0196078431372549,TRUE,0.89214742107946,1,"cz_human_kidney_v1.5"
"kidney_collecting_duct_intercalated_cell","HNF4A","lm",1200,104,NA,0.834507759324098,NA,"cv_r2",NA,NA,NA,NA,NA,"cz_human_kidney_v1.5"
"kidney_collecting_duct_intercalated_cell","HNF4A","ridge",1200,104,NA,0.836544736868781,NA,"cv_r2",NA,NA,NA,NA,NA,"cz_human_kidney_v1.5"
"kidney_collecting_duct_intercalated_cell","HNF4A","spearman",1200,104,NA,0.585283902053416,NA,"cv_r2",NA,NA,NA,NA,NA,"cz_human_kidney_v1.5"
"kidney_collecting_duct_intercalated_cell","JUN","rf",1200,104,0.894958608156264,0.895804362506249,NA,"oob_r2",-0.0313471656093531,0.0196078431372549,TRUE,0.895510034733336,1,"cz_human_kidney_v1.5"
"kidney_collecting_duct_intercalated_cell","JUN","lm",1200,104,NA,0.88495601340884,NA,"cv_r2",NA,NA,NA,NA,NA,"cz_human_kidney_v1.5"
"kidney_collecting_duct_intercalated_cell","JUN","ridge",1200,104,NA,0.886404199516065,NA,"cv_r2",NA,NA,NA,NA,NA,"cz_human_kidney_v1.5"
"kidney_collecting_duct_intercalated_cell","JUN","spearman",1200,104,NA,0.625391011834165,NA,"cv_r2",NA,NA,NA,NA,NA,"cz_human_kidney_v1.5"
"kidney_collecting_duct_intercalated_cell","RFX8","rf",1200,104,0.889194355234533,0.888167566941511,NA,"oob_r2",-0.0406903941986464,0.0196078431372549,TRUE,0.879222826795642,1,"cz_human_kidney_v1.5"
"kidney_collecting_duct_intercalated_cell","RFX8","lm",1200,104,NA,0.864466367795328,NA,"cv_r2",NA,NA,NA,NA,NA,"cz_human_kidney_v1.5"
"kidney_collecting_duct_intercalated_cell","RFX8","ridge",1200,104,NA,0.866984793307056,NA,"cv_r2",NA,NA,NA,NA,NA,"cz_human_kidney_v1.5"
"kidney_collecting_duct_intercalated_cell","RFX8","spearman",1200,104,NA,0.607030634217758,NA,"cv_r2",NA,NA,NA,NA,NA,"cz_human_kidney_v1.5"
"kidney_collecting_duct_intercalated_cell","THRB","rf",1200,104,0.885102629244793,0.875070872588314,NA,"oob_r2",-0.0472845449822829,0.0196078431372549,TRUE,0.890070296478063,0.716402116402116,"cz_human_kidney_v1.5"
"kidney_collecting_duct_intercalated_cell","THRB","lm",1200,104,NA,0.871579221980567,NA,"cv_r2",NA,NA,NA,NA,NA,"cz_human_kidney_v1.5"
"kidney_collecting_duct_intercalated_cell","THRB","ridge",1200,104,NA,0.873627109651777,NA,"cv_r2",NA,NA,NA,NA,NA,"cz_human_kidney_v1.5"
"kidney_collecting_duct_intercalated_cell","THRB","spearman",1200,104,NA,0.470884893155817,NA,"cv_r2",NA,NA,NA,NA,NA,"cz_human_kidney_v1.5"
"kidney_collecting_duct_intercalated_cell","EOMES","rf",1200,104,0.912017056259151,0.911040425327224,NA,"oob_r2",-0.0382541500887388,0.0196078431372549,TRUE,0.888746636319452,0.844444444444444,"cz_human_kidney_v1.5"
"kidney_collecting_duct_intercalated_cell","EOMES","lm",1200,104,NA,0.903994950294899,NA,"cv_r2",NA,NA,NA,NA,NA,"cz_human_kidney_v1.5"
"kidney_collecting_duct_intercalated_cell","EOMES","ridge",1200,104,NA,0.905380074788487,NA,"cv_r2",NA,NA,NA,NA,NA,"cz_human_kidney_v1.5"
"kidney_collecting_duct_intercalated_cell","EOMES","spearman",1200,104,NA,0.61729811792335,NA,"cv_r2",NA,NA,NA,NA,NA,"cz_human_kidney_v1.5"
"kidney_collecting_duct_intercalated_cell","MAF","rf",1200,104,0.881095815001882,0.880839757548128,NA,"oob_r2",-0.0314907628330847,0.0196078431372549,TRUE,0.893838092867219,1,"cz_human_kidney_v1.5"
"kidney_collecting_duct_intercalated_cell","MAF","lm",1200,104,NA,0.863974521146264,NA,"cv_r2",NA,NA,NA,NA,NA,"cz_human_kidney_v1.5"
"kidney_collecting_duct_intercalated_cell","MAF","ridge",1200,104,NA,0.866581230348162,NA,"cv_r2",NA,NA,NA,NA,NA,"cz_human_kidney_v1.5"
"kidney_collecting_duct_intercalated_cell","MAF","spearman",1200,104,NA,0.600574837770798,NA,"cv_r2",NA,NA,NA,NA,NA,"cz_human_kidney_v1.5"
"kidney_collecting_duct_intercalated_cell","TCF15","rf",1200,104,0.899718746260553,0.90206880605448,NA,"oob_r2",-0.0387773538554476,0.0196078431372549,TRUE,0.887618099268585,0.933333333333333,"cz_human_kidney_v1.5"
"kidney_collecting_duct_intercalated_cell","TCF15","lm",1200,104,NA,0.89881686533762,NA,"cv_r2",NA,NA,NA,NA,NA,"cz_human_kidney_v1.5"
"kidney_collecting_duct_intercalated_cell","TCF15","ridge",1200,104,NA,0.90075199361562,NA,"cv_r2",NA,NA,NA,NA,NA,"cz_human_kidney_v1.5"
"kidney_collecting_duct_intercalated_cell","TCF15","spearman",1200,104,NA,0.66802323628068,NA,"cv_r2",NA,NA,NA,NA,NA,"cz_human_kidney_v1.5"
"kidney_collecting_duct_intercalated_cell","MEIS3","rf",1200,104,0.868219115014463,0.865271014989631,NA,"oob_r2",-0.0481176508101056,0.0196078431372549,TRUE,0.849552734212928,0.814814814814815,"cz_human_kidney_v1.5"
"kidney_collecting_duct_intercalated_cell","MEIS3","lm",1200,104,NA,0.843202123521356,NA,"cv_r2",NA,NA,NA,NA,NA,"cz_human_kidney_v1.5"
"kidney_collecting_duct_intercalated_cell","MEIS3","ridge",1200,104,NA,0.848715752566578,NA,"cv_r2",NA,NA,NA,NA,NA,"cz_human_kidney_v1.5"
"kidney_collecting_duct_intercalated_cell","MEIS3","spearman",1200,104,NA,0.524206376610112,NA,"cv_r2",NA,NA,NA,NA,NA,"cz_human_kidney_v1.5"
"kidney_collecting_duct_intercalated_cell","ALX4","rf",1200,104,0.891813237549193,0.892293661936776,NA,"oob_r2",-0.0369760508863305,0.0196078431372549,TRUE,0.855506952594331,0.933333333333333,"cz_human_kidney_v1.5"
"kidney_collecting_duct_intercalated_cell","ALX4","lm",1200,104,NA,0.891582145035914,NA,"cv_r2",NA,NA,NA,NA,NA,"cz_human_kidney_v1.5"
"kidney_collecting_duct_intercalated_cell","ALX4","ridge",1200,104,NA,0.893215854474527,NA,"cv_r2",NA,NA,NA,NA,NA,"cz_human_kidney_v1.5"
"kidney_collecting_duct_intercalated_cell","ALX4","spearman",1200,104,NA,0.717544569323445,NA,"cv_r2",NA,NA,NA,NA,NA,"cz_human_kidney_v1.5"
"kidney_collecting_duct_intercalated_cell","RARB","rf",1200,104,0.891353683390043,0.887433820719645,NA,"oob_r2",-0.037048327263596,0.0196078431372549,TRUE,0.885519636781773,0.762962962962963,"cz_human_kidney_v1.5"
"kidney_collecting_duct_intercalated_cell","RARB","lm",1200,104,NA,0.886576002904033,NA,"cv_r2",NA,NA,NA,NA,NA,"cz_human_kidney_v1.5"
"kidney_collecting_duct_intercalated_cell","RARB","ridge",1200,104,NA,0.888947167110569,NA,"cv_r2",NA,NA,NA,NA,NA,"cz_human_kidney_v1.5"
"kidney_collecting_duct_intercalated_cell","RARB","spearman",1200,104,NA,0.670649196415276,NA,"cv_r2",NA,NA,NA,NA,NA,"cz_human_kidney_v1.5"
"kidney_collecting_duct_intercalated_cell","LHX6","rf",1200,104,0.897608823059976,0.898271101858418,NA,"oob_r2",-0.0324974679296981,0.0196078431372549,TRUE,0.871599748687127,0.881481481481481,"cz_human_kidney_v1.5"
"kidney_collecting_duct_intercalated_cell","LHX6","lm",1200,104,NA,0.889763419752987,NA,"cv_r2",NA,NA,NA,NA,NA,"cz_human_kidney_v1.5"
"kidney_collecting_duct_intercalated_cell","LHX6","ridge",1200,104,NA,0.892193703796703,NA,"cv_r2",NA,NA,NA,NA,NA,"cz_human_kidney_v1.5"
"kidney_collecting_duct_intercalated_cell","LHX6","spearman",1200,104,NA,0.689811489111478,NA,"cv_r2",NA,NA,NA,NA,NA,"cz_human_kidney_v1.5"
"kidney_collecting_duct_intercalated_cell","ARX","rf",1200,104,0.888646013095614,0.893452297876969,NA,"oob_r2",-0.0389599413386453,0.0196078431372549,TRUE,0.857890631482864,0.933333333333333,"cz_human_kidney_v1.5"
"kidney_collecting_duct_intercalated_cell","ARX","lm",1200,104,NA,0.886461098817348,NA,"cv_r2",NA,NA,NA,NA,NA,"cz_human_kidney_v1.5"
"kidney_collecting_duct_intercalated_cell","ARX","ridge",1200,104,NA,0.888230105611958,NA,"cv_r2",NA,NA,NA,NA,NA,"cz_human_kidney_v1.5"
"kidney_collecting_duct_intercalated_cell","ARX","spearman",1200,104,NA,0.692708938479732,NA,"cv_r2",NA,NA,NA,NA,NA,"cz_human_kidney_v1.5"
"kidney_collecting_duct_intercalated_cell","GATA4","rf",1200,104,0.888465596571456,0.889284261475559,NA,"oob_r2",-0.038319715818323,0.0196078431372549,TRUE,0.867996491103287,1,"cz_human_kidney_v1.5"
"kidney_collecting_duct_intercalated_cell","GATA4","lm",1200,104,NA,0.875133520813233,NA,"cv_r2",NA,NA,NA,NA,NA,"cz_human_kidney_v1.5"
"kidney_collecting_duct_intercalated_cell","GATA4","ridge",1200,104,NA,0.877846119714118,NA,"cv_r2",NA,NA,NA,NA,NA,"cz_human_kidney_v1.5"
"kidney_collecting_duct_intercalated_cell","GATA4","spearman",1200,104,NA,0.623855465834612,NA,"cv_r2",NA,NA,NA,NA,NA,"cz_human_kidney_v1.5"
"kidney_collecting_duct_intercalated_cell","GFI1","rf",1200,104,0.871873157430015,0.871321995142611,NA,"oob_r2",-0.0416453796051561,0.0196078431372549,TRUE,0.856696184074825,0.785185185185185,"cz_human_kidney_v1.5"
"kidney_collecting_duct_intercalated_cell","GFI1","lm",1200,104,NA,0.875086676531866,NA,"cv_r2",NA,NA,NA,NA,NA,"cz_human_kidney_v1.5"
"kidney_collecting_duct_intercalated_cell","GFI1","ridge",1200,104,NA,0.878572869261337,NA,"cv_r2",NA,NA,NA,NA,NA,"cz_human_kidney_v1.5"
"kidney_collecting_duct_intercalated_cell","GFI1","spearman",1200,104,NA,0.683449826218899,NA,"cv_r2",NA,NA,NA,NA,NA,"cz_human_kidney_v1.5"
"kidney_collecting_duct_intercalated_cell","IRX2","rf",1200,104,0.881711446461061,0.879035199492598,NA,"oob_r2",-0.0575427319071362,0.0196078431372549,TRUE,0.823965053285442,1,"cz_human_kidney_v1.5"
"kidney_collecting_duct_intercalated_cell","IRX2","lm",1200,104,NA,0.891358368421794,NA,"cv_r2",NA,NA,NA,NA,NA,"cz_human_kidney_v1.5"
"kidney_collecting_duct_intercalated_cell","IRX2","ridge",1200,104,NA,0.893519818106794,NA,"cv_r2",NA,NA,NA,NA,NA,"cz_human_kidney_v1.5"
"kidney_collecting_duct_intercalated_cell","IRX2","spearman",1200,104,NA,0.533023567499586,NA,"cv_r2",NA,NA,NA,NA,NA,"cz_human_kidney_v1.5"
"kidney_collecting_duct_intercalated_cell","NR1H4","rf",1200,104,0.905747055072634,0.904988602973997,NA,"oob_r2",-0.0328889456870989,0.0196078431372549,TRUE,0.892730893701768,0.933333333333333,"cz_human_kidney_v1.5"
"kidney_collecting_duct_intercalated_cell","NR1H4","lm",1200,104,NA,0.909199039911485,NA,"cv_r2",NA,NA,NA,NA,NA,"cz_human_kidney_v1.5"
"kidney_collecting_duct_intercalated_cell","NR1H4","ridge",1200,104,NA,0.91140726320105,NA,"cv_r2",NA,NA,NA,NA,NA,"cz_human_kidney_v1.5"
"kidney_collecting_duct_intercalated_cell","NR1H4","spearman",1200,104,NA,0.687963817148093,NA,"cv_r2",NA,NA,NA,NA,NA,"cz_human_kidney_v1.5"
"kidney_collecting_duct_intercalated_cell","IRX1","rf",1200,104,0.881800535022483,0.88102347033497,NA,"oob_r2",-0.053399437531934,0.0196078431372549,TRUE,0.839723081664829,1,"cz_human_kidney_v1.5"
"kidney_collecting_duct_intercalated_cell","IRX1","lm",1200,104,NA,0.882822966254191,NA,"cv_r2",NA,NA,NA,NA,NA,"cz_human_kidney_v1.5"
"kidney_collecting_duct_intercalated_cell","IRX1","ridge",1200,104,NA,0.884150725838374,NA,"cv_r2",NA,NA,NA,NA,NA,"cz_human_kidney_v1.5"
"kidney_collecting_duct_intercalated_cell","IRX1","spearman",1200,104,NA,0.578518491910729,NA,"cv_r2",NA,NA,NA,NA,NA,"cz_human_kidney_v1.5"
"kidney_collecting_duct_intercalated_cell","NFAT5","rf",1200,104,0.883746472153233,0.882444079732054,NA,"oob_r2",-0.0413902244086899,0.0196078431372549,TRUE,0.86414666239909,0.757671957671958,"cz_human_kidney_v1.5"
"kidney_collecting_duct_intercalated_cell","NFAT5","lm",1200,104,NA,0.865109994157405,NA,"cv_r2",NA,NA,NA,NA,NA,"cz_human_kidney_v1.5"
"kidney_collecting_duct_intercalated_cell","NFAT5","ridge",1200,104,NA,0.871609578340668,NA,"cv_r2",NA,NA,NA,NA,NA,"cz_human_kidney_v1.5"
"kidney_collecting_duct_intercalated_cell","NFAT5","spearman",1200,104,NA,0.644572840389771,NA,"cv_r2",NA,NA,NA,NA,NA,"cz_human_kidney_v1.5"
"kidney_collecting_duct_intercalated_cell","HES1","rf",1200,104,0.906936631262917,0.904774011734323,NA,"oob_r2",-0.0367751128530833,0.0196078431372549,TRUE,0.88994392877888,0.814814814814815,"cz_human_kidney_v1.5"
"kidney_collecting_duct_intercalated_cell","HES1","lm",1200,104,NA,0.895377722047005,NA,"cv_r2",NA,NA,NA,NA,NA,"cz_human_kidney_v1.5"
"kidney_collecting_duct_intercalated_cell","HES1","ridge",1200,104,NA,0.897094679409646,NA,"cv_r2",NA,NA,NA,NA,NA,"cz_human_kidney_v1.5"
"kidney_collecting_duct_intercalated_cell","HES1","spearman",1200,104,NA,0.68610043596257,NA,"cv_r2",NA,NA,NA,NA,NA,"cz_human_kidney_v1.5"
"kidney_collecting_duct_intercalated_cell","LMO2","rf",1200,104,0.881870287932553,0.884412675161462,NA,"oob_r2",-0.0420882732133828,0.0196078431372549,TRUE,0.888015458112545,0.881481481481481,"cz_human_kidney_v1.5"
"kidney_collecting_duct_intercalated_cell","LMO2","lm",1200,104,NA,0.877225490571891,NA,"cv_r2",NA,NA,NA,NA,NA,"cz_human_kidney_v1.5"
"kidney_collecting_duct_intercalated_cell","LMO2","ridge",1200,104,NA,0.880585621803628,NA,"cv_r2",NA,NA,NA,NA,NA,"cz_human_kidney_v1.5"
"kidney_collecting_duct_intercalated_cell","LMO2","spearman",1200,104,NA,0.601321717109061,NA,"cv_r2",NA,NA,NA,NA,NA,"cz_human_kidney_v1.5"
"kidney_collecting_duct_intercalated_cell","PKNOX2","rf",1200,104,0.864972414826577,0.862954291170334,NA,"oob_r2",-0.0521561634062019,0.0196078431372549,TRUE,0.840119966333559,0.881481481481481,"cz_human_kidney_v1.5"
"kidney_collecting_duct_intercalated_cell","PKNOX2","lm",1200,104,NA,0.847452594396829,NA,"cv_r2",NA,NA,NA,NA,NA,"cz_human_kidney_v1.5"
"kidney_collecting_duct_intercalated_cell","PKNOX2","ridge",1200,104,NA,0.850838475969095,NA,"cv_r2",NA,NA,NA,NA,NA,"cz_human_kidney_v1.5"
"kidney_collecting_duct_intercalated_cell","PKNOX2","spearman",1200,104,NA,0.480300282399367,NA,"cv_r2",NA,NA,NA,NA,NA,"cz_human_kidney_v1.5"
"kidney_collecting_duct_intercalated_cell","STAT4","rf",1200,104,0.902162519884766,0.89835831405155,NA,"oob_r2",-0.0322559926986867,0.0196078431372549,TRUE,0.887132306743957,0.77037037037037,"cz_human_kidney_v1.5"
"kidney_collecting_duct_intercalated_cell","STAT4","lm",1200,104,NA,0.898078177483481,NA,"cv_r2",NA,NA,NA,NA,NA,"cz_human_kidney_v1.5"
"kidney_collecting_duct_intercalated_cell","STAT4","ridge",1200,104,NA,0.898137306416006,NA,"cv_r2",NA,NA,NA,NA,NA,"cz_human_kidney_v1.5"
"kidney_collecting_duct_intercalated_cell","STAT4","spearman",1200,104,NA,0.699315331315734,NA,"cv_r2",NA,NA,NA,NA,NA,"cz_human_kidney_v1.5"
"kidney_collecting_duct_intercalated_cell","ZSCAN4","rf",1200,104,0.899022145231348,0.900406393272757,NA,"oob_r2",-0.0396237244983475,0.0196078431372549,TRUE,0.872415092997617,0.881481481481481,"cz_human_kidney_v1.5"
"kidney_collecting_duct_intercalated_cell","ZSCAN4","lm",1200,104,NA,0.900070890098981,NA,"cv_r2",NA,NA,NA,NA,NA,"cz_human_kidney_v1.5"
"kidney_collecting_duct_intercalated_cell","ZSCAN4","ridge",1200,104,NA,0.900223784826603,NA,"cv_r2",NA,NA,NA,NA,NA,"cz_human_kidney_v1.5"
"kidney_collecting_duct_intercalated_cell","ZSCAN4","spearman",1200,104,NA,0.696406128656013,NA,"cv_r2",NA,NA,NA,NA,NA,"cz_human_kidney_v1.5"
"kidney_collecting_duct_intercalated_cell","IKZF1","rf",1200,104,0.876309703061767,0.869680256025947,NA,"oob_r2",-0.0368860394245732,0.0196078431372549,TRUE,0.862254940313193,1,"cz_human_kidney_v1.5"
"kidney_collecting_duct_intercalated_cell","IKZF1","lm",1200,104,NA,0.840139944510366,NA,"cv_r2",NA,NA,NA,NA,NA,"cz_human_kidney_v1.5"
"kidney_collecting_duct_intercalated_cell","IKZF1","ridge",1200,104,NA,0.844216651789519,NA,"cv_r2",NA,NA,NA,NA,NA,"cz_human_kidney_v1.5"
"kidney_collecting_duct_intercalated_cell","IKZF1","spearman",1200,104,NA,0.619330416059656,NA,"cv_r2",NA,NA,NA,NA,NA,"cz_human_kidney_v1.5"
"kidney_collecting_duct_intercalated_cell","RUNX3","rf",1200,104,0.898364804146838,0.902411721664972,NA,"oob_r2",-0.0317569940500447,0.0196078431372549,TRUE,0.879731142643764,0.933333333333333,"cz_human_kidney_v1.5"
"kidney_collecting_duct_intercalated_cell","RUNX3","lm",1200,104,NA,0.900896802127585,NA,"cv_r2",NA,NA,NA,NA,NA,"cz_human_kidney_v1.5"
"kidney_collecting_duct_intercalated_cell","RUNX3","ridge",1200,104,NA,0.902667022932394,NA,"cv_r2",NA,NA,NA,NA,NA,"cz_human_kidney_v1.5"
"kidney_collecting_duct_intercalated_cell","RUNX3","spearman",1200,104,NA,0.721996262759718,NA,"cv_r2",NA,NA,NA,NA,NA,"cz_human_kidney_v1.5"
"kidney_collecting_duct_intercalated_cell","MEIS2","rf",1200,104,0.889334545731037,0.894178547367691,NA,"oob_r2",-0.0406758891979428,0.0196078431372549,TRUE,0.855882973552876,1,"cz_human_kidney_v1.5"
"kidney_collecting_duct_intercalated_cell","MEIS2","lm",1200,104,NA,0.878852171021764,NA,"cv_r2",NA,NA,NA,NA,NA,"cz_human_kidney_v1.5"
"kidney_collecting_duct_intercalated_cell","MEIS2","ridge",1200,104,NA,0.882065354273525,NA,"cv_r2",NA,NA,NA,NA,NA,"cz_human_kidney_v1.5"
"kidney_collecting_duct_intercalated_cell","MEIS2","spearman",1200,104,NA,0.684510725574851,NA,"cv_r2",NA,NA,NA,NA,NA,"cz_human_kidney_v1.5"
"kidney_collecting_duct_intercalated_cell","GLIS1","rf",1200,104,0.852229285679758,0.856548826325187,NA,"oob_r2",-0.0377995071564572,0.0196078431372549,TRUE,0.880499069431108,0.933333333333333,"cz_human_kidney_v1.5"
"kidney_collecting_duct_intercalated_cell","GLIS1","lm",1200,104,NA,0.826205543706011,NA,"cv_r2",NA,NA,NA,NA,NA,"cz_human_kidney_v1.5"
"kidney_collecting_duct_intercalated_cell","GLIS1","ridge",1200,104,NA,0.833259725199123,NA,"cv_r2",NA,NA,NA,NA,NA,"cz_human_kidney_v1.5"
"kidney_collecting_duct_intercalated_cell","GLIS1","spearman",1200,104,NA,0.596863542255665,NA,"cv_r2",NA,NA,NA,NA,NA,"cz_human_kidney_v1.5"
"kidney_collecting_duct_intercalated_cell","SNAI2","rf",1200,104,0.851704344796376,0.851267500244056,NA,"oob_r2",-0.0454124207205042,0.0196078431372549,TRUE,0.859611413397821,1,"cz_human_kidney_v1.5"
"kidney_collecting_duct_intercalated_cell","SNAI2","lm",1200,104,NA,0.854946015333072,NA,"cv_r2",NA,NA,NA,NA,NA,"cz_human_kidney_v1.5"
"kidney_collecting_duct_intercalated_cell","SNAI2","ridge",1200,104,NA,0.859233386212063,NA,"cv_r2",NA,NA,NA,NA,NA,"cz_human_kidney_v1.5"
"kidney_collecting_duct_intercalated_cell","SNAI2","spearman",1200,104,NA,0.37175429923425,NA,"cv_r2",NA,NA,NA,NA,NA,"cz_human_kidney_v1.5"
"kidney_collecting_duct_intercalated_cell","GATA3","rf",1200,104,0.865982652896974,0.85959649905786,NA,"oob_r2",-0.0492639004113027,0.0196078431372549,TRUE,0.87145583650438,1,"cz_human_kidney_v1.5"
"kidney_collecting_duct_intercalated_cell","GATA3","lm",1200,104,NA,0.849205101690812,NA,"cv_r2",NA,NA,NA,NA,NA,"cz_human_kidney_v1.5"
"kidney_collecting_duct_intercalated_cell","GATA3","ridge",1200,104,NA,0.852292587367273,NA,"cv_r2",NA,NA,NA,NA,NA,"cz_human_kidney_v1.5"
"kidney_collecting_duct_intercalated_cell","GATA3","spearman",1200,104,NA,0.336133702626705,NA,"cv_r2",NA,NA,NA,NA,NA,"cz_human_kidney_v1.5"
"kidney_collecting_duct_intercalated_cell","SNAI3","rf",1200,104,0.853310747765712,0.846617879102206,NA,"oob_r2",-0.0481855842174093,0.0196078431372549,TRUE,0.842653721682848,1,"cz_human_kidney_v1.5"
"kidney_collecting_duct_intercalated_cell","SNAI3","lm",1200,104,NA,0.840900231220883,NA,"cv_r2",NA,NA,NA,NA,NA,"cz_human_kidney_v1.5"
"kidney_collecting_duct_intercalated_cell","SNAI3","ridge",1200,104,NA,0.846682682091008,NA,"cv_r2",NA,NA,NA,NA,NA,"cz_human_kidney_v1.5"
"kidney_collecting_duct_intercalated_cell","SNAI3","spearman",1200,104,NA,0.341767259156469,NA,"cv_r2",NA,NA,NA,NA,NA,"cz_human_kidney_v1.5"
"kidney_connecting_tubule_epithelial_cell","HES4","rf",1088,130,0.884687974278361,0.881081754002653,NA,"oob_r2",-0.034070207389749,0.0196078431372549,TRUE,0.848553988174084,0.822222222222222,"cz_human_kidney_v1.5"
"kidney_connecting_tubule_epithelial_cell","HES4","lm",1088,130,NA,0.879785009914593,NA,"cv_r2",NA,NA,NA,NA,NA,"cz_human_kidney_v1.5"
"kidney_connecting_tubule_epithelial_cell","HES4","ridge",1088,130,NA,0.880950151960675,NA,"cv_r2",NA,NA,NA,NA,NA,"cz_human_kidney_v1.5"
"kidney_connecting_tubule_epithelial_cell","HES4","spearman",1088,130,NA,0.603869966325457,NA,"cv_r2",NA,NA,NA,NA,NA,"cz_human_kidney_v1.5"
"kidney_connecting_tubule_epithelial_cell","JUN","rf",1088,130,0.896742055595245,0.896473829719104,NA,"oob_r2",-0.0250303299333926,0.0196078431372549,TRUE,0.860682880643825,1,"cz_human_kidney_v1.5"
"kidney_connecting_tubule_epithelial_cell","JUN","lm",1088,130,NA,0.896684484948216,NA,"cv_r2",NA,NA,NA,NA,NA,"cz_human_kidney_v1.5"
"kidney_connecting_tubule_epithelial_cell","JUN","ridge",1088,130,NA,0.90001751348605,NA,"cv_r2",NA,NA,NA,NA,NA,"cz_human_kidney_v1.5"
"kidney_connecting_tubule_epithelial_cell","JUN","spearman",1088,130,NA,0.569423875532783,NA,"cv_r2",NA,NA,NA,NA,NA,"cz_human_kidney_v1.5"
"kidney_connecting_tubule_epithelial_cell","FOSB","rf",1088,130,0.868821139812016,0.861764383205306,NA,"oob_r2",-0.0224683880870996,0.0196078431372549,TRUE,0.837778415048076,0.933333333333333,"cz_human_kidney_v1.5"
"kidney_connecting_tubule_epithelial_cell","FOSB","lm",1088,130,NA,0.869059352764929,NA,"cv_r2",NA,NA,NA,NA,NA,"cz_human_kidney_v1.5"
"kidney_connecting_tubule_epithelial_cell","FOSB","ridge",1088,130,NA,0.875197077206326,NA,"cv_r2",NA,NA,NA,NA,NA,"cz_human_kidney_v1.5"
"kidney_connecting_tubule_epithelial_cell","FOSB","spearman",1088,130,NA,0.508621852897435,NA,"cv_r2",NA,NA,NA,NA,NA,"cz_human_kidney_v1.5"
"kidney_connecting_tubule_epithelial_cell","EGR1","rf",1088,130,0.826100736236887,0.816853794375739,NA,"oob_r2",-0.0385192425031376,0.0196078431372549,TRUE,0.852896772832864,0.82962962962963,"cz_human_kidney_v1.5"
"kidney_connecting_tubule_epithelial_cell","EGR1","lm",1088,130,NA,0.812026092005142,NA,"cv_r2",NA,NA,NA,NA,NA,"cz_human_kidney_v1.5"
"kidney_connecting_tubule_epithelial_cell","EGR1","ridge",1088,130,NA,0.819646518973068,NA,"cv_r2",NA,NA,NA,NA,NA,"cz_human_kidney_v1.5"
"kidney_connecting_tubule_epithelial_cell","EGR1","spearman",1088,130,NA,0.570388881509864,NA,"cv_r2",NA,NA,NA,NA,NA,"cz_human_kidney_v1.5"
"kidney_connecting_tubule_epithelial_cell","HEY2","rf",1088,130,0.82149352968553,0.816192847849083,NA,"oob_r2",-0.0236612373289697,0.0196078431372549,TRUE,0.840240341941034,0.881481481481481,"cz_human_kidney_v1.5"
"kidney_connecting_tubule_epithelial_cell","HEY2","lm",1088,130,NA,0.810107042501631,NA,"cv_r2",NA,NA,NA,NA,NA,"cz_human_kidney_v1.5"
"kidney_connecting_tubule_epithelial_cell","HEY2","ridge",1088,130,NA,0.81396133452616,NA,"cv_r2",NA,NA,NA,NA,NA,"cz_human_kidney_v1.5"
"kidney_connecting_tubule_epithelial_cell","HEY2","spearman",1088,130,NA,0.370058599091303,NA,"cv_r2",NA,NA,NA,NA,NA,"cz_human_kidney_v1.5"
"kidney_connecting_tubule_epithelial_cell","JUNB","rf",1088,130,0.824727487776951,0.823706768914059,NA,"oob_r2",-0.0312354740983114,0.0196078431372549,TRUE,0.849638075989931,0.82962962962963,"cz_human_kidney_v1.5"
"kidney_connecting_tubule_epithelial_cell","JUNB","lm",1088,130,NA,0.827156895479267,NA,"cv_r2",NA,NA,NA,NA,NA,"cz_human_kidney_v1.5"
"kidney_connecting_tubule_epithelial_cell","JUNB","ridge",1088,130,NA,0.834032070141056,NA,"cv_r2",NA,NA,NA,NA,NA,"cz_human_kidney_v1.5"
"kidney_connecting_tubule_epithelial_cell","JUNB","spearman",1088,130,NA,0.532604715070771,NA,"cv_r2",NA,NA,NA,NA,NA,"cz_human_kidney_v1.5"
"kidney_connecting_tubule_epithelial_cell","NR4A3","rf",1088,130,0.837357804261967,0.834842098897115,NA,"oob_r2",-0.0277777485100907,0.0196078431372549,TRUE,0.85229106258753,1,"cz_human_kidney_v1.5"
"kidney_connecting_tubule_epithelial_cell","NR4A3","lm",1088,130,NA,0.84631677325272,NA,"cv_r2",NA,NA,NA,NA,NA,"cz_human_kidney_v1.5"
"kidney_connecting_tubule_epithelial_cell","NR4A3","ridge",1088,130,NA,0.85266579978258,NA,"cv_r2",NA,NA,NA,NA,NA,"cz_human_kidney_v1.5"
"kidney_connecting_tubule_epithelial_cell","NR4A3","spearman",1088,130,NA,0.565758435126226,NA,"cv_r2",NA,NA,NA,NA,NA,"cz_human_kidney_v1.5"
"kidney_connecting_tubule_epithelial_cell","CREM","rf",1088,130,0.853123979494392,0.847562260575113,NA,"oob_r2",-0.0613908240464659,0.0196078431372549,TRUE,0.802378838984555,0.881481481481481,"cz_human_kidney_v1.5"
"kidney_connecting_tubule_epithelial_cell","CREM","lm",1088,130,NA,0.795439066242777,NA,"cv_r2",NA,NA,NA,NA,NA,"cz_human_kidney_v1.5"
"kidney_connecting_tubule_epithelial_cell","CREM","ridge",1088,130,NA,0.792236330724035,NA,"cv_r2",NA,NA,NA,NA,NA,"cz_human_kidney_v1.5"
"kidney_connecting_tubule_epithelial_cell","CREM","spearman",1088,130,NA,0.404181318720878,NA,"cv_r2",NA,NA,NA,NA,NA,"cz_human_kidney_v1.5"
"kidney_connecting_tubule_epithelial_cell","BHLHE40","rf",1088,130,0.844610037037356,0.845279684254633,NA,"oob_r2",-0.0357771940595382,0.0196078431372549,TRUE,0.834960223712221,0.755555555555556,"cz_human_kidney_v1.5"
"kidney_connecting_tubule_epithelial_cell","BHLHE40","lm",1088,130,NA,0.849726794140485,NA,"cv_r2",NA,NA,NA,NA,NA,"cz_human_kidney_v1.5"
"kidney_connecting_tubule_epithelial_cell","BHLHE40","ridge",1088,130,NA,0.854146370543693,NA,"cv_r2",NA,NA,NA,NA,NA,"cz_human_kidney_v1.5"
"kidney_connecting_tubule_epithelial_cell","BHLHE40","spearman",1088,130,NA,0.560941482782892,NA,"cv_r2",NA,NA,NA,NA,NA,"cz_human_kidney_v1.5"
"kidney_connecting_tubule_epithelial_cell","NR4A1","rf",1088,130,0.853529388977882,0.853339631163774,NA,"oob_r2",-0.0384450979894848,0.0196078431372549,TRUE,0.863536516346742,0.755555555555556,"cz_human_kidney_v1.5"
"kidney_connecting_tubule_epithelial_cell","NR4A1","lm",1088,130,NA,0.855298317351884,NA,"cv_r2",NA,NA,NA,NA,NA,"cz_human_kidney_v1.5"
"kidney_connecting_tubule_epithelial_cell","NR4A1","ridge",1088,130,NA,0.861001798067006,NA,"cv_r2",NA,NA,NA,NA,NA,"cz_human_kidney_v1.5"
"kidney_connecting_tubule_epithelial_cell","NR4A1","spearman",1088,130,NA,0.482851834222233,NA,"cv_r2",NA,NA,NA,NA,NA,"cz_human_kidney_v1.5"
"kidney_connecting_tubule_epithelial_cell","PPARGC1A","rf",1088,130,0.832815927593952,0.823919443843027,NA,"oob_r2",-0.0371882669546812,0.0196078431372549,TRUE,0.873696304287463,0.792592592592593,"cz_human_kidney_v1.5"
"kidney_connecting_tubule_epithelial_cell","PPARGC1A","lm",1088,130,NA,0.831721081429644,NA,"cv_r2",NA,NA,NA,NA,NA,"cz_human_kidney_v1.5"
"kidney_connecting_tubule_epithelial_cell","PPARGC1A","ridge",1088,130,NA,0.839200550110723,NA,"cv_r2",NA,NA,NA,NA,NA,"cz_human_kidney_v1.5"
"kidney_connecting_tubule_epithelial_cell","PPARGC1A","spearman",1088,130,NA,0.46335556475294,NA,"cv_r2",NA,NA,NA,NA,NA,"cz_human_kidney_v1.5"
"kidney_connecting_tubule_epithelial_cell","LYL1","rf",1088,130,0.880491168564966,0.879169292686347,NA,"oob_r2",-0.0339983301434661,0.0196078431372549,TRUE,0.857430859965921,0.77989417989418,"cz_human_kidney_v1.5"
"kidney_connecting_tubule_epithelial_cell","LYL1","lm",1088,130,NA,0.891624246451011,NA,"cv_r2",NA,NA,NA,NA,NA,"cz_human_kidney_v1.5"
"kidney_connecting_tubule_epithelial_cell","LYL1","ridge",1088,130,NA,0.895330360672099,NA,"cv_r2",NA,NA,NA,NA,NA,"cz_human_kidney_v1.5"
"kidney_connecting_tubule_epithelial_cell","LYL1","spearman",1088,130,NA,0.539510964924878,NA,"cv_r2",NA,NA,NA,NA,NA,"cz_human_kidney_v1.5"
"kidney_connecting_tubule_epithelial_cell","FOXP2","rf",1088,130,0.851815846651194,0.848918157169617,NA,"oob_r2",-0.0372079834418319,0.0196078431372549,TRUE,0.873542752491803,0.77037037037037,"cz_human_kidney_v1.5"
"kidney_connecting_tubule_epithelial_cell","FOXP2","lm",1088,130,NA,0.807834824036879,NA,"cv_r2",NA,NA,NA,NA,NA,"cz_human_kidney_v1.5"
"kidney_connecting_tubule_epithelial_cell","FOXP2","ridge",1088,130,NA,0.810937198726961,NA,"cv_r2",NA,NA,NA,NA,NA,"cz_human_kidney_v1.5"
"kidney_connecting_tubule_epithelial_cell","FOXP2","spearman",1088,130,NA,0.526852426861125,NA,"cv_r2",NA,NA,NA,NA,NA,"cz_human_kidney_v1.5"
"kidney_connecting_tubule_epithelial_cell","ZFY","rf",1088,130,0.834344771625542,0.833874422491677,NA,"oob_r2",-0.0337257075928915,0.0196078431372549,TRUE,0.848439643674865,0.734391534391534,"cz_human_kidney_v1.5"
"kidney_connecting_tubule_epithelial_cell","ZFY","lm",1088,130,NA,0.830318036116697,NA,"cv_r2",NA,NA,NA,NA,NA,"cz_human_kidney_v1.5"
"kidney_connecting_tubule_epithelial_cell","ZFY","ridge",1088,130,NA,0.837147940372708,NA,"cv_r2",NA,NA,NA,NA,NA,"cz_human_kidney_v1.5"
"kidney_connecting_tubule_epithelial_cell","ZFY","spearman",1088,130,NA,0.594812491473653,NA,"cv_r2",NA,NA,NA,NA,NA,"cz_human_kidney_v1.5"
"kidney_connecting_tubule_epithelial_cell","ATF3","rf",1088,130,0.803791735048251,0.806914069646972,NA,"oob_r2",-0.028649680404511,0.0196078431372549,TRUE,0.83232435237406,0.77037037037037,"cz_human_kidney_v1.5"
"kidney_connecting_tubule_epithelial_cell","ATF3","lm",1088,130,NA,0.791314749362746,NA,"cv_r2",NA,NA,NA,NA,NA,"cz_human_kidney_v1.5"
"kidney_connecting_tubule_epithelial_cell","ATF3","ridge",1088,130,NA,0.800943965591155,NA,"cv_r2",NA,NA,NA,NA,NA,"cz_human_kidney_v1.5"
"kidney_connecting_tubule_epithelial_cell","ATF3","spearman",1088,130,NA,0.540135831066353,NA,"cv_r2",NA,NA,NA,NA,NA,"cz_human_kidney_v1.5"
"kidney_connecting_tubule_epithelial_cell","ESR1","rf",1088,130,0.833842059015805,0.825420023049531,NA,"oob_r2",-0.0384427430877418,0.0196078431372549,TRUE,0.849191986781193,0.8,"cz_human_kidney_v1.5"
"kidney_connecting_tubule_epithelial_cell","ESR1","lm",1088,130,NA,0.821694919032651,NA,"cv_r2",NA,NA,NA,NA,NA,"cz_human_kidney_v1.5"
"kidney_connecting_tubule_epithelial_cell","ESR1","ridge",1088,130,NA,0.830038226602173,NA,"cv_r2",NA,NA,NA,NA,NA,"cz_human_kidney_v1.5"
"kidney_connecting_tubule_epithelial_cell","ESR1","spearman",1088,130,NA,0.492613177875551,NA,"cv_r2",NA,NA,NA,NA,NA,"cz_human_kidney_v1.5"
"kidney_connecting_tubule_epithelial_cell","TCF15","rf",1088,130,0.834354326483437,0.8242911585241,NA,"oob_r2",-0.0476054229261961,0.0196078431372549,TRUE,0.881228596442514,1,"cz_human_kidney_v1.5"
"kidney_connecting_tubule_epithelial_cell","TCF15","lm",1088,130,NA,0.82713714011347,NA,"cv_r2",NA,NA,NA,NA,NA,"cz_human_kidney_v1.5"
"kidney_connecting_tubule_epithelial_cell","TCF15","ridge",1088,130,NA,0.835413726765509,NA,"cv_r2",NA,NA,NA,NA,NA,"cz_human_kidney_v1.5"
"kidney_connecting_tubule_epithelial_cell","TCF15","spearman",1088,130,NA,0.271263134806754,NA,"cv_r2",NA,NA,NA,NA,NA,"cz_human_kidney_v1.5"
"kidney_connecting_tubule_epithelial_cell","FOS","rf",1088,130,0.780243017914166,0.780183274191545,NA,"oob_r2",-0.0319336720593894,0.0196078431372549,TRUE,0.820396837318549,0.933333333333333,"cz_human_kidney_v1.5"
"kidney_connecting_tubule_epithelial_cell","FOS","lm",1088,130,NA,0.786322596910443,NA,"cv_r2",NA,NA,NA,NA,NA,"cz_human_kidney_v1.5"
"kidney_connecting_tubule_epithelial_cell","FOS","ridge",1088,130,NA,0.79710049689972,NA,"cv_r2",NA,NA,NA,NA,NA,"cz_human_kidney_v1.5"
"kidney_connecting_tubule_epithelial_cell","FOS","spearman",1088,130,NA,0.48328412457477,NA,"cv_r2",NA,NA,NA,NA,NA,"cz_human_kidney_v1.5"
"kidney_connecting_tubule_epithelial_cell","KLF6","rf",1088,130,0.821284364680329,0.817736008930808,NA,"oob_r2",-0.0288558051620942,0.0196078431372549,TRUE,0.844696985559758,1,"cz_human_kidney_v1.5"
"kidney_connecting_tubule_epithelial_cell","KLF6","lm",1088,130,NA,0.832859499910474,NA,"cv_r2",NA,NA,NA,NA,NA,"cz_human_kidney_v1.5"
"kidney_connecting_tubule_epithelial_cell","KLF6","ridge",1088,130,NA,0.844254578173022,NA,"cv_r2",NA,NA,NA,NA,NA,"cz_human_kidney_v1.5"
"kidney_connecting_tubule_epithelial_cell","KLF6","spearman",1088,130,NA,0.515152242870322,NA,"cv_r2",NA,NA,NA,NA,NA,"cz_human_kidney_v1.5"
"kidney_connecting_tubule_epithelial_cell","FOXN1","rf",1088,130,0.821466945602175,0.816576911523436,NA,"oob_r2",-0.0422007222021764,0.0196078431372549,TRUE,0.837765548257293,0.933333333333333,"cz_human_kidney_v1.5"
"kidney_connecting_tubule_epithelial_cell","FOXN1","lm",1088,130,NA,0.806630024158377,NA,"cv_r2",NA,NA,NA,NA,NA,"cz_human_kidney_v1.5"
"kidney_connecting_tubule_epithelial_cell","FOXN1","ridge",1088,130,NA,0.814922734665316,NA,"cv_r2",NA,NA,NA,NA,NA,"cz_human_kidney_v1.5"
"kidney_connecting_tubule_epithelial_cell","FOXN1","spearman",1088,130,NA,0.494950333692282,NA,"cv_r2",NA,NA,NA,NA,NA,"cz_human_kidney_v1.5"
"kidney_connecting_tubule_epithelial_cell","CREB3L3","rf",1088,130,0.816039988554126,0.813805608147555,NA,"oob_r2",-0.0367987527449328,0.0196078431372549,TRUE,0.829376522051828,0.874074074074074,"cz_human_kidney_v1.5"
"kidney_connecting_tubule_epithelial_cell","CREB3L3","lm",1088,130,NA,0.820902277192552,NA,"cv_r2",NA,NA,NA,NA,NA,"cz_human_kidney_v1.5"
"kidney_connecting_tubule_epithelial_cell","CREB3L3","ridge",1088,130,NA,0.828584091204098,NA,"cv_r2",NA,NA,NA,NA,NA,"cz_human_kidney_v1.5"
"kidney_connecting_tubule_epithelial_cell","CREB3L3","spearman",1088,130,NA,0.479218876847076,NA,"cv_r2",NA,NA,NA,NA,NA,"cz_human_kidney_v1.5"
"kidney_connecting_tubule_epithelial_cell","MEF2B","rf",1088,130,0.819501390110212,0.8226017347802,NA,"oob_r2",-0.0339165112302582,0.0196078431372549,TRUE,0.828803828477182,0.933333333333333,"cz_human_kidney_v1.5"
"kidney_connecting_tubule_epithelial_cell","MEF2B","lm",1088,130,NA,0.832481075527451,NA,"cv_r2",NA,NA,NA,NA,NA,"cz_human_kidney_v1.5"
"kidney_connecting_tubule_epithelial_cell","MEF2B","ridge",1088,130,NA,0.8378817236207,NA,"cv_r2",NA,NA,NA,NA,NA,"cz_human_kidney_v1.5"
"kidney_connecting_tubule_epithelial_cell","MEF2B","spearman",1088,130,NA,0.425355137528457,NA,"cv_r2",NA,NA,NA,NA,NA,"cz_human_kidney_v1.5"
"kidney_connecting_tubule_epithelial_cell","MYC","rf",1088,130,0.793913623117163,0.786848674471297,NA,"oob_r2",-0.0398737191152138,0.0196078431372549,TRUE,0.859166905643028,0.724867724867725,"cz_human_kidney_v1.5"
"kidney_connecting_tubule_epithelial_cell","MYC","lm",1088,130,NA,0.779266266990994,NA,"cv_r2",NA,NA,NA,NA,NA,"cz_human_kidney_v1.5"
"kidney_connecting_tubule_epithelial_cell","MYC","ridge",1088,130,NA,0.786255078122467,NA,"cv_r2",NA,NA,NA,NA,NA,"cz_human_kidney_v1.5"
"kidney_connecting_tubule_epithelial_cell","MYC","spearman",1088,130,NA,0.433651260366133,NA,"cv_r2",NA,NA,NA,NA,NA,"cz_human_kidney_v1.5"
"kidney_connecting_tubule_epithelial_cell","ESRRG","rf",1088,130,0.82720475952839,0.828052386476459,NA,"oob_r2",-0.0381633794007901,0.0196078431372549,TRUE,0.876570818179197,0.844444444444444,"cz_human_kidney_v1.5"
"kidney_connecting_tubule_epithelial_cell","ESRRG","lm",1088,130,NA,0.836548124369855,NA,"cv_r2",NA,NA,NA,NA,NA,"cz_human_kidney_v1.5"
"kidney_connecting_tubule_epithelial_cell","ESRRG","ridge",1088,130,NA,0.842442876823163,NA,"cv_r2",NA,NA,NA,NA,NA,"cz_human_kidney_v1.5"
"kidney_connecting_tubule_epithelial_cell","ESRRG","spearman",1088,130,NA,0.301825661069883,NA,"cv_r2",NA,NA,NA,NA,NA,"cz_human_kidney_v1.5"
"kidney_connecting_tubule_epithelial_cell","E2F1","rf",1088,130,0.794045729350359,0.789415267091379,NA,"oob_r2",-0.0434743302973665,0.0196078431372549,TRUE,0.832477175860808,0.933333333333333,"cz_human_kidney_v1.5"
"kidney_connecting_tubule_epithelial_cell","E2F1","lm",1088,130,NA,0.792498325792915,NA,"cv_r2",NA,NA,NA,NA,NA,"cz_human_kidney_v1.5"
"kidney_connecting_tubule_epithelial_cell","E2F1","ridge",1088,130,NA,0.802762018569129,NA,"cv_r2",NA,NA,NA,NA,NA,"cz_human_kidney_v1.5"
"kidney_connecting_tubule_epithelial_cell","E2F1","spearman",1088,130,NA,0.466225391150891,NA,"cv_r2",NA,NA,NA,NA,NA,"cz_human_kidney_v1.5"
"kidney_connecting_tubule_epithelial_cell","MITF","rf",1088,130,0.846176653955057,0.843507399924196,NA,"oob_r2",-0.0427549578995582,0.0196078431372549,TRUE,0.859046734672511,1,"cz_human_kidney_v1.5"
"kidney_connecting_tubule_epithelial_cell","MITF","lm",1088,130,NA,0.846305099399793,NA,"cv_r2",NA,NA,NA,NA,NA,"cz_human_kidney_v1.5"
"kidney_connecting_tubule_epithelial_cell","MITF","ridge",1088,130,NA,0.85234062195006,NA,"cv_r2",NA,NA,NA,NA,NA,"cz_human_kidney_v1.5"
"kidney_connecting_tubule_epithelial_cell","MITF","spearman",1088,130,NA,0.435185889935479,NA,"cv_r2",NA,NA,NA,NA,NA,"cz_human_kidney_v1.5"
"kidney_connecting_tubule_epithelial_cell","ID3","rf",1088,130,0.831069829364554,0.829171762069943,NA,"oob_r2",-0.0471421938628158,0.0196078431372549,TRUE,0.829560298667346,0.82962962962963,"cz_human_kidney_v1.5"
"kidney_connecting_tubule_epithelial_cell","ID3","lm",1088,130,NA,0.813287647258654,NA,"cv_r2",NA,NA,NA,NA,NA,"cz_human_kidney_v1.5"
"kidney_connecting_tubule_epithelial_cell","ID3","ridge",1088,130,NA,0.822438685399524,NA,"cv_r2",NA,NA,NA,NA,NA,"cz_human_kidney_v1.5"
"kidney_connecting_tubule_epithelial_cell","ID3","spearman",1088,130,NA,0.507777917664778,NA,"cv_r2",NA,NA,NA,NA,NA,"cz_human_kidney_v1.5"
"kidney_connecting_tubule_epithelial_cell","JUND","rf",1088,130,0.801522584839407,0.79359803395108,NA,"oob_r2",-0.034245557018064,0.0196078431372549,TRUE,0.843204195059334,0.933333333333333,"cz_human_kidney_v1.5"
"kidney_connecting_tubule_epithelial_cell","JUND","lm",1088,130,NA,0.787508747159893,NA,"cv_r2",NA,NA,NA,NA,NA,"cz_human_kidney_v1.5"
"kidney_connecting_tubule_epithelial_cell","JUND","ridge",1088,130,NA,0.795976928049457,NA,"cv_r2",NA,NA,NA,NA,NA,"cz_human_kidney_v1.5"
"kidney_connecting_tubule_epithelial_cell","JUND","spearman",1088,130,NA,0.499770363742504,NA,"cv_r2",NA,NA,NA,NA,NA,"cz_human_kidney_v1.5"
"kidney_connecting_tubule_epithelial_cell","MAF","rf",1088,130,0.795331830936408,0.791466265216799,NA,"oob_r2",-0.0452403031453441,0.0196078431372549,TRUE,0.871447286366512,1,"cz_human_kidney_v1.5"
"kidney_connecting_tubule_epithelial_cell","MAF","lm",1088,130,NA,0.808913789375978,NA,"cv_r2",NA,NA,NA,NA,NA,"cz_human_kidney_v1.5"
"kidney_connecting_tubule_epithelial_cell","MAF","ridge",1088,130,NA,0.81512059150524,NA,"cv_r2",NA,NA,NA,NA,NA,"cz_human_kidney_v1.5"
"kidney_connecting_tubule_epithelial_cell","MAF","spearman",1088,130,NA,0.316310087099127,NA,"cv_r2",NA,NA,NA,NA,NA,"cz_human_kidney_v1.5"
"kidney_connecting_tubule_epithelial_cell","NR4A2","rf",1088,130,0.802084226071973,0.80112966068227,NA,"oob_r2",-0.033530651119713,0.0196078431372549,TRUE,0.888581845989977,0.822222222222222,"cz_human_kidney_v1.5"
"kidney_connecting_tubule_epithelial_cell","NR4A2","lm",1088,130,NA,0.808713815784224,NA,"cv_r2",NA,NA,NA,NA,NA,"cz_human_kidney_v1.5"
"kidney_connecting_tubule_epithelial_cell","NR4A2","ridge",1088,130,NA,0.812664595618567,NA,"cv_r2",NA,NA,NA,NA,NA,"cz_human_kidney_v1.5"
"kidney_connecting_tubule_epithelial_cell","NR4A2","spearman",1088,130,NA,0.346942109592346,NA,"cv_r2",NA,NA,NA,NA,NA,"cz_human_kidney_v1.5"
"kidney_connecting_tubule_epithelial_cell","FLI1","rf",1088,130,0.790082206647079,0.785529788236256,NA,"oob_r2",-0.0430686419892698,0.0196078431372549,TRUE,0.846920512668782,0.77037037037037,"cz_human_kidney_v1.5"
"kidney_connecting_tubule_epithelial_cell","FLI1","lm",1088,130,NA,0.78057103221613,NA,"cv_r2",NA,NA,NA,NA,NA,"cz_human_kidney_v1.5"
"kidney_connecting_tubule_epithelial_cell","FLI1","ridge",1088,130,NA,0.788767939927688,NA,"cv_r2",NA,NA,NA,NA,NA,"cz_human_kidney_v1.5"
"kidney_connecting_tubule_epithelial_cell","FLI1","spearman",1088,130,NA,0.451621532043655,NA,"cv_r2",NA,NA,NA,NA,NA,"cz_human_kidney_v1.5"
"kidney_connecting_tubule_epithelial_cell","THRB","rf",1088,130,0.835216150110383,0.829285785812896,NA,"oob_r2",-0.0461842381433157,0.0196078431372549,TRUE,0.850062194546484,0.844444444444444,"cz_human_kidney_v1.5"
"kidney_connecting_tubule_epithelial_cell","THRB","lm",1088,130,NA,0.833530363689016,NA,"cv_r2",NA,NA,NA,NA,NA,"cz_human_kidney_v1.5"
"kidney_connecting_tubule_epithelial_cell","THRB","ridge",1088,130,NA,0.839395049433175,NA,"cv_r2",NA,NA,NA,NA,NA,"cz_human_kidney_v1.5"
"kidney_connecting_tubule_epithelial_cell","THRB","spearman",1088,130,NA,0.460258803853567,NA,"cv_r2",NA,NA,NA,NA,NA,"cz_human_kidney_v1.5"
"kidney_connecting_tubule_epithelial_cell","NFE2L2","rf",1088,130,0.812875058674772,0.804816069433549,NA,"oob_r2",-0.0394221620719067,0.0196078431372549,TRUE,0.828317682278272,1,"cz_human_kidney_v1.5"
"kidney_connecting_tubule_epithelial_cell","NFE2L2","lm",1088,130,NA,0.815613461579684,NA,"cv_r2",NA,NA,NA,NA,NA,"cz_human_kidney_v1.5"
"kidney_connecting_tubule_epithelial_cell","NFE2L2","ridge",1088,130,NA,0.824755911380976,NA,"cv_r2",NA,NA,NA,NA,NA,"cz_human_kidney_v1.5"
"kidney_connecting_tubule_epithelial_cell","NFE2L2","spearman",1088,130,NA,0.48113540564677,NA,"cv_r2",NA,NA,NA,NA,NA,"cz_human_kidney_v1.5"
"kidney_connecting_tubule_epithelial_cell","ID1","rf",1088,130,0.827426411361284,0.828969903689795,NA,"oob_r2",-0.0352596216749428,0.0196078431372549,TRUE,0.859844475701035,1,"cz_human_kidney_v1.5"
"kidney_connecting_tubule_epithelial_cell","ID1","lm",1088,130,NA,0.828083108294726,NA,"cv_r2",NA,NA,NA,NA,NA,"cz_human_kidney_v1.5"
"kidney_connecting_tubule_epithelial_cell","ID1","ridge",1088,130,NA,0.835026926315809,NA,"cv_r2",NA,NA,NA,NA,NA,"cz_human_kidney_v1.5"
"kidney_connecting_tubule_epithelial_cell","ID1","spearman",1088,130,NA,0.543978058013066,NA,"cv_r2",NA,NA,NA,NA,NA,"cz_human_kidney_v1.5"
"kidney_connecting_tubule_epithelial_cell","ETV1","rf",1088,130,0.801447155134812,0.801180297872386,NA,"oob_r2",-0.0341544788576354,0.0196078431372549,TRUE,0.839123116069681,1,"cz_human_kidney_v1.5"
"kidney_connecting_tubule_epithelial_cell","ETV1","lm",1088,130,NA,0.800933100332493,NA,"cv_r2",NA,NA,NA,NA,NA,"cz_human_kidney_v1.5"
"kidney_connecting_tubule_epithelial_cell","ETV1","ridge",1088,130,NA,0.81023480958029,NA,"cv_r2",NA,NA,NA,NA,NA,"cz_human_kidney_v1.5"
"kidney_connecting_tubule_epithelial_cell","ETV1","spearman",1088,130,NA,0.469421762815162,NA,"cv_r2",NA,NA,NA,NA,NA,"cz_human_kidney_v1.5"
"kidney_connecting_tubule_epithelial_cell","PAX5","rf",1088,130,0.794768684459609,0.789159823304148,NA,"oob_r2",-0.0338747956175042,0.0196078431372549,TRUE,0.847232471652852,1,"cz_human_kidney_v1.5"
"kidney_connecting_tubule_epithelial_cell","PAX5","lm",1088,130,NA,0.777978393703828,NA,"cv_r2",NA,NA,NA,NA,NA,"cz_human_kidney_v1.5"
"kidney_connecting_tubule_epithelial_cell","PAX5","ridge",1088,130,NA,0.786768936823404,NA,"cv_r2",NA,NA,NA,NA,NA,"cz_human_kidney_v1.5"
"kidney_connecting_tubule_epithelial_cell","PAX5","spearman",1088,130,NA,0.468927015273823,NA,"cv_r2",NA,NA,NA,NA,NA,"cz_human_kidney_v1.5"
"kidney_connecting_tubule_epithelial_cell","HES1","rf",1088,130,0.79037746318328,0.787853083019243,NA,"oob_r2",-0.0424250157341103,0.0196078431372549,TRUE,0.824892081309621,1,"cz_human_kidney_v1.5"
"kidney_connecting_tubule_epithelial_cell","HES1","lm",1088,130,NA,0.782838465043429,NA,"cv_r2",NA,NA,NA,NA,NA,"cz_human_kidney_v1.5"
"kidney_connecting_tubule_epithelial_cell","HES1","ridge",1088,130,NA,0.792370108582838,NA,"cv_r2",NA,NA,NA,NA,NA,"cz_human_kidney_v1.5"
"kidney_connecting_tubule_epithelial_cell","HES1","spearman",1088,130,NA,0.495531270161864,NA,"cv_r2",NA,NA,NA,NA,NA,"cz_human_kidney_v1.5"
"kidney_connecting_tubule_epithelial_cell","KLF2","rf",1088,130,0.820318912696546,0.820309030031199,NA,"oob_r2",-0.0446133726512159,0.0196078431372549,TRUE,0.878352140393681,0.82962962962963,"cz_human_kidney_v1.5"
"kidney_connecting_tubule_epithelial_cell","KLF2","lm",1088,130,NA,0.831198737220745,NA,"cv_r2",NA,NA,NA,NA,NA,"cz_human_kidney_v1.5"
"kidney_connecting_tubule_epithelial_cell","KLF2","ridge",1088,130,NA,0.835268904432651,NA,"cv_r2",NA,NA,NA,NA,NA,"cz_human_kidney_v1.5"
"kidney_connecting_tubule_epithelial_cell","KLF2","spearman",1088,130,NA,0.229481533772957,NA,"cv_r2",NA,NA,NA,NA,NA,"cz_human_kidney_v1.5"
"kidney_connecting_tubule_epithelial_cell","EHF","rf",1088,130,0.835801554831895,0.834466335301847,NA,"oob_r2",-0.0333250198438848,0.0196078431372549,TRUE,0.833350539631385,0.874074074074074,"cz_human_kidney_v1.5"
"kidney_connecting_tubule_epithelial_cell","EHF","lm",1088,130,NA,0.844313377406194,NA,"cv_r2",NA,NA,NA,NA,NA,"cz_human_kidney_v1.5"
"kidney_connecting_tubule_epithelial_cell","EHF","ridge",1088,130,NA,0.853320199952069,NA,"cv_r2",NA,NA,NA,NA,NA,"cz_human_kidney_v1.5"
"kidney_connecting_tubule_epithelial_cell","EHF","spearman",1088,130,NA,0.535026997783887,NA,"cv_r2",NA,NA,NA,NA,NA,"cz_human_kidney_v1.5"
"kidney_connecting_tubule_epithelial_cell","NR6A1","rf",1088,130,0.842071263310433,0.83017962481991,NA,"oob_r2",-0.0863000551592949,0.0196078431372549,TRUE,0.778672626661265,0.933333333333333,"cz_human_kidney_v1.5"
"kidney_connecting_tubule_epithelial_cell","NR6A1","lm",1088,130,NA,0.790443964304995,NA,"cv_r2",NA,NA,NA,NA,NA,"cz_human_kidney_v1.5"
"kidney_connecting_tubule_epithelial_cell","NR6A1","ridge",1088,130,NA,0.799426531005107,NA,"cv_r2",NA,NA,NA,NA,NA,"cz_human_kidney_v1.5"
"kidney_connecting_tubule_epithelial_cell","NR6A1","spearman",1088,130,NA,0.271586730945747,NA,"cv_r2",NA,NA,NA,NA,NA,"cz_human_kidney_v1.5"
"kidney_connecting_tubule_epithelial_cell","ETV7","rf",1088,130,0.82523440395311,0.818662950104668,NA,"oob_r2",-0.044380111103368,0.0196078431372549,TRUE,0.848571710357615,0.822222222222222,"cz_human_kidney_v1.5"
"kidney_connecting_tubule_epithelial_cell","ETV7","lm",1088,130,NA,0.8357083491363,NA,"cv_r2",NA,NA,NA,NA,NA,"cz_human_kidney_v1.5"
"kidney_connecting_tubule_epithelial_cell","ETV7","ridge",1088,130,NA,0.844848021359113,NA,"cv_r2",NA,NA,NA,NA,NA,"cz_human_kidney_v1.5"
"kidney_connecting_tubule_epithelial_cell","ETV7","spearman",1088,130,NA,0.289690614438099,NA,"cv_r2",NA,NA,NA,NA,NA,"cz_human_kidney_v1.5"
"kidney_connecting_tubule_epithelial_cell","FOXI1","rf",1088,130,0.825226896718142,0.821661841085217,NA,"oob_r2",-0.0334304021845534,0.0196078431372549,TRUE,0.850172411961867,0.744973544973545,"cz_human_kidney_v1.5"
"kidney_connecting_tubule_epithelial_cell","FOXI1","lm",1088,130,NA,0.839189665135395,NA,"cv_r2",NA,NA,NA,NA,NA,"cz_human_kidney_v1.5"
"kidney_connecting_tubule_epithelial_cell","FOXI1","ridge",1088,130,NA,0.847411011181292,NA,"cv_r2",NA,NA,NA,NA,NA,"cz_human_kidney_v1.5"
"kidney_connecting_tubule_epithelial_cell","FOXI1","spearman",1088,130,NA,0.414211713197645,NA,"cv_r2",NA,NA,NA,NA,NA,"cz_human_kidney_v1.5"
"kidney_connecting_tubule_epithelial_cell","BCL11B","rf",1088,130,0.805358459058144,0.801833526109534,NA,"oob_r2",-0.0438695454940981,0.0196078431372549,TRUE,0.862991984050035,0.881481481481481,"cz_human_kidney_v1.5"
"kidney_connecting_tubule_epithelial_cell","BCL11B","lm",1088,130,NA,0.821984644686629,NA,"cv_r2",NA,NA,NA,NA,NA,"cz_human_kidney_v1.5"
"kidney_connecting_tubule_epithelial_cell","BCL11B","ridge",1088,130,NA,0.829640084038857,NA,"cv_r2",NA,NA,NA,NA,NA,"cz_human_kidney_v1.5"
"kidney_connecting_tubule_epithelial_cell","BCL11B","spearman",1088,130,NA,0.309722649886397,NA,"cv_r2",NA,NA,NA,NA,NA,"cz_human_kidney_v1.5"
"kidney_connecting_tubule_epithelial_cell","CEBPA","rf",1088,130,0.814851608092335,0.818102455248842,NA,"oob_r2",-0.0496960080122792,0.0196078431372549,TRUE,0.875666379895032,0.686772486772487,"cz_human_kidney_v1.5"
"kidney_connecting_tubule_epithelial_cell","CEBPA","lm",1088,130,NA,0.831056488016812,NA,"cv_r2",NA,NA,NA,NA,NA,"cz_human_kidney_v1.5"
"kidney_connecting_tubule_epithelial_cell","CEBPA","ridge",1088,130,NA,0.837344111907063,NA,"cv_r2",NA,NA,NA,NA,NA,"cz_human_kidney_v1.5"
"kidney_connecting_tubule_epithelial_cell","CEBPA","spearman",1088,130,NA,0.334935082487697,NA,"cv_r2",NA,NA,NA,NA,NA,"cz_human_kidney_v1.5"
"kidney_connecting_tubule_epithelial_cell","PHF21A","rf",1088,130,0.802354608407259,0.796853364436137,NA,"oob_r2",-0.0363659239606643,0.0196078431372549,TRUE,0.858939066338321,0.724867724867725,"cz_human_kidney_v1.5"
"kidney_connecting_tubule_epithelial_cell","PHF21A","lm",1088,130,NA,0.800111564978934,NA,"cv_r2",NA,NA,NA,NA,NA,"cz_human_kidney_v1.5"
"kidney_connecting_tubule_epithelial_cell","PHF21A","ridge",1088,130,NA,0.80476907180968,NA,"cv_r2",NA,NA,NA,NA,NA,"cz_human_kidney_v1.5"
"kidney_connecting_tubule_epithelial_cell","PHF21A","spearman",1088,130,NA,0.366871598504658,NA,"cv_r2",NA,NA,NA,NA,NA,"cz_human_kidney_v1.5"
"kidney_connecting_tubule_epithelial_cell","PPARG","rf",1088,130,0.828399020446824,0.822798527811995,NA,"oob_r2",-0.0428441197586391,0.0196078431372549,TRUE,0.868699255455868,0.933333333333333,"cz_human_kidney_v1.5"
"kidney_connecting_tubule_epithelial_cell","PPARG","lm",1088,130,NA,0.843546138862825,NA,"cv_r2",NA,NA,NA,NA,NA,"cz_human_kidney_v1.5"
"kidney_connecting_tubule_epithelial_cell","PPARG","ridge",1088,130,NA,0.851815740147385,NA,"cv_r2",NA,NA,NA,NA,NA,"cz_human_kidney_v1.5"
"kidney_connecting_tubule_epithelial_cell","PPARG","spearman",1088,130,NA,0.355181662270008,NA,"cv_r2",NA,NA,NA,NA,NA,"cz_human_kidney_v1.5"
"kidney_connecting_tubule_epithelial_cell","DMRT2","rf",1088,130,0.812786047948853,0.810698953992431,NA,"oob_r2",-0.0513337907714245,0.0196078431372549,TRUE,0.863939999484114,0.816931216931217,"cz_human_kidney_v1.5"
"kidney_connecting_tubule_epithelial_cell","DMRT2","lm",1088,130,NA,0.813179455446108,NA,"cv_r2",NA,NA,NA,NA,NA,"cz_human_kidney_v1.5"
"kidney_connecting_tubule_epithelial_cell","DMRT2","ridge",1088,130,NA,0.827877385668597,NA,"cv_r2",NA,NA,NA,NA,NA,"cz_human_kidney_v1.5"
"kidney_connecting_tubule_epithelial_cell","DMRT2","spearman",1088,130,NA,0.324945876186575,NA,"cv_r2",NA,NA,NA,NA,NA,"cz_human_kidney_v1.5"
"kidney_connecting_tubule_epithelial_cell","RUNX1","rf",1088,130,0.825794612319986,0.827071453297027,NA,"oob_r2",-0.0407860048457958,0.0196078431372549,TRUE,0.878494403401203,0.8,"cz_human_kidney_v1.5"
"kidney_connecting_tubule_epithelial_cell","RUNX1","lm",1088,130,NA,0.841482090809119,NA,"cv_r2",NA,NA,NA,NA,NA,"cz_human_kidney_v1.5"
"kidney_connecting_tubule_epithelial_cell","RUNX1","ridge",1088,130,NA,0.850046606547132,NA,"cv_r2",NA,NA,NA,NA,NA,"cz_human_kidney_v1.5"
"kidney_connecting_tubule_epithelial_cell","RUNX1","spearman",1088,130,NA,0.286180827807327,NA,"cv_r2",NA,NA,NA,NA,NA,"cz_human_kidney_v1.5"
"kidney_connecting_tubule_epithelial_cell","FOXO1","rf",1088,130,0.849646860355307,0.848067843937231,NA,"oob_r2",-0.0449141519701508,0.0196078431372549,TRUE,0.858637667833478,1,"cz_human_kidney_v1.5"
"kidney_connecting_tubule_epithelial_cell","FOXO1","lm",1088,130,NA,0.861133683372138,NA,"cv_r2",NA,NA,NA,NA,NA,"cz_human_kidney_v1.5"
"kidney_connecting_tubule_epithelial_cell","FOXO1","ridge",1088,130,NA,0.866156201147983,NA,"cv_r2",NA,NA,NA,NA,NA,"cz_human_kidney_v1.5"
"kidney_connecting_tubule_epithelial_cell","FOXO1","spearman",1088,130,NA,0.351539014279223,NA,"cv_r2",NA,NA,NA,NA,NA,"cz_human_kidney_v1.5"
"kidney_connecting_tubule_epithelial_cell","CREB5","rf",1088,130,0.830518545742222,0.818816572244809,NA,"oob_r2",-0.0456477521301764,0.0196078431372549,TRUE,0.892377427886038,0.874074074074074,"cz_human_kidney_v1.5"
"kidney_connecting_tubule_epithelial_cell","CREB5","lm",1088,130,NA,0.849750930512793,NA,"cv_r2",NA,NA,NA,NA,NA,"cz_human_kidney_v1.5"
"kidney_connecting_tubule_epithelial_cell","CREB5","ridge",1088,130,NA,0.855296839197505,NA,"cv_r2",NA,NA,NA,NA,NA,"cz_human_kidney_v1.5"
"kidney_connecting_tubule_epithelial_cell","CREB5","spearman",1088,130,NA,0.239600405869288,NA,"cv_r2",NA,NA,NA,NA,NA,"cz_human_kidney_v1.5"
"kidney_connecting_tubule_epithelial_cell","ZNF341","rf",1088,130,0.828148622094668,0.835015126850077,NA,"oob_r2",-0.0520824778863446,0.0196078431372549,TRUE,0.847916110951794,0.82962962962963,"cz_human_kidney_v1.5"
"kidney_connecting_tubule_epithelial_cell","ZNF341","lm",1088,130,NA,0.818809886241561,NA,"cv_r2",NA,NA,NA,NA,NA,"cz_human_kidney_v1.5"
"kidney_connecting_tubule_epithelial_cell","ZNF341","ridge",1088,130,NA,0.827029623622553,NA,"cv_r2",NA,NA,NA,NA,NA,"cz_human_kidney_v1.5"
"kidney_connecting_tubule_epithelial_cell","ZNF341","spearman",1088,130,NA,0.430525058435604,NA,"cv_r2",NA,NA,NA,NA,NA,"cz_human_kidney_v1.5"
"kidney_connecting_tubule_epithelial_cell","NR3C1","rf",1088,130,0.806203249989397,0.806245663126182,NA,"oob_r2",-0.0363989369273402,0.0196078431372549,TRUE,0.832103917543293,0.657407407407407,"cz_human_kidney_v1.5"
"kidney_connecting_tubule_epithelial_cell","NR3C1","lm",1088,130,NA,0.81552343735245,NA,"cv_r2",NA,NA,NA,NA,NA,"cz_human_kidney_v1.5"
"kidney_connecting_tubule_epithelial_cell","NR3C1","ridge",1088,130,NA,0.828292755636899,NA,"cv_r2",NA,NA,NA,NA,NA,"cz_human_kidney_v1.5"
"kidney_connecting_tubule_epithelial_cell","NR3C1","spearman",1088,130,NA,0.436961525689836,NA,"cv_r2",NA,NA,NA,NA,NA,"cz_human_kidney_v1.5"
"kidney_connecting_tubule_epithelial_cell","LEF1","rf",1088,130,0.826057513970931,0.833874336287211,NA,"oob_r2",-0.0562777088110498,0.0196078431372549,TRUE,0.839668255290481,0.816931216931217,"cz_human_kidney_v1.5"
"kidney_connecting_tubule_epithelial_cell","LEF1","lm",1088,130,NA,0.814833604051377,NA,"cv_r2",NA,NA,NA,NA,NA,"cz_human_kidney_v1.5"
"kidney_connecting_tubule_epithelial_cell","LEF1","ridge",1088,130,NA,0.826671835551733,NA,"cv_r2",NA,NA,NA,NA,NA,"cz_human_kidney_v1.5"
"kidney_connecting_tubule_epithelial_cell","LEF1","spearman",1088,130,NA,0.261429696668713,NA,"cv_r2",NA,NA,NA,NA,NA,"cz_human_kidney_v1.5"
"kidney_connecting_tubule_epithelial_cell","EMX2","rf",1088,130,0.819533390449273,0.823601010068375,NA,"oob_r2",-0.0500030919815116,0.0196078431372549,TRUE,0.867700743937208,0.75026455026455,"cz_human_kidney_v1.5"
"kidney_connecting_tubule_epithelial_cell","EMX2","lm",1088,130,NA,0.813754695356467,NA,"cv_r2",NA,NA,NA,NA,NA,"cz_human_kidney_v1.5"
"kidney_connecting_tubule_epithelial_cell","EMX2","ridge",1088,130,NA,0.819766759606479,NA,"cv_r2",NA,NA,NA,NA,NA,"cz_human_kidney_v1.5"
"kidney_connecting_tubule_epithelial_cell","EMX2","spearman",1088,130,NA,0.397347538149254,NA,"cv_r2",NA,NA,NA,NA,NA,"cz_human_kidney_v1.5"
"kidney_connecting_tubule_epithelial_cell","BACH2","rf",1088,130,0.833102594167634,0.825972861791125,NA,"oob_r2",-0.0352774104302644,0.0196078431372549,TRUE,0.885802133641651,0.822222222222222,"cz_human_kidney_v1.5"
"kidney_connecting_tubule_epithelial_cell","BACH2","lm",1088,130,NA,0.856765226258559,NA,"cv_r2",NA,NA,NA,NA,NA,"cz_human_kidney_v1.5"
"kidney_connecting_tubule_epithelial_cell","BACH2","ridge",1088,130,NA,0.859520409289934,NA,"cv_r2",NA,NA,NA,NA,NA,"cz_human_kidney_v1.5"
"kidney_connecting_tubule_epithelial_cell","BACH2","spearman",1088,130,NA,0.330985543877719,NA,"cv_r2",NA,NA,NA,NA,NA,"cz_human_kidney_v1.5"
"kidney_connecting_tubule_epithelial_cell","TEAD4","rf",1088,130,0.858691312937481,0.853661466499851,NA,"oob_r2",-0.0772123064962051,0.0196078431372549,TRUE,0.813490283903918,0.844444444444444,"cz_human_kidney_v1.5"
"kidney_connecting_tubule_epithelial_cell","TEAD4","lm",1088,130,NA,0.803203334197942,NA,"cv_r2",NA,NA,NA,NA,NA,"cz_human_kidney_v1.5"
"kidney_connecting_tubule_epithelial_cell","TEAD4","ridge",1088,130,NA,0.813735077674165,NA,"cv_r2",NA,NA,NA,NA,NA,"cz_human_kidney_v1.5"
"kidney_connecting_tubule_epithelial_cell","TEAD4","spearman",1088,130,NA,0.12518036446761,NA,"cv_r2",NA,NA,NA,NA,NA,"cz_human_kidney_v1.5"
"kidney_connecting_tubule_epithelial_cell","PKNOX2","rf",1088,130,0.815659955452358,0.822277209263717,NA,"oob_r2",-0.0661681003138419,0.0196078431372549,TRUE,0.854878622767847,0.774603174603175,"cz_human_kidney_v1.5"
"kidney_connecting_tubule_epithelial_cell","PKNOX2","lm",1088,130,NA,0.802653754174171,NA,"cv_r2",NA,NA,NA,NA,NA,"cz_human_kidney_v1.5"
"kidney_connecting_tubule_epithelial_cell","PKNOX2","ridge",1088,130,NA,0.808901278740825,NA,"cv_r2",NA,NA,NA,NA,NA,"cz_human_kidney_v1.5"
"kidney_connecting_tubule_epithelial_cell","PKNOX2","spearman",1088,130,NA,0.154176370707673,NA,"cv_r2",NA,NA,NA,NA,NA,"cz_human_kidney_v1.5"
"kidney_connecting_tubule_epithelial_cell","CEBPD","rf",1088,130,0.849070837117348,0.854896569719392,NA,"oob_r2",-0.0797048335881627,0.0196078431372549,TRUE,0.833759849240055,0.82962962962963,"cz_human_kidney_v1.5"
"kidney_connecting_tubule_epithelial_cell","CEBPD","lm",1088,130,NA,0.818531752020842,NA,"cv_r2",NA,NA,NA,NA,NA,"cz_human_kidney_v1.5"
"kidney_connecting_tubule_epithelial_cell","CEBPD","ridge",1088,130,NA,0.823266190161586,NA,"cv_r2",NA,NA,NA,NA,NA,"cz_human_kidney_v1.5"
"kidney_connecting_tubule_epithelial_cell","CEBPD","spearman",1088,130,NA,0.349555767965183,NA,"cv_r2",NA,NA,NA,NA,NA,"cz_human_kidney_v1.5"
"kidney_connecting_tubule_epithelial_cell","GCM1","rf",1088,130,0.835591255034372,0.83704658394091,NA,"oob_r2",-0.0432554883371352,0.0196078431372549,TRUE,0.849777182992166,0.648677248677249,"cz_human_kidney_v1.5"
"kidney_connecting_tubule_epithelial_cell","GCM1","lm",1088,130,NA,0.848834534223976,NA,"cv_r2",NA,NA,NA,NA,NA,"cz_human_kidney_v1.5"
"kidney_connecting_tubule_epithelial_cell","GCM1","ridge",1088,130,NA,0.856338313717796,NA,"cv_r2",NA,NA,NA,NA,NA,"cz_human_kidney_v1.5"
"kidney_connecting_tubule_epithelial_cell","GCM1","spearman",1088,130,NA,0.431912054749014,NA,"cv_r2",NA,NA,NA,NA,NA,"cz_human_kidney_v1.5"
"kidney_connecting_tubule_epithelial_cell","TCF12","rf",1088,130,0.835140677669648,0.834630222103278,NA,"oob_r2",-0.0422440519430233,0.0196078431372549,TRUE,0.860713226848501,1,"cz_human_kidney_v1.5"
"kidney_connecting_tubule_epithelial_cell","TCF12","lm",1088,130,NA,0.848675204546867,NA,"cv_r2",NA,NA,NA,NA,NA,"cz_human_kidney_v1.5"
"kidney_connecting_tubule_epithelial_cell","TCF12","ridge",1088,130,NA,0.8543038830026,NA,"cv_r2",NA,NA,NA,NA,NA,"cz_human_kidney_v1.5"
"kidney_connecting_tubule_epithelial_cell","TCF12","spearman",1088,130,NA,0.355836282394284,NA,"cv_r2",NA,NA,NA,NA,NA,"cz_human_kidney_v1.5"
"kidney_connecting_tubule_epithelial_cell","NFAT5","rf",1088,130,0.837437467738427,0.837376836643853,NA,"oob_r2",-0.06439661490737,0.0196078431372549,TRUE,0.855449252800575,0.933333333333333,"cz_human_kidney_v1.5"
"kidney_connecting_tubule_epithelial_cell","NFAT5","lm",1088,130,NA,0.828875235360357,NA,"cv_r2",NA,NA,NA,NA,NA,"cz_human_kidney_v1.5"
"kidney_connecting_tubule_epithelial_cell","NFAT5","ridge",1088,130,NA,0.839242969221838,NA,"cv_r2",NA,NA,NA,NA,NA,"cz_human_kidney_v1.5"
"kidney_connecting_tubule_epithelial_cell","NFAT5","spearman",1088,130,NA,0.25546827089577,NA,"cv_r2",NA,NA,NA,NA,NA,"cz_human_kidney_v1.5"
"kidney_connecting_tubule_epithelial_cell","MYBL1","rf",1088,130,0.840325209631984,0.834499246943313,NA,"oob_r2",-0.0341014091509807,0.0196078431372549,TRUE,0.843771669086776,0.844444444444444,"cz_human_kidney_v1.5"
"kidney_connecting_tubule_epithelial_cell","MYBL1","lm",1088,130,NA,0.849924817321439,NA,"cv_r2",NA,NA,NA,NA,NA,"cz_human_kidney_v1.5"
"kidney_connecting_tubule_epithelial_cell","MYBL1","ridge",1088,130,NA,0.857388609050586,NA,"cv_r2",NA,NA,NA,NA,NA,"cz_human_kidney_v1.5"
"kidney_connecting_tubule_epithelial_cell","MYBL1","spearman",1088,130,NA,0.482052882190541,NA,"cv_r2",NA,NA,NA,NA,NA,"cz_human_kidney_v1.5"
"kidney_connecting_tubule_epithelial_cell","POU5F1B","rf",1088,130,0.843040253811981,0.839230107554378,NA,"oob_r2",-0.048396361839513,0.0196078431372549,TRUE,0.865923306036922,0.822222222222222,"cz_human_kidney_v1.5"
"kidney_connecting_tubule_epithelial_cell","POU5F1B","lm",1088,130,NA,0.829410610395605,NA,"cv_r2",NA,NA,NA,NA,NA,"cz_human_kidney_v1.5"
"kidney_connecting_tubule_epithelial_cell","POU5F1B","ridge",1088,130,NA,0.837085611840931,NA,"cv_r2",NA,NA,NA,NA,NA,"cz_human_kidney_v1.5"
"kidney_connecting_tubule_epithelial_cell","POU5F1B","spearman",1088,130,NA,0.311844573170306,NA,"cv_r2",NA,NA,NA,NA,NA,"cz_human_kidney_v1.5"
"kidney_connecting_tubule_epithelial_cell","POU6F2","rf",1088,130,0.830169280301842,0.82788195692399,NA,"oob_r2",-0.0388659660988363,0.0196078431372549,TRUE,0.859170668572408,0.8,"cz_human_kidney_v1.5"
"kidney_connecting_tubule_epithelial_cell","POU6F2","lm",1088,130,NA,0.831060770176211,NA,"cv_r2",NA,NA,NA,NA,NA,"cz_human_kidney_v1.5"
"kidney_connecting_tubule_epithelial_cell","POU6F2","ridge",1088,130,NA,0.840956247274334,NA,"cv_r2",NA,NA,NA,NA,NA,"cz_human_kidney_v1.5"
"kidney_connecting_tubule_epithelial_cell","POU6F2","spearman",1088,130,NA,0.376255924648885,NA,"cv_r2",NA,NA,NA,NA,NA,"cz_human_kidney_v1.5"
"kidney_connecting_tubule_epithelial_cell","IRX3","rf",1088,130,0.840982332761567,0.843563684622677,NA,"oob_r2",-0.052111863218591,0.0196078431372549,TRUE,0.859908445500492,0.881481481481481,"cz_human_kidney_v1.5"
"kidney_connecting_tubule_epithelial_cell","IRX3","lm",1088,130,NA,0.85758468724813,NA,"cv_r2",NA,NA,NA,NA,NA,"cz_human_kidney_v1.5"
"kidney_connecting_tubule_epithelial_cell","IRX3","ridge",1088,130,NA,0.862037723474619,NA,"cv_r2",NA,NA,NA,NA,NA,"cz_human_kidney_v1.5"
"kidney_connecting_tubule_epithelial_cell","IRX3","spearman",1088,130,NA,0.366723854783871,NA,"cv_r2",NA,NA,NA,NA,NA,"cz_human_kidney_v1.5"
"kidney_connecting_tubule_epithelial_cell","IRX2","rf",1088,130,0.842501767584963,0.842800728191509,NA,"oob_r2",-0.0543337926249983,0.0196078431372549,TRUE,0.88521208203793,0.71957671957672,"cz_human_kidney_v1.5"
"kidney_connecting_tubule_epithelial_cell","IRX2","lm",1088,130,NA,0.839539713216407,NA,"cv_r2",NA,NA,NA,NA,NA,"cz_human_kidney_v1.5"
"kidney_connecting_tubule_epithelial_cell","IRX2","ridge",1088,130,NA,0.846296623546109,NA,"cv_r2",NA,NA,NA,NA,NA,"cz_human_kidney_v1.5"
"kidney_connecting_tubule_epithelial_cell","IRX2","spearman",1088,130,NA,0.382351561528421,NA,"cv_r2",NA,NA,NA,NA,NA,"cz_human_kidney_v1.5"
"kidney_connecting_tubule_epithelial_cell","NFIB","rf",1088,130,0.833991160257283,0.833984512571328,NA,"oob_r2",-0.0524066137550096,0.0196078431372549,TRUE,0.852740307801554,0.73015873015873,"cz_human_kidney_v1.5"
"kidney_connecting_tubule_epithelial_cell","NFIB","lm",1088,130,NA,0.832077180288812,NA,"cv_r2",NA,NA,NA,NA,NA,"cz_human_kidney_v1.5"
"kidney_connecting_tubule_epithelial_cell","NFIB","ridge",1088,130,NA,0.840871990309453,NA,"cv_r2",NA,NA,NA,NA,NA,"cz_human_kidney_v1.5"
"kidney_connecting_tubule_epithelial_cell","NFIB","spearman",1088,130,NA,0.439800354559124,NA,"cv_r2",NA,NA,NA,NA,NA,"cz_human_kidney_v1.5"
"kidney_connecting_tubule_epithelial_cell","FOXO3","rf",1088,130,0.850157015909383,0.846636882591706,NA,"oob_r2",-0.0539368251155624,0.0196078431372549,TRUE,0.837831096059394,0.8,"cz_human_kidney_v1.5"
"kidney_connecting_tubule_epithelial_cell","FOXO3","lm",1088,130,NA,0.85849425958821,NA,"cv_r2",NA,NA,NA,NA,NA,"cz_human_kidney_v1.5"
"kidney_connecting_tubule_epithelial_cell","FOXO3","ridge",1088,130,NA,0.863327919286905,NA,"cv_r2",NA,NA,NA,NA,NA,"cz_human_kidney_v1.5"
"kidney_connecting_tubule_epithelial_cell","FOXO3","spearman",1088,130,NA,0.341754270538291,NA,"cv_r2",NA,NA,NA,NA,NA,"cz_human_kidney_v1.5"
"kidney_connecting_tubule_epithelial_cell","RORA","rf",1088,130,0.855285998994808,0.852738547489888,NA,"oob_r2",-0.0418883377473179,0.0196078431372549,TRUE,0.85300577640006,0.933333333333333,"cz_human_kidney_v1.5"
"kidney_connecting_tubule_epithelial_cell","RORA","lm",1088,130,NA,0.861103834468964,NA,"cv_r2",NA,NA,NA,NA,NA,"cz_human_kidney_v1.5"
"kidney_connecting_tubule_epithelial_cell","RORA","ridge",1088,130,NA,0.868685259881977,NA,"cv_r2",NA,NA,NA,NA,NA,"cz_human_kidney_v1.5"
"kidney_connecting_tubule_epithelial_cell","RORA","spearman",1088,130,NA,0.512092457364907,NA,"cv_r2",NA,NA,NA,NA,NA,"cz_human_kidney_v1.5"
"kidney_connecting_tubule_epithelial_cell","PAX8","rf",1088,130,0.82163074841066,0.819233306968997,NA,"oob_r2",-0.0421725777144808,0.0196078431372549,TRUE,0.875696968869346,1,"cz_human_kidney_v1.5"
"kidney_connecting_tubule_epithelial_cell","PAX8","lm",1088,130,NA,0.853885801608939,NA,"cv_r2",NA,NA,NA,NA,NA,"cz_human_kidney_v1.5"
"kidney_connecting_tubule_epithelial_cell","PAX8","ridge",1088,130,NA,0.858076543655533,NA,"cv_r2",NA,NA,NA,NA,NA,"cz_human_kidney_v1.5"
"kidney_connecting_tubule_epithelial_cell","PAX8","spearman",1088,130,NA,0.498160534565057,NA,"cv_r2",NA,NA,NA,NA,NA,"cz_human_kidney_v1.5"
"kidney_connecting_tubule_epithelial_cell","RARB","rf",1088,130,0.839752343525467,0.840201653969365,NA,"oob_r2",-0.048996384683714,0.0196078431372549,TRUE,0.835534980828785,0.933333333333333,"cz_human_kidney_v1.5"
"kidney_connecting_tubule_epithelial_cell","RARB","lm",1088,130,NA,0.834049929102054,NA,"cv_r2",NA,NA,NA,NA,NA,"cz_human_kidney_v1.5"
"kidney_connecting_tubule_epithelial_cell","RARB","ridge",1088,130,NA,0.842380347607198,NA,"cv_r2",NA,NA,NA,NA,NA,"cz_human_kidney_v1.5"
"kidney_connecting_tubule_epithelial_cell","RARB","spearman",1088,130,NA,0.331786512544997,NA,"cv_r2",NA,NA,NA,NA,NA,"cz_human_kidney_v1.5"
"kidney_connecting_tubule_epithelial_cell","MECOM","rf",1088,130,0.844222408974567,0.841510682868338,NA,"oob_r2",-0.0482877510046486,0.0196078431372549,TRUE,0.850653217228754,0.822222222222222,"cz_human_kidney_v1.5"
"kidney_connecting_tubule_epithelial_cell","MECOM","lm",1088,130,NA,0.857446530362971,NA,"cv_r2",NA,NA,NA,NA,NA,"cz_human_kidney_v1.5"
"kidney_connecting_tubule_epithelial_cell","MECOM","ridge",1088,130,NA,0.863746744344561,NA,"cv_r2",NA,NA,NA,NA,NA,"cz_human_kidney_v1.5"
"kidney_connecting_tubule_epithelial_cell","MECOM","spearman",1088,130,NA,0.490800850264515,NA,"cv_r2",NA,NA,NA,NA,NA,"cz_human_kidney_v1.5"
"kidney_connecting_tubule_epithelial_cell","MEIS2","rf",1088,130,0.85348388551555,0.855140855025203,NA,"oob_r2",-0.0558901847986601,0.0196078431372549,TRUE,0.858444180432464,0.881481481481481,"cz_human_kidney_v1.5"
"kidney_connecting_tubule_epithelial_cell","MEIS2","lm",1088,130,NA,0.840278317954989,NA,"cv_r2",NA,NA,NA,NA,NA,"cz_human_kidney_v1.5"
"kidney_connecting_tubule_epithelial_cell","MEIS2","ridge",1088,130,NA,0.846351619995787,NA,"cv_r2",NA,NA,NA,NA,NA,"cz_human_kidney_v1.5"
"kidney_connecting_tubule_epithelial_cell","MEIS2","spearman",1088,130,NA,0.3674811149004,NA,"cv_r2",NA,NA,NA,NA,NA,"cz_human_kidney_v1.5"
"kidney_connecting_tubule_epithelial_cell","NFIA","rf",1088,130,0.85094063437835,0.849725117931054,NA,"oob_r2",-0.0460860326016727,0.0196078431372549,TRUE,0.873017641766088,0.8,"cz_human_kidney_v1.5"
"kidney_connecting_tubule_epithelial_cell","NFIA","lm",1088,130,NA,0.846304371223675,NA,"cv_r2",NA,NA,NA,NA,NA,"cz_human_kidney_v1.5"
"kidney_connecting_tubule_epithelial_cell","NFIA","ridge",1088,130,NA,0.852959823487248,NA,"cv_r2",NA,NA,NA,NA,NA,"cz_human_kidney_v1.5"
"kidney_connecting_tubule_epithelial_cell","NFIA","spearman",1088,130,NA,0.454381118481068,NA,"cv_r2",NA,NA,NA,NA,NA,"cz_human_kidney_v1.5"
"kidney_connecting_tubule_epithelial_cell","LMO2","rf",1088,130,0.855626029214745,0.854548937568752,NA,"oob_r2",-0.0303947769791642,0.0196078431372549,TRUE,0.859488939567051,0.874074074074074,"cz_human_kidney_v1.5"
"kidney_connecting_tubule_epithelial_cell","LMO2","lm",1088,130,NA,0.846915097737113,NA,"cv_r2",NA,NA,NA,NA,NA,"cz_human_kidney_v1.5"
"kidney_connecting_tubule_epithelial_cell","LMO2","ridge",1088,130,NA,0.855349761682104,NA,"cv_r2",NA,NA,NA,NA,NA,"cz_human_kidney_v1.5"
"kidney_connecting_tubule_epithelial_cell","LMO2","spearman",1088,130,NA,0.506617350485558,NA,"cv_r2",NA,NA,NA,NA,NA,"cz_human_kidney_v1.5"
"kidney_connecting_tubule_epithelial_cell","SMAD3","rf",1088,130,0.863249117742791,0.861681310793729,NA,"oob_r2",-0.041952730569534,0.0196078431372549,TRUE,0.857900133675032,0.792592592592593,"cz_human_kidney_v1.5"
"kidney_connecting_tubule_epithelial_cell","SMAD3","lm",1088,130,NA,0.85955127690099,NA,"cv_r2",NA,NA,NA,NA,NA,"cz_human_kidney_v1.5"
"kidney_connecting_tubule_epithelial_cell","SMAD3","ridge",1088,130,NA,0.864643942150124,NA,"cv_r2",NA,NA,NA,NA,NA,"cz_human_kidney_v1.5"
"kidney_connecting_tubule_epithelial_cell","SMAD3","spearman",1088,130,NA,0.415099837295496,NA,"cv_r2",NA,NA,NA,NA,NA,"cz_human_kidney_v1.5"
"kidney_connecting_tubule_epithelial_cell","PAX2","rf",1088,130,0.858427678733362,0.859639992693159,NA,"oob_r2",-0.0400211525583665,0.0196078431372549,TRUE,0.875678154222447,0.761904761904762,"cz_human_kidney_v1.5"
"kidney_connecting_tubule_epithelial_cell","PAX2","lm",1088,130,NA,0.853268726527542,NA,"cv_r2",NA,NA,NA,NA,NA,"cz_human_kidney_v1.5"
"kidney_connecting_tubule_epithelial_cell","PAX2","ridge",1088,130,NA,0.860000344064355,NA,"cv_r2",NA,NA,NA,NA,NA,"cz_human_kidney_v1.5"
"kidney_connecting_tubule_epithelial_cell","PAX2","spearman",1088,130,NA,0.434815889102168,NA,"cv_r2",NA,NA,NA,NA,NA,"cz_human_kidney_v1.5"
"kidney_connecting_tubule_epithelial_cell","NR3C2","rf",1088,130,0.864658876864805,0.860434762806955,NA,"oob_r2",-0.0406442474717121,0.0196078431372549,TRUE,0.850714152407744,0.785185185185185,"cz_human_kidney_v1.5"
"kidney_connecting_tubule_epithelial_cell","NR3C2","lm",1088,130,NA,0.875923768456487,NA,"cv_r2",NA,NA,NA,NA,NA,"cz_human_kidney_v1.5"
"kidney_connecting_tubule_epithelial_cell","NR3C2","ridge",1088,130,NA,0.8823053233735,NA,"cv_r2",NA,NA,NA,NA,NA,"cz_human_kidney_v1.5"
"kidney_connecting_tubule_epithelial_cell","NR3C2","spearman",1088,130,NA,0.449901099958534,NA,"cv_r2",NA,NA,NA,NA,NA,"cz_human_kidney_v1.5"
"kidney_connecting_tubule_epithelial_cell","SOX9","rf",1088,130,0.885156863848426,0.886435447628146,NA,"oob_r2",-0.0360419630677668,0.0196078431372549,TRUE,0.863501436134136,0.77037037037037,"cz_human_kidney_v1.5"
"kidney_connecting_tubule_epithelial_cell","SOX9","lm",1088,130,NA,0.889708181162339,NA,"cv_r2",NA,NA,NA,NA,NA,"cz_human_kidney_v1.5"
"kidney_connecting_tubule_epithelial_cell","SOX9","ridge",1088,130,NA,0.892130518212616,NA,"cv_r2",NA,NA,NA,NA,NA,"cz_human_kidney_v1.5"
"kidney_connecting_tubule_epithelial_cell","SOX9","spearman",1088,130,NA,0.528438878431929,NA,"cv_r2",NA,NA,NA,NA,NA,"cz_human_kidney_v1.5"
"kidney_connecting_tubule_epithelial_cell","ZNF331","rf",1088,130,0.878688879330635,0.873634370815474,NA,"oob_r2",-0.0307807337262454,0.0196078431372549,TRUE,0.875554827246643,0.933333333333333,"cz_human_kidney_v1.5"
"kidney_connecting_tubule_epithelial_cell","ZNF331","lm",1088,130,NA,0.866324701347227,NA,"cv_r2",NA,NA,NA,NA,NA,"cz_human_kidney_v1.5"
"kidney_connecting_tubule_epithelial_cell","ZNF331","ridge",1088,130,NA,0.872389822839248,NA,"cv_r2",NA,NA,NA,NA,NA,"cz_human_kidney_v1.5"
"kidney_connecting_tubule_epithelial_cell","ZNF331","spearman",1088,130,NA,0.505508788787476,NA,"cv_r2",NA,NA,NA,NA,NA,"cz_human_kidney_v1.5"
"epithelial_cell_of_proximal_tubule","FOXD3","rf",1200,134,0.914929971253265,0.907372341757347,NA,"oob_r2",-0.0334001568027997,0.0196078431372549,TRUE,0.918276066063445,0.933333333333333,"cz_human_kidney_v1.5"
"epithelial_cell_of_proximal_tubule","FOXD3","lm",1200,134,NA,0.86398186905198,NA,"cv_r2",NA,NA,NA,NA,NA,"cz_human_kidney_v1.5"
"epithelial_cell_of_proximal_tubule","FOXD3","ridge",1200,134,NA,0.864132497001796,NA,"cv_r2",NA,NA,NA,NA,NA,"cz_human_kidney_v1.5"
"epithelial_cell_of_proximal_tubule","FOXD3","spearman",1200,134,NA,0.562570272382201,NA,"cv_r2",NA,NA,NA,NA,NA,"cz_human_kidney_v1.5"
"epithelial_cell_of_proximal_tubule","KLF14","rf",1200,134,0.923845701781019,0.918829663175325,NA,"oob_r2",-0.0334924796359221,0.0196078431372549,TRUE,0.915654476157226,0.933333333333333,"cz_human_kidney_v1.5"
"epithelial_cell_of_proximal_tubule","KLF14","lm",1200,134,NA,0.881098860690648,NA,"cv_r2",NA,NA,NA,NA,NA,"cz_human_kidney_v1.5"
"epithelial_cell_of_proximal_tubule","KLF14","ridge",1200,134,NA,0.880312282218139,NA,"cv_r2",NA,NA,NA,NA,NA,"cz_human_kidney_v1.5"
"epithelial_cell_of_proximal_tubule","KLF14","spearman",1200,134,NA,0.568157406879989,NA,"cv_r2",NA,NA,NA,NA,NA,"cz_human_kidney_v1.5"
"epithelial_cell_of_proximal_tubule","POU2F2","rf",1200,134,0.896500707291199,0.893393871773922,NA,"oob_r2",-0.0371684795507968,0.0196078431372549,TRUE,0.925820632288294,0.77037037037037,"cz_human_kidney_v1.5"
"epithelial_cell_of_proximal_tubule","POU2F2","lm",1200,134,NA,0.841381047410742,NA,"cv_r2",NA,NA,NA,NA,NA,"cz_human_kidney_v1.5"
"epithelial_cell_of_proximal_tubule","POU2F2","ridge",1200,134,NA,0.840580440959688,NA,"cv_r2",NA,NA,NA,NA,NA,"cz_human_kidney_v1.5"
"epithelial_cell_of_proximal_tubule","POU2F2","spearman",1200,134,NA,0.604457588911446,NA,"cv_r2",NA,NA,NA,NA,NA,"cz_human_kidney_v1.5"
"epithelial_cell_of_proximal_tubule","KLF2","rf",1200,134,0.912545573224099,0.906929347688478,NA,"oob_r2",-0.0358196014380605,0.0196078431372549,TRUE,0.912573251813891,0.933333333333333,"cz_human_kidney_v1.5"
"epithelial_cell_of_proximal_tubule","KLF2","lm",1200,134,NA,0.87325474467008,NA,"cv_r2",NA,NA,NA,NA,NA,"cz_human_kidney_v1.5"
"epithelial_cell_of_proximal_tubule","KLF2","ridge",1200,134,NA,0.871482897627055,NA,"cv_r2",NA,NA,NA,NA,NA,"cz_human_kidney_v1.5"
"epithelial_cell_of_proximal_tubule","KLF2","spearman",1200,134,NA,0.535756872393209,NA,"cv_r2",NA,NA,NA,NA,NA,"cz_human_kidney_v1.5"
"epithelial_cell_of_proximal_tubule","FOXI1","rf",1200,134,0.895235522831791,0.889431428317872,NA,"oob_r2",-0.0324041595134457,0.0196078431372549,TRUE,0.924310943195468,0.933333333333333,"cz_human_kidney_v1.5"
"epithelial_cell_of_proximal_tubule","FOXI1","lm",1200,134,NA,0.845926966102635,NA,"cv_r2",NA,NA,NA,NA,NA,"cz_human_kidney_v1.5"
"epithelial_cell_of_proximal_tubule","FOXI1","ridge",1200,134,NA,0.846221457250848,NA,"cv_r2",NA,NA,NA,NA,NA,"cz_human_kidney_v1.5"
"epithelial_cell_of_proximal_tubule","FOXI1","spearman",1200,134,NA,0.592968328489883,NA,"cv_r2",NA,NA,NA,NA,NA,"cz_human_kidney_v1.5"
"epithelial_cell_of_proximal_tubule","TAL1","rf",1200,134,0.912859482036769,0.905381981572241,NA,"oob_r2",-0.0308778169690645,0.0196078431372549,TRUE,0.907331512861757,0.785185185185185,"cz_human_kidney_v1.5"
"epithelial_cell_of_proximal_tubule","TAL1","lm",1200,134,NA,0.867024359831339,NA,"cv_r2",NA,NA,NA,NA,NA,"cz_human_kidney_v1.5"
"epithelial_cell_of_proximal_tubule","TAL1","ridge",1200,134,NA,0.863463347275033,NA,"cv_r2",NA,NA,NA,NA,NA,"cz_human_kidney_v1.5"
"epithelial_cell_of_proximal_tubule","TAL1","spearman",1200,134,NA,0.496969024000225,NA,"cv_r2",NA,NA,NA,NA,NA,"cz_human_kidney_v1.5"
"epithelial_cell_of_proximal_tubule","EGR3","rf",1200,134,0.899829971562537,0.899675139718577,NA,"oob_r2",-0.0372076365356261,0.0196078431372549,TRUE,0.916001501819779,0.933333333333333,"cz_human_kidney_v1.5"
"epithelial_cell_of_proximal_tubule","EGR3","lm",1200,134,NA,0.855694723535063,NA,"cv_r2",NA,NA,NA,NA,NA,"cz_human_kidney_v1.5"
"epithelial_cell_of_proximal_tubule","EGR3","ridge",1200,134,NA,0.854136528506583,NA,"cv_r2",NA,NA,NA,NA,NA,"cz_human_kidney_v1.5"
"epithelial_cell_of_proximal_tubule","EGR3","spearman",1200,134,NA,0.524343963707862,NA,"cv_r2",NA,NA,NA,NA,NA,"cz_human_kidney_v1.5"
"epithelial_cell_of_proximal_tubule","GATA2","rf",1200,134,0.914646378869371,0.909857250341031,NA,"oob_r2",-0.0302978761404314,0.0196078431372549,TRUE,0.919016557424518,0.881481481481481,"cz_human_kidney_v1.5"
"epithelial_cell_of_proximal_tubule","GATA2","lm",1200,134,NA,0.881662552589099,NA,"cv_r2",NA,NA,NA,NA,NA,"cz_human_kidney_v1.5"
"epithelial_cell_of_proximal_tubule","GATA2","ridge",1200,134,NA,0.879786178610071,NA,"cv_r2",NA,NA,NA,NA,NA,"cz_human_kidney_v1.5"
"epithelial_cell_of_proximal_tubule","GATA2","spearman",1200,134,NA,0.521119749502964,NA,"cv_r2",NA,NA,NA,NA,NA,"cz_human_kidney_v1.5"
"epithelial_cell_of_proximal_tubule","GATA3","rf",1200,134,0.900895553235795,0.896290918487285,NA,"oob_r2",-0.0359199647087728,0.0196078431372549,TRUE,0.917681655770161,0.77037037037037,"cz_human_kidney_v1.5"
"epithelial_cell_of_proximal_tubule","GATA3","lm",1200,134,NA,0.864631497968305,NA,"cv_r2",NA,NA,NA,NA,NA,"cz_human_kidney_v1.5"
"epithelial_cell_of_proximal_tubule","GATA3","ridge",1200,134,NA,0.863264882170629,NA,"cv_r2",NA,NA,NA,NA,NA,"cz_human_kidney_v1.5"
"epithelial_cell_of_proximal_tubule","GATA3","spearman",1200,134,NA,0.55661155035151,NA,"cv_r2",NA,NA,NA,NA,NA,"cz_human_kidney_v1.5"
"epithelial_cell_of_proximal_tubule","TCF12","rf",1200,134,0.898319657807362,0.89706613151148,NA,"oob_r2",-0.0327616834409819,0.0196078431372549,TRUE,0.896476736340575,0.933333333333333,"cz_human_kidney_v1.5"
"epithelial_cell_of_proximal_tubule","TCF12","lm",1200,134,NA,0.87755130245733,NA,"cv_r2",NA,NA,NA,NA,NA,"cz_human_kidney_v1.5"
"epithelial_cell_of_proximal_tubule","TCF12","ridge",1200,134,NA,0.87510227635026,NA,"cv_r2",NA,NA,NA,NA,NA,"cz_human_kidney_v1.5"
"epithelial_cell_of_proximal_tubule","TCF12","spearman",1200,134,NA,0.397330104819998,NA,"cv_r2",NA,NA,NA,NA,NA,"cz_human_kidney_v1.5"
"epithelial_cell_of_proximal_tubule","ID1","rf",1200,134,0.903444490916595,0.903716252772868,NA,"oob_r2",-0.0341874347456723,0.0196078431372549,TRUE,0.92174732020765,0.881481481481481,"cz_human_kidney_v1.5"
"epithelial_cell_of_proximal_tubule","ID1","lm",1200,134,NA,0.861114218240106,NA,"cv_r2",NA,NA,NA,NA,NA,"cz_human_kidney_v1.5"
"epithelial_cell_of_proximal_tubule","ID1","ridge",1200,134,NA,0.860095999594328,NA,"cv_r2",NA,NA,NA,NA,NA,"cz_human_kidney_v1.5"
"epithelial_cell_of_proximal_tubule","ID1","spearman",1200,134,NA,0.546736329783614,NA,"cv_r2",NA,NA,NA,NA,NA,"cz_human_kidney_v1.5"
"epithelial_cell_of_proximal_tubule","TCF15","rf",1200,134,0.916024602076059,0.913642519346461,NA,"oob_r2",-0.037113773572801,0.0196078431372549,TRUE,0.919361809720542,0.881481481481482,"cz_human_kidney_v1.5"
"epithelial_cell_of_proximal_tubule","TCF15","lm",1200,134,NA,0.879888902702442,NA,"cv_r2",NA,NA,NA,NA,NA,"cz_human_kidney_v1.5"
"epithelial_cell_of_proximal_tubule","TCF15","ridge",1200,134,NA,0.882420270471882,NA,"cv_r2",NA,NA,NA,NA,NA,"cz_human_kidney_v1.5"
"epithelial_cell_of_proximal_tubule","TCF15","spearman",1200,134,NA,0.594188235160544,NA,"cv_r2",NA,NA,NA,NA,NA,"cz_human_kidney_v1.5"
"epithelial_cell_of_proximal_tubule","EGR1","rf",1200,134,0.898243169497242,0.897283630789803,NA,"oob_r2",-0.0393760295749419,0.0196078431372549,TRUE,0.915405983172414,0.933333333333333,"cz_human_kidney_v1.5"
"epithelial_cell_of_proximal_tubule","EGR1","lm",1200,134,NA,0.852107305580682,NA,"cv_r2",NA,NA,NA,NA,NA,"cz_human_kidney_v1.5"
"epithelial_cell_of_proximal_tubule","EGR1","ridge",1200,134,NA,0.850248136837781,NA,"cv_r2",NA,NA,NA,NA,NA,"cz_human_kidney_v1.5"
"epithelial_cell_of_proximal_tubule","EGR1","spearman",1200,134,NA,0.614620095949217,NA,"cv_r2",NA,NA,NA,NA,NA,"cz_human_kidney_v1.5"
"epithelial_cell_of_proximal_tubule","GLIS3","rf",1200,134,0.917029444116464,0.913541455424603,NA,"oob_r2",-0.0283947612143427,0.0196078431372549,TRUE,0.91355348016254,0.785185185185185,"cz_human_kidney_v1.5"
"epithelial_cell_of_proximal_tubule","GLIS3","lm",1200,134,NA,0.893307749684105,NA,"cv_r2",NA,NA,NA,NA,NA,"cz_human_kidney_v1.5"
"epithelial_cell_of_proximal_tubule","GLIS3","ridge",1200,134,NA,0.8935908402441,NA,"cv_r2",NA,NA,NA,NA,NA,"cz_human_kidney_v1.5"
"epithelial_cell_of_proximal_tubule","GLIS3","spearman",1200,134,NA,0.647335317346164,NA,"cv_r2",NA,NA,NA,NA,NA,"cz_human_kidney_v1.5"
"epithelial_cell_of_proximal_tubule","POU1F1","rf",1200,134,0.89100084223173,0.88680647658449,NA,"oob_r2",-0.0322602814577106,0.0196078431372549,TRUE,0.918788568990193,0.874074074074074,"cz_human_kidney_v1.5"
"epithelial_cell_of_proximal_tubule","POU1F1","lm",1200,134,NA,0.853765704546471,NA,"cv_r2",NA,NA,NA,NA,NA,"cz_human_kidney_v1.5"
"epithelial_cell_of_proximal_tubule","POU1F1","ridge",1200,134,NA,0.853960509865983,NA,"cv_r2",NA,NA,NA,NA,NA,"cz_human_kidney_v1.5"
"epithelial_cell_of_proximal_tubule","POU1F1","spearman",1200,134,NA,0.552682530277308,NA,"cv_r2",NA,NA,NA,NA,NA,"cz_human_kidney_v1.5"
"epithelial_cell_of_proximal_tubule","PGR","rf",1200,134,0.907864854383369,0.902141801175404,NA,"oob_r2",-0.0369904420531464,0.0196078431372549,TRUE,0.919346071092602,0.785185185185185,"cz_human_kidney_v1.5"
"epithelial_cell_of_proximal_tubule","PGR","lm",1200,134,NA,0.865070452852913,NA,"cv_r2",NA,NA,NA,NA,NA,"cz_human_kidney_v1.5"
"epithelial_cell_of_proximal_tubule","PGR","ridge",1200,134,NA,0.864428155761651,NA,"cv_r2",NA,NA,NA,NA,NA,"cz_human_kidney_v1.5"
"epithelial_cell_of_proximal_tubule","PGR","spearman",1200,134,NA,0.579028693990025,NA,"cv_r2",NA,NA,NA,NA,NA,"cz_human_kidney_v1.5"
"epithelial_cell_of_proximal_tubule","NFIA","rf",1200,134,0.8891462833368,0.885733219666164,NA,"oob_r2",-0.0318515478358468,0.0196078431372549,TRUE,0.916376458005157,0.792592592592593,"cz_human_kidney_v1.5"
"epithelial_cell_of_proximal_tubule","NFIA","lm",1200,134,NA,0.842510586862395,NA,"cv_r2",NA,NA,NA,NA,NA,"cz_human_kidney_v1.5"
"epithelial_cell_of_proximal_tubule","NFIA","ridge",1200,134,NA,0.842054883755146,NA,"cv_r2",NA,NA,NA,NA,NA,"cz_human_kidney_v1.5"
"epithelial_cell_of_proximal_tubule","NFIA","spearman",1200,134,NA,0.543483981099601,NA,"cv_r2",NA,NA,NA,NA,NA,"cz_human_kidney_v1.5"
"epithelial_cell_of_proximal_tubule","EBF1","rf",1200,134,0.908399099811843,0.902185617866082,NA,"oob_r2",-0.0371574618102771,0.0196078431372549,TRUE,0.912632659592597,0.740740740740741,"cz_human_kidney_v1.5"
"epithelial_cell_of_proximal_tubule","EBF1","lm",1200,134,NA,0.867505575178896,NA,"cv_r2",NA,NA,NA,NA,NA,"cz_human_kidney_v1.5"
"epithelial_cell_of_proximal_tubule","EBF1","ridge",1200,134,NA,0.867191109214389,NA,"cv_r2",NA,NA,NA,NA,NA,"cz_human_kidney_v1.5"
"epithelial_cell_of_proximal_tubule","EBF1","spearman",1200,134,NA,0.639451279775202,NA,"cv_r2",NA,NA,NA,NA,NA,"cz_human_kidney_v1.5"
"epithelial_cell_of_proximal_tubule","TBX21","rf",1200,134,0.908476941439758,0.904120830891067,NA,"oob_r2",-0.0382115706968723,0.0196078431372549,TRUE,0.914646760627384,1,"cz_human_kidney_v1.5"
"epithelial_cell_of_proximal_tubule","TBX21","lm",1200,134,NA,0.880927718844442,NA,"cv_r2",NA,NA,NA,NA,NA,"cz_human_kidney_v1.5"
"epithelial_cell_of_proximal_tubule","TBX21","ridge",1200,134,NA,0.878779134936772,NA,"cv_r2",NA,NA,NA,NA,NA,"cz_human_kidney_v1.5"
"epithelial_cell_of_proximal_tubule","TBX21","spearman",1200,134,NA,0.497177611178779,NA,"cv_r2",NA,NA,NA,NA,NA,"cz_human_kidney_v1.5"
"epithelial_cell_of_proximal_tubule","LYL1","rf",1200,134,0.892692528288854,0.887094728764107,NA,"oob_r2",-0.035168876065182,0.0196078431372549,TRUE,0.918070577216951,0.82962962962963,"cz_human_kidney_v1.5"
"epithelial_cell_of_proximal_tubule","LYL1","lm",1200,134,NA,0.850050549352432,NA,"cv_r2",NA,NA,NA,NA,NA,"cz_human_kidney_v1.5"
"epithelial_cell_of_proximal_tubule","LYL1","ridge",1200,134,NA,0.848226115669484,NA,"cv_r2",NA,NA,NA,NA,NA,"cz_human_kidney_v1.5"
"epithelial_cell_of_proximal_tubule","LYL1","spearman",1200,134,NA,0.420210630266478,NA,"cv_r2",NA,NA,NA,NA,NA,"cz_human_kidney_v1.5"
"epithelial_cell_of_proximal_tubule","MAF","rf",1200,134,0.866160824847092,0.864792150230741,NA,"oob_r2",-0.0401133489151663,0.0196078431372549,TRUE,0.901827093992582,1,"cz_human_kidney_v1.5"
"epithelial_cell_of_proximal_tubule","MAF","lm",1200,134,NA,0.831960765659547,NA,"cv_r2",NA,NA,NA,NA,NA,"cz_human_kidney_v1.5"
"epithelial_cell_of_proximal_tubule","MAF","ridge",1200,134,NA,0.830284539556169,NA,"cv_r2",NA,NA,NA,NA,NA,"cz_human_kidney_v1.5"
"epithelial_cell_of_proximal_tubule","MAF","spearman",1200,134,NA,0.404248418676248,NA,"cv_r2",NA,NA,NA,NA,NA,"cz_human_kidney_v1.5"
"epithelial_cell_of_proximal_tubule","TWIST1","rf",1200,134,0.865941986349389,0.868875960552408,NA,"oob_r2",-0.0328849780789222,0.0196078431372549,TRUE,0.930495004786704,0.785185185185185,"cz_human_kidney_v1.5"
"epithelial_cell_of_proximal_tubule","TWIST1","lm",1200,134,NA,0.81219193345466,NA,"cv_r2",NA,NA,NA,NA,NA,"cz_human_kidney_v1.5"
"epithelial_cell_of_proximal_tubule","TWIST1","ridge",1200,134,NA,0.814657991317237,NA,"cv_r2",NA,NA,NA,NA,NA,"cz_human_kidney_v1.5"
"epithelial_cell_of_proximal_tubule","TWIST1","spearman",1200,134,NA,0.588808545292822,NA,"cv_r2",NA,NA,NA,NA,NA,"cz_human_kidney_v1.5"
"epithelial_cell_of_proximal_tubule","NR5A2","rf",1200,134,0.89645738924423,0.893557699835162,NA,"oob_r2",-0.0284408195738006,0.0196078431372549,TRUE,0.91324347352627,0.874074074074074,"cz_human_kidney_v1.5"
"epithelial_cell_of_proximal_tubule","NR5A2","lm",1200,134,NA,0.8671590215563,NA,"cv_r2",NA,NA,NA,NA,NA,"cz_human_kidney_v1.5"
"epithelial_cell_of_proximal_tubule","NR5A2","ridge",1200,134,NA,0.867000217512747,NA,"cv_r2",NA,NA,NA,NA,NA,"cz_human_kidney_v1.5"
"epithelial_cell_of_proximal_tubule","NR5A2","spearman",1200,134,NA,0.499521341613867,NA,"cv_r2",NA,NA,NA,NA,NA,"cz_human_kidney_v1.5"
"epithelial_cell_of_proximal_tubule","POU3F1","rf",1200,134,0.900524650034044,0.894388378884917,NA,"oob_r2",-0.0298580906327712,0.0196078431372549,TRUE,0.907436806499389,0.8,"cz_human_kidney_v1.5"
"epithelial_cell_of_proximal_tubule","POU3F1","lm",1200,134,NA,0.86245627737349,NA,"cv_r2",NA,NA,NA,NA,NA,"cz_human_kidney_v1.5"
"epithelial_cell_of_proximal_tubule","POU3F1","ridge",1200,134,NA,0.867824766240552,NA,"cv_r2",NA,NA,NA,NA,NA,"cz_human_kidney_v1.5"
"epithelial_cell_of_proximal_tubule","POU3F1","spearman",1200,134,NA,0.60186113240332,NA,"cv_r2",NA,NA,NA,NA,NA,"cz_human_kidney_v1.5"
"epithelial_cell_of_proximal_tubule","FOXP1","rf",1200,134,0.902498425184321,0.90079017591434,NA,"oob_r2",-0.0317546534042704,0.0196078431372549,TRUE,0.92454192418581,0.881481481481481,"cz_human_kidney_v1.5"
"epithelial_cell_of_proximal_tubule","FOXP1","lm",1200,134,NA,0.881201619857476,NA,"cv_r2",NA,NA,NA,NA,NA,"cz_human_kidney_v1.5"
"epithelial_cell_of_proximal_tubule","FOXP1","ridge",1200,134,NA,0.880994039627794,NA,"cv_r2",NA,NA,NA,NA,NA,"cz_human_kidney_v1.5"
"epithelial_cell_of_proximal_tubule","FOXP1","spearman",1200,134,NA,0.676513627809133,NA,"cv_r2",NA,NA,NA,NA,NA,"cz_human_kidney_v1.5"
"epithelial_cell_of_proximal_tubule","MEF2C","rf",1200,134,0.885489512091817,0.881093758295759,NA,"oob_r2",-0.0383230773038522,0.0196078431372549,TRUE,0.918711205875385,0.822222222222222,"cz_human_kidney_v1.5"
"epithelial_cell_of_proximal_tubule","MEF2C","lm",1200,134,NA,0.83241151122339,NA,"cv_r2",NA,NA,NA,NA,NA,"cz_human_kidney_v1.5"
"epithelial_cell_of_proximal_tubule","MEF2C","ridge",1200,134,NA,0.835424140717379,NA,"cv_r2",NA,NA,NA,NA,NA,"cz_human_kidney_v1.5"
"epithelial_cell_of_proximal_tubule","MEF2C","spearman",1200,134,NA,0.602479861172831,NA,"cv_r2",NA,NA,NA,NA,NA,"cz_human_kidney_v1.5"
"epithelial_cell_of_proximal_tubule","CREB5","rf",1200,134,0.903828123919577,0.901373296790704,NA,"oob_r2",-0.0383629975370133,0.0196078431372549,TRUE,0.92687999711828,0.77037037037037,"cz_human_kidney_v1.5"
"epithelial_cell_of_proximal_tubule","CREB5","lm",1200,134,NA,0.865908578156631,NA,"cv_r2",NA,NA,NA,NA,NA,"cz_human_kidney_v1.5"
"epithelial_cell_of_proximal_tubule","CREB5","ridge",1200,134,NA,0.866920516730172,NA,"cv_r2",NA,NA,NA,NA,NA,"cz_human_kidney_v1.5"
"epithelial_cell_of_proximal_tubule","CREB5","spearman",1200,134,NA,0.685828061209822,NA,"cv_r2",NA,NA,NA,NA,NA,"cz_human_kidney_v1.5"
"epithelial_cell_of_proximal_tubule","IRX1","rf",1200,134,0.916429688106113,0.9164923579083,NA,"oob_r2",-0.0361641259191876,0.0196078431372549,TRUE,0.935307478203524,0.822222222222222,"cz_human_kidney_v1.5"
"epithelial_cell_of_proximal_tubule","IRX1","lm",1200,134,NA,0.906897313572151,NA,"cv_r2",NA,NA,NA,NA,NA,"cz_human_kidney_v1.5"
"epithelial_cell_of_proximal_tubule","IRX1","ridge",1200,134,NA,0.905968474814709,NA,"cv_r2",NA,NA,NA,NA,NA,"cz_human_kidney_v1.5"
"epithelial_cell_of_proximal_tubule","IRX1","spearman",1200,134,NA,0.682338931480162,NA,"cv_r2",NA,NA,NA,NA,NA,"cz_human_kidney_v1.5"
"epithelial_cell_of_proximal_tubule","IRX2","rf",1200,134,0.914000878141445,0.910302132530829,NA,"oob_r2",-0.0398590412506513,0.0196078431372549,TRUE,0.930473724388362,0.881481481481481,"cz_human_kidney_v1.5"
"epithelial_cell_of_proximal_tubule","IRX2","lm",1200,134,NA,0.894860634818719,NA,"cv_r2",NA,NA,NA,NA,NA,"cz_human_kidney_v1.5"
"epithelial_cell_of_proximal_tubule","IRX2","ridge",1200,134,NA,0.89549974593639,NA,"cv_r2",NA,NA,NA,NA,NA,"cz_human_kidney_v1.5"
"epithelial_cell_of_proximal_tubule","IRX2","spearman",1200,134,NA,0.688121336681765,NA,"cv_r2",NA,NA,NA,NA,NA,"cz_human_kidney_v1.5"
"epithelial_cell_of_proximal_tubule","LHX6","rf",1200,134,0.903624690712899,0.895739173492753,NA,"oob_r2",-0.0475459565484919,0.0196078431372549,TRUE,0.917679106555776,0.933333333333333,"cz_human_kidney_v1.5"
"epithelial_cell_of_proximal_tubule","LHX6","lm",1200,134,NA,0.859087758381445,NA,"cv_r2",NA,NA,NA,NA,NA,"cz_human_kidney_v1.5"
"epithelial_cell_of_proximal_tubule","LHX6","ridge",1200,134,NA,0.862340745355548,NA,"cv_r2",NA,NA,NA,NA,NA,"cz_human_kidney_v1.5"
"epithelial_cell_of_proximal_tubule","LHX6","spearman",1200,134,NA,0.677052888468854,NA,"cv_r2",NA,NA,NA,NA,NA,"cz_human_kidney_v1.5"
"epithelial_cell_of_proximal_tubule","IKZF1","rf",1200,134,0.889461848824226,0.885025890136992,NA,"oob_r2",-0.037627388792127,0.0196078431372549,TRUE,0.915369407487763,1,"cz_human_kidney_v1.5"
"epithelial_cell_of_proximal_tubule","IKZF1","lm",1200,134,NA,0.853218914977452,NA,"cv_r2",NA,NA,NA,NA,NA,"cz_human_kidney_v1.5"
"epithelial_cell_of_proximal_tubule","IKZF1","ridge",1200,134,NA,0.856908061229691,NA,"cv_r2",NA,NA,NA,NA,NA,"cz_human_kidney_v1.5"
"epithelial_cell_of_proximal_tubule","IKZF1","spearman",1200,134,NA,0.576350402934069,NA,"cv_r2",NA,NA,NA,NA,NA,"cz_human_kidney_v1.5"
"epithelial_cell_of_proximal_tubule","NR4A3","rf",1200,134,0.8698531493659,0.873685509883326,NA,"oob_r2",-0.0514049404007493,0.0196078431372549,TRUE,0.904740846034379,0.881481481481482,"cz_human_kidney_v1.5"
"epithelial_cell_of_proximal_tubule","NR4A3","lm",1200,134,NA,0.819498741289351,NA,"cv_r2",NA,NA,NA,NA,NA,"cz_human_kidney_v1.5"
"epithelial_cell_of_proximal_tubule","NR4A3","ridge",1200,134,NA,0.827956513261831,NA,"cv_r2",NA,NA,NA,NA,NA,"cz_human_kidney_v1.5"
"epithelial_cell_of_proximal_tubule","NR4A3","spearman",1200,134,NA,0.585150531458012,NA,"cv_r2",NA,NA,NA,NA,NA,"cz_human_kidney_v1.5"
"epithelial_cell_of_proximal_tubule","IKZF3","rf",1200,134,0.861403217123567,0.86174297506044,NA,"oob_r2",-0.0421836166064832,0.0196078431372549,TRUE,0.91396889127185,0.868783068783069,"cz_human_kidney_v1.5"
"epithelial_cell_of_proximal_tubule","IKZF3","lm",1200,134,NA,0.813902729713681,NA,"cv_r2",NA,NA,NA,NA,NA,"cz_human_kidney_v1.5"
"epithelial_cell_of_proximal_tubule","IKZF3","ridge",1200,134,NA,0.824400876839424,NA,"cv_r2",NA,NA,NA,NA,NA,"cz_human_kidney_v1.5"
"epithelial_cell_of_proximal_tubule","IKZF3","spearman",1200,134,NA,0.616112568789654,NA,"cv_r2",NA,NA,NA,NA,NA,"cz_human_kidney_v1.5"
"epithelial_cell_of_proximal_tubule","ONECUT3","rf",1200,134,0.883125790402,0.879743526060741,NA,"oob_r2",-0.0585762292238876,0.0196078431372549,TRUE,0.897124347629716,0.822222222222222,"cz_human_kidney_v1.5"
"epithelial_cell_of_proximal_tubule","ONECUT3","lm",1200,134,NA,0.842921688740018,NA,"cv_r2",NA,NA,NA,NA,NA,"cz_human_kidney_v1.5"
"epithelial_cell_of_proximal_tubule","ONECUT3","ridge",1200,134,NA,0.848826123032827,NA,"cv_r2",NA,NA,NA,NA,NA,"cz_human_kidney_v1.5"
"epithelial_cell_of_proximal_tubule","ONECUT3","spearman",1200,134,NA,0.553893375376646,NA,"cv_r2",NA,NA,NA,NA,NA,"cz_human_kidney_v1.5"
"epithelial_cell_of_proximal_tubule","PROP1","rf",1200,134,0.884754498904867,0.884282664870606,NA,"oob_r2",-0.0901728462706508,0.0196078431372549,TRUE,0.892585859341555,0.874074074074074,"cz_human_kidney_v1.5"
"epithelial_cell_of_proximal_tubule","PROP1","lm",1200,134,NA,0.877781449710183,NA,"cv_r2",NA,NA,NA,NA,NA,"cz_human_kidney_v1.5"
"epithelial_cell_of_proximal_tubule","PROP1","ridge",1200,134,NA,0.880980411469821,NA,"cv_r2",NA,NA,NA,NA,NA,"cz_human_kidney_v1.5"
"epithelial_cell_of_proximal_tubule","PROP1","spearman",1200,134,NA,0.194517856816508,NA,"cv_r2",NA,NA,NA,NA,NA,"cz_human_kidney_v1.5"
"epithelial_cell_of_proximal_tubule","HES5","rf",1200,134,0.828390415910896,0.823612556207813,NA,"oob_r2",-0.0662680436420962,0.0196078431372549,TRUE,0.907291722950272,0.755555555555556,"cz_human_kidney_v1.5"
"epithelial_cell_of_proximal_tubule","HES5","lm",1200,134,NA,0.780930970727076,NA,"cv_r2",NA,NA,NA,NA,NA,"cz_human_kidney_v1.5"
"epithelial_cell_of_proximal_tubule","HES5","ridge",1200,134,NA,0.79270637583409,NA,"cv_r2",NA,NA,NA,NA,NA,"cz_human_kidney_v1.5"
"epithelial_cell_of_proximal_tubule","HES5","spearman",1200,134,NA,0.451515526877237,NA,"cv_r2",NA,NA,NA,NA,NA,"cz_human_kidney_v1.5"
"epithelial_cell_of_proximal_tubule","IRF4","rf",1200,134,0.84866971614075,0.848020329022379,NA,"oob_r2",-0.0629696773973354,0.0196078431372549,TRUE,0.89697981825764,0.933333333333333,"cz_human_kidney_v1.5"
"epithelial_cell_of_proximal_tubule","IRF4","lm",1200,134,NA,0.817362613385923,NA,"cv_r2",NA,NA,NA,NA,NA,"cz_human_kidney_v1.5"
"epithelial_cell_of_proximal_tubule","IRF4","ridge",1200,134,NA,0.828795346808554,NA,"cv_r2",NA,NA,NA,NA,NA,"cz_human_kidney_v1.5"
"epithelial_cell_of_proximal_tubule","IRF4","spearman",1200,134,NA,0.511923025221269,NA,"cv_r2",NA,NA,NA,NA,NA,"cz_human_kidney_v1.5"
"epithelial_cell_of_proximal_tubule","ERG","rf",1200,134,0.800946936045338,0.800024939832942,NA,"oob_r2",-0.0529897514891131,0.0196078431372549,TRUE,0.890077986563978,0.733333333333333,"cz_human_kidney_v1.5"
"epithelial_cell_of_proximal_tubule","ERG","lm",1200,134,NA,0.770300773525094,NA,"cv_r2",NA,NA,NA,NA,NA,"cz_human_kidney_v1.5"
"epithelial_cell_of_proximal_tubule","ERG","ridge",1200,134,NA,0.778264959388648,NA,"cv_r2",NA,NA,NA,NA,NA,"cz_human_kidney_v1.5"
"epithelial_cell_of_proximal_tubule","ERG","spearman",1200,134,NA,0.420283074289703,NA,"cv_r2",NA,NA,NA,NA,NA,"cz_human_kidney_v1.5"
"epithelial_cell_of_proximal_tubule","VSX1","rf",1200,134,0.900117892202761,0.893678890700365,NA,"oob_r2",-0.0885738331639218,0.0196078431372549,TRUE,0.879196166203236,0.844444444444444,"cz_human_kidney_v1.5"
"epithelial_cell_of_proximal_tubule","VSX1","lm",1200,134,NA,0.891924597809908,NA,"cv_r2",NA,NA,NA,NA,NA,"cz_human_kidney_v1.5"
"epithelial_cell_of_proximal_tubule","VSX1","ridge",1200,134,NA,0.894492151063798,NA,"cv_r2",NA,NA,NA,NA,NA,"cz_human_kidney_v1.5"
"epithelial_cell_of_proximal_tubule","VSX1","spearman",1200,134,NA,0.544122248437224,NA,"cv_r2",NA,NA,NA,NA,NA,"cz_human_kidney_v1.5"
"epithelial_cell_of_proximal_tubule","TCF23","rf",1200,134,0.896333944480635,0.894951198363462,NA,"oob_r2",-0.0816516439478484,0.0196078431372549,TRUE,0.895732476575629,0.8,"cz_human_kidney_v1.5"
"epithelial_cell_of_proximal_tubule","TCF23","lm",1200,134,NA,0.868888177982904,NA,"cv_r2",NA,NA,NA,NA,NA,"cz_human_kidney_v1.5"
"epithelial_cell_of_proximal_tubule","TCF23","ridge",1200,134,NA,0.87303383346201,NA,"cv_r2",NA,NA,NA,NA,NA,"cz_human_kidney_v1.5"
"epithelial_cell_of_proximal_tubule","TCF23","spearman",1200,134,NA,0.498584690499505,NA,"cv_r2",NA,NA,NA,NA,NA,"cz_human_kidney_v1.5"
"epithelial_cell_of_proximal_tubule","MITF","rf",1200,134,0.901020329477605,0.899107896926629,NA,"oob_r2",-0.0671684697428552,0.0196078431372549,TRUE,0.899408111212249,0.792592592592593,"cz_human_kidney_v1.5"
"epithelial_cell_of_proximal_tubule","MITF","lm",1200,134,NA,0.866170072007012,NA,"cv_r2",NA,NA,NA,NA,NA,"cz_human_kidney_v1.5"
"epithelial_cell_of_proximal_tubule","MITF","ridge",1200,134,NA,0.872964742648886,NA,"cv_r2",NA,NA,NA,NA,NA,"cz_human_kidney_v1.5"
"epithelial_cell_of_proximal_tubule","MITF","spearman",1200,134,NA,0.553556221471143,NA,"cv_r2",NA,NA,NA,NA,NA,"cz_human_kidney_v1.5"
"epithelial_cell_of_proximal_tubule","DMRT2","rf",1200,134,0.899766027846728,0.903283024417469,NA,"oob_r2",-0.080739354970426,0.0196078431372549,TRUE,0.874994839226314,0.933333333333333,"cz_human_kidney_v1.5"
"epithelial_cell_of_proximal_tubule","DMRT2","lm",1200,134,NA,0.897012528218026,NA,"cv_r2",NA,NA,NA,NA,NA,"cz_human_kidney_v1.5"
"epithelial_cell_of_proximal_tubule","DMRT2","ridge",1200,134,NA,0.90060372402799,NA,"cv_r2",NA,NA,NA,NA,NA,"cz_human_kidney_v1.5"
"epithelial_cell_of_proximal_tubule","DMRT2","spearman",1200,134,NA,0.605937047498619,NA,"cv_r2",NA,NA,NA,NA,NA,"cz_human_kidney_v1.5"
"epithelial_cell_of_proximal_tubule","AFP","rf",1200,134,0.904054128834193,0.903760763222646,NA,"oob_r2",-0.0698066473055149,0.0196078431372549,TRUE,0.884554393169214,0.77037037037037,"cz_human_kidney_v1.5"
"epithelial_cell_of_proximal_tubule","AFP","lm",1200,134,NA,0.892073848605269,NA,"cv_r2",NA,NA,NA,NA,NA,"cz_human_kidney_v1.5"
"epithelial_cell_of_proximal_tubule","AFP","ridge",1200,134,NA,0.895290051931303,NA,"cv_r2",NA,NA,NA,NA,NA,"cz_human_kidney_v1.5"
"epithelial_cell_of_proximal_tubule","AFP","spearman",1200,134,NA,0.565190570456986,NA,"cv_r2",NA,NA,NA,NA,NA,"cz_human_kidney_v1.5"
"epithelial_cell_of_proximal_tubule","FOXF1","rf",1200,134,0.904270694973491,0.904901488196541,NA,"oob_r2",-0.0773413832915888,0.0196078431372549,TRUE,0.884877478383632,0.844444444444444,"cz_human_kidney_v1.5"
"epithelial_cell_of_proximal_tubule","FOXF1","lm",1200,134,NA,0.888602762936963,NA,"cv_r2",NA,NA,NA,NA,NA,"cz_human_kidney_v1.5"
"epithelial_cell_of_proximal_tubule","FOXF1","ridge",1200,134,NA,0.892053632383237,NA,"cv_r2",NA,NA,NA,NA,NA,"cz_human_kidney_v1.5"
"epithelial_cell_of_proximal_tubule","FOXF1","spearman",1200,134,NA,0.551670710395064,NA,"cv_r2",NA,NA,NA,NA,NA,"cz_human_kidney_v1.5"
"epithelial_cell_of_proximal_tubule","EOMES","rf",1200,134,0.90408958648052,0.900345077572571,NA,"oob_r2",-0.0565774380303344,0.0196078431372549,TRUE,0.905278286927934,1,"cz_human_kidney_v1.5"
"epithelial_cell_of_proximal_tubule","EOMES","lm",1200,134,NA,0.871343750889689,NA,"cv_r2",NA,NA,NA,NA,NA,"cz_human_kidney_v1.5"
"epithelial_cell_of_proximal_tubule","EOMES","ridge",1200,134,NA,0.87717333369767,NA,"cv_r2",NA,NA,NA,NA,NA,"cz_human_kidney_v1.5"
"epithelial_cell_of_proximal_tubule","EOMES","spearman",1200,134,NA,0.540849633483091,NA,"cv_r2",NA,NA,NA,NA,NA,"cz_human_kidney_v1.5"
"epithelial_cell_of_proximal_tubule","ZBTB16","rf",1200,134,0.899759748371618,0.893176763452972,NA,"oob_r2",-0.0788127123611767,0.0196078431372549,TRUE,0.882091408731891,0.694179894179894,"cz_human_kidney_v1.5"
"epithelial_cell_of_proximal_tubule","ZBTB16","lm",1200,134,NA,0.869602883152694,NA,"cv_r2",NA,NA,NA,NA,NA,"cz_human_kidney_v1.5"
"epithelial_cell_of_proximal_tubule","ZBTB16","ridge",1200,134,NA,0.871789553147052,NA,"cv_r2",NA,NA,NA,NA,NA,"cz_human_kidney_v1.5"
"epithelial_cell_of_proximal_tubule","ZBTB16","spearman",1200,134,NA,0.47834383488047,NA,"cv_r2",NA,NA,NA,NA,NA,"cz_human_kidney_v1.5"
"epithelial_cell_of_proximal_tubule","SOX3","rf",1200,134,0.90597411033992,0.900243918014345,NA,"oob_r2",-0.071610930379883,0.0196078431372549,TRUE,0.894220016597603,0.874074074074074,"cz_human_kidney_v1.5"
"epithelial_cell_of_proximal_tubule","SOX3","lm",1200,134,NA,0.879680845946549,NA,"cv_r2",NA,NA,NA,NA,NA,"cz_human_kidney_v1.5"
"epithelial_cell_of_proximal_tubule","SOX3","ridge",1200,134,NA,0.882636801234802,NA,"cv_r2",NA,NA,NA,NA,NA,"cz_human_kidney_v1.5"
"epithelial_cell_of_proximal_tubule","SOX3","spearman",1200,134,NA,0.533693474329478,NA,"cv_r2",NA,NA,NA,NA,NA,"cz_human_kidney_v1.5"
"epithelial_cell_of_proximal_tubule","SOX18","rf",1200,134,0.908029845758952,0.901306581592889,NA,"oob_r2",-0.0596423382298304,0.0196078431372549,TRUE,0.897719533770856,0.648677248677249,"cz_human_kidney_v1.5"
"epithelial_cell_of_proximal_tubule","SOX18","lm",1200,134,NA,0.881856266875953,NA,"cv_r2",NA,NA,NA,NA,NA,"cz_human_kidney_v1.5"
"epithelial_cell_of_proximal_tubule","SOX18","ridge",1200,134,NA,0.88278702789036,NA,"cv_r2",NA,NA,NA,NA,NA,"cz_human_kidney_v1.5"
"epithelial_cell_of_proximal_tubule","SOX18","spearman",1200,134,NA,0.569189729019867,NA,"cv_r2",NA,NA,NA,NA,NA,"cz_human_kidney_v1.5"
"epithelial_cell_of_proximal_tubule","NR2E3","rf",1200,134,0.87733105145998,0.865717577842961,NA,"oob_r2",-0.0661371164347917,0.0196078431372549,TRUE,0.897686504819262,0.681481481481481,"cz_human_kidney_v1.5"
"epithelial_cell_of_proximal_tubule","NR2E3","lm",1200,134,NA,0.853077696664948,NA,"cv_r2",NA,NA,NA,NA,NA,"cz_human_kidney_v1.5"
"epithelial_cell_of_proximal_tubule","NR2E3","ridge",1200,134,NA,0.855377862999652,NA,"cv_r2",NA,NA,NA,NA,NA,"cz_human_kidney_v1.5"
"epithelial_cell_of_proximal_tubule","NR2E3","spearman",1200,134,NA,0.600563118369537,NA,"cv_r2",NA,NA,NA,NA,NA,"cz_human_kidney_v1.5"
"epithelial_cell_of_proximal_tubule","NKX6-2","rf",1200,134,0.899326677391732,0.895758115555668,NA,"oob_r2",-0.0689831383750134,0.0196078431372549,TRUE,0.897967583414035,0.792592592592593,"cz_human_kidney_v1.5"
"epithelial_cell_of_proximal_tubule","NKX6-2","lm",1200,134,NA,0.887422468596246,NA,"cv_r2",NA,NA,NA,NA,NA,"cz_human_kidney_v1.5"
"epithelial_cell_of_proximal_tubule","NKX6-2","ridge",1200,134,NA,0.890512569667095,NA,"cv_r2",NA,NA,NA,NA,NA,"cz_human_kidney_v1.5"
"epithelial_cell_of_proximal_tubule","NKX6-2","spearman",1200,134,NA,0.635492727065564,NA,"cv_r2",NA,NA,NA,NA,NA,"cz_human_kidney_v1.5"
"epithelial_cell_of_proximal_tubule","TBPL2","rf",1200,134,0.90204883243754,0.893569387649507,NA,"oob_r2",-0.0669457569734112,0.0196078431372549,TRUE,0.891874628528203,0.785185185185185,"cz_human_kidney_v1.5"
"epithelial_cell_of_proximal_tubule","TBPL2","lm",1200,134,NA,0.882806180718669,NA,"cv_r2",NA,NA,NA,NA,NA,"cz_human_kidney_v1.5"
"epithelial_cell_of_proximal_tubule","TBPL2","ridge",1200,134,NA,0.885655332054717,NA,"cv_r2",NA,NA,NA,NA,NA,"cz_human_kidney_v1.5"
"epithelial_cell_of_proximal_tubule","TBPL2","spearman",1200,134,NA,0.600942683301681,NA,"cv_r2",NA,NA,NA,NA,NA,"cz_human_kidney_v1.5"
"epithelial_cell_of_proximal_tubule","NR4A2","rf",1200,134,0.900475621623995,0.903129914306895,NA,"oob_r2",-0.0642071510428804,0.0196078431372549,TRUE,0.900337355273202,0.762962962962963,"cz_human_kidney_v1.5"
"epithelial_cell_of_proximal_tubule","NR4A2","lm",1200,134,NA,0.876403032552251,NA,"cv_r2",NA,NA,NA,NA,NA,"cz_human_kidney_v1.5"
"epithelial_cell_of_proximal_tubule","NR4A2","ridge",1200,134,NA,0.880214605428438,NA,"cv_r2",NA,NA,NA,NA,NA,"cz_human_kidney_v1.5"
"epithelial_cell_of_proximal_tubule","NR4A2","spearman",1200,134,NA,0.636396240120383,NA,"cv_r2",NA,NA,NA,NA,NA,"cz_human_kidney_v1.5"
"epithelial_cell_of_proximal_tubule","NPAS3","rf",1200,134,0.913031298689465,0.910033340915095,NA,"oob_r2",-0.073071750199357,0.0196078431372549,TRUE,0.890393202464425,0.816931216931217,"cz_human_kidney_v1.5"
"epithelial_cell_of_proximal_tubule","NPAS3","lm",1200,134,NA,0.885642125554775,NA,"cv_r2",NA,NA,NA,NA,NA,"cz_human_kidney_v1.5"
"epithelial_cell_of_proximal_tubule","NPAS3","ridge",1200,134,NA,0.891439882635488,NA,"cv_r2",NA,NA,NA,NA,NA,"cz_human_kidney_v1.5"
"epithelial_cell_of_proximal_tubule","NPAS3","spearman",1200,134,NA,0.603143491807205,NA,"cv_r2",NA,NA,NA,NA,NA,"cz_human_kidney_v1.5"
"epithelial_cell_of_proximal_tubule","JUND","rf",1200,134,0.83359960193396,0.828887417738821,NA,"oob_r2",-0.0405087811443484,0.0196078431372549,TRUE,0.871941877912027,1,"cz_human_kidney_v1.5"
"epithelial_cell_of_proximal_tubule","JUND","lm",1200,134,NA,0.811166889158192,NA,"cv_r2",NA,NA,NA,NA,NA,"cz_human_kidney_v1.5"
"epithelial_cell_of_proximal_tubule","JUND","ridge",1200,134,NA,0.811614458158781,NA,"cv_r2",NA,NA,NA,NA,NA,"cz_human_kidney_v1.5"
"epithelial_cell_of_proximal_tubule","JUND","spearman",1200,134,NA,0.45004673243231,NA,"cv_r2",NA,NA,NA,NA,NA,"cz_human_kidney_v1.5"
"epithelial_cell_of_proximal_tubule","ID3","rf",1200,134,0.843042921561924,0.844354424768468,NA,"oob_r2",-0.0422385961505894,0.0196078431372549,TRUE,0.890706423327528,0.8,"cz_human_kidney_v1.5"
"epithelial_cell_of_proximal_tubule","ID3","lm",1200,134,NA,0.834874039339866,NA,"cv_r2",NA,NA,NA,NA,NA,"cz_human_kidney_v1.5"
"epithelial_cell_of_proximal_tubule","ID3","ridge",1200,134,NA,0.832562757568864,NA,"cv_r2",NA,NA,NA,NA,NA,"cz_human_kidney_v1.5"
"epithelial_cell_of_proximal_tubule","ID3","spearman",1200,134,NA,0.445237690415806,NA,"cv_r2",NA,NA,NA,NA,NA,"cz_human_kidney_v1.5"
"epithelial_cell_of_proximal_tubule","HOXA13","rf",1200,134,0.89306937229942,0.888070559393703,NA,"oob_r2",-0.041850548523138,0.0196078431372549,TRUE,0.908382343365323,0.785185185185185,"cz_human_kidney_v1.5"
"epithelial_cell_of_proximal_tubule","HOXA13","lm",1200,134,NA,0.872682771212754,NA,"cv_r2",NA,NA,NA,NA,NA,"cz_human_kidney_v1.5"
"epithelial_cell_of_proximal_tubule","HOXA13","ridge",1200,134,NA,0.876123302651438,NA,"cv_r2",NA,NA,NA,NA,NA,"cz_human_kidney_v1.5"
"epithelial_cell_of_proximal_tubule","HOXA13","spearman",1200,134,NA,0.670031469553274,NA,"cv_r2",NA,NA,NA,NA,NA,"cz_human_kidney_v1.5"
"epithelial_cell_of_proximal_tubule","TP63","rf",1200,134,0.909578755023763,0.903308896284177,NA,"oob_r2",-0.0650238815017817,0.0196078431372549,TRUE,0.903240134609603,0.632275132275132,"cz_human_kidney_v1.5"
"epithelial_cell_of_proximal_tubule","TP63","lm",1200,134,NA,0.891154326087569,NA,"cv_r2",NA,NA,NA,NA,NA,"cz_human_kidney_v1.5"
"epithelial_cell_of_proximal_tubule","TP63","ridge",1200,134,NA,0.892680827470379,NA,"cv_r2",NA,NA,NA,NA,NA,"cz_human_kidney_v1.5"
"epithelial_cell_of_proximal_tubule","TP63","spearman",1200,134,NA,0.5816143298013,NA,"cv_r2",NA,NA,NA,NA,NA,"cz_human_kidney_v1.5"
"epithelial_cell_of_proximal_tubule","ESRRG","rf",1200,134,0.896442512780355,0.894415529980167,NA,"oob_r2",-0.0504864972616209,0.0196078431372549,TRUE,0.904112076764604,0.82962962962963,"cz_human_kidney_v1.5"
"epithelial_cell_of_proximal_tubule","ESRRG","lm",1200,134,NA,0.865725099709637,NA,"cv_r2",NA,NA,NA,NA,NA,"cz_human_kidney_v1.5"
"epithelial_cell_of_proximal_tubule","ESRRG","ridge",1200,134,NA,0.867582780639884,NA,"cv_r2",NA,NA,NA,NA,NA,"cz_human_kidney_v1.5"
"epithelial_cell_of_proximal_tubule","ESRRG","spearman",1200,134,NA,0.611602138719731,NA,"cv_r2",NA,NA,NA,NA,NA,"cz_human_kidney_v1.5"
"epithelial_cell_of_proximal_tubule","NR3C2","rf",1200,134,0.923859090800429,0.916012424165547,NA,"oob_r2",-0.0450312162867143,0.0196078431372549,TRUE,0.913012825042152,0.737566137566138,"cz_human_kidney_v1.5"
"epithelial_cell_of_proximal_tubule","NR3C2","lm",1200,134,NA,0.90812028846708,NA,"cv_r2",NA,NA,NA,NA,NA,"cz_human_kidney_v1.5"
"epithelial_cell_of_proximal_tubule","NR3C2","ridge",1200,134,NA,0.911478845041876,NA,"cv_r2",NA,NA,NA,NA,NA,"cz_human_kidney_v1.5"
"epithelial_cell_of_proximal_tubule","NR3C2","spearman",1200,134,NA,0.689444122962333,NA,"cv_r2",NA,NA,NA,NA,NA,"cz_human_kidney_v1.5"
"epithelial_cell_of_proximal_tubule","BATF","rf",1200,134,0.882164853871839,0.881201386504528,NA,"oob_r2",-0.0554239214365045,0.0196078431372549,TRUE,0.880819794095521,0.82962962962963,"cz_human_kidney_v1.5"
"epithelial_cell_of_proximal_tubule","BATF","lm",1200,134,NA,0.857716197883991,NA,"cv_r2",NA,NA,NA,NA,NA,"cz_human_kidney_v1.5"
"epithelial_cell_of_proximal_tubule","BATF","ridge",1200,134,NA,0.85406422586198,NA,"cv_r2",NA,NA,NA,NA,NA,"cz_human_kidney_v1.5"
"epithelial_cell_of_proximal_tubule","BATF","spearman",1200,134,NA,0.442962752918617,NA,"cv_r2",NA,NA,NA,NA,NA,"cz_human_kidney_v1.5"
"epithelial_cell_of_proximal_tubule","RORA","rf",1200,134,0.919206036714648,0.913568864687717,NA,"oob_r2",-0.0523772320082293,0.0196078431372549,TRUE,0.914368009576179,0.785185185185185,"cz_human_kidney_v1.5"
"epithelial_cell_of_proximal_tubule","RORA","lm",1200,134,NA,0.89362305067559,NA,"cv_r2",NA,NA,NA,NA,NA,"cz_human_kidney_v1.5"
"epithelial_cell_of_proximal_tubule","RORA","ridge",1200,134,NA,0.896146411077928,NA,"cv_r2",NA,NA,NA,NA,NA,"cz_human_kidney_v1.5"
"epithelial_cell_of_proximal_tubule","RORA","spearman",1200,134,NA,0.664915265694473,NA,"cv_r2",NA,NA,NA,NA,NA,"cz_human_kidney_v1.5"
"epithelial_cell_of_proximal_tubule","HES1","rf",1200,134,0.878605573798544,0.879461696782604,NA,"oob_r2",-0.0509800118410812,0.0196078431372549,TRUE,0.887702562099001,1,"cz_human_kidney_v1.5"
"epithelial_cell_of_proximal_tubule","HES1","lm",1200,134,NA,0.878950536235147,NA,"cv_r2",NA,NA,NA,NA,NA,"cz_human_kidney_v1.5"
"epithelial_cell_of_proximal_tubule","HES1","ridge",1200,134,NA,0.875902294189646,NA,"cv_r2",NA,NA,NA,NA,NA,"cz_human_kidney_v1.5"
"epithelial_cell_of_proximal_tubule","HES1","spearman",1200,134,NA,0.497601192447379,NA,"cv_r2",NA,NA,NA,NA,NA,"cz_human_kidney_v1.5"
"epithelial_cell_of_proximal_tubule","BACH2","rf",1200,134,0.929394066023592,0.926114468176168,NA,"oob_r2",-0.0376549402001468,0.0196078431372549,TRUE,0.928938543151688,0.71005291005291,"cz_human_kidney_v1.5"
"epithelial_cell_of_proximal_tubule","BACH2","lm",1200,134,NA,0.912785147724343,NA,"cv_r2",NA,NA,NA,NA,NA,"cz_human_kidney_v1.5"
"epithelial_cell_of_proximal_tubule","BACH2","ridge",1200,134,NA,0.914326848184977,NA,"cv_r2",NA,NA,NA,NA,NA,"cz_human_kidney_v1.5"
"epithelial_cell_of_proximal_tubule","BACH2","spearman",1200,134,NA,0.754119672639193,NA,"cv_r2",NA,NA,NA,NA,NA,"cz_human_kidney_v1.5"
"epithelial_cell_of_proximal_tubule","MEIS2","rf",1200,134,0.912849533208871,0.910909113183255,NA,"oob_r2",-0.0491838025679296,0.0196078431372549,TRUE,0.930462973353783,0.75026455026455,"cz_human_kidney_v1.5"
"epithelial_cell_of_proximal_tubule","MEIS2","lm",1200,134,NA,0.887326717485833,NA,"cv_r2",NA,NA,NA,NA,NA,"cz_human_kidney_v1.5"
"epithelial_cell_of_proximal_tubule","MEIS2","ridge",1200,134,NA,0.888536965639824,NA,"cv_r2",NA,NA,NA,NA,NA,"cz_human_kidney_v1.5"
"epithelial_cell_of_proximal_tubule","MEIS2","spearman",1200,134,NA,0.669990524885949,NA,"cv_r2",NA,NA,NA,NA,NA,"cz_human_kidney_v1.5"
"epithelial_cell_of_proximal_tubule","HIC1","rf",1200,134,0.883202139169087,0.878391848425874,NA,"oob_r2",-0.0471573413395238,0.0196078431372549,TRUE,0.884893217011573,0.881481481481481,"cz_human_kidney_v1.5"
"epithelial_cell_of_proximal_tubule","HIC1","lm",1200,134,NA,0.866304322762923,NA,"cv_r2",NA,NA,NA,NA,NA,"cz_human_kidney_v1.5"
"epithelial_cell_of_proximal_tubule","HIC1","ridge",1200,134,NA,0.863419344697608,NA,"cv_r2",NA,NA,NA,NA,NA,"cz_human_kidney_v1.5"
"epithelial_cell_of_proximal_tubule","HIC1","spearman",1200,134,NA,0.510513543473245,NA,"cv_r2",NA,NA,NA,NA,NA,"cz_human_kidney_v1.5"
"epithelial_cell_of_proximal_tubule","BCL11B","rf",1200,134,0.907989693826822,0.908006344445397,NA,"oob_r2",-0.0388281367964835,0.0196078431372549,TRUE,0.906369794026249,0.755555555555556,"cz_human_kidney_v1.5"
"epithelial_cell_of_proximal_tubule","BCL11B","lm",1200,134,NA,0.892664206757336,NA,"cv_r2",NA,NA,NA,NA,NA,"cz_human_kidney_v1.5"
"epithelial_cell_of_proximal_tubule","BCL11B","ridge",1200,134,NA,0.893712524649996,NA,"cv_r2",NA,NA,NA,NA,NA,"cz_human_kidney_v1.5"
"epithelial_cell_of_proximal_tubule","BCL11B","spearman",1200,134,NA,0.521186322697938,NA,"cv_r2",NA,NA,NA,NA,NA,"cz_human_kidney_v1.5"
"epithelial_cell_of_proximal_tubule","ZNF683","rf",1200,134,0.922004382468806,0.922077119071346,NA,"oob_r2",-0.0469727728380192,0.0196078431372549,TRUE,0.86401903043956,0.874074074074074,"cz_human_kidney_v1.5"
"epithelial_cell_of_proximal_tubule","ZNF683","lm",1200,134,NA,0.91199191099592,NA,"cv_r2",NA,NA,NA,NA,NA,"cz_human_kidney_v1.5"
"epithelial_cell_of_proximal_tubule","ZNF683","ridge",1200,134,NA,0.911375774444292,NA,"cv_r2",NA,NA,NA,NA,NA,"cz_human_kidney_v1.5"
"epithelial_cell_of_proximal_tubule","ZNF683","spearman",1200,134,NA,0.533037728866297,NA,"cv_r2",NA,NA,NA,NA,NA,"cz_human_kidney_v1.5"
"epithelial_cell_of_proximal_tubule","WT1","rf",1200,134,0.907767032139628,0.910538659350534,NA,"oob_r2",-0.0605579649486427,0.0196078431372549,TRUE,0.872844521475053,0.822222222222222,"cz_human_kidney_v1.5"
"epithelial_cell_of_proximal_tubule","WT1","lm",1200,134,NA,0.903614658238274,NA,"cv_r2",NA,NA,NA,NA,NA,"cz_human_kidney_v1.5"
"epithelial_cell_of_proximal_tubule","WT1","ridge",1200,134,NA,0.901150402887063,NA,"cv_r2",NA,NA,NA,NA,NA,"cz_human_kidney_v1.5"
"epithelial_cell_of_proximal_tubule","WT1","spearman",1200,134,NA,0.556675279349587,NA,"cv_r2",NA,NA,NA,NA,NA,"cz_human_kidney_v1.5"
"epithelial_cell_of_proximal_tubule","FOSB","rf",1200,134,0.903780080633997,0.90170281583734,NA,"oob_r2",-0.0461429640134458,0.0196078431372549,TRUE,0.908010158065146,0.933333333333333,"cz_human_kidney_v1.5"
"epithelial_cell_of_proximal_tubule","FOSB","lm",1200,134,NA,0.876782389943021,NA,"cv_r2",NA,NA,NA,NA,NA,"cz_human_kidney_v1.5"
"epithelial_cell_of_proximal_tubule","FOSB","ridge",1200,134,NA,0.873914792412898,NA,"cv_r2",NA,NA,NA,NA,NA,"cz_human_kidney_v1.5"
"epithelial_cell_of_proximal_tubule","FOSB","spearman",1200,134,NA,0.527619238221273,NA,"cv_r2",NA,NA,NA,NA,NA,"cz_human_kidney_v1.5"
"epithelial_cell_of_proximal_tubule","MAFB","rf",1200,134,0.901724750195731,0.901920064111333,NA,"oob_r2",-0.0294816763390304,0.0196078431372549,TRUE,0.91656454569259,0.8,"cz_human_kidney_v1.5"
"epithelial_cell_of_proximal_tubule","MAFB","lm",1200,134,NA,0.871366534259386,NA,"cv_r2",NA,NA,NA,NA,NA,"cz_human_kidney_v1.5"
"epithelial_cell_of_proximal_tubule","MAFB","ridge",1200,134,NA,0.876348154182011,NA,"cv_r2",NA,NA,NA,NA,NA,"cz_human_kidney_v1.5"
"epithelial_cell_of_proximal_tubule","MAFB","spearman",1200,134,NA,0.550799369730852,NA,"cv_r2",NA,NA,NA,NA,NA,"cz_human_kidney_v1.5"
"epithelial_cell_of_proximal_tubule","ZIC4","rf",1200,134,0.872669781862692,0.871308649635608,NA,"oob_r2",-0.038849756968114,0.0196078431372549,TRUE,0.885047056557923,1,"cz_human_kidney_v1.5"
"epithelial_cell_of_proximal_tubule","ZIC4","lm",1200,134,NA,0.843115564231414,NA,"cv_r2",NA,NA,NA,NA,NA,"cz_human_kidney_v1.5"
"epithelial_cell_of_proximal_tubule","ZIC4","ridge",1200,134,NA,0.838774248455439,NA,"cv_r2",NA,NA,NA,NA,NA,"cz_human_kidney_v1.5"
"epithelial_cell_of_proximal_tubule","ZIC4","spearman",1200,134,NA,0.385471532205386,NA,"cv_r2",NA,NA,NA,NA,NA,"cz_human_kidney_v1.5"
"epithelial_cell_of_proximal_tubule","NFIB","rf",1200,134,0.918936761687298,0.915477367001857,NA,"oob_r2",-0.0318433915731389,0.0196078431372549,TRUE,0.906417564087111,1,"cz_human_kidney_v1.5"
"epithelial_cell_of_proximal_tubule","NFIB","lm",1200,134,NA,0.896264338633905,NA,"cv_r2",NA,NA,NA,NA,NA,"cz_human_kidney_v1.5"
"epithelial_cell_of_proximal_tubule","NFIB","ridge",1200,134,NA,0.897170211662947,NA,"cv_r2",NA,NA,NA,NA,NA,"cz_human_kidney_v1.5"
"epithelial_cell_of_proximal_tubule","NFIB","spearman",1200,134,NA,0.554395626952308,NA,"cv_r2",NA,NA,NA,NA,NA,"cz_human_kidney_v1.5"
"epithelial_cell_of_proximal_tubule","NR4A1","rf",1200,134,0.918808801055089,0.914042273266377,NA,"oob_r2",-0.0254461052100975,0.0196078431372549,TRUE,0.911989481719778,0.8,"cz_human_kidney_v1.5"
"epithelial_cell_of_proximal_tubule","NR4A1","lm",1200,134,NA,0.885444978298858,NA,"cv_r2",NA,NA,NA,NA,NA,"cz_human_kidney_v1.5"
"epithelial_cell_of_proximal_tubule","NR4A1","ridge",1200,134,NA,0.885019933393771,NA,"cv_r2",NA,NA,NA,NA,NA,"cz_human_kidney_v1.5"
"epithelial_cell_of_proximal_tubule","NR4A1","spearman",1200,134,NA,0.576856771567889,NA,"cv_r2",NA,NA,NA,NA,NA,"cz_human_kidney_v1.5"
"epithelial_cell_of_proximal_tubule","PRDM16","rf",1200,134,0.915549407446204,0.914245585883102,NA,"oob_r2",-0.0312599664393707,0.0196078431372549,TRUE,0.90460884106341,0.785185185185185,"cz_human_kidney_v1.5"
"epithelial_cell_of_proximal_tubule","PRDM16","lm",1200,134,NA,0.894138356555485,NA,"cv_r2",NA,NA,NA,NA,NA,"cz_human_kidney_v1.5"
"epithelial_cell_of_proximal_tubule","PRDM16","ridge",1200,134,NA,0.893324117233018,NA,"cv_r2",NA,NA,NA,NA,NA,"cz_human_kidney_v1.5"
"epithelial_cell_of_proximal_tubule","PRDM16","spearman",1200,134,NA,0.530105755410251,NA,"cv_r2",NA,NA,NA,NA,NA,"cz_human_kidney_v1.5"
"epithelial_cell_of_proximal_tubule","ELF3","rf",1200,134,0.931801590925976,0.92706957710157,NA,"oob_r2",-0.0352627170102915,0.0196078431372549,TRUE,0.896905669369665,0.822222222222222,"cz_human_kidney_v1.5"
"epithelial_cell_of_proximal_tubule","ELF3","lm",1200,134,NA,0.910329038107136,NA,"cv_r2",NA,NA,NA,NA,NA,"cz_human_kidney_v1.5"
"epithelial_cell_of_proximal_tubule","ELF3","ridge",1200,134,NA,0.909307190691687,NA,"cv_r2",NA,NA,NA,NA,NA,"cz_human_kidney_v1.5"
"epithelial_cell_of_proximal_tubule","ELF3","spearman",1200,134,NA,0.541895347227466,NA,"cv_r2",NA,NA,NA,NA,NA,"cz_human_kidney_v1.5"
"epithelial_cell_of_proximal_tubule","PRDM1","rf",1200,134,0.923897484787518,0.922973928214987,NA,"oob_r2",-0.0445056210633682,0.0196078431372549,TRUE,0.894683530273999,1,"cz_human_kidney_v1.5"
"epithelial_cell_of_proximal_tubule","PRDM1","lm",1200,134,NA,0.904172228417187,NA,"cv_r2",NA,NA,NA,NA,NA,"cz_human_kidney_v1.5"
"epithelial_cell_of_proximal_tubule","PRDM1","ridge",1200,134,NA,0.90197008976437,NA,"cv_r2",NA,NA,NA,NA,NA,"cz_human_kidney_v1.5"
"epithelial_cell_of_proximal_tubule","PRDM1","spearman",1200,134,NA,0.643960827371605,NA,"cv_r2",NA,NA,NA,NA,NA,"cz_human_kidney_v1.5"
"epithelial_cell_of_proximal_tubule","TFAP2A","rf",1200,134,0.901332298464871,0.90035218827419,NA,"oob_r2",-0.0452698041246786,0.0196078431372549,TRUE,0.896728111045995,1,"cz_human_kidney_v1.5"
"epithelial_cell_of_proximal_tubule","TFAP2A","lm",1200,134,NA,0.874691937831464,NA,"cv_r2",NA,NA,NA,NA,NA,"cz_human_kidney_v1.5"
"epithelial_cell_of_proximal_tubule","TFAP2A","ridge",1200,134,NA,0.870925859727668,NA,"cv_r2",NA,NA,NA,NA,NA,"cz_human_kidney_v1.5"
"epithelial_cell_of_proximal_tubule","TFAP2A","spearman",1200,134,NA,0.598375190736539,NA,"cv_r2",NA,NA,NA,NA,NA,"cz_human_kidney_v1.5"
"epithelial_cell_of_proximal_tubule","JUN","rf",1200,134,0.931712180406907,0.926875780642341,NA,"oob_r2",-0.0316215411995803,0.0196078431372549,TRUE,0.919219386221219,0.868783068783069,"cz_human_kidney_v1.5"
"epithelial_cell_of_proximal_tubule","JUN","lm",1200,134,NA,0.908355413629621,NA,"cv_r2",NA,NA,NA,NA,NA,"cz_human_kidney_v1.5"
"epithelial_cell_of_proximal_tubule","JUN","ridge",1200,134,NA,0.907201359176204,NA,"cv_r2",NA,NA,NA,NA,NA,"cz_human_kidney_v1.5"
"epithelial_cell_of_proximal_tubule","JUN","spearman",1200,134,NA,0.625431153389,NA,"cv_r2",NA,NA,NA,NA,NA,"cz_human_kidney_v1.5"
"epithelial_cell_of_proximal_tubule","ATF3","rf",1200,134,0.922765860583945,0.923391222422429,NA,"oob_r2",-0.0415446615226353,0.0196078431372549,TRUE,0.920548856940583,0.822222222222222,"cz_human_kidney_v1.5"
"epithelial_cell_of_proximal_tubule","ATF3","lm",1200,134,NA,0.897854069493624,NA,"cv_r2",NA,NA,NA,NA,NA,"cz_human_kidney_v1.5"
"epithelial_cell_of_proximal_tubule","ATF3","ridge",1200,134,NA,0.895025172674159,NA,"cv_r2",NA,NA,NA,NA,NA,"cz_human_kidney_v1.5"
"epithelial_cell_of_proximal_tubule","ATF3","spearman",1200,134,NA,0.470047482975429,NA,"cv_r2",NA,NA,NA,NA,NA,"cz_human_kidney_v1.5"
"epithelial_cell_of_proximal_tubule","FOS","rf",1200,134,0.929995612859457,0.928328567758582,NA,"oob_r2",-0.0346295817560125,0.0196078431372549,TRUE,0.914352270948239,1,"cz_human_kidney_v1.5"
"epithelial_cell_of_proximal_tubule","FOS","lm",1200,134,NA,0.908173231590845,NA,"cv_r2",NA,NA,NA,NA,NA,"cz_human_kidney_v1.5"
"epithelial_cell_of_proximal_tubule","FOS","ridge",1200,134,NA,0.905018056900085,NA,"cv_r2",NA,NA,NA,NA,NA,"cz_human_kidney_v1.5"
"epithelial_cell_of_proximal_tubule","FOS","spearman",1200,134,NA,0.50657467109329,NA,"cv_r2",NA,NA,NA,NA,NA,"cz_human_kidney_v1.5"
"epithelial_cell_of_proximal_tubule","KLF6","rf",1200,134,0.929372567191415,0.927507261624399,NA,"oob_r2",-0.0332465181198316,0.0196078431372549,TRUE,0.907050212596167,0.874074074074074,"cz_human_kidney_v1.5"
"epithelial_cell_of_proximal_tubule","KLF6","lm",1200,134,NA,0.898545527146999,NA,"cv_r2",NA,NA,NA,NA,NA,"cz_human_kidney_v1.5"
"epithelial_cell_of_proximal_tubule","KLF6","ridge",1200,134,NA,0.896235917044803,NA,"cv_r2",NA,NA,NA,NA,NA,"cz_human_kidney_v1.5"
"epithelial_cell_of_proximal_tubule","KLF6","spearman",1200,134,NA,0.500380067394582,NA,"cv_r2",NA,NA,NA,NA,NA,"cz_human_kidney_v1.5"
"kidney_loop_of_Henle_thick_ascending_limb_epithelial_cell","TCF12","rf",1200,110,0.945212554533939,0.940539415094292,NA,"oob_r2",-0.0462572315954341,0.0196078431372549,TRUE,0.86778211071789,0.881481481481481,"cz_human_kidney_v1.5"
"kidney_loop_of_Henle_thick_ascending_limb_epithelial_cell","TCF12","lm",1200,110,NA,0.931623893376377,NA,"cv_r2",NA,NA,NA,NA,NA,"cz_human_kidney_v1.5"
"kidney_loop_of_Henle_thick_ascending_limb_epithelial_cell","TCF12","ridge",1200,110,NA,0.930630611502605,NA,"cv_r2",NA,NA,NA,NA,NA,"cz_human_kidney_v1.5"
"kidney_loop_of_Henle_thick_ascending_limb_epithelial_cell","TCF12","spearman",1200,110,NA,0.716310960468104,NA,"cv_r2",NA,NA,NA,NA,NA,"cz_human_kidney_v1.5"
"kidney_loop_of_Henle_thick_ascending_limb_epithelial_cell","FOXO3","rf",1200,110,0.921842314598423,0.918714149651831,NA,"oob_r2",-0.0523540771966979,0.0196078431372549,TRUE,0.837112107937796,0.762962962962963,"cz_human_kidney_v1.5"
"kidney_loop_of_Henle_thick_ascending_limb_epithelial_cell","FOXO3","lm",1200,110,NA,0.912959754423126,NA,"cv_r2",NA,NA,NA,NA,NA,"cz_human_kidney_v1.5"
"kidney_loop_of_Henle_thick_ascending_limb_epithelial_cell","FOXO3","ridge",1200,110,NA,0.914087436463143,NA,"cv_r2",NA,NA,NA,NA,NA,"cz_human_kidney_v1.5"
"kidney_loop_of_Henle_thick_ascending_limb_epithelial_cell","FOXO3","spearman",1200,110,NA,0.702500144513049,NA,"cv_r2",NA,NA,NA,NA,NA,"cz_human_kidney_v1.5"
"kidney_loop_of_Henle_thick_ascending_limb_epithelial_cell","RUNX1","rf",1200,110,0.918423756977121,0.92055103602487,NA,"oob_r2",-0.0413173730070903,0.0196078431372549,TRUE,0.854338875990252,0.816931216931217,"cz_human_kidney_v1.5"
"kidney_loop_of_Henle_thick_ascending_limb_epithelial_cell","RUNX1","lm",1200,110,NA,0.908780874135029,NA,"cv_r2",NA,NA,NA,NA,NA,"cz_human_kidney_v1.5"
"kidney_loop_of_Henle_thick_ascending_limb_epithelial_cell","RUNX1","ridge",1200,110,NA,0.909045831116666,NA,"cv_r2",NA,NA,NA,NA,NA,"cz_human_kidney_v1.5"
"kidney_loop_of_Henle_thick_ascending_limb_epithelial_cell","RUNX1","spearman",1200,110,NA,0.664698736902751,NA,"cv_r2",NA,NA,NA,NA,NA,"cz_human_kidney_v1.5"
"kidney_loop_of_Henle_thick_ascending_limb_epithelial_cell","FOXP2","rf",1200,110,0.910145225422254,0.905779490651406,NA,"oob_r2",-0.0508672905267472,0.0196078431372549,TRUE,0.834733348861789,0.740740740740741,"cz_human_kidney_v1.5"
"kidney_loop_of_Henle_thick_ascending_limb_epithelial_cell","FOXP2","lm",1200,110,NA,0.904853010663221,NA,"cv_r2",NA,NA,NA,NA,NA,"cz_human_kidney_v1.5"
"kidney_loop_of_Henle_thick_ascending_limb_epithelial_cell","FOXP2","ridge",1200,110,NA,0.904403564714086,NA,"cv_r2",NA,NA,NA,NA,NA,"cz_human_kidney_v1.5"
"kidney_loop_of_Henle_thick_ascending_limb_epithelial_cell","FOXP2","spearman",1200,110,NA,0.712612928980397,NA,"cv_r2",NA,NA,NA,NA,NA,"cz_human_kidney_v1.5"
"kidney_loop_of_Henle_thick_ascending_limb_epithelial_cell","THRB","rf",1200,110,0.921819947748266,0.921919824807097,NA,"oob_r2",-0.0496985446698786,0.0196078431372549,TRUE,0.854540846100479,0.744973544973545,"cz_human_kidney_v1.5"
"kidney_loop_of_Henle_thick_ascending_limb_epithelial_cell","THRB","lm",1200,110,NA,0.910473293571322,NA,"cv_r2",NA,NA,NA,NA,NA,"cz_human_kidney_v1.5"
"kidney_loop_of_Henle_thick_ascending_limb_epithelial_cell","THRB","ridge",1200,110,NA,0.910706827982779,NA,"cv_r2",NA,NA,NA,NA,NA,"cz_human_kidney_v1.5"
"kidney_loop_of_Henle_thick_ascending_limb_epithelial_cell","THRB","spearman",1200,110,NA,0.676043254346554,NA,"cv_r2",NA,NA,NA,NA,NA,"cz_human_kidney_v1.5"
"kidney_loop_of_Henle_thick_ascending_limb_epithelial_cell","POU3F1","rf",1200,110,0.909936761961778,0.909478132267403,NA,"oob_r2",-0.0539614449752956,0.0196078431372549,TRUE,0.867702164215926,1,"cz_human_kidney_v1.5"
"kidney_loop_of_Henle_thick_ascending_limb_epithelial_cell","POU3F1","lm",1200,110,NA,0.89952864833279,NA,"cv_r2",NA,NA,NA,NA,NA,"cz_human_kidney_v1.5"
"kidney_loop_of_Henle_thick_ascending_limb_epithelial_cell","POU3F1","ridge",1200,110,NA,0.899434063443217,NA,"cv_r2",NA,NA,NA,NA,NA,"cz_human_kidney_v1.5"
"kidney_loop_of_Henle_thick_ascending_limb_epithelial_cell","POU3F1","spearman",1200,110,NA,0.696030153483211,NA,"cv_r2",NA,NA,NA,NA,NA,"cz_human_kidney_v1.5"
"kidney_loop_of_Henle_thick_ascending_limb_epithelial_cell","HIVEP3","rf",1200,110,0.90338740949105,0.904141386879886,NA,"oob_r2",-0.0393540232934405,0.0196078431372549,TRUE,0.851243403536981,0.881481481481481,"cz_human_kidney_v1.5"
"kidney_loop_of_Henle_thick_ascending_limb_epithelial_cell","HIVEP3","lm",1200,110,NA,0.891159246721013,NA,"cv_r2",NA,NA,NA,NA,NA,"cz_human_kidney_v1.5"
"kidney_loop_of_Henle_thick_ascending_limb_epithelial_cell","HIVEP3","ridge",1200,110,NA,0.893488281430639,NA,"cv_r2",NA,NA,NA,NA,NA,"cz_human_kidney_v1.5"
"kidney_loop_of_Henle_thick_ascending_limb_epithelial_cell","HIVEP3","spearman",1200,110,NA,0.654321173328839,NA,"cv_r2",NA,NA,NA,NA,NA,"cz_human_kidney_v1.5"
"kidney_loop_of_Henle_thick_ascending_limb_epithelial_cell","CUX2","rf",1200,110,0.931626957415305,0.930836426870978,NA,"oob_r2",-0.0503186565964042,0.0196078431372549,TRUE,0.85847745994535,1,"cz_human_kidney_v1.5"
"kidney_loop_of_Henle_thick_ascending_limb_epithelial_cell","CUX2","lm",1200,110,NA,0.920778283196664,NA,"cv_r2",NA,NA,NA,NA,NA,"cz_human_kidney_v1.5"
"kidney_loop_of_Henle_thick_ascending_limb_epithelial_cell","CUX2","ridge",1200,110,NA,0.920278804819357,NA,"cv_r2",NA,NA,NA,NA,NA,"cz_human_kidney_v1.5"
"kidney_loop_of_Henle_thick_ascending_limb_epithelial_cell","CUX2","spearman",1200,110,NA,0.692419947012644,NA,"cv_r2",NA,NA,NA,NA,NA,"cz_human_kidney_v1.5"
"kidney_loop_of_Henle_thick_ascending_limb_epithelial_cell","PPARGC1A","rf",1200,110,0.913969165746081,0.916386797073335,NA,"oob_r2",-0.0375420387062762,0.0196078431372549,TRUE,0.894482639436768,0.819047619047619,"cz_human_kidney_v1.5"
"kidney_loop_of_Henle_thick_ascending_limb_epithelial_cell","PPARGC1A","lm",1200,110,NA,0.903759255976053,NA,"cv_r2",NA,NA,NA,NA,NA,"cz_human_kidney_v1.5"
"kidney_loop_of_Henle_thick_ascending_limb_epithelial_cell","PPARGC1A","ridge",1200,110,NA,0.905289097383047,NA,"cv_r2",NA,NA,NA,NA,NA,"cz_human_kidney_v1.5"
"kidney_loop_of_Henle_thick_ascending_limb_epithelial_cell","PPARGC1A","spearman",1200,110,NA,0.693069522259851,NA,"cv_r2",NA,NA,NA,NA,NA,"cz_human_kidney_v1.5"
"kidney_loop_of_Henle_thick_ascending_limb_epithelial_cell","IRX2","rf",1200,110,0.924810876517199,0.922916060865985,NA,"oob_r2",-0.0471884508065772,0.0196078431372549,TRUE,0.851751133952969,0.755555555555556,"cz_human_kidney_v1.5"
"kidney_loop_of_Henle_thick_ascending_limb_epithelial_cell","IRX2","lm",1200,110,NA,0.911698748646355,NA,"cv_r2",NA,NA,NA,NA,NA,"cz_human_kidney_v1.5"
"kidney_loop_of_Henle_thick_ascending_limb_epithelial_cell","IRX2","ridge",1200,110,NA,0.911041826529645,NA,"cv_r2",NA,NA,NA,NA,NA,"cz_human_kidney_v1.5"
"kidney_loop_of_Henle_thick_ascending_limb_epithelial_cell","IRX2","spearman",1200,110,NA,0.762548051543761,NA,"cv_r2",NA,NA,NA,NA,NA,"cz_human_kidney_v1.5"
"kidney_loop_of_Henle_thick_ascending_limb_epithelial_cell","ZNF683","rf",1200,110,0.930986370781761,0.931808103645838,NA,"oob_r2",-0.0502153621803339,0.0196078431372549,TRUE,0.8610241267122,1,"cz_human_kidney_v1.5"
"kidney_loop_of_Henle_thick_ascending_limb_epithelial_cell","ZNF683","lm",1200,110,NA,0.927841383250462,NA,"cv_r2",NA,NA,NA,NA,NA,"cz_human_kidney_v1.5"
"kidney_loop_of_Henle_thick_ascending_limb_epithelial_cell","ZNF683","ridge",1200,110,NA,0.924510130826478,NA,"cv_r2",NA,NA,NA,NA,NA,"cz_human_kidney_v1.5"
"kidney_loop_of_Henle_thick_ascending_limb_epithelial_cell","ZNF683","spearman",1200,110,NA,0.758658337103694,NA,"cv_r2",NA,NA,NA,NA,NA,"cz_human_kidney_v1.5"
"kidney_loop_of_Henle_thick_ascending_limb_epithelial_cell","SRY","rf",1200,110,0.92256839739995,0.919143752569035,NA,"oob_r2",-0.0458887022397046,0.0196078431372549,TRUE,0.863399880280614,0.785185185185185,"cz_human_kidney_v1.5"
"kidney_loop_of_Henle_thick_ascending_limb_epithelial_cell","SRY","lm",1200,110,NA,0.899467364369449,NA,"cv_r2",NA,NA,NA,NA,NA,"cz_human_kidney_v1.5"
"kidney_loop_of_Henle_thick_ascending_limb_epithelial_cell","SRY","ridge",1200,110,NA,0.90151201819276,NA,"cv_r2",NA,NA,NA,NA,NA,"cz_human_kidney_v1.5"
"kidney_loop_of_Henle_thick_ascending_limb_epithelial_cell","SRY","spearman",1200,110,NA,0.642312481374738,NA,"cv_r2",NA,NA,NA,NA,NA,"cz_human_kidney_v1.5"
"kidney_loop_of_Henle_thick_ascending_limb_epithelial_cell","NKX6-2","rf",1200,110,0.933579703807714,0.930970275469112,NA,"oob_r2",-0.0567291210478193,0.0196078431372549,TRUE,0.876709470103965,1,"cz_human_kidney_v1.5"
"kidney_loop_of_Henle_thick_ascending_limb_epithelial_cell","NKX6-2","lm",1200,110,NA,0.915030447743734,NA,"cv_r2",NA,NA,NA,NA,NA,"cz_human_kidney_v1.5"
"kidney_loop_of_Henle_thick_ascending_limb_epithelial_cell","NKX6-2","ridge",1200,110,NA,0.915379167442903,NA,"cv_r2",NA,NA,NA,NA,NA,"cz_human_kidney_v1.5"
"kidney_loop_of_Henle_thick_ascending_limb_epithelial_cell","NKX6-2","spearman",1200,110,NA,0.694666581231602,NA,"cv_r2",NA,NA,NA,NA,NA,"cz_human_kidney_v1.5"
"kidney_loop_of_Henle_thick_ascending_limb_epithelial_cell","DMRT2","rf",1200,110,0.918491201756346,0.915309788963223,NA,"oob_r2",-0.0498688227919388,0.0196078431372549,TRUE,0.879853631780237,0.933333333333333,"cz_human_kidney_v1.5"
"kidney_loop_of_Henle_thick_ascending_limb_epithelial_cell","DMRT2","lm",1200,110,NA,0.909466623696126,NA,"cv_r2",NA,NA,NA,NA,NA,"cz_human_kidney_v1.5"
"kidney_loop_of_Henle_thick_ascending_limb_epithelial_cell","DMRT2","ridge",1200,110,NA,0.910491712381334,NA,"cv_r2",NA,NA,NA,NA,NA,"cz_human_kidney_v1.5"
"kidney_loop_of_Henle_thick_ascending_limb_epithelial_cell","DMRT2","spearman",1200,110,NA,0.663287320376552,NA,"cv_r2",NA,NA,NA,NA,NA,"cz_human_kidney_v1.5"
"kidney_loop_of_Henle_thick_ascending_limb_epithelial_cell","SOX9","rf",1200,110,0.928514878361451,0.925948637439832,NA,"oob_r2",-0.0479279136044637,0.0196078431372549,TRUE,0.866999476540761,0.933333333333333,"cz_human_kidney_v1.5"
"kidney_loop_of_Henle_thick_ascending_limb_epithelial_cell","SOX9","lm",1200,110,NA,0.912973248018155,NA,"cv_r2",NA,NA,NA,NA,NA,"cz_human_kidney_v1.5"
"kidney_loop_of_Henle_thick_ascending_limb_epithelial_cell","SOX9","ridge",1200,110,NA,0.914533630051483,NA,"cv_r2",NA,NA,NA,NA,NA,"cz_human_kidney_v1.5"
"kidney_loop_of_Henle_thick_ascending_limb_epithelial_cell","SOX9","spearman",1200,110,NA,0.670074001307187,NA,"cv_r2",NA,NA,NA,NA,NA,"cz_human_kidney_v1.5"
"kidney_loop_of_Henle_thick_ascending_limb_epithelial_cell","PAX3","rf",1200,110,0.911807177049561,0.913345603142216,NA,"oob_r2",-0.0545194177215575,0.0196078431372549,TRUE,0.864905439217366,0.62037037037037,"cz_human_kidney_v1.5"
"kidney_loop_of_Henle_thick_ascending_limb_epithelial_cell","PAX3","lm",1200,110,NA,0.901906125516147,NA,"cv_r2",NA,NA,NA,NA,NA,"cz_human_kidney_v1.5"
"kidney_loop_of_Henle_thick_ascending_limb_epithelial_cell","PAX3","ridge",1200,110,NA,0.90371818746706,NA,"cv_r2",NA,NA,NA,NA,NA,"cz_human_kidney_v1.5"
"kidney_loop_of_Henle_thick_ascending_limb_epithelial_cell","PAX3","spearman",1200,110,NA,0.674100713725878,NA,"cv_r2",NA,NA,NA,NA,NA,"cz_human_kidney_v1.5"
"kidney_loop_of_Henle_thick_ascending_limb_epithelial_cell","TBX1","rf",1200,110,0.925333922769407,0.923804408680514,NA,"oob_r2",-0.0493888647741004,0.0196078431372549,TRUE,0.861213473690538,0.82962962962963,"cz_human_kidney_v1.5"
"kidney_loop_of_Henle_thick_ascending_limb_epithelial_cell","TBX1","lm",1200,110,NA,0.909194532488456,NA,"cv_r2",NA,NA,NA,NA,NA,"cz_human_kidney_v1.5"
"kidney_loop_of_Henle_thick_ascending_limb_epithelial_cell","TBX1","ridge",1200,110,NA,0.909957252066354,NA,"cv_r2",NA,NA,NA,NA,NA,"cz_human_kidney_v1.5"
"kidney_loop_of_Henle_thick_ascending_limb_epithelial_cell","TBX1","spearman",1200,110,NA,0.661927675401587,NA,"cv_r2",NA,NA,NA,NA,NA,"cz_human_kidney_v1.5"
"kidney_loop_of_Henle_thick_ascending_limb_epithelial_cell","MECOM","rf",1200,110,0.919743712920031,0.919294644384812,NA,"oob_r2",-0.0472081101034995,0.0196078431372549,TRUE,0.877363668923302,1,"cz_human_kidney_v1.5"
"kidney_loop_of_Henle_thick_ascending_limb_epithelial_cell","MECOM","lm",1200,110,NA,0.908757720650996,NA,"cv_r2",NA,NA,NA,NA,NA,"cz_human_kidney_v1.5"
"kidney_loop_of_Henle_thick_ascending_limb_epithelial_cell","MECOM","ridge",1200,110,NA,0.909524388962847,NA,"cv_r2",NA,NA,NA,NA,NA,"cz_human_kidney_v1.5"
"kidney_loop_of_Henle_thick_ascending_limb_epithelial_cell","MECOM","spearman",1200,110,NA,0.652242475633283,NA,"cv_r2",NA,NA,NA,NA,NA,"cz_human_kidney_v1.5"
"kidney_loop_of_Henle_thick_ascending_limb_epithelial_cell","ZBTB16","rf",1200,110,0.91680406966804,0.909483311139091,NA,"oob_r2",-0.0571391505183667,0.0196078431372549,TRUE,0.85566310263558,0.868783068783069,"cz_human_kidney_v1.5"
"kidney_loop_of_Henle_thick_ascending_limb_epithelial_cell","ZBTB16","lm",1200,110,NA,0.899037365476803,NA,"cv_r2",NA,NA,NA,NA,NA,"cz_human_kidney_v1.5"
"kidney_loop_of_Henle_thick_ascending_limb_epithelial_cell","ZBTB16","ridge",1200,110,NA,0.899077939026887,NA,"cv_r2",NA,NA,NA,NA,NA,"cz_human_kidney_v1.5"
"kidney_loop_of_Henle_thick_ascending_limb_epithelial_cell","ZBTB16","spearman",1200,110,NA,0.66274471860361,NA,"cv_r2",NA,NA,NA,NA,NA,"cz_human_kidney_v1.5"
"kidney_loop_of_Henle_thick_ascending_limb_epithelial_cell","NR3C2","rf",1200,110,0.926286408761936,0.926865112668413,NA,"oob_r2",-0.046593861030201,0.0196078431372549,TRUE,0.877364470391993,1,"cz_human_kidney_v1.5"
"kidney_loop_of_Henle_thick_ascending_limb_epithelial_cell","NR3C2","lm",1200,110,NA,0.92284021396444,NA,"cv_r2",NA,NA,NA,NA,NA,"cz_human_kidney_v1.5"
"kidney_loop_of_Henle_thick_ascending_limb_epithelial_cell","NR3C2","ridge",1200,110,NA,0.922209187742119,NA,"cv_r2",NA,NA,NA,NA,NA,"cz_human_kidney_v1.5"
"kidney_loop_of_Henle_thick_ascending_limb_epithelial_cell","NR3C2","spearman",1200,110,NA,0.713018170999295,NA,"cv_r2",NA,NA,NA,NA,NA,"cz_human_kidney_v1.5"
"kidney_loop_of_Henle_thick_ascending_limb_epithelial_cell","NEUROD1","rf",1200,110,0.898523319109016,0.896622201365547,NA,"oob_r2",-0.0441872637497452,0.0196078431372549,TRUE,0.867595769247145,0.874074074074074,"cz_human_kidney_v1.5"
"kidney_loop_of_Henle_thick_ascending_limb_epithelial_cell","NEUROD1","lm",1200,110,NA,0.888342285893384,NA,"cv_r2",NA,NA,NA,NA,NA,"cz_human_kidney_v1.5"
"kidney_loop_of_Henle_thick_ascending_limb_epithelial_cell","NEUROD1","ridge",1200,110,NA,0.889238492284963,NA,"cv_r2",NA,NA,NA,NA,NA,"cz_human_kidney_v1.5"
"kidney_loop_of_Henle_thick_ascending_limb_epithelial_cell","NEUROD1","spearman",1200,110,NA,0.667566058380104,NA,"cv_r2",NA,NA,NA,NA,NA,"cz_human_kidney_v1.5"
"kidney_loop_of_Henle_thick_ascending_limb_epithelial_cell","ZIC1","rf",1200,110,0.916900885784367,0.915425800280206,NA,"oob_r2",-0.0405680273383734,0.0196078431372549,TRUE,0.8738714694678,0.933333333333333,"cz_human_kidney_v1.5"
"kidney_loop_of_Henle_thick_ascending_limb_epithelial_cell","ZIC1","lm",1200,110,NA,0.905620861291644,NA,"cv_r2",NA,NA,NA,NA,NA,"cz_human_kidney_v1.5"
"kidney_loop_of_Henle_thick_ascending_limb_epithelial_cell","ZIC1","ridge",1200,110,NA,0.906938258629024,NA,"cv_r2",NA,NA,NA,NA,NA,"cz_human_kidney_v1.5"
"kidney_loop_of_Henle_thick_ascending_limb_epithelial_cell","ZIC1","spearman",1200,110,NA,0.663616629527397,NA,"cv_r2",NA,NA,NA,NA,NA,"cz_human_kidney_v1.5"
"kidney_loop_of_Henle_thick_ascending_limb_epithelial_cell","TCF23","rf",1200,110,0.909213284204111,0.906390090750423,NA,"oob_r2",-0.0400789504829159,0.0196078431372549,TRUE,0.894802225077454,0.8,"cz_human_kidney_v1.5"
"kidney_loop_of_Henle_thick_ascending_limb_epithelial_cell","TCF23","lm",1200,110,NA,0.893166527823234,NA,"cv_r2",NA,NA,NA,NA,NA,"cz_human_kidney_v1.5"
"kidney_loop_of_Henle_thick_ascending_limb_epithelial_cell","TCF23","ridge",1200,110,NA,0.894657483275876,NA,"cv_r2",NA,NA,NA,NA,NA,"cz_human_kidney_v1.5"
"kidney_loop_of_Henle_thick_ascending_limb_epithelial_cell","TCF23","spearman",1200,110,NA,0.702019534256169,NA,"cv_r2",NA,NA,NA,NA,NA,"cz_human_kidney_v1.5"
"kidney_loop_of_Henle_thick_ascending_limb_epithelial_cell","ALX4","rf",1200,110,0.92474017129554,0.92046086999839,NA,"oob_r2",-0.0486946985700107,0.0196078431372549,TRUE,0.874925200429787,0.933333333333333,"cz_human_kidney_v1.5"
"kidney_loop_of_Henle_thick_ascending_limb_epithelial_cell","ALX4","lm",1200,110,NA,0.910540488380056,NA,"cv_r2",NA,NA,NA,NA,NA,"cz_human_kidney_v1.5"
"kidney_loop_of_Henle_thick_ascending_limb_epithelial_cell","ALX4","ridge",1200,110,NA,0.91196539717362,NA,"cv_r2",NA,NA,NA,NA,NA,"cz_human_kidney_v1.5"
"kidney_loop_of_Henle_thick_ascending_limb_epithelial_cell","ALX4","spearman",1200,110,NA,0.679240084368391,NA,"cv_r2",NA,NA,NA,NA,NA,"cz_human_kidney_v1.5"
"kidney_loop_of_Henle_thick_ascending_limb_epithelial_cell","GFI1","rf",1200,110,0.91378116113239,0.913111861658001,NA,"oob_r2",-0.0489432115779678,0.0196078431372549,TRUE,0.894292490989739,0.725925925925926,"cz_human_kidney_v1.5"
"kidney_loop_of_Henle_thick_ascending_limb_epithelial_cell","GFI1","lm",1200,110,NA,0.90443303418037,NA,"cv_r2",NA,NA,NA,NA,NA,"cz_human_kidney_v1.5"
"kidney_loop_of_Henle_thick_ascending_limb_epithelial_cell","GFI1","ridge",1200,110,NA,0.905423988557176,NA,"cv_r2",NA,NA,NA,NA,NA,"cz_human_kidney_v1.5"
"kidney_loop_of_Henle_thick_ascending_limb_epithelial_cell","GFI1","spearman",1200,110,NA,0.670463365557437,NA,"cv_r2",NA,NA,NA,NA,NA,"cz_human_kidney_v1.5"
"kidney_loop_of_Henle_thick_ascending_limb_epithelial_cell","SOX2","rf",1200,110,0.912594240915974,0.906167046289192,NA,"oob_r2",-0.0481710020264312,0.0196078431372549,TRUE,0.876451196818169,0.82962962962963,"cz_human_kidney_v1.5"
"kidney_loop_of_Henle_thick_ascending_limb_epithelial_cell","SOX2","lm",1200,110,NA,0.900487771721175,NA,"cv_r2",NA,NA,NA,NA,NA,"cz_human_kidney_v1.5"
"kidney_loop_of_Henle_thick_ascending_limb_epithelial_cell","SOX2","ridge",1200,110,NA,0.903212855062761,NA,"cv_r2",NA,NA,NA,NA,NA,"cz_human_kidney_v1.5"
"kidney_loop_of_Henle_thick_ascending_limb_epithelial_cell","SOX2","spearman",1200,110,NA,0.664227440447518,NA,"cv_r2",NA,NA,NA,NA,NA,"cz_human_kidney_v1.5"
"kidney_loop_of_Henle_thick_ascending_limb_epithelial_cell","SOX17","rf",1200,110,0.910356227701929,0.905583308640865,NA,"oob_r2",-0.0513742636698165,0.0196078431372549,TRUE,0.853859597712809,0.762962962962963,"cz_human_kidney_v1.5"
"kidney_loop_of_Henle_thick_ascending_limb_epithelial_cell","SOX17","lm",1200,110,NA,0.896957664125395,NA,"cv_r2",NA,NA,NA,NA,NA,"cz_human_kidney_v1.5"
"kidney_loop_of_Henle_thick_ascending_limb_epithelial_cell","SOX17","ridge",1200,110,NA,0.897379827499972,NA,"cv_r2",NA,NA,NA,NA,NA,"cz_human_kidney_v1.5"
"kidney_loop_of_Henle_thick_ascending_limb_epithelial_cell","SOX17","spearman",1200,110,NA,0.603872146197016,NA,"cv_r2",NA,NA,NA,NA,NA,"cz_human_kidney_v1.5"
"kidney_loop_of_Henle_thick_ascending_limb_epithelial_cell","OSR1","rf",1200,110,0.919125146584773,0.916311565994787,NA,"oob_r2",-0.053853859169498,0.0196078431372549,TRUE,0.879111872506368,0.822222222222222,"cz_human_kidney_v1.5"
"kidney_loop_of_Henle_thick_ascending_limb_epithelial_cell","OSR1","lm",1200,110,NA,0.899868857865587,NA,"cv_r2",NA,NA,NA,NA,NA,"cz_human_kidney_v1.5"
"kidney_loop_of_Henle_thick_ascending_limb_epithelial_cell","OSR1","ridge",1200,110,NA,0.901152915363562,NA,"cv_r2",NA,NA,NA,NA,NA,"cz_human_kidney_v1.5"
"kidney_loop_of_Henle_thick_ascending_limb_epithelial_cell","OSR1","spearman",1200,110,NA,0.640398112795708,NA,"cv_r2",NA,NA,NA,NA,NA,"cz_human_kidney_v1.5"
"kidney_loop_of_Henle_thick_ascending_limb_epithelial_cell","DMRT3","rf",1200,110,0.91829818353692,0.916241477206392,NA,"oob_r2",-0.0525175657190631,0.0196078431372549,TRUE,0.861375771100542,0.77037037037037,"cz_human_kidney_v1.5"
"kidney_loop_of_Henle_thick_ascending_limb_epithelial_cell","DMRT3","lm",1200,110,NA,0.904995420366048,NA,"cv_r2",NA,NA,NA,NA,NA,"cz_human_kidney_v1.5"
"kidney_loop_of_Henle_thick_ascending_limb_epithelial_cell","DMRT3","ridge",1200,110,NA,0.906119453169333,NA,"cv_r2",NA,NA,NA,NA,NA,"cz_human_kidney_v1.5"
"kidney_loop_of_Henle_thick_ascending_limb_epithelial_cell","DMRT3","spearman",1200,110,NA,0.643014384201087,NA,"cv_r2",NA,NA,NA,NA,NA,"cz_human_kidney_v1.5"
"kidney_loop_of_Henle_thick_ascending_limb_epithelial_cell","FOXP1","rf",1200,110,0.914023873692812,0.911733123010358,NA,"oob_r2",-0.0498599143139199,0.0196078431372549,TRUE,0.855411241099314,1,"cz_human_kidney_v1.5"
"kidney_loop_of_Henle_thick_ascending_limb_epithelial_cell","FOXP1","lm",1200,110,NA,0.904763418359494,NA,"cv_r2",NA,NA,NA,NA,NA,"cz_human_kidney_v1.5"
"kidney_loop_of_Henle_thick_ascending_limb_epithelial_cell","FOXP1","ridge",1200,110,NA,0.904951549632368,NA,"cv_r2",NA,NA,NA,NA,NA,"cz_human_kidney_v1.5"
"kidney_loop_of_Henle_thick_ascending_limb_epithelial_cell","FOXP1","spearman",1200,110,NA,0.672380696731085,NA,"cv_r2",NA,NA,NA,NA,NA,"cz_human_kidney_v1.5"
"kidney_loop_of_Henle_thick_ascending_limb_epithelial_cell","MSC","rf",1200,110,0.915777973684688,0.913539225433489,NA,"oob_r2",-0.0487907095893335,0.0196078431372549,TRUE,0.880211487550937,1,"cz_human_kidney_v1.5"
"kidney_loop_of_Henle_thick_ascending_limb_epithelial_cell","MSC","lm",1200,110,NA,0.89475416851357,NA,"cv_r2",NA,NA,NA,NA,NA,"cz_human_kidney_v1.5"
"kidney_loop_of_Henle_thick_ascending_limb_epithelial_cell","MSC","ridge",1200,110,NA,0.895375462235315,NA,"cv_r2",NA,NA,NA,NA,NA,"cz_human_kidney_v1.5"
"kidney_loop_of_Henle_thick_ascending_limb_epithelial_cell","MSC","spearman",1200,110,NA,0.709350162642314,NA,"cv_r2",NA,NA,NA,NA,NA,"cz_human_kidney_v1.5"
"kidney_loop_of_Henle_thick_ascending_limb_epithelial_cell","NFAT5","rf",1200,110,0.915340139954899,0.919714497164995,NA,"oob_r2",-0.048324584717644,0.0196078431372549,TRUE,0.884235261115995,0.933333333333333,"cz_human_kidney_v1.5"
"kidney_loop_of_Henle_thick_ascending_limb_epithelial_cell","NFAT5","lm",1200,110,NA,0.913790502570223,NA,"cv_r2",NA,NA,NA,NA,NA,"cz_human_kidney_v1.5"
"kidney_loop_of_Henle_thick_ascending_limb_epithelial_cell","NFAT5","ridge",1200,110,NA,0.913686083854781,NA,"cv_r2",NA,NA,NA,NA,NA,"cz_human_kidney_v1.5"
"kidney_loop_of_Henle_thick_ascending_limb_epithelial_cell","NFAT5","spearman",1200,110,NA,0.701046530659446,NA,"cv_r2",NA,NA,NA,NA,NA,"cz_human_kidney_v1.5"
"kidney_loop_of_Henle_thick_ascending_limb_epithelial_cell","PBX1","rf",1200,110,0.914172577163196,0.912289168718271,NA,"oob_r2",-0.060693946019492,0.0196078431372549,TRUE,0.875101723909063,0.8,"cz_human_kidney_v1.5"
"kidney_loop_of_Henle_thick_ascending_limb_epithelial_cell","PBX1","lm",1200,110,NA,0.895199699955509,NA,"cv_r2",NA,NA,NA,NA,NA,"cz_human_kidney_v1.5"
"kidney_loop_of_Henle_thick_ascending_limb_epithelial_cell","PBX1","ridge",1200,110,NA,0.896952210437743,NA,"cv_r2",NA,NA,NA,NA,NA,"cz_human_kidney_v1.5"
"kidney_loop_of_Henle_thick_ascending_limb_epithelial_cell","PBX1","spearman",1200,110,NA,0.633204310451225,NA,"cv_r2",NA,NA,NA,NA,NA,"cz_human_kidney_v1.5"
"kidney_loop_of_Henle_thick_ascending_limb_epithelial_cell","SOX18","rf",1200,110,0.918416768037517,0.91184999122775,NA,"oob_r2",-0.0477994672258048,0.0196078431372549,TRUE,0.871785246464145,0.8,"cz_human_kidney_v1.5"
"kidney_loop_of_Henle_thick_ascending_limb_epithelial_cell","SOX18","lm",1200,110,NA,0.90564030500568,NA,"cv_r2",NA,NA,NA,NA,NA,"cz_human_kidney_v1.5"
"kidney_loop_of_Henle_thick_ascending_limb_epithelial_cell","SOX18","ridge",1200,110,NA,0.904339334363592,NA,"cv_r2",NA,NA,NA,NA,NA,"cz_human_kidney_v1.5"
"kidney_loop_of_Henle_thick_ascending_limb_epithelial_cell","SOX18","spearman",1200,110,NA,0.708839859882702,NA,"cv_r2",NA,NA,NA,NA,NA,"cz_human_kidney_v1.5"
"kidney_loop_of_Henle_thick_ascending_limb_epithelial_cell","TFCP2L1","rf",1200,110,0.91851045219041,0.915168815599782,NA,"oob_r2",-0.0429719429838345,0.0196078431372549,TRUE,0.884153310942302,0.881481481481481,"cz_human_kidney_v1.5"
"kidney_loop_of_Henle_thick_ascending_limb_epithelial_cell","TFCP2L1","lm",1200,110,NA,0.912117303124996,NA,"cv_r2",NA,NA,NA,NA,NA,"cz_human_kidney_v1.5"
"kidney_loop_of_Henle_thick_ascending_limb_epithelial_cell","TFCP2L1","ridge",1200,110,NA,0.9122867689696,NA,"cv_r2",NA,NA,NA,NA,NA,"cz_human_kidney_v1.5"
"kidney_loop_of_Henle_thick_ascending_limb_epithelial_cell","TFCP2L1","spearman",1200,110,NA,0.702916935459502,NA,"cv_r2",NA,NA,NA,NA,NA,"cz_human_kidney_v1.5"
"kidney_loop_of_Henle_thick_ascending_limb_epithelial_cell","NPAS3","rf",1200,110,0.900808818043025,0.898213451274893,NA,"oob_r2",-0.0440803811911594,0.0196078431372549,TRUE,0.874270600876105,0.744973544973545,"cz_human_kidney_v1.5"
"kidney_loop_of_Henle_thick_ascending_limb_epithelial_cell","NPAS3","lm",1200,110,NA,0.870918927891306,NA,"cv_r2",NA,NA,NA,NA,NA,"cz_human_kidney_v1.5"
"kidney_loop_of_Henle_thick_ascending_limb_epithelial_cell","NPAS3","ridge",1200,110,NA,0.874103927890537,NA,"cv_r2",NA,NA,NA,NA,NA,"cz_human_kidney_v1.5"
"kidney_loop_of_Henle_thick_ascending_limb_epithelial_cell","NPAS3","spearman",1200,110,NA,0.596848022543886,NA,"cv_r2",NA,NA,NA,NA,NA,"cz_human_kidney_v1.5"
"kidney_loop_of_Henle_thick_ascending_limb_epithelial_cell","STAT4","rf",1200,110,0.911255761826995,0.909314991537092,NA,"oob_r2",-0.0522064275184514,0.0196078431372549,TRUE,0.881850891759149,0.933333333333333,"cz_human_kidney_v1.5"
"kidney_loop_of_Henle_thick_ascending_limb_epithelial_cell","STAT4","lm",1200,110,NA,0.901656225912296,NA,"cv_r2",NA,NA,NA,NA,NA,"cz_human_kidney_v1.5"
"kidney_loop_of_Henle_thick_ascending_limb_epithelial_cell","STAT4","ridge",1200,110,NA,0.902142446548041,NA,"cv_r2",NA,NA,NA,NA,NA,"cz_human_kidney_v1.5"
"kidney_loop_of_Henle_thick_ascending_limb_epithelial_cell","STAT4","spearman",1200,110,NA,0.670630099632222,NA,"cv_r2",NA,NA,NA,NA,NA,"cz_human_kidney_v1.5"
"kidney_loop_of_Henle_thick_ascending_limb_epithelial_cell","LHX1","rf",1200,110,0.901190278449447,0.902666102253544,NA,"oob_r2",-0.0532000334243956,0.0196078431372549,TRUE,0.891964424808461,0.784126984126984,"cz_human_kidney_v1.5"
"kidney_loop_of_Henle_thick_ascending_limb_epithelial_cell","LHX1","lm",1200,110,NA,0.89053578613844,NA,"cv_r2",NA,NA,NA,NA,NA,"cz_human_kidney_v1.5"
"kidney_loop_of_Henle_thick_ascending_limb_epithelial_cell","LHX1","ridge",1200,110,NA,0.892966513659313,NA,"cv_r2",NA,NA,NA,NA,NA,"cz_human_kidney_v1.5"
"kidney_loop_of_Henle_thick_ascending_limb_epithelial_cell","LHX1","spearman",1200,110,NA,0.645649527106973,NA,"cv_r2",NA,NA,NA,NA,NA,"cz_human_kidney_v1.5"
"kidney_loop_of_Henle_thick_ascending_limb_epithelial_cell","RORA","rf",1200,110,0.904677679791731,0.90804393271778,NA,"oob_r2",-0.0393668790663837,0.0196078431372549,TRUE,0.888496670148046,1,"cz_human_kidney_v1.5"
"kidney_loop_of_Henle_thick_ascending_limb_epithelial_cell","RORA","lm",1200,110,NA,0.905548512136599,NA,"cv_r2",NA,NA,NA,NA,NA,"cz_human_kidney_v1.5"
"kidney_loop_of_Henle_thick_ascending_limb_epithelial_cell","RORA","ridge",1200,110,NA,0.90634043433422,NA,"cv_r2",NA,NA,NA,NA,NA,"cz_human_kidney_v1.5"
"kidney_loop_of_Henle_thick_ascending_limb_epithelial_cell","RORA","spearman",1200,110,NA,0.674263205400663,NA,"cv_r2",NA,NA,NA,NA,NA,"cz_human_kidney_v1.5"
"kidney_loop_of_Henle_thick_ascending_limb_epithelial_cell","RUNX3","rf",1200,110,0.91063168716566,0.909491365578237,NA,"oob_r2",-0.0436097238250615,0.0196078431372549,TRUE,0.892567930733068,0.814814814814815,"cz_human_kidney_v1.5"
"kidney_loop_of_Henle_thick_ascending_limb_epithelial_cell","RUNX3","lm",1200,110,NA,0.909531202637621,NA,"cv_r2",NA,NA,NA,NA,NA,"cz_human_kidney_v1.5"
"kidney_loop_of_Henle_thick_ascending_limb_epithelial_cell","RUNX3","ridge",1200,110,NA,0.909765983174423,NA,"cv_r2",NA,NA,NA,NA,NA,"cz_human_kidney_v1.5"
"kidney_loop_of_Henle_thick_ascending_limb_epithelial_cell","RUNX3","spearman",1200,110,NA,0.688441977630574,NA,"cv_r2",NA,NA,NA,NA,NA,"cz_human_kidney_v1.5"
"kidney_loop_of_Henle_thick_ascending_limb_epithelial_cell","POU3F4","rf",1200,110,0.891874631027751,0.890639877191265,NA,"oob_r2",-0.0442369447699989,0.0196078431372549,TRUE,0.889900442560993,0.82962962962963,"cz_human_kidney_v1.5"
"kidney_loop_of_Henle_thick_ascending_limb_epithelial_cell","POU3F4","lm",1200,110,NA,0.876042800002187,NA,"cv_r2",NA,NA,NA,NA,NA,"cz_human_kidney_v1.5"
"kidney_loop_of_Henle_thick_ascending_limb_epithelial_cell","POU3F4","ridge",1200,110,NA,0.877624397514539,NA,"cv_r2",NA,NA,NA,NA,NA,"cz_human_kidney_v1.5"
"kidney_loop_of_Henle_thick_ascending_limb_epithelial_cell","POU3F4","spearman",1200,110,NA,0.576911106644696,NA,"cv_r2",NA,NA,NA,NA,NA,"cz_human_kidney_v1.5"
"kidney_loop_of_Henle_thick_ascending_limb_epithelial_cell","MEIS2","rf",1200,110,0.9034085512349,0.900642649686895,NA,"oob_r2",-0.0619952442679081,0.0196078431372549,TRUE,0.870213766727528,1,"cz_human_kidney_v1.5"
"kidney_loop_of_Henle_thick_ascending_limb_epithelial_cell","MEIS2","lm",1200,110,NA,0.8924754970387,NA,"cv_r2",NA,NA,NA,NA,NA,"cz_human_kidney_v1.5"
"kidney_loop_of_Henle_thick_ascending_limb_epithelial_cell","MEIS2","ridge",1200,110,NA,0.894321586517583,NA,"cv_r2",NA,NA,NA,NA,NA,"cz_human_kidney_v1.5"
"kidney_loop_of_Henle_thick_ascending_limb_epithelial_cell","MEIS2","spearman",1200,110,NA,0.634123984911218,NA,"cv_r2",NA,NA,NA,NA,NA,"cz_human_kidney_v1.5"
"kidney_loop_of_Henle_thick_ascending_limb_epithelial_cell","ESRRG","rf",1200,110,0.894150738124454,0.891554536877898,NA,"oob_r2",-0.0429316447320429,0.0196078431372549,TRUE,0.883954747074013,1,"cz_human_kidney_v1.5"
"kidney_loop_of_Henle_thick_ascending_limb_epithelial_cell","ESRRG","lm",1200,110,NA,0.884003715458926,NA,"cv_r2",NA,NA,NA,NA,NA,"cz_human_kidney_v1.5"
"kidney_loop_of_Henle_thick_ascending_limb_epithelial_cell","ESRRG","ridge",1200,110,NA,0.884468169230537,NA,"cv_r2",NA,NA,NA,NA,NA,"cz_human_kidney_v1.5"
"kidney_loop_of_Henle_thick_ascending_limb_epithelial_cell","ESRRG","spearman",1200,110,NA,0.659912241849112,NA,"cv_r2",NA,NA,NA,NA,NA,"cz_human_kidney_v1.5"
"kidney_loop_of_Henle_thick_ascending_limb_epithelial_cell","LHX6","rf",1200,110,0.904165713482239,0.896679263459159,NA,"oob_r2",-0.0507743736807704,0.0196078431372549,TRUE,0.852587666899593,0.822222222222222,"cz_human_kidney_v1.5"
"kidney_loop_of_Henle_thick_ascending_limb_epithelial_cell","LHX6","lm",1200,110,NA,0.883399093070199,NA,"cv_r2",NA,NA,NA,NA,NA,"cz_human_kidney_v1.5"
"kidney_loop_of_Henle_thick_ascending_limb_epithelial_cell","LHX6","ridge",1200,110,NA,0.886295301711876,NA,"cv_r2",NA,NA,NA,NA,NA,"cz_human_kidney_v1.5"
"kidney_loop_of_Henle_thick_ascending_limb_epithelial_cell","LHX6","spearman",1200,110,NA,0.588180812191277,NA,"cv_r2",NA,NA,NA,NA,NA,"cz_human_kidney_v1.5"
"kidney_loop_of_Henle_thick_ascending_limb_epithelial_cell","PROX1","rf",1200,110,0.798754692958079,0.800024977148965,NA,"oob_r2",-0.0480692476281807,0.0196078431372549,TRUE,0.857677794558528,0.82962962962963,"cz_human_kidney_v1.5"
"kidney_loop_of_Henle_thick_ascending_limb_epithelial_cell","PROX1","lm",1200,110,NA,0.818927061488678,NA,"cv_r2",NA,NA,NA,NA,NA,"cz_human_kidney_v1.5"
"kidney_loop_of_Henle_thick_ascending_limb_epithelial_cell","PROX1","ridge",1200,110,NA,0.819962622107422,NA,"cv_r2",NA,NA,NA,NA,NA,"cz_human_kidney_v1.5"
"kidney_loop_of_Henle_thick_ascending_limb_epithelial_cell","PROX1","spearman",1200,110,NA,0.613850316518328,NA,"cv_r2",NA,NA,NA,NA,NA,"cz_human_kidney_v1.5"
"kidney_loop_of_Henle_thick_ascending_limb_epithelial_cell","MYBL2","rf",1200,110,0.89822198013461,0.900696342687134,NA,"oob_r2",-0.0368274116648923,0.0196078431372549,TRUE,0.89703511685163,0.933333333333333,"cz_human_kidney_v1.5"
"kidney_loop_of_Henle_thick_ascending_limb_epithelial_cell","MYBL2","lm",1200,110,NA,0.888193389403815,NA,"cv_r2",NA,NA,NA,NA,NA,"cz_human_kidney_v1.5"
"kidney_loop_of_Henle_thick_ascending_limb_epithelial_cell","MYBL2","ridge",1200,110,NA,0.89041960552874,NA,"cv_r2",NA,NA,NA,NA,NA,"cz_human_kidney_v1.5"
"kidney_loop_of_Henle_thick_ascending_limb_epithelial_cell","MYBL2","spearman",1200,110,NA,0.615707837665315,NA,"cv_r2",NA,NA,NA,NA,NA,"cz_human_kidney_v1.5"
"kidney_loop_of_Henle_thick_ascending_limb_epithelial_cell","GLI3","rf",1200,110,0.897503227792406,0.898229705905016,NA,"oob_r2",-0.0441090724103739,0.0196078431372549,TRUE,0.887112533718038,0.762962962962963,"cz_human_kidney_v1.5"
"kidney_loop_of_Henle_thick_ascending_limb_epithelial_cell","GLI3","lm",1200,110,NA,0.883598485703753,NA,"cv_r2",NA,NA,NA,NA,NA,"cz_human_kidney_v1.5"
"kidney_loop_of_Henle_thick_ascending_limb_epithelial_cell","GLI3","ridge",1200,110,NA,0.88470136677072,NA,"cv_r2",NA,NA,NA,NA,NA,"cz_human_kidney_v1.5"
"kidney_loop_of_Henle_thick_ascending_limb_epithelial_cell","GLI3","spearman",1200,110,NA,0.670295588881175,NA,"cv_r2",NA,NA,NA,NA,NA,"cz_human_kidney_v1.5"
"kidney_loop_of_Henle_thick_ascending_limb_epithelial_cell","CREB3L3","rf",1200,110,0.829093988826352,0.826831180536939,NA,"oob_r2",-0.0386910858497883,0.0196078431372549,TRUE,0.86031262288143,0.814814814814815,"cz_human_kidney_v1.5"
"kidney_loop_of_Henle_thick_ascending_limb_epithelial_cell","CREB3L3","lm",1200,110,NA,0.792480565054968,NA,"cv_r2",NA,NA,NA,NA,NA,"cz_human_kidney_v1.5"
"kidney_loop_of_Henle_thick_ascending_limb_epithelial_cell","CREB3L3","ridge",1200,110,NA,0.79870390337896,NA,"cv_r2",NA,NA,NA,NA,NA,"cz_human_kidney_v1.5"
"kidney_loop_of_Henle_thick_ascending_limb_epithelial_cell","CREB3L3","spearman",1200,110,NA,0.477254988073913,NA,"cv_r2",NA,NA,NA,NA,NA,"cz_human_kidney_v1.5"
"kidney_loop_of_Henle_thick_ascending_limb_epithelial_cell","MAFA","rf",1200,110,0.822577609038332,0.824777652723236,NA,"oob_r2",-0.0393273493685396,0.0196078431372549,TRUE,0.873986279857839,0.881481481481482,"cz_human_kidney_v1.5"
"kidney_loop_of_Henle_thick_ascending_limb_epithelial_cell","MAFA","lm",1200,110,NA,0.796850220164769,NA,"cv_r2",NA,NA,NA,NA,NA,"cz_human_kidney_v1.5"
"kidney_loop_of_Henle_thick_ascending_limb_epithelial_cell","MAFA","ridge",1200,110,NA,0.799216819467973,NA,"cv_r2",NA,NA,NA,NA,NA,"cz_human_kidney_v1.5"
"kidney_loop_of_Henle_thick_ascending_limb_epithelial_cell","MAFA","spearman",1200,110,NA,0.568742028809653,NA,"cv_r2",NA,NA,NA,NA,NA,"cz_human_kidney_v1.5"
"kidney_loop_of_Henle_thick_ascending_limb_epithelial_cell","ID4","rf",1200,110,0.840795342723412,0.840953598123771,NA,"oob_r2",-0.0359357711566523,0.0196078431372549,TRUE,0.87351922397794,0.82962962962963,"cz_human_kidney_v1.5"
"kidney_loop_of_Henle_thick_ascending_limb_epithelial_cell","ID4","lm",1200,110,NA,0.808648674482142,NA,"cv_r2",NA,NA,NA,NA,NA,"cz_human_kidney_v1.5"
"kidney_loop_of_Henle_thick_ascending_limb_epithelial_cell","ID4","ridge",1200,110,NA,0.813741575254694,NA,"cv_r2",NA,NA,NA,NA,NA,"cz_human_kidney_v1.5"
"kidney_loop_of_Henle_thick_ascending_limb_epithelial_cell","ID4","spearman",1200,110,NA,0.438029079470835,NA,"cv_r2",NA,NA,NA,NA,NA,"cz_human_kidney_v1.5"
"kidney_loop_of_Henle_thick_ascending_limb_epithelial_cell","EBF1","rf",1200,110,0.877680031208458,0.874837368891862,NA,"oob_r2",-0.0353251748016779,0.0196078431372549,TRUE,0.887936042798428,0.785185185185185,"cz_human_kidney_v1.5"
"kidney_loop_of_Henle_thick_ascending_limb_epithelial_cell","EBF1","lm",1200,110,NA,0.856721083206804,NA,"cv_r2",NA,NA,NA,NA,NA,"cz_human_kidney_v1.5"
"kidney_loop_of_Henle_thick_ascending_limb_epithelial_cell","EBF1","ridge",1200,110,NA,0.858540787730452,NA,"cv_r2",NA,NA,NA,NA,NA,"cz_human_kidney_v1.5"
"kidney_loop_of_Henle_thick_ascending_limb_epithelial_cell","EBF1","spearman",1200,110,NA,0.586931977563391,NA,"cv_r2",NA,NA,NA,NA,NA,"cz_human_kidney_v1.5"
"kidney_loop_of_Henle_thick_ascending_limb_epithelial_cell","TBX21","rf",1200,110,0.859795295590129,0.864054974618767,NA,"oob_r2",-0.0337284059134173,0.0196078431372549,TRUE,0.891798520789346,0.822222222222222,"cz_human_kidney_v1.5"
"kidney_loop_of_Henle_thick_ascending_limb_epithelial_cell","TBX21","lm",1200,110,NA,0.839046642953065,NA,"cv_r2",NA,NA,NA,NA,NA,"cz_human_kidney_v1.5"
"kidney_loop_of_Henle_thick_ascending_limb_epithelial_cell","TBX21","ridge",1200,110,NA,0.842283105604524,NA,"cv_r2",NA,NA,NA,NA,NA,"cz_human_kidney_v1.5"
"kidney_loop_of_Henle_thick_ascending_limb_epithelial_cell","TBX21","spearman",1200,110,NA,0.605646714010061,NA,"cv_r2",NA,NA,NA,NA,NA,"cz_human_kidney_v1.5"
"kidney_loop_of_Henle_thick_ascending_limb_epithelial_cell","ID3","rf",1200,110,0.803708640676678,0.802237201163466,NA,"oob_r2",-0.0274767908998666,0.0196078431372549,TRUE,0.872833767879639,0.814814814814815,"cz_human_kidney_v1.5"
"kidney_loop_of_Henle_thick_ascending_limb_epithelial_cell","ID3","lm",1200,110,NA,0.757840426175169,NA,"cv_r2",NA,NA,NA,NA,NA,"cz_human_kidney_v1.5"
"kidney_loop_of_Henle_thick_ascending_limb_epithelial_cell","ID3","ridge",1200,110,NA,0.763205076738856,NA,"cv_r2",NA,NA,NA,NA,NA,"cz_human_kidney_v1.5"
"kidney_loop_of_Henle_thick_ascending_limb_epithelial_cell","ID3","spearman",1200,110,NA,0.489333812098961,NA,"cv_r2",NA,NA,NA,NA,NA,"cz_human_kidney_v1.5"
"kidney_loop_of_Henle_thick_ascending_limb_epithelial_cell","GATA3","rf",1200,110,0.868309367731566,0.870397198931181,NA,"oob_r2",-0.0406287693420904,0.0196078431372549,TRUE,0.882635930342352,1,"cz_human_kidney_v1.5"
"kidney_loop_of_Henle_thick_ascending_limb_epithelial_cell","GATA3","lm",1200,110,NA,0.857118085409583,NA,"cv_r2",NA,NA,NA,NA,NA,"cz_human_kidney_v1.5"
"kidney_loop_of_Henle_thick_ascending_limb_epithelial_cell","GATA3","ridge",1200,110,NA,0.859133835407509,NA,"cv_r2",NA,NA,NA,NA,NA,"cz_human_kidney_v1.5"
"kidney_loop_of_Henle_thick_ascending_limb_epithelial_cell","GATA3","spearman",1200,110,NA,0.659314465321051,NA,"cv_r2",NA,NA,NA,NA,NA,"cz_human_kidney_v1.5"
"kidney_loop_of_Henle_thick_ascending_limb_epithelial_cell","TBX2","rf",1200,110,0.86786450657586,0.868825260144271,NA,"oob_r2",-0.0414544274625478,0.0196078431372549,TRUE,0.895432780570395,0.8,"cz_human_kidney_v1.5"
"kidney_loop_of_Henle_thick_ascending_limb_epithelial_cell","TBX2","lm",1200,110,NA,0.845999211691278,NA,"cv_r2",NA,NA,NA,NA,NA,"cz_human_kidney_v1.5"
"kidney_loop_of_Henle_thick_ascending_limb_epithelial_cell","TBX2","ridge",1200,110,NA,0.847835332863452,NA,"cv_r2",NA,NA,NA,NA,NA,"cz_human_kidney_v1.5"
"kidney_loop_of_Henle_thick_ascending_limb_epithelial_cell","TBX2","spearman",1200,110,NA,0.588189214147011,NA,"cv_r2",NA,NA,NA,NA,NA,"cz_human_kidney_v1.5"
"kidney_loop_of_Henle_thick_ascending_limb_epithelial_cell","IKZF1","rf",1200,110,0.878160475150977,0.877825167852609,NA,"oob_r2",-0.0434598067440703,0.0196078431372549,TRUE,0.874149178369362,1,"cz_human_kidney_v1.5"
"kidney_loop_of_Henle_thick_ascending_limb_epithelial_cell","IKZF1","lm",1200,110,NA,0.871407573397692,NA,"cv_r2",NA,NA,NA,NA,NA,"cz_human_kidney_v1.5"
"kidney_loop_of_Henle_thick_ascending_limb_epithelial_cell","IKZF1","ridge",1200,110,NA,0.871689236777578,NA,"cv_r2",NA,NA,NA,NA,NA,"cz_human_kidney_v1.5"
"kidney_loop_of_Henle_thick_ascending_limb_epithelial_cell","IKZF1","spearman",1200,110,NA,0.635828550551832,NA,"cv_r2",NA,NA,NA,NA,NA,"cz_human_kidney_v1.5"
"kidney_loop_of_Henle_thick_ascending_limb_epithelial_cell","ENO1","rf",1200,110,0.865211363892805,0.86692162401672,NA,"oob_r2",-0.0391722692663942,0.0196078431372549,TRUE,0.874118522191917,0.762962962962963,"cz_human_kidney_v1.5"
"kidney_loop_of_Henle_thick_ascending_limb_epithelial_cell","ENO1","lm",1200,110,NA,0.839824218548722,NA,"cv_r2",NA,NA,NA,NA,NA,"cz_human_kidney_v1.5"
"kidney_loop_of_Henle_thick_ascending_limb_epithelial_cell","ENO1","ridge",1200,110,NA,0.842383333787003,NA,"cv_r2",NA,NA,NA,NA,NA,"cz_human_kidney_v1.5"
"kidney_loop_of_Henle_thick_ascending_limb_epithelial_cell","ENO1","spearman",1200,110,NA,0.583311505121929,NA,"cv_r2",NA,NA,NA,NA,NA,"cz_human_kidney_v1.5"
"kidney_loop_of_Henle_thick_ascending_limb_epithelial_cell","FOS","rf",1200,110,0.835165288648004,0.836220547063649,NA,"oob_r2",-0.0341689015927494,0.0196078431372549,TRUE,0.881209316071701,0.844444444444444,"cz_human_kidney_v1.5"
"kidney_loop_of_Henle_thick_ascending_limb_epithelial_cell","FOS","lm",1200,110,NA,0.805724301398704,NA,"cv_r2",NA,NA,NA,NA,NA,"cz_human_kidney_v1.5"
"kidney_loop_of_Henle_thick_ascending_limb_epithelial_cell","FOS","ridge",1200,110,NA,0.808505047067452,NA,"cv_r2",NA,NA,NA,NA,NA,"cz_human_kidney_v1.5"
"kidney_loop_of_Henle_thick_ascending_limb_epithelial_cell","FOS","spearman",1200,110,NA,0.433252150602229,NA,"cv_r2",NA,NA,NA,NA,NA,"cz_human_kidney_v1.5"
"kidney_loop_of_Henle_thick_ascending_limb_epithelial_cell","FOXA3","rf",1200,110,0.828157548790604,0.829559636785316,NA,"oob_r2",-0.0254647918594031,0.0196078431372549,TRUE,0.877537787996504,0.933333333333333,"cz_human_kidney_v1.5"
"kidney_loop_of_Henle_thick_ascending_limb_epithelial_cell","FOXA3","lm",1200,110,NA,0.79058487237403,NA,"cv_r2",NA,NA,NA,NA,NA,"cz_human_kidney_v1.5"
"kidney_loop_of_Henle_thick_ascending_limb_epithelial_cell","FOXA3","ridge",1200,110,NA,0.796630216874707,NA,"cv_r2",NA,NA,NA,NA,NA,"cz_human_kidney_v1.5"
"kidney_loop_of_Henle_thick_ascending_limb_epithelial_cell","FOXA3","spearman",1200,110,NA,0.46350954155229,NA,"cv_r2",NA,NA,NA,NA,NA,"cz_human_kidney_v1.5"
"kidney_loop_of_Henle_thick_ascending_limb_epithelial_cell","HNF4A","rf",1200,110,0.841548214558569,0.844580244075537,NA,"oob_r2",-0.0375760734698286,0.0196078431372549,TRUE,0.866468703899896,0.933333333333333,"cz_human_kidney_v1.5"
"kidney_loop_of_Henle_thick_ascending_limb_epithelial_cell","HNF4A","lm",1200,110,NA,0.816020612465215,NA,"cv_r2",NA,NA,NA,NA,NA,"cz_human_kidney_v1.5"
"kidney_loop_of_Henle_thick_ascending_limb_epithelial_cell","HNF4A","ridge",1200,110,NA,0.819596597672048,NA,"cv_r2",NA,NA,NA,NA,NA,"cz_human_kidney_v1.5"
"kidney_loop_of_Henle_thick_ascending_limb_epithelial_cell","HNF4A","spearman",1200,110,NA,0.58625840710918,NA,"cv_r2",NA,NA,NA,NA,NA,"cz_human_kidney_v1.5"
"kidney_loop_of_Henle_thick_ascending_limb_epithelial_cell","AR","rf",1200,110,0.885381567849933,0.881464283701628,NA,"oob_r2",-0.0411955833570011,0.0196078431372549,TRUE,0.879996693941648,0.77037037037037,"cz_human_kidney_v1.5"
"kidney_loop_of_Henle_thick_ascending_limb_epithelial_cell","AR","lm",1200,110,NA,0.868699641005093,NA,"cv_r2",NA,NA,NA,NA,NA,"cz_human_kidney_v1.5"
"kidney_loop_of_Henle_thick_ascending_limb_epithelial_cell","AR","ridge",1200,110,NA,0.870839765481464,NA,"cv_r2",NA,NA,NA,NA,NA,"cz_human_kidney_v1.5"
"kidney_loop_of_Henle_thick_ascending_limb_epithelial_cell","AR","spearman",1200,110,NA,0.577862712533296,NA,"cv_r2",NA,NA,NA,NA,NA,"cz_human_kidney_v1.5"
"kidney_loop_of_Henle_thick_ascending_limb_epithelial_cell","MYC","rf",1200,110,0.857515127164167,0.85938599473094,NA,"oob_r2",-0.0340960477039745,0.0196078431372549,TRUE,0.879856236553484,1,"cz_human_kidney_v1.5"
"kidney_loop_of_Henle_thick_ascending_limb_epithelial_cell","MYC","lm",1200,110,NA,0.836284144240943,NA,"cv_r2",NA,NA,NA,NA,NA,"cz_human_kidney_v1.5"
"kidney_loop_of_Henle_thick_ascending_limb_epithelial_cell","MYC","ridge",1200,110,NA,0.838549803067916,NA,"cv_r2",NA,NA,NA,NA,NA,"cz_human_kidney_v1.5"
"kidney_loop_of_Henle_thick_ascending_limb_epithelial_cell","MYC","spearman",1200,110,NA,0.583977351569693,NA,"cv_r2",NA,NA,NA,NA,NA,"cz_human_kidney_v1.5"
"kidney_loop_of_Henle_thick_ascending_limb_epithelial_cell","FOXC2","rf",1200,110,0.866613743578517,0.866240130535786,NA,"oob_r2",-0.0419772257803246,0.0196078431372549,TRUE,0.889497103442057,0.874074074074074,"cz_human_kidney_v1.5"
"kidney_loop_of_Henle_thick_ascending_limb_epithelial_cell","FOXC2","lm",1200,110,NA,0.841784506547834,NA,"cv_r2",NA,NA,NA,NA,NA,"cz_human_kidney_v1.5"
"kidney_loop_of_Henle_thick_ascending_limb_epithelial_cell","FOXC2","ridge",1200,110,NA,0.844525272066043,NA,"cv_r2",NA,NA,NA,NA,NA,"cz_human_kidney_v1.5"
"kidney_loop_of_Henle_thick_ascending_limb_epithelial_cell","FOXC2","spearman",1200,110,NA,0.570159492319409,NA,"cv_r2",NA,NA,NA,NA,NA,"cz_human_kidney_v1.5"
"kidney_loop_of_Henle_thick_ascending_limb_epithelial_cell","TFAP2C","rf",1200,110,0.844208889651253,0.842862306011336,NA,"oob_r2",-0.0365608441478667,0.0196078431372549,TRUE,0.86574056959378,0.881481481481481,"cz_human_kidney_v1.5"
"kidney_loop_of_Henle_thick_ascending_limb_epithelial_cell","TFAP2C","lm",1200,110,NA,0.81023463832543,NA,"cv_r2",NA,NA,NA,NA,NA,"cz_human_kidney_v1.5"
"kidney_loop_of_Henle_thick_ascending_limb_epithelial_cell","TFAP2C","ridge",1200,110,NA,0.814779556580731,NA,"cv_r2",NA,NA,NA,NA,NA,"cz_human_kidney_v1.5"
"kidney_loop_of_Henle_thick_ascending_limb_epithelial_cell","TFAP2C","spearman",1200,110,NA,0.57280490582008,NA,"cv_r2",NA,NA,NA,NA,NA,"cz_human_kidney_v1.5"
"kidney_loop_of_Henle_thick_ascending_limb_epithelial_cell","NFE2","rf",1200,110,0.881958491453521,0.878450469391736,NA,"oob_r2",-0.0467264434237092,0.0196078431372549,TRUE,0.877454835986946,0.819047619047619,"cz_human_kidney_v1.5"
"kidney_loop_of_Henle_thick_ascending_limb_epithelial_cell","NFE2","lm",1200,110,NA,0.877216569246872,NA,"cv_r2",NA,NA,NA,NA,NA,"cz_human_kidney_v1.5"
"kidney_loop_of_Henle_thick_ascending_limb_epithelial_cell","NFE2","ridge",1200,110,NA,0.880941271596057,NA,"cv_r2",NA,NA,NA,NA,NA,"cz_human_kidney_v1.5"
"kidney_loop_of_Henle_thick_ascending_limb_epithelial_cell","NFE2","spearman",1200,110,NA,0.508836362878426,NA,"cv_r2",NA,NA,NA,NA,NA,"cz_human_kidney_v1.5"
"kidney_loop_of_Henle_thick_ascending_limb_epithelial_cell","EGR1","rf",1200,110,0.823002563590544,0.819647804213745,NA,"oob_r2",-0.0277404133619084,0.0196078431372549,TRUE,0.871217806630651,0.933333333333333,"cz_human_kidney_v1.5"
"kidney_loop_of_Henle_thick_ascending_limb_epithelial_cell","EGR1","lm",1200,110,NA,0.795693065247486,NA,"cv_r2",NA,NA,NA,NA,NA,"cz_human_kidney_v1.5"
"kidney_loop_of_Henle_thick_ascending_limb_epithelial_cell","EGR1","ridge",1200,110,NA,0.798009268448826,NA,"cv_r2",NA,NA,NA,NA,NA,"cz_human_kidney_v1.5"
"kidney_loop_of_Henle_thick_ascending_limb_epithelial_cell","EGR1","spearman",1200,110,NA,0.618327190269712,NA,"cv_r2",NA,NA,NA,NA,NA,"cz_human_kidney_v1.5"
"kidney_loop_of_Henle_thick_ascending_limb_epithelial_cell","KLF4","rf",1200,110,0.847089964358768,0.852263207153821,NA,"oob_r2",-0.0304131686969138,0.0196078431372549,TRUE,0.867636443783233,0.822222222222222,"cz_human_kidney_v1.5"
"kidney_loop_of_Henle_thick_ascending_limb_epithelial_cell","KLF4","lm",1200,110,NA,0.833513697707875,NA,"cv_r2",NA,NA,NA,NA,NA,"cz_human_kidney_v1.5"
"kidney_loop_of_Henle_thick_ascending_limb_epithelial_cell","KLF4","ridge",1200,110,NA,0.837023410983922,NA,"cv_r2",NA,NA,NA,NA,NA,"cz_human_kidney_v1.5"
"kidney_loop_of_Henle_thick_ascending_limb_epithelial_cell","KLF4","spearman",1200,110,NA,0.45415936275647,NA,"cv_r2",NA,NA,NA,NA,NA,"cz_human_kidney_v1.5"
"kidney_loop_of_Henle_thick_ascending_limb_epithelial_cell","JUNB","rf",1200,110,0.86678738710107,0.865701503263172,NA,"oob_r2",-0.0394247323603656,0.0196078431372549,TRUE,0.888961521989045,0.874074074074074,"cz_human_kidney_v1.5"
"kidney_loop_of_Henle_thick_ascending_limb_epithelial_cell","JUNB","lm",1200,110,NA,0.85382473397839,NA,"cv_r2",NA,NA,NA,NA,NA,"cz_human_kidney_v1.5"
"kidney_loop_of_Henle_thick_ascending_limb_epithelial_cell","JUNB","ridge",1200,110,NA,0.856828561257003,NA,"cv_r2",NA,NA,NA,NA,NA,"cz_human_kidney_v1.5"
"kidney_loop_of_Henle_thick_ascending_limb_epithelial_cell","JUNB","spearman",1200,110,NA,0.631248886922837,NA,"cv_r2",NA,NA,NA,NA,NA,"cz_human_kidney_v1.5"
"kidney_loop_of_Henle_thick_ascending_limb_epithelial_cell","ESR2","rf",1200,110,0.88015786376104,0.879214310113046,NA,"oob_r2",-0.0365483707766585,0.0196078431372549,TRUE,0.889520346034107,0.822222222222222,"cz_human_kidney_v1.5"
"kidney_loop_of_Henle_thick_ascending_limb_epithelial_cell","ESR2","lm",1200,110,NA,0.868596755769758,NA,"cv_r2",NA,NA,NA,NA,NA,"cz_human_kidney_v1.5"
"kidney_loop_of_Henle_thick_ascending_limb_epithelial_cell","ESR2","ridge",1200,110,NA,0.870974684946048,NA,"cv_r2",NA,NA,NA,NA,NA,"cz_human_kidney_v1.5"
"kidney_loop_of_Henle_thick_ascending_limb_epithelial_cell","ESR2","spearman",1200,110,NA,0.632249615551684,NA,"cv_r2",NA,NA,NA,NA,NA,"cz_human_kidney_v1.5"
"kidney_loop_of_Henle_thick_ascending_limb_epithelial_cell","HES4","rf",1200,110,0.848142636506073,0.85097160372479,NA,"oob_r2",-0.0348337084995881,0.0196078431372549,TRUE,0.878206613619458,1,"cz_human_kidney_v1.5"
"kidney_loop_of_Henle_thick_ascending_limb_epithelial_cell","HES4","lm",1200,110,NA,0.82547367419462,NA,"cv_r2",NA,NA,NA,NA,NA,"cz_human_kidney_v1.5"
"kidney_loop_of_Henle_thick_ascending_limb_epithelial_cell","HES4","ridge",1200,110,NA,0.828162296001179,NA,"cv_r2",NA,NA,NA,NA,NA,"cz_human_kidney_v1.5"
"kidney_loop_of_Henle_thick_ascending_limb_epithelial_cell","HES4","spearman",1200,110,NA,0.627978082224994,NA,"cv_r2",NA,NA,NA,NA,NA,"cz_human_kidney_v1.5"
"kidney_loop_of_Henle_thick_ascending_limb_epithelial_cell","NPAS2","rf",1200,110,0.905523447799102,0.90474540648692,NA,"oob_r2",-0.0405760690842377,0.0196078431372549,TRUE,0.886588172826705,0.933333333333333,"cz_human_kidney_v1.5"
"kidney_loop_of_Henle_thick_ascending_limb_epithelial_cell","NPAS2","lm",1200,110,NA,0.887491665126552,NA,"cv_r2",NA,NA,NA,NA,NA,"cz_human_kidney_v1.5"
"kidney_loop_of_Henle_thick_ascending_limb_epithelial_cell","NPAS2","ridge",1200,110,NA,0.888073274658418,NA,"cv_r2",NA,NA,NA,NA,NA,"cz_human_kidney_v1.5"
"kidney_loop_of_Henle_thick_ascending_limb_epithelial_cell","NPAS2","spearman",1200,110,NA,0.648055360847697,NA,"cv_r2",NA,NA,NA,NA,NA,"cz_human_kidney_v1.5"
"kidney_loop_of_Henle_thick_ascending_limb_epithelial_cell","GLIS3","rf",1200,110,0.858453801074384,0.859549539569181,NA,"oob_r2",-0.0429992154064297,0.0196078431372549,TRUE,0.860589730681474,0.881481481481481,"cz_human_kidney_v1.5"
"kidney_loop_of_Henle_thick_ascending_limb_epithelial_cell","GLIS3","lm",1200,110,NA,0.834391490469892,NA,"cv_r2",NA,NA,NA,NA,NA,"cz_human_kidney_v1.5"
"kidney_loop_of_Henle_thick_ascending_limb_epithelial_cell","GLIS3","ridge",1200,110,NA,0.837133598190365,NA,"cv_r2",NA,NA,NA,NA,NA,"cz_human_kidney_v1.5"
"kidney_loop_of_Henle_thick_ascending_limb_epithelial_cell","GLIS3","spearman",1200,110,NA,0.60853487983387,NA,"cv_r2",NA,NA,NA,NA,NA,"cz_human_kidney_v1.5"
"kidney_loop_of_Henle_thick_ascending_limb_epithelial_cell","JUN","rf",1200,110,0.868905213801495,0.870985158719102,NA,"oob_r2",-0.0348390053118733,0.0196078431372549,TRUE,0.883895438390851,0.874074074074074,"cz_human_kidney_v1.5"
"kidney_loop_of_Henle_thick_ascending_limb_epithelial_cell","JUN","lm",1200,110,NA,0.847935454248459,NA,"cv_r2",NA,NA,NA,NA,NA,"cz_human_kidney_v1.5"
"kidney_loop_of_Henle_thick_ascending_limb_epithelial_cell","JUN","ridge",1200,110,NA,0.853675713124389,NA,"cv_r2",NA,NA,NA,NA,NA,"cz_human_kidney_v1.5"
"kidney_loop_of_Henle_thick_ascending_limb_epithelial_cell","JUN","spearman",1200,110,NA,0.497766683558173,NA,"cv_r2",NA,NA,NA,NA,NA,"cz_human_kidney_v1.5"
"kidney_loop_of_Henle_thick_ascending_limb_epithelial_cell","TWIST1","rf",1200,110,0.856866628174802,0.857410481131173,NA,"oob_r2",-0.0352285921593732,0.0196078431372549,TRUE,0.871169317774822,0.8,"cz_human_kidney_v1.5"
"kidney_loop_of_Henle_thick_ascending_limb_epithelial_cell","TWIST1","lm",1200,110,NA,0.840144974076843,NA,"cv_r2",NA,NA,NA,NA,NA,"cz_human_kidney_v1.5"
"kidney_loop_of_Henle_thick_ascending_limb_epithelial_cell","TWIST1","ridge",1200,110,NA,0.843566000262971,NA,"cv_r2",NA,NA,NA,NA,NA,"cz_human_kidney_v1.5"
"kidney_loop_of_Henle_thick_ascending_limb_epithelial_cell","TWIST1","spearman",1200,110,NA,0.469752338430467,NA,"cv_r2",NA,NA,NA,NA,NA,"cz_human_kidney_v1.5"
"kidney_loop_of_Henle_thick_ascending_limb_epithelial_cell","HNF4G","rf",1200,110,0.894964799655903,0.896480920947807,NA,"oob_r2",-0.0374455106000797,0.0196078431372549,TRUE,0.874091873357928,0.933333333333333,"cz_human_kidney_v1.5"
"kidney_loop_of_Henle_thick_ascending_limb_epithelial_cell","HNF4G","lm",1200,110,NA,0.887187442072484,NA,"cv_r2",NA,NA,NA,NA,NA,"cz_human_kidney_v1.5"
"kidney_loop_of_Henle_thick_ascending_limb_epithelial_cell","HNF4G","ridge",1200,110,NA,0.887668716745204,NA,"cv_r2",NA,NA,NA,NA,NA,"cz_human_kidney_v1.5"
"kidney_loop_of_Henle_thick_ascending_limb_epithelial_cell","HNF4G","spearman",1200,110,NA,0.70950690065204,NA,"cv_r2",NA,NA,NA,NA,NA,"cz_human_kidney_v1.5"
"kidney_loop_of_Henle_thick_ascending_limb_epithelial_cell","ZEB1","rf",1200,110,0.85854529035759,0.861218720590714,NA,"oob_r2",-0.0364609769309118,0.0196078431372549,TRUE,0.898888312833267,0.82962962962963,"cz_human_kidney_v1.5"
"kidney_loop_of_Henle_thick_ascending_limb_epithelial_cell","ZEB1","lm",1200,110,NA,0.839761561268766,NA,"cv_r2",NA,NA,NA,NA,NA,"cz_human_kidney_v1.5"
"kidney_loop_of_Henle_thick_ascending_limb_epithelial_cell","ZEB1","ridge",1200,110,NA,0.84257168407485,NA,"cv_r2",NA,NA,NA,NA,NA,"cz_human_kidney_v1.5"
"kidney_loop_of_Henle_thick_ascending_limb_epithelial_cell","ZEB1","spearman",1200,110,NA,0.458237238572231,NA,"cv_r2",NA,NA,NA,NA,NA,"cz_human_kidney_v1.5"
"kidney_loop_of_Henle_thick_ascending_limb_epithelial_cell","FOXD4L1","rf",1200,110,0.843621122284714,0.841073679412753,NA,"oob_r2",-0.0329666168932966,0.0196078431372549,TRUE,0.885644643809781,0.881481481481482,"cz_human_kidney_v1.5"
"kidney_loop_of_Henle_thick_ascending_limb_epithelial_cell","FOXD4L1","lm",1200,110,NA,0.815347640684749,NA,"cv_r2",NA,NA,NA,NA,NA,"cz_human_kidney_v1.5"
"kidney_loop_of_Henle_thick_ascending_limb_epithelial_cell","FOXD4L1","ridge",1200,110,NA,0.819464260247834,NA,"cv_r2",NA,NA,NA,NA,NA,"cz_human_kidney_v1.5"
"kidney_loop_of_Henle_thick_ascending_limb_epithelial_cell","FOXD4L1","spearman",1200,110,NA,0.553730181017356,NA,"cv_r2",NA,NA,NA,NA,NA,"cz_human_kidney_v1.5"
"kidney_loop_of_Henle_thick_ascending_limb_epithelial_cell","ETV7","rf",1200,110,0.876432908336046,0.873539263757352,NA,"oob_r2",-0.0403287412675449,0.0196078431372549,TRUE,0.883170910693846,0.785185185185185,"cz_human_kidney_v1.5"
"kidney_loop_of_Henle_thick_ascending_limb_epithelial_cell","ETV7","lm",1200,110,NA,0.858563703613501,NA,"cv_r2",NA,NA,NA,NA,NA,"cz_human_kidney_v1.5"
"kidney_loop_of_Henle_thick_ascending_limb_epithelial_cell","ETV7","ridge",1200,110,NA,0.860276281942935,NA,"cv_r2",NA,NA,NA,NA,NA,"cz_human_kidney_v1.5"
"kidney_loop_of_Henle_thick_ascending_limb_epithelial_cell","ETV7","spearman",1200,110,NA,0.597384276809412,NA,"cv_r2",NA,NA,NA,NA,NA,"cz_human_kidney_v1.5"
"kidney_loop_of_Henle_thick_ascending_limb_epithelial_cell","FOXI1","rf",1200,110,0.844351670332854,0.8426264449464,NA,"oob_r2",-0.0446359679199206,0.0196078431372549,TRUE,0.873570517974188,0.77037037037037,"cz_human_kidney_v1.5"
"kidney_loop_of_Henle_thick_ascending_limb_epithelial_cell","FOXI1","lm",1200,110,NA,0.816572678907799,NA,"cv_r2",NA,NA,NA,NA,NA,"cz_human_kidney_v1.5"
"kidney_loop_of_Henle_thick_ascending_limb_epithelial_cell","FOXI1","ridge",1200,110,NA,0.819792194659596,NA,"cv_r2",NA,NA,NA,NA,NA,"cz_human_kidney_v1.5"
"kidney_loop_of_Henle_thick_ascending_limb_epithelial_cell","FOXI1","spearman",1200,110,NA,0.570611085520807,NA,"cv_r2",NA,NA,NA,NA,NA,"cz_human_kidney_v1.5"
"kidney_loop_of_Henle_thick_ascending_limb_epithelial_cell","ETS1","rf",1200,110,0.893964655732699,0.893135328838522,NA,"oob_r2",-0.0346475771311615,0.0196078431372549,TRUE,0.886190844722955,0.785185185185185,"cz_human_kidney_v1.5"
"kidney_loop_of_Henle_thick_ascending_limb_epithelial_cell","ETS1","lm",1200,110,NA,0.879539649321211,NA,"cv_r2",NA,NA,NA,NA,NA,"cz_human_kidney_v1.5"
"kidney_loop_of_Henle_thick_ascending_limb_epithelial_cell","ETS1","ridge",1200,110,NA,0.878427923206292,NA,"cv_r2",NA,NA,NA,NA,NA,"cz_human_kidney_v1.5"
"kidney_loop_of_Henle_thick_ascending_limb_epithelial_cell","ETS1","spearman",1200,110,NA,0.703434927063137,NA,"cv_r2",NA,NA,NA,NA,NA,"cz_human_kidney_v1.5"
"kidney_loop_of_Henle_thick_ascending_limb_epithelial_cell","LYL1","rf",1200,110,0.843864959751192,0.840623436825966,NA,"oob_r2",-0.0304276185464893,0.0196078431372549,TRUE,0.857686610714134,1,"cz_human_kidney_v1.5"
"kidney_loop_of_Henle_thick_ascending_limb_epithelial_cell","LYL1","lm",1200,110,NA,0.814423348361097,NA,"cv_r2",NA,NA,NA,NA,NA,"cz_human_kidney_v1.5"
"kidney_loop_of_Henle_thick_ascending_limb_epithelial_cell","LYL1","ridge",1200,110,NA,0.81737086620622,NA,"cv_r2",NA,NA,NA,NA,NA,"cz_human_kidney_v1.5"
"kidney_loop_of_Henle_thick_ascending_limb_epithelial_cell","LYL1","spearman",1200,110,NA,0.423106694641147,NA,"cv_r2",NA,NA,NA,NA,NA,"cz_human_kidney_v1.5"
"kidney_loop_of_Henle_thick_ascending_limb_epithelial_cell","FOSB","rf",1200,110,0.89630275386003,0.896578658182443,NA,"oob_r2",-0.0324226253695022,0.0196078431372549,TRUE,0.872191991825019,0.881481481481481,"cz_human_kidney_v1.5"
"kidney_loop_of_Henle_thick_ascending_limb_epithelial_cell","FOSB","lm",1200,110,NA,0.886317117206034,NA,"cv_r2",NA,NA,NA,NA,NA,"cz_human_kidney_v1.5"
"kidney_loop_of_Henle_thick_ascending_limb_epithelial_cell","FOSB","ridge",1200,110,NA,0.888961245309118,NA,"cv_r2",NA,NA,NA,NA,NA,"cz_human_kidney_v1.5"
"kidney_loop_of_Henle_thick_ascending_limb_epithelial_cell","FOSB","spearman",1200,110,NA,0.603272048588332,NA,"cv_r2",NA,NA,NA,NA,NA,"cz_human_kidney_v1.5"
"kidney_loop_of_Henle_thick_ascending_limb_epithelial_cell","OSR2","rf",1200,110,0.860358340881072,0.86010263320401,NA,"oob_r2",-0.044944249426869,0.0196078431372549,TRUE,0.862843861375971,0.724867724867725,"cz_human_kidney_v1.5"
"kidney_loop_of_Henle_thick_ascending_limb_epithelial_cell","OSR2","lm",1200,110,NA,0.849512442981441,NA,"cv_r2",NA,NA,NA,NA,NA,"cz_human_kidney_v1.5"
"kidney_loop_of_Henle_thick_ascending_limb_epithelial_cell","OSR2","ridge",1200,110,NA,0.852373352023406,NA,"cv_r2",NA,NA,NA,NA,NA,"cz_human_kidney_v1.5"
"kidney_loop_of_Henle_thick_ascending_limb_epithelial_cell","OSR2","spearman",1200,110,NA,0.570102189302437,NA,"cv_r2",NA,NA,NA,NA,NA,"cz_human_kidney_v1.5"
"kidney_loop_of_Henle_thick_ascending_limb_epithelial_cell","FOXI2","rf",1200,110,0.87538093196202,0.874620016542231,NA,"oob_r2",-0.0395614108149166,0.0196078431372549,TRUE,0.871676447089291,0.785185185185185,"cz_human_kidney_v1.5"
"kidney_loop_of_Henle_thick_ascending_limb_epithelial_cell","FOXI2","lm",1200,110,NA,0.853487059391669,NA,"cv_r2",NA,NA,NA,NA,NA,"cz_human_kidney_v1.5"
"kidney_loop_of_Henle_thick_ascending_limb_epithelial_cell","FOXI2","ridge",1200,110,NA,0.855190032218366,NA,"cv_r2",NA,NA,NA,NA,NA,"cz_human_kidney_v1.5"
"kidney_loop_of_Henle_thick_ascending_limb_epithelial_cell","FOXI2","spearman",1200,110,NA,0.637720273388016,NA,"cv_r2",NA,NA,NA,NA,NA,"cz_human_kidney_v1.5"
"kidney_loop_of_Henle_thick_ascending_limb_epithelial_cell","TCF21","rf",1200,110,0.873576529514401,0.876161403959493,NA,"oob_r2",-0.0331858079599167,0.0196078431372549,TRUE,0.896653818121708,1,"cz_human_kidney_v1.5"
"kidney_loop_of_Henle_thick_ascending_limb_epithelial_cell","TCF21","lm",1200,110,NA,0.851759588959126,NA,"cv_r2",NA,NA,NA,NA,NA,"cz_human_kidney_v1.5"
"kidney_loop_of_Henle_thick_ascending_limb_epithelial_cell","TCF21","ridge",1200,110,NA,0.854312675882773,NA,"cv_r2",NA,NA,NA,NA,NA,"cz_human_kidney_v1.5"
"kidney_loop_of_Henle_thick_ascending_limb_epithelial_cell","TCF21","spearman",1200,110,NA,0.681082430566764,NA,"cv_r2",NA,NA,NA,NA,NA,"cz_human_kidney_v1.5"
"kidney_loop_of_Henle_thick_ascending_limb_epithelial_cell","KLF6","rf",1200,110,0.893993090474687,0.893914771158619,NA,"oob_r2",-0.0369176211841989,0.0196078431372549,TRUE,0.881111737258526,1,"cz_human_kidney_v1.5"
"kidney_loop_of_Henle_thick_ascending_limb_epithelial_cell","KLF6","lm",1200,110,NA,0.882123828625781,NA,"cv_r2",NA,NA,NA,NA,NA,"cz_human_kidney_v1.5"
"kidney_loop_of_Henle_thick_ascending_limb_epithelial_cell","KLF6","ridge",1200,110,NA,0.882369780763974,NA,"cv_r2",NA,NA,NA,NA,NA,"cz_human_kidney_v1.5"
"kidney_loop_of_Henle_thick_ascending_limb_epithelial_cell","KLF6","spearman",1200,110,NA,0.701721262516956,NA,"cv_r2",NA,NA,NA,NA,NA,"cz_human_kidney_v1.5"
"kidney_loop_of_Henle_thick_ascending_limb_epithelial_cell","SNAI3","rf",1200,110,0.853396351888905,0.853946344543631,NA,"oob_r2",-0.0394257696857187,0.0196078431372549,TRUE,0.853237858375473,0.757671957671958,"cz_human_kidney_v1.5"
"kidney_loop_of_Henle_thick_ascending_limb_epithelial_cell","SNAI3","lm",1200,110,NA,0.826772840616556,NA,"cv_r2",NA,NA,NA,NA,NA,"cz_human_kidney_v1.5"
"kidney_loop_of_Henle_thick_ascending_limb_epithelial_cell","SNAI3","ridge",1200,110,NA,0.833121729730106,NA,"cv_r2",NA,NA,NA,NA,NA,"cz_human_kidney_v1.5"
"kidney_loop_of_Henle_thick_ascending_limb_epithelial_cell","SNAI3","spearman",1200,110,NA,0.393705319156517,NA,"cv_r2",NA,NA,NA,NA,NA,"cz_human_kidney_v1.5"
"kidney_loop_of_Henle_thick_ascending_limb_epithelial_cell","GATA2","rf",1200,110,0.859191444693858,0.856727925252722,NA,"oob_r2",-0.0457056004331834,0.0196078431372549,TRUE,0.868623853211009,0.762962962962963,"cz_human_kidney_v1.5"
"kidney_loop_of_Henle_thick_ascending_limb_epithelial_cell","GATA2","lm",1200,110,NA,0.838742148148404,NA,"cv_r2",NA,NA,NA,NA,NA,"cz_human_kidney_v1.5"
"kidney_loop_of_Henle_thick_ascending_limb_epithelial_cell","GATA2","ridge",1200,110,NA,0.841619983597407,NA,"cv_r2",NA,NA,NA,NA,NA,"cz_human_kidney_v1.5"
"kidney_loop_of_Henle_thick_ascending_limb_epithelial_cell","GATA2","spearman",1200,110,NA,0.441911489162436,NA,"cv_r2",NA,NA,NA,NA,NA,"cz_human_kidney_v1.5"
"kidney_collecting_duct_principal_cell","MEF2C","rf",1200,140,0.92513193190503,0.924484888873764,NA,"oob_r2",-0.0577273207191791,0.0196078431372549,TRUE,0.908049633241735,0.726984126984127,"cz_human_kidney_v1.5"
"kidney_collecting_duct_principal_cell","MEF2C","lm",1200,140,NA,0.902150312292818,NA,"cv_r2",NA,NA,NA,NA,NA,"cz_human_kidney_v1.5"
"kidney_collecting_duct_principal_cell","MEF2C","ridge",1200,140,NA,0.907068790097075,NA,"cv_r2",NA,NA,NA,NA,NA,"cz_human_kidney_v1.5"
"kidney_collecting_duct_principal_cell","MEF2C","spearman",1200,140,NA,0.331798682863756,NA,"cv_r2",NA,NA,NA,NA,NA,"cz_human_kidney_v1.5"
"kidney_collecting_duct_principal_cell","FOXC2","rf",1200,140,0.923469058827289,0.924237761302634,NA,"oob_r2",-0.0638611365541895,0.0196078431372549,TRUE,0.887198812378669,0.874074074074074,"cz_human_kidney_v1.5"
"kidney_collecting_duct_principal_cell","FOXC2","lm",1200,140,NA,0.907076164132726,NA,"cv_r2",NA,NA,NA,NA,NA,"cz_human_kidney_v1.5"
"kidney_collecting_duct_principal_cell","FOXC2","ridge",1200,140,NA,0.910737297049665,NA,"cv_r2",NA,NA,NA,NA,NA,"cz_human_kidney_v1.5"
"kidney_collecting_duct_principal_cell","FOXC2","spearman",1200,140,NA,0.385422056070022,NA,"cv_r2",NA,NA,NA,NA,NA,"cz_human_kidney_v1.5"
"kidney_collecting_duct_principal_cell","WT1","rf",1200,140,0.929405081646967,0.928134785429566,NA,"oob_r2",-0.0528896087462867,0.0196078431372549,TRUE,0.893427118487581,1,"cz_human_kidney_v1.5"
"kidney_collecting_duct_principal_cell","WT1","lm",1200,140,NA,0.912581471837252,NA,"cv_r2",NA,NA,NA,NA,NA,"cz_human_kidney_v1.5"
"kidney_collecting_duct_principal_cell","WT1","ridge",1200,140,NA,0.916658430218347,NA,"cv_r2",NA,NA,NA,NA,NA,"cz_human_kidney_v1.5"
"kidney_collecting_duct_principal_cell","WT1","spearman",1200,140,NA,0.377643014594195,NA,"cv_r2",NA,NA,NA,NA,NA,"cz_human_kidney_v1.5"
"kidney_collecting_duct_principal_cell","GLIS3","rf",1200,140,0.939501843841802,0.938785809303262,NA,"oob_r2",-0.0639696502814801,0.0196078431372549,TRUE,0.876231974906397,0.755555555555556,"cz_human_kidney_v1.5"
"kidney_collecting_duct_principal_cell","GLIS3","lm",1200,140,NA,0.916445795147089,NA,"cv_r2",NA,NA,NA,NA,NA,"cz_human_kidney_v1.5"
"kidney_collecting_duct_principal_cell","GLIS3","ridge",1200,140,NA,0.92096954738178,NA,"cv_r2",NA,NA,NA,NA,NA,"cz_human_kidney_v1.5"
"kidney_collecting_duct_principal_cell","GLIS3","spearman",1200,140,NA,0.358569867198849,NA,"cv_r2",NA,NA,NA,NA,NA,"cz_human_kidney_v1.5"
"kidney_collecting_duct_principal_cell","SNAI3","rf",1200,140,0.892828795940842,0.891542997242906,NA,"oob_r2",-0.0412714393542786,0.0196078431372549,TRUE,0.890715026762784,0.874074074074074,"cz_human_kidney_v1.5"
"kidney_collecting_duct_principal_cell","SNAI3","lm",1200,140,NA,0.882561806802359,NA,"cv_r2",NA,NA,NA,NA,NA,"cz_human_kidney_v1.5"
"kidney_collecting_duct_principal_cell","SNAI3","ridge",1200,140,NA,0.886238967617201,NA,"cv_r2",NA,NA,NA,NA,NA,"cz_human_kidney_v1.5"
"kidney_collecting_duct_principal_cell","SNAI3","spearman",1200,140,NA,0.360254441851518,NA,"cv_r2",NA,NA,NA,NA,NA,"cz_human_kidney_v1.5"
"kidney_collecting_duct_principal_cell","LYL1","rf",1200,140,0.917072500562744,0.915473509209952,NA,"oob_r2",-0.0431636609317752,0.0196078431372549,TRUE,0.913897550652487,0.844444444444444,"cz_human_kidney_v1.5"
"kidney_collecting_duct_principal_cell","LYL1","lm",1200,140,NA,0.901503738051041,NA,"cv_r2",NA,NA,NA,NA,NA,"cz_human_kidney_v1.5"
"kidney_collecting_duct_principal_cell","LYL1","ridge",1200,140,NA,0.905252074856962,NA,"cv_r2",NA,NA,NA,NA,NA,"cz_human_kidney_v1.5"
"kidney_collecting_duct_principal_cell","LYL1","spearman",1200,140,NA,0.38821937546819,NA,"cv_r2",NA,NA,NA,NA,NA,"cz_human_kidney_v1.5"
"kidney_collecting_duct_principal_cell","THRB","rf",1200,140,0.929054137377702,0.927772527303664,NA,"oob_r2",-0.0597461199735405,0.0196078431372549,TRUE,0.885877073417254,0.82962962962963,"cz_human_kidney_v1.5"
"kidney_collecting_duct_principal_cell","THRB","lm",1200,140,NA,0.904552063093685,NA,"cv_r2",NA,NA,NA,NA,NA,"cz_human_kidney_v1.5"
"kidney_collecting_duct_principal_cell","THRB","ridge",1200,140,NA,0.909774670820038,NA,"cv_r2",NA,NA,NA,NA,NA,"cz_human_kidney_v1.5"
"kidney_collecting_duct_principal_cell","THRB","spearman",1200,140,NA,0.359409042681417,NA,"cv_r2",NA,NA,NA,NA,NA,"cz_human_kidney_v1.5"
"kidney_collecting_duct_principal_cell","BATF3","rf",1200,140,0.919962345060769,0.921475837707824,NA,"oob_r2",-0.045772273444478,0.0196078431372549,TRUE,0.914335182310079,0.764021164021164,"cz_human_kidney_v1.5"
"kidney_collecting_duct_principal_cell","BATF3","lm",1200,140,NA,0.906380732951532,NA,"cv_r2",NA,NA,NA,NA,NA,"cz_human_kidney_v1.5"
"kidney_collecting_duct_principal_cell","BATF3","ridge",1200,140,NA,0.909757216448989,NA,"cv_r2",NA,NA,NA,NA,NA,"cz_human_kidney_v1.5"
"kidney_collecting_duct_principal_cell","BATF3","spearman",1200,140,NA,0.389853104444313,NA,"cv_r2",NA,NA,NA,NA,NA,"cz_human_kidney_v1.5"
"kidney_collecting_duct_principal_cell","BACH2","rf",1200,140,0.943705611079485,0.939890639148215,NA,"oob_r2",-0.0609808598012555,0.0196078431372549,TRUE,0.845247303676816,0.740740740740741,"cz_human_kidney_v1.5"
"kidney_collecting_duct_principal_cell","BACH2","lm",1200,140,NA,0.918865004607844,NA,"cv_r2",NA,NA,NA,NA,NA,"cz_human_kidney_v1.5"
"kidney_collecting_duct_principal_cell","BACH2","ridge",1200,140,NA,0.923249072836444,NA,"cv_r2",NA,NA,NA,NA,NA,"cz_human_kidney_v1.5"
"kidney_collecting_duct_principal_cell","BACH2","spearman",1200,140,NA,0.517286876791756,NA,"cv_r2",NA,NA,NA,NA,NA,"cz_human_kidney_v1.5"
"kidney_collecting_duct_principal_cell","NFAT5","rf",1200,140,0.932861804857434,0.935232425734482,NA,"oob_r2",-0.0707515913171547,0.0196078431372549,TRUE,0.869917075458175,0.724867724867725,"cz_human_kidney_v1.5"
"kidney_collecting_duct_principal_cell","NFAT5","lm",1200,140,NA,0.90311214978378,NA,"cv_r2",NA,NA,NA,NA,NA,"cz_human_kidney_v1.5"
"kidney_collecting_duct_principal_cell","NFAT5","ridge",1200,140,NA,0.907240299175507,NA,"cv_r2",NA,NA,NA,NA,NA,"cz_human_kidney_v1.5"
"kidney_collecting_duct_principal_cell","NFAT5","spearman",1200,140,NA,0.5408635722893,NA,"cv_r2",NA,NA,NA,NA,NA,"cz_human_kidney_v1.5"
"kidney_collecting_duct_principal_cell","SNAI2","rf",1200,140,0.884006539318397,0.882332235177575,NA,"oob_r2",-0.0322008943996848,0.0196078431372549,TRUE,0.918381161332332,0.557671957671958,"cz_human_kidney_v1.5"
"kidney_collecting_duct_principal_cell","SNAI2","lm",1200,140,NA,0.875641854373834,NA,"cv_r2",NA,NA,NA,NA,NA,"cz_human_kidney_v1.5"
"kidney_collecting_duct_principal_cell","SNAI2","ridge",1200,140,NA,0.879315405520261,NA,"cv_r2",NA,NA,NA,NA,NA,"cz_human_kidney_v1.5"
"kidney_collecting_duct_principal_cell","SNAI2","spearman",1200,140,NA,0.445457450261689,NA,"cv_r2",NA,NA,NA,NA,NA,"cz_human_kidney_v1.5"
"kidney_collecting_duct_principal_cell","STAT4","rf",1200,140,0.929835116787781,0.927626023859117,NA,"oob_r2",-0.0702808288217437,0.0196078431372549,TRUE,0.882405078976333,0.656084656084656,"cz_human_kidney_v1.5"
"kidney_collecting_duct_principal_cell","STAT4","lm",1200,140,NA,0.903017479430002,NA,"cv_r2",NA,NA,NA,NA,NA,"cz_human_kidney_v1.5"
"kidney_collecting_duct_principal_cell","STAT4","ridge",1200,140,NA,0.907184385967896,NA,"cv_r2",NA,NA,NA,NA,NA,"cz_human_kidney_v1.5"
"kidney_collecting_duct_principal_cell","STAT4","spearman",1200,140,NA,0.519477848712564,NA,"cv_r2",NA,NA,NA,NA,NA,"cz_human_kidney_v1.5"
"kidney_collecting_duct_principal_cell","RORA","rf",1200,140,0.922152679076551,0.922172164342756,NA,"oob_r2",-0.0561376223781465,0.0196078431372549,TRUE,0.896882494004796,0.732275132275132,"cz_human_kidney_v1.5"
"kidney_collecting_duct_principal_cell","RORA","lm",1200,140,NA,0.902007381961884,NA,"cv_r2",NA,NA,NA,NA,NA,"cz_human_kidney_v1.5"
"kidney_collecting_duct_principal_cell","RORA","ridge",1200,140,NA,0.906174642185144,NA,"cv_r2",NA,NA,NA,NA,NA,"cz_human_kidney_v1.5"
"kidney_collecting_duct_principal_cell","RORA","spearman",1200,140,NA,0.388474976934233,NA,"cv_r2",NA,NA,NA,NA,NA,"cz_human_kidney_v1.5"
"kidney_collecting_duct_principal_cell","SPIB","rf",1200,140,0.917278999420752,0.914901609807654,NA,"oob_r2",-0.0552032595389704,0.0196078431372549,TRUE,0.893246837180712,0.740740740740741,"cz_human_kidney_v1.5"
"kidney_collecting_duct_principal_cell","SPIB","lm",1200,140,NA,0.892908242356775,NA,"cv_r2",NA,NA,NA,NA,NA,"cz_human_kidney_v1.5"
"kidney_collecting_duct_principal_cell","SPIB","ridge",1200,140,NA,0.897015872235979,NA,"cv_r2",NA,NA,NA,NA,NA,"cz_human_kidney_v1.5"
"kidney_collecting_duct_principal_cell","SPIB","spearman",1200,140,NA,0.38303785636194,NA,"cv_r2",NA,NA,NA,NA,NA,"cz_human_kidney_v1.5"
"kidney_collecting_duct_principal_cell","NPAS3","rf",1200,140,0.945347968110699,0.942282824745561,NA,"oob_r2",-0.0764184265620583,0.0196078431372549,TRUE,0.862867736206172,0.66031746031746,"cz_human_kidney_v1.5"
"kidney_collecting_duct_principal_cell","NPAS3","lm",1200,140,NA,0.916547753509333,NA,"cv_r2",NA,NA,NA,NA,NA,"cz_human_kidney_v1.5"
"kidney_collecting_duct_principal_cell","NPAS3","ridge",1200,140,NA,0.919762963232713,NA,"cv_r2",NA,NA,NA,NA,NA,"cz_human_kidney_v1.5"
"kidney_collecting_duct_principal_cell","NPAS3","spearman",1200,140,NA,0.519632912196082,NA,"cv_r2",NA,NA,NA,NA,NA,"cz_human_kidney_v1.5"
"kidney_collecting_duct_principal_cell","NR3C2","rf",1200,140,0.940205126161011,0.94058520617538,NA,"oob_r2",-0.0836676184386897,0.0196078431372549,TRUE,0.850111691801574,0.752380952380952,"cz_human_kidney_v1.5"
"kidney_collecting_duct_principal_cell","NR3C2","lm",1200,140,NA,0.910595219048943,NA,"cv_r2",NA,NA,NA,NA,NA,"cz_human_kidney_v1.5"
"kidney_collecting_duct_principal_cell","NR3C2","ridge",1200,140,NA,0.913834835126741,NA,"cv_r2",NA,NA,NA,NA,NA,"cz_human_kidney_v1.5"
"kidney_collecting_duct_principal_cell","NR3C2","spearman",1200,140,NA,0.504754867615035,NA,"cv_r2",NA,NA,NA,NA,NA,"cz_human_kidney_v1.5"
"kidney_collecting_duct_principal_cell","LMO2","rf",1200,140,0.880871020520506,0.881863000148563,NA,"oob_r2",-0.0374576494955597,0.0196078431372549,TRUE,0.893594279591524,0.77989417989418,"cz_human_kidney_v1.5"
"kidney_collecting_duct_principal_cell","LMO2","lm",1200,140,NA,0.862725118354078,NA,"cv_r2",NA,NA,NA,NA,NA,"cz_human_kidney_v1.5"
"kidney_collecting_duct_principal_cell","LMO2","ridge",1200,140,NA,0.869610418652668,NA,"cv_r2",NA,NA,NA,NA,NA,"cz_human_kidney_v1.5"
"kidney_collecting_duct_principal_cell","LMO2","spearman",1200,140,NA,0.424204247523061,NA,"cv_r2",NA,NA,NA,NA,NA,"cz_human_kidney_v1.5"
"kidney_collecting_duct_principal_cell","CREB5","rf",1200,140,0.926891897619133,0.920201427706877,NA,"oob_r2",-0.0535359368759954,0.0196078431372549,TRUE,0.908854436207873,0.634391534391534,"cz_human_kidney_v1.5"
"kidney_collecting_duct_principal_cell","CREB5","lm",1200,140,NA,0.908622589105853,NA,"cv_r2",NA,NA,NA,NA,NA,"cz_human_kidney_v1.5"
"kidney_collecting_duct_principal_cell","CREB5","ridge",1200,140,NA,0.912632101165395,NA,"cv_r2",NA,NA,NA,NA,NA,"cz_human_kidney_v1.5"
"kidney_collecting_duct_principal_cell","CREB5","spearman",1200,140,NA,0.273109033446804,NA,"cv_r2",NA,NA,NA,NA,NA,"cz_human_kidney_v1.5"
"kidney_collecting_duct_principal_cell","LHX9","rf",1200,140,0.930175929708732,0.926367800163339,NA,"oob_r2",-0.0700378793864128,0.0196078431372549,TRUE,0.884335498166816,0.663492063492063,"cz_human_kidney_v1.5"
"kidney_collecting_duct_principal_cell","LHX9","lm",1200,140,NA,0.907798588957943,NA,"cv_r2",NA,NA,NA,NA,NA,"cz_human_kidney_v1.5"
"kidney_collecting_duct_principal_cell","LHX9","ridge",1200,140,NA,0.913235421704654,NA,"cv_r2",NA,NA,NA,NA,NA,"cz_human_kidney_v1.5"
"kidney_collecting_duct_principal_cell","LHX9","spearman",1200,140,NA,0.345295400762986,NA,"cv_r2",NA,NA,NA,NA,NA,"cz_human_kidney_v1.5"
"kidney_collecting_duct_principal_cell","GFI1","rf",1200,140,0.906727687746833,0.905514643907108,NA,"oob_r2",-0.046572175177504,0.0196078431372549,TRUE,0.913426195214042,1,"cz_human_kidney_v1.5"
"kidney_collecting_duct_principal_cell","GFI1","lm",1200,140,NA,0.886385111579225,NA,"cv_r2",NA,NA,NA,NA,NA,"cz_human_kidney_v1.5"
"kidney_collecting_duct_principal_cell","GFI1","ridge",1200,140,NA,0.891271264021866,NA,"cv_r2",NA,NA,NA,NA,NA,"cz_human_kidney_v1.5"
"kidney_collecting_duct_principal_cell","GFI1","spearman",1200,140,NA,0.368411574392344,NA,"cv_r2",NA,NA,NA,NA,NA,"cz_human_kidney_v1.5"
"kidney_collecting_duct_principal_cell","IRX3","rf",1200,140,0.924380348339761,0.919419132316445,NA,"oob_r2",-0.0763492242581834,0.0196078431372549,TRUE,0.864417961071872,0.64973544973545,"cz_human_kidney_v1.5"
"kidney_collecting_duct_principal_cell","IRX3","lm",1200,140,NA,0.889511739236686,NA,"cv_r2",NA,NA,NA,NA,NA,"cz_human_kidney_v1.5"
"kidney_collecting_duct_principal_cell","IRX3","ridge",1200,140,NA,0.895005607873043,NA,"cv_r2",NA,NA,NA,NA,NA,"cz_human_kidney_v1.5"
"kidney_collecting_duct_principal_cell","IRX3","spearman",1200,140,NA,0.514003953175756,NA,"cv_r2",NA,NA,NA,NA,NA,"cz_human_kidney_v1.5"
"kidney_collecting_duct_principal_cell","BCL6B","rf",1200,140,0.916392722896385,0.919048088577105,NA,"oob_r2",-0.06605310131212,0.0196078431372549,TRUE,0.869804436086389,0.693121693121693,"cz_human_kidney_v1.5"
"kidney_collecting_duct_principal_cell","BCL6B","lm",1200,140,NA,0.882518447163862,NA,"cv_r2",NA,NA,NA,NA,NA,"cz_human_kidney_v1.5"
"kidney_collecting_duct_principal_cell","BCL6B","ridge",1200,140,NA,0.887398174860192,NA,"cv_r2",NA,NA,NA,NA,NA,"cz_human_kidney_v1.5"
"kidney_collecting_duct_principal_cell","BCL6B","spearman",1200,140,NA,0.3390971320772,NA,"cv_r2",NA,NA,NA,NA,NA,"cz_human_kidney_v1.5"
"kidney_collecting_duct_principal_cell","EPAS1","rf",1200,140,0.933883285394313,0.929909490759504,NA,"oob_r2",-0.0579079249316244,0.0196078431372549,TRUE,0.869696461675644,0.619047619047619,"cz_human_kidney_v1.5"
"kidney_collecting_duct_principal_cell","EPAS1","lm",1200,140,NA,0.909038357015595,NA,"cv_r2",NA,NA,NA,NA,NA,"cz_human_kidney_v1.5"
"kidney_collecting_duct_principal_cell","EPAS1","ridge",1200,140,NA,0.913058362573676,NA,"cv_r2",NA,NA,NA,NA,NA,"cz_human_kidney_v1.5"
"kidney_collecting_duct_principal_cell","EPAS1","spearman",1200,140,NA,0.336356237287975,NA,"cv_r2",NA,NA,NA,NA,NA,"cz_human_kidney_v1.5"
"kidney_collecting_duct_principal_cell","NKX6-2","rf",1200,140,0.931933874381944,0.929270453043166,NA,"oob_r2",-0.0590462878599983,0.0196078431372549,TRUE,0.860236406619385,0.708994708994709,"cz_human_kidney_v1.5"
"kidney_collecting_duct_principal_cell","NKX6-2","lm",1200,140,NA,0.909281753178191,NA,"cv_r2",NA,NA,NA,NA,NA,"cz_human_kidney_v1.5"
"kidney_collecting_duct_principal_cell","NKX6-2","ridge",1200,140,NA,0.91194391745198,NA,"cv_r2",NA,NA,NA,NA,NA,"cz_human_kidney_v1.5"
"kidney_collecting_duct_principal_cell","NKX6-2","spearman",1200,140,NA,0.687360767157622,NA,"cv_r2",NA,NA,NA,NA,NA,"cz_human_kidney_v1.5"
"kidney_collecting_duct_principal_cell","PKNOX2","rf",1200,140,0.927753061669181,0.925852137641255,NA,"oob_r2",-0.0700898477933192,0.0196078431372549,TRUE,0.864911280701882,0.748148148148148,"cz_human_kidney_v1.5"
"kidney_collecting_duct_principal_cell","PKNOX2","lm",1200,140,NA,0.892332753213015,NA,"cv_r2",NA,NA,NA,NA,NA,"cz_human_kidney_v1.5"
"kidney_collecting_duct_principal_cell","PKNOX2","ridge",1200,140,NA,0.898532779297488,NA,"cv_r2",NA,NA,NA,NA,NA,"cz_human_kidney_v1.5"
"kidney_collecting_duct_principal_cell","PKNOX2","spearman",1200,140,NA,0.517479701082948,NA,"cv_r2",NA,NA,NA,NA,NA,"cz_human_kidney_v1.5"
"kidney_collecting_duct_principal_cell","ONECUT2","rf",1200,140,0.941314783009781,0.940687028490988,NA,"oob_r2",-0.0774275569629081,0.0196078431372549,TRUE,0.864072462394826,0.762962962962963,"cz_human_kidney_v1.5"
"kidney_collecting_duct_principal_cell","ONECUT2","lm",1200,140,NA,0.910504707426675,NA,"cv_r2",NA,NA,NA,NA,NA,"cz_human_kidney_v1.5"
"kidney_collecting_duct_principal_cell","ONECUT2","ridge",1200,140,NA,0.913509375979221,NA,"cv_r2",NA,NA,NA,NA,NA,"cz_human_kidney_v1.5"
"kidney_collecting_duct_principal_cell","ONECUT2","spearman",1200,140,NA,0.494451538822347,NA,"cv_r2",NA,NA,NA,NA,NA,"cz_human_kidney_v1.5"
"kidney_collecting_duct_principal_cell","ONECUT3","rf",1200,140,0.933140657541011,0.931304198639689,NA,"oob_r2",-0.0754850036564783,0.0196078431372549,TRUE,0.86474343929112,0.666666666666667,"cz_human_kidney_v1.5"
"kidney_collecting_duct_principal_cell","ONECUT3","lm",1200,140,NA,0.905573360139819,NA,"cv_r2",NA,NA,NA,NA,NA,"cz_human_kidney_v1.5"
"kidney_collecting_duct_principal_cell","ONECUT3","ridge",1200,140,NA,0.909065188859337,NA,"cv_r2",NA,NA,NA,NA,NA,"cz_human_kidney_v1.5"
"kidney_collecting_duct_principal_cell","ONECUT3","spearman",1200,140,NA,0.300231154757177,NA,"cv_r2",NA,NA,NA,NA,NA,"cz_human_kidney_v1.5"
"kidney_collecting_duct_principal_cell","FOXP2","rf",1200,140,0.929834214438742,0.928631294711408,NA,"oob_r2",-0.0601762492368628,0.0196078431372549,TRUE,0.864423014779666,0.8,"cz_human_kidney_v1.5"
"kidney_collecting_duct_principal_cell","FOXP2","lm",1200,140,NA,0.903608483934202,NA,"cv_r2",NA,NA,NA,NA,NA,"cz_human_kidney_v1.5"
"kidney_collecting_duct_principal_cell","FOXP2","ridge",1200,140,NA,0.908289440029082,NA,"cv_r2",NA,NA,NA,NA,NA,"cz_human_kidney_v1.5"
"kidney_collecting_duct_principal_cell","FOXP2","spearman",1200,140,NA,0.346993883026108,NA,"cv_r2",NA,NA,NA,NA,NA,"cz_human_kidney_v1.5"
"kidney_collecting_duct_principal_cell","ZNF683","rf",1200,140,0.943730500536003,0.942521144947493,NA,"oob_r2",-0.0807546550349785,0.0196078431372549,TRUE,0.828041663933291,0.933333333333333,"cz_human_kidney_v1.5"
"kidney_collecting_duct_principal_cell","ZNF683","lm",1200,140,NA,0.926400985692729,NA,"cv_r2",NA,NA,NA,NA,NA,"cz_human_kidney_v1.5"
"kidney_collecting_duct_principal_cell","ZNF683","ridge",1200,140,NA,0.928258822061121,NA,"cv_r2",NA,NA,NA,NA,NA,"cz_human_kidney_v1.5"
"kidney_collecting_duct_principal_cell","ZNF683","spearman",1200,140,NA,0.695377839889146,NA,"cv_r2",NA,NA,NA,NA,NA,"cz_human_kidney_v1.5"
"kidney_collecting_duct_principal_cell","IRX2","rf",1200,140,0.903651419684271,0.899381114411296,NA,"oob_r2",-0.0782451997319382,0.0196078431372549,TRUE,0.865437740992616,0.644444444444444,"cz_human_kidney_v1.5"
"kidney_collecting_duct_principal_cell","IRX2","lm",1200,140,NA,0.867108223578356,NA,"cv_r2",NA,NA,NA,NA,NA,"cz_human_kidney_v1.5"
"kidney_collecting_duct_principal_cell","IRX2","ridge",1200,140,NA,0.874518319777283,NA,"cv_r2",NA,NA,NA,NA,NA,"cz_human_kidney_v1.5"
"kidney_collecting_duct_principal_cell","IRX2","spearman",1200,140,NA,0.332029585984955,NA,"cv_r2",NA,NA,NA,NA,NA,"cz_human_kidney_v1.5"
"kidney_collecting_duct_principal_cell","MECOM","rf",1200,140,0.933485421985337,0.929315467333947,NA,"oob_r2",-0.0751576085302382,0.0196078431372549,TRUE,0.853600110792825,0.703703703703704,"cz_human_kidney_v1.5"
"kidney_collecting_duct_principal_cell","MECOM","lm",1200,140,NA,0.908706251770657,NA,"cv_r2",NA,NA,NA,NA,NA,"cz_human_kidney_v1.5"
"kidney_collecting_duct_principal_cell","MECOM","ridge",1200,140,NA,0.913799624356706,NA,"cv_r2",NA,NA,NA,NA,NA,"cz_human_kidney_v1.5"
"kidney_collecting_duct_principal_cell","MECOM","spearman",1200,140,NA,0.3118897099788,NA,"cv_r2",NA,NA,NA,NA,NA,"cz_human_kidney_v1.5"
"kidney_collecting_duct_principal_cell","SOX18","rf",1200,140,0.919169405225297,0.917611600220661,NA,"oob_r2",-0.0663054738552253,0.0196078431372549,TRUE,0.877022005495907,0.8,"cz_human_kidney_v1.5"
"kidney_collecting_duct_principal_cell","SOX18","lm",1200,140,NA,0.894657440844297,NA,"cv_r2",NA,NA,NA,NA,NA,"cz_human_kidney_v1.5"
"kidney_collecting_duct_principal_cell","SOX18","ridge",1200,140,NA,0.899080922421719,NA,"cv_r2",NA,NA,NA,NA,NA,"cz_human_kidney_v1.5"
"kidney_collecting_duct_principal_cell","SOX18","spearman",1200,140,NA,0.4962938086475,NA,"cv_r2",NA,NA,NA,NA,NA,"cz_human_kidney_v1.5"
"kidney_collecting_duct_principal_cell","NR0B1","rf",1200,140,0.915281720648398,0.910188736791271,NA,"oob_r2",-0.0608068824759903,0.0196078431372549,TRUE,0.878967488623083,0.881481481481481,"cz_human_kidney_v1.5"
"kidney_collecting_duct_principal_cell","NR0B1","lm",1200,140,NA,0.887229511112758,NA,"cv_r2",NA,NA,NA,NA,NA,"cz_human_kidney_v1.5"
"kidney_collecting_duct_principal_cell","NR0B1","ridge",1200,140,NA,0.893425773844784,NA,"cv_r2",NA,NA,NA,NA,NA,"cz_human_kidney_v1.5"
"kidney_collecting_duct_principal_cell","NR0B1","spearman",1200,140,NA,0.352899472090407,NA,"cv_r2",NA,NA,NA,NA,NA,"cz_human_kidney_v1.5"
"kidney_collecting_duct_principal_cell","EN1","rf",1200,140,0.932978878813708,0.932570600541691,NA,"oob_r2",-0.0579075121686721,0.0196078431372549,TRUE,0.871462538176146,0.933333333333333,"cz_human_kidney_v1.5"
"kidney_collecting_duct_principal_cell","EN1","lm",1200,140,NA,0.909884686399146,NA,"cv_r2",NA,NA,NA,NA,NA,"cz_human_kidney_v1.5"
"kidney_collecting_duct_principal_cell","EN1","ridge",1200,140,NA,0.914298354864766,NA,"cv_r2",NA,NA,NA,NA,NA,"cz_human_kidney_v1.5"
"kidney_collecting_duct_principal_cell","EN1","spearman",1200,140,NA,0.32533293209765,NA,"cv_r2",NA,NA,NA,NA,NA,"cz_human_kidney_v1.5"
"kidney_collecting_duct_principal_cell","HLX","rf",1200,140,0.937900311515176,0.933653337472768,NA,"oob_r2",-0.0712556730207209,0.0196078431372549,TRUE,0.83828825085828,0.8,"cz_human_kidney_v1.5"
"kidney_collecting_duct_principal_cell","HLX","lm",1200,140,NA,0.903354325678934,NA,"cv_r2",NA,NA,NA,NA,NA,"cz_human_kidney_v1.5"
"kidney_collecting_duct_principal_cell","HLX","ridge",1200,140,NA,0.907206529531459,NA,"cv_r2",NA,NA,NA,NA,NA,"cz_human_kidney_v1.5"
"kidney_collecting_duct_principal_cell","HLX","spearman",1200,140,NA,0.71142156158826,NA,"cv_r2",NA,NA,NA,NA,NA,"cz_human_kidney_v1.5"
"kidney_collecting_duct_principal_cell","TAL2","rf",1200,140,0.921498210594244,0.919477550145676,NA,"oob_r2",-0.0686419235505753,0.0196078431372549,TRUE,0.856859849506413,0.792592592592593,"cz_human_kidney_v1.5"
"kidney_collecting_duct_principal_cell","TAL2","lm",1200,140,NA,0.893994529092487,NA,"cv_r2",NA,NA,NA,NA,NA,"cz_human_kidney_v1.5"
"kidney_collecting_duct_principal_cell","TAL2","ridge",1200,140,NA,0.899092472434107,NA,"cv_r2",NA,NA,NA,NA,NA,"cz_human_kidney_v1.5"
"kidney_collecting_duct_principal_cell","TAL2","spearman",1200,140,NA,0.492202758637876,NA,"cv_r2",NA,NA,NA,NA,NA,"cz_human_kidney_v1.5"
"kidney_collecting_duct_principal_cell","ITGB2","rf",1200,140,0.837473156940224,0.840209984475478,NA,"oob_r2",-0.0478473416468229,0.0196078431372549,TRUE,0.842932122387197,0.711111111111111,"cz_human_kidney_v1.5"
"kidney_collecting_duct_principal_cell","ITGB2","lm",1200,140,NA,0.819325539280896,NA,"cv_r2",NA,NA,NA,NA,NA,"cz_human_kidney_v1.5"
"kidney_collecting_duct_principal_cell","ITGB2","ridge",1200,140,NA,0.827704063229371,NA,"cv_r2",NA,NA,NA,NA,NA,"cz_human_kidney_v1.5"
"kidney_collecting_duct_principal_cell","ITGB2","spearman",1200,140,NA,0.43674278619167,NA,"cv_r2",NA,NA,NA,NA,NA,"cz_human_kidney_v1.5"
"kidney_collecting_duct_principal_cell","ESR1","rf",1200,140,0.89702564606909,0.894396526836045,NA,"oob_r2",-0.0388507260620826,0.0196078431372549,TRUE,0.924376413762607,0.71957671957672,"cz_human_kidney_v1.5"
"kidney_collecting_duct_principal_cell","ESR1","lm",1200,140,NA,0.850975520372182,NA,"cv_r2",NA,NA,NA,NA,NA,"cz_human_kidney_v1.5"
"kidney_collecting_duct_principal_cell","ESR1","ridge",1200,140,NA,0.855892949431525,NA,"cv_r2",NA,NA,NA,NA,NA,"cz_human_kidney_v1.5"
"kidney_collecting_duct_principal_cell","ESR1","spearman",1200,140,NA,0.25556664878438,NA,"cv_r2",NA,NA,NA,NA,NA,"cz_human_kidney_v1.5"
"kidney_collecting_duct_principal_cell","JUNB","rf",1200,140,0.891005580847627,0.887947921644388,NA,"oob_r2",-0.03962511854053,0.0196078431372549,TRUE,0.907922610240075,1,"cz_human_kidney_v1.5"
"kidney_collecting_duct_principal_cell","JUNB","lm",1200,140,NA,0.867525626654822,NA,"cv_r2",NA,NA,NA,NA,NA,"cz_human_kidney_v1.5"
"kidney_collecting_duct_principal_cell","JUNB","ridge",1200,140,NA,0.876387366274619,NA,"cv_r2",NA,NA,NA,NA,NA,"cz_human_kidney_v1.5"
"kidney_collecting_duct_principal_cell","JUNB","spearman",1200,140,NA,0.402832750992127,NA,"cv_r2",NA,NA,NA,NA,NA,"cz_human_kidney_v1.5"
"kidney_collecting_duct_principal_cell","SIM2","rf",1200,140,0.883137434881844,0.878976992818017,NA,"oob_r2",-0.0463898510845143,0.0196078431372549,TRUE,0.883488613364628,0.933333333333333,"cz_human_kidney_v1.5"
"kidney_collecting_duct_principal_cell","SIM2","lm",1200,140,NA,0.856132130084832,NA,"cv_r2",NA,NA,NA,NA,NA,"cz_human_kidney_v1.5"
"kidney_collecting_duct_principal_cell","SIM2","ridge",1200,140,NA,0.865295201245623,NA,"cv_r2",NA,NA,NA,NA,NA,"cz_human_kidney_v1.5"
"kidney_collecting_duct_principal_cell","SIM2","spearman",1200,140,NA,0.373892870639834,NA,"cv_r2",NA,NA,NA,NA,NA,"cz_human_kidney_v1.5"
"kidney_collecting_duct_principal_cell","TCF15","rf",1200,140,0.896965636719018,0.896821380804171,NA,"oob_r2",-0.0297741815588657,0.0196078431372549,TRUE,0.918984204733478,0.682539682539683,"cz_human_kidney_v1.5"
"kidney_collecting_duct_principal_cell","TCF15","lm",1200,140,NA,0.879110065843651,NA,"cv_r2",NA,NA,NA,NA,NA,"cz_human_kidney_v1.5"
"kidney_collecting_duct_principal_cell","TCF15","ridge",1200,140,NA,0.883355356347687,NA,"cv_r2",NA,NA,NA,NA,NA,"cz_human_kidney_v1.5"
"kidney_collecting_duct_principal_cell","TCF15","spearman",1200,140,NA,0.295758227407989,NA,"cv_r2",NA,NA,NA,NA,NA,"cz_human_kidney_v1.5"
"kidney_collecting_duct_principal_cell","NEUROG1","rf",1200,140,0.863510791497562,0.862095300406897,NA,"oob_r2",-0.0463365687270682,0.0196078431372549,TRUE,0.906207945497705,0.933333333333333,"cz_human_kidney_v1.5"
"kidney_collecting_duct_principal_cell","NEUROG1","lm",1200,140,NA,0.848363157332719,NA,"cv_r2",NA,NA,NA,NA,NA,"cz_human_kidney_v1.5"
"kidney_collecting_duct_principal_cell","NEUROG1","ridge",1200,140,NA,0.85551267743696,NA,"cv_r2",NA,NA,NA,NA,NA,"cz_human_kidney_v1.5"
"kidney_collecting_duct_principal_cell","NEUROG1","spearman",1200,140,NA,0.410707409051834,NA,"cv_r2",NA,NA,NA,NA,NA,"cz_human_kidney_v1.5"
"kidney_collecting_duct_principal_cell","HES4","rf",1200,140,0.878375950992956,0.879049787851535,NA,"oob_r2",-0.0381025528007212,0.0196078431372549,TRUE,0.903567966295657,0.933333333333333,"cz_human_kidney_v1.5"
"kidney_collecting_duct_principal_cell","HES4","lm",1200,140,NA,0.847927295522216,NA,"cv_r2",NA,NA,NA,NA,NA,"cz_human_kidney_v1.5"
"kidney_collecting_duct_principal_cell","HES4","ridge",1200,140,NA,0.854498980321851,NA,"cv_r2",NA,NA,NA,NA,NA,"cz_human_kidney_v1.5"
"kidney_collecting_duct_principal_cell","HES4","spearman",1200,140,NA,0.388666736313529,NA,"cv_r2",NA,NA,NA,NA,NA,"cz_human_kidney_v1.5"
"kidney_collecting_duct_principal_cell","TFEC","rf",1200,140,0.873216445017183,0.873455960940873,NA,"oob_r2",-0.0391046896369852,0.0196078431372549,TRUE,0.894931082489631,0.868783068783069,"cz_human_kidney_v1.5"
"kidney_collecting_duct_principal_cell","TFEC","lm",1200,140,NA,0.860502880066149,NA,"cv_r2",NA,NA,NA,NA,NA,"cz_human_kidney_v1.5"
"kidney_collecting_duct_principal_cell","TFEC","ridge",1200,140,NA,0.868334661092623,NA,"cv_r2",NA,NA,NA,NA,NA,"cz_human_kidney_v1.5"
"kidney_collecting_duct_principal_cell","TFEC","spearman",1200,140,NA,0.406946475086154,NA,"cv_r2",NA,NA,NA,NA,NA,"cz_human_kidney_v1.5"
"kidney_collecting_duct_principal_cell","TP73","rf",1200,140,0.89147260039305,0.890273367196478,NA,"oob_r2",-0.0352535318043174,0.0196078431372549,TRUE,0.91823149383229,1,"cz_human_kidney_v1.5"
"kidney_collecting_duct_principal_cell","TP73","lm",1200,140,NA,0.867868893898409,NA,"cv_r2",NA,NA,NA,NA,NA,"cz_human_kidney_v1.5"
"kidney_collecting_duct_principal_cell","TP73","ridge",1200,140,NA,0.874643586249417,NA,"cv_r2",NA,NA,NA,NA,NA,"cz_human_kidney_v1.5"
"kidney_collecting_duct_principal_cell","TP73","spearman",1200,140,NA,0.260410547369595,NA,"cv_r2",NA,NA,NA,NA,NA,"cz_human_kidney_v1.5"
"kidney_collecting_duct_principal_cell","FOS","rf",1200,140,0.872828751628806,0.871877097069048,NA,"oob_r2",-0.028364154652862,0.0196078431372549,TRUE,0.894188284630654,0.82962962962963,"cz_human_kidney_v1.5"
"kidney_collecting_duct_principal_cell","FOS","lm",1200,140,NA,0.81871179406219,NA,"cv_r2",NA,NA,NA,NA,NA,"cz_human_kidney_v1.5"
"kidney_collecting_duct_principal_cell","FOS","ridge",1200,140,NA,0.827488386119396,NA,"cv_r2",NA,NA,NA,NA,NA,"cz_human_kidney_v1.5"
"kidney_collecting_duct_principal_cell","FOS","spearman",1200,140,NA,0.412459689722417,NA,"cv_r2",NA,NA,NA,NA,NA,"cz_human_kidney_v1.5"
"kidney_collecting_duct_principal_cell","MYBL1","rf",1200,140,0.906669032225328,0.90392153240383,NA,"oob_r2",-0.0328247180245553,0.0196078431372549,TRUE,0.921520874485822,0.666666666666667,"cz_human_kidney_v1.5"
"kidney_collecting_duct_principal_cell","MYBL1","lm",1200,140,NA,0.877467759220592,NA,"cv_r2",NA,NA,NA,NA,NA,"cz_human_kidney_v1.5"
"kidney_collecting_duct_principal_cell","MYBL1","ridge",1200,140,NA,0.886311494134499,NA,"cv_r2",NA,NA,NA,NA,NA,"cz_human_kidney_v1.5"
"kidney_collecting_duct_principal_cell","MYBL1","spearman",1200,140,NA,0.292554951487044,NA,"cv_r2",NA,NA,NA,NA,NA,"cz_human_kidney_v1.5"
"kidney_collecting_duct_principal_cell","GLIS1","rf",1200,140,0.849890758218351,0.851967128264935,NA,"oob_r2",-0.0455571839811132,0.0196078431372549,TRUE,0.88155255734622,0.844444444444444,"cz_human_kidney_v1.5"
"kidney_collecting_duct_principal_cell","GLIS1","lm",1200,140,NA,0.80606832976896,NA,"cv_r2",NA,NA,NA,NA,NA,"cz_human_kidney_v1.5"
"kidney_collecting_duct_principal_cell","GLIS1","ridge",1200,140,NA,0.816841302065597,NA,"cv_r2",NA,NA,NA,NA,NA,"cz_human_kidney_v1.5"
"kidney_collecting_duct_principal_cell","GLIS1","spearman",1200,140,NA,0.387424418569921,NA,"cv_r2",NA,NA,NA,NA,NA,"cz_human_kidney_v1.5"
"kidney_collecting_duct_principal_cell","KLF14","rf",1200,140,0.879297428135062,0.872246697262119,NA,"oob_r2",-0.0235175745252126,0.0196078431372549,TRUE,0.915508322825023,0.8,"cz_human_kidney_v1.5"
"kidney_collecting_duct_principal_cell","KLF14","lm",1200,140,NA,0.853654832609794,NA,"cv_r2",NA,NA,NA,NA,NA,"cz_human_kidney_v1.5"
"kidney_collecting_duct_principal_cell","KLF14","ridge",1200,140,NA,0.860233566812143,NA,"cv_r2",NA,NA,NA,NA,NA,"cz_human_kidney_v1.5"
"kidney_collecting_duct_principal_cell","KLF14","spearman",1200,140,NA,0.284938034897217,NA,"cv_r2",NA,NA,NA,NA,NA,"cz_human_kidney_v1.5"
"kidney_collecting_duct_principal_cell","HOXC9","rf",1200,140,0.904586810939881,0.903448615181528,NA,"oob_r2",-0.0400158002446934,0.0196078431372549,TRUE,0.906093265205465,0.933333333333333,"cz_human_kidney_v1.5"
"kidney_collecting_duct_principal_cell","HOXC9","lm",1200,140,NA,0.885416277801194,NA,"cv_r2",NA,NA,NA,NA,NA,"cz_human_kidney_v1.5"
"kidney_collecting_duct_principal_cell","HOXC9","ridge",1200,140,NA,0.890559014642565,NA,"cv_r2",NA,NA,NA,NA,NA,"cz_human_kidney_v1.5"
"kidney_collecting_duct_principal_cell","HOXC9","spearman",1200,140,NA,0.26373981729117,NA,"cv_r2",NA,NA,NA,NA,NA,"cz_human_kidney_v1.5"
"kidney_collecting_duct_principal_cell","MYBL2","rf",1200,140,0.899023314718659,0.896656017950306,NA,"oob_r2",-0.0387595165098932,0.0196078431372549,TRUE,0.922577488161447,0.737566137566138,"cz_human_kidney_v1.5"
"kidney_collecting_duct_principal_cell","MYBL2","lm",1200,140,NA,0.874435577719591,NA,"cv_r2",NA,NA,NA,NA,NA,"cz_human_kidney_v1.5"
"kidney_collecting_duct_principal_cell","MYBL2","ridge",1200,140,NA,0.882432521581078,NA,"cv_r2",NA,NA,NA,NA,NA,"cz_human_kidney_v1.5"
"kidney_collecting_duct_principal_cell","MYBL2","spearman",1200,140,NA,0.320923847607326,NA,"cv_r2",NA,NA,NA,NA,NA,"cz_human_kidney_v1.5"
"kidney_collecting_duct_principal_cell","OSR2","rf",1200,140,0.900288486767651,0.900050629691784,NA,"oob_r2",-0.0448315130085012,0.0196078431372549,TRUE,0.911030834906543,0.874074074074074,"cz_human_kidney_v1.5"
"kidney_collecting_duct_principal_cell","OSR2","lm",1200,140,NA,0.873847503614208,NA,"cv_r2",NA,NA,NA,NA,NA,"cz_human_kidney_v1.5"
"kidney_collecting_duct_principal_cell","OSR2","ridge",1200,140,NA,0.882437679073068,NA,"cv_r2",NA,NA,NA,NA,NA,"cz_human_kidney_v1.5"
"kidney_collecting_duct_principal_cell","OSR2","spearman",1200,140,NA,0.388241654442416,NA,"cv_r2",NA,NA,NA,NA,NA,"cz_human_kidney_v1.5"
"kidney_collecting_duct_principal_cell","ESRRG","rf",1200,140,0.91237080755261,0.908753622420551,NA,"oob_r2",-0.0344274083517771,0.0196078431372549,TRUE,0.925875226870176,0.933333333333333,"cz_human_kidney_v1.5"
"kidney_collecting_duct_principal_cell","ESRRG","lm",1200,140,NA,0.875304250895083,NA,"cv_r2",NA,NA,NA,NA,NA,"cz_human_kidney_v1.5"
"kidney_collecting_duct_principal_cell","ESRRG","ridge",1200,140,NA,0.88073139204916,NA,"cv_r2",NA,NA,NA,NA,NA,"cz_human_kidney_v1.5"
"kidney_collecting_duct_principal_cell","ESRRG","spearman",1200,140,NA,0.348799038855776,NA,"cv_r2",NA,NA,NA,NA,NA,"cz_human_kidney_v1.5"
"kidney_collecting_duct_principal_cell","IKZF1","rf",1200,140,0.876977220324199,0.875525436980379,NA,"oob_r2",-0.0385162185456129,0.0196078431372549,TRUE,0.914988568415784,0.720634920634921,"cz_human_kidney_v1.5"
"kidney_collecting_duct_principal_cell","IKZF1","lm",1200,140,NA,0.845599282894267,NA,"cv_r2",NA,NA,NA,NA,NA,"cz_human_kidney_v1.5"
"kidney_collecting_duct_principal_cell","IKZF1","ridge",1200,140,NA,0.853915761121881,NA,"cv_r2",NA,NA,NA,NA,NA,"cz_human_kidney_v1.5"
"kidney_collecting_duct_principal_cell","IKZF1","spearman",1200,140,NA,0.476787629493168,NA,"cv_r2",NA,NA,NA,NA,NA,"cz_human_kidney_v1.5"
"kidney_collecting_duct_principal_cell","IRF4","rf",1200,140,0.905037607449699,0.901336638717472,NA,"oob_r2",-0.0408079439664505,0.0196078431372549,TRUE,0.916220604063862,0.933333333333333,"cz_human_kidney_v1.5"
"kidney_collecting_duct_principal_cell","IRF4","lm",1200,140,NA,0.879092953144206,NA,"cv_r2",NA,NA,NA,NA,NA,"cz_human_kidney_v1.5"
"kidney_collecting_duct_principal_cell","IRF4","ridge",1200,140,NA,0.884187284126003,NA,"cv_r2",NA,NA,NA,NA,NA,"cz_human_kidney_v1.5"
"kidney_collecting_duct_principal_cell","IRF4","spearman",1200,140,NA,0.314812917482034,NA,"cv_r2",NA,NA,NA,NA,NA,"cz_human_kidney_v1.5"
"kidney_collecting_duct_principal_cell","NHLH1","rf",1200,140,0.856830803090696,0.856005245187235,NA,"oob_r2",-0.0306552908822567,0.0196078431372549,TRUE,0.90753434942016,0.8,"cz_human_kidney_v1.5"
"kidney_collecting_duct_principal_cell","NHLH1","lm",1200,140,NA,0.831152150534814,NA,"cv_r2",NA,NA,NA,NA,NA,"cz_human_kidney_v1.5"
"kidney_collecting_duct_principal_cell","NHLH1","ridge",1200,140,NA,0.835393197028206,NA,"cv_r2",NA,NA,NA,NA,NA,"cz_human_kidney_v1.5"
"kidney_collecting_duct_principal_cell","NHLH1","spearman",1200,140,NA,0.427082369448698,NA,"cv_r2",NA,NA,NA,NA,NA,"cz_human_kidney_v1.5"
"kidney_collecting_duct_principal_cell","MAFB","rf",1200,140,0.885543946025579,0.888170923102456,NA,"oob_r2",-0.0265487234263516,0.0196078431372549,TRUE,0.914901489143032,0.645502645502645,"cz_human_kidney_v1.5"
"kidney_collecting_duct_principal_cell","MAFB","lm",1200,140,NA,0.861867551030076,NA,"cv_r2",NA,NA,NA,NA,NA,"cz_human_kidney_v1.5"
"kidney_collecting_duct_principal_cell","MAFB","ridge",1200,140,NA,0.867163684573164,NA,"cv_r2",NA,NA,NA,NA,NA,"cz_human_kidney_v1.5"
"kidney_collecting_duct_principal_cell","MAFB","spearman",1200,140,NA,0.301880861544693,NA,"cv_r2",NA,NA,NA,NA,NA,"cz_human_kidney_v1.5"
"kidney_collecting_duct_principal_cell","JUN","rf",1200,140,0.907600311322844,0.905189864429213,NA,"oob_r2",-0.0291474023078366,0.0196078431372549,TRUE,0.920979155885019,0.762962962962963,"cz_human_kidney_v1.5"
"kidney_collecting_duct_principal_cell","JUN","lm",1200,140,NA,0.883757864987367,NA,"cv_r2",NA,NA,NA,NA,NA,"cz_human_kidney_v1.5"
"kidney_collecting_duct_principal_cell","JUN","ridge",1200,140,NA,0.888796833022974,NA,"cv_r2",NA,NA,NA,NA,NA,"cz_human_kidney_v1.5"
"kidney_collecting_duct_principal_cell","JUN","spearman",1200,140,NA,0.312906283187265,NA,"cv_r2",NA,NA,NA,NA,NA,"cz_human_kidney_v1.5"
"kidney_collecting_duct_principal_cell","NR2F1","rf",1200,140,0.889616090257868,0.891360001517255,NA,"oob_r2",-0.051837531649694,0.0196078431372549,TRUE,0.91193457392141,0.933333333333333,"cz_human_kidney_v1.5"
"kidney_collecting_duct_principal_cell","NR2F1","lm",1200,140,NA,0.86656724403961,NA,"cv_r2",NA,NA,NA,NA,NA,"cz_human_kidney_v1.5"
"kidney_collecting_duct_principal_cell","NR2F1","ridge",1200,140,NA,0.872179106026566,NA,"cv_r2",NA,NA,NA,NA,NA,"cz_human_kidney_v1.5"
"kidney_collecting_duct_principal_cell","NR2F1","spearman",1200,140,NA,0.410641275940524,NA,"cv_r2",NA,NA,NA,NA,NA,"cz_human_kidney_v1.5"
"kidney_collecting_duct_principal_cell","KLF6","rf",1200,140,0.898583384626388,0.892691956081772,NA,"oob_r2",-0.0334544405390259,0.0196078431372549,TRUE,0.917893964463688,0.8,"cz_human_kidney_v1.5"
"kidney_collecting_duct_principal_cell","KLF6","lm",1200,140,NA,0.872641364928099,NA,"cv_r2",NA,NA,NA,NA,NA,"cz_human_kidney_v1.5"
"kidney_collecting_duct_principal_cell","KLF6","ridge",1200,140,NA,0.877299187204125,NA,"cv_r2",NA,NA,NA,NA,NA,"cz_human_kidney_v1.5"
"kidney_collecting_duct_principal_cell","KLF6","spearman",1200,140,NA,0.390343531159879,NA,"cv_r2",NA,NA,NA,NA,NA,"cz_human_kidney_v1.5"
"kidney_collecting_duct_principal_cell","EOMES","rf",1200,140,0.905652786093044,0.906236617298009,NA,"oob_r2",-0.0375571981065039,0.0196078431372549,TRUE,0.916756394276676,0.933333333333333,"cz_human_kidney_v1.5"
"kidney_collecting_duct_principal_cell","EOMES","lm",1200,140,NA,0.884493806086091,NA,"cv_r2",NA,NA,NA,NA,NA,"cz_human_kidney_v1.5"
"kidney_collecting_duct_principal_cell","EOMES","ridge",1200,140,NA,0.888944851557888,NA,"cv_r2",NA,NA,NA,NA,NA,"cz_human_kidney_v1.5"
"kidney_collecting_duct_principal_cell","EOMES","spearman",1200,140,NA,0.327710193909772,NA,"cv_r2",NA,NA,NA,NA,NA,"cz_human_kidney_v1.5"
"kidney_collecting_duct_principal_cell","ETV5","rf",1200,140,0.886202897890984,0.883676600647331,NA,"oob_r2",-0.0377714312154078,0.0196078431372549,TRUE,0.898300933721108,0.785185185185185,"cz_human_kidney_v1.5"
"kidney_collecting_duct_principal_cell","ETV5","lm",1200,140,NA,0.84333693905591,NA,"cv_r2",NA,NA,NA,NA,NA,"cz_human_kidney_v1.5"
"kidney_collecting_duct_principal_cell","ETV5","ridge",1200,140,NA,0.851389743767705,NA,"cv_r2",NA,NA,NA,NA,NA,"cz_human_kidney_v1.5"
"kidney_collecting_duct_principal_cell","ETV5","spearman",1200,140,NA,0.400804550589139,NA,"cv_r2",NA,NA,NA,NA,NA,"cz_human_kidney_v1.5"
"kidney_collecting_duct_principal_cell","FOXC1","rf",1200,140,0.886611673958349,0.882097619965873,NA,"oob_r2",-0.0351043206986721,0.0196078431372549,TRUE,0.915002077365463,0.874074074074074,"cz_human_kidney_v1.5"
"kidney_collecting_duct_principal_cell","FOXC1","lm",1200,140,NA,0.858387893827265,NA,"cv_r2",NA,NA,NA,NA,NA,"cz_human_kidney_v1.5"
"kidney_collecting_duct_principal_cell","FOXC1","ridge",1200,140,NA,0.863504072529941,NA,"cv_r2",NA,NA,NA,NA,NA,"cz_human_kidney_v1.5"
"kidney_collecting_duct_principal_cell","FOXC1","spearman",1200,140,NA,0.431978132464961,NA,"cv_r2",NA,NA,NA,NA,NA,"cz_human_kidney_v1.5"
"kidney_collecting_duct_principal_cell","ID3","rf",1200,140,0.900994375120295,0.899053310640759,NA,"oob_r2",-0.0319350626617755,0.0196078431372549,TRUE,0.909644563984071,0.822222222222222,"cz_human_kidney_v1.5"
"kidney_collecting_duct_principal_cell","ID3","lm",1200,140,NA,0.869950769107623,NA,"cv_r2",NA,NA,NA,NA,NA,"cz_human_kidney_v1.5"
"kidney_collecting_duct_principal_cell","ID3","ridge",1200,140,NA,0.875125517343694,NA,"cv_r2",NA,NA,NA,NA,NA,"cz_human_kidney_v1.5"
"kidney_collecting_duct_principal_cell","ID3","spearman",1200,140,NA,0.421083522622806,NA,"cv_r2",NA,NA,NA,NA,NA,"cz_human_kidney_v1.5"
"kidney_collecting_duct_principal_cell","KLF4","rf",1200,140,0.881561385562081,0.879530158992285,NA,"oob_r2",-0.0417448472111389,0.0196078431372549,TRUE,0.903594303888197,0.733333333333333,"cz_human_kidney_v1.5"
"kidney_collecting_duct_principal_cell","KLF4","lm",1200,140,NA,0.843619236740613,NA,"cv_r2",NA,NA,NA,NA,NA,"cz_human_kidney_v1.5"
"kidney_collecting_duct_principal_cell","KLF4","ridge",1200,140,NA,0.853029189941693,NA,"cv_r2",NA,NA,NA,NA,NA,"cz_human_kidney_v1.5"
"kidney_collecting_duct_principal_cell","KLF4","spearman",1200,140,NA,0.27851726274986,NA,"cv_r2",NA,NA,NA,NA,NA,"cz_human_kidney_v1.5"
"kidney_collecting_duct_principal_cell","BCL11A","rf",1200,140,0.883040846452143,0.88255303479673,NA,"oob_r2",-0.0201624409503906,0.0196078431372549,TRUE,0.918957381207496,0.831746031746032,"cz_human_kidney_v1.5"
"kidney_collecting_duct_principal_cell","BCL11A","lm",1200,140,NA,0.867541919962164,NA,"cv_r2",NA,NA,NA,NA,NA,"cz_human_kidney_v1.5"
"kidney_collecting_duct_principal_cell","BCL11A","ridge",1200,140,NA,0.87290389928694,NA,"cv_r2",NA,NA,NA,NA,NA,"cz_human_kidney_v1.5"
"kidney_collecting_duct_principal_cell","BCL11A","spearman",1200,140,NA,0.327357269239646,NA,"cv_r2",NA,NA,NA,NA,NA,"cz_human_kidney_v1.5"
"kidney_collecting_duct_principal_cell","NR3C1","rf",1200,140,0.874136946175314,0.87371467837882,NA,"oob_r2",-0.0246483483137689,0.0196078431372549,TRUE,0.904836155391796,0.933333333333333,"cz_human_kidney_v1.5"
"kidney_collecting_duct_principal_cell","NR3C1","lm",1200,140,NA,0.843874403289865,NA,"cv_r2",NA,NA,NA,NA,NA,"cz_human_kidney_v1.5"
"kidney_collecting_duct_principal_cell","NR3C1","ridge",1200,140,NA,0.849037167630993,NA,"cv_r2",NA,NA,NA,NA,NA,"cz_human_kidney_v1.5"
"kidney_collecting_duct_principal_cell","NR3C1","spearman",1200,140,NA,0.409377664767239,NA,"cv_r2",NA,NA,NA,NA,NA,"cz_human_kidney_v1.5"
"kidney_collecting_duct_principal_cell","RFX8","rf",1200,140,0.920349806367712,0.920294673738474,NA,"oob_r2",-0.0489572778346273,0.0196078431372549,TRUE,0.905283894464975,0.874074074074074,"cz_human_kidney_v1.5"
"kidney_collecting_duct_principal_cell","RFX8","lm",1200,140,NA,0.895385950712354,NA,"cv_r2",NA,NA,NA,NA,NA,"cz_human_kidney_v1.5"
"kidney_collecting_duct_principal_cell","RFX8","ridge",1200,140,NA,0.900253932890387,NA,"cv_r2",NA,NA,NA,NA,NA,"cz_human_kidney_v1.5"
"kidney_collecting_duct_principal_cell","RFX8","spearman",1200,140,NA,0.38858507401821,NA,"cv_r2",NA,NA,NA,NA,NA,"cz_human_kidney_v1.5"
"kidney_collecting_duct_principal_cell","EGR1","rf",1200,140,0.875210857094512,0.869283967676868,NA,"oob_r2",-0.03977814568917,0.0196078431372549,TRUE,0.909144927219319,0.844444444444444,"cz_human_kidney_v1.5"
"kidney_collecting_duct_principal_cell","EGR1","lm",1200,140,NA,0.83594771928138,NA,"cv_r2",NA,NA,NA,NA,NA,"cz_human_kidney_v1.5"
"kidney_collecting_duct_principal_cell","EGR1","ridge",1200,140,NA,0.845172209282551,NA,"cv_r2",NA,NA,NA,NA,NA,"cz_human_kidney_v1.5"
"kidney_collecting_duct_principal_cell","EGR1","spearman",1200,140,NA,0.29521030345854,NA,"cv_r2",NA,NA,NA,NA,NA,"cz_human_kidney_v1.5"
"kidney_collecting_duct_principal_cell","JUND","rf",1200,140,0.87241440556627,0.873972571997087,NA,"oob_r2",-0.0334268822528527,0.0196078431372549,TRUE,0.898215506622058,0.755555555555556,"cz_human_kidney_v1.5"
"kidney_collecting_duct_principal_cell","JUND","lm",1200,140,NA,0.819466677293887,NA,"cv_r2",NA,NA,NA,NA,NA,"cz_human_kidney_v1.5"
"kidney_collecting_duct_principal_cell","JUND","ridge",1200,140,NA,0.828037505270509,NA,"cv_r2",NA,NA,NA,NA,NA,"cz_human_kidney_v1.5"
"kidney_collecting_duct_principal_cell","JUND","spearman",1200,140,NA,0.407669005457722,NA,"cv_r2",NA,NA,NA,NA,NA,"cz_human_kidney_v1.5"
"kidney_collecting_duct_principal_cell","ZIC2","rf",1200,140,0.897405982619337,0.897223814764595,NA,"oob_r2",-0.0250651031559294,0.0196078431372549,TRUE,0.929301640754266,0.8,"cz_human_kidney_v1.5"
"kidney_collecting_duct_principal_cell","ZIC2","lm",1200,140,NA,0.882961501103412,NA,"cv_r2",NA,NA,NA,NA,NA,"cz_human_kidney_v1.5"
"kidney_collecting_duct_principal_cell","ZIC2","ridge",1200,140,NA,0.889311749185943,NA,"cv_r2",NA,NA,NA,NA,NA,"cz_human_kidney_v1.5"
"kidney_collecting_duct_principal_cell","ZIC2","spearman",1200,140,NA,0.28095082832269,NA,"cv_r2",NA,NA,NA,NA,NA,"cz_human_kidney_v1.5"
"kidney_collecting_duct_principal_cell","TCF21","rf",1200,140,0.869991931006703,0.867227838819774,NA,"oob_r2",-0.0314819644066614,0.0196078431372549,TRUE,0.915270021065215,0.602116402116402,"cz_human_kidney_v1.5"
"kidney_collecting_duct_principal_cell","TCF21","lm",1200,140,NA,0.850568780916077,NA,"cv_r2",NA,NA,NA,NA,NA,"cz_human_kidney_v1.5"
"kidney_collecting_duct_principal_cell","TCF21","ridge",1200,140,NA,0.859183435844781,NA,"cv_r2",NA,NA,NA,NA,NA,"cz_human_kidney_v1.5"
"kidney_collecting_duct_principal_cell","TCF21","spearman",1200,140,NA,0.256118431751041,NA,"cv_r2",NA,NA,NA,NA,NA,"cz_human_kidney_v1.5"
"kidney_collecting_duct_principal_cell","ETV4","rf",1200,140,0.86027101692023,0.866916834821892,NA,"oob_r2",-0.0299455090031414,0.0196078431372549,TRUE,0.899286795487622,0.792592592592593,"cz_human_kidney_v1.5"
"kidney_collecting_duct_principal_cell","ETV4","lm",1200,140,NA,0.807534976930223,NA,"cv_r2",NA,NA,NA,NA,NA,"cz_human_kidney_v1.5"
"kidney_collecting_duct_principal_cell","ETV4","ridge",1200,140,NA,0.817326624013267,NA,"cv_r2",NA,NA,NA,NA,NA,"cz_human_kidney_v1.5"
"kidney_collecting_duct_principal_cell","ETV4","spearman",1200,140,NA,0.409846576677155,NA,"cv_r2",NA,NA,NA,NA,NA,"cz_human_kidney_v1.5"
"kidney_collecting_duct_principal_cell","IKZF3","rf",1200,140,0.817458098542097,0.819260102099066,NA,"oob_r2",-0.0279782481679206,0.0196078431372549,TRUE,0.891569492126664,1,"cz_human_kidney_v1.5"
"kidney_collecting_duct_principal_cell","IKZF3","lm",1200,140,NA,0.796913905035336,NA,"cv_r2",NA,NA,NA,NA,NA,"cz_human_kidney_v1.5"
"kidney_collecting_duct_principal_cell","IKZF3","ridge",1200,140,NA,0.805816541754156,NA,"cv_r2",NA,NA,NA,NA,NA,"cz_human_kidney_v1.5"
"kidney_collecting_duct_principal_cell","IKZF3","spearman",1200,140,NA,0.225429074314474,NA,"cv_r2",NA,NA,NA,NA,NA,"cz_human_kidney_v1.5"
"kidney_collecting_duct_principal_cell","FOXS1","rf",1200,140,0.896162306769596,0.892875479242561,NA,"oob_r2",-0.0277017587213996,0.0196078431372549,TRUE,0.914846384290744,1,"cz_human_kidney_v1.5"
"kidney_collecting_duct_principal_cell","FOXS1","lm",1200,140,NA,0.878703810936707,NA,"cv_r2",NA,NA,NA,NA,NA,"cz_human_kidney_v1.5"
"kidney_collecting_duct_principal_cell","FOXS1","ridge",1200,140,NA,0.883354487726269,NA,"cv_r2",NA,NA,NA,NA,NA,"cz_human_kidney_v1.5"
"kidney_collecting_duct_principal_cell","FOXS1","spearman",1200,140,NA,0.344205399178175,NA,"cv_r2",NA,NA,NA,NA,NA,"cz_human_kidney_v1.5"
"kidney_collecting_duct_principal_cell","FOSB","rf",1200,140,0.895786880265298,0.894833320241022,NA,"oob_r2",-0.0300118494467729,0.0196078431372549,TRUE,0.920341125276071,0.691005291005291,"cz_human_kidney_v1.5"
"kidney_collecting_duct_principal_cell","FOSB","lm",1200,140,NA,0.876610550967623,NA,"cv_r2",NA,NA,NA,NA,NA,"cz_human_kidney_v1.5"
"kidney_collecting_duct_principal_cell","FOSB","ridge",1200,140,NA,0.882538262428579,NA,"cv_r2",NA,NA,NA,NA,NA,"cz_human_kidney_v1.5"
"kidney_collecting_duct_principal_cell","FOSB","spearman",1200,140,NA,0.333684628583682,NA,"cv_r2",NA,NA,NA,NA,NA,"cz_human_kidney_v1.5"
"kidney_collecting_duct_principal_cell","HNF4A","rf",1200,140,0.902604442510179,0.900558725228897,NA,"oob_r2",-0.0500424350718964,0.0196078431372549,TRUE,0.893004550766682,0.874074074074074,"cz_human_kidney_v1.5"
"kidney_collecting_duct_principal_cell","HNF4A","lm",1200,140,NA,0.869221141655827,NA,"cv_r2",NA,NA,NA,NA,NA,"cz_human_kidney_v1.5"
"kidney_collecting_duct_principal_cell","HNF4A","ridge",1200,140,NA,0.877480653923605,NA,"cv_r2",NA,NA,NA,NA,NA,"cz_human_kidney_v1.5"
"kidney_collecting_duct_principal_cell","HNF4A","spearman",1200,140,NA,0.410325304822934,NA,"cv_r2",NA,NA,NA,NA,NA,"cz_human_kidney_v1.5"
"kidney_collecting_duct_principal_cell","HES1","rf",1200,140,0.875126927532049,0.88000068487733,NA,"oob_r2",-0.0358527752288662,0.0196078431372549,TRUE,0.90777838519458,0.844444444444444,"cz_human_kidney_v1.5"
"kidney_collecting_duct_principal_cell","HES1","lm",1200,140,NA,0.842584071810205,NA,"cv_r2",NA,NA,NA,NA,NA,"cz_human_kidney_v1.5"
"kidney_collecting_duct_principal_cell","HES1","ridge",1200,140,NA,0.851669435717128,NA,"cv_r2",NA,NA,NA,NA,NA,"cz_human_kidney_v1.5"
"kidney_collecting_duct_principal_cell","HES1","spearman",1200,140,NA,0.424438384589239,NA,"cv_r2",NA,NA,NA,NA,NA,"cz_human_kidney_v1.5"
"kidney_collecting_duct_principal_cell","FLI1","rf",1200,140,0.892711855538143,0.889122305447546,NA,"oob_r2",-0.0300920634466392,0.0196078431372549,TRUE,0.908583868467536,0.82962962962963,"cz_human_kidney_v1.5"
"kidney_collecting_duct_principal_cell","FLI1","lm",1200,140,NA,0.854305210345803,NA,"cv_r2",NA,NA,NA,NA,NA,"cz_human_kidney_v1.5"
"kidney_collecting_duct_principal_cell","FLI1","ridge",1200,140,NA,0.861779363418748,NA,"cv_r2",NA,NA,NA,NA,NA,"cz_human_kidney_v1.5"
"kidney_collecting_duct_principal_cell","FLI1","spearman",1200,140,NA,0.338840714043572,NA,"cv_r2",NA,NA,NA,NA,NA,"cz_human_kidney_v1.5"
"kidney_collecting_duct_principal_cell","NR4A1","rf",1200,140,0.904818473938961,0.904422289191185,NA,"oob_r2",-0.0334746385234454,0.0196078431372549,TRUE,0.915842839406287,0.71005291005291,"cz_human_kidney_v1.5"
"kidney_collecting_duct_principal_cell","NR4A1","lm",1200,140,NA,0.88721245726606,NA,"cv_r2",NA,NA,NA,NA,NA,"cz_human_kidney_v1.5"
"kidney_collecting_duct_principal_cell","NR4A1","ridge",1200,140,NA,0.891665606075382,NA,"cv_r2",NA,NA,NA,NA,NA,"cz_human_kidney_v1.5"
"kidney_collecting_duct_principal_cell","NR4A1","spearman",1200,140,NA,0.246875901069171,NA,"cv_r2",NA,NA,NA,NA,NA,"cz_human_kidney_v1.5"
"kidney_collecting_duct_principal_cell","RUNX3","rf",1200,140,0.892948054162472,0.892294527756404,NA,"oob_r2",-0.0404494642856131,0.0196078431372549,TRUE,0.903368053277743,0.82962962962963,"cz_human_kidney_v1.5"
"kidney_collecting_duct_principal_cell","RUNX3","lm",1200,140,NA,0.867619613999169,NA,"cv_r2",NA,NA,NA,NA,NA,"cz_human_kidney_v1.5"
"kidney_collecting_duct_principal_cell","RUNX3","ridge",1200,140,NA,0.874965535412133,NA,"cv_r2",NA,NA,NA,NA,NA,"cz_human_kidney_v1.5"
"kidney_collecting_duct_principal_cell","RUNX3","spearman",1200,140,NA,0.462011781895964,NA,"cv_r2",NA,NA,NA,NA,NA,"cz_human_kidney_v1.5"
"kidney_collecting_duct_principal_cell","FOXD2","rf",1200,140,0.884834149637523,0.88281637745535,NA,"oob_r2",-0.0331421531796003,0.0196078431372549,TRUE,0.914538010928643,0.656084656084656,"cz_human_kidney_v1.5"
"kidney_collecting_duct_principal_cell","FOXD2","lm",1200,140,NA,0.860220286567892,NA,"cv_r2",NA,NA,NA,NA,NA,"cz_human_kidney_v1.5"
"kidney_collecting_duct_principal_cell","FOXD2","ridge",1200,140,NA,0.864387262356488,NA,"cv_r2",NA,NA,NA,NA,NA,"cz_human_kidney_v1.5"
"kidney_collecting_duct_principal_cell","FOXD2","spearman",1200,140,NA,0.297292440203317,NA,"cv_r2",NA,NA,NA,NA,NA,"cz_human_kidney_v1.5"
"kidney_collecting_duct_principal_cell","ENO1","rf",1200,140,0.900805582166461,0.901387656693484,NA,"oob_r2",-0.0406890326572678,0.0196078431372549,TRUE,0.901561255554827,1,"cz_human_kidney_v1.5"
"kidney_collecting_duct_principal_cell","ENO1","lm",1200,140,NA,0.887299796252242,NA,"cv_r2",NA,NA,NA,NA,NA,"cz_human_kidney_v1.5"
"kidney_collecting_duct_principal_cell","ENO1","ridge",1200,140,NA,0.892889538415834,NA,"cv_r2",NA,NA,NA,NA,NA,"cz_human_kidney_v1.5"
"kidney_collecting_duct_principal_cell","ENO1","spearman",1200,140,NA,0.40259298426213,NA,"cv_r2",NA,NA,NA,NA,NA,"cz_human_kidney_v1.5"
"kidney_collecting_duct_principal_cell","CTCFL","rf",1200,140,0.896700502850441,0.897693820284782,NA,"oob_r2",-0.0324803955477208,0.0196078431372549,TRUE,0.920168132970827,1,"cz_human_kidney_v1.5"
"kidney_collecting_duct_principal_cell","CTCFL","lm",1200,140,NA,0.864425482467563,NA,"cv_r2",NA,NA,NA,NA,NA,"cz_human_kidney_v1.5"
"kidney_collecting_duct_principal_cell","CTCFL","ridge",1200,140,NA,0.870250755955775,NA,"cv_r2",NA,NA,NA,NA,NA,"cz_human_kidney_v1.5"
"kidney_collecting_duct_principal_cell","CTCFL","spearman",1200,140,NA,0.437128940992316,NA,"cv_r2",NA,NA,NA,NA,NA,"cz_human_kidney_v1.5"
"kidney_collecting_duct_principal_cell","ETV1","rf",1200,140,0.890900024986758,0.885692228912946,NA,"oob_r2",-0.0395641573727236,0.0196078431372549,TRUE,0.902848298868504,0.874074074074074,"cz_human_kidney_v1.5"
"kidney_collecting_duct_principal_cell","ETV1","lm",1200,140,NA,0.855136146719043,NA,"cv_r2",NA,NA,NA,NA,NA,"cz_human_kidney_v1.5"
"kidney_collecting_duct_principal_cell","ETV1","ridge",1200,140,NA,0.861682588168371,NA,"cv_r2",NA,NA,NA,NA,NA,"cz_human_kidney_v1.5"
"kidney_collecting_duct_principal_cell","ETV1","spearman",1200,140,NA,0.445937385168783,NA,"cv_r2",NA,NA,NA,NA,NA,"cz_human_kidney_v1.5"
"kidney_collecting_duct_principal_cell","BATF","rf",1200,140,0.900731434652617,0.900500601076245,NA,"oob_r2",-0.0342572945039889,0.0196078431372549,TRUE,0.911473811831993,0.652910052910053,"cz_human_kidney_v1.5"
"kidney_collecting_duct_principal_cell","BATF","lm",1200,140,NA,0.878696152011151,NA,"cv_r2",NA,NA,NA,NA,NA,"cz_human_kidney_v1.5"
"kidney_collecting_duct_principal_cell","BATF","ridge",1200,140,NA,0.884049235574644,NA,"cv_r2",NA,NA,NA,NA,NA,"cz_human_kidney_v1.5"
"kidney_collecting_duct_principal_cell","BATF","spearman",1200,140,NA,0.318217088149325,NA,"cv_r2",NA,NA,NA,NA,NA,"cz_human_kidney_v1.5"
"kidney_collecting_duct_principal_cell","FOXD4L1","rf",1200,140,0.911566258137191,0.908323947045869,NA,"oob_r2",-0.03862951174036,0.0196078431372549,TRUE,0.915190619540842,0.844444444444444,"cz_human_kidney_v1.5"
"kidney_collecting_duct_principal_cell","FOXD4L1","lm",1200,140,NA,0.883437977310317,NA,"cv_r2",NA,NA,NA,NA,NA,"cz_human_kidney_v1.5"
"kidney_collecting_duct_principal_cell","FOXD4L1","ridge",1200,140,NA,0.887083832542471,NA,"cv_r2",NA,NA,NA,NA,NA,"cz_human_kidney_v1.5"
"kidney_collecting_duct_principal_cell","FOXD4L1","spearman",1200,140,NA,0.432289062178968,NA,"cv_r2",NA,NA,NA,NA,NA,"cz_human_kidney_v1.5"
"kidney_collecting_duct_principal_cell","ZEB1","rf",1200,140,0.876784691546969,0.87088536712741,NA,"oob_r2",-0.0241280187329706,0.0196078431372549,TRUE,0.908885341574765,0.874074074074074,"cz_human_kidney_v1.5"
"kidney_collecting_duct_principal_cell","ZEB1","lm",1200,140,NA,0.852294552627122,NA,"cv_r2",NA,NA,NA,NA,NA,"cz_human_kidney_v1.5"
"kidney_collecting_duct_principal_cell","ZEB1","ridge",1200,140,NA,0.858988249783134,NA,"cv_r2",NA,NA,NA,NA,NA,"cz_human_kidney_v1.5"
"kidney_collecting_duct_principal_cell","ZEB1","spearman",1200,140,NA,0.303061691676993,NA,"cv_r2",NA,NA,NA,NA,NA,"cz_human_kidney_v1.5"
"kidney_collecting_duct_principal_cell","POU2F2","rf",1200,140,0.894848229559534,0.899274144299138,NA,"oob_r2",-0.0439705866592792,0.0196078431372549,TRUE,0.90859533649676,0.725925925925926,"cz_human_kidney_v1.5"
"kidney_collecting_duct_principal_cell","POU2F2","lm",1200,140,NA,0.857401985856408,NA,"cv_r2",NA,NA,NA,NA,NA,"cz_human_kidney_v1.5"
"kidney_collecting_duct_principal_cell","POU2F2","ridge",1200,140,NA,0.86392209241674,NA,"cv_r2",NA,NA,NA,NA,NA,"cz_human_kidney_v1.5"
"kidney_collecting_duct_principal_cell","POU2F2","spearman",1200,140,NA,0.446802157347562,NA,"cv_r2",NA,NA,NA,NA,NA,"cz_human_kidney_v1.5"
"kidney_collecting_duct_principal_cell","ID1","rf",1200,140,0.881674698800761,0.884623040298629,NA,"oob_r2",-0.0342483647142962,0.0196078431372549,TRUE,0.910236819662811,0.732275132275132,"cz_human_kidney_v1.5"
"kidney_collecting_duct_principal_cell","ID1","lm",1200,140,NA,0.864686392161141,NA,"cv_r2",NA,NA,NA,NA,NA,"cz_human_kidney_v1.5"
"kidney_collecting_duct_principal_cell","ID1","ridge",1200,140,NA,0.869185552489814,NA,"cv_r2",NA,NA,NA,NA,NA,"cz_human_kidney_v1.5"
"kidney_collecting_duct_principal_cell","ID1","spearman",1200,140,NA,0.245402282879229,NA,"cv_r2",NA,NA,NA,NA,NA,"cz_human_kidney_v1.5"
"kidney_collecting_duct_principal_cell","ERG","rf",1200,140,0.887914342470772,0.888392113281691,NA,"oob_r2",-0.0243497472347973,0.0196078431372549,TRUE,0.911383525398526,0.785185185185185,"cz_human_kidney_v1.5"
"kidney_collecting_duct_principal_cell","ERG","lm",1200,140,NA,0.846734175091109,NA,"cv_r2",NA,NA,NA,NA,NA,"cz_human_kidney_v1.5"
"kidney_collecting_duct_principal_cell","ERG","ridge",1200,140,NA,0.854531317224073,NA,"cv_r2",NA,NA,NA,NA,NA,"cz_human_kidney_v1.5"
"kidney_collecting_duct_principal_cell","ERG","spearman",1200,140,NA,0.349861706837797,NA,"cv_r2",NA,NA,NA,NA,NA,"cz_human_kidney_v1.5"
"kidney_collecting_duct_principal_cell","PAX8","rf",1200,140,0.891961587107722,0.89111466857879,NA,"oob_r2",-0.0317453565514856,0.0196078431372549,TRUE,0.910207955216374,0.681481481481481,"cz_human_kidney_v1.5"
"kidney_collecting_duct_principal_cell","PAX8","lm",1200,140,NA,0.860686821812938,NA,"cv_r2",NA,NA,NA,NA,NA,"cz_human_kidney_v1.5"
"kidney_collecting_duct_principal_cell","PAX8","ridge",1200,140,NA,0.866465000545829,NA,"cv_r2",NA,NA,NA,NA,NA,"cz_human_kidney_v1.5"
"kidney_collecting_duct_principal_cell","PAX8","spearman",1200,140,NA,0.295762625061006,NA,"cv_r2",NA,NA,NA,NA,NA,"cz_human_kidney_v1.5"
"kidney_collecting_duct_principal_cell","ELF3","rf",1200,140,0.887856185909546,0.884816216188889,NA,"oob_r2",-0.0382762369639902,0.0196078431372549,TRUE,0.914231775673686,0.933333333333333,"cz_human_kidney_v1.5"
"kidney_collecting_duct_principal_cell","ELF3","lm",1200,140,NA,0.862195385971193,NA,"cv_r2",NA,NA,NA,NA,NA,"cz_human_kidney_v1.5"
"kidney_collecting_duct_principal_cell","ELF3","ridge",1200,140,NA,0.868136516878052,NA,"cv_r2",NA,NA,NA,NA,NA,"cz_human_kidney_v1.5"
"kidney_collecting_duct_principal_cell","ELF3","spearman",1200,140,NA,0.453503094805879,NA,"cv_r2",NA,NA,NA,NA,NA,"cz_human_kidney_v1.5"
"kidney_collecting_duct_principal_cell","ATF3","rf",1200,140,0.896295339628453,0.893037123427374,NA,"oob_r2",-0.0339058444221465,0.0196078431372549,TRUE,0.905573413609538,0.82962962962963,"cz_human_kidney_v1.5"
"kidney_collecting_duct_principal_cell","ATF3","lm",1200,140,NA,0.863869277386415,NA,"cv_r2",NA,NA,NA,NA,NA,"cz_human_kidney_v1.5"
"kidney_collecting_duct_principal_cell","ATF3","ridge",1200,140,NA,0.86960942953997,NA,"cv_r2",NA,NA,NA,NA,NA,"cz_human_kidney_v1.5"
"kidney_collecting_duct_principal_cell","ATF3","spearman",1200,140,NA,0.48004024235144,NA,"cv_r2",NA,NA,NA,NA,NA,"cz_human_kidney_v1.5"
"kidney_collecting_duct_principal_cell","MAF","rf",1200,140,0.903524551201537,0.903994063495656,NA,"oob_r2",-0.0309994165572207,0.0196078431372549,TRUE,0.924929794766011,0.933333333333333,"cz_human_kidney_v1.5"
"kidney_collecting_duct_principal_cell","MAF","lm",1200,140,NA,0.887753282820779,NA,"cv_r2",NA,NA,NA,NA,NA,"cz_human_kidney_v1.5"
"kidney_collecting_duct_principal_cell","MAF","ridge",1200,140,NA,0.893602733869728,NA,"cv_r2",NA,NA,NA,NA,NA,"cz_human_kidney_v1.5"
"kidney_collecting_duct_principal_cell","MAF","spearman",1200,140,NA,0.322250213153352,NA,"cv_r2",NA,NA,NA,NA,NA,"cz_human_kidney_v1.5"
"kidney_collecting_duct_principal_cell","HEY2","rf",1200,140,0.905776669841161,0.905954471417403,NA,"oob_r2",-0.0263155028819117,0.0196078431372549,TRUE,0.912609729845303,0.732275132275132,"cz_human_kidney_v1.5"
"kidney_collecting_duct_principal_cell","HEY2","lm",1200,140,NA,0.888759977469397,NA,"cv_r2",NA,NA,NA,NA,NA,"cz_human_kidney_v1.5"
"kidney_collecting_duct_principal_cell","HEY2","ridge",1200,140,NA,0.893402986577138,NA,"cv_r2",NA,NA,NA,NA,NA,"cz_human_kidney_v1.5"
"kidney_collecting_duct_principal_cell","HEY2","spearman",1200,140,NA,0.394676882848702,NA,"cv_r2",NA,NA,NA,NA,NA,"cz_human_kidney_v1.5"
"endothelial_cell","FOXO3","rf",1200,117,0.908777578390328,0.908241592697875,NA,"oob_r2",-0.0327516773690973,0.0196078431372549,TRUE,0.818109734065316,0.733333333333333,"cz_human_kidney_v1.5"
"endothelial_cell","FOXO3","lm",1200,117,NA,0.911755569352632,NA,"cv_r2",NA,NA,NA,NA,NA,"cz_human_kidney_v1.5"
"endothelial_cell","FOXO3","ridge",1200,117,NA,0.91417212284143,NA,"cv_r2",NA,NA,NA,NA,NA,"cz_human_kidney_v1.5"
"endothelial_cell","FOXO3","spearman",1200,117,NA,0.72759262278189,NA,"cv_r2",NA,NA,NA,NA,NA,"cz_human_kidney_v1.5"
"endothelial_cell","ZBTB7C","rf",1200,117,0.904002373979793,0.902681386481268,NA,"oob_r2",-0.0324924966643365,0.0196078431372549,TRUE,0.873431674717473,1,"cz_human_kidney_v1.5"
"endothelial_cell","ZBTB7C","lm",1200,117,NA,0.902261207630275,NA,"cv_r2",NA,NA,NA,NA,NA,"cz_human_kidney_v1.5"
"endothelial_cell","ZBTB7C","ridge",1200,117,NA,0.905062183917713,NA,"cv_r2",NA,NA,NA,NA,NA,"cz_human_kidney_v1.5"
"endothelial_cell","ZBTB7C","spearman",1200,117,NA,0.625314595789674,NA,"cv_r2",NA,NA,NA,NA,NA,"cz_human_kidney_v1.5"
"endothelial_cell","FOXO1","rf",1200,117,0.887717868528585,0.889552269641453,NA,"oob_r2",-0.0369744677684029,0.0196078431372549,TRUE,0.828626734003707,0.648677248677249,"cz_human_kidney_v1.5"
"endothelial_cell","FOXO1","lm",1200,117,NA,0.879930290176963,NA,"cv_r2",NA,NA,NA,NA,NA,"cz_human_kidney_v1.5"
"endothelial_cell","FOXO1","ridge",1200,117,NA,0.880480032084804,NA,"cv_r2",NA,NA,NA,NA,NA,"cz_human_kidney_v1.5"
"endothelial_cell","FOXO1","spearman",1200,117,NA,0.710353150389032,NA,"cv_r2",NA,NA,NA,NA,NA,"cz_human_kidney_v1.5"
"endothelial_cell","HIVEP3","rf",1200,117,0.907499691516058,0.906770905168934,NA,"oob_r2",-0.0289793847106838,0.0196078431372549,TRUE,0.873001743369949,0.8,"cz_human_kidney_v1.5"
"endothelial_cell","HIVEP3","lm",1200,117,NA,0.924946666609493,NA,"cv_r2",NA,NA,NA,NA,NA,"cz_human_kidney_v1.5"
"endothelial_cell","HIVEP3","ridge",1200,117,NA,0.926550481574017,NA,"cv_r2",NA,NA,NA,NA,NA,"cz_human_kidney_v1.5"
"endothelial_cell","HIVEP3","spearman",1200,117,NA,0.604661214352032,NA,"cv_r2",NA,NA,NA,NA,NA,"cz_human_kidney_v1.5"
"endothelial_cell","ZEB1","rf",1200,117,0.906001620637541,0.904523739235538,NA,"oob_r2",-0.0321063290447926,0.0196078431372549,TRUE,0.886201734711378,0.628835978835979,"cz_human_kidney_v1.5"
"endothelial_cell","ZEB1","lm",1200,117,NA,0.916036755836534,NA,"cv_r2",NA,NA,NA,NA,NA,"cz_human_kidney_v1.5"
"endothelial_cell","ZEB1","ridge",1200,117,NA,0.918149458853148,NA,"cv_r2",NA,NA,NA,NA,NA,"cz_human_kidney_v1.5"
"endothelial_cell","ZEB1","spearman",1200,117,NA,0.533639055361807,NA,"cv_r2",NA,NA,NA,NA,NA,"cz_human_kidney_v1.5"
"endothelial_cell","HIVEP2","rf",1200,117,0.901934478656295,0.899686078413003,NA,"oob_r2",-0.0379304828120825,0.0196078431372549,TRUE,0.839166379435228,0.665608465608466,"cz_human_kidney_v1.5"
"endothelial_cell","HIVEP2","lm",1200,117,NA,0.899119603376801,NA,"cv_r2",NA,NA,NA,NA,NA,"cz_human_kidney_v1.5"
"endothelial_cell","HIVEP2","ridge",1200,117,NA,0.901511647184772,NA,"cv_r2",NA,NA,NA,NA,NA,"cz_human_kidney_v1.5"
"endothelial_cell","HIVEP2","spearman",1200,117,NA,0.658870749983556,NA,"cv_r2",NA,NA,NA,NA,NA,"cz_human_kidney_v1.5"
"endothelial_cell","RARB","rf",1200,117,0.896284162391629,0.89640145193186,NA,"oob_r2",-0.0321486681430353,0.0196078431372549,TRUE,0.894200256093886,0.844444444444444,"cz_human_kidney_v1.5"
"endothelial_cell","RARB","lm",1200,117,NA,0.894500161445917,NA,"cv_r2",NA,NA,NA,NA,NA,"cz_human_kidney_v1.5"
"endothelial_cell","RARB","ridge",1200,117,NA,0.898645284671251,NA,"cv_r2",NA,NA,NA,NA,NA,"cz_human_kidney_v1.5"
"endothelial_cell","RARB","spearman",1200,117,NA,0.633628684601907,NA,"cv_r2",NA,NA,NA,NA,NA,"cz_human_kidney_v1.5"
"endothelial_cell","EPAS1","rf",1200,117,0.916558237503747,0.916908299354864,NA,"oob_r2",-0.0285045961018631,0.0196078431372549,TRUE,0.89164264745796,0.933333333333333,"cz_human_kidney_v1.5"
"endothelial_cell","EPAS1","lm",1200,117,NA,0.910772877412903,NA,"cv_r2",NA,NA,NA,NA,NA,"cz_human_kidney_v1.5"
"endothelial_cell","EPAS1","ridge",1200,117,NA,0.911347139472809,NA,"cv_r2",NA,NA,NA,NA,NA,"cz_human_kidney_v1.5"
"endothelial_cell","EPAS1","spearman",1200,117,NA,0.629464614829357,NA,"cv_r2",NA,NA,NA,NA,NA,"cz_human_kidney_v1.5"
"endothelial_cell","KLF12","rf",1200,117,0.907098300683227,0.909932299796314,NA,"oob_r2",-0.0295444538194625,0.0196078431372549,TRUE,0.869740459337186,0.881481481481481,"cz_human_kidney_v1.5"
"endothelial_cell","KLF12","lm",1200,117,NA,0.91652448612918,NA,"cv_r2",NA,NA,NA,NA,NA,"cz_human_kidney_v1.5"
"endothelial_cell","KLF12","ridge",1200,117,NA,0.91875262632563,NA,"cv_r2",NA,NA,NA,NA,NA,"cz_human_kidney_v1.5"
"endothelial_cell","KLF12","spearman",1200,117,NA,0.539157283627177,NA,"cv_r2",NA,NA,NA,NA,NA,"cz_human_kidney_v1.5"
"endothelial_cell","NFATC2","rf",1200,117,0.894179083320884,0.896073227233299,NA,"oob_r2",-0.0225062508899771,0.0196078431372549,TRUE,0.871939236813579,0.792592592592593,"cz_human_kidney_v1.5"
"endothelial_cell","NFATC2","lm",1200,117,NA,0.90577568611077,NA,"cv_r2",NA,NA,NA,NA,NA,"cz_human_kidney_v1.5"
"endothelial_cell","NFATC2","ridge",1200,117,NA,0.907960612952978,NA,"cv_r2",NA,NA,NA,NA,NA,"cz_human_kidney_v1.5"
"endothelial_cell","NFATC2","spearman",1200,117,NA,0.53663427598351,NA,"cv_r2",NA,NA,NA,NA,NA,"cz_human_kidney_v1.5"
"endothelial_cell","NFIB","rf",1200,117,0.888061579563278,0.888575679792908,NA,"oob_r2",-0.0312956414775503,0.0196078431372549,TRUE,0.892820046589772,1,"cz_human_kidney_v1.5"
"endothelial_cell","NFIB","lm",1200,117,NA,0.877779207440392,NA,"cv_r2",NA,NA,NA,NA,NA,"cz_human_kidney_v1.5"
"endothelial_cell","NFIB","ridge",1200,117,NA,0.88366548255667,NA,"cv_r2",NA,NA,NA,NA,NA,"cz_human_kidney_v1.5"
"endothelial_cell","NFIB","spearman",1200,117,NA,0.576930210211883,NA,"cv_r2",NA,NA,NA,NA,NA,"cz_human_kidney_v1.5"
"endothelial_cell","MAF","rf",1200,117,0.857523601454745,0.857588691784198,NA,"oob_r2",-0.0366747189124562,0.0196078431372549,TRUE,0.904848799705609,0.933333333333333,"cz_human_kidney_v1.5"
"endothelial_cell","MAF","lm",1200,117,NA,0.825511831956702,NA,"cv_r2",NA,NA,NA,NA,NA,"cz_human_kidney_v1.5"
"endothelial_cell","MAF","ridge",1200,117,NA,0.823611800572828,NA,"cv_r2",NA,NA,NA,NA,NA,"cz_human_kidney_v1.5"
"endothelial_cell","MAF","spearman",1200,117,NA,0.401820068993746,NA,"cv_r2",NA,NA,NA,NA,NA,"cz_human_kidney_v1.5"
"endothelial_cell","ZBTB16","rf",1200,117,0.88066594349799,0.883427032644921,NA,"oob_r2",-0.0323228639309981,0.0196078431372549,TRUE,0.847570688073318,1,"cz_human_kidney_v1.5"
"endothelial_cell","ZBTB16","lm",1200,117,NA,0.875624392726789,NA,"cv_r2",NA,NA,NA,NA,NA,"cz_human_kidney_v1.5"
"endothelial_cell","ZBTB16","ridge",1200,117,NA,0.879163996969357,NA,"cv_r2",NA,NA,NA,NA,NA,"cz_human_kidney_v1.5"
"endothelial_cell","ZBTB16","spearman",1200,117,NA,0.682279394642836,NA,"cv_r2",NA,NA,NA,NA,NA,"cz_human_kidney_v1.5"
"endothelial_cell","THRB","rf",1200,117,0.882603913455363,0.879143983593844,NA,"oob_r2",-0.0340086254158356,0.0196078431372549,TRUE,0.870814621662079,0.819047619047619,"cz_human_kidney_v1.5"
"endothelial_cell","THRB","lm",1200,117,NA,0.888123813308252,NA,"cv_r2",NA,NA,NA,NA,NA,"cz_human_kidney_v1.5"
"endothelial_cell","THRB","ridge",1200,117,NA,0.891174860829593,NA,"cv_r2",NA,NA,NA,NA,NA,"cz_human_kidney_v1.5"
"endothelial_cell","THRB","spearman",1200,117,NA,0.556387571178342,NA,"cv_r2",NA,NA,NA,NA,NA,"cz_human_kidney_v1.5"
"endothelial_cell","GLIS3","rf",1200,117,0.890478388691363,0.888785755324276,NA,"oob_r2",-0.0271120747881882,0.0196078431372549,TRUE,0.892779917443857,0.874074074074074,"cz_human_kidney_v1.5"
"endothelial_cell","GLIS3","lm",1200,117,NA,0.88979880563799,NA,"cv_r2",NA,NA,NA,NA,NA,"cz_human_kidney_v1.5"
"endothelial_cell","GLIS3","ridge",1200,117,NA,0.893935998718489,NA,"cv_r2",NA,NA,NA,NA,NA,"cz_human_kidney_v1.5"
"endothelial_cell","GLIS3","spearman",1200,117,NA,0.583929602925635,NA,"cv_r2",NA,NA,NA,NA,NA,"cz_human_kidney_v1.5"
"endothelial_cell","NPAS3","rf",1200,117,0.894483078283939,0.893894579486128,NA,"oob_r2",-0.0311963283140621,0.0196078431372549,TRUE,0.856829697566109,0.814814814814815,"cz_human_kidney_v1.5"
"endothelial_cell","NPAS3","lm",1200,117,NA,0.897256949089326,NA,"cv_r2",NA,NA,NA,NA,NA,"cz_human_kidney_v1.5"
"endothelial_cell","NPAS3","ridge",1200,117,NA,0.901252807960639,NA,"cv_r2",NA,NA,NA,NA,NA,"cz_human_kidney_v1.5"
"endothelial_cell","NPAS3","spearman",1200,117,NA,0.646074498697147,NA,"cv_r2",NA,NA,NA,NA,NA,"cz_human_kidney_v1.5"
"endothelial_cell","FOXP1","rf",1200,117,0.876053726813132,0.876758641470847,NA,"oob_r2",-0.0282181127426457,0.0196078431372549,TRUE,0.816402830020597,0.755555555555556,"cz_human_kidney_v1.5"
"endothelial_cell","FOXP1","lm",1200,117,NA,0.875612197235577,NA,"cv_r2",NA,NA,NA,NA,NA,"cz_human_kidney_v1.5"
"endothelial_cell","FOXP1","ridge",1200,117,NA,0.879231658232235,NA,"cv_r2",NA,NA,NA,NA,NA,"cz_human_kidney_v1.5"
"endothelial_cell","FOXP1","spearman",1200,117,NA,0.677114505534927,NA,"cv_r2",NA,NA,NA,NA,NA,"cz_human_kidney_v1.5"
"endothelial_cell","SOX18","rf",1200,117,0.916183202040213,0.914785290188375,NA,"oob_r2",-0.0294653609899918,0.0196078431372549,TRUE,0.894905430089533,0.874074074074074,"cz_human_kidney_v1.5"
"endothelial_cell","SOX18","lm",1200,117,NA,0.900652461591873,NA,"cv_r2",NA,NA,NA,NA,NA,"cz_human_kidney_v1.5"
"endothelial_cell","SOX18","ridge",1200,117,NA,0.902771606377341,NA,"cv_r2",NA,NA,NA,NA,NA,"cz_human_kidney_v1.5"
"endothelial_cell","SOX18","spearman",1200,117,NA,0.548624792035525,NA,"cv_r2",NA,NA,NA,NA,NA,"cz_human_kidney_v1.5"
"endothelial_cell","PPARG","rf",1200,117,0.860320608050208,0.853727086747129,NA,"oob_r2",-0.0357066633545956,0.0196078431372549,TRUE,0.8553184439216,0.933333333333333,"cz_human_kidney_v1.5"
"endothelial_cell","PPARG","lm",1200,117,NA,0.848014933675303,NA,"cv_r2",NA,NA,NA,NA,NA,"cz_human_kidney_v1.5"
"endothelial_cell","PPARG","ridge",1200,117,NA,0.854119896408315,NA,"cv_r2",NA,NA,NA,NA,NA,"cz_human_kidney_v1.5"
"endothelial_cell","PPARG","spearman",1200,117,NA,0.552748665909532,NA,"cv_r2",NA,NA,NA,NA,NA,"cz_human_kidney_v1.5"
"endothelial_cell","NFAT5","rf",1200,117,0.861751833660313,0.865414360944696,NA,"oob_r2",-0.0318397381120589,0.0196078431372549,TRUE,0.873667121241639,0.933333333333333,"cz_human_kidney_v1.5"
"endothelial_cell","NFAT5","lm",1200,117,NA,0.849365800069452,NA,"cv_r2",NA,NA,NA,NA,NA,"cz_human_kidney_v1.5"
"endothelial_cell","NFAT5","ridge",1200,117,NA,0.852539363674755,NA,"cv_r2",NA,NA,NA,NA,NA,"cz_human_kidney_v1.5"
"endothelial_cell","NFAT5","spearman",1200,117,NA,0.557272287205778,NA,"cv_r2",NA,NA,NA,NA,NA,"cz_human_kidney_v1.5"
"endothelial_cell","BACH2","rf",1200,117,0.892553383767703,0.887145388255114,NA,"oob_r2",-0.0345867318663019,0.0196078431372549,TRUE,0.881803846736635,0.933333333333333,"cz_human_kidney_v1.5"
"endothelial_cell","BACH2","lm",1200,117,NA,0.883768642674582,NA,"cv_r2",NA,NA,NA,NA,NA,"cz_human_kidney_v1.5"
"endothelial_cell","BACH2","ridge",1200,117,NA,0.888042430232204,NA,"cv_r2",NA,NA,NA,NA,NA,"cz_human_kidney_v1.5"
"endothelial_cell","BACH2","spearman",1200,117,NA,0.568439930597602,NA,"cv_r2",NA,NA,NA,NA,NA,"cz_human_kidney_v1.5"
"endothelial_cell","IRX3","rf",1200,117,0.890480772400575,0.886738915263932,NA,"oob_r2",-0.0342022143540994,0.0196078431372549,TRUE,0.86086725578251,0.933333333333333,"cz_human_kidney_v1.5"
"endothelial_cell","IRX3","lm",1200,117,NA,0.879019484886254,NA,"cv_r2",NA,NA,NA,NA,NA,"cz_human_kidney_v1.5"
"endothelial_cell","IRX3","ridge",1200,117,NA,0.881083988695637,NA,"cv_r2",NA,NA,NA,NA,NA,"cz_human_kidney_v1.5"
"endothelial_cell","IRX3","spearman",1200,117,NA,0.664598679161269,NA,"cv_r2",NA,NA,NA,NA,NA,"cz_human_kidney_v1.5"
"endothelial_cell","TP63","rf",1200,117,0.892527859554233,0.894859524060191,NA,"oob_r2",-0.0322076389949801,0.0196078431372549,TRUE,0.848667162869384,0.82962962962963,"cz_human_kidney_v1.5"
"endothelial_cell","TP63","lm",1200,117,NA,0.893238204545164,NA,"cv_r2",NA,NA,NA,NA,NA,"cz_human_kidney_v1.5"
"endothelial_cell","TP63","ridge",1200,117,NA,0.897102200608801,NA,"cv_r2",NA,NA,NA,NA,NA,"cz_human_kidney_v1.5"
"endothelial_cell","TP63","spearman",1200,117,NA,0.593572929449439,NA,"cv_r2",NA,NA,NA,NA,NA,"cz_human_kidney_v1.5"
"endothelial_cell","MEIS2","rf",1200,117,0.864148411870682,0.857842452416952,NA,"oob_r2",-0.0414042697544231,0.0196078431372549,TRUE,0.857321404486805,0.8,"cz_human_kidney_v1.5"
"endothelial_cell","MEIS2","lm",1200,117,NA,0.852006416653122,NA,"cv_r2",NA,NA,NA,NA,NA,"cz_human_kidney_v1.5"
"endothelial_cell","MEIS2","ridge",1200,117,NA,0.856062108247122,NA,"cv_r2",NA,NA,NA,NA,NA,"cz_human_kidney_v1.5"
"endothelial_cell","MEIS2","spearman",1200,117,NA,0.634157914697294,NA,"cv_r2",NA,NA,NA,NA,NA,"cz_human_kidney_v1.5"
"endothelial_cell","LEF1","rf",1200,117,0.854334294782552,0.856026396495562,NA,"oob_r2",-0.046672111573019,0.0196078431372549,TRUE,0.849920157985617,0.686772486772487,"cz_human_kidney_v1.5"
"endothelial_cell","LEF1","lm",1200,117,NA,0.855486743163853,NA,"cv_r2",NA,NA,NA,NA,NA,"cz_human_kidney_v1.5"
"endothelial_cell","LEF1","ridge",1200,117,NA,0.859016918156513,NA,"cv_r2",NA,NA,NA,NA,NA,"cz_human_kidney_v1.5"
"endothelial_cell","LEF1","spearman",1200,117,NA,0.623306263197025,NA,"cv_r2",NA,NA,NA,NA,NA,"cz_human_kidney_v1.5"
"endothelial_cell","NFIA","rf",1200,117,0.90448356720171,0.904598500957775,NA,"oob_r2",-0.0318698590251725,0.0196078431372549,TRUE,0.874312184773903,0.822222222222222,"cz_human_kidney_v1.5"
"endothelial_cell","NFIA","lm",1200,117,NA,0.900398030841858,NA,"cv_r2",NA,NA,NA,NA,NA,"cz_human_kidney_v1.5"
"endothelial_cell","NFIA","ridge",1200,117,NA,0.903101598410815,NA,"cv_r2",NA,NA,NA,NA,NA,"cz_human_kidney_v1.5"
"endothelial_cell","NFIA","spearman",1200,117,NA,0.52194209098905,NA,"cv_r2",NA,NA,NA,NA,NA,"cz_human_kidney_v1.5"
"endothelial_cell","HOXC5","rf",1200,117,0.884432943010187,0.884321374921699,NA,"oob_r2",-0.0323091105181782,0.0196078431372549,TRUE,0.899135641508523,0.844444444444444,"cz_human_kidney_v1.5"
"endothelial_cell","HOXC5","lm",1200,117,NA,0.866337403438685,NA,"cv_r2",NA,NA,NA,NA,NA,"cz_human_kidney_v1.5"
"endothelial_cell","HOXC5","ridge",1200,117,NA,0.870204501599725,NA,"cv_r2",NA,NA,NA,NA,NA,"cz_human_kidney_v1.5"
"endothelial_cell","HOXC5","spearman",1200,117,NA,0.421546065759769,NA,"cv_r2",NA,NA,NA,NA,NA,"cz_human_kidney_v1.5"
"endothelial_cell","MEIS1","rf",1200,117,0.882650791472485,0.88450002183479,NA,"oob_r2",-0.0386710494954487,0.0196078431372549,TRUE,0.862123081585384,0.933333333333333,"cz_human_kidney_v1.5"
"endothelial_cell","MEIS1","lm",1200,117,NA,0.876901496387439,NA,"cv_r2",NA,NA,NA,NA,NA,"cz_human_kidney_v1.5"
"endothelial_cell","MEIS1","ridge",1200,117,NA,0.87987691185678,NA,"cv_r2",NA,NA,NA,NA,NA,"cz_human_kidney_v1.5"
"endothelial_cell","MEIS1","spearman",1200,117,NA,0.584734635655733,NA,"cv_r2",NA,NA,NA,NA,NA,"cz_human_kidney_v1.5"
"endothelial_cell","IKZF2","rf",1200,117,0.87010768769008,0.870784486911382,NA,"oob_r2",-0.0432126644773666,0.0196078431372549,TRUE,0.86075669249252,0.737566137566138,"cz_human_kidney_v1.5"
"endothelial_cell","IKZF2","lm",1200,117,NA,0.847127837020808,NA,"cv_r2",NA,NA,NA,NA,NA,"cz_human_kidney_v1.5"
"endothelial_cell","IKZF2","ridge",1200,117,NA,0.849455311095109,NA,"cv_r2",NA,NA,NA,NA,NA,"cz_human_kidney_v1.5"
"endothelial_cell","IKZF2","spearman",1200,117,NA,0.622330680306972,NA,"cv_r2",NA,NA,NA,NA,NA,"cz_human_kidney_v1.5"
"endothelial_cell","RFX3","rf",1200,117,0.874025774129953,0.871687404660474,NA,"oob_r2",-0.0372928150455384,0.0196078431372549,TRUE,0.848346795745977,1,"cz_human_kidney_v1.5"
"endothelial_cell","RFX3","lm",1200,117,NA,0.859461058422592,NA,"cv_r2",NA,NA,NA,NA,NA,"cz_human_kidney_v1.5"
"endothelial_cell","RFX3","ridge",1200,117,NA,0.864092637463239,NA,"cv_r2",NA,NA,NA,NA,NA,"cz_human_kidney_v1.5"
"endothelial_cell","RFX3","spearman",1200,117,NA,0.620279655211225,NA,"cv_r2",NA,NA,NA,NA,NA,"cz_human_kidney_v1.5"
"endothelial_cell","HOXD10","rf",1200,117,0.83023914441589,0.835458205113741,NA,"oob_r2",-0.0345524964576536,0.0196078431372549,TRUE,0.860568368575382,0.785185185185185,"cz_human_kidney_v1.5"
"endothelial_cell","HOXD10","lm",1200,117,NA,0.803824360330213,NA,"cv_r2",NA,NA,NA,NA,NA,"cz_human_kidney_v1.5"
"endothelial_cell","HOXD10","ridge",1200,117,NA,0.811229937361573,NA,"cv_r2",NA,NA,NA,NA,NA,"cz_human_kidney_v1.5"
"endothelial_cell","HOXD10","spearman",1200,117,NA,0.605771439707115,NA,"cv_r2",NA,NA,NA,NA,NA,"cz_human_kidney_v1.5"
"endothelial_cell","CEBPD","rf",1200,117,0.838032646536702,0.830692792137817,NA,"oob_r2",-0.0360144123302034,0.0196078431372549,TRUE,0.851924617149632,0.8,"cz_human_kidney_v1.5"
"endothelial_cell","CEBPD","lm",1200,117,NA,0.821139839744519,NA,"cv_r2",NA,NA,NA,NA,NA,"cz_human_kidney_v1.5"
"endothelial_cell","CEBPD","ridge",1200,117,NA,0.829381709541712,NA,"cv_r2",NA,NA,NA,NA,NA,"cz_human_kidney_v1.5"
"endothelial_cell","CEBPD","spearman",1200,117,NA,0.596631313337939,NA,"cv_r2",NA,NA,NA,NA,NA,"cz_human_kidney_v1.5"
"endothelial_cell","PBX1","rf",1200,117,0.869404096581405,0.871828627778039,NA,"oob_r2",-0.0416745728769214,0.0196078431372549,TRUE,0.8347296944024,0.881481481481482,"cz_human_kidney_v1.5"
"endothelial_cell","PBX1","lm",1200,117,NA,0.857706107476097,NA,"cv_r2",NA,NA,NA,NA,NA,"cz_human_kidney_v1.5"
"endothelial_cell","PBX1","ridge",1200,117,NA,0.862157654615933,NA,"cv_r2",NA,NA,NA,NA,NA,"cz_human_kidney_v1.5"
"endothelial_cell","PBX1","spearman",1200,117,NA,0.640928961897416,NA,"cv_r2",NA,NA,NA,NA,NA,"cz_human_kidney_v1.5"
"endothelial_cell","LHX6","rf",1200,117,0.887940754409945,0.882089546111778,NA,"oob_r2",-0.0328004497825763,0.0196078431372549,TRUE,0.893127592367803,0.881481481481481,"cz_human_kidney_v1.5"
"endothelial_cell","LHX6","lm",1200,117,NA,0.869278221434157,NA,"cv_r2",NA,NA,NA,NA,NA,"cz_human_kidney_v1.5"
"endothelial_cell","LHX6","ridge",1200,117,NA,0.872705033928135,NA,"cv_r2",NA,NA,NA,NA,NA,"cz_human_kidney_v1.5"
"endothelial_cell","LHX6","spearman",1200,117,NA,0.475304698499177,NA,"cv_r2",NA,NA,NA,NA,NA,"cz_human_kidney_v1.5"
"endothelial_cell","SOX17","rf",1200,117,0.897771260423646,0.894731102954588,NA,"oob_r2",-0.0828308724778373,0.0196078431372549,TRUE,0.873615835860137,0.933333333333333,"cz_human_kidney_v1.5"
"endothelial_cell","SOX17","lm",1200,117,NA,0.820128047950179,NA,"cv_r2",NA,NA,NA,NA,NA,"cz_human_kidney_v1.5"
"endothelial_cell","SOX17","ridge",1200,117,NA,0.827785032759531,NA,"cv_r2",NA,NA,NA,NA,NA,"cz_human_kidney_v1.5"
"endothelial_cell","SOX17","spearman",1200,117,NA,0.452539484847457,NA,"cv_r2",NA,NA,NA,NA,NA,"cz_human_kidney_v1.5"
"endothelial_cell","EGR1","rf",1200,117,0.765505586162194,0.764501503538816,NA,"oob_r2",-0.0332448464081975,0.0196078431372549,TRUE,0.846485536023818,1,"cz_human_kidney_v1.5"
"endothelial_cell","EGR1","lm",1200,117,NA,0.73934859420235,NA,"cv_r2",NA,NA,NA,NA,NA,"cz_human_kidney_v1.5"
"endothelial_cell","EGR1","ridge",1200,117,NA,0.748858633408437,NA,"cv_r2",NA,NA,NA,NA,NA,"cz_human_kidney_v1.5"
"endothelial_cell","EGR1","spearman",1200,117,NA,0.43104768336502,NA,"cv_r2",NA,NA,NA,NA,NA,"cz_human_kidney_v1.5"
"endothelial_cell","HIF1A","rf",1200,117,0.821966460240968,0.819746958971228,NA,"oob_r2",-0.0293374512611656,0.0196078431372549,TRUE,0.84484823356828,1,"cz_human_kidney_v1.5"
"endothelial_cell","HIF1A","lm",1200,117,NA,0.790079696404089,NA,"cv_r2",NA,NA,NA,NA,NA,"cz_human_kidney_v1.5"
"endothelial_cell","HIF1A","ridge",1200,117,NA,0.799491403226229,NA,"cv_r2",NA,NA,NA,NA,NA,"cz_human_kidney_v1.5"
"endothelial_cell","HIF1A","spearman",1200,117,NA,0.50320029306976,NA,"cv_r2",NA,NA,NA,NA,NA,"cz_human_kidney_v1.5"
"endothelial_cell","RXRG","rf",1200,117,0.788061943042485,0.790861378916951,NA,"oob_r2",-0.0365221213117398,0.0196078431372549,TRUE,0.874413922982012,0.933333333333333,"cz_human_kidney_v1.5"
"endothelial_cell","RXRG","lm",1200,117,NA,0.760791480038068,NA,"cv_r2",NA,NA,NA,NA,NA,"cz_human_kidney_v1.5"
"endothelial_cell","RXRG","ridge",1200,117,NA,0.769348522128558,NA,"cv_r2",NA,NA,NA,NA,NA,"cz_human_kidney_v1.5"
"endothelial_cell","RXRG","spearman",1200,117,NA,0.46310953276895,NA,"cv_r2",NA,NA,NA,NA,NA,"cz_human_kidney_v1.5"
"endothelial_cell","TFAP2E","rf",1200,117,0.794005735275179,0.7850508950159,NA,"oob_r2",-0.0299473636394974,0.0196078431372549,TRUE,0.852884386432019,1,"cz_human_kidney_v1.5"
"endothelial_cell","TFAP2E","lm",1200,117,NA,0.762901947592352,NA,"cv_r2",NA,NA,NA,NA,NA,"cz_human_kidney_v1.5"
"endothelial_cell","TFAP2E","ridge",1200,117,NA,0.771822906452511,NA,"cv_r2",NA,NA,NA,NA,NA,"cz_human_kidney_v1.5"
"endothelial_cell","TFAP2E","spearman",1200,117,NA,0.442001111053822,NA,"cv_r2",NA,NA,NA,NA,NA,"cz_human_kidney_v1.5"
"endothelial_cell","GLI1","rf",1200,117,0.801744421006692,0.8038353858033,NA,"oob_r2",-0.0308485700277323,0.0196078431372549,TRUE,0.830199929732367,1,"cz_human_kidney_v1.5"
"endothelial_cell","GLI1","lm",1200,117,NA,0.778136838973912,NA,"cv_r2",NA,NA,NA,NA,NA,"cz_human_kidney_v1.5"
"endothelial_cell","GLI1","ridge",1200,117,NA,0.785689182852507,NA,"cv_r2",NA,NA,NA,NA,NA,"cz_human_kidney_v1.5"
"endothelial_cell","GLI1","spearman",1200,117,NA,0.467059028699296,NA,"cv_r2",NA,NA,NA,NA,NA,"cz_human_kidney_v1.5"
"endothelial_cell","MYC","rf",1200,117,0.764342813528442,0.758606865339018,NA,"oob_r2",-0.0278602609165793,0.0196078431372549,TRUE,0.850049703527202,1,"cz_human_kidney_v1.5"
"endothelial_cell","MYC","lm",1200,117,NA,0.718924472078645,NA,"cv_r2",NA,NA,NA,NA,NA,"cz_human_kidney_v1.5"
"endothelial_cell","MYC","ridge",1200,117,NA,0.729885136451004,NA,"cv_r2",NA,NA,NA,NA,NA,"cz_human_kidney_v1.5"
"endothelial_cell","MYC","spearman",1200,117,NA,0.426157867508793,NA,"cv_r2",NA,NA,NA,NA,NA,"cz_human_kidney_v1.5"
"endothelial_cell","ERG","rf",1200,117,0.794914134583264,0.791026871586992,NA,"oob_r2",-0.030095908413215,0.0196078431372549,TRUE,0.839236647068324,1,"cz_human_kidney_v1.5"
"endothelial_cell","ERG","lm",1200,117,NA,0.764240654793537,NA,"cv_r2",NA,NA,NA,NA,NA,"cz_human_kidney_v1.5"
"endothelial_cell","ERG","ridge",1200,117,NA,0.773265839648375,NA,"cv_r2",NA,NA,NA,NA,NA,"cz_human_kidney_v1.5"
"endothelial_cell","ERG","spearman",1200,117,NA,0.476854520531165,NA,"cv_r2",NA,NA,NA,NA,NA,"cz_human_kidney_v1.5"
"endothelial_cell","SMAD1","rf",1200,117,0.775064365737465,0.776869599194058,NA,"oob_r2",-0.0349636139499947,0.0196078431372549,TRUE,0.851981230882458,0.933333333333333,"cz_human_kidney_v1.5"
"endothelial_cell","SMAD1","lm",1200,117,NA,0.739395472610505,NA,"cv_r2",NA,NA,NA,NA,NA,"cz_human_kidney_v1.5"
"endothelial_cell","SMAD1","ridge",1200,117,NA,0.749863212725275,NA,"cv_r2",NA,NA,NA,NA,NA,"cz_human_kidney_v1.5"
"endothelial_cell","SMAD1","spearman",1200,117,NA,0.461857861594313,NA,"cv_r2",NA,NA,NA,NA,NA,"cz_human_kidney_v1.5"
"endothelial_cell","ETS2","rf",1200,117,0.776414725828654,0.775611857646414,NA,"oob_r2",-0.0290111988274385,0.0196078431372549,TRUE,0.854187501352902,0.844444444444444,"cz_human_kidney_v1.5"
"endothelial_cell","ETS2","lm",1200,117,NA,0.74180797599117,NA,"cv_r2",NA,NA,NA,NA,NA,"cz_human_kidney_v1.5"
"endothelial_cell","ETS2","ridge",1200,117,NA,0.751524436565518,NA,"cv_r2",NA,NA,NA,NA,NA,"cz_human_kidney_v1.5"
"endothelial_cell","ETS2","spearman",1200,117,NA,0.449761776683423,NA,"cv_r2",NA,NA,NA,NA,NA,"cz_human_kidney_v1.5"
"endothelial_cell","RUNX1","rf",1200,117,0.810068935339289,0.80868959278452,NA,"oob_r2",-0.0411893836961378,0.0196078431372549,TRUE,0.893369699331125,0.933333333333333,"cz_human_kidney_v1.5"
"endothelial_cell","RUNX1","lm",1200,117,NA,0.765869326224089,NA,"cv_r2",NA,NA,NA,NA,NA,"cz_human_kidney_v1.5"
"endothelial_cell","RUNX1","ridge",1200,117,NA,0.77476821294468,NA,"cv_r2",NA,NA,NA,NA,NA,"cz_human_kidney_v1.5"
"endothelial_cell","RUNX1","spearman",1200,117,NA,0.303922233594276,NA,"cv_r2",NA,NA,NA,NA,NA,"cz_human_kidney_v1.5"
"endothelial_cell","ATF3","rf",1200,117,0.770554243886335,0.771640696409842,NA,"oob_r2",-0.0224746361218162,0.0196078431372549,TRUE,0.846506849429117,1,"cz_human_kidney_v1.5"
"endothelial_cell","ATF3","lm",1200,117,NA,0.73569250187446,NA,"cv_r2",NA,NA,NA,NA,NA,"cz_human_kidney_v1.5"
"endothelial_cell","ATF3","ridge",1200,117,NA,0.744842812371477,NA,"cv_r2",NA,NA,NA,NA,NA,"cz_human_kidney_v1.5"
"endothelial_cell","ATF3","spearman",1200,117,NA,0.430378885014668,NA,"cv_r2",NA,NA,NA,NA,NA,"cz_human_kidney_v1.5"
"endothelial_cell","EBF1","rf",1200,117,0.850254298053661,0.849955276045587,NA,"oob_r2",-0.0390560018113862,0.0196078431372549,TRUE,0.856634213676879,0.755555555555556,"cz_human_kidney_v1.5"
"endothelial_cell","EBF1","lm",1200,117,NA,0.837792079277683,NA,"cv_r2",NA,NA,NA,NA,NA,"cz_human_kidney_v1.5"
"endothelial_cell","EBF1","ridge",1200,117,NA,0.843740417598009,NA,"cv_r2",NA,NA,NA,NA,NA,"cz_human_kidney_v1.5"
"endothelial_cell","EBF1","spearman",1200,117,NA,0.581371577010902,NA,"cv_r2",NA,NA,NA,NA,NA,"cz_human_kidney_v1.5"
"endothelial_cell","HOXC9","rf",1200,117,0.790392672463976,0.790044983392753,NA,"oob_r2",-0.0362851810063333,0.0196078431372549,TRUE,0.878592515997542,0.814814814814815,"cz_human_kidney_v1.5"
"endothelial_cell","HOXC9","lm",1200,117,NA,0.76666967019261,NA,"cv_r2",NA,NA,NA,NA,NA,"cz_human_kidney_v1.5"
"endothelial_cell","HOXC9","ridge",1200,117,NA,0.775655343937502,NA,"cv_r2",NA,NA,NA,NA,NA,"cz_human_kidney_v1.5"
"endothelial_cell","HOXC9","spearman",1200,117,NA,0.42233350934837,NA,"cv_r2",NA,NA,NA,NA,NA,"cz_human_kidney_v1.5"
"endothelial_cell","IRF1","rf",1200,117,0.804949152010658,0.799842779441313,NA,"oob_r2",-0.0391079068528499,0.0196078431372549,TRUE,0.890850221709368,0.785185185185185,"cz_human_kidney_v1.5"
"endothelial_cell","IRF1","lm",1200,117,NA,0.783387802831819,NA,"cv_r2",NA,NA,NA,NA,NA,"cz_human_kidney_v1.5"
"endothelial_cell","IRF1","ridge",1200,117,NA,0.786915436160366,NA,"cv_r2",NA,NA,NA,NA,NA,"cz_human_kidney_v1.5"
"endothelial_cell","IRF1","spearman",1200,117,NA,0.335064420927926,NA,"cv_r2",NA,NA,NA,NA,NA,"cz_human_kidney_v1.5"
"endothelial_cell","MEF2A","rf",1200,117,0.794917652614737,0.791552069810193,NA,"oob_r2",-0.0260050293906642,0.0196078431372549,TRUE,0.882658381080357,1,"cz_human_kidney_v1.5"
"endothelial_cell","MEF2A","lm",1200,117,NA,0.778598388463944,NA,"cv_r2",NA,NA,NA,NA,NA,"cz_human_kidney_v1.5"
"endothelial_cell","MEF2A","ridge",1200,117,NA,0.785514212356303,NA,"cv_r2",NA,NA,NA,NA,NA,"cz_human_kidney_v1.5"
"endothelial_cell","MEF2A","spearman",1200,117,NA,0.470902756352915,NA,"cv_r2",NA,NA,NA,NA,NA,"cz_human_kidney_v1.5"
"endothelial_cell","IRF4","rf",1200,117,0.84887880808588,0.850198370966188,NA,"oob_r2",-0.0398933231440159,0.0196078431372549,TRUE,0.839375517224728,1,"cz_human_kidney_v1.5"
"endothelial_cell","IRF4","lm",1200,117,NA,0.824731591877041,NA,"cv_r2",NA,NA,NA,NA,NA,"cz_human_kidney_v1.5"
"endothelial_cell","IRF4","ridge",1200,117,NA,0.830710685043949,NA,"cv_r2",NA,NA,NA,NA,NA,"cz_human_kidney_v1.5"
"endothelial_cell","IRF4","spearman",1200,117,NA,0.576615150005264,NA,"cv_r2",NA,NA,NA,NA,NA,"cz_human_kidney_v1.5"
"endothelial_cell","ZFP57","rf",1200,117,0.809742639021843,0.805292524673499,NA,"oob_r2",-0.0341215912221131,0.0196078431372549,TRUE,0.856598913349352,0.82962962962963,"cz_human_kidney_v1.5"
"endothelial_cell","ZFP57","lm",1200,117,NA,0.778864537010997,NA,"cv_r2",NA,NA,NA,NA,NA,"cz_human_kidney_v1.5"
"endothelial_cell","ZFP57","ridge",1200,117,NA,0.788663263985985,NA,"cv_r2",NA,NA,NA,NA,NA,"cz_human_kidney_v1.5"
"endothelial_cell","ZFP57","spearman",1200,117,NA,0.465413435037108,NA,"cv_r2",NA,NA,NA,NA,NA,"cz_human_kidney_v1.5"
"endothelial_cell","FOXI1","rf",1200,117,0.780239196393354,0.782672433268864,NA,"oob_r2",-0.033031136947038,0.0196078431372549,TRUE,0.853491318950115,0.82962962962963,"cz_human_kidney_v1.5"
"endothelial_cell","FOXI1","lm",1200,117,NA,0.747666212926766,NA,"cv_r2",NA,NA,NA,NA,NA,"cz_human_kidney_v1.5"
"endothelial_cell","FOXI1","ridge",1200,117,NA,0.756507697673305,NA,"cv_r2",NA,NA,NA,NA,NA,"cz_human_kidney_v1.5"
"endothelial_cell","FOXI1","spearman",1200,117,NA,0.44644861608891,NA,"cv_r2",NA,NA,NA,NA,NA,"cz_human_kidney_v1.5"
"endothelial_cell","ELF3","rf",1200,117,0.800640303370019,0.807517897938425,NA,"oob_r2",-0.0296398511339888,0.0196078431372549,TRUE,0.851767763807507,0.844444444444444,"cz_human_kidney_v1.5"
"endothelial_cell","ELF3","lm",1200,117,NA,0.792280644796016,NA,"cv_r2",NA,NA,NA,NA,NA,"cz_human_kidney_v1.5"
"endothelial_cell","ELF3","ridge",1200,117,NA,0.799314648194673,NA,"cv_r2",NA,NA,NA,NA,NA,"cz_human_kidney_v1.5"
"endothelial_cell","ELF3","spearman",1200,117,NA,0.479558226719291,NA,"cv_r2",NA,NA,NA,NA,NA,"cz_human_kidney_v1.5"
"endothelial_cell","KLF2","rf",1200,117,0.841620661772787,0.839946982917211,NA,"oob_r2",-0.0225534606775204,0.0196078431372549,TRUE,0.853896107139824,0.868783068783069,"cz_human_kidney_v1.5"
"endothelial_cell","KLF2","lm",1200,117,NA,0.829716968182291,NA,"cv_r2",NA,NA,NA,NA,NA,"cz_human_kidney_v1.5"
"endothelial_cell","KLF2","ridge",1200,117,NA,0.835279249491996,NA,"cv_r2",NA,NA,NA,NA,NA,"cz_human_kidney_v1.5"
"endothelial_cell","KLF2","spearman",1200,117,NA,0.413753809907814,NA,"cv_r2",NA,NA,NA,NA,NA,"cz_human_kidney_v1.5"
"endothelial_cell","JUNB","rf",1200,117,0.795808337425778,0.794695253992487,NA,"oob_r2",-0.0314951800797404,0.0196078431372549,TRUE,0.869049105752788,1,"cz_human_kidney_v1.5"
"endothelial_cell","JUNB","lm",1200,117,NA,0.778086719723392,NA,"cv_r2",NA,NA,NA,NA,NA,"cz_human_kidney_v1.5"
"endothelial_cell","JUNB","ridge",1200,117,NA,0.785916603263533,NA,"cv_r2",NA,NA,NA,NA,NA,"cz_human_kidney_v1.5"
"endothelial_cell","JUNB","spearman",1200,117,NA,0.480192568250275,NA,"cv_r2",NA,NA,NA,NA,NA,"cz_human_kidney_v1.5"
"endothelial_cell","ID3","rf",1200,117,0.788449527835569,0.789453061841734,NA,"oob_r2",-0.0309821954971913,0.0196078431372549,TRUE,0.857334392343159,0.785185185185185,"cz_human_kidney_v1.5"
"endothelial_cell","ID3","lm",1200,117,NA,0.764762755984015,NA,"cv_r2",NA,NA,NA,NA,NA,"cz_human_kidney_v1.5"
"endothelial_cell","ID3","ridge",1200,117,NA,0.7742289116689,NA,"cv_r2",NA,NA,NA,NA,NA,"cz_human_kidney_v1.5"
"endothelial_cell","ID3","spearman",1200,117,NA,0.459223615197157,NA,"cv_r2",NA,NA,NA,NA,NA,"cz_human_kidney_v1.5"
"endothelial_cell","FOSB","rf",1200,117,0.804505710446845,0.803308647761963,NA,"oob_r2",-0.0350665078644537,0.0196078431372549,TRUE,0.860025209762206,0.844444444444444,"cz_human_kidney_v1.5"
"endothelial_cell","FOSB","lm",1200,117,NA,0.788505159775817,NA,"cv_r2",NA,NA,NA,NA,NA,"cz_human_kidney_v1.5"
"endothelial_cell","FOSB","ridge",1200,117,NA,0.795912876444098,NA,"cv_r2",NA,NA,NA,NA,NA,"cz_human_kidney_v1.5"
"endothelial_cell","FOSB","spearman",1200,117,NA,0.4555230352167,NA,"cv_r2",NA,NA,NA,NA,NA,"cz_human_kidney_v1.5"
"endothelial_cell","HNF4A","rf",1200,117,0.831533144412171,0.8243410595463,NA,"oob_r2",-0.0337559190483626,0.0196078431372549,TRUE,0.878428835705282,0.933333333333333,"cz_human_kidney_v1.5"
"endothelial_cell","HNF4A","lm",1200,117,NA,0.81882293661281,NA,"cv_r2",NA,NA,NA,NA,NA,"cz_human_kidney_v1.5"
"endothelial_cell","HNF4A","ridge",1200,117,NA,0.825544799745636,NA,"cv_r2",NA,NA,NA,NA,NA,"cz_human_kidney_v1.5"
"endothelial_cell","HNF4A","spearman",1200,117,NA,0.346836429969054,NA,"cv_r2",NA,NA,NA,NA,NA,"cz_human_kidney_v1.5"
"endothelial_cell","EGR3","rf",1200,117,0.8425746939581,0.840404537099037,NA,"oob_r2",-0.0353125000981288,0.0196078431372549,TRUE,0.872761634538373,1,"cz_human_kidney_v1.5"
"endothelial_cell","EGR3","lm",1200,117,NA,0.824672075622659,NA,"cv_r2",NA,NA,NA,NA,NA,"cz_human_kidney_v1.5"
"endothelial_cell","EGR3","ridge",1200,117,NA,0.828150830511824,NA,"cv_r2",NA,NA,NA,NA,NA,"cz_human_kidney_v1.5"
"endothelial_cell","EGR3","spearman",1200,117,NA,0.515569794476477,NA,"cv_r2",NA,NA,NA,NA,NA,"cz_human_kidney_v1.5"
"endothelial_cell","ID2","rf",1200,117,0.8233450326251,0.82252535282268,NA,"oob_r2",-0.0293340119692109,0.0196078431372549,TRUE,0.848652010370304,1,"cz_human_kidney_v1.5"
"endothelial_cell","ID2","lm",1200,117,NA,0.807903628309211,NA,"cv_r2",NA,NA,NA,NA,NA,"cz_human_kidney_v1.5"
"endothelial_cell","ID2","ridge",1200,117,NA,0.816505377402645,NA,"cv_r2",NA,NA,NA,NA,NA,"cz_human_kidney_v1.5"
"endothelial_cell","ID2","spearman",1200,117,NA,0.483182186165036,NA,"cv_r2",NA,NA,NA,NA,NA,"cz_human_kidney_v1.5"
"endothelial_cell","SP5","rf",1200,117,0.787021101037853,0.789835536791989,NA,"oob_r2",-0.0297071476085739,0.0196078431372549,TRUE,0.858403392827706,1,"cz_human_kidney_v1.5"
"endothelial_cell","SP5","lm",1200,117,NA,0.761351088957316,NA,"cv_r2",NA,NA,NA,NA,NA,"cz_human_kidney_v1.5"
"endothelial_cell","SP5","ridge",1200,117,NA,0.770520787608482,NA,"cv_r2",NA,NA,NA,NA,NA,"cz_human_kidney_v1.5"
"endothelial_cell","SP5","spearman",1200,117,NA,0.4604307673088,NA,"cv_r2",NA,NA,NA,NA,NA,"cz_human_kidney_v1.5"
"endothelial_cell","CREB5","rf",1200,117,0.820796079729988,0.818248356726064,NA,"oob_r2",-0.0355784941852375,0.0196078431372549,TRUE,0.871426049976605,1,"cz_human_kidney_v1.5"
"endothelial_cell","CREB5","lm",1200,117,NA,0.801572791730802,NA,"cv_r2",NA,NA,NA,NA,NA,"cz_human_kidney_v1.5"
"endothelial_cell","CREB5","ridge",1200,117,NA,0.806708946955692,NA,"cv_r2",NA,NA,NA,NA,NA,"cz_human_kidney_v1.5"
"endothelial_cell","CREB5","spearman",1200,117,NA,0.521006028103194,NA,"cv_r2",NA,NA,NA,NA,NA,"cz_human_kidney_v1.5"
"endothelial_cell","OSR1","rf",1200,117,0.820117333729476,0.819537889513869,NA,"oob_r2",-0.0370777172190401,0.0196078431372549,TRUE,0.877305719152592,1,"cz_human_kidney_v1.5"
"endothelial_cell","OSR1","lm",1200,117,NA,0.817332304452827,NA,"cv_r2",NA,NA,NA,NA,NA,"cz_human_kidney_v1.5"
"endothelial_cell","OSR1","ridge",1200,117,NA,0.824679310195682,NA,"cv_r2",NA,NA,NA,NA,NA,"cz_human_kidney_v1.5"
"endothelial_cell","OSR1","spearman",1200,117,NA,0.502440791925753,NA,"cv_r2",NA,NA,NA,NA,NA,"cz_human_kidney_v1.5"
"endothelial_cell","PAX8","rf",1200,117,0.827980662681995,0.823082556632336,NA,"oob_r2",-0.0353633409235322,0.0196078431372549,TRUE,0.834252806958827,0.844444444444444,"cz_human_kidney_v1.5"
"endothelial_cell","PAX8","lm",1200,117,NA,0.811276471532741,NA,"cv_r2",NA,NA,NA,NA,NA,"cz_human_kidney_v1.5"
"endothelial_cell","PAX8","ridge",1200,117,NA,0.817892457465041,NA,"cv_r2",NA,NA,NA,NA,NA,"cz_human_kidney_v1.5"
"endothelial_cell","PAX8","spearman",1200,117,NA,0.512734081797786,NA,"cv_r2",NA,NA,NA,NA,NA,"cz_human_kidney_v1.5"
"endothelial_cell","KLF4","rf",1200,117,0.811874668569663,0.814006575384429,NA,"oob_r2",-0.0350554596774816,0.0196078431372549,TRUE,0.878908553835497,0.933333333333333,"cz_human_kidney_v1.5"
"endothelial_cell","KLF4","lm",1200,117,NA,0.804084509219711,NA,"cv_r2",NA,NA,NA,NA,NA,"cz_human_kidney_v1.5"
"endothelial_cell","KLF4","ridge",1200,117,NA,0.810891189876264,NA,"cv_r2",NA,NA,NA,NA,NA,"cz_human_kidney_v1.5"
"endothelial_cell","KLF4","spearman",1200,117,NA,0.466134908807739,NA,"cv_r2",NA,NA,NA,NA,NA,"cz_human_kidney_v1.5"
"endothelial_cell","HES1","rf",1200,117,0.795952209463115,0.791775121519046,NA,"oob_r2",-0.0323623575331722,0.0196078431372549,TRUE,0.86189179783569,1,"cz_human_kidney_v1.5"
"endothelial_cell","HES1","lm",1200,117,NA,0.769897931204241,NA,"cv_r2",NA,NA,NA,NA,NA,"cz_human_kidney_v1.5"
"endothelial_cell","HES1","ridge",1200,117,NA,0.778314023392964,NA,"cv_r2",NA,NA,NA,NA,NA,"cz_human_kidney_v1.5"
"endothelial_cell","HES1","spearman",1200,117,NA,0.442879635662353,NA,"cv_r2",NA,NA,NA,NA,NA,"cz_human_kidney_v1.5"
"endothelial_cell","KLF7","rf",1200,117,0.800907367575778,0.798240266893819,NA,"oob_r2",-0.0326612072735915,0.0196078431372549,TRUE,0.851502678329096,0.933333333333333,"cz_human_kidney_v1.5"
"endothelial_cell","KLF7","lm",1200,117,NA,0.768563796771794,NA,"cv_r2",NA,NA,NA,NA,NA,"cz_human_kidney_v1.5"
"endothelial_cell","KLF7","ridge",1200,117,NA,0.777346933558392,NA,"cv_r2",NA,NA,NA,NA,NA,"cz_human_kidney_v1.5"
"endothelial_cell","KLF7","spearman",1200,117,NA,0.476370104717172,NA,"cv_r2",NA,NA,NA,NA,NA,"cz_human_kidney_v1.5"
"endothelial_cell","TFAP2D","rf",1200,117,0.830651332135419,0.833708036781652,NA,"oob_r2",-0.0289476604718733,0.0196078431372549,TRUE,0.86802722787527,0.881481481481481,"cz_human_kidney_v1.5"
"endothelial_cell","TFAP2D","lm",1200,117,NA,0.812337098156153,NA,"cv_r2",NA,NA,NA,NA,NA,"cz_human_kidney_v1.5"
"endothelial_cell","TFAP2D","ridge",1200,117,NA,0.819236046901954,NA,"cv_r2",NA,NA,NA,NA,NA,"cz_human_kidney_v1.5"
"endothelial_cell","TFAP2D","spearman",1200,117,NA,0.539158967374076,NA,"cv_r2",NA,NA,NA,NA,NA,"cz_human_kidney_v1.5"
"endothelial_cell","FOXA3","rf",1200,117,0.791289772368653,0.787182831165424,NA,"oob_r2",-0.0272094205893082,0.0196078431372549,TRUE,0.84416770319751,1,"cz_human_kidney_v1.5"
"endothelial_cell","FOXA3","lm",1200,117,NA,0.757088898536388,NA,"cv_r2",NA,NA,NA,NA,NA,"cz_human_kidney_v1.5"
"endothelial_cell","FOXA3","ridge",1200,117,NA,0.766605724234527,NA,"cv_r2",NA,NA,NA,NA,NA,"cz_human_kidney_v1.5"
"endothelial_cell","FOXA3","spearman",1200,117,NA,0.458451987757662,NA,"cv_r2",NA,NA,NA,NA,NA,"cz_human_kidney_v1.5"
"endothelial_cell","SNAI2","rf",1200,117,0.898440447895873,0.897897923573309,NA,"oob_r2",-0.0625212959087419,0.0196078431372549,TRUE,0.855985486903079,0.785185185185185,"cz_human_kidney_v1.5"
"endothelial_cell","SNAI2","lm",1200,117,NA,0.88424796246152,NA,"cv_r2",NA,NA,NA,NA,NA,"cz_human_kidney_v1.5"
"endothelial_cell","SNAI2","ridge",1200,117,NA,0.886351793947231,NA,"cv_r2",NA,NA,NA,NA,NA,"cz_human_kidney_v1.5"
"endothelial_cell","SNAI2","spearman",1200,117,NA,0.387872323221089,NA,"cv_r2",NA,NA,NA,NA,NA,"cz_human_kidney_v1.5"
"endothelial_cell","FOS","rf",1200,117,0.802530263334544,0.804685767259578,NA,"oob_r2",-0.0283642994152268,0.0196078431372549,TRUE,0.877367661236744,1,"cz_human_kidney_v1.5"
"endothelial_cell","FOS","lm",1200,117,NA,0.787467399800889,NA,"cv_r2",NA,NA,NA,NA,NA,"cz_human_kidney_v1.5"
"endothelial_cell","FOS","ridge",1200,117,NA,0.795160332065446,NA,"cv_r2",NA,NA,NA,NA,NA,"cz_human_kidney_v1.5"
"endothelial_cell","FOS","spearman",1200,117,NA,0.449011299680545,NA,"cv_r2",NA,NA,NA,NA,NA,"cz_human_kidney_v1.5"
"endothelial_cell","NR5A2","rf",1200,117,0.84677731907526,0.850334152431547,NA,"oob_r2",-0.0502931386108384,0.0196078431372549,TRUE,0.857091619335921,1,"cz_human_kidney_v1.5"
"endothelial_cell","NR5A2","lm",1200,117,NA,0.827603147037635,NA,"cv_r2",NA,NA,NA,NA,NA,"cz_human_kidney_v1.5"
"endothelial_cell","NR5A2","ridge",1200,117,NA,0.836464116589524,NA,"cv_r2",NA,NA,NA,NA,NA,"cz_human_kidney_v1.5"
"endothelial_cell","NR5A2","spearman",1200,117,NA,0.479620780804953,NA,"cv_r2",NA,NA,NA,NA,NA,"cz_human_kidney_v1.5"
"endothelial_cell","TCF4","rf",1200,117,0.838647298001879,0.837710294498674,NA,"oob_r2",-0.0330307827099379,0.0196078431372549,TRUE,0.85696740214566,0.744973544973545,"cz_human_kidney_v1.5"
"endothelial_cell","TCF4","lm",1200,117,NA,0.830374375596332,NA,"cv_r2",NA,NA,NA,NA,NA,"cz_human_kidney_v1.5"
"endothelial_cell","TCF4","ridge",1200,117,NA,0.837188070859368,NA,"cv_r2",NA,NA,NA,NA,NA,"cz_human_kidney_v1.5"
"endothelial_cell","TCF4","spearman",1200,117,NA,0.565933609048683,NA,"cv_r2",NA,NA,NA,NA,NA,"cz_human_kidney_v1.5"
"endothelial_cell","ETV6","rf",1200,117,0.840939088443085,0.837760858355895,NA,"oob_r2",-0.0330532839202717,0.0196078431372549,TRUE,0.838447218517353,1,"cz_human_kidney_v1.5"
"endothelial_cell","ETV6","lm",1200,117,NA,0.821899876123543,NA,"cv_r2",NA,NA,NA,NA,NA,"cz_human_kidney_v1.5"
"endothelial_cell","ETV6","ridge",1200,117,NA,0.827850192373717,NA,"cv_r2",NA,NA,NA,NA,NA,"cz_human_kidney_v1.5"
"endothelial_cell","ETV6","spearman",1200,117,NA,0.557242595455805,NA,"cv_r2",NA,NA,NA,NA,NA,"cz_human_kidney_v1.5"
"endothelial_cell","IRF8","rf",1200,117,0.832999966882031,0.834579012942698,NA,"oob_r2",-0.0288700257347268,0.0196078431372549,TRUE,0.85991997482354,0.881481481481481,"cz_human_kidney_v1.5"
"endothelial_cell","IRF8","lm",1200,117,NA,0.837398617179263,NA,"cv_r2",NA,NA,NA,NA,NA,"cz_human_kidney_v1.5"
"endothelial_cell","IRF8","ridge",1200,117,NA,0.841833895584179,NA,"cv_r2",NA,NA,NA,NA,NA,"cz_human_kidney_v1.5"
"endothelial_cell","IRF8","spearman",1200,117,NA,0.477486749794933,NA,"cv_r2",NA,NA,NA,NA,NA,"cz_human_kidney_v1.5"
"endothelial_cell","NR2F2","rf",1200,117,0.84532727390837,0.840938752809367,NA,"oob_r2",-0.0274325817269734,0.0196078431372549,TRUE,0.880179199115494,0.785185185185185,"cz_human_kidney_v1.5"
"endothelial_cell","NR2F2","lm",1200,117,NA,0.840919479998788,NA,"cv_r2",NA,NA,NA,NA,NA,"cz_human_kidney_v1.5"
"endothelial_cell","NR2F2","ridge",1200,117,NA,0.846290229267147,NA,"cv_r2",NA,NA,NA,NA,NA,"cz_human_kidney_v1.5"
"endothelial_cell","NR2F2","spearman",1200,117,NA,0.514238691181803,NA,"cv_r2",NA,NA,NA,NA,NA,"cz_human_kidney_v1.5"
"endothelial_cell","BHLHE41","rf",1200,117,0.888039451100706,0.886356557099428,NA,"oob_r2",-0.0285090676224884,0.0196078431372549,TRUE,0.874256903128908,1,"cz_human_kidney_v1.5"
"endothelial_cell","BHLHE41","lm",1200,117,NA,0.884689287019331,NA,"cv_r2",NA,NA,NA,NA,NA,"cz_human_kidney_v1.5"
"endothelial_cell","BHLHE41","ridge",1200,117,NA,0.886251256770665,NA,"cv_r2",NA,NA,NA,NA,NA,"cz_human_kidney_v1.5"
"endothelial_cell","BHLHE41","spearman",1200,117,NA,0.535157590218117,NA,"cv_r2",NA,NA,NA,NA,NA,"cz_human_kidney_v1.5"
"endothelial_cell","LMO2","rf",1200,117,0.859050389912023,0.859417587892386,NA,"oob_r2",-0.0267819104761728,0.0196078431372549,TRUE,0.87612532282316,0.785185185185185,"cz_human_kidney_v1.5"
"endothelial_cell","LMO2","lm",1200,117,NA,0.869182452531091,NA,"cv_r2",NA,NA,NA,NA,NA,"cz_human_kidney_v1.5"
"endothelial_cell","LMO2","ridge",1200,117,NA,0.872346754940594,NA,"cv_r2",NA,NA,NA,NA,NA,"cz_human_kidney_v1.5"
"endothelial_cell","LMO2","spearman",1200,117,NA,0.440658382706799,NA,"cv_r2",NA,NA,NA,NA,NA,"cz_human_kidney_v1.5"
"endothelial_cell","EBF3","rf",1200,117,0.861109245337965,0.852215979659833,NA,"oob_r2",-0.0389609372635284,0.0196078431372549,TRUE,0.904251191802331,1,"cz_human_kidney_v1.5"
"endothelial_cell","EBF3","lm",1200,117,NA,0.869005790258986,NA,"cv_r2",NA,NA,NA,NA,NA,"cz_human_kidney_v1.5"
"endothelial_cell","EBF3","ridge",1200,117,NA,0.870723123359639,NA,"cv_r2",NA,NA,NA,NA,NA,"cz_human_kidney_v1.5"
"endothelial_cell","EBF3","spearman",1200,117,NA,0.419819043591651,NA,"cv_r2",NA,NA,NA,NA,NA,"cz_human_kidney_v1.5"
"endothelial_cell","NR4A1","rf",1200,117,0.859717703387615,0.858651006111331,NA,"oob_r2",-0.0250036712671783,0.0196078431372549,TRUE,0.852741686523101,0.881481481481482,"cz_human_kidney_v1.5"
"endothelial_cell","NR4A1","lm",1200,117,NA,0.849455423793134,NA,"cv_r2",NA,NA,NA,NA,NA,"cz_human_kidney_v1.5"
"endothelial_cell","NR4A1","ridge",1200,117,NA,0.855431266359286,NA,"cv_r2",NA,NA,NA,NA,NA,"cz_human_kidney_v1.5"
"endothelial_cell","NR4A1","spearman",1200,117,NA,0.487191169314655,NA,"cv_r2",NA,NA,NA,NA,NA,"cz_human_kidney_v1.5"
"endothelial_cell","BATF","rf",1200,117,0.844414326604874,0.835158263565144,NA,"oob_r2",-0.0317244738901587,0.0196078431372549,TRUE,0.877637742044522,0.785185185185185,"cz_human_kidney_v1.5"
"endothelial_cell","BATF","lm",1200,117,NA,0.837516791052049,NA,"cv_r2",NA,NA,NA,NA,NA,"cz_human_kidney_v1.5"
"endothelial_cell","BATF","ridge",1200,117,NA,0.8426690106772,NA,"cv_r2",NA,NA,NA,NA,NA,"cz_human_kidney_v1.5"
"endothelial_cell","BATF","spearman",1200,117,NA,0.526282737375738,NA,"cv_r2",NA,NA,NA,NA,NA,"cz_human_kidney_v1.5"
"endothelial_cell","NR2F1","rf",1200,117,0.875219032783707,0.867851240580748,NA,"oob_r2",-0.0266406011279023,0.0196078431372549,TRUE,0.884668668128633,0.881481481481481,"cz_human_kidney_v1.5"
"endothelial_cell","NR2F1","lm",1200,117,NA,0.892875484562149,NA,"cv_r2",NA,NA,NA,NA,NA,"cz_human_kidney_v1.5"
"endothelial_cell","NR2F1","ridge",1200,117,NA,0.895815960595297,NA,"cv_r2",NA,NA,NA,NA,NA,"cz_human_kidney_v1.5"
"endothelial_cell","NR2F1","spearman",1200,117,NA,0.53421561939103,NA,"cv_r2",NA,NA,NA,NA,NA,"cz_human_kidney_v1.5"
"endothelial_cell","ETS1","rf",1200,117,0.866900258306589,0.869463544656858,NA,"oob_r2",-0.0316785214792781,0.0196078431372549,TRUE,0.894312317982686,0.933333333333333,"cz_human_kidney_v1.5"
"endothelial_cell","ETS1","lm",1200,117,NA,0.85797149803215,NA,"cv_r2",NA,NA,NA,NA,NA,"cz_human_kidney_v1.5"
"endothelial_cell","ETS1","ridge",1200,117,NA,0.862049254035068,NA,"cv_r2",NA,NA,NA,NA,NA,"cz_human_kidney_v1.5"
"endothelial_cell","ETS1","spearman",1200,117,NA,0.437792321398329,NA,"cv_r2",NA,NA,NA,NA,NA,"cz_human_kidney_v1.5"
"endothelial_cell","EGR2","rf",1200,117,0.850897068517371,0.844673020360273,NA,"oob_r2",-0.0229286881868065,0.0196078431372549,TRUE,0.873945194576404,0.77037037037037,"cz_human_kidney_v1.5"
"endothelial_cell","EGR2","lm",1200,117,NA,0.833321974058115,NA,"cv_r2",NA,NA,NA,NA,NA,"cz_human_kidney_v1.5"
"endothelial_cell","EGR2","ridge",1200,117,NA,0.839881046324755,NA,"cv_r2",NA,NA,NA,NA,NA,"cz_human_kidney_v1.5"
"endothelial_cell","EGR2","spearman",1200,117,NA,0.541960313987689,NA,"cv_r2",NA,NA,NA,NA,NA,"cz_human_kidney_v1.5"
"endothelial_cell","PBX3","rf",1200,117,0.874011080819233,0.877228047978298,NA,"oob_r2",-0.0361871643542327,0.0196078431372549,TRUE,0.856962406816293,0.656084656084656,"cz_human_kidney_v1.5"
"endothelial_cell","PBX3","lm",1200,117,NA,0.868870906365333,NA,"cv_r2",NA,NA,NA,NA,NA,"cz_human_kidney_v1.5"
"endothelial_cell","PBX3","ridge",1200,117,NA,0.872564151188085,NA,"cv_r2",NA,NA,NA,NA,NA,"cz_human_kidney_v1.5"
"endothelial_cell","PBX3","spearman",1200,117,NA,0.591438577461294,NA,"cv_r2",NA,NA,NA,NA,NA,"cz_human_kidney_v1.5"
"endothelial_cell","MEF2C","rf",1200,117,0.85007585229695,0.850701858180511,NA,"oob_r2",-0.0339839406080681,0.0196078431372549,TRUE,0.873291972006174,0.933333333333333,"cz_human_kidney_v1.5"
"endothelial_cell","MEF2C","lm",1200,117,NA,0.853416533687239,NA,"cv_r2",NA,NA,NA,NA,NA,"cz_human_kidney_v1.5"
"endothelial_cell","MEF2C","ridge",1200,117,NA,0.857757401177489,NA,"cv_r2",NA,NA,NA,NA,NA,"cz_human_kidney_v1.5"
"endothelial_cell","MEF2C","spearman",1200,117,NA,0.514861837762844,NA,"cv_r2",NA,NA,NA,NA,NA,"cz_human_kidney_v1.5"
"endothelial_cell","ID1","rf",1200,117,0.868035328381933,0.866030330171727,NA,"oob_r2",-0.0286503168858615,0.0196078431372549,TRUE,0.874265561699811,0.77037037037037,"cz_human_kidney_v1.5"
"endothelial_cell","ID1","lm",1200,117,NA,0.873802641502616,NA,"cv_r2",NA,NA,NA,NA,NA,"cz_human_kidney_v1.5"
"endothelial_cell","ID1","ridge",1200,117,NA,0.877558363463751,NA,"cv_r2",NA,NA,NA,NA,NA,"cz_human_kidney_v1.5"
"endothelial_cell","ID1","spearman",1200,117,NA,0.464539917329483,NA,"cv_r2",NA,NA,NA,NA,NA,"cz_human_kidney_v1.5"
"endothelial_cell","RFX2","rf",1200,117,0.862618529144876,0.860000853016142,NA,"oob_r2",-0.036622768049059,0.0196078431372549,TRUE,0.876398733850516,0.881481481481482,"cz_human_kidney_v1.5"
"endothelial_cell","RFX2","lm",1200,117,NA,0.867413378612755,NA,"cv_r2",NA,NA,NA,NA,NA,"cz_human_kidney_v1.5"
"endothelial_cell","RFX2","ridge",1200,117,NA,0.871017928799732,NA,"cv_r2",NA,NA,NA,NA,NA,"cz_human_kidney_v1.5"
"endothelial_cell","RFX2","spearman",1200,117,NA,0.52504712832972,NA,"cv_r2",NA,NA,NA,NA,NA,"cz_human_kidney_v1.5"
"endothelial_cell","ESR1","rf",1200,117,0.863804441581804,0.862877858603285,NA,"oob_r2",-0.0252869050701965,0.0196078431372549,TRUE,0.85354959779273,0.733333333333333,"cz_human_kidney_v1.5"
"endothelial_cell","ESR1","lm",1200,117,NA,0.853623724922973,NA,"cv_r2",NA,NA,NA,NA,NA,"cz_human_kidney_v1.5"
"endothelial_cell","ESR1","ridge",1200,117,NA,0.85876193992258,NA,"cv_r2",NA,NA,NA,NA,NA,"cz_human_kidney_v1.5"
"endothelial_cell","ESR1","spearman",1200,117,NA,0.560266980153327,NA,"cv_r2",NA,NA,NA,NA,NA,"cz_human_kidney_v1.5"
"endothelial_cell","MYBL1","rf",1200,117,0.869953751154526,0.865499322293374,NA,"oob_r2",-0.0310709136736545,0.0196078431372549,TRUE,0.891217378417846,0.792592592592593,"cz_human_kidney_v1.5"
"endothelial_cell","MYBL1","lm",1200,117,NA,0.869562701174473,NA,"cv_r2",NA,NA,NA,NA,NA,"cz_human_kidney_v1.5"
"endothelial_cell","MYBL1","ridge",1200,117,NA,0.87307647567097,NA,"cv_r2",NA,NA,NA,NA,NA,"cz_human_kidney_v1.5"
"endothelial_cell","MYBL1","spearman",1200,117,NA,0.444149744832794,NA,"cv_r2",NA,NA,NA,NA,NA,"cz_human_kidney_v1.5"
"endothelial_cell","JUN","rf",1200,117,0.866616103750652,0.867638011913083,NA,"oob_r2",-0.0340108152794665,0.0196078431372549,TRUE,0.898040831822246,1,"cz_human_kidney_v1.5"
"endothelial_cell","JUN","lm",1200,117,NA,0.873882852912455,NA,"cv_r2",NA,NA,NA,NA,NA,"cz_human_kidney_v1.5"
"endothelial_cell","JUN","ridge",1200,117,NA,0.876859373438928,NA,"cv_r2",NA,NA,NA,NA,NA,"cz_human_kidney_v1.5"
"endothelial_cell","JUN","spearman",1200,117,NA,0.502977069342451,NA,"cv_r2",NA,NA,NA,NA,NA,"cz_human_kidney_v1.5"
"endothelial_cell","KLF8","rf",1200,117,0.898172626598059,0.897410035474353,NA,"oob_r2",-0.0279765252817179,0.0196078431372549,TRUE,0.890540344777633,1,"cz_human_kidney_v1.5"
"endothelial_cell","KLF8","lm",1200,117,NA,0.896166923953411,NA,"cv_r2",NA,NA,NA,NA,NA,"cz_human_kidney_v1.5"
"endothelial_cell","KLF8","ridge",1200,117,NA,0.901769777659508,NA,"cv_r2",NA,NA,NA,NA,NA,"cz_human_kidney_v1.5"
"endothelial_cell","KLF8","spearman",1200,117,NA,0.497842384104664,NA,"cv_r2",NA,NA,NA,NA,NA,"cz_human_kidney_v1.5"
"endothelial_cell","KLF6","rf",1200,117,0.88501946786231,0.88447232498919,NA,"oob_r2",-0.0340235354574739,0.0196078431372549,TRUE,0.909580209171092,0.933333333333333,"cz_human_kidney_v1.5"
"endothelial_cell","KLF6","lm",1200,117,NA,0.8942853418357,NA,"cv_r2",NA,NA,NA,NA,NA,"cz_human_kidney_v1.5"
"endothelial_cell","KLF6","ridge",1200,117,NA,0.895986491659155,NA,"cv_r2",NA,NA,NA,NA,NA,"cz_human_kidney_v1.5"
"endothelial_cell","KLF6","spearman",1200,117,NA,0.446356399860644,NA,"cv_r2",NA,NA,NA,NA,NA,"cz_human_kidney_v1.5"
"endothelial_cell","PRDM1","rf",1200,117,0.855009117751029,0.852302014722442,NA,"oob_r2",-0.0212736865352857,0.0196078431372549,TRUE,0.898672574476198,0.933333333333333,"cz_human_kidney_v1.5"
"endothelial_cell","PRDM1","lm",1200,117,NA,0.84571774495549,NA,"cv_r2",NA,NA,NA,NA,NA,"cz_human_kidney_v1.5"
"endothelial_cell","PRDM1","ridge",1200,117,NA,0.851171544123397,NA,"cv_r2",NA,NA,NA,NA,NA,"cz_human_kidney_v1.5"
"endothelial_cell","PRDM1","spearman",1200,117,NA,0.431442685387959,NA,"cv_r2",NA,NA,NA,NA,NA,"cz_human_kidney_v1.5"
"endothelial_cell","VDR","rf",1200,117,0.896667138821207,0.899054105334331,NA,"oob_r2",-0.0246320229035258,0.0196078431372549,TRUE,0.888897547459792,0.744973544973545,"cz_human_kidney_v1.5"
"endothelial_cell","VDR","lm",1200,117,NA,0.907253784619644,NA,"cv_r2",NA,NA,NA,NA,NA,"cz_human_kidney_v1.5"
"endothelial_cell","VDR","ridge",1200,117,NA,0.909389548816885,NA,"cv_r2",NA,NA,NA,NA,NA,"cz_human_kidney_v1.5"
"endothelial_cell","VDR","spearman",1200,117,NA,0.444436676028597,NA,"cv_r2",NA,NA,NA,NA,NA,"cz_human_kidney_v1.5"
"kidney_distal_convoluted_tubule_epithelial_cell","NPAS3","rf",1200,127,0.962918185025013,0.964945068678336,NA,"oob_r2",-0.0660190490967064,0.0196078431372549,TRUE,0.82666867162438,0.785185185185185,"cz_human_kidney_v1.5"
"kidney_distal_convoluted_tubule_epithelial_cell","NPAS3","lm",1200,127,NA,0.955641128016521,NA,"cv_r2",NA,NA,NA,NA,NA,"cz_human_kidney_v1.5"
"kidney_distal_convoluted_tubule_epithelial_cell","NPAS3","ridge",1200,127,NA,0.955381574167585,NA,"cv_r2",NA,NA,NA,NA,NA,"cz_human_kidney_v1.5"
"kidney_distal_convoluted_tubule_epithelial_cell","NPAS3","spearman",1200,127,NA,0.76032574431769,NA,"cv_r2",NA,NA,NA,NA,NA,"cz_human_kidney_v1.5"
"kidney_distal_convoluted_tubule_epithelial_cell","KLF12","rf",1200,127,0.959326500810548,0.957701851595778,NA,"oob_r2",-0.053228866067067,0.0196078431372549,TRUE,0.822816418780986,0.822222222222222,"cz_human_kidney_v1.5"
"kidney_distal_convoluted_tubule_epithelial_cell","KLF12","lm",1200,127,NA,0.953319156567346,NA,"cv_r2",NA,NA,NA,NA,NA,"cz_human_kidney_v1.5"
"kidney_distal_convoluted_tubule_epithelial_cell","KLF12","ridge",1200,127,NA,0.953328021847359,NA,"cv_r2",NA,NA,NA,NA,NA,"cz_human_kidney_v1.5"
"kidney_distal_convoluted_tubule_epithelial_cell","KLF12","spearman",1200,127,NA,0.770722717872056,NA,"cv_r2",NA,NA,NA,NA,NA,"cz_human_kidney_v1.5"
"kidney_distal_convoluted_tubule_epithelial_cell","CUX2","rf",1200,127,0.95925092124847,0.957264788461608,NA,"oob_r2",-0.0567496349274499,0.0196078431372549,TRUE,0.837599596925384,0.744973544973545,"cz_human_kidney_v1.5"
"kidney_distal_convoluted_tubule_epithelial_cell","CUX2","lm",1200,127,NA,0.946067006251051,NA,"cv_r2",NA,NA,NA,NA,NA,"cz_human_kidney_v1.5"
"kidney_distal_convoluted_tubule_epithelial_cell","CUX2","ridge",1200,127,NA,0.945505520083681,NA,"cv_r2",NA,NA,NA,NA,NA,"cz_human_kidney_v1.5"
"kidney_distal_convoluted_tubule_epithelial_cell","CUX2","spearman",1200,127,NA,0.771700642680038,NA,"cv_r2",NA,NA,NA,NA,NA,"cz_human_kidney_v1.5"
"kidney_distal_convoluted_tubule_epithelial_cell","TCF12","rf",1200,127,0.937512997992161,0.938473835019257,NA,"oob_r2",-0.0560584460550453,0.0196078431372549,TRUE,0.872650163521226,0.844444444444444,"cz_human_kidney_v1.5"
"kidney_distal_convoluted_tubule_epithelial_cell","TCF12","lm",1200,127,NA,0.921356024652021,NA,"cv_r2",NA,NA,NA,NA,NA,"cz_human_kidney_v1.5"
"kidney_distal_convoluted_tubule_epithelial_cell","TCF12","ridge",1200,127,NA,0.920947136341473,NA,"cv_r2",NA,NA,NA,NA,NA,"cz_human_kidney_v1.5"
"kidney_distal_convoluted_tubule_epithelial_cell","TCF12","spearman",1200,127,NA,0.748142628999773,NA,"cv_r2",NA,NA,NA,NA,NA,"cz_human_kidney_v1.5"
"kidney_distal_convoluted_tubule_epithelial_cell","MECOM","rf",1200,127,0.951309598054095,0.95087068502764,NA,"oob_r2",-0.0506479338366916,0.0196078431372549,TRUE,0.849748599133442,0.703703703703704,"cz_human_kidney_v1.5"
"kidney_distal_convoluted_tubule_epithelial_cell","MECOM","lm",1200,127,NA,0.94797167726383,NA,"cv_r2",NA,NA,NA,NA,NA,"cz_human_kidney_v1.5"
"kidney_distal_convoluted_tubule_epithelial_cell","MECOM","ridge",1200,127,NA,0.947661434217861,NA,"cv_r2",NA,NA,NA,NA,NA,"cz_human_kidney_v1.5"
"kidney_distal_convoluted_tubule_epithelial_cell","MECOM","spearman",1200,127,NA,0.79075091264358,NA,"cv_r2",NA,NA,NA,NA,NA,"cz_human_kidney_v1.5"
"kidney_distal_convoluted_tubule_epithelial_cell","LMX1A","rf",1200,127,0.957813504356475,0.958487607886692,NA,"oob_r2",-0.049646241021641,0.0196078431372549,TRUE,0.830700980085823,0.77037037037037,"cz_human_kidney_v1.5"
"kidney_distal_convoluted_tubule_epithelial_cell","LMX1A","lm",1200,127,NA,0.947710012973641,NA,"cv_r2",NA,NA,NA,NA,NA,"cz_human_kidney_v1.5"
"kidney_distal_convoluted_tubule_epithelial_cell","LMX1A","ridge",1200,127,NA,0.946854432640213,NA,"cv_r2",NA,NA,NA,NA,NA,"cz_human_kidney_v1.5"
"kidney_distal_convoluted_tubule_epithelial_cell","LMX1A","spearman",1200,127,NA,0.802826374666528,NA,"cv_r2",NA,NA,NA,NA,NA,"cz_human_kidney_v1.5"
"kidney_distal_convoluted_tubule_epithelial_cell","MEIS2","rf",1200,127,0.956994059550289,0.956432442604541,NA,"oob_r2",-0.0587920807037979,0.0196078431372549,TRUE,0.830390992792568,0.75026455026455,"cz_human_kidney_v1.5"
"kidney_distal_convoluted_tubule_epithelial_cell","MEIS2","lm",1200,127,NA,0.947003012472597,NA,"cv_r2",NA,NA,NA,NA,NA,"cz_human_kidney_v1.5"
"kidney_distal_convoluted_tubule_epithelial_cell","MEIS2","ridge",1200,127,NA,0.945736594612739,NA,"cv_r2",NA,NA,NA,NA,NA,"cz_human_kidney_v1.5"
"kidney_distal_convoluted_tubule_epithelial_cell","MEIS2","spearman",1200,127,NA,0.820732725642412,NA,"cv_r2",NA,NA,NA,NA,NA,"cz_human_kidney_v1.5"
"kidney_distal_convoluted_tubule_epithelial_cell","NR3C2","rf",1200,127,0.942324128330533,0.944032196355599,NA,"oob_r2",-0.0578495226987105,0.0196078431372549,TRUE,0.838010483064617,0.762962962962963,"cz_human_kidney_v1.5"
"kidney_distal_convoluted_tubule_epithelial_cell","NR3C2","lm",1200,127,NA,0.935822516605665,NA,"cv_r2",NA,NA,NA,NA,NA,"cz_human_kidney_v1.5"
"kidney_distal_convoluted_tubule_epithelial_cell","NR3C2","ridge",1200,127,NA,0.935202034787163,NA,"cv_r2",NA,NA,NA,NA,NA,"cz_human_kidney_v1.5"
"kidney_distal_convoluted_tubule_epithelial_cell","NR3C2","spearman",1200,127,NA,0.733837029946266,NA,"cv_r2",NA,NA,NA,NA,NA,"cz_human_kidney_v1.5"
"kidney_distal_convoluted_tubule_epithelial_cell","OSR1","rf",1200,127,0.950590499065606,0.950825960646348,NA,"oob_r2",-0.0497763175235938,0.0196078431372549,TRUE,0.861533454151564,1,"cz_human_kidney_v1.5"
"kidney_distal_convoluted_tubule_epithelial_cell","OSR1","lm",1200,127,NA,0.9412570359929,NA,"cv_r2",NA,NA,NA,NA,NA,"cz_human_kidney_v1.5"
"kidney_distal_convoluted_tubule_epithelial_cell","OSR1","ridge",1200,127,NA,0.940961403474191,NA,"cv_r2",NA,NA,NA,NA,NA,"cz_human_kidney_v1.5"
"kidney_distal_convoluted_tubule_epithelial_cell","OSR1","spearman",1200,127,NA,0.777782244405809,NA,"cv_r2",NA,NA,NA,NA,NA,"cz_human_kidney_v1.5"
"kidney_distal_convoluted_tubule_epithelial_cell","BACH2","rf",1200,127,0.951008368681422,0.951805065377757,NA,"oob_r2",-0.0576198132602298,0.0196078431372549,TRUE,0.848161167354081,0.785185185185185,"cz_human_kidney_v1.5"
"kidney_distal_convoluted_tubule_epithelial_cell","BACH2","lm",1200,127,NA,0.940968740977002,NA,"cv_r2",NA,NA,NA,NA,NA,"cz_human_kidney_v1.5"
"kidney_distal_convoluted_tubule_epithelial_cell","BACH2","ridge",1200,127,NA,0.940603504562249,NA,"cv_r2",NA,NA,NA,NA,NA,"cz_human_kidney_v1.5"
"kidney_distal_convoluted_tubule_epithelial_cell","BACH2","spearman",1200,127,NA,0.720833763924617,NA,"cv_r2",NA,NA,NA,NA,NA,"cz_human_kidney_v1.5"
"kidney_distal_convoluted_tubule_epithelial_cell","MEF2A","rf",1200,127,0.93221319347237,0.933249663910762,NA,"oob_r2",-0.0489107272420418,0.0196078431372549,TRUE,0.895585838228555,0.881481481481481,"cz_human_kidney_v1.5"
"kidney_distal_convoluted_tubule_epithelial_cell","MEF2A","lm",1200,127,NA,0.92897330797553,NA,"cv_r2",NA,NA,NA,NA,NA,"cz_human_kidney_v1.5"
"kidney_distal_convoluted_tubule_epithelial_cell","MEF2A","ridge",1200,127,NA,0.929771875959483,NA,"cv_r2",NA,NA,NA,NA,NA,"cz_human_kidney_v1.5"
"kidney_distal_convoluted_tubule_epithelial_cell","MEF2A","spearman",1200,127,NA,0.727727444034162,NA,"cv_r2",NA,NA,NA,NA,NA,"cz_human_kidney_v1.5"
"kidney_distal_convoluted_tubule_epithelial_cell","MITF","rf",1200,127,0.94202573801244,0.940853438788673,NA,"oob_r2",-0.054862436660269,0.0196078431372549,TRUE,0.843831890805316,0.679365079365079,"cz_human_kidney_v1.5"
"kidney_distal_convoluted_tubule_epithelial_cell","MITF","lm",1200,127,NA,0.931360070333264,NA,"cv_r2",NA,NA,NA,NA,NA,"cz_human_kidney_v1.5"
"kidney_distal_convoluted_tubule_epithelial_cell","MITF","ridge",1200,127,NA,0.931912664050907,NA,"cv_r2",NA,NA,NA,NA,NA,"cz_human_kidney_v1.5"
"kidney_distal_convoluted_tubule_epithelial_cell","MITF","spearman",1200,127,NA,0.723031407828694,NA,"cv_r2",NA,NA,NA,NA,NA,"cz_human_kidney_v1.5"
"kidney_distal_convoluted_tubule_epithelial_cell","PPARGC1A","rf",1200,127,0.932974370600911,0.935251783046815,NA,"oob_r2",-0.0469389667337507,0.0196078431372549,TRUE,0.860233746823314,0.822222222222222,"cz_human_kidney_v1.5"
"kidney_distal_convoluted_tubule_epithelial_cell","PPARGC1A","lm",1200,127,NA,0.924291488345272,NA,"cv_r2",NA,NA,NA,NA,NA,"cz_human_kidney_v1.5"
"kidney_distal_convoluted_tubule_epithelial_cell","PPARGC1A","ridge",1200,127,NA,0.925573229837649,NA,"cv_r2",NA,NA,NA,NA,NA,"cz_human_kidney_v1.5"
"kidney_distal_convoluted_tubule_epithelial_cell","PPARGC1A","spearman",1200,127,NA,0.727842340739197,NA,"cv_r2",NA,NA,NA,NA,NA,"cz_human_kidney_v1.5"
"kidney_distal_convoluted_tubule_epithelial_cell","NR2E3","rf",1200,127,0.958197014939194,0.957295120650856,NA,"oob_r2",-0.0613223775441646,0.0196078431372549,TRUE,0.857366787484898,1,"cz_human_kidney_v1.5"
"kidney_distal_convoluted_tubule_epithelial_cell","NR2E3","lm",1200,127,NA,0.947715197119989,NA,"cv_r2",NA,NA,NA,NA,NA,"cz_human_kidney_v1.5"
"kidney_distal_convoluted_tubule_epithelial_cell","NR2E3","ridge",1200,127,NA,0.946891114340717,NA,"cv_r2",NA,NA,NA,NA,NA,"cz_human_kidney_v1.5"
"kidney_distal_convoluted_tubule_epithelial_cell","NR2E3","spearman",1200,127,NA,0.752347017979083,NA,"cv_r2",NA,NA,NA,NA,NA,"cz_human_kidney_v1.5"
"kidney_distal_convoluted_tubule_epithelial_cell","RFX4","rf",1200,127,0.950096534156803,0.949706355140205,NA,"oob_r2",-0.0636695845926389,0.0196078431372549,TRUE,0.843074563596217,0.8,"cz_human_kidney_v1.5"
"kidney_distal_convoluted_tubule_epithelial_cell","RFX4","lm",1200,127,NA,0.936997675887693,NA,"cv_r2",NA,NA,NA,NA,NA,"cz_human_kidney_v1.5"
"kidney_distal_convoluted_tubule_epithelial_cell","RFX4","ridge",1200,127,NA,0.937612908227753,NA,"cv_r2",NA,NA,NA,NA,NA,"cz_human_kidney_v1.5"
"kidney_distal_convoluted_tubule_epithelial_cell","RFX4","spearman",1200,127,NA,0.738091961428025,NA,"cv_r2",NA,NA,NA,NA,NA,"cz_human_kidney_v1.5"
"kidney_distal_convoluted_tubule_epithelial_cell","STAT5A","rf",1200,127,0.946642339475127,0.945889554728908,NA,"oob_r2",-0.0574724370997287,0.0196078431372549,TRUE,0.837336478773487,0.816931216931217,"cz_human_kidney_v1.5"
"kidney_distal_convoluted_tubule_epithelial_cell","STAT5A","lm",1200,127,NA,0.9430276425707,NA,"cv_r2",NA,NA,NA,NA,NA,"cz_human_kidney_v1.5"
"kidney_distal_convoluted_tubule_epithelial_cell","STAT5A","ridge",1200,127,NA,0.943368923778421,NA,"cv_r2",NA,NA,NA,NA,NA,"cz_human_kidney_v1.5"
"kidney_distal_convoluted_tubule_epithelial_cell","STAT5A","spearman",1200,127,NA,0.746394260132744,NA,"cv_r2",NA,NA,NA,NA,NA,"cz_human_kidney_v1.5"
"kidney_distal_convoluted_tubule_epithelial_cell","RUNX1","rf",1200,127,0.941525276948012,0.941460253149676,NA,"oob_r2",-0.0580354628450856,0.0196078431372549,TRUE,0.856138295213098,0.641269841269841,"cz_human_kidney_v1.5"
"kidney_distal_convoluted_tubule_epithelial_cell","RUNX1","lm",1200,127,NA,0.936147595439777,NA,"cv_r2",NA,NA,NA,NA,NA,"cz_human_kidney_v1.5"
"kidney_distal_convoluted_tubule_epithelial_cell","RUNX1","ridge",1200,127,NA,0.936285700478835,NA,"cv_r2",NA,NA,NA,NA,NA,"cz_human_kidney_v1.5"
"kidney_distal_convoluted_tubule_epithelial_cell","RUNX1","spearman",1200,127,NA,0.751525142924232,NA,"cv_r2",NA,NA,NA,NA,NA,"cz_human_kidney_v1.5"
"kidney_distal_convoluted_tubule_epithelial_cell","NFAT5","rf",1200,127,0.951750827901231,0.950569462897517,NA,"oob_r2",-0.0526960742372847,0.0196078431372549,TRUE,0.859422650293713,1,"cz_human_kidney_v1.5"
"kidney_distal_convoluted_tubule_epithelial_cell","NFAT5","lm",1200,127,NA,0.939600942133113,NA,"cv_r2",NA,NA,NA,NA,NA,"cz_human_kidney_v1.5"
"kidney_distal_convoluted_tubule_epithelial_cell","NFAT5","ridge",1200,127,NA,0.939216079589364,NA,"cv_r2",NA,NA,NA,NA,NA,"cz_human_kidney_v1.5"
"kidney_distal_convoluted_tubule_epithelial_cell","NFAT5","spearman",1200,127,NA,0.746398850218776,NA,"cv_r2",NA,NA,NA,NA,NA,"cz_human_kidney_v1.5"
"kidney_distal_convoluted_tubule_epithelial_cell","RORA","rf",1200,127,0.936753860448841,0.936731162349204,NA,"oob_r2",-0.0462185667384361,0.0196078431372549,TRUE,0.865155267049952,1,"cz_human_kidney_v1.5"
"kidney_distal_convoluted_tubule_epithelial_cell","RORA","lm",1200,127,NA,0.930053125561304,NA,"cv_r2",NA,NA,NA,NA,NA,"cz_human_kidney_v1.5"
"kidney_distal_convoluted_tubule_epithelial_cell","RORA","ridge",1200,127,NA,0.92919957767184,NA,"cv_r2",NA,NA,NA,NA,NA,"cz_human_kidney_v1.5"
"kidney_distal_convoluted_tubule_epithelial_cell","RORA","spearman",1200,127,NA,0.760988296426705,NA,"cv_r2",NA,NA,NA,NA,NA,"cz_human_kidney_v1.5"
"kidney_distal_convoluted_tubule_epithelial_cell","PAX6","rf",1200,127,0.951630552251597,0.951471797427291,NA,"oob_r2",-0.0583385557233025,0.0196078431372549,TRUE,0.835842264508603,0.77037037037037,"cz_human_kidney_v1.5"
"kidney_distal_convoluted_tubule_epithelial_cell","PAX6","lm",1200,127,NA,0.941070678837411,NA,"cv_r2",NA,NA,NA,NA,NA,"cz_human_kidney_v1.5"
"kidney_distal_convoluted_tubule_epithelial_cell","PAX6","ridge",1200,127,NA,0.940533065294947,NA,"cv_r2",NA,NA,NA,NA,NA,"cz_human_kidney_v1.5"
"kidney_distal_convoluted_tubule_epithelial_cell","PAX6","spearman",1200,127,NA,0.764895846056617,NA,"cv_r2",NA,NA,NA,NA,NA,"cz_human_kidney_v1.5"
"kidney_distal_convoluted_tubule_epithelial_cell","LMX1B","rf",1200,127,0.954281620524609,0.953954375398523,NA,"oob_r2",-0.0528541817084887,0.0196078431372549,TRUE,0.83891375557222,0.692063492063492,"cz_human_kidney_v1.5"
"kidney_distal_convoluted_tubule_epithelial_cell","LMX1B","lm",1200,127,NA,0.946136066492353,NA,"cv_r2",NA,NA,NA,NA,NA,"cz_human_kidney_v1.5"
"kidney_distal_convoluted_tubule_epithelial_cell","LMX1B","ridge",1200,127,NA,0.946419624115908,NA,"cv_r2",NA,NA,NA,NA,NA,"cz_human_kidney_v1.5"
"kidney_distal_convoluted_tubule_epithelial_cell","LMX1B","spearman",1200,127,NA,0.790431373246271,NA,"cv_r2",NA,NA,NA,NA,NA,"cz_human_kidney_v1.5"
"kidney_distal_convoluted_tubule_epithelial_cell","SOX9","rf",1200,127,0.963900012863889,0.960870645207945,NA,"oob_r2",-0.0623599856272652,0.0196078431372549,TRUE,0.82027962650502,0.77037037037037,"cz_human_kidney_v1.5"
"kidney_distal_convoluted_tubule_epithelial_cell","SOX9","lm",1200,127,NA,0.94995095955961,NA,"cv_r2",NA,NA,NA,NA,NA,"cz_human_kidney_v1.5"
"kidney_distal_convoluted_tubule_epithelial_cell","SOX9","ridge",1200,127,NA,0.949502631353486,NA,"cv_r2",NA,NA,NA,NA,NA,"cz_human_kidney_v1.5"
"kidney_distal_convoluted_tubule_epithelial_cell","SOX9","spearman",1200,127,NA,0.784102653547445,NA,"cv_r2",NA,NA,NA,NA,NA,"cz_human_kidney_v1.5"
"kidney_distal_convoluted_tubule_epithelial_cell","KLF8","rf",1200,127,0.95215559105503,0.95062401411205,NA,"oob_r2",-0.0558668903579841,0.0196078431372549,TRUE,0.841448855351414,0.933333333333333,"cz_human_kidney_v1.5"
"kidney_distal_convoluted_tubule_epithelial_cell","KLF8","lm",1200,127,NA,0.941876610885349,NA,"cv_r2",NA,NA,NA,NA,NA,"cz_human_kidney_v1.5"
"kidney_distal_convoluted_tubule_epithelial_cell","KLF8","ridge",1200,127,NA,0.94184852529897,NA,"cv_r2",NA,NA,NA,NA,NA,"cz_human_kidney_v1.5"
"kidney_distal_convoluted_tubule_epithelial_cell","KLF8","spearman",1200,127,NA,0.732284790421119,NA,"cv_r2",NA,NA,NA,NA,NA,"cz_human_kidney_v1.5"
"kidney_distal_convoluted_tubule_epithelial_cell","FOXP1","rf",1200,127,0.945066340839261,0.945995730713134,NA,"oob_r2",-0.0575802758829592,0.0196078431372549,TRUE,0.84911729783777,0.868783068783069,"cz_human_kidney_v1.5"
"kidney_distal_convoluted_tubule_epithelial_cell","FOXP1","lm",1200,127,NA,0.932657715582389,NA,"cv_r2",NA,NA,NA,NA,NA,"cz_human_kidney_v1.5"
"kidney_distal_convoluted_tubule_epithelial_cell","FOXP1","ridge",1200,127,NA,0.932247778704864,NA,"cv_r2",NA,NA,NA,NA,NA,"cz_human_kidney_v1.5"
"kidney_distal_convoluted_tubule_epithelial_cell","FOXP1","spearman",1200,127,NA,0.722882020288497,NA,"cv_r2",NA,NA,NA,NA,NA,"cz_human_kidney_v1.5"
"kidney_distal_convoluted_tubule_epithelial_cell","ESRRG","rf",1200,127,0.935525697692705,0.937987404299863,NA,"oob_r2",-0.046738498371119,0.0196078431372549,TRUE,0.88167676957047,0.774603174603175,"cz_human_kidney_v1.5"
"kidney_distal_convoluted_tubule_epithelial_cell","ESRRG","lm",1200,127,NA,0.934918401440758,NA,"cv_r2",NA,NA,NA,NA,NA,"cz_human_kidney_v1.5"
"kidney_distal_convoluted_tubule_epithelial_cell","ESRRG","ridge",1200,127,NA,0.934805216520668,NA,"cv_r2",NA,NA,NA,NA,NA,"cz_human_kidney_v1.5"
"kidney_distal_convoluted_tubule_epithelial_cell","ESRRG","spearman",1200,127,NA,0.755996333321465,NA,"cv_r2",NA,NA,NA,NA,NA,"cz_human_kidney_v1.5"
"kidney_distal_convoluted_tubule_epithelial_cell","LHX1","rf",1200,127,0.946010366380434,0.948617300502212,NA,"oob_r2",-0.0607545576790242,0.0196078431372549,TRUE,0.842986293379994,0.844444444444444,"cz_human_kidney_v1.5"
"kidney_distal_convoluted_tubule_epithelial_cell","LHX1","lm",1200,127,NA,0.94127811917021,NA,"cv_r2",NA,NA,NA,NA,NA,"cz_human_kidney_v1.5"
"kidney_distal_convoluted_tubule_epithelial_cell","LHX1","ridge",1200,127,NA,0.940885976926281,NA,"cv_r2",NA,NA,NA,NA,NA,"cz_human_kidney_v1.5"
"kidney_distal_convoluted_tubule_epithelial_cell","LHX1","spearman",1200,127,NA,0.744757348946841,NA,"cv_r2",NA,NA,NA,NA,NA,"cz_human_kidney_v1.5"
"kidney_distal_convoluted_tubule_epithelial_cell","RFX3","rf",1200,127,0.942065759002459,0.943704492400357,NA,"oob_r2",-0.0622751282838335,0.0196078431372549,TRUE,0.857294661084031,0.755555555555556,"cz_human_kidney_v1.5"
"kidney_distal_convoluted_tubule_epithelial_cell","RFX3","lm",1200,127,NA,0.928282362233138,NA,"cv_r2",NA,NA,NA,NA,NA,"cz_human_kidney_v1.5"
"kidney_distal_convoluted_tubule_epithelial_cell","RFX3","ridge",1200,127,NA,0.928810158148446,NA,"cv_r2",NA,NA,NA,NA,NA,"cz_human_kidney_v1.5"
"kidney_distal_convoluted_tubule_epithelial_cell","RFX3","spearman",1200,127,NA,0.70172047439039,NA,"cv_r2",NA,NA,NA,NA,NA,"cz_human_kidney_v1.5"
"kidney_distal_convoluted_tubule_epithelial_cell","SOX18","rf",1200,127,0.942894904233405,0.941846857811893,NA,"oob_r2",-0.0573942557902293,0.0196078431372549,TRUE,0.847349159480065,1,"cz_human_kidney_v1.5"
"kidney_distal_convoluted_tubule_epithelial_cell","SOX18","lm",1200,127,NA,0.935617920692224,NA,"cv_r2",NA,NA,NA,NA,NA,"cz_human_kidney_v1.5"
"kidney_distal_convoluted_tubule_epithelial_cell","SOX18","ridge",1200,127,NA,0.935626030798717,NA,"cv_r2",NA,NA,NA,NA,NA,"cz_human_kidney_v1.5"
"kidney_distal_convoluted_tubule_epithelial_cell","SOX18","spearman",1200,127,NA,0.74469965226704,NA,"cv_r2",NA,NA,NA,NA,NA,"cz_human_kidney_v1.5"
"kidney_distal_convoluted_tubule_epithelial_cell","ZBTB7C","rf",1200,127,0.921543245463421,0.922731263851391,NA,"oob_r2",-0.0395071951491258,0.0196078431372549,TRUE,0.847766815606382,1,"cz_human_kidney_v1.5"
"kidney_distal_convoluted_tubule_epithelial_cell","ZBTB7C","lm",1200,127,NA,0.918211670490788,NA,"cv_r2",NA,NA,NA,NA,NA,"cz_human_kidney_v1.5"
"kidney_distal_convoluted_tubule_epithelial_cell","ZBTB7C","ridge",1200,127,NA,0.920714989350872,NA,"cv_r2",NA,NA,NA,NA,NA,"cz_human_kidney_v1.5"
"kidney_distal_convoluted_tubule_epithelial_cell","ZBTB7C","spearman",1200,127,NA,0.674563633379751,NA,"cv_r2",NA,NA,NA,NA,NA,"cz_human_kidney_v1.5"
"kidney_distal_convoluted_tubule_epithelial_cell","FOXO1","rf",1200,127,0.956052984154065,0.954923824178074,NA,"oob_r2",-0.0606828870859918,0.0196078431372549,TRUE,0.808394653793276,0.757671957671958,"cz_human_kidney_v1.5"
"kidney_distal_convoluted_tubule_epithelial_cell","FOXO1","lm",1200,127,NA,0.940490161167238,NA,"cv_r2",NA,NA,NA,NA,NA,"cz_human_kidney_v1.5"
"kidney_distal_convoluted_tubule_epithelial_cell","FOXO1","ridge",1200,127,NA,0.94121557759728,NA,"cv_r2",NA,NA,NA,NA,NA,"cz_human_kidney_v1.5"
"kidney_distal_convoluted_tubule_epithelial_cell","FOXO1","spearman",1200,127,NA,0.708287449219812,NA,"cv_r2",NA,NA,NA,NA,NA,"cz_human_kidney_v1.5"
"kidney_distal_convoluted_tubule_epithelial_cell","MEIS1","rf",1200,127,0.944253574412869,0.945971146440461,NA,"oob_r2",-0.0608851404975474,0.0196078431372549,TRUE,0.853085421613965,0.762962962962963,"cz_human_kidney_v1.5"
"kidney_distal_convoluted_tubule_epithelial_cell","MEIS1","lm",1200,127,NA,0.942068114002933,NA,"cv_r2",NA,NA,NA,NA,NA,"cz_human_kidney_v1.5"
"kidney_distal_convoluted_tubule_epithelial_cell","MEIS1","ridge",1200,127,NA,0.940879637225575,NA,"cv_r2",NA,NA,NA,NA,NA,"cz_human_kidney_v1.5"
"kidney_distal_convoluted_tubule_epithelial_cell","MEIS1","spearman",1200,127,NA,0.75851912307913,NA,"cv_r2",NA,NA,NA,NA,NA,"cz_human_kidney_v1.5"
"kidney_distal_convoluted_tubule_epithelial_cell","ARID5B","rf",1200,127,0.950114443875328,0.947118395159008,NA,"oob_r2",-0.0591989874622461,0.0196078431372549,TRUE,0.835289338832646,0.755555555555556,"cz_human_kidney_v1.5"
"kidney_distal_convoluted_tubule_epithelial_cell","ARID5B","lm",1200,127,NA,0.928915645845755,NA,"cv_r2",NA,NA,NA,NA,NA,"cz_human_kidney_v1.5"
"kidney_distal_convoluted_tubule_epithelial_cell","ARID5B","ridge",1200,127,NA,0.929678973199814,NA,"cv_r2",NA,NA,NA,NA,NA,"cz_human_kidney_v1.5"
"kidney_distal_convoluted_tubule_epithelial_cell","ARID5B","spearman",1200,127,NA,0.788339635022288,NA,"cv_r2",NA,NA,NA,NA,NA,"cz_human_kidney_v1.5"
"kidney_distal_convoluted_tubule_epithelial_cell","RUNX2","rf",1200,127,0.945485351110816,0.943720144901519,NA,"oob_r2",-0.051134364100106,0.0196078431372549,TRUE,0.860962822355539,0.693121693121693,"cz_human_kidney_v1.5"
"kidney_distal_convoluted_tubule_epithelial_cell","RUNX2","lm",1200,127,NA,0.934929766390793,NA,"cv_r2",NA,NA,NA,NA,NA,"cz_human_kidney_v1.5"
"kidney_distal_convoluted_tubule_epithelial_cell","RUNX2","ridge",1200,127,NA,0.934581064096084,NA,"cv_r2",NA,NA,NA,NA,NA,"cz_human_kidney_v1.5"
"kidney_distal_convoluted_tubule_epithelial_cell","RUNX2","spearman",1200,127,NA,0.742846805631172,NA,"cv_r2",NA,NA,NA,NA,NA,"cz_human_kidney_v1.5"
"kidney_distal_convoluted_tubule_epithelial_cell","PBX1","rf",1200,127,0.954874774224199,0.95691287717375,NA,"oob_r2",-0.0651816909041497,0.0196078431372549,TRUE,0.82684456109653,0.933333333333333,"cz_human_kidney_v1.5"
"kidney_distal_convoluted_tubule_epithelial_cell","PBX1","lm",1200,127,NA,0.938579132807993,NA,"cv_r2",NA,NA,NA,NA,NA,"cz_human_kidney_v1.5"
"kidney_distal_convoluted_tubule_epithelial_cell","PBX1","ridge",1200,127,NA,0.938647674480465,NA,"cv_r2",NA,NA,NA,NA,NA,"cz_human_kidney_v1.5"
"kidney_distal_convoluted_tubule_epithelial_cell","PBX1","spearman",1200,127,NA,0.739555757924476,NA,"cv_r2",NA,NA,NA,NA,NA,"cz_human_kidney_v1.5"
"kidney_distal_convoluted_tubule_epithelial_cell","BCL11B","rf",1200,127,0.947174569019044,0.946970879532972,NA,"oob_r2",-0.0593213016985255,0.0196078431372549,TRUE,0.863031574178228,0.881481481481481,"cz_human_kidney_v1.5"
"kidney_distal_convoluted_tubule_epithelial_cell","BCL11B","lm",1200,127,NA,0.932092591330023,NA,"cv_r2",NA,NA,NA,NA,NA,"cz_human_kidney_v1.5"
"kidney_distal_convoluted_tubule_epithelial_cell","BCL11B","ridge",1200,127,NA,0.932640529981099,NA,"cv_r2",NA,NA,NA,NA,NA,"cz_human_kidney_v1.5"
"kidney_distal_convoluted_tubule_epithelial_cell","BCL11B","spearman",1200,127,NA,0.72342599440826,NA,"cv_r2",NA,NA,NA,NA,NA,"cz_human_kidney_v1.5"
"kidney_distal_convoluted_tubule_epithelial_cell","HIF1A","rf",1200,127,0.949376904707521,0.948209654614947,NA,"oob_r2",-0.06046590946868,0.0196078431372549,TRUE,0.84174712535933,1,"cz_human_kidney_v1.5"
"kidney_distal_convoluted_tubule_epithelial_cell","HIF1A","lm",1200,127,NA,0.941716938141272,NA,"cv_r2",NA,NA,NA,NA,NA,"cz_human_kidney_v1.5"
"kidney_distal_convoluted_tubule_epithelial_cell","HIF1A","ridge",1200,127,NA,0.941591589905627,NA,"cv_r2",NA,NA,NA,NA,NA,"cz_human_kidney_v1.5"
"kidney_distal_convoluted_tubule_epithelial_cell","HIF1A","spearman",1200,127,NA,0.726348766371409,NA,"cv_r2",NA,NA,NA,NA,NA,"cz_human_kidney_v1.5"
"kidney_distal_convoluted_tubule_epithelial_cell","LEF1","rf",1200,127,0.948816257002711,0.946842787024727,NA,"oob_r2",-0.0586485495641546,0.0196078431372549,TRUE,0.842171681664792,0.8,"cz_human_kidney_v1.5"
"kidney_distal_convoluted_tubule_epithelial_cell","LEF1","lm",1200,127,NA,0.934723808721313,NA,"cv_r2",NA,NA,NA,NA,NA,"cz_human_kidney_v1.5"
"kidney_distal_convoluted_tubule_epithelial_cell","LEF1","ridge",1200,127,NA,0.93558915917202,NA,"cv_r2",NA,NA,NA,NA,NA,"cz_human_kidney_v1.5"
"kidney_distal_convoluted_tubule_epithelial_cell","LEF1","spearman",1200,127,NA,0.742063450074074,NA,"cv_r2",NA,NA,NA,NA,NA,"cz_human_kidney_v1.5"
"kidney_distal_convoluted_tubule_epithelial_cell","NR6A1","rf",1200,127,0.943966517666533,0.94474262699559,NA,"oob_r2",-0.0616506885790625,0.0196078431372549,TRUE,0.798446548348123,0.82962962962963,"cz_human_kidney_v1.5"
"kidney_distal_convoluted_tubule_epithelial_cell","NR6A1","lm",1200,127,NA,0.935092900185048,NA,"cv_r2",NA,NA,NA,NA,NA,"cz_human_kidney_v1.5"
"kidney_distal_convoluted_tubule_epithelial_cell","NR6A1","ridge",1200,127,NA,0.933857896450453,NA,"cv_r2",NA,NA,NA,NA,NA,"cz_human_kidney_v1.5"
"kidney_distal_convoluted_tubule_epithelial_cell","NR6A1","spearman",1200,127,NA,0.764816764544759,NA,"cv_r2",NA,NA,NA,NA,NA,"cz_human_kidney_v1.5"
"kidney_distal_convoluted_tubule_epithelial_cell","POU6F2","rf",1200,127,0.951989721149903,0.949826854887103,NA,"oob_r2",-0.0665410470208592,0.0196078431372549,TRUE,0.836058253135025,0.933333333333333,"cz_human_kidney_v1.5"
"kidney_distal_convoluted_tubule_epithelial_cell","POU6F2","lm",1200,127,NA,0.933561505803695,NA,"cv_r2",NA,NA,NA,NA,NA,"cz_human_kidney_v1.5"
"kidney_distal_convoluted_tubule_epithelial_cell","POU6F2","ridge",1200,127,NA,0.933135281789178,NA,"cv_r2",NA,NA,NA,NA,NA,"cz_human_kidney_v1.5"
"kidney_distal_convoluted_tubule_epithelial_cell","POU6F2","spearman",1200,127,NA,0.728936549930387,NA,"cv_r2",NA,NA,NA,NA,NA,"cz_human_kidney_v1.5"
"kidney_distal_convoluted_tubule_epithelial_cell","POU3F1","rf",1200,127,0.946946668039336,0.945734177065751,NA,"oob_r2",-0.0537907333386459,0.0196078431372549,TRUE,0.841228700579094,0.711111111111111,"cz_human_kidney_v1.5"
"kidney_distal_convoluted_tubule_epithelial_cell","POU3F1","lm",1200,127,NA,0.93395917634775,NA,"cv_r2",NA,NA,NA,NA,NA,"cz_human_kidney_v1.5"
"kidney_distal_convoluted_tubule_epithelial_cell","POU3F1","ridge",1200,127,NA,0.933453226673873,NA,"cv_r2",NA,NA,NA,NA,NA,"cz_human_kidney_v1.5"
"kidney_distal_convoluted_tubule_epithelial_cell","POU3F1","spearman",1200,127,NA,0.740934825406152,NA,"cv_r2",NA,NA,NA,NA,NA,"cz_human_kidney_v1.5"
"kidney_distal_convoluted_tubule_epithelial_cell","CREB5","rf",1200,127,0.92574549295727,0.927354756257977,NA,"oob_r2",-0.049958313205059,0.0196078431372549,TRUE,0.869130291005291,0.844444444444444,"cz_human_kidney_v1.5"
"kidney_distal_convoluted_tubule_epithelial_cell","CREB5","lm",1200,127,NA,0.914725852372139,NA,"cv_r2",NA,NA,NA,NA,NA,"cz_human_kidney_v1.5"
"kidney_distal_convoluted_tubule_epithelial_cell","CREB5","ridge",1200,127,NA,0.915272134589387,NA,"cv_r2",NA,NA,NA,NA,NA,"cz_human_kidney_v1.5"
"kidney_distal_convoluted_tubule_epithelial_cell","CREB5","spearman",1200,127,NA,0.710337614929171,NA,"cv_r2",NA,NA,NA,NA,NA,"cz_human_kidney_v1.5"
"kidney_distal_convoluted_tubule_epithelial_cell","TEAD1","rf",1200,127,0.944315972221432,0.943004155682924,NA,"oob_r2",-0.0609288026984945,0.0196078431372549,TRUE,0.823969529850435,0.740740740740741,"cz_human_kidney_v1.5"
"kidney_distal_convoluted_tubule_epithelial_cell","TEAD1","lm",1200,127,NA,0.929589605435789,NA,"cv_r2",NA,NA,NA,NA,NA,"cz_human_kidney_v1.5"
"kidney_distal_convoluted_tubule_epithelial_cell","TEAD1","ridge",1200,127,NA,0.92857761939398,NA,"cv_r2",NA,NA,NA,NA,NA,"cz_human_kidney_v1.5"
"kidney_distal_convoluted_tubule_epithelial_cell","TEAD1","spearman",1200,127,NA,0.742753761496871,NA,"cv_r2",NA,NA,NA,NA,NA,"cz_human_kidney_v1.5"
"kidney_distal_convoluted_tubule_epithelial_cell","LHX4","rf",1200,127,0.946569937808578,0.947152372358435,NA,"oob_r2",-0.0587300342443558,0.0196078431372549,TRUE,0.828969686080906,0.718518518518518,"cz_human_kidney_v1.5"
"kidney_distal_convoluted_tubule_epithelial_cell","LHX4","lm",1200,127,NA,0.934789411934109,NA,"cv_r2",NA,NA,NA,NA,NA,"cz_human_kidney_v1.5"
"kidney_distal_convoluted_tubule_epithelial_cell","LHX4","ridge",1200,127,NA,0.934162557973706,NA,"cv_r2",NA,NA,NA,NA,NA,"cz_human_kidney_v1.5"
"kidney_distal_convoluted_tubule_epithelial_cell","LHX4","spearman",1200,127,NA,0.755271170513517,NA,"cv_r2",NA,NA,NA,NA,NA,"cz_human_kidney_v1.5"
"kidney_distal_convoluted_tubule_epithelial_cell","ESRRB","rf",1200,127,0.933556951122267,0.934005844129298,NA,"oob_r2",-0.0515819615092852,0.0196078431372549,TRUE,0.85349969274674,0.933333333333333,"cz_human_kidney_v1.5"
"kidney_distal_convoluted_tubule_epithelial_cell","ESRRB","lm",1200,127,NA,0.931477195881132,NA,"cv_r2",NA,NA,NA,NA,NA,"cz_human_kidney_v1.5"
"kidney_distal_convoluted_tubule_epithelial_cell","ESRRB","ridge",1200,127,NA,0.931489108346004,NA,"cv_r2",NA,NA,NA,NA,NA,"cz_human_kidney_v1.5"
"kidney_distal_convoluted_tubule_epithelial_cell","ESRRB","spearman",1200,127,NA,0.741173267620811,NA,"cv_r2",NA,NA,NA,NA,NA,"cz_human_kidney_v1.5"
"kidney_distal_convoluted_tubule_epithelial_cell","DDIT3","rf",1200,127,0.934098910201071,0.93342744254946,NA,"oob_r2",-0.0559456411548721,0.0196078431372549,TRUE,0.854739772111819,0.82962962962963,"cz_human_kidney_v1.5"
"kidney_distal_convoluted_tubule_epithelial_cell","DDIT3","lm",1200,127,NA,0.926386845584306,NA,"cv_r2",NA,NA,NA,NA,NA,"cz_human_kidney_v1.5"
"kidney_distal_convoluted_tubule_epithelial_cell","DDIT3","ridge",1200,127,NA,0.926729937255043,NA,"cv_r2",NA,NA,NA,NA,NA,"cz_human_kidney_v1.5"
"kidney_distal_convoluted_tubule_epithelial_cell","DDIT3","spearman",1200,127,NA,0.736827482336495,NA,"cv_r2",NA,NA,NA,NA,NA,"cz_human_kidney_v1.5"
"kidney_distal_convoluted_tubule_epithelial_cell","EMX2","rf",1200,127,0.938882978072765,0.940535246867656,NA,"oob_r2",-0.0618672956416339,0.0196078431372549,TRUE,0.8315473586635,0.703703703703704,"cz_human_kidney_v1.5"
"kidney_distal_convoluted_tubule_epithelial_cell","EMX2","lm",1200,127,NA,0.925579031657014,NA,"cv_r2",NA,NA,NA,NA,NA,"cz_human_kidney_v1.5"
"kidney_distal_convoluted_tubule_epithelial_cell","EMX2","ridge",1200,127,NA,0.926496213703649,NA,"cv_r2",NA,NA,NA,NA,NA,"cz_human_kidney_v1.5"
"kidney_distal_convoluted_tubule_epithelial_cell","EMX2","spearman",1200,127,NA,0.751345249621831,NA,"cv_r2",NA,NA,NA,NA,NA,"cz_human_kidney_v1.5"
"kidney_distal_convoluted_tubule_epithelial_cell","HMGA1","rf",1200,127,0.939928306009777,0.938238040198132,NA,"oob_r2",-0.054747617747152,0.0196078431372549,TRUE,0.825672311794359,0.933333333333333,"cz_human_kidney_v1.5"
"kidney_distal_convoluted_tubule_epithelial_cell","HMGA1","lm",1200,127,NA,0.91927419308416,NA,"cv_r2",NA,NA,NA,NA,NA,"cz_human_kidney_v1.5"
"kidney_distal_convoluted_tubule_epithelial_cell","HMGA1","ridge",1200,127,NA,0.919790067630459,NA,"cv_r2",NA,NA,NA,NA,NA,"cz_human_kidney_v1.5"
"kidney_distal_convoluted_tubule_epithelial_cell","HMGA1","spearman",1200,127,NA,0.781768483762652,NA,"cv_r2",NA,NA,NA,NA,NA,"cz_human_kidney_v1.5"
"kidney_distal_convoluted_tubule_epithelial_cell","SOX17","rf",1200,127,0.929672724759244,0.927799535089191,NA,"oob_r2",-0.0475105295748601,0.0196078431372549,TRUE,0.832191028204808,0.881481481481481,"cz_human_kidney_v1.5"
"kidney_distal_convoluted_tubule_epithelial_cell","SOX17","lm",1200,127,NA,0.91732550790349,NA,"cv_r2",NA,NA,NA,NA,NA,"cz_human_kidney_v1.5"
"kidney_distal_convoluted_tubule_epithelial_cell","SOX17","ridge",1200,127,NA,0.918665771402217,NA,"cv_r2",NA,NA,NA,NA,NA,"cz_human_kidney_v1.5"
"kidney_distal_convoluted_tubule_epithelial_cell","SOX17","spearman",1200,127,NA,0.681973491944964,NA,"cv_r2",NA,NA,NA,NA,NA,"cz_human_kidney_v1.5"
"kidney_distal_convoluted_tubule_epithelial_cell","NFIB","rf",1200,127,0.934395150807264,0.933759849893549,NA,"oob_r2",-0.0622400716223283,0.0196078431372549,TRUE,0.840466816647919,0.933333333333333,"cz_human_kidney_v1.5"
"kidney_distal_convoluted_tubule_epithelial_cell","NFIB","lm",1200,127,NA,0.923509427902116,NA,"cv_r2",NA,NA,NA,NA,NA,"cz_human_kidney_v1.5"
"kidney_distal_convoluted_tubule_epithelial_cell","NFIB","ridge",1200,127,NA,0.923281719872298,NA,"cv_r2",NA,NA,NA,NA,NA,"cz_human_kidney_v1.5"
"kidney_distal_convoluted_tubule_epithelial_cell","NFIB","spearman",1200,127,NA,0.676596850928691,NA,"cv_r2",NA,NA,NA,NA,NA,"cz_human_kidney_v1.5"
"kidney_distal_convoluted_tubule_epithelial_cell","HNF1A","rf",1200,127,0.939890348867047,0.938288435043636,NA,"oob_r2",-0.0565626596855212,0.0196078431372549,TRUE,0.853221732700079,0.933333333333333,"cz_human_kidney_v1.5"
"kidney_distal_convoluted_tubule_epithelial_cell","HNF1A","lm",1200,127,NA,0.927476849768986,NA,"cv_r2",NA,NA,NA,NA,NA,"cz_human_kidney_v1.5"
"kidney_distal_convoluted_tubule_epithelial_cell","HNF1A","ridge",1200,127,NA,0.927090152131446,NA,"cv_r2",NA,NA,NA,NA,NA,"cz_human_kidney_v1.5"
"kidney_distal_convoluted_tubule_epithelial_cell","HNF1A","spearman",1200,127,NA,0.693120057217905,NA,"cv_r2",NA,NA,NA,NA,NA,"cz_human_kidney_v1.5"
"kidney_distal_convoluted_tubule_epithelial_cell","HOXA6","rf",1200,127,0.921991546987686,0.92149507713728,NA,"oob_r2",-0.0497889136934014,0.0196078431372549,TRUE,0.865939283631213,0.785185185185185,"cz_human_kidney_v1.5"
"kidney_distal_convoluted_tubule_epithelial_cell","HOXA6","lm",1200,127,NA,0.915787256642773,NA,"cv_r2",NA,NA,NA,NA,NA,"cz_human_kidney_v1.5"
"kidney_distal_convoluted_tubule_epithelial_cell","HOXA6","ridge",1200,127,NA,0.916231874927001,NA,"cv_r2",NA,NA,NA,NA,NA,"cz_human_kidney_v1.5"
"kidney_distal_convoluted_tubule_epithelial_cell","HOXA6","spearman",1200,127,NA,0.708360534140606,NA,"cv_r2",NA,NA,NA,NA,NA,"cz_human_kidney_v1.5"
"kidney_distal_convoluted_tubule_epithelial_cell","IKZF3","rf",1200,127,0.918004908620673,0.918982574723829,NA,"oob_r2",-0.0344546587673249,0.0196078431372549,TRUE,0.861770403699538,0.881481481481481,"cz_human_kidney_v1.5"
"kidney_distal_convoluted_tubule_epithelial_cell","IKZF3","lm",1200,127,NA,0.910051918275215,NA,"cv_r2",NA,NA,NA,NA,NA,"cz_human_kidney_v1.5"
"kidney_distal_convoluted_tubule_epithelial_cell","IKZF3","ridge",1200,127,NA,0.912581305557699,NA,"cv_r2",NA,NA,NA,NA,NA,"cz_human_kidney_v1.5"
"kidney_distal_convoluted_tubule_epithelial_cell","IKZF3","spearman",1200,127,NA,0.664633823389706,NA,"cv_r2",NA,NA,NA,NA,NA,"cz_human_kidney_v1.5"
"kidney_distal_convoluted_tubule_epithelial_cell","LMO2","rf",1200,127,0.920916046265887,0.921445155021515,NA,"oob_r2",-0.0484417386232071,0.0196078431372549,TRUE,0.85626926842478,0.881481481481481,"cz_human_kidney_v1.5"
"kidney_distal_convoluted_tubule_epithelial_cell","LMO2","lm",1200,127,NA,0.920165574495231,NA,"cv_r2",NA,NA,NA,NA,NA,"cz_human_kidney_v1.5"
"kidney_distal_convoluted_tubule_epithelial_cell","LMO2","ridge",1200,127,NA,0.921927849007738,NA,"cv_r2",NA,NA,NA,NA,NA,"cz_human_kidney_v1.5"
"kidney_distal_convoluted_tubule_epithelial_cell","LMO2","spearman",1200,127,NA,0.686627654277758,NA,"cv_r2",NA,NA,NA,NA,NA,"cz_human_kidney_v1.5"
"kidney_distal_convoluted_tubule_epithelial_cell","CEBPD","rf",1200,127,0.943307951794021,0.941355418887089,NA,"oob_r2",-0.0554425119926709,0.0196078431372549,TRUE,0.836718066491688,0.933333333333333,"cz_human_kidney_v1.5"
"kidney_distal_convoluted_tubule_epithelial_cell","CEBPD","lm",1200,127,NA,0.925586737794651,NA,"cv_r2",NA,NA,NA,NA,NA,"cz_human_kidney_v1.5"
"kidney_distal_convoluted_tubule_epithelial_cell","CEBPD","ridge",1200,127,NA,0.926503760630093,NA,"cv_r2",NA,NA,NA,NA,NA,"cz_human_kidney_v1.5"
"kidney_distal_convoluted_tubule_epithelial_cell","CEBPD","spearman",1200,127,NA,0.721084126456865,NA,"cv_r2",NA,NA,NA,NA,NA,"cz_human_kidney_v1.5"
"kidney_distal_convoluted_tubule_epithelial_cell","LHX6","rf",1200,127,0.924706397356598,0.925125954186933,NA,"oob_r2",-0.0618829666183965,0.0196078431372549,TRUE,0.849687669249677,0.792592592592593,"cz_human_kidney_v1.5"
"kidney_distal_convoluted_tubule_epithelial_cell","LHX6","lm",1200,127,NA,0.90686990007314,NA,"cv_r2",NA,NA,NA,NA,NA,"cz_human_kidney_v1.5"
"kidney_distal_convoluted_tubule_epithelial_cell","LHX6","ridge",1200,127,NA,0.907664587155886,NA,"cv_r2",NA,NA,NA,NA,NA,"cz_human_kidney_v1.5"
"kidney_distal_convoluted_tubule_epithelial_cell","LHX6","spearman",1200,127,NA,0.653344298848656,NA,"cv_r2",NA,NA,NA,NA,NA,"cz_human_kidney_v1.5"
"kidney_distal_convoluted_tubule_epithelial_cell","PHF21A","rf",1200,127,0.926379861163954,0.925773976390116,NA,"oob_r2",-0.0584075615850225,0.0196078431372549,TRUE,0.820396278590176,0.733333333333333,"cz_human_kidney_v1.5"
"kidney_distal_convoluted_tubule_epithelial_cell","PHF21A","lm",1200,127,NA,0.90084977954215,NA,"cv_r2",NA,NA,NA,NA,NA,"cz_human_kidney_v1.5"
"kidney_distal_convoluted_tubule_epithelial_cell","PHF21A","ridge",1200,127,NA,0.902945832699169,NA,"cv_r2",NA,NA,NA,NA,NA,"cz_human_kidney_v1.5"
"kidney_distal_convoluted_tubule_epithelial_cell","PHF21A","spearman",1200,127,NA,0.733317680965164,NA,"cv_r2",NA,NA,NA,NA,NA,"cz_human_kidney_v1.5"
"kidney_distal_convoluted_tubule_epithelial_cell","NFIA","rf",1200,127,0.903191222695224,0.899959398692175,NA,"oob_r2",-0.0409633344515489,0.0196078431372549,TRUE,0.864152137232846,1,"cz_human_kidney_v1.5"
"kidney_distal_convoluted_tubule_epithelial_cell","NFIA","lm",1200,127,NA,0.890832453287418,NA,"cv_r2",NA,NA,NA,NA,NA,"cz_human_kidney_v1.5"
"kidney_distal_convoluted_tubule_epithelial_cell","NFIA","ridge",1200,127,NA,0.893274329366999,NA,"cv_r2",NA,NA,NA,NA,NA,"cz_human_kidney_v1.5"
"kidney_distal_convoluted_tubule_epithelial_cell","NFIA","spearman",1200,127,NA,0.556063274186076,NA,"cv_r2",NA,NA,NA,NA,NA,"cz_human_kidney_v1.5"
"kidney_distal_convoluted_tubule_epithelial_cell","FOXI2","rf",1200,127,0.858397673447504,0.860326796935882,NA,"oob_r2",-0.0520210933114202,0.0196078431372549,TRUE,0.859900064575261,1,"cz_human_kidney_v1.5"
"kidney_distal_convoluted_tubule_epithelial_cell","FOXI2","lm",1200,127,NA,0.832810188737144,NA,"cv_r2",NA,NA,NA,NA,NA,"cz_human_kidney_v1.5"
"kidney_distal_convoluted_tubule_epithelial_cell","FOXI2","ridge",1200,127,NA,0.835929238454495,NA,"cv_r2",NA,NA,NA,NA,NA,"cz_human_kidney_v1.5"
"kidney_distal_convoluted_tubule_epithelial_cell","FOXI2","spearman",1200,127,NA,0.570361469110178,NA,"cv_r2",NA,NA,NA,NA,NA,"cz_human_kidney_v1.5"
"kidney_distal_convoluted_tubule_epithelial_cell","FOXD4","rf",1200,127,0.881647743416939,0.879770061743912,NA,"oob_r2",-0.0478445459558566,0.0196078431372549,TRUE,0.86892198371037,0.874074074074074,"cz_human_kidney_v1.5"
"kidney_distal_convoluted_tubule_epithelial_cell","FOXD4","lm",1200,127,NA,0.860787774474187,NA,"cv_r2",NA,NA,NA,NA,NA,"cz_human_kidney_v1.5"
"kidney_distal_convoluted_tubule_epithelial_cell","FOXD4","ridge",1200,127,NA,0.863145746346223,NA,"cv_r2",NA,NA,NA,NA,NA,"cz_human_kidney_v1.5"
"kidney_distal_convoluted_tubule_epithelial_cell","FOXD4","spearman",1200,127,NA,0.585184001520243,NA,"cv_r2",NA,NA,NA,NA,NA,"cz_human_kidney_v1.5"
"kidney_distal_convoluted_tubule_epithelial_cell","NR4A3","rf",1200,127,0.867516951362927,0.86602517557043,NA,"oob_r2",-0.0422736648204395,0.0196078431372549,TRUE,0.860274627129942,1,"cz_human_kidney_v1.5"
"kidney_distal_convoluted_tubule_epithelial_cell","NR4A3","lm",1200,127,NA,0.849925047025609,NA,"cv_r2",NA,NA,NA,NA,NA,"cz_human_kidney_v1.5"
"kidney_distal_convoluted_tubule_epithelial_cell","NR4A3","ridge",1200,127,NA,0.853358146353184,NA,"cv_r2",NA,NA,NA,NA,NA,"cz_human_kidney_v1.5"
"kidney_distal_convoluted_tubule_epithelial_cell","NR4A3","spearman",1200,127,NA,0.578692383715639,NA,"cv_r2",NA,NA,NA,NA,NA,"cz_human_kidney_v1.5"
"kidney_distal_convoluted_tubule_epithelial_cell","JUND","rf",1200,127,0.848848131669148,0.850445741461596,NA,"oob_r2",-0.0408274094709664,0.0196078431372549,TRUE,0.861640992792568,0.785185185185185,"cz_human_kidney_v1.5"
"kidney_distal_convoluted_tubule_epithelial_cell","JUND","lm",1200,127,NA,0.826304534415649,NA,"cv_r2",NA,NA,NA,NA,NA,"cz_human_kidney_v1.5"
"kidney_distal_convoluted_tubule_epithelial_cell","JUND","ridge",1200,127,NA,0.831175965074371,NA,"cv_r2",NA,NA,NA,NA,NA,"cz_human_kidney_v1.5"
"kidney_distal_convoluted_tubule_epithelial_cell","JUND","spearman",1200,127,NA,0.526786303527712,NA,"cv_r2",NA,NA,NA,NA,NA,"cz_human_kidney_v1.5"
"kidney_distal_convoluted_tubule_epithelial_cell","JUN","rf",1200,127,0.877716532462042,0.874870009319995,NA,"oob_r2",-0.0463407360719482,0.0196078431372549,TRUE,0.868971456692913,0.822222222222222,"cz_human_kidney_v1.5"
"kidney_distal_convoluted_tubule_epithelial_cell","JUN","lm",1200,127,NA,0.863738142541257,NA,"cv_r2",NA,NA,NA,NA,NA,"cz_human_kidney_v1.5"
"kidney_distal_convoluted_tubule_epithelial_cell","JUN","ridge",1200,127,NA,0.866792138843936,NA,"cv_r2",NA,NA,NA,NA,NA,"cz_human_kidney_v1.5"
"kidney_distal_convoluted_tubule_epithelial_cell","JUN","spearman",1200,127,NA,0.549260398549315,NA,"cv_r2",NA,NA,NA,NA,NA,"cz_human_kidney_v1.5"
"kidney_distal_convoluted_tubule_epithelial_cell","ELF5","rf",1200,127,0.863037990442607,0.862853664405952,NA,"oob_r2",-0.036330379477952,0.0196078431372549,TRUE,0.874583255218098,0.868783068783069,"cz_human_kidney_v1.5"
"kidney_distal_convoluted_tubule_epithelial_cell","ELF5","lm",1200,127,NA,0.837465192052205,NA,"cv_r2",NA,NA,NA,NA,NA,"cz_human_kidney_v1.5"
"kidney_distal_convoluted_tubule_epithelial_cell","ELF5","ridge",1200,127,NA,0.843966054544802,NA,"cv_r2",NA,NA,NA,NA,NA,"cz_human_kidney_v1.5"
"kidney_distal_convoluted_tubule_epithelial_cell","ELF5","spearman",1200,127,NA,0.602156987974608,NA,"cv_r2",NA,NA,NA,NA,NA,"cz_human_kidney_v1.5"
"kidney_distal_convoluted_tubule_epithelial_cell","ITGB2","rf",1200,127,0.908048120792294,0.904672939259282,NA,"oob_r2",-0.0362981652332188,0.0196078431372549,TRUE,0.835616381285673,0.933333333333333,"cz_human_kidney_v1.5"
"kidney_distal_convoluted_tubule_epithelial_cell","ITGB2","lm",1200,127,NA,0.89030130841906,NA,"cv_r2",NA,NA,NA,NA,NA,"cz_human_kidney_v1.5"
"kidney_distal_convoluted_tubule_epithelial_cell","ITGB2","ridge",1200,127,NA,0.893075499480331,NA,"cv_r2",NA,NA,NA,NA,NA,"cz_human_kidney_v1.5"
"kidney_distal_convoluted_tubule_epithelial_cell","ITGB2","spearman",1200,127,NA,0.596475997649553,NA,"cv_r2",NA,NA,NA,NA,NA,"cz_human_kidney_v1.5"
"kidney_distal_convoluted_tubule_epithelial_cell","HES2","rf",1200,127,0.850388305611587,0.853139655222154,NA,"oob_r2",-0.0446457158613532,0.0196078431372549,TRUE,0.85083427071616,1,"cz_human_kidney_v1.5"
"kidney_distal_convoluted_tubule_epithelial_cell","HES2","lm",1200,127,NA,0.834173480249943,NA,"cv_r2",NA,NA,NA,NA,NA,"cz_human_kidney_v1.5"
"kidney_distal_convoluted_tubule_epithelial_cell","HES2","ridge",1200,127,NA,0.838301529656975,NA,"cv_r2",NA,NA,NA,NA,NA,"cz_human_kidney_v1.5"
"kidney_distal_convoluted_tubule_epithelial_cell","HES2","spearman",1200,127,NA,0.603947612928359,NA,"cv_r2",NA,NA,NA,NA,NA,"cz_human_kidney_v1.5"
"kidney_distal_convoluted_tubule_epithelial_cell","EGR1","rf",1200,127,0.856831723783628,0.858281466378043,NA,"oob_r2",-0.0443957915126716,0.0196078431372549,TRUE,0.878638477481981,0.712169312169312,"cz_human_kidney_v1.5"
"kidney_distal_convoluted_tubule_epithelial_cell","EGR1","lm",1200,127,NA,0.840381389309817,NA,"cv_r2",NA,NA,NA,NA,NA,"cz_human_kidney_v1.5"
"kidney_distal_convoluted_tubule_epithelial_cell","EGR1","ridge",1200,127,NA,0.843901808904917,NA,"cv_r2",NA,NA,NA,NA,NA,"cz_human_kidney_v1.5"
"kidney_distal_convoluted_tubule_epithelial_cell","EGR1","spearman",1200,127,NA,0.536263800126318,NA,"cv_r2",NA,NA,NA,NA,NA,"cz_human_kidney_v1.5"
"kidney_distal_convoluted_tubule_epithelial_cell","ZEB1","rf",1200,127,0.885033215217491,0.891978107994795,NA,"oob_r2",-0.0485740828834975,0.0196078431372549,TRUE,0.866620839061784,1,"cz_human_kidney_v1.5"
"kidney_distal_convoluted_tubule_epithelial_cell","ZEB1","lm",1200,127,NA,0.872998898513798,NA,"cv_r2",NA,NA,NA,NA,NA,"cz_human_kidney_v1.5"
"kidney_distal_convoluted_tubule_epithelial_cell","ZEB1","ridge",1200,127,NA,0.876793948927207,NA,"cv_r2",NA,NA,NA,NA,NA,"cz_human_kidney_v1.5"
"kidney_distal_convoluted_tubule_epithelial_cell","ZEB1","spearman",1200,127,NA,0.467261822104768,NA,"cv_r2",NA,NA,NA,NA,NA,"cz_human_kidney_v1.5"
"kidney_distal_convoluted_tubule_epithelial_cell","ID3","rf",1200,127,0.857509129186353,0.860930687337415,NA,"oob_r2",-0.0446543044714019,0.0196078431372549,TRUE,0.865800368703912,1,"cz_human_kidney_v1.5"
"kidney_distal_convoluted_tubule_epithelial_cell","ID3","lm",1200,127,NA,0.840020593914015,NA,"cv_r2",NA,NA,NA,NA,NA,"cz_human_kidney_v1.5"
"kidney_distal_convoluted_tubule_epithelial_cell","ID3","ridge",1200,127,NA,0.844837901802687,NA,"cv_r2",NA,NA,NA,NA,NA,"cz_human_kidney_v1.5"
"kidney_distal_convoluted_tubule_epithelial_cell","ID3","spearman",1200,127,NA,0.588578461053379,NA,"cv_r2",NA,NA,NA,NA,NA,"cz_human_kidney_v1.5"
"kidney_distal_convoluted_tubule_epithelial_cell","E2F7","rf",1200,127,0.839963685857305,0.84222536655161,NA,"oob_r2",-0.0371654284701449,0.0196078431372549,TRUE,0.858727424696913,0.881481481481481,"cz_human_kidney_v1.5"
"kidney_distal_convoluted_tubule_epithelial_cell","E2F7","lm",1200,127,NA,0.819920217733313,NA,"cv_r2",NA,NA,NA,NA,NA,"cz_human_kidney_v1.5"
"kidney_distal_convoluted_tubule_epithelial_cell","E2F7","ridge",1200,127,NA,0.823511522156466,NA,"cv_r2",NA,NA,NA,NA,NA,"cz_human_kidney_v1.5"
"kidney_distal_convoluted_tubule_epithelial_cell","E2F7","spearman",1200,127,NA,0.562417174071474,NA,"cv_r2",NA,NA,NA,NA,NA,"cz_human_kidney_v1.5"
"kidney_distal_convoluted_tubule_epithelial_cell","ERG","rf",1200,127,0.855069979108831,0.852464672206289,NA,"oob_r2",-0.0451934546298172,0.0196078431372549,TRUE,0.87042635295588,0.933333333333333,"cz_human_kidney_v1.5"
"kidney_distal_convoluted_tubule_epithelial_cell","ERG","lm",1200,127,NA,0.824389219691378,NA,"cv_r2",NA,NA,NA,NA,NA,"cz_human_kidney_v1.5"
"kidney_distal_convoluted_tubule_epithelial_cell","ERG","ridge",1200,127,NA,0.832262510723483,NA,"cv_r2",NA,NA,NA,NA,NA,"cz_human_kidney_v1.5"
"kidney_distal_convoluted_tubule_epithelial_cell","ERG","spearman",1200,127,NA,0.554154941033082,NA,"cv_r2",NA,NA,NA,NA,NA,"cz_human_kidney_v1.5"
"kidney_distal_convoluted_tubule_epithelial_cell","FOS","rf",1200,127,0.862064827312395,0.863554404660914,NA,"oob_r2",-0.0388884519208356,0.0196078431372549,TRUE,0.865506785610132,0.740740740740741,"cz_human_kidney_v1.5"
"kidney_distal_convoluted_tubule_epithelial_cell","FOS","lm",1200,127,NA,0.840621547384367,NA,"cv_r2",NA,NA,NA,NA,NA,"cz_human_kidney_v1.5"
"kidney_distal_convoluted_tubule_epithelial_cell","FOS","ridge",1200,127,NA,0.844998050609136,NA,"cv_r2",NA,NA,NA,NA,NA,"cz_human_kidney_v1.5"
"kidney_distal_convoluted_tubule_epithelial_cell","FOS","spearman",1200,127,NA,0.481733046137894,NA,"cv_r2",NA,NA,NA,NA,NA,"cz_human_kidney_v1.5"
"kidney_distal_convoluted_tubule_epithelial_cell","ATF3","rf",1200,127,0.878159954897395,0.878869027651263,NA,"oob_r2",-0.0412371247409959,0.0196078431372549,TRUE,0.827759030121235,0.755555555555556,"cz_human_kidney_v1.5"
"kidney_distal_convoluted_tubule_epithelial_cell","ATF3","lm",1200,127,NA,0.852576719697052,NA,"cv_r2",NA,NA,NA,NA,NA,"cz_human_kidney_v1.5"
"kidney_distal_convoluted_tubule_epithelial_cell","ATF3","ridge",1200,127,NA,0.858999840155993,NA,"cv_r2",NA,NA,NA,NA,NA,"cz_human_kidney_v1.5"
"kidney_distal_convoluted_tubule_epithelial_cell","ATF3","spearman",1200,127,NA,0.548547572316426,NA,"cv_r2",NA,NA,NA,NA,NA,"cz_human_kidney_v1.5"
"kidney_distal_convoluted_tubule_epithelial_cell","KLF2","rf",1200,127,0.857743264004696,0.861881983147261,NA,"oob_r2",-0.0435503640285337,0.0196078431372549,TRUE,0.85343602882973,0.8,"cz_human_kidney_v1.5"
"kidney_distal_convoluted_tubule_epithelial_cell","KLF2","lm",1200,127,NA,0.83832687636201,NA,"cv_r2",NA,NA,NA,NA,NA,"cz_human_kidney_v1.5"
"kidney_distal_convoluted_tubule_epithelial_cell","KLF2","ridge",1200,127,NA,0.842628092306166,NA,"cv_r2",NA,NA,NA,NA,NA,"cz_human_kidney_v1.5"
"kidney_distal_convoluted_tubule_epithelial_cell","KLF2","spearman",1200,127,NA,0.599151185019839,NA,"cv_r2",NA,NA,NA,NA,NA,"cz_human_kidney_v1.5"
"kidney_distal_convoluted_tubule_epithelial_cell","ID1","rf",1200,127,0.877355931426164,0.881599916886696,NA,"oob_r2",-0.0361991275245986,0.0196078431372549,TRUE,0.858494120526601,0.874074074074074,"cz_human_kidney_v1.5"
"kidney_distal_convoluted_tubule_epithelial_cell","ID1","lm",1200,127,NA,0.861449648746551,NA,"cv_r2",NA,NA,NA,NA,NA,"cz_human_kidney_v1.5"
"kidney_distal_convoluted_tubule_epithelial_cell","ID1","ridge",1200,127,NA,0.864868989111982,NA,"cv_r2",NA,NA,NA,NA,NA,"cz_human_kidney_v1.5"
"kidney_distal_convoluted_tubule_epithelial_cell","ID1","spearman",1200,127,NA,0.518124656314173,NA,"cv_r2",NA,NA,NA,NA,NA,"cz_human_kidney_v1.5"
"kidney_distal_convoluted_tubule_epithelial_cell","BHLHE40","rf",1200,127,0.849876579374411,0.854823898341918,NA,"oob_r2",-0.0424459766777781,0.0196078431372549,TRUE,0.865700120818231,0.881481481481481,"cz_human_kidney_v1.5"
"kidney_distal_convoluted_tubule_epithelial_cell","BHLHE40","lm",1200,127,NA,0.833981201644623,NA,"cv_r2",NA,NA,NA,NA,NA,"cz_human_kidney_v1.5"
"kidney_distal_convoluted_tubule_epithelial_cell","BHLHE40","ridge",1200,127,NA,0.835922112217611,NA,"cv_r2",NA,NA,NA,NA,NA,"cz_human_kidney_v1.5"
"kidney_distal_convoluted_tubule_epithelial_cell","BHLHE40","spearman",1200,127,NA,0.618748469203163,NA,"cv_r2",NA,NA,NA,NA,NA,"cz_human_kidney_v1.5"
"kidney_distal_convoluted_tubule_epithelial_cell","FOSB","rf",1200,127,0.885797126611696,0.88542421452644,NA,"oob_r2",-0.0405693309324711,0.0196078431372549,TRUE,0.859124510477857,0.8,"cz_human_kidney_v1.5"
"kidney_distal_convoluted_tubule_epithelial_cell","FOSB","lm",1200,127,NA,0.870530584577692,NA,"cv_r2",NA,NA,NA,NA,NA,"cz_human_kidney_v1.5"
"kidney_distal_convoluted_tubule_epithelial_cell","FOSB","ridge",1200,127,NA,0.872109782709806,NA,"cv_r2",NA,NA,NA,NA,NA,"cz_human_kidney_v1.5"
"kidney_distal_convoluted_tubule_epithelial_cell","FOSB","spearman",1200,127,NA,0.555091213342032,NA,"cv_r2",NA,NA,NA,NA,NA,"cz_human_kidney_v1.5"
"kidney_distal_convoluted_tubule_epithelial_cell","JUNB","rf",1200,127,0.867375401018754,0.866276131391049,NA,"oob_r2",-0.038754466877441,0.0196078431372549,TRUE,0.846685440361621,1,"cz_human_kidney_v1.5"
"kidney_distal_convoluted_tubule_epithelial_cell","JUNB","lm",1200,127,NA,0.852600138323984,NA,"cv_r2",NA,NA,NA,NA,NA,"cz_human_kidney_v1.5"
"kidney_distal_convoluted_tubule_epithelial_cell","JUNB","ridge",1200,127,NA,0.855251231680425,NA,"cv_r2",NA,NA,NA,NA,NA,"cz_human_kidney_v1.5"
"kidney_distal_convoluted_tubule_epithelial_cell","JUNB","spearman",1200,127,NA,0.558155994972835,NA,"cv_r2",NA,NA,NA,NA,NA,"cz_human_kidney_v1.5"
"kidney_distal_convoluted_tubule_epithelial_cell","VDR","rf",1200,127,0.930367041149312,0.929442469651888,NA,"oob_r2",-0.0516284117069969,0.0196078431372549,TRUE,0.857971008832229,0.933333333333333,"cz_human_kidney_v1.5"
"kidney_distal_convoluted_tubule_epithelial_cell","VDR","lm",1200,127,NA,0.916873324648129,NA,"cv_r2",NA,NA,NA,NA,NA,"cz_human_kidney_v1.5"
"kidney_distal_convoluted_tubule_epithelial_cell","VDR","ridge",1200,127,NA,0.917533343502455,NA,"cv_r2",NA,NA,NA,NA,NA,"cz_human_kidney_v1.5"
"kidney_distal_convoluted_tubule_epithelial_cell","VDR","spearman",1200,127,NA,0.627383097842373,NA,"cv_r2",NA,NA,NA,NA,NA,"cz_human_kidney_v1.5"
"kidney_distal_convoluted_tubule_epithelial_cell","NR4A1","rf",1200,127,0.895741370169889,0.897651558915044,NA,"oob_r2",-0.0431653046018387,0.0196078431372549,TRUE,0.878396580635754,1,"cz_human_kidney_v1.5"
"kidney_distal_convoluted_tubule_epithelial_cell","NR4A1","lm",1200,127,NA,0.884502170274537,NA,"cv_r2",NA,NA,NA,NA,NA,"cz_human_kidney_v1.5"
"kidney_distal_convoluted_tubule_epithelial_cell","NR4A1","ridge",1200,127,NA,0.887271204021447,NA,"cv_r2",NA,NA,NA,NA,NA,"cz_human_kidney_v1.5"
"kidney_distal_convoluted_tubule_epithelial_cell","NR4A1","spearman",1200,127,NA,0.654222622752889,NA,"cv_r2",NA,NA,NA,NA,NA,"cz_human_kidney_v1.5"
"kidney_distal_convoluted_tubule_epithelial_cell","HIVEP2","rf",1200,127,0.899241792390301,0.900873738320207,NA,"oob_r2",-0.0412485321163114,0.0196078431372549,TRUE,0.857082187643211,1,"cz_human_kidney_v1.5"
"kidney_distal_convoluted_tubule_epithelial_cell","HIVEP2","lm",1200,127,NA,0.89250363145734,NA,"cv_r2",NA,NA,NA,NA,NA,"cz_human_kidney_v1.5"
"kidney_distal_convoluted_tubule_epithelial_cell","HIVEP2","ridge",1200,127,NA,0.895423855924072,NA,"cv_r2",NA,NA,NA,NA,NA,"cz_human_kidney_v1.5"
"kidney_distal_convoluted_tubule_epithelial_cell","HIVEP2","spearman",1200,127,NA,0.505540256126892,NA,"cv_r2",NA,NA,NA,NA,NA,"cz_human_kidney_v1.5"
"kidney_distal_convoluted_tubule_epithelial_cell","ESR1","rf",1200,127,0.855158289897683,0.854990331322322,NA,"oob_r2",-0.0404441689120598,0.0196078431372549,TRUE,0.852160927800692,1,"cz_human_kidney_v1.5"
"kidney_distal_convoluted_tubule_epithelial_cell","ESR1","lm",1200,127,NA,0.849541787551669,NA,"cv_r2",NA,NA,NA,NA,NA,"cz_human_kidney_v1.5"
"kidney_distal_convoluted_tubule_epithelial_cell","ESR1","ridge",1200,127,NA,0.851107343881367,NA,"cv_r2",NA,NA,NA,NA,NA,"cz_human_kidney_v1.5"
"kidney_distal_convoluted_tubule_epithelial_cell","ESR1","spearman",1200,127,NA,0.607613076693578,NA,"cv_r2",NA,NA,NA,NA,NA,"cz_human_kidney_v1.5"
"kidney_distal_convoluted_tubule_epithelial_cell","RUNX3","rf",1200,127,0.896936005278047,0.899267705037587,NA,"oob_r2",-0.0452813058452271,0.0196078431372549,TRUE,0.847700547848186,1,"cz_human_kidney_v1.5"
"kidney_distal_convoluted_tubule_epithelial_cell","RUNX3","lm",1200,127,NA,0.885932848194224,NA,"cv_r2",NA,NA,NA,NA,NA,"cz_human_kidney_v1.5"
"kidney_distal_convoluted_tubule_epithelial_cell","RUNX3","ridge",1200,127,NA,0.888110331194701,NA,"cv_r2",NA,NA,NA,NA,NA,"cz_human_kidney_v1.5"
"kidney_distal_convoluted_tubule_epithelial_cell","RUNX3","spearman",1200,127,NA,0.610319837410767,NA,"cv_r2",NA,NA,NA,NA,NA,"cz_human_kidney_v1.5"
"kidney_distal_convoluted_tubule_epithelial_cell","EGR4","rf",1200,127,0.861254097281324,0.862601145364307,NA,"oob_r2",-0.0382886818128847,0.0196078431372549,TRUE,0.868098258551014,0.933333333333333,"cz_human_kidney_v1.5"
"kidney_distal_convoluted_tubule_epithelial_cell","EGR4","lm",1200,127,NA,0.837713720598625,NA,"cv_r2",NA,NA,NA,NA,NA,"cz_human_kidney_v1.5"
"kidney_distal_convoluted_tubule_epithelial_cell","EGR4","ridge",1200,127,NA,0.843534861486972,NA,"cv_r2",NA,NA,NA,NA,NA,"cz_human_kidney_v1.5"
"kidney_distal_convoluted_tubule_epithelial_cell","EGR4","spearman",1200,127,NA,0.60058308340513,NA,"cv_r2",NA,NA,NA,NA,NA,"cz_human_kidney_v1.5"
"kidney_distal_convoluted_tubule_epithelial_cell","NFE2L2","rf",1200,127,0.869789867933787,0.870993288320251,NA,"oob_r2",-0.0403463316522367,0.0196078431372549,TRUE,0.861321241094863,0.762962962962963,"cz_human_kidney_v1.5"
"kidney_distal_convoluted_tubule_epithelial_cell","NFE2L2","lm",1200,127,NA,0.845880372803503,NA,"cv_r2",NA,NA,NA,NA,NA,"cz_human_kidney_v1.5"
"kidney_distal_convoluted_tubule_epithelial_cell","NFE2L2","ridge",1200,127,NA,0.851683856807678,NA,"cv_r2",NA,NA,NA,NA,NA,"cz_human_kidney_v1.5"
"kidney_distal_convoluted_tubule_epithelial_cell","NFE2L2","spearman",1200,127,NA,0.595626463275593,NA,"cv_r2",NA,NA,NA,NA,NA,"cz_human_kidney_v1.5"
"kidney_distal_convoluted_tubule_epithelial_cell","MAFF","rf",1200,127,0.914056201005034,0.915076643850172,NA,"oob_r2",-0.0386073254005884,0.0196078431372549,TRUE,0.8648215848019,0.740740740740741,"cz_human_kidney_v1.5"
"kidney_distal_convoluted_tubule_epithelial_cell","MAFF","lm",1200,127,NA,0.908138771143088,NA,"cv_r2",NA,NA,NA,NA,NA,"cz_human_kidney_v1.5"
"kidney_distal_convoluted_tubule_epithelial_cell","MAFF","ridge",1200,127,NA,0.909869571994692,NA,"cv_r2",NA,NA,NA,NA,NA,"cz_human_kidney_v1.5"
"kidney_distal_convoluted_tubule_epithelial_cell","MAFF","spearman",1200,127,NA,0.559699416505239,NA,"cv_r2",NA,NA,NA,NA,NA,"cz_human_kidney_v1.5"
"kidney_distal_convoluted_tubule_epithelial_cell","FOXI1","rf",1200,127,0.931135932333507,0.930201345164702,NA,"oob_r2",-0.0542453948321184,0.0196078431372549,TRUE,0.86382678727659,1,"cz_human_kidney_v1.5"
"kidney_distal_convoluted_tubule_epithelial_cell","FOXI1","lm",1200,127,NA,0.915484495344758,NA,"cv_r2",NA,NA,NA,NA,NA,"cz_human_kidney_v1.5"
"kidney_distal_convoluted_tubule_epithelial_cell","FOXI1","ridge",1200,127,NA,0.916137384443973,NA,"cv_r2",NA,NA,NA,NA,NA,"cz_human_kidney_v1.5"
"kidney_distal_convoluted_tubule_epithelial_cell","FOXI1","spearman",1200,127,NA,0.681189417938951,NA,"cv_r2",NA,NA,NA,NA,NA,"cz_human_kidney_v1.5"
"kidney_distal_convoluted_tubule_epithelial_cell","HES4","rf",1200,127,0.870055967888325,0.868571267334784,NA,"oob_r2",-0.0415634958461449,0.0196078431372549,TRUE,0.859256264841895,1,"cz_human_kidney_v1.5"
"kidney_distal_convoluted_tubule_epithelial_cell","HES4","lm",1200,127,NA,0.858917899363495,NA,"cv_r2",NA,NA,NA,NA,NA,"cz_human_kidney_v1.5"
"kidney_distal_convoluted_tubule_epithelial_cell","HES4","ridge",1200,127,NA,0.861435310518967,NA,"cv_r2",NA,NA,NA,NA,NA,"cz_human_kidney_v1.5"
"kidney_distal_convoluted_tubule_epithelial_cell","HES4","spearman",1200,127,NA,0.591295391860848,NA,"cv_r2",NA,NA,NA,NA,NA,"cz_human_kidney_v1.5"
"kidney_distal_convoluted_tubule_epithelial_cell","HIVEP3","rf",1200,127,0.918267058087559,0.919057407551001,NA,"oob_r2",-0.0400177248503044,0.0196078431372549,TRUE,0.855452703828688,0.844444444444444,"cz_human_kidney_v1.5"
"kidney_distal_convoluted_tubule_epithelial_cell","HIVEP3","lm",1200,127,NA,0.914940980926867,NA,"cv_r2",NA,NA,NA,NA,NA,"cz_human_kidney_v1.5"
"kidney_distal_convoluted_tubule_epithelial_cell","HIVEP3","ridge",1200,127,NA,0.916501248032012,NA,"cv_r2",NA,NA,NA,NA,NA,"cz_human_kidney_v1.5"
"kidney_distal_convoluted_tubule_epithelial_cell","HIVEP3","spearman",1200,127,NA,0.633224337987441,NA,"cv_r2",NA,NA,NA,NA,NA,"cz_human_kidney_v1.5"
"kidney_distal_convoluted_tubule_epithelial_cell","HES1","rf",1200,127,0.880683660836257,0.87971250983509,NA,"oob_r2",-0.0383666444472669,0.0196078431372549,TRUE,0.860615079365079,1,"cz_human_kidney_v1.5"
"kidney_distal_convoluted_tubule_epithelial_cell","HES1","lm",1200,127,NA,0.866484947908579,NA,"cv_r2",NA,NA,NA,NA,NA,"cz_human_kidney_v1.5"
"kidney_distal_convoluted_tubule_epithelial_cell","HES1","ridge",1200,127,NA,0.871411276908439,NA,"cv_r2",NA,NA,NA,NA,NA,"cz_human_kidney_v1.5"
"kidney_distal_convoluted_tubule_epithelial_cell","HES1","spearman",1200,127,NA,0.488217142667025,NA,"cv_r2",NA,NA,NA,NA,NA,"cz_human_kidney_v1.5"
"kidney_distal_convoluted_tubule_epithelial_cell","THRB","rf",1200,127,0.932319725319485,0.932893562076738,NA,"oob_r2",-0.0540634052015462,0.0196078431372549,TRUE,0.867675134358205,0.785185185185185,"cz_human_kidney_v1.5"
"kidney_distal_convoluted_tubule_epithelial_cell","THRB","lm",1200,127,NA,0.916563826315549,NA,"cv_r2",NA,NA,NA,NA,NA,"cz_human_kidney_v1.5"
"kidney_distal_convoluted_tubule_epithelial_cell","THRB","ridge",1200,127,NA,0.91808944183404,NA,"cv_r2",NA,NA,NA,NA,NA,"cz_human_kidney_v1.5"
"kidney_distal_convoluted_tubule_epithelial_cell","THRB","spearman",1200,127,NA,0.669815852920829,NA,"cv_r2",NA,NA,NA,NA,NA,"cz_human_kidney_v1.5"
"kidney_distal_convoluted_tubule_epithelial_cell","HNF4A","rf",1200,127,0.900440635243635,0.898572871805266,NA,"oob_r2",-0.0397056916606518,0.0196078431372549,TRUE,0.864150314544015,0.8,"cz_human_kidney_v1.5"
"kidney_distal_convoluted_tubule_epithelial_cell","HNF4A","lm",1200,127,NA,0.884143526923563,NA,"cv_r2",NA,NA,NA,NA,NA,"cz_human_kidney_v1.5"
"kidney_distal_convoluted_tubule_epithelial_cell","HNF4A","ridge",1200,127,NA,0.887703496337793,NA,"cv_r2",NA,NA,NA,NA,NA,"cz_human_kidney_v1.5"
"kidney_distal_convoluted_tubule_epithelial_cell","HNF4A","spearman",1200,127,NA,0.644608896858389,NA,"cv_r2",NA,NA,NA,NA,NA,"cz_human_kidney_v1.5"
"kidney_distal_convoluted_tubule_epithelial_cell","ELF3","rf",1200,127,0.885502447053329,0.883516979083436,NA,"oob_r2",-0.0419792179446494,0.0196078431372549,TRUE,0.868978877640295,1,"cz_human_kidney_v1.5"
"kidney_distal_convoluted_tubule_epithelial_cell","ELF3","lm",1200,127,NA,0.871271117914481,NA,"cv_r2",NA,NA,NA,NA,NA,"cz_human_kidney_v1.5"
"kidney_distal_convoluted_tubule_epithelial_cell","ELF3","ridge",1200,127,NA,0.873928737121364,NA,"cv_r2",NA,NA,NA,NA,NA,"cz_human_kidney_v1.5"
"kidney_distal_convoluted_tubule_epithelial_cell","ELF3","spearman",1200,127,NA,0.655248423114803,NA,"cv_r2",NA,NA,NA,NA,NA,"cz_human_kidney_v1.5"
"kidney_distal_convoluted_tubule_epithelial_cell","TBX2","rf",1200,127,0.883863292144129,0.883167121585998,NA,"oob_r2",-0.0477460158655569,0.0196078431372549,TRUE,0.849346045286006,0.844444444444444,"cz_human_kidney_v1.5"
"kidney_distal_convoluted_tubule_epithelial_cell","TBX2","lm",1200,127,NA,0.871732929676087,NA,"cv_r2",NA,NA,NA,NA,NA,"cz_human_kidney_v1.5"
"kidney_distal_convoluted_tubule_epithelial_cell","TBX2","ridge",1200,127,NA,0.874904951510175,NA,"cv_r2",NA,NA,NA,NA,NA,"cz_human_kidney_v1.5"
"kidney_distal_convoluted_tubule_epithelial_cell","TBX2","spearman",1200,127,NA,0.65163785772467,NA,"cv_r2",NA,NA,NA,NA,NA,"cz_human_kidney_v1.5"
"kidney_distal_convoluted_tubule_epithelial_cell","MAF","rf",1200,127,0.862419903302113,0.865051480244191,NA,"oob_r2",-0.0468679984134365,0.0196078431372549,TRUE,0.855552430946132,1,"cz_human_kidney_v1.5"
"kidney_distal_convoluted_tubule_epithelial_cell","MAF","lm",1200,127,NA,0.854085960116511,NA,"cv_r2",NA,NA,NA,NA,NA,"cz_human_kidney_v1.5"
"kidney_distal_convoluted_tubule_epithelial_cell","MAF","ridge",1200,127,NA,0.856209644294651,NA,"cv_r2",NA,NA,NA,NA,NA,"cz_human_kidney_v1.5"
"kidney_distal_convoluted_tubule_epithelial_cell","MAF","spearman",1200,127,NA,0.638798113665136,NA,"cv_r2",NA,NA,NA,NA,NA,"cz_human_kidney_v1.5"
"kidney_distal_convoluted_tubule_epithelial_cell","BRCA1","rf",1200,127,0.880649415551499,0.880636596171654,NA,"oob_r2",-0.044816676739124,0.0196078431372549,TRUE,0.867983559346748,0.933333333333333,"cz_human_kidney_v1.5"
"kidney_distal_convoluted_tubule_epithelial_cell","BRCA1","lm",1200,127,NA,0.864850489035231,NA,"cv_r2",NA,NA,NA,NA,NA,"cz_human_kidney_v1.5"
"kidney_distal_convoluted_tubule_epithelial_cell","BRCA1","ridge",1200,127,NA,0.866435519407993,NA,"cv_r2",NA,NA,NA,NA,NA,"cz_human_kidney_v1.5"
"kidney_distal_convoluted_tubule_epithelial_cell","BRCA1","spearman",1200,127,NA,0.644111465751615,NA,"cv_r2",NA,NA,NA,NA,NA,"cz_human_kidney_v1.5"
"kidney_distal_convoluted_tubule_epithelial_cell","GLIS3","rf",1200,127,0.924846211569767,0.926763926654708,NA,"oob_r2",-0.0466279335333963,0.0196078431372549,TRUE,0.872357231387743,0.933333333333333,"cz_human_kidney_v1.5"
"kidney_distal_convoluted_tubule_epithelial_cell","GLIS3","lm",1200,127,NA,0.911898897911427,NA,"cv_r2",NA,NA,NA,NA,NA,"cz_human_kidney_v1.5"
"kidney_distal_convoluted_tubule_epithelial_cell","GLIS3","ridge",1200,127,NA,0.913213646143311,NA,"cv_r2",NA,NA,NA,NA,NA,"cz_human_kidney_v1.5"
"kidney_distal_convoluted_tubule_epithelial_cell","GLIS3","spearman",1200,127,NA,0.70032111740346,NA,"cv_r2",NA,NA,NA,NA,NA,"cz_human_kidney_v1.5"
"kidney_distal_convoluted_tubule_epithelial_cell","KLF6","rf",1200,127,0.915085504676372,0.914381617952841,NA,"oob_r2",-0.0423451049930713,0.0196078431372549,TRUE,0.863405485772612,0.755555555555556,"cz_human_kidney_v1.5"
"kidney_distal_convoluted_tubule_epithelial_cell","KLF6","lm",1200,127,NA,0.907924741151302,NA,"cv_r2",NA,NA,NA,NA,NA,"cz_human_kidney_v1.5"
"kidney_distal_convoluted_tubule_epithelial_cell","KLF6","ridge",1200,127,NA,0.909044843967803,NA,"cv_r2",NA,NA,NA,NA,NA,"cz_human_kidney_v1.5"
"kidney_distal_convoluted_tubule_epithelial_cell","KLF6","spearman",1200,127,NA,0.666254841173346,NA,"cv_r2",NA,NA,NA,NA,NA,"cz_human_kidney_v1.5"
"kidney_distal_convoluted_tubule_epithelial_cell","SPDEF","rf",1200,127,0.92224201516242,0.920346824030085,NA,"oob_r2",-0.0559765770125146,0.0196078431372549,TRUE,0.860031949131358,1,"cz_human_kidney_v1.5"
"kidney_distal_convoluted_tubule_epithelial_cell","SPDEF","lm",1200,127,NA,0.908239548396522,NA,"cv_r2",NA,NA,NA,NA,NA,"cz_human_kidney_v1.5"
"kidney_distal_convoluted_tubule_epithelial_cell","SPDEF","ridge",1200,127,NA,0.909161001294977,NA,"cv_r2",NA,NA,NA,NA,NA,"cz_human_kidney_v1.5"
"kidney_distal_convoluted_tubule_epithelial_cell","SPDEF","spearman",1200,127,NA,0.719574042277372,NA,"cv_r2",NA,NA,NA,NA,NA,"cz_human_kidney_v1.5"
"kidney_distal_convoluted_tubule_epithelial_cell","NR4A2","rf",1200,127,0.93191376623293,0.931445298695635,NA,"oob_r2",-0.0476738717236009,0.0196078431372549,TRUE,0.870557065783444,0.77037037037037,"cz_human_kidney_v1.5"
"kidney_distal_convoluted_tubule_epithelial_cell","NR4A2","lm",1200,127,NA,0.921390644336314,NA,"cv_r2",NA,NA,NA,NA,NA,"cz_human_kidney_v1.5"
"kidney_distal_convoluted_tubule_epithelial_cell","NR4A2","ridge",1200,127,NA,0.922834267763932,NA,"cv_r2",NA,NA,NA,NA,NA,"cz_human_kidney_v1.5"
"kidney_distal_convoluted_tubule_epithelial_cell","NR4A2","spearman",1200,127,NA,0.720611401733996,NA,"cv_r2",NA,NA,NA,NA,NA,"cz_human_kidney_v1.5"
"kidney_distal_convoluted_tubule_epithelial_cell","PBX3","rf",1200,127,0.914072080616409,0.915232150139525,NA,"oob_r2",-0.0397953762724355,0.0196078431372549,TRUE,0.841428024621922,0.8,"cz_human_kidney_v1.5"
"kidney_distal_convoluted_tubule_epithelial_cell","PBX3","lm",1200,127,NA,0.908014749857647,NA,"cv_r2",NA,NA,NA,NA,NA,"cz_human_kidney_v1.5"
"kidney_distal_convoluted_tubule_epithelial_cell","PBX3","ridge",1200,127,NA,0.909919589037438,NA,"cv_r2",NA,NA,NA,NA,NA,"cz_human_kidney_v1.5"
"kidney_distal_convoluted_tubule_epithelial_cell","PBX3","spearman",1200,127,NA,0.642072672195663,NA,"cv_r2",NA,NA,NA,NA,NA,"cz_human_kidney_v1.5"
"kidney_distal_convoluted_tubule_epithelial_cell","TCF21","rf",1200,127,0.900671510416122,0.901686866141999,NA,"oob_r2",-0.0334088302788506,0.0196078431372549,TRUE,0.848156871016123,1,"cz_human_kidney_v1.5"
"kidney_distal_convoluted_tubule_epithelial_cell","TCF21","lm",1200,127,NA,0.889942441093186,NA,"cv_r2",NA,NA,NA,NA,NA,"cz_human_kidney_v1.5"
"kidney_distal_convoluted_tubule_epithelial_cell","TCF21","ridge",1200,127,NA,0.889794624545272,NA,"cv_r2",NA,NA,NA,NA,NA,"cz_human_kidney_v1.5"
"kidney_distal_convoluted_tubule_epithelial_cell","TCF21","spearman",1200,127,NA,0.712263711778986,NA,"cv_r2",NA,NA,NA,NA,NA,"cz_human_kidney_v1.5"
"kidney_distal_convoluted_tubule_epithelial_cell","AR","rf",1200,127,0.895352091469781,0.896087101617467,NA,"oob_r2",-0.0544614628686845,0.0196078431372549,TRUE,0.859193772653418,1,"cz_human_kidney_v1.5"
"kidney_distal_convoluted_tubule_epithelial_cell","AR","lm",1200,127,NA,0.878113950222119,NA,"cv_r2",NA,NA,NA,NA,NA,"cz_human_kidney_v1.5"
"kidney_distal_convoluted_tubule_epithelial_cell","AR","ridge",1200,127,NA,0.8802516400969,NA,"cv_r2",NA,NA,NA,NA,NA,"cz_human_kidney_v1.5"
"kidney_distal_convoluted_tubule_epithelial_cell","AR","spearman",1200,127,NA,0.700237246303676,NA,"cv_r2",NA,NA,NA,NA,NA,"cz_human_kidney_v1.5"
