"cluster","tf","method","n_obs","n_pred","oob_r2","cv_r2","lodo_r2","null_metric","null_q95","p_perm","beats_null","imp_stability_spearman","imp_top5_jaccard","dataset"
"mast_cell","MYC","rf",208,13,0.496394221404412,0.503024794173825,NA,"oob_r2",-0.0346129617394433,0.0196078431372549,TRUE,0.949084249084249,0.822222222222222,"cz_hnscc_hpv"
"mast_cell","MYC","lm",208,13,NA,0.322678603226558,NA,"cv_r2",NA,NA,NA,NA,NA,"cz_hnscc_hpv"
"mast_cell","MYC","ridge",208,13,NA,0.347438208845552,NA,"cv_r2",NA,NA,NA,NA,NA,"cz_hnscc_hpv"
"mast_cell","MYC","spearman",208,13,NA,0.192793723038888,NA,"cv_r2",NA,NA,NA,NA,NA,"cz_hnscc_hpv"
"mast_cell","KLF4","rf",208,13,0.490291374272965,0.473256955199438,NA,"oob_r2",-0.0500852116040771,0.0196078431372549,TRUE,0.946764346764347,0.844444444444444,"cz_hnscc_hpv"
"mast_cell","KLF4","lm",208,13,NA,0.316812373914222,NA,"cv_r2",NA,NA,NA,NA,NA,"cz_hnscc_hpv"
"mast_cell","KLF4","ridge",208,13,NA,0.318613899027066,NA,"cv_r2",NA,NA,NA,NA,NA,"cz_hnscc_hpv"
"mast_cell","KLF4","spearman",208,13,NA,0.109112696342999,NA,"cv_r2",NA,NA,NA,NA,NA,"cz_hnscc_hpv"
"mast_cell","THRA","rf",208,13,0.4959298376916,0.452480668447034,NA,"oob_r2",-0.041102320836889,0.0196078431372549,TRUE,0.948840048840049,0.714285714285714,"cz_hnscc_hpv"
"mast_cell","THRA","lm",208,13,NA,0.313191316244452,NA,"cv_r2",NA,NA,NA,NA,NA,"cz_hnscc_hpv"
"mast_cell","THRA","ridge",208,13,NA,0.309277984930134,NA,"cv_r2",NA,NA,NA,NA,NA,"cz_hnscc_hpv"
"mast_cell","THRA","spearman",208,13,NA,0.0270004167948531,NA,"cv_r2",NA,NA,NA,NA,NA,"cz_hnscc_hpv"
"mast_cell","ESR2","rf",208,13,0.526852249625635,0.517022513939574,NA,"oob_r2",-0.0713926374052644,0.0196078431372549,TRUE,0.943956043956044,1,"cz_hnscc_hpv"
"mast_cell","ESR2","lm",208,13,NA,0.261517133541025,NA,"cv_r2",NA,NA,NA,NA,NA,"cz_hnscc_hpv"
"mast_cell","ESR2","ridge",208,13,NA,0.269348320159336,NA,"cv_r2",NA,NA,NA,NA,NA,"cz_hnscc_hpv"
"mast_cell","ESR2","spearman",208,13,NA,0.15898437419863,NA,"cv_r2",NA,NA,NA,NA,NA,"cz_hnscc_hpv"
"mast_cell","CREB5","rf",208,13,0.545684964764453,0.501302595023649,NA,"oob_r2",-0.0655883384219984,0.0196078431372549,TRUE,0.898168498168498,0.881481481481481,"cz_hnscc_hpv"
"mast_cell","CREB5","lm",208,13,NA,0.262653403817417,NA,"cv_r2",NA,NA,NA,NA,NA,"cz_hnscc_hpv"
"mast_cell","CREB5","ridge",208,13,NA,0.25799182555211,NA,"cv_r2",NA,NA,NA,NA,NA,"cz_hnscc_hpv"
"mast_cell","CREB5","spearman",208,13,NA,0.137630545899614,NA,"cv_r2",NA,NA,NA,NA,NA,"cz_hnscc_hpv"
"mast_cell","ELF3","rf",208,13,0.4587449827899,0.433113656965354,NA,"oob_r2",-0.0463040409014814,0.0196078431372549,TRUE,0.952991452991453,0.933333333333333,"cz_hnscc_hpv"
"mast_cell","ELF3","lm",208,13,NA,0.366852592165494,NA,"cv_r2",NA,NA,NA,NA,NA,"cz_hnscc_hpv"
"mast_cell","ELF3","ridge",208,13,NA,0.386943597224515,NA,"cv_r2",NA,NA,NA,NA,NA,"cz_hnscc_hpv"
"mast_cell","ELF3","spearman",208,13,NA,0.18329107830114,NA,"cv_r2",NA,NA,NA,NA,NA,"cz_hnscc_hpv"
"mast_cell","KLF11","rf",208,13,0.48594998704152,0.450888763867732,NA,"oob_r2",-0.0553928537074852,0.0196078431372549,TRUE,0.903296703296703,0.650793650793651,"cz_hnscc_hpv"
"mast_cell","KLF11","lm",208,13,NA,0.239923362964732,NA,"cv_r2",NA,NA,NA,NA,NA,"cz_hnscc_hpv"
"mast_cell","KLF11","ridge",208,13,NA,0.236549714101881,NA,"cv_r2",NA,NA,NA,NA,NA,"cz_hnscc_hpv"
"mast_cell","KLF11","spearman",208,13,NA,0.121456001816886,NA,"cv_r2",NA,NA,NA,NA,NA,"cz_hnscc_hpv"
"mast_cell","NFKB1","rf",208,13,0.430530426297146,0.392879546423606,NA,"oob_r2",-0.063085276317711,0.0196078431372549,TRUE,0.915384615384615,0.819047619047619,"cz_hnscc_hpv"
"mast_cell","NFKB1","lm",208,13,NA,0.179633118022023,NA,"cv_r2",NA,NA,NA,NA,NA,"cz_hnscc_hpv"
"mast_cell","NFKB1","ridge",208,13,NA,0.208787896323432,NA,"cv_r2",NA,NA,NA,NA,NA,"cz_hnscc_hpv"
"mast_cell","NFKB1","spearman",208,13,NA,0.104536175078754,NA,"cv_r2",NA,NA,NA,NA,NA,"cz_hnscc_hpv"
"mast_cell","NFE2","rf",208,13,0.503896605352356,0.456659774544885,NA,"oob_r2",-0.0443458878512261,0.0196078431372549,TRUE,0.933943833943834,0.933333333333333,"cz_hnscc_hpv"
"mast_cell","NFE2","lm",208,13,NA,0.242143019640492,NA,"cv_r2",NA,NA,NA,NA,NA,"cz_hnscc_hpv"
"mast_cell","NFE2","ridge",208,13,NA,0.241466472513059,NA,"cv_r2",NA,NA,NA,NA,NA,"cz_hnscc_hpv"
"mast_cell","NFE2","spearman",208,13,NA,0.100887435927254,NA,"cv_r2",NA,NA,NA,NA,NA,"cz_hnscc_hpv"
"mast_cell","POLR3A","rf",208,13,0.482649062744232,0.480426977096631,NA,"oob_r2",-0.0518319248072977,0.0196078431372549,TRUE,0.888034188034188,0.629100529100529,"cz_hnscc_hpv"
"mast_cell","POLR3A","lm",208,13,NA,0.239228178839098,NA,"cv_r2",NA,NA,NA,NA,NA,"cz_hnscc_hpv"
"mast_cell","POLR3A","ridge",208,13,NA,0.227495906128857,NA,"cv_r2",NA,NA,NA,NA,NA,"cz_hnscc_hpv"
"mast_cell","POLR3A","spearman",208,13,NA,0.0393530825211122,NA,"cv_r2",NA,NA,NA,NA,NA,"cz_hnscc_hpv"
"mast_cell","HDAC2","rf",208,13,0.490682800213302,0.455748517829793,NA,"oob_r2",-0.0596147908849658,0.0196078431372549,TRUE,0.915018315018315,0.641534391534392,"cz_hnscc_hpv"
"mast_cell","HDAC2","lm",208,13,NA,0.299083684850433,NA,"cv_r2",NA,NA,NA,NA,NA,"cz_hnscc_hpv"
"mast_cell","HDAC2","ridge",208,13,NA,0.290272383626376,NA,"cv_r2",NA,NA,NA,NA,NA,"cz_hnscc_hpv"
"mast_cell","HDAC2","spearman",208,13,NA,0.117875657887961,NA,"cv_r2",NA,NA,NA,NA,NA,"cz_hnscc_hpv"
"mast_cell","NR4A1","rf",208,13,0.551417515857794,0.540925067447837,NA,"oob_r2",-0.0508950902015083,0.0196078431372549,TRUE,0.944810744810745,0.844444444444444,"cz_hnscc_hpv"
"mast_cell","NR4A1","lm",208,13,NA,0.332948101268593,NA,"cv_r2",NA,NA,NA,NA,NA,"cz_hnscc_hpv"
"mast_cell","NR4A1","ridge",208,13,NA,0.343406376337781,NA,"cv_r2",NA,NA,NA,NA,NA,"cz_hnscc_hpv"
"mast_cell","NR4A1","spearman",208,13,NA,0.201276104051535,NA,"cv_r2",NA,NA,NA,NA,NA,"cz_hnscc_hpv"
"mast_cell","HIF1A","rf",208,13,0.526866967037942,0.478295096958886,NA,"oob_r2",-0.0502025176997745,0.0196078431372549,TRUE,0.908547008547009,0.7005291005291,"cz_hnscc_hpv"
"mast_cell","HIF1A","lm",208,13,NA,0.195297519316456,NA,"cv_r2",NA,NA,NA,NA,NA,"cz_hnscc_hpv"
"mast_cell","HIF1A","ridge",208,13,NA,0.203845738534912,NA,"cv_r2",NA,NA,NA,NA,NA,"cz_hnscc_hpv"
"mast_cell","HIF1A","spearman",208,13,NA,0.0306501689591487,NA,"cv_r2",NA,NA,NA,NA,NA,"cz_hnscc_hpv"
"mast_cell","ETV5","rf",208,13,0.476518770025872,0.453778678022599,NA,"oob_r2",-0.0642669489867387,0.0196078431372549,TRUE,0.942002442002442,0.757671957671958,"cz_hnscc_hpv"
"mast_cell","ETV5","lm",208,13,NA,0.261824855950712,NA,"cv_r2",NA,NA,NA,NA,NA,"cz_hnscc_hpv"
"mast_cell","ETV5","ridge",208,13,NA,0.268386590934359,NA,"cv_r2",NA,NA,NA,NA,NA,"cz_hnscc_hpv"
"mast_cell","ETV5","spearman",208,13,NA,0.0499872353195774,NA,"cv_r2",NA,NA,NA,NA,NA,"cz_hnscc_hpv"
"mast_cell","GATA2","rf",208,13,0.580125729896996,0.543812959964361,NA,"oob_r2",-0.0445771522994241,0.0196078431372549,TRUE,0.905616605616606,0.732275132275132,"cz_hnscc_hpv"
"mast_cell","GATA2","lm",208,13,NA,0.270396482267494,NA,"cv_r2",NA,NA,NA,NA,NA,"cz_hnscc_hpv"
"mast_cell","GATA2","ridge",208,13,NA,0.277876132272492,NA,"cv_r2",NA,NA,NA,NA,NA,"cz_hnscc_hpv"
"mast_cell","GATA2","spearman",208,13,NA,0.179945582502025,NA,"cv_r2",NA,NA,NA,NA,NA,"cz_hnscc_hpv"
"mast_cell","TWIST1","rf",208,13,0.508845251981056,0.509914251376536,NA,"oob_r2",-0.038201172848734,0.0196078431372549,TRUE,0.954334554334554,0.933333333333333,"cz_hnscc_hpv"
"mast_cell","TWIST1","lm",208,13,NA,0.198893906081997,NA,"cv_r2",NA,NA,NA,NA,NA,"cz_hnscc_hpv"
"mast_cell","TWIST1","ridge",208,13,NA,0.199282355555725,NA,"cv_r2",NA,NA,NA,NA,NA,"cz_hnscc_hpv"
"mast_cell","TWIST1","spearman",208,13,NA,0.143116489068718,NA,"cv_r2",NA,NA,NA,NA,NA,"cz_hnscc_hpv"
"mast_cell","FOSL2","rf",208,13,0.495530462555406,0.461252067401568,NA,"oob_r2",-0.0563247522316975,0.0196078431372549,TRUE,0.898046398046398,0.792592592592593,"cz_hnscc_hpv"
"mast_cell","FOSL2","lm",208,13,NA,0.255214927620462,NA,"cv_r2",NA,NA,NA,NA,NA,"cz_hnscc_hpv"
"mast_cell","FOSL2","ridge",208,13,NA,0.247091856318052,NA,"cv_r2",NA,NA,NA,NA,NA,"cz_hnscc_hpv"
"mast_cell","FOSL2","spearman",208,13,NA,0.068567009105775,NA,"cv_r2",NA,NA,NA,NA,NA,"cz_hnscc_hpv"
"mast_cell","FOXC1","rf",208,13,0.364908546107916,0.326901334426147,NA,"oob_r2",-0.0489190984898737,0.0196078431372549,TRUE,0.93003663003663,0.722751322751323,"cz_hnscc_hpv"
"mast_cell","FOXC1","lm",208,13,NA,0.136203246886629,NA,"cv_r2",NA,NA,NA,NA,NA,"cz_hnscc_hpv"
"mast_cell","FOXC1","ridge",208,13,NA,0.143992672180002,NA,"cv_r2",NA,NA,NA,NA,NA,"cz_hnscc_hpv"
"mast_cell","FOXC1","spearman",208,13,NA,0.103074400611358,NA,"cv_r2",NA,NA,NA,NA,NA,"cz_hnscc_hpv"
"mast_cell","MEF2B","rf",208,13,0.410553421704386,0.414766069578768,NA,"oob_r2",-0.0433639713870079,0.0196078431372549,TRUE,0.909157509157509,0.66031746031746,"cz_hnscc_hpv"
"mast_cell","MEF2B","lm",208,13,NA,0.249576682924188,NA,"cv_r2",NA,NA,NA,NA,NA,"cz_hnscc_hpv"
"mast_cell","MEF2B","ridge",208,13,NA,0.240345134868615,NA,"cv_r2",NA,NA,NA,NA,NA,"cz_hnscc_hpv"
"mast_cell","MEF2B","spearman",208,13,NA,0.145955729440895,NA,"cv_r2",NA,NA,NA,NA,NA,"cz_hnscc_hpv"
"mast_cell","EP300","rf",208,13,0.511619570094364,0.491466830596364,NA,"oob_r2",-0.050968684888434,0.0196078431372549,TRUE,0.878266178266178,0.762962962962963,"cz_hnscc_hpv"
"mast_cell","EP300","lm",208,13,NA,0.200169014154048,NA,"cv_r2",NA,NA,NA,NA,NA,"cz_hnscc_hpv"
"mast_cell","EP300","ridge",208,13,NA,0.210692621745938,NA,"cv_r2",NA,NA,NA,NA,NA,"cz_hnscc_hpv"
"mast_cell","EP300","spearman",208,13,NA,0.0962498988861273,NA,"cv_r2",NA,NA,NA,NA,NA,"cz_hnscc_hpv"
"mast_cell","ATF3","rf",208,13,0.360826456612097,0.373167241663043,NA,"oob_r2",-0.0420974057803269,0.0196078431372549,TRUE,0.91001221001221,0.686772486772487,"cz_hnscc_hpv"
"mast_cell","ATF3","lm",208,13,NA,0.1146848442224,NA,"cv_r2",NA,NA,NA,NA,NA,"cz_hnscc_hpv"
"mast_cell","ATF3","ridge",208,13,NA,0.134504780812373,NA,"cv_r2",NA,NA,NA,NA,NA,"cz_hnscc_hpv"
"mast_cell","ATF3","spearman",208,13,NA,0.0751154668725744,NA,"cv_r2",NA,NA,NA,NA,NA,"cz_hnscc_hpv"
"mast_cell","E2F3","rf",208,13,0.44746726746824,0.410209025291732,NA,"oob_r2",-0.0476022108575204,0.0196078431372549,TRUE,0.93980463980464,0.881481481481482,"cz_hnscc_hpv"
"mast_cell","E2F3","lm",208,13,NA,0.242327142109857,NA,"cv_r2",NA,NA,NA,NA,NA,"cz_hnscc_hpv"
"mast_cell","E2F3","ridge",208,13,NA,0.242099941056176,NA,"cv_r2",NA,NA,NA,NA,NA,"cz_hnscc_hpv"
"mast_cell","E2F3","spearman",208,13,NA,0.0936668064689485,NA,"cv_r2",NA,NA,NA,NA,NA,"cz_hnscc_hpv"
"mast_cell","CLOCK","rf",208,13,0.457944125239929,0.406882265967869,NA,"oob_r2",-0.064139246078468,0.0196078431372549,TRUE,0.953601953601954,0.822222222222222,"cz_hnscc_hpv"
"mast_cell","CLOCK","lm",208,13,NA,0.158250800864506,NA,"cv_r2",NA,NA,NA,NA,NA,"cz_hnscc_hpv"
"mast_cell","CLOCK","ridge",208,13,NA,0.143234353658427,NA,"cv_r2",NA,NA,NA,NA,NA,"cz_hnscc_hpv"
"mast_cell","CLOCK","spearman",208,13,NA,0.0909273302205118,NA,"cv_r2",NA,NA,NA,NA,NA,"cz_hnscc_hpv"
"mast_cell","BCL3","rf",208,13,0.481313774042627,0.475574865745673,NA,"oob_r2",-0.0577132613386269,0.0196078431372549,TRUE,0.91990231990232,0.684656084656085,"cz_hnscc_hpv"
"mast_cell","BCL3","lm",208,13,NA,0.26089622682464,NA,"cv_r2",NA,NA,NA,NA,NA,"cz_hnscc_hpv"
"mast_cell","BCL3","ridge",208,13,NA,0.260523618644667,NA,"cv_r2",NA,NA,NA,NA,NA,"cz_hnscc_hpv"
"mast_cell","BCL3","spearman",208,13,NA,0.113745794036872,NA,"cv_r2",NA,NA,NA,NA,NA,"cz_hnscc_hpv"
"mast_cell","ZSCAN22","rf",208,13,0.481167059575915,0.485217845869476,NA,"oob_r2",-0.0474665142094284,0.0196078431372549,TRUE,0.941391941391941,0.785185185185185,"cz_hnscc_hpv"
"mast_cell","ZSCAN22","lm",208,13,NA,0.244223529204861,NA,"cv_r2",NA,NA,NA,NA,NA,"cz_hnscc_hpv"
"mast_cell","ZSCAN22","ridge",208,13,NA,0.246566027268522,NA,"cv_r2",NA,NA,NA,NA,NA,"cz_hnscc_hpv"
"mast_cell","ZSCAN22","spearman",208,13,NA,0.0800171322759928,NA,"cv_r2",NA,NA,NA,NA,NA,"cz_hnscc_hpv"
"mast_cell","ZNF322","rf",208,13,0.545385650757381,0.564345203605399,NA,"oob_r2",-0.0549802222283262,0.0196078431372549,TRUE,0.931990231990232,0.792592592592593,"cz_hnscc_hpv"
"mast_cell","ZNF322","lm",208,13,NA,0.36654025830841,NA,"cv_r2",NA,NA,NA,NA,NA,"cz_hnscc_hpv"
"mast_cell","ZNF322","ridge",208,13,NA,0.377483941839353,NA,"cv_r2",NA,NA,NA,NA,NA,"cz_hnscc_hpv"
"mast_cell","ZNF322","spearman",208,13,NA,0.0343157879096233,NA,"cv_r2",NA,NA,NA,NA,NA,"cz_hnscc_hpv"
"mast_cell","EPAS1","rf",208,13,0.492852691024299,0.503926902602731,NA,"oob_r2",-0.0555813947093008,0.0196078431372549,TRUE,0.964468864468864,0.822222222222222,"cz_hnscc_hpv"
"mast_cell","EPAS1","lm",208,13,NA,0.313783019934866,NA,"cv_r2",NA,NA,NA,NA,NA,"cz_hnscc_hpv"
"mast_cell","EPAS1","ridge",208,13,NA,0.331066146308714,NA,"cv_r2",NA,NA,NA,NA,NA,"cz_hnscc_hpv"
"mast_cell","EPAS1","spearman",208,13,NA,0.102890177708332,NA,"cv_r2",NA,NA,NA,NA,NA,"cz_hnscc_hpv"
"mast_cell","RORA","rf",208,13,0.335101148446229,0.330399617077788,NA,"oob_r2",-0.0436560480647174,0.0196078431372549,TRUE,0.8997557997558,0.685714285714286,"cz_hnscc_hpv"
"mast_cell","RORA","lm",208,13,NA,0.117607519856078,NA,"cv_r2",NA,NA,NA,NA,NA,"cz_hnscc_hpv"
"mast_cell","RORA","ridge",208,13,NA,0.128302774148693,NA,"cv_r2",NA,NA,NA,NA,NA,"cz_hnscc_hpv"
"mast_cell","RORA","spearman",208,13,NA,0.0993561234509052,NA,"cv_r2",NA,NA,NA,NA,NA,"cz_hnscc_hpv"
"mast_cell","HOXA9","rf",208,13,0.367483303426228,0.395996584366328,NA,"oob_r2",-0.0529255140621033,0.0196078431372549,TRUE,0.922710622710623,0.71957671957672,"cz_hnscc_hpv"
"mast_cell","HOXA9","lm",208,13,NA,0.212339658110697,NA,"cv_r2",NA,NA,NA,NA,NA,"cz_hnscc_hpv"
"mast_cell","HOXA9","ridge",208,13,NA,0.205409406118826,NA,"cv_r2",NA,NA,NA,NA,NA,"cz_hnscc_hpv"
"mast_cell","HOXA9","spearman",208,13,NA,0.143580617803363,NA,"cv_r2",NA,NA,NA,NA,NA,"cz_hnscc_hpv"
"mast_cell","HINFP","rf",208,13,0.327303135290005,0.349861738360487,NA,"oob_r2",-0.0359330827359195,0.0196078431372549,TRUE,0.933211233211233,0.666666666666667,"cz_hnscc_hpv"
"mast_cell","HINFP","lm",208,13,NA,0.127785140772516,NA,"cv_r2",NA,NA,NA,NA,NA,"cz_hnscc_hpv"
"mast_cell","HINFP","ridge",208,13,NA,0.140619432076543,NA,"cv_r2",NA,NA,NA,NA,NA,"cz_hnscc_hpv"
"mast_cell","HINFP","spearman",208,13,NA,0.0743286094632397,NA,"cv_r2",NA,NA,NA,NA,NA,"cz_hnscc_hpv"
"mast_cell","TFAP2D","rf",208,13,0.577493985993541,0.59078758706943,NA,"oob_r2",-0.0686586925123569,0.0196078431372549,TRUE,0.932844932844933,0.816931216931217,"cz_hnscc_hpv"
"mast_cell","TFAP2D","lm",208,13,NA,0.320702845497049,NA,"cv_r2",NA,NA,NA,NA,NA,"cz_hnscc_hpv"
"mast_cell","TFAP2D","ridge",208,13,NA,0.336056689147643,NA,"cv_r2",NA,NA,NA,NA,NA,"cz_hnscc_hpv"
"mast_cell","TFAP2D","spearman",208,13,NA,0.138690663855851,NA,"cv_r2",NA,NA,NA,NA,NA,"cz_hnscc_hpv"
"mast_cell","CEBPG","rf",208,13,0.459242974842439,0.441873338668431,NA,"oob_r2",-0.0461039225192679,0.0196078431372549,TRUE,0.944200244200244,0.774603174603175,"cz_hnscc_hpv"
"mast_cell","CEBPG","lm",208,13,NA,0.294401782623477,NA,"cv_r2",NA,NA,NA,NA,NA,"cz_hnscc_hpv"
"mast_cell","CEBPG","ridge",208,13,NA,0.312930183102538,NA,"cv_r2",NA,NA,NA,NA,NA,"cz_hnscc_hpv"
"mast_cell","CEBPG","spearman",208,13,NA,0.0254602522579904,NA,"cv_r2",NA,NA,NA,NA,NA,"cz_hnscc_hpv"
"mast_cell","ENO1","rf",208,13,0.567744349520679,0.532717418117921,NA,"oob_r2",-0.0489743265001707,0.0196078431372549,TRUE,0.923443223443223,0.684656084656085,"cz_hnscc_hpv"
"mast_cell","ENO1","lm",208,13,NA,0.352510867160177,NA,"cv_r2",NA,NA,NA,NA,NA,"cz_hnscc_hpv"
"mast_cell","ENO1","ridge",208,13,NA,0.368451127901805,NA,"cv_r2",NA,NA,NA,NA,NA,"cz_hnscc_hpv"
"mast_cell","ENO1","spearman",208,13,NA,0.196317782585406,NA,"cv_r2",NA,NA,NA,NA,NA,"cz_hnscc_hpv"
"mast_cell","MBTPS2","rf",208,13,0.441637695186315,0.422180337848739,NA,"oob_r2",-0.0507479933002256,0.0196078431372549,TRUE,0.922222222222222,0.732275132275132,"cz_hnscc_hpv"
"mast_cell","MBTPS2","lm",208,13,NA,0.267581825118983,NA,"cv_r2",NA,NA,NA,NA,NA,"cz_hnscc_hpv"
"mast_cell","MBTPS2","ridge",208,13,NA,0.292131442331909,NA,"cv_r2",NA,NA,NA,NA,NA,"cz_hnscc_hpv"
"mast_cell","MBTPS2","spearman",208,13,NA,0.148815257168506,NA,"cv_r2",NA,NA,NA,NA,NA,"cz_hnscc_hpv"
"mast_cell","ATF7","rf",208,13,0.532740942561516,0.489059143754415,NA,"oob_r2",-0.0602171023478903,0.0196078431372549,TRUE,0.92039072039072,0.60952380952381,"cz_hnscc_hpv"
"mast_cell","ATF7","lm",208,13,NA,0.284477594001049,NA,"cv_r2",NA,NA,NA,NA,NA,"cz_hnscc_hpv"
"mast_cell","ATF7","ridge",208,13,NA,0.296120968266365,NA,"cv_r2",NA,NA,NA,NA,NA,"cz_hnscc_hpv"
"mast_cell","ATF7","spearman",208,13,NA,0.0150310934998376,NA,"cv_r2",NA,NA,NA,NA,NA,"cz_hnscc_hpv"
"mast_cell","NR4A3","rf",208,13,0.341985838559121,0.332535676780264,NA,"oob_r2",-0.0712672682263223,0.0196078431372549,TRUE,0.914529914529915,0.661375661375661,"cz_hnscc_hpv"
"mast_cell","NR4A3","lm",208,13,NA,0.241337843853026,NA,"cv_r2",NA,NA,NA,NA,NA,"cz_hnscc_hpv"
"mast_cell","NR4A3","ridge",208,13,NA,0.250680200173093,NA,"cv_r2",NA,NA,NA,NA,NA,"cz_hnscc_hpv"
"mast_cell","NR4A3","spearman",208,13,NA,-0.0210087598074225,NA,"cv_r2",NA,NA,NA,NA,NA,"cz_hnscc_hpv"
"mast_cell","FLI1","rf",208,13,0.547972666002058,0.515399851353333,NA,"oob_r2",-0.0588261159771313,0.0196078431372549,TRUE,0.908669108669109,0.668783068783069,"cz_hnscc_hpv"
"mast_cell","FLI1","lm",208,13,NA,0.315442130421589,NA,"cv_r2",NA,NA,NA,NA,NA,"cz_hnscc_hpv"
"mast_cell","FLI1","ridge",208,13,NA,0.322994531840041,NA,"cv_r2",NA,NA,NA,NA,NA,"cz_hnscc_hpv"
"mast_cell","FLI1","spearman",208,13,NA,0.157870374401919,NA,"cv_r2",NA,NA,NA,NA,NA,"cz_hnscc_hpv"
"mast_cell","NFIL3","rf",208,13,0.522935464911529,0.512784646528515,NA,"oob_r2",-0.0474976497256213,0.0196078431372549,TRUE,0.904395604395604,0.725925925925926,"cz_hnscc_hpv"
"mast_cell","NFIL3","lm",208,13,NA,0.268309951673673,NA,"cv_r2",NA,NA,NA,NA,NA,"cz_hnscc_hpv"
"mast_cell","NFIL3","ridge",208,13,NA,0.282631193983136,NA,"cv_r2",NA,NA,NA,NA,NA,"cz_hnscc_hpv"
"mast_cell","NFIL3","spearman",208,13,NA,0.0197961337206618,NA,"cv_r2",NA,NA,NA,NA,NA,"cz_hnscc_hpv"
"mast_cell","SOX2","rf",208,13,0.570019166204206,0.606010541062829,NA,"oob_r2",-0.0556649095292066,0.0196078431372549,TRUE,0.96984126984127,0.82962962962963,"cz_hnscc_hpv"
"mast_cell","SOX2","lm",208,13,NA,0.399891159804631,NA,"cv_r2",NA,NA,NA,NA,NA,"cz_hnscc_hpv"
"mast_cell","SOX2","ridge",208,13,NA,0.405231396784562,NA,"cv_r2",NA,NA,NA,NA,NA,"cz_hnscc_hpv"
"mast_cell","SOX2","spearman",208,13,NA,0.23543047413037,NA,"cv_r2",NA,NA,NA,NA,NA,"cz_hnscc_hpv"
"mast_cell","FOXP1","rf",208,13,0.393117947848275,0.434932314857366,NA,"oob_r2",-0.0502953317580721,0.0196078431372549,TRUE,0.862759462759463,0.668783068783069,"cz_hnscc_hpv"
"mast_cell","FOXP1","lm",208,13,NA,0.338948784464596,NA,"cv_r2",NA,NA,NA,NA,NA,"cz_hnscc_hpv"
"mast_cell","FOXP1","ridge",208,13,NA,0.325317809042406,NA,"cv_r2",NA,NA,NA,NA,NA,"cz_hnscc_hpv"
"mast_cell","FOXP1","spearman",208,13,NA,0.223382567519363,NA,"cv_r2",NA,NA,NA,NA,NA,"cz_hnscc_hpv"
"mast_cell","JUN","rf",208,13,0.574342716928886,0.57449833424388,NA,"oob_r2",-0.0662991621264758,0.0196078431372549,TRUE,0.942490842490842,0.767195767195767,"cz_hnscc_hpv"
"mast_cell","JUN","lm",208,13,NA,0.344281139726375,NA,"cv_r2",NA,NA,NA,NA,NA,"cz_hnscc_hpv"
"mast_cell","JUN","ridge",208,13,NA,0.352480413489306,NA,"cv_r2",NA,NA,NA,NA,NA,"cz_hnscc_hpv"
"mast_cell","JUN","spearman",208,13,NA,0.00929125961565003,NA,"cv_r2",NA,NA,NA,NA,NA,"cz_hnscc_hpv"
"mast_cell","TGIF1","rf",208,13,0.425362060514249,0.414120809448507,NA,"oob_r2",-0.0407173920744117,0.0196078431372549,TRUE,0.913431013431013,0.822222222222222,"cz_hnscc_hpv"
"mast_cell","TGIF1","lm",208,13,NA,0.433546922040307,NA,"cv_r2",NA,NA,NA,NA,NA,"cz_hnscc_hpv"
"mast_cell","TGIF1","ridge",208,13,NA,0.429804829464667,NA,"cv_r2",NA,NA,NA,NA,NA,"cz_hnscc_hpv"
"mast_cell","TGIF1","spearman",208,13,NA,0.142098850833442,NA,"cv_r2",NA,NA,NA,NA,NA,"cz_hnscc_hpv"
"mast_cell","ZNF384","rf",208,13,0.481824066516483,0.454819785450899,NA,"oob_r2",-0.0219326398317301,0.0196078431372549,TRUE,0.929181929181929,0.692063492063492,"cz_hnscc_hpv"
"mast_cell","ZNF384","lm",208,13,NA,0.254555392024597,NA,"cv_r2",NA,NA,NA,NA,NA,"cz_hnscc_hpv"
"mast_cell","ZNF384","ridge",208,13,NA,0.270762328346497,NA,"cv_r2",NA,NA,NA,NA,NA,"cz_hnscc_hpv"
"mast_cell","ZNF384","spearman",208,13,NA,0.144252913805585,NA,"cv_r2",NA,NA,NA,NA,NA,"cz_hnscc_hpv"
"mast_cell","ID3","rf",208,13,0.472063996851902,0.431891121488315,NA,"oob_r2",-0.0879467355340451,0.0196078431372549,TRUE,0.93028083028083,0.933333333333333,"cz_hnscc_hpv"
"mast_cell","ID3","lm",208,13,NA,0.352789658532741,NA,"cv_r2",NA,NA,NA,NA,NA,"cz_hnscc_hpv"
"mast_cell","ID3","ridge",208,13,NA,0.367788231502361,NA,"cv_r2",NA,NA,NA,NA,NA,"cz_hnscc_hpv"
"mast_cell","ID3","spearman",208,13,NA,0.198162323732963,NA,"cv_r2",NA,NA,NA,NA,NA,"cz_hnscc_hpv"
"mast_cell","HEYL","rf",208,13,0.477015627108197,0.480732325475416,NA,"oob_r2",-0.0336904334505935,0.0196078431372549,TRUE,0.934920634920635,0.703703703703704,"cz_hnscc_hpv"
"mast_cell","HEYL","lm",208,13,NA,0.210971619116159,NA,"cv_r2",NA,NA,NA,NA,NA,"cz_hnscc_hpv"
"mast_cell","HEYL","ridge",208,13,NA,0.223444086255403,NA,"cv_r2",NA,NA,NA,NA,NA,"cz_hnscc_hpv"
"mast_cell","HEYL","spearman",208,13,NA,0.121195577882909,NA,"cv_r2",NA,NA,NA,NA,NA,"cz_hnscc_hpv"
"mast_cell","CREB3L1","rf",208,13,0.560549988244862,0.543064755174742,NA,"oob_r2",-0.0643559938048969,0.0196078431372549,TRUE,0.925274725274725,1,"cz_hnscc_hpv"
"mast_cell","CREB3L1","lm",208,13,NA,0.363222257081725,NA,"cv_r2",NA,NA,NA,NA,NA,"cz_hnscc_hpv"
"mast_cell","CREB3L1","ridge",208,13,NA,0.374872636539676,NA,"cv_r2",NA,NA,NA,NA,NA,"cz_hnscc_hpv"
"mast_cell","CREB3L1","spearman",208,13,NA,0.234989141927576,NA,"cv_r2",NA,NA,NA,NA,NA,"cz_hnscc_hpv"
"mast_cell","MEF2C","rf",208,13,0.251364131273426,0.228952798793937,NA,"oob_r2",-0.0495452208677465,0.0196078431372549,TRUE,0.840659340659341,0.761904761904762,"cz_hnscc_hpv"
"mast_cell","MEF2C","lm",208,13,NA,0.102678067152738,NA,"cv_r2",NA,NA,NA,NA,NA,"cz_hnscc_hpv"
"mast_cell","MEF2C","ridge",208,13,NA,0.118052882137433,NA,"cv_r2",NA,NA,NA,NA,NA,"cz_hnscc_hpv"
"mast_cell","MEF2C","spearman",208,13,NA,0.112701190404405,NA,"cv_r2",NA,NA,NA,NA,NA,"cz_hnscc_hpv"
"mast_cell","SIN3A","rf",208,13,0.541958324349023,0.494549459365979,NA,"oob_r2",-0.0445372243719391,0.0196078431372549,TRUE,0.940903540903541,0.71957671957672,"cz_hnscc_hpv"
"mast_cell","SIN3A","lm",208,13,NA,0.367382853048601,NA,"cv_r2",NA,NA,NA,NA,NA,"cz_hnscc_hpv"
"mast_cell","SIN3A","ridge",208,13,NA,0.386342441239661,NA,"cv_r2",NA,NA,NA,NA,NA,"cz_hnscc_hpv"
"mast_cell","SIN3A","spearman",208,13,NA,0.126364973990548,NA,"cv_r2",NA,NA,NA,NA,NA,"cz_hnscc_hpv"
"mast_cell","FOSB","rf",208,13,0.604637352049856,0.590426872353921,NA,"oob_r2",-0.0428861681899604,0.0196078431372549,TRUE,0.941391941391941,0.933333333333333,"cz_hnscc_hpv"
"mast_cell","FOSB","lm",208,13,NA,0.36314202875686,NA,"cv_r2",NA,NA,NA,NA,NA,"cz_hnscc_hpv"
"mast_cell","FOSB","ridge",208,13,NA,0.367254587253089,NA,"cv_r2",NA,NA,NA,NA,NA,"cz_hnscc_hpv"
"mast_cell","FOSB","spearman",208,13,NA,0.145857151804376,NA,"cv_r2",NA,NA,NA,NA,NA,"cz_hnscc_hpv"
"mast_cell","SIRT6","rf",208,13,0.576843905352846,0.566287931192862,NA,"oob_r2",-0.0448306052108447,0.0196078431372549,TRUE,0.966422466422466,0.755555555555556,"cz_hnscc_hpv"
"mast_cell","SIRT6","lm",208,13,NA,0.405879027336726,NA,"cv_r2",NA,NA,NA,NA,NA,"cz_hnscc_hpv"
"mast_cell","SIRT6","ridge",208,13,NA,0.410694510544003,NA,"cv_r2",NA,NA,NA,NA,NA,"cz_hnscc_hpv"
"mast_cell","SIRT6","spearman",208,13,NA,0.194049106233714,NA,"cv_r2",NA,NA,NA,NA,NA,"cz_hnscc_hpv"
"mast_cell","CEBPB","rf",208,13,0.575595760208962,0.573783175093643,NA,"oob_r2",-0.0703296235118639,0.0196078431372549,TRUE,0.964224664224664,0.881481481481481,"cz_hnscc_hpv"
"mast_cell","CEBPB","lm",208,13,NA,0.448163065434207,NA,"cv_r2",NA,NA,NA,NA,NA,"cz_hnscc_hpv"
"mast_cell","CEBPB","ridge",208,13,NA,0.449935557558607,NA,"cv_r2",NA,NA,NA,NA,NA,"cz_hnscc_hpv"
"mast_cell","CEBPB","spearman",208,13,NA,0.193008873117373,NA,"cv_r2",NA,NA,NA,NA,NA,"cz_hnscc_hpv"
"mast_cell","SMARCC2","rf",208,13,0.628370038003945,0.603489012563813,NA,"oob_r2",-0.0486920650903146,0.0196078431372549,TRUE,0.943345543345543,0.762962962962963,"cz_hnscc_hpv"
"mast_cell","SMARCC2","lm",208,13,NA,0.413169192497348,NA,"cv_r2",NA,NA,NA,NA,NA,"cz_hnscc_hpv"
"mast_cell","SMARCC2","ridge",208,13,NA,0.428760136636221,NA,"cv_r2",NA,NA,NA,NA,NA,"cz_hnscc_hpv"
"mast_cell","SMARCC2","spearman",208,13,NA,0.226210598271608,NA,"cv_r2",NA,NA,NA,NA,NA,"cz_hnscc_hpv"
"mast_cell","ARNT","rf",208,13,0.564311493682424,0.544988316421773,NA,"oob_r2",-0.0616480698528343,0.0196078431372549,TRUE,0.952258852258852,0.77037037037037,"cz_hnscc_hpv"
"mast_cell","ARNT","lm",208,13,NA,0.510681224477715,NA,"cv_r2",NA,NA,NA,NA,NA,"cz_hnscc_hpv"
"mast_cell","ARNT","ridge",208,13,NA,0.517177472508022,NA,"cv_r2",NA,NA,NA,NA,NA,"cz_hnscc_hpv"
"mast_cell","ARNT","spearman",208,13,NA,0.2996320209442,NA,"cv_r2",NA,NA,NA,NA,NA,"cz_hnscc_hpv"
"mast_cell","FOXO1","rf",208,13,0.649066553108372,0.649549814934592,NA,"oob_r2",-0.0360442640821318,0.0196078431372549,TRUE,0.953479853479854,0.738624338624339,"cz_hnscc_hpv"
"mast_cell","FOXO1","lm",208,13,NA,0.579599004728569,NA,"cv_r2",NA,NA,NA,NA,NA,"cz_hnscc_hpv"
"mast_cell","FOXO1","ridge",208,13,NA,0.582406207044324,NA,"cv_r2",NA,NA,NA,NA,NA,"cz_hnscc_hpv"
"mast_cell","FOXO1","spearman",208,13,NA,0.468336254288913,NA,"cv_r2",NA,NA,NA,NA,NA,"cz_hnscc_hpv"
"mast_cell","TFAP2A","rf",208,13,0.572543005006101,0.553976312489933,NA,"oob_r2",-0.0487993053089917,0.0196078431372549,TRUE,0.928815628815629,0.611640211640212,"cz_hnscc_hpv"
"mast_cell","TFAP2A","lm",208,13,NA,0.340334467202006,NA,"cv_r2",NA,NA,NA,NA,NA,"cz_hnscc_hpv"
"mast_cell","TFAP2A","ridge",208,13,NA,0.359694866732847,NA,"cv_r2",NA,NA,NA,NA,NA,"cz_hnscc_hpv"
"mast_cell","TFAP2A","spearman",208,13,NA,0.170190881416441,NA,"cv_r2",NA,NA,NA,NA,NA,"cz_hnscc_hpv"
"mast_cell","LYL1","rf",208,13,0.587633335430754,0.583339931111793,NA,"oob_r2",-0.0401717045093921,0.0196078431372549,TRUE,0.94945054945055,0.732275132275132,"cz_hnscc_hpv"
"mast_cell","LYL1","lm",208,13,NA,0.453182328626127,NA,"cv_r2",NA,NA,NA,NA,NA,"cz_hnscc_hpv"
"mast_cell","LYL1","ridge",208,13,NA,0.45951620737467,NA,"cv_r2",NA,NA,NA,NA,NA,"cz_hnscc_hpv"
"mast_cell","LYL1","spearman",208,13,NA,0.143811417168697,NA,"cv_r2",NA,NA,NA,NA,NA,"cz_hnscc_hpv"
"mast_cell","PLAG1","rf",208,13,0.541901294024654,0.581080283404131,NA,"oob_r2",-0.0451572400334743,0.0196078431372549,TRUE,0.961416361416361,1,"cz_hnscc_hpv"
"mast_cell","PLAG1","lm",208,13,NA,0.493282263436742,NA,"cv_r2",NA,NA,NA,NA,NA,"cz_hnscc_hpv"
"mast_cell","PLAG1","ridge",208,13,NA,0.496484590965254,NA,"cv_r2",NA,NA,NA,NA,NA,"cz_hnscc_hpv"
"mast_cell","PLAG1","spearman",208,13,NA,0.190355520793879,NA,"cv_r2",NA,NA,NA,NA,NA,"cz_hnscc_hpv"
"mast_cell","HMGN3","rf",208,13,0.630531761439273,0.617816341601656,NA,"oob_r2",-0.0559570482649218,0.0196078431372549,TRUE,0.946398046398046,0.822222222222222,"cz_hnscc_hpv"
"mast_cell","HMGN3","lm",208,13,NA,0.525921178741907,NA,"cv_r2",NA,NA,NA,NA,NA,"cz_hnscc_hpv"
"mast_cell","HMGN3","ridge",208,13,NA,0.529795164593186,NA,"cv_r2",NA,NA,NA,NA,NA,"cz_hnscc_hpv"
"mast_cell","HMGN3","spearman",208,13,NA,0.278524631799384,NA,"cv_r2",NA,NA,NA,NA,NA,"cz_hnscc_hpv"
"mast_cell","FOS","rf",208,13,0.580284212547151,0.609939005560679,NA,"oob_r2",-0.0253405345542528,0.0196078431372549,TRUE,0.95018315018315,0.933333333333333,"cz_hnscc_hpv"
"mast_cell","FOS","lm",208,13,NA,0.438663042615348,NA,"cv_r2",NA,NA,NA,NA,NA,"cz_hnscc_hpv"
"mast_cell","FOS","ridge",208,13,NA,0.447198588407603,NA,"cv_r2",NA,NA,NA,NA,NA,"cz_hnscc_hpv"
"mast_cell","FOS","spearman",208,13,NA,0.191487692358699,NA,"cv_r2",NA,NA,NA,NA,NA,"cz_hnscc_hpv"
"mast_cell","BATF","rf",208,13,0.499811193296431,0.5009457399447,NA,"oob_r2",-0.0861474378467111,0.0196078431372549,TRUE,0.940781440781441,1,"cz_hnscc_hpv"
"mast_cell","BATF","lm",208,13,NA,0.510204783025934,NA,"cv_r2",NA,NA,NA,NA,NA,"cz_hnscc_hpv"
"mast_cell","BATF","ridge",208,13,NA,0.511865828815689,NA,"cv_r2",NA,NA,NA,NA,NA,"cz_hnscc_hpv"
"mast_cell","BATF","spearman",208,13,NA,0.198106670765341,NA,"cv_r2",NA,NA,NA,NA,NA,"cz_hnscc_hpv"
"mast_cell","KLF7","rf",208,13,0.526665031849784,0.498733742903367,NA,"oob_r2",-0.0210460451300715,0.0196078431372549,TRUE,0.93003663003663,0.729100529100529,"cz_hnscc_hpv"
"mast_cell","KLF7","lm",208,13,NA,0.462802519736286,NA,"cv_r2",NA,NA,NA,NA,NA,"cz_hnscc_hpv"
"mast_cell","KLF7","ridge",208,13,NA,0.456377438969545,NA,"cv_r2",NA,NA,NA,NA,NA,"cz_hnscc_hpv"
"mast_cell","KLF7","spearman",208,13,NA,0.282498953494733,NA,"cv_r2",NA,NA,NA,NA,NA,"cz_hnscc_hpv"
"mast_cell","USF1","rf",208,13,0.621690036086472,0.600731328858206,NA,"oob_r2",-0.0574850560299842,0.0196078431372549,TRUE,0.967765567765568,0.933333333333333,"cz_hnscc_hpv"
"mast_cell","USF1","lm",208,13,NA,0.518338293322904,NA,"cv_r2",NA,NA,NA,NA,NA,"cz_hnscc_hpv"
"mast_cell","USF1","ridge",208,13,NA,0.523477431711382,NA,"cv_r2",NA,NA,NA,NA,NA,"cz_hnscc_hpv"
"mast_cell","USF1","spearman",208,13,NA,0.195603222353502,NA,"cv_r2",NA,NA,NA,NA,NA,"cz_hnscc_hpv"
"mast_cell","KLF6","rf",208,13,0.595777729948805,0.621860873824865,NA,"oob_r2",-0.0359982422635633,0.0196078431372549,TRUE,0.953479853479854,0.822222222222222,"cz_hnscc_hpv"
"mast_cell","KLF6","lm",208,13,NA,0.4686330564632,NA,"cv_r2",NA,NA,NA,NA,NA,"cz_hnscc_hpv"
"mast_cell","KLF6","ridge",208,13,NA,0.467601585820347,NA,"cv_r2",NA,NA,NA,NA,NA,"cz_hnscc_hpv"
"mast_cell","KLF6","spearman",208,13,NA,0.295246683950249,NA,"cv_r2",NA,NA,NA,NA,NA,"cz_hnscc_hpv"
"mast_cell","STAT1","rf",208,13,0.498015096308386,0.520164757667183,NA,"oob_r2",-0.0483838287846615,0.0196078431372549,TRUE,0.844566544566545,0.755555555555556,"cz_hnscc_hpv"
"mast_cell","STAT1","lm",208,13,NA,0.481891700319296,NA,"cv_r2",NA,NA,NA,NA,NA,"cz_hnscc_hpv"
"mast_cell","STAT1","ridge",208,13,NA,0.482278668087819,NA,"cv_r2",NA,NA,NA,NA,NA,"cz_hnscc_hpv"
"mast_cell","STAT1","spearman",208,13,NA,0.292445241561621,NA,"cv_r2",NA,NA,NA,NA,NA,"cz_hnscc_hpv"
"mast_cell","TFCP2","rf",208,13,0.534627512351059,0.528828871054303,NA,"oob_r2",-0.0520379508928257,0.0196078431372549,TRUE,0.95018315018315,0.933333333333333,"cz_hnscc_hpv"
"mast_cell","TFCP2","lm",208,13,NA,0.523369016431914,NA,"cv_r2",NA,NA,NA,NA,NA,"cz_hnscc_hpv"
"mast_cell","TFCP2","ridge",208,13,NA,0.523375731618073,NA,"cv_r2",NA,NA,NA,NA,NA,"cz_hnscc_hpv"
"mast_cell","TFCP2","spearman",208,13,NA,0.383537746966489,NA,"cv_r2",NA,NA,NA,NA,NA,"cz_hnscc_hpv"
"mast_cell","MAFF","rf",208,13,0.614018739360297,0.606472999942459,NA,"oob_r2",-0.0552042921464301,0.0196078431372549,TRUE,0.958730158730159,0.844444444444444,"cz_hnscc_hpv"
"mast_cell","MAFF","lm",208,13,NA,0.576665096731024,NA,"cv_r2",NA,NA,NA,NA,NA,"cz_hnscc_hpv"
"mast_cell","MAFF","ridge",208,13,NA,0.577298694022554,NA,"cv_r2",NA,NA,NA,NA,NA,"cz_hnscc_hpv"
"mast_cell","MAFF","spearman",208,13,NA,0.277314120693088,NA,"cv_r2",NA,NA,NA,NA,NA,"cz_hnscc_hpv"
"mast_cell","SMAD1","rf",208,13,0.660054050286644,0.646299634287622,NA,"oob_r2",-0.0718920366925112,0.0196078431372549,TRUE,0.954334554334554,1,"cz_hnscc_hpv"
"mast_cell","SMAD1","lm",208,13,NA,0.57095339312482,NA,"cv_r2",NA,NA,NA,NA,NA,"cz_hnscc_hpv"
"mast_cell","SMAD1","ridge",208,13,NA,0.577049279908819,NA,"cv_r2",NA,NA,NA,NA,NA,"cz_hnscc_hpv"
"mast_cell","SMAD1","spearman",208,13,NA,0.215943659370732,NA,"cv_r2",NA,NA,NA,NA,NA,"cz_hnscc_hpv"
"mast_cell","NFYC","rf",208,13,0.632391265241906,0.603744759532084,NA,"oob_r2",-0.0497640959197041,0.0196078431372549,TRUE,0.946398046398046,0.874074074074074,"cz_hnscc_hpv"
"mast_cell","NFYC","lm",208,13,NA,0.561469314523531,NA,"cv_r2",NA,NA,NA,NA,NA,"cz_hnscc_hpv"
"mast_cell","NFYC","ridge",208,13,NA,0.558582131135782,NA,"cv_r2",NA,NA,NA,NA,NA,"cz_hnscc_hpv"
"mast_cell","NFYC","spearman",208,13,NA,0.418325944553316,NA,"cv_r2",NA,NA,NA,NA,NA,"cz_hnscc_hpv"
"mast_cell","MAZ","rf",208,13,0.590111670707161,0.62904033360318,NA,"oob_r2",-0.0495331333792348,0.0196078431372549,TRUE,0.923565323565324,0.68994708994709,"cz_hnscc_hpv"
"mast_cell","MAZ","lm",208,13,NA,0.526374105727706,NA,"cv_r2",NA,NA,NA,NA,NA,"cz_hnscc_hpv"
"mast_cell","MAZ","ridge",208,13,NA,0.529115103910389,NA,"cv_r2",NA,NA,NA,NA,NA,"cz_hnscc_hpv"
"mast_cell","MAZ","spearman",208,13,NA,0.227015013022281,NA,"cv_r2",NA,NA,NA,NA,NA,"cz_hnscc_hpv"
"mast_cell","IRF1","rf",208,13,0.611897056485458,0.621157647003499,NA,"oob_r2",-0.0345911740456678,0.0196078431372549,TRUE,0.967032967032967,0.933333333333333,"cz_hnscc_hpv"
"mast_cell","IRF1","lm",208,13,NA,0.538087905439996,NA,"cv_r2",NA,NA,NA,NA,NA,"cz_hnscc_hpv"
"mast_cell","IRF1","ridge",208,13,NA,0.543570227739162,NA,"cv_r2",NA,NA,NA,NA,NA,"cz_hnscc_hpv"
"mast_cell","IRF1","spearman",208,13,NA,0.228219328339164,NA,"cv_r2",NA,NA,NA,NA,NA,"cz_hnscc_hpv"
"mast_cell","IRF3","rf",208,13,0.652521830159979,0.652761920807145,NA,"oob_r2",-0.0537233495374751,0.0196078431372549,TRUE,0.918315018315018,0.724867724867725,"cz_hnscc_hpv"
"mast_cell","IRF3","lm",208,13,NA,0.609949503808273,NA,"cv_r2",NA,NA,NA,NA,NA,"cz_hnscc_hpv"
"mast_cell","IRF3","ridge",208,13,NA,0.60718129502381,NA,"cv_r2",NA,NA,NA,NA,NA,"cz_hnscc_hpv"
"mast_cell","IRF3","spearman",208,13,NA,0.384410191476384,NA,"cv_r2",NA,NA,NA,NA,NA,"cz_hnscc_hpv"
"mast_cell","STAT3","rf",208,13,0.656515041287631,0.672736635136369,NA,"oob_r2",-0.0625568931116626,0.0196078431372549,TRUE,0.972405372405372,0.881481481481481,"cz_hnscc_hpv"
"mast_cell","STAT3","lm",208,13,NA,0.573302205844488,NA,"cv_r2",NA,NA,NA,NA,NA,"cz_hnscc_hpv"
"mast_cell","STAT3","ridge",208,13,NA,0.574980391340534,NA,"cv_r2",NA,NA,NA,NA,NA,"cz_hnscc_hpv"
"mast_cell","STAT3","spearman",208,13,NA,0.281233377321168,NA,"cv_r2",NA,NA,NA,NA,NA,"cz_hnscc_hpv"
"natural_killer_cell","BHLHE40","rf",318,41,0.584635095027102,0.581097854638192,NA,"oob_r2",-0.0326496714359816,0.0196078431372549,TRUE,0.868521099496709,0.933333333333333,"cz_hnscc_hpv"
"natural_killer_cell","BHLHE40","lm",318,41,NA,0.498406864221128,NA,"cv_r2",NA,NA,NA,NA,NA,"cz_hnscc_hpv"
"natural_killer_cell","BHLHE40","ridge",318,41,NA,0.535292970884895,NA,"cv_r2",NA,NA,NA,NA,NA,"cz_hnscc_hpv"
"natural_killer_cell","BHLHE40","spearman",318,41,NA,0.296972611936915,NA,"cv_r2",NA,NA,NA,NA,NA,"cz_hnscc_hpv"
"natural_killer_cell","NRF1","rf",318,41,0.85808138899281,0.849350422156736,NA,"oob_r2",-0.0502618988412689,0.0196078431372549,TRUE,0.892086720867209,1,"cz_hnscc_hpv"
"natural_killer_cell","NRF1","lm",318,41,NA,0.849824814924549,NA,"cv_r2",NA,NA,NA,NA,NA,"cz_hnscc_hpv"
"natural_killer_cell","NRF1","ridge",318,41,NA,0.85091700951333,NA,"cv_r2",NA,NA,NA,NA,NA,"cz_hnscc_hpv"
"natural_killer_cell","NRF1","spearman",318,41,NA,0.498687697754854,NA,"cv_r2",NA,NA,NA,NA,NA,"cz_hnscc_hpv"
"natural_killer_cell","JUND","rf",318,41,0.489399516856435,0.476452883062536,NA,"oob_r2",-0.042613068103916,0.0196078431372549,TRUE,0.865040650406504,0.721693121693122,"cz_hnscc_hpv"
"natural_killer_cell","JUND","lm",318,41,NA,0.352491807005721,NA,"cv_r2",NA,NA,NA,NA,NA,"cz_hnscc_hpv"
"natural_killer_cell","JUND","ridge",318,41,NA,0.398676858539124,NA,"cv_r2",NA,NA,NA,NA,NA,"cz_hnscc_hpv"
"natural_killer_cell","JUND","spearman",318,41,NA,0.231230229851335,NA,"cv_r2",NA,NA,NA,NA,NA,"cz_hnscc_hpv"
"natural_killer_cell","FOS","rf",318,41,0.551153331542318,0.523127381224017,NA,"oob_r2",-0.0215937869767446,0.0196078431372549,TRUE,0.85915602013163,0.601058201058201,"cz_hnscc_hpv"
"natural_killer_cell","FOS","lm",318,41,NA,0.395090767825312,NA,"cv_r2",NA,NA,NA,NA,NA,"cz_hnscc_hpv"
"natural_killer_cell","FOS","ridge",318,41,NA,0.44509063677572,NA,"cv_r2",NA,NA,NA,NA,NA,"cz_hnscc_hpv"
"natural_killer_cell","FOS","spearman",318,41,NA,0.290023934297639,NA,"cv_r2",NA,NA,NA,NA,NA,"cz_hnscc_hpv"
"natural_killer_cell","ATF3","rf",318,41,0.434817745508045,0.419729927091867,NA,"oob_r2",-0.0254281462035037,0.0196078431372549,TRUE,0.884591560201316,0.557142857142857,"cz_hnscc_hpv"
"natural_killer_cell","ATF3","lm",318,41,NA,0.319344683010861,NA,"cv_r2",NA,NA,NA,NA,NA,"cz_hnscc_hpv"
"natural_killer_cell","ATF3","ridge",318,41,NA,0.361688964779615,NA,"cv_r2",NA,NA,NA,NA,NA,"cz_hnscc_hpv"
"natural_killer_cell","ATF3","spearman",318,41,NA,0.123432495040245,NA,"cv_r2",NA,NA,NA,NA,NA,"cz_hnscc_hpv"
"natural_killer_cell","EGR2","rf",318,41,0.844247203826012,0.831575934133216,NA,"oob_r2",-0.0439371769432038,0.0196078431372549,TRUE,0.911447928765002,0.8,"cz_hnscc_hpv"
"natural_killer_cell","EGR2","lm",318,41,NA,0.806622971458381,NA,"cv_r2",NA,NA,NA,NA,NA,"cz_hnscc_hpv"
"natural_killer_cell","EGR2","ridge",318,41,NA,0.816016973749456,NA,"cv_r2",NA,NA,NA,NA,NA,"cz_hnscc_hpv"
"natural_killer_cell","EGR2","spearman",318,41,NA,0.566148088994508,NA,"cv_r2",NA,NA,NA,NA,NA,"cz_hnscc_hpv"
"natural_killer_cell","MAF","rf",318,41,0.885521411443904,0.878848244386939,NA,"oob_r2",-0.0658531261728694,0.0196078431372549,TRUE,0.911200154858692,0.816931216931217,"cz_hnscc_hpv"
"natural_killer_cell","MAF","lm",318,41,NA,0.863783110937119,NA,"cv_r2",NA,NA,NA,NA,NA,"cz_hnscc_hpv"
"natural_killer_cell","MAF","ridge",318,41,NA,0.865866890657247,NA,"cv_r2",NA,NA,NA,NA,NA,"cz_hnscc_hpv"
"natural_killer_cell","MAF","spearman",318,41,NA,0.45794994292916,NA,"cv_r2",NA,NA,NA,NA,NA,"cz_hnscc_hpv"
"natural_killer_cell","ZNF350","rf",318,41,0.635600817404445,0.645848220402054,NA,"oob_r2",-0.0266669318718101,0.0196078431372549,TRUE,0.896155632984901,0.593650793650794,"cz_hnscc_hpv"
"natural_killer_cell","ZNF350","lm",318,41,NA,0.603706589185274,NA,"cv_r2",NA,NA,NA,NA,NA,"cz_hnscc_hpv"
"natural_killer_cell","ZNF350","ridge",318,41,NA,0.625365545675275,NA,"cv_r2",NA,NA,NA,NA,NA,"cz_hnscc_hpv"
"natural_killer_cell","ZNF350","spearman",318,41,NA,0.330472149750942,NA,"cv_r2",NA,NA,NA,NA,NA,"cz_hnscc_hpv"
"natural_killer_cell","NFKB1","rf",318,41,0.794729157319227,0.787195362426423,NA,"oob_r2",-0.047610526859368,0.0196078431372549,TRUE,0.910170344560589,0.734391534391534,"cz_hnscc_hpv"
"natural_killer_cell","NFKB1","lm",318,41,NA,0.732993299549376,NA,"cv_r2",NA,NA,NA,NA,NA,"cz_hnscc_hpv"
"natural_killer_cell","NFKB1","ridge",318,41,NA,0.735388128907726,NA,"cv_r2",NA,NA,NA,NA,NA,"cz_hnscc_hpv"
"natural_killer_cell","NFKB1","spearman",318,41,NA,0.495526203570225,NA,"cv_r2",NA,NA,NA,NA,NA,"cz_hnscc_hpv"
"natural_killer_cell","KLF11","rf",318,41,0.876235683035901,0.867842826809931,NA,"oob_r2",-0.065527838088782,0.0196078431372549,TRUE,0.83746806039489,0.82962962962963,"cz_hnscc_hpv"
"natural_killer_cell","KLF11","lm",318,41,NA,0.852413432028279,NA,"cv_r2",NA,NA,NA,NA,NA,"cz_hnscc_hpv"
"natural_killer_cell","KLF11","ridge",318,41,NA,0.856272549171607,NA,"cv_r2",NA,NA,NA,NA,NA,"cz_hnscc_hpv"
"natural_killer_cell","KLF11","spearman",318,41,NA,0.669374776605502,NA,"cv_r2",NA,NA,NA,NA,NA,"cz_hnscc_hpv"
"natural_killer_cell","ELF3","rf",318,41,0.793430767999288,0.790179724790476,NA,"oob_r2",-0.0606577441776891,0.0196078431372549,TRUE,0.85862950058072,0.822222222222222,"cz_hnscc_hpv"
"natural_killer_cell","ELF3","lm",318,41,NA,0.751934132116873,NA,"cv_r2",NA,NA,NA,NA,NA,"cz_hnscc_hpv"
"natural_killer_cell","ELF3","ridge",318,41,NA,0.761688885095316,NA,"cv_r2",NA,NA,NA,NA,NA,"cz_hnscc_hpv"
"natural_killer_cell","ELF3","spearman",318,41,NA,0.489295316202954,NA,"cv_r2",NA,NA,NA,NA,NA,"cz_hnscc_hpv"
"natural_killer_cell","FOXP3","rf",318,41,0.607619922290472,0.595020761576719,NA,"oob_r2",-0.0397020817362827,0.0196078431372549,TRUE,0.812226093689508,1,"cz_hnscc_hpv"
"natural_killer_cell","FOXP3","lm",318,41,NA,0.488682465862527,NA,"cv_r2",NA,NA,NA,NA,NA,"cz_hnscc_hpv"
"natural_killer_cell","FOXP3","ridge",318,41,NA,0.525489455389223,NA,"cv_r2",NA,NA,NA,NA,NA,"cz_hnscc_hpv"
"natural_killer_cell","FOXP3","spearman",318,41,NA,0.432628199304157,NA,"cv_r2",NA,NA,NA,NA,NA,"cz_hnscc_hpv"
"natural_killer_cell","REL","rf",318,41,0.84323252125554,0.83340378466093,NA,"oob_r2",-0.0511774460669712,0.0196078431372549,TRUE,0.897123499806427,0.933333333333333,"cz_hnscc_hpv"
"natural_killer_cell","REL","lm",318,41,NA,0.792395003157631,NA,"cv_r2",NA,NA,NA,NA,NA,"cz_hnscc_hpv"
"natural_killer_cell","REL","ridge",318,41,NA,0.793864253229742,NA,"cv_r2",NA,NA,NA,NA,NA,"cz_hnscc_hpv"
"natural_killer_cell","REL","spearman",318,41,NA,0.44459369918202,NA,"cv_r2",NA,NA,NA,NA,NA,"cz_hnscc_hpv"
"natural_killer_cell","KLF6","rf",318,41,0.3636258093041,0.335831527214489,NA,"oob_r2",-0.0465672605178502,0.0196078431372549,TRUE,0.8755710414247,0.466666666666667,"cz_hnscc_hpv"
"natural_killer_cell","KLF6","lm",318,41,NA,0.211675794395778,NA,"cv_r2",NA,NA,NA,NA,NA,"cz_hnscc_hpv"
"natural_killer_cell","KLF6","ridge",318,41,NA,0.26423086577349,NA,"cv_r2",NA,NA,NA,NA,NA,"cz_hnscc_hpv"
"natural_killer_cell","KLF6","spearman",318,41,NA,0.141773432800389,NA,"cv_r2",NA,NA,NA,NA,NA,"cz_hnscc_hpv"
"natural_killer_cell","MYC","rf",318,41,0.647316040085176,0.614733149572672,NA,"oob_r2",-0.0463877506547106,0.0196078431372549,TRUE,0.884510259388308,0.601058201058201,"cz_hnscc_hpv"
"natural_killer_cell","MYC","lm",318,41,NA,0.527651595574563,NA,"cv_r2",NA,NA,NA,NA,NA,"cz_hnscc_hpv"
"natural_killer_cell","MYC","ridge",318,41,NA,0.531518595130302,NA,"cv_r2",NA,NA,NA,NA,NA,"cz_hnscc_hpv"
"natural_killer_cell","MYC","spearman",318,41,NA,0.283214781524643,NA,"cv_r2",NA,NA,NA,NA,NA,"cz_hnscc_hpv"
"natural_killer_cell","CHD2","rf",318,41,0.293485961745583,0.240246211897605,NA,"oob_r2",-0.055239965145291,0.0196078431372549,TRUE,0.80833139759969,0.704761904761905,"cz_hnscc_hpv"
"natural_killer_cell","CHD2","lm",318,41,NA,0.118631845170738,NA,"cv_r2",NA,NA,NA,NA,NA,"cz_hnscc_hpv"
"natural_killer_cell","CHD2","ridge",318,41,NA,0.17849863257927,NA,"cv_r2",NA,NA,NA,NA,NA,"cz_hnscc_hpv"
"natural_killer_cell","CHD2","spearman",318,41,NA,0.0290555888344211,NA,"cv_r2",NA,NA,NA,NA,NA,"cz_hnscc_hpv"
"natural_killer_cell","KLF15","rf",318,41,0.430698522176395,0.375446150612144,NA,"oob_r2",-0.048189659794395,0.0196078431372549,TRUE,0.835152922957801,0.661375661375661,"cz_hnscc_hpv"
"natural_killer_cell","KLF15","lm",318,41,NA,0.234882636186427,NA,"cv_r2",NA,NA,NA,NA,NA,"cz_hnscc_hpv"
"natural_killer_cell","KLF15","ridge",318,41,NA,0.286678787937179,NA,"cv_r2",NA,NA,NA,NA,NA,"cz_hnscc_hpv"
"natural_killer_cell","KLF15","spearman",318,41,NA,0.124317547554101,NA,"cv_r2",NA,NA,NA,NA,NA,"cz_hnscc_hpv"
"natural_killer_cell","ELF1","rf",318,41,0.312669600180842,0.233416761561663,NA,"oob_r2",-0.0508279265235522,0.0196078431372549,TRUE,0.810150987224158,0.586243386243386,"cz_hnscc_hpv"
"natural_killer_cell","ELF1","lm",318,41,NA,0.0985287148422157,NA,"cv_r2",NA,NA,NA,NA,NA,"cz_hnscc_hpv"
"natural_killer_cell","ELF1","ridge",318,41,NA,0.161186891957868,NA,"cv_r2",NA,NA,NA,NA,NA,"cz_hnscc_hpv"
"natural_killer_cell","ELF1","spearman",318,41,NA,0.0208198858427564,NA,"cv_r2",NA,NA,NA,NA,NA,"cz_hnscc_hpv"
"natural_killer_cell","HIF1A","rf",318,41,0.58779252392687,0.567731897548749,NA,"oob_r2",-0.0433319178352578,0.0196078431372549,TRUE,0.870960123886953,1,"cz_hnscc_hpv"
"natural_killer_cell","HIF1A","lm",318,41,NA,0.459107638353246,NA,"cv_r2",NA,NA,NA,NA,NA,"cz_hnscc_hpv"
"natural_killer_cell","HIF1A","ridge",318,41,NA,0.494052732775845,NA,"cv_r2",NA,NA,NA,NA,NA,"cz_hnscc_hpv"
"natural_killer_cell","HIF1A","spearman",318,41,NA,0.394120064450043,NA,"cv_r2",NA,NA,NA,NA,NA,"cz_hnscc_hpv"
"natural_killer_cell","AHR","rf",318,41,0.760718426787005,0.732378860650435,NA,"oob_r2",-0.0568576644030496,0.0196078431372549,TRUE,0.859550909794812,0.792592592592593,"cz_hnscc_hpv"
"natural_killer_cell","AHR","lm",318,41,NA,0.689072100390933,NA,"cv_r2",NA,NA,NA,NA,NA,"cz_hnscc_hpv"
"natural_killer_cell","AHR","ridge",318,41,NA,0.738397558644096,NA,"cv_r2",NA,NA,NA,NA,NA,"cz_hnscc_hpv"
"natural_killer_cell","AHR","spearman",318,41,NA,0.492663385879042,NA,"cv_r2",NA,NA,NA,NA,NA,"cz_hnscc_hpv"
"natural_killer_cell","NR4A3","rf",318,41,0.790206630388101,0.782440019160429,NA,"oob_r2",-0.0645238929253997,0.0196078431372549,TRUE,0.849775454897406,0.874074074074074,"cz_hnscc_hpv"
"natural_killer_cell","NR4A3","lm",318,41,NA,0.721363874329017,NA,"cv_r2",NA,NA,NA,NA,NA,"cz_hnscc_hpv"
"natural_killer_cell","NR4A3","ridge",318,41,NA,0.742491532857287,NA,"cv_r2",NA,NA,NA,NA,NA,"cz_hnscc_hpv"
"natural_killer_cell","NR4A3","spearman",318,41,NA,0.483767814057325,NA,"cv_r2",NA,NA,NA,NA,NA,"cz_hnscc_hpv"
"natural_killer_cell","NR2C1","rf",318,41,0.694782817790488,0.698897071343243,NA,"oob_r2",-0.0516945163878873,0.0196078431372549,TRUE,0.885903987611305,0.71957671957672,"cz_hnscc_hpv"
"natural_killer_cell","NR2C1","lm",318,41,NA,0.662239516187027,NA,"cv_r2",NA,NA,NA,NA,NA,"cz_hnscc_hpv"
"natural_killer_cell","NR2C1","ridge",318,41,NA,0.669640664581801,NA,"cv_r2",NA,NA,NA,NA,NA,"cz_hnscc_hpv"
"natural_killer_cell","NR2C1","spearman",318,41,NA,0.391699677680488,NA,"cv_r2",NA,NA,NA,NA,NA,"cz_hnscc_hpv"
"natural_killer_cell","RORA","rf",318,41,0.811253804444902,0.801625850331569,NA,"oob_r2",-0.0555895705207617,0.0196078431372549,TRUE,0.887820363917925,0.75026455026455,"cz_hnscc_hpv"
"natural_killer_cell","RORA","lm",318,41,NA,0.797585595147081,NA,"cv_r2",NA,NA,NA,NA,NA,"cz_hnscc_hpv"
"natural_killer_cell","RORA","ridge",318,41,NA,0.801087672912811,NA,"cv_r2",NA,NA,NA,NA,NA,"cz_hnscc_hpv"
"natural_killer_cell","RORA","spearman",318,41,NA,0.496099478543054,NA,"cv_r2",NA,NA,NA,NA,NA,"cz_hnscc_hpv"
"natural_killer_cell","SCX","rf",318,41,0.88122203085767,0.871506080587006,NA,"oob_r2",-0.0778258949498745,0.0196078431372549,TRUE,0.893294618660472,0.874074074074074,"cz_hnscc_hpv"
"natural_killer_cell","SCX","lm",318,41,NA,0.854283544497733,NA,"cv_r2",NA,NA,NA,NA,NA,"cz_hnscc_hpv"
"natural_killer_cell","SCX","ridge",318,41,NA,0.861734515507924,NA,"cv_r2",NA,NA,NA,NA,NA,"cz_hnscc_hpv"
"natural_killer_cell","SCX","spearman",318,41,NA,0.60585793933471,NA,"cv_r2",NA,NA,NA,NA,NA,"cz_hnscc_hpv"
"natural_killer_cell","IKZF3","rf",318,41,0.734163914551062,0.721815226667754,NA,"oob_r2",-0.0348420241408848,0.0196078431372549,TRUE,0.873325590398761,1,"cz_hnscc_hpv"
"natural_killer_cell","IKZF3","lm",318,41,NA,0.727752316546556,NA,"cv_r2",NA,NA,NA,NA,NA,"cz_hnscc_hpv"
"natural_killer_cell","IKZF3","ridge",318,41,NA,0.73874613509031,NA,"cv_r2",NA,NA,NA,NA,NA,"cz_hnscc_hpv"
"natural_killer_cell","IKZF3","spearman",318,41,NA,0.508888450551418,NA,"cv_r2",NA,NA,NA,NA,NA,"cz_hnscc_hpv"
"natural_killer_cell","SMAD1","rf",318,41,0.309959266196367,0.23823337979657,NA,"oob_r2",-0.0440492313943303,0.0196078431372549,TRUE,0.782257065427797,0.616931216931217,"cz_hnscc_hpv"
"natural_killer_cell","SMAD1","lm",318,41,NA,0.141131219550746,NA,"cv_r2",NA,NA,NA,NA,NA,"cz_hnscc_hpv"
"natural_killer_cell","SMAD1","ridge",318,41,NA,0.188211991920821,NA,"cv_r2",NA,NA,NA,NA,NA,"cz_hnscc_hpv"
"natural_killer_cell","SMAD1","spearman",318,41,NA,0.073682304407778,NA,"cv_r2",NA,NA,NA,NA,NA,"cz_hnscc_hpv"
"natural_killer_cell","ETS2","rf",318,41,0.755335601403256,0.765014414399088,NA,"oob_r2",-0.0518399959478203,0.0196078431372549,TRUE,0.90954316686024,0.755555555555556,"cz_hnscc_hpv"
"natural_killer_cell","ETS2","lm",318,41,NA,0.706476001562954,NA,"cv_r2",NA,NA,NA,NA,NA,"cz_hnscc_hpv"
"natural_killer_cell","ETS2","ridge",318,41,NA,0.71589354767909,NA,"cv_r2",NA,NA,NA,NA,NA,"cz_hnscc_hpv"
"natural_killer_cell","ETS2","spearman",318,41,NA,0.462040419294324,NA,"cv_r2",NA,NA,NA,NA,NA,"cz_hnscc_hpv"
"natural_killer_cell","ITGB2","rf",318,41,0.759889102062312,0.75828523461659,NA,"oob_r2",-0.044560442290618,0.0196078431372549,TRUE,0.891455671699574,0.702645502645503,"cz_hnscc_hpv"
"natural_killer_cell","ITGB2","lm",318,41,NA,0.701905440121845,NA,"cv_r2",NA,NA,NA,NA,NA,"cz_hnscc_hpv"
"natural_killer_cell","ITGB2","ridge",318,41,NA,0.730655356762922,NA,"cv_r2",NA,NA,NA,NA,NA,"cz_hnscc_hpv"
"natural_killer_cell","ITGB2","spearman",318,41,NA,0.48848980408101,NA,"cv_r2",NA,NA,NA,NA,NA,"cz_hnscc_hpv"
"natural_killer_cell","SOX9","rf",318,41,0.90503639590767,0.895558423298336,NA,"oob_r2",-0.050608720845514,0.0196078431372549,TRUE,0.868056523422377,0.822222222222222,"cz_hnscc_hpv"
"natural_killer_cell","SOX9","lm",318,41,NA,0.902747892487497,NA,"cv_r2",NA,NA,NA,NA,NA,"cz_hnscc_hpv"
"natural_killer_cell","SOX9","ridge",318,41,NA,0.905276699348475,NA,"cv_r2",NA,NA,NA,NA,NA,"cz_hnscc_hpv"
"natural_killer_cell","SOX9","spearman",318,41,NA,0.64443447064031,NA,"cv_r2",NA,NA,NA,NA,NA,"cz_hnscc_hpv"
"natural_killer_cell","IRF4","rf",318,41,0.642601968903076,0.641051042711019,NA,"oob_r2",-0.0448179191749377,0.0196078431372549,TRUE,0.882191250483934,0.8,"cz_hnscc_hpv"
"natural_killer_cell","IRF4","lm",318,41,NA,0.5960083832007,NA,"cv_r2",NA,NA,NA,NA,NA,"cz_hnscc_hpv"
"natural_killer_cell","IRF4","ridge",318,41,NA,0.625728426864231,NA,"cv_r2",NA,NA,NA,NA,NA,"cz_hnscc_hpv"
"natural_killer_cell","IRF4","spearman",318,41,NA,0.453248270908085,NA,"cv_r2",NA,NA,NA,NA,NA,"cz_hnscc_hpv"
"natural_killer_cell","CTCFL","rf",318,41,0.279881326286065,0.223952610755531,NA,"oob_r2",-0.0651603460888326,0.0196078431372549,TRUE,0.835555555555556,0.557671957671958,"cz_hnscc_hpv"
"natural_killer_cell","CTCFL","lm",318,41,NA,0.0792387230869579,NA,"cv_r2",NA,NA,NA,NA,NA,"cz_hnscc_hpv"
"natural_killer_cell","CTCFL","ridge",318,41,NA,0.145341011064317,NA,"cv_r2",NA,NA,NA,NA,NA,"cz_hnscc_hpv"
"natural_killer_cell","CTCFL","spearman",318,41,NA,0.0266893258927465,NA,"cv_r2",NA,NA,NA,NA,NA,"cz_hnscc_hpv"
"natural_killer_cell","IKZF1","rf",318,41,0.7811825762521,0.745454076230228,NA,"oob_r2",-0.0438839946535587,0.0196078431372549,TRUE,0.885009678668215,0.881481481481481,"cz_hnscc_hpv"
"natural_killer_cell","IKZF1","lm",318,41,NA,0.743060470103914,NA,"cv_r2",NA,NA,NA,NA,NA,"cz_hnscc_hpv"
"natural_killer_cell","IKZF1","ridge",318,41,NA,0.759491538507802,NA,"cv_r2",NA,NA,NA,NA,NA,"cz_hnscc_hpv"
"natural_killer_cell","IKZF1","spearman",318,41,NA,0.514243447585588,NA,"cv_r2",NA,NA,NA,NA,NA,"cz_hnscc_hpv"
"natural_killer_cell","RBPJ","rf",318,41,0.856673688506157,0.853467040219706,NA,"oob_r2",-0.0629435931585541,0.0196078431372549,TRUE,0.837181571815718,0.77037037037037,"cz_hnscc_hpv"
"natural_killer_cell","RBPJ","lm",318,41,NA,0.812640354150685,NA,"cv_r2",NA,NA,NA,NA,NA,"cz_hnscc_hpv"
"natural_killer_cell","RBPJ","ridge",318,41,NA,0.821324804497219,NA,"cv_r2",NA,NA,NA,NA,NA,"cz_hnscc_hpv"
"natural_killer_cell","RBPJ","spearman",318,41,NA,0.588596890442205,NA,"cv_r2",NA,NA,NA,NA,NA,"cz_hnscc_hpv"
"natural_killer_cell","EGR1","rf",318,41,0.51675406490983,0.479305276885009,NA,"oob_r2",-0.04855451646466,0.0196078431372549,TRUE,0.865083236546651,0.718518518518518,"cz_hnscc_hpv"
"natural_killer_cell","EGR1","lm",318,41,NA,0.371725036953438,NA,"cv_r2",NA,NA,NA,NA,NA,"cz_hnscc_hpv"
"natural_killer_cell","EGR1","ridge",318,41,NA,0.395822588856704,NA,"cv_r2",NA,NA,NA,NA,NA,"cz_hnscc_hpv"
"natural_killer_cell","EGR1","spearman",318,41,NA,0.0588972509872501,NA,"cv_r2",NA,NA,NA,NA,NA,"cz_hnscc_hpv"
"natural_killer_cell","ZBTB1","rf",318,41,0.317036441378253,0.282092116948928,NA,"oob_r2",-0.0462435164161224,0.0196078431372549,TRUE,0.761207897793264,0.614814814814815,"cz_hnscc_hpv"
"natural_killer_cell","ZBTB1","lm",318,41,NA,0.110906887688556,NA,"cv_r2",NA,NA,NA,NA,NA,"cz_hnscc_hpv"
"natural_killer_cell","ZBTB1","ridge",318,41,NA,0.184999184513738,NA,"cv_r2",NA,NA,NA,NA,NA,"cz_hnscc_hpv"
"natural_killer_cell","ZBTB1","spearman",318,41,NA,0.13019694332152,NA,"cv_r2",NA,NA,NA,NA,NA,"cz_hnscc_hpv"
"natural_killer_cell","ZNF331","rf",318,41,0.748335498009988,0.743649889552206,NA,"oob_r2",-0.0606715959471118,0.0196078431372549,TRUE,0.910542005420054,0.762962962962963,"cz_hnscc_hpv"
"natural_killer_cell","ZNF331","lm",318,41,NA,0.694793064929504,NA,"cv_r2",NA,NA,NA,NA,NA,"cz_hnscc_hpv"
"natural_killer_cell","ZNF331","ridge",318,41,NA,0.705334417452772,NA,"cv_r2",NA,NA,NA,NA,NA,"cz_hnscc_hpv"
"natural_killer_cell","ZNF331","spearman",318,41,NA,0.527940836058536,NA,"cv_r2",NA,NA,NA,NA,NA,"cz_hnscc_hpv"
"natural_killer_cell","BRF2","rf",318,41,0.270960863312726,0.192881270999215,NA,"oob_r2",-0.0348426575616676,0.0196078431372549,TRUE,0.840294231513744,0.503439153439153,"cz_hnscc_hpv"
"natural_killer_cell","BRF2","lm",318,41,NA,0.0961014525611025,NA,"cv_r2",NA,NA,NA,NA,NA,"cz_hnscc_hpv"
"natural_killer_cell","BRF2","ridge",318,41,NA,0.173702666695295,NA,"cv_r2",NA,NA,NA,NA,NA,"cz_hnscc_hpv"
"natural_killer_cell","BRF2","spearman",318,41,NA,0.031362001658311,NA,"cv_r2",NA,NA,NA,NA,NA,"cz_hnscc_hpv"
"natural_killer_cell","MYBL2","rf",318,41,0.651175965766244,0.621881285711999,NA,"oob_r2",-0.057988917784489,0.0196078431372549,TRUE,0.908896631823461,0.740740740740741,"cz_hnscc_hpv"
"natural_killer_cell","MYBL2","lm",318,41,NA,0.568999540326826,NA,"cv_r2",NA,NA,NA,NA,NA,"cz_hnscc_hpv"
"natural_killer_cell","MYBL2","ridge",318,41,NA,0.59117548138654,NA,"cv_r2",NA,NA,NA,NA,NA,"cz_hnscc_hpv"
"natural_killer_cell","MYBL2","spearman",318,41,NA,0.376007503335415,NA,"cv_r2",NA,NA,NA,NA,NA,"cz_hnscc_hpv"
"natural_killer_cell","IRF7","rf",318,41,0.0963864002476813,0.0628831657639177,NA,"oob_r2",-0.0580234770475485,0.0196078431372549,TRUE,0.535172280294232,0.336596119929453,"cz_hnscc_hpv"
"natural_killer_cell","IRF7","lm",318,41,NA,-0.190105703773772,NA,"cv_r2",NA,NA,NA,NA,NA,"cz_hnscc_hpv"
"natural_killer_cell","IRF7","ridge",318,41,NA,0.0702266428072857,NA,"cv_r2",NA,NA,NA,NA,NA,"cz_hnscc_hpv"
"natural_killer_cell","IRF7","spearman",318,41,NA,0.0217728390375743,NA,"cv_r2",NA,NA,NA,NA,NA,"cz_hnscc_hpv"
"natural_killer_cell","SP100","rf",318,41,0.491038929364006,0.443007085039701,NA,"oob_r2",-0.0493728852313573,0.0196078431372549,TRUE,0.661447928765002,0.557671957671958,"cz_hnscc_hpv"
"natural_killer_cell","SP100","lm",318,41,NA,0.291627514934295,NA,"cv_r2",NA,NA,NA,NA,NA,"cz_hnscc_hpv"
"natural_killer_cell","SP100","ridge",318,41,NA,0.378507160531574,NA,"cv_r2",NA,NA,NA,NA,NA,"cz_hnscc_hpv"
"natural_killer_cell","SP100","spearman",318,41,NA,0.303103179530937,NA,"cv_r2",NA,NA,NA,NA,NA,"cz_hnscc_hpv"
"natural_killer_cell","ESR2","rf",318,41,0.677995305877757,0.638328274992687,NA,"oob_r2",-0.0370494471823485,0.0196078431372549,TRUE,0.886635694928378,0.75026455026455,"cz_hnscc_hpv"
"natural_killer_cell","ESR2","lm",318,41,NA,0.491508628865319,NA,"cv_r2",NA,NA,NA,NA,NA,"cz_hnscc_hpv"
"natural_killer_cell","ESR2","ridge",318,41,NA,0.519151910977087,NA,"cv_r2",NA,NA,NA,NA,NA,"cz_hnscc_hpv"
"natural_killer_cell","ESR2","spearman",318,41,NA,0.140684925662417,NA,"cv_r2",NA,NA,NA,NA,NA,"cz_hnscc_hpv"
"natural_killer_cell","NR2F1","rf",318,41,0.64850440415867,0.636534635433093,NA,"oob_r2",-0.0598138293092837,0.0196078431372549,TRUE,0.873182346109176,0.658201058201058,"cz_hnscc_hpv"
"natural_killer_cell","NR2F1","lm",318,41,NA,0.566866774908823,NA,"cv_r2",NA,NA,NA,NA,NA,"cz_hnscc_hpv"
"natural_killer_cell","NR2F1","ridge",318,41,NA,0.586491495383948,NA,"cv_r2",NA,NA,NA,NA,NA,"cz_hnscc_hpv"
"natural_killer_cell","NR2F1","spearman",318,41,NA,0.336286481478596,NA,"cv_r2",NA,NA,NA,NA,NA,"cz_hnscc_hpv"
"natural_killer_cell","ZFP28","rf",318,41,0.477690569823001,0.453794528339565,NA,"oob_r2",-0.0525639508629874,0.0196078431372549,TRUE,0.836163375919474,0.701587301587302,"cz_hnscc_hpv"
"natural_killer_cell","ZFP28","lm",318,41,NA,0.393882909604409,NA,"cv_r2",NA,NA,NA,NA,NA,"cz_hnscc_hpv"
"natural_killer_cell","ZFP28","ridge",318,41,NA,0.401036461906512,NA,"cv_r2",NA,NA,NA,NA,NA,"cz_hnscc_hpv"
"natural_killer_cell","ZFP28","spearman",318,41,NA,0.170028232756589,NA,"cv_r2",NA,NA,NA,NA,NA,"cz_hnscc_hpv"
"natural_killer_cell","CUX1","rf",318,41,0.641989834362004,0.626258262770768,NA,"oob_r2",-0.0465127438527239,0.0196078431372549,TRUE,0.89970189701897,0.933333333333333,"cz_hnscc_hpv"
"natural_killer_cell","CUX1","lm",318,41,NA,0.534182831293812,NA,"cv_r2",NA,NA,NA,NA,NA,"cz_hnscc_hpv"
"natural_killer_cell","CUX1","ridge",318,41,NA,0.550418061023269,NA,"cv_r2",NA,NA,NA,NA,NA,"cz_hnscc_hpv"
"natural_killer_cell","CUX1","spearman",318,41,NA,0.244072287150929,NA,"cv_r2",NA,NA,NA,NA,NA,"cz_hnscc_hpv"
"natural_killer_cell","ZFY","rf",318,41,0.644387880448738,0.629843899609563,NA,"oob_r2",-0.0655881886291277,0.0196078431372549,TRUE,0.850007742934572,1,"cz_hnscc_hpv"
"natural_killer_cell","ZFY","lm",318,41,NA,0.623182034297374,NA,"cv_r2",NA,NA,NA,NA,NA,"cz_hnscc_hpv"
"natural_killer_cell","ZFY","ridge",318,41,NA,0.636361900029549,NA,"cv_r2",NA,NA,NA,NA,NA,"cz_hnscc_hpv"
"natural_killer_cell","ZFY","spearman",318,41,NA,0.305328342554035,NA,"cv_r2",NA,NA,NA,NA,NA,"cz_hnscc_hpv"
"natural_killer_cell","TBX19","rf",318,41,0.713360221828808,0.707354721705376,NA,"oob_r2",-0.0666055867161473,0.0196078431372549,TRUE,0.90929539295393,1,"cz_hnscc_hpv"
"natural_killer_cell","TBX19","lm",318,41,NA,0.640960835080584,NA,"cv_r2",NA,NA,NA,NA,NA,"cz_hnscc_hpv"
"natural_killer_cell","TBX19","ridge",318,41,NA,0.654374348934723,NA,"cv_r2",NA,NA,NA,NA,NA,"cz_hnscc_hpv"
"natural_killer_cell","TBX19","spearman",318,41,NA,0.389759332838291,NA,"cv_r2",NA,NA,NA,NA,NA,"cz_hnscc_hpv"
"natural_killer_cell","CREM","rf",318,41,0.631407016413318,0.61963627062579,NA,"oob_r2",-0.0588626918889791,0.0196078431372549,TRUE,0.90068524970964,0.933333333333333,"cz_hnscc_hpv"
"natural_killer_cell","CREM","lm",318,41,NA,0.528070807269597,NA,"cv_r2",NA,NA,NA,NA,NA,"cz_hnscc_hpv"
"natural_killer_cell","CREM","ridge",318,41,NA,0.541713104297127,NA,"cv_r2",NA,NA,NA,NA,NA,"cz_hnscc_hpv"
"natural_killer_cell","CREM","spearman",318,41,NA,0.255574778426341,NA,"cv_r2",NA,NA,NA,NA,NA,"cz_hnscc_hpv"
"natural_killer_cell","STAT5B","rf",318,41,0.698839657077659,0.693030020643923,NA,"oob_r2",-0.0686114712405214,0.0196078431372549,TRUE,0.860085172280294,1,"cz_hnscc_hpv"
"natural_killer_cell","STAT5B","lm",318,41,NA,0.649660617113893,NA,"cv_r2",NA,NA,NA,NA,NA,"cz_hnscc_hpv"
"natural_killer_cell","STAT5B","ridge",318,41,NA,0.667311770487063,NA,"cv_r2",NA,NA,NA,NA,NA,"cz_hnscc_hpv"
"natural_killer_cell","STAT5B","spearman",318,41,NA,0.37086212419224,NA,"cv_r2",NA,NA,NA,NA,NA,"cz_hnscc_hpv"
"natural_killer_cell","IRX3","rf",318,41,0.62192604838002,0.625764328538485,NA,"oob_r2",-0.0545963239638609,0.0196078431372549,TRUE,0.852024777390631,0.82962962962963,"cz_hnscc_hpv"
"natural_killer_cell","IRX3","lm",318,41,NA,0.523123054401005,NA,"cv_r2",NA,NA,NA,NA,NA,"cz_hnscc_hpv"
"natural_killer_cell","IRX3","ridge",318,41,NA,0.540848942183052,NA,"cv_r2",NA,NA,NA,NA,NA,"cz_hnscc_hpv"
"natural_killer_cell","IRX3","spearman",318,41,NA,0.367829883074875,NA,"cv_r2",NA,NA,NA,NA,NA,"cz_hnscc_hpv"
"natural_killer_cell","HOXA9","rf",318,41,0.72267196245951,0.719416681502112,NA,"oob_r2",-0.0546276544246569,0.0196078431372549,TRUE,0.897092528068138,1,"cz_hnscc_hpv"
"natural_killer_cell","HOXA9","lm",318,41,NA,0.663739040772898,NA,"cv_r2",NA,NA,NA,NA,NA,"cz_hnscc_hpv"
"natural_killer_cell","HOXA9","ridge",318,41,NA,0.69083794093845,NA,"cv_r2",NA,NA,NA,NA,NA,"cz_hnscc_hpv"
"natural_killer_cell","HOXA9","spearman",318,41,NA,0.434466157753533,NA,"cv_r2",NA,NA,NA,NA,NA,"cz_hnscc_hpv"
"natural_killer_cell","ASCL2","rf",318,41,0.638592751653302,0.595782924800662,NA,"oob_r2",-0.0498355483810763,0.0196078431372549,TRUE,0.871064653503678,0.761904761904762,"cz_hnscc_hpv"
"natural_killer_cell","ASCL2","lm",318,41,NA,0.467261446294333,NA,"cv_r2",NA,NA,NA,NA,NA,"cz_hnscc_hpv"
"natural_killer_cell","ASCL2","ridge",318,41,NA,0.519363512831921,NA,"cv_r2",NA,NA,NA,NA,NA,"cz_hnscc_hpv"
"natural_killer_cell","ASCL2","spearman",318,41,NA,0.30970128292757,NA,"cv_r2",NA,NA,NA,NA,NA,"cz_hnscc_hpv"
"natural_killer_cell","IRX2","rf",318,41,0.622019925430473,0.619648793089635,NA,"oob_r2",-0.0336474919927258,0.0196078431372549,TRUE,0.80623693379791,0.874074074074074,"cz_hnscc_hpv"
"natural_killer_cell","IRX2","lm",318,41,NA,0.535861113759398,NA,"cv_r2",NA,NA,NA,NA,NA,"cz_hnscc_hpv"
"natural_killer_cell","IRX2","ridge",318,41,NA,0.558198429052347,NA,"cv_r2",NA,NA,NA,NA,NA,"cz_hnscc_hpv"
"natural_killer_cell","IRX2","spearman",318,41,NA,0.352869171440142,NA,"cv_r2",NA,NA,NA,NA,NA,"cz_hnscc_hpv"
"natural_killer_cell","NFATC2","rf",318,41,0.670560106032634,0.679038073929331,NA,"oob_r2",-0.0538362842855705,0.0196078431372549,TRUE,0.887704219899342,0.881481481481481,"cz_hnscc_hpv"
"natural_killer_cell","NFATC2","lm",318,41,NA,0.57549661202199,NA,"cv_r2",NA,NA,NA,NA,NA,"cz_hnscc_hpv"
"natural_killer_cell","NFATC2","ridge",318,41,NA,0.60829541124987,NA,"cv_r2",NA,NA,NA,NA,NA,"cz_hnscc_hpv"
"natural_killer_cell","NFATC2","spearman",318,41,NA,0.366902120544346,NA,"cv_r2",NA,NA,NA,NA,NA,"cz_hnscc_hpv"
"natural_killer_cell","NFIB","rf",318,41,0.594642482963594,0.590515371492164,NA,"oob_r2",-0.0586578952157983,0.0196078431372549,TRUE,0.81968253968254,0.692063492063492,"cz_hnscc_hpv"
"natural_killer_cell","NFIB","lm",318,41,NA,0.448855941294676,NA,"cv_r2",NA,NA,NA,NA,NA,"cz_hnscc_hpv"
"natural_killer_cell","NFIB","ridge",318,41,NA,0.481181685456706,NA,"cv_r2",NA,NA,NA,NA,NA,"cz_hnscc_hpv"
"natural_killer_cell","NFIB","spearman",318,41,NA,0.318733478115722,NA,"cv_r2",NA,NA,NA,NA,NA,"cz_hnscc_hpv"
"natural_killer_cell","NFE2L2","rf",318,41,0.614347502449029,0.59518644457872,NA,"oob_r2",-0.0613033464031146,0.0196078431372549,TRUE,0.86084397986837,0.725925925925926,"cz_hnscc_hpv"
"natural_killer_cell","NFE2L2","lm",318,41,NA,0.520453704300806,NA,"cv_r2",NA,NA,NA,NA,NA,"cz_hnscc_hpv"
"natural_killer_cell","NFE2L2","ridge",318,41,NA,0.54428709078979,NA,"cv_r2",NA,NA,NA,NA,NA,"cz_hnscc_hpv"
"natural_killer_cell","NFE2L2","spearman",318,41,NA,0.294201173714534,NA,"cv_r2",NA,NA,NA,NA,NA,"cz_hnscc_hpv"
"natural_killer_cell","GATA3","rf",318,41,0.62253996437441,0.599185120685073,NA,"oob_r2",-0.0657401860619583,0.0196078431372549,TRUE,0.875749128919861,0.844444444444444,"cz_hnscc_hpv"
"natural_killer_cell","GATA3","lm",318,41,NA,0.502548751967467,NA,"cv_r2",NA,NA,NA,NA,NA,"cz_hnscc_hpv"
"natural_killer_cell","GATA3","ridge",318,41,NA,0.532723761704616,NA,"cv_r2",NA,NA,NA,NA,NA,"cz_hnscc_hpv"
"natural_killer_cell","GATA3","spearman",318,41,NA,0.280645410968961,NA,"cv_r2",NA,NA,NA,NA,NA,"cz_hnscc_hpv"
"natural_killer_cell","BCL11B","rf",318,41,0.640866732917272,0.603005697253385,NA,"oob_r2",-0.0528407049935227,0.0196078431372549,TRUE,0.874897406116918,1,"cz_hnscc_hpv"
"natural_killer_cell","BCL11B","lm",318,41,NA,0.493383805169744,NA,"cv_r2",NA,NA,NA,NA,NA,"cz_hnscc_hpv"
"natural_killer_cell","BCL11B","ridge",318,41,NA,0.531455737486901,NA,"cv_r2",NA,NA,NA,NA,NA,"cz_hnscc_hpv"
"natural_killer_cell","BCL11B","spearman",318,41,NA,0.328430608383389,NA,"cv_r2",NA,NA,NA,NA,NA,"cz_hnscc_hpv"
"natural_killer_cell","RFX3","rf",318,41,0.602252500039449,0.577905648793253,NA,"oob_r2",-0.0413895679648811,0.0196078431372549,TRUE,0.8378552071235,0.785185185185185,"cz_hnscc_hpv"
"natural_killer_cell","RFX3","lm",318,41,NA,0.51159822212334,NA,"cv_r2",NA,NA,NA,NA,NA,"cz_hnscc_hpv"
"natural_killer_cell","RFX3","ridge",318,41,NA,0.520741406292821,NA,"cv_r2",NA,NA,NA,NA,NA,"cz_hnscc_hpv"
"natural_killer_cell","RFX3","spearman",318,41,NA,0.30063559665394,NA,"cv_r2",NA,NA,NA,NA,NA,"cz_hnscc_hpv"
"natural_killer_cell","SMAD2","rf",318,41,0.690235315903135,0.683315132624126,NA,"oob_r2",-0.0416708586436813,0.0196078431372549,TRUE,0.898985675571042,0.844444444444444,"cz_hnscc_hpv"
"natural_killer_cell","SMAD2","lm",318,41,NA,0.640800471798007,NA,"cv_r2",NA,NA,NA,NA,NA,"cz_hnscc_hpv"
"natural_killer_cell","SMAD2","ridge",318,41,NA,0.651232434014939,NA,"cv_r2",NA,NA,NA,NA,NA,"cz_hnscc_hpv"
"natural_killer_cell","SMAD2","spearman",318,41,NA,0.416803383381004,NA,"cv_r2",NA,NA,NA,NA,NA,"cz_hnscc_hpv"
"natural_killer_cell","TP73","rf",318,41,0.589104305882858,0.567223561736693,NA,"oob_r2",-0.0311984072903532,0.0196078431372549,TRUE,0.824212156407279,0.722751322751323,"cz_hnscc_hpv"
"natural_killer_cell","TP73","lm",318,41,NA,0.515322388673698,NA,"cv_r2",NA,NA,NA,NA,NA,"cz_hnscc_hpv"
"natural_killer_cell","TP73","ridge",318,41,NA,0.528833187931056,NA,"cv_r2",NA,NA,NA,NA,NA,"cz_hnscc_hpv"
"natural_killer_cell","TP73","spearman",318,41,NA,0.418617652461678,NA,"cv_r2",NA,NA,NA,NA,NA,"cz_hnscc_hpv"
"natural_killer_cell","PPARG","rf",318,41,0.671099225669061,0.665827389522551,NA,"oob_r2",-0.0350152736434698,0.0196078431372549,TRUE,0.871482771970577,0.733333333333333,"cz_hnscc_hpv"
"natural_killer_cell","PPARG","lm",318,41,NA,0.59790786135967,NA,"cv_r2",NA,NA,NA,NA,NA,"cz_hnscc_hpv"
"natural_killer_cell","PPARG","ridge",318,41,NA,0.629473954210092,NA,"cv_r2",NA,NA,NA,NA,NA,"cz_hnscc_hpv"
"natural_killer_cell","PPARG","spearman",318,41,NA,0.312425671387404,NA,"cv_r2",NA,NA,NA,NA,NA,"cz_hnscc_hpv"
"natural_killer_cell","BDP1","rf",318,41,0.604942676059596,0.582871686816367,NA,"oob_r2",-0.0369795830041656,0.0196078431372549,TRUE,0.854610917537747,0.77989417989418,"cz_hnscc_hpv"
"natural_killer_cell","BDP1","lm",318,41,NA,0.524388082674018,NA,"cv_r2",NA,NA,NA,NA,NA,"cz_hnscc_hpv"
"natural_killer_cell","BDP1","ridge",318,41,NA,0.550733182004992,NA,"cv_r2",NA,NA,NA,NA,NA,"cz_hnscc_hpv"
"natural_killer_cell","BDP1","spearman",318,41,NA,0.347900604277067,NA,"cv_r2",NA,NA,NA,NA,NA,"cz_hnscc_hpv"
"natural_killer_cell","FOXO3","rf",318,41,0.74911001479953,0.745959415187648,NA,"oob_r2",-0.042390519836428,0.0196078431372549,TRUE,0.85632597754549,0.844444444444444,"cz_hnscc_hpv"
"natural_killer_cell","FOXO3","lm",318,41,NA,0.731774871717931,NA,"cv_r2",NA,NA,NA,NA,NA,"cz_hnscc_hpv"
"natural_killer_cell","FOXO3","ridge",318,41,NA,0.737618955493514,NA,"cv_r2",NA,NA,NA,NA,NA,"cz_hnscc_hpv"
"natural_killer_cell","FOXO3","spearman",318,41,NA,0.475293821102436,NA,"cv_r2",NA,NA,NA,NA,NA,"cz_hnscc_hpv"
"natural_killer_cell","IKZF2","rf",318,41,0.826388895966007,0.8203007971802,NA,"oob_r2",-0.0574784649632922,0.0196078431372549,TRUE,0.876329849012776,0.933333333333333,"cz_hnscc_hpv"
"natural_killer_cell","IKZF2","lm",318,41,NA,0.810708636217818,NA,"cv_r2",NA,NA,NA,NA,NA,"cz_hnscc_hpv"
"natural_killer_cell","IKZF2","ridge",318,41,NA,0.816630056499964,NA,"cv_r2",NA,NA,NA,NA,NA,"cz_hnscc_hpv"
"natural_killer_cell","IKZF2","spearman",318,41,NA,0.654415620787391,NA,"cv_r2",NA,NA,NA,NA,NA,"cz_hnscc_hpv"
"natural_killer_cell","NR4A2","rf",318,41,0.772846467176228,0.764651374923116,NA,"oob_r2",-0.0686268337302977,0.0196078431372549,TRUE,0.883255903987611,0.82962962962963,"cz_hnscc_hpv"
"natural_killer_cell","NR4A2","lm",318,41,NA,0.727759861290528,NA,"cv_r2",NA,NA,NA,NA,NA,"cz_hnscc_hpv"
"natural_killer_cell","NR4A2","ridge",318,41,NA,0.734639343842271,NA,"cv_r2",NA,NA,NA,NA,NA,"cz_hnscc_hpv"
"natural_killer_cell","NR4A2","spearman",318,41,NA,0.419002993950272,NA,"cv_r2",NA,NA,NA,NA,NA,"cz_hnscc_hpv"
"natural_killer_cell","TP63","rf",318,41,0.631071356780191,0.610580187847826,NA,"oob_r2",-0.0626802983523299,0.0196078431372549,TRUE,0.872156407278359,0.683597883597884,"cz_hnscc_hpv"
"natural_killer_cell","TP63","lm",318,41,NA,0.571674316539737,NA,"cv_r2",NA,NA,NA,NA,NA,"cz_hnscc_hpv"
"natural_killer_cell","TP63","ridge",318,41,NA,0.594170184744403,NA,"cv_r2",NA,NA,NA,NA,NA,"cz_hnscc_hpv"
"natural_killer_cell","TP63","spearman",318,41,NA,0.401529263450795,NA,"cv_r2",NA,NA,NA,NA,NA,"cz_hnscc_hpv"
"natural_killer_cell","HIVEP3","rf",318,41,0.755339389655775,0.734252093595089,NA,"oob_r2",-0.0476140697421138,0.0196078431372549,TRUE,0.888048780487805,0.769312169312169,"cz_hnscc_hpv"
"natural_killer_cell","HIVEP3","lm",318,41,NA,0.706812421305336,NA,"cv_r2",NA,NA,NA,NA,NA,"cz_hnscc_hpv"
"natural_killer_cell","HIVEP3","ridge",318,41,NA,0.722833486251511,NA,"cv_r2",NA,NA,NA,NA,NA,"cz_hnscc_hpv"
"natural_killer_cell","HIVEP3","spearman",318,41,NA,0.459575398977279,NA,"cv_r2",NA,NA,NA,NA,NA,"cz_hnscc_hpv"
"natural_killer_cell","KLF2","rf",318,41,0.75874372063779,0.750708835551709,NA,"oob_r2",-0.0444337541158812,0.0196078431372549,TRUE,0.917921022067364,0.881481481481481,"cz_hnscc_hpv"
"natural_killer_cell","KLF2","lm",318,41,NA,0.697027717084651,NA,"cv_r2",NA,NA,NA,NA,NA,"cz_hnscc_hpv"
"natural_killer_cell","KLF2","ridge",318,41,NA,0.71064045831873,NA,"cv_r2",NA,NA,NA,NA,NA,"cz_hnscc_hpv"
"natural_killer_cell","KLF2","spearman",318,41,NA,0.556843468206321,NA,"cv_r2",NA,NA,NA,NA,NA,"cz_hnscc_hpv"
"natural_killer_cell","POU3F1","rf",318,41,0.72341358940403,0.70677160074814,NA,"oob_r2",-0.0644171945473688,0.0196078431372549,TRUE,0.896449864498645,0.822222222222222,"cz_hnscc_hpv"
"natural_killer_cell","POU3F1","lm",318,41,NA,0.654364034515831,NA,"cv_r2",NA,NA,NA,NA,NA,"cz_hnscc_hpv"
"natural_killer_cell","POU3F1","ridge",318,41,NA,0.670930488039279,NA,"cv_r2",NA,NA,NA,NA,NA,"cz_hnscc_hpv"
"natural_killer_cell","POU3F1","spearman",318,41,NA,0.493743046908334,NA,"cv_r2",NA,NA,NA,NA,NA,"cz_hnscc_hpv"
"natural_killer_cell","STAT4","rf",318,41,0.756383775068583,0.740241722129314,NA,"oob_r2",-0.0633052942985843,0.0196078431372549,TRUE,0.901622144792877,0.733333333333333,"cz_hnscc_hpv"
"natural_killer_cell","STAT4","lm",318,41,NA,0.66606417770826,NA,"cv_r2",NA,NA,NA,NA,NA,"cz_hnscc_hpv"
"natural_killer_cell","STAT4","ridge",318,41,NA,0.686656698273309,NA,"cv_r2",NA,NA,NA,NA,NA,"cz_hnscc_hpv"
"natural_killer_cell","STAT4","spearman",318,41,NA,0.437426255385413,NA,"cv_r2",NA,NA,NA,NA,NA,"cz_hnscc_hpv"
"natural_killer_cell","XBP1","rf",318,41,0.652376363375116,0.650951773167556,NA,"oob_r2",-0.0493066027798607,0.0196078431372549,TRUE,0.858892760356175,0.77037037037037,"cz_hnscc_hpv"
"natural_killer_cell","XBP1","lm",318,41,NA,0.545289852090268,NA,"cv_r2",NA,NA,NA,NA,NA,"cz_hnscc_hpv"
"natural_killer_cell","XBP1","ridge",318,41,NA,0.572471648411389,NA,"cv_r2",NA,NA,NA,NA,NA,"cz_hnscc_hpv"
"natural_killer_cell","XBP1","spearman",318,41,NA,0.351077309356099,NA,"cv_r2",NA,NA,NA,NA,NA,"cz_hnscc_hpv"
"natural_killer_cell","ZBTB16","rf",318,41,0.751045437391941,0.754587880318886,NA,"oob_r2",-0.0417639383972734,0.0196078431372549,TRUE,0.838319783197832,0.82962962962963,"cz_hnscc_hpv"
"natural_killer_cell","ZBTB16","lm",318,41,NA,0.772203502226457,NA,"cv_r2",NA,NA,NA,NA,NA,"cz_hnscc_hpv"
"natural_killer_cell","ZBTB16","ridge",318,41,NA,0.777266561026895,NA,"cv_r2",NA,NA,NA,NA,NA,"cz_hnscc_hpv"
"natural_killer_cell","ZBTB16","spearman",318,41,NA,0.632223913228049,NA,"cv_r2",NA,NA,NA,NA,NA,"cz_hnscc_hpv"
"natural_killer_cell","FOXC1","rf",318,41,0.748472904901338,0.725675939894983,NA,"oob_r2",-0.0473131240409436,0.0196078431372549,TRUE,0.886883468834688,0.77037037037037,"cz_hnscc_hpv"
"natural_killer_cell","FOXC1","lm",318,41,NA,0.690335066465242,NA,"cv_r2",NA,NA,NA,NA,NA,"cz_hnscc_hpv"
"natural_killer_cell","FOXC1","ridge",318,41,NA,0.698120351920765,NA,"cv_r2",NA,NA,NA,NA,NA,"cz_hnscc_hpv"
"natural_killer_cell","FOXC1","spearman",318,41,NA,0.44559363353803,NA,"cv_r2",NA,NA,NA,NA,NA,"cz_hnscc_hpv"
"natural_killer_cell","PRDM16","rf",318,41,0.816452222133433,0.813227165771884,NA,"oob_r2",-0.0504190985593958,0.0196078431372549,TRUE,0.909310878823074,0.792592592592593,"cz_hnscc_hpv"
"natural_killer_cell","PRDM16","lm",318,41,NA,0.81287478066203,NA,"cv_r2",NA,NA,NA,NA,NA,"cz_hnscc_hpv"
"natural_killer_cell","PRDM16","ridge",318,41,NA,0.810043260658494,NA,"cv_r2",NA,NA,NA,NA,NA,"cz_hnscc_hpv"
"natural_killer_cell","PRDM16","spearman",318,41,NA,0.615168007611083,NA,"cv_r2",NA,NA,NA,NA,NA,"cz_hnscc_hpv"
"natural_killer_cell","REST","rf",318,41,0.71427174423321,0.707519526292583,NA,"oob_r2",-0.0313374432703479,0.0196078431372549,TRUE,0.862164150212931,1,"cz_hnscc_hpv"
"natural_killer_cell","REST","lm",318,41,NA,0.668542805809192,NA,"cv_r2",NA,NA,NA,NA,NA,"cz_hnscc_hpv"
"natural_killer_cell","REST","ridge",318,41,NA,0.695059574554465,NA,"cv_r2",NA,NA,NA,NA,NA,"cz_hnscc_hpv"
"natural_killer_cell","REST","spearman",318,41,NA,0.473794909532108,NA,"cv_r2",NA,NA,NA,NA,NA,"cz_hnscc_hpv"
"natural_killer_cell","FOXE1","rf",318,41,0.713422795597757,0.703863473641587,NA,"oob_r2",-0.0603668415553812,0.0196078431372549,TRUE,0.882009291521487,0.933333333333333,"cz_hnscc_hpv"
"natural_killer_cell","FOXE1","lm",318,41,NA,0.637283151941063,NA,"cv_r2",NA,NA,NA,NA,NA,"cz_hnscc_hpv"
"natural_killer_cell","FOXE1","ridge",318,41,NA,0.642810430759259,NA,"cv_r2",NA,NA,NA,NA,NA,"cz_hnscc_hpv"
"natural_killer_cell","FOXE1","spearman",318,41,NA,0.39743152701586,NA,"cv_r2",NA,NA,NA,NA,NA,"cz_hnscc_hpv"
"natural_killer_cell","STAT3","rf",318,41,0.754832468616646,0.756106873158825,NA,"oob_r2",-0.0471709493784568,0.0196078431372549,TRUE,0.917905536198219,0.822222222222222,"cz_hnscc_hpv"
"natural_killer_cell","STAT3","lm",318,41,NA,0.708275515982497,NA,"cv_r2",NA,NA,NA,NA,NA,"cz_hnscc_hpv"
"natural_killer_cell","STAT3","ridge",318,41,NA,0.722663022198234,NA,"cv_r2",NA,NA,NA,NA,NA,"cz_hnscc_hpv"
"natural_killer_cell","STAT3","spearman",318,41,NA,0.4020026526875,NA,"cv_r2",NA,NA,NA,NA,NA,"cz_hnscc_hpv"
"natural_killer_cell","NR4A1","rf",318,41,0.883807462592228,0.877524912699885,NA,"oob_r2",-0.0480513073456398,0.0196078431372549,TRUE,0.864057297715835,0.785185185185185,"cz_hnscc_hpv"
"natural_killer_cell","NR4A1","lm",318,41,NA,0.871389970405367,NA,"cv_r2",NA,NA,NA,NA,NA,"cz_hnscc_hpv"
"natural_killer_cell","NR4A1","ridge",318,41,NA,0.875730750565509,NA,"cv_r2",NA,NA,NA,NA,NA,"cz_hnscc_hpv"
"natural_killer_cell","NR4A1","spearman",318,41,NA,0.623877757383614,NA,"cv_r2",NA,NA,NA,NA,NA,"cz_hnscc_hpv"
"natural_killer_cell","BCL11A","rf",318,41,0.779958142784493,0.764173709508017,NA,"oob_r2",-0.0507905703728834,0.0196078431372549,TRUE,0.873062330623306,0.933333333333333,"cz_hnscc_hpv"
"natural_killer_cell","BCL11A","lm",318,41,NA,0.688584800341163,NA,"cv_r2",NA,NA,NA,NA,NA,"cz_hnscc_hpv"
"natural_killer_cell","BCL11A","ridge",318,41,NA,0.718582236370026,NA,"cv_r2",NA,NA,NA,NA,NA,"cz_hnscc_hpv"
"natural_killer_cell","BCL11A","spearman",318,41,NA,0.497142492197446,NA,"cv_r2",NA,NA,NA,NA,NA,"cz_hnscc_hpv"
"natural_killer_cell","HOXA5","rf",318,41,0.731634525087005,0.711958154557812,NA,"oob_r2",-0.0509320334977742,0.0196078431372549,TRUE,0.866744096012389,0.77037037037037,"cz_hnscc_hpv"
"natural_killer_cell","HOXA5","lm",318,41,NA,0.64469404514161,NA,"cv_r2",NA,NA,NA,NA,NA,"cz_hnscc_hpv"
"natural_killer_cell","HOXA5","ridge",318,41,NA,0.655918812904523,NA,"cv_r2",NA,NA,NA,NA,NA,"cz_hnscc_hpv"
"natural_killer_cell","HOXA5","spearman",318,41,NA,0.418185442876214,NA,"cv_r2",NA,NA,NA,NA,NA,"cz_hnscc_hpv"
"natural_killer_cell","JUN","rf",318,41,0.699124945529719,0.708673292679465,NA,"oob_r2",-0.0569312994698898,0.0196078431372549,TRUE,0.852737127371274,0.933333333333333,"cz_hnscc_hpv"
"natural_killer_cell","JUN","lm",318,41,NA,0.586392015044547,NA,"cv_r2",NA,NA,NA,NA,NA,"cz_hnscc_hpv"
"natural_killer_cell","JUN","ridge",318,41,NA,0.604541918082833,NA,"cv_r2",NA,NA,NA,NA,NA,"cz_hnscc_hpv"
"natural_killer_cell","JUN","spearman",318,41,NA,0.281967114478124,NA,"cv_r2",NA,NA,NA,NA,NA,"cz_hnscc_hpv"
"natural_killer_cell","ZNF274","rf",318,41,0.687725744761112,0.696199796761415,NA,"oob_r2",-0.047814913111984,0.0196078431372549,TRUE,0.901250483933411,0.767195767195767,"cz_hnscc_hpv"
"natural_killer_cell","ZNF274","lm",318,41,NA,0.645821628152643,NA,"cv_r2",NA,NA,NA,NA,NA,"cz_hnscc_hpv"
"natural_killer_cell","ZNF274","ridge",318,41,NA,0.660804032021804,NA,"cv_r2",NA,NA,NA,NA,NA,"cz_hnscc_hpv"
"natural_killer_cell","ZNF274","spearman",318,41,NA,0.505600456988189,NA,"cv_r2",NA,NA,NA,NA,NA,"cz_hnscc_hpv"
"natural_killer_cell","MAFB","rf",318,41,0.700461463567418,0.696349624298245,NA,"oob_r2",-0.0745009926713784,0.0196078431372549,TRUE,0.907073170731707,0.8,"cz_hnscc_hpv"
"natural_killer_cell","MAFB","lm",318,41,NA,0.567973169932979,NA,"cv_r2",NA,NA,NA,NA,NA,"cz_hnscc_hpv"
"natural_killer_cell","MAFB","ridge",318,41,NA,0.597373943608681,NA,"cv_r2",NA,NA,NA,NA,NA,"cz_hnscc_hpv"
"natural_killer_cell","MAFB","spearman",318,41,NA,0.397894558315053,NA,"cv_r2",NA,NA,NA,NA,NA,"cz_hnscc_hpv"
"natural_killer_cell","IRF8","rf",318,41,0.778345222994481,0.756033069328815,NA,"oob_r2",-0.0383773154797432,0.0196078431372549,TRUE,0.852009291521487,0.868783068783069,"cz_hnscc_hpv"
"natural_killer_cell","IRF8","lm",318,41,NA,0.72325816057966,NA,"cv_r2",NA,NA,NA,NA,NA,"cz_hnscc_hpv"
"natural_killer_cell","IRF8","ridge",318,41,NA,0.739592534247608,NA,"cv_r2",NA,NA,NA,NA,NA,"cz_hnscc_hpv"
"natural_killer_cell","IRF8","spearman",318,41,NA,0.60377085922693,NA,"cv_r2",NA,NA,NA,NA,NA,"cz_hnscc_hpv"
"natural_killer_cell","ZNF683","rf",318,41,0.801475883436507,0.801880674726184,NA,"oob_r2",-0.0487530538064775,0.0196078431372549,TRUE,0.878192024777391,0.755555555555556,"cz_hnscc_hpv"
"natural_killer_cell","ZNF683","lm",318,41,NA,0.765382951135715,NA,"cv_r2",NA,NA,NA,NA,NA,"cz_hnscc_hpv"
"natural_killer_cell","ZNF683","ridge",318,41,NA,0.784407434440153,NA,"cv_r2",NA,NA,NA,NA,NA,"cz_hnscc_hpv"
"natural_killer_cell","ZNF683","spearman",318,41,NA,0.57237077000418,NA,"cv_r2",NA,NA,NA,NA,NA,"cz_hnscc_hpv"
"natural_killer_cell","POLR2A","rf",318,41,0.775152639481451,0.774744906216569,NA,"oob_r2",-0.0383132709974964,0.0196078431372549,TRUE,0.870658149438637,0.874074074074074,"cz_hnscc_hpv"
"natural_killer_cell","POLR2A","lm",318,41,NA,0.764611199148626,NA,"cv_r2",NA,NA,NA,NA,NA,"cz_hnscc_hpv"
"natural_killer_cell","POLR2A","ridge",318,41,NA,0.7721401021365,NA,"cv_r2",NA,NA,NA,NA,NA,"cz_hnscc_hpv"
"natural_killer_cell","POLR2A","spearman",318,41,NA,0.60101098640257,NA,"cv_r2",NA,NA,NA,NA,NA,"cz_hnscc_hpv"
"natural_killer_cell","HOXB4","rf",318,41,0.771559972537719,0.783300857267455,NA,"oob_r2",-0.0301460433702379,0.0196078431372549,TRUE,0.862233836624081,0.868783068783069,"cz_hnscc_hpv"
"natural_killer_cell","HOXB4","lm",318,41,NA,0.756066637669825,NA,"cv_r2",NA,NA,NA,NA,NA,"cz_hnscc_hpv"
"natural_killer_cell","HOXB4","ridge",318,41,NA,0.762825942847592,NA,"cv_r2",NA,NA,NA,NA,NA,"cz_hnscc_hpv"
"natural_killer_cell","HOXB4","spearman",318,41,NA,0.595581260514051,NA,"cv_r2",NA,NA,NA,NA,NA,"cz_hnscc_hpv"
"natural_killer_cell","STAT1","rf",318,41,0.407865443017691,0.39465372690104,NA,"oob_r2",-0.0573550537580467,0.0196078431372549,TRUE,0.735168408826946,0.643386243386243,"cz_hnscc_hpv"
"natural_killer_cell","STAT1","lm",318,41,NA,0.255855303536833,NA,"cv_r2",NA,NA,NA,NA,NA,"cz_hnscc_hpv"
"natural_killer_cell","STAT1","ridge",318,41,NA,0.349349932342312,NA,"cv_r2",NA,NA,NA,NA,NA,"cz_hnscc_hpv"
"natural_killer_cell","STAT1","spearman",318,41,NA,0.203335429399598,NA,"cv_r2",NA,NA,NA,NA,NA,"cz_hnscc_hpv"
"natural_killer_cell","TWIST1","rf",318,41,0.755287089309039,0.754013020214141,NA,"oob_r2",-0.0460246793960886,0.0196078431372549,TRUE,0.876120789779327,0.706878306878307,"cz_hnscc_hpv"
"natural_killer_cell","TWIST1","lm",318,41,NA,0.71961221404053,NA,"cv_r2",NA,NA,NA,NA,NA,"cz_hnscc_hpv"
"natural_killer_cell","TWIST1","ridge",318,41,NA,0.730753522770381,NA,"cv_r2",NA,NA,NA,NA,NA,"cz_hnscc_hpv"
"natural_killer_cell","TWIST1","spearman",318,41,NA,0.481709071082547,NA,"cv_r2",NA,NA,NA,NA,NA,"cz_hnscc_hpv"
"natural_killer_cell","IRF1","rf",318,41,0.705821084490436,0.696906937925958,NA,"oob_r2",-0.0628728368407452,0.0196078431372549,TRUE,0.883770809136663,0.733333333333333,"cz_hnscc_hpv"
"natural_killer_cell","IRF1","lm",318,41,NA,0.630785011110866,NA,"cv_r2",NA,NA,NA,NA,NA,"cz_hnscc_hpv"
"natural_killer_cell","IRF1","ridge",318,41,NA,0.634597310792762,NA,"cv_r2",NA,NA,NA,NA,NA,"cz_hnscc_hpv"
"natural_killer_cell","IRF1","spearman",318,41,NA,0.399407547555994,NA,"cv_r2",NA,NA,NA,NA,NA,"cz_hnscc_hpv"
"natural_killer_cell","EOMES","rf",318,41,0.753102692682345,0.726565998203751,NA,"oob_r2",-0.0501082277904053,0.0196078431372549,TRUE,0.884909020518777,0.933333333333333,"cz_hnscc_hpv"
"natural_killer_cell","EOMES","lm",318,41,NA,0.663268006424468,NA,"cv_r2",NA,NA,NA,NA,NA,"cz_hnscc_hpv"
"natural_killer_cell","EOMES","ridge",318,41,NA,0.669863584637455,NA,"cv_r2",NA,NA,NA,NA,NA,"cz_hnscc_hpv"
"natural_killer_cell","EOMES","spearman",318,41,NA,0.44717922984146,NA,"cv_r2",NA,NA,NA,NA,NA,"cz_hnscc_hpv"
"natural_killer_cell","MXI1","rf",318,41,0.666853772077504,0.659703131954187,NA,"oob_r2",-0.0450273094322073,0.0196078431372549,TRUE,0.882121564072784,0.774603174603175,"cz_hnscc_hpv"
"natural_killer_cell","MXI1","lm",318,41,NA,0.56156234281242,NA,"cv_r2",NA,NA,NA,NA,NA,"cz_hnscc_hpv"
"natural_killer_cell","MXI1","ridge",318,41,NA,0.57995686910167,NA,"cv_r2",NA,NA,NA,NA,NA,"cz_hnscc_hpv"
"natural_killer_cell","MXI1","spearman",318,41,NA,0.381595421648826,NA,"cv_r2",NA,NA,NA,NA,NA,"cz_hnscc_hpv"
"natural_killer_cell","CREB1","rf",318,41,0.653083489487462,0.655741613111182,NA,"oob_r2",-0.0598024104558235,0.0196078431372549,TRUE,0.855768486256291,0.785185185185185,"cz_hnscc_hpv"
"natural_killer_cell","CREB1","lm",318,41,NA,0.53542280483698,NA,"cv_r2",NA,NA,NA,NA,NA,"cz_hnscc_hpv"
"natural_killer_cell","CREB1","ridge",318,41,NA,0.574309941885974,NA,"cv_r2",NA,NA,NA,NA,NA,"cz_hnscc_hpv"
"natural_killer_cell","CREB1","spearman",318,41,NA,0.343852803748129,NA,"cv_r2",NA,NA,NA,NA,NA,"cz_hnscc_hpv"
"natural_killer_cell","ENO1","rf",318,41,0.760186992905757,0.764509597801893,NA,"oob_r2",-0.0419354743687237,0.0196078431372549,TRUE,0.896240805265196,0.712169312169312,"cz_hnscc_hpv"
"natural_killer_cell","ENO1","lm",318,41,NA,0.7074127716923,NA,"cv_r2",NA,NA,NA,NA,NA,"cz_hnscc_hpv"
"natural_killer_cell","ENO1","ridge",318,41,NA,0.723606230912167,NA,"cv_r2",NA,NA,NA,NA,NA,"cz_hnscc_hpv"
"natural_killer_cell","ENO1","spearman",318,41,NA,0.429997142899411,NA,"cv_r2",NA,NA,NA,NA,NA,"cz_hnscc_hpv"
"natural_killer_cell","RUNX3","rf",318,41,0.710625163627718,0.697033421738798,NA,"oob_r2",-0.0392812130811294,0.0196078431372549,TRUE,0.907367402245451,0.595767195767196,"cz_hnscc_hpv"
"natural_killer_cell","RUNX3","lm",318,41,NA,0.636255665571574,NA,"cv_r2",NA,NA,NA,NA,NA,"cz_hnscc_hpv"
"natural_killer_cell","RUNX3","ridge",318,41,NA,0.658898280991594,NA,"cv_r2",NA,NA,NA,NA,NA,"cz_hnscc_hpv"
"natural_killer_cell","RUNX3","spearman",318,41,NA,0.438823082577247,NA,"cv_r2",NA,NA,NA,NA,NA,"cz_hnscc_hpv"
"natural_killer_cell","FOXN2","rf",318,41,0.835139622801012,0.819861617188806,NA,"oob_r2",-0.0393081851107472,0.0196078431372549,TRUE,0.895826558265583,0.933333333333333,"cz_hnscc_hpv"
"natural_killer_cell","FOXN2","lm",318,41,NA,0.812169067488349,NA,"cv_r2",NA,NA,NA,NA,NA,"cz_hnscc_hpv"
"natural_killer_cell","FOXN2","ridge",318,41,NA,0.813904724718589,NA,"cv_r2",NA,NA,NA,NA,NA,"cz_hnscc_hpv"
"natural_killer_cell","FOXN2","spearman",318,41,NA,0.536395941285113,NA,"cv_r2",NA,NA,NA,NA,NA,"cz_hnscc_hpv"
"natural_killer_cell","SOX18","rf",318,41,0.872004550922094,0.874678535644927,NA,"oob_r2",-0.053336080498031,0.0196078431372549,TRUE,0.91038714672861,0.634920634920635,"cz_hnscc_hpv"
"natural_killer_cell","SOX18","lm",318,41,NA,0.89017522673389,NA,"cv_r2",NA,NA,NA,NA,NA,"cz_hnscc_hpv"
"natural_killer_cell","SOX18","ridge",318,41,NA,0.892863241981438,NA,"cv_r2",NA,NA,NA,NA,NA,"cz_hnscc_hpv"
"natural_killer_cell","SOX18","spearman",318,41,NA,0.579714238235789,NA,"cv_r2",NA,NA,NA,NA,NA,"cz_hnscc_hpv"
"natural_killer_cell","ETS1","rf",318,41,0.740847920859142,0.725728839710062,NA,"oob_r2",-0.0377878027081018,0.0196078431372549,TRUE,0.886507936507937,0.722751322751323,"cz_hnscc_hpv"
"natural_killer_cell","ETS1","lm",318,41,NA,0.663783753627309,NA,"cv_r2",NA,NA,NA,NA,NA,"cz_hnscc_hpv"
"natural_killer_cell","ETS1","ridge",318,41,NA,0.680821151716626,NA,"cv_r2",NA,NA,NA,NA,NA,"cz_hnscc_hpv"
"natural_killer_cell","ETS1","spearman",318,41,NA,0.462571033939794,NA,"cv_r2",NA,NA,NA,NA,NA,"cz_hnscc_hpv"
"natural_killer_cell","ID1","rf",318,41,0.827590378193537,0.804806984913484,NA,"oob_r2",-0.0311783823045248,0.0196078431372549,TRUE,0.880271002710027,0.702645502645503,"cz_hnscc_hpv"
"natural_killer_cell","ID1","lm",318,41,NA,0.790620793325657,NA,"cv_r2",NA,NA,NA,NA,NA,"cz_hnscc_hpv"
"natural_killer_cell","ID1","ridge",318,41,NA,0.797886223693543,NA,"cv_r2",NA,NA,NA,NA,NA,"cz_hnscc_hpv"
"natural_killer_cell","ID1","spearman",318,41,NA,0.529223602250146,NA,"cv_r2",NA,NA,NA,NA,NA,"cz_hnscc_hpv"
"natural_killer_cell","IRF9","rf",318,41,0.564301554134555,0.55906662335255,NA,"oob_r2",-0.0668718141467508,0.0196078431372549,TRUE,0.793511420828494,0.933333333333333,"cz_hnscc_hpv"
"natural_killer_cell","IRF9","lm",318,41,NA,0.473903185269636,NA,"cv_r2",NA,NA,NA,NA,NA,"cz_hnscc_hpv"
"natural_killer_cell","IRF9","ridge",318,41,NA,0.507371829873288,NA,"cv_r2",NA,NA,NA,NA,NA,"cz_hnscc_hpv"
"natural_killer_cell","IRF9","spearman",318,41,NA,0.271016564581881,NA,"cv_r2",NA,NA,NA,NA,NA,"cz_hnscc_hpv"
"natural_killer_cell","EBF1","rf",318,41,0.786214452185954,0.789960916481923,NA,"oob_r2",-0.0339676025160624,0.0196078431372549,TRUE,0.900611691831204,0.82962962962963,"cz_hnscc_hpv"
"natural_killer_cell","EBF1","lm",318,41,NA,0.768185868496487,NA,"cv_r2",NA,NA,NA,NA,NA,"cz_hnscc_hpv"
"natural_killer_cell","EBF1","ridge",318,41,NA,0.777301232807398,NA,"cv_r2",NA,NA,NA,NA,NA,"cz_hnscc_hpv"
"natural_killer_cell","EBF1","spearman",318,41,NA,0.534751232089666,NA,"cv_r2",NA,NA,NA,NA,NA,"cz_hnscc_hpv"
"natural_killer_cell","HES4","rf",318,41,0.79999424823549,0.79026604721078,NA,"oob_r2",-0.0532310124647326,0.0196078431372549,TRUE,0.900557491289199,0.71005291005291,"cz_hnscc_hpv"
"natural_killer_cell","HES4","lm",318,41,NA,0.761698495682603,NA,"cv_r2",NA,NA,NA,NA,NA,"cz_hnscc_hpv"
"natural_killer_cell","HES4","ridge",318,41,NA,0.76565258680877,NA,"cv_r2",NA,NA,NA,NA,NA,"cz_hnscc_hpv"
"natural_killer_cell","HES4","spearman",318,41,NA,0.634432471047987,NA,"cv_r2",NA,NA,NA,NA,NA,"cz_hnscc_hpv"
"natural_killer_cell","HEY1","rf",318,41,0.758649385304691,0.75683838530998,NA,"oob_r2",-0.0513119125124845,0.0196078431372549,TRUE,0.901544715447155,0.933333333333333,"cz_hnscc_hpv"
"natural_killer_cell","HEY1","lm",318,41,NA,0.709588978989467,NA,"cv_r2",NA,NA,NA,NA,NA,"cz_hnscc_hpv"
"natural_killer_cell","HEY1","ridge",318,41,NA,0.724329445964299,NA,"cv_r2",NA,NA,NA,NA,NA,"cz_hnscc_hpv"
"natural_killer_cell","HEY1","spearman",318,41,NA,0.46746065636577,NA,"cv_r2",NA,NA,NA,NA,NA,"cz_hnscc_hpv"
"natural_killer_cell","POU2F2","rf",318,41,0.778089628128159,0.766647508929928,NA,"oob_r2",-0.0630857731795942,0.0196078431372549,TRUE,0.91465737514518,0.744973544973545,"cz_hnscc_hpv"
"natural_killer_cell","POU2F2","lm",318,41,NA,0.711377514570129,NA,"cv_r2",NA,NA,NA,NA,NA,"cz_hnscc_hpv"
"natural_killer_cell","POU2F2","ridge",318,41,NA,0.724729494567255,NA,"cv_r2",NA,NA,NA,NA,NA,"cz_hnscc_hpv"
"natural_killer_cell","POU2F2","spearman",318,41,NA,0.498397041067699,NA,"cv_r2",NA,NA,NA,NA,NA,"cz_hnscc_hpv"
"natural_killer_cell","EGR3","rf",318,41,0.670681602593097,0.663744972557372,NA,"oob_r2",-0.0358910729372269,0.0196078431372549,TRUE,0.909322493224932,0.777777777777778,"cz_hnscc_hpv"
"natural_killer_cell","EGR3","lm",318,41,NA,0.590954877785697,NA,"cv_r2",NA,NA,NA,NA,NA,"cz_hnscc_hpv"
"natural_killer_cell","EGR3","ridge",318,41,NA,0.631057341269929,NA,"cv_r2",NA,NA,NA,NA,NA,"cz_hnscc_hpv"
"natural_killer_cell","EGR3","spearman",318,41,NA,0.492419958952466,NA,"cv_r2",NA,NA,NA,NA,NA,"cz_hnscc_hpv"
"natural_killer_cell","ID3","rf",318,41,0.856793341383637,0.847762675101181,NA,"oob_r2",-0.054380266187099,0.0196078431372549,TRUE,0.896020131629888,0.698412698412698,"cz_hnscc_hpv"
"natural_killer_cell","ID3","lm",318,41,NA,0.834558532838776,NA,"cv_r2",NA,NA,NA,NA,NA,"cz_hnscc_hpv"
"natural_killer_cell","ID3","ridge",318,41,NA,0.843874268371171,NA,"cv_r2",NA,NA,NA,NA,NA,"cz_hnscc_hpv"
"natural_killer_cell","ID3","spearman",318,41,NA,0.601067721072761,NA,"cv_r2",NA,NA,NA,NA,NA,"cz_hnscc_hpv"
"natural_killer_cell","FOSL2","rf",318,41,0.773614884156652,0.773931986832691,NA,"oob_r2",-0.0445330372841442,0.0196078431372549,TRUE,0.924510259388308,0.661375661375661,"cz_hnscc_hpv"
"natural_killer_cell","FOSL2","lm",318,41,NA,0.733905513840807,NA,"cv_r2",NA,NA,NA,NA,NA,"cz_hnscc_hpv"
"natural_killer_cell","FOSL2","ridge",318,41,NA,0.738689173725707,NA,"cv_r2",NA,NA,NA,NA,NA,"cz_hnscc_hpv"
"natural_killer_cell","FOSL2","spearman",318,41,NA,0.495101967472592,NA,"cv_r2",NA,NA,NA,NA,NA,"cz_hnscc_hpv"
"natural_killer_cell","TBX2","rf",318,41,0.77431134772157,0.769690867854867,NA,"oob_r2",-0.0615709533189229,0.0196078431372549,TRUE,0.893488192024778,0.874074074074074,"cz_hnscc_hpv"
"natural_killer_cell","TBX2","lm",318,41,NA,0.715186504490696,NA,"cv_r2",NA,NA,NA,NA,NA,"cz_hnscc_hpv"
"natural_killer_cell","TBX2","ridge",318,41,NA,0.729761391305195,NA,"cv_r2",NA,NA,NA,NA,NA,"cz_hnscc_hpv"
"natural_killer_cell","TBX2","spearman",318,41,NA,0.524604317728613,NA,"cv_r2",NA,NA,NA,NA,NA,"cz_hnscc_hpv"
"natural_killer_cell","BATF","rf",318,41,0.770169223963478,0.745586803241937,NA,"oob_r2",-0.0431861226537514,0.0196078431372549,TRUE,0.888432055749129,0.741798941798942,"cz_hnscc_hpv"
"natural_killer_cell","BATF","lm",318,41,NA,0.702195549936604,NA,"cv_r2",NA,NA,NA,NA,NA,"cz_hnscc_hpv"
"natural_killer_cell","BATF","ridge",318,41,NA,0.712293241441208,NA,"cv_r2",NA,NA,NA,NA,NA,"cz_hnscc_hpv"
"natural_killer_cell","BATF","spearman",318,41,NA,0.462110282178394,NA,"cv_r2",NA,NA,NA,NA,NA,"cz_hnscc_hpv"
"natural_killer_cell","JUNB","rf",318,41,0.832208243692764,0.818451860109921,NA,"oob_r2",-0.0582417151062065,0.0196078431372549,TRUE,0.912419667053814,0.8,"cz_hnscc_hpv"
"natural_killer_cell","JUNB","lm",318,41,NA,0.797360357304992,NA,"cv_r2",NA,NA,NA,NA,NA,"cz_hnscc_hpv"
"natural_killer_cell","JUNB","ridge",318,41,NA,0.799791856600792,NA,"cv_r2",NA,NA,NA,NA,NA,"cz_hnscc_hpv"
"natural_killer_cell","JUNB","spearman",318,41,NA,0.507032120248716,NA,"cv_r2",NA,NA,NA,NA,NA,"cz_hnscc_hpv"
"natural_killer_cell","FOSB","rf",318,41,0.774031205193249,0.751348619504855,NA,"oob_r2",-0.0548285215039238,0.0196078431372549,TRUE,0.918501742160279,0.706878306878307,"cz_hnscc_hpv"
"natural_killer_cell","FOSB","lm",318,41,NA,0.662219545057332,NA,"cv_r2",NA,NA,NA,NA,NA,"cz_hnscc_hpv"
"natural_killer_cell","FOSB","ridge",318,41,NA,0.678041789354685,NA,"cv_r2",NA,NA,NA,NA,NA,"cz_hnscc_hpv"
"natural_killer_cell","FOSB","spearman",318,41,NA,0.431908287486062,NA,"cv_r2",NA,NA,NA,NA,NA,"cz_hnscc_hpv"
"natural_killer_cell","ID2","rf",318,41,0.80723211614397,0.799203913935769,NA,"oob_r2",-0.0485038084916757,0.0196078431372549,TRUE,0.901811846689896,0.740740740740741,"cz_hnscc_hpv"
"natural_killer_cell","ID2","lm",318,41,NA,0.781468292394847,NA,"cv_r2",NA,NA,NA,NA,NA,"cz_hnscc_hpv"
"natural_killer_cell","ID2","ridge",318,41,NA,0.787390512616359,NA,"cv_r2",NA,NA,NA,NA,NA,"cz_hnscc_hpv"
"natural_killer_cell","ID2","spearman",318,41,NA,0.49708763249269,NA,"cv_r2",NA,NA,NA,NA,NA,"cz_hnscc_hpv"
"natural_killer_cell","ZEB1","rf",318,41,0.770746063492824,0.765425179790155,NA,"oob_r2",-0.0290878173269243,0.0196078431372549,TRUE,0.883848238482385,0.755555555555556,"cz_hnscc_hpv"
"natural_killer_cell","ZEB1","lm",318,41,NA,0.727576687187153,NA,"cv_r2",NA,NA,NA,NA,NA,"cz_hnscc_hpv"
"natural_killer_cell","ZEB1","ridge",318,41,NA,0.735605818066483,NA,"cv_r2",NA,NA,NA,NA,NA,"cz_hnscc_hpv"
"natural_killer_cell","ZEB1","spearman",318,41,NA,0.453217810388046,NA,"cv_r2",NA,NA,NA,NA,NA,"cz_hnscc_hpv"
"natural_killer_cell","HES1","rf",318,41,0.863023332468445,0.862976166091616,NA,"oob_r2",-0.051101630990607,0.0196078431372549,TRUE,0.91404181184669,0.868783068783069,"cz_hnscc_hpv"
"natural_killer_cell","HES1","lm",318,41,NA,0.837157623044587,NA,"cv_r2",NA,NA,NA,NA,NA,"cz_hnscc_hpv"
"natural_killer_cell","HES1","ridge",318,41,NA,0.843439826662861,NA,"cv_r2",NA,NA,NA,NA,NA,"cz_hnscc_hpv"
"natural_killer_cell","HES1","spearman",318,41,NA,0.59664239747119,NA,"cv_r2",NA,NA,NA,NA,NA,"cz_hnscc_hpv"
"natural_killer_cell","CEBPB","rf",318,41,0.782854408685711,0.767822487286228,NA,"oob_r2",-0.0523362830099237,0.0196078431372549,TRUE,0.877135114208285,0.868783068783069,"cz_hnscc_hpv"
"natural_killer_cell","CEBPB","lm",318,41,NA,0.730428881036913,NA,"cv_r2",NA,NA,NA,NA,NA,"cz_hnscc_hpv"
"natural_killer_cell","CEBPB","ridge",318,41,NA,0.748837802409172,NA,"cv_r2",NA,NA,NA,NA,NA,"cz_hnscc_hpv"
"natural_killer_cell","CEBPB","spearman",318,41,NA,0.481186409278772,NA,"cv_r2",NA,NA,NA,NA,NA,"cz_hnscc_hpv"
"natural_killer_cell","MAFF","rf",318,41,0.680401700577132,0.660617074863923,NA,"oob_r2",-0.0247584997069623,0.0196078431372549,TRUE,0.907367402245451,0.785185185185185,"cz_hnscc_hpv"
"natural_killer_cell","MAFF","lm",318,41,NA,0.597910204651353,NA,"cv_r2",NA,NA,NA,NA,NA,"cz_hnscc_hpv"
"natural_killer_cell","MAFF","ridge",318,41,NA,0.624298126344835,NA,"cv_r2",NA,NA,NA,NA,NA,"cz_hnscc_hpv"
"natural_killer_cell","MAFF","spearman",318,41,NA,0.342957228309807,NA,"cv_r2",NA,NA,NA,NA,NA,"cz_hnscc_hpv"
"natural_killer_cell","PRDM1","rf",318,41,0.76780959773048,0.739477707045995,NA,"oob_r2",-0.0483519522475876,0.0196078431372549,TRUE,0.900662020905924,0.679365079365079,"cz_hnscc_hpv"
"natural_killer_cell","PRDM1","lm",318,41,NA,0.636381889740982,NA,"cv_r2",NA,NA,NA,NA,NA,"cz_hnscc_hpv"
"natural_killer_cell","PRDM1","ridge",318,41,NA,0.650838411883082,NA,"cv_r2",NA,NA,NA,NA,NA,"cz_hnscc_hpv"
"natural_killer_cell","PRDM1","spearman",318,41,NA,0.397812136360188,NA,"cv_r2",NA,NA,NA,NA,NA,"cz_hnscc_hpv"
"natural_killer_cell","TAL1","rf",318,41,0.767760240662091,0.766365384896694,NA,"oob_r2",-0.0504867236885309,0.0196078431372549,TRUE,0.925555555555556,0.64021164021164,"cz_hnscc_hpv"
"natural_killer_cell","TAL1","lm",318,41,NA,0.703055955809461,NA,"cv_r2",NA,NA,NA,NA,NA,"cz_hnscc_hpv"
"natural_killer_cell","TAL1","ridge",318,41,NA,0.707799049850262,NA,"cv_r2",NA,NA,NA,NA,NA,"cz_hnscc_hpv"
"natural_killer_cell","TAL1","spearman",318,41,NA,0.452942500820854,NA,"cv_r2",NA,NA,NA,NA,NA,"cz_hnscc_hpv"
"myeloid_cell","ETS2","rf",650,115,0.949130168282466,0.94934381365458,NA,"oob_r2",-0.0607595987082328,0.0196078431372549,TRUE,0.862528560281263,0.562962962962963,"cz_hnscc_hpv"
"myeloid_cell","ETS2","lm",650,115,NA,0.92264349340683,NA,"cv_r2",NA,NA,NA,NA,NA,"cz_hnscc_hpv"
"myeloid_cell","ETS2","ridge",650,115,NA,0.922630992017528,NA,"cv_r2",NA,NA,NA,NA,NA,"cz_hnscc_hpv"
"myeloid_cell","ETS2","spearman",650,115,NA,0.877713247664234,NA,"cv_r2",NA,NA,NA,NA,NA,"cz_hnscc_hpv"
"myeloid_cell","JUND","rf",650,115,0.972100483319884,0.970040967774495,NA,"oob_r2",-0.0501873554178988,0.0196078431372549,TRUE,0.861887828015817,0.679365079365079,"cz_hnscc_hpv"
"myeloid_cell","JUND","lm",650,115,NA,0.952554610170372,NA,"cv_r2",NA,NA,NA,NA,NA,"cz_hnscc_hpv"
"myeloid_cell","JUND","ridge",650,115,NA,0.950816949288972,NA,"cv_r2",NA,NA,NA,NA,NA,"cz_hnscc_hpv"
"myeloid_cell","JUND","spearman",650,115,NA,0.875188280631885,NA,"cv_r2",NA,NA,NA,NA,NA,"cz_hnscc_hpv"
"myeloid_cell","ATF3","rf",650,115,0.962112908120165,0.959534437195171,NA,"oob_r2",-0.0490620264355029,0.0196078431372549,TRUE,0.814716676749345,0.822222222222222,"cz_hnscc_hpv"
"myeloid_cell","ATF3","lm",650,115,NA,0.940685288412136,NA,"cv_r2",NA,NA,NA,NA,NA,"cz_hnscc_hpv"
"myeloid_cell","ATF3","ridge",650,115,NA,0.941411694723816,NA,"cv_r2",NA,NA,NA,NA,NA,"cz_hnscc_hpv"
"myeloid_cell","ATF3","spearman",650,115,NA,0.866309025352735,NA,"cv_r2",NA,NA,NA,NA,NA,"cz_hnscc_hpv"
"myeloid_cell","TFAP2A","rf",650,115,0.954561947677873,0.954078885229221,NA,"oob_r2",-0.0439957355856726,0.0196078431372549,TRUE,0.865554240423648,0.675132275132275,"cz_hnscc_hpv"
"myeloid_cell","TFAP2A","lm",650,115,NA,0.930264236470052,NA,"cv_r2",NA,NA,NA,NA,NA,"cz_hnscc_hpv"
"myeloid_cell","TFAP2A","ridge",650,115,NA,0.930314488840134,NA,"cv_r2",NA,NA,NA,NA,NA,"cz_hnscc_hpv"
"myeloid_cell","TFAP2A","spearman",650,115,NA,0.878446352277924,NA,"cv_r2",NA,NA,NA,NA,NA,"cz_hnscc_hpv"
"myeloid_cell","HES4","rf",650,115,0.945290167297886,0.94307563700066,NA,"oob_r2",-0.0509439908405888,0.0196078431372549,TRUE,0.819685946500434,0.752380952380952,"cz_hnscc_hpv"
"myeloid_cell","HES4","lm",650,115,NA,0.91865996797546,NA,"cv_r2",NA,NA,NA,NA,NA,"cz_hnscc_hpv"
"myeloid_cell","HES4","ridge",650,115,NA,0.920059365518126,NA,"cv_r2",NA,NA,NA,NA,NA,"cz_hnscc_hpv"
"myeloid_cell","HES4","spearman",650,115,NA,0.876326793585812,NA,"cv_r2",NA,NA,NA,NA,NA,"cz_hnscc_hpv"
"myeloid_cell","ELF1","rf",650,115,0.938817355904724,0.939255476924859,NA,"oob_r2",-0.0472364215029827,0.0196078431372549,TRUE,0.844503888406674,0.670899470899471,"cz_hnscc_hpv"
"myeloid_cell","ELF1","lm",650,115,NA,0.907819453486897,NA,"cv_r2",NA,NA,NA,NA,NA,"cz_hnscc_hpv"
"myeloid_cell","ELF1","ridge",650,115,NA,0.90845870025423,NA,"cv_r2",NA,NA,NA,NA,NA,"cz_hnscc_hpv"
"myeloid_cell","ELF1","spearman",650,115,NA,0.860581647991613,NA,"cv_r2",NA,NA,NA,NA,NA,"cz_hnscc_hpv"
"myeloid_cell","CEBPB","rf",650,115,0.96696986430891,0.966085432030402,NA,"oob_r2",-0.0470657034988115,0.0196078431372549,TRUE,0.844615060890607,0.736507936507936,"cz_hnscc_hpv"
"myeloid_cell","CEBPB","lm",650,115,NA,0.94791750899443,NA,"cv_r2",NA,NA,NA,NA,NA,"cz_hnscc_hpv"
"myeloid_cell","CEBPB","ridge",650,115,NA,0.9458569174302,NA,"cv_r2",NA,NA,NA,NA,NA,"cz_hnscc_hpv"
"myeloid_cell","CEBPB","spearman",650,115,NA,0.880932498284641,NA,"cv_r2",NA,NA,NA,NA,NA,"cz_hnscc_hpv"
"myeloid_cell","EGR1","rf",650,115,0.951259382270763,0.950913266313095,NA,"oob_r2",-0.049534272097631,0.0196078431372549,TRUE,0.854631105499882,0.757671957671958,"cz_hnscc_hpv"
"myeloid_cell","EGR1","lm",650,115,NA,0.922127719892066,NA,"cv_r2",NA,NA,NA,NA,NA,"cz_hnscc_hpv"
"myeloid_cell","EGR1","ridge",650,115,NA,0.923404309576274,NA,"cv_r2",NA,NA,NA,NA,NA,"cz_hnscc_hpv"
"myeloid_cell","EGR1","spearman",650,115,NA,0.863908947706515,NA,"cv_r2",NA,NA,NA,NA,NA,"cz_hnscc_hpv"
"myeloid_cell","ELF2","rf",650,115,0.948169507567717,0.944399214868025,NA,"oob_r2",-0.0554163453813289,0.0196078431372549,TRUE,0.835114547989163,0.701587301587302,"cz_hnscc_hpv"
"myeloid_cell","ELF2","lm",650,115,NA,0.920753959719483,NA,"cv_r2",NA,NA,NA,NA,NA,"cz_hnscc_hpv"
"myeloid_cell","ELF2","ridge",650,115,NA,0.920383007190765,NA,"cv_r2",NA,NA,NA,NA,NA,"cz_hnscc_hpv"
"myeloid_cell","ELF2","spearman",650,115,NA,0.876046995989188,NA,"cv_r2",NA,NA,NA,NA,NA,"cz_hnscc_hpv"
"myeloid_cell","SRF","rf",650,115,0.956068680978351,0.954597463220829,NA,"oob_r2",-0.0523778648294465,0.0196078431372549,TRUE,0.842839106762408,0.933333333333333,"cz_hnscc_hpv"
"myeloid_cell","SRF","lm",650,115,NA,0.93021410579777,NA,"cv_r2",NA,NA,NA,NA,NA,"cz_hnscc_hpv"
"myeloid_cell","SRF","ridge",650,115,NA,0.931342467255222,NA,"cv_r2",NA,NA,NA,NA,NA,"cz_hnscc_hpv"
"myeloid_cell","SRF","spearman",650,115,NA,0.872657024458253,NA,"cv_r2",NA,NA,NA,NA,NA,"cz_hnscc_hpv"
"myeloid_cell","TFAP2D","rf",650,115,0.948556968762329,0.94634179498298,NA,"oob_r2",-0.055645482338891,0.0196078431372549,TRUE,0.838981561850654,0.712169312169312,"cz_hnscc_hpv"
"myeloid_cell","TFAP2D","lm",650,115,NA,0.913747712482135,NA,"cv_r2",NA,NA,NA,NA,NA,"cz_hnscc_hpv"
"myeloid_cell","TFAP2D","ridge",650,115,NA,0.914313174634616,NA,"cv_r2",NA,NA,NA,NA,NA,"cz_hnscc_hpv"
"myeloid_cell","TFAP2D","spearman",650,115,NA,0.872928609095957,NA,"cv_r2",NA,NA,NA,NA,NA,"cz_hnscc_hpv"
"myeloid_cell","IRF1","rf",650,115,0.960848018961155,0.962647047988116,NA,"oob_r2",-0.0624135218574824,0.0196078431372549,TRUE,0.833624065160402,1,"cz_hnscc_hpv"
"myeloid_cell","IRF1","lm",650,115,NA,0.941864009771979,NA,"cv_r2",NA,NA,NA,NA,NA,"cz_hnscc_hpv"
"myeloid_cell","IRF1","ridge",650,115,NA,0.942205824955463,NA,"cv_r2",NA,NA,NA,NA,NA,"cz_hnscc_hpv"
"myeloid_cell","IRF1","spearman",650,115,NA,0.838695065271136,NA,"cv_r2",NA,NA,NA,NA,NA,"cz_hnscc_hpv"
"myeloid_cell","RARA","rf",650,115,0.961356680027111,0.962109884793562,NA,"oob_r2",-0.0559475449507028,0.0196078431372549,TRUE,0.856772841649351,0.785185185185185,"cz_hnscc_hpv"
"myeloid_cell","RARA","lm",650,115,NA,0.935058928286522,NA,"cv_r2",NA,NA,NA,NA,NA,"cz_hnscc_hpv"
"myeloid_cell","RARA","ridge",650,115,NA,0.934185764004166,NA,"cv_r2",NA,NA,NA,NA,NA,"cz_hnscc_hpv"
"myeloid_cell","RARA","spearman",650,115,NA,0.865892167527323,NA,"cv_r2",NA,NA,NA,NA,NA,"cz_hnscc_hpv"
"myeloid_cell","FOXD3","rf",650,115,0.96818822669407,0.966669686909956,NA,"oob_r2",-0.0446970848472999,0.0196078431372549,TRUE,0.877327827314413,0.73015873015873,"cz_hnscc_hpv"
"myeloid_cell","FOXD3","lm",650,115,NA,0.959037889444414,NA,"cv_r2",NA,NA,NA,NA,NA,"cz_hnscc_hpv"
"myeloid_cell","FOXD3","ridge",650,115,NA,0.958291949970398,NA,"cv_r2",NA,NA,NA,NA,NA,"cz_hnscc_hpv"
"myeloid_cell","FOXD3","spearman",650,115,NA,0.795022645971633,NA,"cv_r2",NA,NA,NA,NA,NA,"cz_hnscc_hpv"
"myeloid_cell","GATA2","rf",650,115,0.954592741104811,0.953017131844752,NA,"oob_r2",-0.0519984781160008,0.0196078431372549,TRUE,0.855716001648299,0.661375661375661,"cz_hnscc_hpv"
"myeloid_cell","GATA2","lm",650,115,NA,0.930884407889835,NA,"cv_r2",NA,NA,NA,NA,NA,"cz_hnscc_hpv"
"myeloid_cell","GATA2","ridge",650,115,NA,0.93121975347465,NA,"cv_r2",NA,NA,NA,NA,NA,"cz_hnscc_hpv"
"myeloid_cell","GATA2","spearman",650,115,NA,0.874805386880924,NA,"cv_r2",NA,NA,NA,NA,NA,"cz_hnscc_hpv"
"myeloid_cell","KLF7","rf",650,115,0.961475139872854,0.961418540477926,NA,"oob_r2",-0.0521877776841079,0.0196078431372549,TRUE,0.848571503721823,0.645502645502645,"cz_hnscc_hpv"
"myeloid_cell","KLF7","lm",650,115,NA,0.942448342732122,NA,"cv_r2",NA,NA,NA,NA,NA,"cz_hnscc_hpv"
"myeloid_cell","KLF7","ridge",650,115,NA,0.94172421799601,NA,"cv_r2",NA,NA,NA,NA,NA,"cz_hnscc_hpv"
"myeloid_cell","KLF7","spearman",650,115,NA,0.864886052835151,NA,"cv_r2",NA,NA,NA,NA,NA,"cz_hnscc_hpv"
"myeloid_cell","E2F3","rf",650,115,0.958281952320336,0.957603489300691,NA,"oob_r2",-0.0464400630178782,0.0196078431372549,TRUE,0.846976161042286,0.71957671957672,"cz_hnscc_hpv"
"myeloid_cell","E2F3","lm",650,115,NA,0.935517445671981,NA,"cv_r2",NA,NA,NA,NA,NA,"cz_hnscc_hpv"
"myeloid_cell","E2F3","ridge",650,115,NA,0.936456891510436,NA,"cv_r2",NA,NA,NA,NA,NA,"cz_hnscc_hpv"
"myeloid_cell","E2F3","spearman",650,115,NA,0.862357979957117,NA,"cv_r2",NA,NA,NA,NA,NA,"cz_hnscc_hpv"
"myeloid_cell","EGR3","rf",650,115,0.960455663112066,0.96052045744961,NA,"oob_r2",-0.0398909672764681,0.0196078431372549,TRUE,0.836953628448934,0.868783068783069,"cz_hnscc_hpv"
"myeloid_cell","EGR3","lm",650,115,NA,0.940151065644882,NA,"cv_r2",NA,NA,NA,NA,NA,"cz_hnscc_hpv"
"myeloid_cell","EGR3","ridge",650,115,NA,0.94033381950405,NA,"cv_r2",NA,NA,NA,NA,NA,"cz_hnscc_hpv"
"myeloid_cell","EGR3","spearman",650,115,NA,0.876791931711922,NA,"cv_r2",NA,NA,NA,NA,NA,"cz_hnscc_hpv"
"myeloid_cell","ELF3","rf",650,115,0.953470043425816,0.951265857005182,NA,"oob_r2",-0.0526868553891697,0.0196078431372549,TRUE,0.858401676354805,0.714285714285714,"cz_hnscc_hpv"
"myeloid_cell","ELF3","lm",650,115,NA,0.93184681105116,NA,"cv_r2",NA,NA,NA,NA,NA,"cz_hnscc_hpv"
"myeloid_cell","ELF3","ridge",650,115,NA,0.931667646153669,NA,"cv_r2",NA,NA,NA,NA,NA,"cz_hnscc_hpv"
"myeloid_cell","ELF3","spearman",650,115,NA,0.871904846235229,NA,"cv_r2",NA,NA,NA,NA,NA,"cz_hnscc_hpv"
"myeloid_cell","RXRA","rf",650,115,0.974055172002102,0.974065135649336,NA,"oob_r2",-0.0475586382790522,0.0196078431372549,TRUE,0.879896367605671,0.630687830687831,"cz_hnscc_hpv"
"myeloid_cell","RXRA","lm",650,115,NA,0.961562716673368,NA,"cv_r2",NA,NA,NA,NA,NA,"cz_hnscc_hpv"
"myeloid_cell","RXRA","ridge",650,115,NA,0.960818158638533,NA,"cv_r2",NA,NA,NA,NA,NA,"cz_hnscc_hpv"
"myeloid_cell","RXRA","spearman",650,115,NA,0.837582385489537,NA,"cv_r2",NA,NA,NA,NA,NA,"cz_hnscc_hpv"
"myeloid_cell","CHD2","rf",650,115,0.952913928368205,0.952421200315362,NA,"oob_r2",-0.0476218190241439,0.0196078431372549,TRUE,0.852932130426015,0.762962962962963,"cz_hnscc_hpv"
"myeloid_cell","CHD2","lm",650,115,NA,0.925379631251705,NA,"cv_r2",NA,NA,NA,NA,NA,"cz_hnscc_hpv"
"myeloid_cell","CHD2","ridge",650,115,NA,0.92612984279911,NA,"cv_r2",NA,NA,NA,NA,NA,"cz_hnscc_hpv"
"myeloid_cell","CHD2","spearman",650,115,NA,0.855465684478281,NA,"cv_r2",NA,NA,NA,NA,NA,"cz_hnscc_hpv"
"myeloid_cell","CREB5","rf",650,115,0.971894385561018,0.970042476919953,NA,"oob_r2",-0.0449652524955749,0.0196078431372549,TRUE,0.866579867960757,0.630687830687831,"cz_hnscc_hpv"
"myeloid_cell","CREB5","lm",650,115,NA,0.958139119346771,NA,"cv_r2",NA,NA,NA,NA,NA,"cz_hnscc_hpv"
"myeloid_cell","CREB5","ridge",650,115,NA,0.958975826652893,NA,"cv_r2",NA,NA,NA,NA,NA,"cz_hnscc_hpv"
"myeloid_cell","CREB5","spearman",650,115,NA,0.834624424658086,NA,"cv_r2",NA,NA,NA,NA,NA,"cz_hnscc_hpv"
"myeloid_cell","SPI1","rf",650,115,0.972829053502734,0.972537822310757,NA,"oob_r2",-0.0451475863064228,0.0196078431372549,TRUE,0.85150722884172,0.73015873015873,"cz_hnscc_hpv"
"myeloid_cell","SPI1","lm",650,115,NA,0.957300377998096,NA,"cv_r2",NA,NA,NA,NA,NA,"cz_hnscc_hpv"
"myeloid_cell","SPI1","ridge",650,115,NA,0.957418021005703,NA,"cv_r2",NA,NA,NA,NA,NA,"cz_hnscc_hpv"
"myeloid_cell","SPI1","spearman",650,115,NA,0.81124952697978,NA,"cv_r2",NA,NA,NA,NA,NA,"cz_hnscc_hpv"
"myeloid_cell","KLF2","rf",650,115,0.958659900503656,0.962500695323704,NA,"oob_r2",-0.0545686781077176,0.0196078431372549,TRUE,0.875215725470598,0.711111111111111,"cz_hnscc_hpv"
"myeloid_cell","KLF2","lm",650,115,NA,0.944400627512327,NA,"cv_r2",NA,NA,NA,NA,NA,"cz_hnscc_hpv"
"myeloid_cell","KLF2","ridge",650,115,NA,0.944784121315236,NA,"cv_r2",NA,NA,NA,NA,NA,"cz_hnscc_hpv"
"myeloid_cell","KLF2","spearman",650,115,NA,0.862341114544759,NA,"cv_r2",NA,NA,NA,NA,NA,"cz_hnscc_hpv"
"myeloid_cell","GRHL2","rf",650,115,0.962234262337087,0.961125644006755,NA,"oob_r2",-0.0443452538244431,0.0196078431372549,TRUE,0.857449520853608,0.616402116402116,"cz_hnscc_hpv"
"myeloid_cell","GRHL2","lm",650,115,NA,0.942781979009167,NA,"cv_r2",NA,NA,NA,NA,NA,"cz_hnscc_hpv"
"myeloid_cell","GRHL2","ridge",650,115,NA,0.944027805237123,NA,"cv_r2",NA,NA,NA,NA,NA,"cz_hnscc_hpv"
"myeloid_cell","GRHL2","spearman",650,115,NA,0.834698456336118,NA,"cv_r2",NA,NA,NA,NA,NA,"cz_hnscc_hpv"
"myeloid_cell","NFE2","rf",650,115,0.964397094103871,0.962747845538546,NA,"oob_r2",-0.0445180599662914,0.0196078431372549,TRUE,0.880462400378758,0.697354497354497,"cz_hnscc_hpv"
"myeloid_cell","NFE2","lm",650,115,NA,0.945791749247936,NA,"cv_r2",NA,NA,NA,NA,NA,"cz_hnscc_hpv"
"myeloid_cell","NFE2","ridge",650,115,NA,0.946511581198821,NA,"cv_r2",NA,NA,NA,NA,NA,"cz_hnscc_hpv"
"myeloid_cell","NFE2","spearman",650,115,NA,0.829140155304353,NA,"cv_r2",NA,NA,NA,NA,NA,"cz_hnscc_hpv"
"myeloid_cell","HES1","rf",650,115,0.952431536980879,0.950589985065825,NA,"oob_r2",-0.0477963915805136,0.0196078431372549,TRUE,0.851000990732704,0.8,"cz_hnscc_hpv"
"myeloid_cell","HES1","lm",650,115,NA,0.925697446563284,NA,"cv_r2",NA,NA,NA,NA,NA,"cz_hnscc_hpv"
"myeloid_cell","HES1","ridge",650,115,NA,0.926078315836016,NA,"cv_r2",NA,NA,NA,NA,NA,"cz_hnscc_hpv"
"myeloid_cell","HES1","spearman",650,115,NA,0.87722663869124,NA,"cv_r2",NA,NA,NA,NA,NA,"cz_hnscc_hpv"
"myeloid_cell","KLF6","rf",650,115,0.968476782626045,0.967611527302571,NA,"oob_r2",-0.0508474266155142,0.0196078431372549,TRUE,0.8900204283823,0.627513227513227,"cz_hnscc_hpv"
"myeloid_cell","KLF6","lm",650,115,NA,0.957868409501997,NA,"cv_r2",NA,NA,NA,NA,NA,"cz_hnscc_hpv"
"myeloid_cell","KLF6","ridge",650,115,NA,0.956974061256208,NA,"cv_r2",NA,NA,NA,NA,NA,"cz_hnscc_hpv"
"myeloid_cell","KLF6","spearman",650,115,NA,0.843248139369225,NA,"cv_r2",NA,NA,NA,NA,NA,"cz_hnscc_hpv"
"myeloid_cell","NFE2L2","rf",650,115,0.956643667529769,0.956670212169671,NA,"oob_r2",-0.0480851492730563,0.0196078431372549,TRUE,0.845568619199172,0.881481481481481,"cz_hnscc_hpv"
"myeloid_cell","NFE2L2","lm",650,115,NA,0.936496836991957,NA,"cv_r2",NA,NA,NA,NA,NA,"cz_hnscc_hpv"
"myeloid_cell","NFE2L2","ridge",650,115,NA,0.936684603498686,NA,"cv_r2",NA,NA,NA,NA,NA,"cz_hnscc_hpv"
"myeloid_cell","NFE2L2","spearman",650,115,NA,0.878169158690145,NA,"cv_r2",NA,NA,NA,NA,NA,"cz_hnscc_hpv"
"myeloid_cell","FOXI1","rf",650,115,0.951853068910602,0.950210913714286,NA,"oob_r2",-0.0461035927677427,0.0196078431372549,TRUE,0.843401106464312,0.666666666666667,"cz_hnscc_hpv"
"myeloid_cell","FOXI1","lm",650,115,NA,0.927838836151113,NA,"cv_r2",NA,NA,NA,NA,NA,"cz_hnscc_hpv"
"myeloid_cell","FOXI1","ridge",650,115,NA,0.929941829358886,NA,"cv_r2",NA,NA,NA,NA,NA,"cz_hnscc_hpv"
"myeloid_cell","FOXI1","spearman",650,115,NA,0.816551971064473,NA,"cv_r2",NA,NA,NA,NA,NA,"cz_hnscc_hpv"
"myeloid_cell","FOXI3","rf",650,115,0.96374131536398,0.961929130320803,NA,"oob_r2",-0.046119826063488,0.0196078431372549,TRUE,0.828852415897315,1,"cz_hnscc_hpv"
"myeloid_cell","FOXI3","lm",650,115,NA,0.947494997767807,NA,"cv_r2",NA,NA,NA,NA,NA,"cz_hnscc_hpv"
"myeloid_cell","FOXI3","ridge",650,115,NA,0.947579817698159,NA,"cv_r2",NA,NA,NA,NA,NA,"cz_hnscc_hpv"
"myeloid_cell","FOXI3","spearman",650,115,NA,0.826320356055156,NA,"cv_r2",NA,NA,NA,NA,NA,"cz_hnscc_hpv"
"myeloid_cell","FOXE1","rf",650,115,0.963239771969556,0.964035545896138,NA,"oob_r2",-0.050000280113766,0.0196078431372549,TRUE,0.878307688261133,0.755555555555556,"cz_hnscc_hpv"
"myeloid_cell","FOXE1","lm",650,115,NA,0.94548217430472,NA,"cv_r2",NA,NA,NA,NA,NA,"cz_hnscc_hpv"
"myeloid_cell","FOXE1","ridge",650,115,NA,0.945937128566317,NA,"cv_r2",NA,NA,NA,NA,NA,"cz_hnscc_hpv"
"myeloid_cell","FOXE1","spearman",650,115,NA,0.783610618139223,NA,"cv_r2",NA,NA,NA,NA,NA,"cz_hnscc_hpv"
"myeloid_cell","NR2F2","rf",650,115,0.955659112553537,0.955723943922601,NA,"oob_r2",-0.0577465115868656,0.0196078431372549,TRUE,0.847967069097031,1,"cz_hnscc_hpv"
"myeloid_cell","NR2F2","lm",650,115,NA,0.932693859013095,NA,"cv_r2",NA,NA,NA,NA,NA,"cz_hnscc_hpv"
"myeloid_cell","NR2F2","ridge",650,115,NA,0.933862756994458,NA,"cv_r2",NA,NA,NA,NA,NA,"cz_hnscc_hpv"
"myeloid_cell","NR2F2","spearman",650,115,NA,0.850949569464661,NA,"cv_r2",NA,NA,NA,NA,NA,"cz_hnscc_hpv"
"myeloid_cell","ID1","rf",650,115,0.952939092880574,0.951696322287724,NA,"oob_r2",-0.046963452119384,0.0196078431372549,TRUE,0.820271793927598,0.868783068783069,"cz_hnscc_hpv"
"myeloid_cell","ID1","lm",650,115,NA,0.929966858641057,NA,"cv_r2",NA,NA,NA,NA,NA,"cz_hnscc_hpv"
"myeloid_cell","ID1","ridge",650,115,NA,0.930774962718762,NA,"cv_r2",NA,NA,NA,NA,NA,"cz_hnscc_hpv"
"myeloid_cell","ID1","spearman",650,115,NA,0.845833601945911,NA,"cv_r2",NA,NA,NA,NA,NA,"cz_hnscc_hpv"
"myeloid_cell","NFKB1","rf",650,115,0.966569004457852,0.965688239490178,NA,"oob_r2",-0.0521759127317442,0.0196078431372549,TRUE,0.842110172983684,0.785185185185185,"cz_hnscc_hpv"
"myeloid_cell","NFKB1","lm",650,115,NA,0.949183078200577,NA,"cv_r2",NA,NA,NA,NA,NA,"cz_hnscc_hpv"
"myeloid_cell","NFKB1","ridge",650,115,NA,0.949317582441056,NA,"cv_r2",NA,NA,NA,NA,NA,"cz_hnscc_hpv"
"myeloid_cell","NFKB1","spearman",650,115,NA,0.853252965726385,NA,"cv_r2",NA,NA,NA,NA,NA,"cz_hnscc_hpv"
"myeloid_cell","SIX5","rf",650,115,0.95432905813689,0.953155098369661,NA,"oob_r2",-0.0515894796198385,0.0196078431372549,TRUE,0.846974758234918,0.819047619047619,"cz_hnscc_hpv"
"myeloid_cell","SIX5","lm",650,115,NA,0.926671409494322,NA,"cv_r2",NA,NA,NA,NA,NA,"cz_hnscc_hpv"
"myeloid_cell","SIX5","ridge",650,115,NA,0.927913315543354,NA,"cv_r2",NA,NA,NA,NA,NA,"cz_hnscc_hpv"
"myeloid_cell","SIX5","spearman",650,115,NA,0.861386469708816,NA,"cv_r2",NA,NA,NA,NA,NA,"cz_hnscc_hpv"
"myeloid_cell","STAT3","rf",650,115,0.970501373609566,0.971107341071103,NA,"oob_r2",-0.0399641887523964,0.0196078431372549,TRUE,0.878880735071061,0.643386243386243,"cz_hnscc_hpv"
"myeloid_cell","STAT3","lm",650,115,NA,0.964215679133098,NA,"cv_r2",NA,NA,NA,NA,NA,"cz_hnscc_hpv"
"myeloid_cell","STAT3","ridge",650,115,NA,0.964603585212348,NA,"cv_r2",NA,NA,NA,NA,NA,"cz_hnscc_hpv"
"myeloid_cell","STAT3","spearman",650,115,NA,0.803572229054907,NA,"cv_r2",NA,NA,NA,NA,NA,"cz_hnscc_hpv"
"myeloid_cell","REL","rf",650,115,0.955580628322851,0.955937149659611,NA,"oob_r2",-0.0493826599884622,0.0196078431372549,TRUE,0.84384825131294,0.82962962962963,"cz_hnscc_hpv"
"myeloid_cell","REL","lm",650,115,NA,0.935568046594942,NA,"cv_r2",NA,NA,NA,NA,NA,"cz_hnscc_hpv"
"myeloid_cell","REL","ridge",650,115,NA,0.938621369155386,NA,"cv_r2",NA,NA,NA,NA,NA,"cz_hnscc_hpv"
"myeloid_cell","REL","spearman",650,115,NA,0.826182683043551,NA,"cv_r2",NA,NA,NA,NA,NA,"cz_hnscc_hpv"
"myeloid_cell","PAX9","rf",650,115,0.961771304511124,0.959135263689515,NA,"oob_r2",-0.0450010800562858,0.0196078431372549,TRUE,0.883596272039419,0.613227513227513,"cz_hnscc_hpv"
"myeloid_cell","PAX9","lm",650,115,NA,0.943375742659264,NA,"cv_r2",NA,NA,NA,NA,NA,"cz_hnscc_hpv"
"myeloid_cell","PAX9","ridge",650,115,NA,0.942864839138665,NA,"cv_r2",NA,NA,NA,NA,NA,"cz_hnscc_hpv"
"myeloid_cell","PAX9","spearman",650,115,NA,0.880270037025167,NA,"cv_r2",NA,NA,NA,NA,NA,"cz_hnscc_hpv"
"myeloid_cell","ID2","rf",650,115,0.960799727365246,0.95979529226867,NA,"oob_r2",-0.0482859137183245,0.0196078431372549,TRUE,0.859997895788948,0.77989417989418,"cz_hnscc_hpv"
"myeloid_cell","ID2","lm",650,115,NA,0.948909690856048,NA,"cv_r2",NA,NA,NA,NA,NA,"cz_hnscc_hpv"
"myeloid_cell","ID2","ridge",650,115,NA,0.94976333045657,NA,"cv_r2",NA,NA,NA,NA,NA,"cz_hnscc_hpv"
"myeloid_cell","ID2","spearman",650,115,NA,0.843074725212603,NA,"cv_r2",NA,NA,NA,NA,NA,"cz_hnscc_hpv"
"myeloid_cell","NR4A2","rf",650,115,0.959889244620311,0.960428827612419,NA,"oob_r2",-0.0494350303853336,0.0196078431372549,TRUE,0.842953084861078,0.571693121693122,"cz_hnscc_hpv"
"myeloid_cell","NR4A2","lm",650,115,NA,0.941105271751546,NA,"cv_r2",NA,NA,NA,NA,NA,"cz_hnscc_hpv"
"myeloid_cell","NR4A2","ridge",650,115,NA,0.942579097285189,NA,"cv_r2",NA,NA,NA,NA,NA,"cz_hnscc_hpv"
"myeloid_cell","NR4A2","spearman",650,115,NA,0.836457710627205,NA,"cv_r2",NA,NA,NA,NA,NA,"cz_hnscc_hpv"
"myeloid_cell","FOS","rf",650,115,0.963359198655491,0.961635831778601,NA,"oob_r2",-0.0549898228160687,0.0196078431372549,TRUE,0.870394101195017,0.535978835978836,"cz_hnscc_hpv"
"myeloid_cell","FOS","lm",650,115,NA,0.943769531701617,NA,"cv_r2",NA,NA,NA,NA,NA,"cz_hnscc_hpv"
"myeloid_cell","FOS","ridge",650,115,NA,0.944262750487128,NA,"cv_r2",NA,NA,NA,NA,NA,"cz_hnscc_hpv"
"myeloid_cell","FOS","spearman",650,115,NA,0.85474887272821,NA,"cv_r2",NA,NA,NA,NA,NA,"cz_hnscc_hpv"
"myeloid_cell","HEY1","rf",650,115,0.962697043426004,0.960441254407956,NA,"oob_r2",-0.0484411058085293,0.0196078431372549,TRUE,0.860630561912027,0.607407407407407,"cz_hnscc_hpv"
"myeloid_cell","HEY1","lm",650,115,NA,0.945627060986836,NA,"cv_r2",NA,NA,NA,NA,NA,"cz_hnscc_hpv"
"myeloid_cell","HEY1","ridge",650,115,NA,0.94582984967414,NA,"cv_r2",NA,NA,NA,NA,NA,"cz_hnscc_hpv"
"myeloid_cell","HEY1","spearman",650,115,NA,0.803096590850923,NA,"cv_r2",NA,NA,NA,NA,NA,"cz_hnscc_hpv"
"myeloid_cell","ETV7","rf",650,115,0.94806449735338,0.946360887649552,NA,"oob_r2",-0.0548684161482668,0.0196078431372549,TRUE,0.855590450388841,0.744973544973545,"cz_hnscc_hpv"
"myeloid_cell","ETV7","lm",650,115,NA,0.927819039169002,NA,"cv_r2",NA,NA,NA,NA,NA,"cz_hnscc_hpv"
"myeloid_cell","ETV7","ridge",650,115,NA,0.928034499649811,NA,"cv_r2",NA,NA,NA,NA,NA,"cz_hnscc_hpv"
"myeloid_cell","ETV7","spearman",650,115,NA,0.828189390562613,NA,"cv_r2",NA,NA,NA,NA,NA,"cz_hnscc_hpv"
"myeloid_cell","GLI2","rf",650,115,0.952505082469747,0.95076732066564,NA,"oob_r2",-0.0503433008791334,0.0196078431372549,TRUE,0.868006698405184,0.785185185185185,"cz_hnscc_hpv"
"myeloid_cell","GLI2","lm",650,115,NA,0.918199301904871,NA,"cv_r2",NA,NA,NA,NA,NA,"cz_hnscc_hpv"
"myeloid_cell","GLI2","ridge",650,115,NA,0.918099846398505,NA,"cv_r2",NA,NA,NA,NA,NA,"cz_hnscc_hpv"
"myeloid_cell","GLI2","spearman",650,115,NA,0.865908783087047,NA,"cv_r2",NA,NA,NA,NA,NA,"cz_hnscc_hpv"
"myeloid_cell","JDP2","rf",650,115,0.961959147459412,0.961605816458971,NA,"oob_r2",-0.0386023751208385,0.0196078431372549,TRUE,0.83249568198357,0.8,"cz_hnscc_hpv"
"myeloid_cell","JDP2","lm",650,115,NA,0.940266109260662,NA,"cv_r2",NA,NA,NA,NA,NA,"cz_hnscc_hpv"
"myeloid_cell","JDP2","ridge",650,115,NA,0.939663262719425,NA,"cv_r2",NA,NA,NA,NA,NA,"cz_hnscc_hpv"
"myeloid_cell","JDP2","spearman",650,115,NA,0.827459348986944,NA,"cv_r2",NA,NA,NA,NA,NA,"cz_hnscc_hpv"
"myeloid_cell","NFKB2","rf",650,115,0.958625083956638,0.95929661987303,NA,"oob_r2",-0.0541852870019779,0.0196078431372549,TRUE,0.840651954724392,0.819047619047619,"cz_hnscc_hpv"
"myeloid_cell","NFKB2","lm",650,115,NA,0.946838056336524,NA,"cv_r2",NA,NA,NA,NA,NA,"cz_hnscc_hpv"
"myeloid_cell","NFKB2","ridge",650,115,NA,0.946349437068722,NA,"cv_r2",NA,NA,NA,NA,NA,"cz_hnscc_hpv"
"myeloid_cell","NFKB2","spearman",650,115,NA,0.813069771794088,NA,"cv_r2",NA,NA,NA,NA,NA,"cz_hnscc_hpv"
"myeloid_cell","HEY2","rf",650,115,0.958277718456261,0.956918670096512,NA,"oob_r2",-0.0529667065160409,0.0196078431372549,TRUE,0.865378188098933,0.558465608465608,"cz_hnscc_hpv"
"myeloid_cell","HEY2","lm",650,115,NA,0.940641154083813,NA,"cv_r2",NA,NA,NA,NA,NA,"cz_hnscc_hpv"
"myeloid_cell","HEY2","ridge",650,115,NA,0.941600467499742,NA,"cv_r2",NA,NA,NA,NA,NA,"cz_hnscc_hpv"
"myeloid_cell","HEY2","spearman",650,115,NA,0.855878038942762,NA,"cv_r2",NA,NA,NA,NA,NA,"cz_hnscc_hpv"
"myeloid_cell","JUN","rf",650,115,0.960711707099799,0.961817967751701,NA,"oob_r2",-0.0438540400495275,0.0196078431372549,TRUE,0.877901049475262,0.588888888888889,"cz_hnscc_hpv"
"myeloid_cell","JUN","lm",650,115,NA,0.956590979845761,NA,"cv_r2",NA,NA,NA,NA,NA,"cz_hnscc_hpv"
"myeloid_cell","JUN","ridge",650,115,NA,0.957117436137639,NA,"cv_r2",NA,NA,NA,NA,NA,"cz_hnscc_hpv"
"myeloid_cell","JUN","spearman",650,115,NA,0.82257195228292,NA,"cv_r2",NA,NA,NA,NA,NA,"cz_hnscc_hpv"
"myeloid_cell","HES7","rf",650,115,0.9504413091656,0.950013250890125,NA,"oob_r2",-0.0492243574210011,0.0196078431372549,TRUE,0.827627940415757,0.784126984126984,"cz_hnscc_hpv"
"myeloid_cell","HES7","lm",650,115,NA,0.921552135671926,NA,"cv_r2",NA,NA,NA,NA,NA,"cz_hnscc_hpv"
"myeloid_cell","HES7","ridge",650,115,NA,0.922609657223006,NA,"cv_r2",NA,NA,NA,NA,NA,"cz_hnscc_hpv"
"myeloid_cell","HES7","spearman",650,115,NA,0.86374505262286,NA,"cv_r2",NA,NA,NA,NA,NA,"cz_hnscc_hpv"
"myeloid_cell","FOXQ1","rf",650,115,0.952387289265064,0.952335427164579,NA,"oob_r2",-0.0529976048723387,0.0196078431372549,TRUE,0.845873554450845,0.674074074074074,"cz_hnscc_hpv"
"myeloid_cell","FOXQ1","lm",650,115,NA,0.940915214471937,NA,"cv_r2",NA,NA,NA,NA,NA,"cz_hnscc_hpv"
"myeloid_cell","FOXQ1","ridge",650,115,NA,0.941363238886505,NA,"cv_r2",NA,NA,NA,NA,NA,"cz_hnscc_hpv"
"myeloid_cell","FOXQ1","spearman",650,115,NA,0.723111331276019,NA,"cv_r2",NA,NA,NA,NA,NA,"cz_hnscc_hpv"
"myeloid_cell","BATF","rf",650,115,0.963376695369002,0.962573531937162,NA,"oob_r2",-0.0502033777371251,0.0196078431372549,TRUE,0.887124157219636,0.933333333333333,"cz_hnscc_hpv"
"myeloid_cell","BATF","lm",650,115,NA,0.935517796510642,NA,"cv_r2",NA,NA,NA,NA,NA,"cz_hnscc_hpv"
"myeloid_cell","BATF","ridge",650,115,NA,0.936311697765144,NA,"cv_r2",NA,NA,NA,NA,NA,"cz_hnscc_hpv"
"myeloid_cell","BATF","spearman",650,115,NA,0.764434098734048,NA,"cv_r2",NA,NA,NA,NA,NA,"cz_hnscc_hpv"
"myeloid_cell","NR4A3","rf",650,115,0.959012119037902,0.958539151827186,NA,"oob_r2",-0.0599740364616707,0.0196078431372549,TRUE,0.858926677012371,0.666666666666667,"cz_hnscc_hpv"
"myeloid_cell","NR4A3","lm",650,115,NA,0.94179944156372,NA,"cv_r2",NA,NA,NA,NA,NA,"cz_hnscc_hpv"
"myeloid_cell","NR4A3","ridge",650,115,NA,0.942988072277329,NA,"cv_r2",NA,NA,NA,NA,NA,"cz_hnscc_hpv"
"myeloid_cell","NR4A3","spearman",650,115,NA,0.800434277021927,NA,"cv_r2",NA,NA,NA,NA,NA,"cz_hnscc_hpv"
"myeloid_cell","FOXO3","rf",650,115,0.952058005914727,0.95437009874821,NA,"oob_r2",-0.0354780548054358,0.0196078431372549,TRUE,0.861181163804063,0.638095238095238,"cz_hnscc_hpv"
"myeloid_cell","FOXO3","lm",650,115,NA,0.939085836311067,NA,"cv_r2",NA,NA,NA,NA,NA,"cz_hnscc_hpv"
"myeloid_cell","FOXO3","ridge",650,115,NA,0.939494370116679,NA,"cv_r2",NA,NA,NA,NA,NA,"cz_hnscc_hpv"
"myeloid_cell","FOXO3","spearman",650,115,NA,0.834096462117095,NA,"cv_r2",NA,NA,NA,NA,NA,"cz_hnscc_hpv"
"myeloid_cell","STAT1","rf",650,115,0.95443460911327,0.954641770542365,NA,"oob_r2",-0.0377660586874194,0.0196078431372549,TRUE,0.843278536170511,0.774603174603175,"cz_hnscc_hpv"
"myeloid_cell","STAT1","lm",650,115,NA,0.930343304066972,NA,"cv_r2",NA,NA,NA,NA,NA,"cz_hnscc_hpv"
"myeloid_cell","STAT1","ridge",650,115,NA,0.932166783485464,NA,"cv_r2",NA,NA,NA,NA,NA,"cz_hnscc_hpv"
"myeloid_cell","STAT1","spearman",650,115,NA,0.847399193912265,NA,"cv_r2",NA,NA,NA,NA,NA,"cz_hnscc_hpv"
"myeloid_cell","ZNF165","rf",650,115,0.944253085055487,0.943355124608817,NA,"oob_r2",-0.0507150982053939,0.0196078431372549,TRUE,0.867488361082617,0.71005291005291,"cz_hnscc_hpv"
"myeloid_cell","ZNF165","lm",650,115,NA,0.921740953130068,NA,"cv_r2",NA,NA,NA,NA,NA,"cz_hnscc_hpv"
"myeloid_cell","ZNF165","ridge",650,115,NA,0.92634009345461,NA,"cv_r2",NA,NA,NA,NA,NA,"cz_hnscc_hpv"
"myeloid_cell","ZNF165","spearman",650,115,NA,0.768787613102571,NA,"cv_r2",NA,NA,NA,NA,NA,"cz_hnscc_hpv"
"myeloid_cell","RUNX2","rf",650,115,0.95580677018441,0.955400100659472,NA,"oob_r2",-0.0498756153757062,0.0196078431372549,TRUE,0.866033474490825,0.704761904761905,"cz_hnscc_hpv"
"myeloid_cell","RUNX2","lm",650,115,NA,0.933477569129767,NA,"cv_r2",NA,NA,NA,NA,NA,"cz_hnscc_hpv"
"myeloid_cell","RUNX2","ridge",650,115,NA,0.934121117238032,NA,"cv_r2",NA,NA,NA,NA,NA,"cz_hnscc_hpv"
"myeloid_cell","RUNX2","spearman",650,115,NA,0.842020142183415,NA,"cv_r2",NA,NA,NA,NA,NA,"cz_hnscc_hpv"
"myeloid_cell","XBP1","rf",650,115,0.957500606528703,0.958913348551442,NA,"oob_r2",-0.0323696316885719,0.0196078431372549,TRUE,0.875463496322015,0.617724867724868,"cz_hnscc_hpv"
"myeloid_cell","XBP1","lm",650,115,NA,0.944613034896992,NA,"cv_r2",NA,NA,NA,NA,NA,"cz_hnscc_hpv"
"myeloid_cell","XBP1","ridge",650,115,NA,0.946120835030651,NA,"cv_r2",NA,NA,NA,NA,NA,"cz_hnscc_hpv"
"myeloid_cell","XBP1","spearman",650,115,NA,0.791926435799753,NA,"cv_r2",NA,NA,NA,NA,NA,"cz_hnscc_hpv"
"myeloid_cell","FOSB","rf",650,115,0.950189691732701,0.952620815562357,NA,"oob_r2",-0.0469619204818493,0.0196078431372549,TRUE,0.855640074699492,1,"cz_hnscc_hpv"
"myeloid_cell","FOSB","lm",650,115,NA,0.935841981348604,NA,"cv_r2",NA,NA,NA,NA,NA,"cz_hnscc_hpv"
"myeloid_cell","FOSB","ridge",650,115,NA,0.935107888503221,NA,"cv_r2",NA,NA,NA,NA,NA,"cz_hnscc_hpv"
"myeloid_cell","FOSB","spearman",650,115,NA,0.831451140376708,NA,"cv_r2",NA,NA,NA,NA,NA,"cz_hnscc_hpv"
"myeloid_cell","KLF10","rf",650,115,0.947342304021629,0.946442037163515,NA,"oob_r2",-0.0511276198167387,0.0196078431372549,TRUE,0.86628440165882,0.774603174603175,"cz_hnscc_hpv"
"myeloid_cell","KLF10","lm",650,115,NA,0.92180040462274,NA,"cv_r2",NA,NA,NA,NA,NA,"cz_hnscc_hpv"
"myeloid_cell","KLF10","ridge",650,115,NA,0.923869386891895,NA,"cv_r2",NA,NA,NA,NA,NA,"cz_hnscc_hpv"
"myeloid_cell","KLF10","spearman",650,115,NA,0.806498352370472,NA,"cv_r2",NA,NA,NA,NA,NA,"cz_hnscc_hpv"
"myeloid_cell","HOXC9","rf",650,115,0.956069760209544,0.955928071972889,NA,"oob_r2",-0.0387025656072828,0.0196078431372549,TRUE,0.894933761189581,0.722751322751323,"cz_hnscc_hpv"
"myeloid_cell","HOXC9","lm",650,115,NA,0.935826762819644,NA,"cv_r2",NA,NA,NA,NA,NA,"cz_hnscc_hpv"
"myeloid_cell","HOXC9","ridge",650,115,NA,0.936385353393788,NA,"cv_r2",NA,NA,NA,NA,NA,"cz_hnscc_hpv"
"myeloid_cell","HOXC9","spearman",650,115,NA,0.804492903233797,NA,"cv_r2",NA,NA,NA,NA,NA,"cz_hnscc_hpv"
"myeloid_cell","ZNF281","rf",650,115,0.958013518192844,0.958196429716974,NA,"oob_r2",-0.0593977166332326,0.0196078431372549,TRUE,0.871428846980019,0.683862433862434,"cz_hnscc_hpv"
"myeloid_cell","ZNF281","lm",650,115,NA,0.945052860865673,NA,"cv_r2",NA,NA,NA,NA,NA,"cz_hnscc_hpv"
"myeloid_cell","ZNF281","ridge",650,115,NA,0.945217656030885,NA,"cv_r2",NA,NA,NA,NA,NA,"cz_hnscc_hpv"
"myeloid_cell","ZNF281","spearman",650,115,NA,0.77700020641097,NA,"cv_r2",NA,NA,NA,NA,NA,"cz_hnscc_hpv"
"myeloid_cell","HOXC5","rf",650,115,0.955254499386501,0.954342521207752,NA,"oob_r2",-0.0469696889908713,0.0196078431372549,TRUE,0.87355217128278,0.720899470899471,"cz_hnscc_hpv"
"myeloid_cell","HOXC5","lm",650,115,NA,0.935105655813367,NA,"cv_r2",NA,NA,NA,NA,NA,"cz_hnscc_hpv"
"myeloid_cell","HOXC5","ridge",650,115,NA,0.936842313065336,NA,"cv_r2",NA,NA,NA,NA,NA,"cz_hnscc_hpv"
"myeloid_cell","HOXC5","spearman",650,115,NA,0.761163337934063,NA,"cv_r2",NA,NA,NA,NA,NA,"cz_hnscc_hpv"
"myeloid_cell","NR2F1","rf",650,115,0.934950843406976,0.937470301998804,NA,"oob_r2",-0.051726792509105,0.0196078431372549,TRUE,0.863357794786817,0.507936507936508,"cz_hnscc_hpv"
"myeloid_cell","NR2F1","lm",650,115,NA,0.915770356947984,NA,"cv_r2",NA,NA,NA,NA,NA,"cz_hnscc_hpv"
"myeloid_cell","NR2F1","ridge",650,115,NA,0.917766158780172,NA,"cv_r2",NA,NA,NA,NA,NA,"cz_hnscc_hpv"
"myeloid_cell","NR2F1","spearman",650,115,NA,0.836963380885382,NA,"cv_r2",NA,NA,NA,NA,NA,"cz_hnscc_hpv"
"myeloid_cell","IKZF1","rf",650,115,0.929626955903602,0.929483399474914,NA,"oob_r2",-0.0599826436369516,0.0196078431372549,TRUE,0.859480435220986,0.66058201058201,"cz_hnscc_hpv"
"myeloid_cell","IKZF1","lm",650,115,NA,0.909798465389858,NA,"cv_r2",NA,NA,NA,NA,NA,"cz_hnscc_hpv"
"myeloid_cell","IKZF1","ridge",650,115,NA,0.909917656702675,NA,"cv_r2",NA,NA,NA,NA,NA,"cz_hnscc_hpv"
"myeloid_cell","IKZF1","spearman",650,115,NA,0.785657048309512,NA,"cv_r2",NA,NA,NA,NA,NA,"cz_hnscc_hpv"
"myeloid_cell","HIVEP2","rf",650,115,0.922027129209603,0.919732283435042,NA,"oob_r2",-0.052852313879653,0.0196078431372549,TRUE,0.873835538371165,0.66984126984127,"cz_hnscc_hpv"
"myeloid_cell","HIVEP2","lm",650,115,NA,0.900571185393318,NA,"cv_r2",NA,NA,NA,NA,NA,"cz_hnscc_hpv"
"myeloid_cell","HIVEP2","ridge",650,115,NA,0.904243874019291,NA,"cv_r2",NA,NA,NA,NA,NA,"cz_hnscc_hpv"
"myeloid_cell","HIVEP2","spearman",650,115,NA,0.753666478977987,NA,"cv_r2",NA,NA,NA,NA,NA,"cz_hnscc_hpv"
"myeloid_cell","NKX3-1","rf",650,115,0.944139956562782,0.941783196204595,NA,"oob_r2",-0.0514062269975849,0.0196078431372549,TRUE,0.843076181207642,0.816931216931217,"cz_hnscc_hpv"
"myeloid_cell","NKX3-1","lm",650,115,NA,0.921319991923446,NA,"cv_r2",NA,NA,NA,NA,NA,"cz_hnscc_hpv"
"myeloid_cell","NKX3-1","ridge",650,115,NA,0.92054633459721,NA,"cv_r2",NA,NA,NA,NA,NA,"cz_hnscc_hpv"
"myeloid_cell","NKX3-1","spearman",650,115,NA,0.760137521851463,NA,"cv_r2",NA,NA,NA,NA,NA,"cz_hnscc_hpv"
"myeloid_cell","LHX4","rf",650,115,0.947711487645351,0.948149642386352,NA,"oob_r2",-0.0504069766526093,0.0196078431372549,TRUE,0.895886442743541,0.561111111111111,"cz_hnscc_hpv"
"myeloid_cell","LHX4","lm",650,115,NA,0.926827222866097,NA,"cv_r2",NA,NA,NA,NA,NA,"cz_hnscc_hpv"
"myeloid_cell","LHX4","ridge",650,115,NA,0.926171152206718,NA,"cv_r2",NA,NA,NA,NA,NA,"cz_hnscc_hpv"
"myeloid_cell","LHX4","spearman",650,115,NA,0.827626018748831,NA,"cv_r2",NA,NA,NA,NA,NA,"cz_hnscc_hpv"
"myeloid_cell","ONECUT2","rf",650,115,0.942727123503753,0.94228765546593,NA,"oob_r2",-0.0426960950485275,0.0196078431372549,TRUE,0.907253040146593,0.670899470899471,"cz_hnscc_hpv"
"myeloid_cell","ONECUT2","lm",650,115,NA,0.933017005127232,NA,"cv_r2",NA,NA,NA,NA,NA,"cz_hnscc_hpv"
"myeloid_cell","ONECUT2","ridge",650,115,NA,0.933129251992588,NA,"cv_r2",NA,NA,NA,NA,NA,"cz_hnscc_hpv"
"myeloid_cell","ONECUT2","spearman",650,115,NA,0.770333879389283,NA,"cv_r2",NA,NA,NA,NA,NA,"cz_hnscc_hpv"
"myeloid_cell","EGR2","rf",650,115,0.913266239840021,0.912550880283892,NA,"oob_r2",-0.0448278561006154,0.0196078431372549,TRUE,0.878362222397573,0.740740740740741,"cz_hnscc_hpv"
"myeloid_cell","EGR2","lm",650,115,NA,0.855888568474223,NA,"cv_r2",NA,NA,NA,NA,NA,"cz_hnscc_hpv"
"myeloid_cell","EGR2","ridge",650,115,NA,0.865217916633579,NA,"cv_r2",NA,NA,NA,NA,NA,"cz_hnscc_hpv"
"myeloid_cell","EGR2","spearman",650,115,NA,0.657722096091459,NA,"cv_r2",NA,NA,NA,NA,NA,"cz_hnscc_hpv"
"myeloid_cell","SOX9","rf",650,115,0.913386024137594,0.906905515011151,NA,"oob_r2",-0.0635956293678698,0.0196078431372549,TRUE,0.883636953453098,0.762962962962963,"cz_hnscc_hpv"
"myeloid_cell","SOX9","lm",650,115,NA,0.873233118964206,NA,"cv_r2",NA,NA,NA,NA,NA,"cz_hnscc_hpv"
"myeloid_cell","SOX9","ridge",650,115,NA,0.884141651243214,NA,"cv_r2",NA,NA,NA,NA,NA,"cz_hnscc_hpv"
"myeloid_cell","SOX9","spearman",650,115,NA,0.74356082282628,NA,"cv_r2",NA,NA,NA,NA,NA,"cz_hnscc_hpv"
"myeloid_cell","NFAT5","rf",650,115,0.802730569299233,0.8041048845897,NA,"oob_r2",-0.0502584904923191,0.0196078431372549,TRUE,0.85283095294458,0.688888888888889,"cz_hnscc_hpv"
"myeloid_cell","NFAT5","lm",650,115,NA,0.748535504457154,NA,"cv_r2",NA,NA,NA,NA,NA,"cz_hnscc_hpv"
"myeloid_cell","NFAT5","ridge",650,115,NA,0.780541725926375,NA,"cv_r2",NA,NA,NA,NA,NA,"cz_hnscc_hpv"
"myeloid_cell","NFAT5","spearman",650,115,NA,0.632499870018823,NA,"cv_r2",NA,NA,NA,NA,NA,"cz_hnscc_hpv"
"myeloid_cell","NR1D1","rf",650,115,0.890474069301075,0.889615913962844,NA,"oob_r2",-0.0510009353831351,0.0196078431372549,TRUE,0.887562183820371,0.688888888888889,"cz_hnscc_hpv"
"myeloid_cell","NR1D1","lm",650,115,NA,0.882971883743651,NA,"cv_r2",NA,NA,NA,NA,NA,"cz_hnscc_hpv"
"myeloid_cell","NR1D1","ridge",650,115,NA,0.88175353312366,NA,"cv_r2",NA,NA,NA,NA,NA,"cz_hnscc_hpv"
"myeloid_cell","NR1D1","spearman",650,115,NA,0.740303234455698,NA,"cv_r2",NA,NA,NA,NA,NA,"cz_hnscc_hpv"
"myeloid_cell","HLX","rf",650,115,0.909877780682108,0.913019722702606,NA,"oob_r2",-0.0563907794078116,0.0196078431372549,TRUE,0.85725593343679,0.814814814814815,"cz_hnscc_hpv"
"myeloid_cell","HLX","lm",650,115,NA,0.901970814707716,NA,"cv_r2",NA,NA,NA,NA,NA,"cz_hnscc_hpv"
"myeloid_cell","HLX","ridge",650,115,NA,0.913570335188838,NA,"cv_r2",NA,NA,NA,NA,NA,"cz_hnscc_hpv"
"myeloid_cell","HLX","spearman",650,115,NA,0.627760238778,NA,"cv_r2",NA,NA,NA,NA,NA,"cz_hnscc_hpv"
"myeloid_cell","SP100","rf",650,115,0.895702013360911,0.898114063620726,NA,"oob_r2",-0.0492140280054254,0.0196078431372549,TRUE,0.836019884794445,0.762962962962963,"cz_hnscc_hpv"
"myeloid_cell","SP100","lm",650,115,NA,0.880614668972498,NA,"cv_r2",NA,NA,NA,NA,NA,"cz_hnscc_hpv"
"myeloid_cell","SP100","ridge",650,115,NA,0.887433153181915,NA,"cv_r2",NA,NA,NA,NA,NA,"cz_hnscc_hpv"
"myeloid_cell","SP100","spearman",650,115,NA,0.728725594400964,NA,"cv_r2",NA,NA,NA,NA,NA,"cz_hnscc_hpv"
"myeloid_cell","ZNF331","rf",650,115,0.918942492609232,0.919057069530278,NA,"oob_r2",-0.0674760389166668,0.0196078431372549,TRUE,0.873421359495691,0.703703703703704,"cz_hnscc_hpv"
"myeloid_cell","ZNF331","lm",650,115,NA,0.893613955412875,NA,"cv_r2",NA,NA,NA,NA,NA,"cz_hnscc_hpv"
"myeloid_cell","ZNF331","ridge",650,115,NA,0.902156599637724,NA,"cv_r2",NA,NA,NA,NA,NA,"cz_hnscc_hpv"
"myeloid_cell","ZNF331","spearman",650,115,NA,0.67906240573137,NA,"cv_r2",NA,NA,NA,NA,NA,"cz_hnscc_hpv"
"myeloid_cell","ZNF554","rf",650,115,0.918778419761245,0.915830373949225,NA,"oob_r2",-0.0585661084474487,0.0196078431372549,TRUE,0.8255972013993,0.466490299823633,"cz_hnscc_hpv"
"myeloid_cell","ZNF554","lm",650,115,NA,0.893841971906346,NA,"cv_r2",NA,NA,NA,NA,NA,"cz_hnscc_hpv"
"myeloid_cell","ZNF554","ridge",650,115,NA,0.901085398357604,NA,"cv_r2",NA,NA,NA,NA,NA,"cz_hnscc_hpv"
"myeloid_cell","ZNF554","spearman",650,115,NA,0.762420140737324,NA,"cv_r2",NA,NA,NA,NA,NA,"cz_hnscc_hpv"
"myeloid_cell","DDIT3","rf",650,115,0.920825211801726,0.913884856215498,NA,"oob_r2",-0.0422031727833469,0.0196078431372549,TRUE,0.860206914086816,0.844444444444444,"cz_hnscc_hpv"
"myeloid_cell","DDIT3","lm",650,115,NA,0.874412384052854,NA,"cv_r2",NA,NA,NA,NA,NA,"cz_hnscc_hpv"
"myeloid_cell","DDIT3","ridge",650,115,NA,0.881959267187562,NA,"cv_r2",NA,NA,NA,NA,NA,"cz_hnscc_hpv"
"myeloid_cell","DDIT3","spearman",650,115,NA,0.763668424191321,NA,"cv_r2",NA,NA,NA,NA,NA,"cz_hnscc_hpv"
"myeloid_cell","PRDM5","rf",650,115,0.925774088838562,0.92344627777524,NA,"oob_r2",-0.0478504425821709,0.0196078431372549,TRUE,0.87992179348922,0.656084656084656,"cz_hnscc_hpv"
"myeloid_cell","PRDM5","lm",650,115,NA,0.899717266230854,NA,"cv_r2",NA,NA,NA,NA,NA,"cz_hnscc_hpv"
"myeloid_cell","PRDM5","ridge",650,115,NA,0.901774536111821,NA,"cv_r2",NA,NA,NA,NA,NA,"cz_hnscc_hpv"
"myeloid_cell","PRDM5","spearman",650,115,NA,0.786789888430834,NA,"cv_r2",NA,NA,NA,NA,NA,"cz_hnscc_hpv"
"myeloid_cell","RORA","rf",650,115,0.931400781441265,0.932508960190547,NA,"oob_r2",-0.0535777435171807,0.0196078431372549,TRUE,0.882458419912851,0.648677248677249,"cz_hnscc_hpv"
"myeloid_cell","RORA","lm",650,115,NA,0.92488001204164,NA,"cv_r2",NA,NA,NA,NA,NA,"cz_hnscc_hpv"
"myeloid_cell","RORA","ridge",650,115,NA,0.92847159875982,NA,"cv_r2",NA,NA,NA,NA,NA,"cz_hnscc_hpv"
"myeloid_cell","RORA","spearman",650,115,NA,0.750224023688493,NA,"cv_r2",NA,NA,NA,NA,NA,"cz_hnscc_hpv"
"myeloid_cell","CEBPD","rf",650,115,0.935286311005004,0.933001789633814,NA,"oob_r2",-0.0505962638719932,0.0196078431372549,TRUE,0.877000271793928,0.814814814814815,"cz_hnscc_hpv"
"myeloid_cell","CEBPD","lm",650,115,NA,0.920952355398769,NA,"cv_r2",NA,NA,NA,NA,NA,"cz_hnscc_hpv"
"myeloid_cell","CEBPD","ridge",650,115,NA,0.922707250037238,NA,"cv_r2",NA,NA,NA,NA,NA,"cz_hnscc_hpv"
"myeloid_cell","CEBPD","spearman",650,115,NA,0.693551683380849,NA,"cv_r2",NA,NA,NA,NA,NA,"cz_hnscc_hpv"
"myeloid_cell","PTEN","rf",650,115,0.934983932759758,0.939829281372814,NA,"oob_r2",-0.0487728640582413,0.0196078431372549,TRUE,0.863180515005655,0.933333333333333,"cz_hnscc_hpv"
"myeloid_cell","PTEN","lm",650,115,NA,0.928930089805267,NA,"cv_r2",NA,NA,NA,NA,NA,"cz_hnscc_hpv"
"myeloid_cell","PTEN","ridge",650,115,NA,0.931180859246077,NA,"cv_r2",NA,NA,NA,NA,NA,"cz_hnscc_hpv"
"myeloid_cell","PTEN","spearman",650,115,NA,0.686199051408538,NA,"cv_r2",NA,NA,NA,NA,NA,"cz_hnscc_hpv"
"myeloid_cell","ZNF467","rf",650,115,0.950580662836995,0.94966918241371,NA,"oob_r2",-0.0614934404452393,0.0196078431372549,TRUE,0.87636444935427,1,"cz_hnscc_hpv"
"myeloid_cell","ZNF467","lm",650,115,NA,0.936795067316744,NA,"cv_r2",NA,NA,NA,NA,NA,"cz_hnscc_hpv"
"myeloid_cell","ZNF467","ridge",650,115,NA,0.942362412969886,NA,"cv_r2",NA,NA,NA,NA,NA,"cz_hnscc_hpv"
"myeloid_cell","ZNF467","spearman",650,115,NA,0.728955524728046,NA,"cv_r2",NA,NA,NA,NA,NA,"cz_hnscc_hpv"
"myeloid_cell","HOXA5","rf",650,115,0.944132340623514,0.943740346439244,NA,"oob_r2",-0.0444082443616719,0.0196078431372549,TRUE,0.888581674075243,0.933333333333333,"cz_hnscc_hpv"
"myeloid_cell","HOXA5","lm",650,115,NA,0.916699090814639,NA,"cv_r2",NA,NA,NA,NA,NA,"cz_hnscc_hpv"
"myeloid_cell","HOXA5","ridge",650,115,NA,0.920963009570513,NA,"cv_r2",NA,NA,NA,NA,NA,"cz_hnscc_hpv"
"myeloid_cell","HOXA5","spearman",650,115,NA,0.730161406635558,NA,"cv_r2",NA,NA,NA,NA,NA,"cz_hnscc_hpv"
"myeloid_cell","SOX14","rf",650,115,0.9288305809008,0.929130973619164,NA,"oob_r2",-0.0421122372619102,0.0196078431372549,TRUE,0.874065248077716,0.711111111111111,"cz_hnscc_hpv"
"myeloid_cell","SOX14","lm",650,115,NA,0.909211459289413,NA,"cv_r2",NA,NA,NA,NA,NA,"cz_hnscc_hpv"
"myeloid_cell","SOX14","ridge",650,115,NA,0.913792399007864,NA,"cv_r2",NA,NA,NA,NA,NA,"cz_hnscc_hpv"
"myeloid_cell","SOX14","spearman",650,115,NA,0.694320026532393,NA,"cv_r2",NA,NA,NA,NA,NA,"cz_hnscc_hpv"
"myeloid_cell","OLIG2","rf",650,115,0.920482254578942,0.919352146794618,NA,"oob_r2",-0.0507480439631149,0.0196078431372549,TRUE,0.882025478488826,0.636507936507936,"cz_hnscc_hpv"
"myeloid_cell","OLIG2","lm",650,115,NA,0.886152569748292,NA,"cv_r2",NA,NA,NA,NA,NA,"cz_hnscc_hpv"
"myeloid_cell","OLIG2","ridge",650,115,NA,0.890903565148667,NA,"cv_r2",NA,NA,NA,NA,NA,"cz_hnscc_hpv"
"myeloid_cell","OLIG2","spearman",650,115,NA,0.772634263198371,NA,"cv_r2",NA,NA,NA,NA,NA,"cz_hnscc_hpv"
"myeloid_cell","NFIX","rf",650,115,0.944033162351403,0.943471940249298,NA,"oob_r2",-0.0471687189497642,0.0196078431372549,TRUE,0.869080196743733,0.881481481481481,"cz_hnscc_hpv"
"myeloid_cell","NFIX","lm",650,115,NA,0.924190136733752,NA,"cv_r2",NA,NA,NA,NA,NA,"cz_hnscc_hpv"
"myeloid_cell","NFIX","ridge",650,115,NA,0.930746102053568,NA,"cv_r2",NA,NA,NA,NA,NA,"cz_hnscc_hpv"
"myeloid_cell","NFIX","spearman",650,115,NA,0.697805741829742,NA,"cv_r2",NA,NA,NA,NA,NA,"cz_hnscc_hpv"
"myeloid_cell","MTF1","rf",650,115,0.924384220654965,0.924604857784645,NA,"oob_r2",-0.0426602645925272,0.0196078431372549,TRUE,0.881928684780417,0.762962962962963,"cz_hnscc_hpv"
"myeloid_cell","MTF1","lm",650,115,NA,0.902406428102276,NA,"cv_r2",NA,NA,NA,NA,NA,"cz_hnscc_hpv"
"myeloid_cell","MTF1","ridge",650,115,NA,0.912085607782225,NA,"cv_r2",NA,NA,NA,NA,NA,"cz_hnscc_hpv"
"myeloid_cell","MTF1","spearman",650,115,NA,0.747276870237254,NA,"cv_r2",NA,NA,NA,NA,NA,"cz_hnscc_hpv"
"myeloid_cell","NFIB","rf",650,115,0.940330926604901,0.94237354890619,NA,"oob_r2",-0.0503159888773112,0.0196078431372549,TRUE,0.872422736000421,0.814814814814815,"cz_hnscc_hpv"
"myeloid_cell","NFIB","lm",650,115,NA,0.926963776173329,NA,"cv_r2",NA,NA,NA,NA,NA,"cz_hnscc_hpv"
"myeloid_cell","NFIB","ridge",650,115,NA,0.931591937957832,NA,"cv_r2",NA,NA,NA,NA,NA,"cz_hnscc_hpv"
"myeloid_cell","NFIB","spearman",650,115,NA,0.676347706963416,NA,"cv_r2",NA,NA,NA,NA,NA,"cz_hnscc_hpv"
"myeloid_cell","BCL11B","rf",650,115,0.899384406393842,0.90063187731605,NA,"oob_r2",-0.0615764186651205,0.0196078431372549,TRUE,0.817714476095286,0.603439153439153,"cz_hnscc_hpv"
"myeloid_cell","BCL11B","lm",650,115,NA,0.871449026225051,NA,"cv_r2",NA,NA,NA,NA,NA,"cz_hnscc_hpv"
"myeloid_cell","BCL11B","ridge",650,115,NA,0.880153618140643,NA,"cv_r2",NA,NA,NA,NA,NA,"cz_hnscc_hpv"
"myeloid_cell","BCL11B","spearman",650,115,NA,0.668014825889347,NA,"cv_r2",NA,NA,NA,NA,NA,"cz_hnscc_hpv"
"myeloid_cell","NHLH1","rf",650,115,0.942936415474784,0.942579703223885,NA,"oob_r2",-0.0422264976543965,0.0196078431372549,TRUE,0.882782468414915,0.656084656084656,"cz_hnscc_hpv"
"myeloid_cell","NHLH1","lm",650,115,NA,0.930188661174739,NA,"cv_r2",NA,NA,NA,NA,NA,"cz_hnscc_hpv"
"myeloid_cell","NHLH1","ridge",650,115,NA,0.934746455595932,NA,"cv_r2",NA,NA,NA,NA,NA,"cz_hnscc_hpv"
"myeloid_cell","NHLH1","spearman",650,115,NA,0.774495927683093,NA,"cv_r2",NA,NA,NA,NA,NA,"cz_hnscc_hpv"
"myeloid_cell","BCL3","rf",650,115,0.963983724245928,0.962593732192474,NA,"oob_r2",-0.0593514615087727,0.0196078431372549,TRUE,0.86064143366913,1,"cz_hnscc_hpv"
"myeloid_cell","BCL3","lm",650,115,NA,0.962795273068038,NA,"cv_r2",NA,NA,NA,NA,NA,"cz_hnscc_hpv"
"myeloid_cell","BCL3","ridge",650,115,NA,0.964880263943596,NA,"cv_r2",NA,NA,NA,NA,NA,"cz_hnscc_hpv"
"myeloid_cell","BCL3","spearman",650,115,NA,0.736283142686167,NA,"cv_r2",NA,NA,NA,NA,NA,"cz_hnscc_hpv"
"myeloid_cell","NFIL3","rf",650,115,0.948856751568556,0.948730372533429,NA,"oob_r2",-0.0449961603793714,0.0196078431372549,TRUE,0.884153011213691,0.607671957671958,"cz_hnscc_hpv"
"myeloid_cell","NFIL3","lm",650,115,NA,0.935610893569869,NA,"cv_r2",NA,NA,NA,NA,NA,"cz_hnscc_hpv"
"myeloid_cell","NFIL3","ridge",650,115,NA,0.936008959011758,NA,"cv_r2",NA,NA,NA,NA,NA,"cz_hnscc_hpv"
"myeloid_cell","NFIL3","spearman",650,115,NA,0.76775666280176,NA,"cv_r2",NA,NA,NA,NA,NA,"cz_hnscc_hpv"
"myeloid_cell","CREM","rf",650,115,0.950446194106445,0.947032870683384,NA,"oob_r2",-0.0577260529357212,0.0196078431372549,TRUE,0.849410733229876,0.6994708994709,"cz_hnscc_hpv"
"myeloid_cell","CREM","lm",650,115,NA,0.928123725870402,NA,"cv_r2",NA,NA,NA,NA,NA,"cz_hnscc_hpv"
"myeloid_cell","CREM","ridge",650,115,NA,0.933608437699582,NA,"cv_r2",NA,NA,NA,NA,NA,"cz_hnscc_hpv"
"myeloid_cell","CREM","spearman",650,115,NA,0.720244247294903,NA,"cv_r2",NA,NA,NA,NA,NA,"cz_hnscc_hpv"
"myeloid_cell","TP63","rf",650,115,0.928928375361908,0.931046736921007,NA,"oob_r2",-0.0538047422872925,0.0196078431372549,TRUE,0.875656382335148,0.547354497354497,"cz_hnscc_hpv"
"myeloid_cell","TP63","lm",650,115,NA,0.914299499852378,NA,"cv_r2",NA,NA,NA,NA,NA,"cz_hnscc_hpv"
"myeloid_cell","TP63","ridge",650,115,NA,0.918389102294352,NA,"cv_r2",NA,NA,NA,NA,NA,"cz_hnscc_hpv"
"myeloid_cell","TP63","spearman",650,115,NA,0.76116362820254,NA,"cv_r2",NA,NA,NA,NA,NA,"cz_hnscc_hpv"
"myeloid_cell","NFIA","rf",650,115,0.951879421613813,0.952016743072653,NA,"oob_r2",-0.0452020299796676,0.0196078431372549,TRUE,0.86506799231963,0.933333333333333,"cz_hnscc_hpv"
"myeloid_cell","NFIA","lm",650,115,NA,0.938468280589906,NA,"cv_r2",NA,NA,NA,NA,NA,"cz_hnscc_hpv"
"myeloid_cell","NFIA","ridge",650,115,NA,0.941887100601356,NA,"cv_r2",NA,NA,NA,NA,NA,"cz_hnscc_hpv"
"myeloid_cell","NFIA","spearman",650,115,NA,0.705476044079745,NA,"cv_r2",NA,NA,NA,NA,NA,"cz_hnscc_hpv"
"myeloid_cell","STAT5B","rf",650,115,0.953172769508117,0.952562481051489,NA,"oob_r2",-0.0509562678564306,0.0196078431372549,TRUE,0.87741234645835,0.8,"cz_hnscc_hpv"
"myeloid_cell","STAT5B","lm",650,115,NA,0.945326987283633,NA,"cv_r2",NA,NA,NA,NA,NA,"cz_hnscc_hpv"
"myeloid_cell","STAT5B","ridge",650,115,NA,0.947264553856995,NA,"cv_r2",NA,NA,NA,NA,NA,"cz_hnscc_hpv"
"myeloid_cell","STAT5B","spearman",650,115,NA,0.758530667462274,NA,"cv_r2",NA,NA,NA,NA,NA,"cz_hnscc_hpv"
"myeloid_cell","KLF5","rf",650,115,0.953153233468449,0.94760838061608,NA,"oob_r2",-0.0654305956159297,0.0196078431372549,TRUE,0.877831259808692,0.679365079365079,"cz_hnscc_hpv"
"myeloid_cell","KLF5","lm",650,115,NA,0.931593750661685,NA,"cv_r2",NA,NA,NA,NA,NA,"cz_hnscc_hpv"
"myeloid_cell","KLF5","ridge",650,115,NA,0.934315505778379,NA,"cv_r2",NA,NA,NA,NA,NA,"cz_hnscc_hpv"
"myeloid_cell","KLF5","spearman",650,115,NA,0.737040812435762,NA,"cv_r2",NA,NA,NA,NA,NA,"cz_hnscc_hpv"
"myeloid_cell","IRF9","rf",650,115,0.788158260278794,0.79683774092308,NA,"oob_r2",-0.0493301990594222,0.0196078431372549,TRUE,0.730786185854441,0.622222222222222,"cz_hnscc_hpv"
"myeloid_cell","IRF9","lm",650,115,NA,0.753020583022947,NA,"cv_r2",NA,NA,NA,NA,NA,"cz_hnscc_hpv"
"myeloid_cell","IRF9","ridge",650,115,NA,0.768912396715909,NA,"cv_r2",NA,NA,NA,NA,NA,"cz_hnscc_hpv"
"myeloid_cell","IRF9","spearman",650,115,NA,0.570616454526344,NA,"cv_r2",NA,NA,NA,NA,NA,"cz_hnscc_hpv"
"myeloid_cell","OSR2","rf",650,115,0.941533913645879,0.941311227928856,NA,"oob_r2",-0.0520411651209293,0.0196078431372549,TRUE,0.846855344257696,0.712169312169312,"cz_hnscc_hpv"
"myeloid_cell","OSR2","lm",650,115,NA,0.920794646498272,NA,"cv_r2",NA,NA,NA,NA,NA,"cz_hnscc_hpv"
"myeloid_cell","OSR2","ridge",650,115,NA,0.925630361458413,NA,"cv_r2",NA,NA,NA,NA,NA,"cz_hnscc_hpv"
"myeloid_cell","OSR2","spearman",650,115,NA,0.753163622917376,NA,"cv_r2",NA,NA,NA,NA,NA,"cz_hnscc_hpv"
"myeloid_cell","SCX","rf",650,115,0.958355486347157,0.956346502540358,NA,"oob_r2",-0.050229672441101,0.0196078431372549,TRUE,0.864012204424104,0.755555555555556,"cz_hnscc_hpv"
"myeloid_cell","SCX","lm",650,115,NA,0.935367775854847,NA,"cv_r2",NA,NA,NA,NA,NA,"cz_hnscc_hpv"
"myeloid_cell","SCX","ridge",650,115,NA,0.938842949637959,NA,"cv_r2",NA,NA,NA,NA,NA,"cz_hnscc_hpv"
"myeloid_cell","SCX","spearman",650,115,NA,0.76905272330451,NA,"cv_r2",NA,NA,NA,NA,NA,"cz_hnscc_hpv"
"myeloid_cell","JUNB","rf",650,115,0.963246933644959,0.964495791207842,NA,"oob_r2",-0.0435460917072956,0.0196078431372549,TRUE,0.850521581314606,0.82962962962963,"cz_hnscc_hpv"
"myeloid_cell","JUNB","lm",650,115,NA,0.958524286039285,NA,"cv_r2",NA,NA,NA,NA,NA,"cz_hnscc_hpv"
"myeloid_cell","JUNB","ridge",650,115,NA,0.958902736605938,NA,"cv_r2",NA,NA,NA,NA,NA,"cz_hnscc_hpv"
"myeloid_cell","JUNB","spearman",650,115,NA,0.818959029616593,NA,"cv_r2",NA,NA,NA,NA,NA,"cz_hnscc_hpv"
"myeloid_cell","MAFB","rf",650,115,0.949575169622706,0.947482895085083,NA,"oob_r2",-0.0396048328550306,0.0196078431372549,TRUE,0.83967682825254,0.674074074074074,"cz_hnscc_hpv"
"myeloid_cell","MAFB","lm",650,115,NA,0.934516074489849,NA,"cv_r2",NA,NA,NA,NA,NA,"cz_hnscc_hpv"
"myeloid_cell","MAFB","ridge",650,115,NA,0.935462923217,NA,"cv_r2",NA,NA,NA,NA,NA,"cz_hnscc_hpv"
"myeloid_cell","MAFB","spearman",650,115,NA,0.814779345563678,NA,"cv_r2",NA,NA,NA,NA,NA,"cz_hnscc_hpv"
"myeloid_cell","HIF1A","rf",650,115,0.960920206746471,0.95853477966434,NA,"oob_r2",-0.0568334505369415,0.0196078431372549,TRUE,0.862295168205371,0.584656084656085,"cz_hnscc_hpv"
"myeloid_cell","HIF1A","lm",650,115,NA,0.945675367990366,NA,"cv_r2",NA,NA,NA,NA,NA,"cz_hnscc_hpv"
"myeloid_cell","HIF1A","ridge",650,115,NA,0.946868438553217,NA,"cv_r2",NA,NA,NA,NA,NA,"cz_hnscc_hpv"
"myeloid_cell","HIF1A","spearman",650,115,NA,0.832758022786649,NA,"cv_r2",NA,NA,NA,NA,NA,"cz_hnscc_hpv"
"myeloid_cell","FOXL2","rf",650,115,0.902885001786457,0.899751843497469,NA,"oob_r2",-0.0660287024666167,0.0196078431372549,TRUE,0.844448302164707,0.756613756613757,"cz_hnscc_hpv"
"myeloid_cell","FOXL2","lm",650,115,NA,0.877241909689634,NA,"cv_r2",NA,NA,NA,NA,NA,"cz_hnscc_hpv"
"myeloid_cell","FOXL2","ridge",650,115,NA,0.880052980876655,NA,"cv_r2",NA,NA,NA,NA,NA,"cz_hnscc_hpv"
"myeloid_cell","FOXL2","spearman",650,115,NA,0.721581856731933,NA,"cv_r2",NA,NA,NA,NA,NA,"cz_hnscc_hpv"
"myeloid_cell","ZEB1","rf",650,115,0.952494263794061,0.94973475635406,NA,"oob_r2",-0.0487424065257717,0.0196078431372549,TRUE,0.868646027863262,0.708994708994709,"cz_hnscc_hpv"
"myeloid_cell","ZEB1","lm",650,115,NA,0.941228432607709,NA,"cv_r2",NA,NA,NA,NA,NA,"cz_hnscc_hpv"
"myeloid_cell","ZEB1","ridge",650,115,NA,0.943341063770147,NA,"cv_r2",NA,NA,NA,NA,NA,"cz_hnscc_hpv"
"myeloid_cell","ZEB1","spearman",650,115,NA,0.745708412544091,NA,"cv_r2",NA,NA,NA,NA,NA,"cz_hnscc_hpv"
"myeloid_cell","PRDM1","rf",650,115,0.971212837691912,0.972538756956932,NA,"oob_r2",-0.0441908474791999,0.0196078431372549,TRUE,0.843217338699072,0.695238095238095,"cz_hnscc_hpv"
"myeloid_cell","PRDM1","lm",650,115,NA,0.963577237635289,NA,"cv_r2",NA,NA,NA,NA,NA,"cz_hnscc_hpv"
"myeloid_cell","PRDM1","ridge",650,115,NA,0.964291414944317,NA,"cv_r2",NA,NA,NA,NA,NA,"cz_hnscc_hpv"
"myeloid_cell","PRDM1","spearman",650,115,NA,0.859600847835999,NA,"cv_r2",NA,NA,NA,NA,NA,"cz_hnscc_hpv"
"myeloid_cell","MAFF","rf",650,115,0.950722786195859,0.952118474934476,NA,"oob_r2",-0.0424347472707751,0.0196078431372549,TRUE,0.87255354778751,0.668783068783069,"cz_hnscc_hpv"
"myeloid_cell","MAFF","lm",650,115,NA,0.939390184571549,NA,"cv_r2",NA,NA,NA,NA,NA,"cz_hnscc_hpv"
"myeloid_cell","MAFF","ridge",650,115,NA,0.940117879298368,NA,"cv_r2",NA,NA,NA,NA,NA,"cz_hnscc_hpv"
"myeloid_cell","MAFF","spearman",650,115,NA,0.769807000438404,NA,"cv_r2",NA,NA,NA,NA,NA,"cz_hnscc_hpv"
"myeloid_cell","POU5F1","rf",650,115,0.948926437602263,0.950182532238281,NA,"oob_r2",-0.0572356697968915,0.0196078431372549,TRUE,0.821509420728233,0.644444444444444,"cz_hnscc_hpv"
"myeloid_cell","POU5F1","lm",650,115,NA,0.927590702044203,NA,"cv_r2",NA,NA,NA,NA,NA,"cz_hnscc_hpv"
"myeloid_cell","POU5F1","ridge",650,115,NA,0.92912904799685,NA,"cv_r2",NA,NA,NA,NA,NA,"cz_hnscc_hpv"
"myeloid_cell","POU5F1","spearman",650,115,NA,0.707133931443672,NA,"cv_r2",NA,NA,NA,NA,NA,"cz_hnscc_hpv"
"myeloid_cell","BCL6","rf",650,115,0.95836098835308,0.9580798867263,NA,"oob_r2",-0.0482027162784133,0.0196078431372549,TRUE,0.853166749958354,0.607407407407407,"cz_hnscc_hpv"
"myeloid_cell","BCL6","lm",650,115,NA,0.947932169766344,NA,"cv_r2",NA,NA,NA,NA,NA,"cz_hnscc_hpv"
"myeloid_cell","BCL6","ridge",650,115,NA,0.948386591071769,NA,"cv_r2",NA,NA,NA,NA,NA,"cz_hnscc_hpv"
"myeloid_cell","BCL6","spearman",650,115,NA,0.79929275850747,NA,"cv_r2",NA,NA,NA,NA,NA,"cz_hnscc_hpv"
"myeloid_cell","FOSL2","rf",650,115,0.965794490273896,0.965541286906958,NA,"oob_r2",-0.0558938019771785,0.0196078431372549,TRUE,0.866149206098705,0.71957671957672,"cz_hnscc_hpv"
"myeloid_cell","FOSL2","lm",650,115,NA,0.956708391305554,NA,"cv_r2",NA,NA,NA,NA,NA,"cz_hnscc_hpv"
"myeloid_cell","FOSL2","ridge",650,115,NA,0.95571897240661,NA,"cv_r2",NA,NA,NA,NA,NA,"cz_hnscc_hpv"
"myeloid_cell","FOSL2","spearman",650,115,NA,0.856059402157496,NA,"cv_r2",NA,NA,NA,NA,NA,"cz_hnscc_hpv"
"myeloid_cell","FOSL1","rf",650,115,0.966590470450419,0.966042976478211,NA,"oob_r2",-0.0492032047969565,0.0196078431372549,TRUE,0.869075812970708,0.591269841269841,"cz_hnscc_hpv"
"myeloid_cell","FOSL1","lm",650,115,NA,0.95379055796889,NA,"cv_r2",NA,NA,NA,NA,NA,"cz_hnscc_hpv"
"myeloid_cell","FOSL1","ridge",650,115,NA,0.954307244684493,NA,"cv_r2",NA,NA,NA,NA,NA,"cz_hnscc_hpv"
"myeloid_cell","FOSL1","spearman",650,115,NA,0.832138894157836,NA,"cv_r2",NA,NA,NA,NA,NA,"cz_hnscc_hpv"
"mural_cell","HES1","rf",782,165,0.895392131264227,0.890943920103656,NA,"oob_r2",-0.0597073526344453,0.0196078431372549,TRUE,0.859961471903876,0.933333333333333,"cz_hnscc_hpv"
"mural_cell","HES1","lm",782,165,NA,0.8436009593812,NA,"cv_r2",NA,NA,NA,NA,NA,"cz_hnscc_hpv"
"mural_cell","HES1","ridge",782,165,NA,0.88701922227901,NA,"cv_r2",NA,NA,NA,NA,NA,"cz_hnscc_hpv"
"mural_cell","HES1","spearman",782,165,NA,0.651125437793598,NA,"cv_r2",NA,NA,NA,NA,NA,"cz_hnscc_hpv"
"mural_cell","CTCFL","rf",782,165,0.9064811409522,0.901277557123671,NA,"oob_r2",-0.0634969171636966,0.0196078431372549,TRUE,0.847039659005572,0.769312169312169,"cz_hnscc_hpv"
"mural_cell","CTCFL","lm",782,165,NA,0.865194823674441,NA,"cv_r2",NA,NA,NA,NA,NA,"cz_hnscc_hpv"
"mural_cell","CTCFL","ridge",782,165,NA,0.88946025062461,NA,"cv_r2",NA,NA,NA,NA,NA,"cz_hnscc_hpv"
"mural_cell","CTCFL","spearman",782,165,NA,0.497512249963087,NA,"cv_r2",NA,NA,NA,NA,NA,"cz_hnscc_hpv"
"mural_cell","ZNF331","rf",782,165,0.859577142755706,0.855064153138003,NA,"oob_r2",-0.0523705928300956,0.0196078431372549,TRUE,0.835575502304859,0.831746031746032,"cz_hnscc_hpv"
"mural_cell","ZNF331","lm",782,165,NA,0.795462643467109,NA,"cv_r2",NA,NA,NA,NA,NA,"cz_hnscc_hpv"
"mural_cell","ZNF331","ridge",782,165,NA,0.830860293811144,NA,"cv_r2",NA,NA,NA,NA,NA,"cz_hnscc_hpv"
"mural_cell","ZNF331","spearman",782,165,NA,0.583843242850531,NA,"cv_r2",NA,NA,NA,NA,NA,"cz_hnscc_hpv"
"mural_cell","HES5","rf",782,165,0.884072176269654,0.873011664665616,NA,"oob_r2",-0.0502211781986514,0.0196078431372549,TRUE,0.877534973597272,0.703703703703704,"cz_hnscc_hpv"
"mural_cell","HES5","lm",782,165,NA,0.839793809083913,NA,"cv_r2",NA,NA,NA,NA,NA,"cz_hnscc_hpv"
"mural_cell","HES5","ridge",782,165,NA,0.867936793605058,NA,"cv_r2",NA,NA,NA,NA,NA,"cz_hnscc_hpv"
"mural_cell","HES5","spearman",782,165,NA,0.557130379438131,NA,"cv_r2",NA,NA,NA,NA,NA,"cz_hnscc_hpv"
"mural_cell","ID2","rf",782,165,0.916083900885675,0.912242319108105,NA,"oob_r2",-0.0567777945797345,0.0196078431372549,TRUE,0.845416195454397,0.77989417989418,"cz_hnscc_hpv"
"mural_cell","ID2","lm",782,165,NA,0.885268278366512,NA,"cv_r2",NA,NA,NA,NA,NA,"cz_hnscc_hpv"
"mural_cell","ID2","ridge",782,165,NA,0.905570717139492,NA,"cv_r2",NA,NA,NA,NA,NA,"cz_hnscc_hpv"
"mural_cell","ID2","spearman",782,165,NA,0.579894409294389,NA,"cv_r2",NA,NA,NA,NA,NA,"cz_hnscc_hpv"
"mural_cell","EPAS1","rf",782,165,0.902056539722097,0.899211769473997,NA,"oob_r2",-0.055993127937079,0.0196078431372549,TRUE,0.878668970041289,0.844444444444444,"cz_hnscc_hpv"
"mural_cell","EPAS1","lm",782,165,NA,0.875461619971492,NA,"cv_r2",NA,NA,NA,NA,NA,"cz_hnscc_hpv"
"mural_cell","EPAS1","ridge",782,165,NA,0.895784901441363,NA,"cv_r2",NA,NA,NA,NA,NA,"cz_hnscc_hpv"
"mural_cell","EPAS1","spearman",782,165,NA,0.48338542905367,NA,"cv_r2",NA,NA,NA,NA,NA,"cz_hnscc_hpv"
"mural_cell","NR2F2","rf",782,165,0.877021907246214,0.877593423507259,NA,"oob_r2",-0.0408472412430562,0.0196078431372549,TRUE,0.884228473390977,0.77989417989418,"cz_hnscc_hpv"
"mural_cell","NR2F2","lm",782,165,NA,0.8652267186985,NA,"cv_r2",NA,NA,NA,NA,NA,"cz_hnscc_hpv"
"mural_cell","NR2F2","ridge",782,165,NA,0.887562781620332,NA,"cv_r2",NA,NA,NA,NA,NA,"cz_hnscc_hpv"
"mural_cell","NR2F2","spearman",782,165,NA,0.435313906071897,NA,"cv_r2",NA,NA,NA,NA,NA,"cz_hnscc_hpv"
"mural_cell","ZFHX3","rf",782,165,0.824111730491945,0.827656725084035,NA,"oob_r2",-0.0510935334470562,0.0196078431372549,TRUE,0.87490503032084,1,"cz_hnscc_hpv"
"mural_cell","ZFHX3","lm",782,165,NA,0.754958161642331,NA,"cv_r2",NA,NA,NA,NA,NA,"cz_hnscc_hpv"
"mural_cell","ZFHX3","ridge",782,165,NA,0.80647312975122,NA,"cv_r2",NA,NA,NA,NA,NA,"cz_hnscc_hpv"
"mural_cell","ZFHX3","spearman",782,165,NA,0.503799874302327,NA,"cv_r2",NA,NA,NA,NA,NA,"cz_hnscc_hpv"
"mural_cell","PRDM1","rf",782,165,0.91202999100864,0.905373544022089,NA,"oob_r2",-0.0544928773230499,0.0196078431372549,TRUE,0.843060104423607,0.697354497354497,"cz_hnscc_hpv"
"mural_cell","PRDM1","lm",782,165,NA,0.880040043609504,NA,"cv_r2",NA,NA,NA,NA,NA,"cz_hnscc_hpv"
"mural_cell","PRDM1","ridge",782,165,NA,0.896339407759116,NA,"cv_r2",NA,NA,NA,NA,NA,"cz_hnscc_hpv"
"mural_cell","PRDM1","spearman",782,165,NA,0.432966100099172,NA,"cv_r2",NA,NA,NA,NA,NA,"cz_hnscc_hpv"
"mural_cell","KLF2","rf",782,165,0.932936013590904,0.930464571823376,NA,"oob_r2",-0.0723451663822123,0.0196078431372549,TRUE,0.81459965508746,0.774603174603175,"cz_hnscc_hpv"
"mural_cell","KLF2","lm",782,165,NA,0.922655463795011,NA,"cv_r2",NA,NA,NA,NA,NA,"cz_hnscc_hpv"
"mural_cell","KLF2","ridge",782,165,NA,0.930539756297143,NA,"cv_r2",NA,NA,NA,NA,NA,"cz_hnscc_hpv"
"mural_cell","KLF2","spearman",782,165,NA,0.421253351841898,NA,"cv_r2",NA,NA,NA,NA,NA,"cz_hnscc_hpv"
"mural_cell","MEOX2","rf",782,165,0.874738236668884,0.862389739266758,NA,"oob_r2",-0.0523293244755939,0.0196078431372549,TRUE,0.863630130277207,0.755555555555556,"cz_hnscc_hpv"
"mural_cell","MEOX2","lm",782,165,NA,0.815600722006215,NA,"cv_r2",NA,NA,NA,NA,NA,"cz_hnscc_hpv"
"mural_cell","MEOX2","ridge",782,165,NA,0.846593720819888,NA,"cv_r2",NA,NA,NA,NA,NA,"cz_hnscc_hpv"
"mural_cell","MEOX2","spearman",782,165,NA,0.404725215808488,NA,"cv_r2",NA,NA,NA,NA,NA,"cz_hnscc_hpv"
"mural_cell","STAT5A","rf",782,165,0.859362176654906,0.851073435456862,NA,"oob_r2",-0.0536169096964585,0.0196078431372549,TRUE,0.886155471850447,0.874074074074074,"cz_hnscc_hpv"
"mural_cell","STAT5A","lm",782,165,NA,0.796956288423018,NA,"cv_r2",NA,NA,NA,NA,NA,"cz_hnscc_hpv"
"mural_cell","STAT5A","ridge",782,165,NA,0.82224150872642,NA,"cv_r2",NA,NA,NA,NA,NA,"cz_hnscc_hpv"
"mural_cell","STAT5A","spearman",782,165,NA,0.427465640032573,NA,"cv_r2",NA,NA,NA,NA,NA,"cz_hnscc_hpv"
"mural_cell","NR4A3","rf",782,165,0.89949606915207,0.891670923415741,NA,"oob_r2",-0.0503769154399358,0.0196078431372549,TRUE,0.853509767080146,0.933333333333333,"cz_hnscc_hpv"
"mural_cell","NR4A3","lm",782,165,NA,0.857366776747543,NA,"cv_r2",NA,NA,NA,NA,NA,"cz_hnscc_hpv"
"mural_cell","NR4A3","ridge",782,165,NA,0.8823215957211,NA,"cv_r2",NA,NA,NA,NA,NA,"cz_hnscc_hpv"
"mural_cell","NR4A3","spearman",782,165,NA,0.516305727523292,NA,"cv_r2",NA,NA,NA,NA,NA,"cz_hnscc_hpv"
"mural_cell","PAX6","rf",782,165,0.902055226502833,0.895094641312806,NA,"oob_r2",-0.0452139473352223,0.0196078431372549,TRUE,0.872582955621451,1,"cz_hnscc_hpv"
"mural_cell","PAX6","lm",782,165,NA,0.874915653226464,NA,"cv_r2",NA,NA,NA,NA,NA,"cz_hnscc_hpv"
"mural_cell","PAX6","ridge",782,165,NA,0.895631692264568,NA,"cv_r2",NA,NA,NA,NA,NA,"cz_hnscc_hpv"
"mural_cell","PAX6","spearman",782,165,NA,0.476292341931088,NA,"cv_r2",NA,NA,NA,NA,NA,"cz_hnscc_hpv"
"mural_cell","STAT4","rf",782,165,0.832753008572234,0.822397956515999,NA,"oob_r2",-0.0561615517810096,0.0196078431372549,TRUE,0.884056729504864,0.82962962962963,"cz_hnscc_hpv"
"mural_cell","STAT4","lm",782,165,NA,0.783351029843055,NA,"cv_r2",NA,NA,NA,NA,NA,"cz_hnscc_hpv"
"mural_cell","STAT4","ridge",782,165,NA,0.819655759691408,NA,"cv_r2",NA,NA,NA,NA,NA,"cz_hnscc_hpv"
"mural_cell","STAT4","spearman",782,165,NA,0.300161025685807,NA,"cv_r2",NA,NA,NA,NA,NA,"cz_hnscc_hpv"
"mural_cell","CREM","rf",782,165,0.889091596798408,0.887282367778298,NA,"oob_r2",-0.0594922615442977,0.0196078431372549,TRUE,0.836722915312395,0.762962962962963,"cz_hnscc_hpv"
"mural_cell","CREM","lm",782,165,NA,0.8369982619675,NA,"cv_r2",NA,NA,NA,NA,NA,"cz_hnscc_hpv"
"mural_cell","CREM","ridge",782,165,NA,0.868811704798637,NA,"cv_r2",NA,NA,NA,NA,NA,"cz_hnscc_hpv"
"mural_cell","CREM","spearman",782,165,NA,0.506374183387652,NA,"cv_r2",NA,NA,NA,NA,NA,"cz_hnscc_hpv"
"mural_cell","KLF10","rf",782,165,0.914357800755685,0.913604428509607,NA,"oob_r2",-0.0530424251625994,0.0196078431372549,TRUE,0.847484424022773,0.77037037037037,"cz_hnscc_hpv"
"mural_cell","KLF10","lm",782,165,NA,0.895350116652774,NA,"cv_r2",NA,NA,NA,NA,NA,"cz_hnscc_hpv"
"mural_cell","KLF10","ridge",782,165,NA,0.913605199896764,NA,"cv_r2",NA,NA,NA,NA,NA,"cz_hnscc_hpv"
"mural_cell","KLF10","spearman",782,165,NA,0.441271310687836,NA,"cv_r2",NA,NA,NA,NA,NA,"cz_hnscc_hpv"
"mural_cell","KLF9","rf",782,165,0.90602893158804,0.898037631612704,NA,"oob_r2",-0.0547943075805061,0.0196078431372549,TRUE,0.848889304446166,0.881481481481482,"cz_hnscc_hpv"
"mural_cell","KLF9","lm",782,165,NA,0.892495329797731,NA,"cv_r2",NA,NA,NA,NA,NA,"cz_hnscc_hpv"
"mural_cell","KLF9","ridge",782,165,NA,0.90463261091328,NA,"cv_r2",NA,NA,NA,NA,NA,"cz_hnscc_hpv"
"mural_cell","KLF9","spearman",782,165,NA,0.420494239562579,NA,"cv_r2",NA,NA,NA,NA,NA,"cz_hnscc_hpv"
"mural_cell","HES4","rf",782,165,0.911718487488949,0.908189806744661,NA,"oob_r2",-0.0540679638058832,0.0196078431372549,TRUE,0.88377100419416,0.868783068783069,"cz_hnscc_hpv"
"mural_cell","HES4","lm",782,165,NA,0.897872130814902,NA,"cv_r2",NA,NA,NA,NA,NA,"cz_hnscc_hpv"
"mural_cell","HES4","ridge",782,165,NA,0.909185545787001,NA,"cv_r2",NA,NA,NA,NA,NA,"cz_hnscc_hpv"
"mural_cell","HES4","spearman",782,165,NA,0.443336836606564,NA,"cv_r2",NA,NA,NA,NA,NA,"cz_hnscc_hpv"
"mural_cell","EGR3","rf",782,165,0.896404401010223,0.893940338763841,NA,"oob_r2",-0.0580285751247858,0.0196078431372549,TRUE,0.859746153868987,0.814814814814815,"cz_hnscc_hpv"
"mural_cell","EGR3","lm",782,165,NA,0.882580603480896,NA,"cv_r2",NA,NA,NA,NA,NA,"cz_hnscc_hpv"
"mural_cell","EGR3","ridge",782,165,NA,0.905049817692329,NA,"cv_r2",NA,NA,NA,NA,NA,"cz_hnscc_hpv"
"mural_cell","EGR3","spearman",782,165,NA,0.450422291472511,NA,"cv_r2",NA,NA,NA,NA,NA,"cz_hnscc_hpv"
"mural_cell","PRRX1","rf",782,165,0.889042906340021,0.88076362242402,NA,"oob_r2",-0.056442241574893,0.0196078431372549,TRUE,0.868302240744204,0.844444444444444,"cz_hnscc_hpv"
"mural_cell","PRRX1","lm",782,165,NA,0.837915052824026,NA,"cv_r2",NA,NA,NA,NA,NA,"cz_hnscc_hpv"
"mural_cell","PRRX1","ridge",782,165,NA,0.865019164522314,NA,"cv_r2",NA,NA,NA,NA,NA,"cz_hnscc_hpv"
"mural_cell","PRRX1","spearman",782,165,NA,0.465528326573437,NA,"cv_r2",NA,NA,NA,NA,NA,"cz_hnscc_hpv"
"mural_cell","AHR","rf",782,165,0.90298734756219,0.899281132049307,NA,"oob_r2",-0.0502466932441343,0.0196078431372549,TRUE,0.84893264113364,0.844444444444444,"cz_hnscc_hpv"
"mural_cell","AHR","lm",782,165,NA,0.870563070889668,NA,"cv_r2",NA,NA,NA,NA,NA,"cz_hnscc_hpv"
"mural_cell","AHR","ridge",782,165,NA,0.891272258481997,NA,"cv_r2",NA,NA,NA,NA,NA,"cz_hnscc_hpv"
"mural_cell","AHR","spearman",782,165,NA,0.479075485291591,NA,"cv_r2",NA,NA,NA,NA,NA,"cz_hnscc_hpv"
"mural_cell","MEF2B","rf",782,165,0.895388051476427,0.893087435010581,NA,"oob_r2",-0.0431542401194981,0.0196078431372549,TRUE,0.85007672968296,0.844444444444444,"cz_hnscc_hpv"
"mural_cell","MEF2B","lm",782,165,NA,0.868508885329994,NA,"cv_r2",NA,NA,NA,NA,NA,"cz_hnscc_hpv"
"mural_cell","MEF2B","ridge",782,165,NA,0.885919402563994,NA,"cv_r2",NA,NA,NA,NA,NA,"cz_hnscc_hpv"
"mural_cell","MEF2B","spearman",782,165,NA,0.445170989530862,NA,"cv_r2",NA,NA,NA,NA,NA,"cz_hnscc_hpv"
"mural_cell","MYF6","rf",782,165,0.91366591276775,0.909553892016438,NA,"oob_r2",-0.0700645457717236,0.0196078431372549,TRUE,0.836939480019116,0.785185185185185,"cz_hnscc_hpv"
"mural_cell","MYF6","lm",782,165,NA,0.891090417286692,NA,"cv_r2",NA,NA,NA,NA,NA,"cz_hnscc_hpv"
"mural_cell","MYF6","ridge",782,165,NA,0.902340709982917,NA,"cv_r2",NA,NA,NA,NA,NA,"cz_hnscc_hpv"
"mural_cell","MYF6","spearman",782,165,NA,0.405373517189434,NA,"cv_r2",NA,NA,NA,NA,NA,"cz_hnscc_hpv"
"mural_cell","NFIL3","rf",782,165,0.831429863248656,0.824500600154681,NA,"oob_r2",-0.0527805199866978,0.0196078431372549,TRUE,0.853078062434513,0.881481481481481,"cz_hnscc_hpv"
"mural_cell","NFIL3","lm",782,165,NA,0.720005653810925,NA,"cv_r2",NA,NA,NA,NA,NA,"cz_hnscc_hpv"
"mural_cell","NFIL3","ridge",782,165,NA,0.790213373341755,NA,"cv_r2",NA,NA,NA,NA,NA,"cz_hnscc_hpv"
"mural_cell","NFIL3","spearman",782,165,NA,0.433070573222066,NA,"cv_r2",NA,NA,NA,NA,NA,"cz_hnscc_hpv"
"mural_cell","ELF3","rf",782,165,0.750297946293743,0.749132874922009,NA,"oob_r2",-0.0863831830968772,0.0196078431372549,TRUE,0.682501714173768,0.686772486772487,"cz_hnscc_hpv"
"mural_cell","ELF3","lm",782,165,NA,0.637617543079874,NA,"cv_r2",NA,NA,NA,NA,NA,"cz_hnscc_hpv"
"mural_cell","ELF3","ridge",782,165,NA,0.715022419054076,NA,"cv_r2",NA,NA,NA,NA,NA,"cz_hnscc_hpv"
"mural_cell","ELF3","spearman",782,165,NA,0.25036192904967,NA,"cv_r2",NA,NA,NA,NA,NA,"cz_hnscc_hpv"
"mural_cell","EBF1","rf",782,165,0.8858753207405,0.880563802556978,NA,"oob_r2",-0.0482446973200918,0.0196078431372549,TRUE,0.862213792346029,0.874074074074074,"cz_hnscc_hpv"
"mural_cell","EBF1","lm",782,165,NA,0.875420646372259,NA,"cv_r2",NA,NA,NA,NA,NA,"cz_hnscc_hpv"
"mural_cell","EBF1","ridge",782,165,NA,0.890726123345106,NA,"cv_r2",NA,NA,NA,NA,NA,"cz_hnscc_hpv"
"mural_cell","EBF1","spearman",782,165,NA,0.448409143140212,NA,"cv_r2",NA,NA,NA,NA,NA,"cz_hnscc_hpv"
"mural_cell","IRX1","rf",782,165,0.888651952137421,0.886503533346107,NA,"oob_r2",-0.0696564551632158,0.0196078431372549,TRUE,0.852260126982431,0.761904761904762,"cz_hnscc_hpv"
"mural_cell","IRX1","lm",782,165,NA,0.868833118201874,NA,"cv_r2",NA,NA,NA,NA,NA,"cz_hnscc_hpv"
"mural_cell","IRX1","ridge",782,165,NA,0.887568140463091,NA,"cv_r2",NA,NA,NA,NA,NA,"cz_hnscc_hpv"
"mural_cell","IRX1","spearman",782,165,NA,0.498866630634165,NA,"cv_r2",NA,NA,NA,NA,NA,"cz_hnscc_hpv"
"mural_cell","TP73","rf",782,165,0.918865707861647,0.917375713481694,NA,"oob_r2",-0.0485645152952954,0.0196078431372549,TRUE,0.817567446430215,0.82962962962963,"cz_hnscc_hpv"
"mural_cell","TP73","lm",782,165,NA,0.898331855267141,NA,"cv_r2",NA,NA,NA,NA,NA,"cz_hnscc_hpv"
"mural_cell","TP73","ridge",782,165,NA,0.910828468423561,NA,"cv_r2",NA,NA,NA,NA,NA,"cz_hnscc_hpv"
"mural_cell","TP73","spearman",782,165,NA,0.64622402349971,NA,"cv_r2",NA,NA,NA,NA,NA,"cz_hnscc_hpv"
"mural_cell","RFX8","rf",782,165,0.892149502275938,0.886702546239674,NA,"oob_r2",-0.0630054855624087,0.0196078431372549,TRUE,0.845625161399478,0.679365079365079,"cz_hnscc_hpv"
"mural_cell","RFX8","lm",782,165,NA,0.884086176127183,NA,"cv_r2",NA,NA,NA,NA,NA,"cz_hnscc_hpv"
"mural_cell","RFX8","ridge",782,165,NA,0.895764724407336,NA,"cv_r2",NA,NA,NA,NA,NA,"cz_hnscc_hpv"
"mural_cell","RFX8","spearman",782,165,NA,0.437445638019521,NA,"cv_r2",NA,NA,NA,NA,NA,"cz_hnscc_hpv"
"mural_cell","HOXB13","rf",782,165,0.911326350873242,0.905626456210584,NA,"oob_r2",-0.0528406242344122,0.0196078431372549,TRUE,0.853322469478802,0.831746031746032,"cz_hnscc_hpv"
"mural_cell","HOXB13","lm",782,165,NA,0.865953186423929,NA,"cv_r2",NA,NA,NA,NA,NA,"cz_hnscc_hpv"
"mural_cell","HOXB13","ridge",782,165,NA,0.890732102344366,NA,"cv_r2",NA,NA,NA,NA,NA,"cz_hnscc_hpv"
"mural_cell","HOXB13","spearman",782,165,NA,0.469761600424852,NA,"cv_r2",NA,NA,NA,NA,NA,"cz_hnscc_hpv"
"mural_cell","ZBTB16","rf",782,165,0.903608424508611,0.894793104555442,NA,"oob_r2",-0.0530091274252905,0.0196078431372549,TRUE,0.841220016800387,0.881481481481482,"cz_hnscc_hpv"
"mural_cell","ZBTB16","lm",782,165,NA,0.875313229729101,NA,"cv_r2",NA,NA,NA,NA,NA,"cz_hnscc_hpv"
"mural_cell","ZBTB16","ridge",782,165,NA,0.887559865579418,NA,"cv_r2",NA,NA,NA,NA,NA,"cz_hnscc_hpv"
"mural_cell","ZBTB16","spearman",782,165,NA,0.508166055984682,NA,"cv_r2",NA,NA,NA,NA,NA,"cz_hnscc_hpv"
"mural_cell","MYF5","rf",782,165,0.885116379184822,0.871295974325015,NA,"oob_r2",-0.075436164598552,0.0196078431372549,TRUE,0.799206344965969,0.611640211640212,"cz_hnscc_hpv"
"mural_cell","MYF5","lm",782,165,NA,0.828755724805927,NA,"cv_r2",NA,NA,NA,NA,NA,"cz_hnscc_hpv"
"mural_cell","MYF5","ridge",782,165,NA,0.858327188440756,NA,"cv_r2",NA,NA,NA,NA,NA,"cz_hnscc_hpv"
"mural_cell","MYF5","spearman",782,165,NA,0.431773580508548,NA,"cv_r2",NA,NA,NA,NA,NA,"cz_hnscc_hpv"
"mural_cell","TCF15","rf",782,165,0.923959788787477,0.919558698041743,NA,"oob_r2",-0.0574202126387237,0.0196078431372549,TRUE,0.841975915487523,1,"cz_hnscc_hpv"
"mural_cell","TCF15","lm",782,165,NA,0.914082773033518,NA,"cv_r2",NA,NA,NA,NA,NA,"cz_hnscc_hpv"
"mural_cell","TCF15","ridge",782,165,NA,0.925473705173627,NA,"cv_r2",NA,NA,NA,NA,NA,"cz_hnscc_hpv"
"mural_cell","TCF15","spearman",782,165,NA,0.598562520277627,NA,"cv_r2",NA,NA,NA,NA,NA,"cz_hnscc_hpv"
"mural_cell","DDIT3","rf",782,165,0.885484964849459,0.882359054033194,NA,"oob_r2",-0.0528549361711915,0.0196078431372549,TRUE,0.85329100585639,0.819047619047619,"cz_hnscc_hpv"
"mural_cell","DDIT3","lm",782,165,NA,0.859224468418431,NA,"cv_r2",NA,NA,NA,NA,NA,"cz_hnscc_hpv"
"mural_cell","DDIT3","ridge",782,165,NA,0.883817778844504,NA,"cv_r2",NA,NA,NA,NA,NA,"cz_hnscc_hpv"
"mural_cell","DDIT3","spearman",782,165,NA,0.523986099174007,NA,"cv_r2",NA,NA,NA,NA,NA,"cz_hnscc_hpv"
"mural_cell","POU3F1","rf",782,165,0.904432690163251,0.906237121931131,NA,"oob_r2",-0.0604694757887799,0.0196078431372549,TRUE,0.857516332885125,0.844444444444444,"cz_hnscc_hpv"
"mural_cell","POU3F1","lm",782,165,NA,0.900203178925966,NA,"cv_r2",NA,NA,NA,NA,NA,"cz_hnscc_hpv"
"mural_cell","POU3F1","ridge",782,165,NA,0.915713321260275,NA,"cv_r2",NA,NA,NA,NA,NA,"cz_hnscc_hpv"
"mural_cell","POU3F1","spearman",782,165,NA,0.520033890181775,NA,"cv_r2",NA,NA,NA,NA,NA,"cz_hnscc_hpv"
"mural_cell","POU2F2","rf",782,165,0.880276892192787,0.869250204917266,NA,"oob_r2",-0.0882200700359962,0.0196078431372549,TRUE,0.787773711252994,0.648677248677249,"cz_hnscc_hpv"
"mural_cell","POU2F2","lm",782,165,NA,0.86618663440977,NA,"cv_r2",NA,NA,NA,NA,NA,"cz_hnscc_hpv"
"mural_cell","POU2F2","ridge",782,165,NA,0.886177557487654,NA,"cv_r2",NA,NA,NA,NA,NA,"cz_hnscc_hpv"
"mural_cell","POU2F2","spearman",782,165,NA,0.374650833730781,NA,"cv_r2",NA,NA,NA,NA,NA,"cz_hnscc_hpv"
"mural_cell","MYCN","rf",782,165,0.823858963171801,0.809141651376336,NA,"oob_r2",-0.0632788856221902,0.0196078431372549,TRUE,0.810951655847336,0.755555555555556,"cz_hnscc_hpv"
"mural_cell","MYCN","lm",782,165,NA,0.751383097473637,NA,"cv_r2",NA,NA,NA,NA,NA,"cz_hnscc_hpv"
"mural_cell","MYCN","ridge",782,165,NA,0.787053648750902,NA,"cv_r2",NA,NA,NA,NA,NA,"cz_hnscc_hpv"
"mural_cell","MYCN","spearman",782,165,NA,0.415538682403913,NA,"cv_r2",NA,NA,NA,NA,NA,"cz_hnscc_hpv"
"mural_cell","TWIST1","rf",782,165,0.910548057926641,0.904330489598877,NA,"oob_r2",-0.059862136742847,0.0196078431372549,TRUE,0.849987978521625,1,"cz_hnscc_hpv"
"mural_cell","TWIST1","lm",782,165,NA,0.894758647453424,NA,"cv_r2",NA,NA,NA,NA,NA,"cz_hnscc_hpv"
"mural_cell","TWIST1","ridge",782,165,NA,0.908960284790229,NA,"cv_r2",NA,NA,NA,NA,NA,"cz_hnscc_hpv"
"mural_cell","TWIST1","spearman",782,165,NA,0.52674387982025,NA,"cv_r2",NA,NA,NA,NA,NA,"cz_hnscc_hpv"
"mural_cell","CEBPD","rf",782,165,0.864569491186243,0.8576803127239,NA,"oob_r2",-0.0411899942216269,0.0196078431372549,TRUE,0.876171648901593,0.933333333333333,"cz_hnscc_hpv"
"mural_cell","CEBPD","lm",782,165,NA,0.798119802520275,NA,"cv_r2",NA,NA,NA,NA,NA,"cz_hnscc_hpv"
"mural_cell","CEBPD","ridge",782,165,NA,0.841651828275856,NA,"cv_r2",NA,NA,NA,NA,NA,"cz_hnscc_hpv"
"mural_cell","CEBPD","spearman",782,165,NA,0.529133105904199,NA,"cv_r2",NA,NA,NA,NA,NA,"cz_hnscc_hpv"
"mural_cell","SP100","rf",782,165,0.861710459993535,0.846516281897553,NA,"oob_r2",-0.0599008484044417,0.0196078431372549,TRUE,0.83401116661769,0.82962962962963,"cz_hnscc_hpv"
"mural_cell","SP100","lm",782,165,NA,0.814143742144461,NA,"cv_r2",NA,NA,NA,NA,NA,"cz_hnscc_hpv"
"mural_cell","SP100","ridge",782,165,NA,0.846704551678853,NA,"cv_r2",NA,NA,NA,NA,NA,"cz_hnscc_hpv"
"mural_cell","SP100","spearman",782,165,NA,0.638814541060373,NA,"cv_r2",NA,NA,NA,NA,NA,"cz_hnscc_hpv"
"mural_cell","HIVEP1","rf",782,165,0.815310374848999,0.816237631840947,NA,"oob_r2",-0.0445370770976122,0.0196078431372549,TRUE,0.875368970338115,0.933333333333333,"cz_hnscc_hpv"
"mural_cell","HIVEP1","lm",782,165,NA,0.753151150960243,NA,"cv_r2",NA,NA,NA,NA,NA,"cz_hnscc_hpv"
"mural_cell","HIVEP1","ridge",782,165,NA,0.806062089421821,NA,"cv_r2",NA,NA,NA,NA,NA,"cz_hnscc_hpv"
"mural_cell","HIVEP1","spearman",782,165,NA,0.414506136955763,NA,"cv_r2",NA,NA,NA,NA,NA,"cz_hnscc_hpv"
"mural_cell","TEAD1","rf",782,165,0.926135378029529,0.922892130295864,NA,"oob_r2",-0.053929065026493,0.0196078431372549,TRUE,0.851780217692648,0.753439153439153,"cz_hnscc_hpv"
"mural_cell","TEAD1","lm",782,165,NA,0.911640417889671,NA,"cv_r2",NA,NA,NA,NA,NA,"cz_hnscc_hpv"
"mural_cell","TEAD1","ridge",782,165,NA,0.925687792607063,NA,"cv_r2",NA,NA,NA,NA,NA,"cz_hnscc_hpv"
"mural_cell","TEAD1","spearman",782,165,NA,0.665314549876924,NA,"cv_r2",NA,NA,NA,NA,NA,"cz_hnscc_hpv"
"mural_cell","ETV1","rf",782,165,0.870676603840943,0.858798515161608,NA,"oob_r2",-0.0594668117261169,0.0196078431372549,TRUE,0.852941581551632,0.785185185185185,"cz_hnscc_hpv"
"mural_cell","ETV1","lm",782,165,NA,0.821220464493805,NA,"cv_r2",NA,NA,NA,NA,NA,"cz_hnscc_hpv"
"mural_cell","ETV1","ridge",782,165,NA,0.854019236092308,NA,"cv_r2",NA,NA,NA,NA,NA,"cz_hnscc_hpv"
"mural_cell","ETV1","spearman",782,165,NA,0.619948431858908,NA,"cv_r2",NA,NA,NA,NA,NA,"cz_hnscc_hpv"
"mural_cell","SOX10","rf",782,165,0.928575735377882,0.929866902498123,NA,"oob_r2",-0.053432268396767,0.0196078431372549,TRUE,0.834123307717196,0.785185185185185,"cz_hnscc_hpv"
"mural_cell","SOX10","lm",782,165,NA,0.907887322475518,NA,"cv_r2",NA,NA,NA,NA,NA,"cz_hnscc_hpv"
"mural_cell","SOX10","ridge",782,165,NA,0.92201196057833,NA,"cv_r2",NA,NA,NA,NA,NA,"cz_hnscc_hpv"
"mural_cell","SOX10","spearman",782,165,NA,0.581586996600942,NA,"cv_r2",NA,NA,NA,NA,NA,"cz_hnscc_hpv"
"mural_cell","TCF4","rf",782,165,0.912395889034677,0.902980211070926,NA,"oob_r2",-0.0448116237623782,0.0196078431372549,TRUE,0.845977613335827,0.822222222222222,"cz_hnscc_hpv"
"mural_cell","TCF4","lm",782,165,NA,0.888459481198615,NA,"cv_r2",NA,NA,NA,NA,NA,"cz_hnscc_hpv"
"mural_cell","TCF4","ridge",782,165,NA,0.905707655127169,NA,"cv_r2",NA,NA,NA,NA,NA,"cz_hnscc_hpv"
"mural_cell","TCF4","spearman",782,165,NA,0.579516901075473,NA,"cv_r2",NA,NA,NA,NA,NA,"cz_hnscc_hpv"
"mural_cell","CEBPB","rf",782,165,0.889995083992702,0.880862588783567,NA,"oob_r2",-0.0491493682422357,0.0196078431372549,TRUE,0.838214528476063,0.658201058201058,"cz_hnscc_hpv"
"mural_cell","CEBPB","lm",782,165,NA,0.886785053822871,NA,"cv_r2",NA,NA,NA,NA,NA,"cz_hnscc_hpv"
"mural_cell","CEBPB","ridge",782,165,NA,0.902967941484597,NA,"cv_r2",NA,NA,NA,NA,NA,"cz_hnscc_hpv"
"mural_cell","CEBPB","spearman",782,165,NA,0.482347209297464,NA,"cv_r2",NA,NA,NA,NA,NA,"cz_hnscc_hpv"
"mural_cell","SOX9","rf",782,165,0.918509935694937,0.916679968474703,NA,"oob_r2",-0.0422278638092861,0.0196078431372549,TRUE,0.839293315167544,0.732275132275132,"cz_hnscc_hpv"
"mural_cell","SOX9","lm",782,165,NA,0.899279925967809,NA,"cv_r2",NA,NA,NA,NA,NA,"cz_hnscc_hpv"
"mural_cell","SOX9","ridge",782,165,NA,0.908869538175173,NA,"cv_r2",NA,NA,NA,NA,NA,"cz_hnscc_hpv"
"mural_cell","SOX9","spearman",782,165,NA,0.550402169419867,NA,"cv_r2",NA,NA,NA,NA,NA,"cz_hnscc_hpv"
"mural_cell","IRF6","rf",782,165,0.889708852789935,0.878438779258513,NA,"oob_r2",-0.0556027400579186,0.0196078431372549,TRUE,0.835292567164445,0.785185185185185,"cz_hnscc_hpv"
"mural_cell","IRF6","lm",782,165,NA,0.855382848116326,NA,"cv_r2",NA,NA,NA,NA,NA,"cz_hnscc_hpv"
"mural_cell","IRF6","ridge",782,165,NA,0.879131007260057,NA,"cv_r2",NA,NA,NA,NA,NA,"cz_hnscc_hpv"
"mural_cell","IRF6","spearman",782,165,NA,0.517917676208653,NA,"cv_r2",NA,NA,NA,NA,NA,"cz_hnscc_hpv"
"mural_cell","ID1","rf",782,165,0.897100806238988,0.891171258951627,NA,"oob_r2",-0.0532081469228272,0.0196078431372549,TRUE,0.854228681169616,1,"cz_hnscc_hpv"
"mural_cell","ID1","lm",782,165,NA,0.8543435769633,NA,"cv_r2",NA,NA,NA,NA,NA,"cz_hnscc_hpv"
"mural_cell","ID1","ridge",782,165,NA,0.882971290283201,NA,"cv_r2",NA,NA,NA,NA,NA,"cz_hnscc_hpv"
"mural_cell","ID1","spearman",782,165,NA,0.58522614329713,NA,"cv_r2",NA,NA,NA,NA,NA,"cz_hnscc_hpv"
"mural_cell","BRCA1","rf",782,165,0.855043660689705,0.853325152735648,NA,"oob_r2",-0.0639479751487889,0.0196078431372549,TRUE,0.79306304300721,0.75026455026455,"cz_hnscc_hpv"
"mural_cell","BRCA1","lm",782,165,NA,0.811411738965446,NA,"cv_r2",NA,NA,NA,NA,NA,"cz_hnscc_hpv"
"mural_cell","BRCA1","ridge",782,165,NA,0.848029841211016,NA,"cv_r2",NA,NA,NA,NA,NA,"cz_hnscc_hpv"
"mural_cell","BRCA1","spearman",782,165,NA,0.510797194517967,NA,"cv_r2",NA,NA,NA,NA,NA,"cz_hnscc_hpv"
"mural_cell","ATF7","rf",782,165,0.911859595548928,0.90541433704586,NA,"oob_r2",-0.0505299661261102,0.0196078431372549,TRUE,0.854939759036145,0.933333333333333,"cz_hnscc_hpv"
"mural_cell","ATF7","lm",782,165,NA,0.868588797069132,NA,"cv_r2",NA,NA,NA,NA,NA,"cz_hnscc_hpv"
"mural_cell","ATF7","ridge",782,165,NA,0.893267761201567,NA,"cv_r2",NA,NA,NA,NA,NA,"cz_hnscc_hpv"
"mural_cell","ATF7","spearman",782,165,NA,0.601853003173567,NA,"cv_r2",NA,NA,NA,NA,NA,"cz_hnscc_hpv"
"mural_cell","YBX1","rf",782,165,0.84452026517971,0.840427394516575,NA,"oob_r2",-0.0494940907722499,0.0196078431372549,TRUE,0.828426492370072,0.755555555555556,"cz_hnscc_hpv"
"mural_cell","YBX1","lm",782,165,NA,0.792895813161924,NA,"cv_r2",NA,NA,NA,NA,NA,"cz_hnscc_hpv"
"mural_cell","YBX1","ridge",782,165,NA,0.830750514626066,NA,"cv_r2",NA,NA,NA,NA,NA,"cz_hnscc_hpv"
"mural_cell","YBX1","spearman",782,165,NA,0.583718304111027,NA,"cv_r2",NA,NA,NA,NA,NA,"cz_hnscc_hpv"
"mural_cell","ID4","rf",782,165,0.905075453169615,0.898820867120131,NA,"oob_r2",-0.0586868192832321,0.0196078431372549,TRUE,0.863490265570783,0.811640211640212,"cz_hnscc_hpv"
"mural_cell","ID4","lm",782,165,NA,0.905546578302763,NA,"cv_r2",NA,NA,NA,NA,NA,"cz_hnscc_hpv"
"mural_cell","ID4","ridge",782,165,NA,0.912117790676564,NA,"cv_r2",NA,NA,NA,NA,NA,"cz_hnscc_hpv"
"mural_cell","ID4","spearman",782,165,NA,0.58822898230415,NA,"cv_r2",NA,NA,NA,NA,NA,"cz_hnscc_hpv"
"mural_cell","MSC","rf",782,165,0.918361939082282,0.912883103656202,NA,"oob_r2",-0.0548084901610548,0.0196078431372549,TRUE,0.850317218615779,0.82962962962963,"cz_hnscc_hpv"
"mural_cell","MSC","lm",782,165,NA,0.891353524295221,NA,"cv_r2",NA,NA,NA,NA,NA,"cz_hnscc_hpv"
"mural_cell","MSC","ridge",782,165,NA,0.909785096705524,NA,"cv_r2",NA,NA,NA,NA,NA,"cz_hnscc_hpv"
"mural_cell","MSC","spearman",782,165,NA,0.563329114283236,NA,"cv_r2",NA,NA,NA,NA,NA,"cz_hnscc_hpv"
"mural_cell","BCL11B","rf",782,165,0.89428158661278,0.888643861895446,NA,"oob_r2",-0.0608097623035105,0.0196078431372549,TRUE,0.835659622970819,0.8,"cz_hnscc_hpv"
"mural_cell","BCL11B","lm",782,165,NA,0.85937570562331,NA,"cv_r2",NA,NA,NA,NA,NA,"cz_hnscc_hpv"
"mural_cell","BCL11B","ridge",782,165,NA,0.888286305485415,NA,"cv_r2",NA,NA,NA,NA,NA,"cz_hnscc_hpv"
"mural_cell","BCL11B","spearman",782,165,NA,0.583762258446416,NA,"cv_r2",NA,NA,NA,NA,NA,"cz_hnscc_hpv"
"mural_cell","REL","rf",782,165,0.90575597528466,0.902309693859891,NA,"oob_r2",-0.0527888071195467,0.0196078431372549,TRUE,0.863206499315815,0.874074074074074,"cz_hnscc_hpv"
"mural_cell","REL","lm",782,165,NA,0.871546265921417,NA,"cv_r2",NA,NA,NA,NA,NA,"cz_hnscc_hpv"
"mural_cell","REL","ridge",782,165,NA,0.894323984444196,NA,"cv_r2",NA,NA,NA,NA,NA,"cz_hnscc_hpv"
"mural_cell","REL","spearman",782,165,NA,0.544175731338359,NA,"cv_r2",NA,NA,NA,NA,NA,"cz_hnscc_hpv"
"mural_cell","ENO1","rf",782,165,0.863320766693683,0.857664178904956,NA,"oob_r2",-0.0680935722655907,0.0196078431372549,TRUE,0.807629156685872,0.82962962962963,"cz_hnscc_hpv"
"mural_cell","ENO1","lm",782,165,NA,0.823530719888508,NA,"cv_r2",NA,NA,NA,NA,NA,"cz_hnscc_hpv"
"mural_cell","ENO1","ridge",782,165,NA,0.858323558830064,NA,"cv_r2",NA,NA,NA,NA,NA,"cz_hnscc_hpv"
"mural_cell","ENO1","spearman",782,165,NA,0.501271687388126,NA,"cv_r2",NA,NA,NA,NA,NA,"cz_hnscc_hpv"
"mural_cell","MEF2C","rf",782,165,0.905726166986747,0.901891301792591,NA,"oob_r2",-0.0594693029812588,0.0196078431372549,TRUE,0.84292813530545,0.701587301587302,"cz_hnscc_hpv"
"mural_cell","MEF2C","lm",782,165,NA,0.911896857812925,NA,"cv_r2",NA,NA,NA,NA,NA,"cz_hnscc_hpv"
"mural_cell","MEF2C","ridge",782,165,NA,0.925655036758375,NA,"cv_r2",NA,NA,NA,NA,NA,"cz_hnscc_hpv"
"mural_cell","MEF2C","spearman",782,165,NA,0.43443107358954,NA,"cv_r2",NA,NA,NA,NA,NA,"cz_hnscc_hpv"
"mural_cell","BATF","rf",782,165,0.904347914128357,0.902503585452623,NA,"oob_r2",-0.0594318720019545,0.0196078431372549,TRUE,0.846147932454133,0.692063492063492,"cz_hnscc_hpv"
"mural_cell","BATF","lm",782,165,NA,0.89267037923946,NA,"cv_r2",NA,NA,NA,NA,NA,"cz_hnscc_hpv"
"mural_cell","BATF","ridge",782,165,NA,0.91192092667092,NA,"cv_r2",NA,NA,NA,NA,NA,"cz_hnscc_hpv"
"mural_cell","BATF","spearman",782,165,NA,0.658668596568249,NA,"cv_r2",NA,NA,NA,NA,NA,"cz_hnscc_hpv"
"mural_cell","ID3","rf",782,165,0.899359085888927,0.892048239583588,NA,"oob_r2",-0.0554695251519166,0.0196078431372549,TRUE,0.835899221423759,0.77037037037037,"cz_hnscc_hpv"
"mural_cell","ID3","lm",782,165,NA,0.8743309223442,NA,"cv_r2",NA,NA,NA,NA,NA,"cz_hnscc_hpv"
"mural_cell","ID3","ridge",782,165,NA,0.889282625854282,NA,"cv_r2",NA,NA,NA,NA,NA,"cz_hnscc_hpv"
"mural_cell","ID3","spearman",782,165,NA,0.654007533861632,NA,"cv_r2",NA,NA,NA,NA,NA,"cz_hnscc_hpv"
"mural_cell","RUNX3","rf",782,165,0.901790009284158,0.89819284027694,NA,"oob_r2",-0.066415045675302,0.0196078431372549,TRUE,0.820942602635227,0.819047619047619,"cz_hnscc_hpv"
"mural_cell","RUNX3","lm",782,165,NA,0.887091048178917,NA,"cv_r2",NA,NA,NA,NA,NA,"cz_hnscc_hpv"
"mural_cell","RUNX3","ridge",782,165,NA,0.905001017716318,NA,"cv_r2",NA,NA,NA,NA,NA,"cz_hnscc_hpv"
"mural_cell","RUNX3","spearman",782,165,NA,0.569849471553774,NA,"cv_r2",NA,NA,NA,NA,NA,"cz_hnscc_hpv"
"mural_cell","GRHL2","rf",782,165,0.878081668431417,0.871729314410395,NA,"oob_r2",-0.059241978438456,0.0196078431372549,TRUE,0.846601246078178,0.674074074074074,"cz_hnscc_hpv"
"mural_cell","GRHL2","lm",782,165,NA,0.826246767797287,NA,"cv_r2",NA,NA,NA,NA,NA,"cz_hnscc_hpv"
"mural_cell","GRHL2","ridge",782,165,NA,0.87200517744794,NA,"cv_r2",NA,NA,NA,NA,NA,"cz_hnscc_hpv"
"mural_cell","GRHL2","spearman",782,165,NA,0.658724282117619,NA,"cv_r2",NA,NA,NA,NA,NA,"cz_hnscc_hpv"
"mural_cell","FOXC1","rf",782,165,0.912991981001676,0.914156730046885,NA,"oob_r2",-0.0656853720193235,0.0196078431372549,TRUE,0.845825697468366,1,"cz_hnscc_hpv"
"mural_cell","FOXC1","lm",782,165,NA,0.911455122939378,NA,"cv_r2",NA,NA,NA,NA,NA,"cz_hnscc_hpv"
"mural_cell","FOXC1","ridge",782,165,NA,0.920241286526254,NA,"cv_r2",NA,NA,NA,NA,NA,"cz_hnscc_hpv"
"mural_cell","FOXC1","spearman",782,165,NA,0.582130370314863,NA,"cv_r2",NA,NA,NA,NA,NA,"cz_hnscc_hpv"
"mural_cell","FOSB","rf",782,165,0.916271750641032,0.910514177257101,NA,"oob_r2",-0.0589389718071059,0.0196078431372549,TRUE,0.833290352837811,0.755555555555556,"cz_hnscc_hpv"
"mural_cell","FOSB","lm",782,165,NA,0.895973638698287,NA,"cv_r2",NA,NA,NA,NA,NA,"cz_hnscc_hpv"
"mural_cell","FOSB","ridge",782,165,NA,0.91471071137943,NA,"cv_r2",NA,NA,NA,NA,NA,"cz_hnscc_hpv"
"mural_cell","FOSB","spearman",782,165,NA,0.556934584023726,NA,"cv_r2",NA,NA,NA,NA,NA,"cz_hnscc_hpv"
"mural_cell","RUNX1","rf",782,165,0.916348906242804,0.912104632677669,NA,"oob_r2",-0.0583769500077728,0.0196078431372549,TRUE,0.851732013048499,1,"cz_hnscc_hpv"
"mural_cell","RUNX1","lm",782,165,NA,0.900687930021878,NA,"cv_r2",NA,NA,NA,NA,NA,"cz_hnscc_hpv"
"mural_cell","RUNX1","ridge",782,165,NA,0.917851664449023,NA,"cv_r2",NA,NA,NA,NA,NA,"cz_hnscc_hpv"
"mural_cell","RUNX1","spearman",782,165,NA,0.587893544388829,NA,"cv_r2",NA,NA,NA,NA,NA,"cz_hnscc_hpv"
"mural_cell","HIF1A","rf",782,165,0.873881666764246,0.86463998257597,NA,"oob_r2",-0.0694626080304409,0.0196078431372549,TRUE,0.821217285995423,0.933333333333333,"cz_hnscc_hpv"
"mural_cell","HIF1A","lm",782,165,NA,0.831543125487626,NA,"cv_r2",NA,NA,NA,NA,NA,"cz_hnscc_hpv"
"mural_cell","HIF1A","ridge",782,165,NA,0.860692106280968,NA,"cv_r2",NA,NA,NA,NA,NA,"cz_hnscc_hpv"
"mural_cell","HIF1A","spearman",782,165,NA,0.504620794273628,NA,"cv_r2",NA,NA,NA,NA,NA,"cz_hnscc_hpv"
"mural_cell","NR4A2","rf",782,165,0.919562242822762,0.909371511944335,NA,"oob_r2",-0.0512024212300028,0.0196078431372549,TRUE,0.829086100499559,0.77037037037037,"cz_hnscc_hpv"
"mural_cell","NR4A2","lm",782,165,NA,0.909366517561856,NA,"cv_r2",NA,NA,NA,NA,NA,"cz_hnscc_hpv"
"mural_cell","NR4A2","ridge",782,165,NA,0.919204745582515,NA,"cv_r2",NA,NA,NA,NA,NA,"cz_hnscc_hpv"
"mural_cell","NR4A2","spearman",782,165,NA,0.580721946642851,NA,"cv_r2",NA,NA,NA,NA,NA,"cz_hnscc_hpv"
"mural_cell","NFIA","rf",782,165,0.915394354242592,0.912584477251655,NA,"oob_r2",-0.0568557665677564,0.0196078431372549,TRUE,0.850044494311318,0.933333333333333,"cz_hnscc_hpv"
"mural_cell","NFIA","lm",782,165,NA,0.891547247735484,NA,"cv_r2",NA,NA,NA,NA,NA,"cz_hnscc_hpv"
"mural_cell","NFIA","ridge",782,165,NA,0.90876285749274,NA,"cv_r2",NA,NA,NA,NA,NA,"cz_hnscc_hpv"
"mural_cell","NFIA","spearman",782,165,NA,0.596307578352447,NA,"cv_r2",NA,NA,NA,NA,NA,"cz_hnscc_hpv"
"mural_cell","JUN","rf",782,165,0.931393809112861,0.927930355717618,NA,"oob_r2",-0.0528795993784238,0.0196078431372549,TRUE,0.857740852545437,0.844444444444444,"cz_hnscc_hpv"
"mural_cell","JUN","lm",782,165,NA,0.934328094339919,NA,"cv_r2",NA,NA,NA,NA,NA,"cz_hnscc_hpv"
"mural_cell","JUN","ridge",782,165,NA,0.942987533423469,NA,"cv_r2",NA,NA,NA,NA,NA,"cz_hnscc_hpv"
"mural_cell","JUN","spearman",782,165,NA,0.536922128101734,NA,"cv_r2",NA,NA,NA,NA,NA,"cz_hnscc_hpv"
"mural_cell","FOSL2","rf",782,165,0.923425792305873,0.915880677367325,NA,"oob_r2",-0.053627697077236,0.0196078431372549,TRUE,0.83105192388178,0.757671957671958,"cz_hnscc_hpv"
"mural_cell","FOSL2","lm",782,165,NA,0.897785109997815,NA,"cv_r2",NA,NA,NA,NA,NA,"cz_hnscc_hpv"
"mural_cell","FOSL2","ridge",782,165,NA,0.909226880477891,NA,"cv_r2",NA,NA,NA,NA,NA,"cz_hnscc_hpv"
"mural_cell","FOSL2","spearman",782,165,NA,0.540347600354229,NA,"cv_r2",NA,NA,NA,NA,NA,"cz_hnscc_hpv"
"mural_cell","THAP1","rf",782,165,0.928306652948983,0.926046614572558,NA,"oob_r2",-0.0462558742807161,0.0196078431372549,TRUE,0.845344897698703,0.844444444444444,"cz_hnscc_hpv"
"mural_cell","THAP1","lm",782,165,NA,0.931175254855816,NA,"cv_r2",NA,NA,NA,NA,NA,"cz_hnscc_hpv"
"mural_cell","THAP1","ridge",782,165,NA,0.939011982913582,NA,"cv_r2",NA,NA,NA,NA,NA,"cz_hnscc_hpv"
"mural_cell","THAP1","spearman",782,165,NA,0.613228932367877,NA,"cv_r2",NA,NA,NA,NA,NA,"cz_hnscc_hpv"
"mural_cell","ATF3","rf",782,165,0.884548191323812,0.878487673626864,NA,"oob_r2",-0.0471206068185182,0.0196078431372549,TRUE,0.866573878663212,0.82962962962963,"cz_hnscc_hpv"
"mural_cell","ATF3","lm",782,165,NA,0.851637295259753,NA,"cv_r2",NA,NA,NA,NA,NA,"cz_hnscc_hpv"
"mural_cell","ATF3","ridge",782,165,NA,0.881308267076713,NA,"cv_r2",NA,NA,NA,NA,NA,"cz_hnscc_hpv"
"mural_cell","ATF3","spearman",782,165,NA,0.570879440054732,NA,"cv_r2",NA,NA,NA,NA,NA,"cz_hnscc_hpv"
"mural_cell","NR3C2","rf",782,165,0.908895346601492,0.903123497054253,NA,"oob_r2",-0.0627651888001959,0.0196078431372549,TRUE,0.824923878811625,0.874074074074074,"cz_hnscc_hpv"
"mural_cell","NR3C2","lm",782,165,NA,0.90233186208871,NA,"cv_r2",NA,NA,NA,NA,NA,"cz_hnscc_hpv"
"mural_cell","NR3C2","ridge",782,165,NA,0.915769565729905,NA,"cv_r2",NA,NA,NA,NA,NA,"cz_hnscc_hpv"
"mural_cell","NR3C2","spearman",782,165,NA,0.635855394741837,NA,"cv_r2",NA,NA,NA,NA,NA,"cz_hnscc_hpv"
"mural_cell","TCF21","rf",782,165,0.914869967433585,0.91049325389201,NA,"oob_r2",-0.0505647976675912,0.0196078431372549,TRUE,0.831261720941415,0.822222222222222,"cz_hnscc_hpv"
"mural_cell","TCF21","lm",782,165,NA,0.895233414198173,NA,"cv_r2",NA,NA,NA,NA,NA,"cz_hnscc_hpv"
"mural_cell","TCF21","ridge",782,165,NA,0.911129741365149,NA,"cv_r2",NA,NA,NA,NA,NA,"cz_hnscc_hpv"
"mural_cell","TCF21","spearman",782,165,NA,0.582147674768018,NA,"cv_r2",NA,NA,NA,NA,NA,"cz_hnscc_hpv"
"mural_cell","CREB3","rf",782,165,0.919504467337034,0.916396930213827,NA,"oob_r2",-0.0540973275819157,0.0196078431372549,TRUE,0.866608132455914,0.658201058201058,"cz_hnscc_hpv"
"mural_cell","CREB3","lm",782,165,NA,0.905062440668238,NA,"cv_r2",NA,NA,NA,NA,NA,"cz_hnscc_hpv"
"mural_cell","CREB3","ridge",782,165,NA,0.922343412028173,NA,"cv_r2",NA,NA,NA,NA,NA,"cz_hnscc_hpv"
"mural_cell","CREB3","spearman",782,165,NA,0.594555552618213,NA,"cv_r2",NA,NA,NA,NA,NA,"cz_hnscc_hpv"
"mural_cell","IRF8","rf",782,165,0.914401088127005,0.911688450937213,NA,"oob_r2",-0.0508973639018789,0.0196078431372549,TRUE,0.858341214080268,1,"cz_hnscc_hpv"
"mural_cell","IRF8","lm",782,165,NA,0.893447044559716,NA,"cv_r2",NA,NA,NA,NA,NA,"cz_hnscc_hpv"
"mural_cell","IRF8","ridge",782,165,NA,0.915120358227982,NA,"cv_r2",NA,NA,NA,NA,NA,"cz_hnscc_hpv"
"mural_cell","IRF8","spearman",782,165,NA,0.496701561891153,NA,"cv_r2",NA,NA,NA,NA,NA,"cz_hnscc_hpv"
"mural_cell","STAT1","rf",782,165,0.857795720979427,0.850941677754815,NA,"oob_r2",-0.0782475805541758,0.0196078431372549,TRUE,0.7857260824525,0.814814814814815,"cz_hnscc_hpv"
"mural_cell","STAT1","lm",782,165,NA,0.813228937197138,NA,"cv_r2",NA,NA,NA,NA,NA,"cz_hnscc_hpv"
"mural_cell","STAT1","ridge",782,165,NA,0.83947510922797,NA,"cv_r2",NA,NA,NA,NA,NA,"cz_hnscc_hpv"
"mural_cell","STAT1","spearman",782,165,NA,0.44207597404199,NA,"cv_r2",NA,NA,NA,NA,NA,"cz_hnscc_hpv"
"mural_cell","CHD2","rf",782,165,0.931989828665052,0.929442458605346,NA,"oob_r2",-0.049979382827666,0.0196078431372549,TRUE,0.852039109876312,0.762962962962963,"cz_hnscc_hpv"
"mural_cell","CHD2","lm",782,165,NA,0.916465444389889,NA,"cv_r2",NA,NA,NA,NA,NA,"cz_hnscc_hpv"
"mural_cell","CHD2","ridge",782,165,NA,0.93447830638632,NA,"cv_r2",NA,NA,NA,NA,NA,"cz_hnscc_hpv"
"mural_cell","CHD2","spearman",782,165,NA,0.616293362046423,NA,"cv_r2",NA,NA,NA,NA,NA,"cz_hnscc_hpv"
"mural_cell","AR","rf",782,165,0.916661764134337,0.911301409828748,NA,"oob_r2",-0.0473211286182492,0.0196078431372549,TRUE,0.845370780980537,0.755555555555556,"cz_hnscc_hpv"
"mural_cell","AR","lm",782,165,NA,0.893217253691036,NA,"cv_r2",NA,NA,NA,NA,NA,"cz_hnscc_hpv"
"mural_cell","AR","ridge",782,165,NA,0.913356344496239,NA,"cv_r2",NA,NA,NA,NA,NA,"cz_hnscc_hpv"
"mural_cell","AR","spearman",782,165,NA,0.595010018033542,NA,"cv_r2",NA,NA,NA,NA,NA,"cz_hnscc_hpv"
"mural_cell","SNAI2","rf",782,165,0.929854183756838,0.925535528232356,NA,"oob_r2",-0.0599188395005087,0.0196078431372549,TRUE,0.846987476884627,0.933333333333333,"cz_hnscc_hpv"
"mural_cell","SNAI2","lm",782,165,NA,0.912829637545046,NA,"cv_r2",NA,NA,NA,NA,NA,"cz_hnscc_hpv"
"mural_cell","SNAI2","ridge",782,165,NA,0.931891301369037,NA,"cv_r2",NA,NA,NA,NA,NA,"cz_hnscc_hpv"
"mural_cell","SNAI2","spearman",782,165,NA,0.598273344877121,NA,"cv_r2",NA,NA,NA,NA,NA,"cz_hnscc_hpv"
"mural_cell","FOXI3","rf",782,165,0.93218223492641,0.926527486707533,NA,"oob_r2",-0.0597875200062034,0.0196078431372549,TRUE,0.859155528247506,0.755555555555556,"cz_hnscc_hpv"
"mural_cell","FOXI3","lm",782,165,NA,0.922893317991443,NA,"cv_r2",NA,NA,NA,NA,NA,"cz_hnscc_hpv"
"mural_cell","FOXI3","ridge",782,165,NA,0.934338173714736,NA,"cv_r2",NA,NA,NA,NA,NA,"cz_hnscc_hpv"
"mural_cell","FOXI3","spearman",782,165,NA,0.627600295836047,NA,"cv_r2",NA,NA,NA,NA,NA,"cz_hnscc_hpv"
"mural_cell","MYC","rf",782,165,0.915776835903773,0.90909618339026,NA,"oob_r2",-0.0571574880954054,0.0196078431372549,TRUE,0.843134429810892,1,"cz_hnscc_hpv"
"mural_cell","MYC","lm",782,165,NA,0.883644869721029,NA,"cv_r2",NA,NA,NA,NA,NA,"cz_hnscc_hpv"
"mural_cell","MYC","ridge",782,165,NA,0.900923074669653,NA,"cv_r2",NA,NA,NA,NA,NA,"cz_hnscc_hpv"
"mural_cell","MYC","spearman",782,165,NA,0.611827390384196,NA,"cv_r2",NA,NA,NA,NA,NA,"cz_hnscc_hpv"
"mural_cell","MAFB","rf",782,165,0.913020524869714,0.90973923036778,NA,"oob_r2",-0.0490138909667655,0.0196078431372549,TRUE,0.849654404758725,0.933333333333333,"cz_hnscc_hpv"
"mural_cell","MAFB","lm",782,165,NA,0.879591724727641,NA,"cv_r2",NA,NA,NA,NA,NA,"cz_hnscc_hpv"
"mural_cell","MAFB","ridge",782,165,NA,0.899757701360024,NA,"cv_r2",NA,NA,NA,NA,NA,"cz_hnscc_hpv"
"mural_cell","MAFB","spearman",782,165,NA,0.620689387188065,NA,"cv_r2",NA,NA,NA,NA,NA,"cz_hnscc_hpv"
"mural_cell","VEZF1","rf",782,165,0.916713877922427,0.91535949816643,NA,"oob_r2",-0.0551507085886126,0.0196078431372549,TRUE,0.862978120909358,0.785185185185185,"cz_hnscc_hpv"
"mural_cell","VEZF1","lm",782,165,NA,0.899202006028075,NA,"cv_r2",NA,NA,NA,NA,NA,"cz_hnscc_hpv"
"mural_cell","VEZF1","ridge",782,165,NA,0.916534544357824,NA,"cv_r2",NA,NA,NA,NA,NA,"cz_hnscc_hpv"
"mural_cell","VEZF1","spearman",782,165,NA,0.617534536127092,NA,"cv_r2",NA,NA,NA,NA,NA,"cz_hnscc_hpv"
"mural_cell","JUND","rf",782,165,0.915670050144382,0.913536004155882,NA,"oob_r2",-0.063997876124732,0.0196078431372549,TRUE,0.852382953840491,0.8,"cz_hnscc_hpv"
"mural_cell","JUND","lm",782,165,NA,0.893331681721932,NA,"cv_r2",NA,NA,NA,NA,NA,"cz_hnscc_hpv"
"mural_cell","JUND","ridge",782,165,NA,0.911733009460908,NA,"cv_r2",NA,NA,NA,NA,NA,"cz_hnscc_hpv"
"mural_cell","JUND","spearman",782,165,NA,0.641530597237777,NA,"cv_r2",NA,NA,NA,NA,NA,"cz_hnscc_hpv"
"mural_cell","IRF1","rf",782,165,0.915969079720554,0.91804125210128,NA,"oob_r2",-0.0532707428389757,0.0196078431372549,TRUE,0.858496869963223,0.681481481481481,"cz_hnscc_hpv"
"mural_cell","IRF1","lm",782,165,NA,0.901196910068217,NA,"cv_r2",NA,NA,NA,NA,NA,"cz_hnscc_hpv"
"mural_cell","IRF1","ridge",782,165,NA,0.921013273483008,NA,"cv_r2",NA,NA,NA,NA,NA,"cz_hnscc_hpv"
"mural_cell","IRF1","spearman",782,165,NA,0.592784556323342,NA,"cv_r2",NA,NA,NA,NA,NA,"cz_hnscc_hpv"
"mural_cell","FOS","rf",782,165,0.912303501438005,0.909043277946109,NA,"oob_r2",-0.0488786365896864,0.0196078431372549,TRUE,0.848379475032428,0.881481481481481,"cz_hnscc_hpv"
"mural_cell","FOS","lm",782,165,NA,0.882533670405322,NA,"cv_r2",NA,NA,NA,NA,NA,"cz_hnscc_hpv"
"mural_cell","FOS","ridge",782,165,NA,0.902161316212568,NA,"cv_r2",NA,NA,NA,NA,NA,"cz_hnscc_hpv"
"mural_cell","FOS","spearman",782,165,NA,0.681990815354165,NA,"cv_r2",NA,NA,NA,NA,NA,"cz_hnscc_hpv"
"mural_cell","HEY1","rf",782,165,0.932632766826049,0.92968364306642,NA,"oob_r2",-0.0672564609220892,0.0196078431372549,TRUE,0.827238057922748,1,"cz_hnscc_hpv"
"mural_cell","HEY1","lm",782,165,NA,0.940298806802999,NA,"cv_r2",NA,NA,NA,NA,NA,"cz_hnscc_hpv"
"mural_cell","HEY1","ridge",782,165,NA,0.947569996926028,NA,"cv_r2",NA,NA,NA,NA,NA,"cz_hnscc_hpv"
"mural_cell","HEY1","spearman",782,165,NA,0.553960387640395,NA,"cv_r2",NA,NA,NA,NA,NA,"cz_hnscc_hpv"
"mural_cell","MAF","rf",782,165,0.92507937924752,0.924361591525562,NA,"oob_r2",-0.0634770880874069,0.0196078431372549,TRUE,0.837617550764774,0.844444444444444,"cz_hnscc_hpv"
"mural_cell","MAF","lm",782,165,NA,0.927321231050128,NA,"cv_r2",NA,NA,NA,NA,NA,"cz_hnscc_hpv"
"mural_cell","MAF","ridge",782,165,NA,0.93991572625486,NA,"cv_r2",NA,NA,NA,NA,NA,"cz_hnscc_hpv"
"mural_cell","MAF","spearman",782,165,NA,0.652992948543977,NA,"cv_r2",NA,NA,NA,NA,NA,"cz_hnscc_hpv"
"mural_cell","EGR2","rf",782,165,0.9251993188855,0.923651098159489,NA,"oob_r2",-0.0514716094151779,0.0196078431372549,TRUE,0.847370620694159,1,"cz_hnscc_hpv"
"mural_cell","EGR2","lm",782,165,NA,0.909172873757209,NA,"cv_r2",NA,NA,NA,NA,NA,"cz_hnscc_hpv"
"mural_cell","EGR2","ridge",782,165,NA,0.924713918591352,NA,"cv_r2",NA,NA,NA,NA,NA,"cz_hnscc_hpv"
"mural_cell","EGR2","spearman",782,165,NA,0.591182287154237,NA,"cv_r2",NA,NA,NA,NA,NA,"cz_hnscc_hpv"
"mural_cell","BHLHE40","rf",782,165,0.919969785464381,0.91737668864242,NA,"oob_r2",-0.0642113480091774,0.0196078431372549,TRUE,0.820653612231632,0.755555555555556,"cz_hnscc_hpv"
"mural_cell","BHLHE40","lm",782,165,NA,0.905118732684901,NA,"cv_r2",NA,NA,NA,NA,NA,"cz_hnscc_hpv"
"mural_cell","BHLHE40","ridge",782,165,NA,0.920901779651703,NA,"cv_r2",NA,NA,NA,NA,NA,"cz_hnscc_hpv"
"mural_cell","BHLHE40","spearman",782,165,NA,0.66848066235657,NA,"cv_r2",NA,NA,NA,NA,NA,"cz_hnscc_hpv"
"mural_cell","STAT3","rf",782,165,0.928456688410702,0.928180174901393,NA,"oob_r2",-0.0587240585362055,0.0196078431372549,TRUE,0.815447451298171,0.785185185185185,"cz_hnscc_hpv"
"mural_cell","STAT3","lm",782,165,NA,0.917369791431586,NA,"cv_r2",NA,NA,NA,NA,NA,"cz_hnscc_hpv"
"mural_cell","STAT3","ridge",782,165,NA,0.932413437490043,NA,"cv_r2",NA,NA,NA,NA,NA,"cz_hnscc_hpv"
"mural_cell","STAT3","spearman",782,165,NA,0.524433520551028,NA,"cv_r2",NA,NA,NA,NA,NA,"cz_hnscc_hpv"
"mural_cell","NFIB","rf",782,165,0.924367985320028,0.921475011374797,NA,"oob_r2",-0.0489574087561915,0.0196078431372549,TRUE,0.863200681513935,0.933333333333333,"cz_hnscc_hpv"
"mural_cell","NFIB","lm",782,165,NA,0.898809215289682,NA,"cv_r2",NA,NA,NA,NA,NA,"cz_hnscc_hpv"
"mural_cell","NFIB","ridge",782,165,NA,0.916125514238532,NA,"cv_r2",NA,NA,NA,NA,NA,"cz_hnscc_hpv"
"mural_cell","NFIB","spearman",782,165,NA,0.642517464419105,NA,"cv_r2",NA,NA,NA,NA,NA,"cz_hnscc_hpv"
"mural_cell","KLF4","rf",782,165,0.910257337118852,0.908584485164109,NA,"oob_r2",-0.058937987113569,0.0196078431372549,TRUE,0.826325850334079,0.755555555555556,"cz_hnscc_hpv"
"mural_cell","KLF4","lm",782,165,NA,0.876417870295556,NA,"cv_r2",NA,NA,NA,NA,NA,"cz_hnscc_hpv"
"mural_cell","KLF4","ridge",782,165,NA,0.904154517594458,NA,"cv_r2",NA,NA,NA,NA,NA,"cz_hnscc_hpv"
"mural_cell","KLF4","spearman",782,165,NA,0.553748068996048,NA,"cv_r2",NA,NA,NA,NA,NA,"cz_hnscc_hpv"
"mural_cell","TFAP2B","rf",782,165,0.932806201447978,0.930860602871991,NA,"oob_r2",-0.0524616882265655,0.0196078431372549,TRUE,0.837663855718514,1,"cz_hnscc_hpv"
"mural_cell","TFAP2B","lm",782,165,NA,0.922488545748122,NA,"cv_r2",NA,NA,NA,NA,NA,"cz_hnscc_hpv"
"mural_cell","TFAP2B","ridge",782,165,NA,0.935102918976196,NA,"cv_r2",NA,NA,NA,NA,NA,"cz_hnscc_hpv"
"mural_cell","TFAP2B","spearman",782,165,NA,0.69684790549643,NA,"cv_r2",NA,NA,NA,NA,NA,"cz_hnscc_hpv"
"mural_cell","IRF4","rf",782,165,0.918937657460567,0.915447098558974,NA,"oob_r2",-0.0728237980488533,0.0196078431372549,TRUE,0.81773461918628,1,"cz_hnscc_hpv"
"mural_cell","IRF4","lm",782,165,NA,0.909173799742422,NA,"cv_r2",NA,NA,NA,NA,NA,"cz_hnscc_hpv"
"mural_cell","IRF4","ridge",782,165,NA,0.925487664869567,NA,"cv_r2",NA,NA,NA,NA,NA,"cz_hnscc_hpv"
"mural_cell","IRF4","spearman",782,165,NA,0.630742627891058,NA,"cv_r2",NA,NA,NA,NA,NA,"cz_hnscc_hpv"
"mural_cell","EGR1","rf",782,165,0.927598516677404,0.927605862099796,NA,"oob_r2",-0.0543741903327606,0.0196078431372549,TRUE,0.846179158615245,1,"cz_hnscc_hpv"
"mural_cell","EGR1","lm",782,165,NA,0.913029066791248,NA,"cv_r2",NA,NA,NA,NA,NA,"cz_hnscc_hpv"
"mural_cell","EGR1","ridge",782,165,NA,0.926488627723702,NA,"cv_r2",NA,NA,NA,NA,NA,"cz_hnscc_hpv"
"mural_cell","EGR1","spearman",782,165,NA,0.733501734864596,NA,"cv_r2",NA,NA,NA,NA,NA,"cz_hnscc_hpv"
"mural_cell","KLF6","rf",782,165,0.925510138896476,0.915338963158216,NA,"oob_r2",-0.0676808353932656,0.0196078431372549,TRUE,0.816633333036507,0.755555555555556,"cz_hnscc_hpv"
"mural_cell","KLF6","lm",782,165,NA,0.917754094850075,NA,"cv_r2",NA,NA,NA,NA,NA,"cz_hnscc_hpv"
"mural_cell","KLF6","ridge",782,165,NA,0.930609305409978,NA,"cv_r2",NA,NA,NA,NA,NA,"cz_hnscc_hpv"
"mural_cell","KLF6","spearman",782,165,NA,0.657527326767042,NA,"cv_r2",NA,NA,NA,NA,NA,"cz_hnscc_hpv"
"mural_cell","FOXS1","rf",782,165,0.930848076306613,0.927374709308744,NA,"oob_r2",-0.055369488634902,0.0196078431372549,TRUE,0.818926496822471,1,"cz_hnscc_hpv"
"mural_cell","FOXS1","lm",782,165,NA,0.919269875137604,NA,"cv_r2",NA,NA,NA,NA,NA,"cz_hnscc_hpv"
"mural_cell","FOXS1","ridge",782,165,NA,0.934060918115712,NA,"cv_r2",NA,NA,NA,NA,NA,"cz_hnscc_hpv"
"mural_cell","FOXS1","spearman",782,165,NA,0.68086765439601,NA,"cv_r2",NA,NA,NA,NA,NA,"cz_hnscc_hpv"
"mural_cell","ETS1","rf",782,165,0.935673685127771,0.932442682936909,NA,"oob_r2",-0.0535799792004782,0.0196078431372549,TRUE,0.832358673422441,0.874074074074074,"cz_hnscc_hpv"
"mural_cell","ETS1","lm",782,165,NA,0.933820702215233,NA,"cv_r2",NA,NA,NA,NA,NA,"cz_hnscc_hpv"
"mural_cell","ETS1","ridge",782,165,NA,0.943801921767094,NA,"cv_r2",NA,NA,NA,NA,NA,"cz_hnscc_hpv"
"mural_cell","ETS1","spearman",782,165,NA,0.620460620841763,NA,"cv_r2",NA,NA,NA,NA,NA,"cz_hnscc_hpv"
"endothelial_cell","SMAD1","rf",894,193,0.939637881210937,0.937129901725504,NA,"oob_r2",-0.0525806994395297,0.0196078431372549,TRUE,0.887915346105681,0.764021164021164,"cz_hnscc_hpv"
"endothelial_cell","SMAD1","lm",894,193,NA,0.945374139633445,NA,"cv_r2",NA,NA,NA,NA,NA,"cz_hnscc_hpv"
"endothelial_cell","SMAD1","ridge",894,193,NA,0.95508730386703,NA,"cv_r2",NA,NA,NA,NA,NA,"cz_hnscc_hpv"
"endothelial_cell","SMAD1","spearman",894,193,NA,0.682487172263335,NA,"cv_r2",NA,NA,NA,NA,NA,"cz_hnscc_hpv"
"endothelial_cell","BCL3","rf",894,193,0.955567543689133,0.953357191154207,NA,"oob_r2",-0.0459104539482012,0.0196078431372549,TRUE,0.854244713304726,0.711111111111111,"cz_hnscc_hpv"
"endothelial_cell","BCL3","lm",894,193,NA,0.952789619223174,NA,"cv_r2",NA,NA,NA,NA,NA,"cz_hnscc_hpv"
"endothelial_cell","BCL3","ridge",894,193,NA,0.958166358327867,NA,"cv_r2",NA,NA,NA,NA,NA,"cz_hnscc_hpv"
"endothelial_cell","BCL3","spearman",894,193,NA,0.814449432278237,NA,"cv_r2",NA,NA,NA,NA,NA,"cz_hnscc_hpv"
"endothelial_cell","BHLHE41","rf",894,193,0.943332333117509,0.941110979918735,NA,"oob_r2",-0.0579207406039269,0.0196078431372549,TRUE,0.853230811803738,0.774603174603175,"cz_hnscc_hpv"
"endothelial_cell","BHLHE41","lm",894,193,NA,0.939673710167729,NA,"cv_r2",NA,NA,NA,NA,NA,"cz_hnscc_hpv"
"endothelial_cell","BHLHE41","ridge",894,193,NA,0.948264343881241,NA,"cv_r2",NA,NA,NA,NA,NA,"cz_hnscc_hpv"
"endothelial_cell","BHLHE41","spearman",894,193,NA,0.706001369339391,NA,"cv_r2",NA,NA,NA,NA,NA,"cz_hnscc_hpv"
"endothelial_cell","NPAS3","rf",894,193,0.959549384951028,0.956852746884769,NA,"oob_r2",-0.0584117207090199,0.0196078431372549,TRUE,0.847002178183739,0.767195767195767,"cz_hnscc_hpv"
"endothelial_cell","NPAS3","lm",894,193,NA,0.953367057668789,NA,"cv_r2",NA,NA,NA,NA,NA,"cz_hnscc_hpv"
"endothelial_cell","NPAS3","ridge",894,193,NA,0.959251109502939,NA,"cv_r2",NA,NA,NA,NA,NA,"cz_hnscc_hpv"
"endothelial_cell","NPAS3","spearman",894,193,NA,0.759106760774221,NA,"cv_r2",NA,NA,NA,NA,NA,"cz_hnscc_hpv"
"endothelial_cell","ETS2","rf",894,193,0.945085343478097,0.941463085371345,NA,"oob_r2",-0.0563453568443219,0.0196078431372549,TRUE,0.859161391841604,0.82962962962963,"cz_hnscc_hpv"
"endothelial_cell","ETS2","lm",894,193,NA,0.945772819838469,NA,"cv_r2",NA,NA,NA,NA,NA,"cz_hnscc_hpv"
"endothelial_cell","ETS2","ridge",894,193,NA,0.949960707600194,NA,"cv_r2",NA,NA,NA,NA,NA,"cz_hnscc_hpv"
"endothelial_cell","ETS2","spearman",894,193,NA,0.747709010723888,NA,"cv_r2",NA,NA,NA,NA,NA,"cz_hnscc_hpv"
"endothelial_cell","RARG","rf",894,193,0.957135569672922,0.953189477555036,NA,"oob_r2",-0.0435508342921472,0.0196078431372549,TRUE,0.836802105775451,0.822222222222222,"cz_hnscc_hpv"
"endothelial_cell","RARG","lm",894,193,NA,0.948297285910071,NA,"cv_r2",NA,NA,NA,NA,NA,"cz_hnscc_hpv"
"endothelial_cell","RARG","ridge",894,193,NA,0.954353687542162,NA,"cv_r2",NA,NA,NA,NA,NA,"cz_hnscc_hpv"
"endothelial_cell","RARG","spearman",894,193,NA,0.806305347231862,NA,"cv_r2",NA,NA,NA,NA,NA,"cz_hnscc_hpv"
"endothelial_cell","EGR2","rf",894,193,0.95427219204455,0.94975495930033,NA,"oob_r2",-0.0637892199416936,0.0196078431372549,TRUE,0.876005740730849,0.874074074074074,"cz_hnscc_hpv"
"endothelial_cell","EGR2","lm",894,193,NA,0.953452407542484,NA,"cv_r2",NA,NA,NA,NA,NA,"cz_hnscc_hpv"
"endothelial_cell","EGR2","ridge",894,193,NA,0.956527972324479,NA,"cv_r2",NA,NA,NA,NA,NA,"cz_hnscc_hpv"
"endothelial_cell","EGR2","spearman",894,193,NA,0.635870541166027,NA,"cv_r2",NA,NA,NA,NA,NA,"cz_hnscc_hpv"
"endothelial_cell","NR2F2","rf",894,193,0.953208532386619,0.95206828880564,NA,"oob_r2",-0.05689908347236,0.0196078431372549,TRUE,0.801779715589742,0.744973544973545,"cz_hnscc_hpv"
"endothelial_cell","NR2F2","lm",894,193,NA,0.956539488448699,NA,"cv_r2",NA,NA,NA,NA,NA,"cz_hnscc_hpv"
"endothelial_cell","NR2F2","ridge",894,193,NA,0.958702015489214,NA,"cv_r2",NA,NA,NA,NA,NA,"cz_hnscc_hpv"
"endothelial_cell","NR2F2","spearman",894,193,NA,0.832454485813566,NA,"cv_r2",NA,NA,NA,NA,NA,"cz_hnscc_hpv"
"endothelial_cell","EGR1","rf",894,193,0.935449999473593,0.931383758261112,NA,"oob_r2",-0.0658421796683675,0.0196078431372549,TRUE,0.873641825282363,0.77037037037037,"cz_hnscc_hpv"
"endothelial_cell","EGR1","lm",894,193,NA,0.927469048026063,NA,"cv_r2",NA,NA,NA,NA,NA,"cz_hnscc_hpv"
"endothelial_cell","EGR1","ridge",894,193,NA,0.941542274460373,NA,"cv_r2",NA,NA,NA,NA,NA,"cz_hnscc_hpv"
"endothelial_cell","EGR1","spearman",894,193,NA,0.728920124990656,NA,"cv_r2",NA,NA,NA,NA,NA,"cz_hnscc_hpv"
"endothelial_cell","NR4A1","rf",894,193,0.936102938930699,0.93323635476474,NA,"oob_r2",-0.05126625455675,0.0196078431372549,TRUE,0.86047946750233,0.933333333333333,"cz_hnscc_hpv"
"endothelial_cell","NR4A1","lm",894,193,NA,0.927605130621777,NA,"cv_r2",NA,NA,NA,NA,NA,"cz_hnscc_hpv"
"endothelial_cell","NR4A1","ridge",894,193,NA,0.938032160720702,NA,"cv_r2",NA,NA,NA,NA,NA,"cz_hnscc_hpv"
"endothelial_cell","NR4A1","spearman",894,193,NA,0.683176128086106,NA,"cv_r2",NA,NA,NA,NA,NA,"cz_hnscc_hpv"
"endothelial_cell","KLF4","rf",894,193,0.945893077441462,0.940657589324791,NA,"oob_r2",-0.0505417506673577,0.0196078431372549,TRUE,0.864005105674554,1,"cz_hnscc_hpv"
"endothelial_cell","KLF4","lm",894,193,NA,0.935607929965007,NA,"cv_r2",NA,NA,NA,NA,NA,"cz_hnscc_hpv"
"endothelial_cell","KLF4","ridge",894,193,NA,0.946879163024989,NA,"cv_r2",NA,NA,NA,NA,NA,"cz_hnscc_hpv"
"endothelial_cell","KLF4","spearman",894,193,NA,0.745951008313004,NA,"cv_r2",NA,NA,NA,NA,NA,"cz_hnscc_hpv"
"endothelial_cell","MAFB","rf",894,193,0.949678939438662,0.945499484401417,NA,"oob_r2",-0.0592108283598392,0.0196078431372549,TRUE,0.868361732813418,0.785185185185185,"cz_hnscc_hpv"
"endothelial_cell","MAFB","lm",894,193,NA,0.932490767305025,NA,"cv_r2",NA,NA,NA,NA,NA,"cz_hnscc_hpv"
"endothelial_cell","MAFB","ridge",894,193,NA,0.942733142784836,NA,"cv_r2",NA,NA,NA,NA,NA,"cz_hnscc_hpv"
"endothelial_cell","MAFB","spearman",894,193,NA,0.675132873690192,NA,"cv_r2",NA,NA,NA,NA,NA,"cz_hnscc_hpv"
"endothelial_cell","GATA2","rf",894,193,0.946065422600766,0.944924777627987,NA,"oob_r2",-0.0495002111079453,0.0196078431372549,TRUE,0.86239109081305,0.768253968253968,"cz_hnscc_hpv"
"endothelial_cell","GATA2","lm",894,193,NA,0.931229761129195,NA,"cv_r2",NA,NA,NA,NA,NA,"cz_hnscc_hpv"
"endothelial_cell","GATA2","ridge",894,193,NA,0.938611825959586,NA,"cv_r2",NA,NA,NA,NA,NA,"cz_hnscc_hpv"
"endothelial_cell","GATA2","spearman",894,193,NA,0.782301481922158,NA,"cv_r2",NA,NA,NA,NA,NA,"cz_hnscc_hpv"
"endothelial_cell","FOXC1","rf",894,193,0.931758897962407,0.930795812002584,NA,"oob_r2",-0.0601497456022724,0.0196078431372549,TRUE,0.860052955979322,0.753439153439153,"cz_hnscc_hpv"
"endothelial_cell","FOXC1","lm",894,193,NA,0.92332159522662,NA,"cv_r2",NA,NA,NA,NA,NA,"cz_hnscc_hpv"
"endothelial_cell","FOXC1","ridge",894,193,NA,0.935402520521217,NA,"cv_r2",NA,NA,NA,NA,NA,"cz_hnscc_hpv"
"endothelial_cell","FOXC1","spearman",894,193,NA,0.574073685097381,NA,"cv_r2",NA,NA,NA,NA,NA,"cz_hnscc_hpv"
"endothelial_cell","JUND","rf",894,193,0.943218573147767,0.938880603473057,NA,"oob_r2",-0.0625712835294784,0.0196078431372549,TRUE,0.879758025746488,0.881481481481481,"cz_hnscc_hpv"
"endothelial_cell","JUND","lm",894,193,NA,0.937179292416971,NA,"cv_r2",NA,NA,NA,NA,NA,"cz_hnscc_hpv"
"endothelial_cell","JUND","ridge",894,193,NA,0.946670628714756,NA,"cv_r2",NA,NA,NA,NA,NA,"cz_hnscc_hpv"
"endothelial_cell","JUND","spearman",894,193,NA,0.545119840605167,NA,"cv_r2",NA,NA,NA,NA,NA,"cz_hnscc_hpv"
"endothelial_cell","PAX5","rf",894,193,0.949894207054517,0.947825082841687,NA,"oob_r2",-0.0610132506132556,0.0196078431372549,TRUE,0.861431755188766,0.82962962962963,"cz_hnscc_hpv"
"endothelial_cell","PAX5","lm",894,193,NA,0.950477760427507,NA,"cv_r2",NA,NA,NA,NA,NA,"cz_hnscc_hpv"
"endothelial_cell","PAX5","ridge",894,193,NA,0.957128896097057,NA,"cv_r2",NA,NA,NA,NA,NA,"cz_hnscc_hpv"
"endothelial_cell","PAX5","spearman",894,193,NA,0.575533352765474,NA,"cv_r2",NA,NA,NA,NA,NA,"cz_hnscc_hpv"
"endothelial_cell","THRA","rf",894,193,0.913826391174934,0.910250958494574,NA,"oob_r2",-0.0569485526451331,0.0196078431372549,TRUE,0.877119129438717,0.933333333333333,"cz_hnscc_hpv"
"endothelial_cell","THRA","lm",894,193,NA,0.896727660148033,NA,"cv_r2",NA,NA,NA,NA,NA,"cz_hnscc_hpv"
"endothelial_cell","THRA","ridge",894,193,NA,0.91238305875294,NA,"cv_r2",NA,NA,NA,NA,NA,"cz_hnscc_hpv"
"endothelial_cell","THRA","spearman",894,193,NA,0.681017435168055,NA,"cv_r2",NA,NA,NA,NA,NA,"cz_hnscc_hpv"
"endothelial_cell","CEBPB","rf",894,193,0.950244849421563,0.946259403674028,NA,"oob_r2",-0.060903268798109,0.0196078431372549,TRUE,0.866794456908166,0.648677248677249,"cz_hnscc_hpv"
"endothelial_cell","CEBPB","lm",894,193,NA,0.935481405736346,NA,"cv_r2",NA,NA,NA,NA,NA,"cz_hnscc_hpv"
"endothelial_cell","CEBPB","ridge",894,193,NA,0.948017745490142,NA,"cv_r2",NA,NA,NA,NA,NA,"cz_hnscc_hpv"
"endothelial_cell","CEBPB","spearman",894,193,NA,0.679775180608527,NA,"cv_r2",NA,NA,NA,NA,NA,"cz_hnscc_hpv"
"endothelial_cell","EHF","rf",894,193,0.926320369904905,0.921116128484811,NA,"oob_r2",-0.0521385602549196,0.0196078431372549,TRUE,0.863787027639787,0.785185185185185,"cz_hnscc_hpv"
"endothelial_cell","EHF","lm",894,193,NA,0.897465404828907,NA,"cv_r2",NA,NA,NA,NA,NA,"cz_hnscc_hpv"
"endothelial_cell","EHF","ridge",894,193,NA,0.91816095311636,NA,"cv_r2",NA,NA,NA,NA,NA,"cz_hnscc_hpv"
"endothelial_cell","EHF","spearman",894,193,NA,0.607482348099328,NA,"cv_r2",NA,NA,NA,NA,NA,"cz_hnscc_hpv"
"endothelial_cell","MAFF","rf",894,193,0.917487844541959,0.910817982941628,NA,"oob_r2",-0.0533608245530524,0.0196078431372549,TRUE,0.870928406305456,0.748148148148148,"cz_hnscc_hpv"
"endothelial_cell","MAFF","lm",894,193,NA,0.901864956889366,NA,"cv_r2",NA,NA,NA,NA,NA,"cz_hnscc_hpv"
"endothelial_cell","MAFF","ridge",894,193,NA,0.921643446503486,NA,"cv_r2",NA,NA,NA,NA,NA,"cz_hnscc_hpv"
"endothelial_cell","MAFF","spearman",894,193,NA,0.676861227101837,NA,"cv_r2",NA,NA,NA,NA,NA,"cz_hnscc_hpv"
"endothelial_cell","ELK3","rf",894,193,0.912568641527564,0.907397121057544,NA,"oob_r2",-0.0443304575046365,0.0196078431372549,TRUE,0.886331266432824,0.82962962962963,"cz_hnscc_hpv"
"endothelial_cell","ELK3","lm",894,193,NA,0.900264405693826,NA,"cv_r2",NA,NA,NA,NA,NA,"cz_hnscc_hpv"
"endothelial_cell","ELK3","ridge",894,193,NA,0.916746869487227,NA,"cv_r2",NA,NA,NA,NA,NA,"cz_hnscc_hpv"
"endothelial_cell","ELK3","spearman",894,193,NA,0.562067137361678,NA,"cv_r2",NA,NA,NA,NA,NA,"cz_hnscc_hpv"
"endothelial_cell","ZNF423","rf",894,193,0.937522062927547,0.93061249338785,NA,"oob_r2",-0.0537518979276038,0.0196078431372549,TRUE,0.874730991340681,0.706878306878307,"cz_hnscc_hpv"
"endothelial_cell","ZNF423","lm",894,193,NA,0.901718882087163,NA,"cv_r2",NA,NA,NA,NA,NA,"cz_hnscc_hpv"
"endothelial_cell","ZNF423","ridge",894,193,NA,0.92752318849873,NA,"cv_r2",NA,NA,NA,NA,NA,"cz_hnscc_hpv"
"endothelial_cell","ZNF423","spearman",894,193,NA,0.654229767828961,NA,"cv_r2",NA,NA,NA,NA,NA,"cz_hnscc_hpv"
"endothelial_cell","KLF10","rf",894,193,0.9414455556961,0.933631943032211,NA,"oob_r2",-0.0627144392975303,0.0196078431372549,TRUE,0.889767655455252,0.637566137566138,"cz_hnscc_hpv"
"endothelial_cell","KLF10","lm",894,193,NA,0.922585550935193,NA,"cv_r2",NA,NA,NA,NA,NA,"cz_hnscc_hpv"
"endothelial_cell","KLF10","ridge",894,193,NA,0.930932915809725,NA,"cv_r2",NA,NA,NA,NA,NA,"cz_hnscc_hpv"
"endothelial_cell","KLF10","spearman",894,193,NA,0.69932413661897,NA,"cv_r2",NA,NA,NA,NA,NA,"cz_hnscc_hpv"
"endothelial_cell","ID1","rf",894,193,0.949522688001728,0.946322978415572,NA,"oob_r2",-0.0565288427693123,0.0196078431372549,TRUE,0.83425205057897,0.814814814814815,"cz_hnscc_hpv"
"endothelial_cell","ID1","lm",894,193,NA,0.944030186886391,NA,"cv_r2",NA,NA,NA,NA,NA,"cz_hnscc_hpv"
"endothelial_cell","ID1","ridge",894,193,NA,0.951382941010345,NA,"cv_r2",NA,NA,NA,NA,NA,"cz_hnscc_hpv"
"endothelial_cell","ID1","spearman",894,193,NA,0.777339238731347,NA,"cv_r2",NA,NA,NA,NA,NA,"cz_hnscc_hpv"
"endothelial_cell","KLF8","rf",894,193,0.919273486070658,0.911878938258149,NA,"oob_r2",-0.0609429801377423,0.0196078431372549,TRUE,0.880641985530213,0.656084656084656,"cz_hnscc_hpv"
"endothelial_cell","KLF8","lm",894,193,NA,0.883386346071598,NA,"cv_r2",NA,NA,NA,NA,NA,"cz_hnscc_hpv"
"endothelial_cell","KLF8","ridge",894,193,NA,0.908532753693298,NA,"cv_r2",NA,NA,NA,NA,NA,"cz_hnscc_hpv"
"endothelial_cell","KLF8","spearman",894,193,NA,0.588555633840961,NA,"cv_r2",NA,NA,NA,NA,NA,"cz_hnscc_hpv"
"endothelial_cell","NPAS2","rf",894,193,0.951733481662449,0.951113040239941,NA,"oob_r2",-0.0471802893756328,0.0196078431372549,TRUE,0.875682388761284,1,"cz_hnscc_hpv"
"endothelial_cell","NPAS2","lm",894,193,NA,0.94781814303064,NA,"cv_r2",NA,NA,NA,NA,NA,"cz_hnscc_hpv"
"endothelial_cell","NPAS2","ridge",894,193,NA,0.95163959152286,NA,"cv_r2",NA,NA,NA,NA,NA,"cz_hnscc_hpv"
"endothelial_cell","NPAS2","spearman",894,193,NA,0.732395151119915,NA,"cv_r2",NA,NA,NA,NA,NA,"cz_hnscc_hpv"
"endothelial_cell","FOSB","rf",894,193,0.943363356965616,0.937395442637621,NA,"oob_r2",-0.0533935409374186,0.0196078431372549,TRUE,0.873418368558185,1,"cz_hnscc_hpv"
"endothelial_cell","FOSB","lm",894,193,NA,0.908686147322556,NA,"cv_r2",NA,NA,NA,NA,NA,"cz_hnscc_hpv"
"endothelial_cell","FOSB","ridge",894,193,NA,0.929190380260756,NA,"cv_r2",NA,NA,NA,NA,NA,"cz_hnscc_hpv"
"endothelial_cell","FOSB","spearman",894,193,NA,0.727486335426042,NA,"cv_r2",NA,NA,NA,NA,NA,"cz_hnscc_hpv"
"endothelial_cell","RARB","rf",894,193,0.933913681566072,0.923166604317804,NA,"oob_r2",-0.0473841292762642,0.0196078431372549,TRUE,0.827436583397136,0.676190476190476,"cz_hnscc_hpv"
"endothelial_cell","RARB","lm",894,193,NA,0.913958663397144,NA,"cv_r2",NA,NA,NA,NA,NA,"cz_hnscc_hpv"
"endothelial_cell","RARB","ridge",894,193,NA,0.925703356110443,NA,"cv_r2",NA,NA,NA,NA,NA,"cz_hnscc_hpv"
"endothelial_cell","RARB","spearman",894,193,NA,0.770165973430317,NA,"cv_r2",NA,NA,NA,NA,NA,"cz_hnscc_hpv"
"endothelial_cell","ATOH8","rf",894,193,0.908783281468748,0.90116191002865,NA,"oob_r2",-0.0545071193437607,0.0196078431372549,TRUE,0.870344874146087,0.933333333333333,"cz_hnscc_hpv"
"endothelial_cell","ATOH8","lm",894,193,NA,0.908178389959409,NA,"cv_r2",NA,NA,NA,NA,NA,"cz_hnscc_hpv"
"endothelial_cell","ATOH8","ridge",894,193,NA,0.918782341891766,NA,"cv_r2",NA,NA,NA,NA,NA,"cz_hnscc_hpv"
"endothelial_cell","ATOH8","spearman",894,193,NA,0.580769053567393,NA,"cv_r2",NA,NA,NA,NA,NA,"cz_hnscc_hpv"
"endothelial_cell","EGR3","rf",894,193,0.935331562507571,0.933011848518385,NA,"oob_r2",-0.0583942773349718,0.0196078431372549,TRUE,0.854340491070634,0.755555555555556,"cz_hnscc_hpv"
"endothelial_cell","EGR3","lm",894,193,NA,0.925667174686522,NA,"cv_r2",NA,NA,NA,NA,NA,"cz_hnscc_hpv"
"endothelial_cell","EGR3","ridge",894,193,NA,0.937009489359629,NA,"cv_r2",NA,NA,NA,NA,NA,"cz_hnscc_hpv"
"endothelial_cell","EGR3","spearman",894,193,NA,0.788371931969282,NA,"cv_r2",NA,NA,NA,NA,NA,"cz_hnscc_hpv"
"endothelial_cell","STAT2","rf",894,193,0.869016543534121,0.868524887368517,NA,"oob_r2",-0.0576115593062455,0.0196078431372549,TRUE,0.856629587094706,0.658201058201058,"cz_hnscc_hpv"
"endothelial_cell","STAT2","lm",894,193,NA,0.846340300995084,NA,"cv_r2",NA,NA,NA,NA,NA,"cz_hnscc_hpv"
"endothelial_cell","STAT2","ridge",894,193,NA,0.870637039805185,NA,"cv_r2",NA,NA,NA,NA,NA,"cz_hnscc_hpv"
"endothelial_cell","STAT2","spearman",894,193,NA,0.524931200350416,NA,"cv_r2",NA,NA,NA,NA,NA,"cz_hnscc_hpv"
"endothelial_cell","SOX2","rf",894,193,0.91515677779547,0.90714773725943,NA,"oob_r2",-0.0606136917896343,0.0196078431372549,TRUE,0.834519946405997,0.881481481481482,"cz_hnscc_hpv"
"endothelial_cell","SOX2","lm",894,193,NA,0.871434131746964,NA,"cv_r2",NA,NA,NA,NA,NA,"cz_hnscc_hpv"
"endothelial_cell","SOX2","ridge",894,193,NA,0.8918400319072,NA,"cv_r2",NA,NA,NA,NA,NA,"cz_hnscc_hpv"
"endothelial_cell","SOX2","spearman",894,193,NA,0.639490976386156,NA,"cv_r2",NA,NA,NA,NA,NA,"cz_hnscc_hpv"
"endothelial_cell","ENO1","rf",894,193,0.952075742364511,0.949753402202068,NA,"oob_r2",-0.0516126811627057,0.0196078431372549,TRUE,0.862127868881648,0.933333333333333,"cz_hnscc_hpv"
"endothelial_cell","ENO1","lm",894,193,NA,0.946094274055705,NA,"cv_r2",NA,NA,NA,NA,NA,"cz_hnscc_hpv"
"endothelial_cell","ENO1","ridge",894,193,NA,0.946801188130499,NA,"cv_r2",NA,NA,NA,NA,NA,"cz_hnscc_hpv"
"endothelial_cell","ENO1","spearman",894,193,NA,0.805927567419946,NA,"cv_r2",NA,NA,NA,NA,NA,"cz_hnscc_hpv"
"endothelial_cell","CEBPD","rf",894,193,0.916582069525507,0.915325252077598,NA,"oob_r2",-0.0581056867385165,0.0196078431372549,TRUE,0.848388544652767,0.734391534391534,"cz_hnscc_hpv"
"endothelial_cell","CEBPD","lm",894,193,NA,0.903571417731711,NA,"cv_r2",NA,NA,NA,NA,NA,"cz_hnscc_hpv"
"endothelial_cell","CEBPD","ridge",894,193,NA,0.9156392679053,NA,"cv_r2",NA,NA,NA,NA,NA,"cz_hnscc_hpv"
"endothelial_cell","CEBPD","spearman",894,193,NA,0.687075356364756,NA,"cv_r2",NA,NA,NA,NA,NA,"cz_hnscc_hpv"
"endothelial_cell","POU2F2","rf",894,193,0.921185916478928,0.915816114378339,NA,"oob_r2",-0.0569710016544859,0.0196078431372549,TRUE,0.857307153582726,0.933333333333333,"cz_hnscc_hpv"
"endothelial_cell","POU2F2","lm",894,193,NA,0.891619394983185,NA,"cv_r2",NA,NA,NA,NA,NA,"cz_hnscc_hpv"
"endothelial_cell","POU2F2","ridge",894,193,NA,0.909131672628929,NA,"cv_r2",NA,NA,NA,NA,NA,"cz_hnscc_hpv"
"endothelial_cell","POU2F2","spearman",894,193,NA,0.611089330135821,NA,"cv_r2",NA,NA,NA,NA,NA,"cz_hnscc_hpv"
"endothelial_cell","JUN","rf",894,193,0.880372082072778,0.87298536855133,NA,"oob_r2",-0.0624501936505127,0.0196078431372549,TRUE,0.881111192718813,0.762962962962963,"cz_hnscc_hpv"
"endothelial_cell","JUN","lm",894,193,NA,0.863684282355669,NA,"cv_r2",NA,NA,NA,NA,NA,"cz_hnscc_hpv"
"endothelial_cell","JUN","ridge",894,193,NA,0.887146969906217,NA,"cv_r2",NA,NA,NA,NA,NA,"cz_hnscc_hpv"
"endothelial_cell","JUN","spearman",894,193,NA,0.508468829798114,NA,"cv_r2",NA,NA,NA,NA,NA,"cz_hnscc_hpv"
"endothelial_cell","NR4A3","rf",894,193,0.914179951011781,0.911263963327044,NA,"oob_r2",-0.053112280025178,0.0196078431372549,TRUE,0.877036075055345,0.785185185185185,"cz_hnscc_hpv"
"endothelial_cell","NR4A3","lm",894,193,NA,0.877722283364227,NA,"cv_r2",NA,NA,NA,NA,NA,"cz_hnscc_hpv"
"endothelial_cell","NR4A3","ridge",894,193,NA,0.905221312362615,NA,"cv_r2",NA,NA,NA,NA,NA,"cz_hnscc_hpv"
"endothelial_cell","NR4A3","spearman",894,193,NA,0.698776655950204,NA,"cv_r2",NA,NA,NA,NA,NA,"cz_hnscc_hpv"
"endothelial_cell","POU3F1","rf",894,193,0.920457515612317,0.909975967978063,NA,"oob_r2",-0.0546668743781532,0.0196078431372549,TRUE,0.869156814391444,0.622222222222222,"cz_hnscc_hpv"
"endothelial_cell","POU3F1","lm",894,193,NA,0.895532631991038,NA,"cv_r2",NA,NA,NA,NA,NA,"cz_hnscc_hpv"
"endothelial_cell","POU3F1","ridge",894,193,NA,0.911682694320713,NA,"cv_r2",NA,NA,NA,NA,NA,"cz_hnscc_hpv"
"endothelial_cell","POU3F1","spearman",894,193,NA,0.679544836844233,NA,"cv_r2",NA,NA,NA,NA,NA,"cz_hnscc_hpv"
"endothelial_cell","FOS","rf",894,193,0.758712491100373,0.743966615137119,NA,"oob_r2",-0.0589460686185759,0.0196078431372549,TRUE,0.880040499676537,0.771428571428571,"cz_hnscc_hpv"
"endothelial_cell","FOS","lm",894,193,NA,0.651138347465591,NA,"cv_r2",NA,NA,NA,NA,NA,"cz_hnscc_hpv"
"endothelial_cell","FOS","ridge",894,193,NA,0.698317626810415,NA,"cv_r2",NA,NA,NA,NA,NA,"cz_hnscc_hpv"
"endothelial_cell","FOS","spearman",894,193,NA,0.20484515368016,NA,"cv_r2",NA,NA,NA,NA,NA,"cz_hnscc_hpv"
"endothelial_cell","AHR","rf",894,193,0.938516250894851,0.93497057826115,NA,"oob_r2",-0.070799641062858,0.0196078431372549,TRUE,0.852518524948216,0.71005291005291,"cz_hnscc_hpv"
"endothelial_cell","AHR","lm",894,193,NA,0.914643702813801,NA,"cv_r2",NA,NA,NA,NA,NA,"cz_hnscc_hpv"
"endothelial_cell","AHR","ridge",894,193,NA,0.931841450627187,NA,"cv_r2",NA,NA,NA,NA,NA,"cz_hnscc_hpv"
"endothelial_cell","AHR","spearman",894,193,NA,0.64645090648626,NA,"cv_r2",NA,NA,NA,NA,NA,"cz_hnscc_hpv"
"endothelial_cell","JUNB","rf",894,193,0.835311577109779,0.822808411670906,NA,"oob_r2",-0.0552333264005414,0.0196078431372549,TRUE,0.877453275881512,1,"cz_hnscc_hpv"
"endothelial_cell","JUNB","lm",894,193,NA,0.831810011720856,NA,"cv_r2",NA,NA,NA,NA,NA,"cz_hnscc_hpv"
"endothelial_cell","JUNB","ridge",894,193,NA,0.853858811044107,NA,"cv_r2",NA,NA,NA,NA,NA,"cz_hnscc_hpv"
"endothelial_cell","JUNB","spearman",894,193,NA,0.515295779087165,NA,"cv_r2",NA,NA,NA,NA,NA,"cz_hnscc_hpv"
"endothelial_cell","HIVEP3","rf",894,193,0.912195296040802,0.910398291928624,NA,"oob_r2",-0.0515868530738318,0.0196078431372549,TRUE,0.826817292226792,0.874074074074074,"cz_hnscc_hpv"
"endothelial_cell","HIVEP3","lm",894,193,NA,0.883730610565712,NA,"cv_r2",NA,NA,NA,NA,NA,"cz_hnscc_hpv"
"endothelial_cell","HIVEP3","ridge",894,193,NA,0.907755498686562,NA,"cv_r2",NA,NA,NA,NA,NA,"cz_hnscc_hpv"
"endothelial_cell","HIVEP3","spearman",894,193,NA,0.740940365290115,NA,"cv_r2",NA,NA,NA,NA,NA,"cz_hnscc_hpv"
"endothelial_cell","BDP1","rf",894,193,0.878691569879222,0.87519148917642,NA,"oob_r2",-0.0515361352380807,0.0196078431372549,TRUE,0.861921104641846,1,"cz_hnscc_hpv"
"endothelial_cell","BDP1","lm",894,193,NA,0.861469326229802,NA,"cv_r2",NA,NA,NA,NA,NA,"cz_hnscc_hpv"
"endothelial_cell","BDP1","ridge",894,193,NA,0.890357064136099,NA,"cv_r2",NA,NA,NA,NA,NA,"cz_hnscc_hpv"
"endothelial_cell","BDP1","spearman",894,193,NA,0.558664983928729,NA,"cv_r2",NA,NA,NA,NA,NA,"cz_hnscc_hpv"
"endothelial_cell","ELF3","rf",894,193,0.877393955835536,0.870369726568462,NA,"oob_r2",-0.0529334245557756,0.0196078431372549,TRUE,0.858931629067773,0.82962962962963,"cz_hnscc_hpv"
"endothelial_cell","ELF3","lm",894,193,NA,0.855846167360453,NA,"cv_r2",NA,NA,NA,NA,NA,"cz_hnscc_hpv"
"endothelial_cell","ELF3","ridge",894,193,NA,0.876010792869689,NA,"cv_r2",NA,NA,NA,NA,NA,"cz_hnscc_hpv"
"endothelial_cell","ELF3","spearman",894,193,NA,0.60970623638788,NA,"cv_r2",NA,NA,NA,NA,NA,"cz_hnscc_hpv"
"endothelial_cell","NFATC2","rf",894,193,0.901285816377692,0.891219262420011,NA,"oob_r2",-0.0562889932573634,0.0196078431372549,TRUE,0.829592213735021,0.82962962962963,"cz_hnscc_hpv"
"endothelial_cell","NFATC2","lm",894,193,NA,0.865697343277689,NA,"cv_r2",NA,NA,NA,NA,NA,"cz_hnscc_hpv"
"endothelial_cell","NFATC2","ridge",894,193,NA,0.879140115011356,NA,"cv_r2",NA,NA,NA,NA,NA,"cz_hnscc_hpv"
"endothelial_cell","NFATC2","spearman",894,193,NA,0.550080560706516,NA,"cv_r2",NA,NA,NA,NA,NA,"cz_hnscc_hpv"
"endothelial_cell","SP100","rf",894,193,0.897731429848744,0.886548643815391,NA,"oob_r2",-0.0479071226083064,0.0196078431372549,TRUE,0.850684614425868,0.874074074074074,"cz_hnscc_hpv"
"endothelial_cell","SP100","lm",894,193,NA,0.851029673164083,NA,"cv_r2",NA,NA,NA,NA,NA,"cz_hnscc_hpv"
"endothelial_cell","SP100","ridge",894,193,NA,0.870731974934047,NA,"cv_r2",NA,NA,NA,NA,NA,"cz_hnscc_hpv"
"endothelial_cell","SP100","spearman",894,193,NA,0.579126376018603,NA,"cv_r2",NA,NA,NA,NA,NA,"cz_hnscc_hpv"
"endothelial_cell","E2F1","rf",894,193,0.551187702543235,0.572690184309775,NA,"oob_r2",-0.122112931018232,0.0196078431372549,TRUE,0.571181835312691,0.531481481481481,"cz_hnscc_hpv"
"endothelial_cell","E2F1","lm",894,193,NA,0.299697665499371,NA,"cv_r2",NA,NA,NA,NA,NA,"cz_hnscc_hpv"
"endothelial_cell","E2F1","ridge",894,193,NA,0.403888162997683,NA,"cv_r2",NA,NA,NA,NA,NA,"cz_hnscc_hpv"
"endothelial_cell","E2F1","spearman",894,193,NA,0.0861528741025517,NA,"cv_r2",NA,NA,NA,NA,NA,"cz_hnscc_hpv"
"endothelial_cell","HES5","rf",894,193,0.895630711361399,0.898037805701642,NA,"oob_r2",-0.0624885877441214,0.0196078431372549,TRUE,0.831183230062497,1,"cz_hnscc_hpv"
"endothelial_cell","HES5","lm",894,193,NA,0.871940618898375,NA,"cv_r2",NA,NA,NA,NA,NA,"cz_hnscc_hpv"
"endothelial_cell","HES5","ridge",894,193,NA,0.888087873597118,NA,"cv_r2",NA,NA,NA,NA,NA,"cz_hnscc_hpv"
"endothelial_cell","HES5","spearman",894,193,NA,0.568229266689894,NA,"cv_r2",NA,NA,NA,NA,NA,"cz_hnscc_hpv"
"endothelial_cell","HLX","rf",894,193,0.845169740901711,0.830660095032732,NA,"oob_r2",-0.0639870095128965,0.0196078431372549,TRUE,0.799029981185715,0.670899470899471,"cz_hnscc_hpv"
"endothelial_cell","HLX","lm",894,193,NA,0.76224365242094,NA,"cv_r2",NA,NA,NA,NA,NA,"cz_hnscc_hpv"
"endothelial_cell","HLX","ridge",894,193,NA,0.80266852002237,NA,"cv_r2",NA,NA,NA,NA,NA,"cz_hnscc_hpv"
"endothelial_cell","HLX","spearman",894,193,NA,0.552409315519781,NA,"cv_r2",NA,NA,NA,NA,NA,"cz_hnscc_hpv"
"endothelial_cell","LEF1","rf",894,193,0.894419760941413,0.884510308027122,NA,"oob_r2",-0.0574857400841772,0.0196078431372549,TRUE,0.866658802651805,0.881481481481481,"cz_hnscc_hpv"
"endothelial_cell","LEF1","lm",894,193,NA,0.883057331470403,NA,"cv_r2",NA,NA,NA,NA,NA,"cz_hnscc_hpv"
"endothelial_cell","LEF1","ridge",894,193,NA,0.896102701832339,NA,"cv_r2",NA,NA,NA,NA,NA,"cz_hnscc_hpv"
"endothelial_cell","LEF1","spearman",894,193,NA,0.494990398996472,NA,"cv_r2",NA,NA,NA,NA,NA,"cz_hnscc_hpv"
"endothelial_cell","KLF2","rf",894,193,0.898786250980258,0.894435353692884,NA,"oob_r2",-0.0555496299339562,0.0196078431372549,TRUE,0.869504611577017,0.678306878306878,"cz_hnscc_hpv"
"endothelial_cell","KLF2","lm",894,193,NA,0.864431514175665,NA,"cv_r2",NA,NA,NA,NA,NA,"cz_hnscc_hpv"
"endothelial_cell","KLF2","ridge",894,193,NA,0.892531835846116,NA,"cv_r2",NA,NA,NA,NA,NA,"cz_hnscc_hpv"
"endothelial_cell","KLF2","spearman",894,193,NA,0.572134283933201,NA,"cv_r2",NA,NA,NA,NA,NA,"cz_hnscc_hpv"
"endothelial_cell","SOX7","rf",894,193,0.895408417692599,0.892816172967867,NA,"oob_r2",-0.048285297677498,0.0196078431372549,TRUE,0.83332847396566,1,"cz_hnscc_hpv"
"endothelial_cell","SOX7","lm",894,193,NA,0.860176166068119,NA,"cv_r2",NA,NA,NA,NA,NA,"cz_hnscc_hpv"
"endothelial_cell","SOX7","ridge",894,193,NA,0.876631566073448,NA,"cv_r2",NA,NA,NA,NA,NA,"cz_hnscc_hpv"
"endothelial_cell","SOX7","spearman",894,193,NA,0.699259926155711,NA,"cv_r2",NA,NA,NA,NA,NA,"cz_hnscc_hpv"
"endothelial_cell","ZFHX3","rf",894,193,0.86960346150145,0.859003732497961,NA,"oob_r2",-0.0620678931695355,0.0196078431372549,TRUE,0.82453479900765,0.819047619047619,"cz_hnscc_hpv"
"endothelial_cell","ZFHX3","lm",894,193,NA,0.829892897521967,NA,"cv_r2",NA,NA,NA,NA,NA,"cz_hnscc_hpv"
"endothelial_cell","ZFHX3","ridge",894,193,NA,0.858378036419276,NA,"cv_r2",NA,NA,NA,NA,NA,"cz_hnscc_hpv"
"endothelial_cell","ZFHX3","spearman",894,193,NA,0.656719717477934,NA,"cv_r2",NA,NA,NA,NA,NA,"cz_hnscc_hpv"
"endothelial_cell","MEOX2","rf",894,193,0.913489807313191,0.913371810209213,NA,"oob_r2",-0.0474539354867373,0.0196078431372549,TRUE,0.852790204405035,1,"cz_hnscc_hpv"
"endothelial_cell","MEOX2","lm",894,193,NA,0.88216118344446,NA,"cv_r2",NA,NA,NA,NA,NA,"cz_hnscc_hpv"
"endothelial_cell","MEOX2","ridge",894,193,NA,0.898755137398726,NA,"cv_r2",NA,NA,NA,NA,NA,"cz_hnscc_hpv"
"endothelial_cell","MEOX2","spearman",894,193,NA,0.674007165300767,NA,"cv_r2",NA,NA,NA,NA,NA,"cz_hnscc_hpv"
"endothelial_cell","BCL11A","rf",894,193,0.845759363416623,0.826585054713528,NA,"oob_r2",-0.0779015978878063,0.0196078431372549,TRUE,0.82052593195995,0.881481481481481,"cz_hnscc_hpv"
"endothelial_cell","BCL11A","lm",894,193,NA,0.774923417751295,NA,"cv_r2",NA,NA,NA,NA,NA,"cz_hnscc_hpv"
"endothelial_cell","BCL11A","ridge",894,193,NA,0.805652446385135,NA,"cv_r2",NA,NA,NA,NA,NA,"cz_hnscc_hpv"
"endothelial_cell","BCL11A","spearman",894,193,NA,0.388777825371966,NA,"cv_r2",NA,NA,NA,NA,NA,"cz_hnscc_hpv"
"endothelial_cell","ARHGEF12","rf",894,193,0.882302589252561,0.876765095142404,NA,"oob_r2",-0.0626556587420925,0.0196078431372549,TRUE,0.847196256135415,0.738624338624339,"cz_hnscc_hpv"
"endothelial_cell","ARHGEF12","lm",894,193,NA,0.858482203360712,NA,"cv_r2",NA,NA,NA,NA,NA,"cz_hnscc_hpv"
"endothelial_cell","ARHGEF12","ridge",894,193,NA,0.882676095537733,NA,"cv_r2",NA,NA,NA,NA,NA,"cz_hnscc_hpv"
"endothelial_cell","ARHGEF12","spearman",894,193,NA,0.61163134553412,NA,"cv_r2",NA,NA,NA,NA,NA,"cz_hnscc_hpv"
"endothelial_cell","NFAT5","rf",894,193,0.92270911931701,0.916717877821359,NA,"oob_r2",-0.0521986065959886,0.0196078431372549,TRUE,0.857829925098968,1,"cz_hnscc_hpv"
"endothelial_cell","NFAT5","lm",894,193,NA,0.911375208446302,NA,"cv_r2",NA,NA,NA,NA,NA,"cz_hnscc_hpv"
"endothelial_cell","NFAT5","ridge",894,193,NA,0.915039905777879,NA,"cv_r2",NA,NA,NA,NA,NA,"cz_hnscc_hpv"
"endothelial_cell","NFAT5","spearman",894,193,NA,0.716504040916973,NA,"cv_r2",NA,NA,NA,NA,NA,"cz_hnscc_hpv"
"endothelial_cell","CREM","rf",894,193,0.92372482335144,0.920386171112619,NA,"oob_r2",-0.0652744652170614,0.0196078431372549,TRUE,0.856724400405961,0.816931216931217,"cz_hnscc_hpv"
"endothelial_cell","CREM","lm",894,193,NA,0.917127213480178,NA,"cv_r2",NA,NA,NA,NA,NA,"cz_hnscc_hpv"
"endothelial_cell","CREM","ridge",894,193,NA,0.92382181385043,NA,"cv_r2",NA,NA,NA,NA,NA,"cz_hnscc_hpv"
"endothelial_cell","CREM","spearman",894,193,NA,0.598054419877094,NA,"cv_r2",NA,NA,NA,NA,NA,"cz_hnscc_hpv"
"endothelial_cell","TBX2","rf",894,193,0.903204576529201,0.900907634208635,NA,"oob_r2",-0.0641471123815915,0.0196078431372549,TRUE,0.845487798906754,1,"cz_hnscc_hpv"
"endothelial_cell","TBX2","lm",894,193,NA,0.875679904500093,NA,"cv_r2",NA,NA,NA,NA,NA,"cz_hnscc_hpv"
"endothelial_cell","TBX2","ridge",894,193,NA,0.893393672206384,NA,"cv_r2",NA,NA,NA,NA,NA,"cz_hnscc_hpv"
"endothelial_cell","TBX2","spearman",894,193,NA,0.498429863053353,NA,"cv_r2",NA,NA,NA,NA,NA,"cz_hnscc_hpv"
"endothelial_cell","MEF2C","rf",894,193,0.944123109034583,0.941011298918315,NA,"oob_r2",-0.0575868019886558,0.0196078431372549,TRUE,0.852869030025699,0.632804232804233,"cz_hnscc_hpv"
"endothelial_cell","MEF2C","lm",894,193,NA,0.943798128456224,NA,"cv_r2",NA,NA,NA,NA,NA,"cz_hnscc_hpv"
"endothelial_cell","MEF2C","ridge",894,193,NA,0.945873608977621,NA,"cv_r2",NA,NA,NA,NA,NA,"cz_hnscc_hpv"
"endothelial_cell","MEF2C","spearman",894,193,NA,0.683714590166792,NA,"cv_r2",NA,NA,NA,NA,NA,"cz_hnscc_hpv"
"endothelial_cell","YBX1","rf",894,193,0.878854866150232,0.880154842358049,NA,"oob_r2",-0.0553173871691394,0.0196078431372549,TRUE,0.854727014819959,0.844444444444444,"cz_hnscc_hpv"
"endothelial_cell","YBX1","lm",894,193,NA,0.824657875583491,NA,"cv_r2",NA,NA,NA,NA,NA,"cz_hnscc_hpv"
"endothelial_cell","YBX1","ridge",894,193,NA,0.849616699860048,NA,"cv_r2",NA,NA,NA,NA,NA,"cz_hnscc_hpv"
"endothelial_cell","YBX1","spearman",894,193,NA,0.621262594679788,NA,"cv_r2",NA,NA,NA,NA,NA,"cz_hnscc_hpv"
"endothelial_cell","MSX1","rf",894,193,0.927132019037128,0.92424670811734,NA,"oob_r2",-0.0631801936695679,0.0196078431372549,TRUE,0.866832256111675,0.757671957671958,"cz_hnscc_hpv"
"endothelial_cell","MSX1","lm",894,193,NA,0.906754112594014,NA,"cv_r2",NA,NA,NA,NA,NA,"cz_hnscc_hpv"
"endothelial_cell","MSX1","ridge",894,193,NA,0.921369092927477,NA,"cv_r2",NA,NA,NA,NA,NA,"cz_hnscc_hpv"
"endothelial_cell","MSX1","spearman",894,193,NA,0.622210857359863,NA,"cv_r2",NA,NA,NA,NA,NA,"cz_hnscc_hpv"
"endothelial_cell","SOX18","rf",894,193,0.937646350443388,0.932127236124077,NA,"oob_r2",-0.0485455103413959,0.0196078431372549,TRUE,0.817479479372541,0.822222222222222,"cz_hnscc_hpv"
"endothelial_cell","SOX18","lm",894,193,NA,0.916326505180317,NA,"cv_r2",NA,NA,NA,NA,NA,"cz_hnscc_hpv"
"endothelial_cell","SOX18","ridge",894,193,NA,0.93089541804976,NA,"cv_r2",NA,NA,NA,NA,NA,"cz_hnscc_hpv"
"endothelial_cell","SOX18","spearman",894,193,NA,0.737758635315807,NA,"cv_r2",NA,NA,NA,NA,NA,"cz_hnscc_hpv"
"endothelial_cell","BCL6B","rf",894,193,0.917850639565941,0.91688698263348,NA,"oob_r2",-0.0686548503325669,0.0196078431372549,TRUE,0.864746956774626,0.643386243386243,"cz_hnscc_hpv"
"endothelial_cell","BCL6B","lm",894,193,NA,0.871903812215774,NA,"cv_r2",NA,NA,NA,NA,NA,"cz_hnscc_hpv"
"endothelial_cell","BCL6B","ridge",894,193,NA,0.902176410222196,NA,"cv_r2",NA,NA,NA,NA,NA,"cz_hnscc_hpv"
"endothelial_cell","BCL6B","spearman",894,193,NA,0.665604350040547,NA,"cv_r2",NA,NA,NA,NA,NA,"cz_hnscc_hpv"
"endothelial_cell","NFIA","rf",894,193,0.924870563710699,0.919608751894773,NA,"oob_r2",-0.0639552809150249,0.0196078431372549,TRUE,0.887383931591973,0.881481481481482,"cz_hnscc_hpv"
"endothelial_cell","NFIA","lm",894,193,NA,0.924476397605915,NA,"cv_r2",NA,NA,NA,NA,NA,"cz_hnscc_hpv"
"endothelial_cell","NFIA","ridge",894,193,NA,0.936115804669511,NA,"cv_r2",NA,NA,NA,NA,NA,"cz_hnscc_hpv"
"endothelial_cell","NFIA","spearman",894,193,NA,0.52715343625975,NA,"cv_r2",NA,NA,NA,NA,NA,"cz_hnscc_hpv"
"endothelial_cell","ID3","rf",894,193,0.931353784298206,0.927947673017756,NA,"oob_r2",-0.0580127282187898,0.0196078431372549,TRUE,0.83476684679712,1,"cz_hnscc_hpv"
"endothelial_cell","ID3","lm",894,193,NA,0.938474552223627,NA,"cv_r2",NA,NA,NA,NA,NA,"cz_hnscc_hpv"
"endothelial_cell","ID3","ridge",894,193,NA,0.946646295685752,NA,"cv_r2",NA,NA,NA,NA,NA,"cz_hnscc_hpv"
"endothelial_cell","ID3","spearman",894,193,NA,0.590520405382956,NA,"cv_r2",NA,NA,NA,NA,NA,"cz_hnscc_hpv"
"endothelial_cell","HEY1","rf",894,193,0.938150472777716,0.930960319293772,NA,"oob_r2",-0.0670898601939007,0.0196078431372549,TRUE,0.851143138424467,0.933333333333333,"cz_hnscc_hpv"
"endothelial_cell","HEY1","lm",894,193,NA,0.924417954274366,NA,"cv_r2",NA,NA,NA,NA,NA,"cz_hnscc_hpv"
"endothelial_cell","HEY1","ridge",894,193,NA,0.933891586690473,NA,"cv_r2",NA,NA,NA,NA,NA,"cz_hnscc_hpv"
"endothelial_cell","HEY1","spearman",894,193,NA,0.65130368768272,NA,"cv_r2",NA,NA,NA,NA,NA,"cz_hnscc_hpv"
"endothelial_cell","MECOM","rf",894,193,0.938491474314805,0.936608993206063,NA,"oob_r2",-0.0572220535641286,0.0196078431372549,TRUE,0.857120271946537,0.696296296296296,"cz_hnscc_hpv"
"endothelial_cell","MECOM","lm",894,193,NA,0.918222064749281,NA,"cv_r2",NA,NA,NA,NA,NA,"cz_hnscc_hpv"
"endothelial_cell","MECOM","ridge",894,193,NA,0.932871769423206,NA,"cv_r2",NA,NA,NA,NA,NA,"cz_hnscc_hpv"
"endothelial_cell","MECOM","spearman",894,193,NA,0.600961173792285,NA,"cv_r2",NA,NA,NA,NA,NA,"cz_hnscc_hpv"
"endothelial_cell","ZBTB16","rf",894,193,0.926240170008787,0.920593865395043,NA,"oob_r2",-0.0534779155067542,0.0196078431372549,TRUE,0.867076114761201,1,"cz_hnscc_hpv"
"endothelial_cell","ZBTB16","lm",894,193,NA,0.90395802059639,NA,"cv_r2",NA,NA,NA,NA,NA,"cz_hnscc_hpv"
"endothelial_cell","ZBTB16","ridge",894,193,NA,0.922550270087936,NA,"cv_r2",NA,NA,NA,NA,NA,"cz_hnscc_hpv"
"endothelial_cell","ZBTB16","spearman",894,193,NA,0.611754986376172,NA,"cv_r2",NA,NA,NA,NA,NA,"cz_hnscc_hpv"
"endothelial_cell","IRF6","rf",894,193,0.928701129129831,0.925106939985021,NA,"oob_r2",-0.0539513000530322,0.0196078431372549,TRUE,0.856578582281336,1,"cz_hnscc_hpv"
"endothelial_cell","IRF6","lm",894,193,NA,0.910314765350754,NA,"cv_r2",NA,NA,NA,NA,NA,"cz_hnscc_hpv"
"endothelial_cell","IRF6","ridge",894,193,NA,0.919484501890822,NA,"cv_r2",NA,NA,NA,NA,NA,"cz_hnscc_hpv"
"endothelial_cell","IRF6","spearman",894,193,NA,0.769045050970643,NA,"cv_r2",NA,NA,NA,NA,NA,"cz_hnscc_hpv"
"endothelial_cell","TFAP2A","rf",894,193,0.806053776057312,0.796615085166557,NA,"oob_r2",-0.0703784975297015,0.0196078431372549,TRUE,0.732928447851195,0.681481481481481,"cz_hnscc_hpv"
"endothelial_cell","TFAP2A","lm",894,193,NA,0.759255486366929,NA,"cv_r2",NA,NA,NA,NA,NA,"cz_hnscc_hpv"
"endothelial_cell","TFAP2A","ridge",894,193,NA,0.807670712123899,NA,"cv_r2",NA,NA,NA,NA,NA,"cz_hnscc_hpv"
"endothelial_cell","TFAP2A","spearman",894,193,NA,0.485037101549283,NA,"cv_r2",NA,NA,NA,NA,NA,"cz_hnscc_hpv"
"endothelial_cell","XBP1","rf",894,193,0.955598392502545,0.953599491442137,NA,"oob_r2",-0.0714036428120811,0.0196078431372549,TRUE,0.855063683682614,0.874074074074074,"cz_hnscc_hpv"
"endothelial_cell","XBP1","lm",894,193,NA,0.951258555365001,NA,"cv_r2",NA,NA,NA,NA,NA,"cz_hnscc_hpv"
"endothelial_cell","XBP1","ridge",894,193,NA,0.955872113963607,NA,"cv_r2",NA,NA,NA,NA,NA,"cz_hnscc_hpv"
"endothelial_cell","XBP1","spearman",894,193,NA,0.587639125683218,NA,"cv_r2",NA,NA,NA,NA,NA,"cz_hnscc_hpv"
"endothelial_cell","ID4","rf",894,193,0.953212985189799,0.950946333574188,NA,"oob_r2",-0.0595728785081076,0.0196078431372549,TRUE,0.851949237042181,0.762962962962963,"cz_hnscc_hpv"
"endothelial_cell","ID4","lm",894,193,NA,0.955505063591235,NA,"cv_r2",NA,NA,NA,NA,NA,"cz_hnscc_hpv"
"endothelial_cell","ID4","ridge",894,193,NA,0.959980859537736,NA,"cv_r2",NA,NA,NA,NA,NA,"cz_hnscc_hpv"
"endothelial_cell","ID4","spearman",894,193,NA,0.671837126813718,NA,"cv_r2",NA,NA,NA,NA,NA,"cz_hnscc_hpv"
"endothelial_cell","HIF1A","rf",894,193,0.90890360791322,0.902460763136845,NA,"oob_r2",-0.0592945564123706,0.0196078431372549,TRUE,0.880321675302245,1,"cz_hnscc_hpv"
"endothelial_cell","HIF1A","lm",894,193,NA,0.897044874179226,NA,"cv_r2",NA,NA,NA,NA,NA,"cz_hnscc_hpv"
"endothelial_cell","HIF1A","ridge",894,193,NA,0.909676803119765,NA,"cv_r2",NA,NA,NA,NA,NA,"cz_hnscc_hpv"
"endothelial_cell","HIF1A","spearman",894,193,NA,0.623183904235996,NA,"cv_r2",NA,NA,NA,NA,NA,"cz_hnscc_hpv"
"endothelial_cell","ID2","rf",894,193,0.946526789608435,0.945509366115054,NA,"oob_r2",-0.049895737226026,0.0196078431372549,TRUE,0.851954801203639,0.826455026455026,"cz_hnscc_hpv"
"endothelial_cell","ID2","lm",894,193,NA,0.948388231801437,NA,"cv_r2",NA,NA,NA,NA,NA,"cz_hnscc_hpv"
"endothelial_cell","ID2","ridge",894,193,NA,0.951160134684995,NA,"cv_r2",NA,NA,NA,NA,NA,"cz_hnscc_hpv"
"endothelial_cell","ID2","spearman",894,193,NA,0.722364990413394,NA,"cv_r2",NA,NA,NA,NA,NA,"cz_hnscc_hpv"
"endothelial_cell","KLF9","rf",894,193,0.919277389435399,0.91523580960478,NA,"oob_r2",-0.0718392175719242,0.0196078431372549,TRUE,0.878318985215652,0.881481481481481,"cz_hnscc_hpv"
"endothelial_cell","KLF9","lm",894,193,NA,0.910453782211186,NA,"cv_r2",NA,NA,NA,NA,NA,"cz_hnscc_hpv"
"endothelial_cell","KLF9","ridge",894,193,NA,0.918230913261695,NA,"cv_r2",NA,NA,NA,NA,NA,"cz_hnscc_hpv"
"endothelial_cell","KLF9","spearman",894,193,NA,0.586303039967146,NA,"cv_r2",NA,NA,NA,NA,NA,"cz_hnscc_hpv"
"endothelial_cell","LMO2","rf",894,193,0.928534372469748,0.9302323851648,NA,"oob_r2",-0.0631696012304988,0.0196078431372549,TRUE,0.867094291021966,1,"cz_hnscc_hpv"
"endothelial_cell","LMO2","lm",894,193,NA,0.927510147417028,NA,"cv_r2",NA,NA,NA,NA,NA,"cz_hnscc_hpv"
"endothelial_cell","LMO2","ridge",894,193,NA,0.938120419997674,NA,"cv_r2",NA,NA,NA,NA,NA,"cz_hnscc_hpv"
"endothelial_cell","LMO2","spearman",894,193,NA,0.560064709692088,NA,"cv_r2",NA,NA,NA,NA,NA,"cz_hnscc_hpv"
"endothelial_cell","TCF15","rf",894,193,0.937849636726227,0.935798496282327,NA,"oob_r2",-0.0562645980406612,0.0196078431372549,TRUE,0.858477074171014,0.755555555555556,"cz_hnscc_hpv"
"endothelial_cell","TCF15","lm",894,193,NA,0.923223284801239,NA,"cv_r2",NA,NA,NA,NA,NA,"cz_hnscc_hpv"
"endothelial_cell","TCF15","ridge",894,193,NA,0.931727420940856,NA,"cv_r2",NA,NA,NA,NA,NA,"cz_hnscc_hpv"
"endothelial_cell","TCF15","spearman",894,193,NA,0.668080178155715,NA,"cv_r2",NA,NA,NA,NA,NA,"cz_hnscc_hpv"
"endothelial_cell","SMAD2","rf",894,193,0.92936835781721,0.929358656415452,NA,"oob_r2",-0.0491057216738564,0.0196078431372549,TRUE,0.875495729691553,0.82962962962963,"cz_hnscc_hpv"
"endothelial_cell","SMAD2","lm",894,193,NA,0.92175101411641,NA,"cv_r2",NA,NA,NA,NA,NA,"cz_hnscc_hpv"
"endothelial_cell","SMAD2","ridge",894,193,NA,0.935744381750691,NA,"cv_r2",NA,NA,NA,NA,NA,"cz_hnscc_hpv"
"endothelial_cell","SMAD2","spearman",894,193,NA,0.675501085255587,NA,"cv_r2",NA,NA,NA,NA,NA,"cz_hnscc_hpv"
"endothelial_cell","SOX17","rf",894,193,0.944177937238052,0.938668338902337,NA,"oob_r2",-0.0508322196043322,0.0196078431372549,TRUE,0.836196576631115,0.82962962962963,"cz_hnscc_hpv"
"endothelial_cell","SOX17","lm",894,193,NA,0.933232402448972,NA,"cv_r2",NA,NA,NA,NA,NA,"cz_hnscc_hpv"
"endothelial_cell","SOX17","ridge",894,193,NA,0.942534165840131,NA,"cv_r2",NA,NA,NA,NA,NA,"cz_hnscc_hpv"
"endothelial_cell","SOX17","spearman",894,193,NA,0.738485498964051,NA,"cv_r2",NA,NA,NA,NA,NA,"cz_hnscc_hpv"
"endothelial_cell","KLF3","rf",894,193,0.933915846752267,0.929390918621926,NA,"oob_r2",-0.0593729312882445,0.0196078431372549,TRUE,0.866852212904107,0.602116402116402,"cz_hnscc_hpv"
"endothelial_cell","KLF3","lm",894,193,NA,0.925832246542965,NA,"cv_r2",NA,NA,NA,NA,NA,"cz_hnscc_hpv"
"endothelial_cell","KLF3","ridge",894,193,NA,0.931184196240699,NA,"cv_r2",NA,NA,NA,NA,NA,"cz_hnscc_hpv"
"endothelial_cell","KLF3","spearman",894,193,NA,0.616808168603694,NA,"cv_r2",NA,NA,NA,NA,NA,"cz_hnscc_hpv"
"endothelial_cell","PRDM16","rf",894,193,0.941640059832022,0.936644837489001,NA,"oob_r2",-0.0662123939397757,0.0196078431372549,TRUE,0.8759437559722,0.819047619047619,"cz_hnscc_hpv"
"endothelial_cell","PRDM16","lm",894,193,NA,0.944346364720027,NA,"cv_r2",NA,NA,NA,NA,NA,"cz_hnscc_hpv"
"endothelial_cell","PRDM16","ridge",894,193,NA,0.952390558072739,NA,"cv_r2",NA,NA,NA,NA,NA,"cz_hnscc_hpv"
"endothelial_cell","PRDM16","spearman",894,193,NA,0.625273946054336,NA,"cv_r2",NA,NA,NA,NA,NA,"cz_hnscc_hpv"
"endothelial_cell","ZBTB7A","rf",894,193,0.937603862515478,0.933623170117362,NA,"oob_r2",-0.0667918530636944,0.0196078431372549,TRUE,0.879250277466185,0.933333333333333,"cz_hnscc_hpv"
"endothelial_cell","ZBTB7A","lm",894,193,NA,0.920859654837184,NA,"cv_r2",NA,NA,NA,NA,NA,"cz_hnscc_hpv"
"endothelial_cell","ZBTB7A","ridge",894,193,NA,0.93481632823724,NA,"cv_r2",NA,NA,NA,NA,NA,"cz_hnscc_hpv"
"endothelial_cell","ZBTB7A","spearman",894,193,NA,0.549791058248808,NA,"cv_r2",NA,NA,NA,NA,NA,"cz_hnscc_hpv"
"endothelial_cell","NR4A2","rf",894,193,0.932473492111821,0.926496978452991,NA,"oob_r2",-0.0617790368949923,0.0196078431372549,TRUE,0.876827678661515,0.933333333333333,"cz_hnscc_hpv"
"endothelial_cell","NR4A2","lm",894,193,NA,0.920956572454806,NA,"cv_r2",NA,NA,NA,NA,NA,"cz_hnscc_hpv"
"endothelial_cell","NR4A2","ridge",894,193,NA,0.936641243714335,NA,"cv_r2",NA,NA,NA,NA,NA,"cz_hnscc_hpv"
"endothelial_cell","NR4A2","spearman",894,193,NA,0.695196265501269,NA,"cv_r2",NA,NA,NA,NA,NA,"cz_hnscc_hpv"
"endothelial_cell","EPAS1","rf",894,193,0.952390707309291,0.94960810054757,NA,"oob_r2",-0.0644335130024247,0.0196078431372549,TRUE,0.871732093786538,0.933333333333333,"cz_hnscc_hpv"
"endothelial_cell","EPAS1","lm",894,193,NA,0.937365503365591,NA,"cv_r2",NA,NA,NA,NA,NA,"cz_hnscc_hpv"
"endothelial_cell","EPAS1","ridge",894,193,NA,0.948858861602605,NA,"cv_r2",NA,NA,NA,NA,NA,"cz_hnscc_hpv"
"endothelial_cell","EPAS1","spearman",894,193,NA,0.612235225225613,NA,"cv_r2",NA,NA,NA,NA,NA,"cz_hnscc_hpv"
"endothelial_cell","SNAI1","rf",894,193,0.921275097832794,0.914713521337998,NA,"oob_r2",-0.04618058511993,0.0196078431372549,TRUE,0.871194929639324,1,"cz_hnscc_hpv"
"endothelial_cell","SNAI1","lm",894,193,NA,0.908757504920646,NA,"cv_r2",NA,NA,NA,NA,NA,"cz_hnscc_hpv"
"endothelial_cell","SNAI1","ridge",894,193,NA,0.918604939805367,NA,"cv_r2",NA,NA,NA,NA,NA,"cz_hnscc_hpv"
"endothelial_cell","SNAI1","spearman",894,193,NA,0.67333599988718,NA,"cv_r2",NA,NA,NA,NA,NA,"cz_hnscc_hpv"
"endothelial_cell","TCF4","rf",894,193,0.949540333726897,0.942251861620686,NA,"oob_r2",-0.0626193905381657,0.0196078431372549,TRUE,0.890381419558547,0.822222222222222,"cz_hnscc_hpv"
"endothelial_cell","TCF4","lm",894,193,NA,0.936664744819185,NA,"cv_r2",NA,NA,NA,NA,NA,"cz_hnscc_hpv"
"endothelial_cell","TCF4","ridge",894,193,NA,0.945154654512569,NA,"cv_r2",NA,NA,NA,NA,NA,"cz_hnscc_hpv"
"endothelial_cell","TCF4","spearman",894,193,NA,0.657973085784827,NA,"cv_r2",NA,NA,NA,NA,NA,"cz_hnscc_hpv"
"endothelial_cell","ATF3","rf",894,193,0.917296350309535,0.907867830027733,NA,"oob_r2",-0.0569067207135894,0.0196078431372549,TRUE,0.88296001519387,0.822222222222222,"cz_hnscc_hpv"
"endothelial_cell","ATF3","lm",894,193,NA,0.918423027939155,NA,"cv_r2",NA,NA,NA,NA,NA,"cz_hnscc_hpv"
"endothelial_cell","ATF3","ridge",894,193,NA,0.927703709343475,NA,"cv_r2",NA,NA,NA,NA,NA,"cz_hnscc_hpv"
"endothelial_cell","ATF3","spearman",894,193,NA,0.593731352118813,NA,"cv_r2",NA,NA,NA,NA,NA,"cz_hnscc_hpv"
"endothelial_cell","IRF1","rf",894,193,0.903337785371177,0.895624022830976,NA,"oob_r2",-0.0477303112900967,0.0196078431372549,TRUE,0.885902047017906,0.8,"cz_hnscc_hpv"
"endothelial_cell","IRF1","lm",894,193,NA,0.874964298489691,NA,"cv_r2",NA,NA,NA,NA,NA,"cz_hnscc_hpv"
"endothelial_cell","IRF1","ridge",894,193,NA,0.899592107516471,NA,"cv_r2",NA,NA,NA,NA,NA,"cz_hnscc_hpv"
"endothelial_cell","IRF1","spearman",894,193,NA,0.702044721340369,NA,"cv_r2",NA,NA,NA,NA,NA,"cz_hnscc_hpv"
"endothelial_cell","FOXP1","rf",894,193,0.935950527961656,0.934437074843312,NA,"oob_r2",-0.074235562316159,0.0196078431372549,TRUE,0.837587802467817,0.740740740740741,"cz_hnscc_hpv"
"endothelial_cell","FOXP1","lm",894,193,NA,0.934089292066811,NA,"cv_r2",NA,NA,NA,NA,NA,"cz_hnscc_hpv"
"endothelial_cell","FOXP1","ridge",894,193,NA,0.941322314424644,NA,"cv_r2",NA,NA,NA,NA,NA,"cz_hnscc_hpv"
"endothelial_cell","FOXP1","spearman",894,193,NA,0.74804424663958,NA,"cv_r2",NA,NA,NA,NA,NA,"cz_hnscc_hpv"
"endothelial_cell","RORA","rf",894,193,0.942184355798872,0.937363658137438,NA,"oob_r2",-0.0554026410767752,0.0196078431372549,TRUE,0.851185388957143,0.77989417989418,"cz_hnscc_hpv"
"endothelial_cell","RORA","lm",894,193,NA,0.92043434521175,NA,"cv_r2",NA,NA,NA,NA,NA,"cz_hnscc_hpv"
"endothelial_cell","RORA","ridge",894,193,NA,0.932966276468687,NA,"cv_r2",NA,NA,NA,NA,NA,"cz_hnscc_hpv"
"endothelial_cell","RORA","spearman",894,193,NA,0.746920155724611,NA,"cv_r2",NA,NA,NA,NA,NA,"cz_hnscc_hpv"
"endothelial_cell","MEF2A","rf",894,193,0.947581366736745,0.947000674143426,NA,"oob_r2",-0.0592441436245043,0.0196078431372549,TRUE,0.875209064093205,1,"cz_hnscc_hpv"
"endothelial_cell","MEF2A","lm",894,193,NA,0.954233581630508,NA,"cv_r2",NA,NA,NA,NA,NA,"cz_hnscc_hpv"
"endothelial_cell","MEF2A","ridge",894,193,NA,0.957951175017688,NA,"cv_r2",NA,NA,NA,NA,NA,"cz_hnscc_hpv"
"endothelial_cell","MEF2A","spearman",894,193,NA,0.660878692020131,NA,"cv_r2",NA,NA,NA,NA,NA,"cz_hnscc_hpv"
"endothelial_cell","NFIB","rf",894,193,0.945660568557578,0.945394045494964,NA,"oob_r2",-0.0684034704723001,0.0196078431372549,TRUE,0.847391261447335,0.933333333333333,"cz_hnscc_hpv"
"endothelial_cell","NFIB","lm",894,193,NA,0.946577532260879,NA,"cv_r2",NA,NA,NA,NA,NA,"cz_hnscc_hpv"
"endothelial_cell","NFIB","ridge",894,193,NA,0.95585682797845,NA,"cv_r2",NA,NA,NA,NA,NA,"cz_hnscc_hpv"
"endothelial_cell","NFIB","spearman",894,193,NA,0.718556947202714,NA,"cv_r2",NA,NA,NA,NA,NA,"cz_hnscc_hpv"
"endothelial_cell","FOXS1","rf",894,193,0.960068461738814,0.958637424752311,NA,"oob_r2",-0.0551839101532464,0.0196078431372549,TRUE,0.873141013656678,0.785185185185185,"cz_hnscc_hpv"
"endothelial_cell","FOXS1","lm",894,193,NA,0.94641916500548,NA,"cv_r2",NA,NA,NA,NA,NA,"cz_hnscc_hpv"
"endothelial_cell","FOXS1","ridge",894,193,NA,0.954102602882957,NA,"cv_r2",NA,NA,NA,NA,NA,"cz_hnscc_hpv"
"endothelial_cell","FOXS1","spearman",894,193,NA,0.736842696726701,NA,"cv_r2",NA,NA,NA,NA,NA,"cz_hnscc_hpv"
"endothelial_cell","BHLHE40","rf",894,193,0.940129762957365,0.938246705736454,NA,"oob_r2",-0.0569337244487561,0.0196078431372549,TRUE,0.875277243618278,1,"cz_hnscc_hpv"
"endothelial_cell","BHLHE40","lm",894,193,NA,0.936470846676527,NA,"cv_r2",NA,NA,NA,NA,NA,"cz_hnscc_hpv"
"endothelial_cell","BHLHE40","ridge",894,193,NA,0.947978931871599,NA,"cv_r2",NA,NA,NA,NA,NA,"cz_hnscc_hpv"
"endothelial_cell","BHLHE40","spearman",894,193,NA,0.614564319931213,NA,"cv_r2",NA,NA,NA,NA,NA,"cz_hnscc_hpv"
"endothelial_cell","BATF","rf",894,193,0.961517848933363,0.961858291824394,NA,"oob_r2",-0.0592645382715231,0.0196078431372549,TRUE,0.875912596668032,1,"cz_hnscc_hpv"
"endothelial_cell","BATF","lm",894,193,NA,0.961236953855778,NA,"cv_r2",NA,NA,NA,NA,NA,"cz_hnscc_hpv"
"endothelial_cell","BATF","ridge",894,193,NA,0.965280832319088,NA,"cv_r2",NA,NA,NA,NA,NA,"cz_hnscc_hpv"
"endothelial_cell","BATF","spearman",894,193,NA,0.700678302704668,NA,"cv_r2",NA,NA,NA,NA,NA,"cz_hnscc_hpv"
"endothelial_cell","ZBTB33","rf",894,193,0.943522672346253,0.939833076127929,NA,"oob_r2",-0.0649568551250487,0.0196078431372549,TRUE,0.869426861694235,0.740740740740741,"cz_hnscc_hpv"
"endothelial_cell","ZBTB33","lm",894,193,NA,0.958600054266831,NA,"cv_r2",NA,NA,NA,NA,NA,"cz_hnscc_hpv"
"endothelial_cell","ZBTB33","ridge",894,193,NA,0.963401826021311,NA,"cv_r2",NA,NA,NA,NA,NA,"cz_hnscc_hpv"
"endothelial_cell","ZBTB33","spearman",894,193,NA,0.697739921425921,NA,"cv_r2",NA,NA,NA,NA,NA,"cz_hnscc_hpv"
"endothelial_cell","CTCFL","rf",894,193,0.943656702039214,0.940146651089073,NA,"oob_r2",-0.0574086004982641,0.0196078431372549,TRUE,0.880311771094849,1,"cz_hnscc_hpv"
"endothelial_cell","CTCFL","lm",894,193,NA,0.940245878424076,NA,"cv_r2",NA,NA,NA,NA,NA,"cz_hnscc_hpv"
"endothelial_cell","CTCFL","ridge",894,193,NA,0.946362398177583,NA,"cv_r2",NA,NA,NA,NA,NA,"cz_hnscc_hpv"
"endothelial_cell","CTCFL","spearman",894,193,NA,0.671085806154553,NA,"cv_r2",NA,NA,NA,NA,NA,"cz_hnscc_hpv"
"endothelial_cell","HES4","rf",894,193,0.953626538516606,0.951213581496011,NA,"oob_r2",-0.0594507437799976,0.0196078431372549,TRUE,0.881751553513879,1,"cz_hnscc_hpv"
"endothelial_cell","HES4","lm",894,193,NA,0.955306733058801,NA,"cv_r2",NA,NA,NA,NA,NA,"cz_hnscc_hpv"
"endothelial_cell","HES4","ridge",894,193,NA,0.96139217525873,NA,"cv_r2",NA,NA,NA,NA,NA,"cz_hnscc_hpv"
"endothelial_cell","HES4","spearman",894,193,NA,0.61254293119721,NA,"cv_r2",NA,NA,NA,NA,NA,"cz_hnscc_hpv"
"endothelial_cell","STAT3","rf",894,193,0.952351078398515,0.950304024217329,NA,"oob_r2",-0.0512353647052886,0.0196078431372549,TRUE,0.867369642825348,0.814814814814815,"cz_hnscc_hpv"
"endothelial_cell","STAT3","lm",894,193,NA,0.945869275891077,NA,"cv_r2",NA,NA,NA,NA,NA,"cz_hnscc_hpv"
"endothelial_cell","STAT3","ridge",894,193,NA,0.953054738364127,NA,"cv_r2",NA,NA,NA,NA,NA,"cz_hnscc_hpv"
"endothelial_cell","STAT3","spearman",894,193,NA,0.637491513217325,NA,"cv_r2",NA,NA,NA,NA,NA,"cz_hnscc_hpv"
"endothelial_cell","HES1","rf",894,193,0.953299859294064,0.950924220437886,NA,"oob_r2",-0.0544233293896464,0.0196078431372549,TRUE,0.859310845218382,0.881481481481481,"cz_hnscc_hpv"
"endothelial_cell","HES1","lm",894,193,NA,0.955641590830305,NA,"cv_r2",NA,NA,NA,NA,NA,"cz_hnscc_hpv"
"endothelial_cell","HES1","ridge",894,193,NA,0.961571171300806,NA,"cv_r2",NA,NA,NA,NA,NA,"cz_hnscc_hpv"
"endothelial_cell","HES1","spearman",894,193,NA,0.614932714740255,NA,"cv_r2",NA,NA,NA,NA,NA,"cz_hnscc_hpv"
"endothelial_cell","MAF","rf",894,193,0.948461257618484,0.944409193751877,NA,"oob_r2",-0.0606887937583623,0.0196078431372549,TRUE,0.8724510205414,0.933333333333333,"cz_hnscc_hpv"
"endothelial_cell","MAF","lm",894,193,NA,0.94876195252509,NA,"cv_r2",NA,NA,NA,NA,NA,"cz_hnscc_hpv"
"endothelial_cell","MAF","ridge",894,193,NA,0.957567068186454,NA,"cv_r2",NA,NA,NA,NA,NA,"cz_hnscc_hpv"
"endothelial_cell","MAF","spearman",894,193,NA,0.68128746623666,NA,"cv_r2",NA,NA,NA,NA,NA,"cz_hnscc_hpv"
"endothelial_cell","REST","rf",894,193,0.959900255302666,0.956186257706747,NA,"oob_r2",-0.0686457201648798,0.0196078431372549,TRUE,0.867117623405682,1,"cz_hnscc_hpv"
"endothelial_cell","REST","lm",894,193,NA,0.965501895290984,NA,"cv_r2",NA,NA,NA,NA,NA,"cz_hnscc_hpv"
"endothelial_cell","REST","ridge",894,193,NA,0.970639428079743,NA,"cv_r2",NA,NA,NA,NA,NA,"cz_hnscc_hpv"
"endothelial_cell","REST","spearman",894,193,NA,0.676917587368413,NA,"cv_r2",NA,NA,NA,NA,NA,"cz_hnscc_hpv"
"endothelial_cell","ETS1","rf",894,193,0.953328853121216,0.953120885438592,NA,"oob_r2",-0.0557439962309635,0.0196078431372549,TRUE,0.853967655158497,1,"cz_hnscc_hpv"
"endothelial_cell","ETS1","lm",894,193,NA,0.956533195564317,NA,"cv_r2",NA,NA,NA,NA,NA,"cz_hnscc_hpv"
"endothelial_cell","ETS1","ridge",894,193,NA,0.964994627082613,NA,"cv_r2",NA,NA,NA,NA,NA,"cz_hnscc_hpv"
"endothelial_cell","ETS1","spearman",894,193,NA,0.675525373595353,NA,"cv_r2",NA,NA,NA,NA,NA,"cz_hnscc_hpv"
"endothelial_cell","MXI1","rf",894,193,0.947791943772663,0.948146580961615,NA,"oob_r2",-0.0584219408307291,0.0196078431372549,TRUE,0.862691963570322,0.933333333333333,"cz_hnscc_hpv"
"endothelial_cell","MXI1","lm",894,193,NA,0.956131952316547,NA,"cv_r2",NA,NA,NA,NA,NA,"cz_hnscc_hpv"
"endothelial_cell","MXI1","ridge",894,193,NA,0.962475830253008,NA,"cv_r2",NA,NA,NA,NA,NA,"cz_hnscc_hpv"
"endothelial_cell","MXI1","spearman",894,193,NA,0.616245212750984,NA,"cv_r2",NA,NA,NA,NA,NA,"cz_hnscc_hpv"
"endothelial_cell","PRDM1","rf",894,193,0.94523070842017,0.941566610714735,NA,"oob_r2",-0.0607141285084274,0.0196078431372549,TRUE,0.866936268836541,0.694179894179894,"cz_hnscc_hpv"
"endothelial_cell","PRDM1","lm",894,193,NA,0.94852025339643,NA,"cv_r2",NA,NA,NA,NA,NA,"cz_hnscc_hpv"
"endothelial_cell","PRDM1","ridge",894,193,NA,0.954968398980404,NA,"cv_r2",NA,NA,NA,NA,NA,"cz_hnscc_hpv"
"endothelial_cell","PRDM1","spearman",894,193,NA,0.700793378745161,NA,"cv_r2",NA,NA,NA,NA,NA,"cz_hnscc_hpv"
"endothelial_cell","ZEB1","rf",894,193,0.961654843993718,0.962193880458106,NA,"oob_r2",-0.0578143329493536,0.0196078431372549,TRUE,0.880042243113794,1,"cz_hnscc_hpv"
"endothelial_cell","ZEB1","lm",894,193,NA,0.970370003779543,NA,"cv_r2",NA,NA,NA,NA,NA,"cz_hnscc_hpv"
"endothelial_cell","ZEB1","ridge",894,193,NA,0.973173799133258,NA,"cv_r2",NA,NA,NA,NA,NA,"cz_hnscc_hpv"
"endothelial_cell","ZEB1","spearman",894,193,NA,0.693023960891314,NA,"cv_r2",NA,NA,NA,NA,NA,"cz_hnscc_hpv"
"endothelial_cell","KLF6","rf",894,193,0.942338721940831,0.93796635887047,NA,"oob_r2",-0.0568468253307482,0.0196078431372549,TRUE,0.854398914765949,0.755555555555556,"cz_hnscc_hpv"
"endothelial_cell","KLF6","lm",894,193,NA,0.936839609608273,NA,"cv_r2",NA,NA,NA,NA,NA,"cz_hnscc_hpv"
"endothelial_cell","KLF6","ridge",894,193,NA,0.943620997911458,NA,"cv_r2",NA,NA,NA,NA,NA,"cz_hnscc_hpv"
"endothelial_cell","KLF6","spearman",894,193,NA,0.680431718396994,NA,"cv_r2",NA,NA,NA,NA,NA,"cz_hnscc_hpv"
"epithelial_cell","KLF5","rf",1200,194,0.883325601931647,0.876056314772779,NA,"oob_r2",-0.0574888550775147,0.0196078431372549,TRUE,0.884377277311415,0.933333333333333,"cz_hnscc_hpv"
"epithelial_cell","KLF5","lm",1200,194,NA,0.817817190991203,NA,"cv_r2",NA,NA,NA,NA,NA,"cz_hnscc_hpv"
"epithelial_cell","KLF5","ridge",1200,194,NA,0.843363927963217,NA,"cv_r2",NA,NA,NA,NA,NA,"cz_hnscc_hpv"
"epithelial_cell","KLF5","spearman",1200,194,NA,0.496933099130964,NA,"cv_r2",NA,NA,NA,NA,NA,"cz_hnscc_hpv"
"epithelial_cell","IRF1","rf",1200,194,0.896055351010145,0.894485916938249,NA,"oob_r2",-0.0572587316038401,0.0196078431372549,TRUE,0.893287642151485,0.646560846560847,"cz_hnscc_hpv"
"epithelial_cell","IRF1","lm",1200,194,NA,0.861315050695428,NA,"cv_r2",NA,NA,NA,NA,NA,"cz_hnscc_hpv"
"epithelial_cell","IRF1","ridge",1200,194,NA,0.882669673697904,NA,"cv_r2",NA,NA,NA,NA,NA,"cz_hnscc_hpv"
"epithelial_cell","IRF1","spearman",1200,194,NA,0.558978529165514,NA,"cv_r2",NA,NA,NA,NA,NA,"cz_hnscc_hpv"
"epithelial_cell","ATF3","rf",1200,194,0.904994608071017,0.896148312414379,NA,"oob_r2",-0.0606199187852209,0.0196078431372549,TRUE,0.883934938459803,1,"cz_hnscc_hpv"
"epithelial_cell","ATF3","lm",1200,194,NA,0.858105230050869,NA,"cv_r2",NA,NA,NA,NA,NA,"cz_hnscc_hpv"
"epithelial_cell","ATF3","ridge",1200,194,NA,0.874349172309354,NA,"cv_r2",NA,NA,NA,NA,NA,"cz_hnscc_hpv"
"epithelial_cell","ATF3","spearman",1200,194,NA,0.352055465085808,NA,"cv_r2",NA,NA,NA,NA,NA,"cz_hnscc_hpv"
"epithelial_cell","EGR1","rf",1200,194,0.912667637430759,0.907586388552428,NA,"oob_r2",-0.0575544933377243,0.0196078431372549,TRUE,0.889670880135065,0.792592592592593,"cz_hnscc_hpv"
"epithelial_cell","EGR1","lm",1200,194,NA,0.845203134500208,NA,"cv_r2",NA,NA,NA,NA,NA,"cz_hnscc_hpv"
"epithelial_cell","EGR1","ridge",1200,194,NA,0.854675281076746,NA,"cv_r2",NA,NA,NA,NA,NA,"cz_hnscc_hpv"
"epithelial_cell","EGR1","spearman",1200,194,NA,0.393821938074329,NA,"cv_r2",NA,NA,NA,NA,NA,"cz_hnscc_hpv"
"epithelial_cell","KLF6","rf",1200,194,0.899676497050227,0.898558807170652,NA,"oob_r2",-0.0616433051660999,0.0196078431372549,TRUE,0.879270639443707,1,"cz_hnscc_hpv"
"epithelial_cell","KLF6","lm",1200,194,NA,0.856250475268343,NA,"cv_r2",NA,NA,NA,NA,NA,"cz_hnscc_hpv"
"epithelial_cell","KLF6","ridge",1200,194,NA,0.873839105089416,NA,"cv_r2",NA,NA,NA,NA,NA,"cz_hnscc_hpv"
"epithelial_cell","KLF6","spearman",1200,194,NA,0.553002283832543,NA,"cv_r2",NA,NA,NA,NA,NA,"cz_hnscc_hpv"
"epithelial_cell","NFIB","rf",1200,194,0.8658870002401,0.860282099725626,NA,"oob_r2",-0.0628414644556909,0.0196078431372549,TRUE,0.866033272201746,0.933333333333333,"cz_hnscc_hpv"
"epithelial_cell","NFIB","lm",1200,194,NA,0.815774149645361,NA,"cv_r2",NA,NA,NA,NA,NA,"cz_hnscc_hpv"
"epithelial_cell","NFIB","ridge",1200,194,NA,0.840745055634091,NA,"cv_r2",NA,NA,NA,NA,NA,"cz_hnscc_hpv"
"epithelial_cell","NFIB","spearman",1200,194,NA,0.420867509226397,NA,"cv_r2",NA,NA,NA,NA,NA,"cz_hnscc_hpv"
"epithelial_cell","HEYL","rf",1200,194,0.868066816146623,0.859179308068977,NA,"oob_r2",-0.0458658806112898,0.0196078431372549,TRUE,0.90500226218831,1,"cz_hnscc_hpv"
"epithelial_cell","HEYL","lm",1200,194,NA,0.781846155378394,NA,"cv_r2",NA,NA,NA,NA,NA,"cz_hnscc_hpv"
"epithelial_cell","HEYL","ridge",1200,194,NA,0.818624199635728,NA,"cv_r2",NA,NA,NA,NA,NA,"cz_hnscc_hpv"
"epithelial_cell","HEYL","spearman",1200,194,NA,0.408553976617783,NA,"cv_r2",NA,NA,NA,NA,NA,"cz_hnscc_hpv"
"epithelial_cell","KLF4","rf",1200,194,0.871794530632578,0.864670583478793,NA,"oob_r2",-0.0545209710353631,0.0196078431372549,TRUE,0.882461826998978,1,"cz_hnscc_hpv"
"epithelial_cell","KLF4","lm",1200,194,NA,0.811628213641012,NA,"cv_r2",NA,NA,NA,NA,NA,"cz_hnscc_hpv"
"epithelial_cell","KLF4","ridge",1200,194,NA,0.843111354013774,NA,"cv_r2",NA,NA,NA,NA,NA,"cz_hnscc_hpv"
"epithelial_cell","KLF4","spearman",1200,194,NA,0.506375991861664,NA,"cv_r2",NA,NA,NA,NA,NA,"cz_hnscc_hpv"
"epithelial_cell","EBF1","rf",1200,194,0.884357465588439,0.877715562279424,NA,"oob_r2",-0.0562113983502618,0.0196078431372549,TRUE,0.886108684566032,0.933333333333333,"cz_hnscc_hpv"
"epithelial_cell","EBF1","lm",1200,194,NA,0.82332629936995,NA,"cv_r2",NA,NA,NA,NA,NA,"cz_hnscc_hpv"
"epithelial_cell","EBF1","ridge",1200,194,NA,0.849972050995893,NA,"cv_r2",NA,NA,NA,NA,NA,"cz_hnscc_hpv"
"epithelial_cell","EBF1","spearman",1200,194,NA,0.4266841127229,NA,"cv_r2",NA,NA,NA,NA,NA,"cz_hnscc_hpv"
"epithelial_cell","JUND","rf",1200,194,0.839318737678832,0.833052942005166,NA,"oob_r2",-0.0462202340147527,0.0196078431372549,TRUE,0.89897369241635,0.8,"cz_hnscc_hpv"
"epithelial_cell","JUND","lm",1200,194,NA,0.782926110188305,NA,"cv_r2",NA,NA,NA,NA,NA,"cz_hnscc_hpv"
"epithelial_cell","JUND","ridge",1200,194,NA,0.806101110323339,NA,"cv_r2",NA,NA,NA,NA,NA,"cz_hnscc_hpv"
"epithelial_cell","JUND","spearman",1200,194,NA,0.328531245938808,NA,"cv_r2",NA,NA,NA,NA,NA,"cz_hnscc_hpv"
"epithelial_cell","TCF3","rf",1200,194,0.857694767850273,0.845832469242018,NA,"oob_r2",-0.0477913946556634,0.0196078431372549,TRUE,0.88053980241577,1,"cz_hnscc_hpv"
"epithelial_cell","TCF3","lm",1200,194,NA,0.786160108152514,NA,"cv_r2",NA,NA,NA,NA,NA,"cz_hnscc_hpv"
"epithelial_cell","TCF3","ridge",1200,194,NA,0.819062195605227,NA,"cv_r2",NA,NA,NA,NA,NA,"cz_hnscc_hpv"
"epithelial_cell","TCF3","spearman",1200,194,NA,0.458957312507282,NA,"cv_r2",NA,NA,NA,NA,NA,"cz_hnscc_hpv"
"epithelial_cell","HES1","rf",1200,194,0.858015101426528,0.849998471619776,NA,"oob_r2",-0.050249200811415,0.0196078431372549,TRUE,0.900048549163447,0.703703703703704,"cz_hnscc_hpv"
"epithelial_cell","HES1","lm",1200,194,NA,0.796264246708981,NA,"cv_r2",NA,NA,NA,NA,NA,"cz_hnscc_hpv"
"epithelial_cell","HES1","ridge",1200,194,NA,0.824077689622322,NA,"cv_r2",NA,NA,NA,NA,NA,"cz_hnscc_hpv"
"epithelial_cell","HES1","spearman",1200,194,NA,0.460362932910971,NA,"cv_r2",NA,NA,NA,NA,NA,"cz_hnscc_hpv"
"epithelial_cell","ZIC5","rf",1200,194,0.868252151876641,0.86513546683139,NA,"oob_r2",-0.0548671884147804,0.0196078431372549,TRUE,0.905221842832013,1,"cz_hnscc_hpv"
"epithelial_cell","ZIC5","lm",1200,194,NA,0.820342733986124,NA,"cv_r2",NA,NA,NA,NA,NA,"cz_hnscc_hpv"
"epithelial_cell","ZIC5","ridge",1200,194,NA,0.846613706432405,NA,"cv_r2",NA,NA,NA,NA,NA,"cz_hnscc_hpv"
"epithelial_cell","ZIC5","spearman",1200,194,NA,0.482888207405953,NA,"cv_r2",NA,NA,NA,NA,NA,"cz_hnscc_hpv"
"epithelial_cell","KLF2","rf",1200,194,0.862569645007589,0.858352313585936,NA,"oob_r2",-0.0543703493739294,0.0196078431372549,TRUE,0.885817371323487,0.711111111111111,"cz_hnscc_hpv"
"epithelial_cell","KLF2","lm",1200,194,NA,0.797237575401865,NA,"cv_r2",NA,NA,NA,NA,NA,"cz_hnscc_hpv"
"epithelial_cell","KLF2","ridge",1200,194,NA,0.825187407596218,NA,"cv_r2",NA,NA,NA,NA,NA,"cz_hnscc_hpv"
"epithelial_cell","KLF2","spearman",1200,194,NA,0.454488733965452,NA,"cv_r2",NA,NA,NA,NA,NA,"cz_hnscc_hpv"
"epithelial_cell","ID1","rf",1200,194,0.867275981991791,0.853989084025641,NA,"oob_r2",-0.0616581187735355,0.0196078431372549,TRUE,0.878852369727857,1,"cz_hnscc_hpv"
"epithelial_cell","ID1","lm",1200,194,NA,0.805843218251045,NA,"cv_r2",NA,NA,NA,NA,NA,"cz_hnscc_hpv"
"epithelial_cell","ID1","ridge",1200,194,NA,0.835450721519848,NA,"cv_r2",NA,NA,NA,NA,NA,"cz_hnscc_hpv"
"epithelial_cell","ID1","spearman",1200,194,NA,0.421682283472836,NA,"cv_r2",NA,NA,NA,NA,NA,"cz_hnscc_hpv"
"epithelial_cell","FOSB","rf",1200,194,0.901098830898028,0.899411725775113,NA,"oob_r2",-0.0785976909828181,0.0196078431372549,TRUE,0.884563767458912,1,"cz_hnscc_hpv"
"epithelial_cell","FOSB","lm",1200,194,NA,0.85322282628079,NA,"cv_r2",NA,NA,NA,NA,NA,"cz_hnscc_hpv"
"epithelial_cell","FOSB","ridge",1200,194,NA,0.869407104926509,NA,"cv_r2",NA,NA,NA,NA,NA,"cz_hnscc_hpv"
"epithelial_cell","FOSB","spearman",1200,194,NA,0.279609453369891,NA,"cv_r2",NA,NA,NA,NA,NA,"cz_hnscc_hpv"
"epithelial_cell","NR2E1","rf",1200,194,0.871386382046095,0.868365839224154,NA,"oob_r2",-0.0527085534369172,0.0196078431372549,TRUE,0.889133725689465,0.881481481481481,"cz_hnscc_hpv"
"epithelial_cell","NR2E1","lm",1200,194,NA,0.819280488746706,NA,"cv_r2",NA,NA,NA,NA,NA,"cz_hnscc_hpv"
"epithelial_cell","NR2E1","ridge",1200,194,NA,0.847103516786196,NA,"cv_r2",NA,NA,NA,NA,NA,"cz_hnscc_hpv"
"epithelial_cell","NR2E1","spearman",1200,194,NA,0.470606225275563,NA,"cv_r2",NA,NA,NA,NA,NA,"cz_hnscc_hpv"
"epithelial_cell","CTCFL","rf",1200,194,0.882155664198419,0.878607260008096,NA,"oob_r2",-0.0622963532737252,0.0196078431372549,TRUE,0.885366814633413,1,"cz_hnscc_hpv"
"epithelial_cell","CTCFL","lm",1200,194,NA,0.817043091273329,NA,"cv_r2",NA,NA,NA,NA,NA,"cz_hnscc_hpv"
"epithelial_cell","CTCFL","ridge",1200,194,NA,0.838676393932428,NA,"cv_r2",NA,NA,NA,NA,NA,"cz_hnscc_hpv"
"epithelial_cell","CTCFL","spearman",1200,194,NA,0.464202118744519,NA,"cv_r2",NA,NA,NA,NA,NA,"cz_hnscc_hpv"
"epithelial_cell","WT1","rf",1200,194,0.843976669810833,0.829896061786946,NA,"oob_r2",-0.0519526968765246,0.0196078431372549,TRUE,0.880574646050849,0.733333333333333,"cz_hnscc_hpv"
"epithelial_cell","WT1","lm",1200,194,NA,0.750191606816585,NA,"cv_r2",NA,NA,NA,NA,NA,"cz_hnscc_hpv"
"epithelial_cell","WT1","ridge",1200,194,NA,0.78921212349128,NA,"cv_r2",NA,NA,NA,NA,NA,"cz_hnscc_hpv"
"epithelial_cell","WT1","spearman",1200,194,NA,0.456910688006498,NA,"cv_r2",NA,NA,NA,NA,NA,"cz_hnscc_hpv"
"epithelial_cell","ID3","rf",1200,194,0.876082932634677,0.870975746984382,NA,"oob_r2",-0.0679163808911679,0.0196078431372549,TRUE,0.870246612766777,1,"cz_hnscc_hpv"
"epithelial_cell","ID3","lm",1200,194,NA,0.83348751960736,NA,"cv_r2",NA,NA,NA,NA,NA,"cz_hnscc_hpv"
"epithelial_cell","ID3","ridge",1200,194,NA,0.855256605749745,NA,"cv_r2",NA,NA,NA,NA,NA,"cz_hnscc_hpv"
"epithelial_cell","ID3","spearman",1200,194,NA,0.443311631176967,NA,"cv_r2",NA,NA,NA,NA,NA,"cz_hnscc_hpv"
"epithelial_cell","PAX5","rf",1200,194,0.870440211107978,0.863800308887931,NA,"oob_r2",-0.0440026031453931,0.0196078431372549,TRUE,0.895687579695912,0.933333333333333,"cz_hnscc_hpv"
"epithelial_cell","PAX5","lm",1200,194,NA,0.795683686950061,NA,"cv_r2",NA,NA,NA,NA,NA,"cz_hnscc_hpv"
"epithelial_cell","PAX5","ridge",1200,194,NA,0.828732301385744,NA,"cv_r2",NA,NA,NA,NA,NA,"cz_hnscc_hpv"
"epithelial_cell","PAX5","spearman",1200,194,NA,0.497306054073538,NA,"cv_r2",NA,NA,NA,NA,NA,"cz_hnscc_hpv"
"epithelial_cell","IRF4","rf",1200,194,0.868771472656395,0.856415821873031,NA,"oob_r2",-0.0558852363832861,0.0196078431372549,TRUE,0.872082660497809,1,"cz_hnscc_hpv"
"epithelial_cell","IRF4","lm",1200,194,NA,0.800343311666558,NA,"cv_r2",NA,NA,NA,NA,NA,"cz_hnscc_hpv"
"epithelial_cell","IRF4","ridge",1200,194,NA,0.834268120388286,NA,"cv_r2",NA,NA,NA,NA,NA,"cz_hnscc_hpv"
"epithelial_cell","IRF4","spearman",1200,194,NA,0.468144153276831,NA,"cv_r2",NA,NA,NA,NA,NA,"cz_hnscc_hpv"
"epithelial_cell","JUNB","rf",1200,194,0.840776886099781,0.827896995568917,NA,"oob_r2",-0.0682102384522533,0.0196078431372549,TRUE,0.880445607725133,1,"cz_hnscc_hpv"
"epithelial_cell","JUNB","lm",1200,194,NA,0.753758938111064,NA,"cv_r2",NA,NA,NA,NA,NA,"cz_hnscc_hpv"
"epithelial_cell","JUNB","ridge",1200,194,NA,0.781184233665551,NA,"cv_r2",NA,NA,NA,NA,NA,"cz_hnscc_hpv"
"epithelial_cell","JUNB","spearman",1200,194,NA,0.279066579211223,NA,"cv_r2",NA,NA,NA,NA,NA,"cz_hnscc_hpv"
"epithelial_cell","TAL1","rf",1200,194,0.912987396029297,0.907670364242276,NA,"oob_r2",-0.0563536741657412,0.0196078431372549,TRUE,0.898447750754786,1,"cz_hnscc_hpv"
"epithelial_cell","TAL1","lm",1200,194,NA,0.856678703770686,NA,"cv_r2",NA,NA,NA,NA,NA,"cz_hnscc_hpv"
"epithelial_cell","TAL1","ridge",1200,194,NA,0.877865219382022,NA,"cv_r2",NA,NA,NA,NA,NA,"cz_hnscc_hpv"
"epithelial_cell","TAL1","spearman",1200,194,NA,0.511421977457852,NA,"cv_r2",NA,NA,NA,NA,NA,"cz_hnscc_hpv"
"epithelial_cell","CEBPB","rf",1200,194,0.847517636651207,0.828896030187185,NA,"oob_r2",-0.0631781743119504,0.0196078431372549,TRUE,0.877785109915872,1,"cz_hnscc_hpv"
"epithelial_cell","CEBPB","lm",1200,194,NA,0.753786162493224,NA,"cv_r2",NA,NA,NA,NA,NA,"cz_hnscc_hpv"
"epithelial_cell","CEBPB","ridge",1200,194,NA,0.790621956541354,NA,"cv_r2",NA,NA,NA,NA,NA,"cz_hnscc_hpv"
"epithelial_cell","CEBPB","spearman",1200,194,NA,0.360490601036485,NA,"cv_r2",NA,NA,NA,NA,NA,"cz_hnscc_hpv"
"epithelial_cell","SPI1","rf",1200,194,0.853977146659944,0.85452244547786,NA,"oob_r2",-0.0497680965034047,0.0196078431372549,TRUE,0.88028369804557,0.673015873015873,"cz_hnscc_hpv"
"epithelial_cell","SPI1","lm",1200,194,NA,0.747428651451228,NA,"cv_r2",NA,NA,NA,NA,NA,"cz_hnscc_hpv"
"epithelial_cell","SPI1","ridge",1200,194,NA,0.787373602360422,NA,"cv_r2",NA,NA,NA,NA,NA,"cz_hnscc_hpv"
"epithelial_cell","SPI1","spearman",1200,194,NA,0.340837874526147,NA,"cv_r2",NA,NA,NA,NA,NA,"cz_hnscc_hpv"
"epithelial_cell","ID2","rf",1200,194,0.8775858076504,0.873742770465384,NA,"oob_r2",-0.0452240512492471,0.0196078431372549,TRUE,0.887114949754766,0.874074074074074,"cz_hnscc_hpv"
"epithelial_cell","ID2","lm",1200,194,NA,0.8154901793312,NA,"cv_r2",NA,NA,NA,NA,NA,"cz_hnscc_hpv"
"epithelial_cell","ID2","ridge",1200,194,NA,0.83504155573461,NA,"cv_r2",NA,NA,NA,NA,NA,"cz_hnscc_hpv"
"epithelial_cell","ID2","spearman",1200,194,NA,0.508727651004365,NA,"cv_r2",NA,NA,NA,NA,NA,"cz_hnscc_hpv"
"epithelial_cell","POU2F2","rf",1200,194,0.861063060823312,0.854258005179636,NA,"oob_r2",-0.0577775924926651,0.0196078431372549,TRUE,0.89259537143945,0.82962962962963,"cz_hnscc_hpv"
"epithelial_cell","POU2F2","lm",1200,194,NA,0.749779036033307,NA,"cv_r2",NA,NA,NA,NA,NA,"cz_hnscc_hpv"
"epithelial_cell","POU2F2","ridge",1200,194,NA,0.784826007652547,NA,"cv_r2",NA,NA,NA,NA,NA,"cz_hnscc_hpv"
"epithelial_cell","POU2F2","spearman",1200,194,NA,0.518123872071186,NA,"cv_r2",NA,NA,NA,NA,NA,"cz_hnscc_hpv"
"epithelial_cell","ZFP57","rf",1200,194,0.828874965794848,0.822872836109706,NA,"oob_r2",-0.045146911870853,0.0196078431372549,TRUE,0.915980271709132,0.732275132275132,"cz_hnscc_hpv"
"epithelial_cell","ZFP57","lm",1200,194,NA,0.752985363437598,NA,"cv_r2",NA,NA,NA,NA,NA,"cz_hnscc_hpv"
"epithelial_cell","ZFP57","ridge",1200,194,NA,0.787858621328048,NA,"cv_r2",NA,NA,NA,NA,NA,"cz_hnscc_hpv"
"epithelial_cell","ZFP57","spearman",1200,194,NA,0.428966229682003,NA,"cv_r2",NA,NA,NA,NA,NA,"cz_hnscc_hpv"
"epithelial_cell","FOXI1","rf",1200,194,0.890262087046877,0.880220327940233,NA,"oob_r2",-0.055609875850339,0.0196078431372549,TRUE,0.89517109767951,0.82962962962963,"cz_hnscc_hpv"
"epithelial_cell","FOXI1","lm",1200,194,NA,0.818175490203821,NA,"cv_r2",NA,NA,NA,NA,NA,"cz_hnscc_hpv"
"epithelial_cell","FOXI1","ridge",1200,194,NA,0.843470653624082,NA,"cv_r2",NA,NA,NA,NA,NA,"cz_hnscc_hpv"
"epithelial_cell","FOXI1","spearman",1200,194,NA,0.44618245255879,NA,"cv_r2",NA,NA,NA,NA,NA,"cz_hnscc_hpv"
"epithelial_cell","PRDM1","rf",1200,194,0.873938568674617,0.867666950114416,NA,"oob_r2",-0.0959558600555971,0.0196078431372549,TRUE,0.852664054307129,0.82962962962963,"cz_hnscc_hpv"
"epithelial_cell","PRDM1","lm",1200,194,NA,0.796838574903133,NA,"cv_r2",NA,NA,NA,NA,NA,"cz_hnscc_hpv"
"epithelial_cell","PRDM1","ridge",1200,194,NA,0.82606057215328,NA,"cv_r2",NA,NA,NA,NA,NA,"cz_hnscc_hpv"
"epithelial_cell","PRDM1","spearman",1200,194,NA,0.339881306091815,NA,"cv_r2",NA,NA,NA,NA,NA,"cz_hnscc_hpv"
"epithelial_cell","HES4","rf",1200,194,0.865348204280423,0.86056595845661,NA,"oob_r2",-0.0533083074084127,0.0196078431372549,TRUE,0.888594781581267,1,"cz_hnscc_hpv"
"epithelial_cell","HES4","lm",1200,194,NA,0.772549302352456,NA,"cv_r2",NA,NA,NA,NA,NA,"cz_hnscc_hpv"
"epithelial_cell","HES4","ridge",1200,194,NA,0.80370803801315,NA,"cv_r2",NA,NA,NA,NA,NA,"cz_hnscc_hpv"
"epithelial_cell","HES4","spearman",1200,194,NA,0.377343060310421,NA,"cv_r2",NA,NA,NA,NA,NA,"cz_hnscc_hpv"
"epithelial_cell","HNF4G","rf",1200,194,0.869163559641219,0.855856853096572,NA,"oob_r2",-0.056553010418376,0.0196078431372549,TRUE,0.878026203034482,1,"cz_hnscc_hpv"
"epithelial_cell","HNF4G","lm",1200,194,NA,0.785103148286359,NA,"cv_r2",NA,NA,NA,NA,NA,"cz_hnscc_hpv"
"epithelial_cell","HNF4G","ridge",1200,194,NA,0.814847535185175,NA,"cv_r2",NA,NA,NA,NA,NA,"cz_hnscc_hpv"
"epithelial_cell","HNF4G","spearman",1200,194,NA,0.391784581155598,NA,"cv_r2",NA,NA,NA,NA,NA,"cz_hnscc_hpv"
"epithelial_cell","FLI1","rf",1200,194,0.897055886900025,0.891016616711366,NA,"oob_r2",-0.0961024360102428,0.0196078431372549,TRUE,0.866418013136671,0.844444444444444,"cz_hnscc_hpv"
"epithelial_cell","FLI1","lm",1200,194,NA,0.819437234998513,NA,"cv_r2",NA,NA,NA,NA,NA,"cz_hnscc_hpv"
"epithelial_cell","FLI1","ridge",1200,194,NA,0.84096329506468,NA,"cv_r2",NA,NA,NA,NA,NA,"cz_hnscc_hpv"
"epithelial_cell","FLI1","spearman",1200,194,NA,0.330743561986236,NA,"cv_r2",NA,NA,NA,NA,NA,"cz_hnscc_hpv"
"epithelial_cell","NEUROG2","rf",1200,194,0.856903285154857,0.852176449943508,NA,"oob_r2",-0.0463571938757672,0.0196078431372549,TRUE,0.893995289352375,0.933333333333333,"cz_hnscc_hpv"
"epithelial_cell","NEUROG2","lm",1200,194,NA,0.758865325894878,NA,"cv_r2",NA,NA,NA,NA,NA,"cz_hnscc_hpv"
"epithelial_cell","NEUROG2","ridge",1200,194,NA,0.788682735869361,NA,"cv_r2",NA,NA,NA,NA,NA,"cz_hnscc_hpv"
"epithelial_cell","NEUROG2","spearman",1200,194,NA,0.356750148532385,NA,"cv_r2",NA,NA,NA,NA,NA,"cz_hnscc_hpv"
"epithelial_cell","BCL6B","rf",1200,194,0.866273883321306,0.861542498165554,NA,"oob_r2",-0.0544294999736037,0.0196078431372549,TRUE,0.889697286789322,1,"cz_hnscc_hpv"
"epithelial_cell","BCL6B","lm",1200,194,NA,0.78040166799713,NA,"cv_r2",NA,NA,NA,NA,NA,"cz_hnscc_hpv"
"epithelial_cell","BCL6B","ridge",1200,194,NA,0.80710663012683,NA,"cv_r2",NA,NA,NA,NA,NA,"cz_hnscc_hpv"
"epithelial_cell","BCL6B","spearman",1200,194,NA,0.288241383893933,NA,"cv_r2",NA,NA,NA,NA,NA,"cz_hnscc_hpv"
"epithelial_cell","ATF5","rf",1200,194,0.847516882446804,0.838352330909015,NA,"oob_r2",-0.0719596267597442,0.0196078431372549,TRUE,0.889079049670898,0.816931216931217,"cz_hnscc_hpv"
"epithelial_cell","ATF5","lm",1200,194,NA,0.772595775318847,NA,"cv_r2",NA,NA,NA,NA,NA,"cz_hnscc_hpv"
"epithelial_cell","ATF5","ridge",1200,194,NA,0.807645740142297,NA,"cv_r2",NA,NA,NA,NA,NA,"cz_hnscc_hpv"
"epithelial_cell","ATF5","spearman",1200,194,NA,0.180494094652109,NA,"cv_r2",NA,NA,NA,NA,NA,"cz_hnscc_hpv"
"epithelial_cell","SNAI3","rf",1200,194,0.841478180295782,0.827189930963097,NA,"oob_r2",-0.0586546133916149,0.0196078431372549,TRUE,0.877307306525831,1,"cz_hnscc_hpv"
"epithelial_cell","SNAI3","lm",1200,194,NA,0.745246335240656,NA,"cv_r2",NA,NA,NA,NA,NA,"cz_hnscc_hpv"
"epithelial_cell","SNAI3","ridge",1200,194,NA,0.788041684683141,NA,"cv_r2",NA,NA,NA,NA,NA,"cz_hnscc_hpv"
"epithelial_cell","SNAI3","spearman",1200,194,NA,0.429925286289707,NA,"cv_r2",NA,NA,NA,NA,NA,"cz_hnscc_hpv"
"epithelial_cell","ZIC4","rf",1200,194,0.865446303528373,0.865562392013664,NA,"oob_r2",-0.0534117405070865,0.0196078431372549,TRUE,0.883392122836597,1,"cz_hnscc_hpv"
"epithelial_cell","ZIC4","lm",1200,194,NA,0.783114634587097,NA,"cv_r2",NA,NA,NA,NA,NA,"cz_hnscc_hpv"
"epithelial_cell","ZIC4","ridge",1200,194,NA,0.81508913146026,NA,"cv_r2",NA,NA,NA,NA,NA,"cz_hnscc_hpv"
"epithelial_cell","ZIC4","spearman",1200,194,NA,0.42706264118305,NA,"cv_r2",NA,NA,NA,NA,NA,"cz_hnscc_hpv"
"epithelial_cell","BATF","rf",1200,194,0.806579619965907,0.803952197783128,NA,"oob_r2",-0.0798823599400655,0.0196078431372549,TRUE,0.842576675856949,1,"cz_hnscc_hpv"
"epithelial_cell","BATF","lm",1200,194,NA,0.73449397617076,NA,"cv_r2",NA,NA,NA,NA,NA,"cz_hnscc_hpv"
"epithelial_cell","BATF","ridge",1200,194,NA,0.771312856323832,NA,"cv_r2",NA,NA,NA,NA,NA,"cz_hnscc_hpv"
"epithelial_cell","BATF","spearman",1200,194,NA,0.224773605215176,NA,"cv_r2",NA,NA,NA,NA,NA,"cz_hnscc_hpv"
"epithelial_cell","SPDEF","rf",1200,194,0.811529297072408,0.811482345131858,NA,"oob_r2",-0.0669289876820051,0.0196078431372549,TRUE,0.86937990473699,1,"cz_hnscc_hpv"
"epithelial_cell","SPDEF","lm",1200,194,NA,0.767395944132139,NA,"cv_r2",NA,NA,NA,NA,NA,"cz_hnscc_hpv"
"epithelial_cell","SPDEF","ridge",1200,194,NA,0.792985874216545,NA,"cv_r2",NA,NA,NA,NA,NA,"cz_hnscc_hpv"
"epithelial_cell","SPDEF","spearman",1200,194,NA,0.298184249685027,NA,"cv_r2",NA,NA,NA,NA,NA,"cz_hnscc_hpv"
"epithelial_cell","NR2F1","rf",1200,194,0.85161907036237,0.8463613682508,NA,"oob_r2",-0.067765257177321,0.0196078431372549,TRUE,0.887266413648551,1,"cz_hnscc_hpv"
"epithelial_cell","NR2F1","lm",1200,194,NA,0.796708897222894,NA,"cv_r2",NA,NA,NA,NA,NA,"cz_hnscc_hpv"
"epithelial_cell","NR2F1","ridge",1200,194,NA,0.825647563261468,NA,"cv_r2",NA,NA,NA,NA,NA,"cz_hnscc_hpv"
"epithelial_cell","NR2F1","spearman",1200,194,NA,0.431749198716995,NA,"cv_r2",NA,NA,NA,NA,NA,"cz_hnscc_hpv"
"epithelial_cell","NR5A1","rf",1200,194,0.895693817079898,0.887079095984598,NA,"oob_r2",-0.0911714919946115,0.0196078431372549,TRUE,0.862424618452608,0.844444444444444,"cz_hnscc_hpv"
"epithelial_cell","NR5A1","lm",1200,194,NA,0.835729536784459,NA,"cv_r2",NA,NA,NA,NA,NA,"cz_hnscc_hpv"
"epithelial_cell","NR5A1","ridge",1200,194,NA,0.854793386963946,NA,"cv_r2",NA,NA,NA,NA,NA,"cz_hnscc_hpv"
"epithelial_cell","NR5A1","spearman",1200,194,NA,0.281729647367535,NA,"cv_r2",NA,NA,NA,NA,NA,"cz_hnscc_hpv"
"epithelial_cell","TFAP2B","rf",1200,194,0.860589759868349,0.856393776838743,NA,"oob_r2",-0.0480057540653844,0.0196078431372549,TRUE,0.885497460003095,0.8,"cz_hnscc_hpv"
"epithelial_cell","TFAP2B","lm",1200,194,NA,0.799630519385544,NA,"cv_r2",NA,NA,NA,NA,NA,"cz_hnscc_hpv"
"epithelial_cell","TFAP2B","ridge",1200,194,NA,0.829220304873953,NA,"cv_r2",NA,NA,NA,NA,NA,"cz_hnscc_hpv"
"epithelial_cell","TFAP2B","spearman",1200,194,NA,0.49812199357178,NA,"cv_r2",NA,NA,NA,NA,NA,"cz_hnscc_hpv"
"epithelial_cell","E2F5","rf",1200,194,0.875170866867607,0.869267867301332,NA,"oob_r2",-0.0529518735620946,0.0196078431372549,TRUE,0.885349721529413,1,"cz_hnscc_hpv"
"epithelial_cell","E2F5","lm",1200,194,NA,0.798521799353368,NA,"cv_r2",NA,NA,NA,NA,NA,"cz_hnscc_hpv"
"epithelial_cell","E2F5","ridge",1200,194,NA,0.822302954688419,NA,"cv_r2",NA,NA,NA,NA,NA,"cz_hnscc_hpv"
"epithelial_cell","E2F5","spearman",1200,194,NA,0.372950843186058,NA,"cv_r2",NA,NA,NA,NA,NA,"cz_hnscc_hpv"
"epithelial_cell","HOXB2","rf",1200,194,0.870065005092065,0.86553861402486,NA,"oob_r2",-0.0631118437022596,0.0196078431372549,TRUE,0.89157446023639,1,"cz_hnscc_hpv"
"epithelial_cell","HOXB2","lm",1200,194,NA,0.804361430725319,NA,"cv_r2",NA,NA,NA,NA,NA,"cz_hnscc_hpv"
"epithelial_cell","HOXB2","ridge",1200,194,NA,0.830130607567964,NA,"cv_r2",NA,NA,NA,NA,NA,"cz_hnscc_hpv"
"epithelial_cell","HOXB2","spearman",1200,194,NA,0.417891802313191,NA,"cv_r2",NA,NA,NA,NA,NA,"cz_hnscc_hpv"
"epithelial_cell","MAFA","rf",1200,194,0.851145436366584,0.844618280797817,NA,"oob_r2",-0.0743476136520038,0.0196078431372549,TRUE,0.879571631473773,0.785185185185185,"cz_hnscc_hpv"
"epithelial_cell","MAFA","lm",1200,194,NA,0.78687086287623,NA,"cv_r2",NA,NA,NA,NA,NA,"cz_hnscc_hpv"
"epithelial_cell","MAFA","ridge",1200,194,NA,0.822862650000363,NA,"cv_r2",NA,NA,NA,NA,NA,"cz_hnscc_hpv"
"epithelial_cell","MAFA","spearman",1200,194,NA,0.476701223733428,NA,"cv_r2",NA,NA,NA,NA,NA,"cz_hnscc_hpv"
"epithelial_cell","CREM","rf",1200,194,0.838269570569374,0.833353375267588,NA,"oob_r2",-0.0521322600955852,0.0196078431372549,TRUE,0.882166313527886,0.881481481481481,"cz_hnscc_hpv"
"epithelial_cell","CREM","lm",1200,194,NA,0.741275744281499,NA,"cv_r2",NA,NA,NA,NA,NA,"cz_hnscc_hpv"
"epithelial_cell","CREM","ridge",1200,194,NA,0.777861880932797,NA,"cv_r2",NA,NA,NA,NA,NA,"cz_hnscc_hpv"
"epithelial_cell","CREM","spearman",1200,194,NA,0.391893276978482,NA,"cv_r2",NA,NA,NA,NA,NA,"cz_hnscc_hpv"
"epithelial_cell","POU2F3","rf",1200,194,0.862101092232545,0.856655617909196,NA,"oob_r2",-0.0623976677160944,0.0196078431372549,TRUE,0.881153108831117,0.881481481481481,"cz_hnscc_hpv"
"epithelial_cell","POU2F3","lm",1200,194,NA,0.781886533726658,NA,"cv_r2",NA,NA,NA,NA,NA,"cz_hnscc_hpv"
"epithelial_cell","POU2F3","ridge",1200,194,NA,0.820723496131726,NA,"cv_r2",NA,NA,NA,NA,NA,"cz_hnscc_hpv"
"epithelial_cell","POU2F3","spearman",1200,194,NA,0.323975549535193,NA,"cv_r2",NA,NA,NA,NA,NA,"cz_hnscc_hpv"
"epithelial_cell","SOX9","rf",1200,194,0.876557090665623,0.875864855158049,NA,"oob_r2",-0.0622607213307313,0.0196078431372549,TRUE,0.893641849251058,1,"cz_hnscc_hpv"
"epithelial_cell","SOX9","lm",1200,194,NA,0.826568686889238,NA,"cv_r2",NA,NA,NA,NA,NA,"cz_hnscc_hpv"
"epithelial_cell","SOX9","ridge",1200,194,NA,0.851029209118608,NA,"cv_r2",NA,NA,NA,NA,NA,"cz_hnscc_hpv"
"epithelial_cell","SOX9","spearman",1200,194,NA,0.441382556827815,NA,"cv_r2",NA,NA,NA,NA,NA,"cz_hnscc_hpv"
"epithelial_cell","POLR3G","rf",1200,194,0.859598250517603,0.84190701472076,NA,"oob_r2",-0.0464072701392954,0.0196078431372549,TRUE,0.902745168938214,1,"cz_hnscc_hpv"
"epithelial_cell","POLR3G","lm",1200,194,NA,0.739716004078163,NA,"cv_r2",NA,NA,NA,NA,NA,"cz_hnscc_hpv"
"epithelial_cell","POLR3G","ridge",1200,194,NA,0.777897444170053,NA,"cv_r2",NA,NA,NA,NA,NA,"cz_hnscc_hpv"
"epithelial_cell","POLR3G","spearman",1200,194,NA,0.354741345776388,NA,"cv_r2",NA,NA,NA,NA,NA,"cz_hnscc_hpv"
"epithelial_cell","SOX2","rf",1200,194,0.862216460931406,0.857272436115342,NA,"oob_r2",-0.0594152027076739,0.0196078431372549,TRUE,0.896802174257438,0.933333333333333,"cz_hnscc_hpv"
"epithelial_cell","SOX2","lm",1200,194,NA,0.786851530041616,NA,"cv_r2",NA,NA,NA,NA,NA,"cz_hnscc_hpv"
"epithelial_cell","SOX2","ridge",1200,194,NA,0.819579059266843,NA,"cv_r2",NA,NA,NA,NA,NA,"cz_hnscc_hpv"
"epithelial_cell","SOX2","spearman",1200,194,NA,0.418405868895586,NA,"cv_r2",NA,NA,NA,NA,NA,"cz_hnscc_hpv"
"epithelial_cell","ZNF449","rf",1200,194,0.819367451764377,0.803705064550078,NA,"oob_r2",-0.0555742418570588,0.0196078431372549,TRUE,0.896941402702847,0.844444444444444,"cz_hnscc_hpv"
"epithelial_cell","ZNF449","lm",1200,194,NA,0.742214890150155,NA,"cv_r2",NA,NA,NA,NA,NA,"cz_hnscc_hpv"
"epithelial_cell","ZNF449","ridge",1200,194,NA,0.781844311607228,NA,"cv_r2",NA,NA,NA,NA,NA,"cz_hnscc_hpv"
"epithelial_cell","ZNF449","spearman",1200,194,NA,0.322654275464713,NA,"cv_r2",NA,NA,NA,NA,NA,"cz_hnscc_hpv"
"epithelial_cell","ONECUT2","rf",1200,194,0.837550680573166,0.832786133335144,NA,"oob_r2",-0.0515285432581117,0.0196078431372549,TRUE,0.900622154288091,1,"cz_hnscc_hpv"
"epithelial_cell","ONECUT2","lm",1200,194,NA,0.751018516378926,NA,"cv_r2",NA,NA,NA,NA,NA,"cz_hnscc_hpv"
"epithelial_cell","ONECUT2","ridge",1200,194,NA,0.789473047718395,NA,"cv_r2",NA,NA,NA,NA,NA,"cz_hnscc_hpv"
"epithelial_cell","ONECUT2","spearman",1200,194,NA,0.319129296665362,NA,"cv_r2",NA,NA,NA,NA,NA,"cz_hnscc_hpv"
"epithelial_cell","NEUROD1","rf",1200,194,0.834818083008739,0.828121800946273,NA,"oob_r2",-0.0663856593682432,0.0196078431372549,TRUE,0.865057504324637,1,"cz_hnscc_hpv"
"epithelial_cell","NEUROD1","lm",1200,194,NA,0.738747911562907,NA,"cv_r2",NA,NA,NA,NA,NA,"cz_hnscc_hpv"
"epithelial_cell","NEUROD1","ridge",1200,194,NA,0.769385935464766,NA,"cv_r2",NA,NA,NA,NA,NA,"cz_hnscc_hpv"
"epithelial_cell","NEUROD1","spearman",1200,194,NA,0.329934837632778,NA,"cv_r2",NA,NA,NA,NA,NA,"cz_hnscc_hpv"
"epithelial_cell","SOX1","rf",1200,194,0.845434505652709,0.839053616336084,NA,"oob_r2",-0.0553696118189591,0.0196078431372549,TRUE,0.886022525095224,1,"cz_hnscc_hpv"
"epithelial_cell","SOX1","lm",1200,194,NA,0.78642965561255,NA,"cv_r2",NA,NA,NA,NA,NA,"cz_hnscc_hpv"
"epithelial_cell","SOX1","ridge",1200,194,NA,0.819960488696597,NA,"cv_r2",NA,NA,NA,NA,NA,"cz_hnscc_hpv"
"epithelial_cell","SOX1","spearman",1200,194,NA,0.454119262994425,NA,"cv_r2",NA,NA,NA,NA,NA,"cz_hnscc_hpv"
"epithelial_cell","IKZF1","rf",1200,194,0.81618713119384,0.814375471260379,NA,"oob_r2",-0.0484397006499448,0.0196078431372549,TRUE,0.870982638903156,0.75026455026455,"cz_hnscc_hpv"
"epithelial_cell","IKZF1","lm",1200,194,NA,0.706152553825413,NA,"cv_r2",NA,NA,NA,NA,NA,"cz_hnscc_hpv"
"epithelial_cell","IKZF1","ridge",1200,194,NA,0.745643027668868,NA,"cv_r2",NA,NA,NA,NA,NA,"cz_hnscc_hpv"
"epithelial_cell","IKZF1","spearman",1200,194,NA,0.381613566189612,NA,"cv_r2",NA,NA,NA,NA,NA,"cz_hnscc_hpv"
"epithelial_cell","NFATC4","rf",1200,194,0.846777879659506,0.840360080252295,NA,"oob_r2",-0.0608461594425893,0.0196078431372549,TRUE,0.900200889626668,0.668783068783069,"cz_hnscc_hpv"
"epithelial_cell","NFATC4","lm",1200,194,NA,0.772038909181657,NA,"cv_r2",NA,NA,NA,NA,NA,"cz_hnscc_hpv"
"epithelial_cell","NFATC4","ridge",1200,194,NA,0.811856522513455,NA,"cv_r2",NA,NA,NA,NA,NA,"cz_hnscc_hpv"
"epithelial_cell","NFATC4","spearman",1200,194,NA,0.503934006520061,NA,"cv_r2",NA,NA,NA,NA,NA,"cz_hnscc_hpv"
"epithelial_cell","MYC","rf",1200,194,0.865089456843906,0.855931254601801,NA,"oob_r2",-0.0603348168225367,0.0196078431372549,TRUE,0.904533334063808,0.933333333333333,"cz_hnscc_hpv"
"epithelial_cell","MYC","lm",1200,194,NA,0.805846887607318,NA,"cv_r2",NA,NA,NA,NA,NA,"cz_hnscc_hpv"
"epithelial_cell","MYC","ridge",1200,194,NA,0.832315861515828,NA,"cv_r2",NA,NA,NA,NA,NA,"cz_hnscc_hpv"
"epithelial_cell","MYC","spearman",1200,194,NA,0.477636072098023,NA,"cv_r2",NA,NA,NA,NA,NA,"cz_hnscc_hpv"
"epithelial_cell","PKNOX2","rf",1200,194,0.86080428778503,0.858733168116222,NA,"oob_r2",-0.0812430859551655,0.0196078431372549,TRUE,0.856112551515575,0.844444444444444,"cz_hnscc_hpv"
"epithelial_cell","PKNOX2","lm",1200,194,NA,0.780819404312093,NA,"cv_r2",NA,NA,NA,NA,NA,"cz_hnscc_hpv"
"epithelial_cell","PKNOX2","ridge",1200,194,NA,0.80995831489526,NA,"cv_r2",NA,NA,NA,NA,NA,"cz_hnscc_hpv"
"epithelial_cell","PKNOX2","spearman",1200,194,NA,0.151076520247389,NA,"cv_r2",NA,NA,NA,NA,NA,"cz_hnscc_hpv"
"epithelial_cell","SPIC","rf",1200,194,0.852456267493455,0.84617669078797,NA,"oob_r2",-0.0615164954867363,0.0196078431372549,TRUE,0.89688683625546,0.694179894179894,"cz_hnscc_hpv"
"epithelial_cell","SPIC","lm",1200,194,NA,0.78029137755292,NA,"cv_r2",NA,NA,NA,NA,NA,"cz_hnscc_hpv"
"epithelial_cell","SPIC","ridge",1200,194,NA,0.813499623887226,NA,"cv_r2",NA,NA,NA,NA,NA,"cz_hnscc_hpv"
"epithelial_cell","SPIC","spearman",1200,194,NA,0.261725953393058,NA,"cv_r2",NA,NA,NA,NA,NA,"cz_hnscc_hpv"
"epithelial_cell","MEF2C","rf",1200,194,0.853327177519695,0.843933091814629,NA,"oob_r2",-0.0493755721912067,0.0196078431372549,TRUE,0.896138136385986,1,"cz_hnscc_hpv"
"epithelial_cell","MEF2C","lm",1200,194,NA,0.765950230411663,NA,"cv_r2",NA,NA,NA,NA,NA,"cz_hnscc_hpv"
"epithelial_cell","MEF2C","ridge",1200,194,NA,0.794971867155407,NA,"cv_r2",NA,NA,NA,NA,NA,"cz_hnscc_hpv"
"epithelial_cell","MEF2C","spearman",1200,194,NA,0.476330111576772,NA,"cv_r2",NA,NA,NA,NA,NA,"cz_hnscc_hpv"
"epithelial_cell","TBX20","rf",1200,194,0.903783432701996,0.897769890522069,NA,"oob_r2",-0.112512983334064,0.0196078431372549,TRUE,0.830216973762724,0.933333333333333,"cz_hnscc_hpv"
"epithelial_cell","TBX20","lm",1200,194,NA,0.821628291798173,NA,"cv_r2",NA,NA,NA,NA,NA,"cz_hnscc_hpv"
"epithelial_cell","TBX20","ridge",1200,194,NA,0.838110960941528,NA,"cv_r2",NA,NA,NA,NA,NA,"cz_hnscc_hpv"
"epithelial_cell","TBX20","spearman",1200,194,NA,0.183691137930285,NA,"cv_r2",NA,NA,NA,NA,NA,"cz_hnscc_hpv"
"epithelial_cell","HOXB9","rf",1200,194,0.861686161450806,0.854268326295321,NA,"oob_r2",-0.0812641345262355,0.0196078431372549,TRUE,0.882121937200191,0.933333333333333,"cz_hnscc_hpv"
"epithelial_cell","HOXB9","lm",1200,194,NA,0.777445840654493,NA,"cv_r2",NA,NA,NA,NA,NA,"cz_hnscc_hpv"
"epithelial_cell","HOXB9","ridge",1200,194,NA,0.808406023134363,NA,"cv_r2",NA,NA,NA,NA,NA,"cz_hnscc_hpv"
"epithelial_cell","HOXB9","spearman",1200,194,NA,0.311077788093338,NA,"cv_r2",NA,NA,NA,NA,NA,"cz_hnscc_hpv"
"epithelial_cell","ZBTB18","rf",1200,194,0.865566308055635,0.853948161025206,NA,"oob_r2",-0.0684361052766218,0.0196078431372549,TRUE,0.877892891432766,0.881481481481481,"cz_hnscc_hpv"
"epithelial_cell","ZBTB18","lm",1200,194,NA,0.806652407448195,NA,"cv_r2",NA,NA,NA,NA,NA,"cz_hnscc_hpv"
"epithelial_cell","ZBTB18","ridge",1200,194,NA,0.831460073849638,NA,"cv_r2",NA,NA,NA,NA,NA,"cz_hnscc_hpv"
"epithelial_cell","ZBTB18","spearman",1200,194,NA,0.290804236816812,NA,"cv_r2",NA,NA,NA,NA,NA,"cz_hnscc_hpv"
"epithelial_cell","NR4A1","rf",1200,194,0.874498400191167,0.871342118160267,NA,"oob_r2",-0.0593763486550618,0.0196078431372549,TRUE,0.895442943775832,0.844444444444444,"cz_hnscc_hpv"
"epithelial_cell","NR4A1","lm",1200,194,NA,0.818942153359598,NA,"cv_r2",NA,NA,NA,NA,NA,"cz_hnscc_hpv"
"epithelial_cell","NR4A1","ridge",1200,194,NA,0.845434007364045,NA,"cv_r2",NA,NA,NA,NA,NA,"cz_hnscc_hpv"
"epithelial_cell","NR4A1","spearman",1200,194,NA,0.5378877360801,NA,"cv_r2",NA,NA,NA,NA,NA,"cz_hnscc_hpv"
"epithelial_cell","ZFP82","rf",1200,194,0.874990723618785,0.871914497643845,NA,"oob_r2",-0.0899383982164068,0.0196078431372549,TRUE,0.881700270777777,1,"cz_hnscc_hpv"
"epithelial_cell","ZFP82","lm",1200,194,NA,0.80281699918041,NA,"cv_r2",NA,NA,NA,NA,NA,"cz_hnscc_hpv"
"epithelial_cell","ZFP82","ridge",1200,194,NA,0.828136978345122,NA,"cv_r2",NA,NA,NA,NA,NA,"cz_hnscc_hpv"
"epithelial_cell","ZFP82","spearman",1200,194,NA,0.344107248799154,NA,"cv_r2",NA,NA,NA,NA,NA,"cz_hnscc_hpv"
"epithelial_cell","LHX6","rf",1200,194,0.858007611921588,0.847630513120936,NA,"oob_r2",-0.0600455324488355,0.0196078431372549,TRUE,0.865329204326053,0.881481481481481,"cz_hnscc_hpv"
"epithelial_cell","LHX6","lm",1200,194,NA,0.758066098945304,NA,"cv_r2",NA,NA,NA,NA,NA,"cz_hnscc_hpv"
"epithelial_cell","LHX6","ridge",1200,194,NA,0.796864784014708,NA,"cv_r2",NA,NA,NA,NA,NA,"cz_hnscc_hpv"
"epithelial_cell","LHX6","spearman",1200,194,NA,0.321085261881016,NA,"cv_r2",NA,NA,NA,NA,NA,"cz_hnscc_hpv"
"epithelial_cell","FOXP3","rf",1200,194,0.873295503859046,0.86460101683807,NA,"oob_r2",-0.0783618135914523,0.0196078431372549,TRUE,0.88105464086448,0.785185185185185,"cz_hnscc_hpv"
"epithelial_cell","FOXP3","lm",1200,194,NA,0.811388330288768,NA,"cv_r2",NA,NA,NA,NA,NA,"cz_hnscc_hpv"
"epithelial_cell","FOXP3","ridge",1200,194,NA,0.835677482183028,NA,"cv_r2",NA,NA,NA,NA,NA,"cz_hnscc_hpv"
"epithelial_cell","FOXP3","spearman",1200,194,NA,0.291458134321804,NA,"cv_r2",NA,NA,NA,NA,NA,"cz_hnscc_hpv"
"epithelial_cell","HIF1A","rf",1200,194,0.832586506546637,0.826801067930367,NA,"oob_r2",-0.0766566817770816,0.0196078431372549,TRUE,0.887057059648267,1,"cz_hnscc_hpv"
"epithelial_cell","HIF1A","lm",1200,194,NA,0.752885350430121,NA,"cv_r2",NA,NA,NA,NA,NA,"cz_hnscc_hpv"
"epithelial_cell","HIF1A","ridge",1200,194,NA,0.791345614573181,NA,"cv_r2",NA,NA,NA,NA,NA,"cz_hnscc_hpv"
"epithelial_cell","HIF1A","spearman",1200,194,NA,0.232945148917343,NA,"cv_r2",NA,NA,NA,NA,NA,"cz_hnscc_hpv"
"epithelial_cell","ITGB2","rf",1200,194,0.860347513466829,0.854426774569315,NA,"oob_r2",-0.100082391642818,0.0196078431372549,TRUE,0.850235372589948,0.82962962962963,"cz_hnscc_hpv"
"epithelial_cell","ITGB2","lm",1200,194,NA,0.793177941771653,NA,"cv_r2",NA,NA,NA,NA,NA,"cz_hnscc_hpv"
"epithelial_cell","ITGB2","ridge",1200,194,NA,0.81936833809862,NA,"cv_r2",NA,NA,NA,NA,NA,"cz_hnscc_hpv"
"epithelial_cell","ITGB2","spearman",1200,194,NA,0.240273181529166,NA,"cv_r2",NA,NA,NA,NA,NA,"cz_hnscc_hpv"
"epithelial_cell","LYL1","rf",1200,194,0.879479923896789,0.877854856128754,NA,"oob_r2",-0.0567105923862529,0.0196078431372549,TRUE,0.891386983948279,0.8,"cz_hnscc_hpv"
"epithelial_cell","LYL1","lm",1200,194,NA,0.80638283551313,NA,"cv_r2",NA,NA,NA,NA,NA,"cz_hnscc_hpv"
"epithelial_cell","LYL1","ridge",1200,194,NA,0.832980532333958,NA,"cv_r2",NA,NA,NA,NA,NA,"cz_hnscc_hpv"
"epithelial_cell","LYL1","spearman",1200,194,NA,0.450701821596503,NA,"cv_r2",NA,NA,NA,NA,NA,"cz_hnscc_hpv"
"epithelial_cell","ZNF423","rf",1200,194,0.901830699779153,0.902192700805547,NA,"oob_r2",-0.0847019022319963,0.0196078431372549,TRUE,0.875831054024526,0.933333333333333,"cz_hnscc_hpv"
"epithelial_cell","ZNF423","lm",1200,194,NA,0.838129292459048,NA,"cv_r2",NA,NA,NA,NA,NA,"cz_hnscc_hpv"
"epithelial_cell","ZNF423","ridge",1200,194,NA,0.853323470192575,NA,"cv_r2",NA,NA,NA,NA,NA,"cz_hnscc_hpv"
"epithelial_cell","ZNF423","spearman",1200,194,NA,0.365495292585493,NA,"cv_r2",NA,NA,NA,NA,NA,"cz_hnscc_hpv"
"epithelial_cell","TCF4","rf",1200,194,0.843009445690391,0.842147770807135,NA,"oob_r2",-0.094150436494969,0.0196078431372549,TRUE,0.872143509026154,0.874074074074074,"cz_hnscc_hpv"
"epithelial_cell","TCF4","lm",1200,194,NA,0.778764681412031,NA,"cv_r2",NA,NA,NA,NA,NA,"cz_hnscc_hpv"
"epithelial_cell","TCF4","ridge",1200,194,NA,0.808523542035048,NA,"cv_r2",NA,NA,NA,NA,NA,"cz_hnscc_hpv"
"epithelial_cell","TCF4","spearman",1200,194,NA,0.216991509229512,NA,"cv_r2",NA,NA,NA,NA,NA,"cz_hnscc_hpv"
"epithelial_cell","LHX8","rf",1200,194,0.901456685365634,0.898462720055054,NA,"oob_r2",-0.072389138844703,0.0196078431372549,TRUE,0.89565204211003,0.729100529100529,"cz_hnscc_hpv"
"epithelial_cell","LHX8","lm",1200,194,NA,0.87713360916139,NA,"cv_r2",NA,NA,NA,NA,NA,"cz_hnscc_hpv"
"epithelial_cell","LHX8","ridge",1200,194,NA,0.883095498894092,NA,"cv_r2",NA,NA,NA,NA,NA,"cz_hnscc_hpv"
"epithelial_cell","LHX8","spearman",1200,194,NA,0.476263783742506,NA,"cv_r2",NA,NA,NA,NA,NA,"cz_hnscc_hpv"
"epithelial_cell","EGR3","rf",1200,194,0.872118885022128,0.874942313647472,NA,"oob_r2",-0.0359958079244201,0.0196078431372549,TRUE,0.880564017646438,0.62010582010582,"cz_hnscc_hpv"
"epithelial_cell","EGR3","lm",1200,194,NA,0.831933669977349,NA,"cv_r2",NA,NA,NA,NA,NA,"cz_hnscc_hpv"
"epithelial_cell","EGR3","ridge",1200,194,NA,0.853913069242847,NA,"cv_r2",NA,NA,NA,NA,NA,"cz_hnscc_hpv"
"epithelial_cell","EGR3","spearman",1200,194,NA,0.336190519342912,NA,"cv_r2",NA,NA,NA,NA,NA,"cz_hnscc_hpv"
"epithelial_cell","HNF1A","rf",1200,194,0.781835779722375,0.768414227382146,NA,"oob_r2",-0.0766996262442406,0.0196078431372549,TRUE,0.862395837756128,0.785185185185185,"cz_hnscc_hpv"
"epithelial_cell","HNF1A","lm",1200,194,NA,0.609428086630797,NA,"cv_r2",NA,NA,NA,NA,NA,"cz_hnscc_hpv"
"epithelial_cell","HNF1A","ridge",1200,194,NA,0.657792572619436,NA,"cv_r2",NA,NA,NA,NA,NA,"cz_hnscc_hpv"
"epithelial_cell","HNF1A","spearman",1200,194,NA,0.231253838984221,NA,"cv_r2",NA,NA,NA,NA,NA,"cz_hnscc_hpv"
"epithelial_cell","SCX","rf",1200,194,0.850658630002342,0.843699508846791,NA,"oob_r2",-0.0566822875180244,0.0196078431372549,TRUE,0.879090504424621,0.694179894179894,"cz_hnscc_hpv"
"epithelial_cell","SCX","lm",1200,194,NA,0.773391299655023,NA,"cv_r2",NA,NA,NA,NA,NA,"cz_hnscc_hpv"
"epithelial_cell","SCX","ridge",1200,194,NA,0.796681005130319,NA,"cv_r2",NA,NA,NA,NA,NA,"cz_hnscc_hpv"
"epithelial_cell","SCX","spearman",1200,194,NA,0.376986763171653,NA,"cv_r2",NA,NA,NA,NA,NA,"cz_hnscc_hpv"
"epithelial_cell","ZNF589","rf",1200,194,0.824149993497432,0.818731747549342,NA,"oob_r2",-0.0765150635423836,0.0196078431372549,TRUE,0.899182096799745,0.933333333333333,"cz_hnscc_hpv"
"epithelial_cell","ZNF589","lm",1200,194,NA,0.715558566055339,NA,"cv_r2",NA,NA,NA,NA,NA,"cz_hnscc_hpv"
"epithelial_cell","ZNF589","ridge",1200,194,NA,0.744844633495917,NA,"cv_r2",NA,NA,NA,NA,NA,"cz_hnscc_hpv"
"epithelial_cell","ZNF589","spearman",1200,194,NA,0.413764002583115,NA,"cv_r2",NA,NA,NA,NA,NA,"cz_hnscc_hpv"
"epithelial_cell","MLXIPL","rf",1200,194,0.84864805317218,0.843883379716498,NA,"oob_r2",-0.0635918075586807,0.0196078431372549,TRUE,0.893368761348036,0.622222222222222,"cz_hnscc_hpv"
"epithelial_cell","MLXIPL","lm",1200,194,NA,0.763988209444264,NA,"cv_r2",NA,NA,NA,NA,NA,"cz_hnscc_hpv"
"epithelial_cell","MLXIPL","ridge",1200,194,NA,0.804913865551639,NA,"cv_r2",NA,NA,NA,NA,NA,"cz_hnscc_hpv"
"epithelial_cell","MLXIPL","spearman",1200,194,NA,0.375278042764854,NA,"cv_r2",NA,NA,NA,NA,NA,"cz_hnscc_hpv"
"epithelial_cell","ARNT2","rf",1200,194,0.811770738916725,0.802329060327981,NA,"oob_r2",-0.0605562874423849,0.0196078431372549,TRUE,0.899360149966421,0.82962962962963,"cz_hnscc_hpv"
"epithelial_cell","ARNT2","lm",1200,194,NA,0.726922484648803,NA,"cv_r2",NA,NA,NA,NA,NA,"cz_hnscc_hpv"
"epithelial_cell","ARNT2","ridge",1200,194,NA,0.775447364278188,NA,"cv_r2",NA,NA,NA,NA,NA,"cz_hnscc_hpv"
"epithelial_cell","ARNT2","spearman",1200,194,NA,0.314939340606575,NA,"cv_r2",NA,NA,NA,NA,NA,"cz_hnscc_hpv"
"epithelial_cell","HES7","rf",1200,194,0.85582424300213,0.843813332343555,NA,"oob_r2",-0.0567679970931523,0.0196078431372549,TRUE,0.901785215834679,0.762962962962963,"cz_hnscc_hpv"
"epithelial_cell","HES7","lm",1200,194,NA,0.743379421334533,NA,"cv_r2",NA,NA,NA,NA,NA,"cz_hnscc_hpv"
"epithelial_cell","HES7","ridge",1200,194,NA,0.784608082478035,NA,"cv_r2",NA,NA,NA,NA,NA,"cz_hnscc_hpv"
"epithelial_cell","HES7","spearman",1200,194,NA,0.392714314541164,NA,"cv_r2",NA,NA,NA,NA,NA,"cz_hnscc_hpv"
"epithelial_cell","IRF8","rf",1200,194,0.855597125816899,0.845282181309017,NA,"oob_r2",-0.0541270555423084,0.0196078431372549,TRUE,0.871426402180101,0.933333333333333,"cz_hnscc_hpv"
"epithelial_cell","IRF8","lm",1200,194,NA,0.802320280461102,NA,"cv_r2",NA,NA,NA,NA,NA,"cz_hnscc_hpv"
"epithelial_cell","IRF8","ridge",1200,194,NA,0.825825241408883,NA,"cv_r2",NA,NA,NA,NA,NA,"cz_hnscc_hpv"
"epithelial_cell","IRF8","spearman",1200,194,NA,0.321825148817371,NA,"cv_r2",NA,NA,NA,NA,NA,"cz_hnscc_hpv"
"epithelial_cell","ZNF76","rf",1200,194,0.800148784224061,0.798161732999405,NA,"oob_r2",-0.0621332509112173,0.0196078431372549,TRUE,0.839501487657035,0.757671957671958,"cz_hnscc_hpv"
"epithelial_cell","ZNF76","lm",1200,194,NA,0.640957031197114,NA,"cv_r2",NA,NA,NA,NA,NA,"cz_hnscc_hpv"
"epithelial_cell","ZNF76","ridge",1200,194,NA,0.693359134755475,NA,"cv_r2",NA,NA,NA,NA,NA,"cz_hnscc_hpv"
"epithelial_cell","ZNF76","spearman",1200,194,NA,0.41102866962455,NA,"cv_r2",NA,NA,NA,NA,NA,"cz_hnscc_hpv"
"epithelial_cell","HOXD4","rf",1200,194,0.854363355225984,0.858791776226787,NA,"oob_r2",-0.0481055527601631,0.0196078431372549,TRUE,0.880180189804675,0.744973544973545,"cz_hnscc_hpv"
"epithelial_cell","HOXD4","lm",1200,194,NA,0.775414400553672,NA,"cv_r2",NA,NA,NA,NA,NA,"cz_hnscc_hpv"
"epithelial_cell","HOXD4","ridge",1200,194,NA,0.807267288658116,NA,"cv_r2",NA,NA,NA,NA,NA,"cz_hnscc_hpv"
"epithelial_cell","HOXD4","spearman",1200,194,NA,0.298030823825719,NA,"cv_r2",NA,NA,NA,NA,NA,"cz_hnscc_hpv"
"epithelial_cell","NRF1","rf",1200,194,0.786437599369203,0.769585253374492,NA,"oob_r2",-0.0802140627540653,0.0196078431372549,TRUE,0.786394309238174,0.638095238095238,"cz_hnscc_hpv"
"epithelial_cell","NRF1","lm",1200,194,NA,0.590480770147818,NA,"cv_r2",NA,NA,NA,NA,NA,"cz_hnscc_hpv"
"epithelial_cell","NRF1","ridge",1200,194,NA,0.645935733170457,NA,"cv_r2",NA,NA,NA,NA,NA,"cz_hnscc_hpv"
"epithelial_cell","NRF1","spearman",1200,194,NA,0.433107179146601,NA,"cv_r2",NA,NA,NA,NA,NA,"cz_hnscc_hpv"
"epithelial_cell","RAD21","rf",1200,194,0.807416876521077,0.798874767615064,NA,"oob_r2",-0.0499286785297509,0.0196078431372549,TRUE,0.863714307758963,0.681481481481481,"cz_hnscc_hpv"
"epithelial_cell","RAD21","lm",1200,194,NA,0.661247863343122,NA,"cv_r2",NA,NA,NA,NA,NA,"cz_hnscc_hpv"
"epithelial_cell","RAD21","ridge",1200,194,NA,0.702625288134271,NA,"cv_r2",NA,NA,NA,NA,NA,"cz_hnscc_hpv"
"epithelial_cell","RAD21","spearman",1200,194,NA,0.260215598570807,NA,"cv_r2",NA,NA,NA,NA,NA,"cz_hnscc_hpv"
"epithelial_cell","STAT1","rf",1200,194,0.840398917963087,0.831452101354464,NA,"oob_r2",-0.0663539192571215,0.0196078431372549,TRUE,0.867065067475302,0.704761904761905,"cz_hnscc_hpv"
"epithelial_cell","STAT1","lm",1200,194,NA,0.791820048220676,NA,"cv_r2",NA,NA,NA,NA,NA,"cz_hnscc_hpv"
"epithelial_cell","STAT1","ridge",1200,194,NA,0.829356132004797,NA,"cv_r2",NA,NA,NA,NA,NA,"cz_hnscc_hpv"
"epithelial_cell","STAT1","spearman",1200,194,NA,0.537766006662691,NA,"cv_r2",NA,NA,NA,NA,NA,"cz_hnscc_hpv"
"epithelial_cell","HDAC2","rf",1200,194,0.873512716734771,0.875268151298027,NA,"oob_r2",-0.06216688729358,0.0196078431372549,TRUE,0.864595917469161,0.933333333333333,"cz_hnscc_hpv"
"epithelial_cell","HDAC2","lm",1200,194,NA,0.784927962010874,NA,"cv_r2",NA,NA,NA,NA,NA,"cz_hnscc_hpv"
"epithelial_cell","HDAC2","ridge",1200,194,NA,0.809631116276543,NA,"cv_r2",NA,NA,NA,NA,NA,"cz_hnscc_hpv"
"epithelial_cell","HDAC2","spearman",1200,194,NA,0.255562043846869,NA,"cv_r2",NA,NA,NA,NA,NA,"cz_hnscc_hpv"
"epithelial_cell","MYBL2","rf",1200,194,0.786056629677444,0.786355486755791,NA,"oob_r2",-0.0671310674732495,0.0196078431372549,TRUE,0.83360217535315,0.757671957671958,"cz_hnscc_hpv"
"epithelial_cell","MYBL2","lm",1200,194,NA,0.653326015523099,NA,"cv_r2",NA,NA,NA,NA,NA,"cz_hnscc_hpv"
"epithelial_cell","MYBL2","ridge",1200,194,NA,0.696462235408118,NA,"cv_r2",NA,NA,NA,NA,NA,"cz_hnscc_hpv"
"epithelial_cell","MYBL2","spearman",1200,194,NA,0.251240171449756,NA,"cv_r2",NA,NA,NA,NA,NA,"cz_hnscc_hpv"
"epithelial_cell","MYBL1","rf",1200,194,0.863497451747305,0.856267622114011,NA,"oob_r2",-0.0458834954201577,0.0196078431372549,TRUE,0.885696295170148,0.785185185185185,"cz_hnscc_hpv"
"epithelial_cell","MYBL1","lm",1200,194,NA,0.781443704462037,NA,"cv_r2",NA,NA,NA,NA,NA,"cz_hnscc_hpv"
"epithelial_cell","MYBL1","ridge",1200,194,NA,0.806445764070813,NA,"cv_r2",NA,NA,NA,NA,NA,"cz_hnscc_hpv"
"epithelial_cell","MYBL1","spearman",1200,194,NA,0.434156707270977,NA,"cv_r2",NA,NA,NA,NA,NA,"cz_hnscc_hpv"
"epithelial_cell","INSM1","rf",1200,194,0.839345578065613,0.829537745212688,NA,"oob_r2",-0.0510955438380248,0.0196078431372549,TRUE,0.896097448954668,0.674074074074074,"cz_hnscc_hpv"
"epithelial_cell","INSM1","lm",1200,194,NA,0.778259515933313,NA,"cv_r2",NA,NA,NA,NA,NA,"cz_hnscc_hpv"
"epithelial_cell","INSM1","ridge",1200,194,NA,0.802699353021239,NA,"cv_r2",NA,NA,NA,NA,NA,"cz_hnscc_hpv"
"epithelial_cell","INSM1","spearman",1200,194,NA,0.402620879858278,NA,"cv_r2",NA,NA,NA,NA,NA,"cz_hnscc_hpv"
"regulatory_T_cell","EGR1","rf",914,60,0.749305092815587,0.73474114418367,NA,"oob_r2",-0.040188656669398,0.0196078431372549,TRUE,0.906394986261616,0.656084656084656,"cz_hnscc_hpv"
"regulatory_T_cell","EGR1","lm",914,60,NA,0.725346617358555,NA,"cv_r2",NA,NA,NA,NA,NA,"cz_hnscc_hpv"
"regulatory_T_cell","EGR1","ridge",914,60,NA,0.727786434613342,NA,"cv_r2",NA,NA,NA,NA,NA,"cz_hnscc_hpv"
"regulatory_T_cell","EGR1","spearman",914,60,NA,0.411565853889822,NA,"cv_r2",NA,NA,NA,NA,NA,"cz_hnscc_hpv"
"regulatory_T_cell","ATF3","rf",914,60,0.752171250805306,0.742967879243247,NA,"oob_r2",-0.0391224707038831,0.0196078431372549,TRUE,0.930611589639097,0.874074074074074,"cz_hnscc_hpv"
"regulatory_T_cell","ATF3","lm",914,60,NA,0.746411026495621,NA,"cv_r2",NA,NA,NA,NA,NA,"cz_hnscc_hpv"
"regulatory_T_cell","ATF3","ridge",914,60,NA,0.747003858985629,NA,"cv_r2",NA,NA,NA,NA,NA,"cz_hnscc_hpv"
"regulatory_T_cell","ATF3","spearman",914,60,NA,0.417910835324185,NA,"cv_r2",NA,NA,NA,NA,NA,"cz_hnscc_hpv"
"regulatory_T_cell","FOXP3","rf",914,60,0.803987346352773,0.798229451139247,NA,"oob_r2",-0.0464416678550232,0.0196078431372549,TRUE,0.910704825414467,0.7005291005291,"cz_hnscc_hpv"
"regulatory_T_cell","FOXP3","lm",914,60,NA,0.817419896928529,NA,"cv_r2",NA,NA,NA,NA,NA,"cz_hnscc_hpv"
"regulatory_T_cell","FOXP3","ridge",914,60,NA,0.818825175017682,NA,"cv_r2",NA,NA,NA,NA,NA,"cz_hnscc_hpv"
"regulatory_T_cell","FOXP3","spearman",914,60,NA,0.346920666675331,NA,"cv_r2",NA,NA,NA,NA,NA,"cz_hnscc_hpv"
"regulatory_T_cell","STAT3","rf",914,60,0.735685963060158,0.72700172103682,NA,"oob_r2",-0.0433003686301842,0.0196078431372549,TRUE,0.92200673026458,0.724867724867725,"cz_hnscc_hpv"
"regulatory_T_cell","STAT3","lm",914,60,NA,0.726443438898875,NA,"cv_r2",NA,NA,NA,NA,NA,"cz_hnscc_hpv"
"regulatory_T_cell","STAT3","ridge",914,60,NA,0.731047676173789,NA,"cv_r2",NA,NA,NA,NA,NA,"cz_hnscc_hpv"
"regulatory_T_cell","STAT3","spearman",914,60,NA,0.38812818496141,NA,"cv_r2",NA,NA,NA,NA,NA,"cz_hnscc_hpv"
"regulatory_T_cell","FOXE1","rf",914,60,0.761155558631569,0.753136657529955,NA,"oob_r2",-0.0362072933594385,0.0196078431372549,TRUE,0.914940569911395,0.8,"cz_hnscc_hpv"
"regulatory_T_cell","FOXE1","lm",914,60,NA,0.74856218776681,NA,"cv_r2",NA,NA,NA,NA,NA,"cz_hnscc_hpv"
"regulatory_T_cell","FOXE1","ridge",914,60,NA,0.752193445301635,NA,"cv_r2",NA,NA,NA,NA,NA,"cz_hnscc_hpv"
"regulatory_T_cell","FOXE1","spearman",914,60,NA,0.42080484993383,NA,"cv_r2",NA,NA,NA,NA,NA,"cz_hnscc_hpv"
"regulatory_T_cell","EHF","rf",914,60,0.716666559952446,0.706923544273994,NA,"oob_r2",-0.0368052249949778,0.0196078431372549,TRUE,0.913979809206261,0.737566137566138,"cz_hnscc_hpv"
"regulatory_T_cell","EHF","lm",914,60,NA,0.689763541921166,NA,"cv_r2",NA,NA,NA,NA,NA,"cz_hnscc_hpv"
"regulatory_T_cell","EHF","ridge",914,60,NA,0.694893136119197,NA,"cv_r2",NA,NA,NA,NA,NA,"cz_hnscc_hpv"
"regulatory_T_cell","EHF","spearman",914,60,NA,0.38686725893425,NA,"cv_r2",NA,NA,NA,NA,NA,"cz_hnscc_hpv"
"regulatory_T_cell","ELF3","rf",914,60,0.729325333866671,0.719266078574258,NA,"oob_r2",-0.043252318610721,0.0196078431372549,TRUE,0.912816523108271,0.933333333333333,"cz_hnscc_hpv"
"regulatory_T_cell","ELF3","lm",914,60,NA,0.70634603101304,NA,"cv_r2",NA,NA,NA,NA,NA,"cz_hnscc_hpv"
"regulatory_T_cell","ELF3","ridge",914,60,NA,0.710949863741242,NA,"cv_r2",NA,NA,NA,NA,NA,"cz_hnscc_hpv"
"regulatory_T_cell","ELF3","spearman",914,60,NA,0.380243458353406,NA,"cv_r2",NA,NA,NA,NA,NA,"cz_hnscc_hpv"
"regulatory_T_cell","PAX5","rf",914,60,0.797618907925743,0.786127743400313,NA,"oob_r2",-0.0448523928211003,0.0196078431372549,TRUE,0.932824550029329,0.792592592592593,"cz_hnscc_hpv"
"regulatory_T_cell","PAX5","lm",914,60,NA,0.791588927526731,NA,"cv_r2",NA,NA,NA,NA,NA,"cz_hnscc_hpv"
"regulatory_T_cell","PAX5","ridge",914,60,NA,0.793051513974358,NA,"cv_r2",NA,NA,NA,NA,NA,"cz_hnscc_hpv"
"regulatory_T_cell","PAX5","spearman",914,60,NA,0.411083830008179,NA,"cv_r2",NA,NA,NA,NA,NA,"cz_hnscc_hpv"
"regulatory_T_cell","TFAP2D","rf",914,60,0.757067977240117,0.739593609945968,NA,"oob_r2",-0.0449918687692874,0.0196078431372549,TRUE,0.910018214936248,0.868783068783069,"cz_hnscc_hpv"
"regulatory_T_cell","TFAP2D","lm",914,60,NA,0.742702004247481,NA,"cv_r2",NA,NA,NA,NA,NA,"cz_hnscc_hpv"
"regulatory_T_cell","TFAP2D","ridge",914,60,NA,0.745978259845442,NA,"cv_r2",NA,NA,NA,NA,NA,"cz_hnscc_hpv"
"regulatory_T_cell","TFAP2D","spearman",914,60,NA,0.365752463676611,NA,"cv_r2",NA,NA,NA,NA,NA,"cz_hnscc_hpv"
"regulatory_T_cell","ELF4","rf",914,60,0.745146599614179,0.731863321069059,NA,"oob_r2",-0.0363088940203962,0.0196078431372549,TRUE,0.926049828656108,0.881481481481481,"cz_hnscc_hpv"
"regulatory_T_cell","ELF4","lm",914,60,NA,0.710031817795102,NA,"cv_r2",NA,NA,NA,NA,NA,"cz_hnscc_hpv"
"regulatory_T_cell","ELF4","ridge",914,60,NA,0.714473229557265,NA,"cv_r2",NA,NA,NA,NA,NA,"cz_hnscc_hpv"
"regulatory_T_cell","ELF4","spearman",914,60,NA,0.368940492201907,NA,"cv_r2",NA,NA,NA,NA,NA,"cz_hnscc_hpv"
"regulatory_T_cell","TFAP2C","rf",914,60,0.798653316549611,0.795707217268585,NA,"oob_r2",-0.0468115071567022,0.0196078431372549,TRUE,0.944141273810627,1,"cz_hnscc_hpv"
"regulatory_T_cell","TFAP2C","lm",914,60,NA,0.802935797846342,NA,"cv_r2",NA,NA,NA,NA,NA,"cz_hnscc_hpv"
"regulatory_T_cell","TFAP2C","ridge",914,60,NA,0.805756478118433,NA,"cv_r2",NA,NA,NA,NA,NA,"cz_hnscc_hpv"
"regulatory_T_cell","TFAP2C","spearman",914,60,NA,0.336063748498443,NA,"cv_r2",NA,NA,NA,NA,NA,"cz_hnscc_hpv"
"regulatory_T_cell","GATA3","rf",914,60,0.775747055995705,0.76788177184731,NA,"oob_r2",-0.043887050668277,0.0196078431372549,TRUE,0.926395603717082,1,"cz_hnscc_hpv"
"regulatory_T_cell","GATA3","lm",914,60,NA,0.769551399870585,NA,"cv_r2",NA,NA,NA,NA,NA,"cz_hnscc_hpv"
"regulatory_T_cell","GATA3","ridge",914,60,NA,0.770425174127292,NA,"cv_r2",NA,NA,NA,NA,NA,"cz_hnscc_hpv"
"regulatory_T_cell","GATA3","spearman",914,60,NA,0.280171998256077,NA,"cv_r2",NA,NA,NA,NA,NA,"cz_hnscc_hpv"
"regulatory_T_cell","ETV1","rf",914,60,0.733742609611336,0.719245929973968,NA,"oob_r2",-0.0418069316500711,0.0196078431372549,TRUE,0.925106356704023,0.674074074074074,"cz_hnscc_hpv"
"regulatory_T_cell","ETV1","lm",914,60,NA,0.705568498938949,NA,"cv_r2",NA,NA,NA,NA,NA,"cz_hnscc_hpv"
"regulatory_T_cell","ETV1","ridge",914,60,NA,0.707967233143477,NA,"cv_r2",NA,NA,NA,NA,NA,"cz_hnscc_hpv"
"regulatory_T_cell","ETV1","spearman",914,60,NA,0.366973577193003,NA,"cv_r2",NA,NA,NA,NA,NA,"cz_hnscc_hpv"
"regulatory_T_cell","TEAD2","rf",914,60,0.795012608473122,0.792740548200894,NA,"oob_r2",-0.040235332577704,0.0196078431372549,TRUE,0.943144700688463,0.692063492063492,"cz_hnscc_hpv"
"regulatory_T_cell","TEAD2","lm",914,60,NA,0.798704625429755,NA,"cv_r2",NA,NA,NA,NA,NA,"cz_hnscc_hpv"
"regulatory_T_cell","TEAD2","ridge",914,60,NA,0.803869389921961,NA,"cv_r2",NA,NA,NA,NA,NA,"cz_hnscc_hpv"
"regulatory_T_cell","TEAD2","spearman",914,60,NA,0.351187403959456,NA,"cv_r2",NA,NA,NA,NA,NA,"cz_hnscc_hpv"
"regulatory_T_cell","ETS2","rf",914,60,0.748580862962036,0.736794059619164,NA,"oob_r2",-0.0424061354966859,0.0196078431372549,TRUE,0.914040319841932,0.881481481481481,"cz_hnscc_hpv"
"regulatory_T_cell","ETS2","lm",914,60,NA,0.730408823518713,NA,"cv_r2",NA,NA,NA,NA,NA,"cz_hnscc_hpv"
"regulatory_T_cell","ETS2","ridge",914,60,NA,0.733884721101186,NA,"cv_r2",NA,NA,NA,NA,NA,"cz_hnscc_hpv"
"regulatory_T_cell","ETS2","spearman",914,60,NA,0.398766200576565,NA,"cv_r2",NA,NA,NA,NA,NA,"cz_hnscc_hpv"
"regulatory_T_cell","FOSL1","rf",914,60,0.741210489288678,0.734623998498907,NA,"oob_r2",-0.0504888298029614,0.0196078431372549,TRUE,0.910407211879843,0.574338624338624,"cz_hnscc_hpv"
"regulatory_T_cell","FOSL1","lm",914,60,NA,0.720053512950068,NA,"cv_r2",NA,NA,NA,NA,NA,"cz_hnscc_hpv"
"regulatory_T_cell","FOSL1","ridge",914,60,NA,0.725767565128896,NA,"cv_r2",NA,NA,NA,NA,NA,"cz_hnscc_hpv"
"regulatory_T_cell","FOSL1","spearman",914,60,NA,0.378119411800193,NA,"cv_r2",NA,NA,NA,NA,NA,"cz_hnscc_hpv"
"regulatory_T_cell","BRCA1","rf",914,60,0.713206589468595,0.701391057397564,NA,"oob_r2",-0.0447088344742797,0.0196078431372549,TRUE,0.915165323701028,0.761904761904762,"cz_hnscc_hpv"
"regulatory_T_cell","BRCA1","lm",914,60,NA,0.693685090919968,NA,"cv_r2",NA,NA,NA,NA,NA,"cz_hnscc_hpv"
"regulatory_T_cell","BRCA1","ridge",914,60,NA,0.699427953414588,NA,"cv_r2",NA,NA,NA,NA,NA,"cz_hnscc_hpv"
"regulatory_T_cell","BRCA1","spearman",914,60,NA,0.349910900496926,NA,"cv_r2",NA,NA,NA,NA,NA,"cz_hnscc_hpv"
"regulatory_T_cell","AR","rf",914,60,0.736084868354745,0.719218869380984,NA,"oob_r2",-0.0396775317224588,0.0196078431372549,TRUE,0.915336976320583,0.574867724867725,"cz_hnscc_hpv"
"regulatory_T_cell","AR","lm",914,60,NA,0.7152311045351,NA,"cv_r2",NA,NA,NA,NA,NA,"cz_hnscc_hpv"
"regulatory_T_cell","AR","ridge",914,60,NA,0.720783777503051,NA,"cv_r2",NA,NA,NA,NA,NA,"cz_hnscc_hpv"
"regulatory_T_cell","AR","spearman",914,60,NA,0.383893585225337,NA,"cv_r2",NA,NA,NA,NA,NA,"cz_hnscc_hpv"
"regulatory_T_cell","NR4A1","rf",914,60,0.718021642122279,0.711154704377314,NA,"oob_r2",-0.0415169349053639,0.0196078431372549,TRUE,0.931347596554599,0.648677248677249,"cz_hnscc_hpv"
"regulatory_T_cell","NR4A1","lm",914,60,NA,0.704431158464905,NA,"cv_r2",NA,NA,NA,NA,NA,"cz_hnscc_hpv"
"regulatory_T_cell","NR4A1","ridge",914,60,NA,0.708480445580339,NA,"cv_r2",NA,NA,NA,NA,NA,"cz_hnscc_hpv"
"regulatory_T_cell","NR4A1","spearman",914,60,NA,0.350880195596684,NA,"cv_r2",NA,NA,NA,NA,NA,"cz_hnscc_hpv"
"regulatory_T_cell","NR3C1","rf",914,60,0.72945868283658,0.713135644944779,NA,"oob_r2",-0.0448249032043048,0.0196078431372549,TRUE,0.925406440060511,0.591534391534391,"cz_hnscc_hpv"
"regulatory_T_cell","NR3C1","lm",914,60,NA,0.701226531487587,NA,"cv_r2",NA,NA,NA,NA,NA,"cz_hnscc_hpv"
"regulatory_T_cell","NR3C1","ridge",914,60,NA,0.70306541910178,NA,"cv_r2",NA,NA,NA,NA,NA,"cz_hnscc_hpv"
"regulatory_T_cell","NR3C1","spearman",914,60,NA,0.368161626554006,NA,"cv_r2",NA,NA,NA,NA,NA,"cz_hnscc_hpv"
"regulatory_T_cell","JUNB","rf",914,60,0.736590465800518,0.720840802128434,NA,"oob_r2",-0.04056950725442,0.0196078431372549,TRUE,0.921595504924207,0.679365079365079,"cz_hnscc_hpv"
"regulatory_T_cell","JUNB","lm",914,60,NA,0.729103740178559,NA,"cv_r2",NA,NA,NA,NA,NA,"cz_hnscc_hpv"
"regulatory_T_cell","JUNB","ridge",914,60,NA,0.730474006849921,NA,"cv_r2",NA,NA,NA,NA,NA,"cz_hnscc_hpv"
"regulatory_T_cell","JUNB","spearman",914,60,NA,0.397492203862333,NA,"cv_r2",NA,NA,NA,NA,NA,"cz_hnscc_hpv"
"regulatory_T_cell","KLF5","rf",914,60,0.722932026165514,0.704771340588982,NA,"oob_r2",-0.0499832094685778,0.0196078431372549,TRUE,0.917181933253064,0.733333333333333,"cz_hnscc_hpv"
"regulatory_T_cell","KLF5","lm",914,60,NA,0.698214866407607,NA,"cv_r2",NA,NA,NA,NA,NA,"cz_hnscc_hpv"
"regulatory_T_cell","KLF5","ridge",914,60,NA,0.702563327975177,NA,"cv_r2",NA,NA,NA,NA,NA,"cz_hnscc_hpv"
"regulatory_T_cell","KLF5","spearman",914,60,NA,0.406211975569621,NA,"cv_r2",NA,NA,NA,NA,NA,"cz_hnscc_hpv"
"regulatory_T_cell","PAX8","rf",914,60,0.782021321499053,0.777707736897625,NA,"oob_r2",-0.0456223458278066,0.0196078431372549,TRUE,0.937588836405174,1,"cz_hnscc_hpv"
"regulatory_T_cell","PAX8","lm",914,60,NA,0.77079405144484,NA,"cv_r2",NA,NA,NA,NA,NA,"cz_hnscc_hpv"
"regulatory_T_cell","PAX8","ridge",914,60,NA,0.773436300294148,NA,"cv_r2",NA,NA,NA,NA,NA,"cz_hnscc_hpv"
"regulatory_T_cell","PAX8","spearman",914,60,NA,0.432254183991561,NA,"cv_r2",NA,NA,NA,NA,NA,"cz_hnscc_hpv"
"regulatory_T_cell","NR4A2","rf",914,60,0.742693613686468,0.731990762219641,NA,"oob_r2",-0.0378586297911754,0.0196078431372549,TRUE,0.928071377851873,0.53968253968254,"cz_hnscc_hpv"
"regulatory_T_cell","NR4A2","lm",914,60,NA,0.742670310304234,NA,"cv_r2",NA,NA,NA,NA,NA,"cz_hnscc_hpv"
"regulatory_T_cell","NR4A2","ridge",914,60,NA,0.745865399854066,NA,"cv_r2",NA,NA,NA,NA,NA,"cz_hnscc_hpv"
"regulatory_T_cell","NR4A2","spearman",914,60,NA,0.322657075284294,NA,"cv_r2",NA,NA,NA,NA,NA,"cz_hnscc_hpv"
"regulatory_T_cell","PPARG","rf",914,60,0.788194350626086,0.784315172954927,NA,"oob_r2",-0.024920961860642,0.0196078431372549,TRUE,0.92473094378068,1,"cz_hnscc_hpv"
"regulatory_T_cell","PPARG","lm",914,60,NA,0.790220323924011,NA,"cv_r2",NA,NA,NA,NA,NA,"cz_hnscc_hpv"
"regulatory_T_cell","PPARG","ridge",914,60,NA,0.791311994202165,NA,"cv_r2",NA,NA,NA,NA,NA,"cz_hnscc_hpv"
"regulatory_T_cell","PPARG","spearman",914,60,NA,0.39782226907787,NA,"cv_r2",NA,NA,NA,NA,NA,"cz_hnscc_hpv"
"regulatory_T_cell","RUNX3","rf",914,60,0.750203761086918,0.742279152426596,NA,"oob_r2",-0.0463616718049932,0.0196078431372549,TRUE,0.916563242876108,0.881481481481481,"cz_hnscc_hpv"
"regulatory_T_cell","RUNX3","lm",914,60,NA,0.727648728392015,NA,"cv_r2",NA,NA,NA,NA,NA,"cz_hnscc_hpv"
"regulatory_T_cell","RUNX3","ridge",914,60,NA,0.73535117121934,NA,"cv_r2",NA,NA,NA,NA,NA,"cz_hnscc_hpv"
"regulatory_T_cell","RUNX3","spearman",914,60,NA,0.364056843765863,NA,"cv_r2",NA,NA,NA,NA,NA,"cz_hnscc_hpv"
"regulatory_T_cell","MAFA","rf",914,60,0.722594298512659,0.708354829924139,NA,"oob_r2",-0.0415671672290167,0.0196078431372549,TRUE,0.923400944706863,0.682539682539683,"cz_hnscc_hpv"
"regulatory_T_cell","MAFA","lm",914,60,NA,0.702056632447154,NA,"cv_r2",NA,NA,NA,NA,NA,"cz_hnscc_hpv"
"regulatory_T_cell","MAFA","ridge",914,60,NA,0.710082967045142,NA,"cv_r2",NA,NA,NA,NA,NA,"cz_hnscc_hpv"
"regulatory_T_cell","MAFA","spearman",914,60,NA,0.366381692033019,NA,"cv_r2",NA,NA,NA,NA,NA,"cz_hnscc_hpv"
"regulatory_T_cell","FOSL2","rf",914,60,0.744189045747684,0.743706335568888,NA,"oob_r2",-0.0464776043217874,0.0196078431372549,TRUE,0.920953351239542,0.868783068783069,"cz_hnscc_hpv"
"regulatory_T_cell","FOSL2","lm",914,60,NA,0.737731019262174,NA,"cv_r2",NA,NA,NA,NA,NA,"cz_hnscc_hpv"
"regulatory_T_cell","FOSL2","ridge",914,60,NA,0.741669398275527,NA,"cv_r2",NA,NA,NA,NA,NA,"cz_hnscc_hpv"
"regulatory_T_cell","FOSL2","spearman",914,60,NA,0.409580620669075,NA,"cv_r2",NA,NA,NA,NA,NA,"cz_hnscc_hpv"
"regulatory_T_cell","FOS","rf",914,60,0.630064043474334,0.626735939236364,NA,"oob_r2",-0.0443113588478876,0.0196078431372549,TRUE,0.917772220678584,0.601058201058201,"cz_hnscc_hpv"
"regulatory_T_cell","FOS","lm",914,60,NA,0.587439263371635,NA,"cv_r2",NA,NA,NA,NA,NA,"cz_hnscc_hpv"
"regulatory_T_cell","FOS","ridge",914,60,NA,0.594182193171044,NA,"cv_r2",NA,NA,NA,NA,NA,"cz_hnscc_hpv"
"regulatory_T_cell","FOS","spearman",914,60,NA,0.297387624160717,NA,"cv_r2",NA,NA,NA,NA,NA,"cz_hnscc_hpv"
"regulatory_T_cell","RFX8","rf",914,60,0.759376384488668,0.750697629932897,NA,"oob_r2",-0.0419381028368192,0.0196078431372549,TRUE,0.920482850174431,0.792592592592593,"cz_hnscc_hpv"
"regulatory_T_cell","RFX8","lm",914,60,NA,0.753601295790788,NA,"cv_r2",NA,NA,NA,NA,NA,"cz_hnscc_hpv"
"regulatory_T_cell","RFX8","ridge",914,60,NA,0.757553353476598,NA,"cv_r2",NA,NA,NA,NA,NA,"cz_hnscc_hpv"
"regulatory_T_cell","RFX8","spearman",914,60,NA,0.321304018207038,NA,"cv_r2",NA,NA,NA,NA,NA,"cz_hnscc_hpv"
"regulatory_T_cell","RUNX2","rf",914,60,0.773773455347562,0.760154680533663,NA,"oob_r2",-0.0373923422536612,0.0196078431372549,TRUE,0.904011608162761,0.785185185185185,"cz_hnscc_hpv"
"regulatory_T_cell","RUNX2","lm",914,60,NA,0.759217775505739,NA,"cv_r2",NA,NA,NA,NA,NA,"cz_hnscc_hpv"
"regulatory_T_cell","RUNX2","ridge",914,60,NA,0.764175387256294,NA,"cv_r2",NA,NA,NA,NA,NA,"cz_hnscc_hpv"
"regulatory_T_cell","RUNX2","spearman",914,60,NA,0.39089299098272,NA,"cv_r2",NA,NA,NA,NA,NA,"cz_hnscc_hpv"
"regulatory_T_cell","MAFB","rf",914,60,0.72663025832024,0.727706037617687,NA,"oob_r2",-0.0501289070988879,0.0196078431372549,TRUE,0.919181254052052,0.54047619047619,"cz_hnscc_hpv"
"regulatory_T_cell","MAFB","lm",914,60,NA,0.717099200648158,NA,"cv_r2",NA,NA,NA,NA,NA,"cz_hnscc_hpv"
"regulatory_T_cell","MAFB","ridge",914,60,NA,0.724943067769498,NA,"cv_r2",NA,NA,NA,NA,NA,"cz_hnscc_hpv"
"regulatory_T_cell","MAFB","spearman",914,60,NA,0.332147424661485,NA,"cv_r2",NA,NA,NA,NA,NA,"cz_hnscc_hpv"
"regulatory_T_cell","PRDM11","rf",914,60,0.704430220442559,0.696225352854869,NA,"oob_r2",-0.0379117221638572,0.0196078431372549,TRUE,0.91325615140008,0.726984126984127,"cz_hnscc_hpv"
"regulatory_T_cell","PRDM11","lm",914,60,NA,0.689160475152596,NA,"cv_r2",NA,NA,NA,NA,NA,"cz_hnscc_hpv"
"regulatory_T_cell","PRDM11","ridge",914,60,NA,0.693088620537437,NA,"cv_r2",NA,NA,NA,NA,NA,"cz_hnscc_hpv"
"regulatory_T_cell","PRDM11","spearman",914,60,NA,0.357774632015931,NA,"cv_r2",NA,NA,NA,NA,NA,"cz_hnscc_hpv"
"regulatory_T_cell","NFE2L2","rf",914,60,0.726551109115098,0.720402534880312,NA,"oob_r2",-0.0452408467587584,0.0196078431372549,TRUE,0.916922601957334,0.58042328042328,"cz_hnscc_hpv"
"regulatory_T_cell","NFE2L2","lm",914,60,NA,0.723449595960866,NA,"cv_r2",NA,NA,NA,NA,NA,"cz_hnscc_hpv"
"regulatory_T_cell","NFE2L2","ridge",914,60,NA,0.724435226213805,NA,"cv_r2",NA,NA,NA,NA,NA,"cz_hnscc_hpv"
"regulatory_T_cell","NFE2L2","spearman",914,60,NA,0.391274917995546,NA,"cv_r2",NA,NA,NA,NA,NA,"cz_hnscc_hpv"
"regulatory_T_cell","ZBTB1","rf",914,60,0.726287658931343,0.721693903763447,NA,"oob_r2",-0.0446293744393667,0.0196078431372549,TRUE,0.914404618566886,0.733333333333333,"cz_hnscc_hpv"
"regulatory_T_cell","ZBTB1","lm",914,60,NA,0.716103686148899,NA,"cv_r2",NA,NA,NA,NA,NA,"cz_hnscc_hpv"
"regulatory_T_cell","ZBTB1","ridge",914,60,NA,0.72464246617376,NA,"cv_r2",NA,NA,NA,NA,NA,"cz_hnscc_hpv"
"regulatory_T_cell","ZBTB1","spearman",914,60,NA,0.328679564298276,NA,"cv_r2",NA,NA,NA,NA,NA,"cz_hnscc_hpv"
"regulatory_T_cell","CREM","rf",914,60,0.741779049704817,0.734411218982703,NA,"oob_r2",-0.0525146078959004,0.0196078431372549,TRUE,0.916264394430552,0.614814814814815,"cz_hnscc_hpv"
"regulatory_T_cell","CREM","lm",914,60,NA,0.732292117024582,NA,"cv_r2",NA,NA,NA,NA,NA,"cz_hnscc_hpv"
"regulatory_T_cell","CREM","ridge",914,60,NA,0.736457917556647,NA,"cv_r2",NA,NA,NA,NA,NA,"cz_hnscc_hpv"
"regulatory_T_cell","CREM","spearman",914,60,NA,0.398840748883077,NA,"cv_r2",NA,NA,NA,NA,NA,"cz_hnscc_hpv"
"regulatory_T_cell","TWIST2","rf",914,60,0.758532976614354,0.749904132873894,NA,"oob_r2",-0.0404743711167448,0.0196078431372549,TRUE,0.910317063381804,0.755555555555556,"cz_hnscc_hpv"
"regulatory_T_cell","TWIST2","lm",914,60,NA,0.750975290138393,NA,"cv_r2",NA,NA,NA,NA,NA,"cz_hnscc_hpv"
"regulatory_T_cell","TWIST2","ridge",914,60,NA,0.753733271712174,NA,"cv_r2",NA,NA,NA,NA,NA,"cz_hnscc_hpv"
"regulatory_T_cell","TWIST2","spearman",914,60,NA,0.410387397745176,NA,"cv_r2",NA,NA,NA,NA,NA,"cz_hnscc_hpv"
"regulatory_T_cell","GRHL1","rf",914,60,0.687400083511488,0.66852371843339,NA,"oob_r2",-0.0485932150529204,0.0196078431372549,TRUE,0.910204686486987,0.881481481481481,"cz_hnscc_hpv"
"regulatory_T_cell","GRHL1","lm",914,60,NA,0.656840229450527,NA,"cv_r2",NA,NA,NA,NA,NA,"cz_hnscc_hpv"
"regulatory_T_cell","GRHL1","ridge",914,60,NA,0.664652334633093,NA,"cv_r2",NA,NA,NA,NA,NA,"cz_hnscc_hpv"
"regulatory_T_cell","GRHL1","spearman",914,60,NA,0.364995754981621,NA,"cv_r2",NA,NA,NA,NA,NA,"cz_hnscc_hpv"
"regulatory_T_cell","MYCN","rf",914,60,0.696480816324497,0.687285804801092,NA,"oob_r2",-0.0508865220699498,0.0196078431372549,TRUE,0.929577969188972,0.774603174603175,"cz_hnscc_hpv"
"regulatory_T_cell","MYCN","lm",914,60,NA,0.664155950344371,NA,"cv_r2",NA,NA,NA,NA,NA,"cz_hnscc_hpv"
"regulatory_T_cell","MYCN","ridge",914,60,NA,0.672795221143004,NA,"cv_r2",NA,NA,NA,NA,NA,"cz_hnscc_hpv"
"regulatory_T_cell","MYCN","spearman",914,60,NA,0.345456883340964,NA,"cv_r2",NA,NA,NA,NA,NA,"cz_hnscc_hpv"
"regulatory_T_cell","SOX2","rf",914,60,0.616918372573046,0.601527891798612,NA,"oob_r2",-0.0527430640989552,0.0196078431372549,TRUE,0.918856472476923,0.785185185185185,"cz_hnscc_hpv"
"regulatory_T_cell","SOX2","lm",914,60,NA,0.564390955967231,NA,"cv_r2",NA,NA,NA,NA,NA,"cz_hnscc_hpv"
"regulatory_T_cell","SOX2","ridge",914,60,NA,0.573231188733963,NA,"cv_r2",NA,NA,NA,NA,NA,"cz_hnscc_hpv"
"regulatory_T_cell","SOX2","spearman",914,60,NA,0.271275126752992,NA,"cv_r2",NA,NA,NA,NA,NA,"cz_hnscc_hpv"
"regulatory_T_cell","ZNF554","rf",914,60,0.522062989770844,0.506165682679605,NA,"oob_r2",-0.0416013072740621,0.0196078431372549,TRUE,0.9297755549381,0.785185185185185,"cz_hnscc_hpv"
"regulatory_T_cell","ZNF554","lm",914,60,NA,0.451783081483659,NA,"cv_r2",NA,NA,NA,NA,NA,"cz_hnscc_hpv"
"regulatory_T_cell","ZNF554","ridge",914,60,NA,0.470200409123134,NA,"cv_r2",NA,NA,NA,NA,NA,"cz_hnscc_hpv"
"regulatory_T_cell","ZNF554","spearman",914,60,NA,0.17629218442321,NA,"cv_r2",NA,NA,NA,NA,NA,"cz_hnscc_hpv"
"regulatory_T_cell","SOX9","rf",914,60,0.625568957571002,0.613109692295537,NA,"oob_r2",-0.0296828178982151,0.0196078431372549,TRUE,0.87781791238307,0.933333333333333,"cz_hnscc_hpv"
"regulatory_T_cell","SOX9","lm",914,60,NA,0.560058434841536,NA,"cv_r2",NA,NA,NA,NA,NA,"cz_hnscc_hpv"
"regulatory_T_cell","SOX9","ridge",914,60,NA,0.572685088159812,NA,"cv_r2",NA,NA,NA,NA,NA,"cz_hnscc_hpv"
"regulatory_T_cell","SOX9","spearman",914,60,NA,0.287827905204114,NA,"cv_r2",NA,NA,NA,NA,NA,"cz_hnscc_hpv"
"regulatory_T_cell","PKNOX1","rf",914,60,0.564377961009464,0.566114855603314,NA,"oob_r2",-0.0514407058632152,0.0196078431372549,TRUE,0.912133617362848,1,"cz_hnscc_hpv"
"regulatory_T_cell","PKNOX1","lm",914,60,NA,0.51177836288084,NA,"cv_r2",NA,NA,NA,NA,NA,"cz_hnscc_hpv"
"regulatory_T_cell","PKNOX1","ridge",914,60,NA,0.524230668096322,NA,"cv_r2",NA,NA,NA,NA,NA,"cz_hnscc_hpv"
"regulatory_T_cell","PKNOX1","spearman",914,60,NA,0.175129844092532,NA,"cv_r2",NA,NA,NA,NA,NA,"cz_hnscc_hpv"
"regulatory_T_cell","FOXD1","rf",914,60,0.554356663971684,0.546098146727468,NA,"oob_r2",-0.0444434928046743,0.0196078431372549,TRUE,0.886116513846439,0.668783068783069,"cz_hnscc_hpv"
"regulatory_T_cell","FOXD1","lm",914,60,NA,0.488548206828956,NA,"cv_r2",NA,NA,NA,NA,NA,"cz_hnscc_hpv"
"regulatory_T_cell","FOXD1","ridge",914,60,NA,0.497574994345915,NA,"cv_r2",NA,NA,NA,NA,NA,"cz_hnscc_hpv"
"regulatory_T_cell","FOXD1","spearman",914,60,NA,0.160320092844608,NA,"cv_r2",NA,NA,NA,NA,NA,"cz_hnscc_hpv"
"regulatory_T_cell","LMO2","rf",914,60,0.645871911017675,0.633066976106751,NA,"oob_r2",-0.0480208960255258,0.0196078431372549,TRUE,0.930580716865796,0.761904761904762,"cz_hnscc_hpv"
"regulatory_T_cell","LMO2","lm",914,60,NA,0.603998048203244,NA,"cv_r2",NA,NA,NA,NA,NA,"cz_hnscc_hpv"
"regulatory_T_cell","LMO2","ridge",914,60,NA,0.609983454137804,NA,"cv_r2",NA,NA,NA,NA,NA,"cz_hnscc_hpv"
"regulatory_T_cell","LMO2","spearman",914,60,NA,0.298870507609192,NA,"cv_r2",NA,NA,NA,NA,NA,"cz_hnscc_hpv"
"regulatory_T_cell","CEBPD","rf",914,60,0.548714690397803,0.544335202529352,NA,"oob_r2",-0.0413292272010658,0.0196078431372549,TRUE,0.897008428267111,0.758730158730159,"cz_hnscc_hpv"
"regulatory_T_cell","CEBPD","lm",914,60,NA,0.510692032371891,NA,"cv_r2",NA,NA,NA,NA,NA,"cz_hnscc_hpv"
"regulatory_T_cell","CEBPD","ridge",914,60,NA,0.527764011146477,NA,"cv_r2",NA,NA,NA,NA,NA,"cz_hnscc_hpv"
"regulatory_T_cell","CEBPD","spearman",914,60,NA,0.263213378808522,NA,"cv_r2",NA,NA,NA,NA,NA,"cz_hnscc_hpv"
"regulatory_T_cell","IRF7","rf",914,60,0.286168559433056,0.284937615188301,NA,"oob_r2",-0.102914289222964,0.0196078431372549,TRUE,0.79097156617579,0.724867724867725,"cz_hnscc_hpv"
"regulatory_T_cell","IRF7","lm",914,60,NA,0.165825737735215,NA,"cv_r2",NA,NA,NA,NA,NA,"cz_hnscc_hpv"
"regulatory_T_cell","IRF7","ridge",914,60,NA,0.200436762892418,NA,"cv_r2",NA,NA,NA,NA,NA,"cz_hnscc_hpv"
"regulatory_T_cell","IRF7","spearman",914,60,NA,0.104732148515052,NA,"cv_r2",NA,NA,NA,NA,NA,"cz_hnscc_hpv"
"regulatory_T_cell","RBPJ","rf",914,60,0.578368985506538,0.590893175103501,NA,"oob_r2",-0.0470760494649697,0.0196078431372549,TRUE,0.86593312957303,0.933333333333333,"cz_hnscc_hpv"
"regulatory_T_cell","RBPJ","lm",914,60,NA,0.538923842757769,NA,"cv_r2",NA,NA,NA,NA,NA,"cz_hnscc_hpv"
"regulatory_T_cell","RBPJ","ridge",914,60,NA,0.554450666015784,NA,"cv_r2",NA,NA,NA,NA,NA,"cz_hnscc_hpv"
"regulatory_T_cell","RBPJ","spearman",914,60,NA,0.310222869883818,NA,"cv_r2",NA,NA,NA,NA,NA,"cz_hnscc_hpv"
"regulatory_T_cell","POU3F1","rf",914,60,0.655573562048826,0.651632702106983,NA,"oob_r2",-0.0589537668732216,0.0196078431372549,TRUE,0.910846840171653,1,"cz_hnscc_hpv"
"regulatory_T_cell","POU3F1","lm",914,60,NA,0.631147239966807,NA,"cv_r2",NA,NA,NA,NA,NA,"cz_hnscc_hpv"
"regulatory_T_cell","POU3F1","ridge",914,60,NA,0.640395639618245,NA,"cv_r2",NA,NA,NA,NA,NA,"cz_hnscc_hpv"
"regulatory_T_cell","POU3F1","spearman",914,60,NA,0.270730006951284,NA,"cv_r2",NA,NA,NA,NA,NA,"cz_hnscc_hpv"
"regulatory_T_cell","CEBPA","rf",914,60,0.687324486182323,0.683577737151341,NA,"oob_r2",-0.0479264937612573,0.0196078431372549,TRUE,0.907380445185391,0.874074074074074,"cz_hnscc_hpv"
"regulatory_T_cell","CEBPA","lm",914,60,NA,0.684107052076389,NA,"cv_r2",NA,NA,NA,NA,NA,"cz_hnscc_hpv"
"regulatory_T_cell","CEBPA","ridge",914,60,NA,0.695086176394873,NA,"cv_r2",NA,NA,NA,NA,NA,"cz_hnscc_hpv"
"regulatory_T_cell","CEBPA","spearman",914,60,NA,0.317981989151728,NA,"cv_r2",NA,NA,NA,NA,NA,"cz_hnscc_hpv"
"regulatory_T_cell","ATF5","rf",914,60,0.642111721438434,0.628411605802002,NA,"oob_r2",-0.0434082274953275,0.0196078431372549,TRUE,0.91219536290945,0.725925925925926,"cz_hnscc_hpv"
"regulatory_T_cell","ATF5","lm",914,60,NA,0.573417168885774,NA,"cv_r2",NA,NA,NA,NA,NA,"cz_hnscc_hpv"
"regulatory_T_cell","ATF5","ridge",914,60,NA,0.588156727367315,NA,"cv_r2",NA,NA,NA,NA,NA,"cz_hnscc_hpv"
"regulatory_T_cell","ATF5","spearman",914,60,NA,0.282623368075226,NA,"cv_r2",NA,NA,NA,NA,NA,"cz_hnscc_hpv"
"regulatory_T_cell","ASCL1","rf",914,60,0.647971758285366,0.642894683849256,NA,"oob_r2",-0.0417949475139088,0.0196078431372549,TRUE,0.893544503102714,0.650793650793651,"cz_hnscc_hpv"
"regulatory_T_cell","ASCL1","lm",914,60,NA,0.598191444851105,NA,"cv_r2",NA,NA,NA,NA,NA,"cz_hnscc_hpv"
"regulatory_T_cell","ASCL1","ridge",914,60,NA,0.613977781640808,NA,"cv_r2",NA,NA,NA,NA,NA,"cz_hnscc_hpv"
"regulatory_T_cell","ASCL1","spearman",914,60,NA,0.261476931478085,NA,"cv_r2",NA,NA,NA,NA,NA,"cz_hnscc_hpv"
"regulatory_T_cell","HLF","rf",914,60,0.675547911106854,0.674999483884249,NA,"oob_r2",-0.0410066539877455,0.0196078431372549,TRUE,0.930004013460529,0.722751322751323,"cz_hnscc_hpv"
"regulatory_T_cell","HLF","lm",914,60,NA,0.67993394593086,NA,"cv_r2",NA,NA,NA,NA,NA,"cz_hnscc_hpv"
"regulatory_T_cell","HLF","ridge",914,60,NA,0.68366072765813,NA,"cv_r2",NA,NA,NA,NA,NA,"cz_hnscc_hpv"
"regulatory_T_cell","HLF","spearman",914,60,NA,0.272064828490067,NA,"cv_r2",NA,NA,NA,NA,NA,"cz_hnscc_hpv"
"regulatory_T_cell","SP100","rf",914,60,0.590961908832504,0.587211413790461,NA,"oob_r2",-0.047339777059942,0.0196078431372549,TRUE,0.890756074218147,0.77989417989418,"cz_hnscc_hpv"
"regulatory_T_cell","SP100","lm",914,60,NA,0.54282803370233,NA,"cv_r2",NA,NA,NA,NA,NA,"cz_hnscc_hpv"
"regulatory_T_cell","SP100","ridge",914,60,NA,0.554423933911508,NA,"cv_r2",NA,NA,NA,NA,NA,"cz_hnscc_hpv"
"regulatory_T_cell","SP100","spearman",914,60,NA,0.297850914158969,NA,"cv_r2",NA,NA,NA,NA,NA,"cz_hnscc_hpv"
"regulatory_T_cell","VDR","rf",914,60,0.737110329727539,0.73837657078901,NA,"oob_r2",-0.0494933118117837,0.0196078431372549,TRUE,0.915546911179031,0.762962962962963,"cz_hnscc_hpv"
"regulatory_T_cell","VDR","lm",914,60,NA,0.71216322104959,NA,"cv_r2",NA,NA,NA,NA,NA,"cz_hnscc_hpv"
"regulatory_T_cell","VDR","ridge",914,60,NA,0.71709438600166,NA,"cv_r2",NA,NA,NA,NA,NA,"cz_hnscc_hpv"
"regulatory_T_cell","VDR","spearman",914,60,NA,0.326033852011946,NA,"cv_r2",NA,NA,NA,NA,NA,"cz_hnscc_hpv"
"regulatory_T_cell","ZFP57","rf",914,60,0.574976730484464,0.583630057951628,NA,"oob_r2",-0.0445059534182404,0.0196078431372549,TRUE,0.921539933932265,0.755555555555556,"cz_hnscc_hpv"
"regulatory_T_cell","ZFP57","lm",914,60,NA,0.536913787380125,NA,"cv_r2",NA,NA,NA,NA,NA,"cz_hnscc_hpv"
"regulatory_T_cell","ZFP57","ridge",914,60,NA,0.545140849362929,NA,"cv_r2",NA,NA,NA,NA,NA,"cz_hnscc_hpv"
"regulatory_T_cell","ZFP57","spearman",914,60,NA,0.321588413032634,NA,"cv_r2",NA,NA,NA,NA,NA,"cz_hnscc_hpv"
"regulatory_T_cell","BCL11B","rf",914,60,0.769815343197326,0.763553636656163,NA,"oob_r2",-0.0457087268627387,0.0196078431372549,TRUE,0.89124015930351,0.762962962962963,"cz_hnscc_hpv"
"regulatory_T_cell","BCL11B","lm",914,60,NA,0.774066373992458,NA,"cv_r2",NA,NA,NA,NA,NA,"cz_hnscc_hpv"
"regulatory_T_cell","BCL11B","ridge",914,60,NA,0.77638077251521,NA,"cv_r2",NA,NA,NA,NA,NA,"cz_hnscc_hpv"
"regulatory_T_cell","BCL11B","spearman",914,60,NA,0.349981775554611,NA,"cv_r2",NA,NA,NA,NA,NA,"cz_hnscc_hpv"
"regulatory_T_cell","ZNF816","rf",914,60,0.570212464872219,0.565748547839647,NA,"oob_r2",-0.0457446826399122,0.0196078431372549,TRUE,0.906160353184527,0.814814814814815,"cz_hnscc_hpv"
"regulatory_T_cell","ZNF816","lm",914,60,NA,0.541614645013344,NA,"cv_r2",NA,NA,NA,NA,NA,"cz_hnscc_hpv"
"regulatory_T_cell","ZNF816","ridge",914,60,NA,0.554780721594289,NA,"cv_r2",NA,NA,NA,NA,NA,"cz_hnscc_hpv"
"regulatory_T_cell","ZNF816","spearman",914,60,NA,0.148424250764624,NA,"cv_r2",NA,NA,NA,NA,NA,"cz_hnscc_hpv"
"regulatory_T_cell","JUN","rf",914,60,0.660316541957592,0.652239841151009,NA,"oob_r2",-0.0551423895004284,0.0196078431372549,TRUE,0.933730974653453,0.874074074074074,"cz_hnscc_hpv"
"regulatory_T_cell","JUN","lm",914,60,NA,0.632607279803848,NA,"cv_r2",NA,NA,NA,NA,NA,"cz_hnscc_hpv"
"regulatory_T_cell","JUN","ridge",914,60,NA,0.639635319242014,NA,"cv_r2",NA,NA,NA,NA,NA,"cz_hnscc_hpv"
"regulatory_T_cell","JUN","spearman",914,60,NA,0.295698756370084,NA,"cv_r2",NA,NA,NA,NA,NA,"cz_hnscc_hpv"
"regulatory_T_cell","IKZF3","rf",914,60,0.667298475145526,0.660988132023185,NA,"oob_r2",-0.0446303007706375,0.0196078431372549,TRUE,0.907045784322806,1,"cz_hnscc_hpv"
"regulatory_T_cell","IKZF3","lm",914,60,NA,0.628027294271015,NA,"cv_r2",NA,NA,NA,NA,NA,"cz_hnscc_hpv"
"regulatory_T_cell","IKZF3","ridge",914,60,NA,0.642607503283899,NA,"cv_r2",NA,NA,NA,NA,NA,"cz_hnscc_hpv"
"regulatory_T_cell","IKZF3","spearman",914,60,NA,0.325646229796203,NA,"cv_r2",NA,NA,NA,NA,NA,"cz_hnscc_hpv"
"regulatory_T_cell","CHD2","rf",914,60,0.592104827113276,0.576009791118688,NA,"oob_r2",-0.048361912396693,0.0196078431372549,TRUE,0.915948257231947,0.668783068783069,"cz_hnscc_hpv"
"regulatory_T_cell","CHD2","lm",914,60,NA,0.529015659389922,NA,"cv_r2",NA,NA,NA,NA,NA,"cz_hnscc_hpv"
"regulatory_T_cell","CHD2","ridge",914,60,NA,0.539336902842152,NA,"cv_r2",NA,NA,NA,NA,NA,"cz_hnscc_hpv"
"regulatory_T_cell","CHD2","spearman",914,60,NA,0.289734037966683,NA,"cv_r2",NA,NA,NA,NA,NA,"cz_hnscc_hpv"
"regulatory_T_cell","NFIA","rf",914,60,0.684705897763536,0.68726523890605,NA,"oob_r2",-0.0432222683436005,0.0196078431372549,TRUE,0.914225556481739,0.785185185185185,"cz_hnscc_hpv"
"regulatory_T_cell","NFIA","lm",914,60,NA,0.658153881194756,NA,"cv_r2",NA,NA,NA,NA,NA,"cz_hnscc_hpv"
"regulatory_T_cell","NFIA","ridge",914,60,NA,0.675519544540773,NA,"cv_r2",NA,NA,NA,NA,NA,"cz_hnscc_hpv"
"regulatory_T_cell","NFIA","spearman",914,60,NA,0.334623540495579,NA,"cv_r2",NA,NA,NA,NA,NA,"cz_hnscc_hpv"
"regulatory_T_cell","FOXB1","rf",914,60,0.687077345529534,0.688053570248378,NA,"oob_r2",-0.0435448167797057,0.0196078431372549,TRUE,0.906428328856781,0.874074074074074,"cz_hnscc_hpv"
"regulatory_T_cell","FOXB1","lm",914,60,NA,0.629895635868441,NA,"cv_r2",NA,NA,NA,NA,NA,"cz_hnscc_hpv"
"regulatory_T_cell","FOXB1","ridge",914,60,NA,0.641190567451522,NA,"cv_r2",NA,NA,NA,NA,NA,"cz_hnscc_hpv"
"regulatory_T_cell","FOXB1","spearman",914,60,NA,0.277296409249293,NA,"cv_r2",NA,NA,NA,NA,NA,"cz_hnscc_hpv"
"regulatory_T_cell","FOXJ1","rf",914,60,0.65716001644215,0.646457655669946,NA,"oob_r2",-0.0440786085269123,0.0196078431372549,TRUE,0.920936062486493,1,"cz_hnscc_hpv"
"regulatory_T_cell","FOXJ1","lm",914,60,NA,0.621967719679012,NA,"cv_r2",NA,NA,NA,NA,NA,"cz_hnscc_hpv"
"regulatory_T_cell","FOXJ1","ridge",914,60,NA,0.631066448852816,NA,"cv_r2",NA,NA,NA,NA,NA,"cz_hnscc_hpv"
"regulatory_T_cell","FOXJ1","spearman",914,60,NA,0.296034382852972,NA,"cv_r2",NA,NA,NA,NA,NA,"cz_hnscc_hpv"
"regulatory_T_cell","RORA","rf",914,60,0.672041824850516,0.67589175655086,NA,"oob_r2",-0.0446726367463063,0.0196078431372549,TRUE,0.90267296471242,0.874074074074074,"cz_hnscc_hpv"
"regulatory_T_cell","RORA","lm",914,60,NA,0.634562140498133,NA,"cv_r2",NA,NA,NA,NA,NA,"cz_hnscc_hpv"
"regulatory_T_cell","RORA","ridge",914,60,NA,0.642724210423066,NA,"cv_r2",NA,NA,NA,NA,NA,"cz_hnscc_hpv"
"regulatory_T_cell","RORA","spearman",914,60,NA,0.211931214547681,NA,"cv_r2",NA,NA,NA,NA,NA,"cz_hnscc_hpv"
"regulatory_T_cell","JUND","rf",914,60,0.605461461300771,0.593742152803833,NA,"oob_r2",-0.0501451113343555,0.0196078431372549,TRUE,0.932387391559384,0.874074074074074,"cz_hnscc_hpv"
"regulatory_T_cell","JUND","lm",914,60,NA,0.561883695801217,NA,"cv_r2",NA,NA,NA,NA,NA,"cz_hnscc_hpv"
"regulatory_T_cell","JUND","ridge",914,60,NA,0.573099706358083,NA,"cv_r2",NA,NA,NA,NA,NA,"cz_hnscc_hpv"
"regulatory_T_cell","JUND","spearman",914,60,NA,0.194967289916911,NA,"cv_r2",NA,NA,NA,NA,NA,"cz_hnscc_hpv"
"regulatory_T_cell","ZSCAN22","rf",914,60,0.661975627336716,0.656285296803559,NA,"oob_r2",-0.0543952297951064,0.0196078431372549,TRUE,0.927477385693557,0.755555555555556,"cz_hnscc_hpv"
"regulatory_T_cell","ZSCAN22","lm",914,60,NA,0.628426988355233,NA,"cv_r2",NA,NA,NA,NA,NA,"cz_hnscc_hpv"
"regulatory_T_cell","ZSCAN22","ridge",914,60,NA,0.644690931612585,NA,"cv_r2",NA,NA,NA,NA,NA,"cz_hnscc_hpv"
"regulatory_T_cell","ZSCAN22","spearman",914,60,NA,0.210020172143034,NA,"cv_r2",NA,NA,NA,NA,NA,"cz_hnscc_hpv"
"regulatory_T_cell","POU2F2","rf",914,60,0.785312359083416,0.781807058276721,NA,"oob_r2",-0.0455117451407383,0.0196078431372549,TRUE,0.894457102281498,0.8,"cz_hnscc_hpv"
"regulatory_T_cell","POU2F2","lm",914,60,NA,0.777060119223716,NA,"cv_r2",NA,NA,NA,NA,NA,"cz_hnscc_hpv"
"regulatory_T_cell","POU2F2","ridge",914,60,NA,0.78078327502832,NA,"cv_r2",NA,NA,NA,NA,NA,"cz_hnscc_hpv"
"regulatory_T_cell","POU2F2","spearman",914,60,NA,0.535874196295082,NA,"cv_r2",NA,NA,NA,NA,NA,"cz_hnscc_hpv"
"regulatory_T_cell","KLF2","rf",914,60,0.628256250764091,0.624934520505967,NA,"oob_r2",-0.0542822206291547,0.0196078431372549,TRUE,0.913764934704085,0.933333333333333,"cz_hnscc_hpv"
"regulatory_T_cell","KLF2","lm",914,60,NA,0.594075710178487,NA,"cv_r2",NA,NA,NA,NA,NA,"cz_hnscc_hpv"
"regulatory_T_cell","KLF2","ridge",914,60,NA,0.599767177048132,NA,"cv_r2",NA,NA,NA,NA,NA,"cz_hnscc_hpv"
"regulatory_T_cell","KLF2","spearman",914,60,NA,0.201715711036113,NA,"cv_r2",NA,NA,NA,NA,NA,"cz_hnscc_hpv"
"regulatory_T_cell","TCF4","rf",914,60,0.731015795659394,0.725840605053793,NA,"oob_r2",-0.0441763812012074,0.0196078431372549,TRUE,0.923904788367139,0.933333333333333,"cz_hnscc_hpv"
"regulatory_T_cell","TCF4","lm",914,60,NA,0.71890393412647,NA,"cv_r2",NA,NA,NA,NA,NA,"cz_hnscc_hpv"
"regulatory_T_cell","TCF4","ridge",914,60,NA,0.727608529047058,NA,"cv_r2",NA,NA,NA,NA,NA,"cz_hnscc_hpv"
"regulatory_T_cell","TCF4","spearman",914,60,NA,0.342738048759138,NA,"cv_r2",NA,NA,NA,NA,NA,"cz_hnscc_hpv"
"regulatory_T_cell","ELF1","rf",914,60,0.563683770304866,0.543627441662075,NA,"oob_r2",-0.0363008429835535,0.0196078431372549,TRUE,0.90715692630669,0.73015873015873,"cz_hnscc_hpv"
"regulatory_T_cell","ELF1","lm",914,60,NA,0.503516164491945,NA,"cv_r2",NA,NA,NA,NA,NA,"cz_hnscc_hpv"
"regulatory_T_cell","ELF1","ridge",914,60,NA,0.514502577580525,NA,"cv_r2",NA,NA,NA,NA,NA,"cz_hnscc_hpv"
"regulatory_T_cell","ELF1","spearman",914,60,NA,0.225263262257364,NA,"cv_r2",NA,NA,NA,NA,NA,"cz_hnscc_hpv"
"regulatory_T_cell","IKZF4","rf",914,60,0.454074480414949,0.460609226565239,NA,"oob_r2",-0.0620748696794852,0.0196078431372549,TRUE,0.854993053626007,0.64021164021164,"cz_hnscc_hpv"
"regulatory_T_cell","IKZF4","lm",914,60,NA,0.387088318297401,NA,"cv_r2",NA,NA,NA,NA,NA,"cz_hnscc_hpv"
"regulatory_T_cell","IKZF4","ridge",914,60,NA,0.411749653229719,NA,"cv_r2",NA,NA,NA,NA,NA,"cz_hnscc_hpv"
"regulatory_T_cell","IKZF4","spearman",914,60,NA,0.120828637754449,NA,"cv_r2",NA,NA,NA,NA,NA,"cz_hnscc_hpv"
"regulatory_T_cell","MAF","rf",914,60,0.790185510937192,0.777752149899958,NA,"oob_r2",-0.0558068334623989,0.0196078431372549,TRUE,0.895098021055232,1,"cz_hnscc_hpv"
"regulatory_T_cell","MAF","lm",914,60,NA,0.770524574517494,NA,"cv_r2",NA,NA,NA,NA,NA,"cz_hnscc_hpv"
"regulatory_T_cell","MAF","ridge",914,60,NA,0.776189828739381,NA,"cv_r2",NA,NA,NA,NA,NA,"cz_hnscc_hpv"
"regulatory_T_cell","MAF","spearman",914,60,NA,0.383338797532429,NA,"cv_r2",NA,NA,NA,NA,NA,"cz_hnscc_hpv"
"regulatory_T_cell","ENO1","rf",914,60,0.800045020870365,0.800979558405249,NA,"oob_r2",-0.0413660667956192,0.0196078431372549,TRUE,0.925585502145658,0.77037037037037,"cz_hnscc_hpv"
"regulatory_T_cell","ENO1","lm",914,60,NA,0.781104131486953,NA,"cv_r2",NA,NA,NA,NA,NA,"cz_hnscc_hpv"
"regulatory_T_cell","ENO1","ridge",914,60,NA,0.782826242518983,NA,"cv_r2",NA,NA,NA,NA,NA,"cz_hnscc_hpv"
"regulatory_T_cell","ENO1","spearman",914,60,NA,0.509045276660328,NA,"cv_r2",NA,NA,NA,NA,NA,"cz_hnscc_hpv"
"regulatory_T_cell","KLF6","rf",914,60,0.511804659705812,0.507372453824259,NA,"oob_r2",-0.0390793401632445,0.0196078431372549,TRUE,0.926348677101664,0.711111111111111,"cz_hnscc_hpv"
"regulatory_T_cell","KLF6","lm",914,60,NA,0.458103922627612,NA,"cv_r2",NA,NA,NA,NA,NA,"cz_hnscc_hpv"
"regulatory_T_cell","KLF6","ridge",914,60,NA,0.470615978877956,NA,"cv_r2",NA,NA,NA,NA,NA,"cz_hnscc_hpv"
"regulatory_T_cell","KLF6","spearman",914,60,NA,0.193956620396596,NA,"cv_r2",NA,NA,NA,NA,NA,"cz_hnscc_hpv"
"regulatory_T_cell","HMGN3","rf",914,60,0.694614076864432,0.682846008668418,NA,"oob_r2",-0.0380265323899759,0.0196078431372549,TRUE,0.922827946034392,0.933333333333333,"cz_hnscc_hpv"
"regulatory_T_cell","HMGN3","lm",914,60,NA,0.661007110521331,NA,"cv_r2",NA,NA,NA,NA,NA,"cz_hnscc_hpv"
"regulatory_T_cell","HMGN3","ridge",914,60,NA,0.670113352996472,NA,"cv_r2",NA,NA,NA,NA,NA,"cz_hnscc_hpv"
"regulatory_T_cell","HMGN3","spearman",914,60,NA,0.274833690293086,NA,"cv_r2",NA,NA,NA,NA,NA,"cz_hnscc_hpv"
"regulatory_T_cell","HES1","rf",914,60,0.553982470407315,0.545270179485709,NA,"oob_r2",-0.0553148384203441,0.0196078431372549,TRUE,0.91219536290945,0.77037037037037,"cz_hnscc_hpv"
"regulatory_T_cell","HES1","lm",914,60,NA,0.483500039671777,NA,"cv_r2",NA,NA,NA,NA,NA,"cz_hnscc_hpv"
"regulatory_T_cell","HES1","ridge",914,60,NA,0.496107558266776,NA,"cv_r2",NA,NA,NA,NA,NA,"cz_hnscc_hpv"
"regulatory_T_cell","HES1","spearman",914,60,NA,0.136682499684033,NA,"cv_r2",NA,NA,NA,NA,NA,"cz_hnscc_hpv"
"regulatory_T_cell","KLF10","rf",914,60,0.666897212240494,0.656545981368457,NA,"oob_r2",-0.0421811584348295,0.0196078431372549,TRUE,0.928477663548517,0.678571428571428,"cz_hnscc_hpv"
"regulatory_T_cell","KLF10","lm",914,60,NA,0.629293956061783,NA,"cv_r2",NA,NA,NA,NA,NA,"cz_hnscc_hpv"
"regulatory_T_cell","KLF10","ridge",914,60,NA,0.637458767956671,NA,"cv_r2",NA,NA,NA,NA,NA,"cz_hnscc_hpv"
"regulatory_T_cell","KLF10","spearman",914,60,NA,0.316024696754225,NA,"cv_r2",NA,NA,NA,NA,NA,"cz_hnscc_hpv"
"regulatory_T_cell","FOSB","rf",914,60,0.7399341514846,0.732750396814903,NA,"oob_r2",-0.0495823309321821,0.0196078431372549,TRUE,0.91450341144145,0.706878306878307,"cz_hnscc_hpv"
"regulatory_T_cell","FOSB","lm",914,60,NA,0.723661500252277,NA,"cv_r2",NA,NA,NA,NA,NA,"cz_hnscc_hpv"
"regulatory_T_cell","FOSB","ridge",914,60,NA,0.729919586877481,NA,"cv_r2",NA,NA,NA,NA,NA,"cz_hnscc_hpv"
"regulatory_T_cell","FOSB","spearman",914,60,NA,0.423189139328795,NA,"cv_r2",NA,NA,NA,NA,NA,"cz_hnscc_hpv"
"regulatory_T_cell","ZNF331","rf",914,60,0.786757201621969,0.788925605618086,NA,"oob_r2",-0.0470773959530049,0.0196078431372549,TRUE,0.914241610323856,1,"cz_hnscc_hpv"
"regulatory_T_cell","ZNF331","lm",914,60,NA,0.782889567422999,NA,"cv_r2",NA,NA,NA,NA,NA,"cz_hnscc_hpv"
"regulatory_T_cell","ZNF331","ridge",914,60,NA,0.788840030627617,NA,"cv_r2",NA,NA,NA,NA,NA,"cz_hnscc_hpv"
"regulatory_T_cell","ZNF331","spearman",914,60,NA,0.421044876307865,NA,"cv_r2",NA,NA,NA,NA,NA,"cz_hnscc_hpv"
"regulatory_T_cell","BHLHE40","rf",914,60,0.62721256874649,0.618780928228364,NA,"oob_r2",-0.0524771948447376,0.0196078431372549,TRUE,0.905146491309314,0.814814814814815,"cz_hnscc_hpv"
"regulatory_T_cell","BHLHE40","lm",914,60,NA,0.582088437903924,NA,"cv_r2",NA,NA,NA,NA,NA,"cz_hnscc_hpv"
"regulatory_T_cell","BHLHE40","ridge",914,60,NA,0.591190395896805,NA,"cv_r2",NA,NA,NA,NA,NA,"cz_hnscc_hpv"
"regulatory_T_cell","BHLHE40","spearman",914,60,NA,0.176760165194384,NA,"cv_r2",NA,NA,NA,NA,NA,"cz_hnscc_hpv"
"regulatory_T_cell","EOMES","rf",914,60,0.72365031033836,0.708698189591481,NA,"oob_r2",-0.044587087920076,0.0196078431372549,TRUE,0.928299836374302,0.661375661375661,"cz_hnscc_hpv"
"regulatory_T_cell","EOMES","lm",914,60,NA,0.70436696879117,NA,"cv_r2",NA,NA,NA,NA,NA,"cz_hnscc_hpv"
"regulatory_T_cell","EOMES","ridge",914,60,NA,0.714854218058113,NA,"cv_r2",NA,NA,NA,NA,NA,"cz_hnscc_hpv"
"regulatory_T_cell","EOMES","spearman",914,60,NA,0.288635280772995,NA,"cv_r2",NA,NA,NA,NA,NA,"cz_hnscc_hpv"
"regulatory_T_cell","ASCL2","rf",914,60,0.739760655388418,0.740194703881763,NA,"oob_r2",-0.047907578219608,0.0196078431372549,TRUE,0.902066623444784,0.784126984126984,"cz_hnscc_hpv"
"regulatory_T_cell","ASCL2","lm",914,60,NA,0.713066029698277,NA,"cv_r2",NA,NA,NA,NA,NA,"cz_hnscc_hpv"
"regulatory_T_cell","ASCL2","ridge",914,60,NA,0.72613458726205,NA,"cv_r2",NA,NA,NA,NA,NA,"cz_hnscc_hpv"
"regulatory_T_cell","ASCL2","spearman",914,60,NA,0.345839544215877,NA,"cv_r2",NA,NA,NA,NA,NA,"cz_hnscc_hpv"
"regulatory_T_cell","IKZF1","rf",914,60,0.712087456315548,0.702463164979842,NA,"oob_r2",-0.0437017019241789,0.0196078431372549,TRUE,0.916934951066654,0.689153439153439,"cz_hnscc_hpv"
"regulatory_T_cell","IKZF1","lm",914,60,NA,0.682266244840042,NA,"cv_r2",NA,NA,NA,NA,NA,"cz_hnscc_hpv"
"regulatory_T_cell","IKZF1","ridge",914,60,NA,0.692757794511257,NA,"cv_r2",NA,NA,NA,NA,NA,"cz_hnscc_hpv"
"regulatory_T_cell","IKZF1","spearman",914,60,NA,0.280171591321768,NA,"cv_r2",NA,NA,NA,NA,NA,"cz_hnscc_hpv"
"regulatory_T_cell","STAT1","rf",914,60,0.362898103510022,0.327083244906607,NA,"oob_r2",-0.0912977400688201,0.0196078431372549,TRUE,0.789161186749406,0.681481481481481,"cz_hnscc_hpv"
"regulatory_T_cell","STAT1","lm",914,60,NA,0.206755924192902,NA,"cv_r2",NA,NA,NA,NA,NA,"cz_hnscc_hpv"
"regulatory_T_cell","STAT1","ridge",914,60,NA,0.239418856842902,NA,"cv_r2",NA,NA,NA,NA,NA,"cz_hnscc_hpv"
"regulatory_T_cell","STAT1","spearman",914,60,NA,0.0507709695051997,NA,"cv_r2",NA,NA,NA,NA,NA,"cz_hnscc_hpv"
"regulatory_T_cell","JDP2","rf",914,60,0.742422383055541,0.738217458639593,NA,"oob_r2",-0.045321033655494,0.0196078431372549,TRUE,0.918949090796826,1,"cz_hnscc_hpv"
"regulatory_T_cell","JDP2","lm",914,60,NA,0.736447435208276,NA,"cv_r2",NA,NA,NA,NA,NA,"cz_hnscc_hpv"
"regulatory_T_cell","JDP2","ridge",914,60,NA,0.741278586420727,NA,"cv_r2",NA,NA,NA,NA,NA,"cz_hnscc_hpv"
"regulatory_T_cell","JDP2","spearman",914,60,NA,0.412200042311257,NA,"cv_r2",NA,NA,NA,NA,NA,"cz_hnscc_hpv"
"regulatory_T_cell","ETS1","rf",914,60,0.683783481603561,0.673070577575796,NA,"oob_r2",-0.0354229646150567,0.0196078431372549,TRUE,0.922082059831435,0.64973544973545,"cz_hnscc_hpv"
"regulatory_T_cell","ETS1","lm",914,60,NA,0.681746814145409,NA,"cv_r2",NA,NA,NA,NA,NA,"cz_hnscc_hpv"
"regulatory_T_cell","ETS1","ridge",914,60,NA,0.683127235965906,NA,"cv_r2",NA,NA,NA,NA,NA,"cz_hnscc_hpv"
"regulatory_T_cell","ETS1","spearman",914,60,NA,0.378958978529606,NA,"cv_r2",NA,NA,NA,NA,NA,"cz_hnscc_hpv"
"regulatory_T_cell","SOX21","rf",914,60,0.71286666787357,0.704754173606027,NA,"oob_r2",-0.0424158560233971,0.0196078431372549,TRUE,0.922303108888272,0.676190476190476,"cz_hnscc_hpv"
"regulatory_T_cell","SOX21","lm",914,60,NA,0.705992908002337,NA,"cv_r2",NA,NA,NA,NA,NA,"cz_hnscc_hpv"
"regulatory_T_cell","SOX21","ridge",914,60,NA,0.715589210522997,NA,"cv_r2",NA,NA,NA,NA,NA,"cz_hnscc_hpv"
"regulatory_T_cell","SOX21","spearman",914,60,NA,0.275522425174831,NA,"cv_r2",NA,NA,NA,NA,NA,"cz_hnscc_hpv"
"regulatory_T_cell","TEAD1","rf",914,60,0.681890584536982,0.692843369439018,NA,"oob_r2",-0.0408605510819312,0.0196078431372549,TRUE,0.90240128430737,0.757671957671958,"cz_hnscc_hpv"
"regulatory_T_cell","TEAD1","lm",914,60,NA,0.652417155153489,NA,"cv_r2",NA,NA,NA,NA,NA,"cz_hnscc_hpv"
"regulatory_T_cell","TEAD1","ridge",914,60,NA,0.663272198129921,NA,"cv_r2",NA,NA,NA,NA,NA,"cz_hnscc_hpv"
"regulatory_T_cell","TEAD1","spearman",914,60,NA,0.261473905706199,NA,"cv_r2",NA,NA,NA,NA,NA,"cz_hnscc_hpv"
"regulatory_T_cell","REL","rf",914,60,0.702782527721226,0.696462820427974,NA,"oob_r2",-0.046385402000007,0.0196078431372549,TRUE,0.941883856626841,0.696560846560846,"cz_hnscc_hpv"
"regulatory_T_cell","REL","lm",914,60,NA,0.672698404796714,NA,"cv_r2",NA,NA,NA,NA,NA,"cz_hnscc_hpv"
"regulatory_T_cell","REL","ridge",914,60,NA,0.67700720879905,NA,"cv_r2",NA,NA,NA,NA,NA,"cz_hnscc_hpv"
"regulatory_T_cell","REL","spearman",914,60,NA,0.36493284424938,NA,"cv_r2",NA,NA,NA,NA,NA,"cz_hnscc_hpv"
"regulatory_T_cell","ZBTB14","rf",914,60,0.618327734414612,0.609640665248673,NA,"oob_r2",-0.0483265505775583,0.0196078431372549,TRUE,0.898071686579606,0.82962962962963,"cz_hnscc_hpv"
"regulatory_T_cell","ZBTB14","lm",914,60,NA,0.564937313468823,NA,"cv_r2",NA,NA,NA,NA,NA,"cz_hnscc_hpv"
"regulatory_T_cell","ZBTB14","ridge",914,60,NA,0.57985180154804,NA,"cv_r2",NA,NA,NA,NA,NA,"cz_hnscc_hpv"
"regulatory_T_cell","ZBTB14","spearman",914,60,NA,0.187477910708408,NA,"cv_r2",NA,NA,NA,NA,NA,"cz_hnscc_hpv"
"regulatory_T_cell","MYBL2","rf",914,60,0.729862490294224,0.720551372865949,NA,"oob_r2",-0.0438974825483685,0.0196078431372549,TRUE,0.918524281436202,0.708994708994709,"cz_hnscc_hpv"
"regulatory_T_cell","MYBL2","lm",914,60,NA,0.69513104916781,NA,"cv_r2",NA,NA,NA,NA,NA,"cz_hnscc_hpv"
"regulatory_T_cell","MYBL2","ridge",914,60,NA,0.705816787662349,NA,"cv_r2",NA,NA,NA,NA,NA,"cz_hnscc_hpv"
"regulatory_T_cell","MYBL2","spearman",914,60,NA,0.353335546684362,NA,"cv_r2",NA,NA,NA,NA,NA,"cz_hnscc_hpv"
"regulatory_T_cell","KLF3","rf",914,60,0.737183690194923,0.731684009434024,NA,"oob_r2",-0.0453429152230075,0.0196078431372549,TRUE,0.944170911672996,0.733333333333333,"cz_hnscc_hpv"
"regulatory_T_cell","KLF3","lm",914,60,NA,0.697799094563034,NA,"cv_r2",NA,NA,NA,NA,NA,"cz_hnscc_hpv"
"regulatory_T_cell","KLF3","ridge",914,60,NA,0.705264873608047,NA,"cv_r2",NA,NA,NA,NA,NA,"cz_hnscc_hpv"
"regulatory_T_cell","KLF3","spearman",914,60,NA,0.392484681248362,NA,"cv_r2",NA,NA,NA,NA,NA,"cz_hnscc_hpv"
"regulatory_T_cell","ID3","rf",914,60,0.765979682721356,0.75964100563166,NA,"oob_r2",-0.0553478361130215,0.0196078431372549,TRUE,0.892177456700936,0.758730158730159,"cz_hnscc_hpv"
"regulatory_T_cell","ID3","lm",914,60,NA,0.738874659241568,NA,"cv_r2",NA,NA,NA,NA,NA,"cz_hnscc_hpv"
"regulatory_T_cell","ID3","ridge",914,60,NA,0.744493240218218,NA,"cv_r2",NA,NA,NA,NA,NA,"cz_hnscc_hpv"
"regulatory_T_cell","ID3","spearman",914,60,NA,0.529900547337444,NA,"cv_r2",NA,NA,NA,NA,NA,"cz_hnscc_hpv"
"regulatory_T_cell","TP63","rf",914,60,0.750014242883431,0.750960115100378,NA,"oob_r2",-0.0422191341896546,0.0196078431372549,TRUE,0.902780401963509,0.881481481481481,"cz_hnscc_hpv"
"regulatory_T_cell","TP63","lm",914,60,NA,0.749300454158171,NA,"cv_r2",NA,NA,NA,NA,NA,"cz_hnscc_hpv"
"regulatory_T_cell","TP63","ridge",914,60,NA,0.754453996031169,NA,"cv_r2",NA,NA,NA,NA,NA,"cz_hnscc_hpv"
"regulatory_T_cell","TP63","spearman",914,60,NA,0.271770150280482,NA,"cv_r2",NA,NA,NA,NA,NA,"cz_hnscc_hpv"
"regulatory_T_cell","ID1","rf",914,60,0.736439334566885,0.736139536398851,NA,"oob_r2",-0.0443595003202406,0.0196078431372549,TRUE,0.932657837053503,0.607407407407407,"cz_hnscc_hpv"
"regulatory_T_cell","ID1","lm",914,60,NA,0.723005225671982,NA,"cv_r2",NA,NA,NA,NA,NA,"cz_hnscc_hpv"
"regulatory_T_cell","ID1","ridge",914,60,NA,0.732049552632454,NA,"cv_r2",NA,NA,NA,NA,NA,"cz_hnscc_hpv"
"regulatory_T_cell","ID1","spearman",914,60,NA,0.358141866084889,NA,"cv_r2",NA,NA,NA,NA,NA,"cz_hnscc_hpv"
"regulatory_T_cell","PLAGL1","rf",914,60,0.792330781210043,0.786910573542067,NA,"oob_r2",-0.0437138268347446,0.0196078431372549,TRUE,0.91590750517119,0.665608465608466,"cz_hnscc_hpv"
"regulatory_T_cell","PLAGL1","lm",914,60,NA,0.790689950037635,NA,"cv_r2",NA,NA,NA,NA,NA,"cz_hnscc_hpv"
"regulatory_T_cell","PLAGL1","ridge",914,60,NA,0.797409235143402,NA,"cv_r2",NA,NA,NA,NA,NA,"cz_hnscc_hpv"
"regulatory_T_cell","PLAGL1","spearman",914,60,NA,0.427960110157883,NA,"cv_r2",NA,NA,NA,NA,NA,"cz_hnscc_hpv"
"regulatory_T_cell","ID2","rf",914,60,0.806709153868417,0.801801149503585,NA,"oob_r2",-0.0511997610965364,0.0196078431372549,TRUE,0.897292457781483,0.757671957671958,"cz_hnscc_hpv"
"regulatory_T_cell","ID2","lm",914,60,NA,0.774547584445212,NA,"cv_r2",NA,NA,NA,NA,NA,"cz_hnscc_hpv"
"regulatory_T_cell","ID2","ridge",914,60,NA,0.781643629677301,NA,"cv_r2",NA,NA,NA,NA,NA,"cz_hnscc_hpv"
"regulatory_T_cell","ID2","spearman",914,60,NA,0.54854905935934,NA,"cv_r2",NA,NA,NA,NA,NA,"cz_hnscc_hpv"
"regulatory_T_cell","AHR","rf",914,60,0.741273997421027,0.74311068511715,NA,"oob_r2",-0.0502329217606993,0.0196078431372549,TRUE,0.934720138310025,0.8,"cz_hnscc_hpv"
"regulatory_T_cell","AHR","lm",914,60,NA,0.743586070279522,NA,"cv_r2",NA,NA,NA,NA,NA,"cz_hnscc_hpv"
"regulatory_T_cell","AHR","ridge",914,60,NA,0.749300909858991,NA,"cv_r2",NA,NA,NA,NA,NA,"cz_hnscc_hpv"
"regulatory_T_cell","AHR","spearman",914,60,NA,0.279791671941448,NA,"cv_r2",NA,NA,NA,NA,NA,"cz_hnscc_hpv"
"regulatory_T_cell","ZNF768","rf",914,60,0.780273662191064,0.779463988148679,NA,"oob_r2",-0.0440297395518733,0.0196078431372549,TRUE,0.900180914451545,0.774603174603175,"cz_hnscc_hpv"
"regulatory_T_cell","ZNF768","lm",914,60,NA,0.773062523060539,NA,"cv_r2",NA,NA,NA,NA,NA,"cz_hnscc_hpv"
"regulatory_T_cell","ZNF768","ridge",914,60,NA,0.777467123872534,NA,"cv_r2",NA,NA,NA,NA,NA,"cz_hnscc_hpv"
"regulatory_T_cell","ZNF768","spearman",914,60,NA,0.43559072220138,NA,"cv_r2",NA,NA,NA,NA,NA,"cz_hnscc_hpv"
"regulatory_T_cell","CREB3L2","rf",914,60,0.707372609332054,0.694799764093947,NA,"oob_r2",-0.0416349890817072,0.0196078431372549,TRUE,0.93272822697663,0.740740740740741,"cz_hnscc_hpv"
"regulatory_T_cell","CREB3L2","lm",914,60,NA,0.672141285877041,NA,"cv_r2",NA,NA,NA,NA,NA,"cz_hnscc_hpv"
"regulatory_T_cell","CREB3L2","ridge",914,60,NA,0.683183567941313,NA,"cv_r2",NA,NA,NA,NA,NA,"cz_hnscc_hpv"
"regulatory_T_cell","CREB3L2","spearman",914,60,NA,0.230842372117929,NA,"cv_r2",NA,NA,NA,NA,NA,"cz_hnscc_hpv"
"regulatory_T_cell","NFKB1","rf",914,60,0.741436158786191,0.735534474614347,NA,"oob_r2",-0.0449664158305621,0.0196078431372549,TRUE,0.929601432496681,0.755555555555556,"cz_hnscc_hpv"
"regulatory_T_cell","NFKB1","lm",914,60,NA,0.717049443369269,NA,"cv_r2",NA,NA,NA,NA,NA,"cz_hnscc_hpv"
"regulatory_T_cell","NFKB1","ridge",914,60,NA,0.721728854778736,NA,"cv_r2",NA,NA,NA,NA,NA,"cz_hnscc_hpv"
"regulatory_T_cell","NFKB1","spearman",914,60,NA,0.401418028948775,NA,"cv_r2",NA,NA,NA,NA,NA,"cz_hnscc_hpv"
"regulatory_T_cell","BATF3","rf",914,60,0.773941720720253,0.774154054823357,NA,"oob_r2",-0.0445615641686552,0.0196078431372549,TRUE,0.93202309283443,1,"cz_hnscc_hpv"
"regulatory_T_cell","BATF3","lm",914,60,NA,0.755205944352376,NA,"cv_r2",NA,NA,NA,NA,NA,"cz_hnscc_hpv"
"regulatory_T_cell","BATF3","ridge",914,60,NA,0.76244275350477,NA,"cv_r2",NA,NA,NA,NA,NA,"cz_hnscc_hpv"
"regulatory_T_cell","BATF3","spearman",914,60,NA,0.319448777522558,NA,"cv_r2",NA,NA,NA,NA,NA,"cz_hnscc_hpv"
"regulatory_T_cell","POU5F1","rf",914,60,0.726682677812916,0.717682456935855,NA,"oob_r2",-0.0470468697819337,0.0196078431372549,TRUE,0.942582816214381,0.77037037037037,"cz_hnscc_hpv"
"regulatory_T_cell","POU5F1","lm",914,60,NA,0.715343447808279,NA,"cv_r2",NA,NA,NA,NA,NA,"cz_hnscc_hpv"
"regulatory_T_cell","POU5F1","ridge",914,60,NA,0.71940072711294,NA,"cv_r2",NA,NA,NA,NA,NA,"cz_hnscc_hpv"
"regulatory_T_cell","POU5F1","spearman",914,60,NA,0.286141315517568,NA,"cv_r2",NA,NA,NA,NA,NA,"cz_hnscc_hpv"
"regulatory_T_cell","E2F7","rf",914,60,0.718547252867985,0.716369145793492,NA,"oob_r2",-0.046277150640885,0.0196078431372549,TRUE,0.897364082615542,0.844444444444444,"cz_hnscc_hpv"
"regulatory_T_cell","E2F7","lm",914,60,NA,0.707205958501584,NA,"cv_r2",NA,NA,NA,NA,NA,"cz_hnscc_hpv"
"regulatory_T_cell","E2F7","ridge",914,60,NA,0.712900378744096,NA,"cv_r2",NA,NA,NA,NA,NA,"cz_hnscc_hpv"
"regulatory_T_cell","E2F7","spearman",914,60,NA,0.377497924035976,NA,"cv_r2",NA,NA,NA,NA,NA,"cz_hnscc_hpv"
"regulatory_T_cell","IRF4","rf",914,60,0.600363154965199,0.60827918423105,NA,"oob_r2",-0.0479189505768275,0.0196078431372549,TRUE,0.896290945015591,0.733333333333333,"cz_hnscc_hpv"
"regulatory_T_cell","IRF4","lm",914,60,NA,0.547134790793952,NA,"cv_r2",NA,NA,NA,NA,NA,"cz_hnscc_hpv"
"regulatory_T_cell","IRF4","ridge",914,60,NA,0.556064707893758,NA,"cv_r2",NA,NA,NA,NA,NA,"cz_hnscc_hpv"
"regulatory_T_cell","IRF4","spearman",914,60,NA,0.251870944267558,NA,"cv_r2",NA,NA,NA,NA,NA,"cz_hnscc_hpv"
"regulatory_T_cell","TWIST1","rf",914,60,0.818540995298505,0.808737784646674,NA,"oob_r2",-0.0393160123283783,0.0196078431372549,TRUE,0.89254175542589,0.933333333333333,"cz_hnscc_hpv"
"regulatory_T_cell","TWIST1","lm",914,60,NA,0.814809556064175,NA,"cv_r2",NA,NA,NA,NA,NA,"cz_hnscc_hpv"
"regulatory_T_cell","TWIST1","ridge",914,60,NA,0.816644715731066,NA,"cv_r2",NA,NA,NA,NA,NA,"cz_hnscc_hpv"
"regulatory_T_cell","TWIST1","spearman",914,60,NA,0.419202967742754,NA,"cv_r2",NA,NA,NA,NA,NA,"cz_hnscc_hpv"
"regulatory_T_cell","EGR3","rf",914,60,0.760864489652962,0.757556343905966,NA,"oob_r2",-0.0479646862672897,0.0196078431372549,TRUE,0.908547436016177,0.785185185185185,"cz_hnscc_hpv"
"regulatory_T_cell","EGR3","lm",914,60,NA,0.759596310832269,NA,"cv_r2",NA,NA,NA,NA,NA,"cz_hnscc_hpv"
"regulatory_T_cell","EGR3","ridge",914,60,NA,0.764355786131788,NA,"cv_r2",NA,NA,NA,NA,NA,"cz_hnscc_hpv"
"regulatory_T_cell","EGR3","spearman",914,60,NA,0.426024060808079,NA,"cv_r2",NA,NA,NA,NA,NA,"cz_hnscc_hpv"
"regulatory_T_cell","BATF","rf",914,60,0.818706487967384,0.812751663429723,NA,"oob_r2",-0.0417668074137847,0.0196078431372549,TRUE,0.909677379519002,1,"cz_hnscc_hpv"
"regulatory_T_cell","BATF","lm",914,60,NA,0.818989443394676,NA,"cv_r2",NA,NA,NA,NA,NA,"cz_hnscc_hpv"
"regulatory_T_cell","BATF","ridge",914,60,NA,0.822820007098531,NA,"cv_r2",NA,NA,NA,NA,NA,"cz_hnscc_hpv"
"regulatory_T_cell","BATF","spearman",914,60,NA,0.334762108789701,NA,"cv_r2",NA,NA,NA,NA,NA,"cz_hnscc_hpv"
"regulatory_T_cell","KLF9","rf",914,60,0.710473393670009,0.708833682626911,NA,"oob_r2",-0.0470687598329514,0.0196078431372549,TRUE,0.922166033774814,1,"cz_hnscc_hpv"
"regulatory_T_cell","KLF9","lm",914,60,NA,0.683111760829105,NA,"cv_r2",NA,NA,NA,NA,NA,"cz_hnscc_hpv"
"regulatory_T_cell","KLF9","ridge",914,60,NA,0.69138872369297,NA,"cv_r2",NA,NA,NA,NA,NA,"cz_hnscc_hpv"
"regulatory_T_cell","KLF9","spearman",914,60,NA,0.30792107005257,NA,"cv_r2",NA,NA,NA,NA,NA,"cz_hnscc_hpv"
"regulatory_T_cell","HES4","rf",914,60,0.751891012107785,0.749866967559523,NA,"oob_r2",-0.0488404539701673,0.0196078431372549,TRUE,0.900043839338088,0.933333333333333,"cz_hnscc_hpv"
"regulatory_T_cell","HES4","lm",914,60,NA,0.722220676572823,NA,"cv_r2",NA,NA,NA,NA,NA,"cz_hnscc_hpv"
"regulatory_T_cell","HES4","ridge",914,60,NA,0.72934213468541,NA,"cv_r2",NA,NA,NA,NA,NA,"cz_hnscc_hpv"
"regulatory_T_cell","HES4","spearman",914,60,NA,0.355600718911177,NA,"cv_r2",NA,NA,NA,NA,NA,"cz_hnscc_hpv"
"regulatory_T_cell","EGR2","rf",914,60,0.718338445812012,0.710347577233213,NA,"oob_r2",-0.0474157277281469,0.0196078431372549,TRUE,0.923048995091229,0.792592592592593,"cz_hnscc_hpv"
"regulatory_T_cell","EGR2","lm",914,60,NA,0.676953801814164,NA,"cv_r2",NA,NA,NA,NA,NA,"cz_hnscc_hpv"
"regulatory_T_cell","EGR2","ridge",914,60,NA,0.684594580135662,NA,"cv_r2",NA,NA,NA,NA,NA,"cz_hnscc_hpv"
"regulatory_T_cell","EGR2","spearman",914,60,NA,0.424020926034748,NA,"cv_r2",NA,NA,NA,NA,NA,"cz_hnscc_hpv"
"regulatory_T_cell","NR4A3","rf",914,60,0.734767708869756,0.730741839354001,NA,"oob_r2",-0.0429787294252323,0.0196078431372549,TRUE,0.926473403105801,1,"cz_hnscc_hpv"
"regulatory_T_cell","NR4A3","lm",914,60,NA,0.722868320147505,NA,"cv_r2",NA,NA,NA,NA,NA,"cz_hnscc_hpv"
"regulatory_T_cell","NR4A3","ridge",914,60,NA,0.728649581925442,NA,"cv_r2",NA,NA,NA,NA,NA,"cz_hnscc_hpv"
"regulatory_T_cell","NR4A3","spearman",914,60,NA,0.290830816527391,NA,"cv_r2",NA,NA,NA,NA,NA,"cz_hnscc_hpv"
"regulatory_T_cell","ETV5","rf",914,60,0.754655704515117,0.752073244455625,NA,"oob_r2",-0.0375477670262736,0.0196078431372549,TRUE,0.914914636781822,0.881481481481481,"cz_hnscc_hpv"
"regulatory_T_cell","ETV5","lm",914,60,NA,0.757590699720106,NA,"cv_r2",NA,NA,NA,NA,NA,"cz_hnscc_hpv"
"regulatory_T_cell","ETV5","ridge",914,60,NA,0.760999169705119,NA,"cv_r2",NA,NA,NA,NA,NA,"cz_hnscc_hpv"
"regulatory_T_cell","ETV5","spearman",914,60,NA,0.285348335846517,NA,"cv_r2",NA,NA,NA,NA,NA,"cz_hnscc_hpv"
"regulatory_T_cell","RARG","rf",914,60,0.782296392161831,0.781321588059865,NA,"oob_r2",-0.0399594779604491,0.0196078431372549,TRUE,0.928410978358186,0.733333333333333,"cz_hnscc_hpv"
"regulatory_T_cell","RARG","lm",914,60,NA,0.782711759805307,NA,"cv_r2",NA,NA,NA,NA,NA,"cz_hnscc_hpv"
"regulatory_T_cell","RARG","ridge",914,60,NA,0.784767390375057,NA,"cv_r2",NA,NA,NA,NA,NA,"cz_hnscc_hpv"
"regulatory_T_cell","RARG","spearman",914,60,NA,0.448745023001123,NA,"cv_r2",NA,NA,NA,NA,NA,"cz_hnscc_hpv"
"regulatory_T_cell","FOXP1","rf",914,60,0.626641619203459,0.619745097288522,NA,"oob_r2",-0.0499161433630688,0.0196078431372549,TRUE,0.899310302244451,0.874074074074074,"cz_hnscc_hpv"
"regulatory_T_cell","FOXP1","lm",914,60,NA,0.555401852975294,NA,"cv_r2",NA,NA,NA,NA,NA,"cz_hnscc_hpv"
"regulatory_T_cell","FOXP1","ridge",914,60,NA,0.568725453694782,NA,"cv_r2",NA,NA,NA,NA,NA,"cz_hnscc_hpv"
"regulatory_T_cell","FOXP1","spearman",914,60,NA,0.284186362045413,NA,"cv_r2",NA,NA,NA,NA,NA,"cz_hnscc_hpv"
"regulatory_T_cell","MYC","rf",914,60,0.745353249936612,0.732055527970707,NA,"oob_r2",-0.0369259871860245,0.0196078431372549,TRUE,0.928038035256707,0.744973544973545,"cz_hnscc_hpv"
"regulatory_T_cell","MYC","lm",914,60,NA,0.714082319118258,NA,"cv_r2",NA,NA,NA,NA,NA,"cz_hnscc_hpv"
"regulatory_T_cell","MYC","ridge",914,60,NA,0.720010037440298,NA,"cv_r2",NA,NA,NA,NA,NA,"cz_hnscc_hpv"
"regulatory_T_cell","MYC","spearman",914,60,NA,0.299324131314075,NA,"cv_r2",NA,NA,NA,NA,NA,"cz_hnscc_hpv"
"regulatory_T_cell","CEBPB","rf",914,60,0.617713603780706,0.620243741205279,NA,"oob_r2",-0.0455095174729193,0.0196078431372549,TRUE,0.901630699885771,0.753439153439153,"cz_hnscc_hpv"
"regulatory_T_cell","CEBPB","lm",914,60,NA,0.55006970179614,NA,"cv_r2",NA,NA,NA,NA,NA,"cz_hnscc_hpv"
"regulatory_T_cell","CEBPB","ridge",914,60,NA,0.563700387152386,NA,"cv_r2",NA,NA,NA,NA,NA,"cz_hnscc_hpv"
"regulatory_T_cell","CEBPB","spearman",914,60,NA,0.25375195641157,NA,"cv_r2",NA,NA,NA,NA,NA,"cz_hnscc_hpv"
"regulatory_T_cell","TFAP4","rf",914,60,0.766786845542091,0.761486060134916,NA,"oob_r2",-0.040948379761133,0.0196078431372549,TRUE,0.915802537741966,0.785185185185185,"cz_hnscc_hpv"
"regulatory_T_cell","TFAP4","lm",914,60,NA,0.755775234814216,NA,"cv_r2",NA,NA,NA,NA,NA,"cz_hnscc_hpv"
"regulatory_T_cell","TFAP4","ridge",914,60,NA,0.75683561077135,NA,"cv_r2",NA,NA,NA,NA,NA,"cz_hnscc_hpv"
"regulatory_T_cell","TFAP4","spearman",914,60,NA,0.401524103311441,NA,"cv_r2",NA,NA,NA,NA,NA,"cz_hnscc_hpv"
"regulatory_T_cell","PRDM1","rf",914,60,0.798563444717862,0.798562794221091,NA,"oob_r2",-0.044129194683421,0.0196078431372549,TRUE,0.921685653422247,0.881481481481481,"cz_hnscc_hpv"
"regulatory_T_cell","PRDM1","lm",914,60,NA,0.80178671261762,NA,"cv_r2",NA,NA,NA,NA,NA,"cz_hnscc_hpv"
"regulatory_T_cell","PRDM1","ridge",914,60,NA,0.803519901166246,NA,"cv_r2",NA,NA,NA,NA,NA,"cz_hnscc_hpv"
"regulatory_T_cell","PRDM1","spearman",914,60,NA,0.402169748633451,NA,"cv_r2",NA,NA,NA,NA,NA,"cz_hnscc_hpv"
"regulatory_T_cell","IRF1","rf",914,60,0.750529133251051,0.740496751266253,NA,"oob_r2",-0.0452772491947023,0.0196078431372549,TRUE,0.92664752554722,0.933333333333333,"cz_hnscc_hpv"
"regulatory_T_cell","IRF1","lm",914,60,NA,0.719781924446508,NA,"cv_r2",NA,NA,NA,NA,NA,"cz_hnscc_hpv"
"regulatory_T_cell","IRF1","ridge",914,60,NA,0.722812936045408,NA,"cv_r2",NA,NA,NA,NA,NA,"cz_hnscc_hpv"
"regulatory_T_cell","IRF1","spearman",914,60,NA,0.348257676500189,NA,"cv_r2",NA,NA,NA,NA,NA,"cz_hnscc_hpv"
"fibroblast","SP5","rf",1200,238,0.957028800511987,0.95599395774957,NA,"oob_r2",-0.0554499872807577,0.0196078431372549,TRUE,0.807820498041916,0.77037037037037,"cz_hnscc_hpv"
"fibroblast","SP5","lm",1200,238,NA,0.955207609016473,NA,"cv_r2",NA,NA,NA,NA,NA,"cz_hnscc_hpv"
"fibroblast","SP5","ridge",1200,238,NA,0.960085449713571,NA,"cv_r2",NA,NA,NA,NA,NA,"cz_hnscc_hpv"
"fibroblast","SP5","spearman",1200,238,NA,0.728488111941088,NA,"cv_r2",NA,NA,NA,NA,NA,"cz_hnscc_hpv"
"fibroblast","NFIA","rf",1200,238,0.958989726504585,0.958315099170852,NA,"oob_r2",-0.0522806969100595,0.0196078431372549,TRUE,0.821209085297166,0.933333333333333,"cz_hnscc_hpv"
"fibroblast","NFIA","lm",1200,238,NA,0.959757611396318,NA,"cv_r2",NA,NA,NA,NA,NA,"cz_hnscc_hpv"
"fibroblast","NFIA","ridge",1200,238,NA,0.964710978693186,NA,"cv_r2",NA,NA,NA,NA,NA,"cz_hnscc_hpv"
"fibroblast","NFIA","spearman",1200,238,NA,0.778385331128879,NA,"cv_r2",NA,NA,NA,NA,NA,"cz_hnscc_hpv"
"fibroblast","NFIX","rf",1200,238,0.956784787014308,0.953947527468741,NA,"oob_r2",-0.0494105060622337,0.0196078431372549,TRUE,0.860845629496966,0.77037037037037,"cz_hnscc_hpv"
"fibroblast","NFIX","lm",1200,238,NA,0.954666082766806,NA,"cv_r2",NA,NA,NA,NA,NA,"cz_hnscc_hpv"
"fibroblast","NFIX","ridge",1200,238,NA,0.959501367979076,NA,"cv_r2",NA,NA,NA,NA,NA,"cz_hnscc_hpv"
"fibroblast","NFIX","spearman",1200,238,NA,0.707888680850605,NA,"cv_r2",NA,NA,NA,NA,NA,"cz_hnscc_hpv"
"fibroblast","PLAGL1","rf",1200,238,0.949039288144745,0.944851782296852,NA,"oob_r2",-0.0471532924669873,0.0196078431372549,TRUE,0.869511275371508,0.77989417989418,"cz_hnscc_hpv"
"fibroblast","PLAGL1","lm",1200,238,NA,0.941137856547194,NA,"cv_r2",NA,NA,NA,NA,NA,"cz_hnscc_hpv"
"fibroblast","PLAGL1","ridge",1200,238,NA,0.947473543815901,NA,"cv_r2",NA,NA,NA,NA,NA,"cz_hnscc_hpv"
"fibroblast","PLAGL1","spearman",1200,238,NA,0.710489230127776,NA,"cv_r2",NA,NA,NA,NA,NA,"cz_hnscc_hpv"
"fibroblast","ATF3","rf",1200,238,0.937455629914037,0.936642403720363,NA,"oob_r2",-0.0496097422536267,0.0196078431372549,TRUE,0.880699121447212,0.933333333333333,"cz_hnscc_hpv"
"fibroblast","ATF3","lm",1200,238,NA,0.909443156169697,NA,"cv_r2",NA,NA,NA,NA,NA,"cz_hnscc_hpv"
"fibroblast","ATF3","ridge",1200,238,NA,0.923001886096787,NA,"cv_r2",NA,NA,NA,NA,NA,"cz_hnscc_hpv"
"fibroblast","ATF3","spearman",1200,238,NA,0.72333580849401,NA,"cv_r2",NA,NA,NA,NA,NA,"cz_hnscc_hpv"
"fibroblast","EGR1","rf",1200,238,0.912866884633016,0.910327491721214,NA,"oob_r2",-0.0515232069853997,0.0196078431372549,TRUE,0.865666505996498,0.755555555555556,"cz_hnscc_hpv"
"fibroblast","EGR1","lm",1200,238,NA,0.861166726803166,NA,"cv_r2",NA,NA,NA,NA,NA,"cz_hnscc_hpv"
"fibroblast","EGR1","ridge",1200,238,NA,0.882942651041419,NA,"cv_r2",NA,NA,NA,NA,NA,"cz_hnscc_hpv"
"fibroblast","EGR1","spearman",1200,238,NA,0.714894816489637,NA,"cv_r2",NA,NA,NA,NA,NA,"cz_hnscc_hpv"
"fibroblast","NR2F2","rf",1200,238,0.939691255728094,0.934898713694352,NA,"oob_r2",-0.0533752499844684,0.0196078431372549,TRUE,0.82946243836588,0.687830687830688,"cz_hnscc_hpv"
"fibroblast","NR2F2","lm",1200,238,NA,0.918214475595238,NA,"cv_r2",NA,NA,NA,NA,NA,"cz_hnscc_hpv"
"fibroblast","NR2F2","ridge",1200,238,NA,0.932127365829339,NA,"cv_r2",NA,NA,NA,NA,NA,"cz_hnscc_hpv"
"fibroblast","NR2F2","spearman",1200,238,NA,0.641588311526396,NA,"cv_r2",NA,NA,NA,NA,NA,"cz_hnscc_hpv"
"fibroblast","NFIB","rf",1200,238,0.945265282429452,0.942084140444166,NA,"oob_r2",-0.0512304989638657,0.0196078431372549,TRUE,0.830889391224244,0.740740740740741,"cz_hnscc_hpv"
"fibroblast","NFIB","lm",1200,238,NA,0.93532213476991,NA,"cv_r2",NA,NA,NA,NA,NA,"cz_hnscc_hpv"
"fibroblast","NFIB","ridge",1200,238,NA,0.94278407642667,NA,"cv_r2",NA,NA,NA,NA,NA,"cz_hnscc_hpv"
"fibroblast","NFIB","spearman",1200,238,NA,0.758797570055165,NA,"cv_r2",NA,NA,NA,NA,NA,"cz_hnscc_hpv"
"fibroblast","STAT3","rf",1200,238,0.951475741710047,0.949094536836237,NA,"oob_r2",-0.051313612263999,0.0196078431372549,TRUE,0.818579751869676,0.68994708994709,"cz_hnscc_hpv"
"fibroblast","STAT3","lm",1200,238,NA,0.933960974975667,NA,"cv_r2",NA,NA,NA,NA,NA,"cz_hnscc_hpv"
"fibroblast","STAT3","ridge",1200,238,NA,0.94573475531765,NA,"cv_r2",NA,NA,NA,NA,NA,"cz_hnscc_hpv"
"fibroblast","STAT3","spearman",1200,238,NA,0.630161813950525,NA,"cv_r2",NA,NA,NA,NA,NA,"cz_hnscc_hpv"
"fibroblast","HES1","rf",1200,238,0.925766676559269,0.924332601188904,NA,"oob_r2",-0.0491835456312345,0.0196078431372549,TRUE,0.845987956116719,0.82962962962963,"cz_hnscc_hpv"
"fibroblast","HES1","lm",1200,238,NA,0.886526054840246,NA,"cv_r2",NA,NA,NA,NA,NA,"cz_hnscc_hpv"
"fibroblast","HES1","ridge",1200,238,NA,0.903364943574937,NA,"cv_r2",NA,NA,NA,NA,NA,"cz_hnscc_hpv"
"fibroblast","HES1","spearman",1200,238,NA,0.686504169462347,NA,"cv_r2",NA,NA,NA,NA,NA,"cz_hnscc_hpv"
"fibroblast","NR4A2","rf",1200,238,0.95471490698122,0.949471356108498,NA,"oob_r2",-0.0604645603321204,0.0196078431372549,TRUE,0.820408276298885,0.874074074074074,"cz_hnscc_hpv"
"fibroblast","NR4A2","lm",1200,238,NA,0.940942036764715,NA,"cv_r2",NA,NA,NA,NA,NA,"cz_hnscc_hpv"
"fibroblast","NR4A2","ridge",1200,238,NA,0.948369907605754,NA,"cv_r2",NA,NA,NA,NA,NA,"cz_hnscc_hpv"
"fibroblast","NR4A2","spearman",1200,238,NA,0.756841737694902,NA,"cv_r2",NA,NA,NA,NA,NA,"cz_hnscc_hpv"
"fibroblast","NR2F1","rf",1200,238,0.943149572243185,0.939725629585293,NA,"oob_r2",-0.0538510304919309,0.0196078431372549,TRUE,0.827013546092483,0.77037037037037,"cz_hnscc_hpv"
"fibroblast","NR2F1","lm",1200,238,NA,0.927711767633412,NA,"cv_r2",NA,NA,NA,NA,NA,"cz_hnscc_hpv"
"fibroblast","NR2F1","ridge",1200,238,NA,0.942433422932775,NA,"cv_r2",NA,NA,NA,NA,NA,"cz_hnscc_hpv"
"fibroblast","NR2F1","spearman",1200,238,NA,0.602139117254206,NA,"cv_r2",NA,NA,NA,NA,NA,"cz_hnscc_hpv"
"fibroblast","TWIST1","rf",1200,238,0.942264759345758,0.940895293001043,NA,"oob_r2",-0.0506751285332125,0.0196078431372549,TRUE,0.811826165065182,0.874074074074074,"cz_hnscc_hpv"
"fibroblast","TWIST1","lm",1200,238,NA,0.922554958068047,NA,"cv_r2",NA,NA,NA,NA,NA,"cz_hnscc_hpv"
"fibroblast","TWIST1","ridge",1200,238,NA,0.934772112385248,NA,"cv_r2",NA,NA,NA,NA,NA,"cz_hnscc_hpv"
"fibroblast","TWIST1","spearman",1200,238,NA,0.717533602325799,NA,"cv_r2",NA,NA,NA,NA,NA,"cz_hnscc_hpv"
"fibroblast","IRF8","rf",1200,238,0.952209071870091,0.94887408888818,NA,"oob_r2",-0.047883399416889,0.0196078431372549,TRUE,0.813060689558382,0.785185185185185,"cz_hnscc_hpv"
"fibroblast","IRF8","lm",1200,238,NA,0.943459427396307,NA,"cv_r2",NA,NA,NA,NA,NA,"cz_hnscc_hpv"
"fibroblast","IRF8","ridge",1200,238,NA,0.952493556180036,NA,"cv_r2",NA,NA,NA,NA,NA,"cz_hnscc_hpv"
"fibroblast","IRF8","spearman",1200,238,NA,0.486354626234304,NA,"cv_r2",NA,NA,NA,NA,NA,"cz_hnscc_hpv"
"fibroblast","AHR","rf",1200,238,0.938665733578189,0.93629093777801,NA,"oob_r2",-0.0485582571470753,0.0196078431372549,TRUE,0.823263151278554,0.785185185185185,"cz_hnscc_hpv"
"fibroblast","AHR","lm",1200,238,NA,0.923549054193048,NA,"cv_r2",NA,NA,NA,NA,NA,"cz_hnscc_hpv"
"fibroblast","AHR","ridge",1200,238,NA,0.933112423460423,NA,"cv_r2",NA,NA,NA,NA,NA,"cz_hnscc_hpv"
"fibroblast","AHR","spearman",1200,238,NA,0.666807025959278,NA,"cv_r2",NA,NA,NA,NA,NA,"cz_hnscc_hpv"
"fibroblast","MAFB","rf",1200,238,0.935685577475893,0.933961173817528,NA,"oob_r2",-0.0434289433383624,0.0196078431372549,TRUE,0.838256640155841,0.762962962962963,"cz_hnscc_hpv"
"fibroblast","MAFB","lm",1200,238,NA,0.909897191011108,NA,"cv_r2",NA,NA,NA,NA,NA,"cz_hnscc_hpv"
"fibroblast","MAFB","ridge",1200,238,NA,0.919920014047832,NA,"cv_r2",NA,NA,NA,NA,NA,"cz_hnscc_hpv"
"fibroblast","MAFB","spearman",1200,238,NA,0.656032924597419,NA,"cv_r2",NA,NA,NA,NA,NA,"cz_hnscc_hpv"
"fibroblast","KLF10","rf",1200,238,0.91206729698045,0.910683104017365,NA,"oob_r2",-0.0498058715886359,0.0196078431372549,TRUE,0.880318497824425,0.64021164021164,"cz_hnscc_hpv"
"fibroblast","KLF10","lm",1200,238,NA,0.89130884296092,NA,"cv_r2",NA,NA,NA,NA,NA,"cz_hnscc_hpv"
"fibroblast","KLF10","ridge",1200,238,NA,0.906308066178871,NA,"cv_r2",NA,NA,NA,NA,NA,"cz_hnscc_hpv"
"fibroblast","KLF10","spearman",1200,238,NA,0.720352634306407,NA,"cv_r2",NA,NA,NA,NA,NA,"cz_hnscc_hpv"
"fibroblast","ZBTB16","rf",1200,238,0.945973149094587,0.942780329306727,NA,"oob_r2",-0.0559012171224116,0.0196078431372549,TRUE,0.854885414081244,1,"cz_hnscc_hpv"
"fibroblast","ZBTB16","lm",1200,238,NA,0.929023198917898,NA,"cv_r2",NA,NA,NA,NA,NA,"cz_hnscc_hpv"
"fibroblast","ZBTB16","ridge",1200,238,NA,0.93892297911438,NA,"cv_r2",NA,NA,NA,NA,NA,"cz_hnscc_hpv"
"fibroblast","ZBTB16","spearman",1200,238,NA,0.644320079255791,NA,"cv_r2",NA,NA,NA,NA,NA,"cz_hnscc_hpv"
"fibroblast","PBX1","rf",1200,238,0.93001486585054,0.926719349586285,NA,"oob_r2",-0.0456924993823697,0.0196078431372549,TRUE,0.851448823089782,0.933333333333333,"cz_hnscc_hpv"
"fibroblast","PBX1","lm",1200,238,NA,0.89254648256094,NA,"cv_r2",NA,NA,NA,NA,NA,"cz_hnscc_hpv"
"fibroblast","PBX1","ridge",1200,238,NA,0.910629959903205,NA,"cv_r2",NA,NA,NA,NA,NA,"cz_hnscc_hpv"
"fibroblast","PBX1","spearman",1200,238,NA,0.670378475918458,NA,"cv_r2",NA,NA,NA,NA,NA,"cz_hnscc_hpv"
"fibroblast","SNAI1","rf",1200,238,0.939514888548814,0.934978816987584,NA,"oob_r2",-0.0544088445336894,0.0196078431372549,TRUE,0.849423281132095,0.688888888888889,"cz_hnscc_hpv"
"fibroblast","SNAI1","lm",1200,238,NA,0.918037678908711,NA,"cv_r2",NA,NA,NA,NA,NA,"cz_hnscc_hpv"
"fibroblast","SNAI1","ridge",1200,238,NA,0.930654512151282,NA,"cv_r2",NA,NA,NA,NA,NA,"cz_hnscc_hpv"
"fibroblast","SNAI1","spearman",1200,238,NA,0.719061331521553,NA,"cv_r2",NA,NA,NA,NA,NA,"cz_hnscc_hpv"
"fibroblast","IRF6","rf",1200,238,0.949417581113138,0.945087837614301,NA,"oob_r2",-0.0560094281635691,0.0196078431372549,TRUE,0.827403842563807,0.692063492063492,"cz_hnscc_hpv"
"fibroblast","IRF6","lm",1200,238,NA,0.937968355771701,NA,"cv_r2",NA,NA,NA,NA,NA,"cz_hnscc_hpv"
"fibroblast","IRF6","ridge",1200,238,NA,0.944700581989165,NA,"cv_r2",NA,NA,NA,NA,NA,"cz_hnscc_hpv"
"fibroblast","IRF6","spearman",1200,238,NA,0.694603419273679,NA,"cv_r2",NA,NA,NA,NA,NA,"cz_hnscc_hpv"
"fibroblast","NR1H4","rf",1200,238,0.932383979658005,0.933209939490347,NA,"oob_r2",-0.0402309074662548,0.0196078431372549,TRUE,0.82606309476459,0.933333333333333,"cz_hnscc_hpv"
"fibroblast","NR1H4","lm",1200,238,NA,0.915179409685831,NA,"cv_r2",NA,NA,NA,NA,NA,"cz_hnscc_hpv"
"fibroblast","NR1H4","ridge",1200,238,NA,0.928862469126611,NA,"cv_r2",NA,NA,NA,NA,NA,"cz_hnscc_hpv"
"fibroblast","NR1H4","spearman",1200,238,NA,0.685835418612704,NA,"cv_r2",NA,NA,NA,NA,NA,"cz_hnscc_hpv"
"fibroblast","BCL3","rf",1200,238,0.943655096159733,0.940567038316775,NA,"oob_r2",-0.058871211045465,0.0196078431372549,TRUE,0.836010600769446,0.82962962962963,"cz_hnscc_hpv"
"fibroblast","BCL3","lm",1200,238,NA,0.929363857812849,NA,"cv_r2",NA,NA,NA,NA,NA,"cz_hnscc_hpv"
"fibroblast","BCL3","ridge",1200,238,NA,0.938641032375884,NA,"cv_r2",NA,NA,NA,NA,NA,"cz_hnscc_hpv"
"fibroblast","BCL3","spearman",1200,238,NA,0.652059299753459,NA,"cv_r2",NA,NA,NA,NA,NA,"cz_hnscc_hpv"
"fibroblast","EBF1","rf",1200,238,0.928485273310718,0.923406246157729,NA,"oob_r2",-0.0524680548960639,0.0196078431372549,TRUE,0.87084792852932,0.711111111111111,"cz_hnscc_hpv"
"fibroblast","EBF1","lm",1200,238,NA,0.90747078961991,NA,"cv_r2",NA,NA,NA,NA,NA,"cz_hnscc_hpv"
"fibroblast","EBF1","ridge",1200,238,NA,0.917522504049544,NA,"cv_r2",NA,NA,NA,NA,NA,"cz_hnscc_hpv"
"fibroblast","EBF1","spearman",1200,238,NA,0.597069678059844,NA,"cv_r2",NA,NA,NA,NA,NA,"cz_hnscc_hpv"
"fibroblast","MEOX2","rf",1200,238,0.942299880232865,0.940832267665466,NA,"oob_r2",-0.0557333946386111,0.0196078431372549,TRUE,0.865545189881824,0.71005291005291,"cz_hnscc_hpv"
"fibroblast","MEOX2","lm",1200,238,NA,0.929023890781298,NA,"cv_r2",NA,NA,NA,NA,NA,"cz_hnscc_hpv"
"fibroblast","MEOX2","ridge",1200,238,NA,0.938782555043049,NA,"cv_r2",NA,NA,NA,NA,NA,"cz_hnscc_hpv"
"fibroblast","MEOX2","spearman",1200,238,NA,0.659864981574571,NA,"cv_r2",NA,NA,NA,NA,NA,"cz_hnscc_hpv"
"fibroblast","NR4A1","rf",1200,238,0.943371515752938,0.94182775193897,NA,"oob_r2",-0.0452894222770213,0.0196078431372549,TRUE,0.829383848944129,0.761904761904762,"cz_hnscc_hpv"
"fibroblast","NR4A1","lm",1200,238,NA,0.927400111111363,NA,"cv_r2",NA,NA,NA,NA,NA,"cz_hnscc_hpv"
"fibroblast","NR4A1","ridge",1200,238,NA,0.935784569942129,NA,"cv_r2",NA,NA,NA,NA,NA,"cz_hnscc_hpv"
"fibroblast","NR4A1","spearman",1200,238,NA,0.534055656641545,NA,"cv_r2",NA,NA,NA,NA,NA,"cz_hnscc_hpv"
"fibroblast","GLIS2","rf",1200,238,0.942438086999619,0.938723234548462,NA,"oob_r2",-0.0517909449621342,0.0196078431372549,TRUE,0.845608717155276,0.774603174603175,"cz_hnscc_hpv"
"fibroblast","GLIS2","lm",1200,238,NA,0.927331794047468,NA,"cv_r2",NA,NA,NA,NA,NA,"cz_hnscc_hpv"
"fibroblast","GLIS2","ridge",1200,238,NA,0.938243324547537,NA,"cv_r2",NA,NA,NA,NA,NA,"cz_hnscc_hpv"
"fibroblast","GLIS2","spearman",1200,238,NA,0.649066753978055,NA,"cv_r2",NA,NA,NA,NA,NA,"cz_hnscc_hpv"
"fibroblast","HAND2","rf",1200,238,0.940871701165607,0.938054279210893,NA,"oob_r2",-0.0517775940503109,0.0196078431372549,TRUE,0.866702806327764,0.663492063492063,"cz_hnscc_hpv"
"fibroblast","HAND2","lm",1200,238,NA,0.929979761823459,NA,"cv_r2",NA,NA,NA,NA,NA,"cz_hnscc_hpv"
"fibroblast","HAND2","ridge",1200,238,NA,0.936225634554526,NA,"cv_r2",NA,NA,NA,NA,NA,"cz_hnscc_hpv"
"fibroblast","HAND2","spearman",1200,238,NA,0.693049090486431,NA,"cv_r2",NA,NA,NA,NA,NA,"cz_hnscc_hpv"
"fibroblast","SP9","rf",1200,238,0.905681777003485,0.901571493532797,NA,"oob_r2",-0.0485475949713592,0.0196078431372549,TRUE,0.840104905899651,0.601058201058201,"cz_hnscc_hpv"
"fibroblast","SP9","lm",1200,238,NA,0.865174519251693,NA,"cv_r2",NA,NA,NA,NA,NA,"cz_hnscc_hpv"
"fibroblast","SP9","ridge",1200,238,NA,0.887186496266585,NA,"cv_r2",NA,NA,NA,NA,NA,"cz_hnscc_hpv"
"fibroblast","SP9","spearman",1200,238,NA,0.640085713560021,NA,"cv_r2",NA,NA,NA,NA,NA,"cz_hnscc_hpv"
"fibroblast","ZNF331","rf",1200,238,0.932504455695482,0.92698896266235,NA,"oob_r2",-0.0526905872853207,0.0196078431372549,TRUE,0.860200278405944,0.657142857142857,"cz_hnscc_hpv"
"fibroblast","ZNF331","lm",1200,238,NA,0.904118464356221,NA,"cv_r2",NA,NA,NA,NA,NA,"cz_hnscc_hpv"
"fibroblast","ZNF331","ridge",1200,238,NA,0.915139507133311,NA,"cv_r2",NA,NA,NA,NA,NA,"cz_hnscc_hpv"
"fibroblast","ZNF331","spearman",1200,238,NA,0.708974824139963,NA,"cv_r2",NA,NA,NA,NA,NA,"cz_hnscc_hpv"
"fibroblast","NFIL3","rf",1200,238,0.944235074502461,0.939658247476763,NA,"oob_r2",-0.0520134720657628,0.0196078431372549,TRUE,0.867331185426874,0.933333333333333,"cz_hnscc_hpv"
"fibroblast","NFIL3","lm",1200,238,NA,0.920479288222253,NA,"cv_r2",NA,NA,NA,NA,NA,"cz_hnscc_hpv"
"fibroblast","NFIL3","ridge",1200,238,NA,0.934136198245785,NA,"cv_r2",NA,NA,NA,NA,NA,"cz_hnscc_hpv"
"fibroblast","NFIL3","spearman",1200,238,NA,0.644202436416128,NA,"cv_r2",NA,NA,NA,NA,NA,"cz_hnscc_hpv"
"fibroblast","CEBPD","rf",1200,238,0.926515080346578,0.921876481820629,NA,"oob_r2",-0.0465417037693497,0.0196078431372549,TRUE,0.825734059667332,0.6994708994709,"cz_hnscc_hpv"
"fibroblast","CEBPD","lm",1200,238,NA,0.897310414631748,NA,"cv_r2",NA,NA,NA,NA,NA,"cz_hnscc_hpv"
"fibroblast","CEBPD","ridge",1200,238,NA,0.910773528516884,NA,"cv_r2",NA,NA,NA,NA,NA,"cz_hnscc_hpv"
"fibroblast","CEBPD","spearman",1200,238,NA,0.716501643849614,NA,"cv_r2",NA,NA,NA,NA,NA,"cz_hnscc_hpv"
"fibroblast","IRF7","rf",1200,238,0.703359840338903,0.679859174870224,NA,"oob_r2",-0.124728037518699,0.0196078431372549,TRUE,0.713381767798128,0.562962962962963,"cz_hnscc_hpv"
"fibroblast","IRF7","lm",1200,238,NA,0.628042793293866,NA,"cv_r2",NA,NA,NA,NA,NA,"cz_hnscc_hpv"
"fibroblast","IRF7","ridge",1200,238,NA,0.682217238820571,NA,"cv_r2",NA,NA,NA,NA,NA,"cz_hnscc_hpv"
"fibroblast","IRF7","spearman",1200,238,NA,0.297521695687116,NA,"cv_r2",NA,NA,NA,NA,NA,"cz_hnscc_hpv"
"fibroblast","MYF5","rf",1200,238,0.92835225451646,0.924905973276982,NA,"oob_r2",-0.0693470498017776,0.0196078431372549,TRUE,0.837859024760267,0.762962962962963,"cz_hnscc_hpv"
"fibroblast","MYF5","lm",1200,238,NA,0.918561663812077,NA,"cv_r2",NA,NA,NA,NA,NA,"cz_hnscc_hpv"
"fibroblast","MYF5","ridge",1200,238,NA,0.926638850269771,NA,"cv_r2",NA,NA,NA,NA,NA,"cz_hnscc_hpv"
"fibroblast","MYF5","spearman",1200,238,NA,0.565008426409848,NA,"cv_r2",NA,NA,NA,NA,NA,"cz_hnscc_hpv"
"fibroblast","PTEN","rf",1200,238,0.90258649415083,0.896797936014281,NA,"oob_r2",-0.056828003054155,0.0196078431372549,TRUE,0.817567366617921,0.744973544973545,"cz_hnscc_hpv"
"fibroblast","PTEN","lm",1200,238,NA,0.871888719064234,NA,"cv_r2",NA,NA,NA,NA,NA,"cz_hnscc_hpv"
"fibroblast","PTEN","ridge",1200,238,NA,0.883173063625425,NA,"cv_r2",NA,NA,NA,NA,NA,"cz_hnscc_hpv"
"fibroblast","PTEN","spearman",1200,238,NA,0.562883935545594,NA,"cv_r2",NA,NA,NA,NA,NA,"cz_hnscc_hpv"
"fibroblast","PRRX2","rf",1200,238,0.910253230806787,0.909195196847332,NA,"oob_r2",-0.0485583671984417,0.0196078431372549,TRUE,0.832094798267452,0.758730158730159,"cz_hnscc_hpv"
"fibroblast","PRRX2","lm",1200,238,NA,0.893861820536194,NA,"cv_r2",NA,NA,NA,NA,NA,"cz_hnscc_hpv"
"fibroblast","PRRX2","ridge",1200,238,NA,0.9063868278091,NA,"cv_r2",NA,NA,NA,NA,NA,"cz_hnscc_hpv"
"fibroblast","PRRX2","spearman",1200,238,NA,0.637464845451999,NA,"cv_r2",NA,NA,NA,NA,NA,"cz_hnscc_hpv"
"fibroblast","ID1","rf",1200,238,0.932744685628512,0.931072590240922,NA,"oob_r2",-0.0513389766298475,0.0196078431372549,TRUE,0.834624317392864,0.62962962962963,"cz_hnscc_hpv"
"fibroblast","ID1","lm",1200,238,NA,0.899272444503975,NA,"cv_r2",NA,NA,NA,NA,NA,"cz_hnscc_hpv"
"fibroblast","ID1","ridge",1200,238,NA,0.91694730764976,NA,"cv_r2",NA,NA,NA,NA,NA,"cz_hnscc_hpv"
"fibroblast","ID1","spearman",1200,238,NA,0.670623842761511,NA,"cv_r2",NA,NA,NA,NA,NA,"cz_hnscc_hpv"
"fibroblast","KLF2","rf",1200,238,0.937520192569515,0.934116784445314,NA,"oob_r2",-0.0562903350212505,0.0196078431372549,TRUE,0.89296943641959,0.769312169312169,"cz_hnscc_hpv"
"fibroblast","KLF2","lm",1200,238,NA,0.937560093560182,NA,"cv_r2",NA,NA,NA,NA,NA,"cz_hnscc_hpv"
"fibroblast","KLF2","ridge",1200,238,NA,0.942449996349346,NA,"cv_r2",NA,NA,NA,NA,NA,"cz_hnscc_hpv"
"fibroblast","KLF2","spearman",1200,238,NA,0.510880034071484,NA,"cv_r2",NA,NA,NA,NA,NA,"cz_hnscc_hpv"
"fibroblast","PRRX1","rf",1200,238,0.931824438913335,0.928096027592855,NA,"oob_r2",-0.050027261104485,0.0196078431372549,TRUE,0.822098156565735,0.822222222222222,"cz_hnscc_hpv"
"fibroblast","PRRX1","lm",1200,238,NA,0.9126660382798,NA,"cv_r2",NA,NA,NA,NA,NA,"cz_hnscc_hpv"
"fibroblast","PRRX1","ridge",1200,238,NA,0.924451046718946,NA,"cv_r2",NA,NA,NA,NA,NA,"cz_hnscc_hpv"
"fibroblast","PRRX1","spearman",1200,238,NA,0.664067974983045,NA,"cv_r2",NA,NA,NA,NA,NA,"cz_hnscc_hpv"
"fibroblast","ENO1","rf",1200,238,0.923634257340681,0.909939045553632,NA,"oob_r2",-0.0728201286132302,0.0196078431372549,TRUE,0.804599063642546,0.644444444444444,"cz_hnscc_hpv"
"fibroblast","ENO1","lm",1200,238,NA,0.885700475910889,NA,"cv_r2",NA,NA,NA,NA,NA,"cz_hnscc_hpv"
"fibroblast","ENO1","ridge",1200,238,NA,0.90069652078868,NA,"cv_r2",NA,NA,NA,NA,NA,"cz_hnscc_hpv"
"fibroblast","ENO1","spearman",1200,238,NA,0.595044002206275,NA,"cv_r2",NA,NA,NA,NA,NA,"cz_hnscc_hpv"
"fibroblast","DDIT3","rf",1200,238,0.930660506961569,0.924228942199244,NA,"oob_r2",-0.0466691076185551,0.0196078431372549,TRUE,0.845091269210754,0.933333333333333,"cz_hnscc_hpv"
"fibroblast","DDIT3","lm",1200,238,NA,0.908292617590627,NA,"cv_r2",NA,NA,NA,NA,NA,"cz_hnscc_hpv"
"fibroblast","DDIT3","ridge",1200,238,NA,0.921227761136475,NA,"cv_r2",NA,NA,NA,NA,NA,"cz_hnscc_hpv"
"fibroblast","DDIT3","spearman",1200,238,NA,0.68371603303003,NA,"cv_r2",NA,NA,NA,NA,NA,"cz_hnscc_hpv"
"fibroblast","ID3","rf",1200,238,0.930794393569146,0.928935526447674,NA,"oob_r2",-0.0642354399265778,0.0196078431372549,TRUE,0.815344906036139,0.71005291005291,"cz_hnscc_hpv"
"fibroblast","ID3","lm",1200,238,NA,0.912834313799804,NA,"cv_r2",NA,NA,NA,NA,NA,"cz_hnscc_hpv"
"fibroblast","ID3","ridge",1200,238,NA,0.923397476484031,NA,"cv_r2",NA,NA,NA,NA,NA,"cz_hnscc_hpv"
"fibroblast","ID3","spearman",1200,238,NA,0.604767913485215,NA,"cv_r2",NA,NA,NA,NA,NA,"cz_hnscc_hpv"
"fibroblast","TCF4","rf",1200,238,0.940034821868618,0.937604277892469,NA,"oob_r2",-0.0614767329941145,0.0196078431372549,TRUE,0.820851486614454,0.8,"cz_hnscc_hpv"
"fibroblast","TCF4","lm",1200,238,NA,0.923111371020868,NA,"cv_r2",NA,NA,NA,NA,NA,"cz_hnscc_hpv"
"fibroblast","TCF4","ridge",1200,238,NA,0.934713450384584,NA,"cv_r2",NA,NA,NA,NA,NA,"cz_hnscc_hpv"
"fibroblast","TCF4","spearman",1200,238,NA,0.612847347475921,NA,"cv_r2",NA,NA,NA,NA,NA,"cz_hnscc_hpv"
"fibroblast","NFE2L2","rf",1200,238,0.938460571858001,0.935504165393775,NA,"oob_r2",-0.0574149969232538,0.0196078431372549,TRUE,0.823302970182653,0.724867724867725,"cz_hnscc_hpv"
"fibroblast","NFE2L2","lm",1200,238,NA,0.913773460591624,NA,"cv_r2",NA,NA,NA,NA,NA,"cz_hnscc_hpv"
"fibroblast","NFE2L2","ridge",1200,238,NA,0.926724137753662,NA,"cv_r2",NA,NA,NA,NA,NA,"cz_hnscc_hpv"
"fibroblast","NFE2L2","spearman",1200,238,NA,0.668609788329196,NA,"cv_r2",NA,NA,NA,NA,NA,"cz_hnscc_hpv"
"fibroblast","YBX1","rf",1200,238,0.941571355990349,0.940908144209245,NA,"oob_r2",-0.0515834104178491,0.0196078431372549,TRUE,0.848705986993777,0.82962962962963,"cz_hnscc_hpv"
"fibroblast","YBX1","lm",1200,238,NA,0.923029267162493,NA,"cv_r2",NA,NA,NA,NA,NA,"cz_hnscc_hpv"
"fibroblast","YBX1","ridge",1200,238,NA,0.932519069072827,NA,"cv_r2",NA,NA,NA,NA,NA,"cz_hnscc_hpv"
"fibroblast","YBX1","spearman",1200,238,NA,0.670540455480974,NA,"cv_r2",NA,NA,NA,NA,NA,"cz_hnscc_hpv"
"fibroblast","POU2F2","rf",1200,238,0.94248051565659,0.9394247845226,NA,"oob_r2",-0.0861325495039292,0.0196078431372549,TRUE,0.812625945457893,0.73015873015873,"cz_hnscc_hpv"
"fibroblast","POU2F2","lm",1200,238,NA,0.93464443217367,NA,"cv_r2",NA,NA,NA,NA,NA,"cz_hnscc_hpv"
"fibroblast","POU2F2","ridge",1200,238,NA,0.942165314150094,NA,"cv_r2",NA,NA,NA,NA,NA,"cz_hnscc_hpv"
"fibroblast","POU2F2","spearman",1200,238,NA,0.491660064065093,NA,"cv_r2",NA,NA,NA,NA,NA,"cz_hnscc_hpv"
"fibroblast","SPIB","rf",1200,238,0.935067206843226,0.929350801679355,NA,"oob_r2",-0.0521572867444713,0.0196078431372549,TRUE,0.83100358622343,0.686772486772487,"cz_hnscc_hpv"
"fibroblast","SPIB","lm",1200,238,NA,0.92319047072654,NA,"cv_r2",NA,NA,NA,NA,NA,"cz_hnscc_hpv"
"fibroblast","SPIB","ridge",1200,238,NA,0.93341742578543,NA,"cv_r2",NA,NA,NA,NA,NA,"cz_hnscc_hpv"
"fibroblast","SPIB","spearman",1200,238,NA,0.680123827031788,NA,"cv_r2",NA,NA,NA,NA,NA,"cz_hnscc_hpv"
"fibroblast","ID4","rf",1200,238,0.923696232760238,0.91701771678854,NA,"oob_r2",-0.0517453059289982,0.0196078431372549,TRUE,0.834768144144828,0.573015873015873,"cz_hnscc_hpv"
"fibroblast","ID4","lm",1200,238,NA,0.880593540142185,NA,"cv_r2",NA,NA,NA,NA,NA,"cz_hnscc_hpv"
"fibroblast","ID4","ridge",1200,238,NA,0.90606626530522,NA,"cv_r2",NA,NA,NA,NA,NA,"cz_hnscc_hpv"
"fibroblast","ID4","spearman",1200,238,NA,0.656163725659369,NA,"cv_r2",NA,NA,NA,NA,NA,"cz_hnscc_hpv"
"fibroblast","EPAS1","rf",1200,238,0.94026784085565,0.938968937581685,NA,"oob_r2",-0.051060706762006,0.0196078431372549,TRUE,0.790669330952902,0.718518518518518,"cz_hnscc_hpv"
"fibroblast","EPAS1","lm",1200,238,NA,0.919500166390025,NA,"cv_r2",NA,NA,NA,NA,NA,"cz_hnscc_hpv"
"fibroblast","EPAS1","ridge",1200,238,NA,0.930773964253393,NA,"cv_r2",NA,NA,NA,NA,NA,"cz_hnscc_hpv"
"fibroblast","EPAS1","spearman",1200,238,NA,0.73681711724009,NA,"cv_r2",NA,NA,NA,NA,NA,"cz_hnscc_hpv"
"fibroblast","JUNB","rf",1200,238,0.939117883865314,0.935961499493922,NA,"oob_r2",-0.0625419003073601,0.0196078431372549,TRUE,0.831219830763723,0.881481481481481,"cz_hnscc_hpv"
"fibroblast","JUNB","lm",1200,238,NA,0.923098920067601,NA,"cv_r2",NA,NA,NA,NA,NA,"cz_hnscc_hpv"
"fibroblast","JUNB","ridge",1200,238,NA,0.932587062873745,NA,"cv_r2",NA,NA,NA,NA,NA,"cz_hnscc_hpv"
"fibroblast","JUNB","spearman",1200,238,NA,0.675533187154293,NA,"cv_r2",NA,NA,NA,NA,NA,"cz_hnscc_hpv"
"fibroblast","OSR2","rf",1200,238,0.936538442407568,0.931906470827238,NA,"oob_r2",-0.0534367174247488,0.0196078431372549,TRUE,0.859901784981775,0.822222222222222,"cz_hnscc_hpv"
"fibroblast","OSR2","lm",1200,238,NA,0.914516323913587,NA,"cv_r2",NA,NA,NA,NA,NA,"cz_hnscc_hpv"
"fibroblast","OSR2","ridge",1200,238,NA,0.929011622174094,NA,"cv_r2",NA,NA,NA,NA,NA,"cz_hnscc_hpv"
"fibroblast","OSR2","spearman",1200,238,NA,0.562726059622321,NA,"cv_r2",NA,NA,NA,NA,NA,"cz_hnscc_hpv"
"fibroblast","TWIST2","rf",1200,238,0.941616088597837,0.935741253186064,NA,"oob_r2",-0.0519600104913367,0.0196078431372549,TRUE,0.846601657805576,0.676190476190476,"cz_hnscc_hpv"
"fibroblast","TWIST2","lm",1200,238,NA,0.912988954032345,NA,"cv_r2",NA,NA,NA,NA,NA,"cz_hnscc_hpv"
"fibroblast","TWIST2","ridge",1200,238,NA,0.927695174350439,NA,"cv_r2",NA,NA,NA,NA,NA,"cz_hnscc_hpv"
"fibroblast","TWIST2","spearman",1200,238,NA,0.654484742772272,NA,"cv_r2",NA,NA,NA,NA,NA,"cz_hnscc_hpv"
"fibroblast","RUNX1","rf",1200,238,0.941907917492037,0.938569259051901,NA,"oob_r2",-0.0504309316180601,0.0196078431372549,TRUE,0.823181792534113,0.77989417989418,"cz_hnscc_hpv"
"fibroblast","RUNX1","lm",1200,238,NA,0.930205456052012,NA,"cv_r2",NA,NA,NA,NA,NA,"cz_hnscc_hpv"
"fibroblast","RUNX1","ridge",1200,238,NA,0.940353404744401,NA,"cv_r2",NA,NA,NA,NA,NA,"cz_hnscc_hpv"
"fibroblast","RUNX1","spearman",1200,238,NA,0.79932713270294,NA,"cv_r2",NA,NA,NA,NA,NA,"cz_hnscc_hpv"
"fibroblast","ID2","rf",1200,238,0.923886460279605,0.922202165186358,NA,"oob_r2",-0.0510271197134485,0.0196078431372549,TRUE,0.822848247397047,0.77037037037037,"cz_hnscc_hpv"
"fibroblast","ID2","lm",1200,238,NA,0.877447241819669,NA,"cv_r2",NA,NA,NA,NA,NA,"cz_hnscc_hpv"
"fibroblast","ID2","ridge",1200,238,NA,0.903390206044804,NA,"cv_r2",NA,NA,NA,NA,NA,"cz_hnscc_hpv"
"fibroblast","ID2","spearman",1200,238,NA,0.693206667333837,NA,"cv_r2",NA,NA,NA,NA,NA,"cz_hnscc_hpv"
"fibroblast","MEIS2","rf",1200,238,0.930691652640666,0.928165879070563,NA,"oob_r2",-0.0605725354689079,0.0196078431372549,TRUE,0.825189769073599,0.722751322751323,"cz_hnscc_hpv"
"fibroblast","MEIS2","lm",1200,238,NA,0.912215230890103,NA,"cv_r2",NA,NA,NA,NA,NA,"cz_hnscc_hpv"
"fibroblast","MEIS2","ridge",1200,238,NA,0.926292650346828,NA,"cv_r2",NA,NA,NA,NA,NA,"cz_hnscc_hpv"
"fibroblast","MEIS2","spearman",1200,238,NA,0.620969163667577,NA,"cv_r2",NA,NA,NA,NA,NA,"cz_hnscc_hpv"
"fibroblast","FOXP1","rf",1200,238,0.948999601210917,0.946275377317587,NA,"oob_r2",-0.0557708293333283,0.0196078431372549,TRUE,0.827747278139051,0.874074074074074,"cz_hnscc_hpv"
"fibroblast","FOXP1","lm",1200,238,NA,0.932104713068716,NA,"cv_r2",NA,NA,NA,NA,NA,"cz_hnscc_hpv"
"fibroblast","FOXP1","ridge",1200,238,NA,0.943612885091296,NA,"cv_r2",NA,NA,NA,NA,NA,"cz_hnscc_hpv"
"fibroblast","FOXP1","spearman",1200,238,NA,0.636429214906812,NA,"cv_r2",NA,NA,NA,NA,NA,"cz_hnscc_hpv"
"fibroblast","GATA2","rf",1200,238,0.946572782891996,0.944519733769329,NA,"oob_r2",-0.0633119308506639,0.0196078431372549,TRUE,0.832469408503828,0.733333333333333,"cz_hnscc_hpv"
"fibroblast","GATA2","lm",1200,238,NA,0.935783059918422,NA,"cv_r2",NA,NA,NA,NA,NA,"cz_hnscc_hpv"
"fibroblast","GATA2","ridge",1200,238,NA,0.942786847650999,NA,"cv_r2",NA,NA,NA,NA,NA,"cz_hnscc_hpv"
"fibroblast","GATA2","spearman",1200,238,NA,0.595682171196223,NA,"cv_r2",NA,NA,NA,NA,NA,"cz_hnscc_hpv"
"fibroblast","BHLHE41","rf",1200,238,0.93681773640719,0.93431642637332,NA,"oob_r2",-0.0562730427706076,0.0196078431372549,TRUE,0.829887885454483,0.606349206349206,"cz_hnscc_hpv"
"fibroblast","BHLHE41","lm",1200,238,NA,0.929968336804325,NA,"cv_r2",NA,NA,NA,NA,NA,"cz_hnscc_hpv"
"fibroblast","BHLHE41","ridge",1200,238,NA,0.938060144702054,NA,"cv_r2",NA,NA,NA,NA,NA,"cz_hnscc_hpv"
"fibroblast","BHLHE41","spearman",1200,238,NA,0.722842851960475,NA,"cv_r2",NA,NA,NA,NA,NA,"cz_hnscc_hpv"
"fibroblast","NFATC2","rf",1200,238,0.95124522240352,0.946541528394757,NA,"oob_r2",-0.0601105655746087,0.0196078431372549,TRUE,0.835754754914695,0.933333333333333,"cz_hnscc_hpv"
"fibroblast","NFATC2","lm",1200,238,NA,0.941104409726231,NA,"cv_r2",NA,NA,NA,NA,NA,"cz_hnscc_hpv"
"fibroblast","NFATC2","ridge",1200,238,NA,0.947674599955688,NA,"cv_r2",NA,NA,NA,NA,NA,"cz_hnscc_hpv"
"fibroblast","NFATC2","spearman",1200,238,NA,0.74562142034132,NA,"cv_r2",NA,NA,NA,NA,NA,"cz_hnscc_hpv"
"fibroblast","SNAI2","rf",1200,238,0.938831767146745,0.934610435613416,NA,"oob_r2",-0.05730950426764,0.0196078431372549,TRUE,0.802007234756622,0.792592592592593,"cz_hnscc_hpv"
"fibroblast","SNAI2","lm",1200,238,NA,0.932145325324646,NA,"cv_r2",NA,NA,NA,NA,NA,"cz_hnscc_hpv"
"fibroblast","SNAI2","ridge",1200,238,NA,0.939118542359447,NA,"cv_r2",NA,NA,NA,NA,NA,"cz_hnscc_hpv"
"fibroblast","SNAI2","spearman",1200,238,NA,0.672664090016608,NA,"cv_r2",NA,NA,NA,NA,NA,"cz_hnscc_hpv"
"fibroblast","HEYL","rf",1200,238,0.933956316467715,0.929922485861877,NA,"oob_r2",-0.0628881689290606,0.0196078431372549,TRUE,0.816478251346793,0.551851851851852,"cz_hnscc_hpv"
"fibroblast","HEYL","lm",1200,238,NA,0.926181626031268,NA,"cv_r2",NA,NA,NA,NA,NA,"cz_hnscc_hpv"
"fibroblast","HEYL","ridge",1200,238,NA,0.93639480256689,NA,"cv_r2",NA,NA,NA,NA,NA,"cz_hnscc_hpv"
"fibroblast","HEYL","spearman",1200,238,NA,0.680391924904977,NA,"cv_r2",NA,NA,NA,NA,NA,"cz_hnscc_hpv"
"fibroblast","JUN","rf",1200,238,0.939279577404257,0.93676640895852,NA,"oob_r2",-0.0583242251988624,0.0196078431372549,TRUE,0.85539655192621,0.933333333333333,"cz_hnscc_hpv"
"fibroblast","JUN","lm",1200,238,NA,0.916690664512672,NA,"cv_r2",NA,NA,NA,NA,NA,"cz_hnscc_hpv"
"fibroblast","JUN","ridge",1200,238,NA,0.929841863891739,NA,"cv_r2",NA,NA,NA,NA,NA,"cz_hnscc_hpv"
"fibroblast","JUN","spearman",1200,238,NA,0.676308643048123,NA,"cv_r2",NA,NA,NA,NA,NA,"cz_hnscc_hpv"
"fibroblast","RBPJ","rf",1200,238,0.95115011777589,0.946201408841206,NA,"oob_r2",-0.0557282035451344,0.0196078431372549,TRUE,0.81532591639484,0.785185185185185,"cz_hnscc_hpv"
"fibroblast","RBPJ","lm",1200,238,NA,0.935268493775106,NA,"cv_r2",NA,NA,NA,NA,NA,"cz_hnscc_hpv"
"fibroblast","RBPJ","ridge",1200,238,NA,0.945621108109406,NA,"cv_r2",NA,NA,NA,NA,NA,"cz_hnscc_hpv"
"fibroblast","RBPJ","spearman",1200,238,NA,0.758919935437461,NA,"cv_r2",NA,NA,NA,NA,NA,"cz_hnscc_hpv"
"fibroblast","NR4A3","rf",1200,238,0.953427027236621,0.950782082603186,NA,"oob_r2",-0.0629537670036207,0.0196078431372549,TRUE,0.825892306678157,0.933333333333333,"cz_hnscc_hpv"
"fibroblast","NR4A3","lm",1200,238,NA,0.951816459826314,NA,"cv_r2",NA,NA,NA,NA,NA,"cz_hnscc_hpv"
"fibroblast","NR4A3","ridge",1200,238,NA,0.956347178933635,NA,"cv_r2",NA,NA,NA,NA,NA,"cz_hnscc_hpv"
"fibroblast","NR4A3","spearman",1200,238,NA,0.712535578498078,NA,"cv_r2",NA,NA,NA,NA,NA,"cz_hnscc_hpv"
"fibroblast","MAF","rf",1200,238,0.946636771860197,0.945222879073654,NA,"oob_r2",-0.0645730310607801,0.0196078431372549,TRUE,0.81863836260631,0.874074074074074,"cz_hnscc_hpv"
"fibroblast","MAF","lm",1200,238,NA,0.933772631277541,NA,"cv_r2",NA,NA,NA,NA,NA,"cz_hnscc_hpv"
"fibroblast","MAF","ridge",1200,238,NA,0.942412283937086,NA,"cv_r2",NA,NA,NA,NA,NA,"cz_hnscc_hpv"
"fibroblast","MAF","spearman",1200,238,NA,0.584424537695735,NA,"cv_r2",NA,NA,NA,NA,NA,"cz_hnscc_hpv"
"fibroblast","POU3F1","rf",1200,238,0.946306088796244,0.943390463660459,NA,"oob_r2",-0.0540345749141962,0.0196078431372549,TRUE,0.83679859175985,0.868783068783069,"cz_hnscc_hpv"
"fibroblast","POU3F1","lm",1200,238,NA,0.93935532915826,NA,"cv_r2",NA,NA,NA,NA,NA,"cz_hnscc_hpv"
"fibroblast","POU3F1","ridge",1200,238,NA,0.943379460297734,NA,"cv_r2",NA,NA,NA,NA,NA,"cz_hnscc_hpv"
"fibroblast","POU3F1","spearman",1200,238,NA,0.654820460509387,NA,"cv_r2",NA,NA,NA,NA,NA,"cz_hnscc_hpv"
"fibroblast","HIF1A","rf",1200,238,0.942906855699565,0.94111111418028,NA,"oob_r2",-0.0654071866471297,0.0196078431372549,TRUE,0.803533210682009,0.874074074074074,"cz_hnscc_hpv"
"fibroblast","HIF1A","lm",1200,238,NA,0.922052463351289,NA,"cv_r2",NA,NA,NA,NA,NA,"cz_hnscc_hpv"
"fibroblast","HIF1A","ridge",1200,238,NA,0.931610123013729,NA,"cv_r2",NA,NA,NA,NA,NA,"cz_hnscc_hpv"
"fibroblast","HIF1A","spearman",1200,238,NA,0.657942523888517,NA,"cv_r2",NA,NA,NA,NA,NA,"cz_hnscc_hpv"
"fibroblast","POU3F3","rf",1200,238,0.95509343219149,0.95260570552623,NA,"oob_r2",-0.0552730290673321,0.0196078431372549,TRUE,0.860963602643536,0.822222222222222,"cz_hnscc_hpv"
"fibroblast","POU3F3","lm",1200,238,NA,0.946997870126971,NA,"cv_r2",NA,NA,NA,NA,NA,"cz_hnscc_hpv"
"fibroblast","POU3F3","ridge",1200,238,NA,0.94865669205363,NA,"cv_r2",NA,NA,NA,NA,NA,"cz_hnscc_hpv"
"fibroblast","POU3F3","spearman",1200,238,NA,0.632709339181794,NA,"cv_r2",NA,NA,NA,NA,NA,"cz_hnscc_hpv"
"fibroblast","RUNX2","rf",1200,238,0.946744248853034,0.94460327876462,NA,"oob_r2",-0.0559042358124099,0.0196078431372549,TRUE,0.830237927842429,1,"cz_hnscc_hpv"
"fibroblast","RUNX2","lm",1200,238,NA,0.928270770532106,NA,"cv_r2",NA,NA,NA,NA,NA,"cz_hnscc_hpv"
"fibroblast","RUNX2","ridge",1200,238,NA,0.936761578267808,NA,"cv_r2",NA,NA,NA,NA,NA,"cz_hnscc_hpv"
"fibroblast","RUNX2","spearman",1200,238,NA,0.719728491472133,NA,"cv_r2",NA,NA,NA,NA,NA,"cz_hnscc_hpv"
"fibroblast","FOSB","rf",1200,238,0.950807261106814,0.948028232195284,NA,"oob_r2",-0.052704253099369,0.0196078431372549,TRUE,0.83538491186952,0.792592592592593,"cz_hnscc_hpv"
"fibroblast","FOSB","lm",1200,238,NA,0.927095614811638,NA,"cv_r2",NA,NA,NA,NA,NA,"cz_hnscc_hpv"
"fibroblast","FOSB","ridge",1200,238,NA,0.938095310447107,NA,"cv_r2",NA,NA,NA,NA,NA,"cz_hnscc_hpv"
"fibroblast","FOSB","spearman",1200,238,NA,0.724657803870962,NA,"cv_r2",NA,NA,NA,NA,NA,"cz_hnscc_hpv"
"fibroblast","FOXQ1","rf",1200,238,0.953953774649425,0.951215401058721,NA,"oob_r2",-0.0539140266943712,0.0196078431372549,TRUE,0.835938618160397,0.933333333333333,"cz_hnscc_hpv"
"fibroblast","FOXQ1","lm",1200,238,NA,0.943630794390564,NA,"cv_r2",NA,NA,NA,NA,NA,"cz_hnscc_hpv"
"fibroblast","FOXQ1","ridge",1200,238,NA,0.950841964652406,NA,"cv_r2",NA,NA,NA,NA,NA,"cz_hnscc_hpv"
"fibroblast","FOXQ1","spearman",1200,238,NA,0.69123537957323,NA,"cv_r2",NA,NA,NA,NA,NA,"cz_hnscc_hpv"
"fibroblast","EGR3","rf",1200,238,0.955841884687443,0.954661620913726,NA,"oob_r2",-0.0576937995659755,0.0196078431372549,TRUE,0.849357391032963,0.713227513227513,"cz_hnscc_hpv"
"fibroblast","EGR3","lm",1200,238,NA,0.945048560185028,NA,"cv_r2",NA,NA,NA,NA,NA,"cz_hnscc_hpv"
"fibroblast","EGR3","ridge",1200,238,NA,0.950748899215894,NA,"cv_r2",NA,NA,NA,NA,NA,"cz_hnscc_hpv"
"fibroblast","EGR3","spearman",1200,238,NA,0.750064207619014,NA,"cv_r2",NA,NA,NA,NA,NA,"cz_hnscc_hpv"
"fibroblast","GLIS3","rf",1200,238,0.961907319494604,0.958655722132712,NA,"oob_r2",-0.0651038389175315,0.0196078431372549,TRUE,0.851143505263271,1,"cz_hnscc_hpv"
"fibroblast","GLIS3","lm",1200,238,NA,0.955698607857945,NA,"cv_r2",NA,NA,NA,NA,NA,"cz_hnscc_hpv"
"fibroblast","GLIS3","ridge",1200,238,NA,0.962360224066403,NA,"cv_r2",NA,NA,NA,NA,NA,"cz_hnscc_hpv"
"fibroblast","GLIS3","spearman",1200,238,NA,0.582441549070174,NA,"cv_r2",NA,NA,NA,NA,NA,"cz_hnscc_hpv"
"fibroblast","BCLAF1","rf",1200,238,0.940083461125939,0.932529488976169,NA,"oob_r2",-0.0430460842313716,0.0196078431372549,TRUE,0.832625934578411,0.874074074074074,"cz_hnscc_hpv"
"fibroblast","BCLAF1","lm",1200,238,NA,0.91206721409069,NA,"cv_r2",NA,NA,NA,NA,NA,"cz_hnscc_hpv"
"fibroblast","BCLAF1","ridge",1200,238,NA,0.928932584347668,NA,"cv_r2",NA,NA,NA,NA,NA,"cz_hnscc_hpv"
"fibroblast","BCLAF1","spearman",1200,238,NA,0.705582992793705,NA,"cv_r2",NA,NA,NA,NA,NA,"cz_hnscc_hpv"
"fibroblast","MYC","rf",1200,238,0.947400116315719,0.943143087421277,NA,"oob_r2",-0.05679250618419,0.0196078431372549,TRUE,0.824576799277167,0.816931216931217,"cz_hnscc_hpv"
"fibroblast","MYC","lm",1200,238,NA,0.935236894385561,NA,"cv_r2",NA,NA,NA,NA,NA,"cz_hnscc_hpv"
"fibroblast","MYC","ridge",1200,238,NA,0.943774239330283,NA,"cv_r2",NA,NA,NA,NA,NA,"cz_hnscc_hpv"
"fibroblast","MYC","spearman",1200,238,NA,0.776189262871766,NA,"cv_r2",NA,NA,NA,NA,NA,"cz_hnscc_hpv"
"fibroblast","REL","rf",1200,238,0.952484500353214,0.94980733998768,NA,"oob_r2",-0.0630101615728443,0.0196078431372549,TRUE,0.838154768642623,0.933333333333333,"cz_hnscc_hpv"
"fibroblast","REL","lm",1200,238,NA,0.942356116930203,NA,"cv_r2",NA,NA,NA,NA,NA,"cz_hnscc_hpv"
"fibroblast","REL","ridge",1200,238,NA,0.949439084825004,NA,"cv_r2",NA,NA,NA,NA,NA,"cz_hnscc_hpv"
"fibroblast","REL","spearman",1200,238,NA,0.686211462602829,NA,"cv_r2",NA,NA,NA,NA,NA,"cz_hnscc_hpv"
"fibroblast","HEY1","rf",1200,238,0.942675282021767,0.940922641151484,NA,"oob_r2",-0.0527391726634171,0.0196078431372549,TRUE,0.829108222213024,0.933333333333333,"cz_hnscc_hpv"
"fibroblast","HEY1","lm",1200,238,NA,0.924112308495885,NA,"cv_r2",NA,NA,NA,NA,NA,"cz_hnscc_hpv"
"fibroblast","HEY1","ridge",1200,238,NA,0.93652416421316,NA,"cv_r2",NA,NA,NA,NA,NA,"cz_hnscc_hpv"
"fibroblast","HEY1","spearman",1200,238,NA,0.702763630777327,NA,"cv_r2",NA,NA,NA,NA,NA,"cz_hnscc_hpv"
"fibroblast","CEBPB","rf",1200,238,0.958766734766331,0.953742816196293,NA,"oob_r2",-0.0602749313487894,0.0196078431372549,TRUE,0.818715448681459,0.868783068783069,"cz_hnscc_hpv"
"fibroblast","CEBPB","lm",1200,238,NA,0.946696439558751,NA,"cv_r2",NA,NA,NA,NA,NA,"cz_hnscc_hpv"
"fibroblast","CEBPB","ridge",1200,238,NA,0.953593659048318,NA,"cv_r2",NA,NA,NA,NA,NA,"cz_hnscc_hpv"
"fibroblast","CEBPB","spearman",1200,238,NA,0.691169752072193,NA,"cv_r2",NA,NA,NA,NA,NA,"cz_hnscc_hpv"
"fibroblast","KLF4","rf",1200,238,0.94511344706544,0.939274524006637,NA,"oob_r2",-0.0495454563101606,0.0196078431372549,TRUE,0.833424488556788,0.617989417989418,"cz_hnscc_hpv"
"fibroblast","KLF4","lm",1200,238,NA,0.927594713338497,NA,"cv_r2",NA,NA,NA,NA,NA,"cz_hnscc_hpv"
"fibroblast","KLF4","ridge",1200,238,NA,0.93533399335421,NA,"cv_r2",NA,NA,NA,NA,NA,"cz_hnscc_hpv"
"fibroblast","KLF4","spearman",1200,238,NA,0.767136477522113,NA,"cv_r2",NA,NA,NA,NA,NA,"cz_hnscc_hpv"
"fibroblast","HES4","rf",1200,238,0.93749803596546,0.933198476726032,NA,"oob_r2",-0.0566283076071636,0.0196078431372549,TRUE,0.807511322944516,0.693121693121693,"cz_hnscc_hpv"
"fibroblast","HES4","lm",1200,238,NA,0.931631104683009,NA,"cv_r2",NA,NA,NA,NA,NA,"cz_hnscc_hpv"
"fibroblast","HES4","ridge",1200,238,NA,0.938284630248337,NA,"cv_r2",NA,NA,NA,NA,NA,"cz_hnscc_hpv"
"fibroblast","HES4","spearman",1200,238,NA,0.609257512928428,NA,"cv_r2",NA,NA,NA,NA,NA,"cz_hnscc_hpv"
"fibroblast","TFAP2A","rf",1200,238,0.954419297748021,0.950564229005167,NA,"oob_r2",-0.0467531356069096,0.0196078431372549,TRUE,0.853110891444479,0.671957671957672,"cz_hnscc_hpv"
"fibroblast","TFAP2A","lm",1200,238,NA,0.941910933667848,NA,"cv_r2",NA,NA,NA,NA,NA,"cz_hnscc_hpv"
"fibroblast","TFAP2A","ridge",1200,238,NA,0.948024457004162,NA,"cv_r2",NA,NA,NA,NA,NA,"cz_hnscc_hpv"
"fibroblast","TFAP2A","spearman",1200,238,NA,0.722991232013426,NA,"cv_r2",NA,NA,NA,NA,NA,"cz_hnscc_hpv"
"fibroblast","BHLHE40","rf",1200,238,0.957822274610188,0.953823306237378,NA,"oob_r2",-0.0526238507250148,0.0196078431372549,TRUE,0.826885286890209,0.774603174603175,"cz_hnscc_hpv"
"fibroblast","BHLHE40","lm",1200,238,NA,0.948438666947623,NA,"cv_r2",NA,NA,NA,NA,NA,"cz_hnscc_hpv"
"fibroblast","BHLHE40","ridge",1200,238,NA,0.952990016750514,NA,"cv_r2",NA,NA,NA,NA,NA,"cz_hnscc_hpv"
"fibroblast","BHLHE40","spearman",1200,238,NA,0.693696476839686,NA,"cv_r2",NA,NA,NA,NA,NA,"cz_hnscc_hpv"
"fibroblast","EGR2","rf",1200,238,0.947508739271275,0.943944717517844,NA,"oob_r2",-0.0465651551503259,0.0196078431372549,TRUE,0.833084554196659,0.708994708994709,"cz_hnscc_hpv"
"fibroblast","EGR2","lm",1200,238,NA,0.935002904288572,NA,"cv_r2",NA,NA,NA,NA,NA,"cz_hnscc_hpv"
"fibroblast","EGR2","ridge",1200,238,NA,0.941227386360687,NA,"cv_r2",NA,NA,NA,NA,NA,"cz_hnscc_hpv"
"fibroblast","EGR2","spearman",1200,238,NA,0.72955195633292,NA,"cv_r2",NA,NA,NA,NA,NA,"cz_hnscc_hpv"
"fibroblast","JUND","rf",1200,238,0.937156109243621,0.933648146723551,NA,"oob_r2",-0.0552656210533629,0.0196078431372549,TRUE,0.800244185028141,0.747089947089947,"cz_hnscc_hpv"
"fibroblast","JUND","lm",1200,238,NA,0.928301718056787,NA,"cv_r2",NA,NA,NA,NA,NA,"cz_hnscc_hpv"
"fibroblast","JUND","ridge",1200,238,NA,0.936602274914715,NA,"cv_r2",NA,NA,NA,NA,NA,"cz_hnscc_hpv"
"fibroblast","JUND","spearman",1200,238,NA,0.773082305152433,NA,"cv_r2",NA,NA,NA,NA,NA,"cz_hnscc_hpv"
"fibroblast","ETS2","rf",1200,238,0.958724302316777,0.959348025273344,NA,"oob_r2",-0.0488738138094309,0.0196078431372549,TRUE,0.808526952259992,0.8,"cz_hnscc_hpv"
"fibroblast","ETS2","lm",1200,238,NA,0.942687303584258,NA,"cv_r2",NA,NA,NA,NA,NA,"cz_hnscc_hpv"
"fibroblast","ETS2","ridge",1200,238,NA,0.952047852621221,NA,"cv_r2",NA,NA,NA,NA,NA,"cz_hnscc_hpv"
"fibroblast","ETS2","spearman",1200,238,NA,0.709447636167989,NA,"cv_r2",NA,NA,NA,NA,NA,"cz_hnscc_hpv"
"fibroblast","FOXC1","rf",1200,238,0.945905866696545,0.946058218330851,NA,"oob_r2",-0.0419760297580682,0.0196078431372549,TRUE,0.825968245462477,0.744973544973545,"cz_hnscc_hpv"
"fibroblast","FOXC1","lm",1200,238,NA,0.937688734411778,NA,"cv_r2",NA,NA,NA,NA,NA,"cz_hnscc_hpv"
"fibroblast","FOXC1","ridge",1200,238,NA,0.946168553103811,NA,"cv_r2",NA,NA,NA,NA,NA,"cz_hnscc_hpv"
"fibroblast","FOXC1","spearman",1200,238,NA,0.617164635668922,NA,"cv_r2",NA,NA,NA,NA,NA,"cz_hnscc_hpv"
"fibroblast","STAT1","rf",1200,238,0.907617756914043,0.906727544515412,NA,"oob_r2",-0.0561293780188694,0.0196078431372549,TRUE,0.821059344063173,0.686772486772487,"cz_hnscc_hpv"
"fibroblast","STAT1","lm",1200,238,NA,0.893990022801886,NA,"cv_r2",NA,NA,NA,NA,NA,"cz_hnscc_hpv"
"fibroblast","STAT1","ridge",1200,238,NA,0.908837894240852,NA,"cv_r2",NA,NA,NA,NA,NA,"cz_hnscc_hpv"
"fibroblast","STAT1","spearman",1200,238,NA,0.647336725070446,NA,"cv_r2",NA,NA,NA,NA,NA,"cz_hnscc_hpv"
"fibroblast","ETS1","rf",1200,238,0.958217213174676,0.956731509061247,NA,"oob_r2",-0.0507746782217921,0.0196078431372549,TRUE,0.865423418806994,0.77037037037037,"cz_hnscc_hpv"
"fibroblast","ETS1","lm",1200,238,NA,0.949757851954087,NA,"cv_r2",NA,NA,NA,NA,NA,"cz_hnscc_hpv"
"fibroblast","ETS1","ridge",1200,238,NA,0.955066779864543,NA,"cv_r2",NA,NA,NA,NA,NA,"cz_hnscc_hpv"
"fibroblast","ETS1","spearman",1200,238,NA,0.707533713524487,NA,"cv_r2",NA,NA,NA,NA,NA,"cz_hnscc_hpv"
"fibroblast","KLF9","rf",1200,238,0.960486787941596,0.956695387813858,NA,"oob_r2",-0.050951266890411,0.0196078431372549,TRUE,0.83399010293523,0.733333333333333,"cz_hnscc_hpv"
"fibroblast","KLF9","lm",1200,238,NA,0.953828002978788,NA,"cv_r2",NA,NA,NA,NA,NA,"cz_hnscc_hpv"
"fibroblast","KLF9","ridge",1200,238,NA,0.958113877853618,NA,"cv_r2",NA,NA,NA,NA,NA,"cz_hnscc_hpv"
"fibroblast","KLF9","spearman",1200,238,NA,0.687792911892092,NA,"cv_r2",NA,NA,NA,NA,NA,"cz_hnscc_hpv"
"fibroblast","AR","rf",1200,238,0.961709122540689,0.957673825376976,NA,"oob_r2",-0.0520054300867924,0.0196078431372549,TRUE,0.840539412629625,0.643386243386243,"cz_hnscc_hpv"
"fibroblast","AR","lm",1200,238,NA,0.953850196161472,NA,"cv_r2",NA,NA,NA,NA,NA,"cz_hnscc_hpv"
"fibroblast","AR","ridge",1200,238,NA,0.960660851355178,NA,"cv_r2",NA,NA,NA,NA,NA,"cz_hnscc_hpv"
"fibroblast","AR","spearman",1200,238,NA,0.686454529581899,NA,"cv_r2",NA,NA,NA,NA,NA,"cz_hnscc_hpv"
"fibroblast","ESR1","rf",1200,238,0.947622363812173,0.94711842754214,NA,"oob_r2",-0.0544487170120615,0.0196078431372549,TRUE,0.815737991611029,0.732275132275132,"cz_hnscc_hpv"
"fibroblast","ESR1","lm",1200,238,NA,0.936682324021035,NA,"cv_r2",NA,NA,NA,NA,NA,"cz_hnscc_hpv"
"fibroblast","ESR1","ridge",1200,238,NA,0.944249439309242,NA,"cv_r2",NA,NA,NA,NA,NA,"cz_hnscc_hpv"
"fibroblast","ESR1","spearman",1200,238,NA,0.738726674928123,NA,"cv_r2",NA,NA,NA,NA,NA,"cz_hnscc_hpv"
"fibroblast","IRF1","rf",1200,238,0.946464038716582,0.944706700000283,NA,"oob_r2",-0.0524976395265757,0.0196078431372549,TRUE,0.82451961276363,0.785185185185185,"cz_hnscc_hpv"
"fibroblast","IRF1","lm",1200,238,NA,0.935417387386144,NA,"cv_r2",NA,NA,NA,NA,NA,"cz_hnscc_hpv"
"fibroblast","IRF1","ridge",1200,238,NA,0.945321808683171,NA,"cv_r2",NA,NA,NA,NA,NA,"cz_hnscc_hpv"
"fibroblast","IRF1","spearman",1200,238,NA,0.750968485787431,NA,"cv_r2",NA,NA,NA,NA,NA,"cz_hnscc_hpv"
"fibroblast","MAFF","rf",1200,238,0.963978718513985,0.960277021932159,NA,"oob_r2",-0.052623395910999,0.0196078431372549,TRUE,0.783960923669999,0.822222222222222,"cz_hnscc_hpv"
"fibroblast","MAFF","lm",1200,238,NA,0.947894526793993,NA,"cv_r2",NA,NA,NA,NA,NA,"cz_hnscc_hpv"
"fibroblast","MAFF","ridge",1200,238,NA,0.956759546684905,NA,"cv_r2",NA,NA,NA,NA,NA,"cz_hnscc_hpv"
"fibroblast","MAFF","spearman",1200,238,NA,0.789608107104744,NA,"cv_r2",NA,NA,NA,NA,NA,"cz_hnscc_hpv"
"fibroblast","KLF3","rf",1200,238,0.957912713750686,0.952496491554158,NA,"oob_r2",-0.0515685445523081,0.0196078431372549,TRUE,0.80829595118594,0.933333333333333,"cz_hnscc_hpv"
"fibroblast","KLF3","lm",1200,238,NA,0.9459933885175,NA,"cv_r2",NA,NA,NA,NA,NA,"cz_hnscc_hpv"
"fibroblast","KLF3","ridge",1200,238,NA,0.953397194519384,NA,"cv_r2",NA,NA,NA,NA,NA,"cz_hnscc_hpv"
"fibroblast","KLF3","spearman",1200,238,NA,0.792386696352305,NA,"cv_r2",NA,NA,NA,NA,NA,"cz_hnscc_hpv"
"fibroblast","ZEB1","rf",1200,238,0.958000324382214,0.954970556350208,NA,"oob_r2",-0.0563428903585203,0.0196078431372549,TRUE,0.793716594735982,0.82962962962963,"cz_hnscc_hpv"
"fibroblast","ZEB1","lm",1200,238,NA,0.951120120023497,NA,"cv_r2",NA,NA,NA,NA,NA,"cz_hnscc_hpv"
"fibroblast","ZEB1","ridge",1200,238,NA,0.957542331169641,NA,"cv_r2",NA,NA,NA,NA,NA,"cz_hnscc_hpv"
"fibroblast","ZEB1","spearman",1200,238,NA,0.736100733008183,NA,"cv_r2",NA,NA,NA,NA,NA,"cz_hnscc_hpv"
"fibroblast","PRDM1","rf",1200,238,0.953873351083768,0.949392336512567,NA,"oob_r2",-0.0536651442160952,0.0196078431372549,TRUE,0.837166120442492,0.686772486772487,"cz_hnscc_hpv"
"fibroblast","PRDM1","lm",1200,238,NA,0.943084434122874,NA,"cv_r2",NA,NA,NA,NA,NA,"cz_hnscc_hpv"
"fibroblast","PRDM1","ridge",1200,238,NA,0.948335331806205,NA,"cv_r2",NA,NA,NA,NA,NA,"cz_hnscc_hpv"
"fibroblast","PRDM1","spearman",1200,238,NA,0.65340176928958,NA,"cv_r2",NA,NA,NA,NA,NA,"cz_hnscc_hpv"
"fibroblast","KLF6","rf",1200,238,0.953583273832878,0.949236570830727,NA,"oob_r2",-0.0496648433813439,0.0196078431372549,TRUE,0.794317023456806,0.693121693121693,"cz_hnscc_hpv"
"fibroblast","KLF6","lm",1200,238,NA,0.944538150539388,NA,"cv_r2",NA,NA,NA,NA,NA,"cz_hnscc_hpv"
"fibroblast","KLF6","ridge",1200,238,NA,0.951883144282518,NA,"cv_r2",NA,NA,NA,NA,NA,"cz_hnscc_hpv"
"fibroblast","KLF6","spearman",1200,238,NA,0.783274431423343,NA,"cv_r2",NA,NA,NA,NA,NA,"cz_hnscc_hpv"
"B_cell","PRDM1","rf",1200,56,0.623899544052758,0.605809687797451,NA,"oob_r2",-0.0427616676962148,0.0196078431372549,TRUE,0.91860256702362,0.755555555555556,"cz_hnscc_hpv"
"B_cell","PRDM1","lm",1200,56,NA,0.612484979856517,NA,"cv_r2",NA,NA,NA,NA,NA,"cz_hnscc_hpv"
"B_cell","PRDM1","ridge",1200,56,NA,0.615702687343135,NA,"cv_r2",NA,NA,NA,NA,NA,"cz_hnscc_hpv"
"B_cell","PRDM1","spearman",1200,56,NA,0.439278795575098,NA,"cv_r2",NA,NA,NA,NA,NA,"cz_hnscc_hpv"
"B_cell","ERG","rf",1200,56,0.620996029804877,0.601631428433527,NA,"oob_r2",-0.0394434641403444,0.0196078431372549,TRUE,0.892513100934154,0.881481481481481,"cz_hnscc_hpv"
"B_cell","ERG","lm",1200,56,NA,0.585819996247127,NA,"cv_r2",NA,NA,NA,NA,NA,"cz_hnscc_hpv"
"B_cell","ERG","ridge",1200,56,NA,0.589235141595399,NA,"cv_r2",NA,NA,NA,NA,NA,"cz_hnscc_hpv"
"B_cell","ERG","spearman",1200,56,NA,0.463479716016208,NA,"cv_r2",NA,NA,NA,NA,NA,"cz_hnscc_hpv"
"B_cell","NR2C2","rf",1200,56,0.606951784779031,0.589426835857294,NA,"oob_r2",-0.044977398948644,0.0196078431372549,TRUE,0.908299536720589,0.874074074074074,"cz_hnscc_hpv"
"B_cell","NR2C2","lm",1200,56,NA,0.595404211444778,NA,"cv_r2",NA,NA,NA,NA,NA,"cz_hnscc_hpv"
"B_cell","NR2C2","ridge",1200,56,NA,0.598202624232345,NA,"cv_r2",NA,NA,NA,NA,NA,"cz_hnscc_hpv"
"B_cell","NR2C2","spearman",1200,56,NA,0.409605812036743,NA,"cv_r2",NA,NA,NA,NA,NA,"cz_hnscc_hpv"
"B_cell","ETV7","rf",1200,56,0.645897594624001,0.624885532257449,NA,"oob_r2",-0.037010492212128,0.0196078431372549,TRUE,0.910930356193514,0.686772486772487,"cz_hnscc_hpv"
"B_cell","ETV7","lm",1200,56,NA,0.631823852064662,NA,"cv_r2",NA,NA,NA,NA,NA,"cz_hnscc_hpv"
"B_cell","ETV7","ridge",1200,56,NA,0.633545708861514,NA,"cv_r2",NA,NA,NA,NA,NA,"cz_hnscc_hpv"
"B_cell","ETV7","spearman",1200,56,NA,0.503348105546027,NA,"cv_r2",NA,NA,NA,NA,NA,"cz_hnscc_hpv"
"B_cell","TFAP2E","rf",1200,56,0.640795028535189,0.631439119119807,NA,"oob_r2",-0.0471548221135021,0.0196078431372549,TRUE,0.905700615174299,1,"cz_hnscc_hpv"
"B_cell","TFAP2E","lm",1200,56,NA,0.609380442223342,NA,"cv_r2",NA,NA,NA,NA,NA,"cz_hnscc_hpv"
"B_cell","TFAP2E","ridge",1200,56,NA,0.61235190948249,NA,"cv_r2",NA,NA,NA,NA,NA,"cz_hnscc_hpv"
"B_cell","TFAP2E","spearman",1200,56,NA,0.468590197209652,NA,"cv_r2",NA,NA,NA,NA,NA,"cz_hnscc_hpv"
"B_cell","NR1H3","rf",1200,56,0.570141156867718,0.543324644904199,NA,"oob_r2",-0.0467607900776251,0.0196078431372549,TRUE,0.890877192982456,1,"cz_hnscc_hpv"
"B_cell","NR1H3","lm",1200,56,NA,0.551946069999786,NA,"cv_r2",NA,NA,NA,NA,NA,"cz_hnscc_hpv"
"B_cell","NR1H3","ridge",1200,56,NA,0.555221396469369,NA,"cv_r2",NA,NA,NA,NA,NA,"cz_hnscc_hpv"
"B_cell","NR1H3","spearman",1200,56,NA,0.405392912639251,NA,"cv_r2",NA,NA,NA,NA,NA,"cz_hnscc_hpv"
"B_cell","ETV1","rf",1200,56,0.534938075264893,0.511513672677292,NA,"oob_r2",-0.0395617912528262,0.0196078431372549,TRUE,0.883179160021265,0.614814814814815,"cz_hnscc_hpv"
"B_cell","ETV1","lm",1200,56,NA,0.518316613619239,NA,"cv_r2",NA,NA,NA,NA,NA,"cz_hnscc_hpv"
"B_cell","ETV1","ridge",1200,56,NA,0.520412821983767,NA,"cv_r2",NA,NA,NA,NA,NA,"cz_hnscc_hpv"
"B_cell","ETV1","spearman",1200,56,NA,0.379819991610671,NA,"cv_r2",NA,NA,NA,NA,NA,"cz_hnscc_hpv"
"B_cell","RARG","rf",1200,56,0.636706884981254,0.635593476789709,NA,"oob_r2",-0.0404942970226302,0.0196078431372549,TRUE,0.91066150224045,0.933333333333333,"cz_hnscc_hpv"
"B_cell","RARG","lm",1200,56,NA,0.617623706712298,NA,"cv_r2",NA,NA,NA,NA,NA,"cz_hnscc_hpv"
"B_cell","RARG","ridge",1200,56,NA,0.620177683956494,NA,"cv_r2",NA,NA,NA,NA,NA,"cz_hnscc_hpv"
"B_cell","RARG","spearman",1200,56,NA,0.487148157632142,NA,"cv_r2",NA,NA,NA,NA,NA,"cz_hnscc_hpv"
"B_cell","RFX6","rf",1200,56,0.577409384822989,0.550174926158043,NA,"oob_r2",-0.0429318617831133,0.0196078431372549,TRUE,0.894985949722792,0.8,"cz_hnscc_hpv"
"B_cell","RFX6","lm",1200,56,NA,0.536260668715862,NA,"cv_r2",NA,NA,NA,NA,NA,"cz_hnscc_hpv"
"B_cell","RFX6","ridge",1200,56,NA,0.537215414642461,NA,"cv_r2",NA,NA,NA,NA,NA,"cz_hnscc_hpv"
"B_cell","RFX6","spearman",1200,56,NA,0.399971013955396,NA,"cv_r2",NA,NA,NA,NA,NA,"cz_hnscc_hpv"
"B_cell","TFAP4","rf",1200,56,0.5917701249647,0.602058361334631,NA,"oob_r2",-0.035848180323323,0.0196078431372549,TRUE,0.927125389230652,0.733333333333333,"cz_hnscc_hpv"
"B_cell","TFAP4","lm",1200,56,NA,0.510861244784652,NA,"cv_r2",NA,NA,NA,NA,NA,"cz_hnscc_hpv"
"B_cell","TFAP4","ridge",1200,56,NA,0.514915332771312,NA,"cv_r2",NA,NA,NA,NA,NA,"cz_hnscc_hpv"
"B_cell","TFAP4","spearman",1200,56,NA,0.192190705474376,NA,"cv_r2",NA,NA,NA,NA,NA,"cz_hnscc_hpv"
"B_cell","ID1","rf",1200,56,0.615390924280011,0.610810117157225,NA,"oob_r2",-0.044736431009785,0.0196078431372549,TRUE,0.872004253056885,0.933333333333333,"cz_hnscc_hpv"
"B_cell","ID1","lm",1200,56,NA,0.585984717995244,NA,"cv_r2",NA,NA,NA,NA,NA,"cz_hnscc_hpv"
"B_cell","ID1","ridge",1200,56,NA,0.589548145252174,NA,"cv_r2",NA,NA,NA,NA,NA,"cz_hnscc_hpv"
"B_cell","ID1","spearman",1200,56,NA,0.298570459068749,NA,"cv_r2",NA,NA,NA,NA,NA,"cz_hnscc_hpv"
"B_cell","NR2F2","rf",1200,56,0.575687930544008,0.553254492905765,NA,"oob_r2",-0.0458999094495259,0.0196078431372549,TRUE,0.906139591402749,0.844444444444444,"cz_hnscc_hpv"
"B_cell","NR2F2","lm",1200,56,NA,0.536753932941309,NA,"cv_r2",NA,NA,NA,NA,NA,"cz_hnscc_hpv"
"B_cell","NR2F2","ridge",1200,56,NA,0.539688020984895,NA,"cv_r2",NA,NA,NA,NA,NA,"cz_hnscc_hpv"
"B_cell","NR2F2","spearman",1200,56,NA,0.378261938370428,NA,"cv_r2",NA,NA,NA,NA,NA,"cz_hnscc_hpv"
"B_cell","PAX1","rf",1200,56,0.604905058332841,0.603390874976438,NA,"oob_r2",-0.039712873713101,0.0196078431372549,TRUE,0.89127363864206,0.933333333333333,"cz_hnscc_hpv"
"B_cell","PAX1","lm",1200,56,NA,0.568841124828165,NA,"cv_r2",NA,NA,NA,NA,NA,"cz_hnscc_hpv"
"B_cell","PAX1","ridge",1200,56,NA,0.572233242955453,NA,"cv_r2",NA,NA,NA,NA,NA,"cz_hnscc_hpv"
"B_cell","PAX1","spearman",1200,56,NA,0.347605722135205,NA,"cv_r2",NA,NA,NA,NA,NA,"cz_hnscc_hpv"
"B_cell","EGR2","rf",1200,56,0.702103451782648,0.697336647524233,NA,"oob_r2",-0.0409223024927581,0.0196078431372549,TRUE,0.900628844839371,1,"cz_hnscc_hpv"
"B_cell","EGR2","lm",1200,56,NA,0.64113882273062,NA,"cv_r2",NA,NA,NA,NA,NA,"cz_hnscc_hpv"
"B_cell","EGR2","ridge",1200,56,NA,0.642463774797396,NA,"cv_r2",NA,NA,NA,NA,NA,"cz_hnscc_hpv"
"B_cell","EGR2","spearman",1200,56,NA,0.275983693645425,NA,"cv_r2",NA,NA,NA,NA,NA,"cz_hnscc_hpv"
"B_cell","ZBTB1","rf",1200,56,0.66444527983333,0.664803733687291,NA,"oob_r2",-0.0429569265859286,0.0196078431372549,TRUE,0.906136553504975,0.933333333333333,"cz_hnscc_hpv"
"B_cell","ZBTB1","lm",1200,56,NA,0.611227845564197,NA,"cv_r2",NA,NA,NA,NA,NA,"cz_hnscc_hpv"
"B_cell","ZBTB1","ridge",1200,56,NA,0.61356919827559,NA,"cv_r2",NA,NA,NA,NA,NA,"cz_hnscc_hpv"
"B_cell","ZBTB1","spearman",1200,56,NA,0.277971097509791,NA,"cv_r2",NA,NA,NA,NA,NA,"cz_hnscc_hpv"
"B_cell","CHD2","rf",1200,56,0.686436219035355,0.676423465957914,NA,"oob_r2",-0.0379212652456401,0.0196078431372549,TRUE,0.911550087339561,0.933333333333333,"cz_hnscc_hpv"
"B_cell","CHD2","lm",1200,56,NA,0.608170573535436,NA,"cv_r2",NA,NA,NA,NA,NA,"cz_hnscc_hpv"
"B_cell","CHD2","ridge",1200,56,NA,0.609773116524954,NA,"cv_r2",NA,NA,NA,NA,NA,"cz_hnscc_hpv"
"B_cell","CHD2","spearman",1200,56,NA,0.26644848329806,NA,"cv_r2",NA,NA,NA,NA,NA,"cz_hnscc_hpv"
"B_cell","ID2","rf",1200,56,0.636573646339245,0.61765714861704,NA,"oob_r2",-0.042088134892611,0.0196078431372549,TRUE,0.888752183489026,0.881481481481481,"cz_hnscc_hpv"
"B_cell","ID2","lm",1200,56,NA,0.572926591519397,NA,"cv_r2",NA,NA,NA,NA,NA,"cz_hnscc_hpv"
"B_cell","ID2","ridge",1200,56,NA,0.575317715034277,NA,"cv_r2",NA,NA,NA,NA,NA,"cz_hnscc_hpv"
"B_cell","ID2","spearman",1200,56,NA,0.158026982953047,NA,"cv_r2",NA,NA,NA,NA,NA,"cz_hnscc_hpv"
"B_cell","CTCFL","rf",1200,56,0.654221354509883,0.652889599613597,NA,"oob_r2",-0.0505922784811499,0.0196078431372549,TRUE,0.916362117414749,0.77037037037037,"cz_hnscc_hpv"
"B_cell","CTCFL","lm",1200,56,NA,0.518752970282144,NA,"cv_r2",NA,NA,NA,NA,NA,"cz_hnscc_hpv"
"B_cell","CTCFL","ridge",1200,56,NA,0.522788616384191,NA,"cv_r2",NA,NA,NA,NA,NA,"cz_hnscc_hpv"
"B_cell","CTCFL","spearman",1200,56,NA,0.155548543762823,NA,"cv_r2",NA,NA,NA,NA,NA,"cz_hnscc_hpv"
"B_cell","BHLHE41","rf",1200,56,0.751188860970919,0.746344308925693,NA,"oob_r2",-0.0381605245837285,0.0196078431372549,TRUE,0.911021493126756,0.881481481481481,"cz_hnscc_hpv"
"B_cell","BHLHE41","lm",1200,56,NA,0.704113396355544,NA,"cv_r2",NA,NA,NA,NA,NA,"cz_hnscc_hpv"
"B_cell","BHLHE41","ridge",1200,56,NA,0.705104755333747,NA,"cv_r2",NA,NA,NA,NA,NA,"cz_hnscc_hpv"
"B_cell","BHLHE41","spearman",1200,56,NA,0.31052510960864,NA,"cv_r2",NA,NA,NA,NA,NA,"cz_hnscc_hpv"
"B_cell","BHLHE40","rf",1200,56,0.736200004251375,0.732533244394279,NA,"oob_r2",-0.0491774578459434,0.0196078431372549,TRUE,0.918784840890104,1,"cz_hnscc_hpv"
"B_cell","BHLHE40","lm",1200,56,NA,0.677414883963342,NA,"cv_r2",NA,NA,NA,NA,NA,"cz_hnscc_hpv"
"B_cell","BHLHE40","ridge",1200,56,NA,0.67922892145873,NA,"cv_r2",NA,NA,NA,NA,NA,"cz_hnscc_hpv"
"B_cell","BHLHE40","spearman",1200,56,NA,0.334637597290342,NA,"cv_r2",NA,NA,NA,NA,NA,"cz_hnscc_hpv"
"B_cell","HIF1A","rf",1200,56,0.618089435519722,0.619425490684396,NA,"oob_r2",-0.0407427513529787,0.0196078431372549,TRUE,0.891197691197691,1,"cz_hnscc_hpv"
"B_cell","HIF1A","lm",1200,56,NA,0.537438389976867,NA,"cv_r2",NA,NA,NA,NA,NA,"cz_hnscc_hpv"
"B_cell","HIF1A","ridge",1200,56,NA,0.539928259056245,NA,"cv_r2",NA,NA,NA,NA,NA,"cz_hnscc_hpv"
"B_cell","HIF1A","spearman",1200,56,NA,0.186933254511955,NA,"cv_r2",NA,NA,NA,NA,NA,"cz_hnscc_hpv"
"B_cell","BDP1","rf",1200,56,0.557138753889635,0.544473341938543,NA,"oob_r2",-0.0386624347243432,0.0196078431372549,TRUE,0.909215462899673,0.774603174603175,"cz_hnscc_hpv"
"B_cell","BDP1","lm",1200,56,NA,0.532821719756285,NA,"cv_r2",NA,NA,NA,NA,NA,"cz_hnscc_hpv"
"B_cell","BDP1","ridge",1200,56,NA,0.535857456938064,NA,"cv_r2",NA,NA,NA,NA,NA,"cz_hnscc_hpv"
"B_cell","BDP1","spearman",1200,56,NA,0.244166133042405,NA,"cv_r2",NA,NA,NA,NA,NA,"cz_hnscc_hpv"
"B_cell","TWIST1","rf",1200,56,0.608569062838694,0.592638021261049,NA,"oob_r2",-0.0332493579631327,0.0196078431372549,TRUE,0.896808688387636,1,"cz_hnscc_hpv"
"B_cell","TWIST1","lm",1200,56,NA,0.543808850081198,NA,"cv_r2",NA,NA,NA,NA,NA,"cz_hnscc_hpv"
"B_cell","TWIST1","ridge",1200,56,NA,0.547183474084044,NA,"cv_r2",NA,NA,NA,NA,NA,"cz_hnscc_hpv"
"B_cell","TWIST1","spearman",1200,56,NA,0.232355264571077,NA,"cv_r2",NA,NA,NA,NA,NA,"cz_hnscc_hpv"
"B_cell","YBX1","rf",1200,56,0.632069246411929,0.624922121964839,NA,"oob_r2",-0.046773784149862,0.0196078431372549,TRUE,0.877180830865041,0.844444444444444,"cz_hnscc_hpv"
"B_cell","YBX1","lm",1200,56,NA,0.494291706493691,NA,"cv_r2",NA,NA,NA,NA,NA,"cz_hnscc_hpv"
"B_cell","YBX1","ridge",1200,56,NA,0.498061010346364,NA,"cv_r2",NA,NA,NA,NA,NA,"cz_hnscc_hpv"
"B_cell","YBX1","spearman",1200,56,NA,0.204115680389737,NA,"cv_r2",NA,NA,NA,NA,NA,"cz_hnscc_hpv"
"B_cell","POU2F2","rf",1200,56,0.690815506903714,0.692461746464435,NA,"oob_r2",-0.037106605920755,0.0196078431372549,TRUE,0.934821903242956,1,"cz_hnscc_hpv"
"B_cell","POU2F2","lm",1200,56,NA,0.585094770765727,NA,"cv_r2",NA,NA,NA,NA,NA,"cz_hnscc_hpv"
"B_cell","POU2F2","ridge",1200,56,NA,0.587598600259304,NA,"cv_r2",NA,NA,NA,NA,NA,"cz_hnscc_hpv"
"B_cell","POU2F2","spearman",1200,56,NA,0.191038495570454,NA,"cv_r2",NA,NA,NA,NA,NA,"cz_hnscc_hpv"
"B_cell","BRCA1","rf",1200,56,0.681772543313999,0.680441187607264,NA,"oob_r2",-0.0522540575579604,0.0196078431372549,TRUE,0.889110655426445,1,"cz_hnscc_hpv"
"B_cell","BRCA1","lm",1200,56,NA,0.552581422161586,NA,"cv_r2",NA,NA,NA,NA,NA,"cz_hnscc_hpv"
"B_cell","BRCA1","ridge",1200,56,NA,0.554151878695446,NA,"cv_r2",NA,NA,NA,NA,NA,"cz_hnscc_hpv"
"B_cell","BRCA1","spearman",1200,56,NA,0.166324461608109,NA,"cv_r2",NA,NA,NA,NA,NA,"cz_hnscc_hpv"
"B_cell","ETS1","rf",1200,56,0.603207353208381,0.582960836936629,NA,"oob_r2",-0.040876666217544,0.0196078431372549,TRUE,0.936163135110504,0.933333333333333,"cz_hnscc_hpv"
"B_cell","ETS1","lm",1200,56,NA,0.516683164837204,NA,"cv_r2",NA,NA,NA,NA,NA,"cz_hnscc_hpv"
"B_cell","ETS1","ridge",1200,56,NA,0.519540662754182,NA,"cv_r2",NA,NA,NA,NA,NA,"cz_hnscc_hpv"
"B_cell","ETS1","spearman",1200,56,NA,0.094913832923015,NA,"cv_r2",NA,NA,NA,NA,NA,"cz_hnscc_hpv"
"B_cell","IKZF2","rf",1200,56,0.550435858473923,0.526622830015737,NA,"oob_r2",-0.0360115748004772,0.0196078431372549,TRUE,0.904901648059543,0.734391534391534,"cz_hnscc_hpv"
"B_cell","IKZF2","lm",1200,56,NA,0.467044585461833,NA,"cv_r2",NA,NA,NA,NA,NA,"cz_hnscc_hpv"
"B_cell","IKZF2","ridge",1200,56,NA,0.471416348914216,NA,"cv_r2",NA,NA,NA,NA,NA,"cz_hnscc_hpv"
"B_cell","IKZF2","spearman",1200,56,NA,0.186224744995181,NA,"cv_r2",NA,NA,NA,NA,NA,"cz_hnscc_hpv"
"B_cell","BCL11A","rf",1200,56,0.534710435594743,0.520659675852985,NA,"oob_r2",-0.0397975383095478,0.0196078431372549,TRUE,0.9053998632946,1,"cz_hnscc_hpv"
"B_cell","BCL11A","lm",1200,56,NA,0.532841618150701,NA,"cv_r2",NA,NA,NA,NA,NA,"cz_hnscc_hpv"
"B_cell","BCL11A","ridge",1200,56,NA,0.53634710827825,NA,"cv_r2",NA,NA,NA,NA,NA,"cz_hnscc_hpv"
"B_cell","BCL11A","spearman",1200,56,NA,0.22686611088231,NA,"cv_r2",NA,NA,NA,NA,NA,"cz_hnscc_hpv"
"B_cell","IRF1","rf",1200,56,0.712290855610997,0.698444897354739,NA,"oob_r2",-0.0387078361596542,0.0196078431372549,TRUE,0.90958152958153,1,"cz_hnscc_hpv"
"B_cell","IRF1","lm",1200,56,NA,0.679293583859251,NA,"cv_r2",NA,NA,NA,NA,NA,"cz_hnscc_hpv"
"B_cell","IRF1","ridge",1200,56,NA,0.678990870014467,NA,"cv_r2",NA,NA,NA,NA,NA,"cz_hnscc_hpv"
"B_cell","IRF1","spearman",1200,56,NA,0.312832535142211,NA,"cv_r2",NA,NA,NA,NA,NA,"cz_hnscc_hpv"
"B_cell","HES4","rf",1200,56,0.522981491459036,0.496949849106096,NA,"oob_r2",-0.0410989421236301,0.0196078431372549,TRUE,0.904023695602643,0.792592592592593,"cz_hnscc_hpv"
"B_cell","HES4","lm",1200,56,NA,0.46632907735637,NA,"cv_r2",NA,NA,NA,NA,NA,"cz_hnscc_hpv"
"B_cell","HES4","ridge",1200,56,NA,0.469967267291516,NA,"cv_r2",NA,NA,NA,NA,NA,"cz_hnscc_hpv"
"B_cell","HES4","spearman",1200,56,NA,0.201941410737865,NA,"cv_r2",NA,NA,NA,NA,NA,"cz_hnscc_hpv"
"B_cell","NFE2L2","rf",1200,56,0.486309663858835,0.4843795046152,NA,"oob_r2",-0.0383826340070536,0.0196078431372549,TRUE,0.91714133819397,1,"cz_hnscc_hpv"
"B_cell","NFE2L2","lm",1200,56,NA,0.445692141033712,NA,"cv_r2",NA,NA,NA,NA,NA,"cz_hnscc_hpv"
"B_cell","NFE2L2","ridge",1200,56,NA,0.449303164926989,NA,"cv_r2",NA,NA,NA,NA,NA,"cz_hnscc_hpv"
"B_cell","NFE2L2","spearman",1200,56,NA,0.162910691099391,NA,"cv_r2",NA,NA,NA,NA,NA,"cz_hnscc_hpv"
"B_cell","PAX9","rf",1200,56,0.47689049741155,0.4640676858353,NA,"oob_r2",-0.0465920649763516,0.0196078431372549,TRUE,0.908047391205286,1,"cz_hnscc_hpv"
"B_cell","PAX9","lm",1200,56,NA,0.420472089196959,NA,"cv_r2",NA,NA,NA,NA,NA,"cz_hnscc_hpv"
"B_cell","PAX9","ridge",1200,56,NA,0.423091939375827,NA,"cv_r2",NA,NA,NA,NA,NA,"cz_hnscc_hpv"
"B_cell","PAX9","spearman",1200,56,NA,0.21413458053402,NA,"cv_r2",NA,NA,NA,NA,NA,"cz_hnscc_hpv"
"B_cell","HOXA5","rf",1200,56,0.522513510013577,0.507992208817164,NA,"oob_r2",-0.044756945777004,0.0196078431372549,TRUE,0.934612288296499,0.732275132275132,"cz_hnscc_hpv"
"B_cell","HOXA5","lm",1200,56,NA,0.496787087803092,NA,"cv_r2",NA,NA,NA,NA,NA,"cz_hnscc_hpv"
"B_cell","HOXA5","ridge",1200,56,NA,0.500975081872495,NA,"cv_r2",NA,NA,NA,NA,NA,"cz_hnscc_hpv"
"B_cell","HOXA5","spearman",1200,56,NA,0.239874980391422,NA,"cv_r2",NA,NA,NA,NA,NA,"cz_hnscc_hpv"
"B_cell","TCF4","rf",1200,56,0.587678955464416,0.578876629963495,NA,"oob_r2",-0.0340295529883095,0.0196078431372549,TRUE,0.8894888736994,0.933333333333333,"cz_hnscc_hpv"
"B_cell","TCF4","lm",1200,56,NA,0.561727960906682,NA,"cv_r2",NA,NA,NA,NA,NA,"cz_hnscc_hpv"
"B_cell","TCF4","ridge",1200,56,NA,0.564649379647164,NA,"cv_r2",NA,NA,NA,NA,NA,"cz_hnscc_hpv"
"B_cell","TCF4","spearman",1200,56,NA,0.296820584413608,NA,"cv_r2",NA,NA,NA,NA,NA,"cz_hnscc_hpv"
"B_cell","MYB","rf",1200,56,0.692827410738172,0.690802630759418,NA,"oob_r2",-0.0421604107275718,0.0196078431372549,TRUE,0.87994835573783,1,"cz_hnscc_hpv"
"B_cell","MYB","lm",1200,56,NA,0.595533096936804,NA,"cv_r2",NA,NA,NA,NA,NA,"cz_hnscc_hpv"
"B_cell","MYB","ridge",1200,56,NA,0.597131330918914,NA,"cv_r2",NA,NA,NA,NA,NA,"cz_hnscc_hpv"
"B_cell","MYB","spearman",1200,56,NA,0.314415298108718,NA,"cv_r2",NA,NA,NA,NA,NA,"cz_hnscc_hpv"
"B_cell","ZNF331","rf",1200,56,0.641947187276732,0.642846919594129,NA,"oob_r2",-0.0419517929820774,0.0196078431372549,TRUE,0.918652692336903,0.8,"cz_hnscc_hpv"
"B_cell","ZNF331","lm",1200,56,NA,0.642328619770034,NA,"cv_r2",NA,NA,NA,NA,NA,"cz_hnscc_hpv"
"B_cell","ZNF331","ridge",1200,56,NA,0.644195347525975,NA,"cv_r2",NA,NA,NA,NA,NA,"cz_hnscc_hpv"
"B_cell","ZNF331","spearman",1200,56,NA,0.327161644642797,NA,"cv_r2",NA,NA,NA,NA,NA,"cz_hnscc_hpv"
"B_cell","EBF3","rf",1200,56,0.518439095158801,0.513340395204232,NA,"oob_r2",-0.0417343284851153,0.0196078431372549,TRUE,0.896236044657097,0.844444444444444,"cz_hnscc_hpv"
"B_cell","EBF3","lm",1200,56,NA,0.502546555484865,NA,"cv_r2",NA,NA,NA,NA,NA,"cz_hnscc_hpv"
"B_cell","EBF3","ridge",1200,56,NA,0.506455336426727,NA,"cv_r2",NA,NA,NA,NA,NA,"cz_hnscc_hpv"
"B_cell","EBF3","spearman",1200,56,NA,0.152347137712397,NA,"cv_r2",NA,NA,NA,NA,NA,"cz_hnscc_hpv"
"B_cell","TP63","rf",1200,56,0.54686948255068,0.528156389129531,NA,"oob_r2",-0.045589756897274,0.0196078431372549,TRUE,0.895929216981849,0.724867724867725,"cz_hnscc_hpv"
"B_cell","TP63","lm",1200,56,NA,0.490439864366891,NA,"cv_r2",NA,NA,NA,NA,NA,"cz_hnscc_hpv"
"B_cell","TP63","ridge",1200,56,NA,0.492822403354669,NA,"cv_r2",NA,NA,NA,NA,NA,"cz_hnscc_hpv"
"B_cell","TP63","spearman",1200,56,NA,0.19052572797045,NA,"cv_r2",NA,NA,NA,NA,NA,"cz_hnscc_hpv"
"B_cell","NR3C1","rf",1200,56,0.648740908244161,0.625578401054155,NA,"oob_r2",-0.0455110233096201,0.0196078431372549,TRUE,0.917437533227007,0.933333333333333,"cz_hnscc_hpv"
"B_cell","NR3C1","lm",1200,56,NA,0.56485295634023,NA,"cv_r2",NA,NA,NA,NA,NA,"cz_hnscc_hpv"
"B_cell","NR3C1","ridge",1200,56,NA,0.567181366843981,NA,"cv_r2",NA,NA,NA,NA,NA,"cz_hnscc_hpv"
"B_cell","NR3C1","spearman",1200,56,NA,0.201142020451801,NA,"cv_r2",NA,NA,NA,NA,NA,"cz_hnscc_hpv"
"B_cell","PAX8","rf",1200,56,0.561877191335037,0.552253056958943,NA,"oob_r2",-0.0425741597834419,0.0196078431372549,TRUE,0.928923824713298,0.933333333333333,"cz_hnscc_hpv"
"B_cell","PAX8","lm",1200,56,NA,0.475946490081737,NA,"cv_r2",NA,NA,NA,NA,NA,"cz_hnscc_hpv"
"B_cell","PAX8","ridge",1200,56,NA,0.480743747853681,NA,"cv_r2",NA,NA,NA,NA,NA,"cz_hnscc_hpv"
"B_cell","PAX8","spearman",1200,56,NA,0.192654527127325,NA,"cv_r2",NA,NA,NA,NA,NA,"cz_hnscc_hpv"
"B_cell","NFIB","rf",1200,56,0.425285506420612,0.410111405132731,NA,"oob_r2",-0.0294978652337538,0.0196078431372549,TRUE,0.910348598769651,1,"cz_hnscc_hpv"
"B_cell","NFIB","lm",1200,56,NA,0.386437112630321,NA,"cv_r2",NA,NA,NA,NA,NA,"cz_hnscc_hpv"
"B_cell","NFIB","ridge",1200,56,NA,0.391456954004258,NA,"cv_r2",NA,NA,NA,NA,NA,"cz_hnscc_hpv"
"B_cell","NFIB","spearman",1200,56,NA,0.198927014095784,NA,"cv_r2",NA,NA,NA,NA,NA,"cz_hnscc_hpv"
"B_cell","HOXD4","rf",1200,56,0.611251870107372,0.59765676696834,NA,"oob_r2",-0.0379950797560498,0.0196078431372549,TRUE,0.913043214095846,0.747089947089947,"cz_hnscc_hpv"
"B_cell","HOXD4","lm",1200,56,NA,0.561191236312322,NA,"cv_r2",NA,NA,NA,NA,NA,"cz_hnscc_hpv"
"B_cell","HOXD4","ridge",1200,56,NA,0.561465155298311,NA,"cv_r2",NA,NA,NA,NA,NA,"cz_hnscc_hpv"
"B_cell","HOXD4","spearman",1200,56,NA,0.298125680717443,NA,"cv_r2",NA,NA,NA,NA,NA,"cz_hnscc_hpv"
"B_cell","FOXA1","rf",1200,56,0.68055260784283,0.671539745067402,NA,"oob_r2",-0.0362298029804544,0.0196078431372549,TRUE,0.919951393635604,1,"cz_hnscc_hpv"
"B_cell","FOXA1","lm",1200,56,NA,0.659887137216438,NA,"cv_r2",NA,NA,NA,NA,NA,"cz_hnscc_hpv"
"B_cell","FOXA1","ridge",1200,56,NA,0.660674960533212,NA,"cv_r2",NA,NA,NA,NA,NA,"cz_hnscc_hpv"
"B_cell","FOXA1","spearman",1200,56,NA,0.336077363048365,NA,"cv_r2",NA,NA,NA,NA,NA,"cz_hnscc_hpv"
"B_cell","KLF2","rf",1200,56,0.727735172419681,0.719752057876634,NA,"oob_r2",-0.0422364932048325,0.0196078431372549,TRUE,0.9100782258677,0.874074074074074,"cz_hnscc_hpv"
"B_cell","KLF2","lm",1200,56,NA,0.683138630067233,NA,"cv_r2",NA,NA,NA,NA,NA,"cz_hnscc_hpv"
"B_cell","KLF2","ridge",1200,56,NA,0.68370794916443,NA,"cv_r2",NA,NA,NA,NA,NA,"cz_hnscc_hpv"
"B_cell","KLF2","spearman",1200,56,NA,0.237302909217222,NA,"cv_r2",NA,NA,NA,NA,NA,"cz_hnscc_hpv"
"B_cell","CEBPB","rf",1200,56,0.595823415057276,0.578336302939733,NA,"oob_r2",-0.0447998706111791,0.0196078431372549,TRUE,0.887366902103744,0.933333333333333,"cz_hnscc_hpv"
"B_cell","CEBPB","lm",1200,56,NA,0.544915078144212,NA,"cv_r2",NA,NA,NA,NA,NA,"cz_hnscc_hpv"
"B_cell","CEBPB","ridge",1200,56,NA,0.546848380511078,NA,"cv_r2",NA,NA,NA,NA,NA,"cz_hnscc_hpv"
"B_cell","CEBPB","spearman",1200,56,NA,0.330385513216766,NA,"cv_r2",NA,NA,NA,NA,NA,"cz_hnscc_hpv"
"B_cell","KLF4","rf",1200,56,0.512880736906532,0.486958268932004,NA,"oob_r2",-0.0388495168257669,0.0196078431372549,TRUE,0.911272119693172,0.844444444444444,"cz_hnscc_hpv"
"B_cell","KLF4","lm",1200,56,NA,0.474498792690406,NA,"cv_r2",NA,NA,NA,NA,NA,"cz_hnscc_hpv"
"B_cell","KLF4","ridge",1200,56,NA,0.47536947613076,NA,"cv_r2",NA,NA,NA,NA,NA,"cz_hnscc_hpv"
"B_cell","KLF4","spearman",1200,56,NA,0.181684333439752,NA,"cv_r2",NA,NA,NA,NA,NA,"cz_hnscc_hpv"
"B_cell","SNAI1","rf",1200,56,0.495091341929321,0.486195799118332,NA,"oob_r2",-0.0439799965208124,0.0196078431372549,TRUE,0.890732892838156,0.668783068783069,"cz_hnscc_hpv"
"B_cell","SNAI1","lm",1200,56,NA,0.473438750537814,NA,"cv_r2",NA,NA,NA,NA,NA,"cz_hnscc_hpv"
"B_cell","SNAI1","ridge",1200,56,NA,0.476114589990661,NA,"cv_r2",NA,NA,NA,NA,NA,"cz_hnscc_hpv"
"B_cell","SNAI1","spearman",1200,56,NA,0.239174730017322,NA,"cv_r2",NA,NA,NA,NA,NA,"cz_hnscc_hpv"
"B_cell","RFX4","rf",1200,56,0.505113248023366,0.504429647860815,NA,"oob_r2",-0.0449401769990336,0.0196078431372549,TRUE,0.888822055137845,1,"cz_hnscc_hpv"
"B_cell","RFX4","lm",1200,56,NA,0.501679443815515,NA,"cv_r2",NA,NA,NA,NA,NA,"cz_hnscc_hpv"
"B_cell","RFX4","ridge",1200,56,NA,0.503556391897828,NA,"cv_r2",NA,NA,NA,NA,NA,"cz_hnscc_hpv"
"B_cell","RFX4","spearman",1200,56,NA,0.278605537081693,NA,"cv_r2",NA,NA,NA,NA,NA,"cz_hnscc_hpv"
"B_cell","HIC1","rf",1200,56,0.501091445770769,0.490866556663937,NA,"oob_r2",-0.0398840303341887,0.0196078431372549,TRUE,0.887158806106174,0.670899470899471,"cz_hnscc_hpv"
"B_cell","HIC1","lm",1200,56,NA,0.456495778224602,NA,"cv_r2",NA,NA,NA,NA,NA,"cz_hnscc_hpv"
"B_cell","HIC1","ridge",1200,56,NA,0.4602292888326,NA,"cv_r2",NA,NA,NA,NA,NA,"cz_hnscc_hpv"
"B_cell","HIC1","spearman",1200,56,NA,0.190611828572707,NA,"cv_r2",NA,NA,NA,NA,NA,"cz_hnscc_hpv"
"B_cell","ZNF467","rf",1200,56,0.522503213306826,0.493757738865767,NA,"oob_r2",-0.0385048951227018,0.0196078431372549,TRUE,0.924935064935065,0.819047619047619,"cz_hnscc_hpv"
"B_cell","ZNF467","lm",1200,56,NA,0.463008811633127,NA,"cv_r2",NA,NA,NA,NA,NA,"cz_hnscc_hpv"
"B_cell","ZNF467","ridge",1200,56,NA,0.465648347431953,NA,"cv_r2",NA,NA,NA,NA,NA,"cz_hnscc_hpv"
"B_cell","ZNF467","spearman",1200,56,NA,0.200625954056936,NA,"cv_r2",NA,NA,NA,NA,NA,"cz_hnscc_hpv"
"B_cell","FOSB","rf",1200,56,0.519854849172597,0.501891441437731,NA,"oob_r2",-0.0360282008545053,0.0196078431372549,TRUE,0.896144907723855,0.757671957671958,"cz_hnscc_hpv"
"B_cell","FOSB","lm",1200,56,NA,0.489141314188423,NA,"cv_r2",NA,NA,NA,NA,NA,"cz_hnscc_hpv"
"B_cell","FOSB","ridge",1200,56,NA,0.489949085700885,NA,"cv_r2",NA,NA,NA,NA,NA,"cz_hnscc_hpv"
"B_cell","FOSB","spearman",1200,56,NA,0.243847849137258,NA,"cv_r2",NA,NA,NA,NA,NA,"cz_hnscc_hpv"
"B_cell","RUNX3","rf",1200,56,0.551248084650681,0.534982191062569,NA,"oob_r2",-0.0349147951948175,0.0196078431372549,TRUE,0.896275537328169,0.715343915343915,"cz_hnscc_hpv"
"B_cell","RUNX3","lm",1200,56,NA,0.517281981479902,NA,"cv_r2",NA,NA,NA,NA,NA,"cz_hnscc_hpv"
"B_cell","RUNX3","ridge",1200,56,NA,0.517637094586218,NA,"cv_r2",NA,NA,NA,NA,NA,"cz_hnscc_hpv"
"B_cell","RUNX3","spearman",1200,56,NA,0.268601060079198,NA,"cv_r2",NA,NA,NA,NA,NA,"cz_hnscc_hpv"
"B_cell","FOS","rf",1200,56,0.506544792163035,0.50229303144089,NA,"oob_r2",-0.0382434617795214,0.0196078431372549,TRUE,0.920818713450292,0.819047619047619,"cz_hnscc_hpv"
"B_cell","FOS","lm",1200,56,NA,0.465425506189206,NA,"cv_r2",NA,NA,NA,NA,NA,"cz_hnscc_hpv"
"B_cell","FOS","ridge",1200,56,NA,0.467279840086019,NA,"cv_r2",NA,NA,NA,NA,NA,"cz_hnscc_hpv"
"B_cell","FOS","spearman",1200,56,NA,0.17933200301713,NA,"cv_r2",NA,NA,NA,NA,NA,"cz_hnscc_hpv"
"B_cell","POU3F1","rf",1200,56,0.575578765902836,0.569247704311696,NA,"oob_r2",-0.0427829447379348,0.0196078431372549,TRUE,0.88943722943723,0.881481481481482,"cz_hnscc_hpv"
"B_cell","POU3F1","lm",1200,56,NA,0.514505853706341,NA,"cv_r2",NA,NA,NA,NA,NA,"cz_hnscc_hpv"
"B_cell","POU3F1","ridge",1200,56,NA,0.520216902692558,NA,"cv_r2",NA,NA,NA,NA,NA,"cz_hnscc_hpv"
"B_cell","POU3F1","spearman",1200,56,NA,0.207021858158006,NA,"cv_r2",NA,NA,NA,NA,NA,"cz_hnscc_hpv"
"B_cell","ATF3","rf",1200,56,0.410596838941913,0.395893763647169,NA,"oob_r2",-0.0486972034489126,0.0196078431372549,TRUE,0.845939090149616,0.822222222222222,"cz_hnscc_hpv"
"B_cell","ATF3","lm",1200,56,NA,0.395236923942659,NA,"cv_r2",NA,NA,NA,NA,NA,"cz_hnscc_hpv"
"B_cell","ATF3","ridge",1200,56,NA,0.396461074403699,NA,"cv_r2",NA,NA,NA,NA,NA,"cz_hnscc_hpv"
"B_cell","ATF3","spearman",1200,56,NA,0.229165840104567,NA,"cv_r2",NA,NA,NA,NA,NA,"cz_hnscc_hpv"
"B_cell","IRF8","rf",1200,56,0.561032335962815,0.54742716097142,NA,"oob_r2",-0.0410953882727126,0.0196078431372549,TRUE,0.912227538543328,0.706878306878307,"cz_hnscc_hpv"
"B_cell","IRF8","lm",1200,56,NA,0.533513705806811,NA,"cv_r2",NA,NA,NA,NA,NA,"cz_hnscc_hpv"
"B_cell","IRF8","ridge",1200,56,NA,0.535151098633372,NA,"cv_r2",NA,NA,NA,NA,NA,"cz_hnscc_hpv"
"B_cell","IRF8","spearman",1200,56,NA,0.268685107637154,NA,"cv_r2",NA,NA,NA,NA,NA,"cz_hnscc_hpv"
"B_cell","XBP1","rf",1200,56,0.509366738529208,0.486635915077573,NA,"oob_r2",-0.0439257309279232,0.0196078431372549,TRUE,0.889566340092656,0.933333333333333,"cz_hnscc_hpv"
"B_cell","XBP1","lm",1200,56,NA,0.479780055740425,NA,"cv_r2",NA,NA,NA,NA,NA,"cz_hnscc_hpv"
"B_cell","XBP1","ridge",1200,56,NA,0.479903351113685,NA,"cv_r2",NA,NA,NA,NA,NA,"cz_hnscc_hpv"
"B_cell","XBP1","spearman",1200,56,NA,0.264687817493755,NA,"cv_r2",NA,NA,NA,NA,NA,"cz_hnscc_hpv"
"B_cell","NR4A2","rf",1200,56,0.581140328395068,0.576479506538532,NA,"oob_r2",-0.0414460942812158,0.0196078431372549,TRUE,0.876989443305233,0.762962962962963,"cz_hnscc_hpv"
"B_cell","NR4A2","lm",1200,56,NA,0.562987006631888,NA,"cv_r2",NA,NA,NA,NA,NA,"cz_hnscc_hpv"
"B_cell","NR4A2","ridge",1200,56,NA,0.564831422925591,NA,"cv_r2",NA,NA,NA,NA,NA,"cz_hnscc_hpv"
"B_cell","NR4A2","spearman",1200,56,NA,0.259652297272893,NA,"cv_r2",NA,NA,NA,NA,NA,"cz_hnscc_hpv"
"B_cell","CREB5","rf",1200,56,0.559705948535048,0.537015859030673,NA,"oob_r2",-0.0466254255624812,0.0196078431372549,TRUE,0.900103288524341,0.761904761904762,"cz_hnscc_hpv"
"B_cell","CREB5","lm",1200,56,NA,0.556435145698643,NA,"cv_r2",NA,NA,NA,NA,NA,"cz_hnscc_hpv"
"B_cell","CREB5","ridge",1200,56,NA,0.557777730681474,NA,"cv_r2",NA,NA,NA,NA,NA,"cz_hnscc_hpv"
"B_cell","CREB5","spearman",1200,56,NA,0.390296058500295,NA,"cv_r2",NA,NA,NA,NA,NA,"cz_hnscc_hpv"
"B_cell","ONECUT2","rf",1200,56,0.639782470994507,0.633525428305753,NA,"oob_r2",-0.0436295619048291,0.0196078431372549,TRUE,0.880510366826156,0.792592592592593,"cz_hnscc_hpv"
"B_cell","ONECUT2","lm",1200,56,NA,0.641572531144907,NA,"cv_r2",NA,NA,NA,NA,NA,"cz_hnscc_hpv"
"B_cell","ONECUT2","ridge",1200,56,NA,0.642384589181436,NA,"cv_r2",NA,NA,NA,NA,NA,"cz_hnscc_hpv"
"B_cell","ONECUT2","spearman",1200,56,NA,0.375436555475867,NA,"cv_r2",NA,NA,NA,NA,NA,"cz_hnscc_hpv"
"B_cell","ID3","rf",1200,56,0.598644789056882,0.591940309830779,NA,"oob_r2",-0.0396215237544055,0.0196078431372549,TRUE,0.893854332801701,0.8,"cz_hnscc_hpv"
"B_cell","ID3","lm",1200,56,NA,0.574557541509263,NA,"cv_r2",NA,NA,NA,NA,NA,"cz_hnscc_hpv"
"B_cell","ID3","ridge",1200,56,NA,0.576026929014048,NA,"cv_r2",NA,NA,NA,NA,NA,"cz_hnscc_hpv"
"B_cell","ID3","spearman",1200,56,NA,0.333316526349658,NA,"cv_r2",NA,NA,NA,NA,NA,"cz_hnscc_hpv"
"B_cell","REL","rf",1200,56,0.633277010210104,0.627619853770444,NA,"oob_r2",-0.0428971371125553,0.0196078431372549,TRUE,0.912450824029771,0.814814814814815,"cz_hnscc_hpv"
"B_cell","REL","lm",1200,56,NA,0.592797303351152,NA,"cv_r2",NA,NA,NA,NA,NA,"cz_hnscc_hpv"
"B_cell","REL","ridge",1200,56,NA,0.592879513085692,NA,"cv_r2",NA,NA,NA,NA,NA,"cz_hnscc_hpv"
"B_cell","REL","spearman",1200,56,NA,0.182402171527015,NA,"cv_r2",NA,NA,NA,NA,NA,"cz_hnscc_hpv"
"B_cell","HIVEP3","rf",1200,56,0.710207280443717,0.705631170416934,NA,"oob_r2",-0.0390252368651828,0.0196078431372549,TRUE,0.904678362573099,0.762962962962963,"cz_hnscc_hpv"
"B_cell","HIVEP3","lm",1200,56,NA,0.659935500393863,NA,"cv_r2",NA,NA,NA,NA,NA,"cz_hnscc_hpv"
"B_cell","HIVEP3","ridge",1200,56,NA,0.660509202076352,NA,"cv_r2",NA,NA,NA,NA,NA,"cz_hnscc_hpv"
"B_cell","HIVEP3","spearman",1200,56,NA,0.349391930041961,NA,"cv_r2",NA,NA,NA,NA,NA,"cz_hnscc_hpv"
"B_cell","NR4A1","rf",1200,56,0.625697741894974,0.61618163057923,NA,"oob_r2",-0.048546132621131,0.0196078431372549,TRUE,0.915406698564593,1,"cz_hnscc_hpv"
"B_cell","NR4A1","lm",1200,56,NA,0.577172632725828,NA,"cv_r2",NA,NA,NA,NA,NA,"cz_hnscc_hpv"
"B_cell","NR4A1","ridge",1200,56,NA,0.579266871409953,NA,"cv_r2",NA,NA,NA,NA,NA,"cz_hnscc_hpv"
"B_cell","NR4A1","spearman",1200,56,NA,0.303119113827097,NA,"cv_r2",NA,NA,NA,NA,NA,"cz_hnscc_hpv"
"B_cell","BACH2","rf",1200,56,0.649039317433737,0.627760846481306,NA,"oob_r2",-0.0375147948723989,0.0196078431372549,TRUE,0.903185235816815,0.785185185185185,"cz_hnscc_hpv"
"B_cell","BACH2","lm",1200,56,NA,0.571359294083051,NA,"cv_r2",NA,NA,NA,NA,NA,"cz_hnscc_hpv"
"B_cell","BACH2","ridge",1200,56,NA,0.576653779716422,NA,"cv_r2",NA,NA,NA,NA,NA,"cz_hnscc_hpv"
"B_cell","BACH2","spearman",1200,56,NA,0.204519908080708,NA,"cv_r2",NA,NA,NA,NA,NA,"cz_hnscc_hpv"
"B_cell","HEY1","rf",1200,56,0.65020748301097,0.633071459732851,NA,"oob_r2",-0.0326442763777192,0.0196078431372549,TRUE,0.921364016100858,0.82962962962963,"cz_hnscc_hpv"
"B_cell","HEY1","lm",1200,56,NA,0.610554842829445,NA,"cv_r2",NA,NA,NA,NA,NA,"cz_hnscc_hpv"
"B_cell","HEY1","ridge",1200,56,NA,0.612736537810735,NA,"cv_r2",NA,NA,NA,NA,NA,"cz_hnscc_hpv"
"B_cell","HEY1","spearman",1200,56,NA,0.243031269263387,NA,"cv_r2",NA,NA,NA,NA,NA,"cz_hnscc_hpv"
"B_cell","ELF3","rf",1200,56,0.580668571183058,0.54108286868983,NA,"oob_r2",-0.0413007697863896,0.0196078431372549,TRUE,0.891673122199438,0.874074074074074,"cz_hnscc_hpv"
"B_cell","ELF3","lm",1200,56,NA,0.532838329725187,NA,"cv_r2",NA,NA,NA,NA,NA,"cz_hnscc_hpv"
"B_cell","ELF3","ridge",1200,56,NA,0.534917909700039,NA,"cv_r2",NA,NA,NA,NA,NA,"cz_hnscc_hpv"
"B_cell","ELF3","spearman",1200,56,NA,0.327221083250902,NA,"cv_r2",NA,NA,NA,NA,NA,"cz_hnscc_hpv"
"B_cell","KLF6","rf",1200,56,0.46576534674454,0.429049853308546,NA,"oob_r2",-0.0425464889394882,0.0196078431372549,TRUE,0.879629376471482,1,"cz_hnscc_hpv"
"B_cell","KLF6","lm",1200,56,NA,0.442366854439995,NA,"cv_r2",NA,NA,NA,NA,NA,"cz_hnscc_hpv"
"B_cell","KLF6","ridge",1200,56,NA,0.443221418260374,NA,"cv_r2",NA,NA,NA,NA,NA,"cz_hnscc_hpv"
"B_cell","KLF6","spearman",1200,56,NA,0.204477982105828,NA,"cv_r2",NA,NA,NA,NA,NA,"cz_hnscc_hpv"
"B_cell","NFKB1","rf",1200,56,0.630721925741272,0.626950701342286,NA,"oob_r2",-0.0403146863033619,0.0196078431372549,TRUE,0.904476342371079,0.881481481481481,"cz_hnscc_hpv"
"B_cell","NFKB1","lm",1200,56,NA,0.584214393613127,NA,"cv_r2",NA,NA,NA,NA,NA,"cz_hnscc_hpv"
"B_cell","NFKB1","ridge",1200,56,NA,0.586496014306054,NA,"cv_r2",NA,NA,NA,NA,NA,"cz_hnscc_hpv"
"B_cell","NFKB1","spearman",1200,56,NA,0.232820110635372,NA,"cv_r2",NA,NA,NA,NA,NA,"cz_hnscc_hpv"
"B_cell","MAF","rf",1200,56,0.622539245706354,0.594068598788651,NA,"oob_r2",-0.0390933578149171,0.0196078431372549,TRUE,0.885835801625275,0.82962962962963,"cz_hnscc_hpv"
"B_cell","MAF","lm",1200,56,NA,0.593530086963076,NA,"cv_r2",NA,NA,NA,NA,NA,"cz_hnscc_hpv"
"B_cell","MAF","ridge",1200,56,NA,0.595226785103633,NA,"cv_r2",NA,NA,NA,NA,NA,"cz_hnscc_hpv"
"B_cell","MAF","spearman",1200,56,NA,0.294607316445991,NA,"cv_r2",NA,NA,NA,NA,NA,"cz_hnscc_hpv"
"B_cell","JUN","rf",1200,56,0.562277947358747,0.54022542908534,NA,"oob_r2",-0.03638403669622,0.0196078431372549,TRUE,0.883630287840814,0.77037037037037,"cz_hnscc_hpv"
"B_cell","JUN","lm",1200,56,NA,0.508440087331519,NA,"cv_r2",NA,NA,NA,NA,NA,"cz_hnscc_hpv"
"B_cell","JUN","ridge",1200,56,NA,0.512675757916243,NA,"cv_r2",NA,NA,NA,NA,NA,"cz_hnscc_hpv"
"B_cell","JUN","spearman",1200,56,NA,0.316296197652346,NA,"cv_r2",NA,NA,NA,NA,NA,"cz_hnscc_hpv"
"B_cell","ELF1","rf",1200,56,0.477399744668398,0.462947700743892,NA,"oob_r2",-0.0465683003266936,0.0196078431372549,TRUE,0.900080504291031,0.881481481481481,"cz_hnscc_hpv"
"B_cell","ELF1","lm",1200,56,NA,0.434034669342101,NA,"cv_r2",NA,NA,NA,NA,NA,"cz_hnscc_hpv"
"B_cell","ELF1","ridge",1200,56,NA,0.434306101779143,NA,"cv_r2",NA,NA,NA,NA,NA,"cz_hnscc_hpv"
"B_cell","ELF1","spearman",1200,56,NA,0.225046660729939,NA,"cv_r2",NA,NA,NA,NA,NA,"cz_hnscc_hpv"
"B_cell","CUX1","rf",1200,56,0.656013187205254,0.650515765767029,NA,"oob_r2",-0.0401584417609119,0.0196078431372549,TRUE,0.925926938558517,0.658201058201058,"cz_hnscc_hpv"
"B_cell","CUX1","lm",1200,56,NA,0.609233673437185,NA,"cv_r2",NA,NA,NA,NA,NA,"cz_hnscc_hpv"
"B_cell","CUX1","ridge",1200,56,NA,0.612198588370988,NA,"cv_r2",NA,NA,NA,NA,NA,"cz_hnscc_hpv"
"B_cell","CUX1","spearman",1200,56,NA,0.213141496680608,NA,"cv_r2",NA,NA,NA,NA,NA,"cz_hnscc_hpv"
"B_cell","IRF4","rf",1200,56,0.593570403755397,0.586488360290259,NA,"oob_r2",-0.0388046321502648,0.0196078431372549,TRUE,0.917258297258297,0.8,"cz_hnscc_hpv"
"B_cell","IRF4","lm",1200,56,NA,0.582483486122415,NA,"cv_r2",NA,NA,NA,NA,NA,"cz_hnscc_hpv"
"B_cell","IRF4","ridge",1200,56,NA,0.583579332707806,NA,"cv_r2",NA,NA,NA,NA,NA,"cz_hnscc_hpv"
"B_cell","IRF4","spearman",1200,56,NA,0.269551732500041,NA,"cv_r2",NA,NA,NA,NA,NA,"cz_hnscc_hpv"
"B_cell","TBX1","rf",1200,56,0.565347938354151,0.543713956808804,NA,"oob_r2",-0.0390315337867091,0.0196078431372549,TRUE,0.905652008809903,0.77037037037037,"cz_hnscc_hpv"
"B_cell","TBX1","lm",1200,56,NA,0.528650432590911,NA,"cv_r2",NA,NA,NA,NA,NA,"cz_hnscc_hpv"
"B_cell","TBX1","ridge",1200,56,NA,0.531931044715769,NA,"cv_r2",NA,NA,NA,NA,NA,"cz_hnscc_hpv"
"B_cell","TBX1","spearman",1200,56,NA,0.371997529020767,NA,"cv_r2",NA,NA,NA,NA,NA,"cz_hnscc_hpv"
"B_cell","MAFB","rf",1200,56,0.558046361229331,0.555789132313049,NA,"oob_r2",-0.0423811249954569,0.0196078431372549,TRUE,0.884754310017468,0.874074074074074,"cz_hnscc_hpv"
"B_cell","MAFB","lm",1200,56,NA,0.547616856394319,NA,"cv_r2",NA,NA,NA,NA,NA,"cz_hnscc_hpv"
"B_cell","MAFB","ridge",1200,56,NA,0.550849056483052,NA,"cv_r2",NA,NA,NA,NA,NA,"cz_hnscc_hpv"
"B_cell","MAFB","spearman",1200,56,NA,0.320812029389775,NA,"cv_r2",NA,NA,NA,NA,NA,"cz_hnscc_hpv"
"B_cell","EGR1","rf",1200,56,0.654541928257411,0.636392735152538,NA,"oob_r2",-0.0358149080607433,0.0196078431372549,TRUE,0.899685577580314,0.933333333333333,"cz_hnscc_hpv"
"B_cell","EGR1","lm",1200,56,NA,0.620013145134251,NA,"cv_r2",NA,NA,NA,NA,NA,"cz_hnscc_hpv"
"B_cell","EGR1","ridge",1200,56,NA,0.620409786742251,NA,"cv_r2",NA,NA,NA,NA,NA,"cz_hnscc_hpv"
"B_cell","EGR1","spearman",1200,56,NA,0.300266475871475,NA,"cv_r2",NA,NA,NA,NA,NA,"cz_hnscc_hpv"
"B_cell","NFIA","rf",1200,56,0.50797944329035,0.492417059193181,NA,"oob_r2",-0.0474095603542627,0.0196078431372549,TRUE,0.913618895724159,1,"cz_hnscc_hpv"
"B_cell","NFIA","lm",1200,56,NA,0.487673297939876,NA,"cv_r2",NA,NA,NA,NA,NA,"cz_hnscc_hpv"
"B_cell","NFIA","ridge",1200,56,NA,0.490024341321152,NA,"cv_r2",NA,NA,NA,NA,NA,"cz_hnscc_hpv"
"B_cell","NFIA","spearman",1200,56,NA,0.207109373646004,NA,"cv_r2",NA,NA,NA,NA,NA,"cz_hnscc_hpv"
"B_cell","SP100","rf",1200,56,0.593787676957277,0.591861386028881,NA,"oob_r2",-0.0436551182819964,0.0196078431372549,TRUE,0.905802384749753,0.8,"cz_hnscc_hpv"
"B_cell","SP100","lm",1200,56,NA,0.550882625099409,NA,"cv_r2",NA,NA,NA,NA,NA,"cz_hnscc_hpv"
"B_cell","SP100","ridge",1200,56,NA,0.553596542135376,NA,"cv_r2",NA,NA,NA,NA,NA,"cz_hnscc_hpv"
"B_cell","SP100","spearman",1200,56,NA,0.238185342331929,NA,"cv_r2",NA,NA,NA,NA,NA,"cz_hnscc_hpv"
"B_cell","BCLAF1","rf",1200,56,0.543079296425643,0.51475153312679,NA,"oob_r2",-0.0476929943867633,0.0196078431372549,TRUE,0.887189185083922,0.785185185185185,"cz_hnscc_hpv"
"B_cell","BCLAF1","lm",1200,56,NA,0.504121440808165,NA,"cv_r2",NA,NA,NA,NA,NA,"cz_hnscc_hpv"
"B_cell","BCLAF1","ridge",1200,56,NA,0.506428878213921,NA,"cv_r2",NA,NA,NA,NA,NA,"cz_hnscc_hpv"
"B_cell","BCLAF1","spearman",1200,56,NA,0.303154963476556,NA,"cv_r2",NA,NA,NA,NA,NA,"cz_hnscc_hpv"
"B_cell","TBX2","rf",1200,56,0.587403133937095,0.568410355576551,NA,"oob_r2",-0.0365192540922431,0.0196078431372549,TRUE,0.8699339257234,0.881481481481481,"cz_hnscc_hpv"
"B_cell","TBX2","lm",1200,56,NA,0.555110144840994,NA,"cv_r2",NA,NA,NA,NA,NA,"cz_hnscc_hpv"
"B_cell","TBX2","ridge",1200,56,NA,0.557631910988479,NA,"cv_r2",NA,NA,NA,NA,NA,"cz_hnscc_hpv"
"B_cell","TBX2","spearman",1200,56,NA,0.354457331498457,NA,"cv_r2",NA,NA,NA,NA,NA,"cz_hnscc_hpv"
"B_cell","ELF5","rf",1200,56,0.50446251857195,0.461992433142918,NA,"oob_r2",-0.0468211348202262,0.0196078431372549,TRUE,0.901651097440571,0.792592592592593,"cz_hnscc_hpv"
"B_cell","ELF5","lm",1200,56,NA,0.458693577959834,NA,"cv_r2",NA,NA,NA,NA,NA,"cz_hnscc_hpv"
"B_cell","ELF5","ridge",1200,56,NA,0.459992501724221,NA,"cv_r2",NA,NA,NA,NA,NA,"cz_hnscc_hpv"
"B_cell","ELF5","spearman",1200,56,NA,0.296919816627026,NA,"cv_r2",NA,NA,NA,NA,NA,"cz_hnscc_hpv"
"B_cell","KLF10","rf",1200,56,0.534159266800204,0.501831115308582,NA,"oob_r2",-0.0449753533910467,0.0196078431372549,TRUE,0.900501253132832,0.844444444444444,"cz_hnscc_hpv"
"B_cell","KLF10","lm",1200,56,NA,0.486815556965198,NA,"cv_r2",NA,NA,NA,NA,NA,"cz_hnscc_hpv"
"B_cell","KLF10","ridge",1200,56,NA,0.487767690368067,NA,"cv_r2",NA,NA,NA,NA,NA,"cz_hnscc_hpv"
"B_cell","KLF10","spearman",1200,56,NA,0.235792676529948,NA,"cv_r2",NA,NA,NA,NA,NA,"cz_hnscc_hpv"
"B_cell","FOXJ1","rf",1200,56,0.584063589872714,0.56182034121758,NA,"oob_r2",-0.0468444050538214,0.0196078431372549,TRUE,0.898503835345941,0.734391534391534,"cz_hnscc_hpv"
"B_cell","FOXJ1","lm",1200,56,NA,0.577522664051702,NA,"cv_r2",NA,NA,NA,NA,NA,"cz_hnscc_hpv"
"B_cell","FOXJ1","ridge",1200,56,NA,0.579047361954863,NA,"cv_r2",NA,NA,NA,NA,NA,"cz_hnscc_hpv"
"B_cell","FOXJ1","spearman",1200,56,NA,0.374218823015806,NA,"cv_r2",NA,NA,NA,NA,NA,"cz_hnscc_hpv"
"B_cell","EGR3","rf",1200,56,0.603949753519137,0.57892617598129,NA,"oob_r2",-0.0460008873760171,0.0196078431372549,TRUE,0.905617072985494,0.785185185185185,"cz_hnscc_hpv"
"B_cell","EGR3","lm",1200,56,NA,0.569466004024848,NA,"cv_r2",NA,NA,NA,NA,NA,"cz_hnscc_hpv"
"B_cell","EGR3","ridge",1200,56,NA,0.570303936400837,NA,"cv_r2",NA,NA,NA,NA,NA,"cz_hnscc_hpv"
"B_cell","EGR3","spearman",1200,56,NA,0.244016917305636,NA,"cv_r2",NA,NA,NA,NA,NA,"cz_hnscc_hpv"
"B_cell","BCL6","rf",1200,56,0.629023072815867,0.625013660198073,NA,"oob_r2",-0.0417674293737766,0.0196078431372549,TRUE,0.890258980785297,1,"cz_hnscc_hpv"
"B_cell","BCL6","lm",1200,56,NA,0.601917312620563,NA,"cv_r2",NA,NA,NA,NA,NA,"cz_hnscc_hpv"
"B_cell","BCL6","ridge",1200,56,NA,0.603180979624002,NA,"cv_r2",NA,NA,NA,NA,NA,"cz_hnscc_hpv"
"B_cell","BCL6","spearman",1200,56,NA,0.161652943635,NA,"cv_r2",NA,NA,NA,NA,NA,"cz_hnscc_hpv"
"B_cell","NR4A3","rf",1200,56,0.601084041243661,0.595064059310754,NA,"oob_r2",-0.044699095562217,0.0196078431372549,TRUE,0.908556239082555,1,"cz_hnscc_hpv"
"B_cell","NR4A3","lm",1200,56,NA,0.565800080841046,NA,"cv_r2",NA,NA,NA,NA,NA,"cz_hnscc_hpv"
"B_cell","NR4A3","ridge",1200,56,NA,0.568200094278655,NA,"cv_r2",NA,NA,NA,NA,NA,"cz_hnscc_hpv"
"B_cell","NR4A3","spearman",1200,56,NA,0.246272574555299,NA,"cv_r2",NA,NA,NA,NA,NA,"cz_hnscc_hpv"
"B_cell","JUND","rf",1200,56,0.611696044824599,0.605174140272396,NA,"oob_r2",-0.0377238578627061,0.0196078431372549,TRUE,0.868346624136098,0.814814814814815,"cz_hnscc_hpv"
"B_cell","JUND","lm",1200,56,NA,0.603452368931313,NA,"cv_r2",NA,NA,NA,NA,NA,"cz_hnscc_hpv"
"B_cell","JUND","ridge",1200,56,NA,0.603619925471472,NA,"cv_r2",NA,NA,NA,NA,NA,"cz_hnscc_hpv"
"B_cell","JUND","spearman",1200,56,NA,0.355509386480625,NA,"cv_r2",NA,NA,NA,NA,NA,"cz_hnscc_hpv"
"B_cell","CREM","rf",1200,56,0.51896911916121,0.513028904248293,NA,"oob_r2",-0.0364060237593877,0.0196078431372549,TRUE,0.867587149692413,0.792592592592593,"cz_hnscc_hpv"
"B_cell","CREM","lm",1200,56,NA,0.497490072947963,NA,"cv_r2",NA,NA,NA,NA,NA,"cz_hnscc_hpv"
"B_cell","CREM","ridge",1200,56,NA,0.497076836851587,NA,"cv_r2",NA,NA,NA,NA,NA,"cz_hnscc_hpv"
"B_cell","CREM","spearman",1200,56,NA,0.249802000794824,NA,"cv_r2",NA,NA,NA,NA,NA,"cz_hnscc_hpv"
"B_cell","ZKSCAN1","rf",1200,56,0.608601243376845,0.606106494236741,NA,"oob_r2",-0.0328447585423388,0.0196078431372549,TRUE,0.905462140198982,1,"cz_hnscc_hpv"
"B_cell","ZKSCAN1","lm",1200,56,NA,0.553562361228254,NA,"cv_r2",NA,NA,NA,NA,NA,"cz_hnscc_hpv"
"B_cell","ZKSCAN1","ridge",1200,56,NA,0.558167012345157,NA,"cv_r2",NA,NA,NA,NA,NA,"cz_hnscc_hpv"
"B_cell","ZKSCAN1","spearman",1200,56,NA,0.171509623367661,NA,"cv_r2",NA,NA,NA,NA,NA,"cz_hnscc_hpv"
"B_cell","ETS2","rf",1200,56,0.532394051006705,0.502165858686519,NA,"oob_r2",-0.0415360275522282,0.0196078431372549,TRUE,0.916889192678666,0.729100529100529,"cz_hnscc_hpv"
"B_cell","ETS2","lm",1200,56,NA,0.504680701230532,NA,"cv_r2",NA,NA,NA,NA,NA,"cz_hnscc_hpv"
"B_cell","ETS2","ridge",1200,56,NA,0.507763369351475,NA,"cv_r2",NA,NA,NA,NA,NA,"cz_hnscc_hpv"
"B_cell","ETS2","spearman",1200,56,NA,0.296711976365267,NA,"cv_r2",NA,NA,NA,NA,NA,"cz_hnscc_hpv"
"B_cell","TAL2","rf",1200,56,0.558314024914807,0.556680276629152,NA,"oob_r2",-0.0457912821960845,0.0196078431372549,TRUE,0.900220247588669,0.624338624338624,"cz_hnscc_hpv"
"B_cell","TAL2","lm",1200,56,NA,0.558350536902343,NA,"cv_r2",NA,NA,NA,NA,NA,"cz_hnscc_hpv"
"B_cell","TAL2","ridge",1200,56,NA,0.561345720961038,NA,"cv_r2",NA,NA,NA,NA,NA,"cz_hnscc_hpv"
"B_cell","TAL2","spearman",1200,56,NA,0.332032440162934,NA,"cv_r2",NA,NA,NA,NA,NA,"cz_hnscc_hpv"
"B_cell","ZBTB16","rf",1200,56,0.517221883930724,0.516521819685976,NA,"oob_r2",-0.0353963131798284,0.0196078431372549,TRUE,0.921306296043138,0.881481481481481,"cz_hnscc_hpv"
"B_cell","ZBTB16","lm",1200,56,NA,0.508294033257882,NA,"cv_r2",NA,NA,NA,NA,NA,"cz_hnscc_hpv"
"B_cell","ZBTB16","ridge",1200,56,NA,0.512795325310896,NA,"cv_r2",NA,NA,NA,NA,NA,"cz_hnscc_hpv"
"B_cell","ZBTB16","spearman",1200,56,NA,0.177244806675984,NA,"cv_r2",NA,NA,NA,NA,NA,"cz_hnscc_hpv"
"B_cell","ATF4","rf",1200,56,0.536781278208271,0.525605563835156,NA,"oob_r2",-0.0434938965731777,0.0196078431372549,TRUE,0.88032353611301,0.740740740740741,"cz_hnscc_hpv"
"B_cell","ATF4","lm",1200,56,NA,0.505353999856877,NA,"cv_r2",NA,NA,NA,NA,NA,"cz_hnscc_hpv"
"B_cell","ATF4","ridge",1200,56,NA,0.505753625495268,NA,"cv_r2",NA,NA,NA,NA,NA,"cz_hnscc_hpv"
"B_cell","ATF4","spearman",1200,56,NA,0.253104098860512,NA,"cv_r2",NA,NA,NA,NA,NA,"cz_hnscc_hpv"
"B_cell","SIX5","rf",1200,56,0.541317169230856,0.533140301883762,NA,"oob_r2",-0.0379319238137976,0.0196078431372549,TRUE,0.896548948127896,0.77989417989418,"cz_hnscc_hpv"
"B_cell","SIX5","lm",1200,56,NA,0.492666184227671,NA,"cv_r2",NA,NA,NA,NA,NA,"cz_hnscc_hpv"
"B_cell","SIX5","ridge",1200,56,NA,0.4956863309186,NA,"cv_r2",NA,NA,NA,NA,NA,"cz_hnscc_hpv"
"B_cell","SIX5","spearman",1200,56,NA,0.295687235743171,NA,"cv_r2",NA,NA,NA,NA,NA,"cz_hnscc_hpv"
"B_cell","JUNB","rf",1200,56,0.573543783412423,0.562972053080776,NA,"oob_r2",-0.0498447516344416,0.0196078431372549,TRUE,0.881837928153718,0.816931216931217,"cz_hnscc_hpv"
"B_cell","JUNB","lm",1200,56,NA,0.579386839103385,NA,"cv_r2",NA,NA,NA,NA,NA,"cz_hnscc_hpv"
"B_cell","JUNB","ridge",1200,56,NA,0.581381630058988,NA,"cv_r2",NA,NA,NA,NA,NA,"cz_hnscc_hpv"
"B_cell","JUNB","spearman",1200,56,NA,0.433510855889395,NA,"cv_r2",NA,NA,NA,NA,NA,"cz_hnscc_hpv"
"B_cell","BACH1","rf",1200,56,0.579006095392302,0.569741473420394,NA,"oob_r2",-0.038355803869808,0.0196078431372549,TRUE,0.92105111263006,0.822222222222222,"cz_hnscc_hpv"
"B_cell","BACH1","lm",1200,56,NA,0.553938054866085,NA,"cv_r2",NA,NA,NA,NA,NA,"cz_hnscc_hpv"
"B_cell","BACH1","ridge",1200,56,NA,0.558035092319521,NA,"cv_r2",NA,NA,NA,NA,NA,"cz_hnscc_hpv"
"B_cell","BACH1","spearman",1200,56,NA,0.346717198923321,NA,"cv_r2",NA,NA,NA,NA,NA,"cz_hnscc_hpv"
"B_cell","ATF5","rf",1200,56,0.5903822637832,0.57250608674576,NA,"oob_r2",-0.0340831024130912,0.0196078431372549,TRUE,0.896649198754462,0.8,"cz_hnscc_hpv"
"B_cell","ATF5","lm",1200,56,NA,0.544074302460197,NA,"cv_r2",NA,NA,NA,NA,NA,"cz_hnscc_hpv"
"B_cell","ATF5","ridge",1200,56,NA,0.547134348303129,NA,"cv_r2",NA,NA,NA,NA,NA,"cz_hnscc_hpv"
"B_cell","ATF5","spearman",1200,56,NA,0.210708133717297,NA,"cv_r2",NA,NA,NA,NA,NA,"cz_hnscc_hpv"
"B_cell","TGIF1","rf",1200,56,0.668534917124977,0.667530725222508,NA,"oob_r2",-0.0399945624106067,0.0196078431372549,TRUE,0.90951773372826,0.82962962962963,"cz_hnscc_hpv"
"B_cell","TGIF1","lm",1200,56,NA,0.6430807649992,NA,"cv_r2",NA,NA,NA,NA,NA,"cz_hnscc_hpv"
"B_cell","TGIF1","ridge",1200,56,NA,0.643546326561571,NA,"cv_r2",NA,NA,NA,NA,NA,"cz_hnscc_hpv"
"B_cell","TGIF1","spearman",1200,56,NA,0.207005792494948,NA,"cv_r2",NA,NA,NA,NA,NA,"cz_hnscc_hpv"
"B_cell","FOXD4L3","rf",1200,56,0.610896795110328,0.597217474110676,NA,"oob_r2",-0.0441202443725331,0.0196078431372549,TRUE,0.907262094630516,1,"cz_hnscc_hpv"
"B_cell","FOXD4L3","lm",1200,56,NA,0.601137790651022,NA,"cv_r2",NA,NA,NA,NA,NA,"cz_hnscc_hpv"
"B_cell","FOXD4L3","ridge",1200,56,NA,0.602956389549206,NA,"cv_r2",NA,NA,NA,NA,NA,"cz_hnscc_hpv"
"B_cell","FOXD4L3","spearman",1200,56,NA,0.381164271581465,NA,"cv_r2",NA,NA,NA,NA,NA,"cz_hnscc_hpv"
"B_cell","HES1","rf",1200,56,0.57438108266651,0.544121528170026,NA,"oob_r2",-0.0408202192092941,0.0196078431372549,TRUE,0.891416419837472,0.792592592592593,"cz_hnscc_hpv"
"B_cell","HES1","lm",1200,56,NA,0.549687579168643,NA,"cv_r2",NA,NA,NA,NA,NA,"cz_hnscc_hpv"
"B_cell","HES1","ridge",1200,56,NA,0.551654447765176,NA,"cv_r2",NA,NA,NA,NA,NA,"cz_hnscc_hpv"
"B_cell","HES1","spearman",1200,56,NA,0.352118854121172,NA,"cv_r2",NA,NA,NA,NA,NA,"cz_hnscc_hpv"
"B_cell","NFAT5","rf",1200,56,0.586766912435353,0.594472705801741,NA,"oob_r2",-0.0422269131212577,0.0196078431372549,TRUE,0.919144831776411,0.874074074074074,"cz_hnscc_hpv"
"B_cell","NFAT5","lm",1200,56,NA,0.553912347010479,NA,"cv_r2",NA,NA,NA,NA,NA,"cz_hnscc_hpv"
"B_cell","NFAT5","ridge",1200,56,NA,0.555895125301605,NA,"cv_r2",NA,NA,NA,NA,NA,"cz_hnscc_hpv"
"B_cell","NFAT5","spearman",1200,56,NA,0.235515544724353,NA,"cv_r2",NA,NA,NA,NA,NA,"cz_hnscc_hpv"
"B_cell","FOSL2","rf",1200,56,0.612334107078011,0.586197504831117,NA,"oob_r2",-0.0474576537646741,0.0196078431372549,TRUE,0.914487734487734,1,"cz_hnscc_hpv"
"B_cell","FOSL2","lm",1200,56,NA,0.611246735260189,NA,"cv_r2",NA,NA,NA,NA,NA,"cz_hnscc_hpv"
"B_cell","FOSL2","ridge",1200,56,NA,0.613558494224408,NA,"cv_r2",NA,NA,NA,NA,NA,"cz_hnscc_hpv"
"B_cell","FOSL2","spearman",1200,56,NA,0.417084036274379,NA,"cv_r2",NA,NA,NA,NA,NA,"cz_hnscc_hpv"
"B_cell","IRF7","rf",1200,56,0.595977164727844,0.594637777787638,NA,"oob_r2",-0.0550150824897414,0.0196078431372549,TRUE,0.927647907647908,0.740740740740741,"cz_hnscc_hpv"
"B_cell","IRF7","lm",1200,56,NA,0.54452124555167,NA,"cv_r2",NA,NA,NA,NA,NA,"cz_hnscc_hpv"
"B_cell","IRF7","ridge",1200,56,NA,0.544871667947174,NA,"cv_r2",NA,NA,NA,NA,NA,"cz_hnscc_hpv"
"B_cell","IRF7","spearman",1200,56,NA,0.146993430026487,NA,"cv_r2",NA,NA,NA,NA,NA,"cz_hnscc_hpv"
"B_cell","MYC","rf",1200,56,0.663264580645781,0.637322274781049,NA,"oob_r2",-0.0355097288479295,0.0196078431372549,TRUE,0.896422875370244,0.82962962962963,"cz_hnscc_hpv"
"B_cell","MYC","lm",1200,56,NA,0.629929266218609,NA,"cv_r2",NA,NA,NA,NA,NA,"cz_hnscc_hpv"
"B_cell","MYC","ridge",1200,56,NA,0.631038810387797,NA,"cv_r2",NA,NA,NA,NA,NA,"cz_hnscc_hpv"
"B_cell","MYC","spearman",1200,56,NA,0.386609934527631,NA,"cv_r2",NA,NA,NA,NA,NA,"cz_hnscc_hpv"
"CD8_minus_positive_comma_alpha_minus_beta_T_cell","IRF1","rf",1200,68,0.65696490900968,0.645726343223133,NA,"oob_r2",-0.0390538535935051,0.0196078431372549,TRUE,0.890347071123496,0.8,"cz_hnscc_hpv"
"CD8_minus_positive_comma_alpha_minus_beta_T_cell","IRF1","lm",1200,68,NA,0.663636939723025,NA,"cv_r2",NA,NA,NA,NA,NA,"cz_hnscc_hpv"
"CD8_minus_positive_comma_alpha_minus_beta_T_cell","IRF1","ridge",1200,68,NA,0.667960551465828,NA,"cv_r2",NA,NA,NA,NA,NA,"cz_hnscc_hpv"
"CD8_minus_positive_comma_alpha_minus_beta_T_cell","IRF1","spearman",1200,68,NA,0.2904210273281,NA,"cv_r2",NA,NA,NA,NA,NA,"cz_hnscc_hpv"
"CD8_minus_positive_comma_alpha_minus_beta_T_cell","REL","rf",1200,68,0.523627376300029,0.514719964153337,NA,"oob_r2",-0.0412315586337628,0.0196078431372549,TRUE,0.880569870171733,0.822222222222222,"cz_hnscc_hpv"
"CD8_minus_positive_comma_alpha_minus_beta_T_cell","REL","lm",1200,68,NA,0.479168697086454,NA,"cv_r2",NA,NA,NA,NA,NA,"cz_hnscc_hpv"
"CD8_minus_positive_comma_alpha_minus_beta_T_cell","REL","ridge",1200,68,NA,0.492518559077784,NA,"cv_r2",NA,NA,NA,NA,NA,"cz_hnscc_hpv"
"CD8_minus_positive_comma_alpha_minus_beta_T_cell","REL","spearman",1200,68,NA,0.19021923481167,NA,"cv_r2",NA,NA,NA,NA,NA,"cz_hnscc_hpv"
"CD8_minus_positive_comma_alpha_minus_beta_T_cell","JUN","rf",1200,68,0.567128725907598,0.556829036555746,NA,"oob_r2",-0.0414960440053695,0.0196078431372549,TRUE,0.850974454242004,0.881481481481481,"cz_hnscc_hpv"
"CD8_minus_positive_comma_alpha_minus_beta_T_cell","JUN","lm",1200,68,NA,0.533074401960413,NA,"cv_r2",NA,NA,NA,NA,NA,"cz_hnscc_hpv"
"CD8_minus_positive_comma_alpha_minus_beta_T_cell","JUN","ridge",1200,68,NA,0.539480420032054,NA,"cv_r2",NA,NA,NA,NA,NA,"cz_hnscc_hpv"
"CD8_minus_positive_comma_alpha_minus_beta_T_cell","JUN","spearman",1200,68,NA,0.25378393820919,NA,"cv_r2",NA,NA,NA,NA,NA,"cz_hnscc_hpv"
"CD8_minus_positive_comma_alpha_minus_beta_T_cell","HES7","rf",1200,68,0.438034592375743,0.430410261648904,NA,"oob_r2",-0.0372553703378747,0.0196078431372549,TRUE,0.865343359926709,0.933333333333333,"cz_hnscc_hpv"
"CD8_minus_positive_comma_alpha_minus_beta_T_cell","HES7","lm",1200,68,NA,0.379051205877715,NA,"cv_r2",NA,NA,NA,NA,NA,"cz_hnscc_hpv"
"CD8_minus_positive_comma_alpha_minus_beta_T_cell","HES7","ridge",1200,68,NA,0.380073586940251,NA,"cv_r2",NA,NA,NA,NA,NA,"cz_hnscc_hpv"
"CD8_minus_positive_comma_alpha_minus_beta_T_cell","HES7","spearman",1200,68,NA,0.149870497414068,NA,"cv_r2",NA,NA,NA,NA,NA,"cz_hnscc_hpv"
"CD8_minus_positive_comma_alpha_minus_beta_T_cell","NFATC4","rf",1200,68,0.499900298340965,0.511428812365779,NA,"oob_r2",-0.0395705781281895,0.0196078431372549,TRUE,0.868465006595327,0.734391534391534,"cz_hnscc_hpv"
"CD8_minus_positive_comma_alpha_minus_beta_T_cell","NFATC4","lm",1200,68,NA,0.424889627453696,NA,"cv_r2",NA,NA,NA,NA,NA,"cz_hnscc_hpv"
"CD8_minus_positive_comma_alpha_minus_beta_T_cell","NFATC4","ridge",1200,68,NA,0.434980946178274,NA,"cv_r2",NA,NA,NA,NA,NA,"cz_hnscc_hpv"
"CD8_minus_positive_comma_alpha_minus_beta_T_cell","NFATC4","spearman",1200,68,NA,0.130670944882679,NA,"cv_r2",NA,NA,NA,NA,NA,"cz_hnscc_hpv"
"CD8_minus_positive_comma_alpha_minus_beta_T_cell","EGR4","rf",1200,68,0.377073404375943,0.370697607136746,NA,"oob_r2",-0.0398916801608032,0.0196078431372549,TRUE,0.87482875477684,0.844444444444444,"cz_hnscc_hpv"
"CD8_minus_positive_comma_alpha_minus_beta_T_cell","EGR4","lm",1200,68,NA,0.271924362756216,NA,"cv_r2",NA,NA,NA,NA,NA,"cz_hnscc_hpv"
"CD8_minus_positive_comma_alpha_minus_beta_T_cell","EGR4","ridge",1200,68,NA,0.286436024721746,NA,"cv_r2",NA,NA,NA,NA,NA,"cz_hnscc_hpv"
"CD8_minus_positive_comma_alpha_minus_beta_T_cell","EGR4","spearman",1200,68,NA,0.0680762593800918,NA,"cv_r2",NA,NA,NA,NA,NA,"cz_hnscc_hpv"
"CD8_minus_positive_comma_alpha_minus_beta_T_cell","ZFP3","rf",1200,68,0.480930166086933,0.471511466322496,NA,"oob_r2",-0.0385467643095813,0.0196078431372549,TRUE,0.863892812154063,0.757671957671958,"cz_hnscc_hpv"
"CD8_minus_positive_comma_alpha_minus_beta_T_cell","ZFP3","lm",1200,68,NA,0.43062733244375,NA,"cv_r2",NA,NA,NA,NA,NA,"cz_hnscc_hpv"
"CD8_minus_positive_comma_alpha_minus_beta_T_cell","ZFP3","ridge",1200,68,NA,0.439488249013692,NA,"cv_r2",NA,NA,NA,NA,NA,"cz_hnscc_hpv"
"CD8_minus_positive_comma_alpha_minus_beta_T_cell","ZFP3","spearman",1200,68,NA,0.263844772933937,NA,"cv_r2",NA,NA,NA,NA,NA,"cz_hnscc_hpv"
"CD8_minus_positive_comma_alpha_minus_beta_T_cell","ELF1","rf",1200,68,0.515670577214056,0.502306729011096,NA,"oob_r2",-0.0507174271123075,0.0196078431372549,TRUE,0.869306493958172,0.661375661375661,"cz_hnscc_hpv"
"CD8_minus_positive_comma_alpha_minus_beta_T_cell","ELF1","lm",1200,68,NA,0.410741968751392,NA,"cv_r2",NA,NA,NA,NA,NA,"cz_hnscc_hpv"
"CD8_minus_positive_comma_alpha_minus_beta_T_cell","ELF1","ridge",1200,68,NA,0.423594955095588,NA,"cv_r2",NA,NA,NA,NA,NA,"cz_hnscc_hpv"
"CD8_minus_positive_comma_alpha_minus_beta_T_cell","ELF1","spearman",1200,68,NA,0.166638441159903,NA,"cv_r2",NA,NA,NA,NA,NA,"cz_hnscc_hpv"
"CD8_minus_positive_comma_alpha_minus_beta_T_cell","NFIA","rf",1200,68,0.465672409882677,0.453975810082746,NA,"oob_r2",-0.0413312548586647,0.0196078431372549,TRUE,0.838239323417015,0.6994708994709,"cz_hnscc_hpv"
"CD8_minus_positive_comma_alpha_minus_beta_T_cell","NFIA","lm",1200,68,NA,0.380496136816389,NA,"cv_r2",NA,NA,NA,NA,NA,"cz_hnscc_hpv"
"CD8_minus_positive_comma_alpha_minus_beta_T_cell","NFIA","ridge",1200,68,NA,0.399382442740912,NA,"cv_r2",NA,NA,NA,NA,NA,"cz_hnscc_hpv"
"CD8_minus_positive_comma_alpha_minus_beta_T_cell","NFIA","spearman",1200,68,NA,0.172364225057236,NA,"cv_r2",NA,NA,NA,NA,NA,"cz_hnscc_hpv"
"CD8_minus_positive_comma_alpha_minus_beta_T_cell","BATF3","rf",1200,68,0.494640152931096,0.491360096038202,NA,"oob_r2",-0.0443322574814222,0.0196078431372549,TRUE,0.834345747816756,0.844444444444444,"cz_hnscc_hpv"
"CD8_minus_positive_comma_alpha_minus_beta_T_cell","BATF3","lm",1200,68,NA,0.412792230848685,NA,"cv_r2",NA,NA,NA,NA,NA,"cz_hnscc_hpv"
"CD8_minus_positive_comma_alpha_minus_beta_T_cell","BATF3","ridge",1200,68,NA,0.42004952472393,NA,"cv_r2",NA,NA,NA,NA,NA,"cz_hnscc_hpv"
"CD8_minus_positive_comma_alpha_minus_beta_T_cell","BATF3","spearman",1200,68,NA,0.091377980572899,NA,"cv_r2",NA,NA,NA,NA,NA,"cz_hnscc_hpv"
"CD8_minus_positive_comma_alpha_minus_beta_T_cell","STAT3","rf",1200,68,0.503589471629488,0.485007180226652,NA,"oob_r2",-0.0397915997207332,0.0196078431372549,TRUE,0.866925390099799,0.933333333333333,"cz_hnscc_hpv"
"CD8_minus_positive_comma_alpha_minus_beta_T_cell","STAT3","lm",1200,68,NA,0.400586692882065,NA,"cv_r2",NA,NA,NA,NA,NA,"cz_hnscc_hpv"
"CD8_minus_positive_comma_alpha_minus_beta_T_cell","STAT3","ridge",1200,68,NA,0.399066289922578,NA,"cv_r2",NA,NA,NA,NA,NA,"cz_hnscc_hpv"
"CD8_minus_positive_comma_alpha_minus_beta_T_cell","STAT3","spearman",1200,68,NA,0.108430399094025,NA,"cv_r2",NA,NA,NA,NA,NA,"cz_hnscc_hpv"
"CD8_minus_positive_comma_alpha_minus_beta_T_cell","MAFF","rf",1200,68,0.601164993638875,0.595623748303447,NA,"oob_r2",-0.0402073284546108,0.0196078431372549,TRUE,0.855511869467666,0.933333333333333,"cz_hnscc_hpv"
"CD8_minus_positive_comma_alpha_minus_beta_T_cell","MAFF","lm",1200,68,NA,0.604931419437273,NA,"cv_r2",NA,NA,NA,NA,NA,"cz_hnscc_hpv"
"CD8_minus_positive_comma_alpha_minus_beta_T_cell","MAFF","ridge",1200,68,NA,0.606676612186849,NA,"cv_r2",NA,NA,NA,NA,NA,"cz_hnscc_hpv"
"CD8_minus_positive_comma_alpha_minus_beta_T_cell","MAFF","spearman",1200,68,NA,0.272803375058837,NA,"cv_r2",NA,NA,NA,NA,NA,"cz_hnscc_hpv"
"CD8_minus_positive_comma_alpha_minus_beta_T_cell","IRX2","rf",1200,68,0.637750451161934,0.625560139752681,NA,"oob_r2",-0.0365548820464271,0.0196078431372549,TRUE,0.879093025918998,0.881481481481482,"cz_hnscc_hpv"
"CD8_minus_positive_comma_alpha_minus_beta_T_cell","IRX2","lm",1200,68,NA,0.600169045324936,NA,"cv_r2",NA,NA,NA,NA,NA,"cz_hnscc_hpv"
"CD8_minus_positive_comma_alpha_minus_beta_T_cell","IRX2","ridge",1200,68,NA,0.610807927424996,NA,"cv_r2",NA,NA,NA,NA,NA,"cz_hnscc_hpv"
"CD8_minus_positive_comma_alpha_minus_beta_T_cell","IRX2","spearman",1200,68,NA,0.2101459003856,NA,"cv_r2",NA,NA,NA,NA,NA,"cz_hnscc_hpv"
"CD8_minus_positive_comma_alpha_minus_beta_T_cell","MYC","rf",1200,68,0.45490115685545,0.431730149532247,NA,"oob_r2",-0.0377794488393184,0.0196078431372549,TRUE,0.858859156900917,0.645502645502645,"cz_hnscc_hpv"
"CD8_minus_positive_comma_alpha_minus_beta_T_cell","MYC","lm",1200,68,NA,0.3626505762457,NA,"cv_r2",NA,NA,NA,NA,NA,"cz_hnscc_hpv"
"CD8_minus_positive_comma_alpha_minus_beta_T_cell","MYC","ridge",1200,68,NA,0.362437899271312,NA,"cv_r2",NA,NA,NA,NA,NA,"cz_hnscc_hpv"
"CD8_minus_positive_comma_alpha_minus_beta_T_cell","MYC","spearman",1200,68,NA,0.0774711426035318,NA,"cv_r2",NA,NA,NA,NA,NA,"cz_hnscc_hpv"
"CD8_minus_positive_comma_alpha_minus_beta_T_cell","KLF10","rf",1200,68,0.359087616282163,0.336849103123701,NA,"oob_r2",-0.0643596218470133,0.0196078431372549,TRUE,0.830318144995398,0.881481481481481,"cz_hnscc_hpv"
"CD8_minus_positive_comma_alpha_minus_beta_T_cell","KLF10","lm",1200,68,NA,0.272954139991573,NA,"cv_r2",NA,NA,NA,NA,NA,"cz_hnscc_hpv"
"CD8_minus_positive_comma_alpha_minus_beta_T_cell","KLF10","ridge",1200,68,NA,0.280543835538485,NA,"cv_r2",NA,NA,NA,NA,NA,"cz_hnscc_hpv"
"CD8_minus_positive_comma_alpha_minus_beta_T_cell","KLF10","spearman",1200,68,NA,0.0815426467447958,NA,"cv_r2",NA,NA,NA,NA,NA,"cz_hnscc_hpv"
"CD8_minus_positive_comma_alpha_minus_beta_T_cell","FOSB","rf",1200,68,0.428057602681795,0.426813868360444,NA,"oob_r2",-0.0510875560941482,0.0196078431372549,TRUE,0.839514278564551,0.933333333333333,"cz_hnscc_hpv"
"CD8_minus_positive_comma_alpha_minus_beta_T_cell","FOSB","lm",1200,68,NA,0.304491856902446,NA,"cv_r2",NA,NA,NA,NA,NA,"cz_hnscc_hpv"
"CD8_minus_positive_comma_alpha_minus_beta_T_cell","FOSB","ridge",1200,68,NA,0.314499686502107,NA,"cv_r2",NA,NA,NA,NA,NA,"cz_hnscc_hpv"
"CD8_minus_positive_comma_alpha_minus_beta_T_cell","FOSB","spearman",1200,68,NA,0.0774701099746644,NA,"cv_r2",NA,NA,NA,NA,NA,"cz_hnscc_hpv"
"CD8_minus_positive_comma_alpha_minus_beta_T_cell","ETV7","rf",1200,68,0.56647961532887,0.565866556747907,NA,"oob_r2",-0.0343461829851038,0.0196078431372549,TRUE,0.910248416909485,0.785185185185185,"cz_hnscc_hpv"
"CD8_minus_positive_comma_alpha_minus_beta_T_cell","ETV7","lm",1200,68,NA,0.496240300236875,NA,"cv_r2",NA,NA,NA,NA,NA,"cz_hnscc_hpv"
"CD8_minus_positive_comma_alpha_minus_beta_T_cell","ETV7","ridge",1200,68,NA,0.491819187919306,NA,"cv_r2",NA,NA,NA,NA,NA,"cz_hnscc_hpv"
"CD8_minus_positive_comma_alpha_minus_beta_T_cell","ETV7","spearman",1200,68,NA,0.162194345459457,NA,"cv_r2",NA,NA,NA,NA,NA,"cz_hnscc_hpv"
"CD8_minus_positive_comma_alpha_minus_beta_T_cell","MAFB","rf",1200,68,0.46128020379843,0.450811342616882,NA,"oob_r2",-0.0410358222284733,0.0196078431372549,TRUE,0.891348033913976,0.687830687830688,"cz_hnscc_hpv"
"CD8_minus_positive_comma_alpha_minus_beta_T_cell","MAFB","lm",1200,68,NA,0.390099528095664,NA,"cv_r2",NA,NA,NA,NA,NA,"cz_hnscc_hpv"
"CD8_minus_positive_comma_alpha_minus_beta_T_cell","MAFB","ridge",1200,68,NA,0.390516047224173,NA,"cv_r2",NA,NA,NA,NA,NA,"cz_hnscc_hpv"
"CD8_minus_positive_comma_alpha_minus_beta_T_cell","MAFB","spearman",1200,68,NA,0.0963773641407114,NA,"cv_r2",NA,NA,NA,NA,NA,"cz_hnscc_hpv"
"CD8_minus_positive_comma_alpha_minus_beta_T_cell","CREB3L4","rf",1200,68,0.451199407639523,0.447912223149928,NA,"oob_r2",-0.0556816324477327,0.0196078431372549,TRUE,0.800319799128823,0.881481481481481,"cz_hnscc_hpv"
"CD8_minus_positive_comma_alpha_minus_beta_T_cell","CREB3L4","lm",1200,68,NA,0.339389509146833,NA,"cv_r2",NA,NA,NA,NA,NA,"cz_hnscc_hpv"
"CD8_minus_positive_comma_alpha_minus_beta_T_cell","CREB3L4","ridge",1200,68,NA,0.350610849626975,NA,"cv_r2",NA,NA,NA,NA,NA,"cz_hnscc_hpv"
"CD8_minus_positive_comma_alpha_minus_beta_T_cell","CREB3L4","spearman",1200,68,NA,0.0671352538249259,NA,"cv_r2",NA,NA,NA,NA,NA,"cz_hnscc_hpv"
"CD8_minus_positive_comma_alpha_minus_beta_T_cell","BDP1","rf",1200,68,0.436948804139066,0.427991932345321,NA,"oob_r2",-0.0312684156132559,0.0196078431372549,TRUE,0.861469294618128,0.643386243386243,"cz_hnscc_hpv"
"CD8_minus_positive_comma_alpha_minus_beta_T_cell","BDP1","lm",1200,68,NA,0.34413937369661,NA,"cv_r2",NA,NA,NA,NA,NA,"cz_hnscc_hpv"
"CD8_minus_positive_comma_alpha_minus_beta_T_cell","BDP1","ridge",1200,68,NA,0.34331067581374,NA,"cv_r2",NA,NA,NA,NA,NA,"cz_hnscc_hpv"
"CD8_minus_positive_comma_alpha_minus_beta_T_cell","BDP1","spearman",1200,68,NA,0.0768348515281355,NA,"cv_r2",NA,NA,NA,NA,NA,"cz_hnscc_hpv"
"CD8_minus_positive_comma_alpha_minus_beta_T_cell","ID1","rf",1200,68,0.408251096803176,0.401699733394657,NA,"oob_r2",-0.0380864933802739,0.0196078431372549,TRUE,0.827454373486362,0.874074074074074,"cz_hnscc_hpv"
"CD8_minus_positive_comma_alpha_minus_beta_T_cell","ID1","lm",1200,68,NA,0.348819456883378,NA,"cv_r2",NA,NA,NA,NA,NA,"cz_hnscc_hpv"
"CD8_minus_positive_comma_alpha_minus_beta_T_cell","ID1","ridge",1200,68,NA,0.350320772909231,NA,"cv_r2",NA,NA,NA,NA,NA,"cz_hnscc_hpv"
"CD8_minus_positive_comma_alpha_minus_beta_T_cell","ID1","spearman",1200,68,NA,0.0870607631475819,NA,"cv_r2",NA,NA,NA,NA,NA,"cz_hnscc_hpv"
"CD8_minus_positive_comma_alpha_minus_beta_T_cell","ELF5","rf",1200,68,0.464456430220135,0.44464716007669,NA,"oob_r2",-0.0460969248466582,0.0196078431372549,TRUE,0.864733451243357,0.71005291005291,"cz_hnscc_hpv"
"CD8_minus_positive_comma_alpha_minus_beta_T_cell","ELF5","lm",1200,68,NA,0.365645964407478,NA,"cv_r2",NA,NA,NA,NA,NA,"cz_hnscc_hpv"
"CD8_minus_positive_comma_alpha_minus_beta_T_cell","ELF5","ridge",1200,68,NA,0.363149795713963,NA,"cv_r2",NA,NA,NA,NA,NA,"cz_hnscc_hpv"
"CD8_minus_positive_comma_alpha_minus_beta_T_cell","ELF5","spearman",1200,68,NA,0.07950827862016,NA,"cv_r2",NA,NA,NA,NA,NA,"cz_hnscc_hpv"
"CD8_minus_positive_comma_alpha_minus_beta_T_cell","FOXQ1","rf",1200,68,0.443480788792602,0.45998919814278,NA,"oob_r2",-0.0442115674151643,0.0196078431372549,TRUE,0.856817362463047,0.881481481481481,"cz_hnscc_hpv"
"CD8_minus_positive_comma_alpha_minus_beta_T_cell","FOXQ1","lm",1200,68,NA,0.349380530805865,NA,"cv_r2",NA,NA,NA,NA,NA,"cz_hnscc_hpv"
"CD8_minus_positive_comma_alpha_minus_beta_T_cell","FOXQ1","ridge",1200,68,NA,0.354015631102339,NA,"cv_r2",NA,NA,NA,NA,NA,"cz_hnscc_hpv"
"CD8_minus_positive_comma_alpha_minus_beta_T_cell","FOXQ1","spearman",1200,68,NA,0.127975937499817,NA,"cv_r2",NA,NA,NA,NA,NA,"cz_hnscc_hpv"
"CD8_minus_positive_comma_alpha_minus_beta_T_cell","NFE2L2","rf",1200,68,0.431016119221455,0.427060164707386,NA,"oob_r2",-0.0420019538800865,0.0196078431372549,TRUE,0.866313784869345,0.82962962962963,"cz_hnscc_hpv"
"CD8_minus_positive_comma_alpha_minus_beta_T_cell","NFE2L2","lm",1200,68,NA,0.341511663351719,NA,"cv_r2",NA,NA,NA,NA,NA,"cz_hnscc_hpv"
"CD8_minus_positive_comma_alpha_minus_beta_T_cell","NFE2L2","ridge",1200,68,NA,0.340415775205013,NA,"cv_r2",NA,NA,NA,NA,NA,"cz_hnscc_hpv"
"CD8_minus_positive_comma_alpha_minus_beta_T_cell","NFE2L2","spearman",1200,68,NA,0.0727985862567149,NA,"cv_r2",NA,NA,NA,NA,NA,"cz_hnscc_hpv"
"CD8_minus_positive_comma_alpha_minus_beta_T_cell","EGR1","rf",1200,68,0.455369786398324,0.450417893010008,NA,"oob_r2",-0.0419073735525153,0.0196078431372549,TRUE,0.87340195866363,0.740740740740741,"cz_hnscc_hpv"
"CD8_minus_positive_comma_alpha_minus_beta_T_cell","EGR1","lm",1200,68,NA,0.359249307780326,NA,"cv_r2",NA,NA,NA,NA,NA,"cz_hnscc_hpv"
"CD8_minus_positive_comma_alpha_minus_beta_T_cell","EGR1","ridge",1200,68,NA,0.357091192883606,NA,"cv_r2",NA,NA,NA,NA,NA,"cz_hnscc_hpv"
"CD8_minus_positive_comma_alpha_minus_beta_T_cell","EGR1","spearman",1200,68,NA,0.0492876226485194,NA,"cv_r2",NA,NA,NA,NA,NA,"cz_hnscc_hpv"
"CD8_minus_positive_comma_alpha_minus_beta_T_cell","TBX2","rf",1200,68,0.45534818943482,0.452583678283385,NA,"oob_r2",-0.0425144130018881,0.0196078431372549,TRUE,0.882633719721936,0.666666666666667,"cz_hnscc_hpv"
"CD8_minus_positive_comma_alpha_minus_beta_T_cell","TBX2","lm",1200,68,NA,0.36968629402841,NA,"cv_r2",NA,NA,NA,NA,NA,"cz_hnscc_hpv"
"CD8_minus_positive_comma_alpha_minus_beta_T_cell","TBX2","ridge",1200,68,NA,0.369529785974875,NA,"cv_r2",NA,NA,NA,NA,NA,"cz_hnscc_hpv"
"CD8_minus_positive_comma_alpha_minus_beta_T_cell","TBX2","spearman",1200,68,NA,0.0432413237814929,NA,"cv_r2",NA,NA,NA,NA,NA,"cz_hnscc_hpv"
"CD8_minus_positive_comma_alpha_minus_beta_T_cell","FOS","rf",1200,68,0.339144228114956,0.331650519276715,NA,"oob_r2",-0.0481637602833908,0.0196078431372549,TRUE,0.866311240048691,0.734391534391534,"cz_hnscc_hpv"
"CD8_minus_positive_comma_alpha_minus_beta_T_cell","FOS","lm",1200,68,NA,0.256238267342476,NA,"cv_r2",NA,NA,NA,NA,NA,"cz_hnscc_hpv"
"CD8_minus_positive_comma_alpha_minus_beta_T_cell","FOS","ridge",1200,68,NA,0.263824032205834,NA,"cv_r2",NA,NA,NA,NA,NA,"cz_hnscc_hpv"
"CD8_minus_positive_comma_alpha_minus_beta_T_cell","FOS","spearman",1200,68,NA,0.0636747041107294,NA,"cv_r2",NA,NA,NA,NA,NA,"cz_hnscc_hpv"
"CD8_minus_positive_comma_alpha_minus_beta_T_cell","SNAI2","rf",1200,68,0.386726115514208,0.396784412661811,NA,"oob_r2",-0.0483655305207977,0.0196078431372549,TRUE,0.833952997162525,0.785185185185185,"cz_hnscc_hpv"
"CD8_minus_positive_comma_alpha_minus_beta_T_cell","SNAI2","lm",1200,68,NA,0.295582970550648,NA,"cv_r2",NA,NA,NA,NA,NA,"cz_hnscc_hpv"
"CD8_minus_positive_comma_alpha_minus_beta_T_cell","SNAI2","ridge",1200,68,NA,0.300063516483928,NA,"cv_r2",NA,NA,NA,NA,NA,"cz_hnscc_hpv"
"CD8_minus_positive_comma_alpha_minus_beta_T_cell","SNAI2","spearman",1200,68,NA,0.0562749487964939,NA,"cv_r2",NA,NA,NA,NA,NA,"cz_hnscc_hpv"
"CD8_minus_positive_comma_alpha_minus_beta_T_cell","ETV1","rf",1200,68,0.423542418625165,0.420257655264258,NA,"oob_r2",-0.0363594956398981,0.0196078431372549,TRUE,0.878344848646792,0.66984126984127,"cz_hnscc_hpv"
"CD8_minus_positive_comma_alpha_minus_beta_T_cell","ETV1","lm",1200,68,NA,0.331795904248149,NA,"cv_r2",NA,NA,NA,NA,NA,"cz_hnscc_hpv"
"CD8_minus_positive_comma_alpha_minus_beta_T_cell","ETV1","ridge",1200,68,NA,0.330643579440448,NA,"cv_r2",NA,NA,NA,NA,NA,"cz_hnscc_hpv"
"CD8_minus_positive_comma_alpha_minus_beta_T_cell","ETV1","spearman",1200,68,NA,0.0450686861375146,NA,"cv_r2",NA,NA,NA,NA,NA,"cz_hnscc_hpv"
"CD8_minus_positive_comma_alpha_minus_beta_T_cell","CEBPB","rf",1200,68,0.48591172725517,0.48288248210148,NA,"oob_r2",-0.0341097021129023,0.0196078431372549,TRUE,0.866461384467263,0.785185185185185,"cz_hnscc_hpv"
"CD8_minus_positive_comma_alpha_minus_beta_T_cell","CEBPB","lm",1200,68,NA,0.400676230851368,NA,"cv_r2",NA,NA,NA,NA,NA,"cz_hnscc_hpv"
"CD8_minus_positive_comma_alpha_minus_beta_T_cell","CEBPB","ridge",1200,68,NA,0.400499695957013,NA,"cv_r2",NA,NA,NA,NA,NA,"cz_hnscc_hpv"
"CD8_minus_positive_comma_alpha_minus_beta_T_cell","CEBPB","spearman",1200,68,NA,0.0569643262274065,NA,"cv_r2",NA,NA,NA,NA,NA,"cz_hnscc_hpv"
"CD8_minus_positive_comma_alpha_minus_beta_T_cell","ETV2","rf",1200,68,0.416308449959156,0.417997303952813,NA,"oob_r2",-0.0384884942592352,0.0196078431372549,TRUE,0.878125994070568,0.643386243386243,"cz_hnscc_hpv"
"CD8_minus_positive_comma_alpha_minus_beta_T_cell","ETV2","lm",1200,68,NA,0.316867600919464,NA,"cv_r2",NA,NA,NA,NA,NA,"cz_hnscc_hpv"
"CD8_minus_positive_comma_alpha_minus_beta_T_cell","ETV2","ridge",1200,68,NA,0.315502601150798,NA,"cv_r2",NA,NA,NA,NA,NA,"cz_hnscc_hpv"
"CD8_minus_positive_comma_alpha_minus_beta_T_cell","ETV2","spearman",1200,68,NA,0.066344993673093,NA,"cv_r2",NA,NA,NA,NA,NA,"cz_hnscc_hpv"
"CD8_minus_positive_comma_alpha_minus_beta_T_cell","FOXI1","rf",1200,68,0.504327848856721,0.495719349215228,NA,"oob_r2",-0.0378165050946048,0.0196078431372549,TRUE,0.866403701865778,0.82962962962963,"cz_hnscc_hpv"
"CD8_minus_positive_comma_alpha_minus_beta_T_cell","FOXI1","lm",1200,68,NA,0.417198652574638,NA,"cv_r2",NA,NA,NA,NA,NA,"cz_hnscc_hpv"
"CD8_minus_positive_comma_alpha_minus_beta_T_cell","FOXI1","ridge",1200,68,NA,0.415093327347408,NA,"cv_r2",NA,NA,NA,NA,NA,"cz_hnscc_hpv"
"CD8_minus_positive_comma_alpha_minus_beta_T_cell","FOXI1","spearman",1200,68,NA,0.065121100181287,NA,"cv_r2",NA,NA,NA,NA,NA,"cz_hnscc_hpv"
"CD8_minus_positive_comma_alpha_minus_beta_T_cell","KLF9","rf",1200,68,0.340255365649269,0.32947745012706,NA,"oob_r2",-0.0443049592292221,0.0196078431372549,TRUE,0.861904458949922,0.77989417989418,"cz_hnscc_hpv"
"CD8_minus_positive_comma_alpha_minus_beta_T_cell","KLF9","lm",1200,68,NA,0.260361776495425,NA,"cv_r2",NA,NA,NA,NA,NA,"cz_hnscc_hpv"
"CD8_minus_positive_comma_alpha_minus_beta_T_cell","KLF9","ridge",1200,68,NA,0.269230410936291,NA,"cv_r2",NA,NA,NA,NA,NA,"cz_hnscc_hpv"
"CD8_minus_positive_comma_alpha_minus_beta_T_cell","KLF9","spearman",1200,68,NA,0.0888678202841723,NA,"cv_r2",NA,NA,NA,NA,NA,"cz_hnscc_hpv"
"CD8_minus_positive_comma_alpha_minus_beta_T_cell","ELF3","rf",1200,68,0.398560376125891,0.403049155196091,NA,"oob_r2",-0.0387830741640908,0.0196078431372549,TRUE,0.87239505795829,0.816931216931217,"cz_hnscc_hpv"
"CD8_minus_positive_comma_alpha_minus_beta_T_cell","ELF3","lm",1200,68,NA,0.313515710734984,NA,"cv_r2",NA,NA,NA,NA,NA,"cz_hnscc_hpv"
"CD8_minus_positive_comma_alpha_minus_beta_T_cell","ELF3","ridge",1200,68,NA,0.314291207521199,NA,"cv_r2",NA,NA,NA,NA,NA,"cz_hnscc_hpv"
"CD8_minus_positive_comma_alpha_minus_beta_T_cell","ELF3","spearman",1200,68,NA,0.0243906029105484,NA,"cv_r2",NA,NA,NA,NA,NA,"cz_hnscc_hpv"
"CD8_minus_positive_comma_alpha_minus_beta_T_cell","EGR2","rf",1200,68,0.410848817234516,0.414503193271949,NA,"oob_r2",-0.0496067214202965,0.0196078431372549,TRUE,0.852662518609001,1,"cz_hnscc_hpv"
"CD8_minus_positive_comma_alpha_minus_beta_T_cell","EGR2","lm",1200,68,NA,0.364095113922895,NA,"cv_r2",NA,NA,NA,NA,NA,"cz_hnscc_hpv"
"CD8_minus_positive_comma_alpha_minus_beta_T_cell","EGR2","ridge",1200,68,NA,0.369284950940518,NA,"cv_r2",NA,NA,NA,NA,NA,"cz_hnscc_hpv"
"CD8_minus_positive_comma_alpha_minus_beta_T_cell","EGR2","spearman",1200,68,NA,0.0817987304466605,NA,"cv_r2",NA,NA,NA,NA,NA,"cz_hnscc_hpv"
"CD8_minus_positive_comma_alpha_minus_beta_T_cell","ETV4","rf",1200,68,0.371503492161076,0.370291194602275,NA,"oob_r2",-0.0366646049633209,0.0196078431372549,TRUE,0.825958018941948,0.874074074074074,"cz_hnscc_hpv"
"CD8_minus_positive_comma_alpha_minus_beta_T_cell","ETV4","lm",1200,68,NA,0.289110594258267,NA,"cv_r2",NA,NA,NA,NA,NA,"cz_hnscc_hpv"
"CD8_minus_positive_comma_alpha_minus_beta_T_cell","ETV4","ridge",1200,68,NA,0.289792497462213,NA,"cv_r2",NA,NA,NA,NA,NA,"cz_hnscc_hpv"
"CD8_minus_positive_comma_alpha_minus_beta_T_cell","ETV4","spearman",1200,68,NA,0.0560797841133406,NA,"cv_r2",NA,NA,NA,NA,NA,"cz_hnscc_hpv"
"CD8_minus_positive_comma_alpha_minus_beta_T_cell","HES1","rf",1200,68,0.344967632823278,0.339015835863671,NA,"oob_r2",-0.0409672090049036,0.0196078431372549,TRUE,0.843010862142824,0.732275132275132,"cz_hnscc_hpv"
"CD8_minus_positive_comma_alpha_minus_beta_T_cell","HES1","lm",1200,68,NA,0.276284430924381,NA,"cv_r2",NA,NA,NA,NA,NA,"cz_hnscc_hpv"
"CD8_minus_positive_comma_alpha_minus_beta_T_cell","HES1","ridge",1200,68,NA,0.280188447832926,NA,"cv_r2",NA,NA,NA,NA,NA,"cz_hnscc_hpv"
"CD8_minus_positive_comma_alpha_minus_beta_T_cell","HES1","spearman",1200,68,NA,0.0954873892473459,NA,"cv_r2",NA,NA,NA,NA,NA,"cz_hnscc_hpv"
"CD8_minus_positive_comma_alpha_minus_beta_T_cell","JUND","rf",1200,68,0.389197470598942,0.3866318992666,NA,"oob_r2",-0.0336053937337729,0.0196078431372549,TRUE,0.836318832096975,1,"cz_hnscc_hpv"
"CD8_minus_positive_comma_alpha_minus_beta_T_cell","JUND","lm",1200,68,NA,0.304867469084367,NA,"cv_r2",NA,NA,NA,NA,NA,"cz_hnscc_hpv"
"CD8_minus_positive_comma_alpha_minus_beta_T_cell","JUND","ridge",1200,68,NA,0.306963174624312,NA,"cv_r2",NA,NA,NA,NA,NA,"cz_hnscc_hpv"
"CD8_minus_positive_comma_alpha_minus_beta_T_cell","JUND","spearman",1200,68,NA,0.0841566056868716,NA,"cv_r2",NA,NA,NA,NA,NA,"cz_hnscc_hpv"
"CD8_minus_positive_comma_alpha_minus_beta_T_cell","ETS1","rf",1200,68,0.307551319797192,0.292321232703621,NA,"oob_r2",-0.050679793737007,0.0196078431372549,TRUE,0.84538093844503,0.58042328042328,"cz_hnscc_hpv"
"CD8_minus_positive_comma_alpha_minus_beta_T_cell","ETS1","lm",1200,68,NA,0.21584807941226,NA,"cv_r2",NA,NA,NA,NA,NA,"cz_hnscc_hpv"
"CD8_minus_positive_comma_alpha_minus_beta_T_cell","ETS1","ridge",1200,68,NA,0.238419389649603,NA,"cv_r2",NA,NA,NA,NA,NA,"cz_hnscc_hpv"
"CD8_minus_positive_comma_alpha_minus_beta_T_cell","ETS1","spearman",1200,68,NA,0.0680172220339461,NA,"cv_r2",NA,NA,NA,NA,NA,"cz_hnscc_hpv"
"CD8_minus_positive_comma_alpha_minus_beta_T_cell","EOMES","rf",1200,68,0.516733687470628,0.511289090075053,NA,"oob_r2",-0.0354482421956785,0.0196078431372549,TRUE,0.826579803455018,0.933333333333333,"cz_hnscc_hpv"
"CD8_minus_positive_comma_alpha_minus_beta_T_cell","EOMES","lm",1200,68,NA,0.442503486086671,NA,"cv_r2",NA,NA,NA,NA,NA,"cz_hnscc_hpv"
"CD8_minus_positive_comma_alpha_minus_beta_T_cell","EOMES","ridge",1200,68,NA,0.445244706886559,NA,"cv_r2",NA,NA,NA,NA,NA,"cz_hnscc_hpv"
"CD8_minus_positive_comma_alpha_minus_beta_T_cell","EOMES","spearman",1200,68,NA,0.208864837396917,NA,"cv_r2",NA,NA,NA,NA,NA,"cz_hnscc_hpv"
"CD8_minus_positive_comma_alpha_minus_beta_T_cell","FOXA1","rf",1200,68,0.302943838857698,0.295541929469002,NA,"oob_r2",-0.053535494419967,0.0196078431372549,TRUE,0.838473446917162,0.701587301587302,"cz_hnscc_hpv"
"CD8_minus_positive_comma_alpha_minus_beta_T_cell","FOXA1","lm",1200,68,NA,0.203370015610256,NA,"cv_r2",NA,NA,NA,NA,NA,"cz_hnscc_hpv"
"CD8_minus_positive_comma_alpha_minus_beta_T_cell","FOXA1","ridge",1200,68,NA,0.216607655345149,NA,"cv_r2",NA,NA,NA,NA,NA,"cz_hnscc_hpv"
"CD8_minus_positive_comma_alpha_minus_beta_T_cell","FOXA1","spearman",1200,68,NA,0.0487862735735712,NA,"cv_r2",NA,NA,NA,NA,NA,"cz_hnscc_hpv"
"CD8_minus_positive_comma_alpha_minus_beta_T_cell","EGR3","rf",1200,68,0.29519507520256,0.289516619404751,NA,"oob_r2",-0.0487437785813067,0.0196078431372549,TRUE,0.848959804557774,0.785185185185185,"cz_hnscc_hpv"
"CD8_minus_positive_comma_alpha_minus_beta_T_cell","EGR3","lm",1200,68,NA,0.235083777422291,NA,"cv_r2",NA,NA,NA,NA,NA,"cz_hnscc_hpv"
"CD8_minus_positive_comma_alpha_minus_beta_T_cell","EGR3","ridge",1200,68,NA,0.241346167884029,NA,"cv_r2",NA,NA,NA,NA,NA,"cz_hnscc_hpv"
"CD8_minus_positive_comma_alpha_minus_beta_T_cell","EGR3","spearman",1200,68,NA,0.0149653277837615,NA,"cv_r2",NA,NA,NA,NA,NA,"cz_hnscc_hpv"
"CD8_minus_positive_comma_alpha_minus_beta_T_cell","NPAS3","rf",1200,68,0.411661685514241,0.409853565556771,NA,"oob_r2",-0.0353878053117491,0.0196078431372549,TRUE,0.849713919744839,0.668783068783069,"cz_hnscc_hpv"
"CD8_minus_positive_comma_alpha_minus_beta_T_cell","NPAS3","lm",1200,68,NA,0.322144596280252,NA,"cv_r2",NA,NA,NA,NA,NA,"cz_hnscc_hpv"
"CD8_minus_positive_comma_alpha_minus_beta_T_cell","NPAS3","ridge",1200,68,NA,0.320704825546046,NA,"cv_r2",NA,NA,NA,NA,NA,"cz_hnscc_hpv"
"CD8_minus_positive_comma_alpha_minus_beta_T_cell","NPAS3","spearman",1200,68,NA,0.050252823023029,NA,"cv_r2",NA,NA,NA,NA,NA,"cz_hnscc_hpv"
"CD8_minus_positive_comma_alpha_minus_beta_T_cell","ZBTB1","rf",1200,68,0.335254962164907,0.304848728676721,NA,"oob_r2",-0.0472278933820578,0.0196078431372549,TRUE,0.843831142666887,0.661375661375661,"cz_hnscc_hpv"
"CD8_minus_positive_comma_alpha_minus_beta_T_cell","ZBTB1","lm",1200,68,NA,0.213505909953609,NA,"cv_r2",NA,NA,NA,NA,NA,"cz_hnscc_hpv"
"CD8_minus_positive_comma_alpha_minus_beta_T_cell","ZBTB1","ridge",1200,68,NA,0.217259302982808,NA,"cv_r2",NA,NA,NA,NA,NA,"cz_hnscc_hpv"
"CD8_minus_positive_comma_alpha_minus_beta_T_cell","ZBTB1","spearman",1200,68,NA,0.00128495607597856,NA,"cv_r2",NA,NA,NA,NA,NA,"cz_hnscc_hpv"
"CD8_minus_positive_comma_alpha_minus_beta_T_cell","EHF","rf",1200,68,0.464928472821792,0.448591462031811,NA,"oob_r2",-0.0381194537416159,0.0196078431372549,TRUE,0.839416727106157,1,"cz_hnscc_hpv"
"CD8_minus_positive_comma_alpha_minus_beta_T_cell","EHF","lm",1200,68,NA,0.350883099118012,NA,"cv_r2",NA,NA,NA,NA,NA,"cz_hnscc_hpv"
"CD8_minus_positive_comma_alpha_minus_beta_T_cell","EHF","ridge",1200,68,NA,0.351845370622393,NA,"cv_r2",NA,NA,NA,NA,NA,"cz_hnscc_hpv"
"CD8_minus_positive_comma_alpha_minus_beta_T_cell","EHF","spearman",1200,68,NA,0.0820167984571053,NA,"cv_r2",NA,NA,NA,NA,NA,"cz_hnscc_hpv"
"CD8_minus_positive_comma_alpha_minus_beta_T_cell","FOXN1","rf",1200,68,0.359489054623977,0.337132757587901,NA,"oob_r2",-0.0450736665576429,0.0196078431372549,TRUE,0.84510440126732,0.881481481481481,"cz_hnscc_hpv"
"CD8_minus_positive_comma_alpha_minus_beta_T_cell","FOXN1","lm",1200,68,NA,0.271892471631099,NA,"cv_r2",NA,NA,NA,NA,NA,"cz_hnscc_hpv"
"CD8_minus_positive_comma_alpha_minus_beta_T_cell","FOXN1","ridge",1200,68,NA,0.273146531424827,NA,"cv_r2",NA,NA,NA,NA,NA,"cz_hnscc_hpv"
"CD8_minus_positive_comma_alpha_minus_beta_T_cell","FOXN1","spearman",1200,68,NA,0.0054581908697332,NA,"cv_r2",NA,NA,NA,NA,NA,"cz_hnscc_hpv"
"CD8_minus_positive_comma_alpha_minus_beta_T_cell","FOXD4L5","rf",1200,68,0.523255078823842,0.508260237401056,NA,"oob_r2",-0.0401184942916471,0.0196078431372549,TRUE,0.848472047265802,0.785185185185185,"cz_hnscc_hpv"
"CD8_minus_positive_comma_alpha_minus_beta_T_cell","FOXD4L5","lm",1200,68,NA,0.42153518366441,NA,"cv_r2",NA,NA,NA,NA,NA,"cz_hnscc_hpv"
"CD8_minus_positive_comma_alpha_minus_beta_T_cell","FOXD4L5","ridge",1200,68,NA,0.420336130981111,NA,"cv_r2",NA,NA,NA,NA,NA,"cz_hnscc_hpv"
"CD8_minus_positive_comma_alpha_minus_beta_T_cell","FOXD4L5","spearman",1200,68,NA,0.0210975918871518,NA,"cv_r2",NA,NA,NA,NA,NA,"cz_hnscc_hpv"
"CD8_minus_positive_comma_alpha_minus_beta_T_cell","TFEC","rf",1200,68,0.413633902644853,0.410811336550417,NA,"oob_r2",-0.0374488944827438,0.0196078431372549,TRUE,0.864975209205464,1,"cz_hnscc_hpv"
"CD8_minus_positive_comma_alpha_minus_beta_T_cell","TFEC","lm",1200,68,NA,0.343436384524275,NA,"cv_r2",NA,NA,NA,NA,NA,"cz_hnscc_hpv"
"CD8_minus_positive_comma_alpha_minus_beta_T_cell","TFEC","ridge",1200,68,NA,0.352921778043891,NA,"cv_r2",NA,NA,NA,NA,NA,"cz_hnscc_hpv"
"CD8_minus_positive_comma_alpha_minus_beta_T_cell","TFEC","spearman",1200,68,NA,0.0709696300624512,NA,"cv_r2",NA,NA,NA,NA,NA,"cz_hnscc_hpv"
"CD8_minus_positive_comma_alpha_minus_beta_T_cell","IRX4","rf",1200,68,0.720073950459486,0.708365245675065,NA,"oob_r2",-0.0670992748410292,0.0196078431372549,TRUE,0.844903360435673,0.82962962962963,"cz_hnscc_hpv"
"CD8_minus_positive_comma_alpha_minus_beta_T_cell","IRX4","lm",1200,68,NA,0.682650749140417,NA,"cv_r2",NA,NA,NA,NA,NA,"cz_hnscc_hpv"
"CD8_minus_positive_comma_alpha_minus_beta_T_cell","IRX4","ridge",1200,68,NA,0.687924843017235,NA,"cv_r2",NA,NA,NA,NA,NA,"cz_hnscc_hpv"
"CD8_minus_positive_comma_alpha_minus_beta_T_cell","IRX4","spearman",1200,68,NA,0.178899916767564,NA,"cv_r2",NA,NA,NA,NA,NA,"cz_hnscc_hpv"
"CD8_minus_positive_comma_alpha_minus_beta_T_cell","LHX2","rf",1200,68,0.449469454302643,0.442118316880812,NA,"oob_r2",-0.038083411066717,0.0196078431372549,TRUE,0.860319883956178,0.683597883597884,"cz_hnscc_hpv"
"CD8_minus_positive_comma_alpha_minus_beta_T_cell","LHX2","lm",1200,68,NA,0.416010132603648,NA,"cv_r2",NA,NA,NA,NA,NA,"cz_hnscc_hpv"
"CD8_minus_positive_comma_alpha_minus_beta_T_cell","LHX2","ridge",1200,68,NA,0.417059377189653,NA,"cv_r2",NA,NA,NA,NA,NA,"cz_hnscc_hpv"
"CD8_minus_positive_comma_alpha_minus_beta_T_cell","LHX2","spearman",1200,68,NA,0.146484834655811,NA,"cv_r2",NA,NA,NA,NA,NA,"cz_hnscc_hpv"
"CD8_minus_positive_comma_alpha_minus_beta_T_cell","BCL11A","rf",1200,68,0.601248641385699,0.579109505234937,NA,"oob_r2",-0.0430292016856531,0.0196078431372549,TRUE,0.913147815907674,0.736507936507936,"cz_hnscc_hpv"
"CD8_minus_positive_comma_alpha_minus_beta_T_cell","BCL11A","lm",1200,68,NA,0.504450045814936,NA,"cv_r2",NA,NA,NA,NA,NA,"cz_hnscc_hpv"
"CD8_minus_positive_comma_alpha_minus_beta_T_cell","BCL11A","ridge",1200,68,NA,0.508338432408274,NA,"cv_r2",NA,NA,NA,NA,NA,"cz_hnscc_hpv"
"CD8_minus_positive_comma_alpha_minus_beta_T_cell","BCL11A","spearman",1200,68,NA,0.168111955957743,NA,"cv_r2",NA,NA,NA,NA,NA,"cz_hnscc_hpv"
"CD8_minus_positive_comma_alpha_minus_beta_T_cell","SOX18","rf",1200,68,0.509632797088751,0.507025189913986,NA,"oob_r2",-0.0446587591906104,0.0196078431372549,TRUE,0.894087109210978,0.881481481481482,"cz_hnscc_hpv"
"CD8_minus_positive_comma_alpha_minus_beta_T_cell","SOX18","lm",1200,68,NA,0.472194593225474,NA,"cv_r2",NA,NA,NA,NA,NA,"cz_hnscc_hpv"
"CD8_minus_positive_comma_alpha_minus_beta_T_cell","SOX18","ridge",1200,68,NA,0.478562636915283,NA,"cv_r2",NA,NA,NA,NA,NA,"cz_hnscc_hpv"
"CD8_minus_positive_comma_alpha_minus_beta_T_cell","SOX18","spearman",1200,68,NA,0.120309807723772,NA,"cv_r2",NA,NA,NA,NA,NA,"cz_hnscc_hpv"
"CD8_minus_positive_comma_alpha_minus_beta_T_cell","RBPJ","rf",1200,68,0.698391580807104,0.693559308674051,NA,"oob_r2",-0.0657224400758451,0.0196078431372549,TRUE,0.886254151238691,0.77037037037037,"cz_hnscc_hpv"
"CD8_minus_positive_comma_alpha_minus_beta_T_cell","RBPJ","lm",1200,68,NA,0.675181989149411,NA,"cv_r2",NA,NA,NA,NA,NA,"cz_hnscc_hpv"
"CD8_minus_positive_comma_alpha_minus_beta_T_cell","RBPJ","ridge",1200,68,NA,0.677301069122828,NA,"cv_r2",NA,NA,NA,NA,NA,"cz_hnscc_hpv"
"CD8_minus_positive_comma_alpha_minus_beta_T_cell","RBPJ","spearman",1200,68,NA,0.155135029541731,NA,"cv_r2",NA,NA,NA,NA,NA,"cz_hnscc_hpv"
"CD8_minus_positive_comma_alpha_minus_beta_T_cell","NFIL3","rf",1200,68,0.390689500737218,0.380689756309313,NA,"oob_r2",-0.0389629017351205,0.0196078431372549,TRUE,0.889149308869124,0.774603174603175,"cz_hnscc_hpv"
"CD8_minus_positive_comma_alpha_minus_beta_T_cell","NFIL3","lm",1200,68,NA,0.287028853598578,NA,"cv_r2",NA,NA,NA,NA,NA,"cz_hnscc_hpv"
"CD8_minus_positive_comma_alpha_minus_beta_T_cell","NFIL3","ridge",1200,68,NA,0.292617484822487,NA,"cv_r2",NA,NA,NA,NA,NA,"cz_hnscc_hpv"
"CD8_minus_positive_comma_alpha_minus_beta_T_cell","NFIL3","spearman",1200,68,NA,0.0717804032456486,NA,"cv_r2",NA,NA,NA,NA,NA,"cz_hnscc_hpv"
"CD8_minus_positive_comma_alpha_minus_beta_T_cell","IRF7","rf",1200,68,0.605999710076258,0.548374096628331,NA,"oob_r2",-0.0937651120789525,0.0196078431372549,TRUE,0.79626844464803,0.548412698412698,"cz_hnscc_hpv"
"CD8_minus_positive_comma_alpha_minus_beta_T_cell","IRF7","lm",1200,68,NA,0.259989354973477,NA,"cv_r2",NA,NA,NA,NA,NA,"cz_hnscc_hpv"
"CD8_minus_positive_comma_alpha_minus_beta_T_cell","IRF7","ridge",1200,68,NA,0.260781993023836,NA,"cv_r2",NA,NA,NA,NA,NA,"cz_hnscc_hpv"
"CD8_minus_positive_comma_alpha_minus_beta_T_cell","IRF7","spearman",1200,68,NA,0.0511088124448517,NA,"cv_r2",NA,NA,NA,NA,NA,"cz_hnscc_hpv"
"CD8_minus_positive_comma_alpha_minus_beta_T_cell","KLF7","rf",1200,68,0.36742748648148,0.372473886910686,NA,"oob_r2",-0.0499334039061712,0.0196078431372549,TRUE,0.876387881564047,0.655026455026455,"cz_hnscc_hpv"
"CD8_minus_positive_comma_alpha_minus_beta_T_cell","KLF7","lm",1200,68,NA,0.297650917128031,NA,"cv_r2",NA,NA,NA,NA,NA,"cz_hnscc_hpv"
"CD8_minus_positive_comma_alpha_minus_beta_T_cell","KLF7","ridge",1200,68,NA,0.299644466531034,NA,"cv_r2",NA,NA,NA,NA,NA,"cz_hnscc_hpv"
"CD8_minus_positive_comma_alpha_minus_beta_T_cell","KLF7","spearman",1200,68,NA,0.00997946035141595,NA,"cv_r2",NA,NA,NA,NA,NA,"cz_hnscc_hpv"
"CD8_minus_positive_comma_alpha_minus_beta_T_cell","ZNF691","rf",1200,68,0.480687021531485,0.463852896482934,NA,"oob_r2",-0.0505754187154267,0.0196078431372549,TRUE,0.87294219439885,0.641269841269841,"cz_hnscc_hpv"
"CD8_minus_positive_comma_alpha_minus_beta_T_cell","ZNF691","lm",1200,68,NA,0.324166426332461,NA,"cv_r2",NA,NA,NA,NA,NA,"cz_hnscc_hpv"
"CD8_minus_positive_comma_alpha_minus_beta_T_cell","ZNF691","ridge",1200,68,NA,0.345541236871432,NA,"cv_r2",NA,NA,NA,NA,NA,"cz_hnscc_hpv"
"CD8_minus_positive_comma_alpha_minus_beta_T_cell","ZNF691","spearman",1200,68,NA,0.107399485867947,NA,"cv_r2",NA,NA,NA,NA,NA,"cz_hnscc_hpv"
"CD8_minus_positive_comma_alpha_minus_beta_T_cell","ZNF331","rf",1200,68,0.629027059273227,0.630227059752015,NA,"oob_r2",-0.0460687141609841,0.0196078431372549,TRUE,0.8498903606435,0.844444444444444,"cz_hnscc_hpv"
"CD8_minus_positive_comma_alpha_minus_beta_T_cell","ZNF331","lm",1200,68,NA,0.626871206232592,NA,"cv_r2",NA,NA,NA,NA,NA,"cz_hnscc_hpv"
"CD8_minus_positive_comma_alpha_minus_beta_T_cell","ZNF331","ridge",1200,68,NA,0.631794708138285,NA,"cv_r2",NA,NA,NA,NA,NA,"cz_hnscc_hpv"
"CD8_minus_positive_comma_alpha_minus_beta_T_cell","ZNF331","spearman",1200,68,NA,0.3077155187096,NA,"cv_r2",NA,NA,NA,NA,NA,"cz_hnscc_hpv"
"CD8_minus_positive_comma_alpha_minus_beta_T_cell","ASCL1","rf",1200,68,0.52505997637294,0.527417824178954,NA,"oob_r2",-0.0504864361728623,0.0196078431372549,TRUE,0.896279896340972,0.663492063492063,"cz_hnscc_hpv"
"CD8_minus_positive_comma_alpha_minus_beta_T_cell","ASCL1","lm",1200,68,NA,0.453995819441075,NA,"cv_r2",NA,NA,NA,NA,NA,"cz_hnscc_hpv"
"CD8_minus_positive_comma_alpha_minus_beta_T_cell","ASCL1","ridge",1200,68,NA,0.477708048201142,NA,"cv_r2",NA,NA,NA,NA,NA,"cz_hnscc_hpv"
"CD8_minus_positive_comma_alpha_minus_beta_T_cell","ASCL1","spearman",1200,68,NA,0.167578317494923,NA,"cv_r2",NA,NA,NA,NA,NA,"cz_hnscc_hpv"
"CD8_minus_positive_comma_alpha_minus_beta_T_cell","MYBL2","rf",1200,68,0.69762095344926,0.68151374638958,NA,"oob_r2",-0.068978394006296,0.0196078431372549,TRUE,0.867470829993256,0.933333333333333,"cz_hnscc_hpv"
"CD8_minus_positive_comma_alpha_minus_beta_T_cell","MYBL2","lm",1200,68,NA,0.634041856181358,NA,"cv_r2",NA,NA,NA,NA,NA,"cz_hnscc_hpv"
"CD8_minus_positive_comma_alpha_minus_beta_T_cell","MYBL2","ridge",1200,68,NA,0.641321901643469,NA,"cv_r2",NA,NA,NA,NA,NA,"cz_hnscc_hpv"
"CD8_minus_positive_comma_alpha_minus_beta_T_cell","MYBL2","spearman",1200,68,NA,0.343616084803789,NA,"cv_r2",NA,NA,NA,NA,NA,"cz_hnscc_hpv"
"CD8_minus_positive_comma_alpha_minus_beta_T_cell","BCL11B","rf",1200,68,0.605826974382123,0.597214270893083,NA,"oob_r2",-0.0426148855986672,0.0196078431372549,TRUE,0.891376026941168,0.734391534391534,"cz_hnscc_hpv"
"CD8_minus_positive_comma_alpha_minus_beta_T_cell","BCL11B","lm",1200,68,NA,0.515684101201153,NA,"cv_r2",NA,NA,NA,NA,NA,"cz_hnscc_hpv"
"CD8_minus_positive_comma_alpha_minus_beta_T_cell","BCL11B","ridge",1200,68,NA,0.523911556517426,NA,"cv_r2",NA,NA,NA,NA,NA,"cz_hnscc_hpv"
"CD8_minus_positive_comma_alpha_minus_beta_T_cell","BCL11B","spearman",1200,68,NA,0.186755919076806,NA,"cv_r2",NA,NA,NA,NA,NA,"cz_hnscc_hpv"
"CD8_minus_positive_comma_alpha_minus_beta_T_cell","SOX2","rf",1200,68,0.605438982053924,0.602646392236198,NA,"oob_r2",-0.0465074876882674,0.0196078431372549,TRUE,0.876882425044428,0.933333333333333,"cz_hnscc_hpv"
"CD8_minus_positive_comma_alpha_minus_beta_T_cell","SOX2","lm",1200,68,NA,0.591975488215863,NA,"cv_r2",NA,NA,NA,NA,NA,"cz_hnscc_hpv"
"CD8_minus_positive_comma_alpha_minus_beta_T_cell","SOX2","ridge",1200,68,NA,0.599092060481523,NA,"cv_r2",NA,NA,NA,NA,NA,"cz_hnscc_hpv"
"CD8_minus_positive_comma_alpha_minus_beta_T_cell","SOX2","spearman",1200,68,NA,0.256450232253349,NA,"cv_r2",NA,NA,NA,NA,NA,"cz_hnscc_hpv"
"CD8_minus_positive_comma_alpha_minus_beta_T_cell","IKZF2","rf",1200,68,0.626195774702824,0.6308778966451,NA,"oob_r2",-0.0356485982802154,0.0196078431372549,TRUE,0.883437883048525,1,"cz_hnscc_hpv"
"CD8_minus_positive_comma_alpha_minus_beta_T_cell","IKZF2","lm",1200,68,NA,0.623611585305445,NA,"cv_r2",NA,NA,NA,NA,NA,"cz_hnscc_hpv"
"CD8_minus_positive_comma_alpha_minus_beta_T_cell","IKZF2","ridge",1200,68,NA,0.629593230721663,NA,"cv_r2",NA,NA,NA,NA,NA,"cz_hnscc_hpv"
"CD8_minus_positive_comma_alpha_minus_beta_T_cell","IKZF2","spearman",1200,68,NA,0.284107839924741,NA,"cv_r2",NA,NA,NA,NA,NA,"cz_hnscc_hpv"
"CD8_minus_positive_comma_alpha_minus_beta_T_cell","SCX","rf",1200,68,0.672439959905694,0.663932432636197,NA,"oob_r2",-0.0628913285363642,0.0196078431372549,TRUE,0.859341824551581,0.622486772486772,"cz_hnscc_hpv"
"CD8_minus_positive_comma_alpha_minus_beta_T_cell","SCX","lm",1200,68,NA,0.640264532314982,NA,"cv_r2",NA,NA,NA,NA,NA,"cz_hnscc_hpv"
"CD8_minus_positive_comma_alpha_minus_beta_T_cell","SCX","ridge",1200,68,NA,0.647348180183676,NA,"cv_r2",NA,NA,NA,NA,NA,"cz_hnscc_hpv"
"CD8_minus_positive_comma_alpha_minus_beta_T_cell","SCX","spearman",1200,68,NA,0.289140537468491,NA,"cv_r2",NA,NA,NA,NA,NA,"cz_hnscc_hpv"
"CD8_minus_positive_comma_alpha_minus_beta_T_cell","IRF4","rf",1200,68,0.604830927951469,0.595705259644992,NA,"oob_r2",-0.0418629442811967,0.0196078431372549,TRUE,0.829100024175796,0.755555555555556,"cz_hnscc_hpv"
"CD8_minus_positive_comma_alpha_minus_beta_T_cell","IRF4","lm",1200,68,NA,0.58159897199721,NA,"cv_r2",NA,NA,NA,NA,NA,"cz_hnscc_hpv"
"CD8_minus_positive_comma_alpha_minus_beta_T_cell","IRF4","ridge",1200,68,NA,0.587955355904281,NA,"cv_r2",NA,NA,NA,NA,NA,"cz_hnscc_hpv"
"CD8_minus_positive_comma_alpha_minus_beta_T_cell","IRF4","spearman",1200,68,NA,0.291311590078551,NA,"cv_r2",NA,NA,NA,NA,NA,"cz_hnscc_hpv"
"CD8_minus_positive_comma_alpha_minus_beta_T_cell","SOX21","rf",1200,68,0.656493131784998,0.647122872482913,NA,"oob_r2",-0.0429139681536991,0.0196078431372549,TRUE,0.880422270573815,1,"cz_hnscc_hpv"
"CD8_minus_positive_comma_alpha_minus_beta_T_cell","SOX21","lm",1200,68,NA,0.622143237306665,NA,"cv_r2",NA,NA,NA,NA,NA,"cz_hnscc_hpv"
"CD8_minus_positive_comma_alpha_minus_beta_T_cell","SOX21","ridge",1200,68,NA,0.62620519009443,NA,"cv_r2",NA,NA,NA,NA,NA,"cz_hnscc_hpv"
"CD8_minus_positive_comma_alpha_minus_beta_T_cell","SOX21","spearman",1200,68,NA,0.324070556485046,NA,"cv_r2",NA,NA,NA,NA,NA,"cz_hnscc_hpv"
"CD8_minus_positive_comma_alpha_minus_beta_T_cell","FOSL2","rf",1200,68,0.666974452449298,0.658900456498645,NA,"oob_r2",-0.0496252073162686,0.0196078431372549,TRUE,0.881340950829823,0.881481481481481,"cz_hnscc_hpv"
"CD8_minus_positive_comma_alpha_minus_beta_T_cell","FOSL2","lm",1200,68,NA,0.6420713712263,NA,"cv_r2",NA,NA,NA,NA,NA,"cz_hnscc_hpv"
"CD8_minus_positive_comma_alpha_minus_beta_T_cell","FOSL2","ridge",1200,68,NA,0.64469315579306,NA,"cv_r2",NA,NA,NA,NA,NA,"cz_hnscc_hpv"
"CD8_minus_positive_comma_alpha_minus_beta_T_cell","FOSL2","spearman",1200,68,NA,0.321592001449198,NA,"cv_r2",NA,NA,NA,NA,NA,"cz_hnscc_hpv"
"CD8_minus_positive_comma_alpha_minus_beta_T_cell","FOXB1","rf",1200,68,0.605587380971117,0.597506701603119,NA,"oob_r2",-0.0452293229808,0.0196078431372549,TRUE,0.9059324010807,0.822222222222222,"cz_hnscc_hpv"
"CD8_minus_positive_comma_alpha_minus_beta_T_cell","FOXB1","lm",1200,68,NA,0.599750764455356,NA,"cv_r2",NA,NA,NA,NA,NA,"cz_hnscc_hpv"
"CD8_minus_positive_comma_alpha_minus_beta_T_cell","FOXB1","ridge",1200,68,NA,0.605780459631482,NA,"cv_r2",NA,NA,NA,NA,NA,"cz_hnscc_hpv"
"CD8_minus_positive_comma_alpha_minus_beta_T_cell","FOXB1","spearman",1200,68,NA,0.161077173192825,NA,"cv_r2",NA,NA,NA,NA,NA,"cz_hnscc_hpv"
"CD8_minus_positive_comma_alpha_minus_beta_T_cell","IRF8","rf",1200,68,0.643429427312851,0.640042256425479,NA,"oob_r2",-0.0513208369138548,0.0196078431372549,TRUE,0.909341612483193,0.71957671957672,"cz_hnscc_hpv"
"CD8_minus_positive_comma_alpha_minus_beta_T_cell","IRF8","lm",1200,68,NA,0.598279938886501,NA,"cv_r2",NA,NA,NA,NA,NA,"cz_hnscc_hpv"
"CD8_minus_positive_comma_alpha_minus_beta_T_cell","IRF8","ridge",1200,68,NA,0.601540548836484,NA,"cv_r2",NA,NA,NA,NA,NA,"cz_hnscc_hpv"
"CD8_minus_positive_comma_alpha_minus_beta_T_cell","IRF8","spearman",1200,68,NA,0.2015530177404,NA,"cv_r2",NA,NA,NA,NA,NA,"cz_hnscc_hpv"
"CD8_minus_positive_comma_alpha_minus_beta_T_cell","NR4A1","rf",1200,68,0.696014649820569,0.679119917832854,NA,"oob_r2",-0.0552358318025936,0.0196078431372549,TRUE,0.871080233953845,0.736507936507936,"cz_hnscc_hpv"
"CD8_minus_positive_comma_alpha_minus_beta_T_cell","NR4A1","lm",1200,68,NA,0.665305455566505,NA,"cv_r2",NA,NA,NA,NA,NA,"cz_hnscc_hpv"
"CD8_minus_positive_comma_alpha_minus_beta_T_cell","NR4A1","ridge",1200,68,NA,0.66796624239377,NA,"cv_r2",NA,NA,NA,NA,NA,"cz_hnscc_hpv"
"CD8_minus_positive_comma_alpha_minus_beta_T_cell","NR4A1","spearman",1200,68,NA,0.293206134624253,NA,"cv_r2",NA,NA,NA,NA,NA,"cz_hnscc_hpv"
"CD8_minus_positive_comma_alpha_minus_beta_T_cell","MSC","rf",1200,68,0.572478280167599,0.565837163150192,NA,"oob_r2",-0.0475337971773348,0.0196078431372549,TRUE,0.893491621177997,1,"cz_hnscc_hpv"
"CD8_minus_positive_comma_alpha_minus_beta_T_cell","MSC","lm",1200,68,NA,0.5313022005874,NA,"cv_r2",NA,NA,NA,NA,NA,"cz_hnscc_hpv"
"CD8_minus_positive_comma_alpha_minus_beta_T_cell","MSC","ridge",1200,68,NA,0.542559885922782,NA,"cv_r2",NA,NA,NA,NA,NA,"cz_hnscc_hpv"
"CD8_minus_positive_comma_alpha_minus_beta_T_cell","MSC","spearman",1200,68,NA,0.205496199776822,NA,"cv_r2",NA,NA,NA,NA,NA,"cz_hnscc_hpv"
"CD8_minus_positive_comma_alpha_minus_beta_T_cell","JUNB","rf",1200,68,0.644454843335875,0.651459464362872,NA,"oob_r2",-0.0489648305802751,0.0196078431372549,TRUE,0.87173934250317,0.881481481481481,"cz_hnscc_hpv"
"CD8_minus_positive_comma_alpha_minus_beta_T_cell","JUNB","lm",1200,68,NA,0.623681526052716,NA,"cv_r2",NA,NA,NA,NA,NA,"cz_hnscc_hpv"
"CD8_minus_positive_comma_alpha_minus_beta_T_cell","JUNB","ridge",1200,68,NA,0.624587031780889,NA,"cv_r2",NA,NA,NA,NA,NA,"cz_hnscc_hpv"
"CD8_minus_positive_comma_alpha_minus_beta_T_cell","JUNB","spearman",1200,68,NA,0.222389773251356,NA,"cv_r2",NA,NA,NA,NA,NA,"cz_hnscc_hpv"
"CD8_minus_positive_comma_alpha_minus_beta_T_cell","HIF1A","rf",1200,68,0.677454728298152,0.671260437235169,NA,"oob_r2",-0.0550197370451676,0.0196078431372549,TRUE,0.876709377239972,0.874074074074074,"cz_hnscc_hpv"
"CD8_minus_positive_comma_alpha_minus_beta_T_cell","HIF1A","lm",1200,68,NA,0.645387033436758,NA,"cv_r2",NA,NA,NA,NA,NA,"cz_hnscc_hpv"
"CD8_minus_positive_comma_alpha_minus_beta_T_cell","HIF1A","ridge",1200,68,NA,0.651652932836231,NA,"cv_r2",NA,NA,NA,NA,NA,"cz_hnscc_hpv"
"CD8_minus_positive_comma_alpha_minus_beta_T_cell","HIF1A","spearman",1200,68,NA,0.381465228000159,NA,"cv_r2",NA,NA,NA,NA,NA,"cz_hnscc_hpv"
"CD8_minus_positive_comma_alpha_minus_beta_T_cell","SP100","rf",1200,68,0.499597229525001,0.489217760952656,NA,"oob_r2",-0.0404267636807969,0.0196078431372549,TRUE,0.867755849906478,1,"cz_hnscc_hpv"
"CD8_minus_positive_comma_alpha_minus_beta_T_cell","SP100","lm",1200,68,NA,0.439578585425037,NA,"cv_r2",NA,NA,NA,NA,NA,"cz_hnscc_hpv"
"CD8_minus_positive_comma_alpha_minus_beta_T_cell","SP100","ridge",1200,68,NA,0.456449512066141,NA,"cv_r2",NA,NA,NA,NA,NA,"cz_hnscc_hpv"
"CD8_minus_positive_comma_alpha_minus_beta_T_cell","SP100","spearman",1200,68,NA,0.160500347042168,NA,"cv_r2",NA,NA,NA,NA,NA,"cz_hnscc_hpv"
"CD8_minus_positive_comma_alpha_minus_beta_T_cell","NR4A3","rf",1200,68,0.656517534865994,0.64571602636492,NA,"oob_r2",-0.052163174321827,0.0196078431372549,TRUE,0.911900005513778,0.874074074074074,"cz_hnscc_hpv"
"CD8_minus_positive_comma_alpha_minus_beta_T_cell","NR4A3","lm",1200,68,NA,0.616493289290585,NA,"cv_r2",NA,NA,NA,NA,NA,"cz_hnscc_hpv"
"CD8_minus_positive_comma_alpha_minus_beta_T_cell","NR4A3","ridge",1200,68,NA,0.617891002486005,NA,"cv_r2",NA,NA,NA,NA,NA,"cz_hnscc_hpv"
"CD8_minus_positive_comma_alpha_minus_beta_T_cell","NR4A3","spearman",1200,68,NA,0.156707110178776,NA,"cv_r2",NA,NA,NA,NA,NA,"cz_hnscc_hpv"
"CD8_minus_positive_comma_alpha_minus_beta_T_cell","NPAS2","rf",1200,68,0.653365588052992,0.638659191138232,NA,"oob_r2",-0.0519381392479655,0.0196078431372549,TRUE,0.892618747693756,0.645502645502645,"cz_hnscc_hpv"
"CD8_minus_positive_comma_alpha_minus_beta_T_cell","NPAS2","lm",1200,68,NA,0.623050937750107,NA,"cv_r2",NA,NA,NA,NA,NA,"cz_hnscc_hpv"
"CD8_minus_positive_comma_alpha_minus_beta_T_cell","NPAS2","ridge",1200,68,NA,0.621666001059084,NA,"cv_r2",NA,NA,NA,NA,NA,"cz_hnscc_hpv"
"CD8_minus_positive_comma_alpha_minus_beta_T_cell","NPAS2","spearman",1200,68,NA,0.141893478013774,NA,"cv_r2",NA,NA,NA,NA,NA,"cz_hnscc_hpv"
"CD8_minus_positive_comma_alpha_minus_beta_T_cell","TFDP2","rf",1200,68,0.540403330189248,0.525798752467068,NA,"oob_r2",-0.0357804863026011,0.0196078431372549,TRUE,0.865615655736662,1,"cz_hnscc_hpv"
"CD8_minus_positive_comma_alpha_minus_beta_T_cell","TFDP2","lm",1200,68,NA,0.518287786199077,NA,"cv_r2",NA,NA,NA,NA,NA,"cz_hnscc_hpv"
"CD8_minus_positive_comma_alpha_minus_beta_T_cell","TFDP2","ridge",1200,68,NA,0.521430875999253,NA,"cv_r2",NA,NA,NA,NA,NA,"cz_hnscc_hpv"
"CD8_minus_positive_comma_alpha_minus_beta_T_cell","TFDP2","spearman",1200,68,NA,0.197394611675591,NA,"cv_r2",NA,NA,NA,NA,NA,"cz_hnscc_hpv"
"CD8_minus_positive_comma_alpha_minus_beta_T_cell","IKZF3","rf",1200,68,0.6155550675816,0.6077781155432,NA,"oob_r2",-0.0484231316234391,0.0196078431372549,TRUE,0.875602380255585,0.670899470899471,"cz_hnscc_hpv"
"CD8_minus_positive_comma_alpha_minus_beta_T_cell","IKZF3","lm",1200,68,NA,0.572523386760742,NA,"cv_r2",NA,NA,NA,NA,NA,"cz_hnscc_hpv"
"CD8_minus_positive_comma_alpha_minus_beta_T_cell","IKZF3","ridge",1200,68,NA,0.589205414051449,NA,"cv_r2",NA,NA,NA,NA,NA,"cz_hnscc_hpv"
"CD8_minus_positive_comma_alpha_minus_beta_T_cell","IKZF3","spearman",1200,68,NA,0.17577898620619,NA,"cv_r2",NA,NA,NA,NA,NA,"cz_hnscc_hpv"
"CD8_minus_positive_comma_alpha_minus_beta_T_cell","RUNX3","rf",1200,68,0.676458491378787,0.662509839762761,NA,"oob_r2",-0.0454981082172688,0.0196078431372549,TRUE,0.869395562681053,0.874074074074074,"cz_hnscc_hpv"
"CD8_minus_positive_comma_alpha_minus_beta_T_cell","RUNX3","lm",1200,68,NA,0.657707227428016,NA,"cv_r2",NA,NA,NA,NA,NA,"cz_hnscc_hpv"
"CD8_minus_positive_comma_alpha_minus_beta_T_cell","RUNX3","ridge",1200,68,NA,0.663029881036483,NA,"cv_r2",NA,NA,NA,NA,NA,"cz_hnscc_hpv"
"CD8_minus_positive_comma_alpha_minus_beta_T_cell","RUNX3","spearman",1200,68,NA,0.330026210977829,NA,"cv_r2",NA,NA,NA,NA,NA,"cz_hnscc_hpv"
"CD8_minus_positive_comma_alpha_minus_beta_T_cell","NR4A2","rf",1200,68,0.621525645538613,0.627146988640828,NA,"oob_r2",-0.0447892755162125,0.0196078431372549,TRUE,0.871714742570184,0.82962962962963,"cz_hnscc_hpv"
"CD8_minus_positive_comma_alpha_minus_beta_T_cell","NR4A2","lm",1200,68,NA,0.64001340504802,NA,"cv_r2",NA,NA,NA,NA,NA,"cz_hnscc_hpv"
"CD8_minus_positive_comma_alpha_minus_beta_T_cell","NR4A2","ridge",1200,68,NA,0.64355670420879,NA,"cv_r2",NA,NA,NA,NA,NA,"cz_hnscc_hpv"
"CD8_minus_positive_comma_alpha_minus_beta_T_cell","NR4A2","spearman",1200,68,NA,0.297135279143775,NA,"cv_r2",NA,NA,NA,NA,NA,"cz_hnscc_hpv"
"CD8_minus_positive_comma_alpha_minus_beta_T_cell","STAT2","rf",1200,68,0.57680054459926,0.54794164153497,NA,"oob_r2",-0.0874308294981588,0.0196078431372549,TRUE,0.825536426986975,0.755555555555556,"cz_hnscc_hpv"
"CD8_minus_positive_comma_alpha_minus_beta_T_cell","STAT2","lm",1200,68,NA,0.330744263505388,NA,"cv_r2",NA,NA,NA,NA,NA,"cz_hnscc_hpv"
"CD8_minus_positive_comma_alpha_minus_beta_T_cell","STAT2","ridge",1200,68,NA,0.336920686400136,NA,"cv_r2",NA,NA,NA,NA,NA,"cz_hnscc_hpv"
"CD8_minus_positive_comma_alpha_minus_beta_T_cell","STAT2","spearman",1200,68,NA,0.12000686812954,NA,"cv_r2",NA,NA,NA,NA,NA,"cz_hnscc_hpv"
"CD8_minus_positive_comma_alpha_minus_beta_T_cell","NR3C1","rf",1200,68,0.641435486868275,0.631739602307667,NA,"oob_r2",-0.0487247782386197,0.0196078431372549,TRUE,0.846642321215746,0.714285714285714,"cz_hnscc_hpv"
"CD8_minus_positive_comma_alpha_minus_beta_T_cell","NR3C1","lm",1200,68,NA,0.598269447808895,NA,"cv_r2",NA,NA,NA,NA,NA,"cz_hnscc_hpv"
"CD8_minus_positive_comma_alpha_minus_beta_T_cell","NR3C1","ridge",1200,68,NA,0.606525523103035,NA,"cv_r2",NA,NA,NA,NA,NA,"cz_hnscc_hpv"
"CD8_minus_positive_comma_alpha_minus_beta_T_cell","NR3C1","spearman",1200,68,NA,0.324907243339307,NA,"cv_r2",NA,NA,NA,NA,NA,"cz_hnscc_hpv"
"CD8_minus_positive_comma_alpha_minus_beta_T_cell","ID2","rf",1200,68,0.678324747320498,0.680356091070766,NA,"oob_r2",-0.0490205317886682,0.0196078431372549,TRUE,0.862124161799697,1,"cz_hnscc_hpv"
"CD8_minus_positive_comma_alpha_minus_beta_T_cell","ID2","lm",1200,68,NA,0.680773007143965,NA,"cv_r2",NA,NA,NA,NA,NA,"cz_hnscc_hpv"
"CD8_minus_positive_comma_alpha_minus_beta_T_cell","ID2","ridge",1200,68,NA,0.6827861160673,NA,"cv_r2",NA,NA,NA,NA,NA,"cz_hnscc_hpv"
"CD8_minus_positive_comma_alpha_minus_beta_T_cell","ID2","spearman",1200,68,NA,0.421800997113549,NA,"cv_r2",NA,NA,NA,NA,NA,"cz_hnscc_hpv"
"CD8_minus_positive_comma_alpha_minus_beta_T_cell","IKZF4","rf",1200,68,0.607942145409676,0.586751897343758,NA,"oob_r2",-0.0478387374794478,0.0196078431372549,TRUE,0.865678427979455,0.587037037037037,"cz_hnscc_hpv"
"CD8_minus_positive_comma_alpha_minus_beta_T_cell","IKZF4","lm",1200,68,NA,0.507515126609059,NA,"cv_r2",NA,NA,NA,NA,NA,"cz_hnscc_hpv"
"CD8_minus_positive_comma_alpha_minus_beta_T_cell","IKZF4","ridge",1200,68,NA,0.519424624427184,NA,"cv_r2",NA,NA,NA,NA,NA,"cz_hnscc_hpv"
"CD8_minus_positive_comma_alpha_minus_beta_T_cell","IKZF4","spearman",1200,68,NA,0.164737424683657,NA,"cv_r2",NA,NA,NA,NA,NA,"cz_hnscc_hpv"
"CD8_minus_positive_comma_alpha_minus_beta_T_cell","CREB3L1","rf",1200,68,0.663995594193551,0.664555251979694,NA,"oob_r2",-0.0593721042278732,0.0196078431372549,TRUE,0.878673978784678,0.881481481481481,"cz_hnscc_hpv"
"CD8_minus_positive_comma_alpha_minus_beta_T_cell","CREB3L1","lm",1200,68,NA,0.636035761078783,NA,"cv_r2",NA,NA,NA,NA,NA,"cz_hnscc_hpv"
"CD8_minus_positive_comma_alpha_minus_beta_T_cell","CREB3L1","ridge",1200,68,NA,0.64169808419713,NA,"cv_r2",NA,NA,NA,NA,NA,"cz_hnscc_hpv"
"CD8_minus_positive_comma_alpha_minus_beta_T_cell","CREB3L1","spearman",1200,68,NA,0.399143807375951,NA,"cv_r2",NA,NA,NA,NA,NA,"cz_hnscc_hpv"
"CD8_minus_positive_comma_alpha_minus_beta_T_cell","TWIST1","rf",1200,68,0.721948408755641,0.718681804646115,NA,"oob_r2",-0.0575417981066888,0.0196078431372549,TRUE,0.878464455217518,0.8,"cz_hnscc_hpv"
"CD8_minus_positive_comma_alpha_minus_beta_T_cell","TWIST1","lm",1200,68,NA,0.721531978995633,NA,"cv_r2",NA,NA,NA,NA,NA,"cz_hnscc_hpv"
"CD8_minus_positive_comma_alpha_minus_beta_T_cell","TWIST1","ridge",1200,68,NA,0.725185428247665,NA,"cv_r2",NA,NA,NA,NA,NA,"cz_hnscc_hpv"
"CD8_minus_positive_comma_alpha_minus_beta_T_cell","TWIST1","spearman",1200,68,NA,0.331381625153505,NA,"cv_r2",NA,NA,NA,NA,NA,"cz_hnscc_hpv"
"CD8_minus_positive_comma_alpha_minus_beta_T_cell","FOXP1","rf",1200,68,0.742329876438469,0.73507655318014,NA,"oob_r2",-0.0517545545874157,0.0196078431372549,TRUE,0.903922841037778,0.874074074074074,"cz_hnscc_hpv"
"CD8_minus_positive_comma_alpha_minus_beta_T_cell","FOXP1","lm",1200,68,NA,0.742044316734759,NA,"cv_r2",NA,NA,NA,NA,NA,"cz_hnscc_hpv"
"CD8_minus_positive_comma_alpha_minus_beta_T_cell","FOXP1","ridge",1200,68,NA,0.745022682110823,NA,"cv_r2",NA,NA,NA,NA,NA,"cz_hnscc_hpv"
"CD8_minus_positive_comma_alpha_minus_beta_T_cell","FOXP1","spearman",1200,68,NA,0.263389543677393,NA,"cv_r2",NA,NA,NA,NA,NA,"cz_hnscc_hpv"
"CD8_minus_positive_comma_alpha_minus_beta_T_cell","ZNF683","rf",1200,68,0.641684957315841,0.626074183697339,NA,"oob_r2",-0.0455033769476739,0.0196078431372549,TRUE,0.892336272601188,0.73015873015873,"cz_hnscc_hpv"
"CD8_minus_positive_comma_alpha_minus_beta_T_cell","ZNF683","lm",1200,68,NA,0.583950752556408,NA,"cv_r2",NA,NA,NA,NA,NA,"cz_hnscc_hpv"
"CD8_minus_positive_comma_alpha_minus_beta_T_cell","ZNF683","ridge",1200,68,NA,0.591339586836088,NA,"cv_r2",NA,NA,NA,NA,NA,"cz_hnscc_hpv"
"CD8_minus_positive_comma_alpha_minus_beta_T_cell","ZNF683","spearman",1200,68,NA,0.294251125140043,NA,"cv_r2",NA,NA,NA,NA,NA,"cz_hnscc_hpv"
"CD8_minus_positive_comma_alpha_minus_beta_T_cell","ENO1","rf",1200,68,0.682702255653948,0.67961599129452,NA,"oob_r2",-0.0445653483747985,0.0196078431372549,TRUE,0.851074550521052,0.933333333333333,"cz_hnscc_hpv"
"CD8_minus_positive_comma_alpha_minus_beta_T_cell","ENO1","lm",1200,68,NA,0.673465871448356,NA,"cv_r2",NA,NA,NA,NA,NA,"cz_hnscc_hpv"
"CD8_minus_positive_comma_alpha_minus_beta_T_cell","ENO1","ridge",1200,68,NA,0.677307244309685,NA,"cv_r2",NA,NA,NA,NA,NA,"cz_hnscc_hpv"
"CD8_minus_positive_comma_alpha_minus_beta_T_cell","ENO1","spearman",1200,68,NA,0.367927079051259,NA,"cv_r2",NA,NA,NA,NA,NA,"cz_hnscc_hpv"
"CD8_minus_positive_comma_alpha_minus_beta_T_cell","FOXC1","rf",1200,68,0.681275088907641,0.679440550776373,NA,"oob_r2",-0.0559486405982186,0.0196078431372549,TRUE,0.904747362929597,0.769312169312169,"cz_hnscc_hpv"
"CD8_minus_positive_comma_alpha_minus_beta_T_cell","FOXC1","lm",1200,68,NA,0.661204467783817,NA,"cv_r2",NA,NA,NA,NA,NA,"cz_hnscc_hpv"
"CD8_minus_positive_comma_alpha_minus_beta_T_cell","FOXC1","ridge",1200,68,NA,0.666177848035788,NA,"cv_r2",NA,NA,NA,NA,NA,"cz_hnscc_hpv"
"CD8_minus_positive_comma_alpha_minus_beta_T_cell","FOXC1","spearman",1200,68,NA,0.216482520352253,NA,"cv_r2",NA,NA,NA,NA,NA,"cz_hnscc_hpv"
"CD8_minus_positive_comma_alpha_minus_beta_T_cell","ID3","rf",1200,68,0.719858671225232,0.722635077653039,NA,"oob_r2",-0.048169585425071,0.0196078431372549,TRUE,0.876728887531651,0.844444444444444,"cz_hnscc_hpv"
"CD8_minus_positive_comma_alpha_minus_beta_T_cell","ID3","lm",1200,68,NA,0.710308495760141,NA,"cv_r2",NA,NA,NA,NA,NA,"cz_hnscc_hpv"
"CD8_minus_positive_comma_alpha_minus_beta_T_cell","ID3","ridge",1200,68,NA,0.716657444971144,NA,"cv_r2",NA,NA,NA,NA,NA,"cz_hnscc_hpv"
"CD8_minus_positive_comma_alpha_minus_beta_T_cell","ID3","spearman",1200,68,NA,0.410497729700917,NA,"cv_r2",NA,NA,NA,NA,NA,"cz_hnscc_hpv"
"CD8_minus_positive_comma_alpha_minus_beta_T_cell","BHLHE40","rf",1200,68,0.433220023888775,0.42902134807161,NA,"oob_r2",-0.0513249729038854,0.0196078431372549,TRUE,0.856142984989799,0.844444444444444,"cz_hnscc_hpv"
"CD8_minus_positive_comma_alpha_minus_beta_T_cell","BHLHE40","lm",1200,68,NA,0.358842167748548,NA,"cv_r2",NA,NA,NA,NA,NA,"cz_hnscc_hpv"
"CD8_minus_positive_comma_alpha_minus_beta_T_cell","BHLHE40","ridge",1200,68,NA,0.368324381489839,NA,"cv_r2",NA,NA,NA,NA,NA,"cz_hnscc_hpv"
"CD8_minus_positive_comma_alpha_minus_beta_T_cell","BHLHE40","spearman",1200,68,NA,0.125169809074411,NA,"cv_r2",NA,NA,NA,NA,NA,"cz_hnscc_hpv"
"CD8_minus_positive_comma_alpha_minus_beta_T_cell","GRHL2","rf",1200,68,0.599872670949171,0.598555955347467,NA,"oob_r2",-0.0443090278477437,0.0196078431372549,TRUE,0.887100728242844,0.82962962962963,"cz_hnscc_hpv"
"CD8_minus_positive_comma_alpha_minus_beta_T_cell","GRHL2","lm",1200,68,NA,0.555393050300154,NA,"cv_r2",NA,NA,NA,NA,NA,"cz_hnscc_hpv"
"CD8_minus_positive_comma_alpha_minus_beta_T_cell","GRHL2","ridge",1200,68,NA,0.565193468262473,NA,"cv_r2",NA,NA,NA,NA,NA,"cz_hnscc_hpv"
"CD8_minus_positive_comma_alpha_minus_beta_T_cell","GRHL2","spearman",1200,68,NA,0.153359348607467,NA,"cv_r2",NA,NA,NA,NA,NA,"cz_hnscc_hpv"
"CD8_minus_positive_comma_alpha_minus_beta_T_cell","MLXIPL","rf",1200,68,0.705429350524481,0.712140073225309,NA,"oob_r2",-0.047316382149065,0.0196078431372549,TRUE,0.846424314913073,0.753439153439153,"cz_hnscc_hpv"
"CD8_minus_positive_comma_alpha_minus_beta_T_cell","MLXIPL","lm",1200,68,NA,0.698661927860581,NA,"cv_r2",NA,NA,NA,NA,NA,"cz_hnscc_hpv"
"CD8_minus_positive_comma_alpha_minus_beta_T_cell","MLXIPL","ridge",1200,68,NA,0.704110284105046,NA,"cv_r2",NA,NA,NA,NA,NA,"cz_hnscc_hpv"
"CD8_minus_positive_comma_alpha_minus_beta_T_cell","MLXIPL","spearman",1200,68,NA,0.234025108940492,NA,"cv_r2",NA,NA,NA,NA,NA,"cz_hnscc_hpv"
"CD8_minus_positive_comma_alpha_minus_beta_T_cell","ZBTB7A","rf",1200,68,0.550685147208706,0.55583698117682,NA,"oob_r2",-0.038476896330995,0.0196078431372549,TRUE,0.894901451820183,1,"cz_hnscc_hpv"
"CD8_minus_positive_comma_alpha_minus_beta_T_cell","ZBTB7A","lm",1200,68,NA,0.540395043028684,NA,"cv_r2",NA,NA,NA,NA,NA,"cz_hnscc_hpv"
"CD8_minus_positive_comma_alpha_minus_beta_T_cell","ZBTB7A","ridge",1200,68,NA,0.549108400701701,NA,"cv_r2",NA,NA,NA,NA,NA,"cz_hnscc_hpv"
"CD8_minus_positive_comma_alpha_minus_beta_T_cell","ZBTB7A","spearman",1200,68,NA,0.164992217917255,NA,"cv_r2",NA,NA,NA,NA,NA,"cz_hnscc_hpv"
"CD8_minus_positive_comma_alpha_minus_beta_T_cell","GATA3","rf",1200,68,0.636825731491947,0.636702383853603,NA,"oob_r2",-0.0306092280263346,0.0196078431372549,TRUE,0.886099765452363,0.844444444444444,"cz_hnscc_hpv"
"CD8_minus_positive_comma_alpha_minus_beta_T_cell","GATA3","lm",1200,68,NA,0.613481769907339,NA,"cv_r2",NA,NA,NA,NA,NA,"cz_hnscc_hpv"
"CD8_minus_positive_comma_alpha_minus_beta_T_cell","GATA3","ridge",1200,68,NA,0.618146060370694,NA,"cv_r2",NA,NA,NA,NA,NA,"cz_hnscc_hpv"
"CD8_minus_positive_comma_alpha_minus_beta_T_cell","GATA3","spearman",1200,68,NA,0.268853530018994,NA,"cv_r2",NA,NA,NA,NA,NA,"cz_hnscc_hpv"
"CD8_minus_positive_comma_alpha_minus_beta_T_cell","NKX2-3","rf",1200,68,0.539689113706388,0.535472072166582,NA,"oob_r2",-0.0434948813647932,0.0196078431372549,TRUE,0.862344712923023,0.933333333333333,"cz_hnscc_hpv"
"CD8_minus_positive_comma_alpha_minus_beta_T_cell","NKX2-3","lm",1200,68,NA,0.486279347119966,NA,"cv_r2",NA,NA,NA,NA,NA,"cz_hnscc_hpv"
"CD8_minus_positive_comma_alpha_minus_beta_T_cell","NKX2-3","ridge",1200,68,NA,0.498249598725165,NA,"cv_r2",NA,NA,NA,NA,NA,"cz_hnscc_hpv"
"CD8_minus_positive_comma_alpha_minus_beta_T_cell","NKX2-3","spearman",1200,68,NA,0.256724267600548,NA,"cv_r2",NA,NA,NA,NA,NA,"cz_hnscc_hpv"
"CD8_minus_positive_comma_alpha_minus_beta_T_cell","CREB3L3","rf",1200,68,0.711768637623701,0.704114814624639,NA,"oob_r2",-0.0571230525024807,0.0196078431372549,TRUE,0.872858215317275,0.82962962962963,"cz_hnscc_hpv"
"CD8_minus_positive_comma_alpha_minus_beta_T_cell","CREB3L3","lm",1200,68,NA,0.678490070591397,NA,"cv_r2",NA,NA,NA,NA,NA,"cz_hnscc_hpv"
"CD8_minus_positive_comma_alpha_minus_beta_T_cell","CREB3L3","ridge",1200,68,NA,0.683709397975457,NA,"cv_r2",NA,NA,NA,NA,NA,"cz_hnscc_hpv"
"CD8_minus_positive_comma_alpha_minus_beta_T_cell","CREB3L3","spearman",1200,68,NA,0.340457981773763,NA,"cv_r2",NA,NA,NA,NA,NA,"cz_hnscc_hpv"
"CD8_minus_positive_comma_alpha_minus_beta_T_cell","KLF4","rf",1200,68,0.581219406576808,0.567476156312705,NA,"oob_r2",-0.0271665899866828,0.0196078431372549,TRUE,0.888765889223957,0.881481481481481,"cz_hnscc_hpv"
"CD8_minus_positive_comma_alpha_minus_beta_T_cell","KLF4","lm",1200,68,NA,0.51671220718708,NA,"cv_r2",NA,NA,NA,NA,NA,"cz_hnscc_hpv"
"CD8_minus_positive_comma_alpha_minus_beta_T_cell","KLF4","ridge",1200,68,NA,0.523145248294224,NA,"cv_r2",NA,NA,NA,NA,NA,"cz_hnscc_hpv"
"CD8_minus_positive_comma_alpha_minus_beta_T_cell","KLF4","spearman",1200,68,NA,0.196960225989529,NA,"cv_r2",NA,NA,NA,NA,NA,"cz_hnscc_hpv"
"CD8_minus_positive_comma_alpha_minus_beta_T_cell","IRF6","rf",1200,68,0.700087585032643,0.685539794362453,NA,"oob_r2",-0.0503461499620929,0.0196078431372549,TRUE,0.897753347499502,0.822222222222222,"cz_hnscc_hpv"
"CD8_minus_positive_comma_alpha_minus_beta_T_cell","IRF6","lm",1200,68,NA,0.662457092381741,NA,"cv_r2",NA,NA,NA,NA,NA,"cz_hnscc_hpv"
"CD8_minus_positive_comma_alpha_minus_beta_T_cell","IRF6","ridge",1200,68,NA,0.669403408483758,NA,"cv_r2",NA,NA,NA,NA,NA,"cz_hnscc_hpv"
"CD8_minus_positive_comma_alpha_minus_beta_T_cell","IRF6","spearman",1200,68,NA,0.265170834958379,NA,"cv_r2",NA,NA,NA,NA,NA,"cz_hnscc_hpv"
"CD8_minus_positive_comma_alpha_minus_beta_T_cell","BATF","rf",1200,68,0.671483750187343,0.676845410301258,NA,"oob_r2",-0.0508900326742902,0.0196078431372549,TRUE,0.892469451548735,0.82962962962963,"cz_hnscc_hpv"
"CD8_minus_positive_comma_alpha_minus_beta_T_cell","BATF","lm",1200,68,NA,0.663992129601602,NA,"cv_r2",NA,NA,NA,NA,NA,"cz_hnscc_hpv"
"CD8_minus_positive_comma_alpha_minus_beta_T_cell","BATF","ridge",1200,68,NA,0.667324826887825,NA,"cv_r2",NA,NA,NA,NA,NA,"cz_hnscc_hpv"
"CD8_minus_positive_comma_alpha_minus_beta_T_cell","BATF","spearman",1200,68,NA,0.307914947927706,NA,"cv_r2",NA,NA,NA,NA,NA,"cz_hnscc_hpv"
"CD8_minus_positive_comma_alpha_minus_beta_T_cell","SALL4","rf",1200,68,0.626004528537836,0.625305137397949,NA,"oob_r2",-0.0423234538634157,0.0196078431372549,TRUE,0.835948984828627,1,"cz_hnscc_hpv"
"CD8_minus_positive_comma_alpha_minus_beta_T_cell","SALL4","lm",1200,68,NA,0.592192756627639,NA,"cv_r2",NA,NA,NA,NA,NA,"cz_hnscc_hpv"
"CD8_minus_positive_comma_alpha_minus_beta_T_cell","SALL4","ridge",1200,68,NA,0.597575274369244,NA,"cv_r2",NA,NA,NA,NA,NA,"cz_hnscc_hpv"
"CD8_minus_positive_comma_alpha_minus_beta_T_cell","SALL4","spearman",1200,68,NA,0.341194783317949,NA,"cv_r2",NA,NA,NA,NA,NA,"cz_hnscc_hpv"
"CD8_minus_positive_comma_alpha_minus_beta_T_cell","MEF2C","rf",1200,68,0.648784601647506,0.639626504999866,NA,"oob_r2",-0.0528528273825523,0.0196078431372549,TRUE,0.840343890097679,0.933333333333333,"cz_hnscc_hpv"
"CD8_minus_positive_comma_alpha_minus_beta_T_cell","MEF2C","lm",1200,68,NA,0.623505691199926,NA,"cv_r2",NA,NA,NA,NA,NA,"cz_hnscc_hpv"
"CD8_minus_positive_comma_alpha_minus_beta_T_cell","MEF2C","ridge",1200,68,NA,0.628743230128592,NA,"cv_r2",NA,NA,NA,NA,NA,"cz_hnscc_hpv"
"CD8_minus_positive_comma_alpha_minus_beta_T_cell","MEF2C","spearman",1200,68,NA,0.359533730808222,NA,"cv_r2",NA,NA,NA,NA,NA,"cz_hnscc_hpv"
"CD8_minus_positive_comma_alpha_minus_beta_T_cell","PRDM1","rf",1200,68,0.706336879465926,0.703059765589163,NA,"oob_r2",-0.0546270138723928,0.0196078431372549,TRUE,0.872599491884143,0.755555555555556,"cz_hnscc_hpv"
"CD8_minus_positive_comma_alpha_minus_beta_T_cell","PRDM1","lm",1200,68,NA,0.667132249612715,NA,"cv_r2",NA,NA,NA,NA,NA,"cz_hnscc_hpv"
"CD8_minus_positive_comma_alpha_minus_beta_T_cell","PRDM1","ridge",1200,68,NA,0.674377241956323,NA,"cv_r2",NA,NA,NA,NA,NA,"cz_hnscc_hpv"
"CD8_minus_positive_comma_alpha_minus_beta_T_cell","PRDM1","spearman",1200,68,NA,0.37625741147628,NA,"cv_r2",NA,NA,NA,NA,NA,"cz_hnscc_hpv"
"CD8_minus_positive_comma_alpha_minus_beta_T_cell","STAT1","rf",1200,68,0.578770887878156,0.548793727055634,NA,"oob_r2",-0.0733912473094979,0.0196078431372549,TRUE,0.840600068710158,0.718518518518518,"cz_hnscc_hpv"
"CD8_minus_positive_comma_alpha_minus_beta_T_cell","STAT1","lm",1200,68,NA,0.337576233645841,NA,"cv_r2",NA,NA,NA,NA,NA,"cz_hnscc_hpv"
"CD8_minus_positive_comma_alpha_minus_beta_T_cell","STAT1","ridge",1200,68,NA,0.356466024857139,NA,"cv_r2",NA,NA,NA,NA,NA,"cz_hnscc_hpv"
"CD8_minus_positive_comma_alpha_minus_beta_T_cell","STAT1","spearman",1200,68,NA,0.14007985706102,NA,"cv_r2",NA,NA,NA,NA,NA,"cz_hnscc_hpv"
"CD8_minus_positive_comma_alpha_minus_beta_T_cell","SMC3","rf",1200,68,0.592109170534533,0.584481268892756,NA,"oob_r2",-0.0410192626672388,0.0196078431372549,TRUE,0.8911614137327,0.82962962962963,"cz_hnscc_hpv"
"CD8_minus_positive_comma_alpha_minus_beta_T_cell","SMC3","lm",1200,68,NA,0.548476908965972,NA,"cv_r2",NA,NA,NA,NA,NA,"cz_hnscc_hpv"
"CD8_minus_positive_comma_alpha_minus_beta_T_cell","SMC3","ridge",1200,68,NA,0.55840528307685,NA,"cv_r2",NA,NA,NA,NA,NA,"cz_hnscc_hpv"
"CD8_minus_positive_comma_alpha_minus_beta_T_cell","SMC3","spearman",1200,68,NA,0.209825517981283,NA,"cv_r2",NA,NA,NA,NA,NA,"cz_hnscc_hpv"
"CD8_minus_positive_comma_alpha_minus_beta_T_cell","AHR","rf",1200,68,0.72693505584574,0.72858533280826,NA,"oob_r2",-0.0543759791642886,0.0196078431372549,TRUE,0.884055426193839,1,"cz_hnscc_hpv"
"CD8_minus_positive_comma_alpha_minus_beta_T_cell","AHR","lm",1200,68,NA,0.717139971117232,NA,"cv_r2",NA,NA,NA,NA,NA,"cz_hnscc_hpv"
"CD8_minus_positive_comma_alpha_minus_beta_T_cell","AHR","ridge",1200,68,NA,0.721236765614931,NA,"cv_r2",NA,NA,NA,NA,NA,"cz_hnscc_hpv"
"CD8_minus_positive_comma_alpha_minus_beta_T_cell","AHR","spearman",1200,68,NA,0.369705160594309,NA,"cv_r2",NA,NA,NA,NA,NA,"cz_hnscc_hpv"
"CD8_minus_positive_comma_alpha_minus_beta_T_cell","POLR2A","rf",1200,68,0.587070569421618,0.57391650101748,NA,"oob_r2",-0.0423419886507338,0.0196078431372549,TRUE,0.87760006446879,1,"cz_hnscc_hpv"
"CD8_minus_positive_comma_alpha_minus_beta_T_cell","POLR2A","lm",1200,68,NA,0.56471325815721,NA,"cv_r2",NA,NA,NA,NA,NA,"cz_hnscc_hpv"
"CD8_minus_positive_comma_alpha_minus_beta_T_cell","POLR2A","ridge",1200,68,NA,0.569260495843596,NA,"cv_r2",NA,NA,NA,NA,NA,"cz_hnscc_hpv"
"CD8_minus_positive_comma_alpha_minus_beta_T_cell","POLR2A","spearman",1200,68,NA,0.179923458848115,NA,"cv_r2",NA,NA,NA,NA,NA,"cz_hnscc_hpv"
"CD8_minus_positive_comma_alpha_minus_beta_T_cell","IRF9","rf",1200,68,0.631666032568464,0.616485362470808,NA,"oob_r2",-0.0582718446157812,0.0196078431372549,TRUE,0.900031810258172,0.704761904761905,"cz_hnscc_hpv"
"CD8_minus_positive_comma_alpha_minus_beta_T_cell","IRF9","lm",1200,68,NA,0.531539928459046,NA,"cv_r2",NA,NA,NA,NA,NA,"cz_hnscc_hpv"
"CD8_minus_positive_comma_alpha_minus_beta_T_cell","IRF9","ridge",1200,68,NA,0.537390207367543,NA,"cv_r2",NA,NA,NA,NA,NA,"cz_hnscc_hpv"
"CD8_minus_positive_comma_alpha_minus_beta_T_cell","IRF9","spearman",1200,68,NA,0.16061095894386,NA,"cv_r2",NA,NA,NA,NA,NA,"cz_hnscc_hpv"
"CD8_minus_positive_comma_alpha_minus_beta_T_cell","KLF2","rf",1200,68,0.506273314111006,0.503968530289605,NA,"oob_r2",-0.0393527179106474,0.0196078431372549,TRUE,0.881694680900697,0.822222222222222,"cz_hnscc_hpv"
"CD8_minus_positive_comma_alpha_minus_beta_T_cell","KLF2","lm",1200,68,NA,0.439995404235339,NA,"cv_r2",NA,NA,NA,NA,NA,"cz_hnscc_hpv"
"CD8_minus_positive_comma_alpha_minus_beta_T_cell","KLF2","ridge",1200,68,NA,0.453221389860241,NA,"cv_r2",NA,NA,NA,NA,NA,"cz_hnscc_hpv"
"CD8_minus_positive_comma_alpha_minus_beta_T_cell","KLF2","spearman",1200,68,NA,0.183261861526431,NA,"cv_r2",NA,NA,NA,NA,NA,"cz_hnscc_hpv"
"CD8_minus_positive_comma_alpha_minus_beta_T_cell","KLF1","rf",1200,68,0.561440114793068,0.540304286759139,NA,"oob_r2",-0.0342898058678102,0.0196078431372549,TRUE,0.878966633159861,0.822222222222222,"cz_hnscc_hpv"
"CD8_minus_positive_comma_alpha_minus_beta_T_cell","KLF1","lm",1200,68,NA,0.49254985466636,NA,"cv_r2",NA,NA,NA,NA,NA,"cz_hnscc_hpv"
"CD8_minus_positive_comma_alpha_minus_beta_T_cell","KLF1","ridge",1200,68,NA,0.500012351242462,NA,"cv_r2",NA,NA,NA,NA,NA,"cz_hnscc_hpv"
"CD8_minus_positive_comma_alpha_minus_beta_T_cell","KLF1","spearman",1200,68,NA,0.282403954117013,NA,"cv_r2",NA,NA,NA,NA,NA,"cz_hnscc_hpv"
"CD8_minus_positive_comma_alpha_minus_beta_T_cell","MAF","rf",1200,68,0.624716096381606,0.622551110834562,NA,"oob_r2",-0.0369094169302099,0.0196078431372549,TRUE,0.901288951661132,0.844444444444444,"cz_hnscc_hpv"
"CD8_minus_positive_comma_alpha_minus_beta_T_cell","MAF","lm",1200,68,NA,0.608601976855836,NA,"cv_r2",NA,NA,NA,NA,NA,"cz_hnscc_hpv"
"CD8_minus_positive_comma_alpha_minus_beta_T_cell","MAF","ridge",1200,68,NA,0.614083443356006,NA,"cv_r2",NA,NA,NA,NA,NA,"cz_hnscc_hpv"
"CD8_minus_positive_comma_alpha_minus_beta_T_cell","MAF","spearman",1200,68,NA,0.293570159624206,NA,"cv_r2",NA,NA,NA,NA,NA,"cz_hnscc_hpv"
"CD8_minus_positive_comma_alpha_minus_beta_T_cell","TFAP2B","rf",1200,68,0.713747220392354,0.709108450412257,NA,"oob_r2",-0.0454219990230898,0.0196078431372549,TRUE,0.907083508289753,1,"cz_hnscc_hpv"
"CD8_minus_positive_comma_alpha_minus_beta_T_cell","TFAP2B","lm",1200,68,NA,0.708086361343567,NA,"cv_r2",NA,NA,NA,NA,NA,"cz_hnscc_hpv"
"CD8_minus_positive_comma_alpha_minus_beta_T_cell","TFAP2B","ridge",1200,68,NA,0.71213991009332,NA,"cv_r2",NA,NA,NA,NA,NA,"cz_hnscc_hpv"
"CD8_minus_positive_comma_alpha_minus_beta_T_cell","TFAP2B","spearman",1200,68,NA,0.327785526566168,NA,"cv_r2",NA,NA,NA,NA,NA,"cz_hnscc_hpv"
"plasma_cell","ID2","rf",1200,42,0.641375498963552,0.628933412785526,NA,"oob_r2",-0.0540311805844188,0.0196078431372549,TRUE,0.951417587265574,0.68994708994709,"cz_hnscc_hpv"
"plasma_cell","ID2","lm",1200,42,NA,0.604036658519663,NA,"cv_r2",NA,NA,NA,NA,NA,"cz_hnscc_hpv"
"plasma_cell","ID2","ridge",1200,42,NA,0.607834938451429,NA,"cv_r2",NA,NA,NA,NA,NA,"cz_hnscc_hpv"
"plasma_cell","ID2","spearman",1200,42,NA,0.246578751119334,NA,"cv_r2",NA,NA,NA,NA,NA,"cz_hnscc_hpv"
"plasma_cell","KLF6","rf",1200,42,0.667855396832194,0.664956164069472,NA,"oob_r2",-0.0455240543343786,0.0196078431372549,TRUE,0.949858196256381,1,"cz_hnscc_hpv"
"plasma_cell","KLF6","lm",1200,42,NA,0.600188670623605,NA,"cv_r2",NA,NA,NA,NA,NA,"cz_hnscc_hpv"
"plasma_cell","KLF6","ridge",1200,42,NA,0.604769730436399,NA,"cv_r2",NA,NA,NA,NA,NA,"cz_hnscc_hpv"
"plasma_cell","KLF6","spearman",1200,42,NA,0.218183600192834,NA,"cv_r2",NA,NA,NA,NA,NA,"cz_hnscc_hpv"
"plasma_cell","JUND","rf",1200,42,0.697485912761901,0.68890249220325,NA,"oob_r2",-0.0454602901747558,0.0196078431372549,TRUE,0.948705759482844,0.933333333333333,"cz_hnscc_hpv"
"plasma_cell","JUND","lm",1200,42,NA,0.651166434781118,NA,"cv_r2",NA,NA,NA,NA,NA,"cz_hnscc_hpv"
"plasma_cell","JUND","ridge",1200,42,NA,0.655594591496892,NA,"cv_r2",NA,NA,NA,NA,NA,"cz_hnscc_hpv"
"plasma_cell","JUND","spearman",1200,42,NA,0.182331688352315,NA,"cv_r2",NA,NA,NA,NA,NA,"cz_hnscc_hpv"
"plasma_cell","NR4A2","rf",1200,42,0.619970835584108,0.611458966754866,NA,"oob_r2",-0.0509831974259067,0.0196078431372549,TRUE,0.951079058963347,0.695238095238095,"cz_hnscc_hpv"
"plasma_cell","NR4A2","lm",1200,42,NA,0.590730485502071,NA,"cv_r2",NA,NA,NA,NA,NA,"cz_hnscc_hpv"
"plasma_cell","NR4A2","ridge",1200,42,NA,0.596317307765207,NA,"cv_r2",NA,NA,NA,NA,NA,"cz_hnscc_hpv"
"plasma_cell","NR4A2","spearman",1200,42,NA,0.19462242476749,NA,"cv_r2",NA,NA,NA,NA,NA,"cz_hnscc_hpv"
"plasma_cell","BACH2","rf",1200,42,0.665173804711694,0.670242944646214,NA,"oob_r2",-0.0500598824169517,0.0196078431372549,TRUE,0.954151023237807,0.785185185185185,"cz_hnscc_hpv"
"plasma_cell","BACH2","lm",1200,42,NA,0.650401728707179,NA,"cv_r2",NA,NA,NA,NA,NA,"cz_hnscc_hpv"
"plasma_cell","BACH2","ridge",1200,42,NA,0.652862306424718,NA,"cv_r2",NA,NA,NA,NA,NA,"cz_hnscc_hpv"
"plasma_cell","BACH2","spearman",1200,42,NA,0.268064381048844,NA,"cv_r2",NA,NA,NA,NA,NA,"cz_hnscc_hpv"
"plasma_cell","PRDM1","rf",1200,42,0.67473232192033,0.662293915610395,NA,"oob_r2",-0.0346391307087088,0.0196078431372549,TRUE,0.946739414237996,0.73015873015873,"cz_hnscc_hpv"
"plasma_cell","PRDM1","lm",1200,42,NA,0.615553981529699,NA,"cv_r2",NA,NA,NA,NA,NA,"cz_hnscc_hpv"
"plasma_cell","PRDM1","ridge",1200,42,NA,0.620271348236916,NA,"cv_r2",NA,NA,NA,NA,NA,"cz_hnscc_hpv"
"plasma_cell","PRDM1","spearman",1200,42,NA,0.209054329801677,NA,"cv_r2",NA,NA,NA,NA,NA,"cz_hnscc_hpv"
"plasma_cell","MAFK","rf",1200,42,0.612049047889665,0.611230186065714,NA,"oob_r2",-0.0429397579075576,0.0196078431372549,TRUE,0.948565306251069,0.645502645502645,"cz_hnscc_hpv"
"plasma_cell","MAFK","lm",1200,42,NA,0.56853039385238,NA,"cv_r2",NA,NA,NA,NA,NA,"cz_hnscc_hpv"
"plasma_cell","MAFK","ridge",1200,42,NA,0.574020435371271,NA,"cv_r2",NA,NA,NA,NA,NA,"cz_hnscc_hpv"
"plasma_cell","MAFK","spearman",1200,42,NA,0.176556809039268,NA,"cv_r2",NA,NA,NA,NA,NA,"cz_hnscc_hpv"
"plasma_cell","NR4A1","rf",1200,42,0.657109671942019,0.6560843825889,NA,"oob_r2",-0.0466795888291187,0.0196078431372549,TRUE,0.954190638251897,0.702645502645503,"cz_hnscc_hpv"
"plasma_cell","NR4A1","lm",1200,42,NA,0.630352231960435,NA,"cv_r2",NA,NA,NA,NA,NA,"cz_hnscc_hpv"
"plasma_cell","NR4A1","ridge",1200,42,NA,0.634625587324339,NA,"cv_r2",NA,NA,NA,NA,NA,"cz_hnscc_hpv"
"plasma_cell","NR4A1","spearman",1200,42,NA,0.232844219666564,NA,"cv_r2",NA,NA,NA,NA,NA,"cz_hnscc_hpv"
"plasma_cell","GRHL1","rf",1200,42,0.646355345369904,0.633513289500274,NA,"oob_r2",-0.048041667229962,0.0196078431372549,TRUE,0.964836272947447,0.785185185185185,"cz_hnscc_hpv"
"plasma_cell","GRHL1","lm",1200,42,NA,0.60990986166091,NA,"cv_r2",NA,NA,NA,NA,NA,"cz_hnscc_hpv"
"plasma_cell","GRHL1","ridge",1200,42,NA,0.614451730342065,NA,"cv_r2",NA,NA,NA,NA,NA,"cz_hnscc_hpv"
"plasma_cell","GRHL1","spearman",1200,42,NA,0.210975747388144,NA,"cv_r2",NA,NA,NA,NA,NA,"cz_hnscc_hpv"
"plasma_cell","BHLHE40","rf",1200,42,0.641531952231076,0.647272388486703,NA,"oob_r2",-0.0420543285182568,0.0196078431372549,TRUE,0.952951768720345,0.785185185185185,"cz_hnscc_hpv"
"plasma_cell","BHLHE40","lm",1200,42,NA,0.595275588088736,NA,"cv_r2",NA,NA,NA,NA,NA,"cz_hnscc_hpv"
"plasma_cell","BHLHE40","ridge",1200,42,NA,0.600546159859359,NA,"cv_r2",NA,NA,NA,NA,NA,"cz_hnscc_hpv"
"plasma_cell","BHLHE40","spearman",1200,42,NA,0.205766496944682,NA,"cv_r2",NA,NA,NA,NA,NA,"cz_hnscc_hpv"
"plasma_cell","HES4","rf",1200,42,0.623068136954531,0.623659341985071,NA,"oob_r2",-0.0454453675852573,0.0196078431372549,TRUE,0.968416029675247,0.769312169312169,"cz_hnscc_hpv"
"plasma_cell","HES4","lm",1200,42,NA,0.585989731136668,NA,"cv_r2",NA,NA,NA,NA,NA,"cz_hnscc_hpv"
"plasma_cell","HES4","ridge",1200,42,NA,0.586332356960614,NA,"cv_r2",NA,NA,NA,NA,NA,"cz_hnscc_hpv"
"plasma_cell","HES4","spearman",1200,42,NA,0.195999317448395,NA,"cv_r2",NA,NA,NA,NA,NA,"cz_hnscc_hpv"
"plasma_cell","FOXO3","rf",1200,42,0.669971234282769,0.674102503837976,NA,"oob_r2",-0.0487490892220625,0.0196078431372549,TRUE,0.946786231981921,0.831746031746032,"cz_hnscc_hpv"
"plasma_cell","FOXO3","lm",1200,42,NA,0.644988796366046,NA,"cv_r2",NA,NA,NA,NA,NA,"cz_hnscc_hpv"
"plasma_cell","FOXO3","ridge",1200,42,NA,0.649489221707053,NA,"cv_r2",NA,NA,NA,NA,NA,"cz_hnscc_hpv"
"plasma_cell","FOXO3","spearman",1200,42,NA,0.234930476910939,NA,"cv_r2",NA,NA,NA,NA,NA,"cz_hnscc_hpv"
"plasma_cell","XBP1","rf",1200,42,0.641739214805385,0.640144905365907,NA,"oob_r2",-0.042917505668385,0.0196078431372549,TRUE,0.946616967830808,0.744973544973545,"cz_hnscc_hpv"
"plasma_cell","XBP1","lm",1200,42,NA,0.61041397410372,NA,"cv_r2",NA,NA,NA,NA,NA,"cz_hnscc_hpv"
"plasma_cell","XBP1","ridge",1200,42,NA,0.614147738039563,NA,"cv_r2",NA,NA,NA,NA,NA,"cz_hnscc_hpv"
"plasma_cell","XBP1","spearman",1200,42,NA,0.199762970273279,NA,"cv_r2",NA,NA,NA,NA,NA,"cz_hnscc_hpv"
"plasma_cell","HIVEP3","rf",1200,42,0.65181768456586,0.640148606626967,NA,"oob_r2",-0.0467457971624878,0.0196078431372549,TRUE,0.946285642258416,0.671957671957672,"cz_hnscc_hpv"
"plasma_cell","HIVEP3","lm",1200,42,NA,0.625183368589082,NA,"cv_r2",NA,NA,NA,NA,NA,"cz_hnscc_hpv"
"plasma_cell","HIVEP3","ridge",1200,42,NA,0.627446477330435,NA,"cv_r2",NA,NA,NA,NA,NA,"cz_hnscc_hpv"
"plasma_cell","HIVEP3","spearman",1200,42,NA,0.215498919866332,NA,"cv_r2",NA,NA,NA,NA,NA,"cz_hnscc_hpv"
"plasma_cell","FOSB","rf",1200,42,0.651160062397277,0.644968348989797,NA,"oob_r2",-0.0473584459611625,0.0196078431372549,TRUE,0.954230253265988,0.769312169312169,"cz_hnscc_hpv"
"plasma_cell","FOSB","lm",1200,42,NA,0.596669925128162,NA,"cv_r2",NA,NA,NA,NA,NA,"cz_hnscc_hpv"
"plasma_cell","FOSB","ridge",1200,42,NA,0.60058251159158,NA,"cv_r2",NA,NA,NA,NA,NA,"cz_hnscc_hpv"
"plasma_cell","FOSB","spearman",1200,42,NA,0.18203634456463,NA,"cv_r2",NA,NA,NA,NA,NA,"cz_hnscc_hpv"
"plasma_cell","KLF5","rf",1200,42,0.629386650584163,0.614121111657162,NA,"oob_r2",-0.058023483545493,0.0196078431372549,TRUE,0.94487750857575,1,"cz_hnscc_hpv"
"plasma_cell","KLF5","lm",1200,42,NA,0.386684184268696,NA,"cv_r2",NA,NA,NA,NA,NA,"cz_hnscc_hpv"
"plasma_cell","KLF5","ridge",1200,42,NA,0.388878792565886,NA,"cv_r2",NA,NA,NA,NA,NA,"cz_hnscc_hpv"
"plasma_cell","KLF5","spearman",1200,42,NA,0.113089613186157,NA,"cv_r2",NA,NA,NA,NA,NA,"cz_hnscc_hpv"
"plasma_cell","JUNB","rf",1200,42,0.625261580065506,0.629921024199776,NA,"oob_r2",-0.043244376191918,0.0196078431372549,TRUE,0.952742889555141,0.607671957671958,"cz_hnscc_hpv"
"plasma_cell","JUNB","lm",1200,42,NA,0.594213244338718,NA,"cv_r2",NA,NA,NA,NA,NA,"cz_hnscc_hpv"
"plasma_cell","JUNB","ridge",1200,42,NA,0.598862412330079,NA,"cv_r2",NA,NA,NA,NA,NA,"cz_hnscc_hpv"
"plasma_cell","JUNB","spearman",1200,42,NA,0.208070989123772,NA,"cv_r2",NA,NA,NA,NA,NA,"cz_hnscc_hpv"
"plasma_cell","HES5","rf",1200,42,0.638522494041643,0.632258109145941,NA,"oob_r2",-0.050081606513651,0.0196078431372549,TRUE,0.965945493341977,0.722751322751323,"cz_hnscc_hpv"
"plasma_cell","HES5","lm",1200,42,NA,0.603348082869304,NA,"cv_r2",NA,NA,NA,NA,NA,"cz_hnscc_hpv"
"plasma_cell","HES5","ridge",1200,42,NA,0.605418024511043,NA,"cv_r2",NA,NA,NA,NA,NA,"cz_hnscc_hpv"
"plasma_cell","HES5","spearman",1200,42,NA,0.228438786230004,NA,"cv_r2",NA,NA,NA,NA,NA,"cz_hnscc_hpv"
"plasma_cell","SPIB","rf",1200,42,0.660826141428141,0.676290281714648,NA,"oob_r2",-0.0483728222724005,0.0196078431372549,TRUE,0.949829385337043,0.874074074074074,"cz_hnscc_hpv"
"plasma_cell","SPIB","lm",1200,42,NA,0.653651449662154,NA,"cv_r2",NA,NA,NA,NA,NA,"cz_hnscc_hpv"
"plasma_cell","SPIB","ridge",1200,42,NA,0.657063822407197,NA,"cv_r2",NA,NA,NA,NA,NA,"cz_hnscc_hpv"
"plasma_cell","SPIB","spearman",1200,42,NA,0.199653973003815,NA,"cv_r2",NA,NA,NA,NA,NA,"cz_hnscc_hpv"
"plasma_cell","NFKB1","rf",1200,42,0.639869758312176,0.648739344452926,NA,"oob_r2",-0.0431820798827782,0.0196078431372549,TRUE,0.945406909218594,0.697354497354497,"cz_hnscc_hpv"
"plasma_cell","NFKB1","lm",1200,42,NA,0.587817462071855,NA,"cv_r2",NA,NA,NA,NA,NA,"cz_hnscc_hpv"
"plasma_cell","NFKB1","ridge",1200,42,NA,0.593785941837125,NA,"cv_r2",NA,NA,NA,NA,NA,"cz_hnscc_hpv"
"plasma_cell","NFKB1","spearman",1200,42,NA,0.218572386157343,NA,"cv_r2",NA,NA,NA,NA,NA,"cz_hnscc_hpv"
"plasma_cell","EHF","rf",1200,42,0.616882530780815,0.610955253317624,NA,"oob_r2",-0.0581958117742431,0.0196078431372549,TRUE,0.935063789176098,1,"cz_hnscc_hpv"
"plasma_cell","EHF","lm",1200,42,NA,0.389774024315754,NA,"cv_r2",NA,NA,NA,NA,NA,"cz_hnscc_hpv"
"plasma_cell","EHF","ridge",1200,42,NA,0.390910380486407,NA,"cv_r2",NA,NA,NA,NA,NA,"cz_hnscc_hpv"
"plasma_cell","EHF","spearman",1200,42,NA,0.116573525215797,NA,"cv_r2",NA,NA,NA,NA,NA,"cz_hnscc_hpv"
"plasma_cell","FOXQ1","rf",1200,42,0.660024123649411,0.654536038898424,NA,"oob_r2",-0.0707431911406077,0.0196078431372549,TRUE,0.949065895974574,1,"cz_hnscc_hpv"
"plasma_cell","FOXQ1","lm",1200,42,NA,0.426429733427579,NA,"cv_r2",NA,NA,NA,NA,NA,"cz_hnscc_hpv"
"plasma_cell","FOXQ1","ridge",1200,42,NA,0.427455683857844,NA,"cv_r2",NA,NA,NA,NA,NA,"cz_hnscc_hpv"
"plasma_cell","FOXQ1","spearman",1200,42,NA,0.121405312123186,NA,"cv_r2",NA,NA,NA,NA,NA,"cz_hnscc_hpv"
"plasma_cell","SP6","rf",1200,42,0.621085027167734,0.619479619679366,NA,"oob_r2",-0.0507896008645701,0.0196078431372549,TRUE,0.964883090691372,0.8,"cz_hnscc_hpv"
"plasma_cell","SP6","lm",1200,42,NA,0.549848304527644,NA,"cv_r2",NA,NA,NA,NA,NA,"cz_hnscc_hpv"
"plasma_cell","SP6","ridge",1200,42,NA,0.54919526703411,NA,"cv_r2",NA,NA,NA,NA,NA,"cz_hnscc_hpv"
"plasma_cell","SP6","spearman",1200,42,NA,0.208743927994738,NA,"cv_r2",NA,NA,NA,NA,NA,"cz_hnscc_hpv"
"plasma_cell","CEBPB","rf",1200,42,0.633807550257336,0.632143450490333,NA,"oob_r2",-0.0560430471678749,0.0196078431372549,TRUE,0.943681855423205,1,"cz_hnscc_hpv"
"plasma_cell","CEBPB","lm",1200,42,NA,0.420551625615031,NA,"cv_r2",NA,NA,NA,NA,NA,"cz_hnscc_hpv"
"plasma_cell","CEBPB","ridge",1200,42,NA,0.422211565607569,NA,"cv_r2",NA,NA,NA,NA,NA,"cz_hnscc_hpv"
"plasma_cell","CEBPB","spearman",1200,42,NA,0.125852865861328,NA,"cv_r2",NA,NA,NA,NA,NA,"cz_hnscc_hpv"
"plasma_cell","TFCP2","rf",1200,42,0.635131098969479,0.630558652491673,NA,"oob_r2",-0.0519189811231626,0.0196078431372549,TRUE,0.958746364872287,0.881481481481481,"cz_hnscc_hpv"
"plasma_cell","TFCP2","lm",1200,42,NA,0.541766532338125,NA,"cv_r2",NA,NA,NA,NA,NA,"cz_hnscc_hpv"
"plasma_cell","TFCP2","ridge",1200,42,NA,0.543390783399377,NA,"cv_r2",NA,NA,NA,NA,NA,"cz_hnscc_hpv"
"plasma_cell","TFCP2","spearman",1200,42,NA,0.170289402331799,NA,"cv_r2",NA,NA,NA,NA,NA,"cz_hnscc_hpv"
"plasma_cell","ETS1","rf",1200,42,0.614810157646764,0.619383577838938,NA,"oob_r2",-0.0586763707624072,0.0196078431372549,TRUE,0.945918303036851,1,"cz_hnscc_hpv"
"plasma_cell","ETS1","lm",1200,42,NA,0.413002695354235,NA,"cv_r2",NA,NA,NA,NA,NA,"cz_hnscc_hpv"
"plasma_cell","ETS1","ridge",1200,42,NA,0.414867316805276,NA,"cv_r2",NA,NA,NA,NA,NA,"cz_hnscc_hpv"
"plasma_cell","ETS1","spearman",1200,42,NA,0.126598302293654,NA,"cv_r2",NA,NA,NA,NA,NA,"cz_hnscc_hpv"
"plasma_cell","POU2F2","rf",1200,42,0.66903921723613,0.673344352723037,NA,"oob_r2",-0.0456244322674896,0.0196078431372549,TRUE,0.958112524646841,0.874074074074074,"cz_hnscc_hpv"
"plasma_cell","POU2F2","lm",1200,42,NA,0.653580280826654,NA,"cv_r2",NA,NA,NA,NA,NA,"cz_hnscc_hpv"
"plasma_cell","POU2F2","ridge",1200,42,NA,0.657737054344909,NA,"cv_r2",NA,NA,NA,NA,NA,"cz_hnscc_hpv"
"plasma_cell","POU2F2","spearman",1200,42,NA,0.306637746607402,NA,"cv_r2",NA,NA,NA,NA,NA,"cz_hnscc_hpv"
"plasma_cell","TFAP2B","rf",1200,42,0.595303264173278,0.603559891393427,NA,"oob_r2",-0.0540138214300912,0.0196078431372549,TRUE,0.949768162133449,1,"cz_hnscc_hpv"
"plasma_cell","TFAP2B","lm",1200,42,NA,0.378092282282779,NA,"cv_r2",NA,NA,NA,NA,NA,"cz_hnscc_hpv"
"plasma_cell","TFAP2B","ridge",1200,42,NA,0.379749540809304,NA,"cv_r2",NA,NA,NA,NA,NA,"cz_hnscc_hpv"
"plasma_cell","TFAP2B","spearman",1200,42,NA,0.107105629302805,NA,"cv_r2",NA,NA,NA,NA,NA,"cz_hnscc_hpv"
"plasma_cell","SP2","rf",1200,42,0.646145119547497,0.631914870134972,NA,"oob_r2",-0.056186865995991,0.0196078431372549,TRUE,0.951522026848175,1,"cz_hnscc_hpv"
"plasma_cell","SP2","lm",1200,42,NA,0.433102097971234,NA,"cv_r2",NA,NA,NA,NA,NA,"cz_hnscc_hpv"
"plasma_cell","SP2","ridge",1200,42,NA,0.433490277939673,NA,"cv_r2",NA,NA,NA,NA,NA,"cz_hnscc_hpv"
"plasma_cell","SP2","spearman",1200,42,NA,0.142350401338489,NA,"cv_r2",NA,NA,NA,NA,NA,"cz_hnscc_hpv"
"plasma_cell","ZFP57","rf",1200,42,0.641157360768194,0.643904547272226,NA,"oob_r2",-0.0576002152969047,0.0196078431372549,TRUE,0.953218269724226,1,"cz_hnscc_hpv"
"plasma_cell","ZFP57","lm",1200,42,NA,0.422210695299851,NA,"cv_r2",NA,NA,NA,NA,NA,"cz_hnscc_hpv"
"plasma_cell","ZFP57","ridge",1200,42,NA,0.422774171860515,NA,"cv_r2",NA,NA,NA,NA,NA,"cz_hnscc_hpv"
"plasma_cell","ZFP57","spearman",1200,42,NA,0.126982796911403,NA,"cv_r2",NA,NA,NA,NA,NA,"cz_hnscc_hpv"
"plasma_cell","FOXJ1","rf",1200,42,0.606467335480488,0.602825062018281,NA,"oob_r2",-0.0485213437885661,0.0196078431372549,TRUE,0.946660184209816,0.77989417989418,"cz_hnscc_hpv"
"plasma_cell","FOXJ1","lm",1200,42,NA,0.553973331129658,NA,"cv_r2",NA,NA,NA,NA,NA,"cz_hnscc_hpv"
"plasma_cell","FOXJ1","ridge",1200,42,NA,0.558469358652243,NA,"cv_r2",NA,NA,NA,NA,NA,"cz_hnscc_hpv"
"plasma_cell","FOXJ1","spearman",1200,42,NA,0.178946151836218,NA,"cv_r2",NA,NA,NA,NA,NA,"cz_hnscc_hpv"
"plasma_cell","ZNF331","rf",1200,42,0.619377373464593,0.62425030126558,NA,"oob_r2",-0.0453491849232209,0.0196078431372549,TRUE,0.955703211517165,0.75026455026455,"cz_hnscc_hpv"
"plasma_cell","ZNF331","lm",1200,42,NA,0.600820424201092,NA,"cv_r2",NA,NA,NA,NA,NA,"cz_hnscc_hpv"
"plasma_cell","ZNF331","ridge",1200,42,NA,0.606958466386991,NA,"cv_r2",NA,NA,NA,NA,NA,"cz_hnscc_hpv"
"plasma_cell","ZNF331","spearman",1200,42,NA,0.262517262725316,NA,"cv_r2",NA,NA,NA,NA,NA,"cz_hnscc_hpv"
"plasma_cell","HINFP","rf",1200,42,0.616839018450251,0.627928010635761,NA,"oob_r2",-0.0559283206064437,0.0196078431372549,TRUE,0.943825910019898,1,"cz_hnscc_hpv"
"plasma_cell","HINFP","lm",1200,42,NA,0.412193177104753,NA,"cv_r2",NA,NA,NA,NA,NA,"cz_hnscc_hpv"
"plasma_cell","HINFP","ridge",1200,42,NA,0.413316110236369,NA,"cv_r2",NA,NA,NA,NA,NA,"cz_hnscc_hpv"
"plasma_cell","HINFP","spearman",1200,42,NA,0.136931900430324,NA,"cv_r2",NA,NA,NA,NA,NA,"cz_hnscc_hpv"
"plasma_cell","ERG","rf",1200,42,0.610236243343017,0.609380015292388,NA,"oob_r2",-0.0585417028478667,0.0196078431372549,TRUE,0.944027586455267,1,"cz_hnscc_hpv"
"plasma_cell","ERG","lm",1200,42,NA,0.381331918806528,NA,"cv_r2",NA,NA,NA,NA,NA,"cz_hnscc_hpv"
"plasma_cell","ERG","ridge",1200,42,NA,0.382970718322393,NA,"cv_r2",NA,NA,NA,NA,NA,"cz_hnscc_hpv"
"plasma_cell","ERG","spearman",1200,42,NA,0.108658285689723,NA,"cv_r2",NA,NA,NA,NA,NA,"cz_hnscc_hpv"
"plasma_cell","NPAS2","rf",1200,42,0.620642545208241,0.623751035428732,NA,"oob_r2",-0.0616168406529846,0.0196078431372549,TRUE,0.95253040902502,1,"cz_hnscc_hpv"
"plasma_cell","NPAS2","lm",1200,42,NA,0.40049863722557,NA,"cv_r2",NA,NA,NA,NA,NA,"cz_hnscc_hpv"
"plasma_cell","NPAS2","ridge",1200,42,NA,0.401982759397119,NA,"cv_r2",NA,NA,NA,NA,NA,"cz_hnscc_hpv"
"plasma_cell","NPAS2","spearman",1200,42,NA,0.111236388063787,NA,"cv_r2",NA,NA,NA,NA,NA,"cz_hnscc_hpv"
"plasma_cell","MAFF","rf",1200,42,0.591887599572119,0.582854516870604,NA,"oob_r2",-0.041986158290969,0.0196078431372549,TRUE,0.954212246441401,0.785185185185185,"cz_hnscc_hpv"
"plasma_cell","MAFF","lm",1200,42,NA,0.513521786509145,NA,"cv_r2",NA,NA,NA,NA,NA,"cz_hnscc_hpv"
"plasma_cell","MAFF","ridge",1200,42,NA,0.521516798047642,NA,"cv_r2",NA,NA,NA,NA,NA,"cz_hnscc_hpv"
"plasma_cell","MAFF","spearman",1200,42,NA,0.143290874089172,NA,"cv_r2",NA,NA,NA,NA,NA,"cz_hnscc_hpv"
"plasma_cell","CREM","rf",1200,42,0.623918141274559,0.609663727991626,NA,"oob_r2",-0.0479881524355782,0.0196078431372549,TRUE,0.953247080643564,0.616402116402116,"cz_hnscc_hpv"
"plasma_cell","CREM","lm",1200,42,NA,0.571503993948647,NA,"cv_r2",NA,NA,NA,NA,NA,"cz_hnscc_hpv"
"plasma_cell","CREM","ridge",1200,42,NA,0.578079953760843,NA,"cv_r2",NA,NA,NA,NA,NA,"cz_hnscc_hpv"
"plasma_cell","CREM","spearman",1200,42,NA,0.165221327391546,NA,"cv_r2",NA,NA,NA,NA,NA,"cz_hnscc_hpv"
"plasma_cell","NFATC1","rf",1200,42,0.597118413228203,0.589418295569733,NA,"oob_r2",-0.0361924562198505,0.0196078431372549,TRUE,0.952519604930269,0.77989417989418,"cz_hnscc_hpv"
"plasma_cell","NFATC1","lm",1200,42,NA,0.53432677210538,NA,"cv_r2",NA,NA,NA,NA,NA,"cz_hnscc_hpv"
"plasma_cell","NFATC1","ridge",1200,42,NA,0.538686285751126,NA,"cv_r2",NA,NA,NA,NA,NA,"cz_hnscc_hpv"
"plasma_cell","NFATC1","spearman",1200,42,NA,0.169764716206088,NA,"cv_r2",NA,NA,NA,NA,NA,"cz_hnscc_hpv"
"plasma_cell","HOXB2","rf",1200,42,0.617096096844269,0.623228557482802,NA,"oob_r2",-0.040020769591102,0.0196078431372549,TRUE,0.955303460011344,0.682539682539683,"cz_hnscc_hpv"
"plasma_cell","HOXB2","lm",1200,42,NA,0.591376396718692,NA,"cv_r2",NA,NA,NA,NA,NA,"cz_hnscc_hpv"
"plasma_cell","HOXB2","ridge",1200,42,NA,0.594917474557405,NA,"cv_r2",NA,NA,NA,NA,NA,"cz_hnscc_hpv"
"plasma_cell","HOXB2","spearman",1200,42,NA,0.17311578838916,NA,"cv_r2",NA,NA,NA,NA,NA,"cz_hnscc_hpv"
"plasma_cell","PLAGL1","rf",1200,42,0.62747914090834,0.624881728570021,NA,"oob_r2",-0.0622568824718158,0.0196078431372549,TRUE,0.947704580035834,1,"cz_hnscc_hpv"
"plasma_cell","PLAGL1","lm",1200,42,NA,0.446009446141286,NA,"cv_r2",NA,NA,NA,NA,NA,"cz_hnscc_hpv"
"plasma_cell","PLAGL1","ridge",1200,42,NA,0.447775939284377,NA,"cv_r2",NA,NA,NA,NA,NA,"cz_hnscc_hpv"
"plasma_cell","PLAGL1","spearman",1200,42,NA,0.152390260808857,NA,"cv_r2",NA,NA,NA,NA,NA,"cz_hnscc_hpv"
"plasma_cell","KLF14","rf",1200,42,0.616149246705992,0.608919478435975,NA,"oob_r2",-0.0375643643350039,0.0196078431372549,TRUE,0.935233053327211,0.816931216931217,"cz_hnscc_hpv"
"plasma_cell","KLF14","lm",1200,42,NA,0.581396521578966,NA,"cv_r2",NA,NA,NA,NA,NA,"cz_hnscc_hpv"
"plasma_cell","KLF14","ridge",1200,42,NA,0.585197084145688,NA,"cv_r2",NA,NA,NA,NA,NA,"cz_hnscc_hpv"
"plasma_cell","KLF14","spearman",1200,42,NA,0.142347609113998,NA,"cv_r2",NA,NA,NA,NA,NA,"cz_hnscc_hpv"
"plasma_cell","EGR1","rf",1200,42,0.599041852502084,0.597602787024769,NA,"oob_r2",-0.0428076903543223,0.0196078431372549,TRUE,0.952163069803456,0.77989417989418,"cz_hnscc_hpv"
"plasma_cell","EGR1","lm",1200,42,NA,0.523420701621877,NA,"cv_r2",NA,NA,NA,NA,NA,"cz_hnscc_hpv"
"plasma_cell","EGR1","ridge",1200,42,NA,0.529340192194067,NA,"cv_r2",NA,NA,NA,NA,NA,"cz_hnscc_hpv"
"plasma_cell","EGR1","spearman",1200,42,NA,0.154458891857188,NA,"cv_r2",NA,NA,NA,NA,NA,"cz_hnscc_hpv"
"plasma_cell","CTCFL","rf",1200,42,0.648921675573576,0.637860850975144,NA,"oob_r2",-0.0490638458934629,0.0196078431372549,TRUE,0.960676696467961,0.634920634920635,"cz_hnscc_hpv"
"plasma_cell","CTCFL","lm",1200,42,NA,0.599630504687222,NA,"cv_r2",NA,NA,NA,NA,NA,"cz_hnscc_hpv"
"plasma_cell","CTCFL","ridge",1200,42,NA,0.597824522736866,NA,"cv_r2",NA,NA,NA,NA,NA,"cz_hnscc_hpv"
"plasma_cell","CTCFL","spearman",1200,42,NA,0.164908274922156,NA,"cv_r2",NA,NA,NA,NA,NA,"cz_hnscc_hpv"
"plasma_cell","EGR3","rf",1200,42,0.639525223940141,0.630763317715251,NA,"oob_r2",-0.0463266297119952,0.0196078431372549,TRUE,0.953243479278647,0.816931216931217,"cz_hnscc_hpv"
"plasma_cell","EGR3","lm",1200,42,NA,0.582153795028075,NA,"cv_r2",NA,NA,NA,NA,NA,"cz_hnscc_hpv"
"plasma_cell","EGR3","ridge",1200,42,NA,0.586782803451523,NA,"cv_r2",NA,NA,NA,NA,NA,"cz_hnscc_hpv"
"plasma_cell","EGR3","spearman",1200,42,NA,0.20442476485202,NA,"cv_r2",NA,NA,NA,NA,NA,"cz_hnscc_hpv"
"plasma_cell","AHR","rf",1200,42,0.617699618499601,0.627203662829133,NA,"oob_r2",-0.0525762030170912,0.0196078431372549,TRUE,0.952213488912298,1,"cz_hnscc_hpv"
"plasma_cell","AHR","lm",1200,42,NA,0.536749131254514,NA,"cv_r2",NA,NA,NA,NA,NA,"cz_hnscc_hpv"
"plasma_cell","AHR","ridge",1200,42,NA,0.536541395192757,NA,"cv_r2",NA,NA,NA,NA,NA,"cz_hnscc_hpv"
"plasma_cell","AHR","spearman",1200,42,NA,0.18442874875217,NA,"cv_r2",NA,NA,NA,NA,NA,"cz_hnscc_hpv"
"plasma_cell","TCF12","rf",1200,42,0.669894444893298,0.67529921139159,NA,"oob_r2",-0.0464525138550018,0.0196078431372549,TRUE,0.951007031665001,0.77037037037037,"cz_hnscc_hpv"
"plasma_cell","TCF12","lm",1200,42,NA,0.655595001893073,NA,"cv_r2",NA,NA,NA,NA,NA,"cz_hnscc_hpv"
"plasma_cell","TCF12","ridge",1200,42,NA,0.657504050206452,NA,"cv_r2",NA,NA,NA,NA,NA,"cz_hnscc_hpv"
"plasma_cell","TCF12","spearman",1200,42,NA,0.218674569757206,NA,"cv_r2",NA,NA,NA,NA,NA,"cz_hnscc_hpv"
"plasma_cell","FOXN1","rf",1200,42,0.643212465629094,0.645789759233571,NA,"oob_r2",-0.0602591602929709,0.0196078431372549,TRUE,0.952753693649893,1,"cz_hnscc_hpv"
"plasma_cell","FOXN1","lm",1200,42,NA,0.426945062112291,NA,"cv_r2",NA,NA,NA,NA,NA,"cz_hnscc_hpv"
"plasma_cell","FOXN1","ridge",1200,42,NA,0.428118728594557,NA,"cv_r2",NA,NA,NA,NA,NA,"cz_hnscc_hpv"
"plasma_cell","FOXN1","spearman",1200,42,NA,0.140289091918822,NA,"cv_r2",NA,NA,NA,NA,NA,"cz_hnscc_hpv"
"plasma_cell","REL","rf",1200,42,0.651301746377083,0.655622125091308,NA,"oob_r2",-0.038048399094718,0.0196078431372549,TRUE,0.954619200677057,0.933333333333333,"cz_hnscc_hpv"
"plasma_cell","REL","lm",1200,42,NA,0.598961789473176,NA,"cv_r2",NA,NA,NA,NA,NA,"cz_hnscc_hpv"
"plasma_cell","REL","ridge",1200,42,NA,0.602988822228342,NA,"cv_r2",NA,NA,NA,NA,NA,"cz_hnscc_hpv"
"plasma_cell","REL","spearman",1200,42,NA,0.176142669490216,NA,"cv_r2",NA,NA,NA,NA,NA,"cz_hnscc_hpv"
"plasma_cell","HES1","rf",1200,42,0.628147193611529,0.623102708264417,NA,"oob_r2",-0.0611542937533077,0.0196078431372549,TRUE,0.934988160512834,1,"cz_hnscc_hpv"
"plasma_cell","HES1","lm",1200,42,NA,0.388469262402388,NA,"cv_r2",NA,NA,NA,NA,NA,"cz_hnscc_hpv"
"plasma_cell","HES1","ridge",1200,42,NA,0.390729458600217,NA,"cv_r2",NA,NA,NA,NA,NA,"cz_hnscc_hpv"
"plasma_cell","HES1","spearman",1200,42,NA,0.102052374395959,NA,"cv_r2",NA,NA,NA,NA,NA,"cz_hnscc_hpv"
"plasma_cell","PURA","rf",1200,42,0.681253457258646,0.682647480535757,NA,"oob_r2",-0.0442218490776517,0.0196078431372549,TRUE,0.953304702482241,0.737566137566138,"cz_hnscc_hpv"
"plasma_cell","PURA","lm",1200,42,NA,0.685498584931594,NA,"cv_r2",NA,NA,NA,NA,NA,"cz_hnscc_hpv"
"plasma_cell","PURA","ridge",1200,42,NA,0.686360627229572,NA,"cv_r2",NA,NA,NA,NA,NA,"cz_hnscc_hpv"
"plasma_cell","PURA","spearman",1200,42,NA,0.299284146244245,NA,"cv_r2",NA,NA,NA,NA,NA,"cz_hnscc_hpv"
"plasma_cell","MAFB","rf",1200,42,0.635117895159068,0.641799180322604,NA,"oob_r2",-0.0467866997164648,0.0196078431372549,TRUE,0.953214668359308,0.696296296296296,"cz_hnscc_hpv"
"plasma_cell","MAFB","lm",1200,42,NA,0.605004114413977,NA,"cv_r2",NA,NA,NA,NA,NA,"cz_hnscc_hpv"
"plasma_cell","MAFB","ridge",1200,42,NA,0.611609687753561,NA,"cv_r2",NA,NA,NA,NA,NA,"cz_hnscc_hpv"
"plasma_cell","MAFB","spearman",1200,42,NA,0.180989301634375,NA,"cv_r2",NA,NA,NA,NA,NA,"cz_hnscc_hpv"
"plasma_cell","IRF4","rf",1200,42,0.63428334047431,0.617961442088404,NA,"oob_r2",-0.0469011131198658,0.0196078431372549,TRUE,0.956293835363603,0.874074074074074,"cz_hnscc_hpv"
"plasma_cell","IRF4","lm",1200,42,NA,0.608665215352843,NA,"cv_r2",NA,NA,NA,NA,NA,"cz_hnscc_hpv"
"plasma_cell","IRF4","ridge",1200,42,NA,0.609112151397119,NA,"cv_r2",NA,NA,NA,NA,NA,"cz_hnscc_hpv"
"plasma_cell","IRF4","spearman",1200,42,NA,0.18249113446826,NA,"cv_r2",NA,NA,NA,NA,NA,"cz_hnscc_hpv"
"plasma_cell","HOXA6","rf",1200,42,0.60120117997743,0.612812715408905,NA,"oob_r2",-0.0459662276661475,0.0196078431372549,TRUE,0.944816285372156,1,"cz_hnscc_hpv"
"plasma_cell","HOXA6","lm",1200,42,NA,0.604514652286699,NA,"cv_r2",NA,NA,NA,NA,NA,"cz_hnscc_hpv"
"plasma_cell","HOXA6","ridge",1200,42,NA,0.605769204844646,NA,"cv_r2",NA,NA,NA,NA,NA,"cz_hnscc_hpv"
"plasma_cell","HOXA6","spearman",1200,42,NA,0.206415505262815,NA,"cv_r2",NA,NA,NA,NA,NA,"cz_hnscc_hpv"
"plasma_cell","PATZ1","rf",1200,42,0.648726495751388,0.639119092347601,NA,"oob_r2",-0.055217400900056,0.0196078431372549,TRUE,0.936050563163439,1,"cz_hnscc_hpv"
"plasma_cell","PATZ1","lm",1200,42,NA,0.439394462874841,NA,"cv_r2",NA,NA,NA,NA,NA,"cz_hnscc_hpv"
"plasma_cell","PATZ1","ridge",1200,42,NA,0.441161642659705,NA,"cv_r2",NA,NA,NA,NA,NA,"cz_hnscc_hpv"
"plasma_cell","PATZ1","spearman",1200,42,NA,0.156477561209251,NA,"cv_r2",NA,NA,NA,NA,NA,"cz_hnscc_hpv"
"plasma_cell","IRF6","rf",1200,42,0.625737853314278,0.618540210595893,NA,"oob_r2",-0.0636411700145115,0.0196078431372549,TRUE,0.948017898783639,1,"cz_hnscc_hpv"
"plasma_cell","IRF6","lm",1200,42,NA,0.370743739856453,NA,"cv_r2",NA,NA,NA,NA,NA,"cz_hnscc_hpv"
"plasma_cell","IRF6","ridge",1200,42,NA,0.374037209212451,NA,"cv_r2",NA,NA,NA,NA,NA,"cz_hnscc_hpv"
"plasma_cell","IRF6","spearman",1200,42,NA,0.108347720314726,NA,"cv_r2",NA,NA,NA,NA,NA,"cz_hnscc_hpv"
"plasma_cell","GATA2","rf",1200,42,0.624994774908007,0.621095977069605,NA,"oob_r2",-0.0662372099228686,0.0196078431372549,TRUE,0.931689310248584,1,"cz_hnscc_hpv"
"plasma_cell","GATA2","lm",1200,42,NA,0.404574767470456,NA,"cv_r2",NA,NA,NA,NA,NA,"cz_hnscc_hpv"
"plasma_cell","GATA2","ridge",1200,42,NA,0.406048709753773,NA,"cv_r2",NA,NA,NA,NA,NA,"cz_hnscc_hpv"
"plasma_cell","GATA2","spearman",1200,42,NA,0.112232149361669,NA,"cv_r2",NA,NA,NA,NA,NA,"cz_hnscc_hpv"
"plasma_cell","ID1","rf",1200,42,0.627790747491073,0.630341769798239,NA,"oob_r2",-0.0602096327691616,0.0196078431372549,TRUE,0.946505325518372,0.881481481481481,"cz_hnscc_hpv"
"plasma_cell","ID1","lm",1200,42,NA,0.45669675124634,NA,"cv_r2",NA,NA,NA,NA,NA,"cz_hnscc_hpv"
"plasma_cell","ID1","ridge",1200,42,NA,0.457744892441607,NA,"cv_r2",NA,NA,NA,NA,NA,"cz_hnscc_hpv"
"plasma_cell","ID1","spearman",1200,42,NA,0.153036766883736,NA,"cv_r2",NA,NA,NA,NA,NA,"cz_hnscc_hpv"
"plasma_cell","IRF1","rf",1200,42,0.691195575366427,0.680077189975126,NA,"oob_r2",-0.0357742330616091,0.0196078431372549,TRUE,0.947279618975592,0.816931216931217,"cz_hnscc_hpv"
"plasma_cell","IRF1","lm",1200,42,NA,0.622217732295764,NA,"cv_r2",NA,NA,NA,NA,NA,"cz_hnscc_hpv"
"plasma_cell","IRF1","ridge",1200,42,NA,0.627640649007103,NA,"cv_r2",NA,NA,NA,NA,NA,"cz_hnscc_hpv"
"plasma_cell","IRF1","spearman",1200,42,NA,0.181889581651607,NA,"cv_r2",NA,NA,NA,NA,NA,"cz_hnscc_hpv"
"plasma_cell","KLF4","rf",1200,42,0.634520608198737,0.633453017985787,NA,"oob_r2",-0.043292404165113,0.0196078431372549,TRUE,0.955253040902502,0.814814814814815,"cz_hnscc_hpv"
"plasma_cell","KLF4","lm",1200,42,NA,0.569985280619682,NA,"cv_r2",NA,NA,NA,NA,NA,"cz_hnscc_hpv"
"plasma_cell","KLF4","ridge",1200,42,NA,0.575536239851085,NA,"cv_r2",NA,NA,NA,NA,NA,"cz_hnscc_hpv"
"plasma_cell","KLF4","spearman",1200,42,NA,0.144469932964595,NA,"cv_r2",NA,NA,NA,NA,NA,"cz_hnscc_hpv"
"plasma_cell","E2F2","rf",1200,42,0.614102863112929,0.620807387589507,NA,"oob_r2",-0.0546062682504503,0.0196078431372549,TRUE,0.942630256867353,1,"cz_hnscc_hpv"
"plasma_cell","E2F2","lm",1200,42,NA,0.412189946428616,NA,"cv_r2",NA,NA,NA,NA,NA,"cz_hnscc_hpv"
"plasma_cell","E2F2","ridge",1200,42,NA,0.41355733271033,NA,"cv_r2",NA,NA,NA,NA,NA,"cz_hnscc_hpv"
"plasma_cell","E2F2","spearman",1200,42,NA,0.128534376336834,NA,"cv_r2",NA,NA,NA,NA,NA,"cz_hnscc_hpv"
"plasma_cell","BDP1","rf",1200,42,0.670820250288128,0.669795592928977,NA,"oob_r2",-0.0658824266431959,0.0196078431372549,TRUE,0.953556798026452,0.762962962962963,"cz_hnscc_hpv"
"plasma_cell","BDP1","lm",1200,42,NA,0.498898364952806,NA,"cv_r2",NA,NA,NA,NA,NA,"cz_hnscc_hpv"
"plasma_cell","BDP1","ridge",1200,42,NA,0.500333392215569,NA,"cv_r2",NA,NA,NA,NA,NA,"cz_hnscc_hpv"
"plasma_cell","BDP1","spearman",1200,42,NA,0.185112889106211,NA,"cv_r2",NA,NA,NA,NA,NA,"cz_hnscc_hpv"
"plasma_cell","JUN","rf",1200,42,0.660149618861875,0.666027078896744,NA,"oob_r2",-0.0660586140080646,0.0196078431372549,TRUE,0.957226588877184,0.755555555555556,"cz_hnscc_hpv"
"plasma_cell","JUN","lm",1200,42,NA,0.505552009812482,NA,"cv_r2",NA,NA,NA,NA,NA,"cz_hnscc_hpv"
"plasma_cell","JUN","ridge",1200,42,NA,0.506414314415752,NA,"cv_r2",NA,NA,NA,NA,NA,"cz_hnscc_hpv"
"plasma_cell","JUN","spearman",1200,42,NA,0.187723719707002,NA,"cv_r2",NA,NA,NA,NA,NA,"cz_hnscc_hpv"
"plasma_cell","ZNF770","rf",1200,42,0.649403678896813,0.652628091858935,NA,"oob_r2",-0.0641873973726487,0.0196078431372549,TRUE,0.944358912027658,1,"cz_hnscc_hpv"
"plasma_cell","ZNF770","lm",1200,42,NA,0.448822350156441,NA,"cv_r2",NA,NA,NA,NA,NA,"cz_hnscc_hpv"
"plasma_cell","ZNF770","ridge",1200,42,NA,0.449145547456245,NA,"cv_r2",NA,NA,NA,NA,NA,"cz_hnscc_hpv"
"plasma_cell","ZNF770","spearman",1200,42,NA,0.14675749202646,NA,"cv_r2",NA,NA,NA,NA,NA,"cz_hnscc_hpv"
"plasma_cell","FOXP1","rf",1200,42,0.589931366640825,0.5884662064277,NA,"oob_r2",-0.0578372857864826,0.0196078431372549,TRUE,0.924763885512609,0.755555555555556,"cz_hnscc_hpv"
"plasma_cell","FOXP1","lm",1200,42,NA,0.555877586871386,NA,"cv_r2",NA,NA,NA,NA,NA,"cz_hnscc_hpv"
"plasma_cell","FOXP1","ridge",1200,42,NA,0.559277057971046,NA,"cv_r2",NA,NA,NA,NA,NA,"cz_hnscc_hpv"
"plasma_cell","FOXP1","spearman",1200,42,NA,0.198708225730448,NA,"cv_r2",NA,NA,NA,NA,NA,"cz_hnscc_hpv"
"plasma_cell","VDR","rf",1200,42,0.537871406818998,0.551851031344307,NA,"oob_r2",-0.0536186696128025,0.0196078431372549,TRUE,0.931516444732554,0.650793650793651,"cz_hnscc_hpv"
"plasma_cell","VDR","lm",1200,42,NA,0.513537055077558,NA,"cv_r2",NA,NA,NA,NA,NA,"cz_hnscc_hpv"
"plasma_cell","VDR","ridge",1200,42,NA,0.515189417884703,NA,"cv_r2",NA,NA,NA,NA,NA,"cz_hnscc_hpv"
"plasma_cell","VDR","spearman",1200,42,NA,0.177138197372596,NA,"cv_r2",NA,NA,NA,NA,NA,"cz_hnscc_hpv"
"plasma_cell","POU5F1","rf",1200,42,0.72426405897126,0.72563852017446,NA,"oob_r2",-0.0588288128095005,0.0196078431372549,TRUE,0.936277449153229,0.819047619047619,"cz_hnscc_hpv"
"plasma_cell","POU5F1","lm",1200,42,NA,0.660029185308024,NA,"cv_r2",NA,NA,NA,NA,NA,"cz_hnscc_hpv"
"plasma_cell","POU5F1","ridge",1200,42,NA,0.660443253281602,NA,"cv_r2",NA,NA,NA,NA,NA,"cz_hnscc_hpv"
"plasma_cell","POU5F1","spearman",1200,42,NA,0.221611687223568,NA,"cv_r2",NA,NA,NA,NA,NA,"cz_hnscc_hpv"
"plasma_cell","FOXE1","rf",1200,42,0.635189036791774,0.633573212509565,NA,"oob_r2",-0.0629232938856547,0.0196078431372549,TRUE,0.939587103512231,1,"cz_hnscc_hpv"
"plasma_cell","FOXE1","lm",1200,42,NA,0.422535723581775,NA,"cv_r2",NA,NA,NA,NA,NA,"cz_hnscc_hpv"
"plasma_cell","FOXE1","ridge",1200,42,NA,0.423605819532137,NA,"cv_r2",NA,NA,NA,NA,NA,"cz_hnscc_hpv"
"plasma_cell","FOXE1","spearman",1200,42,NA,0.132040153510036,NA,"cv_r2",NA,NA,NA,NA,NA,"cz_hnscc_hpv"
"plasma_cell","TWIST2","rf",1200,42,0.622827963582992,0.607809272707628,NA,"oob_r2",-0.0447811295230567,0.0196078431372549,TRUE,0.947989087864301,0.933333333333333,"cz_hnscc_hpv"
"plasma_cell","TWIST2","lm",1200,42,NA,0.581109111612712,NA,"cv_r2",NA,NA,NA,NA,NA,"cz_hnscc_hpv"
"plasma_cell","TWIST2","ridge",1200,42,NA,0.586635170163621,NA,"cv_r2",NA,NA,NA,NA,NA,"cz_hnscc_hpv"
"plasma_cell","TWIST2","spearman",1200,42,NA,0.216513855356913,NA,"cv_r2",NA,NA,NA,NA,NA,"cz_hnscc_hpv"
"plasma_cell","TBP","rf",1200,42,0.64218580410231,0.642760957898223,NA,"oob_r2",-0.0530460801619578,0.0196078431372549,TRUE,0.958811189440798,1,"cz_hnscc_hpv"
"plasma_cell","TBP","lm",1200,42,NA,0.476554085788779,NA,"cv_r2",NA,NA,NA,NA,NA,"cz_hnscc_hpv"
"plasma_cell","TBP","ridge",1200,42,NA,0.477864205491357,NA,"cv_r2",NA,NA,NA,NA,NA,"cz_hnscc_hpv"
"plasma_cell","TBP","spearman",1200,42,NA,0.148096265639316,NA,"cv_r2",NA,NA,NA,NA,NA,"cz_hnscc_hpv"
"plasma_cell","ELF3","rf",1200,42,0.640332352204536,0.630523926914362,NA,"oob_r2",-0.0605984993450785,0.0196078431372549,TRUE,0.935222249232459,1,"cz_hnscc_hpv"
"plasma_cell","ELF3","lm",1200,42,NA,0.395523470053863,NA,"cv_r2",NA,NA,NA,NA,NA,"cz_hnscc_hpv"
"plasma_cell","ELF3","ridge",1200,42,NA,0.397093143435267,NA,"cv_r2",NA,NA,NA,NA,NA,"cz_hnscc_hpv"
"plasma_cell","ELF3","spearman",1200,42,NA,0.114023031442416,NA,"cv_r2",NA,NA,NA,NA,NA,"cz_hnscc_hpv"
"plasma_cell","ZIC5","rf",1200,42,0.640139737584513,0.638751199162714,NA,"oob_r2",-0.0701627638906975,0.0196078431372549,TRUE,0.929254787564487,1,"cz_hnscc_hpv"
"plasma_cell","ZIC5","lm",1200,42,NA,0.421488669185184,NA,"cv_r2",NA,NA,NA,NA,NA,"cz_hnscc_hpv"
"plasma_cell","ZIC5","ridge",1200,42,NA,0.422821112178571,NA,"cv_r2",NA,NA,NA,NA,NA,"cz_hnscc_hpv"
"plasma_cell","ZIC5","spearman",1200,42,NA,0.132166194962121,NA,"cv_r2",NA,NA,NA,NA,NA,"cz_hnscc_hpv"
"plasma_cell","MAFA","rf",1200,42,0.543891545522847,0.544473720671893,NA,"oob_r2",-0.058277099005248,0.0196078431372549,TRUE,0.927958296194258,0.653968253968254,"cz_hnscc_hpv"
"plasma_cell","MAFA","lm",1200,42,NA,0.52516058461795,NA,"cv_r2",NA,NA,NA,NA,NA,"cz_hnscc_hpv"
"plasma_cell","MAFA","ridge",1200,42,NA,0.527056542895036,NA,"cv_r2",NA,NA,NA,NA,NA,"cz_hnscc_hpv"
"plasma_cell","MAFA","spearman",1200,42,NA,0.177048226767248,NA,"cv_r2",NA,NA,NA,NA,NA,"cz_hnscc_hpv"
"plasma_cell","KLF2","rf",1200,42,0.619595417414905,0.603805589668512,NA,"oob_r2",-0.0634505023611578,0.0196078431372549,TRUE,0.932946186604723,0.874074074074074,"cz_hnscc_hpv"
"plasma_cell","KLF2","lm",1200,42,NA,0.440107749934046,NA,"cv_r2",NA,NA,NA,NA,NA,"cz_hnscc_hpv"
"plasma_cell","KLF2","ridge",1200,42,NA,0.441034457795018,NA,"cv_r2",NA,NA,NA,NA,NA,"cz_hnscc_hpv"
"plasma_cell","KLF2","spearman",1200,42,NA,0.15842999853275,NA,"cv_r2",NA,NA,NA,NA,NA,"cz_hnscc_hpv"
"plasma_cell","UBP1","rf",1200,42,0.612328023101666,0.605320712471676,NA,"oob_r2",-0.0597513565000099,0.0196078431372549,TRUE,0.948089926081985,0.8,"cz_hnscc_hpv"
"plasma_cell","UBP1","lm",1200,42,NA,0.571392846648646,NA,"cv_r2",NA,NA,NA,NA,NA,"cz_hnscc_hpv"
"plasma_cell","UBP1","ridge",1200,42,NA,0.576224601989828,NA,"cv_r2",NA,NA,NA,NA,NA,"cz_hnscc_hpv"
"plasma_cell","UBP1","spearman",1200,42,NA,0.149493569611446,NA,"cv_r2",NA,NA,NA,NA,NA,"cz_hnscc_hpv"
"plasma_cell","TCFL5","rf",1200,42,0.625978464963296,0.624807077973023,NA,"oob_r2",-0.0617401271518227,0.0196078431372549,TRUE,0.940685519812009,1,"cz_hnscc_hpv"
"plasma_cell","TCFL5","lm",1200,42,NA,0.396923874951031,NA,"cv_r2",NA,NA,NA,NA,NA,"cz_hnscc_hpv"
"plasma_cell","TCFL5","ridge",1200,42,NA,0.398418689799249,NA,"cv_r2",NA,NA,NA,NA,NA,"cz_hnscc_hpv"
"plasma_cell","TCFL5","spearman",1200,42,NA,0.113691314099121,NA,"cv_r2",NA,NA,NA,NA,NA,"cz_hnscc_hpv"
"plasma_cell","RORC","rf",1200,42,0.662818623685555,0.663010049621138,NA,"oob_r2",-0.0586017416751788,0.0196078431372549,TRUE,0.958659932114271,0.874074074074074,"cz_hnscc_hpv"
"plasma_cell","RORC","lm",1200,42,NA,0.561863074870704,NA,"cv_r2",NA,NA,NA,NA,NA,"cz_hnscc_hpv"
"plasma_cell","RORC","ridge",1200,42,NA,0.563347483619989,NA,"cv_r2",NA,NA,NA,NA,NA,"cz_hnscc_hpv"
"plasma_cell","RORC","spearman",1200,42,NA,0.189335805962427,NA,"cv_r2",NA,NA,NA,NA,NA,"cz_hnscc_hpv"
"plasma_cell","RUNX1","rf",1200,42,0.73274676013383,0.728303416410964,NA,"oob_r2",-0.0649359947514377,0.0196078431372549,TRUE,0.945727430696234,0.82962962962963,"cz_hnscc_hpv"
"plasma_cell","RUNX1","lm",1200,42,NA,0.618786129431037,NA,"cv_r2",NA,NA,NA,NA,NA,"cz_hnscc_hpv"
"plasma_cell","RUNX1","ridge",1200,42,NA,0.619437877191973,NA,"cv_r2",NA,NA,NA,NA,NA,"cz_hnscc_hpv"
"plasma_cell","RUNX1","spearman",1200,42,NA,0.160594099370355,NA,"cv_r2",NA,NA,NA,NA,NA,"cz_hnscc_hpv"
"plasma_cell","BCL11B","rf",1200,42,0.604982383322274,0.611082180491488,NA,"oob_r2",-0.0537232428342521,0.0196078431372549,TRUE,0.950441617372984,0.680687830687831,"cz_hnscc_hpv"
"plasma_cell","BCL11B","lm",1200,42,NA,0.596842336401417,NA,"cv_r2",NA,NA,NA,NA,NA,"cz_hnscc_hpv"
"plasma_cell","BCL11B","ridge",1200,42,NA,0.596624827242384,NA,"cv_r2",NA,NA,NA,NA,NA,"cz_hnscc_hpv"
"plasma_cell","BCL11B","spearman",1200,42,NA,0.181920414954654,NA,"cv_r2",NA,NA,NA,NA,NA,"cz_hnscc_hpv"
"plasma_cell","FOS","rf",1200,42,0.609636505792294,0.606474160661692,NA,"oob_r2",-0.0549863807464343,0.0196078431372549,TRUE,0.928347243605326,0.933333333333333,"cz_hnscc_hpv"
"plasma_cell","FOS","lm",1200,42,NA,0.410533758689564,NA,"cv_r2",NA,NA,NA,NA,NA,"cz_hnscc_hpv"
"plasma_cell","FOS","ridge",1200,42,NA,0.41171030883181,NA,"cv_r2",NA,NA,NA,NA,NA,"cz_hnscc_hpv"
"plasma_cell","FOS","spearman",1200,42,NA,0.135189515510026,NA,"cv_r2",NA,NA,NA,NA,NA,"cz_hnscc_hpv"
"plasma_cell","NR1H4","rf",1200,42,0.635768808296548,0.633756565127974,NA,"oob_r2",-0.0445230734947394,0.0196078431372549,TRUE,0.964836272947447,0.666666666666667,"cz_hnscc_hpv"
"plasma_cell","NR1H4","lm",1200,42,NA,0.578328547578201,NA,"cv_r2",NA,NA,NA,NA,NA,"cz_hnscc_hpv"
"plasma_cell","NR1H4","ridge",1200,42,NA,0.58022407993074,NA,"cv_r2",NA,NA,NA,NA,NA,"cz_hnscc_hpv"
"plasma_cell","NR1H4","spearman",1200,42,NA,0.185298965293211,NA,"cv_r2",NA,NA,NA,NA,NA,"cz_hnscc_hpv"
"plasma_cell","FOXS1","rf",1200,42,0.607666214529893,0.599263357671186,NA,"oob_r2",-0.0355732967699855,0.0196078431372549,TRUE,0.950128298625179,0.565079365079365,"cz_hnscc_hpv"
"plasma_cell","FOXS1","lm",1200,42,NA,0.530359138266456,NA,"cv_r2",NA,NA,NA,NA,NA,"cz_hnscc_hpv"
"plasma_cell","FOXS1","ridge",1200,42,NA,0.534572203169234,NA,"cv_r2",NA,NA,NA,NA,NA,"cz_hnscc_hpv"
"plasma_cell","FOXS1","spearman",1200,42,NA,0.223039261479307,NA,"cv_r2",NA,NA,NA,NA,NA,"cz_hnscc_hpv"
"plasma_cell","LYL1","rf",1200,42,0.675715192774086,0.675452815214802,NA,"oob_r2",-0.066593160363964,0.0196078431372549,TRUE,0.940505451566144,0.782010582010582,"cz_hnscc_hpv"
"plasma_cell","LYL1","lm",1200,42,NA,0.508214548820914,NA,"cv_r2",NA,NA,NA,NA,NA,"cz_hnscc_hpv"
"plasma_cell","LYL1","ridge",1200,42,NA,0.508836322698859,NA,"cv_r2",NA,NA,NA,NA,NA,"cz_hnscc_hpv"
"plasma_cell","LYL1","spearman",1200,42,NA,0.156615343741876,NA,"cv_r2",NA,NA,NA,NA,NA,"cz_hnscc_hpv"
"plasma_cell","NR2F2","rf",1200,42,0.656710603918621,0.651418828717374,NA,"oob_r2",-0.0624776981670761,0.0196078431372549,TRUE,0.94327490118755,1,"cz_hnscc_hpv"
"plasma_cell","NR2F2","lm",1200,42,NA,0.431920291279296,NA,"cv_r2",NA,NA,NA,NA,NA,"cz_hnscc_hpv"
"plasma_cell","NR2F2","ridge",1200,42,NA,0.432389664338951,NA,"cv_r2",NA,NA,NA,NA,NA,"cz_hnscc_hpv"
"plasma_cell","NR2F2","spearman",1200,42,NA,0.113653089293528,NA,"cv_r2",NA,NA,NA,NA,NA,"cz_hnscc_hpv"
"plasma_cell","HES2","rf",1200,42,0.632616884504026,0.644753504893087,NA,"oob_r2",-0.0688840804239226,0.0196078431372549,TRUE,0.936950904392765,1,"cz_hnscc_hpv"
"plasma_cell","HES2","lm",1200,42,NA,0.40037651086544,NA,"cv_r2",NA,NA,NA,NA,NA,"cz_hnscc_hpv"
"plasma_cell","HES2","ridge",1200,42,NA,0.401600494513432,NA,"cv_r2",NA,NA,NA,NA,NA,"cz_hnscc_hpv"
"plasma_cell","HES2","spearman",1200,42,NA,0.115278191916543,NA,"cv_r2",NA,NA,NA,NA,NA,"cz_hnscc_hpv"
"plasma_cell","ETS2","rf",1200,42,0.605164200811841,0.60128529171496,NA,"oob_r2",-0.062118228508695,0.0196078431372549,TRUE,0.942950778344993,1,"cz_hnscc_hpv"
"plasma_cell","ETS2","lm",1200,42,NA,0.372434205725425,NA,"cv_r2",NA,NA,NA,NA,NA,"cz_hnscc_hpv"
"plasma_cell","ETS2","ridge",1200,42,NA,0.374528283033335,NA,"cv_r2",NA,NA,NA,NA,NA,"cz_hnscc_hpv"
"plasma_cell","ETS2","spearman",1200,42,NA,0.0982375972823847,NA,"cv_r2",NA,NA,NA,NA,NA,"cz_hnscc_hpv"
"plasma_cell","LHX2","rf",1200,42,0.614032261218581,0.610545942644705,NA,"oob_r2",-0.0459954299880107,0.0196078431372549,TRUE,0.946271236798747,0.62010582010582,"cz_hnscc_hpv"
"plasma_cell","LHX2","lm",1200,42,NA,0.594643176434584,NA,"cv_r2",NA,NA,NA,NA,NA,"cz_hnscc_hpv"
"plasma_cell","LHX2","ridge",1200,42,NA,0.598247104373364,NA,"cv_r2",NA,NA,NA,NA,NA,"cz_hnscc_hpv"
"plasma_cell","LHX2","spearman",1200,42,NA,0.17540403737034,NA,"cv_r2",NA,NA,NA,NA,NA,"cz_hnscc_hpv"
"plasma_cell","TBX2","rf",1200,42,0.60170631777174,0.587764763316575,NA,"oob_r2",-0.0488855966466875,0.0196078431372549,TRUE,0.94310203567152,1,"cz_hnscc_hpv"
"plasma_cell","TBX2","lm",1200,42,NA,0.533772773089609,NA,"cv_r2",NA,NA,NA,NA,NA,"cz_hnscc_hpv"
"plasma_cell","TBX2","ridge",1200,42,NA,0.537598330569107,NA,"cv_r2",NA,NA,NA,NA,NA,"cz_hnscc_hpv"
"plasma_cell","TBX2","spearman",1200,42,NA,0.196658687326521,NA,"cv_r2",NA,NA,NA,NA,NA,"cz_hnscc_hpv"
"plasma_cell","STAT4","rf",1200,42,0.635501615463902,0.636896086285729,NA,"oob_r2",-0.0602992111737407,0.0196078431372549,TRUE,0.952206286182463,0.82962962962963,"cz_hnscc_hpv"
"plasma_cell","STAT4","lm",1200,42,NA,0.466075507033115,NA,"cv_r2",NA,NA,NA,NA,NA,"cz_hnscc_hpv"
"plasma_cell","STAT4","ridge",1200,42,NA,0.467815703176767,NA,"cv_r2",NA,NA,NA,NA,NA,"cz_hnscc_hpv"
"plasma_cell","STAT4","spearman",1200,42,NA,0.164623660835251,NA,"cv_r2",NA,NA,NA,NA,NA,"cz_hnscc_hpv"
"plasma_cell","ARHGEF12","rf",1200,42,0.483310647312296,0.467292208762609,NA,"oob_r2",-0.0555203966327237,0.0196078431372549,TRUE,0.941848760680298,0.785185185185185,"cz_hnscc_hpv"
"plasma_cell","ARHGEF12","lm",1200,42,NA,0.388500424928104,NA,"cv_r2",NA,NA,NA,NA,NA,"cz_hnscc_hpv"
"plasma_cell","ARHGEF12","ridge",1200,42,NA,0.38839060669702,NA,"cv_r2",NA,NA,NA,NA,NA,"cz_hnscc_hpv"
"plasma_cell","ARHGEF12","spearman",1200,42,NA,0.134695925416706,NA,"cv_r2",NA,NA,NA,NA,NA,"cz_hnscc_hpv"
"plasma_cell","CBX5","rf",1200,42,0.493483292522177,0.496403624746592,NA,"oob_r2",-0.0518525715939775,0.0196078431372549,TRUE,0.943933950967417,0.686772486772487,"cz_hnscc_hpv"
"plasma_cell","CBX5","lm",1200,42,NA,0.422871943502947,NA,"cv_r2",NA,NA,NA,NA,NA,"cz_hnscc_hpv"
"plasma_cell","CBX5","ridge",1200,42,NA,0.43162479341601,NA,"cv_r2",NA,NA,NA,NA,NA,"cz_hnscc_hpv"
"plasma_cell","CBX5","spearman",1200,42,NA,0.148232548229156,NA,"cv_r2",NA,NA,NA,NA,NA,"cz_hnscc_hpv"
"plasma_cell","TP53","rf",1200,42,0.584257372366531,0.581975174091864,NA,"oob_r2",-0.0386294989360528,0.0196078431372549,TRUE,0.956009327535136,0.692063492063492,"cz_hnscc_hpv"
"plasma_cell","TP53","lm",1200,42,NA,0.537456202883706,NA,"cv_r2",NA,NA,NA,NA,NA,"cz_hnscc_hpv"
"plasma_cell","TP53","ridge",1200,42,NA,0.543301842084351,NA,"cv_r2",NA,NA,NA,NA,NA,"cz_hnscc_hpv"
"plasma_cell","TP53","spearman",1200,42,NA,0.152480150069686,NA,"cv_r2",NA,NA,NA,NA,NA,"cz_hnscc_hpv"
"plasma_cell","SETDB1","rf",1200,42,0.583268648851036,0.586606838851167,NA,"oob_r2",-0.0584352848633711,0.0196078431372549,TRUE,0.952015413841846,0.933333333333333,"cz_hnscc_hpv"
"plasma_cell","SETDB1","lm",1200,42,NA,0.400188628830716,NA,"cv_r2",NA,NA,NA,NA,NA,"cz_hnscc_hpv"
"plasma_cell","SETDB1","ridge",1200,42,NA,0.401929309885556,NA,"cv_r2",NA,NA,NA,NA,NA,"cz_hnscc_hpv"
"plasma_cell","SETDB1","spearman",1200,42,NA,0.0627258211419044,NA,"cv_r2",NA,NA,NA,NA,NA,"cz_hnscc_hpv"
"plasma_cell","WT1","rf",1200,42,0.640670626480554,0.628319752569201,NA,"oob_r2",-0.0612641314058507,0.0196078431372549,TRUE,0.960676696467961,0.881481481481481,"cz_hnscc_hpv"
"plasma_cell","WT1","lm",1200,42,NA,0.457090559772895,NA,"cv_r2",NA,NA,NA,NA,NA,"cz_hnscc_hpv"
"plasma_cell","WT1","ridge",1200,42,NA,0.457847594878504,NA,"cv_r2",NA,NA,NA,NA,NA,"cz_hnscc_hpv"
"plasma_cell","WT1","spearman",1200,42,NA,0.154166078675679,NA,"cv_r2",NA,NA,NA,NA,NA,"cz_hnscc_hpv"
"plasma_cell","PRDM11","rf",1200,42,0.604196704033384,0.59913086638089,NA,"oob_r2",-0.0620122603857197,0.0196078431372549,TRUE,0.950711719741782,0.661375661375661,"cz_hnscc_hpv"
"plasma_cell","PRDM11","lm",1200,42,NA,0.445401086738121,NA,"cv_r2",NA,NA,NA,NA,NA,"cz_hnscc_hpv"
"plasma_cell","PRDM11","ridge",1200,42,NA,0.447043905624069,NA,"cv_r2",NA,NA,NA,NA,NA,"cz_hnscc_hpv"
"plasma_cell","PRDM11","spearman",1200,42,NA,0.124381382887216,NA,"cv_r2",NA,NA,NA,NA,NA,"cz_hnscc_hpv"
"plasma_cell","PPARD","rf",1200,42,0.608158090056709,0.610721344485551,NA,"oob_r2",-0.0468815582706889,0.0196078431372549,TRUE,0.944683034870216,1,"cz_hnscc_hpv"
"plasma_cell","PPARD","lm",1200,42,NA,0.595058703330974,NA,"cv_r2",NA,NA,NA,NA,NA,"cz_hnscc_hpv"
"plasma_cell","PPARD","ridge",1200,42,NA,0.595990115171501,NA,"cv_r2",NA,NA,NA,NA,NA,"cz_hnscc_hpv"
"plasma_cell","PPARD","spearman",1200,42,NA,0.224390188142923,NA,"cv_r2",NA,NA,NA,NA,NA,"cz_hnscc_hpv"
"plasma_cell","TP63","rf",1200,42,0.519279445521686,0.51979159349277,NA,"oob_r2",-0.0643439118834111,0.0196078431372549,TRUE,0.953758474461821,0.933333333333333,"cz_hnscc_hpv"
"plasma_cell","TP63","lm",1200,42,NA,0.398904513392712,NA,"cv_r2",NA,NA,NA,NA,NA,"cz_hnscc_hpv"
"plasma_cell","TP63","ridge",1200,42,NA,0.401276945542326,NA,"cv_r2",NA,NA,NA,NA,NA,"cz_hnscc_hpv"
"plasma_cell","TP63","spearman",1200,42,NA,0.123041908919749,NA,"cv_r2",NA,NA,NA,NA,NA,"cz_hnscc_hpv"
"plasma_cell","ZNF449","rf",1200,42,0.567575163177809,0.568321513365662,NA,"oob_r2",-0.0574137169169107,0.0196078431372549,TRUE,0.94680063744159,0.702645502645503,"cz_hnscc_hpv"
"plasma_cell","ZNF449","lm",1200,42,NA,0.532963049793092,NA,"cv_r2",NA,NA,NA,NA,NA,"cz_hnscc_hpv"
"plasma_cell","ZNF449","ridge",1200,42,NA,0.536578469874537,NA,"cv_r2",NA,NA,NA,NA,NA,"cz_hnscc_hpv"
"plasma_cell","ZNF449","spearman",1200,42,NA,0.189312252633528,NA,"cv_r2",NA,NA,NA,NA,NA,"cz_hnscc_hpv"
"plasma_cell","POU3F1","rf",1200,42,0.559249226088229,0.551825563359826,NA,"oob_r2",-0.0548497975004089,0.0196078431372549,TRUE,0.921573076195878,0.712169312169312,"cz_hnscc_hpv"
"plasma_cell","POU3F1","lm",1200,42,NA,0.476792484836782,NA,"cv_r2",NA,NA,NA,NA,NA,"cz_hnscc_hpv"
"plasma_cell","POU3F1","ridge",1200,42,NA,0.484631804278585,NA,"cv_r2",NA,NA,NA,NA,NA,"cz_hnscc_hpv"
"plasma_cell","POU3F1","spearman",1200,42,NA,0.082674260058501,NA,"cv_r2",NA,NA,NA,NA,NA,"cz_hnscc_hpv"
"plasma_cell","NR3C2","rf",1200,42,0.636777321416828,0.622175894069057,NA,"oob_r2",-0.0701009631010236,0.0196078431372549,TRUE,0.942885953776481,1,"cz_hnscc_hpv"
"plasma_cell","NR3C2","lm",1200,42,NA,0.424088217410525,NA,"cv_r2",NA,NA,NA,NA,NA,"cz_hnscc_hpv"
"plasma_cell","NR3C2","ridge",1200,42,NA,0.425271909604128,NA,"cv_r2",NA,NA,NA,NA,NA,"cz_hnscc_hpv"
"plasma_cell","NR3C2","spearman",1200,42,NA,0.122906743917279,NA,"cv_r2",NA,NA,NA,NA,NA,"cz_hnscc_hpv"
"plasma_cell","NFIA","rf",1200,42,0.561629209352382,0.562232689294212,NA,"oob_r2",-0.0465228477301066,0.0196078431372549,TRUE,0.943584618570438,0.711375661375661,"cz_hnscc_hpv"
"plasma_cell","NFIA","lm",1200,42,NA,0.514760349803423,NA,"cv_r2",NA,NA,NA,NA,NA,"cz_hnscc_hpv"
"plasma_cell","NFIA","ridge",1200,42,NA,0.518039988578552,NA,"cv_r2",NA,NA,NA,NA,NA,"cz_hnscc_hpv"
"plasma_cell","NFIA","spearman",1200,42,NA,0.130664640105498,NA,"cv_r2",NA,NA,NA,NA,NA,"cz_hnscc_hpv"
"plasma_cell","E2F6","rf",1200,42,0.6456272714265,0.64893676308682,NA,"oob_r2",-0.0635340243725215,0.0196078431372549,TRUE,0.932640070586752,0.82962962962963,"cz_hnscc_hpv"
"plasma_cell","E2F6","lm",1200,42,NA,0.456090093853512,NA,"cv_r2",NA,NA,NA,NA,NA,"cz_hnscc_hpv"
"plasma_cell","E2F6","ridge",1200,42,NA,0.45706321098427,NA,"cv_r2",NA,NA,NA,NA,NA,"cz_hnscc_hpv"
"plasma_cell","E2F6","spearman",1200,42,NA,0.145219091713867,NA,"cv_r2",NA,NA,NA,NA,NA,"cz_hnscc_hpv"
"plasma_cell","ID3","rf",1200,42,0.63152030228204,0.63442261940565,NA,"oob_r2",-0.0701312977589134,0.0196078431372549,TRUE,0.948075520622316,1,"cz_hnscc_hpv"
"plasma_cell","ID3","lm",1200,42,NA,0.41917440595985,NA,"cv_r2",NA,NA,NA,NA,NA,"cz_hnscc_hpv"
"plasma_cell","ID3","ridge",1200,42,NA,0.420283915878297,NA,"cv_r2",NA,NA,NA,NA,NA,"cz_hnscc_hpv"
"plasma_cell","ID3","spearman",1200,42,NA,0.126088757467966,NA,"cv_r2",NA,NA,NA,NA,NA,"cz_hnscc_hpv"
"plasma_cell","NFYB","rf",1200,42,0.603987785102589,0.593528102738972,NA,"oob_r2",-0.052103696222098,0.0196078431372549,TRUE,0.96272227174099,0.724867724867725,"cz_hnscc_hpv"
"plasma_cell","NFYB","lm",1200,42,NA,0.521215958783561,NA,"cv_r2",NA,NA,NA,NA,NA,"cz_hnscc_hpv"
"plasma_cell","NFYB","ridge",1200,42,NA,0.521862164522863,NA,"cv_r2",NA,NA,NA,NA,NA,"cz_hnscc_hpv"
"plasma_cell","NFYB","spearman",1200,42,NA,0.168866377150929,NA,"cv_r2",NA,NA,NA,NA,NA,"cz_hnscc_hpv"
"plasma_cell","SNAI1","rf",1200,42,0.583421633994794,0.57170600008793,NA,"oob_r2",-0.0532094569801255,0.0196078431372549,TRUE,0.943901538683161,0.641269841269841,"cz_hnscc_hpv"
"plasma_cell","SNAI1","lm",1200,42,NA,0.531607027937567,NA,"cv_r2",NA,NA,NA,NA,NA,"cz_hnscc_hpv"
"plasma_cell","SNAI1","ridge",1200,42,NA,0.537941068127147,NA,"cv_r2",NA,NA,NA,NA,NA,"cz_hnscc_hpv"
"plasma_cell","SNAI1","spearman",1200,42,NA,0.224388988608659,NA,"cv_r2",NA,NA,NA,NA,NA,"cz_hnscc_hpv"
"plasma_cell","EGR2","rf",1200,42,0.590582399907924,0.573377090318965,NA,"oob_r2",-0.0443640110681231,0.0196078431372549,TRUE,0.941729915638027,0.71005291005291,"cz_hnscc_hpv"
"plasma_cell","EGR2","lm",1200,42,NA,0.511069551606712,NA,"cv_r2",NA,NA,NA,NA,NA,"cz_hnscc_hpv"
"plasma_cell","EGR2","ridge",1200,42,NA,0.517538654450021,NA,"cv_r2",NA,NA,NA,NA,NA,"cz_hnscc_hpv"
"plasma_cell","EGR2","spearman",1200,42,NA,0.200261536015227,NA,"cv_r2",NA,NA,NA,NA,NA,"cz_hnscc_hpv"
"plasma_cell","TEAD1","rf",1200,42,0.477630142031036,0.480550951637695,NA,"oob_r2",-0.068631578982096,0.0196078431372549,TRUE,0.924025605704562,0.744973544973545,"cz_hnscc_hpv"
"plasma_cell","TEAD1","lm",1200,42,NA,0.408444645800072,NA,"cv_r2",NA,NA,NA,NA,NA,"cz_hnscc_hpv"
"plasma_cell","TEAD1","ridge",1200,42,NA,0.412142411476044,NA,"cv_r2",NA,NA,NA,NA,NA,"cz_hnscc_hpv"
"plasma_cell","TEAD1","spearman",1200,42,NA,0.12604602324976,NA,"cv_r2",NA,NA,NA,NA,NA,"cz_hnscc_hpv"
"plasma_cell","ZNF436","rf",1200,42,0.477488411240019,0.467616884608981,NA,"oob_r2",-0.0656689690497897,0.0196078431372549,TRUE,0.925206853397438,0.718518518518518,"cz_hnscc_hpv"
"plasma_cell","ZNF436","lm",1200,42,NA,0.405312461816366,NA,"cv_r2",NA,NA,NA,NA,NA,"cz_hnscc_hpv"
"plasma_cell","ZNF436","ridge",1200,42,NA,0.411989697057451,NA,"cv_r2",NA,NA,NA,NA,NA,"cz_hnscc_hpv"
"plasma_cell","ZNF436","spearman",1200,42,NA,0.0851165524158519,NA,"cv_r2",NA,NA,NA,NA,NA,"cz_hnscc_hpv"
"plasma_cell","POLR2A","rf",1200,42,0.726163950078395,0.72528497036626,NA,"oob_r2",-0.0705678292163696,0.0196078431372549,TRUE,0.947247206691336,0.881481481481481,"cz_hnscc_hpv"
"plasma_cell","POLR2A","lm",1200,42,NA,0.611016964197844,NA,"cv_r2",NA,NA,NA,NA,NA,"cz_hnscc_hpv"
"plasma_cell","POLR2A","ridge",1200,42,NA,0.610922136179526,NA,"cv_r2",NA,NA,NA,NA,NA,"cz_hnscc_hpv"
"plasma_cell","POLR2A","spearman",1200,42,NA,0.209898923035541,NA,"cv_r2",NA,NA,NA,NA,NA,"cz_hnscc_hpv"
"plasma_cell","TBX1","rf",1200,42,0.681207862048318,0.685200737599532,NA,"oob_r2",-0.0587428801929957,0.0196078431372549,TRUE,0.946505325518371,0.762962962962963,"cz_hnscc_hpv"
"plasma_cell","TBX1","lm",1200,42,NA,0.51784658990259,NA,"cv_r2",NA,NA,NA,NA,NA,"cz_hnscc_hpv"
"plasma_cell","TBX1","ridge",1200,42,NA,0.518594049650985,NA,"cv_r2",NA,NA,NA,NA,NA,"cz_hnscc_hpv"
"plasma_cell","TBX1","spearman",1200,42,NA,0.142459957102309,NA,"cv_r2",NA,NA,NA,NA,NA,"cz_hnscc_hpv"
"plasma_cell","RFX8","rf",1200,42,0.464840752294091,0.44920644353637,NA,"oob_r2",-0.0605880109905615,0.0196078431372549,TRUE,0.943545003556348,0.747089947089947,"cz_hnscc_hpv"
"plasma_cell","RFX8","lm",1200,42,NA,0.367845110791002,NA,"cv_r2",NA,NA,NA,NA,NA,"cz_hnscc_hpv"
"plasma_cell","RFX8","ridge",1200,42,NA,0.376725871874959,NA,"cv_r2",NA,NA,NA,NA,NA,"cz_hnscc_hpv"
"plasma_cell","RFX8","spearman",1200,42,NA,0.112267749113644,NA,"cv_r2",NA,NA,NA,NA,NA,"cz_hnscc_hpv"
"plasma_cell","IKZF1","rf",1200,42,0.459766231874106,0.450653911516976,NA,"oob_r2",-0.0660856297688451,0.0196078431372549,TRUE,0.902233746589958,0.822222222222222,"cz_hnscc_hpv"
"plasma_cell","IKZF1","lm",1200,42,NA,0.380648571923645,NA,"cv_r2",NA,NA,NA,NA,NA,"cz_hnscc_hpv"
"plasma_cell","IKZF1","ridge",1200,42,NA,0.387203041842384,NA,"cv_r2",NA,NA,NA,NA,NA,"cz_hnscc_hpv"
"plasma_cell","IKZF1","spearman",1200,42,NA,0.124147436956625,NA,"cv_r2",NA,NA,NA,NA,NA,"cz_hnscc_hpv"
"plasma_cell","YBX1","rf",1200,42,0.650337842422486,0.612046486102595,NA,"oob_r2",-0.0763097667784389,0.0196078431372549,TRUE,0.799447190485194,0.767195767195767,"cz_hnscc_hpv"
"plasma_cell","YBX1","lm",1200,42,NA,0.38120478054506,NA,"cv_r2",NA,NA,NA,NA,NA,"cz_hnscc_hpv"
"plasma_cell","YBX1","ridge",1200,42,NA,0.383502442483012,NA,"cv_r2",NA,NA,NA,NA,NA,"cz_hnscc_hpv"
"plasma_cell","YBX1","spearman",1200,42,NA,0.221062574181493,NA,"cv_r2",NA,NA,NA,NA,NA,"cz_hnscc_hpv"
"plasma_cell","SOX9","rf",1200,42,0.294988622038271,0.318873691991955,NA,"oob_r2",-0.0747681259305448,0.0196078431372549,TRUE,0.623506108815241,0.61058201058201,"cz_hnscc_hpv"
"plasma_cell","SOX9","lm",1200,42,NA,0.121175802155198,NA,"cv_r2",NA,NA,NA,NA,NA,"cz_hnscc_hpv"
"plasma_cell","SOX9","ridge",1200,42,NA,0.118538148580849,NA,"cv_r2",NA,NA,NA,NA,NA,"cz_hnscc_hpv"
"plasma_cell","SOX9","spearman",1200,42,NA,0.049876374640488,NA,"cv_r2",NA,NA,NA,NA,NA,"cz_hnscc_hpv"
"CD4_minus_positive_comma_alpha_minus_beta_T_cell","NR3C1","rf",1200,46,0.755134796115953,0.75005593548908,NA,"oob_r2",-0.0357892381262084,0.0196078431372549,TRUE,0.954741494500976,0.77037037037037,"cz_hnscc_hpv"
"CD4_minus_positive_comma_alpha_minus_beta_T_cell","NR3C1","lm",1200,46,NA,0.752402885914428,NA,"cv_r2",NA,NA,NA,NA,NA,"cz_hnscc_hpv"
"CD4_minus_positive_comma_alpha_minus_beta_T_cell","NR3C1","ridge",1200,46,NA,0.755366217729376,NA,"cv_r2",NA,NA,NA,NA,NA,"cz_hnscc_hpv"
"CD4_minus_positive_comma_alpha_minus_beta_T_cell","NR3C1","spearman",1200,46,NA,0.395274014035362,NA,"cv_r2",NA,NA,NA,NA,NA,"cz_hnscc_hpv"
"CD4_minus_positive_comma_alpha_minus_beta_T_cell","EGR1","rf",1200,46,0.76150777556291,0.767274316452208,NA,"oob_r2",-0.0412113463632588,0.0196078431372549,TRUE,0.944649330181245,0.77037037037037,"cz_hnscc_hpv"
"CD4_minus_positive_comma_alpha_minus_beta_T_cell","EGR1","lm",1200,46,NA,0.759771291032647,NA,"cv_r2",NA,NA,NA,NA,NA,"cz_hnscc_hpv"
"CD4_minus_positive_comma_alpha_minus_beta_T_cell","EGR1","ridge",1200,46,NA,0.761427786378263,NA,"cv_r2",NA,NA,NA,NA,NA,"cz_hnscc_hpv"
"CD4_minus_positive_comma_alpha_minus_beta_T_cell","EGR1","spearman",1200,46,NA,0.500853822307407,NA,"cv_r2",NA,NA,NA,NA,NA,"cz_hnscc_hpv"
"CD4_minus_positive_comma_alpha_minus_beta_T_cell","NR2F2","rf",1200,46,0.726509178162921,0.725156806841659,NA,"oob_r2",-0.0419911708496635,0.0196078431372549,TRUE,0.953754753828759,0.762962962962963,"cz_hnscc_hpv"
"CD4_minus_positive_comma_alpha_minus_beta_T_cell","NR2F2","lm",1200,46,NA,0.72843420510071,NA,"cv_r2",NA,NA,NA,NA,NA,"cz_hnscc_hpv"
"CD4_minus_positive_comma_alpha_minus_beta_T_cell","NR2F2","ridge",1200,46,NA,0.730678583163864,NA,"cv_r2",NA,NA,NA,NA,NA,"cz_hnscc_hpv"
"CD4_minus_positive_comma_alpha_minus_beta_T_cell","NR2F2","spearman",1200,46,NA,0.349145215934092,NA,"cv_r2",NA,NA,NA,NA,NA,"cz_hnscc_hpv"
"CD4_minus_positive_comma_alpha_minus_beta_T_cell","EHF","rf",1200,46,0.70186172074426,0.706064329578477,NA,"oob_r2",-0.0393088846640627,0.0196078431372549,TRUE,0.934425600438551,0.630687830687831,"cz_hnscc_hpv"
"CD4_minus_positive_comma_alpha_minus_beta_T_cell","EHF","lm",1200,46,NA,0.677738410769969,NA,"cv_r2",NA,NA,NA,NA,NA,"cz_hnscc_hpv"
"CD4_minus_positive_comma_alpha_minus_beta_T_cell","EHF","ridge",1200,46,NA,0.681467940076492,NA,"cv_r2",NA,NA,NA,NA,NA,"cz_hnscc_hpv"
"CD4_minus_positive_comma_alpha_minus_beta_T_cell","EHF","spearman",1200,46,NA,0.415258871892368,NA,"cv_r2",NA,NA,NA,NA,NA,"cz_hnscc_hpv"
"CD4_minus_positive_comma_alpha_minus_beta_T_cell","FOXE1","rf",1200,46,0.753273980833125,0.754902044260347,NA,"oob_r2",-0.0363695458224846,0.0196078431372549,TRUE,0.959294206324734,1,"cz_hnscc_hpv"
"CD4_minus_positive_comma_alpha_minus_beta_T_cell","FOXE1","lm",1200,46,NA,0.745529918587246,NA,"cv_r2",NA,NA,NA,NA,NA,"cz_hnscc_hpv"
"CD4_minus_positive_comma_alpha_minus_beta_T_cell","FOXE1","ridge",1200,46,NA,0.747290415477485,NA,"cv_r2",NA,NA,NA,NA,NA,"cz_hnscc_hpv"
"CD4_minus_positive_comma_alpha_minus_beta_T_cell","FOXE1","spearman",1200,46,NA,0.496721102868672,NA,"cv_r2",NA,NA,NA,NA,NA,"cz_hnscc_hpv"
"CD4_minus_positive_comma_alpha_minus_beta_T_cell","ELF5","rf",1200,46,0.71796237589316,0.713157512324076,NA,"oob_r2",-0.0461282256029315,0.0196078431372549,TRUE,0.915726864700038,0.725925925925926,"cz_hnscc_hpv"
"CD4_minus_positive_comma_alpha_minus_beta_T_cell","ELF5","lm",1200,46,NA,0.700171048503746,NA,"cv_r2",NA,NA,NA,NA,NA,"cz_hnscc_hpv"
"CD4_minus_positive_comma_alpha_minus_beta_T_cell","ELF5","ridge",1200,46,NA,0.704235451676751,NA,"cv_r2",NA,NA,NA,NA,NA,"cz_hnscc_hpv"
"CD4_minus_positive_comma_alpha_minus_beta_T_cell","ELF5","spearman",1200,46,NA,0.43026197457163,NA,"cv_r2",NA,NA,NA,NA,NA,"cz_hnscc_hpv"
"CD4_minus_positive_comma_alpha_minus_beta_T_cell","BDP1","rf",1200,46,0.697953829692378,0.700824310168924,NA,"oob_r2",-0.0351882186024993,0.0196078431372549,TRUE,0.952395244458149,0.755555555555556,"cz_hnscc_hpv"
"CD4_minus_positive_comma_alpha_minus_beta_T_cell","BDP1","lm",1200,46,NA,0.695932018746757,NA,"cv_r2",NA,NA,NA,NA,NA,"cz_hnscc_hpv"
"CD4_minus_positive_comma_alpha_minus_beta_T_cell","BDP1","ridge",1200,46,NA,0.698060018531775,NA,"cv_r2",NA,NA,NA,NA,NA,"cz_hnscc_hpv"
"CD4_minus_positive_comma_alpha_minus_beta_T_cell","BDP1","spearman",1200,46,NA,0.411585528532119,NA,"cv_r2",NA,NA,NA,NA,NA,"cz_hnscc_hpv"
"CD4_minus_positive_comma_alpha_minus_beta_T_cell","ETV1","rf",1200,46,0.704129538053987,0.699883666542791,NA,"oob_r2",-0.0383303362101476,0.0196078431372549,TRUE,0.931728509267825,0.77037037037037,"cz_hnscc_hpv"
"CD4_minus_positive_comma_alpha_minus_beta_T_cell","ETV1","lm",1200,46,NA,0.683842548843055,NA,"cv_r2",NA,NA,NA,NA,NA,"cz_hnscc_hpv"
"CD4_minus_positive_comma_alpha_minus_beta_T_cell","ETV1","ridge",1200,46,NA,0.686766938195638,NA,"cv_r2",NA,NA,NA,NA,NA,"cz_hnscc_hpv"
"CD4_minus_positive_comma_alpha_minus_beta_T_cell","ETV1","spearman",1200,46,NA,0.434532405984439,NA,"cv_r2",NA,NA,NA,NA,NA,"cz_hnscc_hpv"
"CD4_minus_positive_comma_alpha_minus_beta_T_cell","ELF3","rf",1200,46,0.718899398428998,0.712578640500511,NA,"oob_r2",-0.0409878624967053,0.0196078431372549,TRUE,0.941719258574023,0.666666666666667,"cz_hnscc_hpv"
"CD4_minus_positive_comma_alpha_minus_beta_T_cell","ELF3","lm",1200,46,NA,0.68165462984906,NA,"cv_r2",NA,NA,NA,NA,NA,"cz_hnscc_hpv"
"CD4_minus_positive_comma_alpha_minus_beta_T_cell","ELF3","ridge",1200,46,NA,0.686513026624744,NA,"cv_r2",NA,NA,NA,NA,NA,"cz_hnscc_hpv"
"CD4_minus_positive_comma_alpha_minus_beta_T_cell","ELF3","spearman",1200,46,NA,0.410586736923525,NA,"cv_r2",NA,NA,NA,NA,NA,"cz_hnscc_hpv"
"CD4_minus_positive_comma_alpha_minus_beta_T_cell","IRF6","rf",1200,46,0.721028954571216,0.707333883181136,NA,"oob_r2",-0.0346256757255472,0.0196078431372549,TRUE,0.949325384589029,1,"cz_hnscc_hpv"
"CD4_minus_positive_comma_alpha_minus_beta_T_cell","IRF6","lm",1200,46,NA,0.690564550086686,NA,"cv_r2",NA,NA,NA,NA,NA,"cz_hnscc_hpv"
"CD4_minus_positive_comma_alpha_minus_beta_T_cell","IRF6","ridge",1200,46,NA,0.694240685720268,NA,"cv_r2",NA,NA,NA,NA,NA,"cz_hnscc_hpv"
"CD4_minus_positive_comma_alpha_minus_beta_T_cell","IRF6","spearman",1200,46,NA,0.358208692253076,NA,"cv_r2",NA,NA,NA,NA,NA,"cz_hnscc_hpv"
"CD4_minus_positive_comma_alpha_minus_beta_T_cell","MYC","rf",1200,46,0.715055679102218,0.726139649596635,NA,"oob_r2",-0.0398296596308697,0.0196078431372549,TRUE,0.941110768492822,0.77989417989418,"cz_hnscc_hpv"
"CD4_minus_positive_comma_alpha_minus_beta_T_cell","MYC","lm",1200,46,NA,0.712691133169178,NA,"cv_r2",NA,NA,NA,NA,NA,"cz_hnscc_hpv"
"CD4_minus_positive_comma_alpha_minus_beta_T_cell","MYC","ridge",1200,46,NA,0.714721417468239,NA,"cv_r2",NA,NA,NA,NA,NA,"cz_hnscc_hpv"
"CD4_minus_positive_comma_alpha_minus_beta_T_cell","MYC","spearman",1200,46,NA,0.47118907415712,NA,"cv_r2",NA,NA,NA,NA,NA,"cz_hnscc_hpv"
"CD4_minus_positive_comma_alpha_minus_beta_T_cell","PAX9","rf",1200,46,0.739290794681549,0.737876058050612,NA,"oob_r2",-0.0379595382312086,0.0196078431372549,TRUE,0.92,0.82962962962963,"cz_hnscc_hpv"
"CD4_minus_positive_comma_alpha_minus_beta_T_cell","PAX9","lm",1200,46,NA,0.744208877709168,NA,"cv_r2",NA,NA,NA,NA,NA,"cz_hnscc_hpv"
"CD4_minus_positive_comma_alpha_minus_beta_T_cell","PAX9","ridge",1200,46,NA,0.745856284925543,NA,"cv_r2",NA,NA,NA,NA,NA,"cz_hnscc_hpv"
"CD4_minus_positive_comma_alpha_minus_beta_T_cell","PAX9","spearman",1200,46,NA,0.523211051619383,NA,"cv_r2",NA,NA,NA,NA,NA,"cz_hnscc_hpv"
"CD4_minus_positive_comma_alpha_minus_beta_T_cell","TFAP2A","rf",1200,46,0.713450315305537,0.710889482141,NA,"oob_r2",-0.0357184972589434,0.0196078431372549,TRUE,0.919309281529448,0.785185185185185,"cz_hnscc_hpv"
"CD4_minus_positive_comma_alpha_minus_beta_T_cell","TFAP2A","lm",1200,46,NA,0.693413910001121,NA,"cv_r2",NA,NA,NA,NA,NA,"cz_hnscc_hpv"
"CD4_minus_positive_comma_alpha_minus_beta_T_cell","TFAP2A","ridge",1200,46,NA,0.697003456296022,NA,"cv_r2",NA,NA,NA,NA,NA,"cz_hnscc_hpv"
"CD4_minus_positive_comma_alpha_minus_beta_T_cell","TFAP2A","spearman",1200,46,NA,0.453265759990125,NA,"cv_r2",NA,NA,NA,NA,NA,"cz_hnscc_hpv"
"CD4_minus_positive_comma_alpha_minus_beta_T_cell","TFAP2B","rf",1200,46,0.680125629618849,0.679751617747076,NA,"oob_r2",-0.033461609443451,0.0196078431372549,TRUE,0.948322198238942,1,"cz_hnscc_hpv"
"CD4_minus_positive_comma_alpha_minus_beta_T_cell","TFAP2B","lm",1200,46,NA,0.675420699279245,NA,"cv_r2",NA,NA,NA,NA,NA,"cz_hnscc_hpv"
"CD4_minus_positive_comma_alpha_minus_beta_T_cell","TFAP2B","ridge",1200,46,NA,0.679521141591946,NA,"cv_r2",NA,NA,NA,NA,NA,"cz_hnscc_hpv"
"CD4_minus_positive_comma_alpha_minus_beta_T_cell","TFAP2B","spearman",1200,46,NA,0.355241145094647,NA,"cv_r2",NA,NA,NA,NA,NA,"cz_hnscc_hpv"
"CD4_minus_positive_comma_alpha_minus_beta_T_cell","KLF5","rf",1200,46,0.668260880326507,0.668046117613543,NA,"oob_r2",-0.0389725053704251,0.0196078431372549,TRUE,0.953044848734025,0.82962962962963,"cz_hnscc_hpv"
"CD4_minus_positive_comma_alpha_minus_beta_T_cell","KLF5","lm",1200,46,NA,0.667998690359654,NA,"cv_r2",NA,NA,NA,NA,NA,"cz_hnscc_hpv"
"CD4_minus_positive_comma_alpha_minus_beta_T_cell","KLF5","ridge",1200,46,NA,0.671415525510217,NA,"cv_r2",NA,NA,NA,NA,NA,"cz_hnscc_hpv"
"CD4_minus_positive_comma_alpha_minus_beta_T_cell","KLF5","spearman",1200,46,NA,0.36884109242671,NA,"cv_r2",NA,NA,NA,NA,NA,"cz_hnscc_hpv"
"CD4_minus_positive_comma_alpha_minus_beta_T_cell","NFE2L2","rf",1200,46,0.702294550183704,0.692186298312471,NA,"oob_r2",-0.0466453643659027,0.0196078431372549,TRUE,0.946921574673656,0.71005291005291,"cz_hnscc_hpv"
"CD4_minus_positive_comma_alpha_minus_beta_T_cell","NFE2L2","lm",1200,46,NA,0.675927216715182,NA,"cv_r2",NA,NA,NA,NA,NA,"cz_hnscc_hpv"
"CD4_minus_positive_comma_alpha_minus_beta_T_cell","NFE2L2","ridge",1200,46,NA,0.681708222093204,NA,"cv_r2",NA,NA,NA,NA,NA,"cz_hnscc_hpv"
"CD4_minus_positive_comma_alpha_minus_beta_T_cell","NFE2L2","spearman",1200,46,NA,0.33763073459285,NA,"cv_r2",NA,NA,NA,NA,NA,"cz_hnscc_hpv"
"CD4_minus_positive_comma_alpha_minus_beta_T_cell","TBX21","rf",1200,46,0.742995346793652,0.732197680514441,NA,"oob_r2",-0.0432861833329155,0.0196078431372549,TRUE,0.925155720012334,0.844444444444444,"cz_hnscc_hpv"
"CD4_minus_positive_comma_alpha_minus_beta_T_cell","TBX21","lm",1200,46,NA,0.736102741124577,NA,"cv_r2",NA,NA,NA,NA,NA,"cz_hnscc_hpv"
"CD4_minus_positive_comma_alpha_minus_beta_T_cell","TBX21","ridge",1200,46,NA,0.738029084424085,NA,"cv_r2",NA,NA,NA,NA,NA,"cz_hnscc_hpv"
"CD4_minus_positive_comma_alpha_minus_beta_T_cell","TBX21","spearman",1200,46,NA,0.374672732461338,NA,"cv_r2",NA,NA,NA,NA,NA,"cz_hnscc_hpv"
"CD4_minus_positive_comma_alpha_minus_beta_T_cell","NR2F1","rf",1200,46,0.684142019440286,0.685308041793016,NA,"oob_r2",-0.0322030221494764,0.0196078431372549,TRUE,0.937602357213828,0.844444444444444,"cz_hnscc_hpv"
"CD4_minus_positive_comma_alpha_minus_beta_T_cell","NR2F1","lm",1200,46,NA,0.689286641164407,NA,"cv_r2",NA,NA,NA,NA,NA,"cz_hnscc_hpv"
"CD4_minus_positive_comma_alpha_minus_beta_T_cell","NR2F1","ridge",1200,46,NA,0.693923163269618,NA,"cv_r2",NA,NA,NA,NA,NA,"cz_hnscc_hpv"
"CD4_minus_positive_comma_alpha_minus_beta_T_cell","NR2F1","spearman",1200,46,NA,0.354609004096792,NA,"cv_r2",NA,NA,NA,NA,NA,"cz_hnscc_hpv"
"CD4_minus_positive_comma_alpha_minus_beta_T_cell","KLF2","rf",1200,46,0.49236868073705,0.473422240659042,NA,"oob_r2",-0.0340970136771448,0.0196078431372549,TRUE,0.930034604447185,0.744973544973545,"cz_hnscc_hpv"
"CD4_minus_positive_comma_alpha_minus_beta_T_cell","KLF2","lm",1200,46,NA,0.491548429726034,NA,"cv_r2",NA,NA,NA,NA,NA,"cz_hnscc_hpv"
"CD4_minus_positive_comma_alpha_minus_beta_T_cell","KLF2","ridge",1200,46,NA,0.495429609468217,NA,"cv_r2",NA,NA,NA,NA,NA,"cz_hnscc_hpv"
"CD4_minus_positive_comma_alpha_minus_beta_T_cell","KLF2","spearman",1200,46,NA,0.0951092338812038,NA,"cv_r2",NA,NA,NA,NA,NA,"cz_hnscc_hpv"
"CD4_minus_positive_comma_alpha_minus_beta_T_cell","TCF15","rf",1200,46,0.606384210245284,0.609114036403081,NA,"oob_r2",-0.0420450615234247,0.0196078431372549,TRUE,0.948947133998013,0.71005291005291,"cz_hnscc_hpv"
"CD4_minus_positive_comma_alpha_minus_beta_T_cell","TCF15","lm",1200,46,NA,0.594563576359764,NA,"cv_r2",NA,NA,NA,NA,NA,"cz_hnscc_hpv"
"CD4_minus_positive_comma_alpha_minus_beta_T_cell","TCF15","ridge",1200,46,NA,0.598999051763679,NA,"cv_r2",NA,NA,NA,NA,NA,"cz_hnscc_hpv"
"CD4_minus_positive_comma_alpha_minus_beta_T_cell","TCF15","spearman",1200,46,NA,0.248613738161653,NA,"cv_r2",NA,NA,NA,NA,NA,"cz_hnscc_hpv"
"CD4_minus_positive_comma_alpha_minus_beta_T_cell","IKZF4","rf",1200,46,0.600284230587419,0.595757544841137,NA,"oob_r2",-0.069813972010581,0.0196078431372549,TRUE,0.88032754308425,0.881481481481481,"cz_hnscc_hpv"
"CD4_minus_positive_comma_alpha_minus_beta_T_cell","IKZF4","lm",1200,46,NA,0.584845662293601,NA,"cv_r2",NA,NA,NA,NA,NA,"cz_hnscc_hpv"
"CD4_minus_positive_comma_alpha_minus_beta_T_cell","IKZF4","ridge",1200,46,NA,0.590527419040723,NA,"cv_r2",NA,NA,NA,NA,NA,"cz_hnscc_hpv"
"CD4_minus_positive_comma_alpha_minus_beta_T_cell","IKZF4","spearman",1200,46,NA,0.303518692876862,NA,"cv_r2",NA,NA,NA,NA,NA,"cz_hnscc_hpv"
"CD4_minus_positive_comma_alpha_minus_beta_T_cell","ID4","rf",1200,46,0.449722894379063,0.449171039746372,NA,"oob_r2",-0.0384105418690716,0.0196078431372549,TRUE,0.920337136396341,0.720634920634921,"cz_hnscc_hpv"
"CD4_minus_positive_comma_alpha_minus_beta_T_cell","ID4","lm",1200,46,NA,0.434658611610918,NA,"cv_r2",NA,NA,NA,NA,NA,"cz_hnscc_hpv"
"CD4_minus_positive_comma_alpha_minus_beta_T_cell","ID4","ridge",1200,46,NA,0.436895358897534,NA,"cv_r2",NA,NA,NA,NA,NA,"cz_hnscc_hpv"
"CD4_minus_positive_comma_alpha_minus_beta_T_cell","ID4","spearman",1200,46,NA,0.0902461144150324,NA,"cv_r2",NA,NA,NA,NA,NA,"cz_hnscc_hpv"
"CD4_minus_positive_comma_alpha_minus_beta_T_cell","IKZF3","rf",1200,46,0.577005746666563,0.564111008252884,NA,"oob_r2",-0.0647104808526009,0.0196078431372549,TRUE,0.888257100764039,0.881481481481481,"cz_hnscc_hpv"
"CD4_minus_positive_comma_alpha_minus_beta_T_cell","IKZF3","lm",1200,46,NA,0.529758532398659,NA,"cv_r2",NA,NA,NA,NA,NA,"cz_hnscc_hpv"
"CD4_minus_positive_comma_alpha_minus_beta_T_cell","IKZF3","ridge",1200,46,NA,0.53996217748051,NA,"cv_r2",NA,NA,NA,NA,NA,"cz_hnscc_hpv"
"CD4_minus_positive_comma_alpha_minus_beta_T_cell","IKZF3","spearman",1200,46,NA,0.282031036286899,NA,"cv_r2",NA,NA,NA,NA,NA,"cz_hnscc_hpv"
"CD4_minus_positive_comma_alpha_minus_beta_T_cell","ASCL1","rf",1200,46,0.657614135621308,0.637081179840719,NA,"oob_r2",-0.0649698803798837,0.0196078431372549,TRUE,0.927480042484668,0.740740740740741,"cz_hnscc_hpv"
"CD4_minus_positive_comma_alpha_minus_beta_T_cell","ASCL1","lm",1200,46,NA,0.626295483612438,NA,"cv_r2",NA,NA,NA,NA,NA,"cz_hnscc_hpv"
"CD4_minus_positive_comma_alpha_minus_beta_T_cell","ASCL1","ridge",1200,46,NA,0.634099720110783,NA,"cv_r2",NA,NA,NA,NA,NA,"cz_hnscc_hpv"
"CD4_minus_positive_comma_alpha_minus_beta_T_cell","ASCL1","spearman",1200,46,NA,0.295948789017136,NA,"cv_r2",NA,NA,NA,NA,NA,"cz_hnscc_hpv"
"CD4_minus_positive_comma_alpha_minus_beta_T_cell","SOX9","rf",1200,46,0.565423662731496,0.556713009213799,NA,"oob_r2",-0.0428576229956832,0.0196078431372549,TRUE,0.912136225031692,0.822222222222222,"cz_hnscc_hpv"
"CD4_minus_positive_comma_alpha_minus_beta_T_cell","SOX9","lm",1200,46,NA,0.5190235099288,NA,"cv_r2",NA,NA,NA,NA,NA,"cz_hnscc_hpv"
"CD4_minus_positive_comma_alpha_minus_beta_T_cell","SOX9","ridge",1200,46,NA,0.529371103415075,NA,"cv_r2",NA,NA,NA,NA,NA,"cz_hnscc_hpv"
"CD4_minus_positive_comma_alpha_minus_beta_T_cell","SOX9","spearman",1200,46,NA,0.215037699280264,NA,"cv_r2",NA,NA,NA,NA,NA,"cz_hnscc_hpv"
"CD4_minus_positive_comma_alpha_minus_beta_T_cell","JUN","rf",1200,46,0.524845167470385,0.50820053953762,NA,"oob_r2",-0.038410557013813,0.0196078431372549,TRUE,0.923206907184705,1,"cz_hnscc_hpv"
"CD4_minus_positive_comma_alpha_minus_beta_T_cell","JUN","lm",1200,46,NA,0.479864983433472,NA,"cv_r2",NA,NA,NA,NA,NA,"cz_hnscc_hpv"
"CD4_minus_positive_comma_alpha_minus_beta_T_cell","JUN","ridge",1200,46,NA,0.482337452823158,NA,"cv_r2",NA,NA,NA,NA,NA,"cz_hnscc_hpv"
"CD4_minus_positive_comma_alpha_minus_beta_T_cell","JUN","spearman",1200,46,NA,0.0960060805766385,NA,"cv_r2",NA,NA,NA,NA,NA,"cz_hnscc_hpv"
"CD4_minus_positive_comma_alpha_minus_beta_T_cell","NFIL3","rf",1200,46,0.580965604354068,0.586994316388993,NA,"oob_r2",-0.0370846079109302,0.0196078431372549,TRUE,0.90078048446226,0.933333333333333,"cz_hnscc_hpv"
"CD4_minus_positive_comma_alpha_minus_beta_T_cell","NFIL3","lm",1200,46,NA,0.551395060059968,NA,"cv_r2",NA,NA,NA,NA,NA,"cz_hnscc_hpv"
"CD4_minus_positive_comma_alpha_minus_beta_T_cell","NFIL3","ridge",1200,46,NA,0.557377900122093,NA,"cv_r2",NA,NA,NA,NA,NA,"cz_hnscc_hpv"
"CD4_minus_positive_comma_alpha_minus_beta_T_cell","NFIL3","spearman",1200,46,NA,0.273686576493691,NA,"cv_r2",NA,NA,NA,NA,NA,"cz_hnscc_hpv"
"CD4_minus_positive_comma_alpha_minus_beta_T_cell","CEBPA","rf",1200,46,0.72791370372963,0.717613250573832,NA,"oob_r2",-0.0510339771251232,0.0196078431372549,TRUE,0.888632610408744,0.814814814814815,"cz_hnscc_hpv"
"CD4_minus_positive_comma_alpha_minus_beta_T_cell","CEBPA","lm",1200,46,NA,0.721181426346654,NA,"cv_r2",NA,NA,NA,NA,NA,"cz_hnscc_hpv"
"CD4_minus_positive_comma_alpha_minus_beta_T_cell","CEBPA","ridge",1200,46,NA,0.723150445921976,NA,"cv_r2",NA,NA,NA,NA,NA,"cz_hnscc_hpv"
"CD4_minus_positive_comma_alpha_minus_beta_T_cell","CEBPA","spearman",1200,46,NA,0.330752199681238,NA,"cv_r2",NA,NA,NA,NA,NA,"cz_hnscc_hpv"
"CD4_minus_positive_comma_alpha_minus_beta_T_cell","VDR","rf",1200,46,0.751849320290579,0.752163945821442,NA,"oob_r2",-0.0509772688110439,0.0196078431372549,TRUE,0.915019700551615,0.73015873015873,"cz_hnscc_hpv"
"CD4_minus_positive_comma_alpha_minus_beta_T_cell","VDR","lm",1200,46,NA,0.762406749971754,NA,"cv_r2",NA,NA,NA,NA,NA,"cz_hnscc_hpv"
"CD4_minus_positive_comma_alpha_minus_beta_T_cell","VDR","ridge",1200,46,NA,0.764870350643688,NA,"cv_r2",NA,NA,NA,NA,NA,"cz_hnscc_hpv"
"CD4_minus_positive_comma_alpha_minus_beta_T_cell","VDR","spearman",1200,46,NA,0.429687324017751,NA,"cv_r2",NA,NA,NA,NA,NA,"cz_hnscc_hpv"
"CD4_minus_positive_comma_alpha_minus_beta_T_cell","EGR3","rf",1200,46,0.645619910849102,0.651394706971073,NA,"oob_r2",-0.0477417130114023,0.0196078431372549,TRUE,0.932731695617912,0.822222222222222,"cz_hnscc_hpv"
"CD4_minus_positive_comma_alpha_minus_beta_T_cell","EGR3","lm",1200,46,NA,0.624714620364413,NA,"cv_r2",NA,NA,NA,NA,NA,"cz_hnscc_hpv"
"CD4_minus_positive_comma_alpha_minus_beta_T_cell","EGR3","ridge",1200,46,NA,0.62829904176423,NA,"cv_r2",NA,NA,NA,NA,NA,"cz_hnscc_hpv"
"CD4_minus_positive_comma_alpha_minus_beta_T_cell","EGR3","spearman",1200,46,NA,0.328287490473203,NA,"cv_r2",NA,NA,NA,NA,NA,"cz_hnscc_hpv"
"CD4_minus_positive_comma_alpha_minus_beta_T_cell","PRDM1","rf",1200,46,0.67528283516918,0.674785535760846,NA,"oob_r2",-0.040407391982566,0.0196078431372549,TRUE,0.944405385959502,0.8,"cz_hnscc_hpv"
"CD4_minus_positive_comma_alpha_minus_beta_T_cell","PRDM1","lm",1200,46,NA,0.684689533673541,NA,"cv_r2",NA,NA,NA,NA,NA,"cz_hnscc_hpv"
"CD4_minus_positive_comma_alpha_minus_beta_T_cell","PRDM1","ridge",1200,46,NA,0.686652900379579,NA,"cv_r2",NA,NA,NA,NA,NA,"cz_hnscc_hpv"
"CD4_minus_positive_comma_alpha_minus_beta_T_cell","PRDM1","spearman",1200,46,NA,0.325235851071241,NA,"cv_r2",NA,NA,NA,NA,NA,"cz_hnscc_hpv"
"CD4_minus_positive_comma_alpha_minus_beta_T_cell","ZNF331","rf",1200,46,0.714690103662079,0.711619761729847,NA,"oob_r2",-0.0566150306365444,0.0196078431372549,TRUE,0.908858053242882,0.933333333333333,"cz_hnscc_hpv"
"CD4_minus_positive_comma_alpha_minus_beta_T_cell","ZNF331","lm",1200,46,NA,0.682541706362226,NA,"cv_r2",NA,NA,NA,NA,NA,"cz_hnscc_hpv"
"CD4_minus_positive_comma_alpha_minus_beta_T_cell","ZNF331","ridge",1200,46,NA,0.687499936983125,NA,"cv_r2",NA,NA,NA,NA,NA,"cz_hnscc_hpv"
"CD4_minus_positive_comma_alpha_minus_beta_T_cell","ZNF331","spearman",1200,46,NA,0.265391408834437,NA,"cv_r2",NA,NA,NA,NA,NA,"cz_hnscc_hpv"
"CD4_minus_positive_comma_alpha_minus_beta_T_cell","NFIA","rf",1200,46,0.641512422093307,0.64690616897228,NA,"oob_r2",-0.0436047290278764,0.0196078431372549,TRUE,0.928743618734368,0.874074074074074,"cz_hnscc_hpv"
"CD4_minus_positive_comma_alpha_minus_beta_T_cell","NFIA","lm",1200,46,NA,0.623637989624076,NA,"cv_r2",NA,NA,NA,NA,NA,"cz_hnscc_hpv"
"CD4_minus_positive_comma_alpha_minus_beta_T_cell","NFIA","ridge",1200,46,NA,0.628567050357211,NA,"cv_r2",NA,NA,NA,NA,NA,"cz_hnscc_hpv"
"CD4_minus_positive_comma_alpha_minus_beta_T_cell","NFIA","spearman",1200,46,NA,0.216367078316671,NA,"cv_r2",NA,NA,NA,NA,NA,"cz_hnscc_hpv"
"CD4_minus_positive_comma_alpha_minus_beta_T_cell","ASCL2","rf",1200,46,0.710843601983131,0.678390993461537,NA,"oob_r2",-0.0507070762967973,0.0196078431372549,TRUE,0.935656285332511,0.874074074074074,"cz_hnscc_hpv"
"CD4_minus_positive_comma_alpha_minus_beta_T_cell","ASCL2","lm",1200,46,NA,0.684201107086433,NA,"cv_r2",NA,NA,NA,NA,NA,"cz_hnscc_hpv"
"CD4_minus_positive_comma_alpha_minus_beta_T_cell","ASCL2","ridge",1200,46,NA,0.690691903180373,NA,"cv_r2",NA,NA,NA,NA,NA,"cz_hnscc_hpv"
"CD4_minus_positive_comma_alpha_minus_beta_T_cell","ASCL2","spearman",1200,46,NA,0.283907046852982,NA,"cv_r2",NA,NA,NA,NA,NA,"cz_hnscc_hpv"
"CD4_minus_positive_comma_alpha_minus_beta_T_cell","TP73","rf",1200,46,0.703826730727707,0.702861886187836,NA,"oob_r2",-0.06152249439686,0.0196078431372549,TRUE,0.921932367149758,0.933333333333333,"cz_hnscc_hpv"
"CD4_minus_positive_comma_alpha_minus_beta_T_cell","TP73","lm",1200,46,NA,0.698030266276649,NA,"cv_r2",NA,NA,NA,NA,NA,"cz_hnscc_hpv"
"CD4_minus_positive_comma_alpha_minus_beta_T_cell","TP73","ridge",1200,46,NA,0.701832699567996,NA,"cv_r2",NA,NA,NA,NA,NA,"cz_hnscc_hpv"
"CD4_minus_positive_comma_alpha_minus_beta_T_cell","TP73","spearman",1200,46,NA,0.303691059758201,NA,"cv_r2",NA,NA,NA,NA,NA,"cz_hnscc_hpv"
"CD4_minus_positive_comma_alpha_minus_beta_T_cell","POU2F2","rf",1200,46,0.63578184731385,0.630121101796916,NA,"oob_r2",-0.0458930616940175,0.0196078431372549,TRUE,0.931366704354678,0.755555555555556,"cz_hnscc_hpv"
"CD4_minus_positive_comma_alpha_minus_beta_T_cell","POU2F2","lm",1200,46,NA,0.613099893427044,NA,"cv_r2",NA,NA,NA,NA,NA,"cz_hnscc_hpv"
"CD4_minus_positive_comma_alpha_minus_beta_T_cell","POU2F2","ridge",1200,46,NA,0.618278051981764,NA,"cv_r2",NA,NA,NA,NA,NA,"cz_hnscc_hpv"
"CD4_minus_positive_comma_alpha_minus_beta_T_cell","POU2F2","spearman",1200,46,NA,0.267806751346507,NA,"cv_r2",NA,NA,NA,NA,NA,"cz_hnscc_hpv"
"CD4_minus_positive_comma_alpha_minus_beta_T_cell","IKZF2","rf",1200,46,0.663452901968888,0.660092436651115,NA,"oob_r2",-0.0422026253873312,0.0196078431372549,TRUE,0.939224997430363,0.77037037037037,"cz_hnscc_hpv"
"CD4_minus_positive_comma_alpha_minus_beta_T_cell","IKZF2","lm",1200,46,NA,0.64194544376571,NA,"cv_r2",NA,NA,NA,NA,NA,"cz_hnscc_hpv"
"CD4_minus_positive_comma_alpha_minus_beta_T_cell","IKZF2","ridge",1200,46,NA,0.644900797221517,NA,"cv_r2",NA,NA,NA,NA,NA,"cz_hnscc_hpv"
"CD4_minus_positive_comma_alpha_minus_beta_T_cell","IKZF2","spearman",1200,46,NA,0.223999565848235,NA,"cv_r2",NA,NA,NA,NA,NA,"cz_hnscc_hpv"
"CD4_minus_positive_comma_alpha_minus_beta_T_cell","ID2","rf",1200,46,0.67310193359675,0.672710636534415,NA,"oob_r2",-0.0579659983959295,0.0196078431372549,TRUE,0.935532942748484,0.881481481481481,"cz_hnscc_hpv"
"CD4_minus_positive_comma_alpha_minus_beta_T_cell","ID2","lm",1200,46,NA,0.664756643415633,NA,"cv_r2",NA,NA,NA,NA,NA,"cz_hnscc_hpv"
"CD4_minus_positive_comma_alpha_minus_beta_T_cell","ID2","ridge",1200,46,NA,0.66683543485557,NA,"cv_r2",NA,NA,NA,NA,NA,"cz_hnscc_hpv"
"CD4_minus_positive_comma_alpha_minus_beta_T_cell","ID2","spearman",1200,46,NA,0.300418708297113,NA,"cv_r2",NA,NA,NA,NA,NA,"cz_hnscc_hpv"
"CD4_minus_positive_comma_alpha_minus_beta_T_cell","TGIF1","rf",1200,46,0.751798176096101,0.740157471291999,NA,"oob_r2",-0.0499591395185183,0.0196078431372549,TRUE,0.908723746873608,1,"cz_hnscc_hpv"
"CD4_minus_positive_comma_alpha_minus_beta_T_cell","TGIF1","lm",1200,46,NA,0.741050168564732,NA,"cv_r2",NA,NA,NA,NA,NA,"cz_hnscc_hpv"
"CD4_minus_positive_comma_alpha_minus_beta_T_cell","TGIF1","ridge",1200,46,NA,0.743487257467333,NA,"cv_r2",NA,NA,NA,NA,NA,"cz_hnscc_hpv"
"CD4_minus_positive_comma_alpha_minus_beta_T_cell","TGIF1","spearman",1200,46,NA,0.333152791930063,NA,"cv_r2",NA,NA,NA,NA,NA,"cz_hnscc_hpv"
"CD4_minus_positive_comma_alpha_minus_beta_T_cell","TBX2","rf",1200,46,0.692792432229098,0.689386042247659,NA,"oob_r2",-0.0461444860534346,0.0196078431372549,TRUE,0.95813752698119,0.755555555555556,"cz_hnscc_hpv"
"CD4_minus_positive_comma_alpha_minus_beta_T_cell","TBX2","lm",1200,46,NA,0.663564316755002,NA,"cv_r2",NA,NA,NA,NA,NA,"cz_hnscc_hpv"
"CD4_minus_positive_comma_alpha_minus_beta_T_cell","TBX2","ridge",1200,46,NA,0.666859770055443,NA,"cv_r2",NA,NA,NA,NA,NA,"cz_hnscc_hpv"
"CD4_minus_positive_comma_alpha_minus_beta_T_cell","TBX2","spearman",1200,46,NA,0.342293613877641,NA,"cv_r2",NA,NA,NA,NA,NA,"cz_hnscc_hpv"
"CD4_minus_positive_comma_alpha_minus_beta_T_cell","RBPJ","rf",1200,46,0.675819633885122,0.667912060786649,NA,"oob_r2",-0.06214468943247,0.0196078431372549,TRUE,0.927238839209237,0.82962962962963,"cz_hnscc_hpv"
"CD4_minus_positive_comma_alpha_minus_beta_T_cell","RBPJ","lm",1200,46,NA,0.642610059978398,NA,"cv_r2",NA,NA,NA,NA,NA,"cz_hnscc_hpv"
"CD4_minus_positive_comma_alpha_minus_beta_T_cell","RBPJ","ridge",1200,46,NA,0.646994578192451,NA,"cv_r2",NA,NA,NA,NA,NA,"cz_hnscc_hpv"
"CD4_minus_positive_comma_alpha_minus_beta_T_cell","RBPJ","spearman",1200,46,NA,0.265224580285184,NA,"cv_r2",NA,NA,NA,NA,NA,"cz_hnscc_hpv"
"CD4_minus_positive_comma_alpha_minus_beta_T_cell","ZNF683","rf",1200,46,0.665101751452604,0.661732063734016,NA,"oob_r2",-0.0615845653456613,0.0196078431372549,TRUE,0.923727686983931,1,"cz_hnscc_hpv"
"CD4_minus_positive_comma_alpha_minus_beta_T_cell","ZNF683","lm",1200,46,NA,0.646910267692442,NA,"cv_r2",NA,NA,NA,NA,NA,"cz_hnscc_hpv"
"CD4_minus_positive_comma_alpha_minus_beta_T_cell","ZNF683","ridge",1200,46,NA,0.65051394362122,NA,"cv_r2",NA,NA,NA,NA,NA,"cz_hnscc_hpv"
"CD4_minus_positive_comma_alpha_minus_beta_T_cell","ZNF683","spearman",1200,46,NA,0.285443370516797,NA,"cv_r2",NA,NA,NA,NA,NA,"cz_hnscc_hpv"
"CD4_minus_positive_comma_alpha_minus_beta_T_cell","HOXC9","rf",1200,46,0.646391717867338,0.638859423620373,NA,"oob_r2",-0.0348771940947246,0.0196078431372549,TRUE,0.944989207523897,0.785185185185185,"cz_hnscc_hpv"
"CD4_minus_positive_comma_alpha_minus_beta_T_cell","HOXC9","lm",1200,46,NA,0.648365491647756,NA,"cv_r2",NA,NA,NA,NA,NA,"cz_hnscc_hpv"
"CD4_minus_positive_comma_alpha_minus_beta_T_cell","HOXC9","ridge",1200,46,NA,0.651849083862029,NA,"cv_r2",NA,NA,NA,NA,NA,"cz_hnscc_hpv"
"CD4_minus_positive_comma_alpha_minus_beta_T_cell","HOXC9","spearman",1200,46,NA,0.310200206126358,NA,"cv_r2",NA,NA,NA,NA,NA,"cz_hnscc_hpv"
"CD4_minus_positive_comma_alpha_minus_beta_T_cell","SOX2","rf",1200,46,0.698510158646352,0.689842780629498,NA,"oob_r2",-0.038230257139446,0.0196078431372549,TRUE,0.931270771233768,0.933333333333333,"cz_hnscc_hpv"
"CD4_minus_positive_comma_alpha_minus_beta_T_cell","SOX2","lm",1200,46,NA,0.677491940690592,NA,"cv_r2",NA,NA,NA,NA,NA,"cz_hnscc_hpv"
"CD4_minus_positive_comma_alpha_minus_beta_T_cell","SOX2","ridge",1200,46,NA,0.681624232746,NA,"cv_r2",NA,NA,NA,NA,NA,"cz_hnscc_hpv"
"CD4_minus_positive_comma_alpha_minus_beta_T_cell","SOX2","spearman",1200,46,NA,0.289044784334467,NA,"cv_r2",NA,NA,NA,NA,NA,"cz_hnscc_hpv"
"CD4_minus_positive_comma_alpha_minus_beta_T_cell","FOS","rf",1200,46,0.555517217673037,0.561010272215204,NA,"oob_r2",-0.0377195717345769,0.0196078431372549,TRUE,0.910203857881934,0.933333333333333,"cz_hnscc_hpv"
"CD4_minus_positive_comma_alpha_minus_beta_T_cell","FOS","lm",1200,46,NA,0.525472606142827,NA,"cv_r2",NA,NA,NA,NA,NA,"cz_hnscc_hpv"
"CD4_minus_positive_comma_alpha_minus_beta_T_cell","FOS","ridge",1200,46,NA,0.531506070626255,NA,"cv_r2",NA,NA,NA,NA,NA,"cz_hnscc_hpv"
"CD4_minus_positive_comma_alpha_minus_beta_T_cell","FOS","spearman",1200,46,NA,0.120149889916874,NA,"cv_r2",NA,NA,NA,NA,NA,"cz_hnscc_hpv"
"CD4_minus_positive_comma_alpha_minus_beta_T_cell","STAT1","rf",1200,46,0.657706439108472,0.649091087055555,NA,"oob_r2",-0.0514467234928887,0.0196078431372549,TRUE,0.90999006406962,1,"cz_hnscc_hpv"
"CD4_minus_positive_comma_alpha_minus_beta_T_cell","STAT1","lm",1200,46,NA,0.643905100452197,NA,"cv_r2",NA,NA,NA,NA,NA,"cz_hnscc_hpv"
"CD4_minus_positive_comma_alpha_minus_beta_T_cell","STAT1","ridge",1200,46,NA,0.646392288257181,NA,"cv_r2",NA,NA,NA,NA,NA,"cz_hnscc_hpv"
"CD4_minus_positive_comma_alpha_minus_beta_T_cell","STAT1","spearman",1200,46,NA,0.32249118219697,NA,"cv_r2",NA,NA,NA,NA,NA,"cz_hnscc_hpv"
"CD4_minus_positive_comma_alpha_minus_beta_T_cell","ZFHX3","rf",1200,46,0.643800050856418,0.642839162217019,NA,"oob_r2",-0.0469907511576961,0.0196078431372549,TRUE,0.925610717100079,0.77989417989418,"cz_hnscc_hpv"
"CD4_minus_positive_comma_alpha_minus_beta_T_cell","ZFHX3","lm",1200,46,NA,0.618849339206429,NA,"cv_r2",NA,NA,NA,NA,NA,"cz_hnscc_hpv"
"CD4_minus_positive_comma_alpha_minus_beta_T_cell","ZFHX3","ridge",1200,46,NA,0.624159741431914,NA,"cv_r2",NA,NA,NA,NA,NA,"cz_hnscc_hpv"
"CD4_minus_positive_comma_alpha_minus_beta_T_cell","ZFHX3","spearman",1200,46,NA,0.254629255296264,NA,"cv_r2",NA,NA,NA,NA,NA,"cz_hnscc_hpv"
"CD4_minus_positive_comma_alpha_minus_beta_T_cell","POU3F1","rf",1200,46,0.748623041023166,0.745610599508969,NA,"oob_r2",-0.0414159150823325,0.0196078431372549,TRUE,0.933003049302772,0.933333333333333,"cz_hnscc_hpv"
"CD4_minus_positive_comma_alpha_minus_beta_T_cell","POU3F1","lm",1200,46,NA,0.730071427608356,NA,"cv_r2",NA,NA,NA,NA,NA,"cz_hnscc_hpv"
"CD4_minus_positive_comma_alpha_minus_beta_T_cell","POU3F1","ridge",1200,46,NA,0.7351195502338,NA,"cv_r2",NA,NA,NA,NA,NA,"cz_hnscc_hpv"
"CD4_minus_positive_comma_alpha_minus_beta_T_cell","POU3F1","spearman",1200,46,NA,0.351063338340361,NA,"cv_r2",NA,NA,NA,NA,NA,"cz_hnscc_hpv"
"CD4_minus_positive_comma_alpha_minus_beta_T_cell","MSC","rf",1200,46,0.673321543227123,0.660544621171029,NA,"oob_r2",-0.0560162665842378,0.0196078431372549,TRUE,0.911568849145167,0.767195767195767,"cz_hnscc_hpv"
"CD4_minus_positive_comma_alpha_minus_beta_T_cell","MSC","lm",1200,46,NA,0.654740291451652,NA,"cv_r2",NA,NA,NA,NA,NA,"cz_hnscc_hpv"
"CD4_minus_positive_comma_alpha_minus_beta_T_cell","MSC","ridge",1200,46,NA,0.660126687021079,NA,"cv_r2",NA,NA,NA,NA,NA,"cz_hnscc_hpv"
"CD4_minus_positive_comma_alpha_minus_beta_T_cell","MSC","spearman",1200,46,NA,0.270750458373278,NA,"cv_r2",NA,NA,NA,NA,NA,"cz_hnscc_hpv"
"CD4_minus_positive_comma_alpha_minus_beta_T_cell","NR5A2","rf",1200,46,0.685506108826225,0.679849752465964,NA,"oob_r2",-0.0518531515433202,0.0196078431372549,TRUE,0.911231712748826,0.661375661375661,"cz_hnscc_hpv"
"CD4_minus_positive_comma_alpha_minus_beta_T_cell","NR5A2","lm",1200,46,NA,0.671580089453298,NA,"cv_r2",NA,NA,NA,NA,NA,"cz_hnscc_hpv"
"CD4_minus_positive_comma_alpha_minus_beta_T_cell","NR5A2","ridge",1200,46,NA,0.678641479891682,NA,"cv_r2",NA,NA,NA,NA,NA,"cz_hnscc_hpv"
"CD4_minus_positive_comma_alpha_minus_beta_T_cell","NR5A2","spearman",1200,46,NA,0.292790242399409,NA,"cv_r2",NA,NA,NA,NA,NA,"cz_hnscc_hpv"
"CD4_minus_positive_comma_alpha_minus_beta_T_cell","ETS1","rf",1200,46,0.695442602571654,0.694072078863871,NA,"oob_r2",-0.0350694524447582,0.0196078431372549,TRUE,0.914249494638024,0.724867724867725,"cz_hnscc_hpv"
"CD4_minus_positive_comma_alpha_minus_beta_T_cell","ETS1","lm",1200,46,NA,0.682986519396063,NA,"cv_r2",NA,NA,NA,NA,NA,"cz_hnscc_hpv"
"CD4_minus_positive_comma_alpha_minus_beta_T_cell","ETS1","ridge",1200,46,NA,0.68604284870499,NA,"cv_r2",NA,NA,NA,NA,NA,"cz_hnscc_hpv"
"CD4_minus_positive_comma_alpha_minus_beta_T_cell","ETS1","spearman",1200,46,NA,0.401313051033515,NA,"cv_r2",NA,NA,NA,NA,NA,"cz_hnscc_hpv"
"CD4_minus_positive_comma_alpha_minus_beta_T_cell","HLF","rf",1200,46,0.649499160603453,0.650205522559141,NA,"oob_r2",-0.0386490446545514,0.0196078431372549,TRUE,0.931128242025559,0.724867724867725,"cz_hnscc_hpv"
"CD4_minus_positive_comma_alpha_minus_beta_T_cell","HLF","lm",1200,46,NA,0.634233050851885,NA,"cv_r2",NA,NA,NA,NA,NA,"cz_hnscc_hpv"
"CD4_minus_positive_comma_alpha_minus_beta_T_cell","HLF","ridge",1200,46,NA,0.639052179203254,NA,"cv_r2",NA,NA,NA,NA,NA,"cz_hnscc_hpv"
"CD4_minus_positive_comma_alpha_minus_beta_T_cell","HLF","spearman",1200,46,NA,0.29324478080874,NA,"cv_r2",NA,NA,NA,NA,NA,"cz_hnscc_hpv"
"CD4_minus_positive_comma_alpha_minus_beta_T_cell","KLF10","rf",1200,46,0.539870445574034,0.527358925365377,NA,"oob_r2",-0.0405332310566436,0.0196078431372549,TRUE,0.89852468564772,0.762962962962963,"cz_hnscc_hpv"
"CD4_minus_positive_comma_alpha_minus_beta_T_cell","KLF10","lm",1200,46,NA,0.525050895356594,NA,"cv_r2",NA,NA,NA,NA,NA,"cz_hnscc_hpv"
"CD4_minus_positive_comma_alpha_minus_beta_T_cell","KLF10","ridge",1200,46,NA,0.529810569887748,NA,"cv_r2",NA,NA,NA,NA,NA,"cz_hnscc_hpv"
"CD4_minus_positive_comma_alpha_minus_beta_T_cell","KLF10","spearman",1200,46,NA,0.218143078690127,NA,"cv_r2",NA,NA,NA,NA,NA,"cz_hnscc_hpv"
"CD4_minus_positive_comma_alpha_minus_beta_T_cell","BATF","rf",1200,46,0.744298449786186,0.734325054691112,NA,"oob_r2",-0.0506394054062671,0.0196078431372549,TRUE,0.939263370678727,1,"cz_hnscc_hpv"
"CD4_minus_positive_comma_alpha_minus_beta_T_cell","BATF","lm",1200,46,NA,0.74310627569972,NA,"cv_r2",NA,NA,NA,NA,NA,"cz_hnscc_hpv"
"CD4_minus_positive_comma_alpha_minus_beta_T_cell","BATF","ridge",1200,46,NA,0.744235034983525,NA,"cv_r2",NA,NA,NA,NA,NA,"cz_hnscc_hpv"
"CD4_minus_positive_comma_alpha_minus_beta_T_cell","BATF","spearman",1200,46,NA,0.380814876975216,NA,"cv_r2",NA,NA,NA,NA,NA,"cz_hnscc_hpv"
"CD4_minus_positive_comma_alpha_minus_beta_T_cell","GATA3","rf",1200,46,0.616984914979827,0.615728424436722,NA,"oob_r2",-0.0503156302087055,0.0196078431372549,TRUE,0.937311816904786,0.933333333333333,"cz_hnscc_hpv"
"CD4_minus_positive_comma_alpha_minus_beta_T_cell","GATA3","lm",1200,46,NA,0.611623448236502,NA,"cv_r2",NA,NA,NA,NA,NA,"cz_hnscc_hpv"
"CD4_minus_positive_comma_alpha_minus_beta_T_cell","GATA3","ridge",1200,46,NA,0.615712342055992,NA,"cv_r2",NA,NA,NA,NA,NA,"cz_hnscc_hpv"
"CD4_minus_positive_comma_alpha_minus_beta_T_cell","GATA3","spearman",1200,46,NA,0.242148911956314,NA,"cv_r2",NA,NA,NA,NA,NA,"cz_hnscc_hpv"
"CD4_minus_positive_comma_alpha_minus_beta_T_cell","TCF7","rf",1200,46,0.62863949877533,0.634484187596344,NA,"oob_r2",-0.0478701457294787,0.0196078431372549,TRUE,0.905708705930723,0.8,"cz_hnscc_hpv"
"CD4_minus_positive_comma_alpha_minus_beta_T_cell","TCF7","lm",1200,46,NA,0.61978325044834,NA,"cv_r2",NA,NA,NA,NA,NA,"cz_hnscc_hpv"
"CD4_minus_positive_comma_alpha_minus_beta_T_cell","TCF7","ridge",1200,46,NA,0.624712564207243,NA,"cv_r2",NA,NA,NA,NA,NA,"cz_hnscc_hpv"
"CD4_minus_positive_comma_alpha_minus_beta_T_cell","TCF7","spearman",1200,46,NA,0.286435596689929,NA,"cv_r2",NA,NA,NA,NA,NA,"cz_hnscc_hpv"
"CD4_minus_positive_comma_alpha_minus_beta_T_cell","HES4","rf",1200,46,0.610543069417748,0.599101219567608,NA,"oob_r2",-0.0389804462025944,0.0196078431372549,TRUE,0.924467742488094,0.704761904761905,"cz_hnscc_hpv"
"CD4_minus_positive_comma_alpha_minus_beta_T_cell","HES4","lm",1200,46,NA,0.582406442166162,NA,"cv_r2",NA,NA,NA,NA,NA,"cz_hnscc_hpv"
"CD4_minus_positive_comma_alpha_minus_beta_T_cell","HES4","ridge",1200,46,NA,0.588124840071109,NA,"cv_r2",NA,NA,NA,NA,NA,"cz_hnscc_hpv"
"CD4_minus_positive_comma_alpha_minus_beta_T_cell","HES4","spearman",1200,46,NA,0.274162893782027,NA,"cv_r2",NA,NA,NA,NA,NA,"cz_hnscc_hpv"
"CD4_minus_positive_comma_alpha_minus_beta_T_cell","JUND","rf",1200,46,0.536696672763925,0.535718635970797,NA,"oob_r2",-0.0428162924957651,0.0196078431372549,TRUE,0.913904135402748,0.774603174603175,"cz_hnscc_hpv"
"CD4_minus_positive_comma_alpha_minus_beta_T_cell","JUND","lm",1200,46,NA,0.509764343336218,NA,"cv_r2",NA,NA,NA,NA,NA,"cz_hnscc_hpv"
"CD4_minus_positive_comma_alpha_minus_beta_T_cell","JUND","ridge",1200,46,NA,0.511525277921572,NA,"cv_r2",NA,NA,NA,NA,NA,"cz_hnscc_hpv"
"CD4_minus_positive_comma_alpha_minus_beta_T_cell","JUND","spearman",1200,46,NA,0.149396468833413,NA,"cv_r2",NA,NA,NA,NA,NA,"cz_hnscc_hpv"
"CD4_minus_positive_comma_alpha_minus_beta_T_cell","NR4A2","rf",1200,46,0.683538896504869,0.681895863464235,NA,"oob_r2",-0.0423874649071085,0.0196078431372549,TRUE,0.950668448281769,0.82962962962963,"cz_hnscc_hpv"
"CD4_minus_positive_comma_alpha_minus_beta_T_cell","NR4A2","lm",1200,46,NA,0.654923047873879,NA,"cv_r2",NA,NA,NA,NA,NA,"cz_hnscc_hpv"
"CD4_minus_positive_comma_alpha_minus_beta_T_cell","NR4A2","ridge",1200,46,NA,0.659980461168751,NA,"cv_r2",NA,NA,NA,NA,NA,"cz_hnscc_hpv"
"CD4_minus_positive_comma_alpha_minus_beta_T_cell","NR4A2","spearman",1200,46,NA,0.229528439718388,NA,"cv_r2",NA,NA,NA,NA,NA,"cz_hnscc_hpv"
"CD4_minus_positive_comma_alpha_minus_beta_T_cell","FOXP3","rf",1200,46,0.693368384690182,0.690237945646807,NA,"oob_r2",-0.0428916073900649,0.0196078431372549,TRUE,0.948749785863569,0.881481481481482,"cz_hnscc_hpv"
"CD4_minus_positive_comma_alpha_minus_beta_T_cell","FOXP3","lm",1200,46,NA,0.692427551423997,NA,"cv_r2",NA,NA,NA,NA,NA,"cz_hnscc_hpv"
"CD4_minus_positive_comma_alpha_minus_beta_T_cell","FOXP3","ridge",1200,46,NA,0.694550841392385,NA,"cv_r2",NA,NA,NA,NA,NA,"cz_hnscc_hpv"
"CD4_minus_positive_comma_alpha_minus_beta_T_cell","FOXP3","spearman",1200,46,NA,0.329120569593264,NA,"cv_r2",NA,NA,NA,NA,NA,"cz_hnscc_hpv"
"CD4_minus_positive_comma_alpha_minus_beta_T_cell","TWIST1","rf",1200,46,0.736147607279829,0.735518130094245,NA,"oob_r2",-0.0507520589648752,0.0196078431372549,TRUE,0.926323363141124,1,"cz_hnscc_hpv"
"CD4_minus_positive_comma_alpha_minus_beta_T_cell","TWIST1","lm",1200,46,NA,0.717185702846245,NA,"cv_r2",NA,NA,NA,NA,NA,"cz_hnscc_hpv"
"CD4_minus_positive_comma_alpha_minus_beta_T_cell","TWIST1","ridge",1200,46,NA,0.720124656216004,NA,"cv_r2",NA,NA,NA,NA,NA,"cz_hnscc_hpv"
"CD4_minus_positive_comma_alpha_minus_beta_T_cell","TWIST1","spearman",1200,46,NA,0.304537520929875,NA,"cv_r2",NA,NA,NA,NA,NA,"cz_hnscc_hpv"
"CD4_minus_positive_comma_alpha_minus_beta_T_cell","FOXB1","rf",1200,46,0.693379041201312,0.680040463253408,NA,"oob_r2",-0.0532438353181755,0.0196078431372549,TRUE,0.896584095659026,0.712169312169312,"cz_hnscc_hpv"
"CD4_minus_positive_comma_alpha_minus_beta_T_cell","FOXB1","lm",1200,46,NA,0.672386188785367,NA,"cv_r2",NA,NA,NA,NA,NA,"cz_hnscc_hpv"
"CD4_minus_positive_comma_alpha_minus_beta_T_cell","FOXB1","ridge",1200,46,NA,0.677207826384701,NA,"cv_r2",NA,NA,NA,NA,NA,"cz_hnscc_hpv"
"CD4_minus_positive_comma_alpha_minus_beta_T_cell","FOXB1","spearman",1200,46,NA,0.289171898966507,NA,"cv_r2",NA,NA,NA,NA,NA,"cz_hnscc_hpv"
"CD4_minus_positive_comma_alpha_minus_beta_T_cell","HES1","rf",1200,46,0.549420046057548,0.55679560973976,NA,"oob_r2",-0.0484679049671897,0.0196078431372549,TRUE,0.915641895364374,0.761904761904762,"cz_hnscc_hpv"
"CD4_minus_positive_comma_alpha_minus_beta_T_cell","HES1","lm",1200,46,NA,0.492674180591163,NA,"cv_r2",NA,NA,NA,NA,NA,"cz_hnscc_hpv"
"CD4_minus_positive_comma_alpha_minus_beta_T_cell","HES1","ridge",1200,46,NA,0.501853726491666,NA,"cv_r2",NA,NA,NA,NA,NA,"cz_hnscc_hpv"
"CD4_minus_positive_comma_alpha_minus_beta_T_cell","HES1","spearman",1200,46,NA,0.277814977325526,NA,"cv_r2",NA,NA,NA,NA,NA,"cz_hnscc_hpv"
"CD4_minus_positive_comma_alpha_minus_beta_T_cell","PPARG","rf",1200,46,0.758296579519224,0.76093673181766,NA,"oob_r2",-0.0592248650200657,0.0196078431372549,TRUE,0.890148353719121,0.874074074074074,"cz_hnscc_hpv"
"CD4_minus_positive_comma_alpha_minus_beta_T_cell","PPARG","lm",1200,46,NA,0.774768314544866,NA,"cv_r2",NA,NA,NA,NA,NA,"cz_hnscc_hpv"
"CD4_minus_positive_comma_alpha_minus_beta_T_cell","PPARG","ridge",1200,46,NA,0.776642720171759,NA,"cv_r2",NA,NA,NA,NA,NA,"cz_hnscc_hpv"
"CD4_minus_positive_comma_alpha_minus_beta_T_cell","PPARG","spearman",1200,46,NA,0.432933931465578,NA,"cv_r2",NA,NA,NA,NA,NA,"cz_hnscc_hpv"
"CD4_minus_positive_comma_alpha_minus_beta_T_cell","HOXD4","rf",1200,46,0.618719543490815,0.611951064430138,NA,"oob_r2",-0.0375928367353763,0.0196078431372549,TRUE,0.9483824990578,0.874074074074074,"cz_hnscc_hpv"
"CD4_minus_positive_comma_alpha_minus_beta_T_cell","HOXD4","lm",1200,46,NA,0.607782515719531,NA,"cv_r2",NA,NA,NA,NA,NA,"cz_hnscc_hpv"
"CD4_minus_positive_comma_alpha_minus_beta_T_cell","HOXD4","ridge",1200,46,NA,0.608366976710035,NA,"cv_r2",NA,NA,NA,NA,NA,"cz_hnscc_hpv"
"CD4_minus_positive_comma_alpha_minus_beta_T_cell","HOXD4","spearman",1200,46,NA,0.203584581720953,NA,"cv_r2",NA,NA,NA,NA,NA,"cz_hnscc_hpv"
"CD4_minus_positive_comma_alpha_minus_beta_T_cell","GLI1","rf",1200,46,0.678648174295143,0.675077580871674,NA,"oob_r2",-0.0408036301457393,0.0196078431372549,TRUE,0.94910336793778,0.874074074074074,"cz_hnscc_hpv"
"CD4_minus_positive_comma_alpha_minus_beta_T_cell","GLI1","lm",1200,46,NA,0.675538374507851,NA,"cv_r2",NA,NA,NA,NA,NA,"cz_hnscc_hpv"
"CD4_minus_positive_comma_alpha_minus_beta_T_cell","GLI1","ridge",1200,46,NA,0.678958630351492,NA,"cv_r2",NA,NA,NA,NA,NA,"cz_hnscc_hpv"
"CD4_minus_positive_comma_alpha_minus_beta_T_cell","GLI1","spearman",1200,46,NA,0.297146279185495,NA,"cv_r2",NA,NA,NA,NA,NA,"cz_hnscc_hpv"
"CD4_minus_positive_comma_alpha_minus_beta_T_cell","PTF1A","rf",1200,46,0.768245871028429,0.756864827143452,NA,"oob_r2",-0.0450233771142216,0.0196078431372549,TRUE,0.91656285332511,0.933333333333333,"cz_hnscc_hpv"
"CD4_minus_positive_comma_alpha_minus_beta_T_cell","PTF1A","lm",1200,46,NA,0.75262887098905,NA,"cv_r2",NA,NA,NA,NA,NA,"cz_hnscc_hpv"
"CD4_minus_positive_comma_alpha_minus_beta_T_cell","PTF1A","ridge",1200,46,NA,0.755073049438533,NA,"cv_r2",NA,NA,NA,NA,NA,"cz_hnscc_hpv"
"CD4_minus_positive_comma_alpha_minus_beta_T_cell","PTF1A","spearman",1200,46,NA,0.371871118777559,NA,"cv_r2",NA,NA,NA,NA,NA,"cz_hnscc_hpv"
"CD4_minus_positive_comma_alpha_minus_beta_T_cell","PROP1","rf",1200,46,0.701693189542513,0.700735427273161,NA,"oob_r2",-0.0436876540903198,0.0196078431372549,TRUE,0.931462637475588,0.844444444444444,"cz_hnscc_hpv"
"CD4_minus_positive_comma_alpha_minus_beta_T_cell","PROP1","lm",1200,46,NA,0.692729618099582,NA,"cv_r2",NA,NA,NA,NA,NA,"cz_hnscc_hpv"
"CD4_minus_positive_comma_alpha_minus_beta_T_cell","PROP1","ridge",1200,46,NA,0.696674146689211,NA,"cv_r2",NA,NA,NA,NA,NA,"cz_hnscc_hpv"
"CD4_minus_positive_comma_alpha_minus_beta_T_cell","PROP1","spearman",1200,46,NA,0.324261615944528,NA,"cv_r2",NA,NA,NA,NA,NA,"cz_hnscc_hpv"
"CD4_minus_positive_comma_alpha_minus_beta_T_cell","KLF3","rf",1200,46,0.56345349118925,0.580685769400466,NA,"oob_r2",-0.0387121322288748,0.0196078431372549,TRUE,0.934187138109432,0.822222222222222,"cz_hnscc_hpv"
"CD4_minus_positive_comma_alpha_minus_beta_T_cell","KLF3","lm",1200,46,NA,0.54536425726254,NA,"cv_r2",NA,NA,NA,NA,NA,"cz_hnscc_hpv"
"CD4_minus_positive_comma_alpha_minus_beta_T_cell","KLF3","ridge",1200,46,NA,0.551098268442945,NA,"cv_r2",NA,NA,NA,NA,NA,"cz_hnscc_hpv"
"CD4_minus_positive_comma_alpha_minus_beta_T_cell","KLF3","spearman",1200,46,NA,0.194476934982289,NA,"cv_r2",NA,NA,NA,NA,NA,"cz_hnscc_hpv"
"CD4_minus_positive_comma_alpha_minus_beta_T_cell","MXI1","rf",1200,46,0.623385230631185,0.621109934186261,NA,"oob_r2",-0.0367802869369151,0.0196078431372549,TRUE,0.921189570699284,0.785185185185185,"cz_hnscc_hpv"
"CD4_minus_positive_comma_alpha_minus_beta_T_cell","MXI1","lm",1200,46,NA,0.592640179640705,NA,"cv_r2",NA,NA,NA,NA,NA,"cz_hnscc_hpv"
"CD4_minus_positive_comma_alpha_minus_beta_T_cell","MXI1","ridge",1200,46,NA,0.596906773818392,NA,"cv_r2",NA,NA,NA,NA,NA,"cz_hnscc_hpv"
"CD4_minus_positive_comma_alpha_minus_beta_T_cell","MXI1","spearman",1200,46,NA,0.373466629554578,NA,"cv_r2",NA,NA,NA,NA,NA,"cz_hnscc_hpv"
"CD4_minus_positive_comma_alpha_minus_beta_T_cell","BCL11A","rf",1200,46,0.582310570112482,0.584885224875241,NA,"oob_r2",-0.0375453131326523,0.0196078431372549,TRUE,0.937026758488368,1,"cz_hnscc_hpv"
"CD4_minus_positive_comma_alpha_minus_beta_T_cell","BCL11A","lm",1200,46,NA,0.565386997241956,NA,"cv_r2",NA,NA,NA,NA,NA,"cz_hnscc_hpv"
"CD4_minus_positive_comma_alpha_minus_beta_T_cell","BCL11A","ridge",1200,46,NA,0.569936819471367,NA,"cv_r2",NA,NA,NA,NA,NA,"cz_hnscc_hpv"
"CD4_minus_positive_comma_alpha_minus_beta_T_cell","BCL11A","spearman",1200,46,NA,0.268874814124407,NA,"cv_r2",NA,NA,NA,NA,NA,"cz_hnscc_hpv"
"CD4_minus_positive_comma_alpha_minus_beta_T_cell","TP63","rf",1200,46,0.677032134875638,0.67567285489596,NA,"oob_r2",-0.0520662871297707,0.0196078431372549,TRUE,0.926309658409566,0.874074074074074,"cz_hnscc_hpv"
"CD4_minus_positive_comma_alpha_minus_beta_T_cell","TP63","lm",1200,46,NA,0.664417625689355,NA,"cv_r2",NA,NA,NA,NA,NA,"cz_hnscc_hpv"
"CD4_minus_positive_comma_alpha_minus_beta_T_cell","TP63","ridge",1200,46,NA,0.669758953110837,NA,"cv_r2",NA,NA,NA,NA,NA,"cz_hnscc_hpv"
"CD4_minus_positive_comma_alpha_minus_beta_T_cell","TP63","spearman",1200,46,NA,0.24900033546985,NA,"cv_r2",NA,NA,NA,NA,NA,"cz_hnscc_hpv"
"CD4_minus_positive_comma_alpha_minus_beta_T_cell","AHR","rf",1200,46,0.577927207996489,0.579794846716037,NA,"oob_r2",-0.0404566548746327,0.0196078431372549,TRUE,0.93981155994107,0.874074074074074,"cz_hnscc_hpv"
"CD4_minus_positive_comma_alpha_minus_beta_T_cell","AHR","lm",1200,46,NA,0.56208408601482,NA,"cv_r2",NA,NA,NA,NA,NA,"cz_hnscc_hpv"
"CD4_minus_positive_comma_alpha_minus_beta_T_cell","AHR","ridge",1200,46,NA,0.56711273360111,NA,"cv_r2",NA,NA,NA,NA,NA,"cz_hnscc_hpv"
"CD4_minus_positive_comma_alpha_minus_beta_T_cell","AHR","spearman",1200,46,NA,0.292897191544149,NA,"cv_r2",NA,NA,NA,NA,NA,"cz_hnscc_hpv"
"CD4_minus_positive_comma_alpha_minus_beta_T_cell","SPI1","rf",1200,46,0.65869184968382,0.661129964284666,NA,"oob_r2",-0.0426493529695284,0.0196078431372549,TRUE,0.941823414533868,0.82962962962963,"cz_hnscc_hpv"
"CD4_minus_positive_comma_alpha_minus_beta_T_cell","SPI1","lm",1200,46,NA,0.65441705417346,NA,"cv_r2",NA,NA,NA,NA,NA,"cz_hnscc_hpv"
"CD4_minus_positive_comma_alpha_minus_beta_T_cell","SPI1","ridge",1200,46,NA,0.657759231592761,NA,"cv_r2",NA,NA,NA,NA,NA,"cz_hnscc_hpv"
"CD4_minus_positive_comma_alpha_minus_beta_T_cell","SPI1","spearman",1200,46,NA,0.294468739067409,NA,"cv_r2",NA,NA,NA,NA,NA,"cz_hnscc_hpv"
"CD4_minus_positive_comma_alpha_minus_beta_T_cell","EOMES","rf",1200,46,0.72646700040695,0.72412704443408,NA,"oob_r2",-0.0466194693330106,0.0196078431372549,TRUE,0.937917566039675,0.82962962962963,"cz_hnscc_hpv"
"CD4_minus_positive_comma_alpha_minus_beta_T_cell","EOMES","lm",1200,46,NA,0.714383100290777,NA,"cv_r2",NA,NA,NA,NA,NA,"cz_hnscc_hpv"
"CD4_minus_positive_comma_alpha_minus_beta_T_cell","EOMES","ridge",1200,46,NA,0.718407980027803,NA,"cv_r2",NA,NA,NA,NA,NA,"cz_hnscc_hpv"
"CD4_minus_positive_comma_alpha_minus_beta_T_cell","EOMES","spearman",1200,46,NA,0.299430452271359,NA,"cv_r2",NA,NA,NA,NA,NA,"cz_hnscc_hpv"
"CD4_minus_positive_comma_alpha_minus_beta_T_cell","CREM","rf",1200,46,0.643878934051014,0.635619242196509,NA,"oob_r2",-0.0401718226487792,0.0196078431372549,TRUE,0.929990749306198,0.715343915343915,"cz_hnscc_hpv"
"CD4_minus_positive_comma_alpha_minus_beta_T_cell","CREM","lm",1200,46,NA,0.608113531448265,NA,"cv_r2",NA,NA,NA,NA,NA,"cz_hnscc_hpv"
"CD4_minus_positive_comma_alpha_minus_beta_T_cell","CREM","ridge",1200,46,NA,0.614117820457158,NA,"cv_r2",NA,NA,NA,NA,NA,"cz_hnscc_hpv"
"CD4_minus_positive_comma_alpha_minus_beta_T_cell","CREM","spearman",1200,46,NA,0.289015172101297,NA,"cv_r2",NA,NA,NA,NA,NA,"cz_hnscc_hpv"
"CD4_minus_positive_comma_alpha_minus_beta_T_cell","RARB","rf",1200,46,0.69093308162681,0.689540666113675,NA,"oob_r2",-0.049901411302759,0.0196078431372549,TRUE,0.940529687874739,1,"cz_hnscc_hpv"
"CD4_minus_positive_comma_alpha_minus_beta_T_cell","RARB","lm",1200,46,NA,0.672852081951328,NA,"cv_r2",NA,NA,NA,NA,NA,"cz_hnscc_hpv"
"CD4_minus_positive_comma_alpha_minus_beta_T_cell","RARB","ridge",1200,46,NA,0.676241639439344,NA,"cv_r2",NA,NA,NA,NA,NA,"cz_hnscc_hpv"
"CD4_minus_positive_comma_alpha_minus_beta_T_cell","RARB","spearman",1200,46,NA,0.395189705574718,NA,"cv_r2",NA,NA,NA,NA,NA,"cz_hnscc_hpv"
"CD4_minus_positive_comma_alpha_minus_beta_T_cell","HIVEP1","rf",1200,46,0.69990247552893,0.694661258127795,NA,"oob_r2",-0.0480569822011479,0.0196078431372549,TRUE,0.915784424572584,0.844444444444444,"cz_hnscc_hpv"
"CD4_minus_positive_comma_alpha_minus_beta_T_cell","HIVEP1","lm",1200,46,NA,0.671499894599819,NA,"cv_r2",NA,NA,NA,NA,NA,"cz_hnscc_hpv"
"CD4_minus_positive_comma_alpha_minus_beta_T_cell","HIVEP1","ridge",1200,46,NA,0.675449089423661,NA,"cv_r2",NA,NA,NA,NA,NA,"cz_hnscc_hpv"
"CD4_minus_positive_comma_alpha_minus_beta_T_cell","HIVEP1","spearman",1200,46,NA,0.328917096811274,NA,"cv_r2",NA,NA,NA,NA,NA,"cz_hnscc_hpv"
"CD4_minus_positive_comma_alpha_minus_beta_T_cell","BCL11B","rf",1200,46,0.635318130627979,0.630665604317043,NA,"oob_r2",-0.0401919320081536,0.0196078431372549,TRUE,0.945710076403878,0.819047619047619,"cz_hnscc_hpv"
"CD4_minus_positive_comma_alpha_minus_beta_T_cell","BCL11B","lm",1200,46,NA,0.617395324588784,NA,"cv_r2",NA,NA,NA,NA,NA,"cz_hnscc_hpv"
"CD4_minus_positive_comma_alpha_minus_beta_T_cell","BCL11B","ridge",1200,46,NA,0.619645981468339,NA,"cv_r2",NA,NA,NA,NA,NA,"cz_hnscc_hpv"
"CD4_minus_positive_comma_alpha_minus_beta_T_cell","BCL11B","spearman",1200,46,NA,0.194449385684758,NA,"cv_r2",NA,NA,NA,NA,NA,"cz_hnscc_hpv"
"CD4_minus_positive_comma_alpha_minus_beta_T_cell","TBX1","rf",1200,46,0.736296611159031,0.74516027767032,NA,"oob_r2",-0.0403723662656699,0.0196078431372549,TRUE,0.932896152396615,0.619047619047619,"cz_hnscc_hpv"
"CD4_minus_positive_comma_alpha_minus_beta_T_cell","TBX1","lm",1200,46,NA,0.73623277201863,NA,"cv_r2",NA,NA,NA,NA,NA,"cz_hnscc_hpv"
"CD4_minus_positive_comma_alpha_minus_beta_T_cell","TBX1","ridge",1200,46,NA,0.738057138223479,NA,"cv_r2",NA,NA,NA,NA,NA,"cz_hnscc_hpv"
"CD4_minus_positive_comma_alpha_minus_beta_T_cell","TBX1","spearman",1200,46,NA,0.448756393791676,NA,"cv_r2",NA,NA,NA,NA,NA,"cz_hnscc_hpv"
"CD4_minus_positive_comma_alpha_minus_beta_T_cell","SOX21","rf",1200,46,0.70200993553701,0.691652940349577,NA,"oob_r2",-0.0407502457517669,0.0196078431372549,TRUE,0.936604652756364,0.82962962962963,"cz_hnscc_hpv"
"CD4_minus_positive_comma_alpha_minus_beta_T_cell","SOX21","lm",1200,46,NA,0.681960184655072,NA,"cv_r2",NA,NA,NA,NA,NA,"cz_hnscc_hpv"
"CD4_minus_positive_comma_alpha_minus_beta_T_cell","SOX21","ridge",1200,46,NA,0.686805538967774,NA,"cv_r2",NA,NA,NA,NA,NA,"cz_hnscc_hpv"
"CD4_minus_positive_comma_alpha_minus_beta_T_cell","SOX21","spearman",1200,46,NA,0.385175124011679,NA,"cv_r2",NA,NA,NA,NA,NA,"cz_hnscc_hpv"
"CD4_minus_positive_comma_alpha_minus_beta_T_cell","MAF","rf",1200,46,0.752341539960356,0.756846275878796,NA,"oob_r2",-0.0416105495822458,0.0196078431372549,TRUE,0.924437592078665,0.933333333333333,"cz_hnscc_hpv"
"CD4_minus_positive_comma_alpha_minus_beta_T_cell","MAF","lm",1200,46,NA,0.746888850170109,NA,"cv_r2",NA,NA,NA,NA,NA,"cz_hnscc_hpv"
"CD4_minus_positive_comma_alpha_minus_beta_T_cell","MAF","ridge",1200,46,NA,0.749421263100008,NA,"cv_r2",NA,NA,NA,NA,NA,"cz_hnscc_hpv"
"CD4_minus_positive_comma_alpha_minus_beta_T_cell","MAF","spearman",1200,46,NA,0.443776849023066,NA,"cv_r2",NA,NA,NA,NA,NA,"cz_hnscc_hpv"
"CD4_minus_positive_comma_alpha_minus_beta_T_cell","MYB","rf",1200,46,0.652529321067567,0.645393983150568,NA,"oob_r2",-0.0421394868038475,0.0196078431372549,TRUE,0.956407989858499,0.822222222222222,"cz_hnscc_hpv"
"CD4_minus_positive_comma_alpha_minus_beta_T_cell","MYB","lm",1200,46,NA,0.62811964776434,NA,"cv_r2",NA,NA,NA,NA,NA,"cz_hnscc_hpv"
"CD4_minus_positive_comma_alpha_minus_beta_T_cell","MYB","ridge",1200,46,NA,0.632174165816349,NA,"cv_r2",NA,NA,NA,NA,NA,"cz_hnscc_hpv"
"CD4_minus_positive_comma_alpha_minus_beta_T_cell","MYB","spearman",1200,46,NA,0.240809219513157,NA,"cv_r2",NA,NA,NA,NA,NA,"cz_hnscc_hpv"
"CD4_minus_positive_comma_alpha_minus_beta_T_cell","NFATC4","rf",1200,46,0.646085352198197,0.64563114212442,NA,"oob_r2",-0.0401074836004496,0.0196078431372549,TRUE,0.933680063041765,1,"cz_hnscc_hpv"
"CD4_minus_positive_comma_alpha_minus_beta_T_cell","NFATC4","lm",1200,46,NA,0.625261544385749,NA,"cv_r2",NA,NA,NA,NA,NA,"cz_hnscc_hpv"
"CD4_minus_positive_comma_alpha_minus_beta_T_cell","NFATC4","ridge",1200,46,NA,0.628851995840656,NA,"cv_r2",NA,NA,NA,NA,NA,"cz_hnscc_hpv"
"CD4_minus_positive_comma_alpha_minus_beta_T_cell","NFATC4","spearman",1200,46,NA,0.276043696563281,NA,"cv_r2",NA,NA,NA,NA,NA,"cz_hnscc_hpv"
"CD4_minus_positive_comma_alpha_minus_beta_T_cell","ELF1","rf",1200,46,0.660959133958022,0.650479401607344,NA,"oob_r2",-0.0340102843472547,0.0196078431372549,TRUE,0.92233528625758,0.77989417989418,"cz_hnscc_hpv"
"CD4_minus_positive_comma_alpha_minus_beta_T_cell","ELF1","lm",1200,46,NA,0.643086039008404,NA,"cv_r2",NA,NA,NA,NA,NA,"cz_hnscc_hpv"
"CD4_minus_positive_comma_alpha_minus_beta_T_cell","ELF1","ridge",1200,46,NA,0.646858399047335,NA,"cv_r2",NA,NA,NA,NA,NA,"cz_hnscc_hpv"
"CD4_minus_positive_comma_alpha_minus_beta_T_cell","ELF1","spearman",1200,46,NA,0.343468978968057,NA,"cv_r2",NA,NA,NA,NA,NA,"cz_hnscc_hpv"
"CD4_minus_positive_comma_alpha_minus_beta_T_cell","FOSB","rf",1200,46,0.650459083650226,0.649698830728495,NA,"oob_r2",-0.0412105547792499,0.0196078431372549,TRUE,0.96131976564909,0.785185185185185,"cz_hnscc_hpv"
"CD4_minus_positive_comma_alpha_minus_beta_T_cell","FOSB","lm",1200,46,NA,0.64486128040599,NA,"cv_r2",NA,NA,NA,NA,NA,"cz_hnscc_hpv"
"CD4_minus_positive_comma_alpha_minus_beta_T_cell","FOSB","ridge",1200,46,NA,0.648742213441118,NA,"cv_r2",NA,NA,NA,NA,NA,"cz_hnscc_hpv"
"CD4_minus_positive_comma_alpha_minus_beta_T_cell","FOSB","spearman",1200,46,NA,0.2107845391383,NA,"cv_r2",NA,NA,NA,NA,NA,"cz_hnscc_hpv"
"CD4_minus_positive_comma_alpha_minus_beta_T_cell","BATF3","rf",1200,46,0.729804965171412,0.734875030724829,NA,"oob_r2",-0.0517979817338719,0.0196078431372549,TRUE,0.94030767122349,0.874074074074074,"cz_hnscc_hpv"
"CD4_minus_positive_comma_alpha_minus_beta_T_cell","BATF3","lm",1200,46,NA,0.730891842351462,NA,"cv_r2",NA,NA,NA,NA,NA,"cz_hnscc_hpv"
"CD4_minus_positive_comma_alpha_minus_beta_T_cell","BATF3","ridge",1200,46,NA,0.734942629133807,NA,"cv_r2",NA,NA,NA,NA,NA,"cz_hnscc_hpv"
"CD4_minus_positive_comma_alpha_minus_beta_T_cell","BATF3","spearman",1200,46,NA,0.301465941636,NA,"cv_r2",NA,NA,NA,NA,NA,"cz_hnscc_hpv"
"CD4_minus_positive_comma_alpha_minus_beta_T_cell","HIVEP3","rf",1200,46,0.715998783681312,0.704830975960338,NA,"oob_r2",-0.0505641462561166,0.0196078431372549,TRUE,0.918994072703601,0.822222222222222,"cz_hnscc_hpv"
"CD4_minus_positive_comma_alpha_minus_beta_T_cell","HIVEP3","lm",1200,46,NA,0.696173477023758,NA,"cv_r2",NA,NA,NA,NA,NA,"cz_hnscc_hpv"
"CD4_minus_positive_comma_alpha_minus_beta_T_cell","HIVEP3","ridge",1200,46,NA,0.701418363353247,NA,"cv_r2",NA,NA,NA,NA,NA,"cz_hnscc_hpv"
"CD4_minus_positive_comma_alpha_minus_beta_T_cell","HIVEP3","spearman",1200,46,NA,0.332792074045693,NA,"cv_r2",NA,NA,NA,NA,NA,"cz_hnscc_hpv"
"CD4_minus_positive_comma_alpha_minus_beta_T_cell","RUNX2","rf",1200,46,0.69277777634507,0.682825004151248,NA,"oob_r2",-0.0429320075148531,0.0196078431372549,TRUE,0.958016925343475,0.844444444444444,"cz_hnscc_hpv"
"CD4_minus_positive_comma_alpha_minus_beta_T_cell","RUNX2","lm",1200,46,NA,0.679186225039081,NA,"cv_r2",NA,NA,NA,NA,NA,"cz_hnscc_hpv"
"CD4_minus_positive_comma_alpha_minus_beta_T_cell","RUNX2","ridge",1200,46,NA,0.684244087274108,NA,"cv_r2",NA,NA,NA,NA,NA,"cz_hnscc_hpv"
"CD4_minus_positive_comma_alpha_minus_beta_T_cell","RUNX2","spearman",1200,46,NA,0.309972831451202,NA,"cv_r2",NA,NA,NA,NA,NA,"cz_hnscc_hpv"
"CD4_minus_positive_comma_alpha_minus_beta_T_cell","RUNX3","rf",1200,46,0.612793057963427,0.624601652672762,NA,"oob_r2",-0.0367207327417482,0.0196078431372549,TRUE,0.947329975674101,0.602380952380952,"cz_hnscc_hpv"
"CD4_minus_positive_comma_alpha_minus_beta_T_cell","RUNX3","lm",1200,46,NA,0.622075140703315,NA,"cv_r2",NA,NA,NA,NA,NA,"cz_hnscc_hpv"
"CD4_minus_positive_comma_alpha_minus_beta_T_cell","RUNX3","ridge",1200,46,NA,0.625229818142108,NA,"cv_r2",NA,NA,NA,NA,NA,"cz_hnscc_hpv"
"CD4_minus_positive_comma_alpha_minus_beta_T_cell","RUNX3","spearman",1200,46,NA,0.275327869207405,NA,"cv_r2",NA,NA,NA,NA,NA,"cz_hnscc_hpv"
"CD4_minus_positive_comma_alpha_minus_beta_T_cell","MAFB","rf",1200,46,0.647404845887038,0.64294936090101,NA,"oob_r2",-0.0418280103092911,0.0196078431372549,TRUE,0.919857470791791,0.785185185185185,"cz_hnscc_hpv"
"CD4_minus_positive_comma_alpha_minus_beta_T_cell","MAFB","lm",1200,46,NA,0.625125776352549,NA,"cv_r2",NA,NA,NA,NA,NA,"cz_hnscc_hpv"
"CD4_minus_positive_comma_alpha_minus_beta_T_cell","MAFB","ridge",1200,46,NA,0.629668269701351,NA,"cv_r2",NA,NA,NA,NA,NA,"cz_hnscc_hpv"
"CD4_minus_positive_comma_alpha_minus_beta_T_cell","MAFB","spearman",1200,46,NA,0.314368538117665,NA,"cv_r2",NA,NA,NA,NA,NA,"cz_hnscc_hpv"
"CD4_minus_positive_comma_alpha_minus_beta_T_cell","GRHL1","rf",1200,46,0.663355563506587,0.67414756833034,NA,"oob_r2",-0.039419739380219,0.0196078431372549,TRUE,0.934828519546373,0.822222222222222,"cz_hnscc_hpv"
"CD4_minus_positive_comma_alpha_minus_beta_T_cell","GRHL1","lm",1200,46,NA,0.65132254596033,NA,"cv_r2",NA,NA,NA,NA,NA,"cz_hnscc_hpv"
"CD4_minus_positive_comma_alpha_minus_beta_T_cell","GRHL1","ridge",1200,46,NA,0.656687122705368,NA,"cv_r2",NA,NA,NA,NA,NA,"cz_hnscc_hpv"
"CD4_minus_positive_comma_alpha_minus_beta_T_cell","GRHL1","spearman",1200,46,NA,0.313161908607087,NA,"cv_r2",NA,NA,NA,NA,NA,"cz_hnscc_hpv"
"CD4_minus_positive_comma_alpha_minus_beta_T_cell","GLIS2","rf",1200,46,0.632135287537307,0.628229330012312,NA,"oob_r2",-0.0436956709209392,0.0196078431372549,TRUE,0.949714598965293,0.740740740740741,"cz_hnscc_hpv"
"CD4_minus_positive_comma_alpha_minus_beta_T_cell","GLIS2","lm",1200,46,NA,0.585163420471909,NA,"cv_r2",NA,NA,NA,NA,NA,"cz_hnscc_hpv"
"CD4_minus_positive_comma_alpha_minus_beta_T_cell","GLIS2","ridge",1200,46,NA,0.594946400098939,NA,"cv_r2",NA,NA,NA,NA,NA,"cz_hnscc_hpv"
"CD4_minus_positive_comma_alpha_minus_beta_T_cell","GLIS2","spearman",1200,46,NA,0.252461854283431,NA,"cv_r2",NA,NA,NA,NA,NA,"cz_hnscc_hpv"
"CD4_minus_positive_comma_alpha_minus_beta_T_cell","RORA","rf",1200,46,0.668937160545031,0.658555448013239,NA,"oob_r2",-0.0378419214222902,0.0196078431372549,TRUE,0.947277897694179,0.844444444444444,"cz_hnscc_hpv"
"CD4_minus_positive_comma_alpha_minus_beta_T_cell","RORA","lm",1200,46,NA,0.646493432433753,NA,"cv_r2",NA,NA,NA,NA,NA,"cz_hnscc_hpv"
"CD4_minus_positive_comma_alpha_minus_beta_T_cell","RORA","ridge",1200,46,NA,0.652074314501245,NA,"cv_r2",NA,NA,NA,NA,NA,"cz_hnscc_hpv"
"CD4_minus_positive_comma_alpha_minus_beta_T_cell","RORA","spearman",1200,46,NA,0.203124311405401,NA,"cv_r2",NA,NA,NA,NA,NA,"cz_hnscc_hpv"
"CD4_minus_positive_comma_alpha_minus_beta_T_cell","MYBL1","rf",1200,46,0.673680983135299,0.666348209598563,NA,"oob_r2",-0.0402914671689972,0.0196078431372549,TRUE,0.948925206427519,0.8,"cz_hnscc_hpv"
"CD4_minus_positive_comma_alpha_minus_beta_T_cell","MYBL1","lm",1200,46,NA,0.656115615975618,NA,"cv_r2",NA,NA,NA,NA,NA,"cz_hnscc_hpv"
"CD4_minus_positive_comma_alpha_minus_beta_T_cell","MYBL1","ridge",1200,46,NA,0.660176631762385,NA,"cv_r2",NA,NA,NA,NA,NA,"cz_hnscc_hpv"
"CD4_minus_positive_comma_alpha_minus_beta_T_cell","MYBL1","spearman",1200,46,NA,0.327373820247156,NA,"cv_r2",NA,NA,NA,NA,NA,"cz_hnscc_hpv"
"CD4_minus_positive_comma_alpha_minus_beta_T_cell","FOXS1","rf",1200,46,0.75165216475149,0.746714420655895,NA,"oob_r2",-0.0439918472194958,0.0196078431372549,TRUE,0.947047658203995,0.774603174603175,"cz_hnscc_hpv"
"CD4_minus_positive_comma_alpha_minus_beta_T_cell","FOXS1","lm",1200,46,NA,0.723309070499006,NA,"cv_r2",NA,NA,NA,NA,NA,"cz_hnscc_hpv"
"CD4_minus_positive_comma_alpha_minus_beta_T_cell","FOXS1","ridge",1200,46,NA,0.727041918314617,NA,"cv_r2",NA,NA,NA,NA,NA,"cz_hnscc_hpv"
"CD4_minus_positive_comma_alpha_minus_beta_T_cell","FOXS1","spearman",1200,46,NA,0.371999523066716,NA,"cv_r2",NA,NA,NA,NA,NA,"cz_hnscc_hpv"
"CD4_minus_positive_comma_alpha_minus_beta_T_cell","TFDP2","rf",1200,46,0.707326519214408,0.700074058633491,NA,"oob_r2",-0.0506894954732202,0.0196078431372549,TRUE,0.932276698530167,0.82962962962963,"cz_hnscc_hpv"
"CD4_minus_positive_comma_alpha_minus_beta_T_cell","TFDP2","lm",1200,46,NA,0.68645508312088,NA,"cv_r2",NA,NA,NA,NA,NA,"cz_hnscc_hpv"
"CD4_minus_positive_comma_alpha_minus_beta_T_cell","TFDP2","ridge",1200,46,NA,0.691686453276337,NA,"cv_r2",NA,NA,NA,NA,NA,"cz_hnscc_hpv"
"CD4_minus_positive_comma_alpha_minus_beta_T_cell","TFDP2","spearman",1200,46,NA,0.295105746643027,NA,"cv_r2",NA,NA,NA,NA,NA,"cz_hnscc_hpv"
"CD4_minus_positive_comma_alpha_minus_beta_T_cell","ZEB1","rf",1200,46,0.657845993019886,0.656550944991351,NA,"oob_r2",-0.0432855336080057,0.0196078431372549,TRUE,0.954450954191935,0.82962962962963,"cz_hnscc_hpv"
"CD4_minus_positive_comma_alpha_minus_beta_T_cell","ZEB1","lm",1200,46,NA,0.637324834692957,NA,"cv_r2",NA,NA,NA,NA,NA,"cz_hnscc_hpv"
"CD4_minus_positive_comma_alpha_minus_beta_T_cell","ZEB1","ridge",1200,46,NA,0.642500399998771,NA,"cv_r2",NA,NA,NA,NA,NA,"cz_hnscc_hpv"
"CD4_minus_positive_comma_alpha_minus_beta_T_cell","ZEB1","spearman",1200,46,NA,0.23764440615683,NA,"cv_r2",NA,NA,NA,NA,NA,"cz_hnscc_hpv"
"CD4_minus_positive_comma_alpha_minus_beta_T_cell","BHLHE40","rf",1200,46,0.604303985812321,0.609143700800888,NA,"oob_r2",-0.0545398748720888,0.0196078431372549,TRUE,0.934006235652859,0.744973544973545,"cz_hnscc_hpv"
"CD4_minus_positive_comma_alpha_minus_beta_T_cell","BHLHE40","lm",1200,46,NA,0.566591506407114,NA,"cv_r2",NA,NA,NA,NA,NA,"cz_hnscc_hpv"
"CD4_minus_positive_comma_alpha_minus_beta_T_cell","BHLHE40","ridge",1200,46,NA,0.572376255945094,NA,"cv_r2",NA,NA,NA,NA,NA,"cz_hnscc_hpv"
"CD4_minus_positive_comma_alpha_minus_beta_T_cell","BHLHE40","spearman",1200,46,NA,0.252892173761742,NA,"cv_r2",NA,NA,NA,NA,NA,"cz_hnscc_hpv"
"CD4_minus_positive_comma_alpha_minus_beta_T_cell","AR","rf",1200,46,0.6741793270997,0.672336911962351,NA,"oob_r2",-0.0427142968037727,0.0196078431372549,TRUE,0.952181450645835,0.933333333333333,"cz_hnscc_hpv"
"CD4_minus_positive_comma_alpha_minus_beta_T_cell","AR","lm",1200,46,NA,0.648103912961673,NA,"cv_r2",NA,NA,NA,NA,NA,"cz_hnscc_hpv"
"CD4_minus_positive_comma_alpha_minus_beta_T_cell","AR","ridge",1200,46,NA,0.651965471844654,NA,"cv_r2",NA,NA,NA,NA,NA,"cz_hnscc_hpv"
"CD4_minus_positive_comma_alpha_minus_beta_T_cell","AR","spearman",1200,46,NA,0.3723013841156,NA,"cv_r2",NA,NA,NA,NA,NA,"cz_hnscc_hpv"
"CD4_minus_positive_comma_alpha_minus_beta_T_cell","ETV7","rf",1200,46,0.706590901784846,0.709856669243976,NA,"oob_r2",-0.0478356150930362,0.0196078431372549,TRUE,0.923234316647823,0.933333333333333,"cz_hnscc_hpv"
"CD4_minus_positive_comma_alpha_minus_beta_T_cell","ETV7","lm",1200,46,NA,0.700218916300964,NA,"cv_r2",NA,NA,NA,NA,NA,"cz_hnscc_hpv"
"CD4_minus_positive_comma_alpha_minus_beta_T_cell","ETV7","ridge",1200,46,NA,0.706033213644031,NA,"cv_r2",NA,NA,NA,NA,NA,"cz_hnscc_hpv"
"CD4_minus_positive_comma_alpha_minus_beta_T_cell","ETV7","spearman",1200,46,NA,0.383758277982025,NA,"cv_r2",NA,NA,NA,NA,NA,"cz_hnscc_hpv"
"CD4_minus_positive_comma_alpha_minus_beta_T_cell","CHD2","rf",1200,46,0.600971362801738,0.586040462981955,NA,"oob_r2",-0.0490953190414801,0.0196078431372549,TRUE,0.921921403364511,0.744973544973545,"cz_hnscc_hpv"
"CD4_minus_positive_comma_alpha_minus_beta_T_cell","CHD2","lm",1200,46,NA,0.564538368358307,NA,"cv_r2",NA,NA,NA,NA,NA,"cz_hnscc_hpv"
"CD4_minus_positive_comma_alpha_minus_beta_T_cell","CHD2","ridge",1200,46,NA,0.568595566557518,NA,"cv_r2",NA,NA,NA,NA,NA,"cz_hnscc_hpv"
"CD4_minus_positive_comma_alpha_minus_beta_T_cell","CHD2","spearman",1200,46,NA,0.313644551631826,NA,"cv_r2",NA,NA,NA,NA,NA,"cz_hnscc_hpv"
"CD4_minus_positive_comma_alpha_minus_beta_T_cell","HIF1A","rf",1200,46,0.671339358367821,0.660373770377711,NA,"oob_r2",-0.0510755401710364,0.0196078431372549,TRUE,0.923343954500291,0.933333333333333,"cz_hnscc_hpv"
"CD4_minus_positive_comma_alpha_minus_beta_T_cell","HIF1A","lm",1200,46,NA,0.663478497978307,NA,"cv_r2",NA,NA,NA,NA,NA,"cz_hnscc_hpv"
"CD4_minus_positive_comma_alpha_minus_beta_T_cell","HIF1A","ridge",1200,46,NA,0.668496975246201,NA,"cv_r2",NA,NA,NA,NA,NA,"cz_hnscc_hpv"
"CD4_minus_positive_comma_alpha_minus_beta_T_cell","HIF1A","spearman",1200,46,NA,0.298662437751188,NA,"cv_r2",NA,NA,NA,NA,NA,"cz_hnscc_hpv"
"CD4_minus_positive_comma_alpha_minus_beta_T_cell","FOSL2","rf",1200,46,0.578807239913963,0.577063523062725,NA,"oob_r2",-0.042214195698557,0.0196078431372549,TRUE,0.912665227669853,1,"cz_hnscc_hpv"
"CD4_minus_positive_comma_alpha_minus_beta_T_cell","FOSL2","lm",1200,46,NA,0.568441170721934,NA,"cv_r2",NA,NA,NA,NA,NA,"cz_hnscc_hpv"
"CD4_minus_positive_comma_alpha_minus_beta_T_cell","FOSL2","ridge",1200,46,NA,0.571301744840006,NA,"cv_r2",NA,NA,NA,NA,NA,"cz_hnscc_hpv"
"CD4_minus_positive_comma_alpha_minus_beta_T_cell","FOSL2","spearman",1200,46,NA,0.166718609983341,NA,"cv_r2",NA,NA,NA,NA,NA,"cz_hnscc_hpv"
"CD4_minus_positive_comma_alpha_minus_beta_T_cell","IRF1","rf",1200,46,0.635311510083745,0.635357124093026,NA,"oob_r2",-0.0382669084362248,0.0196078431372549,TRUE,0.927554048035084,1,"cz_hnscc_hpv"
"CD4_minus_positive_comma_alpha_minus_beta_T_cell","IRF1","lm",1200,46,NA,0.632073596362647,NA,"cv_r2",NA,NA,NA,NA,NA,"cz_hnscc_hpv"
"CD4_minus_positive_comma_alpha_minus_beta_T_cell","IRF1","ridge",1200,46,NA,0.635237684676052,NA,"cv_r2",NA,NA,NA,NA,NA,"cz_hnscc_hpv"
"CD4_minus_positive_comma_alpha_minus_beta_T_cell","IRF1","spearman",1200,46,NA,0.171575976039572,NA,"cv_r2",NA,NA,NA,NA,NA,"cz_hnscc_hpv"
"CD4_minus_positive_comma_alpha_minus_beta_T_cell","MEF2C","rf",1200,46,0.712128436842966,0.708616059306391,NA,"oob_r2",-0.037255532261411,0.0196078431372549,TRUE,0.960130194949806,0.933333333333333,"cz_hnscc_hpv"
"CD4_minus_positive_comma_alpha_minus_beta_T_cell","MEF2C","lm",1200,46,NA,0.704132336063765,NA,"cv_r2",NA,NA,NA,NA,NA,"cz_hnscc_hpv"
"CD4_minus_positive_comma_alpha_minus_beta_T_cell","MEF2C","ridge",1200,46,NA,0.707293463447613,NA,"cv_r2",NA,NA,NA,NA,NA,"cz_hnscc_hpv"
"CD4_minus_positive_comma_alpha_minus_beta_T_cell","MEF2C","spearman",1200,46,NA,0.347630061538522,NA,"cv_r2",NA,NA,NA,NA,NA,"cz_hnscc_hpv"
"CD4_minus_positive_comma_alpha_minus_beta_T_cell","FOXP1","rf",1200,46,0.712707455790066,0.711050389328803,NA,"oob_r2",-0.0511224561816933,0.0196078431372549,TRUE,0.939192106074622,1,"cz_hnscc_hpv"
"CD4_minus_positive_comma_alpha_minus_beta_T_cell","FOXP1","lm",1200,46,NA,0.704117590177831,NA,"cv_r2",NA,NA,NA,NA,NA,"cz_hnscc_hpv"
"CD4_minus_positive_comma_alpha_minus_beta_T_cell","FOXP1","ridge",1200,46,NA,0.707908150549751,NA,"cv_r2",NA,NA,NA,NA,NA,"cz_hnscc_hpv"
"CD4_minus_positive_comma_alpha_minus_beta_T_cell","FOXP1","spearman",1200,46,NA,0.360553741209992,NA,"cv_r2",NA,NA,NA,NA,NA,"cz_hnscc_hpv"
"CD4_minus_positive_comma_alpha_minus_beta_T_cell","NPAS3","rf",1200,46,0.723871596005123,0.723811140253068,NA,"oob_r2",-0.0474161621417458,0.0196078431372549,TRUE,0.933342926645424,0.767195767195767,"cz_hnscc_hpv"
"CD4_minus_positive_comma_alpha_minus_beta_T_cell","NPAS3","lm",1200,46,NA,0.721241780032174,NA,"cv_r2",NA,NA,NA,NA,NA,"cz_hnscc_hpv"
"CD4_minus_positive_comma_alpha_minus_beta_T_cell","NPAS3","ridge",1200,46,NA,0.724662819867126,NA,"cv_r2",NA,NA,NA,NA,NA,"cz_hnscc_hpv"
"CD4_minus_positive_comma_alpha_minus_beta_T_cell","NPAS3","spearman",1200,46,NA,0.331106089673852,NA,"cv_r2",NA,NA,NA,NA,NA,"cz_hnscc_hpv"
"CD4_minus_positive_comma_alpha_minus_beta_T_cell","ATF3","rf",1200,46,0.688505396552284,0.689886982493795,NA,"oob_r2",-0.0420714084093378,0.0196078431372549,TRUE,0.957063076026998,0.785185185185185,"cz_hnscc_hpv"
"CD4_minus_positive_comma_alpha_minus_beta_T_cell","ATF3","lm",1200,46,NA,0.676804949828758,NA,"cv_r2",NA,NA,NA,NA,NA,"cz_hnscc_hpv"
"CD4_minus_positive_comma_alpha_minus_beta_T_cell","ATF3","ridge",1200,46,NA,0.679855366246368,NA,"cv_r2",NA,NA,NA,NA,NA,"cz_hnscc_hpv"
"CD4_minus_positive_comma_alpha_minus_beta_T_cell","ATF3","spearman",1200,46,NA,0.314089581394999,NA,"cv_r2",NA,NA,NA,NA,NA,"cz_hnscc_hpv"
"CD4_minus_positive_comma_alpha_minus_beta_T_cell","NFKB1","rf",1200,46,0.665110130611843,0.660310702356876,NA,"oob_r2",-0.0373219295700059,0.0196078431372549,TRUE,0.951907356014664,0.844444444444444,"cz_hnscc_hpv"
"CD4_minus_positive_comma_alpha_minus_beta_T_cell","NFKB1","lm",1200,46,NA,0.660221525902279,NA,"cv_r2",NA,NA,NA,NA,NA,"cz_hnscc_hpv"
"CD4_minus_positive_comma_alpha_minus_beta_T_cell","NFKB1","ridge",1200,46,NA,0.662905806262143,NA,"cv_r2",NA,NA,NA,NA,NA,"cz_hnscc_hpv"
"CD4_minus_positive_comma_alpha_minus_beta_T_cell","NFKB1","spearman",1200,46,NA,0.290615092624677,NA,"cv_r2",NA,NA,NA,NA,NA,"cz_hnscc_hpv"
"CD4_minus_positive_comma_alpha_minus_beta_T_cell","HEY1","rf",1200,46,0.75721634253936,0.75397161956545,NA,"oob_r2",-0.0382773457424987,0.0196078431372549,TRUE,0.937977866858533,1,"cz_hnscc_hpv"
"CD4_minus_positive_comma_alpha_minus_beta_T_cell","HEY1","lm",1200,46,NA,0.745986379117202,NA,"cv_r2",NA,NA,NA,NA,NA,"cz_hnscc_hpv"
"CD4_minus_positive_comma_alpha_minus_beta_T_cell","HEY1","ridge",1200,46,NA,0.748218261423502,NA,"cv_r2",NA,NA,NA,NA,NA,"cz_hnscc_hpv"
"CD4_minus_positive_comma_alpha_minus_beta_T_cell","HEY1","spearman",1200,46,NA,0.365631638657604,NA,"cv_r2",NA,NA,NA,NA,NA,"cz_hnscc_hpv"
"CD4_minus_positive_comma_alpha_minus_beta_T_cell","NR4A1","rf",1200,46,0.69141046055236,0.687045094234564,NA,"oob_r2",-0.0438547662173075,0.0196078431372549,TRUE,0.955369171206359,0.933333333333333,"cz_hnscc_hpv"
"CD4_minus_positive_comma_alpha_minus_beta_T_cell","NR4A1","lm",1200,46,NA,0.663441025042619,NA,"cv_r2",NA,NA,NA,NA,NA,"cz_hnscc_hpv"
"CD4_minus_positive_comma_alpha_minus_beta_T_cell","NR4A1","ridge",1200,46,NA,0.668491176499331,NA,"cv_r2",NA,NA,NA,NA,NA,"cz_hnscc_hpv"
"CD4_minus_positive_comma_alpha_minus_beta_T_cell","NR4A1","spearman",1200,46,NA,0.257565357235893,NA,"cv_r2",NA,NA,NA,NA,NA,"cz_hnscc_hpv"
"CD4_minus_positive_comma_alpha_minus_beta_T_cell","CTCFL","rf",1200,46,0.684041921115842,0.683946518044851,NA,"oob_r2",-0.0273281889967606,0.0196078431372549,TRUE,0.946335012162949,0.82962962962963,"cz_hnscc_hpv"
"CD4_minus_positive_comma_alpha_minus_beta_T_cell","CTCFL","lm",1200,46,NA,0.679380209537038,NA,"cv_r2",NA,NA,NA,NA,NA,"cz_hnscc_hpv"
"CD4_minus_positive_comma_alpha_minus_beta_T_cell","CTCFL","ridge",1200,46,NA,0.683528665676974,NA,"cv_r2",NA,NA,NA,NA,NA,"cz_hnscc_hpv"
"CD4_minus_positive_comma_alpha_minus_beta_T_cell","CTCFL","spearman",1200,46,NA,0.366952748387006,NA,"cv_r2",NA,NA,NA,NA,NA,"cz_hnscc_hpv"
"CD4_minus_positive_comma_alpha_minus_beta_T_cell","ID1","rf",1200,46,0.668245111023473,0.665747198859494,NA,"oob_r2",-0.0374634580690858,0.0196078431372549,TRUE,0.943237742830712,0.725925925925926,"cz_hnscc_hpv"
"CD4_minus_positive_comma_alpha_minus_beta_T_cell","ID1","lm",1200,46,NA,0.661922536726369,NA,"cv_r2",NA,NA,NA,NA,NA,"cz_hnscc_hpv"
"CD4_minus_positive_comma_alpha_minus_beta_T_cell","ID1","ridge",1200,46,NA,0.665313533810361,NA,"cv_r2",NA,NA,NA,NA,NA,"cz_hnscc_hpv"
"CD4_minus_positive_comma_alpha_minus_beta_T_cell","ID1","spearman",1200,46,NA,0.371662836233478,NA,"cv_r2",NA,NA,NA,NA,NA,"cz_hnscc_hpv"
"CD4_minus_positive_comma_alpha_minus_beta_T_cell","ID3","rf",1200,46,0.681487992450402,0.676309815889874,NA,"oob_r2",-0.0334046492980438,0.0196078431372549,TRUE,0.942577174769589,1,"cz_hnscc_hpv"
"CD4_minus_positive_comma_alpha_minus_beta_T_cell","ID3","lm",1200,46,NA,0.663554117253928,NA,"cv_r2",NA,NA,NA,NA,NA,"cz_hnscc_hpv"
"CD4_minus_positive_comma_alpha_minus_beta_T_cell","ID3","ridge",1200,46,NA,0.665900240403666,NA,"cv_r2",NA,NA,NA,NA,NA,"cz_hnscc_hpv"
"CD4_minus_positive_comma_alpha_minus_beta_T_cell","ID3","spearman",1200,46,NA,0.213980911592723,NA,"cv_r2",NA,NA,NA,NA,NA,"cz_hnscc_hpv"
"CD4_minus_positive_comma_alpha_minus_beta_T_cell","JUNB","rf",1200,46,0.677578093043556,0.674710201240794,NA,"oob_r2",-0.0432925063771755,0.0196078431372549,TRUE,0.948969061568506,0.8,"cz_hnscc_hpv"
"CD4_minus_positive_comma_alpha_minus_beta_T_cell","JUNB","lm",1200,46,NA,0.676080966124306,NA,"cv_r2",NA,NA,NA,NA,NA,"cz_hnscc_hpv"
"CD4_minus_positive_comma_alpha_minus_beta_T_cell","JUNB","ridge",1200,46,NA,0.677968540284723,NA,"cv_r2",NA,NA,NA,NA,NA,"cz_hnscc_hpv"
"CD4_minus_positive_comma_alpha_minus_beta_T_cell","JUNB","spearman",1200,46,NA,0.347776212086787,NA,"cv_r2",NA,NA,NA,NA,NA,"cz_hnscc_hpv"
"CD4_minus_positive_comma_alpha_minus_beta_T_cell","ZBTB1","rf",1200,46,0.607495137915455,0.598685148076658,NA,"oob_r2",-0.0418416253926474,0.0196078431372549,TRUE,0.919624490355295,1,"cz_hnscc_hpv"
"CD4_minus_positive_comma_alpha_minus_beta_T_cell","ZBTB1","lm",1200,46,NA,0.593502556433162,NA,"cv_r2",NA,NA,NA,NA,NA,"cz_hnscc_hpv"
"CD4_minus_positive_comma_alpha_minus_beta_T_cell","ZBTB1","ridge",1200,46,NA,0.596854973482794,NA,"cv_r2",NA,NA,NA,NA,NA,"cz_hnscc_hpv"
"CD4_minus_positive_comma_alpha_minus_beta_T_cell","ZBTB1","spearman",1200,46,NA,0.298808508601331,NA,"cv_r2",NA,NA,NA,NA,NA,"cz_hnscc_hpv"
"CD4_minus_positive_comma_alpha_minus_beta_T_cell","STAT3","rf",1200,46,0.583394992891522,0.580750698105123,NA,"oob_r2",-0.0321325190323285,0.0196078431372549,TRUE,0.922074896357967,0.933333333333333,"cz_hnscc_hpv"
"CD4_minus_positive_comma_alpha_minus_beta_T_cell","STAT3","lm",1200,46,NA,0.576619571439787,NA,"cv_r2",NA,NA,NA,NA,NA,"cz_hnscc_hpv"
"CD4_minus_positive_comma_alpha_minus_beta_T_cell","STAT3","ridge",1200,46,NA,0.580768083249482,NA,"cv_r2",NA,NA,NA,NA,NA,"cz_hnscc_hpv"
"CD4_minus_positive_comma_alpha_minus_beta_T_cell","STAT3","spearman",1200,46,NA,0.173228376879652,NA,"cv_r2",NA,NA,NA,NA,NA,"cz_hnscc_hpv"
"CD4_minus_positive_comma_alpha_minus_beta_T_cell","IRF4","rf",1200,46,0.765666262518477,0.765577103633651,NA,"oob_r2",-0.0465228486629642,0.0196078431372549,TRUE,0.929878370507418,0.762962962962963,"cz_hnscc_hpv"
"CD4_minus_positive_comma_alpha_minus_beta_T_cell","IRF4","lm",1200,46,NA,0.759325561916861,NA,"cv_r2",NA,NA,NA,NA,NA,"cz_hnscc_hpv"
"CD4_minus_positive_comma_alpha_minus_beta_T_cell","IRF4","ridge",1200,46,NA,0.761780936836741,NA,"cv_r2",NA,NA,NA,NA,NA,"cz_hnscc_hpv"
"CD4_minus_positive_comma_alpha_minus_beta_T_cell","IRF4","spearman",1200,46,NA,0.362608383546989,NA,"cv_r2",NA,NA,NA,NA,NA,"cz_hnscc_hpv"
"CD4_minus_positive_comma_alpha_minus_beta_T_cell","REL","rf",1200,46,0.607039141160962,0.599046098712029,NA,"oob_r2",-0.0417928641838669,0.0196078431372549,TRUE,0.930012676876692,0.844444444444444,"cz_hnscc_hpv"
"CD4_minus_positive_comma_alpha_minus_beta_T_cell","REL","lm",1200,46,NA,0.599165427618827,NA,"cv_r2",NA,NA,NA,NA,NA,"cz_hnscc_hpv"
"CD4_minus_positive_comma_alpha_minus_beta_T_cell","REL","ridge",1200,46,NA,0.600016111184584,NA,"cv_r2",NA,NA,NA,NA,NA,"cz_hnscc_hpv"
"CD4_minus_positive_comma_alpha_minus_beta_T_cell","REL","spearman",1200,46,NA,0.127989098877849,NA,"cv_r2",NA,NA,NA,NA,NA,"cz_hnscc_hpv"
"CD4_minus_positive_comma_alpha_minus_beta_T_cell","KLF6","rf",1200,46,0.642024206801666,0.635719248412835,NA,"oob_r2",-0.0343329787930666,0.0196078431372549,TRUE,0.932032754308425,0.82962962962963,"cz_hnscc_hpv"
"CD4_minus_positive_comma_alpha_minus_beta_T_cell","KLF6","lm",1200,46,NA,0.630893892034538,NA,"cv_r2",NA,NA,NA,NA,NA,"cz_hnscc_hpv"
"CD4_minus_positive_comma_alpha_minus_beta_T_cell","KLF6","ridge",1200,46,NA,0.634676269454487,NA,"cv_r2",NA,NA,NA,NA,NA,"cz_hnscc_hpv"
"CD4_minus_positive_comma_alpha_minus_beta_T_cell","KLF6","spearman",1200,46,NA,0.223507516266476,NA,"cv_r2",NA,NA,NA,NA,NA,"cz_hnscc_hpv"
"CD4_minus_positive_comma_alpha_minus_beta_T_cell","NR4A3","rf",1200,46,0.713842184946339,0.714860468246473,NA,"oob_r2",-0.0424265382249391,0.0196078431372549,TRUE,0.950281974851818,0.933333333333333,"cz_hnscc_hpv"
"CD4_minus_positive_comma_alpha_minus_beta_T_cell","NR4A3","lm",1200,46,NA,0.707347432537969,NA,"cv_r2",NA,NA,NA,NA,NA,"cz_hnscc_hpv"
"CD4_minus_positive_comma_alpha_minus_beta_T_cell","NR4A3","ridge",1200,46,NA,0.710498559599652,NA,"cv_r2",NA,NA,NA,NA,NA,"cz_hnscc_hpv"
"CD4_minus_positive_comma_alpha_minus_beta_T_cell","NR4A3","spearman",1200,46,NA,0.264587490573012,NA,"cv_r2",NA,NA,NA,NA,NA,"cz_hnscc_hpv"
"CD4_minus_positive_comma_alpha_minus_beta_T_cell","KLF4","rf",1200,46,0.596599097566979,0.602831038374176,NA,"oob_r2",-0.0395148125022686,0.0196078431372549,TRUE,0.940696885599753,0.82962962962963,"cz_hnscc_hpv"
"CD4_minus_positive_comma_alpha_minus_beta_T_cell","KLF4","lm",1200,46,NA,0.575692649826407,NA,"cv_r2",NA,NA,NA,NA,NA,"cz_hnscc_hpv"
"CD4_minus_positive_comma_alpha_minus_beta_T_cell","KLF4","ridge",1200,46,NA,0.580863407642142,NA,"cv_r2",NA,NA,NA,NA,NA,"cz_hnscc_hpv"
"CD4_minus_positive_comma_alpha_minus_beta_T_cell","KLF4","spearman",1200,46,NA,0.171287902742663,NA,"cv_r2",NA,NA,NA,NA,NA,"cz_hnscc_hpv"
"CD4_minus_positive_comma_alpha_minus_beta_T_cell","EGR2","rf",1200,46,0.679347426855301,0.675121684969623,NA,"oob_r2",-0.0385346456658307,0.0196078431372549,TRUE,0.950002398328023,0.814814814814815,"cz_hnscc_hpv"
"CD4_minus_positive_comma_alpha_minus_beta_T_cell","EGR2","lm",1200,46,NA,0.655549958974906,NA,"cv_r2",NA,NA,NA,NA,NA,"cz_hnscc_hpv"
"CD4_minus_positive_comma_alpha_minus_beta_T_cell","EGR2","ridge",1200,46,NA,0.660761860732546,NA,"cv_r2",NA,NA,NA,NA,NA,"cz_hnscc_hpv"
"CD4_minus_positive_comma_alpha_minus_beta_T_cell","EGR2","spearman",1200,46,NA,0.336987038125024,NA,"cv_r2",NA,NA,NA,NA,NA,"cz_hnscc_hpv"
"CD4_minus_positive_comma_alpha_minus_beta_T_cell","HES2","rf",1200,46,0.725862535311227,0.720505386901057,NA,"oob_r2",-0.0426476502519669,0.0196078431372549,TRUE,0.93624558878953,1,"cz_hnscc_hpv"
"CD4_minus_positive_comma_alpha_minus_beta_T_cell","HES2","lm",1200,46,NA,0.717827298839025,NA,"cv_r2",NA,NA,NA,NA,NA,"cz_hnscc_hpv"
"CD4_minus_positive_comma_alpha_minus_beta_T_cell","HES2","ridge",1200,46,NA,0.72230157427088,NA,"cv_r2",NA,NA,NA,NA,NA,"cz_hnscc_hpv"
"CD4_minus_positive_comma_alpha_minus_beta_T_cell","HES2","spearman",1200,46,NA,0.3816370771383,NA,"cv_r2",NA,NA,NA,NA,NA,"cz_hnscc_hpv"
