"cluster","tf","method","n_obs","n_pred","oob_r2","cv_r2","lodo_r2","null_metric","null_q95","p_perm","beats_null","imp_stability_spearman","imp_top5_jaccard","dataset"
"T_TS2","HLF","rf",298,14,0.272414008394606,0.262247727819065,NA,"oob_r2",-0.0212632346328622,0.0196078431372549,TRUE,0.881611721611722,0.681481481481481,"sepsis"
"T_TS2","HLF","lm",298,14,NA,0.214451500080525,NA,"cv_r2",NA,NA,NA,NA,NA,"sepsis"
"T_TS2","HLF","ridge",298,14,NA,0.202170196523717,NA,"cv_r2",NA,NA,NA,NA,NA,"sepsis"
"T_TS2","HLF","spearman",298,14,NA,0.131137381667448,NA,"cv_r2",NA,NA,NA,NA,NA,"sepsis"
"T_TS2","ARID5B","rf",298,14,0.50601085477511,0.519042312330409,NA,"oob_r2",-0.0323471817539917,0.0196078431372549,TRUE,0.911404151404151,0.933333333333333,"sepsis"
"T_TS2","ARID5B","lm",298,14,NA,0.538820757880434,NA,"cv_r2",NA,NA,NA,NA,NA,"sepsis"
"T_TS2","ARID5B","ridge",298,14,NA,0.527653664401075,NA,"cv_r2",NA,NA,NA,NA,NA,"sepsis"
"T_TS2","ARID5B","spearman",298,14,NA,0.216961937915008,NA,"cv_r2",NA,NA,NA,NA,NA,"sepsis"
"T_TS2","CEBPD","rf",298,14,0.25527970445193,0.197882501531298,NA,"oob_r2",-0.0334428968256493,0.0196078431372549,TRUE,0.830720390720391,0.624338624338624,"sepsis"
"T_TS2","CEBPD","lm",298,14,NA,0.104633689075033,NA,"cv_r2",NA,NA,NA,NA,NA,"sepsis"
"T_TS2","CEBPD","ridge",298,14,NA,0.0952545779814526,NA,"cv_r2",NA,NA,NA,NA,NA,"sepsis"
"T_TS2","CEBPD","spearman",298,14,NA,-0.0130889669513035,NA,"cv_r2",NA,NA,NA,NA,NA,"sepsis"
"T_TS2","HES2","rf",298,14,0.510433038684443,0.507803547455575,NA,"oob_r2",-0.0206074970309591,0.0196078431372549,TRUE,0.923711843711844,1,"sepsis"
"T_TS2","HES2","lm",298,14,NA,0.476930615157934,NA,"cv_r2",NA,NA,NA,NA,NA,"sepsis"
"T_TS2","HES2","ridge",298,14,NA,0.464910517282646,NA,"cv_r2",NA,NA,NA,NA,NA,"sepsis"
"T_TS2","HES2","spearman",298,14,NA,0.0901784908211529,NA,"cv_r2",NA,NA,NA,NA,NA,"sepsis"
"T_TS2","MYB","rf",298,14,0.566799319584969,0.567314600375684,NA,"oob_r2",-0.0232041223770292,0.0196078431372549,TRUE,0.890989010989011,0.881481481481482,"sepsis"
"T_TS2","MYB","lm",298,14,NA,0.502192795512365,NA,"cv_r2",NA,NA,NA,NA,NA,"sepsis"
"T_TS2","MYB","ridge",298,14,NA,0.488360984831512,NA,"cv_r2",NA,NA,NA,NA,NA,"sepsis"
"T_TS2","MYB","spearman",298,14,NA,0.353877627812055,NA,"cv_r2",NA,NA,NA,NA,NA,"sepsis"
"T_TS2","RREB1","rf",298,14,0.456836954946004,0.451753083936615,NA,"oob_r2",-0.00520661760195165,0.0196078431372549,TRUE,0.946568986568987,0.933333333333333,"sepsis"
"T_TS2","RREB1","lm",298,14,NA,0.362578377307968,NA,"cv_r2",NA,NA,NA,NA,NA,"sepsis"
"T_TS2","RREB1","ridge",298,14,NA,0.357704578723918,NA,"cv_r2",NA,NA,NA,NA,NA,"sepsis"
"T_TS2","RREB1","spearman",298,14,NA,0.151951303103261,NA,"cv_r2",NA,NA,NA,NA,NA,"sepsis"
"T_TS2","OLIG1","rf",298,14,0.0541639190372265,0.0544062114239583,NA,"oob_r2",-0.0325049139227196,0.0196078431372549,TRUE,0.640830280830281,0.579365079365079,"sepsis"
"T_TS2","OLIG1","lm",298,14,NA,-0.00210018978697502,NA,"cv_r2",NA,NA,NA,NA,NA,"sepsis"
"T_TS2","OLIG1","ridge",298,14,NA,0.0309463502125276,NA,"cv_r2",NA,NA,NA,NA,NA,"sepsis"
"T_TS2","OLIG1","spearman",298,14,NA,-0.0208671537981635,NA,"cv_r2",NA,NA,NA,NA,NA,"sepsis"
"T_TS2","MEF2D","rf",298,14,0.50948729712181,0.506085624084799,NA,"oob_r2",-0.0168544351338907,0.0196078431372549,TRUE,0.923711843711844,0.755555555555556,"sepsis"
"T_TS2","MEF2D","lm",298,14,NA,0.412065575326822,NA,"cv_r2",NA,NA,NA,NA,NA,"sepsis"
"T_TS2","MEF2D","ridge",298,14,NA,0.408640664173479,NA,"cv_r2",NA,NA,NA,NA,NA,"sepsis"
"T_TS2","MEF2D","spearman",298,14,NA,0.0606798132137256,NA,"cv_r2",NA,NA,NA,NA,NA,"sepsis"
"T_TS2","RORC","rf",298,14,0.471550447808591,0.463993070428387,NA,"oob_r2",-0.0313818711182996,0.0196078431372549,TRUE,0.936605616605617,0.792592592592593,"sepsis"
"T_TS2","RORC","lm",298,14,NA,0.377286027896745,NA,"cv_r2",NA,NA,NA,NA,NA,"sepsis"
"T_TS2","RORC","ridge",298,14,NA,0.374591701206566,NA,"cv_r2",NA,NA,NA,NA,NA,"sepsis"
"T_TS2","RORC","spearman",298,14,NA,0.130244401001213,NA,"cv_r2",NA,NA,NA,NA,NA,"sepsis"
"T_TS2","PLAGL1","rf",298,14,0.573295367932374,0.55296914437536,NA,"oob_r2",-0.0239695192378913,0.0196078431372549,TRUE,0.935140415140415,0.822222222222222,"sepsis"
"T_TS2","PLAGL1","lm",298,14,NA,0.469691650577746,NA,"cv_r2",NA,NA,NA,NA,NA,"sepsis"
"T_TS2","PLAGL1","ridge",298,14,NA,0.460264123653584,NA,"cv_r2",NA,NA,NA,NA,NA,"sepsis"
"T_TS2","PLAGL1","spearman",298,14,NA,0.158106327741119,NA,"cv_r2",NA,NA,NA,NA,NA,"sepsis"
"T_TS2","SP4","rf",298,14,0.555590308090612,0.527737447677224,NA,"oob_r2",-0.0352991397658365,0.0196078431372549,TRUE,0.907399267399267,1,"sepsis"
"T_TS2","SP4","lm",298,14,NA,0.4445327940377,NA,"cv_r2",NA,NA,NA,NA,NA,"sepsis"
"T_TS2","SP4","ridge",298,14,NA,0.436522888652965,NA,"cv_r2",NA,NA,NA,NA,NA,"sepsis"
"T_TS2","SP4","spearman",298,14,NA,0.178370536748058,NA,"cv_r2",NA,NA,NA,NA,NA,"sepsis"
"T_TS2","EGR2","rf",298,14,0.588964537977538,0.568191687324534,NA,"oob_r2",-0.0254372446869207,0.0196078431372549,TRUE,0.939047619047619,0.881481481481482,"sepsis"
"T_TS2","EGR2","lm",298,14,NA,0.520995823458016,NA,"cv_r2",NA,NA,NA,NA,NA,"sepsis"
"T_TS2","EGR2","ridge",298,14,NA,0.510486486717987,NA,"cv_r2",NA,NA,NA,NA,NA,"sepsis"
"T_TS2","EGR2","spearman",298,14,NA,0.353077273198472,NA,"cv_r2",NA,NA,NA,NA,NA,"sepsis"
"T_TS2","TP53","rf",298,14,0.434619277426512,0.468597674019609,NA,"oob_r2",-0.0226542487870984,0.0196078431372549,TRUE,0.943052503052503,0.933333333333333,"sepsis"
"T_TS2","TP53","lm",298,14,NA,0.386903454977974,NA,"cv_r2",NA,NA,NA,NA,NA,"sepsis"
"T_TS2","TP53","ridge",298,14,NA,0.380496222867704,NA,"cv_r2",NA,NA,NA,NA,NA,"sepsis"
"T_TS2","TP53","spearman",298,14,NA,0.0945124661110227,NA,"cv_r2",NA,NA,NA,NA,NA,"sepsis"
"T_TS2","IRF9","rf",298,14,0.631585694683746,0.627381569798104,NA,"oob_r2",-0.0188910032925488,0.0196078431372549,TRUE,0.910720390720391,1,"sepsis"
"T_TS2","IRF9","lm",298,14,NA,0.519675520672132,NA,"cv_r2",NA,NA,NA,NA,NA,"sepsis"
"T_TS2","IRF9","ridge",298,14,NA,0.508574723415607,NA,"cv_r2",NA,NA,NA,NA,NA,"sepsis"
"T_TS2","IRF9","spearman",298,14,NA,0.3274002303166,NA,"cv_r2",NA,NA,NA,NA,NA,"sepsis"
"T_TS2","MSX2","rf",298,14,0.472496666132555,0.454060697572863,NA,"oob_r2",-0.0392634766030819,0.0196078431372549,TRUE,0.882881562881563,0.874074074074074,"sepsis"
"T_TS2","MSX2","lm",298,14,NA,0.400830600075858,NA,"cv_r2",NA,NA,NA,NA,NA,"sepsis"
"T_TS2","MSX2","ridge",298,14,NA,0.399380210617945,NA,"cv_r2",NA,NA,NA,NA,NA,"sepsis"
"T_TS2","MSX2","spearman",298,14,NA,0.211997966202948,NA,"cv_r2",NA,NA,NA,NA,NA,"sepsis"
"T_TS2","ESR2","rf",298,14,0.514067893130376,0.513425936635826,NA,"oob_r2",-0.0382622874573566,0.0196078431372549,TRUE,0.911697191697192,0.881481481481481,"sepsis"
"T_TS2","ESR2","lm",298,14,NA,0.449724365140998,NA,"cv_r2",NA,NA,NA,NA,NA,"sepsis"
"T_TS2","ESR2","ridge",298,14,NA,0.43915509359263,NA,"cv_r2",NA,NA,NA,NA,NA,"sepsis"
"T_TS2","ESR2","spearman",298,14,NA,0.0959185948409654,NA,"cv_r2",NA,NA,NA,NA,NA,"sepsis"
"T_TS2","ZNF554","rf",298,14,0.494321308441056,0.458195138451361,NA,"oob_r2",-0.0180421347747186,0.0196078431372549,TRUE,0.917655677655678,0.933333333333333,"sepsis"
"T_TS2","ZNF554","lm",298,14,NA,0.388489061173768,NA,"cv_r2",NA,NA,NA,NA,NA,"sepsis"
"T_TS2","ZNF554","ridge",298,14,NA,0.396149488431707,NA,"cv_r2",NA,NA,NA,NA,NA,"sepsis"
"T_TS2","ZNF554","spearman",298,14,NA,0.263710931100652,NA,"cv_r2",NA,NA,NA,NA,NA,"sepsis"
"T_TS2","KLF6","rf",298,14,0.52244941231345,0.509753993904082,NA,"oob_r2",-0.0262249294401649,0.0196078431372549,TRUE,0.896459096459096,0.71957671957672,"sepsis"
"T_TS2","KLF6","lm",298,14,NA,0.438236144838728,NA,"cv_r2",NA,NA,NA,NA,NA,"sepsis"
"T_TS2","KLF6","ridge",298,14,NA,0.432590824272705,NA,"cv_r2",NA,NA,NA,NA,NA,"sepsis"
"T_TS2","KLF6","spearman",298,14,NA,0.197518600460386,NA,"cv_r2",NA,NA,NA,NA,NA,"sepsis"
"T_TS2","EGR1","rf",298,14,0.260897528292495,0.247010601916715,NA,"oob_r2",-0.0243792704834777,0.0196078431372549,TRUE,0.808058608058608,0.785185185185185,"sepsis"
"T_TS2","EGR1","lm",298,14,NA,0.0942587549910102,NA,"cv_r2",NA,NA,NA,NA,NA,"sepsis"
"T_TS2","EGR1","ridge",298,14,NA,0.11118455346827,NA,"cv_r2",NA,NA,NA,NA,NA,"sepsis"
"T_TS2","EGR1","spearman",298,14,NA,0.0319028449472506,NA,"cv_r2",NA,NA,NA,NA,NA,"sepsis"
"T_TS2","CREBZF","rf",298,14,0.285820437590944,0.299265954207572,NA,"oob_r2",-0.0480489109036196,0.0196078431372549,TRUE,0.917460317460317,0.732275132275132,"sepsis"
"T_TS2","CREBZF","lm",298,14,NA,0.216012925572975,NA,"cv_r2",NA,NA,NA,NA,NA,"sepsis"
"T_TS2","CREBZF","ridge",298,14,NA,0.237089585857208,NA,"cv_r2",NA,NA,NA,NA,NA,"sepsis"
"T_TS2","CREBZF","spearman",298,14,NA,-0.0136140911665668,NA,"cv_r2",NA,NA,NA,NA,NA,"sepsis"
"Megakaryocyte_MK","CHD2","rf",242,19,0.404569229439043,0.367387118587081,NA,"oob_r2",-0.0256484572494397,0.0196078431372549,TRUE,0.833996101364523,0.82962962962963,"sepsis"
"Megakaryocyte_MK","CHD2","lm",242,19,NA,0.414245249643302,NA,"cv_r2",NA,NA,NA,NA,NA,"sepsis"
"Megakaryocyte_MK","CHD2","ridge",242,19,NA,0.42330227396347,NA,"cv_r2",NA,NA,NA,NA,NA,"sepsis"
"Megakaryocyte_MK","CHD2","spearman",242,19,NA,0.156371164338902,NA,"cv_r2",NA,NA,NA,NA,NA,"sepsis"
"Megakaryocyte_MK","ETV2","rf",242,19,0.445893199055837,0.390881021238553,NA,"oob_r2",-0.0446468055867769,0.0196078431372549,TRUE,0.77037037037037,0.611640211640212,"sepsis"
"Megakaryocyte_MK","ETV2","lm",242,19,NA,0.393625834839312,NA,"cv_r2",NA,NA,NA,NA,NA,"sepsis"
"Megakaryocyte_MK","ETV2","ridge",242,19,NA,0.407217859069448,NA,"cv_r2",NA,NA,NA,NA,NA,"sepsis"
"Megakaryocyte_MK","ETV2","spearman",242,19,NA,0.139626638976986,NA,"cv_r2",NA,NA,NA,NA,NA,"sepsis"
"Megakaryocyte_MK","KLF10","rf",242,19,0.344080850253226,0.282046723843147,NA,"oob_r2",-0.0360950255458058,0.0196078431372549,TRUE,0.838908382066277,0.585185185185185,"sepsis"
"Megakaryocyte_MK","KLF10","lm",242,19,NA,0.262005090721966,NA,"cv_r2",NA,NA,NA,NA,NA,"sepsis"
"Megakaryocyte_MK","KLF10","ridge",242,19,NA,0.293399039490524,NA,"cv_r2",NA,NA,NA,NA,NA,"sepsis"
"Megakaryocyte_MK","KLF10","spearman",242,19,NA,0.00290359266003937,NA,"cv_r2",NA,NA,NA,NA,NA,"sepsis"
"Megakaryocyte_MK","TCF12","rf",242,19,0.356760214619414,0.30002364144396,NA,"oob_r2",-0.0157004751708748,0.0196078431372549,TRUE,0.802300194931774,0.638095238095238,"sepsis"
"Megakaryocyte_MK","TCF12","lm",242,19,NA,0.364378511167711,NA,"cv_r2",NA,NA,NA,NA,NA,"sepsis"
"Megakaryocyte_MK","TCF12","ridge",242,19,NA,0.37111444260138,NA,"cv_r2",NA,NA,NA,NA,NA,"sepsis"
"Megakaryocyte_MK","TCF12","spearman",242,19,NA,-0.0383473843845257,NA,"cv_r2",NA,NA,NA,NA,NA,"sepsis"
"Megakaryocyte_MK","KLF5","rf",242,19,0.369043839187586,0.322370299476735,NA,"oob_r2",-0.0278366383544925,0.0196078431372549,TRUE,0.817933723196881,0.785185185185185,"sepsis"
"Megakaryocyte_MK","KLF5","lm",242,19,NA,0.335199757481025,NA,"cv_r2",NA,NA,NA,NA,NA,"sepsis"
"Megakaryocyte_MK","KLF5","ridge",242,19,NA,0.353131216462113,NA,"cv_r2",NA,NA,NA,NA,NA,"sepsis"
"Megakaryocyte_MK","KLF5","spearman",242,19,NA,0.0138538986510885,NA,"cv_r2",NA,NA,NA,NA,NA,"sepsis"
"Megakaryocyte_MK","E2F5","rf",242,19,0.304204282030672,0.251729826169753,NA,"oob_r2",-0.0382529303787297,0.0196078431372549,TRUE,0.835087719298246,0.595767195767196,"sepsis"
"Megakaryocyte_MK","E2F5","lm",242,19,NA,0.264274944361415,NA,"cv_r2",NA,NA,NA,NA,NA,"sepsis"
"Megakaryocyte_MK","E2F5","ridge",242,19,NA,0.294068166897759,NA,"cv_r2",NA,NA,NA,NA,NA,"sepsis"
"Megakaryocyte_MK","E2F5","spearman",242,19,NA,-0.032058248752848,NA,"cv_r2",NA,NA,NA,NA,NA,"sepsis"
"Megakaryocyte_MK","BCL11A","rf",242,19,0.319692677478836,0.297919147617514,NA,"oob_r2",-0.0397575012944532,0.0196078431372549,TRUE,0.838791423001949,0.61058201058201,"sepsis"
"Megakaryocyte_MK","BCL11A","lm",242,19,NA,0.276918291951586,NA,"cv_r2",NA,NA,NA,NA,NA,"sepsis"
"Megakaryocyte_MK","BCL11A","ridge",242,19,NA,0.29515252692145,NA,"cv_r2",NA,NA,NA,NA,NA,"sepsis"
"Megakaryocyte_MK","BCL11A","spearman",242,19,NA,-0.0180284448363448,NA,"cv_r2",NA,NA,NA,NA,NA,"sepsis"
"Megakaryocyte_MK","FOSL1","rf",242,19,0.385751377390264,0.348577662465136,NA,"oob_r2",-0.0368999737270377,0.0196078431372549,TRUE,0.869785575048733,0.767195767195767,"sepsis"
"Megakaryocyte_MK","FOSL1","lm",242,19,NA,0.363200664687336,NA,"cv_r2",NA,NA,NA,NA,NA,"sepsis"
"Megakaryocyte_MK","FOSL1","ridge",242,19,NA,0.372770229100619,NA,"cv_r2",NA,NA,NA,NA,NA,"sepsis"
"Megakaryocyte_MK","FOSL1","spearman",242,19,NA,-0.0273703221862385,NA,"cv_r2",NA,NA,NA,NA,NA,"sepsis"
"Megakaryocyte_MK","JUNB","rf",242,19,0.359961900669976,0.346622212947098,NA,"oob_r2",-0.0434543458935212,0.0196078431372549,TRUE,0.870448343079922,0.874074074074074,"sepsis"
"Megakaryocyte_MK","JUNB","lm",242,19,NA,0.380836795398873,NA,"cv_r2",NA,NA,NA,NA,NA,"sepsis"
"Megakaryocyte_MK","JUNB","ridge",242,19,NA,0.388616290474322,NA,"cv_r2",NA,NA,NA,NA,NA,"sepsis"
"Megakaryocyte_MK","JUNB","spearman",242,19,NA,-0.00360827836470534,NA,"cv_r2",NA,NA,NA,NA,NA,"sepsis"
"Megakaryocyte_MK","PAX5","rf",242,19,0.322196881474396,0.27395826910676,NA,"oob_r2",-0.0387483259274788,0.0196078431372549,TRUE,0.845964912280702,0.714285714285714,"sepsis"
"Megakaryocyte_MK","PAX5","lm",242,19,NA,0.297270943675737,NA,"cv_r2",NA,NA,NA,NA,NA,"sepsis"
"Megakaryocyte_MK","PAX5","ridge",242,19,NA,0.319386847942692,NA,"cv_r2",NA,NA,NA,NA,NA,"sepsis"
"Megakaryocyte_MK","PAX5","spearman",242,19,NA,-0.0313434303164244,NA,"cv_r2",NA,NA,NA,NA,NA,"sepsis"
"Megakaryocyte_MK","TFDP1","rf",242,19,0.372720369606137,0.311933885473784,NA,"oob_r2",-0.0340122829215396,0.0196078431372549,TRUE,0.880818713450293,0.733333333333333,"sepsis"
"Megakaryocyte_MK","TFDP1","lm",242,19,NA,0.321525026936228,NA,"cv_r2",NA,NA,NA,NA,NA,"sepsis"
"Megakaryocyte_MK","TFDP1","ridge",242,19,NA,0.336081403605591,NA,"cv_r2",NA,NA,NA,NA,NA,"sepsis"
"Megakaryocyte_MK","TFDP1","spearman",242,19,NA,-0.0480848913442562,NA,"cv_r2",NA,NA,NA,NA,NA,"sepsis"
"Megakaryocyte_MK","CEBPB","rf",242,19,0.352045719289242,0.287919628993676,NA,"oob_r2",-0.0237412593583193,0.0196078431372549,TRUE,0.849668615984406,0.753439153439153,"sepsis"
"Megakaryocyte_MK","CEBPB","lm",242,19,NA,0.290940257649002,NA,"cv_r2",NA,NA,NA,NA,NA,"sepsis"
"Megakaryocyte_MK","CEBPB","ridge",242,19,NA,0.314435372319964,NA,"cv_r2",NA,NA,NA,NA,NA,"sepsis"
"Megakaryocyte_MK","CEBPB","spearman",242,19,NA,-0.0775443554860906,NA,"cv_r2",NA,NA,NA,NA,NA,"sepsis"
"Megakaryocyte_MK","TBX21","rf",242,19,0.347854282307693,0.249010024505445,NA,"oob_r2",-0.0304607947708266,0.0196078431372549,TRUE,0.8435477582846,0.868783068783069,"sepsis"
"Megakaryocyte_MK","TBX21","lm",242,19,NA,0.290795284989307,NA,"cv_r2",NA,NA,NA,NA,NA,"sepsis"
"Megakaryocyte_MK","TBX21","ridge",242,19,NA,0.310200688809597,NA,"cv_r2",NA,NA,NA,NA,NA,"sepsis"
"Megakaryocyte_MK","TBX21","spearman",242,19,NA,-0.0544383278527643,NA,"cv_r2",NA,NA,NA,NA,NA,"sepsis"
"Megakaryocyte_MK","FOXD2","rf",242,19,0.308937869788258,0.29333575861964,NA,"oob_r2",-0.0512464135074066,0.0196078431372549,TRUE,0.852358674463938,0.755555555555556,"sepsis"
"Megakaryocyte_MK","FOXD2","lm",242,19,NA,0.323270374674858,NA,"cv_r2",NA,NA,NA,NA,NA,"sepsis"
"Megakaryocyte_MK","FOXD2","ridge",242,19,NA,0.33796298652672,NA,"cv_r2",NA,NA,NA,NA,NA,"sepsis"
"Megakaryocyte_MK","FOXD2","spearman",242,19,NA,0.0597587438576446,NA,"cv_r2",NA,NA,NA,NA,NA,"sepsis"
"Megakaryocyte_MK","TAF1","rf",242,19,0.309824371409916,0.309894903390043,NA,"oob_r2",-0.0269283653240525,0.0196078431372549,TRUE,0.804678362573099,0.933333333333333,"sepsis"
"Megakaryocyte_MK","TAF1","lm",242,19,NA,0.302488353090711,NA,"cv_r2",NA,NA,NA,NA,NA,"sepsis"
"Megakaryocyte_MK","TAF1","ridge",242,19,NA,0.319082156701275,NA,"cv_r2",NA,NA,NA,NA,NA,"sepsis"
"Megakaryocyte_MK","TAF1","spearman",242,19,NA,0.012683314728592,NA,"cv_r2",NA,NA,NA,NA,NA,"sepsis"
"Megakaryocyte_MK","MEF2C","rf",242,19,0.334757470576369,0.284020936590069,NA,"oob_r2",-0.0460721314287398,0.0196078431372549,TRUE,0.805536062378168,0.722751322751323,"sepsis"
"Megakaryocyte_MK","MEF2C","lm",242,19,NA,0.261388871988459,NA,"cv_r2",NA,NA,NA,NA,NA,"sepsis"
"Megakaryocyte_MK","MEF2C","ridge",242,19,NA,0.288538982066928,NA,"cv_r2",NA,NA,NA,NA,NA,"sepsis"
"Megakaryocyte_MK","MEF2C","spearman",242,19,NA,0.0353077977187487,NA,"cv_r2",NA,NA,NA,NA,NA,"sepsis"
"Megakaryocyte_MK","MITF","rf",242,19,0.249787763182192,0.172924613175782,NA,"oob_r2",-0.0322579776601218,0.0196078431372549,TRUE,0.745614035087719,0.461992945326279,"sepsis"
"Megakaryocyte_MK","MITF","lm",242,19,NA,0.0951926833312441,NA,"cv_r2",NA,NA,NA,NA,NA,"sepsis"
"Megakaryocyte_MK","MITF","ridge",242,19,NA,0.141183829879497,NA,"cv_r2",NA,NA,NA,NA,NA,"sepsis"
"Megakaryocyte_MK","MITF","spearman",242,19,NA,0.0809937311320446,NA,"cv_r2",NA,NA,NA,NA,NA,"sepsis"
"Megakaryocyte_MK","KLF14","rf",242,19,0.337017326358663,0.311489853640123,NA,"oob_r2",-0.035574552639487,0.0196078431372549,TRUE,0.834970760233918,0.844444444444444,"sepsis"
"Megakaryocyte_MK","KLF14","lm",242,19,NA,0.327308169004038,NA,"cv_r2",NA,NA,NA,NA,NA,"sepsis"
"Megakaryocyte_MK","KLF14","ridge",242,19,NA,0.349098433578663,NA,"cv_r2",NA,NA,NA,NA,NA,"sepsis"
"Megakaryocyte_MK","KLF14","spearman",242,19,NA,-0.0151473250003977,NA,"cv_r2",NA,NA,NA,NA,NA,"sepsis"
"Megakaryocyte_MK","EGR2","rf",242,19,0.286570182215344,0.267291730011499,NA,"oob_r2",-0.0296637225433261,0.0196078431372549,TRUE,0.831539961013645,0.612698412698413,"sepsis"
"Megakaryocyte_MK","EGR2","lm",242,19,NA,0.263514824538291,NA,"cv_r2",NA,NA,NA,NA,NA,"sepsis"
"Megakaryocyte_MK","EGR2","ridge",242,19,NA,0.287693990000858,NA,"cv_r2",NA,NA,NA,NA,NA,"sepsis"
"Megakaryocyte_MK","EGR2","spearman",242,19,NA,-0.0155825030136985,NA,"cv_r2",NA,NA,NA,NA,NA,"sepsis"
"Megakaryocyte_MK","NFE2","rf",242,19,0.33447196820387,0.310568578200264,NA,"oob_r2",-0.0313233202940674,0.0196078431372549,TRUE,0.819415204678363,0.77037037037037,"sepsis"
"Megakaryocyte_MK","NFE2","lm",242,19,NA,0.310421748693616,NA,"cv_r2",NA,NA,NA,NA,NA,"sepsis"
"Megakaryocyte_MK","NFE2","ridge",242,19,NA,0.324853397063172,NA,"cv_r2",NA,NA,NA,NA,NA,"sepsis"
"Megakaryocyte_MK","NFE2","spearman",242,19,NA,0.134153368154933,NA,"cv_r2",NA,NA,NA,NA,NA,"sepsis"
"Megakaryocyte_MK","EPAS1","rf",242,19,0.142621751116986,0.17342566383093,NA,"oob_r2",-0.0299552927594044,0.0196078431372549,TRUE,0.52,0.395502645502645,"sepsis"
"Megakaryocyte_MK","EPAS1","lm",242,19,NA,0.169007659986146,NA,"cv_r2",NA,NA,NA,NA,NA,"sepsis"
"Megakaryocyte_MK","EPAS1","ridge",242,19,NA,0.198112328157577,NA,"cv_r2",NA,NA,NA,NA,NA,"sepsis"
"Megakaryocyte_MK","EPAS1","spearman",242,19,NA,0.0946992125871233,NA,"cv_r2",NA,NA,NA,NA,NA,"sepsis"
"Megakaryocyte_MK","POU2F2","rf",242,19,0.331879932584678,0.292567720753396,NA,"oob_r2",-0.0300175711229451,0.0196078431372549,TRUE,0.843430799220273,0.704761904761905,"sepsis"
"Megakaryocyte_MK","POU2F2","lm",242,19,NA,0.312998034377993,NA,"cv_r2",NA,NA,NA,NA,NA,"sepsis"
"Megakaryocyte_MK","POU2F2","ridge",242,19,NA,0.330219200373444,NA,"cv_r2",NA,NA,NA,NA,NA,"sepsis"
"Megakaryocyte_MK","POU2F2","spearman",242,19,NA,-0.00143448291978721,NA,"cv_r2",NA,NA,NA,NA,NA,"sepsis"
"Megakaryocyte_MK","TP73","rf",242,19,0.314547591201337,0.297652126183553,NA,"oob_r2",-0.0470843752222145,0.0196078431372549,TRUE,0.772553606237817,0.484038800705467,"sepsis"
"Megakaryocyte_MK","TP73","lm",242,19,NA,0.304546422826532,NA,"cv_r2",NA,NA,NA,NA,NA,"sepsis"
"Megakaryocyte_MK","TP73","ridge",242,19,NA,0.322458696122366,NA,"cv_r2",NA,NA,NA,NA,NA,"sepsis"
"Megakaryocyte_MK","TP73","spearman",242,19,NA,0.0513316183992926,NA,"cv_r2",NA,NA,NA,NA,NA,"sepsis"
"Megakaryocyte_MK","MYC","rf",242,19,0.302144479274199,0.316602474171277,NA,"oob_r2",-0.0448005517923073,0.0196078431372549,TRUE,0.730214424951267,0.603968253968254,"sepsis"
"Megakaryocyte_MK","MYC","lm",242,19,NA,0.267197665777659,NA,"cv_r2",NA,NA,NA,NA,NA,"sepsis"
"Megakaryocyte_MK","MYC","ridge",242,19,NA,0.281107735088083,NA,"cv_r2",NA,NA,NA,NA,NA,"sepsis"
"Megakaryocyte_MK","MYC","spearman",242,19,NA,-0.0259718905323465,NA,"cv_r2",NA,NA,NA,NA,NA,"sepsis"
"Megakaryocyte_MK","ZNF41","rf",242,19,0.21265661545775,0.177956112119529,NA,"oob_r2",-0.0224330619524484,0.0196078431372549,TRUE,0.811812865497076,0.755555555555556,"sepsis"
"Megakaryocyte_MK","ZNF41","lm",242,19,NA,0.143649637958645,NA,"cv_r2",NA,NA,NA,NA,NA,"sepsis"
"Megakaryocyte_MK","ZNF41","ridge",242,19,NA,0.179017468248439,NA,"cv_r2",NA,NA,NA,NA,NA,"sepsis"
"Megakaryocyte_MK","ZNF41","spearman",242,19,NA,-0.0397837544525186,NA,"cv_r2",NA,NA,NA,NA,NA,"sepsis"
"Megakaryocyte_MK","TCF7","rf",242,19,0.300004115115534,0.276769086903086,NA,"oob_r2",-0.0330389878571334,0.0196078431372549,TRUE,0.810058479532164,0.718518518518518,"sepsis"
"Megakaryocyte_MK","TCF7","lm",242,19,NA,0.293405223317211,NA,"cv_r2",NA,NA,NA,NA,NA,"sepsis"
"Megakaryocyte_MK","TCF7","ridge",242,19,NA,0.293205932149934,NA,"cv_r2",NA,NA,NA,NA,NA,"sepsis"
"Megakaryocyte_MK","TCF7","spearman",242,19,NA,0.0693105484780483,NA,"cv_r2",NA,NA,NA,NA,NA,"sepsis"
"Megakaryocyte_MK","ZNF281","rf",242,19,0.273375979974127,0.329884315673024,NA,"oob_r2",-0.0479125644534056,0.0196078431372549,TRUE,0.635126705653022,0.507407407407407,"sepsis"
"Megakaryocyte_MK","ZNF281","lm",242,19,NA,0.306961297454179,NA,"cv_r2",NA,NA,NA,NA,NA,"sepsis"
"Megakaryocyte_MK","ZNF281","ridge",242,19,NA,0.312840141365147,NA,"cv_r2",NA,NA,NA,NA,NA,"sepsis"
"Megakaryocyte_MK","ZNF281","spearman",242,19,NA,0.0743718661586049,NA,"cv_r2",NA,NA,NA,NA,NA,"sepsis"
"Megakaryocyte_MK","IRF1","rf",242,19,0.354936253690336,0.294887294521335,NA,"oob_r2",-0.0530461322893948,0.0196078431372549,TRUE,0.87317738791423,0.755555555555556,"sepsis"
"Megakaryocyte_MK","IRF1","lm",242,19,NA,0.333451270661077,NA,"cv_r2",NA,NA,NA,NA,NA,"sepsis"
"Megakaryocyte_MK","IRF1","ridge",242,19,NA,0.341372676155306,NA,"cv_r2",NA,NA,NA,NA,NA,"sepsis"
"Megakaryocyte_MK","IRF1","spearman",242,19,NA,0.0631250877792948,NA,"cv_r2",NA,NA,NA,NA,NA,"sepsis"
"Megakaryocyte_MK","ESR1","rf",242,19,0.37887044440654,0.359764233329466,NA,"oob_r2",-0.0276277787531484,0.0196078431372549,TRUE,0.84990253411306,0.685714285714286,"sepsis"
"Megakaryocyte_MK","ESR1","lm",242,19,NA,0.376250310404916,NA,"cv_r2",NA,NA,NA,NA,NA,"sepsis"
"Megakaryocyte_MK","ESR1","ridge",242,19,NA,0.384263155518161,NA,"cv_r2",NA,NA,NA,NA,NA,"sepsis"
"Megakaryocyte_MK","ESR1","spearman",242,19,NA,0.0255026358089692,NA,"cv_r2",NA,NA,NA,NA,NA,"sepsis"
"Megakaryocyte_MK","ELF4","rf",242,19,0.182234003261811,0.202727253339758,NA,"oob_r2",0.000574089074845293,0.0196078431372549,TRUE,0.762690058479532,0.585714285714286,"sepsis"
"Megakaryocyte_MK","ELF4","lm",242,19,NA,0.1742733068352,NA,"cv_r2",NA,NA,NA,NA,NA,"sepsis"
"Megakaryocyte_MK","ELF4","ridge",242,19,NA,0.192649437546687,NA,"cv_r2",NA,NA,NA,NA,NA,"sepsis"
"Megakaryocyte_MK","ELF4","spearman",242,19,NA,0.019625073477734,NA,"cv_r2",NA,NA,NA,NA,NA,"sepsis"
"Megakaryocyte_MK","RFX1","rf",242,19,0.267822719145059,0.248467332125588,NA,"oob_r2",-0.0301101375370668,0.0196078431372549,TRUE,0.788654970760234,0.630687830687831,"sepsis"
"Megakaryocyte_MK","RFX1","lm",242,19,NA,0.183979779870613,NA,"cv_r2",NA,NA,NA,NA,NA,"sepsis"
"Megakaryocyte_MK","RFX1","ridge",242,19,NA,0.202057636908298,NA,"cv_r2",NA,NA,NA,NA,NA,"sepsis"
"Megakaryocyte_MK","RFX1","spearman",242,19,NA,0.14758171503352,NA,"cv_r2",NA,NA,NA,NA,NA,"sepsis"
"Megakaryocyte_MK","STAT4","rf",242,19,0.320366315550303,0.299481440242355,NA,"oob_r2",-0.0242183479142436,0.0196078431372549,TRUE,0.79037037037037,0.740740740740741,"sepsis"
"Megakaryocyte_MK","STAT4","lm",242,19,NA,0.343613279113042,NA,"cv_r2",NA,NA,NA,NA,NA,"sepsis"
"Megakaryocyte_MK","STAT4","ridge",242,19,NA,0.350872888456096,NA,"cv_r2",NA,NA,NA,NA,NA,"sepsis"
"Megakaryocyte_MK","STAT4","spearman",242,19,NA,-0.0358289202464568,NA,"cv_r2",NA,NA,NA,NA,NA,"sepsis"
"Megakaryocyte_MK","STAT6","rf",242,19,0.38802880388662,0.399923703639783,NA,"oob_r2",-0.0270294270144844,0.0196078431372549,TRUE,0.771150097465887,0.564550264550264,"sepsis"
"Megakaryocyte_MK","STAT6","lm",242,19,NA,0.287280743769078,NA,"cv_r2",NA,NA,NA,NA,NA,"sepsis"
"Megakaryocyte_MK","STAT6","ridge",242,19,NA,0.318724128727422,NA,"cv_r2",NA,NA,NA,NA,NA,"sepsis"
"Megakaryocyte_MK","STAT6","spearman",242,19,NA,0.28099622734805,NA,"cv_r2",NA,NA,NA,NA,NA,"sepsis"
"Megakaryocyte_MK","HES4","rf",242,19,0.38591605036768,0.322988628918338,NA,"oob_r2",-0.0209931595866761,0.0196078431372549,TRUE,0.782923976608187,0.703703703703704,"sepsis"
"Megakaryocyte_MK","HES4","lm",242,19,NA,0.366170506774495,NA,"cv_r2",NA,NA,NA,NA,NA,"sepsis"
"Megakaryocyte_MK","HES4","ridge",242,19,NA,0.369056109284373,NA,"cv_r2",NA,NA,NA,NA,NA,"sepsis"
"Megakaryocyte_MK","HES4","spearman",242,19,NA,0.122958266706028,NA,"cv_r2",NA,NA,NA,NA,NA,"sepsis"
"Megakaryocyte_MK","ZNF816","rf",242,19,0.165739115239175,0.156889323262164,NA,"oob_r2",-0.0364599557953523,0.0196078431372549,TRUE,0.59625730994152,0.548677248677249,"sepsis"
"Megakaryocyte_MK","ZNF816","lm",242,19,NA,0.120936036272141,NA,"cv_r2",NA,NA,NA,NA,NA,"sepsis"
"Megakaryocyte_MK","ZNF816","ridge",242,19,NA,0.1470024323219,NA,"cv_r2",NA,NA,NA,NA,NA,"sepsis"
"Megakaryocyte_MK","ZNF816","spearman",242,19,NA,0.0446817898472548,NA,"cv_r2",NA,NA,NA,NA,NA,"sepsis"
"Megakaryocyte_MK","ZNF554","rf",242,19,0.3975345320985,0.353420190045282,NA,"oob_r2",-0.0401190163268389,0.0196078431372549,TRUE,0.78990253411306,0.681481481481481,"sepsis"
"Megakaryocyte_MK","ZNF554","lm",242,19,NA,0.345993046533377,NA,"cv_r2",NA,NA,NA,NA,NA,"sepsis"
"Megakaryocyte_MK","ZNF554","ridge",242,19,NA,0.364292541559216,NA,"cv_r2",NA,NA,NA,NA,NA,"sepsis"
"Megakaryocyte_MK","ZNF554","spearman",242,19,NA,0.266251160605491,NA,"cv_r2",NA,NA,NA,NA,NA,"sepsis"
"Megakaryocyte_MK","RREB1","rf",242,19,0.342323370312363,0.3386439957695,NA,"oob_r2",-0.0198824728958537,0.0196078431372549,TRUE,0.801364522417154,0.844444444444444,"sepsis"
"Megakaryocyte_MK","RREB1","lm",242,19,NA,0.326098604655152,NA,"cv_r2",NA,NA,NA,NA,NA,"sepsis"
"Megakaryocyte_MK","RREB1","ridge",242,19,NA,0.34150111281564,NA,"cv_r2",NA,NA,NA,NA,NA,"sepsis"
"Megakaryocyte_MK","RREB1","spearman",242,19,NA,0.00757692323798309,NA,"cv_r2",NA,NA,NA,NA,NA,"sepsis"
"Megakaryocyte_MK","ARID2","rf",242,19,0.29790755883369,0.258338311361809,NA,"oob_r2",-0.0352306512999709,0.0196078431372549,TRUE,0.79083820662768,0.589153439153439,"sepsis"
"Megakaryocyte_MK","ARID2","lm",242,19,NA,0.170765517571735,NA,"cv_r2",NA,NA,NA,NA,NA,"sepsis"
"Megakaryocyte_MK","ARID2","ridge",242,19,NA,0.198931565444728,NA,"cv_r2",NA,NA,NA,NA,NA,"sepsis"
"Megakaryocyte_MK","ARID2","spearman",242,19,NA,-0.0426660410386968,NA,"cv_r2",NA,NA,NA,NA,NA,"sepsis"
"Megakaryocyte_MK","CREB5","rf",242,19,0.40400274354609,0.358616969559816,NA,"oob_r2",-0.0381074514033153,0.0196078431372549,TRUE,0.857543859649123,1,"sepsis"
"Megakaryocyte_MK","CREB5","lm",242,19,NA,0.359083245065586,NA,"cv_r2",NA,NA,NA,NA,NA,"sepsis"
"Megakaryocyte_MK","CREB5","ridge",242,19,NA,0.368736641444478,NA,"cv_r2",NA,NA,NA,NA,NA,"sepsis"
"Megakaryocyte_MK","CREB5","spearman",242,19,NA,0.00501971222765352,NA,"cv_r2",NA,NA,NA,NA,NA,"sepsis"
"Megakaryocyte_MK","ELF2","rf",242,19,0.320531756432757,0.264832336554913,NA,"oob_r2",-0.0396680648692413,0.0196078431372549,TRUE,0.812007797270955,0.933333333333333,"sepsis"
"Megakaryocyte_MK","ELF2","lm",242,19,NA,0.303113731952596,NA,"cv_r2",NA,NA,NA,NA,NA,"sepsis"
"Megakaryocyte_MK","ELF2","ridge",242,19,NA,0.322745467604675,NA,"cv_r2",NA,NA,NA,NA,NA,"sepsis"
"Megakaryocyte_MK","ELF2","spearman",242,19,NA,-0.0682310934152046,NA,"cv_r2",NA,NA,NA,NA,NA,"sepsis"
"Megakaryocyte_MK","KLF6","rf",242,19,0.380279935977296,0.340818209039622,NA,"oob_r2",-0.0261897622937035,0.0196078431372549,TRUE,0.843625730994152,0.881481481481482,"sepsis"
"Megakaryocyte_MK","KLF6","lm",242,19,NA,0.384361164431645,NA,"cv_r2",NA,NA,NA,NA,NA,"sepsis"
"Megakaryocyte_MK","KLF6","ridge",242,19,NA,0.392620037949116,NA,"cv_r2",NA,NA,NA,NA,NA,"sepsis"
"Megakaryocyte_MK","KLF6","spearman",242,19,NA,-0.00412758336976649,NA,"cv_r2",NA,NA,NA,NA,NA,"sepsis"
"Megakaryocyte_MK","PRDM1","rf",242,19,0.337337825352837,0.354895768492427,NA,"oob_r2",-0.0399450196357249,0.0196078431372549,TRUE,0.762884990253411,0.575925925925926,"sepsis"
"Megakaryocyte_MK","PRDM1","lm",242,19,NA,0.320585127755579,NA,"cv_r2",NA,NA,NA,NA,NA,"sepsis"
"Megakaryocyte_MK","PRDM1","ridge",242,19,NA,0.327607404443792,NA,"cv_r2",NA,NA,NA,NA,NA,"sepsis"
"Megakaryocyte_MK","PRDM1","spearman",242,19,NA,-0.0064571927189081,NA,"cv_r2",NA,NA,NA,NA,NA,"sepsis"
"Megakaryocyte_MK","JUN","rf",242,19,0.369123593243363,0.326962691392482,NA,"oob_r2",-0.0273700411418705,0.0196078431372549,TRUE,0.904717348927875,0.82962962962963,"sepsis"
"Megakaryocyte_MK","JUN","lm",242,19,NA,0.362322723109591,NA,"cv_r2",NA,NA,NA,NA,NA,"sepsis"
"Megakaryocyte_MK","JUN","ridge",242,19,NA,0.370800581121264,NA,"cv_r2",NA,NA,NA,NA,NA,"sepsis"
"Megakaryocyte_MK","JUN","spearman",242,19,NA,0.112173382974096,NA,"cv_r2",NA,NA,NA,NA,NA,"sepsis"
"Megakaryocyte_MK","BCL6","rf",242,19,0.351481627816767,0.33542302653748,NA,"oob_r2",-0.0373342750550729,0.0196078431372549,TRUE,0.824756335282651,0.673015873015873,"sepsis"
"Megakaryocyte_MK","BCL6","lm",242,19,NA,0.334889987844872,NA,"cv_r2",NA,NA,NA,NA,NA,"sepsis"
"Megakaryocyte_MK","BCL6","ridge",242,19,NA,0.348626077149985,NA,"cv_r2",NA,NA,NA,NA,NA,"sepsis"
"Megakaryocyte_MK","BCL6","spearman",242,19,NA,0.107455420210752,NA,"cv_r2",NA,NA,NA,NA,NA,"sepsis"
"Megakaryocyte_MK","ITGB2","rf",242,19,0.23191480897926,0.238885161641497,NA,"oob_r2",-0.0043397550720409,0.0196078431372549,TRUE,0.780038986354776,0.604232804232804,"sepsis"
"Megakaryocyte_MK","ITGB2","lm",242,19,NA,0.131778476625295,NA,"cv_r2",NA,NA,NA,NA,NA,"sepsis"
"Megakaryocyte_MK","ITGB2","ridge",242,19,NA,0.188728148512808,NA,"cv_r2",NA,NA,NA,NA,NA,"sepsis"
"Megakaryocyte_MK","ITGB2","spearman",242,19,NA,0.073263972933756,NA,"cv_r2",NA,NA,NA,NA,NA,"sepsis"
"Megakaryocyte_MK","ZNF143","rf",242,19,0.36967516113625,0.33525700616885,NA,"oob_r2",-0.0262121893124605,0.0196078431372549,TRUE,0.844639376218324,0.627513227513227,"sepsis"
"Megakaryocyte_MK","ZNF143","lm",242,19,NA,0.322997983900267,NA,"cv_r2",NA,NA,NA,NA,NA,"sepsis"
"Megakaryocyte_MK","ZNF143","ridge",242,19,NA,0.3398958949111,NA,"cv_r2",NA,NA,NA,NA,NA,"sepsis"
"Megakaryocyte_MK","ZNF143","spearman",242,19,NA,0.0967861978537381,NA,"cv_r2",NA,NA,NA,NA,NA,"sepsis"
"Megakaryocyte_MK","KLF2","rf",242,19,0.332656167747161,0.307610994168734,NA,"oob_r2",-0.0195124613790021,0.0196078431372549,TRUE,0.859376218323587,0.868783068783069,"sepsis"
"Megakaryocyte_MK","KLF2","lm",242,19,NA,0.336117078370389,NA,"cv_r2",NA,NA,NA,NA,NA,"sepsis"
"Megakaryocyte_MK","KLF2","ridge",242,19,NA,0.347522883453572,NA,"cv_r2",NA,NA,NA,NA,NA,"sepsis"
"Megakaryocyte_MK","KLF2","spearman",242,19,NA,0.0103671598766322,NA,"cv_r2",NA,NA,NA,NA,NA,"sepsis"
"Megakaryocyte_MK","CEBPD","rf",242,19,0.395573984764656,0.338755241124774,NA,"oob_r2",-0.0213719664717656,0.0196078431372549,TRUE,0.85009746588694,0.606613756613757,"sepsis"
"Megakaryocyte_MK","CEBPD","lm",242,19,NA,0.291811308384771,NA,"cv_r2",NA,NA,NA,NA,NA,"sepsis"
"Megakaryocyte_MK","CEBPD","ridge",242,19,NA,0.343806982768658,NA,"cv_r2",NA,NA,NA,NA,NA,"sepsis"
"Megakaryocyte_MK","CEBPD","spearman",242,19,NA,0.125841312795623,NA,"cv_r2",NA,NA,NA,NA,NA,"sepsis"
"Megakaryocyte_MK","ELF3","rf",242,19,0.427557991213226,0.409271565054723,NA,"oob_r2",-0.0364731816091487,0.0196078431372549,TRUE,0.759844054580897,0.703703703703704,"sepsis"
"Megakaryocyte_MK","ELF3","lm",242,19,NA,0.366663633893602,NA,"cv_r2",NA,NA,NA,NA,NA,"sepsis"
"Megakaryocyte_MK","ELF3","ridge",242,19,NA,0.378778288655322,NA,"cv_r2",NA,NA,NA,NA,NA,"sepsis"
"Megakaryocyte_MK","ELF3","spearman",242,19,NA,0.160855742915799,NA,"cv_r2",NA,NA,NA,NA,NA,"sepsis"
"Megakaryocyte_MK","EGR1","rf",242,19,0.385650067935021,0.336056199909017,NA,"oob_r2",-0.034901917414621,0.0196078431372549,TRUE,0.831851851851852,0.822222222222222,"sepsis"
"Megakaryocyte_MK","EGR1","lm",242,19,NA,0.36590591511383,NA,"cv_r2",NA,NA,NA,NA,NA,"sepsis"
"Megakaryocyte_MK","EGR1","ridge",242,19,NA,0.377165856460566,NA,"cv_r2",NA,NA,NA,NA,NA,"sepsis"
"Megakaryocyte_MK","EGR1","spearman",242,19,NA,-0.00913545325469234,NA,"cv_r2",NA,NA,NA,NA,NA,"sepsis"
"Megakaryocyte_MK","ID3","rf",242,19,0.40077557851198,0.392361358565987,NA,"oob_r2",-0.0203060261918761,0.0196078431372549,TRUE,0.803703703703704,0.785185185185185,"sepsis"
"Megakaryocyte_MK","ID3","lm",242,19,NA,0.420761628335702,NA,"cv_r2",NA,NA,NA,NA,NA,"sepsis"
"Megakaryocyte_MK","ID3","ridge",242,19,NA,0.433408525665313,NA,"cv_r2",NA,NA,NA,NA,NA,"sepsis"
"Megakaryocyte_MK","ID3","spearman",242,19,NA,0.203076828185472,NA,"cv_r2",NA,NA,NA,NA,NA,"sepsis"
"Megakaryocyte_MK","ZNF449","rf",242,19,0.429274876430371,0.41732470153914,NA,"oob_r2",-0.00796835862045285,0.0196078431372549,TRUE,0.805029239766082,0.62962962962963,"sepsis"
"Megakaryocyte_MK","ZNF449","lm",242,19,NA,0.44296750125066,NA,"cv_r2",NA,NA,NA,NA,NA,"sepsis"
"Megakaryocyte_MK","ZNF449","ridge",242,19,NA,0.463475401974521,NA,"cv_r2",NA,NA,NA,NA,NA,"sepsis"
"Megakaryocyte_MK","ZNF449","spearman",242,19,NA,0.201616953071893,NA,"cv_r2",NA,NA,NA,NA,NA,"sepsis"
"Megakaryocyte_MK","ZNF691","rf",242,19,0.51853061800065,0.528624491082041,NA,"oob_r2",-0.016263346107832,0.0196078431372549,TRUE,0.856023391812866,0.77037037037037,"sepsis"
"Megakaryocyte_MK","ZNF691","lm",242,19,NA,0.528012303166353,NA,"cv_r2",NA,NA,NA,NA,NA,"sepsis"
"Megakaryocyte_MK","ZNF691","ridge",242,19,NA,0.529425214329355,NA,"cv_r2",NA,NA,NA,NA,NA,"sepsis"
"Megakaryocyte_MK","ZNF691","spearman",242,19,NA,0.318207061146157,NA,"cv_r2",NA,NA,NA,NA,NA,"sepsis"
"Megakaryocyte_MK","NFE2L2","rf",242,19,0.550806394077677,0.526847721299974,NA,"oob_r2",-0.0317152317000183,0.0196078431372549,TRUE,0.778362573099415,0.627513227513227,"sepsis"
"Megakaryocyte_MK","NFE2L2","lm",242,19,NA,0.567336909758548,NA,"cv_r2",NA,NA,NA,NA,NA,"sepsis"
"Megakaryocyte_MK","NFE2L2","ridge",242,19,NA,0.563311346326506,NA,"cv_r2",NA,NA,NA,NA,NA,"sepsis"
"Megakaryocyte_MK","NFE2L2","spearman",242,19,NA,0.338682214413202,NA,"cv_r2",NA,NA,NA,NA,NA,"sepsis"
"NK_NS1","MEF2A","rf",230,17,0.631491914467483,0.631749730835199,NA,"oob_r2",-0.00782253618517957,0.0196078431372549,TRUE,0.914052287581699,0.933333333333333,"sepsis"
"NK_NS1","MEF2A","lm",230,17,NA,0.664182171305353,NA,"cv_r2",NA,NA,NA,NA,NA,"sepsis"
"NK_NS1","MEF2A","ridge",230,17,NA,0.668904567427582,NA,"cv_r2",NA,NA,NA,NA,NA,"sepsis"
"NK_NS1","MEF2A","spearman",230,17,NA,0.380939889947696,NA,"cv_r2",NA,NA,NA,NA,NA,"sepsis"
"NK_NS1","REL","rf",230,17,0.730448687726218,0.716635479892141,NA,"oob_r2",-0.0115681638626106,0.0196078431372549,TRUE,0.949019607843137,0.671957671957672,"sepsis"
"NK_NS1","REL","lm",230,17,NA,0.701700350880781,NA,"cv_r2",NA,NA,NA,NA,NA,"sepsis"
"NK_NS1","REL","ridge",230,17,NA,0.707869756740035,NA,"cv_r2",NA,NA,NA,NA,NA,"sepsis"
"NK_NS1","REL","spearman",230,17,NA,0.558133657208798,NA,"cv_r2",NA,NA,NA,NA,NA,"sepsis"
"NK_NS1","TCF7L2","rf",230,17,0.722259528785096,0.738680932791375,NA,"oob_r2",-0.0339330678447711,0.0196078431372549,TRUE,0.876525054466231,0.933333333333333,"sepsis"
"NK_NS1","TCF7L2","lm",230,17,NA,0.764429807885724,NA,"cv_r2",NA,NA,NA,NA,NA,"sepsis"
"NK_NS1","TCF7L2","ridge",230,17,NA,0.767291377678006,NA,"cv_r2",NA,NA,NA,NA,NA,"sepsis"
"NK_NS1","TCF7L2","spearman",230,17,NA,0.604724372800245,NA,"cv_r2",NA,NA,NA,NA,NA,"sepsis"
"NK_NS1","ARID3B","rf",230,17,0.795439595389782,0.786880697389515,NA,"oob_r2",-0.0410065190807563,0.0196078431372549,TRUE,0.927995642701525,0.82962962962963,"sepsis"
"NK_NS1","ARID3B","lm",230,17,NA,0.778258325426036,NA,"cv_r2",NA,NA,NA,NA,NA,"sepsis"
"NK_NS1","ARID3B","ridge",230,17,NA,0.784495132525424,NA,"cv_r2",NA,NA,NA,NA,NA,"sepsis"
"NK_NS1","ARID3B","spearman",230,17,NA,0.73223756328355,NA,"cv_r2",NA,NA,NA,NA,NA,"sepsis"
"NK_NS1","HOXB2","rf",230,17,0.707826701941816,0.704181031484429,NA,"oob_r2",-0.0185055310855709,0.0196078431372549,TRUE,0.91917211328976,0.748148148148148,"sepsis"
"NK_NS1","HOXB2","lm",230,17,NA,0.662950015580615,NA,"cv_r2",NA,NA,NA,NA,NA,"sepsis"
"NK_NS1","HOXB2","ridge",230,17,NA,0.669825637637417,NA,"cv_r2",NA,NA,NA,NA,NA,"sepsis"
"NK_NS1","HOXB2","spearman",230,17,NA,0.563504137037781,NA,"cv_r2",NA,NA,NA,NA,NA,"sepsis"
"NK_NS1","NEUROD2","rf",230,17,0.696322109868716,0.706441146855853,NA,"oob_r2",-0.0256612373934235,0.0196078431372549,TRUE,0.855337690631808,0.933333333333333,"sepsis"
"NK_NS1","NEUROD2","lm",230,17,NA,0.710495417756598,NA,"cv_r2",NA,NA,NA,NA,NA,"sepsis"
"NK_NS1","NEUROD2","ridge",230,17,NA,0.711195478227776,NA,"cv_r2",NA,NA,NA,NA,NA,"sepsis"
"NK_NS1","NEUROD2","spearman",230,17,NA,0.656562402150175,NA,"cv_r2",NA,NA,NA,NA,NA,"sepsis"
"NK_NS1","ZNF24","rf",230,17,0.635064480362894,0.635192842173558,NA,"oob_r2",-0.0346854205532689,0.0196078431372549,TRUE,0.915196078431373,0.785185185185185,"sepsis"
"NK_NS1","ZNF24","lm",230,17,NA,0.635359851404591,NA,"cv_r2",NA,NA,NA,NA,NA,"sepsis"
"NK_NS1","ZNF24","ridge",230,17,NA,0.637396719750128,NA,"cv_r2",NA,NA,NA,NA,NA,"sepsis"
"NK_NS1","ZNF24","spearman",230,17,NA,0.576937079083422,NA,"cv_r2",NA,NA,NA,NA,NA,"sepsis"
"NK_NS1","VDR","rf",230,17,0.394058148274212,0.401003347496599,NA,"oob_r2",-0.0313533627308455,0.0196078431372549,TRUE,0.823093681917211,0.755555555555556,"sepsis"
"NK_NS1","VDR","lm",230,17,NA,0.345062828827727,NA,"cv_r2",NA,NA,NA,NA,NA,"sepsis"
"NK_NS1","VDR","ridge",230,17,NA,0.341556907902401,NA,"cv_r2",NA,NA,NA,NA,NA,"sepsis"
"NK_NS1","VDR","spearman",230,17,NA,0.309011923631576,NA,"cv_r2",NA,NA,NA,NA,NA,"sepsis"
"NK_NS1","ZNF449","rf",230,17,0.295932953232473,0.285879176940855,NA,"oob_r2",-0.0386237664823308,0.0196078431372549,TRUE,0.876960784313726,0.645502645502645,"sepsis"
"NK_NS1","ZNF449","lm",230,17,NA,0.23728559638183,NA,"cv_r2",NA,NA,NA,NA,NA,"sepsis"
"NK_NS1","ZNF449","ridge",230,17,NA,0.273910956870352,NA,"cv_r2",NA,NA,NA,NA,NA,"sepsis"
"NK_NS1","ZNF449","spearman",230,17,NA,0.219119166797957,NA,"cv_r2",NA,NA,NA,NA,NA,"sepsis"
"NK_NS1","ZNF75D","rf",230,17,0.331072099358711,0.340853354055832,NA,"oob_r2",-0.021762101790018,0.0196078431372549,TRUE,0.8369825708061,0.762962962962963,"sepsis"
"NK_NS1","ZNF75D","lm",230,17,NA,0.267021138509873,NA,"cv_r2",NA,NA,NA,NA,NA,"sepsis"
"NK_NS1","ZNF75D","ridge",230,17,NA,0.290899533696563,NA,"cv_r2",NA,NA,NA,NA,NA,"sepsis"
"NK_NS1","ZNF75D","spearman",230,17,NA,0.140514119507605,NA,"cv_r2",NA,NA,NA,NA,NA,"sepsis"
"NK_NS1","AR","rf",230,17,0.550533780748117,0.57875840365597,NA,"oob_r2",-0.0218833588341052,0.0196078431372549,TRUE,0.862091503267974,0.881481481481482,"sepsis"
"NK_NS1","AR","lm",230,17,NA,0.57022815805609,NA,"cv_r2",NA,NA,NA,NA,NA,"sepsis"
"NK_NS1","AR","ridge",230,17,NA,0.566345279033985,NA,"cv_r2",NA,NA,NA,NA,NA,"sepsis"
"NK_NS1","AR","spearman",230,17,NA,0.413119102502918,NA,"cv_r2",NA,NA,NA,NA,NA,"sepsis"
"NK_NS1","ASCL2","rf",230,17,0.366310367224538,0.349469848484637,NA,"oob_r2",-0.0104640982496513,0.0196078431372549,TRUE,0.909640522875817,0.757671957671958,"sepsis"
"NK_NS1","ASCL2","lm",230,17,NA,0.353623618643126,NA,"cv_r2",NA,NA,NA,NA,NA,"sepsis"
"NK_NS1","ASCL2","ridge",230,17,NA,0.366061741272689,NA,"cv_r2",NA,NA,NA,NA,NA,"sepsis"
"NK_NS1","ASCL2","spearman",230,17,NA,0.145221482644283,NA,"cv_r2",NA,NA,NA,NA,NA,"sepsis"
"NK_NS1","ZIM3","rf",230,17,0.324600911979134,0.324625878189931,NA,"oob_r2",-0.0121409699575167,0.0196078431372549,TRUE,0.868790849673203,0.933333333333333,"sepsis"
"NK_NS1","ZIM3","lm",230,17,NA,0.24421398035044,NA,"cv_r2",NA,NA,NA,NA,NA,"sepsis"
"NK_NS1","ZIM3","ridge",230,17,NA,0.30167723206785,NA,"cv_r2",NA,NA,NA,NA,NA,"sepsis"
"NK_NS1","ZIM3","spearman",230,17,NA,0.140414664641528,NA,"cv_r2",NA,NA,NA,NA,NA,"sepsis"
"NK_NS1","GTF3C2","rf",230,17,0.441007414809789,0.46050572950221,NA,"oob_r2",-0.0173693438274062,0.0196078431372549,TRUE,0.839542483660131,0.874074074074074,"sepsis"
"NK_NS1","GTF3C2","lm",230,17,NA,0.435259075714744,NA,"cv_r2",NA,NA,NA,NA,NA,"sepsis"
"NK_NS1","GTF3C2","ridge",230,17,NA,0.437044200721631,NA,"cv_r2",NA,NA,NA,NA,NA,"sepsis"
"NK_NS1","GTF3C2","spearman",230,17,NA,0.181245702980177,NA,"cv_r2",NA,NA,NA,NA,NA,"sepsis"
"NK_NS1","ZBTB7A","rf",230,17,0.459840200630064,0.47242890327391,NA,"oob_r2",-0.0209763882933576,0.0196078431372549,TRUE,0.930610021786493,0.82962962962963,"sepsis"
"NK_NS1","ZBTB7A","lm",230,17,NA,0.439520797927357,NA,"cv_r2",NA,NA,NA,NA,NA,"sepsis"
"NK_NS1","ZBTB7A","ridge",230,17,NA,0.442509582287932,NA,"cv_r2",NA,NA,NA,NA,NA,"sepsis"
"NK_NS1","ZBTB7A","spearman",230,17,NA,0.252980480635185,NA,"cv_r2",NA,NA,NA,NA,NA,"sepsis"
"NK_NS1","BATF3","rf",230,17,0.361838218690852,0.361835247057004,NA,"oob_r2",-0.0313657740759618,0.0196078431372549,TRUE,0.814814814814815,0.82962962962963,"sepsis"
"NK_NS1","BATF3","lm",230,17,NA,0.333467926809283,NA,"cv_r2",NA,NA,NA,NA,NA,"sepsis"
"NK_NS1","BATF3","ridge",230,17,NA,0.327681462627302,NA,"cv_r2",NA,NA,NA,NA,NA,"sepsis"
"NK_NS1","BATF3","spearman",230,17,NA,0.27775958714326,NA,"cv_r2",NA,NA,NA,NA,NA,"sepsis"
"NK_NS1","ARNT","rf",230,17,0.470571219657256,0.468042308952575,NA,"oob_r2",-0.0175352780272809,0.0196078431372549,TRUE,0.903104575163399,0.819047619047619,"sepsis"
"NK_NS1","ARNT","lm",230,17,NA,0.446288384149275,NA,"cv_r2",NA,NA,NA,NA,NA,"sepsis"
"NK_NS1","ARNT","ridge",230,17,NA,0.442828362531408,NA,"cv_r2",NA,NA,NA,NA,NA,"sepsis"
"NK_NS1","ARNT","spearman",230,17,NA,0.238408637364264,NA,"cv_r2",NA,NA,NA,NA,NA,"sepsis"
"NK_NS1","RORA","rf",230,17,0.277746552310533,0.291413170095233,NA,"oob_r2",-0.0306294791525493,0.0196078431372549,TRUE,0.872004357298475,0.726984126984127,"sepsis"
"NK_NS1","RORA","lm",230,17,NA,0.190929693280722,NA,"cv_r2",NA,NA,NA,NA,NA,"sepsis"
"NK_NS1","RORA","ridge",230,17,NA,0.203977816653882,NA,"cv_r2",NA,NA,NA,NA,NA,"sepsis"
"NK_NS1","RORA","spearman",230,17,NA,0.184803727155556,NA,"cv_r2",NA,NA,NA,NA,NA,"sepsis"
"NK_NS1","PAX5","rf",230,17,0.32877681730723,0.356255747462877,NA,"oob_r2",-0.018078556928016,0.0196078431372549,TRUE,0.827450980392157,0.874074074074074,"sepsis"
"NK_NS1","PAX5","lm",230,17,NA,0.304761781144083,NA,"cv_r2",NA,NA,NA,NA,NA,"sepsis"
"NK_NS1","PAX5","ridge",230,17,NA,0.299817204957984,NA,"cv_r2",NA,NA,NA,NA,NA,"sepsis"
"NK_NS1","PAX5","spearman",230,17,NA,0.226742427324659,NA,"cv_r2",NA,NA,NA,NA,NA,"sepsis"
"NK_NS1","ZNF134","rf",230,17,0.372863861310641,0.374160057871823,NA,"oob_r2",-0.0157977538897154,0.0196078431372549,TRUE,0.866666666666667,0.761904761904762,"sepsis"
"NK_NS1","ZNF134","lm",230,17,NA,0.292732222493854,NA,"cv_r2",NA,NA,NA,NA,NA,"sepsis"
"NK_NS1","ZNF134","ridge",230,17,NA,0.289609684940845,NA,"cv_r2",NA,NA,NA,NA,NA,"sepsis"
"NK_NS1","ZNF134","spearman",230,17,NA,0.168477067244982,NA,"cv_r2",NA,NA,NA,NA,NA,"sepsis"
"NK_NS1","HDAC2","rf",230,17,0.42025262852156,0.451119975628148,NA,"oob_r2",-0.00265530481946894,0.0196078431372549,TRUE,0.899237472766885,0.785185185185185,"sepsis"
"NK_NS1","HDAC2","lm",230,17,NA,0.420883160938292,NA,"cv_r2",NA,NA,NA,NA,NA,"sepsis"
"NK_NS1","HDAC2","ridge",230,17,NA,0.4248644733429,NA,"cv_r2",NA,NA,NA,NA,NA,"sepsis"
"NK_NS1","HDAC2","spearman",230,17,NA,0.227060870331658,NA,"cv_r2",NA,NA,NA,NA,NA,"sepsis"
"NK_NS1","HOXA1","rf",230,17,0.251952026505532,0.251054350607924,NA,"oob_r2",-0.0123400068695289,0.0196078431372549,TRUE,0.838562091503268,1,"sepsis"
"NK_NS1","HOXA1","lm",230,17,NA,0.193784879150321,NA,"cv_r2",NA,NA,NA,NA,NA,"sepsis"
"NK_NS1","HOXA1","ridge",230,17,NA,0.231644750077112,NA,"cv_r2",NA,NA,NA,NA,NA,"sepsis"
"NK_NS1","HOXA1","spearman",230,17,NA,0.156556343556888,NA,"cv_r2",NA,NA,NA,NA,NA,"sepsis"
"NK_NS1","PRDM11","rf",230,17,0.415093556930343,0.425424383107546,NA,"oob_r2",-0.0190198108717627,0.0196078431372549,TRUE,0.928376906318083,0.729100529100529,"sepsis"
"NK_NS1","PRDM11","lm",230,17,NA,0.431043465827241,NA,"cv_r2",NA,NA,NA,NA,NA,"sepsis"
"NK_NS1","PRDM11","ridge",230,17,NA,0.427872541159101,NA,"cv_r2",NA,NA,NA,NA,NA,"sepsis"
"NK_NS1","PRDM11","spearman",230,17,NA,0.182256362638209,NA,"cv_r2",NA,NA,NA,NA,NA,"sepsis"
"NK_NS1","GRHL1","rf",230,17,0.363495187119513,0.364347225342634,NA,"oob_r2",-0.0163210526621896,0.0196078431372549,TRUE,0.831263616557734,0.737566137566138,"sepsis"
"NK_NS1","GRHL1","lm",230,17,NA,0.394928972606601,NA,"cv_r2",NA,NA,NA,NA,NA,"sepsis"
"NK_NS1","GRHL1","ridge",230,17,NA,0.397386835145332,NA,"cv_r2",NA,NA,NA,NA,NA,"sepsis"
"NK_NS1","GRHL1","spearman",230,17,NA,0.0864361083164956,NA,"cv_r2",NA,NA,NA,NA,NA,"sepsis"
"NK_NS1","E2F2","rf",230,17,0.434286952717376,0.44863760112429,NA,"oob_r2",-0.00328903371354293,0.0196078431372549,TRUE,0.868300653594771,0.762962962962963,"sepsis"
"NK_NS1","E2F2","lm",230,17,NA,0.412602476312224,NA,"cv_r2",NA,NA,NA,NA,NA,"sepsis"
"NK_NS1","E2F2","ridge",230,17,NA,0.411501713573039,NA,"cv_r2",NA,NA,NA,NA,NA,"sepsis"
"NK_NS1","E2F2","spearman",230,17,NA,0.183818993745169,NA,"cv_r2",NA,NA,NA,NA,NA,"sepsis"
"NK_NS1","ZBTB18","rf",230,17,0.0910181395359431,0.0680095279952728,NA,"oob_r2",-0.0317117696925199,0.0196078431372549,TRUE,0.573692810457516,0.553703703703704,"sepsis"
"NK_NS1","ZBTB18","lm",230,17,NA,0.0857231842159888,NA,"cv_r2",NA,NA,NA,NA,NA,"sepsis"
"NK_NS1","ZBTB18","ridge",230,17,NA,0.108173132758663,NA,"cv_r2",NA,NA,NA,NA,NA,"sepsis"
"NK_NS1","ZBTB18","spearman",230,17,NA,0.100536427804337,NA,"cv_r2",NA,NA,NA,NA,NA,"sepsis"
"NK_NS1","KLF2","rf",230,17,0.367562584733943,0.349477898288106,NA,"oob_r2",-0.0238088510721928,0.0196078431372549,TRUE,0.895152505446623,0.785185185185185,"sepsis"
"NK_NS1","KLF2","lm",230,17,NA,0.335673075444561,NA,"cv_r2",NA,NA,NA,NA,NA,"sepsis"
"NK_NS1","KLF2","ridge",230,17,NA,0.326572742649333,NA,"cv_r2",NA,NA,NA,NA,NA,"sepsis"
"NK_NS1","KLF2","spearman",230,17,NA,0.00782262038822712,NA,"cv_r2",NA,NA,NA,NA,NA,"sepsis"
"NK_NS1","HMGN3","rf",230,17,0.272304554111565,0.280442141339286,NA,"oob_r2",-0.0281967646493325,0.0196078431372549,TRUE,0.780446623093682,0.82962962962963,"sepsis"
"NK_NS1","HMGN3","lm",230,17,NA,0.219582029166689,NA,"cv_r2",NA,NA,NA,NA,NA,"sepsis"
"NK_NS1","HMGN3","ridge",230,17,NA,0.199596565108419,NA,"cv_r2",NA,NA,NA,NA,NA,"sepsis"
"NK_NS1","HMGN3","spearman",230,17,NA,0.126183853786124,NA,"cv_r2",NA,NA,NA,NA,NA,"sepsis"
"NK_NS1","ATOH8","rf",230,17,0.188157461469267,0.141765985485292,NA,"oob_r2",-0.0284538492725243,0.0196078431372549,TRUE,0.761274509803922,0.668783068783069,"sepsis"
"NK_NS1","ATOH8","lm",230,17,NA,0.11174286637666,NA,"cv_r2",NA,NA,NA,NA,NA,"sepsis"
"NK_NS1","ATOH8","ridge",230,17,NA,0.111393543198877,NA,"cv_r2",NA,NA,NA,NA,NA,"sepsis"
"NK_NS1","ATOH8","spearman",230,17,NA,0.140317217795962,NA,"cv_r2",NA,NA,NA,NA,NA,"sepsis"
"NK_NS1","ZFY","rf",230,17,0.492126808679267,0.498283261440398,NA,"oob_r2",-0.0240089124314806,0.0196078431372549,TRUE,0.854847494553377,0.868783068783069,"sepsis"
"NK_NS1","ZFY","lm",230,17,NA,0.510882657763219,NA,"cv_r2",NA,NA,NA,NA,NA,"sepsis"
"NK_NS1","ZFY","ridge",230,17,NA,0.510661504845512,NA,"cv_r2",NA,NA,NA,NA,NA,"sepsis"
"NK_NS1","ZFY","spearman",230,17,NA,0.291717004508548,NA,"cv_r2",NA,NA,NA,NA,NA,"sepsis"
"NK_NS1","ZNF563","rf",230,17,0.260584593788952,0.278757822135913,NA,"oob_r2",-0.0133222141297362,0.0196078431372549,TRUE,0.705228758169935,0.508730158730159,"sepsis"
"NK_NS1","ZNF563","lm",230,17,NA,0.250419445768714,NA,"cv_r2",NA,NA,NA,NA,NA,"sepsis"
"NK_NS1","ZNF563","ridge",230,17,NA,0.271911973524257,NA,"cv_r2",NA,NA,NA,NA,NA,"sepsis"
"NK_NS1","ZNF563","spearman",230,17,NA,0.26195001049339,NA,"cv_r2",NA,NA,NA,NA,NA,"sepsis"
"NK_NS1","TGIF2","rf",230,17,0.252628092557534,0.264011099431212,NA,"oob_r2",-0.0205784036718369,0.0196078431372549,TRUE,0.806862745098039,0.826455026455026,"sepsis"
"NK_NS1","TGIF2","lm",230,17,NA,0.157073414145564,NA,"cv_r2",NA,NA,NA,NA,NA,"sepsis"
"NK_NS1","TGIF2","ridge",230,17,NA,0.199445429812258,NA,"cv_r2",NA,NA,NA,NA,NA,"sepsis"
"NK_NS1","TGIF2","spearman",230,17,NA,0.0849554300438664,NA,"cv_r2",NA,NA,NA,NA,NA,"sepsis"
"NK_NS1","MAZ","rf",230,17,0.513755864921916,0.559364661932729,NA,"oob_r2",-0.0200186518425438,0.0196078431372549,TRUE,0.883006535947713,0.708994708994709,"sepsis"
"NK_NS1","MAZ","lm",230,17,NA,0.551492435696485,NA,"cv_r2",NA,NA,NA,NA,NA,"sepsis"
"NK_NS1","MAZ","ridge",230,17,NA,0.557183812507589,NA,"cv_r2",NA,NA,NA,NA,NA,"sepsis"
"NK_NS1","MAZ","spearman",230,17,NA,0.377802606535078,NA,"cv_r2",NA,NA,NA,NA,NA,"sepsis"
"NK_NS1","IRF1","rf",230,17,0.42265850504582,0.424070394455827,NA,"oob_r2",-0.0196522799254978,0.0196078431372549,TRUE,0.869934640522876,0.591534391534391,"sepsis"
"NK_NS1","IRF1","lm",230,17,NA,0.413959861804029,NA,"cv_r2",NA,NA,NA,NA,NA,"sepsis"
"NK_NS1","IRF1","ridge",230,17,NA,0.411215961746624,NA,"cv_r2",NA,NA,NA,NA,NA,"sepsis"
"NK_NS1","IRF1","spearman",230,17,NA,0.23282301480403,NA,"cv_r2",NA,NA,NA,NA,NA,"sepsis"
"NK_NS1","TBX21","rf",230,17,0.415033793802946,0.430652541340948,NA,"oob_r2",-0.0215168100695675,0.0196078431372549,TRUE,0.908006535947713,0.933333333333333,"sepsis"
"NK_NS1","TBX21","lm",230,17,NA,0.40368607821008,NA,"cv_r2",NA,NA,NA,NA,NA,"sepsis"
"NK_NS1","TBX21","ridge",230,17,NA,0.40314137428828,NA,"cv_r2",NA,NA,NA,NA,NA,"sepsis"
"NK_NS1","TBX21","spearman",230,17,NA,0.172000167979469,NA,"cv_r2",NA,NA,NA,NA,NA,"sepsis"
"NK_NS1","ZNF257","rf",230,17,0.34522698107677,0.338561620263725,NA,"oob_r2",-0.0180062586365647,0.0196078431372549,TRUE,0.725762527233116,0.662433862433862,"sepsis"
"NK_NS1","ZNF257","lm",230,17,NA,0.229791717212811,NA,"cv_r2",NA,NA,NA,NA,NA,"sepsis"
"NK_NS1","ZNF257","ridge",230,17,NA,0.244814324205503,NA,"cv_r2",NA,NA,NA,NA,NA,"sepsis"
"NK_NS1","ZNF257","spearman",230,17,NA,0.266725666705943,NA,"cv_r2",NA,NA,NA,NA,NA,"sepsis"
"NK_NS1","TWIST2","rf",230,17,0.572679315303401,0.588950211940484,NA,"oob_r2",-0.0153780996864534,0.0196078431372549,TRUE,0.843790849673203,0.62010582010582,"sepsis"
"NK_NS1","TWIST2","lm",230,17,NA,0.631008749947928,NA,"cv_r2",NA,NA,NA,NA,NA,"sepsis"
"NK_NS1","TWIST2","ridge",230,17,NA,0.628727807043108,NA,"cv_r2",NA,NA,NA,NA,NA,"sepsis"
"NK_NS1","TWIST2","spearman",230,17,NA,0.544079617382415,NA,"cv_r2",NA,NA,NA,NA,NA,"sepsis"
"NK_NS1","TBX19","rf",230,17,0.458773422152458,0.440417956516422,NA,"oob_r2",-0.0354065078250306,0.0196078431372549,TRUE,0.900163398692811,0.82962962962963,"sepsis"
"NK_NS1","TBX19","lm",230,17,NA,0.360762445248172,NA,"cv_r2",NA,NA,NA,NA,NA,"sepsis"
"NK_NS1","TBX19","ridge",230,17,NA,0.363926533620003,NA,"cv_r2",NA,NA,NA,NA,NA,"sepsis"
"NK_NS1","TBX19","spearman",230,17,NA,0.187386849917584,NA,"cv_r2",NA,NA,NA,NA,NA,"sepsis"
"NK_NS1","IKZF2","rf",230,17,0.26085088037188,0.279552298733524,NA,"oob_r2",-0.0233620485726237,0.0196078431372549,TRUE,0.826742919389978,0.874074074074074,"sepsis"
"NK_NS1","IKZF2","lm",230,17,NA,0.284497842425924,NA,"cv_r2",NA,NA,NA,NA,NA,"sepsis"
"NK_NS1","IKZF2","ridge",230,17,NA,0.278884997074748,NA,"cv_r2",NA,NA,NA,NA,NA,"sepsis"
"NK_NS1","IKZF2","spearman",230,17,NA,0.181590408069553,NA,"cv_r2",NA,NA,NA,NA,NA,"sepsis"
"NK_NS1","MAF","rf",230,17,0.514514393863676,0.514751907417835,NA,"oob_r2",-0.0120526009130168,0.0196078431372549,TRUE,0.916884531590414,0.681481481481481,"sepsis"
"NK_NS1","MAF","lm",230,17,NA,0.505931959572784,NA,"cv_r2",NA,NA,NA,NA,NA,"sepsis"
"NK_NS1","MAF","ridge",230,17,NA,0.507797499802994,NA,"cv_r2",NA,NA,NA,NA,NA,"sepsis"
"NK_NS1","MAF","spearman",230,17,NA,0.341939624085084,NA,"cv_r2",NA,NA,NA,NA,NA,"sepsis"
"NK_NS1","PAX9","rf",230,17,0.452245948284749,0.47024205288959,NA,"oob_r2",0.00790314462333561,0.0196078431372549,TRUE,0.862745098039216,0.874074074074074,"sepsis"
"NK_NS1","PAX9","lm",230,17,NA,0.454379898148721,NA,"cv_r2",NA,NA,NA,NA,NA,"sepsis"
"NK_NS1","PAX9","ridge",230,17,NA,0.456591627197647,NA,"cv_r2",NA,NA,NA,NA,NA,"sepsis"
"NK_NS1","PAX9","spearman",230,17,NA,0.233942071198107,NA,"cv_r2",NA,NA,NA,NA,NA,"sepsis"
"NK_NS1","ZSCAN22","rf",230,17,0.783860397142041,0.789167121329334,NA,"oob_r2",-0.0367266261154667,0.0196078431372549,TRUE,0.82140522875817,0.868783068783069,"sepsis"
"NK_NS1","ZSCAN22","lm",230,17,NA,0.822232126720872,NA,"cv_r2",NA,NA,NA,NA,NA,"sepsis"
"NK_NS1","ZSCAN22","ridge",230,17,NA,0.82103642122454,NA,"cv_r2",NA,NA,NA,NA,NA,"sepsis"
"NK_NS1","ZSCAN22","spearman",230,17,NA,0.752410451652431,NA,"cv_r2",NA,NA,NA,NA,NA,"sepsis"
"NK_NS1","ERF","rf",230,17,0.472825283186872,0.489008664357739,NA,"oob_r2",-0.0146174872963016,0.0196078431372549,TRUE,0.895479302832244,0.755555555555556,"sepsis"
"NK_NS1","ERF","lm",230,17,NA,0.478629176862881,NA,"cv_r2",NA,NA,NA,NA,NA,"sepsis"
"NK_NS1","ERF","ridge",230,17,NA,0.480420072746344,NA,"cv_r2",NA,NA,NA,NA,NA,"sepsis"
"NK_NS1","ERF","spearman",230,17,NA,0.247629936121398,NA,"cv_r2",NA,NA,NA,NA,NA,"sepsis"
"NK_NS1","PLAG1","rf",230,17,0.480602088819386,0.489060113449811,NA,"oob_r2",-0.0402143143469797,0.0196078431372549,TRUE,0.890795206971678,0.874074074074074,"sepsis"
"NK_NS1","PLAG1","lm",230,17,NA,0.463943249514856,NA,"cv_r2",NA,NA,NA,NA,NA,"sepsis"
"NK_NS1","PLAG1","ridge",230,17,NA,0.470939746032008,NA,"cv_r2",NA,NA,NA,NA,NA,"sepsis"
"NK_NS1","PLAG1","spearman",230,17,NA,0.311822419165017,NA,"cv_r2",NA,NA,NA,NA,NA,"sepsis"
"NK_NS1","TCF23","rf",230,17,0.422820665932093,0.418181958204748,NA,"oob_r2",-0.048973881440801,0.0196078431372549,TRUE,0.902886710239652,0.822222222222222,"sepsis"
"NK_NS1","TCF23","lm",230,17,NA,0.306102354565275,NA,"cv_r2",NA,NA,NA,NA,NA,"sepsis"
"NK_NS1","TCF23","ridge",230,17,NA,0.334948832117301,NA,"cv_r2",NA,NA,NA,NA,NA,"sepsis"
"NK_NS1","TCF23","spearman",230,17,NA,0.245685577085196,NA,"cv_r2",NA,NA,NA,NA,NA,"sepsis"
"NK_NS1","IRF9","rf",230,17,0.739901255827238,0.755494138164872,NA,"oob_r2",-0.0160636316855329,0.0196078431372549,TRUE,0.842864923747277,0.8,"sepsis"
"NK_NS1","IRF9","lm",230,17,NA,0.728066019275551,NA,"cv_r2",NA,NA,NA,NA,NA,"sepsis"
"NK_NS1","IRF9","ridge",230,17,NA,0.735384618778452,NA,"cv_r2",NA,NA,NA,NA,NA,"sepsis"
"NK_NS1","IRF9","spearman",230,17,NA,0.606836084038708,NA,"cv_r2",NA,NA,NA,NA,NA,"sepsis"
"NK_NS1","ZNF322","rf",230,17,0.606593483506162,0.604695621524274,NA,"oob_r2",-0.0235937905846405,0.0196078431372549,TRUE,0.924183006535948,1,"sepsis"
"NK_NS1","ZNF322","lm",230,17,NA,0.511269895586393,NA,"cv_r2",NA,NA,NA,NA,NA,"sepsis"
"NK_NS1","ZNF322","ridge",230,17,NA,0.537826856416688,NA,"cv_r2",NA,NA,NA,NA,NA,"sepsis"
"NK_NS1","ZNF322","spearman",230,17,NA,0.43647705429377,NA,"cv_r2",NA,NA,NA,NA,NA,"sepsis"
"NK_NS1","ONECUT3","rf",230,17,0.61815101324914,0.617976810359222,NA,"oob_r2",-0.0207624257120893,0.0196078431372549,TRUE,0.914433551198257,0.8,"sepsis"
"NK_NS1","ONECUT3","lm",230,17,NA,0.553098168835565,NA,"cv_r2",NA,NA,NA,NA,NA,"sepsis"
"NK_NS1","ONECUT3","ridge",230,17,NA,0.572323383381213,NA,"cv_r2",NA,NA,NA,NA,NA,"sepsis"
"NK_NS1","ONECUT3","spearman",230,17,NA,0.482931588444786,NA,"cv_r2",NA,NA,NA,NA,NA,"sepsis"
"NK_NS1","XBP1","rf",230,17,0.45192551448602,0.467943551222955,NA,"oob_r2",-0.0185499747346192,0.0196078431372549,TRUE,0.845915032679739,0.8,"sepsis"
"NK_NS1","XBP1","lm",230,17,NA,0.406529065297616,NA,"cv_r2",NA,NA,NA,NA,NA,"sepsis"
"NK_NS1","XBP1","ridge",230,17,NA,0.417664949406174,NA,"cv_r2",NA,NA,NA,NA,NA,"sepsis"
"NK_NS1","XBP1","spearman",230,17,NA,0.32076625590036,NA,"cv_r2",NA,NA,NA,NA,NA,"sepsis"
"NK_NS1","MSX2","rf",230,17,0.779524788843438,0.776031501863749,NA,"oob_r2",-0.0189944026588688,0.0196078431372549,TRUE,0.887363834422658,0.792592592592593,"sepsis"
"NK_NS1","MSX2","lm",230,17,NA,0.737498290260268,NA,"cv_r2",NA,NA,NA,NA,NA,"sepsis"
"NK_NS1","MSX2","ridge",230,17,NA,0.740338926463048,NA,"cv_r2",NA,NA,NA,NA,NA,"sepsis"
"NK_NS1","MSX2","spearman",230,17,NA,0.696415088824372,NA,"cv_r2",NA,NA,NA,NA,NA,"sepsis"
"NK_NS1","RELA","rf",230,17,0.575051406453877,0.580120713673725,NA,"oob_r2",0.000561677750732623,0.0196078431372549,TRUE,0.867047930283224,1,"sepsis"
"NK_NS1","RELA","lm",230,17,NA,0.542917741206729,NA,"cv_r2",NA,NA,NA,NA,NA,"sepsis"
"NK_NS1","RELA","ridge",230,17,NA,0.548219945934646,NA,"cv_r2",NA,NA,NA,NA,NA,"sepsis"
"NK_NS1","RELA","spearman",230,17,NA,0.424438642979532,NA,"cv_r2",NA,NA,NA,NA,NA,"sepsis"
"NK_NS1","HSF2","rf",230,17,0.769704377022957,0.777249990927669,NA,"oob_r2",-0.0357798973466657,0.0196078431372549,TRUE,0.904193899782135,0.811640211640212,"sepsis"
"NK_NS1","HSF2","lm",230,17,NA,0.809288313416866,NA,"cv_r2",NA,NA,NA,NA,NA,"sepsis"
"NK_NS1","HSF2","ridge",230,17,NA,0.809671555683527,NA,"cv_r2",NA,NA,NA,NA,NA,"sepsis"
"NK_NS1","HSF2","spearman",230,17,NA,0.662443993086299,NA,"cv_r2",NA,NA,NA,NA,NA,"sepsis"
"NK_NS1","HOXB6","rf",230,17,0.68243502969164,0.673935874587114,NA,"oob_r2",-0.0145309885032884,0.0196078431372549,TRUE,0.930228758169935,0.822222222222222,"sepsis"
"NK_NS1","HOXB6","lm",230,17,NA,0.619957316171021,NA,"cv_r2",NA,NA,NA,NA,NA,"sepsis"
"NK_NS1","HOXB6","ridge",230,17,NA,0.633183294297943,NA,"cv_r2",NA,NA,NA,NA,NA,"sepsis"
"NK_NS1","HOXB6","spearman",230,17,NA,0.52992017392946,NA,"cv_r2",NA,NA,NA,NA,NA,"sepsis"
"NK_NS1","MEF2C","rf",230,17,0.661301477341893,0.673394332483337,NA,"oob_r2",-0.0238880596782249,0.0196078431372549,TRUE,0.913888888888889,0.694179894179894,"sepsis"
"NK_NS1","MEF2C","lm",230,17,NA,0.687450765872176,NA,"cv_r2",NA,NA,NA,NA,NA,"sepsis"
"NK_NS1","MEF2C","ridge",230,17,NA,0.694289595159995,NA,"cv_r2",NA,NA,NA,NA,NA,"sepsis"
"NK_NS1","MEF2C","spearman",230,17,NA,0.415204529102273,NA,"cv_r2",NA,NA,NA,NA,NA,"sepsis"
"NK_NS1","FOXJ3","rf",230,17,0.657373429342316,0.674387980540805,NA,"oob_r2",-0.0208138507361641,0.0196078431372549,TRUE,0.912145969498911,0.874074074074074,"sepsis"
"NK_NS1","FOXJ3","lm",230,17,NA,0.679591805056878,NA,"cv_r2",NA,NA,NA,NA,NA,"sepsis"
"NK_NS1","FOXJ3","ridge",230,17,NA,0.682510202978697,NA,"cv_r2",NA,NA,NA,NA,NA,"sepsis"
"NK_NS1","FOXJ3","spearman",230,17,NA,0.537033113933196,NA,"cv_r2",NA,NA,NA,NA,NA,"sepsis"
"NK_NS1","NFATC2","rf",230,17,0.647092229088775,0.668598170101292,NA,"oob_r2",-0.0369134743359897,0.0196078431372549,TRUE,0.890196078431373,0.718518518518519,"sepsis"
"NK_NS1","NFATC2","lm",230,17,NA,0.644345540427488,NA,"cv_r2",NA,NA,NA,NA,NA,"sepsis"
"NK_NS1","NFATC2","ridge",230,17,NA,0.650984993519783,NA,"cv_r2",NA,NA,NA,NA,NA,"sepsis"
"NK_NS1","NFATC2","spearman",230,17,NA,0.510933897250195,NA,"cv_r2",NA,NA,NA,NA,NA,"sepsis"
"NK_NS1","ARID3A","rf",230,17,0.836948020968263,0.845880782470659,NA,"oob_r2",-0.0327274795710665,0.0196078431372549,TRUE,0.854684095860567,0.82962962962963,"sepsis"
"NK_NS1","ARID3A","lm",230,17,NA,0.85303731347611,NA,"cv_r2",NA,NA,NA,NA,NA,"sepsis"
"NK_NS1","ARID3A","ridge",230,17,NA,0.855190035172701,NA,"cv_r2",NA,NA,NA,NA,NA,"sepsis"
"NK_NS1","ARID3A","spearman",230,17,NA,0.611765296941346,NA,"cv_r2",NA,NA,NA,NA,NA,"sepsis"
"NK_NS1","PRDM1","rf",230,17,0.795467189199887,0.790979344272455,NA,"oob_r2",-0.037090923056608,0.0196078431372549,TRUE,0.898257080610022,0.785185185185185,"sepsis"
"NK_NS1","PRDM1","lm",230,17,NA,0.806121320324473,NA,"cv_r2",NA,NA,NA,NA,NA,"sepsis"
"NK_NS1","PRDM1","ridge",230,17,NA,0.809274690906749,NA,"cv_r2",NA,NA,NA,NA,NA,"sepsis"
"NK_NS1","PRDM1","spearman",230,17,NA,0.56598459806287,NA,"cv_r2",NA,NA,NA,NA,NA,"sepsis"
"T_TS1","FOS","rf",418,31,0.66004996091835,0.657216440221618,NA,"oob_r2",-0.0509779500642864,0.0196078431372549,TRUE,0.913360215053764,0.822222222222222,"sepsis"
"T_TS1","FOS","lm",418,31,NA,0.617346870857187,NA,"cv_r2",NA,NA,NA,NA,NA,"sepsis"
"T_TS1","FOS","ridge",418,31,NA,0.612378349717213,NA,"cv_r2",NA,NA,NA,NA,NA,"sepsis"
"T_TS1","FOS","spearman",418,31,NA,0.254000847144988,NA,"cv_r2",NA,NA,NA,NA,NA,"sepsis"
"T_TS1","BCLAF1","rf",418,31,0.539904862168606,0.557430945148878,NA,"oob_r2",-0.0384227438133965,0.0196078431372549,TRUE,0.898028673835126,0.762962962962963,"sepsis"
"T_TS1","BCLAF1","lm",418,31,NA,0.522500014966671,NA,"cv_r2",NA,NA,NA,NA,NA,"sepsis"
"T_TS1","BCLAF1","ridge",418,31,NA,0.51875353720058,NA,"cv_r2",NA,NA,NA,NA,NA,"sepsis"
"T_TS1","BCLAF1","spearman",418,31,NA,0.22959689259747,NA,"cv_r2",NA,NA,NA,NA,NA,"sepsis"
"T_TS1","MYC","rf",418,31,0.645915884431755,0.636819919207195,NA,"oob_r2",-0.0445325923967806,0.0196078431372549,TRUE,0.917688172043011,0.71957671957672,"sepsis"
"T_TS1","MYC","lm",418,31,NA,0.498706363887409,NA,"cv_r2",NA,NA,NA,NA,NA,"sepsis"
"T_TS1","MYC","ridge",418,31,NA,0.511800824171168,NA,"cv_r2",NA,NA,NA,NA,NA,"sepsis"
"T_TS1","MYC","spearman",418,31,NA,0.317733555602191,NA,"cv_r2",NA,NA,NA,NA,NA,"sepsis"
"T_TS1","E2F5","rf",418,31,0.520213054665998,0.508640955415137,NA,"oob_r2",-0.0398706345985399,0.0196078431372549,TRUE,0.882741935483871,0.785185185185185,"sepsis"
"T_TS1","E2F5","lm",418,31,NA,0.512489635136427,NA,"cv_r2",NA,NA,NA,NA,NA,"sepsis"
"T_TS1","E2F5","ridge",418,31,NA,0.510759145703925,NA,"cv_r2",NA,NA,NA,NA,NA,"sepsis"
"T_TS1","E2F5","spearman",418,31,NA,0.307846962966419,NA,"cv_r2",NA,NA,NA,NA,NA,"sepsis"
"T_TS1","IKZF2","rf",418,31,0.546349736041384,0.561005449812149,NA,"oob_r2",-0.0371614238077907,0.0196078431372549,TRUE,0.879874551971326,0.933333333333333,"sepsis"
"T_TS1","IKZF2","lm",418,31,NA,0.439864495792482,NA,"cv_r2",NA,NA,NA,NA,NA,"sepsis"
"T_TS1","IKZF2","ridge",418,31,NA,0.451069364728385,NA,"cv_r2",NA,NA,NA,NA,NA,"sepsis"
"T_TS1","IKZF2","spearman",418,31,NA,0.154084612841621,NA,"cv_r2",NA,NA,NA,NA,NA,"sepsis"
"T_TS1","SMAD1","rf",418,31,0.381237308142116,0.355670307153146,NA,"oob_r2",-0.0322285424740129,0.0196078431372549,TRUE,0.803960573476703,0.762962962962963,"sepsis"
"T_TS1","SMAD1","lm",418,31,NA,0.368140802772758,NA,"cv_r2",NA,NA,NA,NA,NA,"sepsis"
"T_TS1","SMAD1","ridge",418,31,NA,0.367724900717176,NA,"cv_r2",NA,NA,NA,NA,NA,"sepsis"
"T_TS1","SMAD1","spearman",418,31,NA,0.175232755326578,NA,"cv_r2",NA,NA,NA,NA,NA,"sepsis"
"T_TS1","ITGB2","rf",418,31,0.448336899344303,0.452324499713538,NA,"oob_r2",-0.053495844412285,0.0196078431372549,TRUE,0.836442652329749,0.868783068783069,"sepsis"
"T_TS1","ITGB2","lm",418,31,NA,0.400932909972898,NA,"cv_r2",NA,NA,NA,NA,NA,"sepsis"
"T_TS1","ITGB2","ridge",418,31,NA,0.407899176019864,NA,"cv_r2",NA,NA,NA,NA,NA,"sepsis"
"T_TS1","ITGB2","spearman",418,31,NA,0.344616861786002,NA,"cv_r2",NA,NA,NA,NA,NA,"sepsis"
"T_TS1","TP53","rf",418,31,0.35899803359344,0.318992248706569,NA,"oob_r2",-0.0253400819509471,0.0196078431372549,TRUE,0.838745519713262,0.634920634920635,"sepsis"
"T_TS1","TP53","lm",418,31,NA,0.334244520630811,NA,"cv_r2",NA,NA,NA,NA,NA,"sepsis"
"T_TS1","TP53","ridge",418,31,NA,0.32987261754125,NA,"cv_r2",NA,NA,NA,NA,NA,"sepsis"
"T_TS1","TP53","spearman",418,31,NA,0.149158120889741,NA,"cv_r2",NA,NA,NA,NA,NA,"sepsis"
"T_TS1","ARNTL","rf",418,31,0.676869084163295,0.686211639472658,NA,"oob_r2",-0.0468619081176399,0.0196078431372549,TRUE,0.913306451612903,0.737566137566138,"sepsis"
"T_TS1","ARNTL","lm",418,31,NA,0.598724614515436,NA,"cv_r2",NA,NA,NA,NA,NA,"sepsis"
"T_TS1","ARNTL","ridge",418,31,NA,0.607755725969578,NA,"cv_r2",NA,NA,NA,NA,NA,"sepsis"
"T_TS1","ARNTL","spearman",418,31,NA,0.142430072827368,NA,"cv_r2",NA,NA,NA,NA,NA,"sepsis"
"T_TS1","RARG","rf",418,31,0.637848609369394,0.661194378201766,NA,"oob_r2",-0.0475192171221767,0.0196078431372549,TRUE,0.907912186379928,0.792592592592593,"sepsis"
"T_TS1","RARG","lm",418,31,NA,0.551062694362979,NA,"cv_r2",NA,NA,NA,NA,NA,"sepsis"
"T_TS1","RARG","ridge",418,31,NA,0.560535545608994,NA,"cv_r2",NA,NA,NA,NA,NA,"sepsis"
"T_TS1","RARG","spearman",418,31,NA,0.147501653925692,NA,"cv_r2",NA,NA,NA,NA,NA,"sepsis"
"T_TS1","ARID5B","rf",418,31,0.488409349272257,0.486907902617546,NA,"oob_r2",-0.0322699618605091,0.0196078431372549,TRUE,0.856541218637993,0.757671957671958,"sepsis"
"T_TS1","ARID5B","lm",418,31,NA,0.469199525214146,NA,"cv_r2",NA,NA,NA,NA,NA,"sepsis"
"T_TS1","ARID5B","ridge",418,31,NA,0.468379507649403,NA,"cv_r2",NA,NA,NA,NA,NA,"sepsis"
"T_TS1","ARID5B","spearman",418,31,NA,0.258889950126223,NA,"cv_r2",NA,NA,NA,NA,NA,"sepsis"
"T_TS1","MLXIPL","rf",418,31,0.654566871502645,0.672451402143514,NA,"oob_r2",-0.0631123848668146,0.0196078431372549,TRUE,0.926792114695341,1,"sepsis"
"T_TS1","MLXIPL","lm",418,31,NA,0.549528596201753,NA,"cv_r2",NA,NA,NA,NA,NA,"sepsis"
"T_TS1","MLXIPL","ridge",418,31,NA,0.561998396357066,NA,"cv_r2",NA,NA,NA,NA,NA,"sepsis"
"T_TS1","MLXIPL","spearman",418,31,NA,0.15058120475884,NA,"cv_r2",NA,NA,NA,NA,NA,"sepsis"
"T_TS1","FOXP3","rf",418,31,0.685480195095631,0.687342671412444,NA,"oob_r2",-0.0371316970135849,0.0196078431372549,TRUE,0.933458781362007,0.724867724867725,"sepsis"
"T_TS1","FOXP3","lm",418,31,NA,0.615761459087043,NA,"cv_r2",NA,NA,NA,NA,NA,"sepsis"
"T_TS1","FOXP3","ridge",418,31,NA,0.618059167359437,NA,"cv_r2",NA,NA,NA,NA,NA,"sepsis"
"T_TS1","FOXP3","spearman",418,31,NA,0.27516125931318,NA,"cv_r2",NA,NA,NA,NA,NA,"sepsis"
"T_TS1","HNF4A","rf",418,31,0.645636427070775,0.654700401905747,NA,"oob_r2",-0.0473283004441237,0.0196078431372549,TRUE,0.917060931899642,0.82962962962963,"sepsis"
"T_TS1","HNF4A","lm",418,31,NA,0.6006084698703,NA,"cv_r2",NA,NA,NA,NA,NA,"sepsis"
"T_TS1","HNF4A","ridge",418,31,NA,0.599459743988296,NA,"cv_r2",NA,NA,NA,NA,NA,"sepsis"
"T_TS1","HNF4A","spearman",418,31,NA,0.286547013778403,NA,"cv_r2",NA,NA,NA,NA,NA,"sepsis"
"T_TS1","JUNB","rf",418,31,0.414916592140642,0.382570371505092,NA,"oob_r2",-0.0316378223455379,0.0196078431372549,TRUE,0.872876344086022,0.881481481481482,"sepsis"
"T_TS1","JUNB","lm",418,31,NA,0.398633514365557,NA,"cv_r2",NA,NA,NA,NA,NA,"sepsis"
"T_TS1","JUNB","ridge",418,31,NA,0.39597046731113,NA,"cv_r2",NA,NA,NA,NA,NA,"sepsis"
"T_TS1","JUNB","spearman",418,31,NA,0.218693853255442,NA,"cv_r2",NA,NA,NA,NA,NA,"sepsis"
"T_TS1","LBX2","rf",418,31,0.227443510821897,0.224430298683953,NA,"oob_r2",-0.0325957374667538,0.0196078431372549,TRUE,0.813575268817204,0.679365079365079,"sepsis"
"T_TS1","LBX2","lm",418,31,NA,0.162788398994723,NA,"cv_r2",NA,NA,NA,NA,NA,"sepsis"
"T_TS1","LBX2","ridge",418,31,NA,0.180108828048785,NA,"cv_r2",NA,NA,NA,NA,NA,"sepsis"
"T_TS1","LBX2","spearman",418,31,NA,0.0477276466138417,NA,"cv_r2",NA,NA,NA,NA,NA,"sepsis"
"T_TS1","ID2","rf",418,31,0.716541168062818,0.712855388252191,NA,"oob_r2",-0.0522166072466026,0.0196078431372549,TRUE,0.901998207885305,0.755555555555556,"sepsis"
"T_TS1","ID2","lm",418,31,NA,0.627071266758372,NA,"cv_r2",NA,NA,NA,NA,NA,"sepsis"
"T_TS1","ID2","ridge",418,31,NA,0.628387875602241,NA,"cv_r2",NA,NA,NA,NA,NA,"sepsis"
"T_TS1","ID2","spearman",418,31,NA,0.271953780226245,NA,"cv_r2",NA,NA,NA,NA,NA,"sepsis"
"T_TS1","ZNF219","rf",418,31,0.693364828706115,0.682666564082886,NA,"oob_r2",-0.0521779668205113,0.0196078431372549,TRUE,0.91423835125448,0.881481481481481,"sepsis"
"T_TS1","ZNF219","lm",418,31,NA,0.615893175788309,NA,"cv_r2",NA,NA,NA,NA,NA,"sepsis"
"T_TS1","ZNF219","ridge",418,31,NA,0.615899988636163,NA,"cv_r2",NA,NA,NA,NA,NA,"sepsis"
"T_TS1","ZNF219","spearman",418,31,NA,0.260352676683947,NA,"cv_r2",NA,NA,NA,NA,NA,"sepsis"
"T_TS1","ZNF554","rf",418,31,0.463745800345002,0.467417324246758,NA,"oob_r2",-0.0303070313456125,0.0196078431372549,TRUE,0.89823476702509,0.933333333333333,"sepsis"
"T_TS1","ZNF554","lm",418,31,NA,0.365860601245344,NA,"cv_r2",NA,NA,NA,NA,NA,"sepsis"
"T_TS1","ZNF554","ridge",418,31,NA,0.395585111855894,NA,"cv_r2",NA,NA,NA,NA,NA,"sepsis"
"T_TS1","ZNF554","spearman",418,31,NA,0.126463104010574,NA,"cv_r2",NA,NA,NA,NA,NA,"sepsis"
"T_TS1","RXRB","rf",418,31,0.410959315563933,0.430722100811947,NA,"oob_r2",-0.0473708156583378,0.0196078431372549,TRUE,0.847759856630824,0.655026455026455,"sepsis"
"T_TS1","RXRB","lm",418,31,NA,0.361751426971852,NA,"cv_r2",NA,NA,NA,NA,NA,"sepsis"
"T_TS1","RXRB","ridge",418,31,NA,0.367560763398476,NA,"cv_r2",NA,NA,NA,NA,NA,"sepsis"
"T_TS1","RXRB","spearman",418,31,NA,0.281736539244491,NA,"cv_r2",NA,NA,NA,NA,NA,"sepsis"
"T_TS1","IRF8","rf",418,31,0.737634081252747,0.727056146250832,NA,"oob_r2",-0.0499651492529893,0.0196078431372549,TRUE,0.947813620071685,0.881481481481481,"sepsis"
"T_TS1","IRF8","lm",418,31,NA,0.680250463140911,NA,"cv_r2",NA,NA,NA,NA,NA,"sepsis"
"T_TS1","IRF8","ridge",418,31,NA,0.681259299684479,NA,"cv_r2",NA,NA,NA,NA,NA,"sepsis"
"T_TS1","IRF8","spearman",418,31,NA,0.305219119382066,NA,"cv_r2",NA,NA,NA,NA,NA,"sepsis"
"T_TS1","TBX19","rf",418,31,0.743476070982147,0.754921212360206,NA,"oob_r2",-0.00966302144777668,0.0196078431372549,TRUE,0.913978494623656,0.874074074074074,"sepsis"
"T_TS1","TBX19","lm",418,31,NA,0.712956111958939,NA,"cv_r2",NA,NA,NA,NA,NA,"sepsis"
"T_TS1","TBX19","ridge",418,31,NA,0.714754414345703,NA,"cv_r2",NA,NA,NA,NA,NA,"sepsis"
"T_TS1","TBX19","spearman",418,31,NA,0.446660827051613,NA,"cv_r2",NA,NA,NA,NA,NA,"sepsis"
"T_TS1","GFI1B","rf",418,31,0.276182468869002,0.284760074587587,NA,"oob_r2",-0.0418510096817264,0.0196078431372549,TRUE,0.801075268817204,0.696296296296296,"sepsis"
"T_TS1","GFI1B","lm",418,31,NA,0.190301770935802,NA,"cv_r2",NA,NA,NA,NA,NA,"sepsis"
"T_TS1","GFI1B","ridge",418,31,NA,0.207860272713053,NA,"cv_r2",NA,NA,NA,NA,NA,"sepsis"
"T_TS1","GFI1B","spearman",418,31,NA,0.0341199939022147,NA,"cv_r2",NA,NA,NA,NA,NA,"sepsis"
"T_TS1","GLIS3","rf",418,31,0.403447173465774,0.392377752877639,NA,"oob_r2",-0.0341538625763135,0.0196078431372549,TRUE,0.838476702508961,0.819047619047619,"sepsis"
"T_TS1","GLIS3","lm",418,31,NA,0.306202747613792,NA,"cv_r2",NA,NA,NA,NA,NA,"sepsis"
"T_TS1","GLIS3","ridge",418,31,NA,0.31836493660323,NA,"cv_r2",NA,NA,NA,NA,NA,"sepsis"
"T_TS1","GLIS3","spearman",418,31,NA,0.170081190730393,NA,"cv_r2",NA,NA,NA,NA,NA,"sepsis"
"T_TS1","ZNF708","rf",418,31,0.304324750775363,0.260406716563064,NA,"oob_r2",-0.0373173707172135,0.0196078431372549,TRUE,0.879417562724014,0.792592592592593,"sepsis"
"T_TS1","ZNF708","lm",418,31,NA,0.143731118180061,NA,"cv_r2",NA,NA,NA,NA,NA,"sepsis"
"T_TS1","ZNF708","ridge",418,31,NA,0.177183207512222,NA,"cv_r2",NA,NA,NA,NA,NA,"sepsis"
"T_TS1","ZNF708","spearman",418,31,NA,0.0692317590469984,NA,"cv_r2",NA,NA,NA,NA,NA,"sepsis"
"T_TS1","PLAGL1","rf",418,31,0.65393925158717,0.654998506270144,NA,"oob_r2",-0.0495254435273941,0.0196078431372549,TRUE,0.894498207885305,0.737566137566138,"sepsis"
"T_TS1","PLAGL1","lm",418,31,NA,0.511969371153047,NA,"cv_r2",NA,NA,NA,NA,NA,"sepsis"
"T_TS1","PLAGL1","ridge",418,31,NA,0.522589393378332,NA,"cv_r2",NA,NA,NA,NA,NA,"sepsis"
"T_TS1","PLAGL1","spearman",418,31,NA,0.158368500291665,NA,"cv_r2",NA,NA,NA,NA,NA,"sepsis"
"T_TS1","ZNF354A","rf",418,31,0.528704898886742,0.559790870418784,NA,"oob_r2",-0.0220601618553166,0.0196078431372549,TRUE,0.907508960573477,0.71957671957672,"sepsis"
"T_TS1","ZNF354A","lm",418,31,NA,0.491657265362157,NA,"cv_r2",NA,NA,NA,NA,NA,"sepsis"
"T_TS1","ZNF354A","ridge",418,31,NA,0.4900093777289,NA,"cv_r2",NA,NA,NA,NA,NA,"sepsis"
"T_TS1","ZNF354A","spearman",418,31,NA,0.168958329581232,NA,"cv_r2",NA,NA,NA,NA,NA,"sepsis"
"T_TS1","ZNF320","rf",418,31,0.411218688547802,0.376688815771623,NA,"oob_r2",-0.0364165408723572,0.0196078431372549,TRUE,0.82084229390681,0.822222222222222,"sepsis"
"T_TS1","ZNF320","lm",418,31,NA,0.33482940655916,NA,"cv_r2",NA,NA,NA,NA,NA,"sepsis"
"T_TS1","ZNF320","ridge",418,31,NA,0.350493358350143,NA,"cv_r2",NA,NA,NA,NA,NA,"sepsis"
"T_TS1","ZNF320","spearman",418,31,NA,0.161285406326531,NA,"cv_r2",NA,NA,NA,NA,NA,"sepsis"
"T_TS1","PLAG1","rf",418,31,0.63395781025943,0.629921918075709,NA,"oob_r2",-0.0444496117494016,0.0196078431372549,TRUE,0.905170250896058,1,"sepsis"
"T_TS1","PLAG1","lm",418,31,NA,0.531225614458302,NA,"cv_r2",NA,NA,NA,NA,NA,"sepsis"
"T_TS1","PLAG1","ridge",418,31,NA,0.534752680340549,NA,"cv_r2",NA,NA,NA,NA,NA,"sepsis"
"T_TS1","PLAG1","spearman",418,31,NA,0.199848598062553,NA,"cv_r2",NA,NA,NA,NA,NA,"sepsis"
"T_TS1","ZNF683","rf",418,31,0.480064311720724,0.434223049558386,NA,"oob_r2",-0.0230202859316063,0.0196078431372549,TRUE,0.888691756272401,0.874074074074074,"sepsis"
"T_TS1","ZNF683","lm",418,31,NA,0.356293475548616,NA,"cv_r2",NA,NA,NA,NA,NA,"sepsis"
"T_TS1","ZNF683","ridge",418,31,NA,0.371568581809501,NA,"cv_r2",NA,NA,NA,NA,NA,"sepsis"
"T_TS1","ZNF683","spearman",418,31,NA,0.188014140129179,NA,"cv_r2",NA,NA,NA,NA,NA,"sepsis"
"T_TS1","KLF3","rf",418,31,0.500569267901664,0.478438436575381,NA,"oob_r2",-0.0455754331991751,0.0196078431372549,TRUE,0.920905017921147,0.774603174603175,"sepsis"
"T_TS1","KLF3","lm",418,31,NA,0.349669877008393,NA,"cv_r2",NA,NA,NA,NA,NA,"sepsis"
"T_TS1","KLF3","ridge",418,31,NA,0.362776907047222,NA,"cv_r2",NA,NA,NA,NA,NA,"sepsis"
"T_TS1","KLF3","spearman",418,31,NA,0.161233988292983,NA,"cv_r2",NA,NA,NA,NA,NA,"sepsis"
"T_TS1","PRDM1","rf",418,31,0.674965479880581,0.659845428797798,NA,"oob_r2",-0.0484286300542375,0.0196078431372549,TRUE,0.922284946236559,0.933333333333333,"sepsis"
"T_TS1","PRDM1","lm",418,31,NA,0.503055610678662,NA,"cv_r2",NA,NA,NA,NA,NA,"sepsis"
"T_TS1","PRDM1","ridge",418,31,NA,0.516499005516414,NA,"cv_r2",NA,NA,NA,NA,NA,"sepsis"
"T_TS1","PRDM1","spearman",418,31,NA,0.241934059680831,NA,"cv_r2",NA,NA,NA,NA,NA,"sepsis"
"T_TS1","IRF9","rf",418,31,0.721145490498119,0.718550000401832,NA,"oob_r2",-0.0322113415323017,0.0196078431372549,TRUE,0.92510752688172,0.598941798941799,"sepsis"
"T_TS1","IRF9","lm",418,31,NA,0.63910723527533,NA,"cv_r2",NA,NA,NA,NA,NA,"sepsis"
"T_TS1","IRF9","ridge",418,31,NA,0.628656653448402,NA,"cv_r2",NA,NA,NA,NA,NA,"sepsis"
"T_TS1","IRF9","spearman",418,31,NA,0.30692490818415,NA,"cv_r2",NA,NA,NA,NA,NA,"sepsis"
"T_TS1","IRF1","rf",418,31,0.523361443015308,0.504025635352589,NA,"oob_r2",-0.030448460677324,0.0196078431372549,TRUE,0.895627240143369,0.740740740740741,"sepsis"
"T_TS1","IRF1","lm",418,31,NA,0.462970130702494,NA,"cv_r2",NA,NA,NA,NA,NA,"sepsis"
"T_TS1","IRF1","ridge",418,31,NA,0.474308881577232,NA,"cv_r2",NA,NA,NA,NA,NA,"sepsis"
"T_TS1","IRF1","spearman",418,31,NA,0.318294161786758,NA,"cv_r2",NA,NA,NA,NA,NA,"sepsis"
"T_TS1","HOXC5","rf",418,31,0.627915386559312,0.598578475531066,NA,"oob_r2",-0.0127446181766601,0.0196078431372549,TRUE,0.933763440860215,1,"sepsis"
"T_TS1","HOXC5","lm",418,31,NA,0.537228487249849,NA,"cv_r2",NA,NA,NA,NA,NA,"sepsis"
"T_TS1","HOXC5","ridge",418,31,NA,0.549645380798745,NA,"cv_r2",NA,NA,NA,NA,NA,"sepsis"
"T_TS1","HOXC5","spearman",418,31,NA,0.313239504248805,NA,"cv_r2",NA,NA,NA,NA,NA,"sepsis"
"Mono_MS4","GATA2","rf",308,15,0.258806569143507,0.239697233345051,NA,"oob_r2",-0.0387229788587346,0.0196078431372549,TRUE,0.88547619047619,0.757671957671958,"sepsis"
"Mono_MS4","GATA2","lm",308,15,NA,0.164848687381639,NA,"cv_r2",NA,NA,NA,NA,NA,"sepsis"
"Mono_MS4","GATA2","ridge",308,15,NA,0.178993700975687,NA,"cv_r2",NA,NA,NA,NA,NA,"sepsis"
"Mono_MS4","GATA2","spearman",308,15,NA,0.0155292046735124,NA,"cv_r2",NA,NA,NA,NA,NA,"sepsis"
"Mono_MS4","HOXB4","rf",308,15,0.306835151232692,0.259758377602459,NA,"oob_r2",-0.0383931160074155,0.0196078431372549,TRUE,0.857301587301587,0.662433862433862,"sepsis"
"Mono_MS4","HOXB4","lm",308,15,NA,0.182962343838306,NA,"cv_r2",NA,NA,NA,NA,NA,"sepsis"
"Mono_MS4","HOXB4","ridge",308,15,NA,0.194971499050728,NA,"cv_r2",NA,NA,NA,NA,NA,"sepsis"
"Mono_MS4","HOXB4","spearman",308,15,NA,0.074488168314468,NA,"cv_r2",NA,NA,NA,NA,NA,"sepsis"
"Mono_MS4","KLF6","rf",308,15,0.209635791414737,0.165277286144451,NA,"oob_r2",-0.0345379742671752,0.0196078431372549,TRUE,0.723174603174603,0.831746031746032,"sepsis"
"Mono_MS4","KLF6","lm",308,15,NA,0.0864241357221687,NA,"cv_r2",NA,NA,NA,NA,NA,"sepsis"
"Mono_MS4","KLF6","ridge",308,15,NA,0.104099412109363,NA,"cv_r2",NA,NA,NA,NA,NA,"sepsis"
"Mono_MS4","KLF6","spearman",308,15,NA,-0.00393461520950167,NA,"cv_r2",NA,NA,NA,NA,NA,"sepsis"
"Mono_MS4","TFAP4","rf",308,15,0.247543264435967,0.249400981161375,NA,"oob_r2",-0.0518480290344288,0.0196078431372549,TRUE,0.777777777777778,0.731216931216931,"sepsis"
"Mono_MS4","TFAP4","lm",308,15,NA,0.167358242043335,NA,"cv_r2",NA,NA,NA,NA,NA,"sepsis"
"Mono_MS4","TFAP4","ridge",308,15,NA,0.184359965406813,NA,"cv_r2",NA,NA,NA,NA,NA,"sepsis"
"Mono_MS4","TFAP4","spearman",308,15,NA,0.0204042275218331,NA,"cv_r2",NA,NA,NA,NA,NA,"sepsis"
"Mono_MS4","BCL6","rf",308,15,0.135288714839451,0.162433680179248,NA,"oob_r2",-0.0369311877411806,0.0196078431372549,TRUE,0.811111111111111,0.701587301587302,"sepsis"
"Mono_MS4","BCL6","lm",308,15,NA,0.112440966248085,NA,"cv_r2",NA,NA,NA,NA,NA,"sepsis"
"Mono_MS4","BCL6","ridge",308,15,NA,0.124510175830446,NA,"cv_r2",NA,NA,NA,NA,NA,"sepsis"
"Mono_MS4","BCL6","spearman",308,15,NA,0.0162153393611796,NA,"cv_r2",NA,NA,NA,NA,NA,"sepsis"
"Mono_MS4","MAFB","rf",308,15,0.241144138839475,0.194765184354554,NA,"oob_r2",-0.0380449584494819,0.0196078431372549,TRUE,0.871349206349206,0.762962962962963,"sepsis"
"Mono_MS4","MAFB","lm",308,15,NA,0.109053450381968,NA,"cv_r2",NA,NA,NA,NA,NA,"sepsis"
"Mono_MS4","MAFB","ridge",308,15,NA,0.120181178315719,NA,"cv_r2",NA,NA,NA,NA,NA,"sepsis"
"Mono_MS4","MAFB","spearman",308,15,NA,0.0221907183323822,NA,"cv_r2",NA,NA,NA,NA,NA,"sepsis"
"Mono_MS4","CREB3L4","rf",308,15,0.158185334489961,0.164162896967183,NA,"oob_r2",-0.0245241167202796,0.0196078431372549,TRUE,0.768253968253968,0.550088183421517,"sepsis"
"Mono_MS4","CREB3L4","lm",308,15,NA,0.115218851805991,NA,"cv_r2",NA,NA,NA,NA,NA,"sepsis"
"Mono_MS4","CREB3L4","ridge",308,15,NA,0.131522556047067,NA,"cv_r2",NA,NA,NA,NA,NA,"sepsis"
"Mono_MS4","CREB3L4","spearman",308,15,NA,0.012491949649088,NA,"cv_r2",NA,NA,NA,NA,NA,"sepsis"
"Mono_MS4","FOS","rf",308,15,0.173914080657393,0.148646180259768,NA,"oob_r2",-0.0419019779932514,0.0196078431372549,TRUE,0.746031746031746,0.755555555555556,"sepsis"
"Mono_MS4","FOS","lm",308,15,NA,0.0659594134670276,NA,"cv_r2",NA,NA,NA,NA,NA,"sepsis"
"Mono_MS4","FOS","ridge",308,15,NA,0.0858510539617053,NA,"cv_r2",NA,NA,NA,NA,NA,"sepsis"
"Mono_MS4","FOS","spearman",308,15,NA,-0.00203369460249503,NA,"cv_r2",NA,NA,NA,NA,NA,"sepsis"
"Mono_MS4","CREB5","rf",308,15,0.170716452090035,0.174398963579176,NA,"oob_r2",-0.0498248173737273,0.0196078431372549,TRUE,0.841507936507936,0.586243386243386,"sepsis"
"Mono_MS4","CREB5","lm",308,15,NA,0.12653216569851,NA,"cv_r2",NA,NA,NA,NA,NA,"sepsis"
"Mono_MS4","CREB5","ridge",308,15,NA,0.135147780902743,NA,"cv_r2",NA,NA,NA,NA,NA,"sepsis"
"Mono_MS4","CREB5","spearman",308,15,NA,-0.012995069522006,NA,"cv_r2",NA,NA,NA,NA,NA,"sepsis"
"Mono_MS4","SOX15","rf",308,15,0.163656798089223,0.152883930520046,NA,"oob_r2",-0.0571920655145863,0.0196078431372549,TRUE,0.74968253968254,0.698412698412698,"sepsis"
"Mono_MS4","SOX15","lm",308,15,NA,0.0977352898399538,NA,"cv_r2",NA,NA,NA,NA,NA,"sepsis"
"Mono_MS4","SOX15","ridge",308,15,NA,0.113793043795219,NA,"cv_r2",NA,NA,NA,NA,NA,"sepsis"
"Mono_MS4","SOX15","spearman",308,15,NA,0.0725883388950468,NA,"cv_r2",NA,NA,NA,NA,NA,"sepsis"
"Mono_MS4","MLXIP","rf",308,15,0.171842056638974,0.13348728116694,NA,"oob_r2",-0.0271714000902836,0.0196078431372549,TRUE,0.785238095238095,0.651058201058201,"sepsis"
"Mono_MS4","MLXIP","lm",308,15,NA,0.0764806677381028,NA,"cv_r2",NA,NA,NA,NA,NA,"sepsis"
"Mono_MS4","MLXIP","ridge",308,15,NA,0.0920426773673766,NA,"cv_r2",NA,NA,NA,NA,NA,"sepsis"
"Mono_MS4","MLXIP","spearman",308,15,NA,-0.0143252855993592,NA,"cv_r2",NA,NA,NA,NA,NA,"sepsis"
"Mono_MS4","RFX4","rf",308,15,0.0609847696342437,0.0522187786736803,NA,"oob_r2",-0.0408864794288746,0.0196078431372549,TRUE,0.563809523809524,0.45978835978836,"sepsis"
"Mono_MS4","RFX4","lm",308,15,NA,0.0645552033873931,NA,"cv_r2",NA,NA,NA,NA,NA,"sepsis"
"Mono_MS4","RFX4","ridge",308,15,NA,0.0710649091297295,NA,"cv_r2",NA,NA,NA,NA,NA,"sepsis"
"Mono_MS4","RFX4","spearman",308,15,NA,-0.0152906844172254,NA,"cv_r2",NA,NA,NA,NA,NA,"sepsis"
"Mono_MS4","ZNF18","rf",308,15,0.113843049830619,0.113604569226705,NA,"oob_r2",-0.0319386447748677,0.0196078431372549,TRUE,0.888571428571428,0.694179894179894,"sepsis"
"Mono_MS4","ZNF18","lm",308,15,NA,0.115666766983773,NA,"cv_r2",NA,NA,NA,NA,NA,"sepsis"
"Mono_MS4","ZNF18","ridge",308,15,NA,0.128416812979844,NA,"cv_r2",NA,NA,NA,NA,NA,"sepsis"
"Mono_MS4","ZNF18","spearman",308,15,NA,0.118038508370421,NA,"cv_r2",NA,NA,NA,NA,NA,"sepsis"
"Mono_MS4","UBP1","rf",308,15,0.193564274645159,0.154111435511428,NA,"oob_r2",-0.0425183752157524,0.0196078431372549,TRUE,0.780793650793651,0.528571428571429,"sepsis"
"Mono_MS4","UBP1","lm",308,15,NA,0.107398886997852,NA,"cv_r2",NA,NA,NA,NA,NA,"sepsis"
"Mono_MS4","UBP1","ridge",308,15,NA,0.114523271226383,NA,"cv_r2",NA,NA,NA,NA,NA,"sepsis"
"Mono_MS4","UBP1","spearman",308,15,NA,-0.0182542379808106,NA,"cv_r2",NA,NA,NA,NA,NA,"sepsis"
"Mono_MS4","JUNB","rf",308,15,0.13513734951047,0.135831676818221,NA,"oob_r2",-0.0548354289734936,0.0196078431372549,TRUE,0.752698412698413,0.593386243386243,"sepsis"
"Mono_MS4","JUNB","lm",308,15,NA,0.0891420904190248,NA,"cv_r2",NA,NA,NA,NA,NA,"sepsis"
"Mono_MS4","JUNB","ridge",308,15,NA,0.104181340477478,NA,"cv_r2",NA,NA,NA,NA,NA,"sepsis"
"Mono_MS4","JUNB","spearman",308,15,NA,-0.0362204608504992,NA,"cv_r2",NA,NA,NA,NA,NA,"sepsis"
"Mono_MS4","STAT6","rf",308,15,0.125170823328157,0.108731206432154,NA,"oob_r2",-0.0575275699408363,0.0196078431372549,TRUE,0.738253968253968,0.616137566137566,"sepsis"
"Mono_MS4","STAT6","lm",308,15,NA,0.0448845292995095,NA,"cv_r2",NA,NA,NA,NA,NA,"sepsis"
"Mono_MS4","STAT6","ridge",308,15,NA,0.0737256448292034,NA,"cv_r2",NA,NA,NA,NA,NA,"sepsis"
"Mono_MS4","STAT6","spearman",308,15,NA,0.0270345701549183,NA,"cv_r2",NA,NA,NA,NA,NA,"sepsis"
"Mono_MS4","ZNF41","rf",308,15,0.0182872860965667,0.0403515645259075,NA,"oob_r2",-0.0394181484825291,0.0196078431372549,TRUE,0.633650793650794,0.631746031746032,"sepsis"
"Mono_MS4","ZNF41","lm",308,15,NA,0.0307290692087846,NA,"cv_r2",NA,NA,NA,NA,NA,"sepsis"
"Mono_MS4","ZNF41","ridge",308,15,NA,0.0438434959338095,NA,"cv_r2",NA,NA,NA,NA,NA,"sepsis"
"Mono_MS4","ZNF41","spearman",308,15,NA,0.0461803317833819,NA,"cv_r2",NA,NA,NA,NA,NA,"sepsis"
"Mono_MS4","LHX1","rf",308,15,0.0960817267302981,0.100084238293246,NA,"oob_r2",-0.0348006113480361,0.0196078431372549,TRUE,0.864206349206349,0.627513227513227,"sepsis"
"Mono_MS4","LHX1","lm",308,15,NA,-0.00623768141169667,NA,"cv_r2",NA,NA,NA,NA,NA,"sepsis"
"Mono_MS4","LHX1","ridge",308,15,NA,0.0262507806309304,NA,"cv_r2",NA,NA,NA,NA,NA,"sepsis"
"Mono_MS4","LHX1","spearman",308,15,NA,0.0269898884492996,NA,"cv_r2",NA,NA,NA,NA,NA,"sepsis"
"Mono_MS4","JUN","rf",308,15,0.158747224339052,0.127913127059187,NA,"oob_r2",-0.0471118234369059,0.0196078431372549,TRUE,0.675793650793651,0.483597883597884,"sepsis"
"Mono_MS4","JUN","lm",308,15,NA,0.0621033082519262,NA,"cv_r2",NA,NA,NA,NA,NA,"sepsis"
"Mono_MS4","JUN","ridge",308,15,NA,0.0648136874360455,NA,"cv_r2",NA,NA,NA,NA,NA,"sepsis"
"Mono_MS4","JUN","spearman",308,15,NA,-0.021306608471211,NA,"cv_r2",NA,NA,NA,NA,NA,"sepsis"
"Mono_MS4","HOXA5","rf",308,15,0.12720965220467,0.0967758136739724,NA,"oob_r2",-0.0414350660343101,0.0196078431372549,TRUE,0.602619047619047,0.543915343915344,"sepsis"
"Mono_MS4","HOXA5","lm",308,15,NA,0.0199263521104155,NA,"cv_r2",NA,NA,NA,NA,NA,"sepsis"
"Mono_MS4","HOXA5","ridge",308,15,NA,0.0478656648776427,NA,"cv_r2",NA,NA,NA,NA,NA,"sepsis"
"Mono_MS4","HOXA5","spearman",308,15,NA,-0.0173625093543937,NA,"cv_r2",NA,NA,NA,NA,NA,"sepsis"
"Mono_MS4","TCFL5","rf",308,15,0.159844432675788,0.140231195625781,NA,"oob_r2",-0.0564241348348986,0.0196078431372549,TRUE,0.767063492063492,0.71957671957672,"sepsis"
"Mono_MS4","TCFL5","lm",308,15,NA,0.100822929361953,NA,"cv_r2",NA,NA,NA,NA,NA,"sepsis"
"Mono_MS4","TCFL5","ridge",308,15,NA,0.116303451666545,NA,"cv_r2",NA,NA,NA,NA,NA,"sepsis"
"Mono_MS4","TCFL5","spearman",308,15,NA,0.0215591502370662,NA,"cv_r2",NA,NA,NA,NA,NA,"sepsis"
"Mono_MS4","OLIG1","rf",308,15,0.112070540543136,0.111839581587275,NA,"oob_r2",-0.0394968918751129,0.0196078431372549,TRUE,0.822619047619047,0.638095238095238,"sepsis"
"Mono_MS4","OLIG1","lm",308,15,NA,0.0993959963949456,NA,"cv_r2",NA,NA,NA,NA,NA,"sepsis"
"Mono_MS4","OLIG1","ridge",308,15,NA,0.127871603780815,NA,"cv_r2",NA,NA,NA,NA,NA,"sepsis"
"Mono_MS4","OLIG1","spearman",308,15,NA,0.0391914974693006,NA,"cv_r2",NA,NA,NA,NA,NA,"sepsis"
"Mono_MS4","ZNF75A","rf",308,15,0.144373517564923,0.130130730762014,NA,"oob_r2",-0.0526250663540191,0.0196078431372549,TRUE,0.857460317460317,0.644444444444444,"sepsis"
"Mono_MS4","ZNF75A","lm",308,15,NA,0.0763214174141145,NA,"cv_r2",NA,NA,NA,NA,NA,"sepsis"
"Mono_MS4","ZNF75A","ridge",308,15,NA,0.103041714327864,NA,"cv_r2",NA,NA,NA,NA,NA,"sepsis"
"Mono_MS4","ZNF75A","spearman",308,15,NA,0.053974975943957,NA,"cv_r2",NA,NA,NA,NA,NA,"sepsis"
"Mono_MS4","FOSL1","rf",308,15,0.155987405152883,0.16443957547788,NA,"oob_r2",-0.0341377780005239,0.0196078431372549,TRUE,0.818015873015873,0.722751322751323,"sepsis"
"Mono_MS4","FOSL1","lm",308,15,NA,0.0982421732956028,NA,"cv_r2",NA,NA,NA,NA,NA,"sepsis"
"Mono_MS4","FOSL1","ridge",308,15,NA,0.119513067999075,NA,"cv_r2",NA,NA,NA,NA,NA,"sepsis"
"Mono_MS4","FOSL1","spearman",308,15,NA,0.0362803289962575,NA,"cv_r2",NA,NA,NA,NA,NA,"sepsis"
"Mono_MS4","ETV6","rf",308,15,0.190717336332667,0.172070768845853,NA,"oob_r2",-0.0280292105624316,0.0196078431372549,TRUE,0.822301587301587,0.638095238095238,"sepsis"
"Mono_MS4","ETV6","lm",308,15,NA,0.101434953014406,NA,"cv_r2",NA,NA,NA,NA,NA,"sepsis"
"Mono_MS4","ETV6","ridge",308,15,NA,0.111865577001632,NA,"cv_r2",NA,NA,NA,NA,NA,"sepsis"
"Mono_MS4","ETV6","spearman",308,15,NA,0.00245225001913918,NA,"cv_r2",NA,NA,NA,NA,NA,"sepsis"
"Mono_MS4","FOXM1","rf",308,15,0.210074080622941,0.173919340691181,NA,"oob_r2",-0.0234157619842843,0.0196078431372549,TRUE,0.896111111111111,0.774603174603175,"sepsis"
"Mono_MS4","FOXM1","lm",308,15,NA,0.116165144964672,NA,"cv_r2",NA,NA,NA,NA,NA,"sepsis"
"Mono_MS4","FOXM1","ridge",308,15,NA,0.141443172522516,NA,"cv_r2",NA,NA,NA,NA,NA,"sepsis"
"Mono_MS4","FOXM1","spearman",308,15,NA,0.0148282902462116,NA,"cv_r2",NA,NA,NA,NA,NA,"sepsis"
"Mono_MS4","ATF7","rf",308,15,0.204598789123267,0.221639423747386,NA,"oob_r2",-0.030697197571373,0.0196078431372549,TRUE,0.913888888888889,0.758730158730159,"sepsis"
"Mono_MS4","ATF7","lm",308,15,NA,0.135146056339685,NA,"cv_r2",NA,NA,NA,NA,NA,"sepsis"
"Mono_MS4","ATF7","ridge",308,15,NA,0.144398631517942,NA,"cv_r2",NA,NA,NA,NA,NA,"sepsis"
"Mono_MS4","ATF7","spearman",308,15,NA,0.0337509012357763,NA,"cv_r2",NA,NA,NA,NA,NA,"sepsis"
"Mono_MS4","PKNOX1","rf",308,15,0.185233249160483,0.142219557509065,NA,"oob_r2",-0.0481485351187894,0.0196078431372549,TRUE,0.627301587301587,0.528571428571429,"sepsis"
"Mono_MS4","PKNOX1","lm",308,15,NA,0.133426527251017,NA,"cv_r2",NA,NA,NA,NA,NA,"sepsis"
"Mono_MS4","PKNOX1","ridge",308,15,NA,0.146297836085417,NA,"cv_r2",NA,NA,NA,NA,NA,"sepsis"
"Mono_MS4","PKNOX1","spearman",308,15,NA,-0.0092485979085486,NA,"cv_r2",NA,NA,NA,NA,NA,"sepsis"
"Mono_MS4","MYCN","rf",308,15,0.214765922809665,0.164782142898906,NA,"oob_r2",-0.0218493879208165,0.0196078431372549,TRUE,0.87984126984127,0.726984126984127,"sepsis"
"Mono_MS4","MYCN","lm",308,15,NA,0.0912870318076371,NA,"cv_r2",NA,NA,NA,NA,NA,"sepsis"
"Mono_MS4","MYCN","ridge",308,15,NA,0.106009116813265,NA,"cv_r2",NA,NA,NA,NA,NA,"sepsis"
"Mono_MS4","MYCN","spearman",308,15,NA,-0.00779367745513304,NA,"cv_r2",NA,NA,NA,NA,NA,"sepsis"
"Mono_MS4","POLR2A","rf",308,15,0.202689295542047,0.169971231243621,NA,"oob_r2",-0.0442888006830821,0.0196078431372549,TRUE,0.783968253968254,0.521957671957672,"sepsis"
"Mono_MS4","POLR2A","lm",308,15,NA,0.101626944075645,NA,"cv_r2",NA,NA,NA,NA,NA,"sepsis"
"Mono_MS4","POLR2A","ridge",308,15,NA,0.13045056380869,NA,"cv_r2",NA,NA,NA,NA,NA,"sepsis"
"Mono_MS4","POLR2A","spearman",308,15,NA,0.0294794623569922,NA,"cv_r2",NA,NA,NA,NA,NA,"sepsis"
"Mono_MS4","NFE2L2","rf",308,15,0.218232228957167,0.193089093117823,NA,"oob_r2",-0.0478862674036234,0.0196078431372549,TRUE,0.802063492063492,0.62962962962963,"sepsis"
"Mono_MS4","NFE2L2","lm",308,15,NA,0.124818148727825,NA,"cv_r2",NA,NA,NA,NA,NA,"sepsis"
"Mono_MS4","NFE2L2","ridge",308,15,NA,0.141102925503417,NA,"cv_r2",NA,NA,NA,NA,NA,"sepsis"
"Mono_MS4","NFE2L2","spearman",308,15,NA,0.00277445369291174,NA,"cv_r2",NA,NA,NA,NA,NA,"sepsis"
"Mono_MS4","ATF3","rf",308,15,0.206236300304402,0.218366468767184,NA,"oob_r2",-0.0488690043553607,0.0196078431372549,TRUE,0.733095238095238,0.544444444444444,"sepsis"
"Mono_MS4","ATF3","lm",308,15,NA,0.141414796595112,NA,"cv_r2",NA,NA,NA,NA,NA,"sepsis"
"Mono_MS4","ATF3","ridge",308,15,NA,0.153241375439637,NA,"cv_r2",NA,NA,NA,NA,NA,"sepsis"
"Mono_MS4","ATF3","spearman",308,15,NA,0.0389481227512125,NA,"cv_r2",NA,NA,NA,NA,NA,"sepsis"
"Mono_MS4","SIX5","rf",308,15,0.134809048041498,0.123630013725588,NA,"oob_r2",-0.0397364053193208,0.0196078431372549,TRUE,0.899523809523809,0.785185185185185,"sepsis"
"Mono_MS4","SIX5","lm",308,15,NA,0.0842393495484254,NA,"cv_r2",NA,NA,NA,NA,NA,"sepsis"
"Mono_MS4","SIX5","ridge",308,15,NA,0.105289102136321,NA,"cv_r2",NA,NA,NA,NA,NA,"sepsis"
"Mono_MS4","SIX5","spearman",308,15,NA,0.0980301893095211,NA,"cv_r2",NA,NA,NA,NA,NA,"sepsis"
"Mono_MS4","PLAGL1","rf",308,15,0.234428200610719,0.186453656728006,NA,"oob_r2",-0.0326204022722882,0.0196078431372549,TRUE,0.854523809523809,0.71957671957672,"sepsis"
"Mono_MS4","PLAGL1","lm",308,15,NA,0.120392768312341,NA,"cv_r2",NA,NA,NA,NA,NA,"sepsis"
"Mono_MS4","PLAGL1","ridge",308,15,NA,0.138499286642052,NA,"cv_r2",NA,NA,NA,NA,NA,"sepsis"
"Mono_MS4","PLAGL1","spearman",308,15,NA,0.000603716411312405,NA,"cv_r2",NA,NA,NA,NA,NA,"sepsis"
"Mono_MS4","NFATC2","rf",308,15,0.173655275668777,0.1465020605742,NA,"oob_r2",-0.0261786028509848,0.0196078431372549,TRUE,0.853571428571428,0.595767195767196,"sepsis"
"Mono_MS4","NFATC2","lm",308,15,NA,0.0990715492852445,NA,"cv_r2",NA,NA,NA,NA,NA,"sepsis"
"Mono_MS4","NFATC2","ridge",308,15,NA,0.116737813562723,NA,"cv_r2",NA,NA,NA,NA,NA,"sepsis"
"Mono_MS4","NFATC2","spearman",308,15,NA,0.0857809025507151,NA,"cv_r2",NA,NA,NA,NA,NA,"sepsis"
"Mono_MS4","MBTPS2","rf",308,15,0.258164248722075,0.217204862468516,NA,"oob_r2",-0.0452290865595722,0.0196078431372549,TRUE,0.868095238095238,1,"sepsis"
"Mono_MS4","MBTPS2","lm",308,15,NA,0.141643674960901,NA,"cv_r2",NA,NA,NA,NA,NA,"sepsis"
"Mono_MS4","MBTPS2","ridge",308,15,NA,0.151904687312491,NA,"cv_r2",NA,NA,NA,NA,NA,"sepsis"
"Mono_MS4","MBTPS2","spearman",308,15,NA,0.0249063905826252,NA,"cv_r2",NA,NA,NA,NA,NA,"sepsis"
"Mono_MS4","REL","rf",308,15,0.199705178033173,0.177277346108313,NA,"oob_r2",-0.0456223592340972,0.0196078431372549,TRUE,0.789206349206349,0.625396825396825,"sepsis"
"Mono_MS4","REL","lm",308,15,NA,0.154303473412898,NA,"cv_r2",NA,NA,NA,NA,NA,"sepsis"
"Mono_MS4","REL","ridge",308,15,NA,0.164200536858133,NA,"cv_r2",NA,NA,NA,NA,NA,"sepsis"
"Mono_MS4","REL","spearman",308,15,NA,0.0200346506855222,NA,"cv_r2",NA,NA,NA,NA,NA,"sepsis"
"Mono_MS4","KLF1","rf",308,15,0.174651184925794,0.174731231062384,NA,"oob_r2",-0.0534443096434364,0.0196078431372549,TRUE,0.78031746031746,0.527513227513227,"sepsis"
"Mono_MS4","KLF1","lm",308,15,NA,0.124199076387633,NA,"cv_r2",NA,NA,NA,NA,NA,"sepsis"
"Mono_MS4","KLF1","ridge",308,15,NA,0.146624250375606,NA,"cv_r2",NA,NA,NA,NA,NA,"sepsis"
"Mono_MS4","KLF1","spearman",308,15,NA,0.0300216128608989,NA,"cv_r2",NA,NA,NA,NA,NA,"sepsis"
"Mono_MS4","NR4A2","rf",308,15,0.216060576841161,0.230851686064683,NA,"oob_r2",-0.0424230324127603,0.0196078431372549,TRUE,0.815079365079365,0.657142857142857,"sepsis"
"Mono_MS4","NR4A2","lm",308,15,NA,0.169772076040769,NA,"cv_r2",NA,NA,NA,NA,NA,"sepsis"
"Mono_MS4","NR4A2","ridge",308,15,NA,0.175758582279631,NA,"cv_r2",NA,NA,NA,NA,NA,"sepsis"
"Mono_MS4","NR4A2","spearman",308,15,NA,0.0213258251188181,NA,"cv_r2",NA,NA,NA,NA,NA,"sepsis"
"Mono_MS4","NR2C1","rf",308,15,0.315937897054411,0.291691934501853,NA,"oob_r2",-0.0329787049723314,0.0196078431372549,TRUE,0.851349206349206,0.769312169312169,"sepsis"
"Mono_MS4","NR2C1","lm",308,15,NA,0.17771784160897,NA,"cv_r2",NA,NA,NA,NA,NA,"sepsis"
"Mono_MS4","NR2C1","ridge",308,15,NA,0.194550022768107,NA,"cv_r2",NA,NA,NA,NA,NA,"sepsis"
"Mono_MS4","NR2C1","spearman",308,15,NA,0.0481719309019756,NA,"cv_r2",NA,NA,NA,NA,NA,"sepsis"
"Mono_MS4","PRDM16","rf",308,15,0.295671154091393,0.298223504716763,NA,"oob_r2",-0.0480041676143119,0.0196078431372549,TRUE,0.827222222222222,0.881481481481481,"sepsis"
"Mono_MS4","PRDM16","lm",308,15,NA,0.22386650559351,NA,"cv_r2",NA,NA,NA,NA,NA,"sepsis"
"Mono_MS4","PRDM16","ridge",308,15,NA,0.244081084777377,NA,"cv_r2",NA,NA,NA,NA,NA,"sepsis"
"Mono_MS4","PRDM16","spearman",308,15,NA,0.047644589280846,NA,"cv_r2",NA,NA,NA,NA,NA,"sepsis"
"Mono_MS4","ZNF320","rf",308,15,0.263875366257169,0.283995935738657,NA,"oob_r2",-0.0521965677862988,0.0196078431372549,TRUE,0.831031746031746,0.551058201058201,"sepsis"
"Mono_MS4","ZNF320","lm",308,15,NA,0.190555532234832,NA,"cv_r2",NA,NA,NA,NA,NA,"sepsis"
"Mono_MS4","ZNF320","ridge",308,15,NA,0.204294775059417,NA,"cv_r2",NA,NA,NA,NA,NA,"sepsis"
"Mono_MS4","ZNF320","spearman",308,15,NA,0.0404372275882388,NA,"cv_r2",NA,NA,NA,NA,NA,"sepsis"
"Mono_MS4","ZNF384","rf",308,15,0.231499344009293,0.196618431804585,NA,"oob_r2",-0.0408575032701942,0.0196078431372549,TRUE,0.823412698412698,0.630687830687831,"sepsis"
"Mono_MS4","ZNF384","lm",308,15,NA,0.146297980240836,NA,"cv_r2",NA,NA,NA,NA,NA,"sepsis"
"Mono_MS4","ZNF384","ridge",308,15,NA,0.158366605334212,NA,"cv_r2",NA,NA,NA,NA,NA,"sepsis"
"Mono_MS4","ZNF384","spearman",308,15,NA,0.0197344193053255,NA,"cv_r2",NA,NA,NA,NA,NA,"sepsis"
"Mono_MS4","RUNX1","rf",308,15,0.255022236007872,0.230662280086542,NA,"oob_r2",-0.038176844497563,0.0196078431372549,TRUE,0.664206349206349,0.547883597883598,"sepsis"
"Mono_MS4","RUNX1","lm",308,15,NA,0.242429943736982,NA,"cv_r2",NA,NA,NA,NA,NA,"sepsis"
"Mono_MS4","RUNX1","ridge",308,15,NA,0.254799211488063,NA,"cv_r2",NA,NA,NA,NA,NA,"sepsis"
"Mono_MS4","RUNX1","spearman",308,15,NA,0.0665612607645819,NA,"cv_r2",NA,NA,NA,NA,NA,"sepsis"
"Mono_MS4","POU2F2","rf",308,15,0.262282398349501,0.227291953025621,NA,"oob_r2",-0.0410587492980225,0.0196078431372549,TRUE,0.825079365079365,0.638095238095238,"sepsis"
"Mono_MS4","POU2F2","lm",308,15,NA,0.13550058652832,NA,"cv_r2",NA,NA,NA,NA,NA,"sepsis"
"Mono_MS4","POU2F2","ridge",308,15,NA,0.150568085958069,NA,"cv_r2",NA,NA,NA,NA,NA,"sepsis"
"Mono_MS4","POU2F2","spearman",308,15,NA,-0.00557680051668963,NA,"cv_r2",NA,NA,NA,NA,NA,"sepsis"
"Mono_MS4","NR1H2","rf",308,15,0.335050643658013,0.348486889225471,NA,"oob_r2",-0.0230008109103521,0.0196078431372549,TRUE,0.901111111111111,0.785185185185185,"sepsis"
"Mono_MS4","NR1H2","lm",308,15,NA,0.27332838072916,NA,"cv_r2",NA,NA,NA,NA,NA,"sepsis"
"Mono_MS4","NR1H2","ridge",308,15,NA,0.285873155074299,NA,"cv_r2",NA,NA,NA,NA,NA,"sepsis"
"Mono_MS4","NR1H2","spearman",308,15,NA,0.0767219980152726,NA,"cv_r2",NA,NA,NA,NA,NA,"sepsis"
"Mono_MS4","ETV5","rf",308,15,0.206647810643626,0.18629269744492,NA,"oob_r2",-0.0355377520246458,0.0196078431372549,TRUE,0.85531746031746,0.707936507936508,"sepsis"
"Mono_MS4","ETV5","lm",308,15,NA,0.157420975698085,NA,"cv_r2",NA,NA,NA,NA,NA,"sepsis"
"Mono_MS4","ETV5","ridge",308,15,NA,0.170424866221226,NA,"cv_r2",NA,NA,NA,NA,NA,"sepsis"
"Mono_MS4","ETV5","spearman",308,15,NA,0.066361973614276,NA,"cv_r2",NA,NA,NA,NA,NA,"sepsis"
"Mono_MS4","ITGB2","rf",308,15,0.277264763628089,0.286510307119489,NA,"oob_r2",-0.0358173301855652,0.0196078431372549,TRUE,0.877063492063492,0.844444444444444,"sepsis"
"Mono_MS4","ITGB2","lm",308,15,NA,0.229815794791162,NA,"cv_r2",NA,NA,NA,NA,NA,"sepsis"
"Mono_MS4","ITGB2","ridge",308,15,NA,0.246170209555295,NA,"cv_r2",NA,NA,NA,NA,NA,"sepsis"
"Mono_MS4","ITGB2","spearman",308,15,NA,0.229300270216212,NA,"cv_r2",NA,NA,NA,NA,NA,"sepsis"
"Mono_MS4","EGR1","rf",308,15,0.233785883257863,0.209904385521163,NA,"oob_r2",-0.0504911099025406,0.0196078431372549,TRUE,0.888968253968254,0.868783068783069,"sepsis"
"Mono_MS4","EGR1","lm",308,15,NA,0.124013869595391,NA,"cv_r2",NA,NA,NA,NA,NA,"sepsis"
"Mono_MS4","EGR1","ridge",308,15,NA,0.136343090876819,NA,"cv_r2",NA,NA,NA,NA,NA,"sepsis"
"Mono_MS4","EGR1","spearman",308,15,NA,0.0208253370295723,NA,"cv_r2",NA,NA,NA,NA,NA,"sepsis"
"Mono_MS4","ATF6B","rf",308,15,0.325812988675533,0.306995584689932,NA,"oob_r2",-0.0544361235989149,0.0196078431372549,TRUE,0.908809523809524,0.82962962962963,"sepsis"
"Mono_MS4","ATF6B","lm",308,15,NA,0.261587636783872,NA,"cv_r2",NA,NA,NA,NA,NA,"sepsis"
"Mono_MS4","ATF6B","ridge",308,15,NA,0.263362793824074,NA,"cv_r2",NA,NA,NA,NA,NA,"sepsis"
"Mono_MS4","ATF6B","spearman",308,15,NA,0.17064327439193,NA,"cv_r2",NA,NA,NA,NA,NA,"sepsis"
"Mono_MS4","FUBP1","rf",308,15,0.325798378105056,0.332657149214345,NA,"oob_r2",-0.0463064043009552,0.0196078431372549,TRUE,0.81984126984127,0.762962962962963,"sepsis"
"Mono_MS4","FUBP1","lm",308,15,NA,0.269270637413875,NA,"cv_r2",NA,NA,NA,NA,NA,"sepsis"
"Mono_MS4","FUBP1","ridge",308,15,NA,0.285855189619607,NA,"cv_r2",NA,NA,NA,NA,NA,"sepsis"
"Mono_MS4","FUBP1","spearman",308,15,NA,0.154951043978857,NA,"cv_r2",NA,NA,NA,NA,NA,"sepsis"
"Mono_MS4","PATZ1","rf",308,15,0.24355909825512,0.209499933742094,NA,"oob_r2",-0.0347360258505619,0.0196078431372549,TRUE,0.84984126984127,0.663492063492063,"sepsis"
"Mono_MS4","PATZ1","lm",308,15,NA,0.196133805532534,NA,"cv_r2",NA,NA,NA,NA,NA,"sepsis"
"Mono_MS4","PATZ1","ridge",308,15,NA,0.20854880300082,NA,"cv_r2",NA,NA,NA,NA,NA,"sepsis"
"Mono_MS4","PATZ1","spearman",308,15,NA,0.0328134152202463,NA,"cv_r2",NA,NA,NA,NA,NA,"sepsis"
"Mono_MS4","ZNF784","rf",308,15,0.347188775825511,0.326203454951436,NA,"oob_r2",-0.0361295761668347,0.0196078431372549,TRUE,0.813015873015873,0.822222222222222,"sepsis"
"Mono_MS4","ZNF784","lm",308,15,NA,0.228324209777635,NA,"cv_r2",NA,NA,NA,NA,NA,"sepsis"
"Mono_MS4","ZNF784","ridge",308,15,NA,0.235609884438232,NA,"cv_r2",NA,NA,NA,NA,NA,"sepsis"
"Mono_MS4","ZNF784","spearman",308,15,NA,0.118860296475102,NA,"cv_r2",NA,NA,NA,NA,NA,"sepsis"
"Mono_MS4","NFIC","rf",308,15,0.377492341730081,0.304857418686168,NA,"oob_r2",-0.0400368583095089,0.0196078431372549,TRUE,0.901428571428571,0.785185185185185,"sepsis"
"Mono_MS4","NFIC","lm",308,15,NA,0.236328010972972,NA,"cv_r2",NA,NA,NA,NA,NA,"sepsis"
"Mono_MS4","NFIC","ridge",308,15,NA,0.254165200495256,NA,"cv_r2",NA,NA,NA,NA,NA,"sepsis"
"Mono_MS4","NFIC","spearman",308,15,NA,0.157027376123885,NA,"cv_r2",NA,NA,NA,NA,NA,"sepsis"
"Mono_MS4","E2F1","rf",308,15,0.269919293788894,0.236920620264678,NA,"oob_r2",-0.0525376033022203,0.0196078431372549,TRUE,0.848174603174603,0.614814814814815,"sepsis"
"Mono_MS4","E2F1","lm",308,15,NA,0.160559953288413,NA,"cv_r2",NA,NA,NA,NA,NA,"sepsis"
"Mono_MS4","E2F1","ridge",308,15,NA,0.174726240025324,NA,"cv_r2",NA,NA,NA,NA,NA,"sepsis"
"Mono_MS4","E2F1","spearman",308,15,NA,0.0238328935330343,NA,"cv_r2",NA,NA,NA,NA,NA,"sepsis"
"Mono_MS4","HES1","rf",308,15,0.233362780347411,0.198113183791426,NA,"oob_r2",-0.0587021030802326,0.0196078431372549,TRUE,0.898650793650793,0.622222222222222,"sepsis"
"Mono_MS4","HES1","lm",308,15,NA,0.174608843501993,NA,"cv_r2",NA,NA,NA,NA,NA,"sepsis"
"Mono_MS4","HES1","ridge",308,15,NA,0.183779669236382,NA,"cv_r2",NA,NA,NA,NA,NA,"sepsis"
"Mono_MS4","HES1","spearman",308,15,NA,0.0511235851548812,NA,"cv_r2",NA,NA,NA,NA,NA,"sepsis"
"Mono_MS4","STAT1","rf",308,15,0.258053350624564,0.212842565160832,NA,"oob_r2",-0.0527017343440526,0.0196078431372549,TRUE,0.786190476190476,0.755555555555556,"sepsis"
"Mono_MS4","STAT1","lm",308,15,NA,0.124694566824569,NA,"cv_r2",NA,NA,NA,NA,NA,"sepsis"
"Mono_MS4","STAT1","ridge",308,15,NA,0.143127885795564,NA,"cv_r2",NA,NA,NA,NA,NA,"sepsis"
"Mono_MS4","STAT1","spearman",308,15,NA,0.0195883894351981,NA,"cv_r2",NA,NA,NA,NA,NA,"sepsis"
"Mono_MS4","IRF1","rf",308,15,0.243581319319496,0.209945767752128,NA,"oob_r2",-0.0341613522318898,0.0196078431372549,TRUE,0.865079365079365,0.656084656084656,"sepsis"
"Mono_MS4","IRF1","lm",308,15,NA,0.143931208488692,NA,"cv_r2",NA,NA,NA,NA,NA,"sepsis"
"Mono_MS4","IRF1","ridge",308,15,NA,0.160016983853908,NA,"cv_r2",NA,NA,NA,NA,NA,"sepsis"
"Mono_MS4","IRF1","spearman",308,15,NA,0.0230421873041895,NA,"cv_r2",NA,NA,NA,NA,NA,"sepsis"
"Mono_MS4","MEF2C","rf",308,15,0.286208445830263,0.271326643995077,NA,"oob_r2",-0.0451296291435197,0.0196078431372549,TRUE,0.846825396825397,0.681481481481481,"sepsis"
"Mono_MS4","MEF2C","lm",308,15,NA,0.184954573569909,NA,"cv_r2",NA,NA,NA,NA,NA,"sepsis"
"Mono_MS4","MEF2C","ridge",308,15,NA,0.203380924263899,NA,"cv_r2",NA,NA,NA,NA,NA,"sepsis"
"Mono_MS4","MEF2C","spearman",308,15,NA,0.064527278215883,NA,"cv_r2",NA,NA,NA,NA,NA,"sepsis"
"Mono_MS4","STAT2","rf",308,15,0.219286624509208,0.207942625793968,NA,"oob_r2",-0.0389616857888048,0.0196078431372549,TRUE,0.818015873015873,0.761904761904762,"sepsis"
"Mono_MS4","STAT2","lm",308,15,NA,0.129647282184805,NA,"cv_r2",NA,NA,NA,NA,NA,"sepsis"
"Mono_MS4","STAT2","ridge",308,15,NA,0.14546923630133,NA,"cv_r2",NA,NA,NA,NA,NA,"sepsis"
"Mono_MS4","STAT2","spearman",308,15,NA,0.00151948766734977,NA,"cv_r2",NA,NA,NA,NA,NA,"sepsis"
"Mono_MS4","SMAD1","rf",308,15,0.336172939861394,0.309976656012973,NA,"oob_r2",-0.0402165773113407,0.0196078431372549,TRUE,0.889603174603174,0.722751322751323,"sepsis"
"Mono_MS4","SMAD1","lm",308,15,NA,0.244378525038998,NA,"cv_r2",NA,NA,NA,NA,NA,"sepsis"
"Mono_MS4","SMAD1","ridge",308,15,NA,0.253349481864348,NA,"cv_r2",NA,NA,NA,NA,NA,"sepsis"
"Mono_MS4","SMAD1","spearman",308,15,NA,0.0900361413737576,NA,"cv_r2",NA,NA,NA,NA,NA,"sepsis"
"Mono_MS4","ZNF148","rf",308,15,0.270800952735752,0.265423067861812,NA,"oob_r2",-0.0522293888404375,0.0196078431372549,TRUE,0.858730158730159,0.868783068783069,"sepsis"
"Mono_MS4","ZNF148","lm",308,15,NA,0.204127214305548,NA,"cv_r2",NA,NA,NA,NA,NA,"sepsis"
"Mono_MS4","ZNF148","ridge",308,15,NA,0.214142570640726,NA,"cv_r2",NA,NA,NA,NA,NA,"sepsis"
"Mono_MS4","ZNF148","spearman",308,15,NA,0.0667261162582111,NA,"cv_r2",NA,NA,NA,NA,NA,"sepsis"
"Mono_MS4","KLF2","rf",308,15,0.195977141345859,0.207668345327893,NA,"oob_r2",-0.0455043399609633,0.0196078431372549,TRUE,0.793174603174603,0.606349206349206,"sepsis"
"Mono_MS4","KLF2","lm",308,15,NA,0.157122664070032,NA,"cv_r2",NA,NA,NA,NA,NA,"sepsis"
"Mono_MS4","KLF2","ridge",308,15,NA,0.172149686574353,NA,"cv_r2",NA,NA,NA,NA,NA,"sepsis"
"Mono_MS4","KLF2","spearman",308,15,NA,0.00140237401319621,NA,"cv_r2",NA,NA,NA,NA,NA,"sepsis"
"Mono_MS4","STAT3","rf",308,15,0.31035598359515,0.31243422590349,NA,"oob_r2",-0.0555028001995229,0.0196078431372549,TRUE,0.658095238095238,0.461375661375661,"sepsis"
"Mono_MS4","STAT3","lm",308,15,NA,0.288233516427796,NA,"cv_r2",NA,NA,NA,NA,NA,"sepsis"
"Mono_MS4","STAT3","ridge",308,15,NA,0.29811547768386,NA,"cv_r2",NA,NA,NA,NA,NA,"sepsis"
"Mono_MS4","STAT3","spearman",308,15,NA,0.141402164661441,NA,"cv_r2",NA,NA,NA,NA,NA,"sepsis"
"Mono_MS4","PRDM1","rf",308,15,0.297183060822543,0.279170883434065,NA,"oob_r2",-0.0464546567487861,0.0196078431372549,TRUE,0.899206349206349,0.933333333333333,"sepsis"
"Mono_MS4","PRDM1","lm",308,15,NA,0.212382061848102,NA,"cv_r2",NA,NA,NA,NA,NA,"sepsis"
"Mono_MS4","PRDM1","ridge",308,15,NA,0.225622770476091,NA,"cv_r2",NA,NA,NA,NA,NA,"sepsis"
"Mono_MS4","PRDM1","spearman",308,15,NA,0.0886829299337096,NA,"cv_r2",NA,NA,NA,NA,NA,"sepsis"
"Mono_MS2","STAT1","rf",426,37,0.604624149554002,0.59871131937794,NA,"oob_r2",-0.0225540230408486,0.0196078431372549,TRUE,0.821869237658711,0.725925925925926,"sepsis"
"Mono_MS2","STAT1","lm",426,37,NA,0.621597274385029,NA,"cv_r2",NA,NA,NA,NA,NA,"sepsis"
"Mono_MS2","STAT1","ridge",426,37,NA,0.624850894340051,NA,"cv_r2",NA,NA,NA,NA,NA,"sepsis"
"Mono_MS2","STAT1","spearman",426,37,NA,0.1526419618179,NA,"cv_r2",NA,NA,NA,NA,NA,"sepsis"
"Mono_MS2","KLF5","rf",426,37,0.661100760825323,0.66497883467449,NA,"oob_r2",-0.0239052020696961,0.0196078431372549,TRUE,0.82016753595701,0.8,"sepsis"
"Mono_MS2","KLF5","lm",426,37,NA,0.707483528026686,NA,"cv_r2",NA,NA,NA,NA,NA,"sepsis"
"Mono_MS2","KLF5","ridge",426,37,NA,0.706676065534464,NA,"cv_r2",NA,NA,NA,NA,NA,"sepsis"
"Mono_MS2","KLF5","spearman",426,37,NA,0.294745405884155,NA,"cv_r2",NA,NA,NA,NA,NA,"sepsis"
"Mono_MS2","JUND","rf",426,37,0.617067236886256,0.616446553926812,NA,"oob_r2",-0.0299508920397101,0.0196078431372549,TRUE,0.868937358411043,0.874074074074074,"sepsis"
"Mono_MS2","JUND","lm",426,37,NA,0.637114267076934,NA,"cv_r2",NA,NA,NA,NA,NA,"sepsis"
"Mono_MS2","JUND","ridge",426,37,NA,0.636677103219119,NA,"cv_r2",NA,NA,NA,NA,NA,"sepsis"
"Mono_MS2","JUND","spearman",426,37,NA,0.132163446638638,NA,"cv_r2",NA,NA,NA,NA,NA,"sepsis"
"Mono_MS2","MAFB","rf",426,37,0.596085428160066,0.60129419630068,NA,"oob_r2",-0.0231648417532517,0.0196078431372549,TRUE,0.868347294663084,1,"sepsis"
"Mono_MS2","MAFB","lm",426,37,NA,0.559766455542571,NA,"cv_r2",NA,NA,NA,NA,NA,"sepsis"
"Mono_MS2","MAFB","ridge",426,37,NA,0.562766502616935,NA,"cv_r2",NA,NA,NA,NA,NA,"sepsis"
"Mono_MS2","MAFB","spearman",426,37,NA,0.254052579568948,NA,"cv_r2",NA,NA,NA,NA,NA,"sepsis"
"Mono_MS2","AHR","rf",426,37,0.568791568866542,0.563303433872356,NA,"oob_r2",-0.0263737370126035,0.0196078431372549,TRUE,0.897091828670776,0.822222222222222,"sepsis"
"Mono_MS2","AHR","lm",426,37,NA,0.505643423162852,NA,"cv_r2",NA,NA,NA,NA,NA,"sepsis"
"Mono_MS2","AHR","ridge",426,37,NA,0.505561012983508,NA,"cv_r2",NA,NA,NA,NA,NA,"sepsis"
"Mono_MS2","AHR","spearman",426,37,NA,0.28313711252818,NA,"cv_r2",NA,NA,NA,NA,NA,"sepsis"
"Mono_MS2","KLF4","rf",426,37,0.689333742849049,0.680860039357657,NA,"oob_r2",-0.0212245951714957,0.0196078431372549,TRUE,0.819588009061693,0.881481481481481,"sepsis"
"Mono_MS2","KLF4","lm",426,37,NA,0.734965684148906,NA,"cv_r2",NA,NA,NA,NA,NA,"sepsis"
"Mono_MS2","KLF4","ridge",426,37,NA,0.733957125699128,NA,"cv_r2",NA,NA,NA,NA,NA,"sepsis"
"Mono_MS2","KLF4","spearman",426,37,NA,0.36126755268739,NA,"cv_r2",NA,NA,NA,NA,NA,"sepsis"
"Mono_MS2","TP53","rf",426,37,0.624372601970956,0.634147639025457,NA,"oob_r2",-0.0250493074213815,0.0196078431372549,TRUE,0.838949475791581,0.785185185185185,"sepsis"
"Mono_MS2","TP53","lm",426,37,NA,0.673815495930626,NA,"cv_r2",NA,NA,NA,NA,NA,"sepsis"
"Mono_MS2","TP53","ridge",426,37,NA,0.6747171053198,NA,"cv_r2",NA,NA,NA,NA,NA,"sepsis"
"Mono_MS2","TP53","spearman",426,37,NA,0.298134486066049,NA,"cv_r2",NA,NA,NA,NA,NA,"sepsis"
"Mono_MS2","JDP2","rf",426,37,0.606329899625738,0.612728808183989,NA,"oob_r2",-0.0339936454210952,0.0196078431372549,TRUE,0.846183025130394,0.82962962962963,"sepsis"
"Mono_MS2","JDP2","lm",426,37,NA,0.625993422387817,NA,"cv_r2",NA,NA,NA,NA,NA,"sepsis"
"Mono_MS2","JDP2","ridge",426,37,NA,0.625614187801704,NA,"cv_r2",NA,NA,NA,NA,NA,"sepsis"
"Mono_MS2","JDP2","spearman",426,37,NA,0.193933836461074,NA,"cv_r2",NA,NA,NA,NA,NA,"sepsis"
"Mono_MS2","NFIB","rf",426,37,0.590912704911264,0.587935124273821,NA,"oob_r2",-0.0206830354918806,0.0196078431372549,TRUE,0.868689742373953,0.755555555555556,"sepsis"
"Mono_MS2","NFIB","lm",426,37,NA,0.600768311597465,NA,"cv_r2",NA,NA,NA,NA,NA,"sepsis"
"Mono_MS2","NFIB","ridge",426,37,NA,0.600546599628817,NA,"cv_r2",NA,NA,NA,NA,NA,"sepsis"
"Mono_MS2","NFIB","spearman",426,37,NA,0.172202450951595,NA,"cv_r2",NA,NA,NA,NA,NA,"sepsis"
"Mono_MS2","HES4","rf",426,37,0.591159833815111,0.604476213073429,NA,"oob_r2",-0.029917381788825,0.0196078431372549,TRUE,0.80911437753543,0.785185185185185,"sepsis"
"Mono_MS2","HES4","lm",426,37,NA,0.606062539711629,NA,"cv_r2",NA,NA,NA,NA,NA,"sepsis"
"Mono_MS2","HES4","ridge",426,37,NA,0.606906835042325,NA,"cv_r2",NA,NA,NA,NA,NA,"sepsis"
"Mono_MS2","HES4","spearman",426,37,NA,0.178350888682532,NA,"cv_r2",NA,NA,NA,NA,NA,"sepsis"
"Mono_MS2","STAT5A","rf",426,37,0.567846432121007,0.568835128733892,NA,"oob_r2",-0.0311086731373239,0.0196078431372549,TRUE,0.838106527580212,0.740740740740741,"sepsis"
"Mono_MS2","STAT5A","lm",426,37,NA,0.540838799702404,NA,"cv_r2",NA,NA,NA,NA,NA,"sepsis"
"Mono_MS2","STAT5A","ridge",426,37,NA,0.540877583720943,NA,"cv_r2",NA,NA,NA,NA,NA,"sepsis"
"Mono_MS2","STAT5A","spearman",426,37,NA,0.177236208256769,NA,"cv_r2",NA,NA,NA,NA,NA,"sepsis"
"Mono_MS2","BATF3","rf",426,37,0.628032652341944,0.62903934688018,NA,"oob_r2",-0.0349726592989356,0.0196078431372549,TRUE,0.797044412833886,0.785185185185185,"sepsis"
"Mono_MS2","BATF3","lm",426,37,NA,0.685280328362362,NA,"cv_r2",NA,NA,NA,NA,NA,"sepsis"
"Mono_MS2","BATF3","ridge",426,37,NA,0.688186486056977,NA,"cv_r2",NA,NA,NA,NA,NA,"sepsis"
"Mono_MS2","BATF3","spearman",426,37,NA,0.296771334906573,NA,"cv_r2",NA,NA,NA,NA,NA,"sepsis"
"Mono_MS2","EGR1","rf",426,37,0.580321098834288,0.567480470853801,NA,"oob_r2",-0.0260331671119379,0.0196078431372549,TRUE,0.867999578525894,0.844444444444444,"sepsis"
"Mono_MS2","EGR1","lm",426,37,NA,0.565937385062154,NA,"cv_r2",NA,NA,NA,NA,NA,"sepsis"
"Mono_MS2","EGR1","ridge",426,37,NA,0.564288529275728,NA,"cv_r2",NA,NA,NA,NA,NA,"sepsis"
"Mono_MS2","EGR1","spearman",426,37,NA,0.127283206741186,NA,"cv_r2",NA,NA,NA,NA,NA,"sepsis"
"Mono_MS2","ID2","rf",426,37,0.589965186685886,0.606516028511018,NA,"oob_r2",-0.0314623732147266,0.0196078431372549,TRUE,0.832226963805911,0.874074074074074,"sepsis"
"Mono_MS2","ID2","lm",426,37,NA,0.654760872868234,NA,"cv_r2",NA,NA,NA,NA,NA,"sepsis"
"Mono_MS2","ID2","ridge",426,37,NA,0.654250065228805,NA,"cv_r2",NA,NA,NA,NA,NA,"sepsis"
"Mono_MS2","ID2","spearman",426,37,NA,0.233670720041769,NA,"cv_r2",NA,NA,NA,NA,NA,"sepsis"
"Mono_MS2","SNAI1","rf",426,37,0.56650458043946,0.587014276181854,NA,"oob_r2",-0.0313461140683732,0.0196078431372549,TRUE,0.837853643116801,0.755555555555556,"sepsis"
"Mono_MS2","SNAI1","lm",426,37,NA,0.625027878263667,NA,"cv_r2",NA,NA,NA,NA,NA,"sepsis"
"Mono_MS2","SNAI1","ridge",426,37,NA,0.624958874438568,NA,"cv_r2",NA,NA,NA,NA,NA,"sepsis"
"Mono_MS2","SNAI1","spearman",426,37,NA,0.216342648669757,NA,"cv_r2",NA,NA,NA,NA,NA,"sepsis"
"Mono_MS2","AHRR","rf",426,37,0.446687058623814,0.439944796982888,NA,"oob_r2",-0.019061990296383,0.0196078431372549,TRUE,0.839529002686897,0.656084656084656,"sepsis"
"Mono_MS2","AHRR","lm",426,37,NA,0.372027264499882,NA,"cv_r2",NA,NA,NA,NA,NA,"sepsis"
"Mono_MS2","AHRR","ridge",426,37,NA,0.384853324169489,NA,"cv_r2",NA,NA,NA,NA,NA,"sepsis"
"Mono_MS2","AHRR","spearman",426,37,NA,0.234138251012443,NA,"cv_r2",NA,NA,NA,NA,NA,"sepsis"
"Mono_MS2","IRF6","rf",426,37,0.650606809703992,0.64671739257339,NA,"oob_r2",-0.0372170479619013,0.0196078431372549,TRUE,0.823960802908171,0.774603174603175,"sepsis"
"Mono_MS2","IRF6","lm",426,37,NA,0.662438592224533,NA,"cv_r2",NA,NA,NA,NA,NA,"sepsis"
"Mono_MS2","IRF6","ridge",426,37,NA,0.664460473784432,NA,"cv_r2",NA,NA,NA,NA,NA,"sepsis"
"Mono_MS2","IRF6","spearman",426,37,NA,0.364731138015628,NA,"cv_r2",NA,NA,NA,NA,NA,"sepsis"
"Mono_MS2","UBP1","rf",426,37,0.568465387613815,0.548120175118298,NA,"oob_r2",-0.0329974627343664,0.0196078431372549,TRUE,0.816326853168958,1,"sepsis"
"Mono_MS2","UBP1","lm",426,37,NA,0.552643391513145,NA,"cv_r2",NA,NA,NA,NA,NA,"sepsis"
"Mono_MS2","UBP1","ridge",426,37,NA,0.549957786006912,NA,"cv_r2",NA,NA,NA,NA,NA,"sepsis"
"Mono_MS2","UBP1","spearman",426,37,NA,0.144466757070308,NA,"cv_r2",NA,NA,NA,NA,NA,"sepsis"
"Mono_MS2","ZNF274","rf",426,37,0.639314552335019,0.627358522309277,NA,"oob_r2",-0.0302302615786266,0.0196078431372549,TRUE,0.789220799747115,0.77037037037037,"sepsis"
"Mono_MS2","ZNF274","lm",426,37,NA,0.671876645681839,NA,"cv_r2",NA,NA,NA,NA,NA,"sepsis"
"Mono_MS2","ZNF274","ridge",426,37,NA,0.67167447705677,NA,"cv_r2",NA,NA,NA,NA,NA,"sepsis"
"Mono_MS2","ZNF274","spearman",426,37,NA,0.294475145910746,NA,"cv_r2",NA,NA,NA,NA,NA,"sepsis"
"Mono_MS2","FOXJ3","rf",426,37,0.521834087758794,0.530723891970497,NA,"oob_r2",-0.0121966988137502,0.0196078431372549,TRUE,0.869458932616827,0.584126984126984,"sepsis"
"Mono_MS2","FOXJ3","lm",426,37,NA,0.55249133965238,NA,"cv_r2",NA,NA,NA,NA,NA,"sepsis"
"Mono_MS2","FOXJ3","ridge",426,37,NA,0.547531719557472,NA,"cv_r2",NA,NA,NA,NA,NA,"sepsis"
"Mono_MS2","FOXJ3","spearman",426,37,NA,0.17012254766543,NA,"cv_r2",NA,NA,NA,NA,NA,"sepsis"
"Mono_MS2","ZNF324","rf",426,37,0.460007830142009,0.457958527163251,NA,"oob_r2",-0.0303831634465716,0.0196078431372549,TRUE,0.809367261998841,0.611640211640212,"sepsis"
"Mono_MS2","ZNF324","lm",426,37,NA,0.415643646805448,NA,"cv_r2",NA,NA,NA,NA,NA,"sepsis"
"Mono_MS2","ZNF324","ridge",426,37,NA,0.411729616772491,NA,"cv_r2",NA,NA,NA,NA,NA,"sepsis"
"Mono_MS2","ZNF324","spearman",426,37,NA,0.171845789486588,NA,"cv_r2",NA,NA,NA,NA,NA,"sepsis"
"Mono_MS2","TBX19","rf",426,37,0.578431396813523,0.580504829058802,NA,"oob_r2",-0.0309077614748654,0.0196078431372549,TRUE,0.796644012433486,0.677248677248677,"sepsis"
"Mono_MS2","TBX19","lm",426,37,NA,0.5702743556667,NA,"cv_r2",NA,NA,NA,NA,NA,"sepsis"
"Mono_MS2","TBX19","ridge",426,37,NA,0.574458635174071,NA,"cv_r2",NA,NA,NA,NA,NA,"sepsis"
"Mono_MS2","TBX19","spearman",426,37,NA,0.192194491174629,NA,"cv_r2",NA,NA,NA,NA,NA,"sepsis"
"Mono_MS2","ETV7","rf",426,37,0.595308846647592,0.592267671676896,NA,"oob_r2",-0.0440383395073592,0.0196078431372549,TRUE,0.827374743164217,1,"sepsis"
"Mono_MS2","ETV7","lm",426,37,NA,0.594474299026953,NA,"cv_r2",NA,NA,NA,NA,NA,"sepsis"
"Mono_MS2","ETV7","ridge",426,37,NA,0.596179162967757,NA,"cv_r2",NA,NA,NA,NA,NA,"sepsis"
"Mono_MS2","ETV7","spearman",426,37,NA,0.261187375323668,NA,"cv_r2",NA,NA,NA,NA,NA,"sepsis"
"Mono_MS2","ZNF394","rf",426,37,0.6210172383394,0.60064517230399,NA,"oob_r2",-0.0310985361781712,0.0196078431372549,TRUE,0.786444339075918,0.785185185185185,"sepsis"
"Mono_MS2","ZNF394","lm",426,37,NA,0.635358444088845,NA,"cv_r2",NA,NA,NA,NA,NA,"sepsis"
"Mono_MS2","ZNF394","ridge",426,37,NA,0.637127113897826,NA,"cv_r2",NA,NA,NA,NA,NA,"sepsis"
"Mono_MS2","ZNF394","spearman",426,37,NA,0.323147309952042,NA,"cv_r2",NA,NA,NA,NA,NA,"sepsis"
"Mono_MS2","CREB5","rf",426,37,0.645434847270773,0.642079763960979,NA,"oob_r2",-0.0263854062265579,0.0196078431372549,TRUE,0.763368631789684,0.688888888888889,"sepsis"
"Mono_MS2","CREB5","lm",426,37,NA,0.671198191541662,NA,"cv_r2",NA,NA,NA,NA,NA,"sepsis"
"Mono_MS2","CREB5","ridge",426,37,NA,0.672274181903604,NA,"cv_r2",NA,NA,NA,NA,NA,"sepsis"
"Mono_MS2","CREB5","spearman",426,37,NA,0.398160580478062,NA,"cv_r2",NA,NA,NA,NA,NA,"sepsis"
"Mono_MS2","ZNF335","rf",426,37,0.465493956414933,0.449153323317474,NA,"oob_r2",-0.0150673593373542,0.0196078431372549,TRUE,0.80089563247458,0.632804232804233,"sepsis"
"Mono_MS2","ZNF335","lm",426,37,NA,0.409381395776461,NA,"cv_r2",NA,NA,NA,NA,NA,"sepsis"
"Mono_MS2","ZNF335","ridge",426,37,NA,0.418466096741044,NA,"cv_r2",NA,NA,NA,NA,NA,"sepsis"
"Mono_MS2","ZNF335","spearman",426,37,NA,0.177509406730571,NA,"cv_r2",NA,NA,NA,NA,NA,"sepsis"
"Mono_MS2","YBX1","rf",426,37,0.491544368941226,0.468769095147433,NA,"oob_r2",-0.0222577191000234,0.0196078431372549,TRUE,0.695010800273958,0.868783068783069,"sepsis"
"Mono_MS2","YBX1","lm",426,37,NA,0.42945988526661,NA,"cv_r2",NA,NA,NA,NA,NA,"sepsis"
"Mono_MS2","YBX1","ridge",426,37,NA,0.432155744593581,NA,"cv_r2",NA,NA,NA,NA,NA,"sepsis"
"Mono_MS2","YBX1","spearman",426,37,NA,0.259211289173953,NA,"cv_r2",NA,NA,NA,NA,NA,"sepsis"
"Mono_MS2","KLF6","rf",426,37,0.606427834018359,0.594275060628236,NA,"oob_r2",-0.0478180110082867,0.0196078431372549,TRUE,0.844897529108055,0.711111111111111,"sepsis"
"Mono_MS2","KLF6","lm",426,37,NA,0.531569643331796,NA,"cv_r2",NA,NA,NA,NA,NA,"sepsis"
"Mono_MS2","KLF6","ridge",426,37,NA,0.537308405185175,NA,"cv_r2",NA,NA,NA,NA,NA,"sepsis"
"Mono_MS2","KLF6","spearman",426,37,NA,0.331508213806151,NA,"cv_r2",NA,NA,NA,NA,NA,"sepsis"
"Mono_MS2","OLIG1","rf",426,37,0.411557330775668,0.401636885839276,NA,"oob_r2",-0.0316298863732183,0.0196078431372549,TRUE,0.828201886096623,0.733333333333333,"sepsis"
"Mono_MS2","OLIG1","lm",426,37,NA,0.342061886390897,NA,"cv_r2",NA,NA,NA,NA,NA,"sepsis"
"Mono_MS2","OLIG1","ridge",426,37,NA,0.346213495499156,NA,"cv_r2",NA,NA,NA,NA,NA,"sepsis"
"Mono_MS2","OLIG1","spearman",426,37,NA,0.0830388398459005,NA,"cv_r2",NA,NA,NA,NA,NA,"sepsis"
"Mono_MS2","FOSB","rf",426,37,0.660727386968631,0.649240960790851,NA,"oob_r2",-0.0364151172486135,0.0196078431372549,TRUE,0.844829039565882,0.626455026455026,"sepsis"
"Mono_MS2","FOSB","lm",426,37,NA,0.681816814135988,NA,"cv_r2",NA,NA,NA,NA,NA,"sepsis"
"Mono_MS2","FOSB","ridge",426,37,NA,0.683437882366712,NA,"cv_r2",NA,NA,NA,NA,NA,"sepsis"
"Mono_MS2","FOSB","spearman",426,37,NA,0.435882557511608,NA,"cv_r2",NA,NA,NA,NA,NA,"sepsis"
"Mono_MS2","FOXD2","rf",426,37,0.685210596983666,0.689128278970154,NA,"oob_r2",-0.0256240287890535,0.0196078431372549,TRUE,0.807728781412992,0.724867724867725,"sepsis"
"Mono_MS2","FOXD2","lm",426,37,NA,0.741149094226516,NA,"cv_r2",NA,NA,NA,NA,NA,"sepsis"
"Mono_MS2","FOXD2","ridge",426,37,NA,0.737885025986125,NA,"cv_r2",NA,NA,NA,NA,NA,"sepsis"
"Mono_MS2","FOXD2","spearman",426,37,NA,0.585348452108435,NA,"cv_r2",NA,NA,NA,NA,NA,"sepsis"
"Mono_MS2","SREBF2","rf",426,37,0.621361207187631,0.611218389417445,NA,"oob_r2",-0.0277745455817962,0.0196078431372549,TRUE,0.771271271271271,0.694179894179894,"sepsis"
"Mono_MS2","SREBF2","lm",426,37,NA,0.63789323909302,NA,"cv_r2",NA,NA,NA,NA,NA,"sepsis"
"Mono_MS2","SREBF2","ridge",426,37,NA,0.639402051655231,NA,"cv_r2",NA,NA,NA,NA,NA,"sepsis"
"Mono_MS2","SREBF2","spearman",426,37,NA,0.420241020566578,NA,"cv_r2",NA,NA,NA,NA,NA,"sepsis"
"Mono_MS2","PAX5","rf",426,37,0.684136089002065,0.670221447605851,NA,"oob_r2",-0.0334194024890517,0.0196078431372549,TRUE,0.745698329908856,0.679365079365079,"sepsis"
"Mono_MS2","PAX5","lm",426,37,NA,0.709877778485606,NA,"cv_r2",NA,NA,NA,NA,NA,"sepsis"
"Mono_MS2","PAX5","ridge",426,37,NA,0.708908224148223,NA,"cv_r2",NA,NA,NA,NA,NA,"sepsis"
"Mono_MS2","PAX5","spearman",426,37,NA,0.513735081968462,NA,"cv_r2",NA,NA,NA,NA,NA,"sepsis"
"Mono_MS2","NR4A2","rf",426,37,0.648202203266899,0.625515413014836,NA,"oob_r2",-0.028796487147482,0.0196078431372549,TRUE,0.78899425741531,0.748148148148148,"sepsis"
"Mono_MS2","NR4A2","lm",426,37,NA,0.682334041951297,NA,"cv_r2",NA,NA,NA,NA,NA,"sepsis"
"Mono_MS2","NR4A2","ridge",426,37,NA,0.682000269881119,NA,"cv_r2",NA,NA,NA,NA,NA,"sepsis"
"Mono_MS2","NR4A2","spearman",426,37,NA,0.407858729717666,NA,"cv_r2",NA,NA,NA,NA,NA,"sepsis"
"Mono_MS2","SPI1","rf",426,37,0.554095149656348,0.514407731861807,NA,"oob_r2",-0.0197470066777097,0.0196078431372549,TRUE,0.836468046994363,0.701587301587302,"sepsis"
"Mono_MS2","SPI1","lm",426,37,NA,0.483370628725537,NA,"cv_r2",NA,NA,NA,NA,NA,"sepsis"
"Mono_MS2","SPI1","ridge",426,37,NA,0.487303495353732,NA,"cv_r2",NA,NA,NA,NA,NA,"sepsis"
"Mono_MS2","SPI1","spearman",426,37,NA,0.183886246636759,NA,"cv_r2",NA,NA,NA,NA,NA,"sepsis"
"Mono_MS2","ZNF708","rf",426,37,0.489101054908777,0.468385211774856,NA,"oob_r2",-0.0357651400892895,0.0196078431372549,TRUE,0.819998946314736,0.686772486772487,"sepsis"
"Mono_MS2","ZNF708","lm",426,37,NA,0.355002886539055,NA,"cv_r2",NA,NA,NA,NA,NA,"sepsis"
"Mono_MS2","ZNF708","ridge",426,37,NA,0.364131632542712,NA,"cv_r2",NA,NA,NA,NA,NA,"sepsis"
"Mono_MS2","ZNF708","spearman",426,37,NA,0.193477443194993,NA,"cv_r2",NA,NA,NA,NA,NA,"sepsis"
"Mono_MS2","EPAS1","rf",426,37,0.493221703154897,0.456318140575457,NA,"oob_r2",-0.0275894229468659,0.0196078431372549,TRUE,0.845050313471366,0.762962962962963,"sepsis"
"Mono_MS2","EPAS1","lm",426,37,NA,0.434688540169703,NA,"cv_r2",NA,NA,NA,NA,NA,"sepsis"
"Mono_MS2","EPAS1","ridge",426,37,NA,0.441419327637863,NA,"cv_r2",NA,NA,NA,NA,NA,"sepsis"
"Mono_MS2","EPAS1","spearman",426,37,NA,0.156992243803171,NA,"cv_r2",NA,NA,NA,NA,NA,"sepsis"
"Mono_MS2","FOSL2","rf",426,37,0.670014785300401,0.65736520184805,NA,"oob_r2",-0.0315708328889102,0.0196078431372549,TRUE,0.756682998788262,0.881481481481481,"sepsis"
"Mono_MS2","FOSL2","lm",426,37,NA,0.703134640818066,NA,"cv_r2",NA,NA,NA,NA,NA,"sepsis"
"Mono_MS2","FOSL2","ridge",426,37,NA,0.704984920530602,NA,"cv_r2",NA,NA,NA,NA,NA,"sepsis"
"Mono_MS2","FOSL2","spearman",426,37,NA,0.474465709265032,NA,"cv_r2",NA,NA,NA,NA,NA,"sepsis"
"Mono_MS2","TAL1","rf",426,37,0.497470726487756,0.486545921052034,NA,"oob_r2",-0.0397275240209579,0.0196078431372549,TRUE,0.805811074232127,0.77037037037037,"sepsis"
"Mono_MS2","TAL1","lm",426,37,NA,0.470122934277321,NA,"cv_r2",NA,NA,NA,NA,NA,"sepsis"
"Mono_MS2","TAL1","ridge",426,37,NA,0.473990112233385,NA,"cv_r2",NA,NA,NA,NA,NA,"sepsis"
"Mono_MS2","TAL1","spearman",426,37,NA,0.127907743015626,NA,"cv_r2",NA,NA,NA,NA,NA,"sepsis"
"Mono_MS2","FOS","rf",426,37,0.721282634465813,0.709699386670582,NA,"oob_r2",-0.0327160737737722,0.0196078431372549,TRUE,0.762752225910121,0.6994708994709,"sepsis"
"Mono_MS2","FOS","lm",426,37,NA,0.785536653707851,NA,"cv_r2",NA,NA,NA,NA,NA,"sepsis"
"Mono_MS2","FOS","ridge",426,37,NA,0.783280884465375,NA,"cv_r2",NA,NA,NA,NA,NA,"sepsis"
"Mono_MS2","FOS","spearman",426,37,NA,0.564920271890345,NA,"cv_r2",NA,NA,NA,NA,NA,"sepsis"
"Mono_MS2","JUNB","rf",426,37,0.678085062282512,0.660184579360562,NA,"oob_r2",-0.0292930410812588,0.0196078431372549,TRUE,0.769732890785522,0.785185185185185,"sepsis"
"Mono_MS2","JUNB","lm",426,37,NA,0.689413921797793,NA,"cv_r2",NA,NA,NA,NA,NA,"sepsis"
"Mono_MS2","JUNB","ridge",426,37,NA,0.69038756500998,NA,"cv_r2",NA,NA,NA,NA,NA,"sepsis"
"Mono_MS2","JUNB","spearman",426,37,NA,0.421955631651728,NA,"cv_r2",NA,NA,NA,NA,NA,"sepsis"
"Mono_MS2","POU2F2","rf",426,37,0.628577484462332,0.631483310225858,NA,"oob_r2",-0.0253289741366114,0.0196078431372549,TRUE,0.818808281966177,0.650793650793651,"sepsis"
"Mono_MS2","POU2F2","lm",426,37,NA,0.610876759657095,NA,"cv_r2",NA,NA,NA,NA,NA,"sepsis"
"Mono_MS2","POU2F2","ridge",426,37,NA,0.613366201651063,NA,"cv_r2",NA,NA,NA,NA,NA,"sepsis"
"Mono_MS2","POU2F2","spearman",426,37,NA,0.264303584228728,NA,"cv_r2",NA,NA,NA,NA,NA,"sepsis"
"Mono_MS2","ZNF143","rf",426,37,0.50797117842805,0.490165841954017,NA,"oob_r2",-0.0371788231192157,0.0196078431372549,TRUE,0.819577472209051,0.621164021164021,"sepsis"
"Mono_MS2","ZNF143","lm",426,37,NA,0.387406442189051,NA,"cv_r2",NA,NA,NA,NA,NA,"sepsis"
"Mono_MS2","ZNF143","ridge",426,37,NA,0.392179060277607,NA,"cv_r2",NA,NA,NA,NA,NA,"sepsis"
"Mono_MS2","ZNF143","spearman",426,37,NA,0.0368975776728148,NA,"cv_r2",NA,NA,NA,NA,NA,"sepsis"
"Mono_MS2","ZBTB42","rf",426,37,0.42451464172966,0.42453323397344,NA,"oob_r2",-0.0215579140452761,0.0196078431372549,TRUE,0.809109109109109,0.874074074074074,"sepsis"
"Mono_MS2","ZBTB42","lm",426,37,NA,0.317990566024986,NA,"cv_r2",NA,NA,NA,NA,NA,"sepsis"
"Mono_MS2","ZBTB42","ridge",426,37,NA,0.319985741607176,NA,"cv_r2",NA,NA,NA,NA,NA,"sepsis"
"Mono_MS2","ZBTB42","spearman",426,37,NA,0.149676280431666,NA,"cv_r2",NA,NA,NA,NA,NA,"sepsis"
"Mono_MS2","MEF2C","rf",426,37,0.687439668933497,0.684490655639731,NA,"oob_r2",-0.0281108518819987,0.0196078431372549,TRUE,0.801938780886149,0.736507936507936,"sepsis"
"Mono_MS2","MEF2C","lm",426,37,NA,0.762980729357553,NA,"cv_r2",NA,NA,NA,NA,NA,"sepsis"
"Mono_MS2","MEF2C","ridge",426,37,NA,0.760368040509581,NA,"cv_r2",NA,NA,NA,NA,NA,"sepsis"
"Mono_MS2","MEF2C","spearman",426,37,NA,0.497114799029303,NA,"cv_r2",NA,NA,NA,NA,NA,"sepsis"
"Mono_MS2","ATF3","rf",426,37,0.630290236117076,0.635800429119894,NA,"oob_r2",-0.048237363442918,0.0196078431372549,TRUE,0.81997260418313,0.725925925925926,"sepsis"
"Mono_MS2","ATF3","lm",426,37,NA,0.503982717680102,NA,"cv_r2",NA,NA,NA,NA,NA,"sepsis"
"Mono_MS2","ATF3","ridge",426,37,NA,0.508881194593783,NA,"cv_r2",NA,NA,NA,NA,NA,"sepsis"
"Mono_MS2","ATF3","spearman",426,37,NA,0.134350805723292,NA,"cv_r2",NA,NA,NA,NA,NA,"sepsis"
"Mono_MS2","NFKB1","rf",426,37,0.639497256277585,0.629045567278942,NA,"oob_r2",-0.0244555824381643,0.0196078431372549,TRUE,0.812839154944418,0.822222222222222,"sepsis"
"Mono_MS2","NFKB1","lm",426,37,NA,0.669825813863088,NA,"cv_r2",NA,NA,NA,NA,NA,"sepsis"
"Mono_MS2","NFKB1","ridge",426,37,NA,0.667353620586748,NA,"cv_r2",NA,NA,NA,NA,NA,"sepsis"
"Mono_MS2","NFKB1","spearman",426,37,NA,0.367009735649311,NA,"cv_r2",NA,NA,NA,NA,NA,"sepsis"
"Mono_MS2","ITGB2","rf",426,37,0.506796552251927,0.51257566989136,NA,"oob_r2",-0.035987057809545,0.0196078431372549,TRUE,0.825904852220642,0.588359788359788,"sepsis"
"Mono_MS2","ITGB2","lm",426,37,NA,0.402239908299208,NA,"cv_r2",NA,NA,NA,NA,NA,"sepsis"
"Mono_MS2","ITGB2","ridge",426,37,NA,0.414598856374198,NA,"cv_r2",NA,NA,NA,NA,NA,"sepsis"
"Mono_MS2","ITGB2","spearman",426,37,NA,0.301121703142542,NA,"cv_r2",NA,NA,NA,NA,NA,"sepsis"
"Mono_MS2","NANOG","rf",426,37,0.650483370109515,0.631233529632983,NA,"oob_r2",-0.0299892263931722,0.0196078431372549,TRUE,0.800705969127022,0.757671957671958,"sepsis"
"Mono_MS2","NANOG","lm",426,37,NA,0.675797337249299,NA,"cv_r2",NA,NA,NA,NA,NA,"sepsis"
"Mono_MS2","NANOG","ridge",426,37,NA,0.676343909935036,NA,"cv_r2",NA,NA,NA,NA,NA,"sepsis"
"Mono_MS2","NANOG","spearman",426,37,NA,0.35575354155029,NA,"cv_r2",NA,NA,NA,NA,NA,"sepsis"
"Mono_MS2","SP2","rf",426,37,0.642475304338308,0.625764439539017,NA,"oob_r2",-0.0240071326573596,0.0196078431372549,TRUE,0.792065749960487,0.755555555555556,"sepsis"
"Mono_MS2","SP2","lm",426,37,NA,0.643004606588719,NA,"cv_r2",NA,NA,NA,NA,NA,"sepsis"
"Mono_MS2","SP2","ridge",426,37,NA,0.643809306929352,NA,"cv_r2",NA,NA,NA,NA,NA,"sepsis"
"Mono_MS2","SP2","spearman",426,37,NA,0.351286105529557,NA,"cv_r2",NA,NA,NA,NA,NA,"sepsis"
"Mono_MS2","HESX1","rf",426,37,0.573672192876118,0.576454336050105,NA,"oob_r2",-0.0215308324075341,0.0196078431372549,TRUE,0.850171223855434,0.75026455026455,"sepsis"
"Mono_MS2","HESX1","lm",426,37,NA,0.574765017035868,NA,"cv_r2",NA,NA,NA,NA,NA,"sepsis"
"Mono_MS2","HESX1","ridge",426,37,NA,0.581980932059969,NA,"cv_r2",NA,NA,NA,NA,NA,"sepsis"
"Mono_MS2","HESX1","spearman",426,37,NA,0.147978522908412,NA,"cv_r2",NA,NA,NA,NA,NA,"sepsis"
"Mono_MS2","ENO1","rf",426,37,0.512383212095208,0.509231138120001,NA,"oob_r2",-0.0450475356157899,0.0196078431372549,TRUE,0.866445392761182,0.725925925925926,"sepsis"
"Mono_MS2","ENO1","lm",426,37,NA,0.480604226162181,NA,"cv_r2",NA,NA,NA,NA,NA,"sepsis"
"Mono_MS2","ENO1","ridge",426,37,NA,0.48356515056849,NA,"cv_r2",NA,NA,NA,NA,NA,"sepsis"
"Mono_MS2","ENO1","spearman",426,37,NA,0.280422265067805,NA,"cv_r2",NA,NA,NA,NA,NA,"sepsis"
"Mono_MS2","DDIT3","rf",426,37,0.47097665920981,0.484948695609518,NA,"oob_r2",-0.0383046676981954,0.0196078431372549,TRUE,0.805990200727043,0.648677248677249,"sepsis"
"Mono_MS2","DDIT3","lm",426,37,NA,0.394650849897323,NA,"cv_r2",NA,NA,NA,NA,NA,"sepsis"
"Mono_MS2","DDIT3","ridge",426,37,NA,0.405812574441458,NA,"cv_r2",NA,NA,NA,NA,NA,"sepsis"
"Mono_MS2","DDIT3","spearman",426,37,NA,0.317982569193271,NA,"cv_r2",NA,NA,NA,NA,NA,"sepsis"
"Mono_MS2","NHLH1","rf",426,37,0.598447654815092,0.578850443521856,NA,"oob_r2",-0.0392494056071367,0.0196078431372549,TRUE,0.854638849375691,0.77037037037037,"sepsis"
"Mono_MS2","NHLH1","lm",426,37,NA,0.575742689844717,NA,"cv_r2",NA,NA,NA,NA,NA,"sepsis"
"Mono_MS2","NHLH1","ridge",426,37,NA,0.576225318857126,NA,"cv_r2",NA,NA,NA,NA,NA,"sepsis"
"Mono_MS2","NHLH1","spearman",426,37,NA,0.156903363926782,NA,"cv_r2",NA,NA,NA,NA,NA,"sepsis"
"Mono_MS2","ATOH8","rf",426,37,0.476592043517343,0.489738637988234,NA,"oob_r2",-0.0313709466931392,0.0196078431372549,TRUE,0.876803118908382,0.77037037037037,"sepsis"
"Mono_MS2","ATOH8","lm",426,37,NA,0.406173379675365,NA,"cv_r2",NA,NA,NA,NA,NA,"sepsis"
"Mono_MS2","ATOH8","ridge",426,37,NA,0.401150536095755,NA,"cv_r2",NA,NA,NA,NA,NA,"sepsis"
"Mono_MS2","ATOH8","spearman",426,37,NA,0.22170328657323,NA,"cv_r2",NA,NA,NA,NA,NA,"sepsis"
"Mono_MS2","HIF1A","rf",426,37,0.603921925748202,0.586631948834993,NA,"oob_r2",-0.0349298125744849,0.0196078431372549,TRUE,0.824366471734893,0.628835978835979,"sepsis"
"Mono_MS2","HIF1A","lm",426,37,NA,0.505753171799523,NA,"cv_r2",NA,NA,NA,NA,NA,"sepsis"
"Mono_MS2","HIF1A","ridge",426,37,NA,0.504789864183638,NA,"cv_r2",NA,NA,NA,NA,NA,"sepsis"
"Mono_MS2","HIF1A","spearman",426,37,NA,0.249999753060093,NA,"cv_r2",NA,NA,NA,NA,NA,"sepsis"
"Mono_MS2","HES1","rf",426,37,0.62054665359591,0.63139040862797,NA,"oob_r2",-0.0246487246830612,0.0196078431372549,TRUE,0.815352194299563,0.874074074074074,"sepsis"
"Mono_MS2","HES1","lm",426,37,NA,0.649968218289096,NA,"cv_r2",NA,NA,NA,NA,NA,"sepsis"
"Mono_MS2","HES1","ridge",426,37,NA,0.650257631588399,NA,"cv_r2",NA,NA,NA,NA,NA,"sepsis"
"Mono_MS2","HES1","spearman",426,37,NA,0.259152272927392,NA,"cv_r2",NA,NA,NA,NA,NA,"sepsis"
"Mono_MS2","ZSCAN31","rf",426,37,0.560767551385147,0.563697263952961,NA,"oob_r2",-0.0315401920486654,0.0196078431372549,TRUE,0.915757863126284,0.670899470899471,"sepsis"
"Mono_MS2","ZSCAN31","lm",426,37,NA,0.52903167061246,NA,"cv_r2",NA,NA,NA,NA,NA,"sepsis"
"Mono_MS2","ZSCAN31","ridge",426,37,NA,0.529137424780864,NA,"cv_r2",NA,NA,NA,NA,NA,"sepsis"
"Mono_MS2","ZSCAN31","spearman",426,37,NA,0.309211949692586,NA,"cv_r2",NA,NA,NA,NA,NA,"sepsis"
"Mono_MS2","BACH2","rf",426,37,0.617586294602551,0.606160509571062,NA,"oob_r2",-0.0192835207805757,0.0196078431372549,TRUE,0.8635477582846,0.663492063492063,"sepsis"
"Mono_MS2","BACH2","lm",426,37,NA,0.610340678464018,NA,"cv_r2",NA,NA,NA,NA,NA,"sepsis"
"Mono_MS2","BACH2","ridge",426,37,NA,0.612790741710723,NA,"cv_r2",NA,NA,NA,NA,NA,"sepsis"
"Mono_MS2","BACH2","spearman",426,37,NA,0.294123533911839,NA,"cv_r2",NA,NA,NA,NA,NA,"sepsis"
"Mono_MS2","KLF10","rf",426,37,0.591027562208082,0.5781110323354,NA,"oob_r2",-0.0345787756585729,0.0196078431372549,TRUE,0.859696538643907,0.82962962962963,"sepsis"
"Mono_MS2","KLF10","lm",426,37,NA,0.493841844917365,NA,"cv_r2",NA,NA,NA,NA,NA,"sepsis"
"Mono_MS2","KLF10","ridge",426,37,NA,0.497487861476528,NA,"cv_r2",NA,NA,NA,NA,NA,"sepsis"
"Mono_MS2","KLF10","spearman",426,37,NA,0.249727586080536,NA,"cv_r2",NA,NA,NA,NA,NA,"sepsis"
"Mono_MS2","ID1","rf",426,37,0.574791680448794,0.575582764443992,NA,"oob_r2",-0.0377168775695611,0.0196078431372549,TRUE,0.861756493335441,0.933333333333333,"sepsis"
"Mono_MS2","ID1","lm",426,37,NA,0.439870852290585,NA,"cv_r2",NA,NA,NA,NA,NA,"sepsis"
"Mono_MS2","ID1","ridge",426,37,NA,0.438360352913737,NA,"cv_r2",NA,NA,NA,NA,NA,"sepsis"
"Mono_MS2","ID1","spearman",426,37,NA,0.121017460137937,NA,"cv_r2",NA,NA,NA,NA,NA,"sepsis"
"Mono_MS2","MTF1","rf",426,37,0.542752534624998,0.528741633144843,NA,"oob_r2",-0.0211946915227937,0.0196078431372549,TRUE,0.814314314314314,0.666666666666667,"sepsis"
"Mono_MS2","MTF1","lm",426,37,NA,0.496061127203307,NA,"cv_r2",NA,NA,NA,NA,NA,"sepsis"
"Mono_MS2","MTF1","ridge",426,37,NA,0.502363703479495,NA,"cv_r2",NA,NA,NA,NA,NA,"sepsis"
"Mono_MS2","MTF1","spearman",426,37,NA,0.229299428270002,NA,"cv_r2",NA,NA,NA,NA,NA,"sepsis"
"Mono_MS2","EGR2","rf",426,37,0.52531771715096,0.522913663660628,NA,"oob_r2",-0.0406865090693417,0.0196078431372549,TRUE,0.866129287181919,0.624338624338624,"sepsis"
"Mono_MS2","EGR2","lm",426,37,NA,0.442884871201504,NA,"cv_r2",NA,NA,NA,NA,NA,"sepsis"
"Mono_MS2","EGR2","ridge",426,37,NA,0.448483765126604,NA,"cv_r2",NA,NA,NA,NA,NA,"sepsis"
"Mono_MS2","EGR2","spearman",426,37,NA,0.0636336951466006,NA,"cv_r2",NA,NA,NA,NA,NA,"sepsis"
"Mono_MS2","JUN","rf",426,37,0.641080340879658,0.624680422870262,NA,"oob_r2",-0.0255575266800714,0.0196078431372549,TRUE,0.844681523628892,0.785185185185185,"sepsis"
"Mono_MS2","JUN","lm",426,37,NA,0.620421004358268,NA,"cv_r2",NA,NA,NA,NA,NA,"sepsis"
"Mono_MS2","JUN","ridge",426,37,NA,0.620960827125187,NA,"cv_r2",NA,NA,NA,NA,NA,"sepsis"
"Mono_MS2","JUN","spearman",426,37,NA,0.23488858407488,NA,"cv_r2",NA,NA,NA,NA,NA,"sepsis"
"Mono_MS2","BACH1","rf",426,37,0.63451276983927,0.626942856860851,NA,"oob_r2",-0.0285102283093599,0.0196078431372549,TRUE,0.83311732785417,0.644444444444444,"sepsis"
"Mono_MS2","BACH1","lm",426,37,NA,0.5654974960857,NA,"cv_r2",NA,NA,NA,NA,NA,"sepsis"
"Mono_MS2","BACH1","ridge",426,37,NA,0.566947355272933,NA,"cv_r2",NA,NA,NA,NA,NA,"sepsis"
"Mono_MS2","BACH1","spearman",426,37,NA,0.298285259711701,NA,"cv_r2",NA,NA,NA,NA,NA,"sepsis"
"Mono_MS2","RUNX3","rf",426,37,0.551033386283386,0.544911923258961,NA,"oob_r2",-0.0299567974171128,0.0196078431372549,TRUE,0.877725093514567,0.73015873015873,"sepsis"
"Mono_MS2","RUNX3","lm",426,37,NA,0.474007308472014,NA,"cv_r2",NA,NA,NA,NA,NA,"sepsis"
"Mono_MS2","RUNX3","ridge",426,37,NA,0.471643939393515,NA,"cv_r2",NA,NA,NA,NA,NA,"sepsis"
"Mono_MS2","RUNX3","spearman",426,37,NA,0.339826142881927,NA,"cv_r2",NA,NA,NA,NA,NA,"sepsis"
"Mono_MS2","ZFP3","rf",426,37,0.623793727457631,0.621390032903482,NA,"oob_r2",-0.0329515102357895,0.0196078431372549,TRUE,0.865813181602655,0.703703703703704,"sepsis"
"Mono_MS2","ZFP3","lm",426,37,NA,0.577492434510555,NA,"cv_r2",NA,NA,NA,NA,NA,"sepsis"
"Mono_MS2","ZFP3","ridge",426,37,NA,0.578735192164684,NA,"cv_r2",NA,NA,NA,NA,NA,"sepsis"
"Mono_MS2","ZFP3","spearman",426,37,NA,0.329406190101361,NA,"cv_r2",NA,NA,NA,NA,NA,"sepsis"
"Mono_MS2","CEBPB","rf",426,37,0.641024996317178,0.633497651320064,NA,"oob_r2",-0.0312336982954383,0.0196078431372549,TRUE,0.864712080501554,0.71005291005291,"sepsis"
"Mono_MS2","CEBPB","lm",426,37,NA,0.635275944950347,NA,"cv_r2",NA,NA,NA,NA,NA,"sepsis"
"Mono_MS2","CEBPB","ridge",426,37,NA,0.635818980612335,NA,"cv_r2",NA,NA,NA,NA,NA,"sepsis"
"Mono_MS2","CEBPB","spearman",426,37,NA,0.199528333739505,NA,"cv_r2",NA,NA,NA,NA,NA,"sepsis"
"Mono_MS2","NR4A1","rf",426,37,0.632023660777653,0.623973033955795,NA,"oob_r2",-0.0297726375035358,0.0196078431372549,TRUE,0.886212528317791,0.686772486772487,"sepsis"
"Mono_MS2","NR4A1","lm",426,37,NA,0.586440820969921,NA,"cv_r2",NA,NA,NA,NA,NA,"sepsis"
"Mono_MS2","NR4A1","ridge",426,37,NA,0.586387811782854,NA,"cv_r2",NA,NA,NA,NA,NA,"sepsis"
"Mono_MS2","NR4A1","spearman",426,37,NA,0.265326923737832,NA,"cv_r2",NA,NA,NA,NA,NA,"sepsis"
"Mono_MS2","HIC1","rf",426,37,0.591572592806653,0.584589453553954,NA,"oob_r2",-0.053462488988874,0.0196078431372549,TRUE,0.883910226015489,0.729100529100529,"sepsis"
"Mono_MS2","HIC1","lm",426,37,NA,0.477884887676945,NA,"cv_r2",NA,NA,NA,NA,NA,"sepsis"
"Mono_MS2","HIC1","ridge",426,37,NA,0.475716142778848,NA,"cv_r2",NA,NA,NA,NA,NA,"sepsis"
"Mono_MS2","HIC1","spearman",426,37,NA,0.218395476988896,NA,"cv_r2",NA,NA,NA,NA,NA,"sepsis"
"Mono_MS2","SRF","rf",426,37,0.595612244579891,0.582443230466245,NA,"oob_r2",-0.0356029564481057,0.0196078431372549,TRUE,0.86698277224593,0.933333333333333,"sepsis"
"Mono_MS2","SRF","lm",426,37,NA,0.590681292697879,NA,"cv_r2",NA,NA,NA,NA,NA,"sepsis"
"Mono_MS2","SRF","ridge",426,37,NA,0.590229366537808,NA,"cv_r2",NA,NA,NA,NA,NA,"sepsis"
"Mono_MS2","SRF","spearman",426,37,NA,0.198171988775042,NA,"cv_r2",NA,NA,NA,NA,NA,"sepsis"
"Mono_MS2","TCF7L2","rf",426,37,0.66366024114361,0.655568777277913,NA,"oob_r2",-0.0292944626356801,0.0196078431372549,TRUE,0.805573995047679,0.8,"sepsis"
"Mono_MS2","TCF7L2","lm",426,37,NA,0.693580562100214,NA,"cv_r2",NA,NA,NA,NA,NA,"sepsis"
"Mono_MS2","TCF7L2","ridge",426,37,NA,0.693226782579113,NA,"cv_r2",NA,NA,NA,NA,NA,"sepsis"
"Mono_MS2","TCF7L2","spearman",426,37,NA,0.299598727671794,NA,"cv_r2",NA,NA,NA,NA,NA,"sepsis"
"Mono_MS2","TFAP2E","rf",426,37,0.553233833049442,0.547766596901959,NA,"oob_r2",-0.0397694412205388,0.0196078431372549,TRUE,0.884531900321374,0.762962962962963,"sepsis"
"Mono_MS2","TFAP2E","lm",426,37,NA,0.499233121993349,NA,"cv_r2",NA,NA,NA,NA,NA,"sepsis"
"Mono_MS2","TFAP2E","ridge",426,37,NA,0.498332475020881,NA,"cv_r2",NA,NA,NA,NA,NA,"sepsis"
"Mono_MS2","TFAP2E","spearman",426,37,NA,0.191525318250285,NA,"cv_r2",NA,NA,NA,NA,NA,"sepsis"
"Mono_MS2","KLF2","rf",426,37,0.659153749801485,0.630236049971436,NA,"oob_r2",-0.0186433271277648,0.0196078431372549,TRUE,0.86100837679785,0.822222222222222,"sepsis"
"Mono_MS2","KLF2","lm",426,37,NA,0.648300600756444,NA,"cv_r2",NA,NA,NA,NA,NA,"sepsis"
"Mono_MS2","KLF2","ridge",426,37,NA,0.64573286267352,NA,"cv_r2",NA,NA,NA,NA,NA,"sepsis"
"Mono_MS2","KLF2","spearman",426,37,NA,0.189569223998982,NA,"cv_r2",NA,NA,NA,NA,NA,"sepsis"
"Mono_MS2","KLF1","rf",426,37,0.641393371781339,0.636694390416736,NA,"oob_r2",-0.0360660841133774,0.0196078431372549,TRUE,0.865476002318108,0.747089947089947,"sepsis"
"Mono_MS2","KLF1","lm",426,37,NA,0.551053723803507,NA,"cv_r2",NA,NA,NA,NA,NA,"sepsis"
"Mono_MS2","KLF1","ridge",426,37,NA,0.552934794293849,NA,"cv_r2",NA,NA,NA,NA,NA,"sepsis"
"Mono_MS2","KLF1","spearman",426,37,NA,0.361409375576078,NA,"cv_r2",NA,NA,NA,NA,NA,"sepsis"
"Mono_MS2","CTCFL","rf",426,37,0.648195386560499,0.633439667476116,NA,"oob_r2",-0.0313511679752186,0.0196078431372549,TRUE,0.874917022285443,0.705820105820106,"sepsis"
"Mono_MS2","CTCFL","lm",426,37,NA,0.464937429978956,NA,"cv_r2",NA,NA,NA,NA,NA,"sepsis"
"Mono_MS2","CTCFL","ridge",426,37,NA,0.471325109732143,NA,"cv_r2",NA,NA,NA,NA,NA,"sepsis"
"Mono_MS2","CTCFL","spearman",426,37,NA,0.309632785998401,NA,"cv_r2",NA,NA,NA,NA,NA,"sepsis"
"Mono_MS2","IRF1","rf",426,37,0.623476810725535,0.630272868504731,NA,"oob_r2",-0.0299263442729878,0.0196078431372549,TRUE,0.889631737000158,0.758730158730159,"sepsis"
"Mono_MS2","IRF1","lm",426,37,NA,0.569690144811723,NA,"cv_r2",NA,NA,NA,NA,NA,"sepsis"
"Mono_MS2","IRF1","ridge",426,37,NA,0.573766107845999,NA,"cv_r2",NA,NA,NA,NA,NA,"sepsis"
"Mono_MS2","IRF1","spearman",426,37,NA,0.289340299952357,NA,"cv_r2",NA,NA,NA,NA,NA,"sepsis"
"Mono_MS2","EGR3","rf",426,37,0.618874900550172,0.593268830519727,NA,"oob_r2",-0.0497997432810646,0.0196078431372549,TRUE,0.863832253305937,0.702645502645503,"sepsis"
"Mono_MS2","EGR3","lm",426,37,NA,0.475668235258395,NA,"cv_r2",NA,NA,NA,NA,NA,"sepsis"
"Mono_MS2","EGR3","ridge",426,37,NA,0.478931893598115,NA,"cv_r2",NA,NA,NA,NA,NA,"sepsis"
"Mono_MS2","EGR3","spearman",426,37,NA,0.24079416583816,NA,"cv_r2",NA,NA,NA,NA,NA,"sepsis"
"Mono_MS2","ETS2","rf",426,37,0.660860767256454,0.651323617498467,NA,"oob_r2",-0.0288763385895899,0.0196078431372549,TRUE,0.880343501396133,0.732275132275132,"sepsis"
"Mono_MS2","ETS2","lm",426,37,NA,0.613535057082034,NA,"cv_r2",NA,NA,NA,NA,NA,"sepsis"
"Mono_MS2","ETS2","ridge",426,37,NA,0.609977459478012,NA,"cv_r2",NA,NA,NA,NA,NA,"sepsis"
"Mono_MS2","ETS2","spearman",426,37,NA,0.234265839097877,NA,"cv_r2",NA,NA,NA,NA,NA,"sepsis"
"Mono_MS3","JUNB","rf",484,53,0.837648915973808,0.82497554703313,NA,"oob_r2",-0.0149965402282287,0.0196078431372549,TRUE,0.928452400150513,1,"sepsis"
"Mono_MS3","JUNB","lm",484,53,NA,0.828278881557633,NA,"cv_r2",NA,NA,NA,NA,NA,"sepsis"
"Mono_MS3","JUNB","ridge",484,53,NA,0.837892102068923,NA,"cv_r2",NA,NA,NA,NA,NA,"sepsis"
"Mono_MS3","JUNB","spearman",484,53,NA,0.499520932940162,NA,"cv_r2",NA,NA,NA,NA,NA,"sepsis"
"Mono_MS3","ID2","rf",484,53,0.812859389220644,0.804487824569433,NA,"oob_r2",-0.0276562536332621,0.0196078431372549,TRUE,0.91573581322009,0.881481481481481,"sepsis"
"Mono_MS3","ID2","lm",484,53,NA,0.792350778909052,NA,"cv_r2",NA,NA,NA,NA,NA,"sepsis"
"Mono_MS3","ID2","ridge",484,53,NA,0.804146790034894,NA,"cv_r2",NA,NA,NA,NA,NA,"sepsis"
"Mono_MS3","ID2","spearman",484,53,NA,0.437411399704593,NA,"cv_r2",NA,NA,NA,NA,NA,"sepsis"
"Mono_MS3","ELF2","rf",484,53,0.829702925639013,0.820813349385437,NA,"oob_r2",-0.0227764147777977,0.0196078431372549,TRUE,0.92136572954183,0.874074074074074,"sepsis"
"Mono_MS3","ELF2","lm",484,53,NA,0.824310741479001,NA,"cv_r2",NA,NA,NA,NA,NA,"sepsis"
"Mono_MS3","ELF2","ridge",484,53,NA,0.832926758158884,NA,"cv_r2",NA,NA,NA,NA,NA,"sepsis"
"Mono_MS3","ELF2","spearman",484,53,NA,0.436769446277648,NA,"cv_r2",NA,NA,NA,NA,NA,"sepsis"
"Mono_MS3","IRF8","rf",484,53,0.830698343550665,0.826632745086869,NA,"oob_r2",-0.0165267027897685,0.0196078431372549,TRUE,0.917169273773047,1,"sepsis"
"Mono_MS3","IRF8","lm",484,53,NA,0.824533410214564,NA,"cv_r2",NA,NA,NA,NA,NA,"sepsis"
"Mono_MS3","IRF8","ridge",484,53,NA,0.835530536386536,NA,"cv_r2",NA,NA,NA,NA,NA,"sepsis"
"Mono_MS3","IRF8","spearman",484,53,NA,0.510369882078426,NA,"cv_r2",NA,NA,NA,NA,NA,"sepsis"
"Mono_MS3","TCF7L2","rf",484,53,0.842040106352219,0.832828032413391,NA,"oob_r2",-0.0261992238766781,0.0196078431372549,TRUE,0.917201526635489,0.785185185185185,"sepsis"
"Mono_MS3","TCF7L2","lm",484,53,NA,0.8532245476599,NA,"cv_r2",NA,NA,NA,NA,NA,"sepsis"
"Mono_MS3","TCF7L2","ridge",484,53,NA,0.861458394215062,NA,"cv_r2",NA,NA,NA,NA,NA,"sepsis"
"Mono_MS3","TCF7L2","spearman",484,53,NA,0.391763270739558,NA,"cv_r2",NA,NA,NA,NA,NA,"sepsis"
"Mono_MS3","ZNF281","rf",484,53,0.825327268204604,0.810421675688217,NA,"oob_r2",-0.0431387534021164,0.0196078431372549,TRUE,0.904144492823738,0.762962962962963,"sepsis"
"Mono_MS3","ZNF281","lm",484,53,NA,0.834939882202421,NA,"cv_r2",NA,NA,NA,NA,NA,"sepsis"
"Mono_MS3","ZNF281","ridge",484,53,NA,0.844325824109423,NA,"cv_r2",NA,NA,NA,NA,NA,"sepsis"
"Mono_MS3","ZNF281","spearman",484,53,NA,0.460537733410274,NA,"cv_r2",NA,NA,NA,NA,NA,"sepsis"
"Mono_MS3","EGR2","rf",484,53,0.79409409328897,0.787056350901992,NA,"oob_r2",-0.0228340436644678,0.0196078431372549,TRUE,0.899048540557974,0.816931216931217,"sepsis"
"Mono_MS3","EGR2","lm",484,53,NA,0.807922087519368,NA,"cv_r2",NA,NA,NA,NA,NA,"sepsis"
"Mono_MS3","EGR2","ridge",484,53,NA,0.817211020555519,NA,"cv_r2",NA,NA,NA,NA,NA,"sepsis"
"Mono_MS3","EGR2","spearman",484,53,NA,0.399701542987722,NA,"cv_r2",NA,NA,NA,NA,NA,"sepsis"
"Mono_MS3","EGR3","rf",484,53,0.817259682463189,0.804696703896064,NA,"oob_r2",-0.0301117650457504,0.0196078431372549,TRUE,0.928506154921249,0.792592592592593,"sepsis"
"Mono_MS3","EGR3","lm",484,53,NA,0.828120665069792,NA,"cv_r2",NA,NA,NA,NA,NA,"sepsis"
"Mono_MS3","EGR3","ridge",484,53,NA,0.837554850047228,NA,"cv_r2",NA,NA,NA,NA,NA,"sepsis"
"Mono_MS3","EGR3","spearman",484,53,NA,0.423419860709609,NA,"cv_r2",NA,NA,NA,NA,NA,"sepsis"
"Mono_MS3","BCL11B","rf",484,53,0.844398801753098,0.834608743477939,NA,"oob_r2",-0.024487575031981,0.0196078431372549,TRUE,0.928679962013295,1,"sepsis"
"Mono_MS3","BCL11B","lm",484,53,NA,0.842288991199829,NA,"cv_r2",NA,NA,NA,NA,NA,"sepsis"
"Mono_MS3","BCL11B","ridge",484,53,NA,0.85456128557509,NA,"cv_r2",NA,NA,NA,NA,NA,"sepsis"
"Mono_MS3","BCL11B","spearman",484,53,NA,0.50525801796906,NA,"cv_r2",NA,NA,NA,NA,NA,"sepsis"
"Mono_MS3","MAFB","rf",484,53,0.817075797326936,0.813085511151761,NA,"oob_r2",-0.0269708257672227,0.0196078431372549,TRUE,0.925845293769822,0.740740740740741,"sepsis"
"Mono_MS3","MAFB","lm",484,53,NA,0.818084302969787,NA,"cv_r2",NA,NA,NA,NA,NA,"sepsis"
"Mono_MS3","MAFB","ridge",484,53,NA,0.825940561169274,NA,"cv_r2",NA,NA,NA,NA,NA,"sepsis"
"Mono_MS3","MAFB","spearman",484,53,NA,0.496459628306924,NA,"cv_r2",NA,NA,NA,NA,NA,"sepsis"
"Mono_MS3","ZBTB1","rf",484,53,0.823107913844596,0.809782689689577,NA,"oob_r2",-0.023717403061068,0.0196078431372549,TRUE,0.90750058234335,0.933333333333333,"sepsis"
"Mono_MS3","ZBTB1","lm",484,53,NA,0.830970316357907,NA,"cv_r2",NA,NA,NA,NA,NA,"sepsis"
"Mono_MS3","ZBTB1","ridge",484,53,NA,0.837580617580871,NA,"cv_r2",NA,NA,NA,NA,NA,"sepsis"
"Mono_MS3","ZBTB1","spearman",484,53,NA,0.462356621388071,NA,"cv_r2",NA,NA,NA,NA,NA,"sepsis"
"Mono_MS3","JDP2","rf",484,53,0.819398053781093,0.820646572752061,NA,"oob_r2",-0.0159776399372638,0.0196078431372549,TRUE,0.889705961404075,0.844444444444444,"sepsis"
"Mono_MS3","JDP2","lm",484,53,NA,0.829050463190856,NA,"cv_r2",NA,NA,NA,NA,NA,"sepsis"
"Mono_MS3","JDP2","ridge",484,53,NA,0.838006165595514,NA,"cv_r2",NA,NA,NA,NA,NA,"sepsis"
"Mono_MS3","JDP2","spearman",484,53,NA,0.465034046687519,NA,"cv_r2",NA,NA,NA,NA,NA,"sepsis"
"Mono_MS3","MBD2","rf",484,53,0.793202094662819,0.77773658259989,NA,"oob_r2",-0.0105088898642582,0.0196078431372549,TRUE,0.913750470354244,0.933333333333333,"sepsis"
"Mono_MS3","MBD2","lm",484,53,NA,0.775109035180328,NA,"cv_r2",NA,NA,NA,NA,NA,"sepsis"
"Mono_MS3","MBD2","ridge",484,53,NA,0.790164295262068,NA,"cv_r2",NA,NA,NA,NA,NA,"sepsis"
"Mono_MS3","MBD2","spearman",484,53,NA,0.397926403488371,NA,"cv_r2",NA,NA,NA,NA,NA,"sepsis"
"Mono_MS3","TWIST2","rf",484,53,0.801920585061322,0.782535836035636,NA,"oob_r2",-0.0281789274495455,0.0196078431372549,TRUE,0.921652421652422,0.933333333333333,"sepsis"
"Mono_MS3","TWIST2","lm",484,53,NA,0.811348033104189,NA,"cv_r2",NA,NA,NA,NA,NA,"sepsis"
"Mono_MS3","TWIST2","ridge",484,53,NA,0.823489331975582,NA,"cv_r2",NA,NA,NA,NA,NA,"sepsis"
"Mono_MS3","TWIST2","spearman",484,53,NA,0.385949760576746,NA,"cv_r2",NA,NA,NA,NA,NA,"sepsis"
"Mono_MS3","KLF10","rf",484,53,0.809926091043152,0.793504829175632,NA,"oob_r2",-0.024601191530167,0.0196078431372549,TRUE,0.913467361895035,1,"sepsis"
"Mono_MS3","KLF10","lm",484,53,NA,0.816316393156357,NA,"cv_r2",NA,NA,NA,NA,NA,"sepsis"
"Mono_MS3","KLF10","ridge",484,53,NA,0.828775250840547,NA,"cv_r2",NA,NA,NA,NA,NA,"sepsis"
"Mono_MS3","KLF10","spearman",484,53,NA,0.393281124965561,NA,"cv_r2",NA,NA,NA,NA,NA,"sepsis"
"Mono_MS3","ZNF589","rf",484,53,0.793627419767219,0.787962484934242,NA,"oob_r2",-0.0233599901600622,0.0196078431372549,TRUE,0.922103961726603,0.785185185185185,"sepsis"
"Mono_MS3","ZNF589","lm",484,53,NA,0.786684598875511,NA,"cv_r2",NA,NA,NA,NA,NA,"sepsis"
"Mono_MS3","ZNF589","ridge",484,53,NA,0.796906791481818,NA,"cv_r2",NA,NA,NA,NA,NA,"sepsis"
"Mono_MS3","ZNF589","spearman",484,53,NA,0.476209471086048,NA,"cv_r2",NA,NA,NA,NA,NA,"sepsis"
"Mono_MS3","RORA","rf",484,53,0.797276300922664,0.793861191934215,NA,"oob_r2",-0.0256525232391854,0.0196078431372549,TRUE,0.921519826551273,0.933333333333333,"sepsis"
"Mono_MS3","RORA","lm",484,53,NA,0.800032307822046,NA,"cv_r2",NA,NA,NA,NA,NA,"sepsis"
"Mono_MS3","RORA","ridge",484,53,NA,0.809399108105372,NA,"cv_r2",NA,NA,NA,NA,NA,"sepsis"
"Mono_MS3","RORA","spearman",484,53,NA,0.391307529641955,NA,"cv_r2",NA,NA,NA,NA,NA,"sepsis"
"Mono_MS3","TFEC","rf",484,53,0.791891359057606,0.794570099193893,NA,"oob_r2",-0.0316047924593846,0.0196078431372549,TRUE,0.90046408285402,0.933333333333333,"sepsis"
"Mono_MS3","TFEC","lm",484,53,NA,0.796635939885476,NA,"cv_r2",NA,NA,NA,NA,NA,"sepsis"
"Mono_MS3","TFEC","ridge",484,53,NA,0.805677312839875,NA,"cv_r2",NA,NA,NA,NA,NA,"sepsis"
"Mono_MS3","TFEC","spearman",484,53,NA,0.433221482834633,NA,"cv_r2",NA,NA,NA,NA,NA,"sepsis"
"Mono_MS3","SOX15","rf",484,53,0.781145651584896,0.771718464361484,NA,"oob_r2",-0.0274061561963711,0.0196078431372549,TRUE,0.90786073930728,1,"sepsis"
"Mono_MS3","SOX15","lm",484,53,NA,0.753675389614103,NA,"cv_r2",NA,NA,NA,NA,NA,"sepsis"
"Mono_MS3","SOX15","ridge",484,53,NA,0.768643758719803,NA,"cv_r2",NA,NA,NA,NA,NA,"sepsis"
"Mono_MS3","SOX15","spearman",484,53,NA,0.43996421729818,NA,"cv_r2",NA,NA,NA,NA,NA,"sepsis"
"Mono_MS3","ATF6","rf",484,53,0.808930431829285,0.799200521435427,NA,"oob_r2",-0.016311501498013,0.0196078431372549,TRUE,0.908417997097242,0.762962962962963,"sepsis"
"Mono_MS3","ATF6","lm",484,53,NA,0.805626070442442,NA,"cv_r2",NA,NA,NA,NA,NA,"sepsis"
"Mono_MS3","ATF6","ridge",484,53,NA,0.821225796907617,NA,"cv_r2",NA,NA,NA,NA,NA,"sepsis"
"Mono_MS3","ATF6","spearman",484,53,NA,0.476051775376933,NA,"cv_r2",NA,NA,NA,NA,NA,"sepsis"
"Mono_MS3","ZNF816","rf",484,53,0.775891460355836,0.767334219699452,NA,"oob_r2",-0.0226418879854869,0.0196078431372549,TRUE,0.914266516153308,0.933333333333333,"sepsis"
"Mono_MS3","ZNF816","lm",484,53,NA,0.76259127120454,NA,"cv_r2",NA,NA,NA,NA,NA,"sepsis"
"Mono_MS3","ZNF816","ridge",484,53,NA,0.780238032809277,NA,"cv_r2",NA,NA,NA,NA,NA,"sepsis"
"Mono_MS3","ZNF816","spearman",484,53,NA,0.401811486461412,NA,"cv_r2",NA,NA,NA,NA,NA,"sepsis"
"Mono_MS3","ZNF683","rf",484,53,0.766965540952852,0.76476580072596,NA,"oob_r2",-0.029304091407483,0.0196078431372549,TRUE,0.905617373541902,0.740740740740741,"sepsis"
"Mono_MS3","ZNF683","lm",484,53,NA,0.748136249827228,NA,"cv_r2",NA,NA,NA,NA,NA,"sepsis"
"Mono_MS3","ZNF683","ridge",484,53,NA,0.758578911302539,NA,"cv_r2",NA,NA,NA,NA,NA,"sepsis"
"Mono_MS3","ZNF683","spearman",484,53,NA,0.435585038049026,NA,"cv_r2",NA,NA,NA,NA,NA,"sepsis"
"Mono_MS3","MECOM","rf",484,53,0.729341127638251,0.71621453391363,NA,"oob_r2",-0.0294186628194969,0.0196078431372549,TRUE,0.902741493307531,0.933333333333333,"sepsis"
"Mono_MS3","MECOM","lm",484,53,NA,0.620514268256067,NA,"cv_r2",NA,NA,NA,NA,NA,"sepsis"
"Mono_MS3","MECOM","ridge",484,53,NA,0.652961067337279,NA,"cv_r2",NA,NA,NA,NA,NA,"sepsis"
"Mono_MS3","MECOM","spearman",484,53,NA,0.38306889900939,NA,"cv_r2",NA,NA,NA,NA,NA,"sepsis"
"Mono_MS3","ITGB2","rf",484,53,0.791965869157528,0.786523639273695,NA,"oob_r2",-0.0229468139718261,0.0196078431372549,TRUE,0.916181977817198,0.753439153439153,"sepsis"
"Mono_MS3","ITGB2","lm",484,53,NA,0.788594967646403,NA,"cv_r2",NA,NA,NA,NA,NA,"sepsis"
"Mono_MS3","ITGB2","ridge",484,53,NA,0.803996670952757,NA,"cv_r2",NA,NA,NA,NA,NA,"sepsis"
"Mono_MS3","ITGB2","spearman",484,53,NA,0.441495769459516,NA,"cv_r2",NA,NA,NA,NA,NA,"sepsis"
"Mono_MS3","TGIF2","rf",484,53,0.759864345433191,0.754439003772498,NA,"oob_r2",-0.0230223834287533,0.0196078431372549,TRUE,0.891444032324535,0.8,"sepsis"
"Mono_MS3","TGIF2","lm",484,53,NA,0.739929114339498,NA,"cv_r2",NA,NA,NA,NA,NA,"sepsis"
"Mono_MS3","TGIF2","ridge",484,53,NA,0.755345592342616,NA,"cv_r2",NA,NA,NA,NA,NA,"sepsis"
"Mono_MS3","TGIF2","spearman",484,53,NA,0.43651664006986,NA,"cv_r2",NA,NA,NA,NA,NA,"sepsis"
"Mono_MS3","ATOH8","rf",484,53,0.762913551473849,0.760087417635041,NA,"oob_r2",-0.0247311445311485,0.0196078431372549,TRUE,0.910595065312046,0.82962962962963,"sepsis"
"Mono_MS3","ATOH8","lm",484,53,NA,0.748079436237734,NA,"cv_r2",NA,NA,NA,NA,NA,"sepsis"
"Mono_MS3","ATOH8","ridge",484,53,NA,0.766722399841067,NA,"cv_r2",NA,NA,NA,NA,NA,"sepsis"
"Mono_MS3","ATOH8","spearman",484,53,NA,0.332744959392093,NA,"cv_r2",NA,NA,NA,NA,NA,"sepsis"
"Mono_MS3","YBX1","rf",484,53,0.784572434007658,0.771849493439118,NA,"oob_r2",-0.0323001325573501,0.0196078431372549,TRUE,0.853360569083839,0.77037037037037,"sepsis"
"Mono_MS3","YBX1","lm",484,53,NA,0.764189746423481,NA,"cv_r2",NA,NA,NA,NA,NA,"sepsis"
"Mono_MS3","YBX1","ridge",484,53,NA,0.776240837982504,NA,"cv_r2",NA,NA,NA,NA,NA,"sepsis"
"Mono_MS3","YBX1","spearman",484,53,NA,0.500595220148347,NA,"cv_r2",NA,NA,NA,NA,NA,"sepsis"
"Mono_MS3","RFX1","rf",484,53,0.766050246081889,0.764095339842647,NA,"oob_r2",-0.0335153391760751,0.0196078431372549,TRUE,0.902144815352362,0.881481481481481,"sepsis"
"Mono_MS3","RFX1","lm",484,53,NA,0.77846903277269,NA,"cv_r2",NA,NA,NA,NA,NA,"sepsis"
"Mono_MS3","RFX1","ridge",484,53,NA,0.790703499522653,NA,"cv_r2",NA,NA,NA,NA,NA,"sepsis"
"Mono_MS3","RFX1","spearman",484,53,NA,0.395398266272275,NA,"cv_r2",NA,NA,NA,NA,NA,"sepsis"
"Mono_MS3","HIF1A","rf",484,53,0.764714106209344,0.754444790297355,NA,"oob_r2",-0.0238477618913816,0.0196078431372549,TRUE,0.874074074074074,0.933333333333333,"sepsis"
"Mono_MS3","HIF1A","lm",484,53,NA,0.753970267455249,NA,"cv_r2",NA,NA,NA,NA,NA,"sepsis"
"Mono_MS3","HIF1A","ridge",484,53,NA,0.75627781992995,NA,"cv_r2",NA,NA,NA,NA,NA,"sepsis"
"Mono_MS3","HIF1A","spearman",484,53,NA,0.469884611577179,NA,"cv_r2",NA,NA,NA,NA,NA,"sepsis"
"Mono_MS3","NFAT5","rf",484,53,0.761969042536655,0.746114106134242,NA,"oob_r2",-0.0279243291636248,0.0196078431372549,TRUE,0.890053575588167,0.822222222222222,"sepsis"
"Mono_MS3","NFAT5","lm",484,53,NA,0.768878050690077,NA,"cv_r2",NA,NA,NA,NA,NA,"sepsis"
"Mono_MS3","NFAT5","ridge",484,53,NA,0.777255514095436,NA,"cv_r2",NA,NA,NA,NA,NA,"sepsis"
"Mono_MS3","NFAT5","spearman",484,53,NA,0.31212690225488,NA,"cv_r2",NA,NA,NA,NA,NA,"sepsis"
"Mono_MS3","KLF8","rf",484,53,0.69163594016909,0.676239226260397,NA,"oob_r2",-0.0153249374973405,0.0196078431372549,TRUE,0.873855471339748,0.933333333333333,"sepsis"
"Mono_MS3","KLF8","lm",484,53,NA,0.693052921676797,NA,"cv_r2",NA,NA,NA,NA,NA,"sepsis"
"Mono_MS3","KLF8","ridge",484,53,NA,0.70433627001401,NA,"cv_r2",NA,NA,NA,NA,NA,"sepsis"
"Mono_MS3","KLF8","spearman",484,53,NA,0.313707243897063,NA,"cv_r2",NA,NA,NA,NA,NA,"sepsis"
"Mono_MS3","ZNF652","rf",484,53,0.675912936934556,0.665684592191603,NA,"oob_r2",-0.034985126542637,0.0196078431372549,TRUE,0.833494597645541,0.844444444444444,"sepsis"
"Mono_MS3","ZNF652","lm",484,53,NA,0.670950371779375,NA,"cv_r2",NA,NA,NA,NA,NA,"sepsis"
"Mono_MS3","ZNF652","ridge",484,53,NA,0.684164495338021,NA,"cv_r2",NA,NA,NA,NA,NA,"sepsis"
"Mono_MS3","ZNF652","spearman",484,53,NA,0.441934805978224,NA,"cv_r2",NA,NA,NA,NA,NA,"sepsis"
"Mono_MS3","NR6A1","rf",484,53,0.575762353118518,0.58370394301139,NA,"oob_r2",-0.0219904019615667,0.0196078431372549,TRUE,0.868757727248293,0.755555555555556,"sepsis"
"Mono_MS3","NR6A1","lm",484,53,NA,0.53459062627954,NA,"cv_r2",NA,NA,NA,NA,NA,"sepsis"
"Mono_MS3","NR6A1","ridge",484,53,NA,0.558116325758563,NA,"cv_r2",NA,NA,NA,NA,NA,"sepsis"
"Mono_MS3","NR6A1","spearman",484,53,NA,0.237682067667628,NA,"cv_r2",NA,NA,NA,NA,NA,"sepsis"
"Mono_MS3","IKZF1","rf",484,53,0.702529794032093,0.691452874575847,NA,"oob_r2",-0.0379528139722491,0.0196078431372549,TRUE,0.880313211130821,0.695238095238095,"sepsis"
"Mono_MS3","IKZF1","lm",484,53,NA,0.702345160997809,NA,"cv_r2",NA,NA,NA,NA,NA,"sepsis"
"Mono_MS3","IKZF1","ridge",484,53,NA,0.717235322720284,NA,"cv_r2",NA,NA,NA,NA,NA,"sepsis"
"Mono_MS3","IKZF1","spearman",484,53,NA,0.340633935372938,NA,"cv_r2",NA,NA,NA,NA,NA,"sepsis"
"Mono_MS3","OLIG1","rf",484,53,0.63838997838075,0.648923887184126,NA,"oob_r2",-0.00679700202853467,0.0196078431372549,TRUE,0.858146535505026,0.740740740740741,"sepsis"
"Mono_MS3","OLIG1","lm",484,53,NA,0.61050512679953,NA,"cv_r2",NA,NA,NA,NA,NA,"sepsis"
"Mono_MS3","OLIG1","ridge",484,53,NA,0.623131941484317,NA,"cv_r2",NA,NA,NA,NA,NA,"sepsis"
"Mono_MS3","OLIG1","spearman",484,53,NA,0.329629654835597,NA,"cv_r2",NA,NA,NA,NA,NA,"sepsis"
"Mono_MS3","AHRR","rf",484,53,0.775061196650514,0.768885238968401,NA,"oob_r2",-0.02406008884995,0.0196078431372549,TRUE,0.902671612105574,0.755555555555556,"sepsis"
"Mono_MS3","AHRR","lm",484,53,NA,0.78254376678932,NA,"cv_r2",NA,NA,NA,NA,NA,"sepsis"
"Mono_MS3","AHRR","ridge",484,53,NA,0.794532376754401,NA,"cv_r2",NA,NA,NA,NA,NA,"sepsis"
"Mono_MS3","AHRR","spearman",484,53,NA,0.361232947865678,NA,"cv_r2",NA,NA,NA,NA,NA,"sepsis"
"Mono_MS3","ATF5","rf",484,53,0.836537867223301,0.82380067826261,NA,"oob_r2",-0.0292523809696723,0.0196078431372549,TRUE,0.908484294647817,0.822222222222222,"sepsis"
"Mono_MS3","ATF5","lm",484,53,NA,0.85055559277244,NA,"cv_r2",NA,NA,NA,NA,NA,"sepsis"
"Mono_MS3","ATF5","ridge",484,53,NA,0.855987413411561,NA,"cv_r2",NA,NA,NA,NA,NA,"sepsis"
"Mono_MS3","ATF5","spearman",484,53,NA,0.465447615484546,NA,"cv_r2",NA,NA,NA,NA,NA,"sepsis"
"Mono_MS3","FOXP1","rf",484,53,0.775339887015244,0.759081386112535,NA,"oob_r2",-0.0222806941445303,0.0196078431372549,TRUE,0.909973301797201,0.8,"sepsis"
"Mono_MS3","FOXP1","lm",484,53,NA,0.770718869302648,NA,"cv_r2",NA,NA,NA,NA,NA,"sepsis"
"Mono_MS3","FOXP1","ridge",484,53,NA,0.782757688242158,NA,"cv_r2",NA,NA,NA,NA,NA,"sepsis"
"Mono_MS3","FOXP1","spearman",484,53,NA,0.357630046122883,NA,"cv_r2",NA,NA,NA,NA,NA,"sepsis"
"Mono_MS3","CEBPA","rf",484,53,0.807537152099026,0.776396231276751,NA,"oob_r2",-0.0361194061465723,0.0196078431372549,TRUE,0.901987134691537,0.617989417989418,"sepsis"
"Mono_MS3","CEBPA","lm",484,53,NA,0.798691557326416,NA,"cv_r2",NA,NA,NA,NA,NA,"sepsis"
"Mono_MS3","CEBPA","ridge",484,53,NA,0.804278552640577,NA,"cv_r2",NA,NA,NA,NA,NA,"sepsis"
"Mono_MS3","CEBPA","spearman",484,53,NA,0.442868705091856,NA,"cv_r2",NA,NA,NA,NA,NA,"sepsis"
"Mono_MS3","ZNF335","rf",484,53,0.762975628479414,0.75271103149218,NA,"oob_r2",-0.027883608203352,0.0196078431372549,TRUE,0.89743948108728,0.757671957671958,"sepsis"
"Mono_MS3","ZNF335","lm",484,53,NA,0.786250885990142,NA,"cv_r2",NA,NA,NA,NA,NA,"sepsis"
"Mono_MS3","ZNF335","ridge",484,53,NA,0.796585848592575,NA,"cv_r2",NA,NA,NA,NA,NA,"sepsis"
"Mono_MS3","ZNF335","spearman",484,53,NA,0.312951546050393,NA,"cv_r2",NA,NA,NA,NA,NA,"sepsis"
"Mono_MS3","NR2F6","rf",484,53,0.775177233647792,0.7769883231384,NA,"oob_r2",-0.0144307428444503,0.0196078431372549,TRUE,0.907357236288054,0.874074074074074,"sepsis"
"Mono_MS3","NR2F6","lm",484,53,NA,0.750186880700934,NA,"cv_r2",NA,NA,NA,NA,NA,"sepsis"
"Mono_MS3","NR2F6","ridge",484,53,NA,0.766677287657393,NA,"cv_r2",NA,NA,NA,NA,NA,"sepsis"
"Mono_MS3","NR2F6","spearman",484,53,NA,0.404124655375675,NA,"cv_r2",NA,NA,NA,NA,NA,"sepsis"
"Mono_MS3","AR","rf",484,53,0.775761524924772,0.767048479400959,NA,"oob_r2",-0.0208047269772803,0.0196078431372549,TRUE,0.908805031446541,0.933333333333333,"sepsis"
"Mono_MS3","AR","lm",484,53,NA,0.796990194065417,NA,"cv_r2",NA,NA,NA,NA,NA,"sepsis"
"Mono_MS3","AR","ridge",484,53,NA,0.809484702977125,NA,"cv_r2",NA,NA,NA,NA,NA,"sepsis"
"Mono_MS3","AR","spearman",484,53,NA,0.350536922236575,NA,"cv_r2",NA,NA,NA,NA,NA,"sepsis"
"Mono_MS3","ZNF121","rf",484,53,0.773947780009948,0.77258199545483,NA,"oob_r2",-0.0269636743556051,0.0196078431372549,TRUE,0.925605189127202,0.933333333333333,"sepsis"
"Mono_MS3","ZNF121","lm",484,53,NA,0.761366523935032,NA,"cv_r2",NA,NA,NA,NA,NA,"sepsis"
"Mono_MS3","ZNF121","ridge",484,53,NA,0.779170226045734,NA,"cv_r2",NA,NA,NA,NA,NA,"sepsis"
"Mono_MS3","ZNF121","spearman",484,53,NA,0.430824439676158,NA,"cv_r2",NA,NA,NA,NA,NA,"sepsis"
"Mono_MS3","ZNF554","rf",484,53,0.798839459814797,0.78925971891415,NA,"oob_r2",-0.0235002187100921,0.0196078431372549,TRUE,0.913426149904137,0.740740740740741,"sepsis"
"Mono_MS3","ZNF554","lm",484,53,NA,0.757043888619712,NA,"cv_r2",NA,NA,NA,NA,NA,"sepsis"
"Mono_MS3","ZNF554","ridge",484,53,NA,0.775745775712827,NA,"cv_r2",NA,NA,NA,NA,NA,"sepsis"
"Mono_MS3","ZNF554","spearman",484,53,NA,0.448812461824979,NA,"cv_r2",NA,NA,NA,NA,NA,"sepsis"
"Mono_MS3","FOXM1","rf",484,53,0.82003322288967,0.805795314006953,NA,"oob_r2",-0.0178864639634287,0.0196078431372549,TRUE,0.910797541615152,0.874074074074074,"sepsis"
"Mono_MS3","FOXM1","lm",484,53,NA,0.788317831454241,NA,"cv_r2",NA,NA,NA,NA,NA,"sepsis"
"Mono_MS3","FOXM1","ridge",484,53,NA,0.802680878006694,NA,"cv_r2",NA,NA,NA,NA,NA,"sepsis"
"Mono_MS3","FOXM1","spearman",484,53,NA,0.489996035499679,NA,"cv_r2",NA,NA,NA,NA,NA,"sepsis"
"Mono_MS3","MYPOP","rf",484,53,0.825203248631972,0.820917303862213,NA,"oob_r2",-0.0203232090549777,0.0196078431372549,TRUE,0.87691232596893,1,"sepsis"
"Mono_MS3","MYPOP","lm",484,53,NA,0.835653373675562,NA,"cv_r2",NA,NA,NA,NA,NA,"sepsis"
"Mono_MS3","MYPOP","ridge",484,53,NA,0.842432844063112,NA,"cv_r2",NA,NA,NA,NA,NA,"sepsis"
"Mono_MS3","MYPOP","spearman",484,53,NA,0.51048623337807,NA,"cv_r2",NA,NA,NA,NA,NA,"sepsis"
"Mono_MS3","FUBP1","rf",484,53,0.791774176346355,0.781895550750984,NA,"oob_r2",-0.0279022246870502,0.0196078431372549,TRUE,0.926429428945152,0.82962962962963,"sepsis"
"Mono_MS3","FUBP1","lm",484,53,NA,0.75996581125821,NA,"cv_r2",NA,NA,NA,NA,NA,"sepsis"
"Mono_MS3","FUBP1","ridge",484,53,NA,0.77555989822629,NA,"cv_r2",NA,NA,NA,NA,NA,"sepsis"
"Mono_MS3","FUBP1","spearman",484,53,NA,0.400634994336826,NA,"cv_r2",NA,NA,NA,NA,NA,"sepsis"
"Mono_MS3","ESRRG","rf",484,53,0.829032686359701,0.808198684561001,NA,"oob_r2",-0.0325969332052223,0.0196078431372549,TRUE,0.87984733645111,0.933333333333333,"sepsis"
"Mono_MS3","ESRRG","lm",484,53,NA,0.831615108345171,NA,"cv_r2",NA,NA,NA,NA,NA,"sepsis"
"Mono_MS3","ESRRG","ridge",484,53,NA,0.838789869768066,NA,"cv_r2",NA,NA,NA,NA,NA,"sepsis"
"Mono_MS3","ESRRG","spearman",484,53,NA,0.48217318394794,NA,"cv_r2",NA,NA,NA,NA,NA,"sepsis"
"Mono_MS3","BHLHE40","rf",484,53,0.805971636828797,0.791036032621584,NA,"oob_r2",-0.0198059287363322,0.0196078431372549,TRUE,0.898958949273415,0.822222222222222,"sepsis"
"Mono_MS3","BHLHE40","lm",484,53,NA,0.817375261353641,NA,"cv_r2",NA,NA,NA,NA,NA,"sepsis"
"Mono_MS3","BHLHE40","ridge",484,53,NA,0.828589621638456,NA,"cv_r2",NA,NA,NA,NA,NA,"sepsis"
"Mono_MS3","BHLHE40","spearman",484,53,NA,0.417776312451528,NA,"cv_r2",NA,NA,NA,NA,NA,"sepsis"
"Mono_MS3","ID1","rf",484,53,0.818348373977689,0.797401105961213,NA,"oob_r2",-0.0302146553350181,0.0196078431372549,TRUE,0.897138454371159,0.822222222222222,"sepsis"
"Mono_MS3","ID1","lm",484,53,NA,0.800913361762064,NA,"cv_r2",NA,NA,NA,NA,NA,"sepsis"
"Mono_MS3","ID1","ridge",484,53,NA,0.811217298891495,NA,"cv_r2",NA,NA,NA,NA,NA,"sepsis"
"Mono_MS3","ID1","spearman",484,53,NA,0.379220974890816,NA,"cv_r2",NA,NA,NA,NA,NA,"sepsis"
"Mono_MS3","FOSB","rf",484,53,0.824769783596374,0.81203110958567,NA,"oob_r2",-0.012737496961828,0.0196078431372549,TRUE,0.92941998602376,1,"sepsis"
"Mono_MS3","FOSB","lm",484,53,NA,0.800282254815643,NA,"cv_r2",NA,NA,NA,NA,NA,"sepsis"
"Mono_MS3","FOSB","ridge",484,53,NA,0.81551621813208,NA,"cv_r2",NA,NA,NA,NA,NA,"sepsis"
"Mono_MS3","FOSB","spearman",484,53,NA,0.431490697246995,NA,"cv_r2",NA,NA,NA,NA,NA,"sepsis"
"Mono_MS3","PPARD","rf",484,53,0.805105718083252,0.793451385930437,NA,"oob_r2",-0.0213178995211033,0.0196078431372549,TRUE,0.901816911250873,0.933333333333333,"sepsis"
"Mono_MS3","PPARD","lm",484,53,NA,0.796916321286056,NA,"cv_r2",NA,NA,NA,NA,NA,"sepsis"
"Mono_MS3","PPARD","ridge",484,53,NA,0.808165677374678,NA,"cv_r2",NA,NA,NA,NA,NA,"sepsis"
"Mono_MS3","PPARD","spearman",484,53,NA,0.408528270296037,NA,"cv_r2",NA,NA,NA,NA,NA,"sepsis"
"Mono_MS3","SPIC","rf",484,53,0.801608449125959,0.792279724642241,NA,"oob_r2",-0.031886467767967,0.0196078431372549,TRUE,0.913802433299289,1,"sepsis"
"Mono_MS3","SPIC","lm",484,53,NA,0.813748268503662,NA,"cv_r2",NA,NA,NA,NA,NA,"sepsis"
"Mono_MS3","SPIC","ridge",484,53,NA,0.82637454576743,NA,"cv_r2",NA,NA,NA,NA,NA,"sepsis"
"Mono_MS3","SPIC","spearman",484,53,NA,0.393403889844617,NA,"cv_r2",NA,NA,NA,NA,NA,"sepsis"
"Mono_MS3","BATF3","rf",484,53,0.823349960463659,0.809218362055888,NA,"oob_r2",-0.0245830242431574,0.0196078431372549,TRUE,0.927977566342346,0.933333333333333,"sepsis"
"Mono_MS3","BATF3","lm",484,53,NA,0.79584154503562,NA,"cv_r2",NA,NA,NA,NA,NA,"sepsis"
"Mono_MS3","BATF3","ridge",484,53,NA,0.809673214812586,NA,"cv_r2",NA,NA,NA,NA,NA,"sepsis"
"Mono_MS3","BATF3","spearman",484,53,NA,0.439637393871511,NA,"cv_r2",NA,NA,NA,NA,NA,"sepsis"
"Mono_MS3","TCF3","rf",484,53,0.820839245759626,0.823547635577822,NA,"oob_r2",-0.0166405414161547,0.0196078431372549,TRUE,0.930296188786755,0.822222222222222,"sepsis"
"Mono_MS3","TCF3","lm",484,53,NA,0.819679057391597,NA,"cv_r2",NA,NA,NA,NA,NA,"sepsis"
"Mono_MS3","TCF3","ridge",484,53,NA,0.833430164319847,NA,"cv_r2",NA,NA,NA,NA,NA,"sepsis"
"Mono_MS3","TCF3","spearman",484,53,NA,0.463586057989073,NA,"cv_r2",NA,NA,NA,NA,NA,"sepsis"
"Mono_MS3","IRF5","rf",484,53,0.819966295329969,0.811400813338396,NA,"oob_r2",-0.0259095553285771,0.0196078431372549,TRUE,0.903064021931946,1,"sepsis"
"Mono_MS3","IRF5","lm",484,53,NA,0.77751661181888,NA,"cv_r2",NA,NA,NA,NA,NA,"sepsis"
"Mono_MS3","IRF5","ridge",484,53,NA,0.791934681613787,NA,"cv_r2",NA,NA,NA,NA,NA,"sepsis"
"Mono_MS3","IRF5","spearman",484,53,NA,0.458123717818773,NA,"cv_r2",NA,NA,NA,NA,NA,"sepsis"
"Mono_MS3","IRF1","rf",484,53,0.837151794190418,0.823812812948409,NA,"oob_r2",-0.0216537359403205,0.0196078431372549,TRUE,0.90392230643803,0.82962962962963,"sepsis"
"Mono_MS3","IRF1","lm",484,53,NA,0.861016418788305,NA,"cv_r2",NA,NA,NA,NA,NA,"sepsis"
"Mono_MS3","IRF1","ridge",484,53,NA,0.86924031376132,NA,"cv_r2",NA,NA,NA,NA,NA,"sepsis"
"Mono_MS3","IRF1","spearman",484,53,NA,0.457296964938248,NA,"cv_r2",NA,NA,NA,NA,NA,"sepsis"
"Mono_MS3","CEBPB","rf",484,53,0.840459509899015,0.83052803153969,NA,"oob_r2",-0.0211207700782565,0.0196078431372549,TRUE,0.924259528033113,0.874074074074074,"sepsis"
"Mono_MS3","CEBPB","lm",484,53,NA,0.823421901903548,NA,"cv_r2",NA,NA,NA,NA,NA,"sepsis"
"Mono_MS3","CEBPB","ridge",484,53,NA,0.833581049700164,NA,"cv_r2",NA,NA,NA,NA,NA,"sepsis"
"Mono_MS3","CEBPB","spearman",484,53,NA,0.534143481964009,NA,"cv_r2",NA,NA,NA,NA,NA,"sepsis"
"Mono_MS3","PAX5","rf",484,53,0.828674244349364,0.823348131641061,NA,"oob_r2",-0.0306298330818945,0.0196078431372549,TRUE,0.916644268845527,1,"sepsis"
"Mono_MS3","PAX5","lm",484,53,NA,0.816104310507375,NA,"cv_r2",NA,NA,NA,NA,NA,"sepsis"
"Mono_MS3","PAX5","ridge",484,53,NA,0.823476812101026,NA,"cv_r2",NA,NA,NA,NA,NA,"sepsis"
"Mono_MS3","PAX5","spearman",484,53,NA,0.449711868246478,NA,"cv_r2",NA,NA,NA,NA,NA,"sepsis"
"Mono_MS3","FOXP4","rf",484,53,0.829856403474069,0.817178673405407,NA,"oob_r2",-0.0195717773855977,0.0196078431372549,TRUE,0.920536114246806,0.8,"sepsis"
"Mono_MS3","FOXP4","lm",484,53,NA,0.815013102412116,NA,"cv_r2",NA,NA,NA,NA,NA,"sepsis"
"Mono_MS3","FOXP4","ridge",484,53,NA,0.821931778503368,NA,"cv_r2",NA,NA,NA,NA,NA,"sepsis"
"Mono_MS3","FOXP4","spearman",484,53,NA,0.468562825408654,NA,"cv_r2",NA,NA,NA,NA,NA,"sepsis"
"Mono_MS3","MGA","rf",484,53,0.814506123702878,0.812472345703799,NA,"oob_r2",-0.0119881700457605,0.0196078431372549,TRUE,0.922250891433281,1,"sepsis"
"Mono_MS3","MGA","lm",484,53,NA,0.800466779856117,NA,"cv_r2",NA,NA,NA,NA,NA,"sepsis"
"Mono_MS3","MGA","ridge",484,53,NA,0.812540060499032,NA,"cv_r2",NA,NA,NA,NA,NA,"sepsis"
"Mono_MS3","MGA","spearman",484,53,NA,0.422625636212662,NA,"cv_r2",NA,NA,NA,NA,NA,"sepsis"
"Mono_MS3","PLAG1","rf",484,53,0.81508362624358,0.803315156848965,NA,"oob_r2",-0.0252546684194144,0.0196078431372549,TRUE,0.921926570983175,0.77037037037037,"sepsis"
"Mono_MS3","PLAG1","lm",484,53,NA,0.799347607339049,NA,"cv_r2",NA,NA,NA,NA,NA,"sepsis"
"Mono_MS3","PLAG1","ridge",484,53,NA,0.812325381476392,NA,"cv_r2",NA,NA,NA,NA,NA,"sepsis"
"Mono_MS3","PLAG1","spearman",484,53,NA,0.386635117538106,NA,"cv_r2",NA,NA,NA,NA,NA,"sepsis"
"Mono_MS3","PAX8","rf",484,53,0.826795568326229,0.815193214721204,NA,"oob_r2",-0.0144791546101229,0.0196078431372549,TRUE,0.930941246035586,1,"sepsis"
"Mono_MS3","PAX8","lm",484,53,NA,0.815314164461619,NA,"cv_r2",NA,NA,NA,NA,NA,"sepsis"
"Mono_MS3","PAX8","ridge",484,53,NA,0.825764404270646,NA,"cv_r2",NA,NA,NA,NA,NA,"sepsis"
"Mono_MS3","PAX8","spearman",484,53,NA,0.408463779016622,NA,"cv_r2",NA,NA,NA,NA,NA,"sepsis"
"Mono_MS3","GATA3","rf",484,53,0.804701178976691,0.787570806267921,NA,"oob_r2",-0.0183562501885994,0.0196078431372549,TRUE,0.927585156515974,0.822222222222222,"sepsis"
"Mono_MS3","GATA3","lm",484,53,NA,0.776633771343525,NA,"cv_r2",NA,NA,NA,NA,NA,"sepsis"
"Mono_MS3","GATA3","ridge",484,53,NA,0.789949811111305,NA,"cv_r2",NA,NA,NA,NA,NA,"sepsis"
"Mono_MS3","GATA3","spearman",484,53,NA,0.419430705888052,NA,"cv_r2",NA,NA,NA,NA,NA,"sepsis"
"Mono_MS3","MAF","rf",484,53,0.825652257379416,0.818816109176862,NA,"oob_r2",-0.030783758408738,0.0196078431372549,TRUE,0.917719364260245,0.881481481481481,"sepsis"
"Mono_MS3","MAF","lm",484,53,NA,0.845768429232008,NA,"cv_r2",NA,NA,NA,NA,NA,"sepsis"
"Mono_MS3","MAF","ridge",484,53,NA,0.851950446883217,NA,"cv_r2",NA,NA,NA,NA,NA,"sepsis"
"Mono_MS3","MAF","spearman",484,53,NA,0.454697053536765,NA,"cv_r2",NA,NA,NA,NA,NA,"sepsis"
"Mono_MS3","E2F4","rf",484,53,0.829862391274707,0.835247980547624,NA,"oob_r2",-0.023343674055375,0.0196078431372549,TRUE,0.912754215269938,0.814814814814815,"sepsis"
"Mono_MS3","E2F4","lm",484,53,NA,0.830818488152977,NA,"cv_r2",NA,NA,NA,NA,NA,"sepsis"
"Mono_MS3","E2F4","ridge",484,53,NA,0.840803764055258,NA,"cv_r2",NA,NA,NA,NA,NA,"sepsis"
"Mono_MS3","E2F4","spearman",484,53,NA,0.479913315564516,NA,"cv_r2",NA,NA,NA,NA,NA,"sepsis"
"Mono_MS3","KLF2","rf",484,53,0.861421813425405,0.850191474805597,NA,"oob_r2",-0.0107414716238216,0.0196078431372549,TRUE,0.90530022039456,0.8,"sepsis"
"Mono_MS3","KLF2","lm",484,53,NA,0.851692759259427,NA,"cv_r2",NA,NA,NA,NA,NA,"sepsis"
"Mono_MS3","KLF2","ridge",484,53,NA,0.858673425221765,NA,"cv_r2",NA,NA,NA,NA,NA,"sepsis"
"Mono_MS3","KLF2","spearman",484,53,NA,0.592103056112256,NA,"cv_r2",NA,NA,NA,NA,NA,"sepsis"
"Mono_MS3","STAT4","rf",484,53,0.84848110191975,0.839709572276553,NA,"oob_r2",-0.016168849396267,0.0196078431372549,TRUE,0.923076923076923,0.881481481481481,"sepsis"
"Mono_MS3","STAT4","lm",484,53,NA,0.845321107254233,NA,"cv_r2",NA,NA,NA,NA,NA,"sepsis"
"Mono_MS3","STAT4","ridge",484,53,NA,0.853824198184862,NA,"cv_r2",NA,NA,NA,NA,NA,"sepsis"
"Mono_MS3","STAT4","spearman",484,53,NA,0.481335905727705,NA,"cv_r2",NA,NA,NA,NA,NA,"sepsis"
"Mono_MS3","TP53","rf",484,53,0.833448525135931,0.825659253037371,NA,"oob_r2",-0.026664847619392,0.0196078431372549,TRUE,0.923618054435664,0.881481481481481,"sepsis"
"Mono_MS3","TP53","lm",484,53,NA,0.821511596244736,NA,"cv_r2",NA,NA,NA,NA,NA,"sepsis"
"Mono_MS3","TP53","ridge",484,53,NA,0.831661709498454,NA,"cv_r2",NA,NA,NA,NA,NA,"sepsis"
"Mono_MS3","TP53","spearman",484,53,NA,0.464992174109772,NA,"cv_r2",NA,NA,NA,NA,NA,"sepsis"
"Mono_MS3","JUN","rf",484,53,0.833583559543906,0.822806940733005,NA,"oob_r2",-0.0150587482437974,0.0196078431372549,TRUE,0.929282015445537,0.8,"sepsis"
"Mono_MS3","JUN","lm",484,53,NA,0.809687237186748,NA,"cv_r2",NA,NA,NA,NA,NA,"sepsis"
"Mono_MS3","JUN","ridge",484,53,NA,0.819806154501808,NA,"cv_r2",NA,NA,NA,NA,NA,"sepsis"
"Mono_MS3","JUN","spearman",484,53,NA,0.460350749254633,NA,"cv_r2",NA,NA,NA,NA,NA,"sepsis"
"Mono_MS3","ZNF341","rf",484,53,0.798566849284973,0.791329320468715,NA,"oob_r2",-0.0186061417070159,0.0196078431372549,TRUE,0.915837947284488,0.844444444444444,"sepsis"
"Mono_MS3","ZNF341","lm",484,53,NA,0.764124414789501,NA,"cv_r2",NA,NA,NA,NA,NA,"sepsis"
"Mono_MS3","ZNF341","ridge",484,53,NA,0.784321461685837,NA,"cv_r2",NA,NA,NA,NA,NA,"sepsis"
"Mono_MS3","ZNF341","spearman",484,53,NA,0.41289181174755,NA,"cv_r2",NA,NA,NA,NA,NA,"sepsis"
"Mono_MS3","HES4","rf",484,53,0.817064109693413,0.812346496008797,NA,"oob_r2",-0.0300660883154869,0.0196078431372549,TRUE,0.903899012704044,0.757671957671958,"sepsis"
"Mono_MS3","HES4","lm",484,53,NA,0.834468643860349,NA,"cv_r2",NA,NA,NA,NA,NA,"sepsis"
"Mono_MS3","HES4","ridge",484,53,NA,0.843346815224052,NA,"cv_r2",NA,NA,NA,NA,NA,"sepsis"
"Mono_MS3","HES4","spearman",484,53,NA,0.364866054173107,NA,"cv_r2",NA,NA,NA,NA,NA,"sepsis"
"Mono_MS3","NFIX","rf",484,53,0.823553395584413,0.827306416646343,NA,"oob_r2",-0.0251069393168789,0.0196078431372549,TRUE,0.921763514845276,0.881481481481481,"sepsis"
"Mono_MS3","NFIX","lm",484,53,NA,0.786764703930743,NA,"cv_r2",NA,NA,NA,NA,NA,"sepsis"
"Mono_MS3","NFIX","ridge",484,53,NA,0.802304376042095,NA,"cv_r2",NA,NA,NA,NA,NA,"sepsis"
"Mono_MS3","NFIX","spearman",484,53,NA,0.475076884304588,NA,"cv_r2",NA,NA,NA,NA,NA,"sepsis"
"Mono_MS3","NFATC2","rf",484,53,0.837212210075686,0.827594966045331,NA,"oob_r2",-0.0277099550953987,0.0196078431372549,TRUE,0.934039312655665,1,"sepsis"
"Mono_MS3","NFATC2","lm",484,53,NA,0.821214748466065,NA,"cv_r2",NA,NA,NA,NA,NA,"sepsis"
"Mono_MS3","NFATC2","ridge",484,53,NA,0.830278518696237,NA,"cv_r2",NA,NA,NA,NA,NA,"sepsis"
"Mono_MS3","NFATC2","spearman",484,53,NA,0.475878041360829,NA,"cv_r2",NA,NA,NA,NA,NA,"sepsis"
"Mono_MS3","NFATC3","rf",484,53,0.81968473973234,0.806959731234978,NA,"oob_r2",-0.0223433332436735,0.0196078431372549,TRUE,0.933738285939544,1,"sepsis"
"Mono_MS3","NFATC3","lm",484,53,NA,0.77637068407405,NA,"cv_r2",NA,NA,NA,NA,NA,"sepsis"
"Mono_MS3","NFATC3","ridge",484,53,NA,0.790637327198123,NA,"cv_r2",NA,NA,NA,NA,NA,"sepsis"
"Mono_MS3","NFATC3","spearman",484,53,NA,0.433786753157627,NA,"cv_r2",NA,NA,NA,NA,NA,"sepsis"
"Mono_MS3","ERF","rf",484,53,0.841701948882918,0.834462310239279,NA,"oob_r2",-0.0167150083183017,0.0196078431372549,TRUE,0.935899227723127,0.874074074074074,"sepsis"
"Mono_MS3","ERF","lm",484,53,NA,0.808856392713633,NA,"cv_r2",NA,NA,NA,NA,NA,"sepsis"
"Mono_MS3","ERF","ridge",484,53,NA,0.820279320256234,NA,"cv_r2",NA,NA,NA,NA,NA,"sepsis"
"Mono_MS3","ERF","spearman",484,53,NA,0.485537369244831,NA,"cv_r2",NA,NA,NA,NA,NA,"sepsis"
"Mono_MS3","RREB1","rf",484,53,0.811081084638612,0.808388317246345,NA,"oob_r2",-0.0150029143416758,0.0196078431372549,TRUE,0.927972190865272,0.844444444444444,"sepsis"
"Mono_MS3","RREB1","lm",484,53,NA,0.792024008801139,NA,"cv_r2",NA,NA,NA,NA,NA,"sepsis"
"Mono_MS3","RREB1","ridge",484,53,NA,0.802985001613877,NA,"cv_r2",NA,NA,NA,NA,NA,"sepsis"
"Mono_MS3","RREB1","spearman",484,53,NA,0.447716123728693,NA,"cv_r2",NA,NA,NA,NA,NA,"sepsis"
"Mono_MS3","POU2F2","rf",484,53,0.824221744054175,0.81291276174932,NA,"oob_r2",-0.0192347270570086,0.0196078431372549,TRUE,0.912216667562579,1,"sepsis"
"Mono_MS3","POU2F2","lm",484,53,NA,0.775727368154752,NA,"cv_r2",NA,NA,NA,NA,NA,"sepsis"
"Mono_MS3","POU2F2","ridge",484,53,NA,0.792717651153276,NA,"cv_r2",NA,NA,NA,NA,NA,"sepsis"
"Mono_MS3","POU2F2","spearman",484,53,NA,0.408635951106838,NA,"cv_r2",NA,NA,NA,NA,NA,"sepsis"
"Mono_MS3","JUND","rf",484,53,0.870103660965191,0.860128582994449,NA,"oob_r2",-0.0168328712342086,0.0196078431372549,TRUE,0.917991721765307,0.822222222222222,"sepsis"
"Mono_MS3","JUND","lm",484,53,NA,0.863436616593267,NA,"cv_r2",NA,NA,NA,NA,NA,"sepsis"
"Mono_MS3","JUND","ridge",484,53,NA,0.866790873761605,NA,"cv_r2",NA,NA,NA,NA,NA,"sepsis"
"Mono_MS3","JUND","spearman",484,53,NA,0.582548461810903,NA,"cv_r2",NA,NA,NA,NA,NA,"sepsis"
"Mono_MS3","HES1","rf",484,53,0.854841820088894,0.844954043318313,NA,"oob_r2",-0.0166044932004911,0.0196078431372549,TRUE,0.931149097815764,1,"sepsis"
"Mono_MS3","HES1","lm",484,53,NA,0.860041264468147,NA,"cv_r2",NA,NA,NA,NA,NA,"sepsis"
"Mono_MS3","HES1","ridge",484,53,NA,0.867160190841082,NA,"cv_r2",NA,NA,NA,NA,NA,"sepsis"
"Mono_MS3","HES1","spearman",484,53,NA,0.463055604847599,NA,"cv_r2",NA,NA,NA,NA,NA,"sepsis"
"Mono_MS3","ZNF467","rf",484,53,0.844531683923839,0.830411074623841,NA,"oob_r2",-0.0231796924753588,0.0196078431372549,TRUE,0.923426329086706,0.82962962962963,"sepsis"
"Mono_MS3","ZNF467","lm",484,53,NA,0.834574589333391,NA,"cv_r2",NA,NA,NA,NA,NA,"sepsis"
"Mono_MS3","ZNF467","ridge",484,53,NA,0.844702059506488,NA,"cv_r2",NA,NA,NA,NA,NA,"sepsis"
"Mono_MS3","ZNF467","spearman",484,53,NA,0.465780561950998,NA,"cv_r2",NA,NA,NA,NA,NA,"sepsis"
"Mono_MS3","RFX5","rf",484,53,0.854125020550634,0.854201914755951,NA,"oob_r2",-0.0286811487224222,0.0196078431372549,TRUE,0.919317672776792,0.792592592592593,"sepsis"
"Mono_MS3","RFX5","lm",484,53,NA,0.856704516363826,NA,"cv_r2",NA,NA,NA,NA,NA,"sepsis"
"Mono_MS3","RFX5","ridge",484,53,NA,0.862867151421093,NA,"cv_r2",NA,NA,NA,NA,NA,"sepsis"
"Mono_MS3","RFX5","spearman",484,53,NA,0.515244970216303,NA,"cv_r2",NA,NA,NA,NA,NA,"sepsis"
"Mono_MS3","ETS2","rf",484,53,0.859755766841043,0.851257544714225,NA,"oob_r2",-0.0239200001305178,0.0196078431372549,TRUE,0.928533032306617,0.881481481481481,"sepsis"
"Mono_MS3","ETS2","lm",484,53,NA,0.855634012460578,NA,"cv_r2",NA,NA,NA,NA,NA,"sepsis"
"Mono_MS3","ETS2","ridge",484,53,NA,0.863333024259651,NA,"cv_r2",NA,NA,NA,NA,NA,"sepsis"
"Mono_MS3","ETS2","spearman",484,53,NA,0.46348503020887,NA,"cv_r2",NA,NA,NA,NA,NA,"sepsis"
"Mono_MS3","SPI1","rf",484,53,0.829533827123566,0.822285911280775,NA,"oob_r2",-0.0203779294609829,0.0196078431372549,TRUE,0.920285258650038,0.792592592592593,"sepsis"
"Mono_MS3","SPI1","lm",484,53,NA,0.83145649819231,NA,"cv_r2",NA,NA,NA,NA,NA,"sepsis"
"Mono_MS3","SPI1","ridge",484,53,NA,0.841040084501834,NA,"cv_r2",NA,NA,NA,NA,NA,"sepsis"
"Mono_MS3","SPI1","spearman",484,53,NA,0.426477750420444,NA,"cv_r2",NA,NA,NA,NA,NA,"sepsis"
"Mono_MS3","EGR1","rf",484,53,0.839960471731178,0.827658622911676,NA,"oob_r2",-0.0194252910053858,0.0196078431372549,TRUE,0.925777204393556,0.82962962962963,"sepsis"
"Mono_MS3","EGR1","lm",484,53,NA,0.808757237056567,NA,"cv_r2",NA,NA,NA,NA,NA,"sepsis"
"Mono_MS3","EGR1","ridge",484,53,NA,0.820745079458252,NA,"cv_r2",NA,NA,NA,NA,NA,"sepsis"
"Mono_MS3","EGR1","spearman",484,53,NA,0.433467312070343,NA,"cv_r2",NA,NA,NA,NA,NA,"sepsis"
"Mono_MS3","MYC","rf",484,53,0.831368780063133,0.826501594292505,NA,"oob_r2",-0.0152545334807139,0.0196078431372549,TRUE,0.935001523051837,0.844444444444444,"sepsis"
"Mono_MS3","MYC","lm",484,53,NA,0.798759802353933,NA,"cv_r2",NA,NA,NA,NA,NA,"sepsis"
"Mono_MS3","MYC","ridge",484,53,NA,0.8145831503094,NA,"cv_r2",NA,NA,NA,NA,NA,"sepsis"
"Mono_MS3","MYC","spearman",484,53,NA,0.481645163979056,NA,"cv_r2",NA,NA,NA,NA,NA,"sepsis"
"Mono_MS3","KLF6","rf",484,53,0.830877871506793,0.820669250874642,NA,"oob_r2",-0.0088182726087461,0.0196078431372549,TRUE,0.920765467935279,0.881481481481481,"sepsis"
"Mono_MS3","KLF6","lm",484,53,NA,0.810898175677517,NA,"cv_r2",NA,NA,NA,NA,NA,"sepsis"
"Mono_MS3","KLF6","ridge",484,53,NA,0.825105782321448,NA,"cv_r2",NA,NA,NA,NA,NA,"sepsis"
"Mono_MS3","KLF6","spearman",484,53,NA,0.440819375043796,NA,"cv_r2",NA,NA,NA,NA,NA,"sepsis"
"Mono_MS3","MEF2C","rf",484,53,0.860758872337777,0.85388300891648,NA,"oob_r2",-0.0214944648931907,0.0196078431372549,TRUE,0.930572129943199,0.844444444444444,"sepsis"
"Mono_MS3","MEF2C","lm",484,53,NA,0.846711829759163,NA,"cv_r2",NA,NA,NA,NA,NA,"sepsis"
"Mono_MS3","MEF2C","ridge",484,53,NA,0.855349971226479,NA,"cv_r2",NA,NA,NA,NA,NA,"sepsis"
"Mono_MS3","MEF2C","spearman",484,53,NA,0.511639930070379,NA,"cv_r2",NA,NA,NA,NA,NA,"sepsis"
"Mono_MS3","KLF4","rf",484,53,0.845408343508418,0.841118516126947,NA,"oob_r2",-0.0185283210431911,0.0196078431372549,TRUE,0.937495744413983,0.844444444444444,"sepsis"
"Mono_MS3","KLF4","lm",484,53,NA,0.828704636045859,NA,"cv_r2",NA,NA,NA,NA,NA,"sepsis"
"Mono_MS3","KLF4","ridge",484,53,NA,0.839391450570281,NA,"cv_r2",NA,NA,NA,NA,NA,"sepsis"
"Mono_MS3","KLF4","spearman",484,53,NA,0.490083819928264,NA,"cv_r2",NA,NA,NA,NA,NA,"sepsis"
"Mono_MS3","ETS1","rf",484,53,0.853059359158885,0.842388343512699,NA,"oob_r2",-0.0176712274914823,0.0196078431372549,TRUE,0.916864663405544,0.933333333333333,"sepsis"
"Mono_MS3","ETS1","lm",484,53,NA,0.830012380506651,NA,"cv_r2",NA,NA,NA,NA,NA,"sepsis"
"Mono_MS3","ETS1","ridge",484,53,NA,0.838782054496181,NA,"cv_r2",NA,NA,NA,NA,NA,"sepsis"
"Mono_MS3","ETS1","spearman",484,53,NA,0.502511328746018,NA,"cv_r2",NA,NA,NA,NA,NA,"sepsis"
"Mono_MS3","FOS","rf",484,53,0.875156311900326,0.860400143682135,NA,"oob_r2",-0.0148874838176974,0.0196078431372549,TRUE,0.916554677560967,0.785185185185185,"sepsis"
"Mono_MS3","FOS","lm",484,53,NA,0.867154324564444,NA,"cv_r2",NA,NA,NA,NA,NA,"sepsis"
"Mono_MS3","FOS","ridge",484,53,NA,0.872819370441374,NA,"cv_r2",NA,NA,NA,NA,NA,"sepsis"
"Mono_MS3","FOS","spearman",484,53,NA,0.462847268472964,NA,"cv_r2",NA,NA,NA,NA,NA,"sepsis"
"Mono_MS1","KLF6","rf",720,43,0.473086111839642,0.477904646936951,NA,"oob_r2",-0.0352713719645443,0.0196078431372549,TRUE,0.875512601093997,0.933333333333333,"sepsis"
"Mono_MS1","KLF6","lm",720,43,NA,0.474977144829903,NA,"cv_r2",NA,NA,NA,NA,NA,"sepsis"
"Mono_MS1","KLF6","ridge",720,43,NA,0.473343146264798,NA,"cv_r2",NA,NA,NA,NA,NA,"sepsis"
"Mono_MS1","KLF6","spearman",720,43,NA,0.113014355590916,NA,"cv_r2",NA,NA,NA,NA,NA,"sepsis"
"Mono_MS1","MAFB","rf",720,43,0.53588635342057,0.521975292264841,NA,"oob_r2",-0.0356378510148347,0.0196078431372549,TRUE,0.909933219235545,0.82962962962963,"sepsis"
"Mono_MS1","MAFB","lm",720,43,NA,0.505376872271584,NA,"cv_r2",NA,NA,NA,NA,NA,"sepsis"
"Mono_MS1","MAFB","ridge",720,43,NA,0.506697307648259,NA,"cv_r2",NA,NA,NA,NA,NA,"sepsis"
"Mono_MS1","MAFB","spearman",720,43,NA,0.0705960827412044,NA,"cv_r2",NA,NA,NA,NA,NA,"sepsis"
"Mono_MS1","ZNF148","rf",720,43,0.519670707736856,0.506435637785256,NA,"oob_r2",-0.0350765973209466,0.0196078431372549,TRUE,0.905520319473808,0.64973544973545,"sepsis"
"Mono_MS1","ZNF148","lm",720,43,NA,0.496135944883156,NA,"cv_r2",NA,NA,NA,NA,NA,"sepsis"
"Mono_MS1","ZNF148","ridge",720,43,NA,0.498116029002565,NA,"cv_r2",NA,NA,NA,NA,NA,"sepsis"
"Mono_MS1","ZNF148","spearman",720,43,NA,0.0911487736447505,NA,"cv_r2",NA,NA,NA,NA,NA,"sepsis"
"Mono_MS1","EGR1","rf",720,43,0.486277195566805,0.488628977213617,NA,"oob_r2",-0.037120812223766,0.0196078431372549,TRUE,0.896275042786671,0.933333333333333,"sepsis"
"Mono_MS1","EGR1","lm",720,43,NA,0.452957040088234,NA,"cv_r2",NA,NA,NA,NA,NA,"sepsis"
"Mono_MS1","EGR1","ridge",720,43,NA,0.450816578610204,NA,"cv_r2",NA,NA,NA,NA,NA,"sepsis"
"Mono_MS1","EGR1","spearman",720,43,NA,0.0974420158293287,NA,"cv_r2",NA,NA,NA,NA,NA,"sepsis"
"Mono_MS1","FOXC1","rf",720,43,0.399465264216209,0.376497237181493,NA,"oob_r2",-0.0370346414961385,0.0196078431372549,TRUE,0.861559112721903,0.733333333333333,"sepsis"
"Mono_MS1","FOXC1","lm",720,43,NA,0.380008027404421,NA,"cv_r2",NA,NA,NA,NA,NA,"sepsis"
"Mono_MS1","FOXC1","ridge",720,43,NA,0.385393074235455,NA,"cv_r2",NA,NA,NA,NA,NA,"sepsis"
"Mono_MS1","FOXC1","spearman",720,43,NA,0.0696480531740525,NA,"cv_r2",NA,NA,NA,NA,NA,"sepsis"
"Mono_MS1","PAX8","rf",720,43,0.46230073161428,0.450690221805859,NA,"oob_r2",-0.0282978247522113,0.0196078431372549,TRUE,0.870837947582134,0.8,"sepsis"
"Mono_MS1","PAX8","lm",720,43,NA,0.410938323010878,NA,"cv_r2",NA,NA,NA,NA,NA,"sepsis"
"Mono_MS1","PAX8","ridge",720,43,NA,0.408821723877335,NA,"cv_r2",NA,NA,NA,NA,NA,"sepsis"
"Mono_MS1","PAX8","spearman",720,43,NA,0.042308522775393,NA,"cv_r2",NA,NA,NA,NA,NA,"sepsis"
"Mono_MS1","HES7","rf",720,43,0.437673842173271,0.429734917708925,NA,"oob_r2",-0.00812553086824641,0.0196078431372549,TRUE,0.894184368602973,0.881481481481481,"sepsis"
"Mono_MS1","HES7","lm",720,43,NA,0.23365702189844,NA,"cv_r2",NA,NA,NA,NA,NA,"sepsis"
"Mono_MS1","HES7","ridge",720,43,NA,0.24268800266969,NA,"cv_r2",NA,NA,NA,NA,NA,"sepsis"
"Mono_MS1","HES7","spearman",720,43,NA,0.0595157313808792,NA,"cv_r2",NA,NA,NA,NA,NA,"sepsis"
"Mono_MS1","NRF1","rf",720,43,0.379081732347107,0.374201340242464,NA,"oob_r2",-0.0395761034058253,0.0196078431372549,TRUE,0.853438034833384,0.816931216931217,"sepsis"
"Mono_MS1","NRF1","lm",720,43,NA,0.368688622511843,NA,"cv_r2",NA,NA,NA,NA,NA,"sepsis"
"Mono_MS1","NRF1","ridge",720,43,NA,0.367403034033671,NA,"cv_r2",NA,NA,NA,NA,NA,"sepsis"
"Mono_MS1","NRF1","spearman",720,43,NA,0.0817820135275561,NA,"cv_r2",NA,NA,NA,NA,NA,"sepsis"
"Mono_MS1","HLX","rf",720,43,0.412645002912539,0.41037966640517,NA,"oob_r2",-0.0359130654582122,0.0196078431372549,TRUE,0.845219638242894,0.720634920634921,"sepsis"
"Mono_MS1","HLX","lm",720,43,NA,0.413782688927356,NA,"cv_r2",NA,NA,NA,NA,NA,"sepsis"
"Mono_MS1","HLX","ridge",720,43,NA,0.416561480115014,NA,"cv_r2",NA,NA,NA,NA,NA,"sepsis"
"Mono_MS1","HLX","spearman",720,43,NA,0.0235030208401625,NA,"cv_r2",NA,NA,NA,NA,NA,"sepsis"
"Mono_MS1","GATA3","rf",720,43,0.458050014296088,0.440929822079692,NA,"oob_r2",-0.0448915612189279,0.0196078431372549,TRUE,0.869153327292862,0.729100529100529,"sepsis"
"Mono_MS1","GATA3","lm",720,43,NA,0.437707852722603,NA,"cv_r2",NA,NA,NA,NA,NA,"sepsis"
"Mono_MS1","GATA3","ridge",720,43,NA,0.432879248283082,NA,"cv_r2",NA,NA,NA,NA,NA,"sepsis"
"Mono_MS1","GATA3","spearman",720,43,NA,0.135068318147935,NA,"cv_r2",NA,NA,NA,NA,NA,"sepsis"
"Mono_MS1","ZSCAN22","rf",720,43,0.458091141645668,0.470666913656195,NA,"oob_r2",-0.0351377504480715,0.0196078431372549,TRUE,0.855951541998054,0.785185185185185,"sepsis"
"Mono_MS1","ZSCAN22","lm",720,43,NA,0.423699759793936,NA,"cv_r2",NA,NA,NA,NA,NA,"sepsis"
"Mono_MS1","ZSCAN22","ridge",720,43,NA,0.424138783479999,NA,"cv_r2",NA,NA,NA,NA,NA,"sepsis"
"Mono_MS1","ZSCAN22","spearman",720,43,NA,0.168464881565572,NA,"cv_r2",NA,NA,NA,NA,NA,"sepsis"
"Mono_MS1","CREB5","rf",720,43,0.52402619524505,0.512374420542857,NA,"oob_r2",-0.0447405356976563,0.0196078431372549,TRUE,0.877240847008289,0.638095238095238,"sepsis"
"Mono_MS1","CREB5","lm",720,43,NA,0.495257190300317,NA,"cv_r2",NA,NA,NA,NA,NA,"sepsis"
"Mono_MS1","CREB5","ridge",720,43,NA,0.495669718218762,NA,"cv_r2",NA,NA,NA,NA,NA,"sepsis"
"Mono_MS1","CREB5","spearman",720,43,NA,0.210822753887307,NA,"cv_r2",NA,NA,NA,NA,NA,"sepsis"
"Mono_MS1","NFKB1","rf",720,43,0.562208232125602,0.543600099372327,NA,"oob_r2",-0.0185669748226664,0.0196078431372549,TRUE,0.82740360414779,0.785185185185185,"sepsis"
"Mono_MS1","NFKB1","lm",720,43,NA,0.538042646814179,NA,"cv_r2",NA,NA,NA,NA,NA,"sepsis"
"Mono_MS1","NFKB1","ridge",720,43,NA,0.540436929489477,NA,"cv_r2",NA,NA,NA,NA,NA,"sepsis"
"Mono_MS1","NFKB1","spearman",720,43,NA,0.25692430861911,NA,"cv_r2",NA,NA,NA,NA,NA,"sepsis"
"Mono_MS1","JUN","rf",720,43,0.535512448323663,0.52884785659521,NA,"oob_r2",-0.0429353984302051,0.0196078431372549,TRUE,0.844048458001946,0.75026455026455,"sepsis"
"Mono_MS1","JUN","lm",720,43,NA,0.545326292983266,NA,"cv_r2",NA,NA,NA,NA,NA,"sepsis"
"Mono_MS1","JUN","ridge",720,43,NA,0.543138905999885,NA,"cv_r2",NA,NA,NA,NA,NA,"sepsis"
"Mono_MS1","JUN","spearman",720,43,NA,0.233045564027758,NA,"cv_r2",NA,NA,NA,NA,NA,"sepsis"
"Mono_MS1","CXXC1","rf",720,43,0.346205636798826,0.333581690962126,NA,"oob_r2",-0.0161590113602275,0.0196078431372549,TRUE,0.812936675727373,0.757671957671958,"sepsis"
"Mono_MS1","CXXC1","lm",720,43,NA,0.17231651381214,NA,"cv_r2",NA,NA,NA,NA,NA,"sepsis"
"Mono_MS1","CXXC1","ridge",720,43,NA,0.18916602895217,NA,"cv_r2",NA,NA,NA,NA,NA,"sepsis"
"Mono_MS1","CXXC1","spearman",720,43,NA,0.0383523983508992,NA,"cv_r2",NA,NA,NA,NA,NA,"sepsis"
"Mono_MS1","HOXA5","rf",720,43,0.48145045873273,0.476666061921727,NA,"oob_r2",-0.0492999346562429,0.0196078431372549,TRUE,0.865263935031377,0.685714285714286,"sepsis"
"Mono_MS1","HOXA5","lm",720,43,NA,0.47048318160932,NA,"cv_r2",NA,NA,NA,NA,NA,"sepsis"
"Mono_MS1","HOXA5","ridge",720,43,NA,0.464625460343112,NA,"cv_r2",NA,NA,NA,NA,NA,"sepsis"
"Mono_MS1","HOXA5","spearman",720,43,NA,0.240559757424275,NA,"cv_r2",NA,NA,NA,NA,NA,"sepsis"
"Mono_MS1","ID1","rf",720,43,0.450426598723636,0.423930841644741,NA,"oob_r2",-0.0309578143623767,0.0196078431372549,TRUE,0.820309406355918,0.666666666666667,"sepsis"
"Mono_MS1","ID1","lm",720,43,NA,0.384111700851212,NA,"cv_r2",NA,NA,NA,NA,NA,"sepsis"
"Mono_MS1","ID1","ridge",720,43,NA,0.380325856621903,NA,"cv_r2",NA,NA,NA,NA,NA,"sepsis"
"Mono_MS1","ID1","spearman",720,43,NA,0.110233021696939,NA,"cv_r2",NA,NA,NA,NA,NA,"sepsis"
"Mono_MS1","ZNF784","rf",720,43,0.315584680727261,0.306991512232041,NA,"oob_r2",-0.0330049678255827,0.0196078431372549,TRUE,0.787455954897815,0.933333333333333,"sepsis"
"Mono_MS1","ZNF784","lm",720,43,NA,0.294201181628242,NA,"cv_r2",NA,NA,NA,NA,NA,"sepsis"
"Mono_MS1","ZNF784","ridge",720,43,NA,0.288766086913904,NA,"cv_r2",NA,NA,NA,NA,NA,"sepsis"
"Mono_MS1","ZNF784","spearman",720,43,NA,0.0812135142978467,NA,"cv_r2",NA,NA,NA,NA,NA,"sepsis"
"Mono_MS1","GRHL1","rf",720,43,0.353541566062963,0.337492138381148,NA,"oob_r2",-0.0411793293062859,0.0196078431372549,TRUE,0.849954696466324,0.517989417989418,"sepsis"
"Mono_MS1","GRHL1","lm",720,43,NA,0.340671745125367,NA,"cv_r2",NA,NA,NA,NA,NA,"sepsis"
"Mono_MS1","GRHL1","ridge",720,43,NA,0.341806354941115,NA,"cv_r2",NA,NA,NA,NA,NA,"sepsis"
"Mono_MS1","GRHL1","spearman",720,43,NA,0.103174610653047,NA,"cv_r2",NA,NA,NA,NA,NA,"sepsis"
"Mono_MS1","SOX7","rf",720,43,0.390886538866129,0.375038308908875,NA,"oob_r2",-0.0216436457410751,0.0196078431372549,TRUE,0.850672841370516,0.8,"sepsis"
"Mono_MS1","SOX7","lm",720,43,NA,0.369707094103378,NA,"cv_r2",NA,NA,NA,NA,NA,"sepsis"
"Mono_MS1","SOX7","ridge",720,43,NA,0.364431011054529,NA,"cv_r2",NA,NA,NA,NA,NA,"sepsis"
"Mono_MS1","SOX7","spearman",720,43,NA,0.112025178244652,NA,"cv_r2",NA,NA,NA,NA,NA,"sepsis"
"Mono_MS1","RELB","rf",720,43,0.277980473819805,0.288376886058273,NA,"oob_r2",-0.0288753310532219,0.0196078431372549,TRUE,0.783939058357663,0.733333333333333,"sepsis"
"Mono_MS1","RELB","lm",720,43,NA,0.260785564066097,NA,"cv_r2",NA,NA,NA,NA,NA,"sepsis"
"Mono_MS1","RELB","ridge",720,43,NA,0.263271498807371,NA,"cv_r2",NA,NA,NA,NA,NA,"sepsis"
"Mono_MS1","RELB","spearman",720,43,NA,0.0279481058418288,NA,"cv_r2",NA,NA,NA,NA,NA,"sepsis"
"Mono_MS1","ZNF354A","rf",720,43,0.3528442695385,0.325341079131745,NA,"oob_r2",-0.0453888515024921,0.0196078431372549,TRUE,0.810345984764589,0.714285714285714,"sepsis"
"Mono_MS1","ZNF354A","lm",720,43,NA,0.342116356540073,NA,"cv_r2",NA,NA,NA,NA,NA,"sepsis"
"Mono_MS1","ZNF354A","ridge",720,43,NA,0.341258115615716,NA,"cv_r2",NA,NA,NA,NA,NA,"sepsis"
"Mono_MS1","ZNF354A","spearman",720,43,NA,0.0781287494915112,NA,"cv_r2",NA,NA,NA,NA,NA,"sepsis"
"Mono_MS1","SMAD4","rf",720,43,0.47383431817941,0.464451440140329,NA,"oob_r2",-0.0302493320402139,0.0196078431372549,TRUE,0.796556931440652,0.638095238095238,"sepsis"
"Mono_MS1","SMAD4","lm",720,43,NA,0.410835720520804,NA,"cv_r2",NA,NA,NA,NA,NA,"sepsis"
"Mono_MS1","SMAD4","ridge",720,43,NA,0.408144103522866,NA,"cv_r2",NA,NA,NA,NA,NA,"sepsis"
"Mono_MS1","SMAD4","spearman",720,43,NA,0.236172180783576,NA,"cv_r2",NA,NA,NA,NA,NA,"sepsis"
"Mono_MS1","ITGB2","rf",720,43,0.236308290190545,0.229806638357654,NA,"oob_r2",-0.0287631826937353,0.0196078431372549,TRUE,0.785841806772039,0.576984126984127,"sepsis"
"Mono_MS1","ITGB2","lm",720,43,NA,0.136388129857578,NA,"cv_r2",NA,NA,NA,NA,NA,"sepsis"
"Mono_MS1","ITGB2","ridge",720,43,NA,0.143492433743078,NA,"cv_r2",NA,NA,NA,NA,NA,"sepsis"
"Mono_MS1","ITGB2","spearman",720,43,NA,0.0529075084725842,NA,"cv_r2",NA,NA,NA,NA,NA,"sepsis"
"Mono_MS1","RBPJ","rf",720,43,0.297191281432609,0.28457033889876,NA,"oob_r2",-0.0339729178956156,0.0196078431372549,TRUE,0.740826873385013,0.733333333333333,"sepsis"
"Mono_MS1","RBPJ","lm",720,43,NA,0.242452751029498,NA,"cv_r2",NA,NA,NA,NA,NA,"sepsis"
"Mono_MS1","RBPJ","ridge",720,43,NA,0.265830566379458,NA,"cv_r2",NA,NA,NA,NA,NA,"sepsis"
"Mono_MS1","RBPJ","spearman",720,43,NA,0.0469537525773338,NA,"cv_r2",NA,NA,NA,NA,NA,"sepsis"
"Mono_MS1","ID2","rf",720,43,0.424292881375236,0.415161345489281,NA,"oob_r2",-0.0286557822247933,0.0196078431372549,TRUE,0.820745662606128,0.618253968253968,"sepsis"
"Mono_MS1","ID2","lm",720,43,NA,0.38416217693084,NA,"cv_r2",NA,NA,NA,NA,NA,"sepsis"
"Mono_MS1","ID2","ridge",720,43,NA,0.384999423336597,NA,"cv_r2",NA,NA,NA,NA,NA,"sepsis"
"Mono_MS1","ID2","spearman",720,43,NA,0.138217152548169,NA,"cv_r2",NA,NA,NA,NA,NA,"sepsis"
"Mono_MS1","CEBPE","rf",720,43,0.473656317938007,0.459118549678605,NA,"oob_r2",-0.0286811256058613,0.0196078431372549,TRUE,0.733306486794859,0.602116402116402,"sepsis"
"Mono_MS1","CEBPE","lm",720,43,NA,0.45492394589175,NA,"cv_r2",NA,NA,NA,NA,NA,"sepsis"
"Mono_MS1","CEBPE","ridge",720,43,NA,0.45962248931598,NA,"cv_r2",NA,NA,NA,NA,NA,"sepsis"
"Mono_MS1","CEBPE","spearman",720,43,NA,0.384256884046141,NA,"cv_r2",NA,NA,NA,NA,NA,"sepsis"
"Mono_MS1","CEBPD","rf",720,43,0.323330159199804,0.336249425431799,NA,"oob_r2",-0.0248918026626612,0.0196078431372549,TRUE,0.803879324809557,0.933333333333333,"sepsis"
"Mono_MS1","CEBPD","lm",720,43,NA,0.203558338870897,NA,"cv_r2",NA,NA,NA,NA,NA,"sepsis"
"Mono_MS1","CEBPD","ridge",720,43,NA,0.202745647341445,NA,"cv_r2",NA,NA,NA,NA,NA,"sepsis"
"Mono_MS1","CEBPD","spearman",720,43,NA,0.113769538393867,NA,"cv_r2",NA,NA,NA,NA,NA,"sepsis"
"Mono_MS1","JUNB","rf",720,43,0.506160397520018,0.506276470054388,NA,"oob_r2",-0.0392253086677041,0.0196078431372549,TRUE,0.884838417396557,0.666666666666667,"sepsis"
"Mono_MS1","JUNB","lm",720,43,NA,0.50430296936491,NA,"cv_r2",NA,NA,NA,NA,NA,"sepsis"
"Mono_MS1","JUNB","ridge",720,43,NA,0.500454872455204,NA,"cv_r2",NA,NA,NA,NA,NA,"sepsis"
"Mono_MS1","JUNB","spearman",720,43,NA,0.198123696379405,NA,"cv_r2",NA,NA,NA,NA,NA,"sepsis"
"Mono_MS1","NFE2","rf",720,43,0.464579853592217,0.447654919838,NA,"oob_r2",-0.047049648893822,0.0196078431372549,TRUE,0.864082687338501,0.933333333333333,"sepsis"
"Mono_MS1","NFE2","lm",720,43,NA,0.449265414913789,NA,"cv_r2",NA,NA,NA,NA,NA,"sepsis"
"Mono_MS1","NFE2","ridge",720,43,NA,0.450258223681413,NA,"cv_r2",NA,NA,NA,NA,NA,"sepsis"
"Mono_MS1","NFE2","spearman",720,43,NA,0.170309624925381,NA,"cv_r2",NA,NA,NA,NA,NA,"sepsis"
"Mono_MS1","ERG","rf",720,43,0.437482897755205,0.428705874205167,NA,"oob_r2",-0.0364826273268448,0.0196078431372549,TRUE,0.86582771233934,0.77037037037037,"sepsis"
"Mono_MS1","ERG","lm",720,43,NA,0.371013149599675,NA,"cv_r2",NA,NA,NA,NA,NA,"sepsis"
"Mono_MS1","ERG","ridge",720,43,NA,0.3759563458877,NA,"cv_r2",NA,NA,NA,NA,NA,"sepsis"
"Mono_MS1","ERG","spearman",720,43,NA,0.0806250098852129,NA,"cv_r2",NA,NA,NA,NA,NA,"sepsis"
"Mono_MS1","YBX1","rf",720,43,0.350981057701783,0.326998613788327,NA,"oob_r2",-0.0369620278937909,0.0196078431372549,TRUE,0.857350917816034,0.741798941798942,"sepsis"
"Mono_MS1","YBX1","lm",720,43,NA,0.329168762417372,NA,"cv_r2",NA,NA,NA,NA,NA,"sepsis"
"Mono_MS1","YBX1","ridge",720,43,NA,0.332954115365348,NA,"cv_r2",NA,NA,NA,NA,NA,"sepsis"
"Mono_MS1","YBX1","spearman",720,43,NA,0.0701000232165543,NA,"cv_r2",NA,NA,NA,NA,NA,"sepsis"
"Mono_MS1","RARG","rf",720,43,0.430307906918134,0.426802188146424,NA,"oob_r2",-0.0423800073020049,0.0196078431372549,TRUE,0.84649820463774,0.747089947089947,"sepsis"
"Mono_MS1","RARG","lm",720,43,NA,0.422542839815226,NA,"cv_r2",NA,NA,NA,NA,NA,"sepsis"
"Mono_MS1","RARG","ridge",720,43,NA,0.413902570570289,NA,"cv_r2",NA,NA,NA,NA,NA,"sepsis"
"Mono_MS1","RARG","spearman",720,43,NA,0.111393610622824,NA,"cv_r2",NA,NA,NA,NA,NA,"sepsis"
"Mono_MS1","RARA","rf",720,43,0.447489998542774,0.466685787425351,NA,"oob_r2",-0.0369166560387518,0.0196078431372549,TRUE,0.84074633376959,0.742857142857143,"sepsis"
"Mono_MS1","RARA","lm",720,43,NA,0.420149898302567,NA,"cv_r2",NA,NA,NA,NA,NA,"sepsis"
"Mono_MS1","RARA","ridge",720,43,NA,0.423931456092855,NA,"cv_r2",NA,NA,NA,NA,NA,"sepsis"
"Mono_MS1","RARA","spearman",720,43,NA,0.0724581806323785,NA,"cv_r2",NA,NA,NA,NA,NA,"sepsis"
"Mono_MS1","NFKB2","rf",720,43,0.40609001674975,0.378572313132799,NA,"oob_r2",-0.032801860276445,0.0196078431372549,TRUE,0.870881573207155,0.720634920634921,"sepsis"
"Mono_MS1","NFKB2","lm",720,43,NA,0.321375329709302,NA,"cv_r2",NA,NA,NA,NA,NA,"sepsis"
"Mono_MS1","NFKB2","ridge",720,43,NA,0.333020696673804,NA,"cv_r2",NA,NA,NA,NA,NA,"sepsis"
"Mono_MS1","NFKB2","spearman",720,43,NA,0.0719091001946532,NA,"cv_r2",NA,NA,NA,NA,NA,"sepsis"
"Mono_MS1","RFX2","rf",720,43,0.419180334626622,0.408886655609441,NA,"oob_r2",-0.033833602821362,0.0196078431372549,TRUE,0.881355079029498,0.874074074074074,"sepsis"
"Mono_MS1","RFX2","lm",720,43,NA,0.438087065176336,NA,"cv_r2",NA,NA,NA,NA,NA,"sepsis"
"Mono_MS1","RFX2","ridge",720,43,NA,0.443157115466324,NA,"cv_r2",NA,NA,NA,NA,NA,"sepsis"
"Mono_MS1","RFX2","spearman",720,43,NA,0.0990708775735679,NA,"cv_r2",NA,NA,NA,NA,NA,"sepsis"
"Mono_MS1","ZBTB33","rf",720,43,0.408933725224229,0.410903718061452,NA,"oob_r2",-0.0292270347770718,0.0196078431372549,TRUE,0.858941575220645,0.77037037037037,"sepsis"
"Mono_MS1","ZBTB33","lm",720,43,NA,0.415866025702117,NA,"cv_r2",NA,NA,NA,NA,NA,"sepsis"
"Mono_MS1","ZBTB33","ridge",720,43,NA,0.415960326672884,NA,"cv_r2",NA,NA,NA,NA,NA,"sepsis"
"Mono_MS1","ZBTB33","spearman",720,43,NA,0.0607498019293995,NA,"cv_r2",NA,NA,NA,NA,NA,"sepsis"
"Mono_MS1","E2F7","rf",720,43,0.334326080569875,0.324304862002808,NA,"oob_r2",-0.0246222464944213,0.0196078431372549,TRUE,0.797171046008255,0.881481481481481,"sepsis"
"Mono_MS1","E2F7","lm",720,43,NA,0.31091910940863,NA,"cv_r2",NA,NA,NA,NA,NA,"sepsis"
"Mono_MS1","E2F7","ridge",720,43,NA,0.317153777512199,NA,"cv_r2",NA,NA,NA,NA,NA,"sepsis"
"Mono_MS1","E2F7","spearman",720,43,NA,0.0675572809442453,NA,"cv_r2",NA,NA,NA,NA,NA,"sepsis"
"Mono_MS1","HNF1A","rf",720,43,0.531647441933857,0.536382661966912,NA,"oob_r2",-0.0264689076912873,0.0196078431372549,TRUE,0.796489815094466,0.785185185185185,"sepsis"
"Mono_MS1","HNF1A","lm",720,43,NA,0.499468319536025,NA,"cv_r2",NA,NA,NA,NA,NA,"sepsis"
"Mono_MS1","HNF1A","ridge",720,43,NA,0.502988253845515,NA,"cv_r2",NA,NA,NA,NA,NA,"sepsis"
"Mono_MS1","HNF1A","spearman",720,43,NA,0.247617816279986,NA,"cv_r2",NA,NA,NA,NA,NA,"sepsis"
"Mono_MS1","BACH2","rf",720,43,0.572717894404978,0.574724001814796,NA,"oob_r2",-0.0310108978785987,0.0196078431372549,TRUE,0.881630256048861,0.8,"sepsis"
"Mono_MS1","BACH2","lm",720,43,NA,0.589239426097253,NA,"cv_r2",NA,NA,NA,NA,NA,"sepsis"
"Mono_MS1","BACH2","ridge",720,43,NA,0.591832577120658,NA,"cv_r2",NA,NA,NA,NA,NA,"sepsis"
"Mono_MS1","BACH2","spearman",720,43,NA,0.335784869799122,NA,"cv_r2",NA,NA,NA,NA,NA,"sepsis"
"Mono_MS1","GMEB2","rf",720,43,0.319471336629949,0.343707839475409,NA,"oob_r2",-0.022480293499346,0.0196078431372549,TRUE,0.777257626094835,0.691005291005291,"sepsis"
"Mono_MS1","GMEB2","lm",720,43,NA,0.265947647495296,NA,"cv_r2",NA,NA,NA,NA,NA,"sepsis"
"Mono_MS1","GMEB2","ridge",720,43,NA,0.273730420028761,NA,"cv_r2",NA,NA,NA,NA,NA,"sepsis"
"Mono_MS1","GMEB2","spearman",720,43,NA,0.114339327735995,NA,"cv_r2",NA,NA,NA,NA,NA,"sepsis"
"Mono_MS1","TCF4","rf",720,43,0.404040700430924,0.41392894010619,NA,"oob_r2",-0.0215980845120653,0.0196078431372549,TRUE,0.792063492063492,0.82962962962963,"sepsis"
"Mono_MS1","TCF4","lm",720,43,NA,0.336955171145917,NA,"cv_r2",NA,NA,NA,NA,NA,"sepsis"
"Mono_MS1","TCF4","ridge",720,43,NA,0.353808365013527,NA,"cv_r2",NA,NA,NA,NA,NA,"sepsis"
"Mono_MS1","TCF4","spearman",720,43,NA,0.152798571904777,NA,"cv_r2",NA,NA,NA,NA,NA,"sepsis"
"Mono_MS1","ENO1","rf",720,43,0.656617357984807,0.63002545253604,NA,"oob_r2",-0.0276427964690844,0.0196078431372549,TRUE,0.896660961777241,1,"sepsis"
"Mono_MS1","ENO1","lm",720,43,NA,0.59829050265103,NA,"cv_r2",NA,NA,NA,NA,NA,"sepsis"
"Mono_MS1","ENO1","ridge",720,43,NA,0.603387160277693,NA,"cv_r2",NA,NA,NA,NA,NA,"sepsis"
"Mono_MS1","ENO1","spearman",720,43,NA,0.274469811398515,NA,"cv_r2",NA,NA,NA,NA,NA,"sepsis"
"Mono_MS1","BCL11B","rf",720,43,0.488958852544175,0.460960154520004,NA,"oob_r2",-0.0328533488985046,0.0196078431372549,TRUE,0.894261552401087,0.762962962962963,"sepsis"
"Mono_MS1","BCL11B","lm",720,43,NA,0.447259639262923,NA,"cv_r2",NA,NA,NA,NA,NA,"sepsis"
"Mono_MS1","BCL11B","ridge",720,43,NA,0.451992912394886,NA,"cv_r2",NA,NA,NA,NA,NA,"sepsis"
"Mono_MS1","BCL11B","spearman",720,43,NA,0.0725509419867721,NA,"cv_r2",NA,NA,NA,NA,NA,"sepsis"
"Mono_MS1","FOSB","rf",720,43,0.508999436411666,0.504961486530493,NA,"oob_r2",-0.039279145755431,0.0196078431372549,TRUE,0.896848887546562,0.606349206349206,"sepsis"
"Mono_MS1","FOSB","lm",720,43,NA,0.469218360256734,NA,"cv_r2",NA,NA,NA,NA,NA,"sepsis"
"Mono_MS1","FOSB","ridge",720,43,NA,0.467648023548066,NA,"cv_r2",NA,NA,NA,NA,NA,"sepsis"
"Mono_MS1","FOSB","spearman",720,43,NA,0.0969934260004449,NA,"cv_r2",NA,NA,NA,NA,NA,"sepsis"
"Mono_MS1","TBX21","rf",720,43,0.432290478951607,0.423444546805155,NA,"oob_r2",-0.0380476866210911,0.0196078431372549,TRUE,0.840494647471392,0.703703703703704,"sepsis"
"Mono_MS1","TBX21","lm",720,43,NA,0.426512608019185,NA,"cv_r2",NA,NA,NA,NA,NA,"sepsis"
"Mono_MS1","TBX21","ridge",720,43,NA,0.422712527714785,NA,"cv_r2",NA,NA,NA,NA,NA,"sepsis"
"Mono_MS1","TBX21","spearman",720,43,NA,0.0579612085406823,NA,"cv_r2",NA,NA,NA,NA,NA,"sepsis"
"Mono_MS1","THRA","rf",720,43,0.477877022169956,0.497510681144088,NA,"oob_r2",-0.0520312953380432,0.0196078431372549,TRUE,0.864149803684687,0.822222222222222,"sepsis"
"Mono_MS1","THRA","lm",720,43,NA,0.453282510358971,NA,"cv_r2",NA,NA,NA,NA,NA,"sepsis"
"Mono_MS1","THRA","ridge",720,43,NA,0.455267244146386,NA,"cv_r2",NA,NA,NA,NA,NA,"sepsis"
"Mono_MS1","THRA","spearman",720,43,NA,0.153298965742752,NA,"cv_r2",NA,NA,NA,NA,NA,"sepsis"
"Mono_MS1","PLAG1","rf",720,43,0.4750484640813,0.467138719179068,NA,"oob_r2",-0.0463280536076899,0.0196078431372549,TRUE,0.884828349944629,0.814814814814815,"sepsis"
"Mono_MS1","PLAG1","lm",720,43,NA,0.445640808883082,NA,"cv_r2",NA,NA,NA,NA,NA,"sepsis"
"Mono_MS1","PLAG1","ridge",720,43,NA,0.447922478173388,NA,"cv_r2",NA,NA,NA,NA,NA,"sepsis"
"Mono_MS1","PLAG1","spearman",720,43,NA,0.0289189622008426,NA,"cv_r2",NA,NA,NA,NA,NA,"sepsis"
"Mono_MS1","CEBPB","rf",720,43,0.443351492702075,0.448483623957488,NA,"oob_r2",-0.0363533851030676,0.0196078431372549,TRUE,0.885110238598611,0.612698412698413,"sepsis"
"Mono_MS1","CEBPB","lm",720,43,NA,0.441467858998522,NA,"cv_r2",NA,NA,NA,NA,NA,"sepsis"
"Mono_MS1","CEBPB","ridge",720,43,NA,0.442540878022488,NA,"cv_r2",NA,NA,NA,NA,NA,"sepsis"
"Mono_MS1","CEBPB","spearman",720,43,NA,0.0179105952540723,NA,"cv_r2",NA,NA,NA,NA,NA,"sepsis"
"Mono_MS1","RFX3","rf",720,43,0.488319719514571,0.50194510705,NA,"oob_r2",-0.0325179488262753,0.0196078431372549,TRUE,0.874640088593577,0.822222222222222,"sepsis"
"Mono_MS1","RFX3","lm",720,43,NA,0.52658248325967,NA,"cv_r2",NA,NA,NA,NA,NA,"sepsis"
"Mono_MS1","RFX3","ridge",720,43,NA,0.527614850899045,NA,"cv_r2",NA,NA,NA,NA,NA,"sepsis"
"Mono_MS1","RFX3","spearman",720,43,NA,0.182713614423272,NA,"cv_r2",NA,NA,NA,NA,NA,"sepsis"
"Mono_MS1","ETS2","rf",720,43,0.465196776571923,0.464539132535669,NA,"oob_r2",-0.0356154363489839,0.0196078431372549,TRUE,0.855891137286486,0.8,"sepsis"
"Mono_MS1","ETS2","lm",720,43,NA,0.438907191602473,NA,"cv_r2",NA,NA,NA,NA,NA,"sepsis"
"Mono_MS1","ETS2","ridge",720,43,NA,0.441101450626307,NA,"cv_r2",NA,NA,NA,NA,NA,"sepsis"
"Mono_MS1","ETS2","spearman",720,43,NA,0.0568628856094106,NA,"cv_r2",NA,NA,NA,NA,NA,"sepsis"
"Mono_MS1","FOS","rf",720,43,0.417461071434904,0.411519613647276,NA,"oob_r2",-0.0361321587792596,0.0196078431372549,TRUE,0.855810597671063,0.819047619047619,"sepsis"
"Mono_MS1","FOS","lm",720,43,NA,0.419321441464588,NA,"cv_r2",NA,NA,NA,NA,NA,"sepsis"
"Mono_MS1","FOS","ridge",720,43,NA,0.418685642301663,NA,"cv_r2",NA,NA,NA,NA,NA,"sepsis"
"Mono_MS1","FOS","spearman",720,43,NA,0.0710884577684051,NA,"cv_r2",NA,NA,NA,NA,NA,"sepsis"
"Mono_MS1","ZNF263","rf",720,43,0.553041491064205,0.554411743114173,NA,"oob_r2",-0.0300346021847687,0.0196078431372549,TRUE,0.876432095036746,0.822222222222222,"sepsis"
"Mono_MS1","ZNF263","lm",720,43,NA,0.557258568058381,NA,"cv_r2",NA,NA,NA,NA,NA,"sepsis"
"Mono_MS1","ZNF263","ridge",720,43,NA,0.559727991093895,NA,"cv_r2",NA,NA,NA,NA,NA,"sepsis"
"Mono_MS1","ZNF263","spearman",720,43,NA,0.0945195049918,NA,"cv_r2",NA,NA,NA,NA,NA,"sepsis"
"Mono_MS1","FOXO1","rf",720,43,0.530133126832643,0.500691947598363,NA,"oob_r2",-0.0305401996317303,0.0196078431372549,TRUE,0.903389375482399,0.8,"sepsis"
"Mono_MS1","FOXO1","lm",720,43,NA,0.485426831208918,NA,"cv_r2",NA,NA,NA,NA,NA,"sepsis"
"Mono_MS1","FOXO1","ridge",720,43,NA,0.492044018375479,NA,"cv_r2",NA,NA,NA,NA,NA,"sepsis"
"Mono_MS1","FOXO1","spearman",720,43,NA,0.0809884381637642,NA,"cv_r2",NA,NA,NA,NA,NA,"sepsis"
"Mono_MS1","ZNF816","rf",720,43,0.51094665706928,0.510529691906247,NA,"oob_r2",-0.0291711575664659,0.0196078431372549,TRUE,0.919547635826706,0.792592592592593,"sepsis"
"Mono_MS1","ZNF816","lm",720,43,NA,0.522015047448671,NA,"cv_r2",NA,NA,NA,NA,NA,"sepsis"
"Mono_MS1","ZNF816","ridge",720,43,NA,0.519938215062989,NA,"cv_r2",NA,NA,NA,NA,NA,"sepsis"
"Mono_MS1","ZNF816","spearman",720,43,NA,0.215572792137926,NA,"cv_r2",NA,NA,NA,NA,NA,"sepsis"
"Mono_MS1","RELA","rf",720,43,0.542043684419747,0.534083787179988,NA,"oob_r2",-0.035638923052075,0.0196078431372549,TRUE,0.881620188596933,0.844444444444444,"sepsis"
"Mono_MS1","RELA","lm",720,43,NA,0.512397675675724,NA,"cv_r2",NA,NA,NA,NA,NA,"sepsis"
"Mono_MS1","RELA","ridge",720,43,NA,0.512596539463201,NA,"cv_r2",NA,NA,NA,NA,NA,"sepsis"
"Mono_MS1","RELA","spearman",720,43,NA,0.081338103481766,NA,"cv_r2",NA,NA,NA,NA,NA,"sepsis"
"Mono_MS1","SPI1","rf",720,43,0.516255224294094,0.500851595100278,NA,"oob_r2",-0.0402720939477163,0.0196078431372549,TRUE,0.887388838551629,0.685714285714286,"sepsis"
"Mono_MS1","SPI1","lm",720,43,NA,0.493515411816203,NA,"cv_r2",NA,NA,NA,NA,NA,"sepsis"
"Mono_MS1","SPI1","ridge",720,43,NA,0.491479456736825,NA,"cv_r2",NA,NA,NA,NA,NA,"sepsis"
"Mono_MS1","SPI1","spearman",720,43,NA,0.0306755873025875,NA,"cv_r2",NA,NA,NA,NA,NA,"sepsis"
"Mono_MS1","IRX3","rf",720,43,0.484421850438338,0.516386746821964,NA,"oob_r2",-0.0306683577902295,0.0196078431372549,TRUE,0.888348602302091,0.933333333333333,"sepsis"
"Mono_MS1","IRX3","lm",720,43,NA,0.517463158633736,NA,"cv_r2",NA,NA,NA,NA,NA,"sepsis"
"Mono_MS1","IRX3","ridge",720,43,NA,0.522163092308989,NA,"cv_r2",NA,NA,NA,NA,NA,"sepsis"
"Mono_MS1","IRX3","spearman",720,43,NA,0.182341701804987,NA,"cv_r2",NA,NA,NA,NA,NA,"sepsis"
"Mono_MS1","ZNF563","rf",720,43,0.570333889079018,0.559443160486294,NA,"oob_r2",-0.0312595529737422,0.0196078431372549,TRUE,0.889200979898654,0.933333333333333,"sepsis"
"Mono_MS1","ZNF563","lm",720,43,NA,0.563955598229903,NA,"cv_r2",NA,NA,NA,NA,NA,"sepsis"
"Mono_MS1","ZNF563","ridge",720,43,NA,0.565228654593783,NA,"cv_r2",NA,NA,NA,NA,NA,"sepsis"
"Mono_MS1","ZNF563","spearman",720,43,NA,0.244636791563085,NA,"cv_r2",NA,NA,NA,NA,NA,"sepsis"
"Mono_MS1","MEF2C","rf",720,43,0.429960738706759,0.436730728496256,NA,"oob_r2",-0.0421996298697241,0.0196078431372549,TRUE,0.867972079599987,0.77037037037037,"sepsis"
"Mono_MS1","MEF2C","lm",720,43,NA,0.435906523111732,NA,"cv_r2",NA,NA,NA,NA,NA,"sepsis"
"Mono_MS1","MEF2C","ridge",720,43,NA,0.432815119716579,NA,"cv_r2",NA,NA,NA,NA,NA,"sepsis"
"Mono_MS1","MEF2C","spearman",720,43,NA,0.0654136558086894,NA,"cv_r2",NA,NA,NA,NA,NA,"sepsis"
"Mono_MS1","NR4A1","rf",720,43,0.685173622916214,0.673993061961217,NA,"oob_r2",-0.0230659324773421,0.0196078431372549,TRUE,0.924604852511829,0.8,"sepsis"
"Mono_MS1","NR4A1","lm",720,43,NA,0.655605966441106,NA,"cv_r2",NA,NA,NA,NA,NA,"sepsis"
"Mono_MS1","NR4A1","ridge",720,43,NA,0.654644578251668,NA,"cv_r2",NA,NA,NA,NA,NA,"sepsis"
"Mono_MS1","NR4A1","spearman",720,43,NA,0.189028009611056,NA,"cv_r2",NA,NA,NA,NA,NA,"sepsis"
"Mono_MS1","ZNF768","rf",720,43,0.572703179771758,0.56342240269354,NA,"oob_r2",-0.0357626778307275,0.0196078431372549,TRUE,0.885288096916004,1,"sepsis"
"Mono_MS1","ZNF768","lm",720,43,NA,0.574829957013759,NA,"cv_r2",NA,NA,NA,NA,NA,"sepsis"
"Mono_MS1","ZNF768","ridge",720,43,NA,0.571165102042236,NA,"cv_r2",NA,NA,NA,NA,NA,"sepsis"
"Mono_MS1","ZNF768","spearman",720,43,NA,0.244611171318513,NA,"cv_r2",NA,NA,NA,NA,NA,"sepsis"
"Mono_MS1","KLF2","rf",720,43,0.502410280628124,0.48129880372627,NA,"oob_r2",-0.0367985473340289,0.0196078431372549,TRUE,0.886717675089768,0.737566137566138,"sepsis"
"Mono_MS1","KLF2","lm",720,43,NA,0.470359478802609,NA,"cv_r2",NA,NA,NA,NA,NA,"sepsis"
"Mono_MS1","KLF2","ridge",720,43,NA,0.468718779018235,NA,"cv_r2",NA,NA,NA,NA,NA,"sepsis"
"Mono_MS1","KLF2","spearman",720,43,NA,0.139270715747125,NA,"cv_r2",NA,NA,NA,NA,NA,"sepsis"
"Mono_MS1","KLF10","rf",720,43,0.573415870915089,0.576548303043055,NA,"oob_r2",-0.033208918940742,0.0196078431372549,TRUE,0.904221618175107,1,"sepsis"
"Mono_MS1","KLF10","lm",720,43,NA,0.557741223736326,NA,"cv_r2",NA,NA,NA,NA,NA,"sepsis"
"Mono_MS1","KLF10","ridge",720,43,NA,0.556646783799559,NA,"cv_r2",NA,NA,NA,NA,NA,"sepsis"
"Mono_MS1","KLF10","spearman",720,43,NA,0.263271705963743,NA,"cv_r2",NA,NA,NA,NA,NA,"sepsis"
"Mono_MS1","EGR2","rf",720,43,0.703587390295581,0.690192653198405,NA,"oob_r2",-0.0281018443692233,0.0196078431372549,TRUE,0.800228195577033,1,"sepsis"
"Mono_MS1","EGR2","lm",720,43,NA,0.725914488943662,NA,"cv_r2",NA,NA,NA,NA,NA,"sepsis"
"Mono_MS1","EGR2","ridge",720,43,NA,0.729571965234195,NA,"cv_r2",NA,NA,NA,NA,NA,"sepsis"
"Mono_MS1","EGR2","spearman",720,43,NA,0.509409218570336,NA,"cv_r2",NA,NA,NA,NA,NA,"sepsis"
"Mono_MS1","POU2F2","rf",720,43,0.462255360706741,0.475150822200669,NA,"oob_r2",-0.0312268034815993,0.0196078431372549,TRUE,0.873052787006275,0.822222222222222,"sepsis"
"Mono_MS1","POU2F2","lm",720,43,NA,0.470828191443108,NA,"cv_r2",NA,NA,NA,NA,NA,"sepsis"
"Mono_MS1","POU2F2","ridge",720,43,NA,0.467733292526679,NA,"cv_r2",NA,NA,NA,NA,NA,"sepsis"
"Mono_MS1","POU2F2","spearman",720,43,NA,0.181036077062977,NA,"cv_r2",NA,NA,NA,NA,NA,"sepsis"
"Mono_MS1","NFE2L2","rf",720,43,0.707472936633465,0.712609516867015,NA,"oob_r2",-0.0249684076291237,0.0196078431372549,TRUE,0.827876774388402,1,"sepsis"
"Mono_MS1","NFE2L2","lm",720,43,NA,0.718280469841388,NA,"cv_r2",NA,NA,NA,NA,NA,"sepsis"
"Mono_MS1","NFE2L2","ridge",720,43,NA,0.719638983891277,NA,"cv_r2",NA,NA,NA,NA,NA,"sepsis"
"Mono_MS1","NFE2L2","spearman",720,43,NA,0.445235912076668,NA,"cv_r2",NA,NA,NA,NA,NA,"sepsis"
"Mono_MS1","TAL1","rf",720,43,0.626734491751095,0.625346403489208,NA,"oob_r2",-0.0276581481548854,0.0196078431372549,TRUE,0.896301889325145,1,"sepsis"
"Mono_MS1","TAL1","lm",720,43,NA,0.616190656585921,NA,"cv_r2",NA,NA,NA,NA,NA,"sepsis"
"Mono_MS1","TAL1","ridge",720,43,NA,0.614029259270698,NA,"cv_r2",NA,NA,NA,NA,NA,"sepsis"
"Mono_MS1","TAL1","spearman",720,43,NA,0.30739933783451,NA,"cv_r2",NA,NA,NA,NA,NA,"sepsis"
"Mono_MS1","EGR3","rf",720,43,0.67575297578327,0.679124055756885,NA,"oob_r2",-0.0247427985995578,0.0196078431372549,TRUE,0.896731433940736,0.874074074074074,"sepsis"
"Mono_MS1","EGR3","lm",720,43,NA,0.664978853989896,NA,"cv_r2",NA,NA,NA,NA,NA,"sepsis"
"Mono_MS1","EGR3","ridge",720,43,NA,0.662289474503305,NA,"cv_r2",NA,NA,NA,NA,NA,"sepsis"
"Mono_MS1","EGR3","spearman",720,43,NA,0.335399262724417,NA,"cv_r2",NA,NA,NA,NA,NA,"sepsis"
"Mono_MS1","SMAD1","rf",720,43,0.736469339833902,0.723017946091306,NA,"oob_r2",-0.0238642169022451,0.0196078431372549,TRUE,0.850145978052955,0.933333333333333,"sepsis"
"Mono_MS1","SMAD1","lm",720,43,NA,0.741613016471037,NA,"cv_r2",NA,NA,NA,NA,NA,"sepsis"
"Mono_MS1","SMAD1","ridge",720,43,NA,0.743175396690975,NA,"cv_r2",NA,NA,NA,NA,NA,"sepsis"
"Mono_MS1","SMAD1","spearman",720,43,NA,0.445546904967545,NA,"cv_r2",NA,NA,NA,NA,NA,"sepsis"
