"cluster","tf","method","n_obs","n_pred","oob_r2","cv_r2","lodo_r2","null_metric","null_q95","p_perm","beats_null","imp_stability_spearman","imp_top5_jaccard","dataset"
"Fibroblast","SPIB","rf",358,102,0.882894238957392,0.876833242086037,NA,"oob_r2",-0.0440680865122186,0.0196078431372549,TRUE,0.832302773395558,1,"tnbc"
"Fibroblast","SPIB","lm",358,102,NA,0.810102265797587,NA,"cv_r2",-0.441443402398527,0.0196078431372549,TRUE,NA,NA,"tnbc"
"Fibroblast","SPIB","ridge",358,102,NA,0.857615535391309,NA,"cv_r2",-0.00115162350217325,0.0196078431372549,TRUE,NA,NA,"tnbc"
"Fibroblast","SPIB","spearman",358,102,NA,0.422960220259961,NA,"cv_r2",0.00379378715529413,0.0196078431372549,TRUE,NA,NA,"tnbc"
"Fibroblast","E2F2","rf",358,102,0.852818059227466,0.856036803844871,NA,"oob_r2",-0.0347827199473502,0.0196078431372549,TRUE,0.830980630901468,0.762962962962963,"tnbc"
"Fibroblast","E2F2","lm",358,102,NA,0.764644408381242,NA,"cv_r2",-0.419019811070885,0.0196078431372549,TRUE,NA,NA,"tnbc"
"Fibroblast","E2F2","ridge",358,102,NA,0.826776827563039,NA,"cv_r2",-0.00295582488960607,0.0196078431372549,TRUE,NA,NA,"tnbc"
"Fibroblast","E2F2","spearman",358,102,NA,0.462291299468171,NA,"cv_r2",0.000763179750026168,0.0196078431372549,TRUE,NA,NA,"tnbc"
"Fibroblast","TFAP2C","rf",358,102,0.873818801936528,0.873285239144081,NA,"oob_r2",-0.0406287598459453,0.0196078431372549,TRUE,0.870861535039855,0.8,"tnbc"
"Fibroblast","TFAP2C","lm",358,102,NA,0.803651030973985,NA,"cv_r2",-0.403261009369393,0.0196078431372549,TRUE,NA,NA,"tnbc"
"Fibroblast","TFAP2C","ridge",358,102,NA,0.865108274525454,NA,"cv_r2",-0.00124163902269735,0.0196078431372549,TRUE,NA,NA,"tnbc"
"Fibroblast","TFAP2C","spearman",358,102,NA,0.376189385268397,NA,"cv_r2",-0.016295250609188,0.0196078431372549,TRUE,NA,NA,"tnbc"
"Fibroblast","EGR3","rf",358,102,0.880971626711237,0.86906504365664,NA,"oob_r2",-0.0519299968668796,0.0196078431372549,TRUE,0.8255641440786,0.734391534391534,"tnbc"
"Fibroblast","EGR3","lm",358,102,NA,0.837468876641217,NA,"cv_r2",-0.411296001317304,0.0196078431372549,TRUE,NA,NA,"tnbc"
"Fibroblast","EGR3","ridge",358,102,NA,0.865421012875851,NA,"cv_r2",-0.00170547004648195,0.0196078431372549,TRUE,NA,NA,"tnbc"
"Fibroblast","EGR3","spearman",358,102,NA,0.405056685498588,NA,"cv_r2",-0.000644897079492975,0.0196078431372549,TRUE,NA,NA,"tnbc"
"Fibroblast","HEY1","rf",358,102,0.849359898539671,0.845435840420999,NA,"oob_r2",-0.0419277834407879,0.0196078431372549,TRUE,0.830941175214038,0.64973544973545,"tnbc"
"Fibroblast","HEY1","lm",358,102,NA,0.737400182022344,NA,"cv_r2",-0.404701422203854,0.0196078431372549,TRUE,NA,NA,"tnbc"
"Fibroblast","HEY1","ridge",358,102,NA,0.809581819711902,NA,"cv_r2",-0.00299304659076962,0.0196078431372549,TRUE,NA,NA,"tnbc"
"Fibroblast","HEY1","spearman",358,102,NA,0.419826871429653,NA,"cv_r2",-0.00920642518123188,0.0196078431372549,TRUE,NA,NA,"tnbc"
"Fibroblast","ZBTB16","rf",358,102,0.865325776935247,0.859036715427188,NA,"oob_r2",-0.0433531079001571,0.0196078431372549,TRUE,0.802408933069206,0.822222222222222,"tnbc"
"Fibroblast","ZBTB16","lm",358,102,NA,0.803577927012609,NA,"cv_r2",-0.424407140995962,0.0196078431372549,TRUE,NA,NA,"tnbc"
"Fibroblast","ZBTB16","ridge",358,102,NA,0.850014026472583,NA,"cv_r2",0.000505109848549409,0.0196078431372549,TRUE,NA,NA,"tnbc"
"Fibroblast","ZBTB16","spearman",358,102,NA,0.552961009612572,NA,"cv_r2",0.00139154597497287,0.0196078431372549,TRUE,NA,NA,"tnbc"
"Fibroblast","LHX6","rf",358,102,0.847890432614691,0.82807252554646,NA,"oob_r2",-0.0485926146373411,0.0196078431372549,TRUE,0.820291657949347,0.698412698412698,"tnbc"
"Fibroblast","LHX6","lm",358,102,NA,0.765296368712641,NA,"cv_r2",-0.428538829989022,0.0196078431372549,TRUE,NA,NA,"tnbc"
"Fibroblast","LHX6","ridge",358,102,NA,0.805793526372346,NA,"cv_r2",-0.002513424840183,0.0196078431372549,TRUE,NA,NA,"tnbc"
"Fibroblast","LHX6","spearman",358,102,NA,0.541558560738283,NA,"cv_r2",0.00756631896132526,0.0196078431372549,TRUE,NA,NA,"tnbc"
"Fibroblast","MYC","rf",358,102,0.850669435676234,0.852583195973431,NA,"oob_r2",-0.0471318987495526,0.0196078431372549,TRUE,0.804825531096799,0.724867724867725,"tnbc"
"Fibroblast","MYC","lm",358,102,NA,0.789745551295062,NA,"cv_r2",-0.44182585449758,0.0196078431372549,TRUE,NA,NA,"tnbc"
"Fibroblast","MYC","ridge",358,102,NA,0.840174819634991,NA,"cv_r2",-0.00158690489990817,0.0196078431372549,TRUE,NA,NA,"tnbc"
"Fibroblast","MYC","spearman",358,102,NA,0.392275766439644,NA,"cv_r2",-0.00804532479469881,0.0196078431372549,TRUE,NA,NA,"tnbc"
"Fibroblast","KLF13","rf",358,102,0.847552996267059,0.828517034388277,NA,"oob_r2",-0.0331111297728181,0.0196078431372549,TRUE,0.843471748659732,0.762962962962963,"tnbc"
"Fibroblast","KLF13","lm",358,102,NA,0.767403167734779,NA,"cv_r2",-0.391059251518413,0.0196078431372549,TRUE,NA,NA,"tnbc"
"Fibroblast","KLF13","ridge",358,102,NA,0.836889557564313,NA,"cv_r2",-0.00240019834135764,0.0196078431372549,TRUE,NA,NA,"tnbc"
"Fibroblast","KLF13","spearman",358,102,NA,0.525929497505032,NA,"cv_r2",0.00520222556195095,0.0196078431372549,TRUE,NA,NA,"tnbc"
"Fibroblast","ZNF708","rf",358,102,0.808741066065184,0.805288028231652,NA,"oob_r2",-0.0436541768749681,0.0196078431372549,TRUE,0.795562240404509,0.874074074074074,"tnbc"
"Fibroblast","ZNF708","lm",358,102,NA,0.576641207776359,NA,"cv_r2",-0.369760011744853,0.0196078431372549,TRUE,NA,NA,"tnbc"
"Fibroblast","ZNF708","ridge",358,102,NA,0.738102060798396,NA,"cv_r2",0.00273786102292729,0.0196078431372549,TRUE,NA,NA,"tnbc"
"Fibroblast","ZNF708","spearman",358,102,NA,0.376439432495602,NA,"cv_r2",-0.0010397690522285,0.0196078431372549,TRUE,NA,NA,"tnbc"
"Fibroblast","NR4A1","rf",358,102,0.859353945048654,0.855444756433294,NA,"oob_r2",-0.0476633240409782,0.0196078431372549,TRUE,0.833880498272557,0.814814814814815,"tnbc"
"Fibroblast","NR4A1","lm",358,102,NA,0.795555517737106,NA,"cv_r2",-0.418832023301941,0.0196078431372549,TRUE,NA,NA,"tnbc"
"Fibroblast","NR4A1","ridge",358,102,NA,0.851525978811399,NA,"cv_r2",-0.0019483649863112,0.0196078431372549,TRUE,NA,NA,"tnbc"
"Fibroblast","NR4A1","spearman",358,102,NA,0.4375960566088,NA,"cv_r2",-0.00660565748483089,0.0196078431372549,TRUE,NA,NA,"tnbc"
"Fibroblast","FOXO4","rf",358,102,0.875300968159179,0.87488987986252,NA,"oob_r2",-0.0508984067739228,0.0196078431372549,TRUE,0.842963348305133,1,"tnbc"
"Fibroblast","FOXO4","lm",358,102,NA,0.80636888736664,NA,"cv_r2",-0.441888413553284,0.0196078431372549,TRUE,NA,NA,"tnbc"
"Fibroblast","FOXO4","ridge",358,102,NA,0.854080877128385,NA,"cv_r2",-0.00174942552269085,0.0196078431372549,TRUE,NA,NA,"tnbc"
"Fibroblast","FOXO4","spearman",358,102,NA,0.42184487429736,NA,"cv_r2",-0.00811057006476639,0.0196078431372549,TRUE,NA,NA,"tnbc"
"Fibroblast","ZNF384","rf",358,102,0.834273931278298,0.830472214608582,NA,"oob_r2",-0.0386122935741629,0.0196078431372549,TRUE,0.829635116567054,0.748148148148148,"tnbc"
"Fibroblast","ZNF384","lm",358,102,NA,0.775584346130871,NA,"cv_r2",-0.400986079572083,0.0196078431372549,TRUE,NA,NA,"tnbc"
"Fibroblast","ZNF384","ridge",358,102,NA,0.813427426524908,NA,"cv_r2",-0.00239538141783318,0.0196078431372549,TRUE,NA,NA,"tnbc"
"Fibroblast","ZNF384","spearman",358,102,NA,0.503052003291984,NA,"cv_r2",0.00931989844707346,0.0196078431372549,TRUE,NA,NA,"tnbc"
"Fibroblast","ESR2","rf",358,102,0.872204232310666,0.861247662260066,NA,"oob_r2",-0.0473420355279952,0.0196078431372549,TRUE,0.853554310313955,1,"tnbc"
"Fibroblast","ESR2","lm",358,102,NA,0.793142999310559,NA,"cv_r2",-0.4101067879871,0.0196078431372549,TRUE,NA,NA,"tnbc"
"Fibroblast","ESR2","ridge",358,102,NA,0.850911045071732,NA,"cv_r2",-0.00171140473104289,0.0196078431372549,TRUE,NA,NA,"tnbc"
"Fibroblast","ESR2","spearman",358,102,NA,0.365994071362568,NA,"cv_r2",-0.00581829076620765,0.0196078431372549,TRUE,NA,NA,"tnbc"
"Fibroblast","ELK4","rf",358,102,0.906124209624256,0.906639724096477,NA,"oob_r2",-0.0511367921489693,0.0196078431372549,TRUE,0.84797874419081,0.740740740740741,"tnbc"
"Fibroblast","ELK4","lm",358,102,NA,0.81819338047126,NA,"cv_r2",-0.429315259814579,0.0196078431372549,TRUE,NA,NA,"tnbc"
"Fibroblast","ELK4","ridge",358,102,NA,0.8782212057338,NA,"cv_r2",-0.00190682803630844,0.0196078431372549,TRUE,NA,NA,"tnbc"
"Fibroblast","ELK4","spearman",358,102,NA,0.512721142301222,NA,"cv_r2",0.00118132080968756,0.0196078431372549,TRUE,NA,NA,"tnbc"
"Fibroblast","ZNF148","rf",358,102,0.880596202499077,0.870005773947824,NA,"oob_r2",-0.036852962841241,0.0196078431372549,TRUE,0.812485714590877,1,"tnbc"
"Fibroblast","ZNF148","lm",358,102,NA,0.804399280048511,NA,"cv_r2",-0.425001403271542,0.0196078431372549,TRUE,NA,NA,"tnbc"
"Fibroblast","ZNF148","ridge",358,102,NA,0.859436746438525,NA,"cv_r2",-0.000660437073715849,0.0196078431372549,TRUE,NA,NA,"tnbc"
"Fibroblast","ZNF148","spearman",358,102,NA,0.40167374058621,NA,"cv_r2",-0.00266889851712002,0.0196078431372549,TRUE,NA,NA,"tnbc"
"Fibroblast","MAFB","rf",358,102,0.892895057688036,0.884682686470161,NA,"oob_r2",-0.0524100084616368,0.0196078431372549,TRUE,0.84064249942984,0.933333333333333,"tnbc"
"Fibroblast","MAFB","lm",358,102,NA,0.780413609247925,NA,"cv_r2",-0.410835786089626,0.0196078431372549,TRUE,NA,NA,"tnbc"
"Fibroblast","MAFB","ridge",358,102,NA,0.849441947270995,NA,"cv_r2",-2.90600453115652e-05,0.0196078431372549,TRUE,NA,NA,"tnbc"
"Fibroblast","MAFB","spearman",358,102,NA,0.494098405902828,NA,"cv_r2",0.0112366641344902,0.0196078431372549,TRUE,NA,NA,"tnbc"
"Fibroblast","ESRRA","rf",358,102,0.904763770794026,0.905413392815909,NA,"oob_r2",-0.0590409891870636,0.0196078431372549,TRUE,0.825194427249572,0.816931216931217,"tnbc"
"Fibroblast","ESRRA","lm",358,102,NA,0.847152216369718,NA,"cv_r2",-0.409717015746279,0.0196078431372549,TRUE,NA,NA,"tnbc"
"Fibroblast","ESRRA","ridge",358,102,NA,0.888890405374384,NA,"cv_r2",-0.0014529358369107,0.0196078431372549,TRUE,NA,NA,"tnbc"
"Fibroblast","ESRRA","spearman",358,102,NA,0.441493198295628,NA,"cv_r2",0.00920695743431591,0.0196078431372549,TRUE,NA,NA,"tnbc"
"Fibroblast","KLF2","rf",358,102,0.862058250251662,0.854869549805594,NA,"oob_r2",-0.0429120476721584,0.0196078431372549,TRUE,0.839094680456053,1,"tnbc"
"Fibroblast","KLF2","lm",358,102,NA,0.819422340267335,NA,"cv_r2",-0.430723400528774,0.0196078431372549,TRUE,NA,NA,"tnbc"
"Fibroblast","KLF2","ridge",358,102,NA,0.862988289600347,NA,"cv_r2",-0.00027637581527311,0.0196078431372549,TRUE,NA,NA,"tnbc"
"Fibroblast","KLF2","spearman",358,102,NA,0.308979802692066,NA,"cv_r2",-0.00184386958367014,0.0196078431372549,TRUE,NA,NA,"tnbc"
"Fibroblast","FOXP3","rf",358,102,0.838471757926926,0.82943489571075,NA,"oob_r2",-0.038361287023778,0.0196078431372549,TRUE,0.835912843140396,0.725925925925926,"tnbc"
"Fibroblast","FOXP3","lm",358,102,NA,0.741503217995567,NA,"cv_r2",-0.408611493861039,0.0196078431372549,TRUE,NA,NA,"tnbc"
"Fibroblast","FOXP3","ridge",358,102,NA,0.806980548146367,NA,"cv_r2",-0.00246610591753932,0.0196078431372549,TRUE,NA,NA,"tnbc"
"Fibroblast","FOXP3","spearman",358,102,NA,0.270159033822937,NA,"cv_r2",-0.00633902847245705,0.0196078431372549,TRUE,NA,NA,"tnbc"
"Fibroblast","HIC2","rf",358,102,0.739917368764637,0.715687503202486,NA,"oob_r2",-0.0439778547429215,0.0196078431372549,TRUE,0.78166655043574,0.771428571428571,"tnbc"
"Fibroblast","HIC2","lm",358,102,NA,0.540898597838656,NA,"cv_r2",-0.453761233693717,0.0196078431372549,TRUE,NA,NA,"tnbc"
"Fibroblast","HIC2","ridge",358,102,NA,0.693128344807744,NA,"cv_r2",-0.000563427291758382,0.0196078431372549,TRUE,NA,NA,"tnbc"
"Fibroblast","HIC2","spearman",358,102,NA,0.407170913978939,NA,"cv_r2",0.00889941529623604,0.0196078431372549,TRUE,NA,NA,"tnbc"
"Fibroblast","NR2F2","rf",358,102,0.900512429788048,0.908644659503892,NA,"oob_r2",-0.0692057609792441,0.0196078431372549,TRUE,0.790716042463779,0.673015873015873,"tnbc"
"Fibroblast","NR2F2","lm",358,102,NA,0.840187644163272,NA,"cv_r2",-0.397614354906199,0.0196078431372549,TRUE,NA,NA,"tnbc"
"Fibroblast","NR2F2","ridge",358,102,NA,0.884194866681398,NA,"cv_r2",-0.00176792731606105,0.0196078431372549,TRUE,NA,NA,"tnbc"
"Fibroblast","NR2F2","spearman",358,102,NA,0.421233044368447,NA,"cv_r2",0.00112302739152484,0.0196078431372549,TRUE,NA,NA,"tnbc"
"Fibroblast","HOXA6","rf",358,102,0.90186665034712,0.908577601192853,NA,"oob_r2",-0.0743495451719532,0.0196078431372549,TRUE,0.799614615944747,0.7005291005291,"tnbc"
"Fibroblast","HOXA6","lm",358,102,NA,0.844636852195924,NA,"cv_r2",-0.411839066848783,0.0196078431372549,TRUE,NA,NA,"tnbc"
"Fibroblast","HOXA6","ridge",358,102,NA,0.878803824965661,NA,"cv_r2",-9.27071603524941e-05,0.0196078431372549,TRUE,NA,NA,"tnbc"
"Fibroblast","HOXA6","spearman",358,102,NA,0.442819643627873,NA,"cv_r2",0.000914072553106287,0.0196078431372549,TRUE,NA,NA,"tnbc"
"Fibroblast","CENPB","rf",358,102,0.893594752424637,0.897295777950433,NA,"oob_r2",-0.0687750706438223,0.0196078431372549,TRUE,0.79487440463064,0.748148148148148,"tnbc"
"Fibroblast","CENPB","lm",358,102,NA,0.822486258237045,NA,"cv_r2",-0.433742673240147,0.0196078431372549,TRUE,NA,NA,"tnbc"
"Fibroblast","CENPB","ridge",358,102,NA,0.875309279611078,NA,"cv_r2",-0.00183124059421241,0.0196078431372549,TRUE,NA,NA,"tnbc"
"Fibroblast","CENPB","spearman",358,102,NA,0.432870248327021,NA,"cv_r2",0.000390248025667031,0.0196078431372549,TRUE,NA,NA,"tnbc"
"Fibroblast","TBX2","rf",358,102,0.910274294682303,0.898459353438951,NA,"oob_r2",-0.0697059347802085,0.0196078431372549,TRUE,0.791264334885802,0.874074074074074,"tnbc"
"Fibroblast","TBX2","lm",358,102,NA,0.839175879567522,NA,"cv_r2",-0.442858479938329,0.0196078431372549,TRUE,NA,NA,"tnbc"
"Fibroblast","TBX2","ridge",358,102,NA,0.882449589538971,NA,"cv_r2",-0.00115356105817906,0.0196078431372549,TRUE,NA,NA,"tnbc"
"Fibroblast","TBX2","spearman",358,102,NA,0.392026089851998,NA,"cv_r2",-0.00374440886087975,0.0196078431372549,TRUE,NA,NA,"tnbc"
"Fibroblast","ZNF554","rf",358,102,0.787211724130099,0.796638268265498,NA,"oob_r2",-0.0353429710692569,0.0196078431372549,TRUE,0.82964893862316,0.814814814814815,"tnbc"
"Fibroblast","ZNF554","lm",358,102,NA,0.731730730433173,NA,"cv_r2",-0.465246784915948,0.0196078431372549,TRUE,NA,NA,"tnbc"
"Fibroblast","ZNF554","ridge",358,102,NA,0.801736116710173,NA,"cv_r2",0.000624467449608517,0.0196078431372549,TRUE,NA,NA,"tnbc"
"Fibroblast","ZNF554","spearman",358,102,NA,0.383523339924865,NA,"cv_r2",0.00640013690720191,0.0196078431372549,TRUE,NA,NA,"tnbc"
"Fibroblast","FOS","rf",358,102,0.851624390349353,0.84683097093504,NA,"oob_r2",-0.0461441564085886,0.0196078431372549,TRUE,0.851713715060826,0.77989417989418,"tnbc"
"Fibroblast","FOS","lm",358,102,NA,0.803367857249517,NA,"cv_r2",-0.460566193912979,0.0196078431372549,TRUE,NA,NA,"tnbc"
"Fibroblast","FOS","ridge",358,102,NA,0.848839454964426,NA,"cv_r2",-0.00300209992294227,0.0196078431372549,TRUE,NA,NA,"tnbc"
"Fibroblast","FOS","spearman",358,102,NA,0.294760616503399,NA,"cv_r2",0.002261399545251,0.0196078431372549,TRUE,NA,NA,"tnbc"
"Fibroblast","DMRT3","rf",358,102,0.879909930130151,0.871387727082474,NA,"oob_r2",-0.0739671337376345,0.0196078431372549,TRUE,0.783704424126022,0.762962962962963,"tnbc"
"Fibroblast","DMRT3","lm",358,102,NA,0.754380141766578,NA,"cv_r2",-0.399966129964343,0.0196078431372549,TRUE,NA,NA,"tnbc"
"Fibroblast","DMRT3","ridge",358,102,NA,0.84055715705815,NA,"cv_r2",-0.000634335442645061,0.0196078431372549,TRUE,NA,NA,"tnbc"
"Fibroblast","DMRT3","spearman",358,102,NA,0.428757538787585,NA,"cv_r2",-0.00234902441217797,0.0196078431372549,TRUE,NA,NA,"tnbc"
"Fibroblast","EOMES","rf",358,102,0.819270154681772,0.820308400203265,NA,"oob_r2",-0.0328164407593508,0.0196078431372549,TRUE,0.838729275554626,0.785185185185185,"tnbc"
"Fibroblast","EOMES","lm",358,102,NA,0.690240408805462,NA,"cv_r2",-0.468999588043076,0.0196078431372549,TRUE,NA,NA,"tnbc"
"Fibroblast","EOMES","ridge",358,102,NA,0.791447623916067,NA,"cv_r2",0.000822889638153558,0.0196078431372549,TRUE,NA,NA,"tnbc"
"Fibroblast","EOMES","spearman",358,102,NA,0.287009990110357,NA,"cv_r2",-0.00892344616972007,0.0196078431372549,TRUE,NA,NA,"tnbc"
"Fibroblast","ZNF75D","rf",358,102,0.87157282458594,0.855617127971283,NA,"oob_r2",-0.0668819571917603,0.0196078431372549,TRUE,0.83295718492466,0.729100529100529,"tnbc"
"Fibroblast","ZNF75D","lm",358,102,NA,0.761152421338443,NA,"cv_r2",-0.440474969104734,0.0196078431372549,TRUE,NA,NA,"tnbc"
"Fibroblast","ZNF75D","ridge",358,102,NA,0.828366272956006,NA,"cv_r2",-0.002278783405042,0.0196078431372549,TRUE,NA,NA,"tnbc"
"Fibroblast","ZNF75D","spearman",358,102,NA,0.470165589482189,NA,"cv_r2",-0.0031144947735816,0.0196078431372549,TRUE,NA,NA,"tnbc"
"Fibroblast","TP53","rf",358,102,0.899190065565784,0.897763249074057,NA,"oob_r2",-0.0643186667445515,0.0196078431372549,TRUE,0.80855673231515,0.645502645502645,"tnbc"
"Fibroblast","TP53","lm",358,102,NA,0.825170282842432,NA,"cv_r2",-0.387642758789345,0.0196078431372549,TRUE,NA,NA,"tnbc"
"Fibroblast","TP53","ridge",358,102,NA,0.86280626246207,NA,"cv_r2",0.000379179827933162,0.0196078431372549,TRUE,NA,NA,"tnbc"
"Fibroblast","TP53","spearman",358,102,NA,0.507171136087326,NA,"cv_r2",0.00495072991007217,0.0196078431372549,TRUE,NA,NA,"tnbc"
"Fibroblast","IRX2","rf",358,102,0.879114258281599,0.882779589961111,NA,"oob_r2",-0.0702060234712978,0.0196078431372549,TRUE,0.810377474069509,0.933333333333333,"tnbc"
"Fibroblast","IRX2","lm",358,102,NA,0.808670675229596,NA,"cv_r2",-0.411727287490717,0.0196078431372549,TRUE,NA,NA,"tnbc"
"Fibroblast","IRX2","ridge",358,102,NA,0.852484483781672,NA,"cv_r2",-0.00209963507666048,0.0196078431372549,TRUE,NA,NA,"tnbc"
"Fibroblast","IRX2","spearman",358,102,NA,0.414393236026423,NA,"cv_r2",-0.00064900568596139,0.0196078431372549,TRUE,NA,NA,"tnbc"
"Fibroblast","HEYL","rf",358,102,0.919020746732695,0.906830652866309,NA,"oob_r2",-0.0721690082111661,0.0196078431372549,TRUE,0.808449171587633,0.881481481481481,"tnbc"
"Fibroblast","HEYL","lm",358,102,NA,0.86872549611993,NA,"cv_r2",-0.414709673317526,0.0196078431372549,TRUE,NA,NA,"tnbc"
"Fibroblast","HEYL","ridge",358,102,NA,0.897658959866507,NA,"cv_r2",-0.00178460822536034,0.0196078431372549,TRUE,NA,NA,"tnbc"
"Fibroblast","HEYL","spearman",358,102,NA,0.510608120777756,NA,"cv_r2",0.00120506651631498,0.0196078431372549,TRUE,NA,NA,"tnbc"
"Fibroblast","MYBL1","rf",358,102,0.813175828108451,0.801134719505796,NA,"oob_r2",-0.0621785678119389,0.0196078431372549,TRUE,0.75786823685224,0.814814814814815,"tnbc"
"Fibroblast","MYBL1","lm",358,102,NA,0.719266743981727,NA,"cv_r2",-0.443890207961871,0.0196078431372549,TRUE,NA,NA,"tnbc"
"Fibroblast","MYBL1","ridge",358,102,NA,0.786881955174143,NA,"cv_r2",-0.000875830480623255,0.0196078431372549,TRUE,NA,NA,"tnbc"
"Fibroblast","MYBL1","spearman",358,102,NA,0.46560832320534,NA,"cv_r2",-0.0044006495376508,0.0196078431372549,TRUE,NA,NA,"tnbc"
"Fibroblast","BARX1","rf",358,102,0.799244283425049,0.790125046200762,NA,"oob_r2",-0.0593104651927537,0.0196078431372549,TRUE,0.78130516649609,1,"tnbc"
"Fibroblast","BARX1","lm",358,102,NA,0.685151001416962,NA,"cv_r2",-0.442985562003842,0.0196078431372549,TRUE,NA,NA,"tnbc"
"Fibroblast","BARX1","ridge",358,102,NA,0.787522391005675,NA,"cv_r2",-0.00193719600767093,0.0196078431372549,TRUE,NA,NA,"tnbc"
"Fibroblast","BARX1","spearman",358,102,NA,0.484877266210693,NA,"cv_r2",-0.00307922935245872,0.0196078431372549,TRUE,NA,NA,"tnbc"
"Fibroblast","KLF4","rf",358,102,0.864875218270006,0.856374902955691,NA,"oob_r2",-0.0403125520914235,0.0196078431372549,TRUE,0.832247485171133,0.822222222222222,"tnbc"
"Fibroblast","KLF4","lm",358,102,NA,0.790851603513697,NA,"cv_r2",-0.482693100690365,0.0196078431372549,TRUE,NA,NA,"tnbc"
"Fibroblast","KLF4","ridge",358,102,NA,0.843496258087288,NA,"cv_r2",-0.00201754765423185,0.0196078431372549,TRUE,NA,NA,"tnbc"
"Fibroblast","KLF4","spearman",358,102,NA,0.272511301584152,NA,"cv_r2",-0.00112205633329447,0.0196078431372549,TRUE,NA,NA,"tnbc"
"Fibroblast","NHLH1","rf",358,102,0.880013673672886,0.8848428622816,NA,"oob_r2",-0.0562635450703034,0.0196078431372549,TRUE,0.85415519278941,0.816931216931217,"tnbc"
"Fibroblast","NHLH1","lm",358,102,NA,0.822858680258997,NA,"cv_r2",-0.457266094540215,0.0196078431372549,TRUE,NA,NA,"tnbc"
"Fibroblast","NHLH1","ridge",358,102,NA,0.870490392987768,NA,"cv_r2",-0.0025723792572264,0.0196078431372549,TRUE,NA,NA,"tnbc"
"Fibroblast","NHLH1","spearman",358,102,NA,0.61720342231197,NA,"cv_r2",-0.00436073469022849,0.0196078431372549,TRUE,NA,NA,"tnbc"
"Fibroblast","BHLHE22","rf",358,102,0.819288852958116,0.810540509819937,NA,"oob_r2",-0.0281383099643416,0.0196078431372549,TRUE,0.869259684392197,0.785185185185185,"tnbc"
"Fibroblast","BHLHE22","lm",358,102,NA,0.727205747054373,NA,"cv_r2",-0.384375721291675,0.0196078431372549,TRUE,NA,NA,"tnbc"
"Fibroblast","BHLHE22","ridge",358,102,NA,0.760893222528585,NA,"cv_r2",-0.00139283780398872,0.0196078431372549,TRUE,NA,NA,"tnbc"
"Fibroblast","BHLHE22","spearman",358,102,NA,0.474423143954432,NA,"cv_r2",0.00100345784007125,0.0196078431372549,TRUE,NA,NA,"tnbc"
"Fibroblast","ZNF165","rf",358,102,0.889637035247824,0.890345797925738,NA,"oob_r2",-0.0639523630170966,0.0196078431372549,TRUE,0.805889326796757,0.82962962962963,"tnbc"
"Fibroblast","ZNF165","lm",358,102,NA,0.80508350642327,NA,"cv_r2",-0.424749465383614,0.0196078431372549,TRUE,NA,NA,"tnbc"
"Fibroblast","ZNF165","ridge",358,102,NA,0.86362389206207,NA,"cv_r2",-0.00226957334715087,0.0196078431372549,TRUE,NA,NA,"tnbc"
"Fibroblast","ZNF165","spearman",358,102,NA,0.536425101845053,NA,"cv_r2",0.0112955308508941,0.0196078431372549,TRUE,NA,NA,"tnbc"
"Fibroblast","SCX","rf",358,102,0.903242769614902,0.901902372444567,NA,"oob_r2",-0.0683443588161606,0.0196078431372549,TRUE,0.872082902179424,0.814814814814815,"tnbc"
"Fibroblast","SCX","lm",358,102,NA,0.835761190966269,NA,"cv_r2",-0.42575997726418,0.0196078431372549,TRUE,NA,NA,"tnbc"
"Fibroblast","SCX","ridge",358,102,NA,0.872870877243154,NA,"cv_r2",-0.00187441421217793,0.0196078431372549,TRUE,NA,NA,"tnbc"
"Fibroblast","SCX","spearman",358,102,NA,0.462364233662116,NA,"cv_r2",0.0189003506404464,0.0196078431372549,TRUE,NA,NA,"tnbc"
"Fibroblast","EN1","rf",358,102,0.860944694773551,0.855327726852891,NA,"oob_r2",-0.0266952854351603,0.0196078431372549,TRUE,0.826820443323601,0.933333333333333,"tnbc"
"Fibroblast","EN1","lm",358,102,NA,0.763068759812726,NA,"cv_r2",-0.422553907148766,0.0196078431372549,TRUE,NA,NA,"tnbc"
"Fibroblast","EN1","ridge",358,102,NA,0.828551360590177,NA,"cv_r2",-0.00163274500689792,0.0196078431372549,TRUE,NA,NA,"tnbc"
"Fibroblast","EN1","spearman",358,102,NA,0.66725745364941,NA,"cv_r2",0.00946659204779767,0.0196078431372549,TRUE,NA,NA,"tnbc"
"Fibroblast","CEBPA","rf",358,102,0.879313622473107,0.87097093348863,NA,"oob_r2",-0.0585058138152403,0.0196078431372549,TRUE,0.825336959738235,0.8,"tnbc"
"Fibroblast","CEBPA","lm",358,102,NA,0.792162855882423,NA,"cv_r2",-0.469201361316681,0.0196078431372549,TRUE,NA,NA,"tnbc"
"Fibroblast","CEBPA","ridge",358,102,NA,0.85133384290142,NA,"cv_r2",-0.00105441194131673,0.0196078431372549,TRUE,NA,NA,"tnbc"
"Fibroblast","CEBPA","spearman",358,102,NA,0.625349262830813,NA,"cv_r2",0.00393522196532242,0.0196078431372549,TRUE,NA,NA,"tnbc"
"Fibroblast","EHF","rf",358,102,0.8518750812797,0.851421743328841,NA,"oob_r2",-0.0107715832289474,0.0196078431372549,TRUE,0.853210266771966,0.732275132275132,"tnbc"
"Fibroblast","EHF","lm",358,102,NA,0.801528092370782,NA,"cv_r2",-0.412398802880705,0.0196078431372549,TRUE,NA,NA,"tnbc"
"Fibroblast","EHF","ridge",358,102,NA,0.844128116594548,NA,"cv_r2",6.08847971790406e-05,0.0196078431372549,TRUE,NA,NA,"tnbc"
"Fibroblast","EHF","spearman",358,102,NA,0.521510225042943,NA,"cv_r2",-0.0082980110064044,0.0196078431372549,TRUE,NA,NA,"tnbc"
"Fibroblast","ELF3","rf",358,102,0.828094234027335,0.819338669330752,NA,"oob_r2",-0.0352309504909491,0.0196078431372549,TRUE,0.843314679840343,0.8,"tnbc"
"Fibroblast","ELF3","lm",358,102,NA,0.750296522474324,NA,"cv_r2",-0.421979997531362,0.0196078431372549,TRUE,NA,NA,"tnbc"
"Fibroblast","ELF3","ridge",358,102,NA,0.809554200903034,NA,"cv_r2",-0.00326739360235479,0.0196078431372549,TRUE,NA,NA,"tnbc"
"Fibroblast","ELF3","spearman",358,102,NA,0.32762433063317,NA,"cv_r2",0.00278343014858914,0.0196078431372549,TRUE,NA,NA,"tnbc"
"Fibroblast","FOXM1","rf",358,102,0.807328591856456,0.790414238133128,NA,"oob_r2",-0.0446186684469859,0.0196078431372549,TRUE,0.862168969609697,0.792592592592593,"tnbc"
"Fibroblast","FOXM1","lm",358,102,NA,0.704090855888783,NA,"cv_r2",-0.407590996091783,0.0196078431372549,TRUE,NA,NA,"tnbc"
"Fibroblast","FOXM1","ridge",358,102,NA,0.770379580720749,NA,"cv_r2",0.00690234604293591,0.0196078431372549,TRUE,NA,NA,"tnbc"
"Fibroblast","FOXM1","spearman",358,102,NA,0.400341349318764,NA,"cv_r2",0.00187901622530046,0.0196078431372549,TRUE,NA,NA,"tnbc"
"Fibroblast","OSR1","rf",358,102,0.828311352413006,0.837851371371599,NA,"oob_r2",-0.0322433479033824,0.0196078431372549,TRUE,0.831673241567446,0.933333333333333,"tnbc"
"Fibroblast","OSR1","lm",358,102,NA,0.731861121183876,NA,"cv_r2",-0.430279752024665,0.0196078431372549,TRUE,NA,NA,"tnbc"
"Fibroblast","OSR1","ridge",358,102,NA,0.811216439591693,NA,"cv_r2",-0.00105977796745272,0.0196078431372549,TRUE,NA,NA,"tnbc"
"Fibroblast","OSR1","spearman",358,102,NA,0.405446997032,NA,"cv_r2",-0.00116890980382778,0.0196078431372549,TRUE,NA,NA,"tnbc"
"Fibroblast","SPI1","rf",358,102,0.893411410174736,0.884600065526685,NA,"oob_r2",-0.0398291591266333,0.0196078431372549,TRUE,0.837877082968148,0.933333333333333,"tnbc"
"Fibroblast","SPI1","lm",358,102,NA,0.816420881423068,NA,"cv_r2",-0.444892920977428,0.0196078431372549,TRUE,NA,NA,"tnbc"
"Fibroblast","SPI1","ridge",358,102,NA,0.860019362583318,NA,"cv_r2",-0.000393760015099085,0.0196078431372549,TRUE,NA,NA,"tnbc"
"Fibroblast","SPI1","spearman",358,102,NA,0.610537972231393,NA,"cv_r2",0.00410755936622717,0.0196078431372549,TRUE,NA,NA,"tnbc"
"Fibroblast","TEAD4","rf",358,102,0.891816063830836,0.88301229614656,NA,"oob_r2",-0.0497843407861126,0.0196078431372549,TRUE,0.869029233020389,0.785185185185185,"tnbc"
"Fibroblast","TEAD4","lm",358,102,NA,0.800321863889375,NA,"cv_r2",-0.444849318163745,0.0196078431372549,TRUE,NA,NA,"tnbc"
"Fibroblast","TEAD4","ridge",358,102,NA,0.845038090756985,NA,"cv_r2",-0.00256777368941536,0.0196078431372549,TRUE,NA,NA,"tnbc"
"Fibroblast","TEAD4","spearman",358,102,NA,0.539926018216759,NA,"cv_r2",0.0143724491680023,0.0196078431372549,TRUE,NA,NA,"tnbc"
"Fibroblast","POLR3A","rf",358,102,0.913930134066312,0.909944511492823,NA,"oob_r2",-0.051346255879395,0.0196078431372549,TRUE,0.866533974928047,0.762962962962963,"tnbc"
"Fibroblast","POLR3A","lm",358,102,NA,0.843740250419756,NA,"cv_r2",-0.420156777316109,0.0196078431372549,TRUE,NA,NA,"tnbc"
"Fibroblast","POLR3A","ridge",358,102,NA,0.889570137182098,NA,"cv_r2",-0.00106375680216486,0.0196078431372549,TRUE,NA,NA,"tnbc"
"Fibroblast","POLR3A","spearman",358,102,NA,0.628123046275955,NA,"cv_r2",0.00395684405476425,0.0196078431372549,TRUE,NA,NA,"tnbc"
"Fibroblast","ARID3A","rf",358,102,0.816734526996875,0.804306176227586,NA,"oob_r2",-0.0546830768372791,0.0196078431372549,TRUE,0.756983876571552,0.881481481481481,"tnbc"
"Fibroblast","ARID3A","lm",358,102,NA,0.691712895966289,NA,"cv_r2",-0.43475980419743,0.0196078431372549,TRUE,NA,NA,"tnbc"
"Fibroblast","ARID3A","ridge",358,102,NA,0.783095253859905,NA,"cv_r2",-0.00201889640297092,0.0196078431372549,TRUE,NA,NA,"tnbc"
"Fibroblast","ARID3A","spearman",358,102,NA,0.67562290947688,NA,"cv_r2",-0.000210105233011321,0.0196078431372549,TRUE,NA,NA,"tnbc"
"Fibroblast","HSF4","rf",358,102,0.845421877298313,0.843786523114048,NA,"oob_r2",-0.0398297869688353,0.0196078431372549,TRUE,0.860445736178415,0.697354497354497,"tnbc"
"Fibroblast","HSF4","lm",358,102,NA,0.749432087781822,NA,"cv_r2",-0.43339775274883,0.0196078431372549,TRUE,NA,NA,"tnbc"
"Fibroblast","HSF4","ridge",358,102,NA,0.817430771562421,NA,"cv_r2",-0.00243353478118541,0.0196078431372549,TRUE,NA,NA,"tnbc"
"Fibroblast","HSF4","spearman",358,102,NA,0.49385103156337,NA,"cv_r2",-0.0022892458661208,0.0196078431372549,TRUE,NA,NA,"tnbc"
"Fibroblast","E2F1","rf",358,102,0.931147778954693,0.929113808036467,NA,"oob_r2",-0.0494481446081954,0.0196078431372549,TRUE,0.870111625668563,0.703703703703704,"tnbc"
"Fibroblast","E2F1","lm",358,102,NA,0.922080490353605,NA,"cv_r2",-0.455625389323387,0.0196078431372549,TRUE,NA,NA,"tnbc"
"Fibroblast","E2F1","ridge",358,102,NA,0.93103828085204,NA,"cv_r2",-0.00213994999373606,0.0196078431372549,TRUE,NA,NA,"tnbc"
"Fibroblast","E2F1","spearman",358,102,NA,0.580199446456009,NA,"cv_r2",0.00966364456099256,0.0196078431372549,TRUE,NA,NA,"tnbc"
"Fibroblast","YBX1","rf",358,102,0.861807637817356,0.841091889090312,NA,"oob_r2",-0.0297402574305655,0.0196078431372549,TRUE,0.855818111794046,0.785185185185185,"tnbc"
"Fibroblast","YBX1","lm",358,102,NA,0.760770913184965,NA,"cv_r2",-0.449188575669536,0.0196078431372549,TRUE,NA,NA,"tnbc"
"Fibroblast","YBX1","ridge",358,102,NA,0.814850232165393,NA,"cv_r2",-0.00113230614956857,0.0196078431372549,TRUE,NA,NA,"tnbc"
"Fibroblast","YBX1","spearman",358,102,NA,0.530096816864891,NA,"cv_r2",0.00802642903194814,0.0196078431372549,TRUE,NA,NA,"tnbc"
"Fibroblast","IRF6","rf",358,102,0.883713950035344,0.884258650282408,NA,"oob_r2",-0.0426723849830768,0.0196078431372549,TRUE,0.888489180157308,0.697354497354497,"tnbc"
"Fibroblast","IRF6","lm",358,102,NA,0.840759633317779,NA,"cv_r2",-0.472546012280456,0.0196078431372549,TRUE,NA,NA,"tnbc"
"Fibroblast","IRF6","ridge",358,102,NA,0.871876672870494,NA,"cv_r2",-0.00240893624391597,0.0196078431372549,TRUE,NA,NA,"tnbc"
"Fibroblast","IRF6","spearman",358,102,NA,0.4747891774213,NA,"cv_r2",0.00696521446153468,0.0196078431372549,TRUE,NA,NA,"tnbc"
"Fibroblast","ZNF683","rf",358,102,0.859768989146671,0.860952605116482,NA,"oob_r2",-0.062429663745504,0.0196078431372549,TRUE,0.867879489262461,0.717460317460317,"tnbc"
"Fibroblast","ZNF683","lm",358,102,NA,0.73427658418309,NA,"cv_r2",-0.454790735517776,0.0196078431372549,TRUE,NA,NA,"tnbc"
"Fibroblast","ZNF683","ridge",358,102,NA,0.824710830110992,NA,"cv_r2",0.00106576853218393,0.0196078431372549,TRUE,NA,NA,"tnbc"
"Fibroblast","ZNF683","spearman",358,102,NA,0.372398680212133,NA,"cv_r2",0.00740414841243102,0.0196078431372549,TRUE,NA,NA,"tnbc"
"Fibroblast","SPDEF","rf",358,102,0.893149833667727,0.890184138091106,NA,"oob_r2",-0.0459387331111871,0.0196078431372549,TRUE,0.847994325417693,0.792592592592593,"tnbc"
"Fibroblast","SPDEF","lm",358,102,NA,0.80915144890233,NA,"cv_r2",-0.43477293055479,0.0196078431372549,TRUE,NA,NA,"tnbc"
"Fibroblast","SPDEF","ridge",358,102,NA,0.866499795454361,NA,"cv_r2",-0.00102209423839606,0.0196078431372549,TRUE,NA,NA,"tnbc"
"Fibroblast","SPDEF","spearman",358,102,NA,0.616033489508432,NA,"cv_r2",0.00139345750690267,0.0196078431372549,TRUE,NA,NA,"tnbc"
"Fibroblast","ZNF320","rf",358,102,0.919699817812876,0.913041701234049,NA,"oob_r2",-0.058333960703993,0.0196078431372549,TRUE,0.862917119810211,0.874074074074074,"tnbc"
"Fibroblast","ZNF320","lm",358,102,NA,0.871083891308526,NA,"cv_r2",-0.449943007893124,0.0196078431372549,TRUE,NA,NA,"tnbc"
"Fibroblast","ZNF320","ridge",358,102,NA,0.900439148931638,NA,"cv_r2",-0.00153683012364224,0.0196078431372549,TRUE,NA,NA,"tnbc"
"Fibroblast","ZNF320","spearman",358,102,NA,0.763294251252387,NA,"cv_r2",0.0127140564654709,0.0196078431372549,TRUE,NA,NA,"tnbc"
"Fibroblast","ATF3","rf",358,102,0.90200789275013,0.888913249824876,NA,"oob_r2",-0.0482158739706097,0.0196078431372549,TRUE,0.851172895701906,1,"tnbc"
"Fibroblast","ATF3","lm",358,102,NA,0.85902269279532,NA,"cv_r2",-0.41566763797002,0.0196078431372549,TRUE,NA,NA,"tnbc"
"Fibroblast","ATF3","ridge",358,102,NA,0.893303812131795,NA,"cv_r2",-0.0018648390466424,0.0196078431372549,TRUE,NA,NA,"tnbc"
"Fibroblast","ATF3","spearman",358,102,NA,0.715091180463465,NA,"cv_r2",0.00405453185514157,0.0196078431372549,TRUE,NA,NA,"tnbc"
"Fibroblast","MTF1","rf",358,102,0.891969742062387,0.884298089685277,NA,"oob_r2",-0.0606798591650693,0.0196078431372549,TRUE,0.820575889684914,0.933333333333333,"tnbc"
"Fibroblast","MTF1","lm",358,102,NA,0.837241985836708,NA,"cv_r2",-0.420904912346116,0.0196078431372549,TRUE,NA,NA,"tnbc"
"Fibroblast","MTF1","ridge",358,102,NA,0.881451669696104,NA,"cv_r2",-0.00203625748719305,0.0196078431372549,TRUE,NA,NA,"tnbc"
"Fibroblast","MTF1","spearman",358,102,NA,0.738871789219069,NA,"cv_r2",0.00653273127711086,0.0196078431372549,TRUE,NA,NA,"tnbc"
"Fibroblast","HSF2","rf",358,102,0.867420319336056,0.856324564589415,NA,"oob_r2",-0.0399676862476543,0.0196078431372549,TRUE,0.857502140848008,0.757671957671958,"tnbc"
"Fibroblast","HSF2","lm",358,102,NA,0.72553968015508,NA,"cv_r2",-0.462247273876465,0.0196078431372549,TRUE,NA,NA,"tnbc"
"Fibroblast","HSF2","ridge",358,102,NA,0.799710408955424,NA,"cv_r2",-0.00230444580971341,0.0196078431372549,TRUE,NA,NA,"tnbc"
"Fibroblast","HSF2","spearman",358,102,NA,0.445371877657368,NA,"cv_r2",0.00646459458533026,0.0196078431372549,TRUE,NA,NA,"tnbc"
"Fibroblast","STAT2","rf",358,102,0.874203898896315,0.876140653830049,NA,"oob_r2",-0.0510895302958742,0.0196078431372549,TRUE,0.843327496656005,0.881481481481481,"tnbc"
"Fibroblast","STAT2","lm",358,102,NA,0.849294262118601,NA,"cv_r2",-0.42393683292171,0.0196078431372549,TRUE,NA,NA,"tnbc"
"Fibroblast","STAT2","ridge",358,102,NA,0.877630464815497,NA,"cv_r2",-0.00141069938404675,0.0196078431372549,TRUE,NA,NA,"tnbc"
"Fibroblast","STAT2","spearman",358,102,NA,0.668230059849848,NA,"cv_r2",0.0026641362091573,0.0196078431372549,TRUE,NA,NA,"tnbc"
"Fibroblast","RUNX1","rf",358,102,0.868610880995689,0.854204790115884,NA,"oob_r2",-0.0484685144244952,0.0196078431372549,TRUE,0.845824765229236,0.792592592592593,"tnbc"
"Fibroblast","RUNX1","lm",358,102,NA,0.791773424470422,NA,"cv_r2",-0.41191208235339,0.0196078431372549,TRUE,NA,NA,"tnbc"
"Fibroblast","RUNX1","ridge",358,102,NA,0.84815422232306,NA,"cv_r2",-0.00207556967812423,0.0196078431372549,TRUE,NA,NA,"tnbc"
"Fibroblast","RUNX1","spearman",358,102,NA,0.512146484254067,NA,"cv_r2",-0.00162770353247142,0.0196078431372549,TRUE,NA,NA,"tnbc"
"Fibroblast","BATF","rf",358,102,0.879525108071901,0.862857348860347,NA,"oob_r2",-0.0413602727874745,0.0196078431372549,TRUE,0.764241963887994,0.933333333333333,"tnbc"
"Fibroblast","BATF","lm",358,102,NA,0.792919150737026,NA,"cv_r2",-0.419816296520931,0.0196078431372549,TRUE,NA,NA,"tnbc"
"Fibroblast","BATF","ridge",358,102,NA,0.857252558441014,NA,"cv_r2",-0.00174198611097919,0.0196078431372549,TRUE,NA,NA,"tnbc"
"Fibroblast","BATF","spearman",358,102,NA,0.643682087170602,NA,"cv_r2",0.0133830387421589,0.0196078431372549,TRUE,NA,NA,"tnbc"
"Fibroblast","FOXI1","rf",358,102,0.861107924862871,0.863800272469232,NA,"oob_r2",-0.0250968152299397,0.0196078431372549,TRUE,0.844919294899221,0.762962962962963,"tnbc"
"Fibroblast","FOXI1","lm",358,102,NA,0.829779193442753,NA,"cv_r2",-0.450282209601911,0.0196078431372549,TRUE,NA,NA,"tnbc"
"Fibroblast","FOXI1","ridge",358,102,NA,0.871048441227189,NA,"cv_r2",-0.00119677326965273,0.0196078431372549,TRUE,NA,NA,"tnbc"
"Fibroblast","FOXI1","spearman",358,102,NA,0.520835053884079,NA,"cv_r2",0.00309398300146556,0.0196078431372549,TRUE,NA,NA,"tnbc"
"Fibroblast","NPAS2","rf",358,102,0.902136807614064,0.902235970790884,NA,"oob_r2",-0.0559469925036132,0.0196078431372549,TRUE,0.818834059305417,0.933333333333333,"tnbc"
"Fibroblast","NPAS2","lm",358,102,NA,0.835028740308989,NA,"cv_r2",-0.40133431043654,0.0196078431372549,TRUE,NA,NA,"tnbc"
"Fibroblast","NPAS2","ridge",358,102,NA,0.874877403436367,NA,"cv_r2",-0.0019236660147251,0.0196078431372549,TRUE,NA,NA,"tnbc"
"Fibroblast","NPAS2","spearman",358,102,NA,0.630000825691384,NA,"cv_r2",-0.0022968525721887,0.0196078431372549,TRUE,NA,NA,"tnbc"
"Fibroblast","NR2F1","rf",358,102,0.912858849598831,0.902689477306024,NA,"oob_r2",-0.0418320802896041,0.0196078431372549,TRUE,0.869373276562379,0.77037037037037,"tnbc"
"Fibroblast","NR2F1","lm",358,102,NA,0.831874428521043,NA,"cv_r2",-0.427475378265741,0.0196078431372549,TRUE,NA,NA,"tnbc"
"Fibroblast","NR2F1","ridge",358,102,NA,0.881139301833974,NA,"cv_r2",-0.00116018113316046,0.0196078431372549,TRUE,NA,NA,"tnbc"
"Fibroblast","NR2F1","spearman",358,102,NA,0.67932975789531,NA,"cv_r2",-0.000564343879201572,0.0196078431372549,TRUE,NA,NA,"tnbc"
"Fibroblast","KLF5","rf",358,102,0.909603733011283,0.908793785455759,NA,"oob_r2",-0.0480477708176984,0.0196078431372549,TRUE,0.798641794504979,1,"tnbc"
"Fibroblast","KLF5","lm",358,102,NA,0.88124781765365,NA,"cv_r2",-0.396303176556308,0.0196078431372549,TRUE,NA,NA,"tnbc"
"Fibroblast","KLF5","ridge",358,102,NA,0.914120529412429,NA,"cv_r2",-0.00212171780380413,0.0196078431372549,TRUE,NA,NA,"tnbc"
"Fibroblast","KLF5","spearman",358,102,NA,0.748581436853298,NA,"cv_r2",0.00990183153161429,0.0196078431372549,TRUE,NA,NA,"tnbc"
"Fibroblast","ZEB1","rf",358,102,0.9184283887542,0.909693117520485,NA,"oob_r2",-0.046152529947293,0.0196078431372549,TRUE,0.825955263842771,0.8,"tnbc"
"Fibroblast","ZEB1","lm",358,102,NA,0.862818378393618,NA,"cv_r2",-0.428846466403177,0.0196078431372549,TRUE,NA,NA,"tnbc"
"Fibroblast","ZEB1","ridge",358,102,NA,0.895751841409618,NA,"cv_r2",-0.00201708993866455,0.0196078431372549,TRUE,NA,NA,"tnbc"
"Fibroblast","ZEB1","spearman",358,102,NA,0.724702744014278,NA,"cv_r2",-0.00013176788247674,0.0196078431372549,TRUE,NA,NA,"tnbc"
"Fibroblast","PAX1","rf",358,102,0.901756253389116,0.889638600412194,NA,"oob_r2",-0.0516550454969305,0.0196078431372549,TRUE,0.82572875220132,1,"tnbc"
"Fibroblast","PAX1","lm",358,102,NA,0.872351201812957,NA,"cv_r2",-0.418340019751395,0.0196078431372549,TRUE,NA,NA,"tnbc"
"Fibroblast","PAX1","ridge",358,102,NA,0.896236275658705,NA,"cv_r2",-0.000501581709745782,0.0196078431372549,TRUE,NA,NA,"tnbc"
"Fibroblast","PAX1","spearman",358,102,NA,0.660126033348449,NA,"cv_r2",0.00983210930303233,0.0196078431372549,TRUE,NA,NA,"tnbc"
"Fibroblast","PAX5","rf",358,102,0.897858287073373,0.902479215782804,NA,"oob_r2",-0.038319697701408,0.0196078431372549,TRUE,0.843448125509296,1,"tnbc"
"Fibroblast","PAX5","lm",358,102,NA,0.847632318447867,NA,"cv_r2",-0.41945117357888,0.0196078431372549,TRUE,NA,NA,"tnbc"
"Fibroblast","PAX5","ridge",358,102,NA,0.892532552694045,NA,"cv_r2",-0.00131489201791162,0.0196078431372549,TRUE,NA,NA,"tnbc"
"Fibroblast","PAX5","spearman",358,102,NA,0.671380571155295,NA,"cv_r2",-0.0075071085735314,0.0196078431372549,TRUE,NA,NA,"tnbc"
"Fibroblast","FOSB","rf",358,102,0.909650778327826,0.904203513858879,NA,"oob_r2",-0.0465359657529406,0.0196078431372549,TRUE,0.8322148148567,0.785185185185185,"tnbc"
"Fibroblast","FOSB","lm",358,102,NA,0.874457148499017,NA,"cv_r2",-0.425011551054467,0.0196078431372549,TRUE,NA,NA,"tnbc"
"Fibroblast","FOSB","ridge",358,102,NA,0.896116561449722,NA,"cv_r2",-0.00178207762481763,0.0196078431372549,TRUE,NA,NA,"tnbc"
"Fibroblast","FOSB","spearman",358,102,NA,0.66771097012264,NA,"cv_r2",0.00430118172650802,0.0196078431372549,TRUE,NA,NA,"tnbc"
"Fibroblast","NFYB","rf",358,102,0.894085111976345,0.891950190586738,NA,"oob_r2",-0.036355493675951,0.0196078431372549,TRUE,0.868094610717497,0.785185185185185,"tnbc"
"Fibroblast","NFYB","lm",358,102,NA,0.81783856171816,NA,"cv_r2",-0.440808266003655,0.0196078431372549,TRUE,NA,NA,"tnbc"
"Fibroblast","NFYB","ridge",358,102,NA,0.86566450380943,NA,"cv_r2",-0.00248070398239201,0.0196078431372549,TRUE,NA,NA,"tnbc"
"Fibroblast","NFYB","spearman",358,102,NA,0.369450571600701,NA,"cv_r2",0.0125699626552935,0.0196078431372549,TRUE,NA,NA,"tnbc"
"Fibroblast","ZIC1","rf",358,102,0.900956540168719,0.900596457054414,NA,"oob_r2",-0.0499195015292736,0.0196078431372549,TRUE,0.791020061457888,0.933333333333333,"tnbc"
"Fibroblast","ZIC1","lm",358,102,NA,0.848420524614594,NA,"cv_r2",-0.419102863628852,0.0196078431372549,TRUE,NA,NA,"tnbc"
"Fibroblast","ZIC1","ridge",358,102,NA,0.888894889862775,NA,"cv_r2",-0.00188268187107255,0.0196078431372549,TRUE,NA,NA,"tnbc"
"Fibroblast","ZIC1","spearman",358,102,NA,0.658535892373927,NA,"cv_r2",0.00328820037857951,0.0196078431372549,TRUE,NA,NA,"tnbc"
"Fibroblast","IRF8","rf",358,102,0.882645463376195,0.877486418902639,NA,"oob_r2",-0.0390625665790611,0.0196078431372549,TRUE,0.863693165433048,0.933333333333333,"tnbc"
"Fibroblast","IRF8","lm",358,102,NA,0.815177081564966,NA,"cv_r2",-0.42342059828463,0.0196078431372549,TRUE,NA,NA,"tnbc"
"Fibroblast","IRF8","ridge",358,102,NA,0.87085048999242,NA,"cv_r2",-0.000227753213376614,0.0196078431372549,TRUE,NA,NA,"tnbc"
"Fibroblast","IRF8","spearman",358,102,NA,0.438374385099948,NA,"cv_r2",-0.00399319783507106,0.0196078431372549,TRUE,NA,NA,"tnbc"
"Fibroblast","IRF1","rf",358,102,0.872520510016426,0.870465444544586,NA,"oob_r2",-0.0225703055296521,0.0196078431372549,TRUE,0.839340713054744,0.692063492063492,"tnbc"
"Fibroblast","IRF1","lm",358,102,NA,0.802060882291698,NA,"cv_r2",-0.433361828559868,0.0196078431372549,TRUE,NA,NA,"tnbc"
"Fibroblast","IRF1","ridge",358,102,NA,0.851367785168925,NA,"cv_r2",-0.000233110610049537,0.0196078431372549,TRUE,NA,NA,"tnbc"
"Fibroblast","IRF1","spearman",358,102,NA,0.494443760394933,NA,"cv_r2",0.00513807365602877,0.0196078431372549,TRUE,NA,NA,"tnbc"
"Fibroblast","KLF6","rf",358,102,0.906382088019002,0.901576391365773,NA,"oob_r2",-0.0457766198490779,0.0196078431372549,TRUE,0.802148324484076,0.811640211640212,"tnbc"
"Fibroblast","KLF6","lm",358,102,NA,0.881429383121238,NA,"cv_r2",-0.411134934380969,0.0196078431372549,TRUE,NA,NA,"tnbc"
"Fibroblast","KLF6","ridge",358,102,NA,0.91010695255152,NA,"cv_r2",0.000372417425926389,0.0196078431372549,TRUE,NA,NA,"tnbc"
"Fibroblast","KLF6","spearman",358,102,NA,0.734375287936254,NA,"cv_r2",0.00767279868392022,0.0196078431372549,TRUE,NA,NA,"tnbc"
"Fibroblast","STAT1","rf",358,102,0.876734021235692,0.868925568862611,NA,"oob_r2",-0.0364953979183891,0.0196078431372549,TRUE,0.84212196205343,0.844444444444444,"tnbc"
"Fibroblast","STAT1","lm",358,102,NA,0.781710777539183,NA,"cv_r2",-0.41957484771771,0.0196078431372549,TRUE,NA,NA,"tnbc"
"Fibroblast","STAT1","ridge",358,102,NA,0.849311342968855,NA,"cv_r2",0.00449407130721877,0.0196078431372549,TRUE,NA,NA,"tnbc"
"Fibroblast","STAT1","spearman",358,102,NA,0.452119908207152,NA,"cv_r2",-0.00158068253794796,0.0196078431372549,TRUE,NA,NA,"tnbc"
"B_cell","REL","rf",852,86,0.962970063010421,0.961560951074208,NA,"oob_r2",-0.037242749658543,0.0196078431372549,TRUE,0.872916437358156,0.73015873015873,"tnbc"
"B_cell","REL","lm",852,86,NA,0.947930110129299,NA,"cv_r2",-0.103897638558731,0.0196078431372549,TRUE,NA,NA,"tnbc"
"B_cell","REL","ridge",852,86,NA,0.947420511571337,NA,"cv_r2",0.00082255332235042,0.0196078431372549,TRUE,NA,NA,"tnbc"
"B_cell","REL","spearman",852,86,NA,0.672719281554619,NA,"cv_r2",0.00493089498175607,0.0196078431372549,TRUE,NA,NA,"tnbc"
"B_cell","KLF6","rf",852,86,0.956046037556344,0.955608168912893,NA,"oob_r2",-0.0375033462717638,0.0196078431372549,TRUE,0.876207997232574,0.642592592592593,"tnbc"
"B_cell","KLF6","lm",852,86,NA,0.937541265659548,NA,"cv_r2",-0.100237460004552,0.0196078431372549,TRUE,NA,NA,"tnbc"
"B_cell","KLF6","ridge",852,86,NA,0.937762699676375,NA,"cv_r2",0.000932219609890319,0.0196078431372549,TRUE,NA,NA,"tnbc"
"B_cell","KLF6","spearman",852,86,NA,0.64676877731872,NA,"cv_r2",0.00450892646375267,0.0196078431372549,TRUE,NA,NA,"tnbc"
"B_cell","MECOM","rf",852,86,0.945892922056107,0.947506431838815,NA,"oob_r2",-0.0275860638449593,0.0196078431372549,TRUE,0.884656194474582,0.881481481481481,"tnbc"
"B_cell","MECOM","lm",852,86,NA,0.917151563320499,NA,"cv_r2",-0.0974667765129048,0.0196078431372549,TRUE,NA,NA,"tnbc"
"B_cell","MECOM","ridge",852,86,NA,0.920090599707747,NA,"cv_r2",0.00183317209489227,0.0196078431372549,TRUE,NA,NA,"tnbc"
"B_cell","MECOM","spearman",852,86,NA,0.704044657434004,NA,"cv_r2",0.00488323069386761,0.0196078431372549,TRUE,NA,NA,"tnbc"
"B_cell","RUNX1","rf",852,86,0.943374241744422,0.942167480054403,NA,"oob_r2",-0.0353619947750873,0.0196078431372549,TRUE,0.90236604451992,0.632804232804233,"tnbc"
"B_cell","RUNX1","lm",852,86,NA,0.920516264930646,NA,"cv_r2",-0.0981211517201023,0.0196078431372549,TRUE,NA,NA,"tnbc"
"B_cell","RUNX1","ridge",852,86,NA,0.923666607724636,NA,"cv_r2",0.00199058013888349,0.0196078431372549,TRUE,NA,NA,"tnbc"
"B_cell","RUNX1","spearman",852,86,NA,0.687648366765679,NA,"cv_r2",0.00449338918566737,0.0196078431372549,TRUE,NA,NA,"tnbc"
"B_cell","MYC","rf",852,86,0.965019561001309,0.963209699516484,NA,"oob_r2",-0.0404538094714282,0.0196078431372549,TRUE,0.866899801353313,0.792592592592593,"tnbc"
"B_cell","MYC","lm",852,86,NA,0.940349395661756,NA,"cv_r2",-0.0973925288623111,0.0196078431372549,TRUE,NA,NA,"tnbc"
"B_cell","MYC","ridge",852,86,NA,0.940280361687329,NA,"cv_r2",7.59619599329106e-05,0.0196078431372549,TRUE,NA,NA,"tnbc"
"B_cell","MYC","spearman",852,86,NA,0.766917838522055,NA,"cv_r2",0.0002803000604127,0.0196078431372549,TRUE,NA,NA,"tnbc"
"B_cell","POU2F2","rf",852,86,0.952940818043179,0.949453930358185,NA,"oob_r2",-0.0350398371171599,0.0196078431372549,TRUE,0.88097635632708,0.762962962962963,"tnbc"
"B_cell","POU2F2","lm",852,86,NA,0.919241173893741,NA,"cv_r2",-0.097617349470638,0.0196078431372549,TRUE,NA,NA,"tnbc"
"B_cell","POU2F2","ridge",852,86,NA,0.9194834086091,NA,"cv_r2",-0.000326284780329001,0.0196078431372549,TRUE,NA,NA,"tnbc"
"B_cell","POU2F2","spearman",852,86,NA,0.600239277006078,NA,"cv_r2",0.00374685047298014,0.0196078431372549,TRUE,NA,NA,"tnbc"
"B_cell","THRB","rf",852,86,0.959803876211402,0.959165955230725,NA,"oob_r2",-0.0352279214509704,0.0196078431372549,TRUE,0.879721789811888,0.82962962962963,"tnbc"
"B_cell","THRB","lm",852,86,NA,0.930480308488837,NA,"cv_r2",-0.103870715944732,0.0196078431372549,TRUE,NA,NA,"tnbc"
"B_cell","THRB","ridge",852,86,NA,0.931566976736865,NA,"cv_r2",0.000867065291515245,0.0196078431372549,TRUE,NA,NA,"tnbc"
"B_cell","THRB","spearman",852,86,NA,0.601405874711468,NA,"cv_r2",-0.00259082493245403,0.0196078431372549,TRUE,NA,NA,"tnbc"
"B_cell","NRL","rf",852,86,0.945946205197979,0.943369309429329,NA,"oob_r2",-0.0402385370177398,0.0196078431372549,TRUE,0.885046988589609,0.769312169312169,"tnbc"
"B_cell","NRL","lm",852,86,NA,0.92232102778939,NA,"cv_r2",-0.103295246931774,0.0196078431372549,TRUE,NA,NA,"tnbc"
"B_cell","NRL","ridge",852,86,NA,0.920516974542502,NA,"cv_r2",0.000580796552026691,0.0196078431372549,TRUE,NA,NA,"tnbc"
"B_cell","NRL","spearman",852,86,NA,0.699009473052593,NA,"cv_r2",0.00181857239361402,0.0196078431372549,TRUE,NA,NA,"tnbc"
"B_cell","MEF2C","rf",852,86,0.950302368312117,0.948703062022543,NA,"oob_r2",-0.0318545113048727,0.0196078431372549,TRUE,0.87911463328983,1,"tnbc"
"B_cell","MEF2C","lm",852,86,NA,0.909072164955918,NA,"cv_r2",-0.101161951288421,0.0196078431372549,TRUE,NA,NA,"tnbc"
"B_cell","MEF2C","ridge",852,86,NA,0.910013726567819,NA,"cv_r2",-0.000159004290613618,0.0196078431372549,TRUE,NA,NA,"tnbc"
"B_cell","MEF2C","spearman",852,86,NA,0.595871686377852,NA,"cv_r2",0.00214558618594362,0.0196078431372549,TRUE,NA,NA,"tnbc"
"B_cell","FOXC1","rf",852,86,0.940845867627018,0.937726227577379,NA,"oob_r2",-0.0336274336343961,0.0196078431372549,TRUE,0.905208107300659,0.77037037037037,"tnbc"
"B_cell","FOXC1","lm",852,86,NA,0.906254126375576,NA,"cv_r2",-0.099854799208021,0.0196078431372549,TRUE,NA,NA,"tnbc"
"B_cell","FOXC1","ridge",852,86,NA,0.910718654536634,NA,"cv_r2",0.00042314917897403,0.0196078431372549,TRUE,NA,NA,"tnbc"
"B_cell","FOXC1","spearman",852,86,NA,0.628379056209867,NA,"cv_r2",0.00788124565615305,0.0196078431372549,TRUE,NA,NA,"tnbc"
"B_cell","EGR1","rf",852,86,0.958969394126997,0.958024199026809,NA,"oob_r2",-0.0335115086691309,0.0196078431372549,TRUE,0.873282492360751,0.755555555555556,"tnbc"
"B_cell","EGR1","lm",852,86,NA,0.925240888180207,NA,"cv_r2",-0.102187877620437,0.0196078431372549,TRUE,NA,NA,"tnbc"
"B_cell","EGR1","ridge",852,86,NA,0.92538218914615,NA,"cv_r2",0.000303002724887811,0.0196078431372549,TRUE,NA,NA,"tnbc"
"B_cell","EGR1","spearman",852,86,NA,0.597890118942282,NA,"cv_r2",0.00350915707549629,0.0196078431372549,TRUE,NA,NA,"tnbc"
"B_cell","HOXA1","rf",852,86,0.868380613022255,0.860704904771323,NA,"oob_r2",-0.0438393084304473,0.0196078431372549,TRUE,0.862111734830259,0.705820105820106,"tnbc"
"B_cell","HOXA1","lm",852,86,NA,0.816433466044777,NA,"cv_r2",-0.1072052432499,0.0196078431372549,TRUE,NA,NA,"tnbc"
"B_cell","HOXA1","ridge",852,86,NA,0.823899380754039,NA,"cv_r2",-0.000456911604905641,0.0196078431372549,TRUE,NA,NA,"tnbc"
"B_cell","HOXA1","spearman",852,86,NA,0.665316997067646,NA,"cv_r2",-0.00315177049043465,0.0196078431372549,TRUE,NA,NA,"tnbc"
"B_cell","ZNF143","rf",852,86,0.95395934536748,0.953811256702873,NA,"oob_r2",-0.0391848675450602,0.0196078431372549,TRUE,0.888448406895503,0.822222222222222,"tnbc"
"B_cell","ZNF143","lm",852,86,NA,0.91516901103641,NA,"cv_r2",-0.0953807366873827,0.0196078431372549,TRUE,NA,NA,"tnbc"
"B_cell","ZNF143","ridge",852,86,NA,0.915193336450763,NA,"cv_r2",0.000469706083186615,0.0196078431372549,TRUE,NA,NA,"tnbc"
"B_cell","ZNF143","spearman",852,86,NA,0.701541789222514,NA,"cv_r2",1.77839920787624e-05,0.0196078431372549,TRUE,NA,NA,"tnbc"
"B_cell","HMGA1","rf",852,86,0.736462390700021,0.732134775637975,NA,"oob_r2",-0.0309321473651308,0.0196078431372549,TRUE,0.848167261558459,0.638095238095238,"tnbc"
"B_cell","HMGA1","lm",852,86,NA,0.67674532738251,NA,"cv_r2",-0.101827537313942,0.0196078431372549,TRUE,NA,NA,"tnbc"
"B_cell","HMGA1","ridge",852,86,NA,0.695904103855335,NA,"cv_r2",0.000833165011507177,0.0196078431372549,TRUE,NA,NA,"tnbc"
"B_cell","HMGA1","spearman",852,86,NA,0.602575642683111,NA,"cv_r2",0.00940258310171624,0.0196078431372549,TRUE,NA,NA,"tnbc"
"B_cell","SOX18","rf",852,86,0.907692417024385,0.907385317418458,NA,"oob_r2",-0.0396269095537344,0.0196078431372549,TRUE,0.893511958111232,0.785185185185185,"tnbc"
"B_cell","SOX18","lm",852,86,NA,0.861703680021238,NA,"cv_r2",-0.0996787933048911,0.0196078431372549,TRUE,NA,NA,"tnbc"
"B_cell","SOX18","ridge",852,86,NA,0.865836141884897,NA,"cv_r2",0.00109029482701559,0.0196078431372549,TRUE,NA,NA,"tnbc"
"B_cell","SOX18","spearman",852,86,NA,0.628105310183227,NA,"cv_r2",-0.00101846473199578,0.0196078431372549,TRUE,NA,NA,"tnbc"
"B_cell","STAT4","rf",852,86,0.907199572994948,0.898997024643133,NA,"oob_r2",-0.0355247552402716,0.0196078431372549,TRUE,0.870238742917643,0.706878306878307,"tnbc"
"B_cell","STAT4","lm",852,86,NA,0.849498458152723,NA,"cv_r2",-0.10075135570186,0.0196078431372549,TRUE,NA,NA,"tnbc"
"B_cell","STAT4","ridge",852,86,NA,0.853890199543295,NA,"cv_r2",0.00113124452055462,0.0196078431372549,TRUE,NA,NA,"tnbc"
"B_cell","STAT4","spearman",852,86,NA,0.625435816898857,NA,"cv_r2",-0.00043545968215083,0.0196078431372549,TRUE,NA,NA,"tnbc"
"B_cell","EHF","rf",852,86,0.955968455243773,0.954871770275635,NA,"oob_r2",-0.0326244398364271,0.0196078431372549,TRUE,0.872281187267743,0.785185185185185,"tnbc"
"B_cell","EHF","lm",852,86,NA,0.918595629393958,NA,"cv_r2",-0.0978101613112763,0.0196078431372549,TRUE,NA,NA,"tnbc"
"B_cell","EHF","ridge",852,86,NA,0.919119048359648,NA,"cv_r2",0.000331422711391221,0.0196078431372549,TRUE,NA,NA,"tnbc"
"B_cell","EHF","spearman",852,86,NA,0.605108061316705,NA,"cv_r2",-0.00174878004534577,0.0196078431372549,TRUE,NA,NA,"tnbc"
"B_cell","NR4A1","rf",852,86,0.923183664182433,0.923174147011355,NA,"oob_r2",-0.0376546002577379,0.0196078431372549,TRUE,0.870604378613247,0.757671957671958,"tnbc"
"B_cell","NR4A1","lm",852,86,NA,0.891988445479632,NA,"cv_r2",-0.104264440266488,0.0196078431372549,TRUE,NA,NA,"tnbc"
"B_cell","NR4A1","ridge",852,86,NA,0.895716570681099,NA,"cv_r2",0.00262344295306602,0.0196078431372549,TRUE,NA,NA,"tnbc"
"B_cell","NR4A1","spearman",852,86,NA,0.654686918429006,NA,"cv_r2",0.00621506426545304,0.0196078431372549,TRUE,NA,NA,"tnbc"
"B_cell","XBP1","rf",852,86,0.957094697931367,0.955542032069896,NA,"oob_r2",-0.0349206555810384,0.0196078431372549,TRUE,0.874273314778999,1,"tnbc"
"B_cell","XBP1","lm",852,86,NA,0.928264506133701,NA,"cv_r2",-0.093231808093396,0.0196078431372549,TRUE,NA,NA,"tnbc"
"B_cell","XBP1","ridge",852,86,NA,0.929786162431316,NA,"cv_r2",0.00120317812515301,0.0196078431372549,TRUE,NA,NA,"tnbc"
"B_cell","XBP1","spearman",852,86,NA,0.746205635642752,NA,"cv_r2",0.00488760203008288,0.0196078431372549,TRUE,NA,NA,"tnbc"
"B_cell","EGR3","rf",852,86,0.937267553572426,0.933200052644452,NA,"oob_r2",-0.0344402116678313,0.0196078431372549,TRUE,0.884848237076172,0.82962962962963,"tnbc"
"B_cell","EGR3","lm",852,86,NA,0.870025262628937,NA,"cv_r2",-0.0909807252161643,0.0196078431372549,TRUE,NA,NA,"tnbc"
"B_cell","EGR3","ridge",852,86,NA,0.86913479310418,NA,"cv_r2",0.000990530547399574,0.0196078431372549,TRUE,NA,NA,"tnbc"
"B_cell","EGR3","spearman",852,86,NA,0.641001974467959,NA,"cv_r2",0.00241488730074054,0.0196078431372549,TRUE,NA,NA,"tnbc"
"B_cell","IRF8","rf",852,86,0.934365512453236,0.933319600321538,NA,"oob_r2",-0.0432524531114893,0.0196078431372549,TRUE,0.888031196440084,0.733333333333333,"tnbc"
"B_cell","IRF8","lm",852,86,NA,0.886396062471448,NA,"cv_r2",-0.098266128283358,0.0196078431372549,TRUE,NA,NA,"tnbc"
"B_cell","IRF8","ridge",852,86,NA,0.885998768464374,NA,"cv_r2",1.21733757623688e-05,0.0196078431372549,TRUE,NA,NA,"tnbc"
"B_cell","IRF8","spearman",852,86,NA,0.660543319987733,NA,"cv_r2",0.00313275972017724,0.0196078431372549,TRUE,NA,NA,"tnbc"
"B_cell","KLF2","rf",852,86,0.957709725037808,0.957926358661732,NA,"oob_r2",-0.0421090040775352,0.0196078431372549,TRUE,0.876893983468822,0.814814814814815,"tnbc"
"B_cell","KLF2","lm",852,86,NA,0.920946808381344,NA,"cv_r2",-0.0973902892653727,0.0196078431372549,TRUE,NA,NA,"tnbc"
"B_cell","KLF2","ridge",852,86,NA,0.920841214459366,NA,"cv_r2",0.00113199356181585,0.0196078431372549,TRUE,NA,NA,"tnbc"
"B_cell","KLF2","spearman",852,86,NA,0.686154448183936,NA,"cv_r2",-0.00068577256243032,0.0196078431372549,TRUE,NA,NA,"tnbc"
"B_cell","NFATC4","rf",852,86,0.942158817025461,0.9426593249507,NA,"oob_r2",-0.0353842168461712,0.0196078431372549,TRUE,0.906061397026065,0.822222222222222,"tnbc"
"B_cell","NFATC4","lm",852,86,NA,0.913328180054567,NA,"cv_r2",-0.0959415311767184,0.0196078431372549,TRUE,NA,NA,"tnbc"
"B_cell","NFATC4","ridge",852,86,NA,0.914565151016971,NA,"cv_r2",0.00198495464547083,0.0196078431372549,TRUE,NA,NA,"tnbc"
"B_cell","NFATC4","spearman",852,86,NA,0.685634777506406,NA,"cv_r2",-0.00123783793143485,0.0196078431372549,TRUE,NA,NA,"tnbc"
"B_cell","SMARCB1","rf",852,86,0.91441419927754,0.9130350285626,NA,"oob_r2",-0.0236702977705065,0.0196078431372549,TRUE,0.884207535994884,0.881481481481481,"tnbc"
"B_cell","SMARCB1","lm",852,86,NA,0.839419488229047,NA,"cv_r2",-0.0977803336510819,0.0196078431372549,TRUE,NA,NA,"tnbc"
"B_cell","SMARCB1","ridge",852,86,NA,0.842081173115284,NA,"cv_r2",0.00101067936044539,0.0196078431372549,TRUE,NA,NA,"tnbc"
"B_cell","SMARCB1","spearman",852,86,NA,0.649347827550716,NA,"cv_r2",0.00427180693667854,0.0196078431372549,TRUE,NA,NA,"tnbc"
"B_cell","JDP2","rf",852,86,0.951037724382826,0.950192071897414,NA,"oob_r2",-0.0380391162429179,0.0196078431372549,TRUE,0.907901316099816,0.881481481481481,"tnbc"
"B_cell","JDP2","lm",852,86,NA,0.912936030082671,NA,"cv_r2",-0.0957861660655727,0.0196078431372549,TRUE,NA,NA,"tnbc"
"B_cell","JDP2","ridge",852,86,NA,0.913136211204588,NA,"cv_r2",0.000877554071248182,0.0196078431372549,TRUE,NA,NA,"tnbc"
"B_cell","JDP2","spearman",852,86,NA,0.686356402061195,NA,"cv_r2",0.00103841367807945,0.0196078431372549,TRUE,NA,NA,"tnbc"
"B_cell","JUN","rf",852,86,0.956159973653774,0.951635409164802,NA,"oob_r2",-0.0389602090295429,0.0196078431372549,TRUE,0.907677406166958,0.8,"tnbc"
"B_cell","JUN","lm",852,86,NA,0.917472815531489,NA,"cv_r2",-0.0953145835896784,0.0196078431372549,TRUE,NA,NA,"tnbc"
"B_cell","JUN","ridge",852,86,NA,0.917575588999153,NA,"cv_r2",0.00139602220630834,0.0196078431372549,TRUE,NA,NA,"tnbc"
"B_cell","JUN","spearman",852,86,NA,0.691032936119407,NA,"cv_r2",0.00346750282254598,0.0196078431372549,TRUE,NA,NA,"tnbc"
"B_cell","SOX17","rf",852,86,0.897564303069197,0.897511739019045,NA,"oob_r2",-0.0360002585690303,0.0196078431372549,TRUE,0.866820133025143,0.785185185185185,"tnbc"
"B_cell","SOX17","lm",852,86,NA,0.829836105536217,NA,"cv_r2",-0.099021521856798,0.0196078431372549,TRUE,NA,NA,"tnbc"
"B_cell","SOX17","ridge",852,86,NA,0.837461087880303,NA,"cv_r2",0.00269687154688959,0.0196078431372549,TRUE,NA,NA,"tnbc"
"B_cell","SOX17","spearman",852,86,NA,0.623644384342865,NA,"cv_r2",0.00290713401388427,0.0196078431372549,TRUE,NA,NA,"tnbc"
"B_cell","FOSB","rf",852,86,0.946134328037688,0.94581376966725,NA,"oob_r2",-0.0277392475951629,0.0196078431372549,TRUE,0.879087378335456,0.8,"tnbc"
"B_cell","FOSB","lm",852,86,NA,0.914972994210876,NA,"cv_r2",-0.0933351797145577,0.0196078431372549,TRUE,NA,NA,"tnbc"
"B_cell","FOSB","ridge",852,86,NA,0.915359277338683,NA,"cv_r2",0.00143112171520739,0.0196078431372549,TRUE,NA,NA,"tnbc"
"B_cell","FOSB","spearman",852,86,NA,0.679593471842552,NA,"cv_r2",-0.000828740721616231,0.0196078431372549,TRUE,NA,NA,"tnbc"
"B_cell","NR4A2","rf",852,86,0.928201227599502,0.929551513616161,NA,"oob_r2",-0.0357577951930421,0.0196078431372549,TRUE,0.88309721108438,0.844444444444444,"tnbc"
"B_cell","NR4A2","lm",852,86,NA,0.889985339051469,NA,"cv_r2",-0.10775864626076,0.0196078431372549,TRUE,NA,NA,"tnbc"
"B_cell","NR4A2","ridge",852,86,NA,0.892573374984234,NA,"cv_r2",0.00190097278116224,0.0196078431372549,TRUE,NA,NA,"tnbc"
"B_cell","NR4A2","spearman",852,86,NA,0.607367754125387,NA,"cv_r2",0.00778528261791391,0.0196078431372549,TRUE,NA,NA,"tnbc"
"B_cell","GFI1","rf",852,86,0.852447813255066,0.853434878774051,NA,"oob_r2",-0.0308214035472043,0.0196078431372549,TRUE,0.904804314668931,0.881481481481482,"tnbc"
"B_cell","GFI1","lm",852,86,NA,0.80178597182672,NA,"cv_r2",-0.0991796674409249,0.0196078431372549,TRUE,NA,NA,"tnbc"
"B_cell","GFI1","ridge",852,86,NA,0.805792043186946,NA,"cv_r2",0.000412825512703394,0.0196078431372549,TRUE,NA,NA,"tnbc"
"B_cell","GFI1","spearman",852,86,NA,0.63457424831907,NA,"cv_r2",-0.000809666312954094,0.0196078431372549,TRUE,NA,NA,"tnbc"
"B_cell","MNT","rf",852,86,0.948350022927837,0.946256798783981,NA,"oob_r2",-0.0322712496826415,0.0196078431372549,TRUE,0.91193295281224,0.785185185185185,"tnbc"
"B_cell","MNT","lm",852,86,NA,0.907941648968836,NA,"cv_r2",-0.0936790508707546,0.0196078431372549,TRUE,NA,NA,"tnbc"
"B_cell","MNT","ridge",852,86,NA,0.909581001405375,NA,"cv_r2",0.00203312642189256,0.0196078431372549,TRUE,NA,NA,"tnbc"
"B_cell","MNT","spearman",852,86,NA,0.725959990663336,NA,"cv_r2",0.00014473379430799,0.0196078431372549,TRUE,NA,NA,"tnbc"
"B_cell","PRRX1","rf",852,86,0.923721640582751,0.923974522213521,NA,"oob_r2",-0.0316529708994265,0.0196078431372549,TRUE,0.907119727869763,0.822222222222222,"tnbc"
"B_cell","PRRX1","lm",852,86,NA,0.89141500631916,NA,"cv_r2",-0.0960015888625003,0.0196078431372549,TRUE,NA,NA,"tnbc"
"B_cell","PRRX1","ridge",852,86,NA,0.894794785052699,NA,"cv_r2",0.00100517233355144,0.0196078431372549,TRUE,NA,NA,"tnbc"
"B_cell","PRRX1","spearman",852,86,NA,0.69204035098834,NA,"cv_r2",0.00192033258708088,0.0196078431372549,TRUE,NA,NA,"tnbc"
"B_cell","EGR2","rf",852,86,0.949303320271237,0.946800114056901,NA,"oob_r2",-0.0389354344424467,0.0196078431372549,TRUE,0.864721082231342,0.785185185185185,"tnbc"
"B_cell","EGR2","lm",852,86,NA,0.918886789608582,NA,"cv_r2",-0.0957546319400999,0.0196078431372549,TRUE,NA,NA,"tnbc"
"B_cell","EGR2","ridge",852,86,NA,0.917233449807675,NA,"cv_r2",0.000177176486879886,0.0196078431372549,TRUE,NA,NA,"tnbc"
"B_cell","EGR2","spearman",852,86,NA,0.708573625451169,NA,"cv_r2",-0.00208228203337159,0.0196078431372549,TRUE,NA,NA,"tnbc"
"B_cell","MAF","rf",852,86,0.945740458454029,0.946295012917667,NA,"oob_r2",-0.0423643174730029,0.0196078431372549,TRUE,0.888099962786505,0.844444444444444,"tnbc"
"B_cell","MAF","lm",852,86,NA,0.909479284414888,NA,"cv_r2",-0.104152519800018,0.0196078431372549,TRUE,NA,NA,"tnbc"
"B_cell","MAF","ridge",852,86,NA,0.908310056206381,NA,"cv_r2",0.000447484775511069,0.0196078431372549,TRUE,NA,NA,"tnbc"
"B_cell","MAF","spearman",852,86,NA,0.596320871763755,NA,"cv_r2",0.00331603207776658,0.0196078431372549,TRUE,NA,NA,"tnbc"
"Myeloid_cell","MYC","rf",830,137,0.830663091363173,0.826774397419392,NA,"oob_r2",-0.0328290672210975,0.0196078431372549,TRUE,0.845901913076666,1,"tnbc"
"Myeloid_cell","MYC","lm",830,137,NA,0.807758885024146,NA,"cv_r2",-0.227659581626247,0.0196078431372549,TRUE,NA,NA,"tnbc"
"Myeloid_cell","MYC","ridge",830,137,NA,0.819475008147586,NA,"cv_r2",0.00588748869583916,0.0196078431372549,TRUE,NA,NA,"tnbc"
"Myeloid_cell","MYC","spearman",830,137,NA,0.52341059458622,NA,"cv_r2",0.0065005223178291,0.0196078431372549,TRUE,NA,NA,"tnbc"
"Myeloid_cell","TFAP2B","rf",830,137,0.846398182971911,0.836549635985764,NA,"oob_r2",-0.040712397955296,0.0196078431372549,TRUE,0.862829208696067,0.77037037037037,"tnbc"
"Myeloid_cell","TFAP2B","lm",830,137,NA,0.835146181600074,NA,"cv_r2",-0.230549034914489,0.0196078431372549,TRUE,NA,NA,"tnbc"
"Myeloid_cell","TFAP2B","ridge",830,137,NA,0.838055738138617,NA,"cv_r2",0.00291677305626491,0.0196078431372549,TRUE,NA,NA,"tnbc"
"Myeloid_cell","TFAP2B","spearman",830,137,NA,0.521527989381921,NA,"cv_r2",0.00711123292933984,0.0196078431372549,TRUE,NA,NA,"tnbc"
"Myeloid_cell","IRF6","rf",830,137,0.821766609142906,0.809635269221511,NA,"oob_r2",-0.0322680036195645,0.0196078431372549,TRUE,0.835468561697396,1,"tnbc"
"Myeloid_cell","IRF6","lm",830,137,NA,0.772791969190267,NA,"cv_r2",-0.223491089520369,0.0196078431372549,TRUE,NA,NA,"tnbc"
"Myeloid_cell","IRF6","ridge",830,137,NA,0.791932282738325,NA,"cv_r2",0.005307828257319,0.0196078431372549,TRUE,NA,NA,"tnbc"
"Myeloid_cell","IRF6","spearman",830,137,NA,0.511211559049306,NA,"cv_r2",0.00400721747590488,0.0196078431372549,TRUE,NA,NA,"tnbc"
"Myeloid_cell","MBTPS2","rf",830,137,0.842665113302576,0.83543256794147,NA,"oob_r2",-0.0297033386244767,0.0196078431372549,TRUE,0.84712115460804,0.874074074074074,"tnbc"
"Myeloid_cell","MBTPS2","lm",830,137,NA,0.811885923147104,NA,"cv_r2",-0.217880365923539,0.0196078431372549,TRUE,NA,NA,"tnbc"
"Myeloid_cell","MBTPS2","ridge",830,137,NA,0.824089817585731,NA,"cv_r2",0.00315403342348996,0.0196078431372549,TRUE,NA,NA,"tnbc"
"Myeloid_cell","MBTPS2","spearman",830,137,NA,0.538501867057838,NA,"cv_r2",0.00419508508638724,0.0196078431372549,TRUE,NA,NA,"tnbc"
"Myeloid_cell","E2F2","rf",830,137,0.836132479358259,0.825076620733556,NA,"oob_r2",-0.031337793159678,0.0196078431372549,TRUE,0.851433096247067,0.740740740740741,"tnbc"
"Myeloid_cell","E2F2","lm",830,137,NA,0.802989363418735,NA,"cv_r2",-0.220311131438208,0.0196078431372549,TRUE,NA,NA,"tnbc"
"Myeloid_cell","E2F2","ridge",830,137,NA,0.820364698350702,NA,"cv_r2",0.000349302972696241,0.0196078431372549,TRUE,NA,NA,"tnbc"
"Myeloid_cell","E2F2","spearman",830,137,NA,0.541791672733964,NA,"cv_r2",0.00537418936976368,0.0196078431372549,TRUE,NA,NA,"tnbc"
"Myeloid_cell","ELF5","rf",830,137,0.834111051898081,0.824651457609081,NA,"oob_r2",-0.0327415274055255,0.0196078431372549,TRUE,0.868299823896553,1,"tnbc"
"Myeloid_cell","ELF5","lm",830,137,NA,0.820949592680374,NA,"cv_r2",-0.230579027404839,0.0196078431372549,TRUE,NA,NA,"tnbc"
"Myeloid_cell","ELF5","ridge",830,137,NA,0.824005490052944,NA,"cv_r2",0.00451902340947703,0.0196078431372549,TRUE,NA,NA,"tnbc"
"Myeloid_cell","ELF5","spearman",830,137,NA,0.493212544264383,NA,"cv_r2",0.00286992109105623,0.0196078431372549,TRUE,NA,NA,"tnbc"
"Myeloid_cell","PAX1","rf",830,137,0.821664512103358,0.824988338024079,NA,"oob_r2",-0.0385346987741041,0.0196078431372549,TRUE,0.83542012806392,1,"tnbc"
"Myeloid_cell","PAX1","lm",830,137,NA,0.801221587525431,NA,"cv_r2",-0.232180292739491,0.0196078431372549,TRUE,NA,NA,"tnbc"
"Myeloid_cell","PAX1","ridge",830,137,NA,0.817883968103578,NA,"cv_r2",0.00252569865777384,0.0196078431372549,TRUE,NA,NA,"tnbc"
"Myeloid_cell","PAX1","spearman",830,137,NA,0.548670725237261,NA,"cv_r2",0.00218408886030554,0.0196078431372549,TRUE,NA,NA,"tnbc"
"Myeloid_cell","ETV1","rf",830,137,0.812830861772177,0.810292134318588,NA,"oob_r2",-0.0382110400377793,0.0196078431372549,TRUE,0.85589355386712,0.822222222222222,"tnbc"
"Myeloid_cell","ETV1","lm",830,137,NA,0.799684003150977,NA,"cv_r2",-0.223957825870487,0.0196078431372549,TRUE,NA,NA,"tnbc"
"Myeloid_cell","ETV1","ridge",830,137,NA,0.802230845745902,NA,"cv_r2",0.00251894471933677,0.0196078431372549,TRUE,NA,NA,"tnbc"
"Myeloid_cell","ETV1","spearman",830,137,NA,0.502464979609711,NA,"cv_r2",0.0047331436357377,0.0196078431372549,TRUE,NA,NA,"tnbc"
"Myeloid_cell","FOXI1","rf",830,137,0.84761545177601,0.842135778306559,NA,"oob_r2",-0.0315927464155143,0.0196078431372549,TRUE,0.839660611943921,0.881481481481481,"tnbc"
"Myeloid_cell","FOXI1","lm",830,137,NA,0.83103789374936,NA,"cv_r2",-0.224025456694232,0.0196078431372549,TRUE,NA,NA,"tnbc"
"Myeloid_cell","FOXI1","ridge",830,137,NA,0.838013603371347,NA,"cv_r2",0.00219833888766908,0.0196078431372549,TRUE,NA,NA,"tnbc"
"Myeloid_cell","FOXI1","spearman",830,137,NA,0.543142571002859,NA,"cv_r2",0.00673764947898562,0.0196078431372549,TRUE,NA,NA,"tnbc"
"Myeloid_cell","EHF","rf",830,137,0.802645656900988,0.798388264800578,NA,"oob_r2",-0.0481580091083397,0.0196078431372549,TRUE,0.808923922896144,0.844444444444444,"tnbc"
"Myeloid_cell","EHF","lm",830,137,NA,0.741355593942911,NA,"cv_r2",-0.218673226085607,0.0196078431372549,TRUE,NA,NA,"tnbc"
"Myeloid_cell","EHF","ridge",830,137,NA,0.763386242903241,NA,"cv_r2",0.00748685127962351,0.0196078431372549,TRUE,NA,NA,"tnbc"
"Myeloid_cell","EHF","spearman",830,137,NA,0.485454667477038,NA,"cv_r2",0.00452973458277668,0.0196078431372549,TRUE,NA,NA,"tnbc"
"Myeloid_cell","NR1H3","rf",830,137,0.835396714363322,0.833871446052987,NA,"oob_r2",-0.0434948757971202,0.0196078431372549,TRUE,0.874433575397788,1,"tnbc"
"Myeloid_cell","NR1H3","lm",830,137,NA,0.798053805403337,NA,"cv_r2",-0.226954776993754,0.0196078431372549,TRUE,NA,NA,"tnbc"
"Myeloid_cell","NR1H3","ridge",830,137,NA,0.808011430518373,NA,"cv_r2",0.00223426612085421,0.0196078431372549,TRUE,NA,NA,"tnbc"
"Myeloid_cell","NR1H3","spearman",830,137,NA,0.513303705476001,NA,"cv_r2",0.00083074733831661,0.0196078431372549,TRUE,NA,NA,"tnbc"
"Myeloid_cell","JUNB","rf",830,137,0.831616944552311,0.826762693610479,NA,"oob_r2",-0.0448503449682709,0.0196078431372549,TRUE,0.857788792021622,0.844444444444444,"tnbc"
"Myeloid_cell","JUNB","lm",830,137,NA,0.824548203467735,NA,"cv_r2",-0.222332973099825,0.0196078431372549,TRUE,NA,NA,"tnbc"
"Myeloid_cell","JUNB","ridge",830,137,NA,0.83399059251249,NA,"cv_r2",0.00128259557867775,0.0196078431372549,TRUE,NA,NA,"tnbc"
"Myeloid_cell","JUNB","spearman",830,137,NA,0.485629846198088,NA,"cv_r2",0.00597534516343418,0.0196078431372549,TRUE,NA,NA,"tnbc"
"Myeloid_cell","RFX8","rf",830,137,0.834002002746447,0.828490233374073,NA,"oob_r2",-0.036181760456815,0.0196078431372549,TRUE,0.826220641647117,0.822222222222222,"tnbc"
"Myeloid_cell","RFX8","lm",830,137,NA,0.792283780178666,NA,"cv_r2",-0.225482481419004,0.0196078431372549,TRUE,NA,NA,"tnbc"
"Myeloid_cell","RFX8","ridge",830,137,NA,0.802964891535611,NA,"cv_r2",0.000349162665414308,0.0196078431372549,TRUE,NA,NA,"tnbc"
"Myeloid_cell","RFX8","spearman",830,137,NA,0.510142806842139,NA,"cv_r2",0.00348931269439156,0.0196078431372549,TRUE,NA,NA,"tnbc"
"Myeloid_cell","RARG","rf",830,137,0.81968393462437,0.807820976160155,NA,"oob_r2",-0.0293499666044405,0.0196078431372549,TRUE,0.868722036577246,0.881481481481481,"tnbc"
"Myeloid_cell","RARG","lm",830,137,NA,0.785533458785263,NA,"cv_r2",-0.225052913053507,0.0196078431372549,TRUE,NA,NA,"tnbc"
"Myeloid_cell","RARG","ridge",830,137,NA,0.800660093395543,NA,"cv_r2",0.00052831845981086,0.0196078431372549,TRUE,NA,NA,"tnbc"
"Myeloid_cell","RARG","spearman",830,137,NA,0.509894081596303,NA,"cv_r2",0.0057958216115187,0.0196078431372549,TRUE,NA,NA,"tnbc"
"Myeloid_cell","FOXD4L1","rf",830,137,0.797971349709685,0.783307708471282,NA,"oob_r2",-0.0417678025395144,0.0196078431372549,TRUE,0.87961338137286,0.881481481481481,"tnbc"
"Myeloid_cell","FOXD4L1","lm",830,137,NA,0.738115853450562,NA,"cv_r2",-0.229818932803988,0.0196078431372549,TRUE,NA,NA,"tnbc"
"Myeloid_cell","FOXD4L1","ridge",830,137,NA,0.761016622864969,NA,"cv_r2",0.00671105823062945,0.0196078431372549,TRUE,NA,NA,"tnbc"
"Myeloid_cell","FOXD4L1","spearman",830,137,NA,0.436608084148322,NA,"cv_r2",0.0045247202669678,0.0196078431372549,TRUE,NA,NA,"tnbc"
"Myeloid_cell","TBX1","rf",830,137,0.816398049379028,0.803234478736607,NA,"oob_r2",-0.045174776526256,0.0196078431372549,TRUE,0.815384471783001,1,"tnbc"
"Myeloid_cell","TBX1","lm",830,137,NA,0.767789774384185,NA,"cv_r2",-0.233304315441703,0.0196078431372549,TRUE,NA,NA,"tnbc"
"Myeloid_cell","TBX1","ridge",830,137,NA,0.781657907771803,NA,"cv_r2",0.000602128250793426,0.0196078431372549,TRUE,NA,NA,"tnbc"
"Myeloid_cell","TBX1","spearman",830,137,NA,0.516232660391547,NA,"cv_r2",-0.000944972835616043,0.0196078431372549,TRUE,NA,NA,"tnbc"
"Myeloid_cell","SIX5","rf",830,137,0.839652584805869,0.834684697964181,NA,"oob_r2",-0.0476903216584346,0.0196078431372549,TRUE,0.840966868075909,0.844444444444444,"tnbc"
"Myeloid_cell","SIX5","lm",830,137,NA,0.8109737914889,NA,"cv_r2",-0.231094037405054,0.0196078431372549,TRUE,NA,NA,"tnbc"
"Myeloid_cell","SIX5","ridge",830,137,NA,0.82118194182596,NA,"cv_r2",0.00044218321560035,0.0196078431372549,TRUE,NA,NA,"tnbc"
"Myeloid_cell","SIX5","spearman",830,137,NA,0.515394689790159,NA,"cv_r2",0.00268815921695486,0.0196078431372549,TRUE,NA,NA,"tnbc"
"Myeloid_cell","GRHL1","rf",830,137,0.809929726072928,0.797084063843078,NA,"oob_r2",-0.0345917454998202,0.0196078431372549,TRUE,0.873200228996708,1,"tnbc"
"Myeloid_cell","GRHL1","lm",830,137,NA,0.756607927534808,NA,"cv_r2",-0.228002929573011,0.0196078431372549,TRUE,NA,NA,"tnbc"
"Myeloid_cell","GRHL1","ridge",830,137,NA,0.770002522532922,NA,"cv_r2",0.00386655523361647,0.0196078431372549,TRUE,NA,NA,"tnbc"
"Myeloid_cell","GRHL1","spearman",830,137,NA,0.442009138602755,NA,"cv_r2",0.00595983742841776,0.0196078431372549,TRUE,NA,NA,"tnbc"
"Myeloid_cell","BRCA1","rf",830,137,0.811875032039437,0.803171312392473,NA,"oob_r2",-0.0419258298841206,0.0196078431372549,TRUE,0.805552962748624,0.822222222222222,"tnbc"
"Myeloid_cell","BRCA1","lm",830,137,NA,0.796071167445974,NA,"cv_r2",-0.220936305674542,0.0196078431372549,TRUE,NA,NA,"tnbc"
"Myeloid_cell","BRCA1","ridge",830,137,NA,0.809244904531216,NA,"cv_r2",0.00526278242069487,0.0196078431372549,TRUE,NA,NA,"tnbc"
"Myeloid_cell","BRCA1","spearman",830,137,NA,0.399474775044313,NA,"cv_r2",0.00741994593312719,0.0196078431372549,TRUE,NA,NA,"tnbc"
"Myeloid_cell","HEYL","rf",830,137,0.773255861195647,0.757203497212392,NA,"oob_r2",-0.0444690589797483,0.0196078431372549,TRUE,0.861429196665443,0.762962962962963,"tnbc"
"Myeloid_cell","HEYL","lm",830,137,NA,0.711663565284864,NA,"cv_r2",-0.230262279224118,0.0196078431372549,TRUE,NA,NA,"tnbc"
"Myeloid_cell","HEYL","ridge",830,137,NA,0.742971384543831,NA,"cv_r2",0.00264372236077739,0.0196078431372549,TRUE,NA,NA,"tnbc"
"Myeloid_cell","HEYL","spearman",830,137,NA,0.420595169401579,NA,"cv_r2",0.00618467733477618,0.0196078431372549,TRUE,NA,NA,"tnbc"
"Myeloid_cell","MAFB","rf",830,137,0.814038018331345,0.801170872191055,NA,"oob_r2",-0.0458614218027014,0.0196078431372549,TRUE,0.824977546291975,0.933333333333333,"tnbc"
"Myeloid_cell","MAFB","lm",830,137,NA,0.763925823046503,NA,"cv_r2",-0.229108675317426,0.0196078431372549,TRUE,NA,NA,"tnbc"
"Myeloid_cell","MAFB","ridge",830,137,NA,0.782313064381754,NA,"cv_r2",-0.000284464215556147,0.0196078431372549,TRUE,NA,NA,"tnbc"
"Myeloid_cell","MAFB","spearman",830,137,NA,0.444933955668464,NA,"cv_r2",0.00332864881287385,0.0196078431372549,TRUE,NA,NA,"tnbc"
"Myeloid_cell","NR2F6","rf",830,137,0.799231102196132,0.795561530571177,NA,"oob_r2",-0.0444702596850513,0.0196078431372549,TRUE,0.840490310161936,0.732275132275132,"tnbc"
"Myeloid_cell","NR2F6","lm",830,137,NA,0.758914618882328,NA,"cv_r2",-0.211628772624936,0.0196078431372549,TRUE,NA,NA,"tnbc"
"Myeloid_cell","NR2F6","ridge",830,137,NA,0.772306843310393,NA,"cv_r2",0.00456474755738904,0.0196078431372549,TRUE,NA,NA,"tnbc"
"Myeloid_cell","NR2F6","spearman",830,137,NA,0.409298211105197,NA,"cv_r2",0.00464390982853584,0.0196078431372549,TRUE,NA,NA,"tnbc"
"Myeloid_cell","HAND2","rf",830,137,0.75558437345753,0.749494875324247,NA,"oob_r2",-0.0538277853845717,0.0196078431372549,TRUE,0.864575619732713,0.785185185185185,"tnbc"
"Myeloid_cell","HAND2","lm",830,137,NA,0.670597010475164,NA,"cv_r2",-0.207912708400169,0.0196078431372549,TRUE,NA,NA,"tnbc"
"Myeloid_cell","HAND2","ridge",830,137,NA,0.703300714451355,NA,"cv_r2",0.00403865498386467,0.0196078431372549,TRUE,NA,NA,"tnbc"
"Myeloid_cell","HAND2","spearman",830,137,NA,0.413201968839513,NA,"cv_r2",0.00609866075096479,0.0196078431372549,TRUE,NA,NA,"tnbc"
"Myeloid_cell","EGR1","rf",830,137,0.823090535849533,0.811613537494494,NA,"oob_r2",-0.0469662404342936,0.0196078431372549,TRUE,0.853594460104998,0.75026455026455,"tnbc"
"Myeloid_cell","EGR1","lm",830,137,NA,0.79297287565856,NA,"cv_r2",-0.215285826970497,0.0196078431372549,TRUE,NA,NA,"tnbc"
"Myeloid_cell","EGR1","ridge",830,137,NA,0.804114422401771,NA,"cv_r2",0.00219862474936051,0.0196078431372549,TRUE,NA,NA,"tnbc"
"Myeloid_cell","EGR1","spearman",830,137,NA,0.518917253673157,NA,"cv_r2",-0.00111369994070895,0.0196078431372549,TRUE,NA,NA,"tnbc"
"Myeloid_cell","SIX4","rf",830,137,0.806761355181468,0.796836848629758,NA,"oob_r2",-0.0491216132333743,0.0196078431372549,TRUE,0.804835999775981,0.8,"tnbc"
"Myeloid_cell","SIX4","lm",830,137,NA,0.761269540570075,NA,"cv_r2",-0.225370185158476,0.0196078431372549,TRUE,NA,NA,"tnbc"
"Myeloid_cell","SIX4","ridge",830,137,NA,0.78281352222916,NA,"cv_r2",-0.000132508336499817,0.0196078431372549,TRUE,NA,NA,"tnbc"
"Myeloid_cell","SIX4","spearman",830,137,NA,0.495296357454065,NA,"cv_r2",0.0036146692875513,0.0196078431372549,TRUE,NA,NA,"tnbc"
"Myeloid_cell","EOMES","rf",830,137,0.811790425022553,0.799916729648699,NA,"oob_r2",-0.0482334094011409,0.0196078431372549,TRUE,0.86275588411605,0.724867724867725,"tnbc"
"Myeloid_cell","EOMES","lm",830,137,NA,0.770797020761922,NA,"cv_r2",-0.231911187226793,0.0196078431372549,TRUE,NA,NA,"tnbc"
"Myeloid_cell","EOMES","ridge",830,137,NA,0.780009552947063,NA,"cv_r2",0.00462722775885701,0.0196078431372549,TRUE,NA,NA,"tnbc"
"Myeloid_cell","EOMES","spearman",830,137,NA,0.386069728475278,NA,"cv_r2",0.0043238132571464,0.0196078431372549,TRUE,NA,NA,"tnbc"
"Myeloid_cell","LEF1","rf",830,137,0.554862858116343,0.493069489104808,NA,"oob_r2",-0.0556444522019929,0.0196078431372549,TRUE,0.771812662439354,0.756613756613757,"tnbc"
"Myeloid_cell","LEF1","lm",830,137,NA,0.409701416941364,NA,"cv_r2",-0.203028881798344,0.0196078431372549,TRUE,NA,NA,"tnbc"
"Myeloid_cell","LEF1","ridge",830,137,NA,0.47671541073426,NA,"cv_r2",-0.000674380254292728,0.0196078431372549,TRUE,NA,NA,"tnbc"
"Myeloid_cell","LEF1","spearman",830,137,NA,0.264130337773534,NA,"cv_r2",0.00275042041411738,0.0196078431372549,TRUE,NA,NA,"tnbc"
"Myeloid_cell","ELF3","rf",830,137,0.78674526115486,0.770803967538163,NA,"oob_r2",-0.0510053233298839,0.0196078431372549,TRUE,0.841312852232821,0.698412698412698,"tnbc"
"Myeloid_cell","ELF3","lm",830,137,NA,0.727569444407945,NA,"cv_r2",-0.243418011523461,0.0196078431372549,TRUE,NA,NA,"tnbc"
"Myeloid_cell","ELF3","ridge",830,137,NA,0.740315649753315,NA,"cv_r2",0.0011995790987503,0.0196078431372549,TRUE,NA,NA,"tnbc"
"Myeloid_cell","ELF3","spearman",830,137,NA,0.350837439374475,NA,"cv_r2",0.00670240521905337,0.0196078431372549,TRUE,NA,NA,"tnbc"
"Myeloid_cell","ENO1","rf",830,137,0.771663495014119,0.752130439027612,NA,"oob_r2",-0.0399054528670502,0.0196078431372549,TRUE,0.890545070244325,0.679365079365079,"tnbc"
"Myeloid_cell","ENO1","lm",830,137,NA,0.722371752823244,NA,"cv_r2",-0.225034038747818,0.0196078431372549,TRUE,NA,NA,"tnbc"
"Myeloid_cell","ENO1","ridge",830,137,NA,0.748724335534564,NA,"cv_r2",0.00330611247390287,0.0196078431372549,TRUE,NA,NA,"tnbc"
"Myeloid_cell","ENO1","spearman",830,137,NA,0.348106391547,NA,"cv_r2",0.00823889917153348,0.0196078431372549,TRUE,NA,NA,"tnbc"
"Myeloid_cell","ZSCAN31","rf",830,137,0.723506914466676,0.70795967985209,NA,"oob_r2",-0.0561653269392792,0.0196078431372549,TRUE,0.840845732136079,0.874074074074074,"tnbc"
"Myeloid_cell","ZSCAN31","lm",830,137,NA,0.654041047165201,NA,"cv_r2",-0.224320494048923,0.0196078431372549,TRUE,NA,NA,"tnbc"
"Myeloid_cell","ZSCAN31","ridge",830,137,NA,0.69065424678706,NA,"cv_r2",0.00213503826248759,0.0196078431372549,TRUE,NA,NA,"tnbc"
"Myeloid_cell","ZSCAN31","spearman",830,137,NA,0.37455645584032,NA,"cv_r2",0.00770735675278705,0.0196078431372549,TRUE,NA,NA,"tnbc"
"Myeloid_cell","MSX2","rf",830,137,0.639307237632984,0.619369084547531,NA,"oob_r2",-0.0751980084119319,0.0196078431372549,TRUE,0.783427607793355,0.933333333333333,"tnbc"
"Myeloid_cell","MSX2","lm",830,137,NA,0.510211547724406,NA,"cv_r2",-0.22389397771585,0.0196078431372549,TRUE,NA,NA,"tnbc"
"Myeloid_cell","MSX2","ridge",830,137,NA,0.564738552749289,NA,"cv_r2",-0.00104244399286788,0.0196078431372549,TRUE,NA,NA,"tnbc"
"Myeloid_cell","MSX2","spearman",830,137,NA,0.339023455317401,NA,"cv_r2",0.000834870302764413,0.0196078431372549,TRUE,NA,NA,"tnbc"
"Myeloid_cell","HOXA1","rf",830,137,0.653459843199115,0.647647014983914,NA,"oob_r2",-0.0510705349808033,0.0196078431372549,TRUE,0.802124857136338,0.722751322751323,"tnbc"
"Myeloid_cell","HOXA1","lm",830,137,NA,0.583416768914884,NA,"cv_r2",-0.217901945093148,0.0196078431372549,TRUE,NA,NA,"tnbc"
"Myeloid_cell","HOXA1","ridge",830,137,NA,0.626517379656095,NA,"cv_r2",0.000247062836975708,0.0196078431372549,TRUE,NA,NA,"tnbc"
"Myeloid_cell","HOXA1","spearman",830,137,NA,0.299794943936751,NA,"cv_r2",0.00760817620813458,0.0196078431372549,TRUE,NA,NA,"tnbc"
"Myeloid_cell","IRX3","rf",830,137,0.752246092728432,0.739790755151459,NA,"oob_r2",-0.0463703848246084,0.0196078431372549,TRUE,0.859002018240915,0.71957671957672,"tnbc"
"Myeloid_cell","IRX3","lm",830,137,NA,0.670899789160467,NA,"cv_r2",-0.211993289225562,0.0196078431372549,TRUE,NA,NA,"tnbc"
"Myeloid_cell","IRX3","ridge",830,137,NA,0.694567277111711,NA,"cv_r2",-0.000800715706887367,0.0196078431372549,TRUE,NA,NA,"tnbc"
"Myeloid_cell","IRX3","spearman",830,137,NA,0.356011450570391,NA,"cv_r2",-0.0014319441113499,0.0196078431372549,TRUE,NA,NA,"tnbc"
"Myeloid_cell","ZNF324","rf",830,137,0.634872974611505,0.63211388211774,NA,"oob_r2",-0.0467987724912897,0.0196078431372549,TRUE,0.853593008133117,0.725925925925926,"tnbc"
"Myeloid_cell","ZNF324","lm",830,137,NA,0.623449399589156,NA,"cv_r2",-0.212329352630535,0.0196078431372549,TRUE,NA,NA,"tnbc"
"Myeloid_cell","ZNF324","ridge",830,137,NA,0.650287420347041,NA,"cv_r2",5.7411662318439e-05,0.0196078431372549,TRUE,NA,NA,"tnbc"
"Myeloid_cell","ZNF324","spearman",830,137,NA,0.229946897722818,NA,"cv_r2",0.00695110424249855,0.0196078431372549,TRUE,NA,NA,"tnbc"
"Myeloid_cell","ARX","rf",830,137,0.724884655499195,0.714768884474293,NA,"oob_r2",-0.0504024403338273,0.0196078431372549,TRUE,0.853744739194736,0.822222222222222,"tnbc"
"Myeloid_cell","ARX","lm",830,137,NA,0.633883939420356,NA,"cv_r2",-0.214003143648679,0.0196078431372549,TRUE,NA,NA,"tnbc"
"Myeloid_cell","ARX","ridge",830,137,NA,0.683278316082306,NA,"cv_r2",0.00142167190478431,0.0196078431372549,TRUE,NA,NA,"tnbc"
"Myeloid_cell","ARX","spearman",830,137,NA,0.344368590772145,NA,"cv_r2",0.00443753549961033,0.0196078431372549,TRUE,NA,NA,"tnbc"
"Myeloid_cell","PRRX1","rf",830,137,0.8338802414843,0.8198710197229,NA,"oob_r2",-0.0334939849694424,0.0196078431372549,TRUE,0.84150274941247,0.77037037037037,"tnbc"
"Myeloid_cell","PRRX1","lm",830,137,NA,0.80805285636411,NA,"cv_r2",-0.218622231916886,0.0196078431372549,TRUE,NA,NA,"tnbc"
"Myeloid_cell","PRRX1","ridge",830,137,NA,0.822729930709649,NA,"cv_r2",0.00215526440575807,0.0196078431372549,TRUE,NA,NA,"tnbc"
"Myeloid_cell","PRRX1","spearman",830,137,NA,0.463619387801539,NA,"cv_r2",0.00328381789579098,0.0196078431372549,TRUE,NA,NA,"tnbc"
"Myeloid_cell","IRX6","rf",830,137,0.709342949646892,0.697555160255688,NA,"oob_r2",-0.0497631044214847,0.0196078431372549,TRUE,0.87227138184164,0.881481481481481,"tnbc"
"Myeloid_cell","IRX6","lm",830,137,NA,0.652293727511424,NA,"cv_r2",-0.213544891402158,0.0196078431372549,TRUE,NA,NA,"tnbc"
"Myeloid_cell","IRX6","ridge",830,137,NA,0.668462914672769,NA,"cv_r2",-0.000208537400250309,0.0196078431372549,TRUE,NA,NA,"tnbc"
"Myeloid_cell","IRX6","spearman",830,137,NA,0.320829147032759,NA,"cv_r2",0.00454231862424143,0.0196078431372549,TRUE,NA,NA,"tnbc"
"Myeloid_cell","ZNF683","rf",830,137,0.766006420182634,0.77056977317811,NA,"oob_r2",-0.0715243161647553,0.0196078431372549,TRUE,0.817505698989635,0.874074074074074,"tnbc"
"Myeloid_cell","ZNF683","lm",830,137,NA,0.724246333225803,NA,"cv_r2",-0.198603585808255,0.0196078431372549,TRUE,NA,NA,"tnbc"
"Myeloid_cell","ZNF683","ridge",830,137,NA,0.739074225109392,NA,"cv_r2",-0.000551129619904112,0.0196078431372549,TRUE,NA,NA,"tnbc"
"Myeloid_cell","ZNF683","spearman",830,137,NA,0.239263071477142,NA,"cv_r2",0.00414950662093106,0.0196078431372549,TRUE,NA,NA,"tnbc"
"Myeloid_cell","SIX1","rf",830,137,0.829672256903749,0.830214869567461,NA,"oob_r2",-0.0401244614543684,0.0196078431372549,TRUE,0.834936414002817,0.616931216931217,"tnbc"
"Myeloid_cell","SIX1","lm",830,137,NA,0.776349842051405,NA,"cv_r2",-0.230472369122949,0.0196078431372549,TRUE,NA,NA,"tnbc"
"Myeloid_cell","SIX1","ridge",830,137,NA,0.791919378848612,NA,"cv_r2",-0.000197103654978421,0.0196078431372549,TRUE,NA,NA,"tnbc"
"Myeloid_cell","SIX1","spearman",830,137,NA,0.706635846059981,NA,"cv_r2",-0.00116432442890631,0.0196078431372549,TRUE,NA,NA,"tnbc"
"Myeloid_cell","ITGB2","rf",830,137,0.766053771769186,0.753424394348899,NA,"oob_r2",-0.0502638371191608,0.0196078431372549,TRUE,0.862184222043837,0.874074074074074,"tnbc"
"Myeloid_cell","ITGB2","lm",830,137,NA,0.72111527955167,NA,"cv_r2",-0.209152098486886,0.0196078431372549,TRUE,NA,NA,"tnbc"
"Myeloid_cell","ITGB2","ridge",830,137,NA,0.748306568935434,NA,"cv_r2",0.00213103665143093,0.0196078431372549,TRUE,NA,NA,"tnbc"
"Myeloid_cell","ITGB2","spearman",830,137,NA,0.37256475814131,NA,"cv_r2",0.00910216285815538,0.0196078431372549,TRUE,NA,NA,"tnbc"
"Myeloid_cell","CEBPD","rf",830,137,0.711997535164151,0.695710875697436,NA,"oob_r2",-0.0373708647115858,0.0196078431372549,TRUE,0.849610767823473,1,"tnbc"
"Myeloid_cell","CEBPD","lm",830,137,NA,0.627141178030177,NA,"cv_r2",-0.218338206764126,0.0196078431372549,TRUE,NA,NA,"tnbc"
"Myeloid_cell","CEBPD","ridge",830,137,NA,0.674072923119512,NA,"cv_r2",-0.00052808128284988,0.0196078431372549,TRUE,NA,NA,"tnbc"
"Myeloid_cell","CEBPD","spearman",830,137,NA,0.380064021183214,NA,"cv_r2",0.00221776142808518,0.0196078431372549,TRUE,NA,NA,"tnbc"
"Myeloid_cell","AIRE","rf",830,137,0.735822472764597,0.733953400346717,NA,"oob_r2",-0.0607990840827895,0.0196078431372549,TRUE,0.857984911937905,0.8,"tnbc"
"Myeloid_cell","AIRE","lm",830,137,NA,0.679891745186157,NA,"cv_r2",-0.217521142540024,0.0196078431372549,TRUE,NA,NA,"tnbc"
"Myeloid_cell","AIRE","ridge",830,137,NA,0.697514285167268,NA,"cv_r2",-0.000147889226962897,0.0196078431372549,TRUE,NA,NA,"tnbc"
"Myeloid_cell","AIRE","spearman",830,137,NA,0.290691780742457,NA,"cv_r2",0.0050177928964929,0.0196078431372549,TRUE,NA,NA,"tnbc"
"Myeloid_cell","NR5A2","rf",830,137,0.734218803231338,0.700537029173617,NA,"oob_r2",-0.0614175251382513,0.0196078431372549,TRUE,0.831022727508437,0.933333333333333,"tnbc"
"Myeloid_cell","NR5A2","lm",830,137,NA,0.652452981757571,NA,"cv_r2",-0.218452952993736,0.0196078431372549,TRUE,NA,NA,"tnbc"
"Myeloid_cell","NR5A2","ridge",830,137,NA,0.683176304009925,NA,"cv_r2",0.000561699869570675,0.0196078431372549,TRUE,NA,NA,"tnbc"
"Myeloid_cell","NR5A2","spearman",830,137,NA,0.429804151807898,NA,"cv_r2",0.00570129873737432,0.0196078431372549,TRUE,NA,NA,"tnbc"
"Myeloid_cell","HOXA9","rf",830,137,0.783130298855724,0.781988958588744,NA,"oob_r2",-0.070366231017848,0.0196078431372549,TRUE,0.831304824902562,0.785185185185185,"tnbc"
"Myeloid_cell","HOXA9","lm",830,137,NA,0.687105188548242,NA,"cv_r2",-0.201348319234147,0.0196078431372549,TRUE,NA,NA,"tnbc"
"Myeloid_cell","HOXA9","ridge",830,137,NA,0.703385957407255,NA,"cv_r2",-0.000347506076622218,0.0196078431372549,TRUE,NA,NA,"tnbc"
"Myeloid_cell","HOXA9","spearman",830,137,NA,0.194318924587092,NA,"cv_r2",0.00564982888489975,0.0196078431372549,TRUE,NA,NA,"tnbc"
"Myeloid_cell","ZNF331","rf",830,137,0.596814153698854,0.586942343611993,NA,"oob_r2",-0.0394677489989447,0.0196078431372549,TRUE,0.758698141268567,0.82962962962963,"tnbc"
"Myeloid_cell","ZNF331","lm",830,137,NA,0.538010557095225,NA,"cv_r2",-0.191182892829429,0.0196078431372549,TRUE,NA,NA,"tnbc"
"Myeloid_cell","ZNF331","ridge",830,137,NA,0.58311770309439,NA,"cv_r2",-0.000594937524410433,0.0196078431372549,TRUE,NA,NA,"tnbc"
"Myeloid_cell","ZNF331","spearman",830,137,NA,0.32761813887386,NA,"cv_r2",0.00203575321499484,0.0196078431372549,TRUE,NA,NA,"tnbc"
"Myeloid_cell","MYB","rf",830,137,0.783198852646027,0.769914778453584,NA,"oob_r2",-0.0423591072826985,0.0196078431372549,TRUE,0.86843579069203,0.814814814814815,"tnbc"
"Myeloid_cell","MYB","lm",830,137,NA,0.725101193919089,NA,"cv_r2",-0.215013034569464,0.0196078431372549,TRUE,NA,NA,"tnbc"
"Myeloid_cell","MYB","ridge",830,137,NA,0.73217942590204,NA,"cv_r2",0.000794962505252843,0.0196078431372549,TRUE,NA,NA,"tnbc"
"Myeloid_cell","MYB","spearman",830,137,NA,0.362893259966208,NA,"cv_r2",0.00763010353066793,0.0196078431372549,TRUE,NA,NA,"tnbc"
"Myeloid_cell","SPDEF","rf",830,137,0.788856607858409,0.777628459905481,NA,"oob_r2",-0.0385627360075142,0.0196078431372549,TRUE,0.860435425624814,0.82962962962963,"tnbc"
"Myeloid_cell","SPDEF","lm",830,137,NA,0.753200748699234,NA,"cv_r2",-0.224189895209797,0.0196078431372549,TRUE,NA,NA,"tnbc"
"Myeloid_cell","SPDEF","ridge",830,137,NA,0.769086169710062,NA,"cv_r2",-0.000282560804746757,0.0196078431372549,TRUE,NA,NA,"tnbc"
"Myeloid_cell","SPDEF","spearman",830,137,NA,0.409270605419237,NA,"cv_r2",0.00313969747342215,0.0196078431372549,TRUE,NA,NA,"tnbc"
"Myeloid_cell","NFIX","rf",830,137,0.74909336870349,0.731642896912259,NA,"oob_r2",-0.0503410422667436,0.0196078431372549,TRUE,0.87423123274487,0.874074074074074,"tnbc"
"Myeloid_cell","NFIX","lm",830,137,NA,0.67844294474277,NA,"cv_r2",-0.218302119534725,0.0196078431372549,TRUE,NA,NA,"tnbc"
"Myeloid_cell","NFIX","ridge",830,137,NA,0.704592550528256,NA,"cv_r2",0.000679767400227246,0.0196078431372549,TRUE,NA,NA,"tnbc"
"Myeloid_cell","NFIX","spearman",830,137,NA,0.3417074410849,NA,"cv_r2",0.00605454820864633,0.0196078431372549,TRUE,NA,NA,"tnbc"
"Myeloid_cell","NFIB","rf",830,137,0.740796678938814,0.740505509530846,NA,"oob_r2",-0.0435193430812239,0.0196078431372549,TRUE,0.880615138258837,0.933333333333333,"tnbc"
"Myeloid_cell","NFIB","lm",830,137,NA,0.699413326623793,NA,"cv_r2",-0.231673455278588,0.0196078431372549,TRUE,NA,NA,"tnbc"
"Myeloid_cell","NFIB","ridge",830,137,NA,0.712263379922811,NA,"cv_r2",0.000382004719508237,0.0196078431372549,TRUE,NA,NA,"tnbc"
"Myeloid_cell","NFIB","spearman",830,137,NA,0.327827031786326,NA,"cv_r2",0.00625210600414509,0.0196078431372549,TRUE,NA,NA,"tnbc"
"Myeloid_cell","ZNF165","rf",830,137,0.796941119266054,0.786390607053251,NA,"oob_r2",-0.048883479789616,0.0196078431372549,TRUE,0.846819870442623,0.822222222222222,"tnbc"
"Myeloid_cell","ZNF165","lm",830,137,NA,0.75599273935971,NA,"cv_r2",-0.223985488513099,0.0196078431372549,TRUE,NA,NA,"tnbc"
"Myeloid_cell","ZNF165","ridge",830,137,NA,0.776042911396632,NA,"cv_r2",0.00240577412021508,0.0196078431372549,TRUE,NA,NA,"tnbc"
"Myeloid_cell","ZNF165","spearman",830,137,NA,0.362853989375686,NA,"cv_r2",-0.000881070809709506,0.0196078431372549,TRUE,NA,NA,"tnbc"
"Myeloid_cell","ATF5","rf",830,137,0.807256381559872,0.806189044067098,NA,"oob_r2",-0.0460195637073141,0.0196078431372549,TRUE,0.874159463849011,0.933333333333333,"tnbc"
"Myeloid_cell","ATF5","lm",830,137,NA,0.748426208599774,NA,"cv_r2",-0.213083986266275,0.0196078431372549,TRUE,NA,NA,"tnbc"
"Myeloid_cell","ATF5","ridge",830,137,NA,0.75902595970579,NA,"cv_r2",0.00404637584900212,0.0196078431372549,TRUE,NA,NA,"tnbc"
"Myeloid_cell","ATF5","spearman",830,137,NA,0.379000300415709,NA,"cv_r2",0.00583238523201358,0.0196078431372549,TRUE,NA,NA,"tnbc"
"Myeloid_cell","HOXA6","rf",830,137,0.794641181742531,0.791516683284972,NA,"oob_r2",-0.04708058176943,0.0196078431372549,TRUE,0.81715224754876,0.844444444444444,"tnbc"
"Myeloid_cell","HOXA6","lm",830,137,NA,0.736998759995364,NA,"cv_r2",-0.219223763317192,0.0196078431372549,TRUE,NA,NA,"tnbc"
"Myeloid_cell","HOXA6","ridge",830,137,NA,0.757849524315492,NA,"cv_r2",-2.02742103859844e-05,0.0196078431372549,TRUE,NA,NA,"tnbc"
"Myeloid_cell","HOXA6","spearman",830,137,NA,0.403720459236395,NA,"cv_r2",0.00159812832569945,0.0196078431372549,TRUE,NA,NA,"tnbc"
"Myeloid_cell","SOX9","rf",830,137,0.736893687143156,0.728676232507228,NA,"oob_r2",-0.0442297405415957,0.0196078431372549,TRUE,0.837986695789074,0.755555555555556,"tnbc"
"Myeloid_cell","SOX9","lm",830,137,NA,0.677035641288054,NA,"cv_r2",-0.19261331180895,0.0196078431372549,TRUE,NA,NA,"tnbc"
"Myeloid_cell","SOX9","ridge",830,137,NA,0.71473887846594,NA,"cv_r2",5.85876810359588e-05,0.0196078431372549,TRUE,NA,NA,"tnbc"
"Myeloid_cell","SOX9","spearman",830,137,NA,0.360422825145806,NA,"cv_r2",0.00238865104194706,0.0196078431372549,TRUE,NA,NA,"tnbc"
"Myeloid_cell","ID3","rf",830,137,0.790692209101561,0.787290070520291,NA,"oob_r2",-0.0323218936415402,0.0196078431372549,TRUE,0.881179540471642,0.733333333333333,"tnbc"
"Myeloid_cell","ID3","lm",830,137,NA,0.795285338586921,NA,"cv_r2",-0.218452098355415,0.0196078431372549,TRUE,NA,NA,"tnbc"
"Myeloid_cell","ID3","ridge",830,137,NA,0.808998226711028,NA,"cv_r2",0.00254418703817331,0.0196078431372549,TRUE,NA,NA,"tnbc"
"Myeloid_cell","ID3","spearman",830,137,NA,0.3970565180641,NA,"cv_r2",0.00241504741538001,0.0196078431372549,TRUE,NA,NA,"tnbc"
"Myeloid_cell","SOX18","rf",830,137,0.731741321810835,0.716794279318696,NA,"oob_r2",-0.0457927693014729,0.0196078431372549,TRUE,0.846536528501171,0.822222222222222,"tnbc"
"Myeloid_cell","SOX18","lm",830,137,NA,0.630655020966895,NA,"cv_r2",-0.247898045838433,0.0196078431372549,TRUE,NA,NA,"tnbc"
"Myeloid_cell","SOX18","ridge",830,137,NA,0.682402773113495,NA,"cv_r2",0.000456115895412265,0.0196078431372549,TRUE,NA,NA,"tnbc"
"Myeloid_cell","SOX18","spearman",830,137,NA,0.337187801224776,NA,"cv_r2",0.00243379645769066,0.0196078431372549,TRUE,NA,NA,"tnbc"
"Myeloid_cell","ESRRG","rf",830,137,0.796703161557559,0.800525067577702,NA,"oob_r2",-0.0523743340111043,0.0196078431372549,TRUE,0.857392714834797,0.8,"tnbc"
"Myeloid_cell","ESRRG","lm",830,137,NA,0.754504959453875,NA,"cv_r2",-0.20936692044063,0.0196078431372549,TRUE,NA,NA,"tnbc"
"Myeloid_cell","ESRRG","ridge",830,137,NA,0.769698331529413,NA,"cv_r2",0.000819574005917609,0.0196078431372549,TRUE,NA,NA,"tnbc"
"Myeloid_cell","ESRRG","spearman",830,137,NA,0.372149976594482,NA,"cv_r2",0.00546003490107575,0.0196078431372549,TRUE,NA,NA,"tnbc"
"Myeloid_cell","SNAI2","rf",830,137,0.783534643264675,0.769804362723627,NA,"oob_r2",-0.0378060434509265,0.0196078431372549,TRUE,0.885951757197113,0.874074074074074,"tnbc"
"Myeloid_cell","SNAI2","lm",830,137,NA,0.751568575514138,NA,"cv_r2",-0.221398266777291,0.0196078431372549,TRUE,NA,NA,"tnbc"
"Myeloid_cell","SNAI2","ridge",830,137,NA,0.77089037484007,NA,"cv_r2",0.00336224554030977,0.0196078431372549,TRUE,NA,NA,"tnbc"
"Myeloid_cell","SNAI2","spearman",830,137,NA,0.376989382761802,NA,"cv_r2",0.00222023565058151,0.0196078431372549,TRUE,NA,NA,"tnbc"
"Myeloid_cell","MYEF2","rf",830,137,0.812430855196703,0.81056452145305,NA,"oob_r2",-0.0528061970935369,0.0196078431372549,TRUE,0.875522243172102,0.933333333333333,"tnbc"
"Myeloid_cell","MYEF2","lm",830,137,NA,0.770768919244487,NA,"cv_r2",-0.215175320891772,0.0196078431372549,TRUE,NA,NA,"tnbc"
"Myeloid_cell","MYEF2","ridge",830,137,NA,0.774470575461927,NA,"cv_r2",0.00257129450883895,0.0196078431372549,TRUE,NA,NA,"tnbc"
"Myeloid_cell","MYEF2","spearman",830,137,NA,0.384419484381837,NA,"cv_r2",0.00524153182570884,0.0196078431372549,TRUE,NA,NA,"tnbc"
"Myeloid_cell","MXI1","rf",830,137,0.802809518364847,0.792023252437541,NA,"oob_r2",-0.0395922484746598,0.0196078431372549,TRUE,0.890878297791136,1,"tnbc"
"Myeloid_cell","MXI1","lm",830,137,NA,0.787688446178988,NA,"cv_r2",-0.236150041914846,0.0196078431372549,TRUE,NA,NA,"tnbc"
"Myeloid_cell","MXI1","ridge",830,137,NA,0.803480652658774,NA,"cv_r2",0.00243090163649378,0.0196078431372549,TRUE,NA,NA,"tnbc"
"Myeloid_cell","MXI1","spearman",830,137,NA,0.341820717481421,NA,"cv_r2",0.00557233166936284,0.0196078431372549,TRUE,NA,NA,"tnbc"
"Myeloid_cell","SOX10","rf",830,137,0.69734189462998,0.683828263383778,NA,"oob_r2",-0.0377070998291938,0.0196078431372549,TRUE,0.826214211485927,0.755555555555556,"tnbc"
"Myeloid_cell","SOX10","lm",830,137,NA,0.630281057617191,NA,"cv_r2",-0.231763535512013,0.0196078431372549,TRUE,NA,NA,"tnbc"
"Myeloid_cell","SOX10","ridge",830,137,NA,0.685323504857289,NA,"cv_r2",0.00282885779215899,0.0196078431372549,TRUE,NA,NA,"tnbc"
"Myeloid_cell","SOX10","spearman",830,137,NA,0.333724496316909,NA,"cv_r2",0.00332882246903276,0.0196078431372549,TRUE,NA,NA,"tnbc"
"Myeloid_cell","ID4","rf",830,137,0.832309239205843,0.818649067920511,NA,"oob_r2",-0.0475648995632352,0.0196078431372549,TRUE,0.867668216128089,0.8,"tnbc"
"Myeloid_cell","ID4","lm",830,137,NA,0.819557594552704,NA,"cv_r2",-0.210609592761856,0.0196078431372549,TRUE,NA,NA,"tnbc"
"Myeloid_cell","ID4","ridge",830,137,NA,0.829635192553318,NA,"cv_r2",0.00190275367390899,0.0196078431372549,TRUE,NA,NA,"tnbc"
"Myeloid_cell","ID4","spearman",830,137,NA,0.520848578650661,NA,"cv_r2",0.00568140669917743,0.0196078431372549,TRUE,NA,NA,"tnbc"
"Myeloid_cell","OSR1","rf",830,137,0.801527737487394,0.793246951005825,NA,"oob_r2",-0.0392233638976295,0.0196078431372549,TRUE,0.859788157302485,0.822222222222222,"tnbc"
"Myeloid_cell","OSR1","lm",830,137,NA,0.754702877368761,NA,"cv_r2",-0.205697033907964,0.0196078431372549,TRUE,NA,NA,"tnbc"
"Myeloid_cell","OSR1","ridge",830,137,NA,0.772401149197805,NA,"cv_r2",-9.61492012074659e-05,0.0196078431372549,TRUE,NA,NA,"tnbc"
"Myeloid_cell","OSR1","spearman",830,137,NA,0.35325567372317,NA,"cv_r2",0.00270720509747185,0.0196078431372549,TRUE,NA,NA,"tnbc"
"Myeloid_cell","ID1","rf",830,137,0.827730529200853,0.820836287023537,NA,"oob_r2",-0.0333272527387601,0.0196078431372549,TRUE,0.888080036838601,0.8,"tnbc"
"Myeloid_cell","ID1","lm",830,137,NA,0.832440141153362,NA,"cv_r2",-0.215286709428891,0.0196078431372549,TRUE,NA,NA,"tnbc"
"Myeloid_cell","ID1","ridge",830,137,NA,0.839589887113336,NA,"cv_r2",0.0015348242992429,0.0196078431372549,TRUE,NA,NA,"tnbc"
"Myeloid_cell","ID1","spearman",830,137,NA,0.503016082459986,NA,"cv_r2",0.00288216287299935,0.0196078431372549,TRUE,NA,NA,"tnbc"
"Myeloid_cell","ZFP28","rf",830,137,0.8272134484236,0.819746944348934,NA,"oob_r2",-0.0308554807748047,0.0196078431372549,TRUE,0.856166420868569,0.881481481481481,"tnbc"
"Myeloid_cell","ZFP28","lm",830,137,NA,0.795490221144322,NA,"cv_r2",-0.222994398037959,0.0196078431372549,TRUE,NA,NA,"tnbc"
"Myeloid_cell","ZFP28","ridge",830,137,NA,0.809227025128791,NA,"cv_r2",0.00409713716784408,0.0196078431372549,TRUE,NA,NA,"tnbc"
"Myeloid_cell","ZFP28","spearman",830,137,NA,0.427719101195083,NA,"cv_r2",0.00265580831560374,0.0196078431372549,TRUE,NA,NA,"tnbc"
"Myeloid_cell","SOX17","rf",830,137,0.678154313413607,0.665761790581708,NA,"oob_r2",-0.024100947960651,0.0196078431372549,TRUE,0.877861992146906,0.701587301587302,"tnbc"
"Myeloid_cell","SOX17","lm",830,137,NA,0.570574526319527,NA,"cv_r2",-0.223885149079059,0.0196078431372549,TRUE,NA,NA,"tnbc"
"Myeloid_cell","SOX17","ridge",830,137,NA,0.632699156253198,NA,"cv_r2",0.00303570262687381,0.0196078431372549,TRUE,NA,NA,"tnbc"
"Myeloid_cell","SOX17","spearman",830,137,NA,0.28288132758224,NA,"cv_r2",0.00133347389468768,0.0196078431372549,TRUE,NA,NA,"tnbc"
"Myeloid_cell","TP63","rf",830,137,0.819070312898396,0.804700712278557,NA,"oob_r2",-0.0351250747339608,0.0196078431372549,TRUE,0.8463202884031,0.881481481481481,"tnbc"
"Myeloid_cell","TP63","lm",830,137,NA,0.773913723289498,NA,"cv_r2",-0.217169707799778,0.0196078431372549,TRUE,NA,NA,"tnbc"
"Myeloid_cell","TP63","ridge",830,137,NA,0.79099021906712,NA,"cv_r2",0.000605309526938934,0.0196078431372549,TRUE,NA,NA,"tnbc"
"Myeloid_cell","TP63","spearman",830,137,NA,0.485326655670126,NA,"cv_r2",0.00635834137794445,0.0196078431372549,TRUE,NA,NA,"tnbc"
"Myeloid_cell","PAX8","rf",830,137,0.801609976114126,0.791899036530341,NA,"oob_r2",-0.0369355737788636,0.0196078431372549,TRUE,0.875418945743959,0.874074074074074,"tnbc"
"Myeloid_cell","PAX8","lm",830,137,NA,0.765068696057455,NA,"cv_r2",-0.214741467576401,0.0196078431372549,TRUE,NA,NA,"tnbc"
"Myeloid_cell","PAX8","ridge",830,137,NA,0.778807167591526,NA,"cv_r2",0.00411116538304516,0.0196078431372549,TRUE,NA,NA,"tnbc"
"Myeloid_cell","PAX8","spearman",830,137,NA,0.404722913473733,NA,"cv_r2",0.00618456234421229,0.0196078431372549,TRUE,NA,NA,"tnbc"
"Myeloid_cell","NR2F2","rf",830,137,0.787350020324364,0.776011495239411,NA,"oob_r2",-0.0413552359451891,0.0196078431372549,TRUE,0.885098620004439,0.785185185185185,"tnbc"
"Myeloid_cell","NR2F2","lm",830,137,NA,0.747705558523303,NA,"cv_r2",-0.226941450158449,0.0196078431372549,TRUE,NA,NA,"tnbc"
"Myeloid_cell","NR2F2","ridge",830,137,NA,0.767355855741998,NA,"cv_r2",0.00256322403329393,0.0196078431372549,TRUE,NA,NA,"tnbc"
"Myeloid_cell","NR2F2","spearman",830,137,NA,0.368301383119604,NA,"cv_r2",0.00122615345381937,0.0196078431372549,TRUE,NA,NA,"tnbc"
"Myeloid_cell","HEY2","rf",830,137,0.845725347508978,0.840495738301963,NA,"oob_r2",-0.0505156253786413,0.0196078431372549,TRUE,0.856634681800362,1,"tnbc"
"Myeloid_cell","HEY2","lm",830,137,NA,0.832315971201686,NA,"cv_r2",-0.220948312029772,0.0196078431372549,TRUE,NA,NA,"tnbc"
"Myeloid_cell","HEY2","ridge",830,137,NA,0.837673065397819,NA,"cv_r2",0.00358907392919042,0.0196078431372549,TRUE,NA,NA,"tnbc"
"Myeloid_cell","HEY2","spearman",830,137,NA,0.456771247457632,NA,"cv_r2",0.00599590523291608,0.0196078431372549,TRUE,NA,NA,"tnbc"
"Myeloid_cell","TP73","rf",830,137,0.77263226409802,0.760148693788424,NA,"oob_r2",-0.0417908200708866,0.0196078431372549,TRUE,0.861287525694717,1,"tnbc"
"Myeloid_cell","TP73","lm",830,137,NA,0.716267515738398,NA,"cv_r2",-0.219553134271226,0.0196078431372549,TRUE,NA,NA,"tnbc"
"Myeloid_cell","TP73","ridge",830,137,NA,0.740917647679002,NA,"cv_r2",0.000182844400396345,0.0196078431372549,TRUE,NA,NA,"tnbc"
"Myeloid_cell","TP73","spearman",830,137,NA,0.45512641291483,NA,"cv_r2",0.00865709019880065,0.0196078431372549,TRUE,NA,NA,"tnbc"
"Myeloid_cell","JUN","rf",830,137,0.845681280776989,0.84349589662588,NA,"oob_r2",-0.0329588843081552,0.0196078431372549,TRUE,0.851084622995501,0.785185185185185,"tnbc"
"Myeloid_cell","JUN","lm",830,137,NA,0.847965171145695,NA,"cv_r2",-0.21985058302514,0.0196078431372549,TRUE,NA,NA,"tnbc"
"Myeloid_cell","JUN","ridge",830,137,NA,0.855789567508864,NA,"cv_r2",0.000317988872685122,0.0196078431372549,TRUE,NA,NA,"tnbc"
"Myeloid_cell","JUN","spearman",830,137,NA,0.510684497207634,NA,"cv_r2",0.00668033037531495,0.0196078431372549,TRUE,NA,NA,"tnbc"
"Myeloid_cell","PGR","rf",830,137,0.796146768750874,0.791574374546313,NA,"oob_r2",-0.0383589936352457,0.0196078431372549,TRUE,0.865245289906929,1,"tnbc"
"Myeloid_cell","PGR","lm",830,137,NA,0.762204866246159,NA,"cv_r2",-0.211115434198283,0.0196078431372549,TRUE,NA,NA,"tnbc"
"Myeloid_cell","PGR","ridge",830,137,NA,0.775869053819175,NA,"cv_r2",0.00174168530412847,0.0196078431372549,TRUE,NA,NA,"tnbc"
"Myeloid_cell","PGR","spearman",830,137,NA,0.368519870696821,NA,"cv_r2",0.00857909129891947,0.0196078431372549,TRUE,NA,NA,"tnbc"
"Myeloid_cell","FOXJ1","rf",830,137,0.829218819829466,0.814905067371717,NA,"oob_r2",-0.0408783087718565,0.0196078431372549,TRUE,0.852315998863313,1,"tnbc"
"Myeloid_cell","FOXJ1","lm",830,137,NA,0.807427088873123,NA,"cv_r2",-0.22658378004719,0.0196078431372549,TRUE,NA,NA,"tnbc"
"Myeloid_cell","FOXJ1","ridge",830,137,NA,0.81624717663388,NA,"cv_r2",0.00214484443926384,0.0196078431372549,TRUE,NA,NA,"tnbc"
"Myeloid_cell","FOXJ1","spearman",830,137,NA,0.54851619637167,NA,"cv_r2",0.00444245973136968,0.0196078431372549,TRUE,NA,NA,"tnbc"
"Myeloid_cell","ZBTB7C","rf",830,137,0.84071080293934,0.832860325767594,NA,"oob_r2",-0.0337994137425272,0.0196078431372549,TRUE,0.83623229890708,1,"tnbc"
"Myeloid_cell","ZBTB7C","lm",830,137,NA,0.816350089214432,NA,"cv_r2",-0.225039213684297,0.0196078431372549,TRUE,NA,NA,"tnbc"
"Myeloid_cell","ZBTB7C","ridge",830,137,NA,0.830287180773813,NA,"cv_r2",0.00391330532069305,0.0196078431372549,TRUE,NA,NA,"tnbc"
"Myeloid_cell","ZBTB7C","spearman",830,137,NA,0.480644738387339,NA,"cv_r2",0.00523299310165502,0.0196078431372549,TRUE,NA,NA,"tnbc"
"Myeloid_cell","NPAS1","rf",830,137,0.831779364172512,0.833771353461394,NA,"oob_r2",-0.03583155529789,0.0196078431372549,TRUE,0.875804547990782,0.656084656084656,"tnbc"
"Myeloid_cell","NPAS1","lm",830,137,NA,0.824374585411611,NA,"cv_r2",-0.229327343554941,0.0196078431372549,TRUE,NA,NA,"tnbc"
"Myeloid_cell","NPAS1","ridge",830,137,NA,0.835717503960362,NA,"cv_r2",0.00268694912181176,0.0196078431372549,TRUE,NA,NA,"tnbc"
"Myeloid_cell","NPAS1","spearman",830,137,NA,0.460710190294071,NA,"cv_r2",0.00413138064704921,0.0196078431372549,TRUE,NA,NA,"tnbc"
"Myeloid_cell","CREB3L1","rf",830,137,0.810670214966824,0.800405382468869,NA,"oob_r2",-0.0269675511217933,0.0196078431372549,TRUE,0.877829115355017,0.874074074074074,"tnbc"
"Myeloid_cell","CREB3L1","lm",830,137,NA,0.772789991936471,NA,"cv_r2",-0.216672646948559,0.0196078431372549,TRUE,NA,NA,"tnbc"
"Myeloid_cell","CREB3L1","ridge",830,137,NA,0.791122143956547,NA,"cv_r2",0.00455311866868631,0.0196078431372549,TRUE,NA,NA,"tnbc"
"Myeloid_cell","CREB3L1","spearman",830,137,NA,0.418815984709056,NA,"cv_r2",0.0032917050744276,0.0196078431372549,TRUE,NA,NA,"tnbc"
"Myeloid_cell","TFAP4","rf",830,137,0.828449088341977,0.821177598543708,NA,"oob_r2",-0.0379023909296481,0.0196078431372549,TRUE,0.863790206657084,1,"tnbc"
"Myeloid_cell","TFAP4","lm",830,137,NA,0.801830196712642,NA,"cv_r2",-0.229215702027662,0.0196078431372549,TRUE,NA,NA,"tnbc"
"Myeloid_cell","TFAP4","ridge",830,137,NA,0.807935664499966,NA,"cv_r2",0.00305947338704735,0.0196078431372549,TRUE,NA,NA,"tnbc"
"Myeloid_cell","TFAP4","spearman",830,137,NA,0.466248559762881,NA,"cv_r2",0.00593619134255663,0.0196078431372549,TRUE,NA,NA,"tnbc"
"Myeloid_cell","SPIB","rf",830,137,0.84191991193524,0.836921804597546,NA,"oob_r2",-0.0399355691790707,0.0196078431372549,TRUE,0.838693909807655,0.744973544973545,"tnbc"
"Myeloid_cell","SPIB","lm",830,137,NA,0.800752788610001,NA,"cv_r2",-0.226010860370598,0.0196078431372549,TRUE,NA,NA,"tnbc"
"Myeloid_cell","SPIB","ridge",830,137,NA,0.817148927164854,NA,"cv_r2",-0.000103391648038798,0.0196078431372549,TRUE,NA,NA,"tnbc"
"Myeloid_cell","SPIB","spearman",830,137,NA,0.470362593831138,NA,"cv_r2",0.00524762646216805,0.0196078431372549,TRUE,NA,NA,"tnbc"
"Myeloid_cell","KLF5","rf",830,137,0.782337363817683,0.765515090668614,NA,"oob_r2",-0.0421681726689836,0.0196078431372549,TRUE,0.876190046525327,1,"tnbc"
"Myeloid_cell","KLF5","lm",830,137,NA,0.741575536287823,NA,"cv_r2",-0.228182332718793,0.0196078431372549,TRUE,NA,NA,"tnbc"
"Myeloid_cell","KLF5","ridge",830,137,NA,0.761700044841979,NA,"cv_r2",0.0015759341874421,0.0196078431372549,TRUE,NA,NA,"tnbc"
"Myeloid_cell","KLF5","spearman",830,137,NA,0.357768643958316,NA,"cv_r2",0.00375118214719201,0.0196078431372549,TRUE,NA,NA,"tnbc"
"Myeloid_cell","PRDM16","rf",830,137,0.821560081846318,0.812417935116805,NA,"oob_r2",-0.0384422237037944,0.0196078431372549,TRUE,0.854647658280492,1,"tnbc"
"Myeloid_cell","PRDM16","lm",830,137,NA,0.797121874800798,NA,"cv_r2",-0.225901843788488,0.0196078431372549,TRUE,NA,NA,"tnbc"
"Myeloid_cell","PRDM16","ridge",830,137,NA,0.811385887208515,NA,"cv_r2",0.00131453478867096,0.0196078431372549,TRUE,NA,NA,"tnbc"
"Myeloid_cell","PRDM16","spearman",830,137,NA,0.488852750016713,NA,"cv_r2",0.00723874232531724,0.0196078431372549,TRUE,NA,NA,"tnbc"
"Myeloid_cell","FOS","rf",830,137,0.781173726015269,0.770697922778471,NA,"oob_r2",-0.0395140121581803,0.0196078431372549,TRUE,0.886061277361891,0.785185185185185,"tnbc"
"Myeloid_cell","FOS","lm",830,137,NA,0.750329295771226,NA,"cv_r2",-0.218327170668748,0.0196078431372549,TRUE,NA,NA,"tnbc"
"Myeloid_cell","FOS","ridge",830,137,NA,0.768195537514892,NA,"cv_r2",0.00357673716717309,0.0196078431372549,TRUE,NA,NA,"tnbc"
"Myeloid_cell","FOS","spearman",830,137,NA,0.370611688341289,NA,"cv_r2",0.00376984016000738,0.0196078431372549,TRUE,NA,NA,"tnbc"
"Myeloid_cell","NPAS3","rf",830,137,0.860552903953921,0.85557072973532,NA,"oob_r2",-0.0369783424524228,0.0196078431372549,TRUE,0.854810175418946,0.681481481481481,"tnbc"
"Myeloid_cell","NPAS3","lm",830,137,NA,0.850088166697982,NA,"cv_r2",-0.227671697700159,0.0196078431372549,TRUE,NA,NA,"tnbc"
"Myeloid_cell","NPAS3","ridge",830,137,NA,0.855979991028776,NA,"cv_r2",0.00344834616982773,0.0196078431372549,TRUE,NA,NA,"tnbc"
"Myeloid_cell","NPAS3","spearman",830,137,NA,0.484564529487013,NA,"cv_r2",0.000841845725255417,0.0196078431372549,TRUE,NA,NA,"tnbc"
"Myeloid_cell","IRF8","rf",830,137,0.828210910221107,0.825838109106182,NA,"oob_r2",-0.0466121500740876,0.0196078431372549,TRUE,0.861521500592197,1,"tnbc"
"Myeloid_cell","IRF8","lm",830,137,NA,0.794687984142768,NA,"cv_r2",-0.214790993811813,0.0196078431372549,TRUE,NA,NA,"tnbc"
"Myeloid_cell","IRF8","ridge",830,137,NA,0.80623989384845,NA,"cv_r2",0.00615207349482202,0.0196078431372549,TRUE,NA,NA,"tnbc"
"Myeloid_cell","IRF8","spearman",830,137,NA,0.417961360134688,NA,"cv_r2",0.00396275191943173,0.0196078431372549,TRUE,NA,NA,"tnbc"
"Myeloid_cell","ZSCAN22","rf",830,137,0.832163995281074,0.830143104760236,NA,"oob_r2",-0.0446608931380674,0.0196078431372549,TRUE,0.823344389062088,0.8,"tnbc"
"Myeloid_cell","ZSCAN22","lm",830,137,NA,0.79041221709333,NA,"cv_r2",-0.212513048490913,0.0196078431372549,TRUE,NA,NA,"tnbc"
"Myeloid_cell","ZSCAN22","ridge",830,137,NA,0.80748821652965,NA,"cv_r2",-0.00026975477501009,0.0196078431372549,TRUE,NA,NA,"tnbc"
"Myeloid_cell","ZSCAN22","spearman",830,137,NA,0.473495510889422,NA,"cv_r2",0.00437337514300691,0.0196078431372549,TRUE,NA,NA,"tnbc"
"Myeloid_cell","KLF6","rf",830,137,0.823592647208312,0.814881122345226,NA,"oob_r2",-0.0337285441831647,0.0196078431372549,TRUE,0.879987056707799,1,"tnbc"
"Myeloid_cell","KLF6","lm",830,137,NA,0.800871188280271,NA,"cv_r2",-0.229858114828305,0.0196078431372549,TRUE,NA,NA,"tnbc"
"Myeloid_cell","KLF6","ridge",830,137,NA,0.811321042136514,NA,"cv_r2",0.00363890844762909,0.0196078431372549,TRUE,NA,NA,"tnbc"
"Myeloid_cell","KLF6","spearman",830,137,NA,0.382373320942338,NA,"cv_r2",0.0062620595889278,0.0196078431372549,TRUE,NA,NA,"tnbc"
"Myeloid_cell","TFAP2A","rf",830,137,0.813592907009371,0.813509651779227,NA,"oob_r2",-0.0362580563472233,0.0196078431372549,TRUE,0.849566482681087,0.82962962962963,"tnbc"
"Myeloid_cell","TFAP2A","lm",830,137,NA,0.800016671647469,NA,"cv_r2",-0.230291225110917,0.0196078431372549,TRUE,NA,NA,"tnbc"
"Myeloid_cell","TFAP2A","ridge",830,137,NA,0.810703647995177,NA,"cv_r2",0.00226829810671315,0.0196078431372549,TRUE,NA,NA,"tnbc"
"Myeloid_cell","TFAP2A","spearman",830,137,NA,0.473138066360187,NA,"cv_r2",0.0050687416398511,0.0196078431372549,TRUE,NA,NA,"tnbc"
"Myeloid_cell","GATA3","rf",830,137,0.84183892281024,0.835329905844764,NA,"oob_r2",-0.0368932454255956,0.0196078431372549,TRUE,0.87028394347266,1,"tnbc"
"Myeloid_cell","GATA3","lm",830,137,NA,0.791009193775997,NA,"cv_r2",-0.222060905254261,0.0196078431372549,TRUE,NA,NA,"tnbc"
"Myeloid_cell","GATA3","ridge",830,137,NA,0.809042622285854,NA,"cv_r2",0.00275088119913487,0.0196078431372549,TRUE,NA,NA,"tnbc"
"Myeloid_cell","GATA3","spearman",830,137,NA,0.458535520251091,NA,"cv_r2",0.00468955192141827,0.0196078431372549,TRUE,NA,NA,"tnbc"
"Myeloid_cell","POLR3A","rf",830,137,0.845404187224799,0.844179976937937,NA,"oob_r2",-0.0367919990458208,0.0196078431372549,TRUE,0.849923149202556,0.77037037037037,"tnbc"
"Myeloid_cell","POLR3A","lm",830,137,NA,0.835731990113204,NA,"cv_r2",-0.223854924566367,0.0196078431372549,TRUE,NA,NA,"tnbc"
"Myeloid_cell","POLR3A","ridge",830,137,NA,0.837301101811819,NA,"cv_r2",0.00394974887423175,0.0196078431372549,TRUE,NA,NA,"tnbc"
"Myeloid_cell","POLR3A","spearman",830,137,NA,0.49775984522545,NA,"cv_r2",0.0067076697108882,0.0196078431372549,TRUE,NA,NA,"tnbc"
"Myeloid_cell","E2F5","rf",830,137,0.860178257347058,0.860389248165706,NA,"oob_r2",-0.0432300020786961,0.0196078431372549,TRUE,0.846774133328355,0.874074074074074,"tnbc"
"Myeloid_cell","E2F5","lm",830,137,NA,0.826578457026482,NA,"cv_r2",-0.218318362749,0.0196078431372549,TRUE,NA,NA,"tnbc"
"Myeloid_cell","E2F5","ridge",830,137,NA,0.838586050388174,NA,"cv_r2",0.000728805020767578,0.0196078431372549,TRUE,NA,NA,"tnbc"
"Myeloid_cell","E2F5","spearman",830,137,NA,0.55301903564799,NA,"cv_r2",0.00345311770176645,0.0196078431372549,TRUE,NA,NA,"tnbc"
"Myeloid_cell","AR","rf",830,137,0.829614422560265,0.819925996254815,NA,"oob_r2",-0.0406988077903699,0.0196078431372549,TRUE,0.870149843498173,1,"tnbc"
"Myeloid_cell","AR","lm",830,137,NA,0.80380397546286,NA,"cv_r2",-0.214274839410341,0.0196078431372549,TRUE,NA,NA,"tnbc"
"Myeloid_cell","AR","ridge",830,137,NA,0.812170538418518,NA,"cv_r2",0.00375639932814269,0.0196078431372549,TRUE,NA,NA,"tnbc"
"Myeloid_cell","AR","spearman",830,137,NA,0.448528065856534,NA,"cv_r2",0.00831599226274281,0.0196078431372549,TRUE,NA,NA,"tnbc"
"Myeloid_cell","HEY1","rf",830,137,0.839591179576399,0.83287828573945,NA,"oob_r2",-0.0347044083057779,0.0196078431372549,TRUE,0.856258724795324,0.77037037037037,"tnbc"
"Myeloid_cell","HEY1","lm",830,137,NA,0.810337659397771,NA,"cv_r2",-0.208880446628588,0.0196078431372549,TRUE,NA,NA,"tnbc"
"Myeloid_cell","HEY1","ridge",830,137,NA,0.822621960953811,NA,"cv_r2",0.000318861751074452,0.0196078431372549,TRUE,NA,NA,"tnbc"
"Myeloid_cell","HEY1","spearman",830,137,NA,0.515664278929887,NA,"cv_r2",0.00444275302865265,0.0196078431372549,TRUE,NA,NA,"tnbc"
"Myeloid_cell","OVOL2","rf",830,137,0.840411373861856,0.836826995519564,NA,"oob_r2",-0.0409249855304414,0.0196078431372549,TRUE,0.869415456862952,1,"tnbc"
"Myeloid_cell","OVOL2","lm",830,137,NA,0.804498568608686,NA,"cv_r2",-0.222941577854499,0.0196078431372549,TRUE,NA,NA,"tnbc"
"Myeloid_cell","OVOL2","ridge",830,137,NA,0.817281505880431,NA,"cv_r2",-0.000353435598213214,0.0196078431372549,TRUE,NA,NA,"tnbc"
"Myeloid_cell","OVOL2","spearman",830,137,NA,0.481618685980759,NA,"cv_r2",0.000235454529743286,0.0196078431372549,TRUE,NA,NA,"tnbc"
"Myeloid_cell","TFAP2C","rf",830,137,0.82720989328559,0.832280651014377,NA,"oob_r2",-0.0416023901908225,0.0196078431372549,TRUE,0.868982458105426,1,"tnbc"
"Myeloid_cell","TFAP2C","lm",830,137,NA,0.823842439734859,NA,"cv_r2",-0.210340915917825,0.0196078431372549,TRUE,NA,NA,"tnbc"
"Myeloid_cell","TFAP2C","ridge",830,137,NA,0.831640794451114,NA,"cv_r2",-1.4376035071285e-05,0.0196078431372549,TRUE,NA,NA,"tnbc"
"Myeloid_cell","TFAP2C","spearman",830,137,NA,0.392177286716202,NA,"cv_r2",0.0070320625844036,0.0196078431372549,TRUE,NA,NA,"tnbc"
"Myeloid_cell","HNF4G","rf",830,137,0.839383797798212,0.836693635734532,NA,"oob_r2",-0.0380642001954609,0.0196078431372549,TRUE,0.869880295289596,1,"tnbc"
"Myeloid_cell","HNF4G","lm",830,137,NA,0.811328418466543,NA,"cv_r2",-0.214551758363821,0.0196078431372549,TRUE,NA,NA,"tnbc"
"Myeloid_cell","HNF4G","ridge",830,137,NA,0.825041675365056,NA,"cv_r2",0.00238591462942869,0.0196078431372549,TRUE,NA,NA,"tnbc"
"Myeloid_cell","HNF4G","spearman",830,137,NA,0.474742318396069,NA,"cv_r2",0.00346471954049003,0.0196078431372549,TRUE,NA,NA,"tnbc"
"Myeloid_cell","KLF12","rf",830,137,0.868020568630162,0.865299999473007,NA,"oob_r2",-0.0311018536735707,0.0196078431372549,TRUE,0.855742548791441,0.933333333333333,"tnbc"
"Myeloid_cell","KLF12","lm",830,137,NA,0.837015418493878,NA,"cv_r2",-0.224351918769201,0.0196078431372549,TRUE,NA,NA,"tnbc"
"Myeloid_cell","KLF12","ridge",830,137,NA,0.851102699905098,NA,"cv_r2",0.00381893282256559,0.0196078431372549,TRUE,NA,NA,"tnbc"
"Myeloid_cell","KLF12","spearman",830,137,NA,0.519350861445099,NA,"cv_r2",0.00409660914163564,0.0196078431372549,TRUE,NA,NA,"tnbc"
"Myeloid_cell","EBF1","rf",830,137,0.827750976615645,0.822193286470129,NA,"oob_r2",-0.0345514424544747,0.0196078431372549,TRUE,0.868134713951168,1,"tnbc"
"Myeloid_cell","EBF1","lm",830,137,NA,0.803259233566482,NA,"cv_r2",-0.23076357169109,0.0196078431372549,TRUE,NA,NA,"tnbc"
"Myeloid_cell","EBF1","ridge",830,137,NA,0.814170316516772,NA,"cv_r2",0.00324764967822147,0.0196078431372549,TRUE,NA,NA,"tnbc"
"Myeloid_cell","EBF1","spearman",830,137,NA,0.50583223885527,NA,"cv_r2",0.00327984623563638,0.0196078431372549,TRUE,NA,NA,"tnbc"
"Myeloid_cell","WT1","rf",830,137,0.846460677013757,0.835610120807535,NA,"oob_r2",-0.0310998399124122,0.0196078431372549,TRUE,0.849607345318324,0.8,"tnbc"
"Myeloid_cell","WT1","lm",830,137,NA,0.822585940013837,NA,"cv_r2",-0.203592181136803,0.0196078431372549,TRUE,NA,NA,"tnbc"
"Myeloid_cell","WT1","ridge",830,137,NA,0.832209764976411,NA,"cv_r2",-0.000447678891478299,0.0196078431372549,TRUE,NA,NA,"tnbc"
"Myeloid_cell","WT1","spearman",830,137,NA,0.508138905983184,NA,"cv_r2",-0.00326490099194053,0.0196078431372549,TRUE,NA,NA,"tnbc"
"Myeloid_cell","STAT1","rf",830,137,0.869895005301866,0.863457811559634,NA,"oob_r2",-0.0401821627155095,0.0196078431372549,TRUE,0.871363484566576,0.933333333333333,"tnbc"
"Myeloid_cell","STAT1","lm",830,137,NA,0.842363097569847,NA,"cv_r2",-0.213760267471992,0.0196078431372549,TRUE,NA,NA,"tnbc"
"Myeloid_cell","STAT1","ridge",830,137,NA,0.852787701273626,NA,"cv_r2",0.00277579036237808,0.0196078431372549,TRUE,NA,NA,"tnbc"
"Myeloid_cell","STAT1","spearman",830,137,NA,0.509541953271259,NA,"cv_r2",0.00397619597826907,0.0196078431372549,TRUE,NA,NA,"tnbc"
"Cancer_cell","EGR1","rf",1200,128,0.918937118084866,0.912559675937591,NA,"oob_r2",-0.0621006907642875,0.0196078431372549,TRUE,0.860469185537854,0.822222222222222,"tnbc"
"Cancer_cell","EGR1","lm",1200,128,NA,0.894176950268118,NA,"cv_r2",-0.12513941437319,0.0196078431372549,TRUE,NA,NA,"tnbc"
"Cancer_cell","EGR1","ridge",1200,128,NA,0.87504986147154,NA,"cv_r2",-5.9910604374299e-05,0.0196078431372549,TRUE,NA,NA,"tnbc"
"Cancer_cell","EGR1","spearman",1200,128,NA,0.642294905896737,NA,"cv_r2",-0.000561185972918977,0.0196078431372549,TRUE,NA,NA,"tnbc"
"Cancer_cell","ATF3","rf",1200,128,0.891383481747922,0.886909964417496,NA,"oob_r2",-0.0621615469542886,0.0196078431372549,TRUE,0.903298897230869,0.785185185185185,"tnbc"
"Cancer_cell","ATF3","lm",1200,128,NA,0.851186856465642,NA,"cv_r2",-0.122975666141982,0.0196078431372549,TRUE,NA,NA,"tnbc"
"Cancer_cell","ATF3","ridge",1200,128,NA,0.825799089652963,NA,"cv_r2",0.000459881363662911,0.0196078431372549,TRUE,NA,NA,"tnbc"
"Cancer_cell","ATF3","spearman",1200,128,NA,0.503669278859933,NA,"cv_r2",-0.00106915592994584,0.0196078431372549,TRUE,NA,NA,"tnbc"
"Cancer_cell","FOS","rf",1200,128,0.87685465820734,0.877184902136153,NA,"oob_r2",-0.0599897695399282,0.0196078431372549,TRUE,0.862173060489532,0.785185185185185,"tnbc"
"Cancer_cell","FOS","lm",1200,128,NA,0.854525469203463,NA,"cv_r2",-0.121999453253125,0.0196078431372549,TRUE,NA,NA,"tnbc"
"Cancer_cell","FOS","ridge",1200,128,NA,0.82698812271156,NA,"cv_r2",-0.000846455520287805,0.0196078431372549,TRUE,NA,NA,"tnbc"
"Cancer_cell","FOS","spearman",1200,128,NA,0.550933749385485,NA,"cv_r2",0.00267777877200721,0.0196078431372549,TRUE,NA,NA,"tnbc"
"Cancer_cell","HIC1","rf",1200,128,0.879462051556104,0.878096712944257,NA,"oob_r2",-0.0598055576079427,0.0196078431372549,TRUE,0.873909692974425,0.874074074074074,"tnbc"
"Cancer_cell","HIC1","lm",1200,128,NA,0.83568073085181,NA,"cv_r2",-0.119587817703255,0.0196078431372549,TRUE,NA,NA,"tnbc"
"Cancer_cell","HIC1","ridge",1200,128,NA,0.815515198827898,NA,"cv_r2",7.65698053931002e-05,0.0196078431372549,TRUE,NA,NA,"tnbc"
"Cancer_cell","HIC1","spearman",1200,128,NA,0.558709833396168,NA,"cv_r2",0.00411513651235292,0.0196078431372549,TRUE,NA,NA,"tnbc"
"Cancer_cell","ZBTB14","rf",1200,128,0.87805458422365,0.87436262039887,NA,"oob_r2",-0.0557815795886371,0.0196078431372549,TRUE,0.888465177317951,1,"tnbc"
"Cancer_cell","ZBTB14","lm",1200,128,NA,0.836696605896578,NA,"cv_r2",-0.119703951017016,0.0196078431372549,TRUE,NA,NA,"tnbc"
"Cancer_cell","ZBTB14","ridge",1200,128,NA,0.81372915871354,NA,"cv_r2",-0.00050869991264354,0.0196078431372549,TRUE,NA,NA,"tnbc"
"Cancer_cell","ZBTB14","spearman",1200,128,NA,0.536559616272684,NA,"cv_r2",-0.00112948148880059,0.0196078431372549,TRUE,NA,NA,"tnbc"
"Cancer_cell","PRDM1","rf",1200,128,0.901573589210654,0.897550496577804,NA,"oob_r2",-0.0523310441190706,0.0196078431372549,TRUE,0.861775799100694,0.933333333333333,"tnbc"
"Cancer_cell","PRDM1","lm",1200,128,NA,0.875137318456983,NA,"cv_r2",-0.124507546249241,0.0196078431372549,TRUE,NA,NA,"tnbc"
"Cancer_cell","PRDM1","ridge",1200,128,NA,0.859395741814414,NA,"cv_r2",0.000253451680274649,0.0196078431372549,TRUE,NA,NA,"tnbc"
"Cancer_cell","PRDM1","spearman",1200,128,NA,0.645433677035859,NA,"cv_r2",0.00238678067768928,0.0196078431372549,TRUE,NA,NA,"tnbc"
"Cancer_cell","MEF2C","rf",1200,128,0.867892347355266,0.858722157181909,NA,"oob_r2",-0.0684315654915961,0.0196078431372549,TRUE,0.884626085983438,0.874074074074074,"tnbc"
"Cancer_cell","MEF2C","lm",1200,128,NA,0.825095261543959,NA,"cv_r2",-0.126499600841993,0.0196078431372549,TRUE,NA,NA,"tnbc"
"Cancer_cell","MEF2C","ridge",1200,128,NA,0.796823329307444,NA,"cv_r2",0.00148200949768191,0.0196078431372549,TRUE,NA,NA,"tnbc"
"Cancer_cell","MEF2C","spearman",1200,128,NA,0.537248365933429,NA,"cv_r2",0.00116671713217989,0.0196078431372549,TRUE,NA,NA,"tnbc"
"Cancer_cell","RAD21","rf",1200,128,0.839449758909181,0.839478976968564,NA,"oob_r2",-0.0565843625999233,0.0196078431372549,TRUE,0.868848933854198,0.933333333333333,"tnbc"
"Cancer_cell","RAD21","lm",1200,128,NA,0.790592802979658,NA,"cv_r2",-0.125046897598927,0.0196078431372549,TRUE,NA,NA,"tnbc"
"Cancer_cell","RAD21","ridge",1200,128,NA,0.767230083756769,NA,"cv_r2",0.000458292137398643,0.0196078431372549,TRUE,NA,NA,"tnbc"
"Cancer_cell","RAD21","spearman",1200,128,NA,0.513461215669356,NA,"cv_r2",0.00475826121378,0.0196078431372549,TRUE,NA,NA,"tnbc"
"Cancer_cell","ZEB1","rf",1200,128,0.874513022691427,0.868872299301067,NA,"oob_r2",-0.0551887749957431,0.0196078431372549,TRUE,0.898637306964536,0.740740740740741,"tnbc"
"Cancer_cell","ZEB1","lm",1200,128,NA,0.829396289253391,NA,"cv_r2",-0.130384971380994,0.0196078431372549,TRUE,NA,NA,"tnbc"
"Cancer_cell","ZEB1","ridge",1200,128,NA,0.802961028537042,NA,"cv_r2",0.000422804259860476,0.0196078431372549,TRUE,NA,NA,"tnbc"
"Cancer_cell","ZEB1","spearman",1200,128,NA,0.471460552434739,NA,"cv_r2",0.000880880072617103,0.0196078431372549,TRUE,NA,NA,"tnbc"
"Cancer_cell","SP5","rf",1200,128,0.797831603471723,0.793786354743769,NA,"oob_r2",-0.0500957878129914,0.0196078431372549,TRUE,0.864571379885654,1,"tnbc"
"Cancer_cell","SP5","lm",1200,128,NA,0.721803878676779,NA,"cv_r2",-0.127429423721167,0.0196078431372549,TRUE,NA,NA,"tnbc"
"Cancer_cell","SP5","ridge",1200,128,NA,0.701445684857442,NA,"cv_r2",-0.000303898234416244,0.0196078431372549,TRUE,NA,NA,"tnbc"
"Cancer_cell","SP5","spearman",1200,128,NA,0.451006571071707,NA,"cv_r2",-0.00119464513387622,0.0196078431372549,TRUE,NA,NA,"tnbc"
"Cancer_cell","EBF1","rf",1200,128,0.890610533902742,0.889989475484077,NA,"oob_r2",-0.0540286391429798,0.0196078431372549,TRUE,0.892594203340861,1,"tnbc"
"Cancer_cell","EBF1","lm",1200,128,NA,0.868700542642194,NA,"cv_r2",-0.123562229212521,0.0196078431372549,TRUE,NA,NA,"tnbc"
"Cancer_cell","EBF1","ridge",1200,128,NA,0.849492702542195,NA,"cv_r2",-0.000653093208081824,0.0196078431372549,TRUE,NA,NA,"tnbc"
"Cancer_cell","EBF1","spearman",1200,128,NA,0.613768256093553,NA,"cv_r2",0.00237815311076498,0.0196078431372549,TRUE,NA,NA,"tnbc"
"Cancer_cell","MAFK","rf",1200,128,0.857313046148459,0.859457639247413,NA,"oob_r2",-0.0619258222414671,0.0196078431372549,TRUE,0.876444205375491,1,"tnbc"
"Cancer_cell","MAFK","lm",1200,128,NA,0.811455596902228,NA,"cv_r2",-0.124583412684405,0.0196078431372549,TRUE,NA,NA,"tnbc"
"Cancer_cell","MAFK","ridge",1200,128,NA,0.785532837858593,NA,"cv_r2",0.000673569828438893,0.0196078431372549,TRUE,NA,NA,"tnbc"
"Cancer_cell","MAFK","spearman",1200,128,NA,0.475660483262499,NA,"cv_r2",0.000227245491163302,0.0196078431372549,TRUE,NA,NA,"tnbc"
"Cancer_cell","ELF3","rf",1200,128,0.8585147877096,0.857560041473523,NA,"oob_r2",-0.0566789526869902,0.0196078431372549,TRUE,0.893773016745,0.785185185185185,"tnbc"
"Cancer_cell","ELF3","lm",1200,128,NA,0.830584295741193,NA,"cv_r2",-0.12348006262293,0.0196078431372549,TRUE,NA,NA,"tnbc"
"Cancer_cell","ELF3","ridge",1200,128,NA,0.804052597963542,NA,"cv_r2",-0.00057681690588155,0.0196078431372549,TRUE,NA,NA,"tnbc"
"Cancer_cell","ELF3","spearman",1200,128,NA,0.483450931580636,NA,"cv_r2",0.00153490807633117,0.0196078431372549,TRUE,NA,NA,"tnbc"
"Cancer_cell","ERG","rf",1200,128,0.868232028944946,0.87085056890555,NA,"oob_r2",-0.0562717351331902,0.0196078431372549,TRUE,0.88807745325439,1,"tnbc"
"Cancer_cell","ERG","lm",1200,128,NA,0.832192937347783,NA,"cv_r2",-0.126132001020413,0.0196078431372549,TRUE,NA,NA,"tnbc"
"Cancer_cell","ERG","ridge",1200,128,NA,0.817424149557903,NA,"cv_r2",-6.61287503417159e-05,0.0196078431372549,TRUE,NA,NA,"tnbc"
"Cancer_cell","ERG","spearman",1200,128,NA,0.577684042524054,NA,"cv_r2",-0.000237451274918832,0.0196078431372549,TRUE,NA,NA,"tnbc"
"Cancer_cell","RFX3","rf",1200,128,0.868260796813022,0.8647529121608,NA,"oob_r2",-0.0651454060133519,0.0196078431372549,TRUE,0.883515178335266,0.8,"tnbc"
"Cancer_cell","RFX3","lm",1200,128,NA,0.851025057607352,NA,"cv_r2",-0.126133242941148,0.0196078431372549,TRUE,NA,NA,"tnbc"
"Cancer_cell","RFX3","ridge",1200,128,NA,0.828132802477103,NA,"cv_r2",0.000288931139389736,0.0196078431372549,TRUE,NA,NA,"tnbc"
"Cancer_cell","RFX3","spearman",1200,128,NA,0.534991878519318,NA,"cv_r2",0.000650906012307238,0.0196078431372549,TRUE,NA,NA,"tnbc"
"Cancer_cell","EOMES","rf",1200,128,0.868646457303874,0.864780247319469,NA,"oob_r2",-0.0576148265680028,0.0196078431372549,TRUE,0.892160954444648,0.822222222222222,"tnbc"
"Cancer_cell","EOMES","lm",1200,128,NA,0.836139547437432,NA,"cv_r2",-0.129200488014819,0.0196078431372549,TRUE,NA,NA,"tnbc"
"Cancer_cell","EOMES","ridge",1200,128,NA,0.82285659803058,NA,"cv_r2",-0.000496350594562401,0.0196078431372549,TRUE,NA,NA,"tnbc"
"Cancer_cell","EOMES","spearman",1200,128,NA,0.520248791929975,NA,"cv_r2",0.00150534696779714,0.0196078431372549,TRUE,NA,NA,"tnbc"
"Cancer_cell","KLF6","rf",1200,128,0.857392451271318,0.85514307900214,NA,"oob_r2",-0.053713830919805,0.0196078431372549,TRUE,0.887466937272376,0.933333333333333,"tnbc"
"Cancer_cell","KLF6","lm",1200,128,NA,0.827748558309994,NA,"cv_r2",-0.118353211511642,0.0196078431372549,TRUE,NA,NA,"tnbc"
"Cancer_cell","KLF6","ridge",1200,128,NA,0.82017006144706,NA,"cv_r2",0.000232654733707353,0.0196078431372549,TRUE,NA,NA,"tnbc"
"Cancer_cell","KLF6","spearman",1200,128,NA,0.521568884444848,NA,"cv_r2",0.00491810922697043,0.0196078431372549,TRUE,NA,NA,"tnbc"
"Cancer_cell","MYC","rf",1200,128,0.796076330855368,0.786504496115038,NA,"oob_r2",-0.0464459596713319,0.0196078431372549,TRUE,0.902675919143828,0.77037037037037,"tnbc"
"Cancer_cell","MYC","lm",1200,128,NA,0.728102145706256,NA,"cv_r2",-0.127540903269648,0.0196078431372549,TRUE,NA,NA,"tnbc"
"Cancer_cell","MYC","ridge",1200,128,NA,0.720054699526872,NA,"cv_r2",-0.000422547776765903,0.0196078431372549,TRUE,NA,NA,"tnbc"
"Cancer_cell","MYC","spearman",1200,128,NA,0.41352612226071,NA,"cv_r2",0.00232286938890012,0.0196078431372549,TRUE,NA,NA,"tnbc"
"Cancer_cell","GLI2","rf",1200,128,0.865366513179961,0.85857604765459,NA,"oob_r2",-0.0515092568469299,0.0196078431372549,TRUE,0.872319757268713,1,"tnbc"
"Cancer_cell","GLI2","lm",1200,128,NA,0.825191654661501,NA,"cv_r2",-0.128908990547192,0.0196078431372549,TRUE,NA,NA,"tnbc"
"Cancer_cell","GLI2","ridge",1200,128,NA,0.818038384282243,NA,"cv_r2",-0.000274890439868381,0.0196078431372549,TRUE,NA,NA,"tnbc"
"Cancer_cell","GLI2","spearman",1200,128,NA,0.629570526871227,NA,"cv_r2",0.000534686810096945,0.0196078431372549,TRUE,NA,NA,"tnbc"
"Cancer_cell","AC012531.1","rf",1200,128,0.869199883274517,0.864024522118285,NA,"oob_r2",-0.0583972007793137,0.0196078431372549,TRUE,0.86340388410751,1,"tnbc"
"Cancer_cell","AC012531.1","lm",1200,128,NA,0.858777760749511,NA,"cv_r2",-0.12481248031101,0.0196078431372549,TRUE,NA,NA,"tnbc"
"Cancer_cell","AC012531.1","ridge",1200,128,NA,0.842683407415557,NA,"cv_r2",0.000859235878138757,0.0196078431372549,TRUE,NA,NA,"tnbc"
"Cancer_cell","AC012531.1","spearman",1200,128,NA,0.612332543175364,NA,"cv_r2",0.00123357707615217,0.0196078431372549,TRUE,NA,NA,"tnbc"
"Cancer_cell","JUNB","rf",1200,128,0.880762000675189,0.87265395618367,NA,"oob_r2",-0.0543500918758208,0.0196078431372549,TRUE,0.893098028444119,1,"tnbc"
"Cancer_cell","JUNB","lm",1200,128,NA,0.85321211212991,NA,"cv_r2",-0.119943083650085,0.0196078431372549,TRUE,NA,NA,"tnbc"
"Cancer_cell","JUNB","ridge",1200,128,NA,0.838483343546798,NA,"cv_r2",0.00113210953471004,0.0196078431372549,TRUE,NA,NA,"tnbc"
"Cancer_cell","JUNB","spearman",1200,128,NA,0.520643896797662,NA,"cv_r2",0.00421969371612443,0.0196078431372549,TRUE,NA,NA,"tnbc"
"Cancer_cell","AHR","rf",1200,128,0.880012809132678,0.875950356112985,NA,"oob_r2",-0.0608193857339988,0.0196078431372549,TRUE,0.899041689556247,1,"tnbc"
"Cancer_cell","AHR","lm",1200,128,NA,0.862636358650926,NA,"cv_r2",-0.120848452771013,0.0196078431372549,TRUE,NA,NA,"tnbc"
"Cancer_cell","AHR","ridge",1200,128,NA,0.841840641807307,NA,"cv_r2",0.000261185331152279,0.0196078431372549,TRUE,NA,NA,"tnbc"
"Cancer_cell","AHR","spearman",1200,128,NA,0.50385722506075,NA,"cv_r2",0.0021907688148466,0.0196078431372549,TRUE,NA,NA,"tnbc"
"Cancer_cell","NR0B1","rf",1200,128,0.836717363237385,0.824554610245341,NA,"oob_r2",-0.0712132525941191,0.0196078431372549,TRUE,0.899637200146493,1,"tnbc"
"Cancer_cell","NR0B1","lm",1200,128,NA,0.816334478217386,NA,"cv_r2",-0.120262938739995,0.0196078431372549,TRUE,NA,NA,"tnbc"
"Cancer_cell","NR0B1","ridge",1200,128,NA,0.7944347166884,NA,"cv_r2",-6.71280901666818e-06,0.0196078431372549,TRUE,NA,NA,"tnbc"
"Cancer_cell","NR0B1","spearman",1200,128,NA,0.384574860087522,NA,"cv_r2",0.000146244867967548,0.0196078431372549,TRUE,NA,NA,"tnbc"
"Cancer_cell","HEYL","rf",1200,128,0.792401808914255,0.78792667685415,NA,"oob_r2",-0.0585042172177205,0.0196078431372549,TRUE,0.896793805570815,1,"tnbc"
"Cancer_cell","HEYL","lm",1200,128,NA,0.748616291599656,NA,"cv_r2",-0.119196404302624,0.0196078431372549,TRUE,NA,NA,"tnbc"
"Cancer_cell","HEYL","ridge",1200,128,NA,0.730064196653897,NA,"cv_r2",0.000173591245584896,0.0196078431372549,TRUE,NA,NA,"tnbc"
"Cancer_cell","HEYL","spearman",1200,128,NA,0.387718350646068,NA,"cv_r2",0.0037577850845878,0.0196078431372549,TRUE,NA,NA,"tnbc"
"Cancer_cell","GLIS1","rf",1200,128,0.852226549705043,0.850043912517094,NA,"oob_r2",-0.0695806464400691,0.0196078431372549,TRUE,0.876382657836375,1,"tnbc"
"Cancer_cell","GLIS1","lm",1200,128,NA,0.809948343087165,NA,"cv_r2",-0.124798571559009,0.0196078431372549,TRUE,NA,NA,"tnbc"
"Cancer_cell","GLIS1","ridge",1200,128,NA,0.789145153448166,NA,"cv_r2",-0.000433592015802387,0.0196078431372549,TRUE,NA,NA,"tnbc"
"Cancer_cell","GLIS1","spearman",1200,128,NA,0.400399905612355,NA,"cv_r2",0.00124899896514236,0.0196078431372549,TRUE,NA,NA,"tnbc"
"Cancer_cell","ETV7","rf",1200,128,0.84441480160035,0.84537865580917,NA,"oob_r2",-0.0593718026481346,0.0196078431372549,TRUE,0.880339630511302,1,"tnbc"
"Cancer_cell","ETV7","lm",1200,128,NA,0.801346806283563,NA,"cv_r2",-0.123046985274255,0.0196078431372549,TRUE,NA,NA,"tnbc"
"Cancer_cell","ETV7","ridge",1200,128,NA,0.788739723208861,NA,"cv_r2",0.0005830237820784,0.0196078431372549,TRUE,NA,NA,"tnbc"
"Cancer_cell","ETV7","spearman",1200,128,NA,0.554540303463463,NA,"cv_r2",0.00204362388674066,0.0196078431372549,TRUE,NA,NA,"tnbc"
"Cancer_cell","LMX1A","rf",1200,128,0.807279202380588,0.804079393044788,NA,"oob_r2",-0.0552058295189432,0.0196078431372549,TRUE,0.881110755050967,0.822222222222222,"tnbc"
"Cancer_cell","LMX1A","lm",1200,128,NA,0.74513723027042,NA,"cv_r2",-0.126903148220108,0.0196078431372549,TRUE,NA,NA,"tnbc"
"Cancer_cell","LMX1A","ridge",1200,128,NA,0.738590281956832,NA,"cv_r2",-8.25699557347633e-06,0.0196078431372549,TRUE,NA,NA,"tnbc"
"Cancer_cell","LMX1A","spearman",1200,128,NA,0.512699348549352,NA,"cv_r2",0.0043338708825531,0.0196078431372549,TRUE,NA,NA,"tnbc"
"Cancer_cell","ID1","rf",1200,128,0.786835339320704,0.770694301661509,NA,"oob_r2",-0.0651012840200648,0.0196078431372549,TRUE,0.894168370668783,1,"tnbc"
"Cancer_cell","ID1","lm",1200,128,NA,0.727955761604051,NA,"cv_r2",-0.11945436096855,0.0196078431372549,TRUE,NA,NA,"tnbc"
"Cancer_cell","ID1","ridge",1200,128,NA,0.698320328516386,NA,"cv_r2",-0.00102270965066011,0.0196078431372549,TRUE,NA,NA,"tnbc"
"Cancer_cell","ID1","spearman",1200,128,NA,0.479206783209449,NA,"cv_r2",0.00177292523628518,0.0196078431372549,TRUE,NA,NA,"tnbc"
"Cancer_cell","PRRX1","rf",1200,128,0.7505072615582,0.748621333224003,NA,"oob_r2",-0.0574368982038688,0.0196078431372549,TRUE,0.859650628700482,0.881481481481481,"tnbc"
"Cancer_cell","PRRX1","lm",1200,128,NA,0.695706362394954,NA,"cv_r2",-0.122751016637691,0.0196078431372549,TRUE,NA,NA,"tnbc"
"Cancer_cell","PRRX1","ridge",1200,128,NA,0.685629743752551,NA,"cv_r2",-0.000318897504525018,0.0196078431372549,TRUE,NA,NA,"tnbc"
"Cancer_cell","PRRX1","spearman",1200,128,NA,0.486059895307836,NA,"cv_r2",-0.00114679006806749,0.0196078431372549,TRUE,NA,NA,"tnbc"
"Cancer_cell","HOXA1","rf",1200,128,0.743228836251725,0.734035325268366,NA,"oob_r2",-0.0571038766683248,0.0196078431372549,TRUE,0.883837539929602,0.933333333333333,"tnbc"
"Cancer_cell","HOXA1","lm",1200,128,NA,0.660183573419459,NA,"cv_r2",-0.115080146298327,0.0196078431372549,TRUE,NA,NA,"tnbc"
"Cancer_cell","HOXA1","ridge",1200,128,NA,0.654089460465443,NA,"cv_r2",0.00107267653907199,0.0196078431372549,TRUE,NA,NA,"tnbc"
"Cancer_cell","HOXA1","spearman",1200,128,NA,0.327948769172141,NA,"cv_r2",0.00263266274425125,0.0196078431372549,TRUE,NA,NA,"tnbc"
"Cancer_cell","HLX","rf",1200,128,0.673858800183342,0.676300214261445,NA,"oob_r2",-0.0546282578519696,0.0196078431372549,TRUE,0.886251754867851,0.933333333333333,"tnbc"
"Cancer_cell","HLX","lm",1200,128,NA,0.623340984208378,NA,"cv_r2",-0.122554630268995,0.0196078431372549,TRUE,NA,NA,"tnbc"
"Cancer_cell","HLX","ridge",1200,128,NA,0.616330069794249,NA,"cv_r2",0.00160805165064317,0.0196078431372549,TRUE,NA,NA,"tnbc"
"Cancer_cell","HLX","spearman",1200,128,NA,0.313572963648978,NA,"cv_r2",0.000404420582780367,0.0196078431372549,TRUE,NA,NA,"tnbc"
"Cancer_cell","TBX20","rf",1200,128,0.699146965804277,0.691132889602621,NA,"oob_r2",-0.0533655550119399,0.0196078431372549,TRUE,0.895387240839081,0.762962962962963,"tnbc"
"Cancer_cell","TBX20","lm",1200,128,NA,0.642988005837984,NA,"cv_r2",-0.106734698570108,0.0196078431372549,TRUE,NA,NA,"tnbc"
"Cancer_cell","TBX20","ridge",1200,128,NA,0.645671829320836,NA,"cv_r2",0.00152232234164965,0.0196078431372549,TRUE,NA,NA,"tnbc"
"Cancer_cell","TBX20","spearman",1200,128,NA,0.305600476413902,NA,"cv_r2",0.001276651279512,0.0196078431372549,TRUE,NA,NA,"tnbc"
"Cancer_cell","EN2","rf",1200,128,0.689030864324006,0.681482647678626,NA,"oob_r2",-0.049663103873903,0.0196078431372549,TRUE,0.886583399458789,0.75026455026455,"tnbc"
"Cancer_cell","EN2","lm",1200,128,NA,0.619891395488021,NA,"cv_r2",-0.121675883421871,0.0196078431372549,TRUE,NA,NA,"tnbc"
"Cancer_cell","EN2","ridge",1200,128,NA,0.626616326404357,NA,"cv_r2",0.00144614002707077,0.0196078431372549,TRUE,NA,NA,"tnbc"
"Cancer_cell","EN2","spearman",1200,128,NA,0.322599683980902,NA,"cv_r2",0.00105614680053742,0.0196078431372549,TRUE,NA,NA,"tnbc"
"Cancer_cell","ZBTB47","rf",1200,128,0.684723832182198,0.681139117625908,NA,"oob_r2",-0.0578178089608031,0.0196078431372549,TRUE,0.909900379458382,1,"tnbc"
"Cancer_cell","ZBTB47","lm",1200,128,NA,0.612305157829607,NA,"cv_r2",-0.105004902340815,0.0196078431372549,TRUE,NA,NA,"tnbc"
"Cancer_cell","ZBTB47","ridge",1200,128,NA,0.639120527350629,NA,"cv_r2",0.00166121671602987,0.0196078431372549,TRUE,NA,NA,"tnbc"
"Cancer_cell","ZBTB47","spearman",1200,128,NA,0.346702329711009,NA,"cv_r2",0.00201355999683474,0.0196078431372549,TRUE,NA,NA,"tnbc"
"Cancer_cell","FOXP2","rf",1200,128,0.676700860935903,0.675540805558197,NA,"oob_r2",-0.0446168935444861,0.0196078431372549,TRUE,0.886649906407048,1,"tnbc"
"Cancer_cell","FOXP2","lm",1200,128,NA,0.590398006612924,NA,"cv_r2",-0.12084826478825,0.0196078431372549,TRUE,NA,NA,"tnbc"
"Cancer_cell","FOXP2","ridge",1200,128,NA,0.615048633569511,NA,"cv_r2",-0.000174696267801451,0.0196078431372549,TRUE,NA,NA,"tnbc"
"Cancer_cell","FOXP2","spearman",1200,128,NA,0.375318082740131,NA,"cv_r2",-0.00111109910617214,0.0196078431372549,TRUE,NA,NA,"tnbc"
"Cancer_cell","ZNF35","rf",1200,128,0.728574816186005,0.733612976550705,NA,"oob_r2",-0.0960547160710592,0.0196078431372549,TRUE,0.788939754623695,0.874074074074074,"tnbc"
"Cancer_cell","ZNF35","lm",1200,128,NA,0.680304780184072,NA,"cv_r2",-0.118141636587389,0.0196078431372549,TRUE,NA,NA,"tnbc"
"Cancer_cell","ZNF35","ridge",1200,128,NA,0.685719241513771,NA,"cv_r2",0.000189035557728356,0.0196078431372549,TRUE,NA,NA,"tnbc"
"Cancer_cell","ZNF35","spearman",1200,128,NA,0.311286195341693,NA,"cv_r2",-0.000320317159673755,0.0196078431372549,TRUE,NA,NA,"tnbc"
"Cancer_cell","NKX2-1","rf",1200,128,0.640431263354278,0.611637562654436,NA,"oob_r2",-0.0771976448063248,0.0196078431372549,TRUE,0.837943549207512,0.755555555555556,"tnbc"
"Cancer_cell","NKX2-1","lm",1200,128,NA,0.497646420105805,NA,"cv_r2",-0.121449157946452,0.0196078431372549,TRUE,NA,NA,"tnbc"
"Cancer_cell","NKX2-1","ridge",1200,128,NA,0.521372096054306,NA,"cv_r2",0.000524418065827049,0.0196078431372549,TRUE,NA,NA,"tnbc"
"Cancer_cell","NKX2-1","spearman",1200,128,NA,0.274103413777741,NA,"cv_r2",0.00051673862632413,0.0196078431372549,TRUE,NA,NA,"tnbc"
"Cancer_cell","BCL6B","rf",1200,128,0.731752670476967,0.724287460844754,NA,"oob_r2",-0.0840351106638686,0.0196078431372549,TRUE,0.867273113389896,0.77037037037037,"tnbc"
"Cancer_cell","BCL6B","lm",1200,128,NA,0.69028955226115,NA,"cv_r2",-0.123013832540633,0.0196078431372549,TRUE,NA,NA,"tnbc"
"Cancer_cell","BCL6B","ridge",1200,128,NA,0.697156055270354,NA,"cv_r2",-0.000307150696779812,0.0196078431372549,TRUE,NA,NA,"tnbc"
"Cancer_cell","BCL6B","spearman",1200,128,NA,0.242740695744037,NA,"cv_r2",-0.000826422215861568,0.0196078431372549,TRUE,NA,NA,"tnbc"
"Cancer_cell","SIX3","rf",1200,128,0.697874913869894,0.697400633563294,NA,"oob_r2",-0.0674285212099022,0.0196078431372549,TRUE,0.852572661702171,0.933333333333333,"tnbc"
"Cancer_cell","SIX3","lm",1200,128,NA,0.632842858797694,NA,"cv_r2",-0.134011484430639,0.0196078431372549,TRUE,NA,NA,"tnbc"
"Cancer_cell","SIX3","ridge",1200,128,NA,0.643729116336018,NA,"cv_r2",0.000373406070099341,0.0196078431372549,TRUE,NA,NA,"tnbc"
"Cancer_cell","SIX3","spearman",1200,128,NA,0.471905829714786,NA,"cv_r2",0.00474846218765691,0.0196078431372549,TRUE,NA,NA,"tnbc"
"Cancer_cell","ITGB2","rf",1200,128,0.758806875940607,0.75630704337596,NA,"oob_r2",-0.080294198223573,0.0196078431372549,TRUE,0.866033388268327,0.666666666666667,"tnbc"
"Cancer_cell","ITGB2","lm",1200,128,NA,0.742609419015485,NA,"cv_r2",-0.116132242073472,0.0196078431372549,TRUE,NA,NA,"tnbc"
"Cancer_cell","ITGB2","ridge",1200,128,NA,0.747703142459064,NA,"cv_r2",0.000764815618059563,0.0196078431372549,TRUE,NA,NA,"tnbc"
"Cancer_cell","ITGB2","spearman",1200,128,NA,0.478622703902621,NA,"cv_r2",0.00234161144187142,0.0196078431372549,TRUE,NA,NA,"tnbc"
"Cancer_cell","AIRE","rf",1200,128,0.682161965219121,0.676026323236502,NA,"oob_r2",-0.0608186865796403,0.0196078431372549,TRUE,0.856481693422043,0.881481481481481,"tnbc"
"Cancer_cell","AIRE","lm",1200,128,NA,0.591295062707323,NA,"cv_r2",-0.119028856765226,0.0196078431372549,TRUE,NA,NA,"tnbc"
"Cancer_cell","AIRE","ridge",1200,128,NA,0.591200178665459,NA,"cv_r2",0.000411423432798817,0.0196078431372549,TRUE,NA,NA,"tnbc"
"Cancer_cell","AIRE","spearman",1200,128,NA,0.466790905985668,NA,"cv_r2",-0.000611605595100598,0.0196078431372549,TRUE,NA,NA,"tnbc"
"Cancer_cell","NR1I2","rf",1200,128,0.657224016893741,0.651343275453529,NA,"oob_r2",-0.0516231693882386,0.0196078431372549,TRUE,0.894554695924637,0.755555555555556,"tnbc"
"Cancer_cell","NR1I2","lm",1200,128,NA,0.575073503996126,NA,"cv_r2",-0.121220134747485,0.0196078431372549,TRUE,NA,NA,"tnbc"
"Cancer_cell","NR1I2","ridge",1200,128,NA,0.553640590244077,NA,"cv_r2",0.000603968084266027,0.0196078431372549,TRUE,NA,NA,"tnbc"
"Cancer_cell","NR1I2","spearman",1200,128,NA,0.253085397845879,NA,"cv_r2",0.00281602916861026,0.0196078431372549,TRUE,NA,NA,"tnbc"
"Cancer_cell","HOXD13","rf",1200,128,0.747463939185728,0.754226150887746,NA,"oob_r2",-0.0686361550328389,0.0196078431372549,TRUE,0.848768159067326,0.785185185185185,"tnbc"
"Cancer_cell","HOXD13","lm",1200,128,NA,0.681135375414383,NA,"cv_r2",-0.11939489472213,0.0196078431372549,TRUE,NA,NA,"tnbc"
"Cancer_cell","HOXD13","ridge",1200,128,NA,0.68955979503889,NA,"cv_r2",0.000333774554970671,0.0196078431372549,TRUE,NA,NA,"tnbc"
"Cancer_cell","HOXD13","spearman",1200,128,NA,0.577372219892159,NA,"cv_r2",0.00129496878233214,0.0196078431372549,TRUE,NA,NA,"tnbc"
"Cancer_cell","STAT4","rf",1200,128,0.67323967077047,0.678316886944145,NA,"oob_r2",-0.0646850795928449,0.0196078431372549,TRUE,0.8831745050764,0.82962962962963,"tnbc"
"Cancer_cell","STAT4","lm",1200,128,NA,0.61686977442528,NA,"cv_r2",-0.132941758397413,0.0196078431372549,TRUE,NA,NA,"tnbc"
"Cancer_cell","STAT4","ridge",1200,128,NA,0.623880824850911,NA,"cv_r2",0.000742347829400432,0.0196078431372549,TRUE,NA,NA,"tnbc"
"Cancer_cell","STAT4","spearman",1200,128,NA,0.450860472600442,NA,"cv_r2",0.00444996854942455,0.0196078431372549,TRUE,NA,NA,"tnbc"
"Cancer_cell","IKZF1","rf",1200,128,0.790140197788144,0.788213595856003,NA,"oob_r2",-0.0560309678619171,0.0196078431372549,TRUE,0.89743026307758,0.82962962962963,"tnbc"
"Cancer_cell","IKZF1","lm",1200,128,NA,0.744492365775478,NA,"cv_r2",-0.1192955783907,0.0196078431372549,TRUE,NA,NA,"tnbc"
"Cancer_cell","IKZF1","ridge",1200,128,NA,0.756816747718078,NA,"cv_r2",-0.000410761860781517,0.0196078431372549,TRUE,NA,NA,"tnbc"
"Cancer_cell","IKZF1","spearman",1200,128,NA,0.490544441738357,NA,"cv_r2",-0.00206806307788257,0.0196078431372549,TRUE,NA,NA,"tnbc"
"Cancer_cell","TFEC","rf",1200,128,0.79056494442073,0.791491304876593,NA,"oob_r2",-0.0623807816381871,0.0196078431372549,TRUE,0.886484592768927,0.933333333333333,"tnbc"
"Cancer_cell","TFEC","lm",1200,128,NA,0.763182638099672,NA,"cv_r2",-0.115046614064819,0.0196078431372549,TRUE,NA,NA,"tnbc"
"Cancer_cell","TFEC","ridge",1200,128,NA,0.770946090480221,NA,"cv_r2",0.00071844040364333,0.0196078431372549,TRUE,NA,NA,"tnbc"
"Cancer_cell","TFEC","spearman",1200,128,NA,0.536407706586762,NA,"cv_r2",0.00470288776674736,0.0196078431372549,TRUE,NA,NA,"tnbc"
"Cancer_cell","ENO1","rf",1200,128,0.67790648688056,0.67514252772074,NA,"oob_r2",-0.0622022219836185,0.0196078431372549,TRUE,0.901935695538058,0.844444444444444,"tnbc"
"Cancer_cell","ENO1","lm",1200,128,NA,0.629004990296845,NA,"cv_r2",-0.119705366796593,0.0196078431372549,TRUE,NA,NA,"tnbc"
"Cancer_cell","ENO1","ridge",1200,128,NA,0.606795818655483,NA,"cv_r2",0.000924195332380333,0.0196078431372549,TRUE,NA,NA,"tnbc"
"Cancer_cell","ENO1","spearman",1200,128,NA,0.292453455214047,NA,"cv_r2",0.00338130579303734,0.0196078431372549,TRUE,NA,NA,"tnbc"
"Cancer_cell","IRX1","rf",1200,128,0.750633443215096,0.749788656628006,NA,"oob_r2",-0.0583852153264602,0.0196078431372549,TRUE,0.886452038698651,0.785185185185185,"tnbc"
"Cancer_cell","IRX1","lm",1200,128,NA,0.686919035696663,NA,"cv_r2",-0.123648583976748,0.0196078431372549,TRUE,NA,NA,"tnbc"
"Cancer_cell","IRX1","ridge",1200,128,NA,0.690001253379382,NA,"cv_r2",-1.14391410005377e-05,0.0196078431372549,TRUE,NA,NA,"tnbc"
"Cancer_cell","IRX1","spearman",1200,128,NA,0.447310370088999,NA,"cv_r2",0.000742096698226513,0.0196078431372549,TRUE,NA,NA,"tnbc"
"Cancer_cell","FOXF1","rf",1200,128,0.726949301761967,0.714610939551515,NA,"oob_r2",-0.0541941194677722,0.0196078431372549,TRUE,0.891228585525647,1,"tnbc"
"Cancer_cell","FOXF1","lm",1200,128,NA,0.672368694371945,NA,"cv_r2",-0.13183637616451,0.0196078431372549,TRUE,NA,NA,"tnbc"
"Cancer_cell","FOXF1","ridge",1200,128,NA,0.668523578345168,NA,"cv_r2",-7.64750759383385e-05,0.0196078431372549,TRUE,NA,NA,"tnbc"
"Cancer_cell","FOXF1","spearman",1200,128,NA,0.419164153332236,NA,"cv_r2",0.00155038449727437,0.0196078431372549,TRUE,NA,NA,"tnbc"
"Cancer_cell","PRDM16","rf",1200,128,0.724439275179984,0.714712573060381,NA,"oob_r2",-0.0740951816460919,0.0196078431372549,TRUE,0.887089640684449,0.874074074074074,"tnbc"
"Cancer_cell","PRDM16","lm",1200,128,NA,0.667722502622436,NA,"cv_r2",-0.127564370141343,0.0196078431372549,TRUE,NA,NA,"tnbc"
"Cancer_cell","PRDM16","ridge",1200,128,NA,0.661764071615736,NA,"cv_r2",-0.00085300784002016,0.0196078431372549,TRUE,NA,NA,"tnbc"
"Cancer_cell","PRDM16","spearman",1200,128,NA,0.378783148907754,NA,"cv_r2",0.00238210941112922,0.0196078431372549,TRUE,NA,NA,"tnbc"
"Cancer_cell","RUNX2","rf",1200,128,0.799841549786612,0.798261758905346,NA,"oob_r2",-0.0529223119030316,0.0196078431372549,TRUE,0.883008682780931,0.8,"tnbc"
"Cancer_cell","RUNX2","lm",1200,128,NA,0.76812366651459,NA,"cv_r2",-0.125292133664845,0.0196078431372549,TRUE,NA,NA,"tnbc"
"Cancer_cell","RUNX2","ridge",1200,128,NA,0.773956733982592,NA,"cv_r2",-0.000157436772929465,0.0196078431372549,TRUE,NA,NA,"tnbc"
"Cancer_cell","RUNX2","spearman",1200,128,NA,0.532658992196243,NA,"cv_r2",0.00261629459397637,0.0196078431372549,TRUE,NA,NA,"tnbc"
"Cancer_cell","POU4F1","rf",1200,128,0.837567751333729,0.840001847610074,NA,"oob_r2",-0.0692161427170487,0.0196078431372549,TRUE,0.835023728865287,1,"tnbc"
"Cancer_cell","POU4F1","lm",1200,128,NA,0.823050117556087,NA,"cv_r2",-0.112266987523776,0.0196078431372549,TRUE,NA,NA,"tnbc"
"Cancer_cell","POU4F1","ridge",1200,128,NA,0.815902181800137,NA,"cv_r2",-0.000553860631575154,0.0196078431372549,TRUE,NA,NA,"tnbc"
"Cancer_cell","POU4F1","spearman",1200,128,NA,0.478872591630591,NA,"cv_r2",-0.000147067947309801,0.0196078431372549,TRUE,NA,NA,"tnbc"
"Cancer_cell","ID3","rf",1200,128,0.82337048236206,0.820831835660516,NA,"oob_r2",-0.0589663175747445,0.0196078431372549,TRUE,0.878922892632607,0.82962962962963,"tnbc"
"Cancer_cell","ID3","lm",1200,128,NA,0.773821640201836,NA,"cv_r2",-0.115708546883548,0.0196078431372549,TRUE,NA,NA,"tnbc"
"Cancer_cell","ID3","ridge",1200,128,NA,0.776510457289127,NA,"cv_r2",-0.000228419141470771,0.0196078431372549,TRUE,NA,NA,"tnbc"
"Cancer_cell","ID3","spearman",1200,128,NA,0.604698985923383,NA,"cv_r2",0.0030885175802089,0.0196078431372549,TRUE,NA,NA,"tnbc"
"Cancer_cell","JUN","rf",1200,128,0.822988741123085,0.818577396675636,NA,"oob_r2",-0.0609730412229998,0.0196078431372549,TRUE,0.889184418808114,0.729100529100529,"tnbc"
"Cancer_cell","JUN","lm",1200,128,NA,0.780028995467041,NA,"cv_r2",-0.122798511184603,0.0196078431372549,TRUE,NA,NA,"tnbc"
"Cancer_cell","JUN","ridge",1200,128,NA,0.781865449545484,NA,"cv_r2",0.00271246998324579,0.0196078431372549,TRUE,NA,NA,"tnbc"
"Cancer_cell","JUN","spearman",1200,128,NA,0.620993021653425,NA,"cv_r2",0.0058039346966118,0.0196078431372549,TRUE,NA,NA,"tnbc"
"Cancer_cell","SPIB","rf",1200,128,0.841053953988014,0.835265293928502,NA,"oob_r2",-0.0550600744802645,0.0196078431372549,TRUE,0.878296099615455,0.933333333333333,"tnbc"
"Cancer_cell","SPIB","lm",1200,128,NA,0.787967384910139,NA,"cv_r2",-0.119750756163145,0.0196078431372549,TRUE,NA,NA,"tnbc"
"Cancer_cell","SPIB","ridge",1200,128,NA,0.794389677321805,NA,"cv_r2",-7.6344898221111e-05,0.0196078431372549,TRUE,NA,NA,"tnbc"
"Cancer_cell","SPIB","spearman",1200,128,NA,0.542968741996771,NA,"cv_r2",0.000600886891946693,0.0196078431372549,TRUE,NA,NA,"tnbc"
"Cancer_cell","BATF","rf",1200,128,0.755614939240286,0.755138541621081,NA,"oob_r2",-0.0584565959873832,0.0196078431372549,TRUE,0.866526531567275,0.82962962962963,"tnbc"
"Cancer_cell","BATF","lm",1200,128,NA,0.692113110672807,NA,"cv_r2",-0.125117672980435,0.0196078431372549,TRUE,NA,NA,"tnbc"
"Cancer_cell","BATF","ridge",1200,128,NA,0.66228240104893,NA,"cv_r2",0.000472689737358517,0.0196078431372549,TRUE,NA,NA,"tnbc"
"Cancer_cell","BATF","spearman",1200,128,NA,0.288666717843,NA,"cv_r2",0.00204021743604062,0.0196078431372549,TRUE,NA,NA,"tnbc"
"Cancer_cell","HNF1A","rf",1200,128,0.851691646868166,0.845796625385265,NA,"oob_r2",-0.052386128539993,0.0196078431372549,TRUE,0.865373532523551,0.8,"tnbc"
"Cancer_cell","HNF1A","lm",1200,128,NA,0.826187538293758,NA,"cv_r2",-0.110387661788293,0.0196078431372549,TRUE,NA,NA,"tnbc"
"Cancer_cell","HNF1A","ridge",1200,128,NA,0.821142543186647,NA,"cv_r2",-4.46894435474217e-05,0.0196078431372549,TRUE,NA,NA,"tnbc"
"Cancer_cell","HNF1A","spearman",1200,128,NA,0.712489058379299,NA,"cv_r2",0.00311393307230089,0.0196078431372549,TRUE,NA,NA,"tnbc"
"Cancer_cell","TBX2","rf",1200,128,0.802591003693698,0.800444004276951,NA,"oob_r2",-0.0577019434037916,0.0196078431372549,TRUE,0.876323399255326,0.822222222222222,"tnbc"
"Cancer_cell","TBX2","lm",1200,128,NA,0.757181332597855,NA,"cv_r2",-0.118697223373431,0.0196078431372549,TRUE,NA,NA,"tnbc"
"Cancer_cell","TBX2","ridge",1200,128,NA,0.739209370487111,NA,"cv_r2",-0.000551876521170358,0.0196078431372549,TRUE,NA,NA,"tnbc"
"Cancer_cell","TBX2","spearman",1200,128,NA,0.536759023670553,NA,"cv_r2",0.00577173296820329,0.0196078431372549,TRUE,NA,NA,"tnbc"
"Cancer_cell","SOX2","rf",1200,128,0.856536784423505,0.857148654813287,NA,"oob_r2",-0.0458717902709017,0.0196078431372549,TRUE,0.890846075199902,0.774603174603175,"tnbc"
"Cancer_cell","SOX2","lm",1200,128,NA,0.835781372574472,NA,"cv_r2",-0.119744009134709,0.0196078431372549,TRUE,NA,NA,"tnbc"
"Cancer_cell","SOX2","ridge",1200,128,NA,0.829241493073237,NA,"cv_r2",-0.000595417952732703,0.0196078431372549,TRUE,NA,NA,"tnbc"
"Cancer_cell","SOX2","spearman",1200,128,NA,0.752402790465196,NA,"cv_r2",-0.00094805649200123,0.0196078431372549,TRUE,NA,NA,"tnbc"
"Cancer_cell","TCF4","rf",1200,128,0.848714436990468,0.8461295533757,NA,"oob_r2",-0.0546721335184878,0.0196078431372549,TRUE,0.886846375307738,0.77037037037037,"tnbc"
"Cancer_cell","TCF4","lm",1200,128,NA,0.819406251629862,NA,"cv_r2",-0.122381559761699,0.0196078431372549,TRUE,NA,NA,"tnbc"
"Cancer_cell","TCF4","ridge",1200,128,NA,0.824309048183664,NA,"cv_r2",0.000262495715005821,0.0196078431372549,TRUE,NA,NA,"tnbc"
"Cancer_cell","TCF4","spearman",1200,128,NA,0.689962131268502,NA,"cv_r2",0.00086653204792692,0.0196078431372549,TRUE,NA,NA,"tnbc"
"Cancer_cell","TBX10","rf",1200,128,0.848009722106605,0.845485259714003,NA,"oob_r2",-0.0714982951372959,0.0196078431372549,TRUE,0.883114229180655,0.881481481481481,"tnbc"
"Cancer_cell","TBX10","lm",1200,128,NA,0.81788430497991,NA,"cv_r2",-0.117151759815559,0.0196078431372549,TRUE,NA,NA,"tnbc"
"Cancer_cell","TBX10","ridge",1200,128,NA,0.817703354797025,NA,"cv_r2",0.000669338097871176,0.0196078431372549,TRUE,NA,NA,"tnbc"
"Cancer_cell","TBX10","spearman",1200,128,NA,0.725091379870708,NA,"cv_r2",0.000152363076117572,0.0196078431372549,TRUE,NA,NA,"tnbc"
"Cancer_cell","ZNF589","rf",1200,128,0.82717976548642,0.821127938427884,NA,"oob_r2",-0.0546037676918551,0.0196078431372549,TRUE,0.852515310586177,1,"tnbc"
"Cancer_cell","ZNF589","lm",1200,128,NA,0.787254169896038,NA,"cv_r2",-0.121084877967234,0.0196078431372549,TRUE,NA,NA,"tnbc"
"Cancer_cell","ZNF589","ridge",1200,128,NA,0.782581211654051,NA,"cv_r2",-0.000421088649731394,0.0196078431372549,TRUE,NA,NA,"tnbc"
"Cancer_cell","ZNF589","spearman",1200,128,NA,0.590182891276739,NA,"cv_r2",0.00291629144381873,0.0196078431372549,TRUE,NA,NA,"tnbc"
"Cancer_cell","GATA3","rf",1200,128,0.857551403119347,0.851068140757673,NA,"oob_r2",-0.0562803137507672,0.0196078431372549,TRUE,0.890029425827585,0.933333333333333,"tnbc"
"Cancer_cell","GATA3","lm",1200,128,NA,0.825777362880027,NA,"cv_r2",-0.123386780340819,0.0196078431372549,TRUE,NA,NA,"tnbc"
"Cancer_cell","GATA3","ridge",1200,128,NA,0.809658367890995,NA,"cv_r2",-0.000341362264047518,0.0196078431372549,TRUE,NA,NA,"tnbc"
"Cancer_cell","GATA3","spearman",1200,128,NA,0.580466303487775,NA,"cv_r2",0.00120192827595452,0.0196078431372549,TRUE,NA,NA,"tnbc"
"Cancer_cell","ZNF683","rf",1200,128,0.918164323132262,0.916128963249266,NA,"oob_r2",-0.0508447156307749,0.0196078431372549,TRUE,0.839540351787422,0.881481481481481,"tnbc"
"Cancer_cell","ZNF683","lm",1200,128,NA,0.911621142491071,NA,"cv_r2",-0.127307064908031,0.0196078431372549,TRUE,NA,NA,"tnbc"
"Cancer_cell","ZNF683","ridge",1200,128,NA,0.907888295959869,NA,"cv_r2",-0.000474840890569329,0.0196078431372549,TRUE,NA,NA,"tnbc"
"Cancer_cell","ZNF683","spearman",1200,128,NA,0.846280828877171,NA,"cv_r2",-0.000400200735659242,0.0196078431372549,TRUE,NA,NA,"tnbc"
"Cancer_cell","FOXP3","rf",1200,128,0.844304564504146,0.838041177327656,NA,"oob_r2",-0.0462227239043186,0.0196078431372549,TRUE,0.90181031150176,0.874074074074074,"tnbc"
"Cancer_cell","FOXP3","lm",1200,128,NA,0.809580742362049,NA,"cv_r2",-0.12744741542984,0.0196078431372549,TRUE,NA,NA,"tnbc"
"Cancer_cell","FOXP3","ridge",1200,128,NA,0.797117446093018,NA,"cv_r2",-0.000479987838431595,0.0196078431372549,TRUE,NA,NA,"tnbc"
"Cancer_cell","FOXP3","spearman",1200,128,NA,0.562973474047694,NA,"cv_r2",0.00307827216985282,0.0196078431372549,TRUE,NA,NA,"tnbc"
"Cancer_cell","XBP1","rf",1200,128,0.867241204015116,0.864308290302104,NA,"oob_r2",-0.0551586099033813,0.0196078431372549,TRUE,0.900566389957069,0.785185185185185,"tnbc"
"Cancer_cell","XBP1","lm",1200,128,NA,0.845209632118717,NA,"cv_r2",-0.119301538825107,0.0196078431372549,TRUE,NA,NA,"tnbc"
"Cancer_cell","XBP1","ridge",1200,128,NA,0.831936080326453,NA,"cv_r2",-7.52016350912267e-05,0.0196078431372549,TRUE,NA,NA,"tnbc"
"Cancer_cell","XBP1","spearman",1200,128,NA,0.577126218929034,NA,"cv_r2",-0.000451200055086269,0.0196078431372549,TRUE,NA,NA,"tnbc"
"Cancer_cell","SNAI2","rf",1200,128,0.879545238286658,0.874303870778687,NA,"oob_r2",-0.0556460460319185,0.0196078431372549,TRUE,0.898012930069788,0.755555555555556,"tnbc"
"Cancer_cell","SNAI2","lm",1200,128,NA,0.854586763348752,NA,"cv_r2",-0.122858265381327,0.0196078431372549,TRUE,NA,NA,"tnbc"
"Cancer_cell","SNAI2","ridge",1200,128,NA,0.847710796886625,NA,"cv_r2",0.000735542856387803,0.0196078431372549,TRUE,NA,NA,"tnbc"
"Cancer_cell","SNAI2","spearman",1200,128,NA,0.592829903443651,NA,"cv_r2",0.0035976176414985,0.0196078431372549,TRUE,NA,NA,"tnbc"
"Cancer_cell","HIVEP1","rf",1200,128,0.902462760742947,0.898604240563564,NA,"oob_r2",-0.0564494885436835,0.0196078431372549,TRUE,0.883080657795683,0.762962962962963,"tnbc"
"Cancer_cell","HIVEP1","lm",1200,128,NA,0.890990182957295,NA,"cv_r2",-0.116205437066969,0.0196078431372549,TRUE,NA,NA,"tnbc"
"Cancer_cell","HIVEP1","ridge",1200,128,NA,0.881831470334805,NA,"cv_r2",-0.00089166806729093,0.0196078431372549,TRUE,NA,NA,"tnbc"
"Cancer_cell","HIVEP1","spearman",1200,128,NA,0.726104194755608,NA,"cv_r2",0.00301397992966386,0.0196078431372549,TRUE,NA,NA,"tnbc"
"Cancer_cell","SPI1","rf",1200,128,0.86440210798615,0.861076865516904,NA,"oob_r2",-0.050479472304253,0.0196078431372549,TRUE,0.884635496144377,0.933333333333333,"tnbc"
"Cancer_cell","SPI1","lm",1200,128,NA,0.830723115072083,NA,"cv_r2",-0.123304666920059,0.0196078431372549,TRUE,NA,NA,"tnbc"
"Cancer_cell","SPI1","ridge",1200,128,NA,0.82328851695609,NA,"cv_r2",-0.000703616030341681,0.0196078431372549,TRUE,NA,NA,"tnbc"
"Cancer_cell","SPI1","spearman",1200,128,NA,0.634593568499324,NA,"cv_r2",0.00286636266976301,0.0196078431372549,TRUE,NA,NA,"tnbc"
"Cancer_cell","FOXL2","rf",1200,128,0.876668133227998,0.872625286256083,NA,"oob_r2",-0.0601071313901558,0.0196078431372549,TRUE,0.909530076908991,0.755555555555556,"tnbc"
"Cancer_cell","FOXL2","lm",1200,128,NA,0.845584248955305,NA,"cv_r2",-0.112903054075193,0.0196078431372549,TRUE,NA,NA,"tnbc"
"Cancer_cell","FOXL2","ridge",1200,128,NA,0.827543808156391,NA,"cv_r2",0.000324331575175845,0.0196078431372549,TRUE,NA,NA,"tnbc"
"Cancer_cell","FOXL2","spearman",1200,128,NA,0.547430892609404,NA,"cv_r2",0.000885046240437109,0.0196078431372549,TRUE,NA,NA,"tnbc"
"Cancer_cell","RFX8","rf",1200,128,0.894840322687827,0.893288922111759,NA,"oob_r2",-0.0537127229487682,0.0196078431372549,TRUE,0.895712781541842,0.881481481481481,"tnbc"
"Cancer_cell","RFX8","lm",1200,128,NA,0.86625357565668,NA,"cv_r2",-0.122397489713705,0.0196078431372549,TRUE,NA,NA,"tnbc"
"Cancer_cell","RFX8","ridge",1200,128,NA,0.860693999207566,NA,"cv_r2",0.000853066877841071,0.0196078431372549,TRUE,NA,NA,"tnbc"
"Cancer_cell","RFX8","spearman",1200,128,NA,0.75117506094528,NA,"cv_r2",0.00269114585251547,0.0196078431372549,TRUE,NA,NA,"tnbc"
"Cancer_cell","IRF4","rf",1200,128,0.906176089176185,0.906646051854343,NA,"oob_r2",-0.0567469870556625,0.0196078431372549,TRUE,0.876022146940935,0.933333333333333,"tnbc"
"Cancer_cell","IRF4","lm",1200,128,NA,0.893627375361384,NA,"cv_r2",-0.122980683228547,0.0196078431372549,TRUE,NA,NA,"tnbc"
"Cancer_cell","IRF4","ridge",1200,128,NA,0.886458013936214,NA,"cv_r2",-0.000456830305928846,0.0196078431372549,TRUE,NA,NA,"tnbc"
"Cancer_cell","IRF4","spearman",1200,128,NA,0.806066986564407,NA,"cv_r2",0.00308102109204132,0.0196078431372549,TRUE,NA,NA,"tnbc"
"Cancer_cell","IRF1","rf",1200,128,0.863326553440478,0.860339955175349,NA,"oob_r2",-0.060602665812976,0.0196078431372549,TRUE,0.887275554945167,0.785185185185185,"tnbc"
"Cancer_cell","IRF1","lm",1200,128,NA,0.838228972049684,NA,"cv_r2",-0.126830097160753,0.0196078431372549,TRUE,NA,NA,"tnbc"
"Cancer_cell","IRF1","ridge",1200,128,NA,0.824243650208982,NA,"cv_r2",-0.00081583225754911,0.0196078431372549,TRUE,NA,NA,"tnbc"
"Cancer_cell","IRF1","spearman",1200,128,NA,0.657527442714668,NA,"cv_r2",0.00306198816007439,0.0196078431372549,TRUE,NA,NA,"tnbc"
"Cancer_cell","IRF8","rf",1200,128,0.9153760608267,0.913145217336593,NA,"oob_r2",-0.0627020362144106,0.0196078431372549,TRUE,0.867896600134285,0.844444444444444,"tnbc"
"Cancer_cell","IRF8","lm",1200,128,NA,0.904109246447348,NA,"cv_r2",-0.122363800488898,0.0196078431372549,TRUE,NA,NA,"tnbc"
"Cancer_cell","IRF8","ridge",1200,128,NA,0.896993056423436,NA,"cv_r2",-0.00033462258442757,0.0196078431372549,TRUE,NA,NA,"tnbc"
"Cancer_cell","IRF8","spearman",1200,128,NA,0.838263136536985,NA,"cv_r2",-6.66778412116112e-05,0.0196078431372549,TRUE,NA,NA,"tnbc"
"Cancer_cell","STAT1","rf",1200,128,0.918519944092136,0.921590845834263,NA,"oob_r2",-0.052010089873731,0.0196078431372549,TRUE,0.841596726281308,1,"tnbc"
"Cancer_cell","STAT1","lm",1200,128,NA,0.901434620113924,NA,"cv_r2",-0.125506707240558,0.0196078431372549,TRUE,NA,NA,"tnbc"
"Cancer_cell","STAT1","ridge",1200,128,NA,0.891004071078114,NA,"cv_r2",-0.000544592442237979,0.0196078431372549,TRUE,NA,NA,"tnbc"
"Cancer_cell","STAT1","spearman",1200,128,NA,0.749470280785865,NA,"cv_r2",0.000301362800289989,0.0196078431372549,TRUE,NA,NA,"tnbc"
"T_cell","ALX3","rf",1200,106,0.719108602073055,0.705363099085259,NA,"oob_r2",-0.0579501167494161,0.0196078431372549,TRUE,0.854798543410781,0.933333333333333,"tnbc"
"T_cell","ALX3","lm",1200,106,NA,0.678937966328106,NA,"cv_r2",-0.0924387036859499,0.0196078431372549,TRUE,NA,NA,"tnbc"
"T_cell","ALX3","ridge",1200,106,NA,0.686308475395082,NA,"cv_r2",-0.000825691348009883,0.0196078431372549,TRUE,NA,NA,"tnbc"
"T_cell","ALX3","spearman",1200,106,NA,0.410410794666906,NA,"cv_r2",0.00160872810306089,0.0196078431372549,TRUE,NA,NA,"tnbc"
"T_cell","HLX","rf",1200,106,0.785305648644175,0.783277140315349,NA,"oob_r2",-0.0488933147433949,0.0196078431372549,TRUE,0.884464149264008,1,"tnbc"
"T_cell","HLX","lm",1200,106,NA,0.756422720023653,NA,"cv_r2",-0.096262254040837,0.0196078431372549,TRUE,NA,NA,"tnbc"
"T_cell","HLX","ridge",1200,106,NA,0.7653813787039,NA,"cv_r2",-0.000661599428791427,0.0196078431372549,TRUE,NA,NA,"tnbc"
"T_cell","HLX","spearman",1200,106,NA,0.404814313900246,NA,"cv_r2",-0.00276678931334078,0.0196078431372549,TRUE,NA,NA,"tnbc"
"T_cell","IRX6","rf",1200,106,0.880369399437624,0.876445066659013,NA,"oob_r2",-0.0488260650996314,0.0196078431372549,TRUE,0.869329056491814,0.792592592592593,"tnbc"
"T_cell","IRX6","lm",1200,106,NA,0.885024162982239,NA,"cv_r2",-0.0783668545225002,0.0196078431372549,TRUE,NA,NA,"tnbc"
"T_cell","IRX6","ridge",1200,106,NA,0.886117962931751,NA,"cv_r2",0.00234825299014071,0.0196078431372549,TRUE,NA,NA,"tnbc"
"T_cell","IRX6","spearman",1200,106,NA,0.437681769179051,NA,"cv_r2",0.00344078366881552,0.0196078431372549,TRUE,NA,NA,"tnbc"
"T_cell","ZNF331","rf",1200,106,0.831103236691752,0.829875244339525,NA,"oob_r2",-0.0309402101044365,0.0196078431372549,TRUE,0.853731572215085,1,"tnbc"
"T_cell","ZNF331","lm",1200,106,NA,0.808666559523196,NA,"cv_r2",-0.0830810704194074,0.0196078431372549,TRUE,NA,NA,"tnbc"
"T_cell","ZNF331","ridge",1200,106,NA,0.813551733221537,NA,"cv_r2",0.0021653527332618,0.0196078431372549,TRUE,NA,NA,"tnbc"
"T_cell","ZNF331","spearman",1200,106,NA,0.565762708900553,NA,"cv_r2",0.00725214913804188,0.0196078431372549,TRUE,NA,NA,"tnbc"
"T_cell","ITGB2","rf",1200,106,0.844912720095242,0.843727930097187,NA,"oob_r2",-0.0448666756028402,0.0196078431372549,TRUE,0.875150711080882,1,"tnbc"
"T_cell","ITGB2","lm",1200,106,NA,0.836781092414657,NA,"cv_r2",-0.0796055644548559,0.0196078431372549,TRUE,NA,NA,"tnbc"
"T_cell","ITGB2","ridge",1200,106,NA,0.839724152651199,NA,"cv_r2",0.00516351483096753,0.0196078431372549,TRUE,NA,NA,"tnbc"
"T_cell","ITGB2","spearman",1200,106,NA,0.430185540508414,NA,"cv_r2",0.00147396201183201,0.0196078431372549,TRUE,NA,NA,"tnbc"
"T_cell","ZNF667","rf",1200,106,0.764669630163035,0.758374172088006,NA,"oob_r2",-0.0330294376540791,0.0196078431372549,TRUE,0.848785662504583,1,"tnbc"
"T_cell","ZNF667","lm",1200,106,NA,0.737585529377257,NA,"cv_r2",-0.0907815516184543,0.0196078431372549,TRUE,NA,NA,"tnbc"
"T_cell","ZNF667","ridge",1200,106,NA,0.740090089250509,NA,"cv_r2",-0.000408061227765322,0.0196078431372549,TRUE,NA,NA,"tnbc"
"T_cell","ZNF667","spearman",1200,106,NA,0.463346854969302,NA,"cv_r2",0.0030962495767741,0.0196078431372549,TRUE,NA,NA,"tnbc"
"T_cell","IRX5","rf",1200,106,0.840948409017515,0.841184127838483,NA,"oob_r2",-0.042357575508028,0.0196078431372549,TRUE,0.870419539119945,0.75026455026455,"tnbc"
"T_cell","IRX5","lm",1200,106,NA,0.842619163885476,NA,"cv_r2",-0.077364114620366,0.0196078431372549,TRUE,NA,NA,"tnbc"
"T_cell","IRX5","ridge",1200,106,NA,0.845333037899584,NA,"cv_r2",0.000859193169619725,0.0196078431372549,TRUE,NA,NA,"tnbc"
"T_cell","IRX5","spearman",1200,106,NA,0.424695593006175,NA,"cv_r2",0.00481369589663227,0.0196078431372549,TRUE,NA,NA,"tnbc"
"T_cell","BHLHE22","rf",1200,106,0.860229892586039,0.859940221987884,NA,"oob_r2",-0.0438015358633147,0.0196078431372549,TRUE,0.876960867459898,0.82962962962963,"tnbc"
"T_cell","BHLHE22","lm",1200,106,NA,0.872754094561815,NA,"cv_r2",-0.086004038558908,0.0196078431372549,TRUE,NA,NA,"tnbc"
"T_cell","BHLHE22","ridge",1200,106,NA,0.874476193530264,NA,"cv_r2",-0.00020494280157677,0.0196078431372549,TRUE,NA,NA,"tnbc"
"T_cell","BHLHE22","spearman",1200,106,NA,0.605768572465055,NA,"cv_r2",-0.00149499267242808,0.0196078431372549,TRUE,NA,NA,"tnbc"
"T_cell","PRRX1","rf",1200,106,0.820843951496805,0.814583761665451,NA,"oob_r2",-0.0444304755988754,0.0196078431372549,TRUE,0.883515406985694,0.734391534391534,"tnbc"
"T_cell","PRRX1","lm",1200,106,NA,0.805848972478244,NA,"cv_r2",-0.0984019924511367,0.0196078431372549,TRUE,NA,NA,"tnbc"
"T_cell","PRRX1","ridge",1200,106,NA,0.809750551677288,NA,"cv_r2",-0.000695577456017116,0.0196078431372549,TRUE,NA,NA,"tnbc"
"T_cell","PRRX1","spearman",1200,106,NA,0.4296351997812,NA,"cv_r2",0.00160082483412775,0.0196078431372549,TRUE,NA,NA,"tnbc"
"T_cell","FOXD1","rf",1200,106,0.768461017093837,0.768786480291297,NA,"oob_r2",-0.0418830481464474,0.0196078431372549,TRUE,0.84386617516577,0.737566137566138,"tnbc"
"T_cell","FOXD1","lm",1200,106,NA,0.733226276870081,NA,"cv_r2",-0.0919679601490017,0.0196078431372549,TRUE,NA,NA,"tnbc"
"T_cell","FOXD1","ridge",1200,106,NA,0.73733103746257,NA,"cv_r2",-0.000122863032952014,0.0196078431372549,TRUE,NA,NA,"tnbc"
"T_cell","FOXD1","spearman",1200,106,NA,0.578958701314176,NA,"cv_r2",0.00132678902263956,0.0196078431372549,TRUE,NA,NA,"tnbc"
"T_cell","PKNOX2","rf",1200,106,0.868284326571539,0.863197841670605,NA,"oob_r2",-0.0355214342424114,0.0196078431372549,TRUE,0.859621521917413,0.762962962962963,"tnbc"
"T_cell","PKNOX2","lm",1200,106,NA,0.851790359279305,NA,"cv_r2",-0.0828184286715257,0.0196078431372549,TRUE,NA,NA,"tnbc"
"T_cell","PKNOX2","ridge",1200,106,NA,0.855701953301874,NA,"cv_r2",0.000920912641330334,0.0196078431372549,TRUE,NA,NA,"tnbc"
"T_cell","PKNOX2","spearman",1200,106,NA,0.552331946067544,NA,"cv_r2",-0.00251138569471212,0.0196078431372549,TRUE,NA,NA,"tnbc"
"T_cell","IRX2","rf",1200,106,0.758268308422145,0.75744471753117,NA,"oob_r2",-0.0403534365898124,0.0196078431372549,TRUE,0.848741550578969,0.874074074074074,"tnbc"
"T_cell","IRX2","lm",1200,106,NA,0.724286957485633,NA,"cv_r2",-0.0856676922041115,0.0196078431372549,TRUE,NA,NA,"tnbc"
"T_cell","IRX2","ridge",1200,106,NA,0.726793746608262,NA,"cv_r2",-0.000972273740966578,0.0196078431372549,TRUE,NA,NA,"tnbc"
"T_cell","IRX2","spearman",1200,106,NA,0.390747804621183,NA,"cv_r2",0.000314341700788091,0.0196078431372549,TRUE,NA,NA,"tnbc"
"T_cell","HIF1A","rf",1200,106,0.773213295250155,0.765855872142062,NA,"oob_r2",-0.055223916256888,0.0196078431372549,TRUE,0.78738298164149,0.874074074074074,"tnbc"
"T_cell","HIF1A","lm",1200,106,NA,0.689785451755986,NA,"cv_r2",-0.0884355462349899,0.0196078431372549,TRUE,NA,NA,"tnbc"
"T_cell","HIF1A","ridge",1200,106,NA,0.694716426866229,NA,"cv_r2",0.000195447784070707,0.0196078431372549,TRUE,NA,NA,"tnbc"
"T_cell","HIF1A","spearman",1200,106,NA,0.368051076774785,NA,"cv_r2",0.00435072654593178,0.0196078431372549,TRUE,NA,NA,"tnbc"
"T_cell","PBX1","rf",1200,106,0.821960314102192,0.819771126407137,NA,"oob_r2",-0.0342512284860597,0.0196078431372549,TRUE,0.88709586226779,1,"tnbc"
"T_cell","PBX1","lm",1200,106,NA,0.776128303922811,NA,"cv_r2",-0.0888278877490016,0.0196078431372549,TRUE,NA,NA,"tnbc"
"T_cell","PBX1","ridge",1200,106,NA,0.78124791241125,NA,"cv_r2",0.000130878107770619,0.0196078431372549,TRUE,NA,NA,"tnbc"
"T_cell","PBX1","spearman",1200,106,NA,0.453489161889692,NA,"cv_r2",0.00085117066008493,0.0196078431372549,TRUE,NA,NA,"tnbc"
"T_cell","NKX3-1","rf",1200,106,0.838748023092335,0.84007539086936,NA,"oob_r2",-0.0345732291133793,0.0196078431372549,TRUE,0.875128543158873,0.822222222222222,"tnbc"
"T_cell","NKX3-1","lm",1200,106,NA,0.823601315005974,NA,"cv_r2",-0.0895143404264117,0.0196078431372549,TRUE,NA,NA,"tnbc"
"T_cell","NKX3-1","ridge",1200,106,NA,0.824662850728217,NA,"cv_r2",-0.00036956151868196,0.0196078431372549,TRUE,NA,NA,"tnbc"
"T_cell","NKX3-1","spearman",1200,106,NA,0.488985891963892,NA,"cv_r2",-0.00051086976165934,0.0196078431372549,TRUE,NA,NA,"tnbc"
"T_cell","LHX6","rf",1200,106,0.851919520617951,0.845399233662135,NA,"oob_r2",-0.0364919578215069,0.0196078431372549,TRUE,0.849182669835112,0.933333333333333,"tnbc"
"T_cell","LHX6","lm",1200,106,NA,0.827178319731771,NA,"cv_r2",-0.0976946958609552,0.0196078431372549,TRUE,NA,NA,"tnbc"
"T_cell","LHX6","ridge",1200,106,NA,0.832987873706914,NA,"cv_r2",-0.000920134869718381,0.0196078431372549,TRUE,NA,NA,"tnbc"
"T_cell","LHX6","spearman",1200,106,NA,0.49644116909959,NA,"cv_r2",0.000521735634265534,0.0196078431372549,TRUE,NA,NA,"tnbc"
"T_cell","IKZF4","rf",1200,106,0.803932908174747,0.803812622286013,NA,"oob_r2",-0.0335395604262427,0.0196078431372549,TRUE,0.85011215513067,1,"tnbc"
"T_cell","IKZF4","lm",1200,106,NA,0.776755710295524,NA,"cv_r2",-0.0846584369484882,0.0196078431372549,TRUE,NA,NA,"tnbc"
"T_cell","IKZF4","ridge",1200,106,NA,0.778159154789526,NA,"cv_r2",-0.000780281607708567,0.0196078431372549,TRUE,NA,NA,"tnbc"
"T_cell","IKZF4","spearman",1200,106,NA,0.496071134668028,NA,"cv_r2",0.00459079040532677,0.0196078431372549,TRUE,NA,NA,"tnbc"
"T_cell","TEAD1","rf",1200,106,0.831887014865196,0.833417919213002,NA,"oob_r2",-0.0283056211070132,0.0196078431372549,TRUE,0.863012094392803,0.844444444444444,"tnbc"
"T_cell","TEAD1","lm",1200,106,NA,0.813478562193362,NA,"cv_r2",-0.085310775415876,0.0196078431372549,TRUE,NA,NA,"tnbc"
"T_cell","TEAD1","ridge",1200,106,NA,0.820186010915195,NA,"cv_r2",0.000398213023419205,0.0196078431372549,TRUE,NA,NA,"tnbc"
"T_cell","TEAD1","spearman",1200,106,NA,0.547631437723628,NA,"cv_r2",-0.000826826461930564,0.0196078431372549,TRUE,NA,NA,"tnbc"
"T_cell","ZFHX3","rf",1200,106,0.876127296555752,0.871198276731235,NA,"oob_r2",-0.0409561157489769,0.0196078431372549,TRUE,0.787724681126198,0.706878306878307,"tnbc"
"T_cell","ZFHX3","lm",1200,106,NA,0.881762020406096,NA,"cv_r2",-0.0912270302936034,0.0196078431372549,TRUE,NA,NA,"tnbc"
"T_cell","ZFHX3","ridge",1200,106,NA,0.883708264401333,NA,"cv_r2",-3.47938366918402e-05,0.0196078431372549,TRUE,NA,NA,"tnbc"
"T_cell","ZFHX3","spearman",1200,106,NA,0.63782007851988,NA,"cv_r2",-0.000559889099526468,0.0196078431372549,TRUE,NA,NA,"tnbc"
"T_cell","CREM","rf",1200,106,0.81144755637759,0.81289642387007,NA,"oob_r2",-0.0392382890115296,0.0196078431372549,TRUE,0.863398129721529,1,"tnbc"
"T_cell","CREM","lm",1200,106,NA,0.797276456454932,NA,"cv_r2",-0.0977632169818265,0.0196078431372549,TRUE,NA,NA,"tnbc"
"T_cell","CREM","ridge",1200,106,NA,0.804738661801162,NA,"cv_r2",-0.000769672202535965,0.0196078431372549,TRUE,NA,NA,"tnbc"
"T_cell","CREM","spearman",1200,106,NA,0.509955420301125,NA,"cv_r2",0.00108910723549785,0.0196078431372549,TRUE,NA,NA,"tnbc"
"T_cell","HAND2","rf",1200,106,0.846612147836904,0.848432473937674,NA,"oob_r2",-0.0288965904321263,0.0196078431372549,TRUE,0.875879117649528,0.82962962962963,"tnbc"
"T_cell","HAND2","lm",1200,106,NA,0.833478865436868,NA,"cv_r2",-0.0977012773259781,0.0196078431372549,TRUE,NA,NA,"tnbc"
"T_cell","HAND2","ridge",1200,106,NA,0.837674952874145,NA,"cv_r2",-0.000464004574527521,0.0196078431372549,TRUE,NA,NA,"tnbc"
"T_cell","HAND2","spearman",1200,106,NA,0.552670288851426,NA,"cv_r2",0.00100286181505257,0.0196078431372549,TRUE,NA,NA,"tnbc"
"T_cell","TBX2","rf",1200,106,0.741826277688822,0.741925961091418,NA,"oob_r2",-0.0559615537204814,0.0196078431372549,TRUE,0.782552613827521,0.785185185185185,"tnbc"
"T_cell","TBX2","lm",1200,106,NA,0.680566836145618,NA,"cv_r2",-0.0965995573313704,0.0196078431372549,TRUE,NA,NA,"tnbc"
"T_cell","TBX2","ridge",1200,106,NA,0.687274993734813,NA,"cv_r2",-0.000391620745401002,0.0196078431372549,TRUE,NA,NA,"tnbc"
"T_cell","TBX2","spearman",1200,106,NA,0.361553406902466,NA,"cv_r2",0.00255250651458061,0.0196078431372549,TRUE,NA,NA,"tnbc"
"T_cell","RBPJ","rf",1200,106,0.872794728700526,0.870902837861893,NA,"oob_r2",-0.035636891362565,0.0196078431372549,TRUE,0.830978103579056,0.822222222222222,"tnbc"
"T_cell","RBPJ","lm",1200,106,NA,0.869546919965504,NA,"cv_r2",-0.0842350532031303,0.0196078431372549,TRUE,NA,NA,"tnbc"
"T_cell","RBPJ","ridge",1200,106,NA,0.87426802345726,NA,"cv_r2",0.000243005239693657,0.0196078431372549,TRUE,NA,NA,"tnbc"
"T_cell","RBPJ","spearman",1200,106,NA,0.435017488531027,NA,"cv_r2",0.00681934112356527,0.0196078431372549,TRUE,NA,NA,"tnbc"
"T_cell","SNAI2","rf",1200,106,0.894916010294538,0.887363005488518,NA,"oob_r2",-0.0397309265851011,0.0196078431372549,TRUE,0.840431266846361,1,"tnbc"
"T_cell","SNAI2","lm",1200,106,NA,0.902088374698032,NA,"cv_r2",-0.0824692686737895,0.0196078431372549,TRUE,NA,NA,"tnbc"
"T_cell","SNAI2","ridge",1200,106,NA,0.904938205483727,NA,"cv_r2",0.00139295559552019,0.0196078431372549,TRUE,NA,NA,"tnbc"
"T_cell","SNAI2","spearman",1200,106,NA,0.59935092506882,NA,"cv_r2",-0.00226734223074261,0.0196078431372549,TRUE,NA,NA,"tnbc"
"T_cell","FOXB1","rf",1200,106,0.867428176320129,0.862714019401259,NA,"oob_r2",-0.0402134488717182,0.0196078431372549,TRUE,0.895192080006046,1,"tnbc"
"T_cell","FOXB1","lm",1200,106,NA,0.860789247742375,NA,"cv_r2",-0.0912804167417735,0.0196078431372549,TRUE,NA,NA,"tnbc"
"T_cell","FOXB1","ridge",1200,106,NA,0.863096346350396,NA,"cv_r2",-0.00073807376266012,0.0196078431372549,TRUE,NA,NA,"tnbc"
"T_cell","FOXB1","spearman",1200,106,NA,0.603177138531905,NA,"cv_r2",0.00251731963099296,0.0196078431372549,TRUE,NA,NA,"tnbc"
"T_cell","TCFL5","rf",1200,106,0.687755299839536,0.676935255551631,NA,"oob_r2",-0.0790865724124368,0.0196078431372549,TRUE,0.66167227862167,0.507936507936508,"tnbc"
"T_cell","TCFL5","lm",1200,106,NA,0.561695250170278,NA,"cv_r2",-0.0929945520230303,0.0196078431372549,TRUE,NA,NA,"tnbc"
"T_cell","TCFL5","ridge",1200,106,NA,0.568196926463759,NA,"cv_r2",-0.000299125144327151,0.0196078431372549,TRUE,NA,NA,"tnbc"
"T_cell","TCFL5","spearman",1200,106,NA,0.256228612577461,NA,"cv_r2",0.00230132184664125,0.0196078431372549,TRUE,NA,NA,"tnbc"
"T_cell","HOXA9","rf",1200,106,0.874057074732774,0.874571800170728,NA,"oob_r2",-0.0371632693997722,0.0196078431372549,TRUE,0.854893036977325,0.665608465608466,"tnbc"
"T_cell","HOXA9","lm",1200,106,NA,0.876176417418883,NA,"cv_r2",-0.0898749855784307,0.0196078431372549,TRUE,NA,NA,"tnbc"
"T_cell","HOXA9","ridge",1200,106,NA,0.876796685933856,NA,"cv_r2",-0.000758412496784145,0.0196078431372549,TRUE,NA,NA,"tnbc"
"T_cell","HOXA9","spearman",1200,106,NA,0.501153638568684,NA,"cv_r2",0.00191480821014399,0.0196078431372549,TRUE,NA,NA,"tnbc"
"T_cell","TCF4","rf",1200,106,0.903028958292867,0.899796538616025,NA,"oob_r2",-0.0406000073839282,0.0196078431372549,TRUE,0.837381946018871,0.874074074074074,"tnbc"
"T_cell","TCF4","lm",1200,106,NA,0.903493266929307,NA,"cv_r2",-0.096820831558175,0.0196078431372549,TRUE,NA,NA,"tnbc"
"T_cell","TCF4","ridge",1200,106,NA,0.907150365914968,NA,"cv_r2",-0.000721457138432691,0.0196078431372549,TRUE,NA,NA,"tnbc"
"T_cell","TCF4","spearman",1200,106,NA,0.481670059687206,NA,"cv_r2",0.00343961666564395,0.0196078431372549,TRUE,NA,NA,"tnbc"
"T_cell","DMRT2","rf",1200,106,0.831400304779619,0.823957064860478,NA,"oob_r2",-0.0417569183024581,0.0196078431372549,TRUE,0.80848102151576,1,"tnbc"
"T_cell","DMRT2","lm",1200,106,NA,0.81905331397121,NA,"cv_r2",-0.0950179378104632,0.0196078431372549,TRUE,NA,NA,"tnbc"
"T_cell","DMRT2","ridge",1200,106,NA,0.822759157772753,NA,"cv_r2",-0.000504390195892025,0.0196078431372549,TRUE,NA,NA,"tnbc"
"T_cell","DMRT2","spearman",1200,106,NA,0.544907320290748,NA,"cv_r2",-0.000813554987653523,0.0196078431372549,TRUE,NA,NA,"tnbc"
"T_cell","TCF7","rf",1200,106,0.863043947027746,0.864705698963958,NA,"oob_r2",-0.0290737182203663,0.0196078431372549,TRUE,0.879823216419937,0.822222222222222,"tnbc"
"T_cell","TCF7","lm",1200,106,NA,0.870702886726228,NA,"cv_r2",-0.0947224368084448,0.0196078431372549,TRUE,NA,NA,"tnbc"
"T_cell","TCF7","ridge",1200,106,NA,0.872291100164662,NA,"cv_r2",5.68904398169698e-05,0.0196078431372549,TRUE,NA,NA,"tnbc"
"T_cell","TCF7","spearman",1200,106,NA,0.59557512162758,NA,"cv_r2",0.00331044967817216,0.0196078431372549,TRUE,NA,NA,"tnbc"
"T_cell","KLF1","rf",1200,106,0.791285918203725,0.787673735461653,NA,"oob_r2",-0.0635214781356363,0.0196078431372549,TRUE,0.803276038211676,0.734391534391534,"tnbc"
"T_cell","KLF1","lm",1200,106,NA,0.687630270337761,NA,"cv_r2",-0.0919760160522778,0.0196078431372549,TRUE,NA,NA,"tnbc"
"T_cell","KLF1","ridge",1200,106,NA,0.688209968364375,NA,"cv_r2",0.000648248769960696,0.0196078431372549,TRUE,NA,NA,"tnbc"
"T_cell","KLF1","spearman",1200,106,NA,0.329722796157041,NA,"cv_r2",0.00559485193222108,0.0196078431372549,TRUE,NA,NA,"tnbc"
"T_cell","IKZF2","rf",1200,106,0.826061563019868,0.823466987434037,NA,"oob_r2",-0.0401122204244794,0.0196078431372549,TRUE,0.873599180458641,0.716402116402116,"tnbc"
"T_cell","IKZF2","lm",1200,106,NA,0.788204994709341,NA,"cv_r2",-0.0832209144058662,0.0196078431372549,TRUE,NA,NA,"tnbc"
"T_cell","IKZF2","ridge",1200,106,NA,0.79409409998982,NA,"cv_r2",-0.000244415291576017,0.0196078431372549,TRUE,NA,NA,"tnbc"
"T_cell","IKZF2","spearman",1200,106,NA,0.537710759920369,NA,"cv_r2",-0.00186537346141572,0.0196078431372549,TRUE,NA,NA,"tnbc"
"T_cell","IKZF3","rf",1200,106,0.87035981745433,0.870944779739359,NA,"oob_r2",-0.027145934203139,0.0196078431372549,TRUE,0.882758562779723,0.8,"tnbc"
"T_cell","IKZF3","lm",1200,106,NA,0.856584394921848,NA,"cv_r2",-0.0896761032099173,0.0196078431372549,TRUE,NA,NA,"tnbc"
"T_cell","IKZF3","ridge",1200,106,NA,0.85705778781863,NA,"cv_r2",0.000170108046277078,0.0196078431372549,TRUE,NA,NA,"tnbc"
"T_cell","IKZF3","spearman",1200,106,NA,0.6161926796567,NA,"cv_r2",0.00120581865194658,0.0196078431372549,TRUE,NA,NA,"tnbc"
"T_cell","ONECUT2","rf",1200,106,0.873873142456011,0.871014988445659,NA,"oob_r2",-0.0365318050361729,0.0196078431372549,TRUE,0.85121069882135,0.650793650793651,"tnbc"
"T_cell","ONECUT2","lm",1200,106,NA,0.865891080514338,NA,"cv_r2",-0.0881582180967853,0.0196078431372549,TRUE,NA,NA,"tnbc"
"T_cell","ONECUT2","ridge",1200,106,NA,0.868621813105472,NA,"cv_r2",-0.000429354688829298,0.0196078431372549,TRUE,NA,NA,"tnbc"
"T_cell","ONECUT2","spearman",1200,106,NA,0.534222547237832,NA,"cv_r2",0.00552059038016986,0.0196078431372549,TRUE,NA,NA,"tnbc"
"T_cell","HOXB9","rf",1200,106,0.865147500778147,0.858638249549232,NA,"oob_r2",-0.0388882999796739,0.0196078431372549,TRUE,0.853318442759458,0.8,"tnbc"
"T_cell","HOXB9","lm",1200,106,NA,0.860643800482537,NA,"cv_r2",-0.0964750173834698,0.0196078431372549,TRUE,NA,NA,"tnbc"
"T_cell","HOXB9","ridge",1200,106,NA,0.861508233565677,NA,"cv_r2",-0.000510269483081582,0.0196078431372549,TRUE,NA,NA,"tnbc"
"T_cell","HOXB9","spearman",1200,106,NA,0.496238824582266,NA,"cv_r2",0.0028280294460021,0.0196078431372549,TRUE,NA,NA,"tnbc"
"T_cell","ENO1","rf",1200,106,0.812650021083975,0.806053372751455,NA,"oob_r2",-0.0514119438860248,0.0196078431372549,TRUE,0.829132568092187,0.792592592592593,"tnbc"
"T_cell","ENO1","lm",1200,106,NA,0.746757812231888,NA,"cv_r2",-0.0918024646972001,0.0196078431372549,TRUE,NA,NA,"tnbc"
"T_cell","ENO1","ridge",1200,106,NA,0.746548074561237,NA,"cv_r2",-0.000850198839952476,0.0196078431372549,TRUE,NA,NA,"tnbc"
"T_cell","ENO1","spearman",1200,106,NA,0.410712829957024,NA,"cv_r2",0.00260382369923424,0.0196078431372549,TRUE,NA,NA,"tnbc"
"T_cell","LEF1","rf",1200,106,0.884589869141106,0.880622042417433,NA,"oob_r2",-0.0347108447934919,0.0196078431372549,TRUE,0.871385747033781,1,"tnbc"
"T_cell","LEF1","lm",1200,106,NA,0.887138429912488,NA,"cv_r2",-0.100641047418877,0.0196078431372549,TRUE,NA,NA,"tnbc"
"T_cell","LEF1","ridge",1200,106,NA,0.888578850143889,NA,"cv_r2",6.66048855583812e-05,0.0196078431372549,TRUE,NA,NA,"tnbc"
"T_cell","LEF1","spearman",1200,106,NA,0.516632014010584,NA,"cv_r2",0.00146793055069493,0.0196078431372549,TRUE,NA,NA,"tnbc"
"T_cell","FOXL1","rf",1200,106,0.879564250980681,0.878966403145945,NA,"oob_r2",-0.0351988752842691,0.0196078431372549,TRUE,0.866053801994553,0.785185185185185,"tnbc"
"T_cell","FOXL1","lm",1200,106,NA,0.864471221634825,NA,"cv_r2",-0.0903854299933898,0.0196078431372549,TRUE,NA,NA,"tnbc"
"T_cell","FOXL1","ridge",1200,106,NA,0.866977076680501,NA,"cv_r2",-0.000799536483223541,0.0196078431372549,TRUE,NA,NA,"tnbc"
"T_cell","FOXL1","spearman",1200,106,NA,0.538258156147388,NA,"cv_r2",0.00410379696186607,0.0196078431372549,TRUE,NA,NA,"tnbc"
"T_cell","SOX9","rf",1200,106,0.886453123714657,0.885299882667635,NA,"oob_r2",-0.0316983815618746,0.0196078431372549,TRUE,0.847218681512457,0.933333333333333,"tnbc"
"T_cell","SOX9","lm",1200,106,NA,0.881092309170811,NA,"cv_r2",-0.0892984391176408,0.0196078431372549,TRUE,NA,NA,"tnbc"
"T_cell","SOX9","ridge",1200,106,NA,0.883968874555349,NA,"cv_r2",0.00103794831570469,0.0196078431372549,TRUE,NA,NA,"tnbc"
"T_cell","SOX9","spearman",1200,106,NA,0.568325738958516,NA,"cv_r2",0.00250764629565476,0.0196078431372549,TRUE,NA,NA,"tnbc"
"T_cell","HESX1","rf",1200,106,0.889553024995677,0.888953878365731,NA,"oob_r2",-0.0376805917991264,0.0196078431372549,TRUE,0.88731418271182,1,"tnbc"
"T_cell","HESX1","lm",1200,106,NA,0.886411926259412,NA,"cv_r2",-0.09284341089347,0.0196078431372549,TRUE,NA,NA,"tnbc"
"T_cell","HESX1","ridge",1200,106,NA,0.887985602016236,NA,"cv_r2",0.00063940959302885,0.0196078431372549,TRUE,NA,NA,"tnbc"
"T_cell","HESX1","spearman",1200,106,NA,0.461270167309704,NA,"cv_r2",0.00041557761725669,0.0196078431372549,TRUE,NA,NA,"tnbc"
"T_cell","FOXP3","rf",1200,106,0.897198103853772,0.895397880944725,NA,"oob_r2",-0.0315755958856113,0.0196078431372549,TRUE,0.867636457274969,0.785185185185185,"tnbc"
"T_cell","FOXP3","lm",1200,106,NA,0.887615105011796,NA,"cv_r2",-0.085753915772149,0.0196078431372549,TRUE,NA,NA,"tnbc"
"T_cell","FOXP3","ridge",1200,106,NA,0.889871360526322,NA,"cv_r2",0.00218290699445106,0.0196078431372549,TRUE,NA,NA,"tnbc"
"T_cell","FOXP3","spearman",1200,106,NA,0.524695493637269,NA,"cv_r2",0.000468637738166736,0.0196078431372549,TRUE,NA,NA,"tnbc"
"T_cell","NR4A1","rf",1200,106,0.919179687000981,0.919117104325398,NA,"oob_r2",-0.0404300411516217,0.0196078431372549,TRUE,0.909228853005965,0.868783068783069,"tnbc"
"T_cell","NR4A1","lm",1200,106,NA,0.914258279732446,NA,"cv_r2",-0.0942314134355434,0.0196078431372549,TRUE,NA,NA,"tnbc"
"T_cell","NR4A1","ridge",1200,106,NA,0.914874313759645,NA,"cv_r2",-0.000394624621098283,0.0196078431372549,TRUE,NA,NA,"tnbc"
"T_cell","NR4A1","spearman",1200,106,NA,0.580084534301836,NA,"cv_r2",-0.000768018687681252,0.0196078431372549,TRUE,NA,NA,"tnbc"
"T_cell","MAF","rf",1200,106,0.908881835720968,0.908581104831364,NA,"oob_r2",-0.0434185004879048,0.0196078431372549,TRUE,0.8906554931383,1,"tnbc"
"T_cell","MAF","lm",1200,106,NA,0.916116908988464,NA,"cv_r2",-0.0928640380399566,0.0196078431372549,TRUE,NA,NA,"tnbc"
"T_cell","MAF","ridge",1200,106,NA,0.91572005988942,NA,"cv_r2",-0.000330475012186005,0.0196078431372549,TRUE,NA,NA,"tnbc"
"T_cell","MAF","spearman",1200,106,NA,0.395567321162245,NA,"cv_r2",-0.00425026970517707,0.0196078431372549,TRUE,NA,NA,"tnbc"
"T_cell","FOXC2","rf",1200,106,0.828498180271888,0.834295668820482,NA,"oob_r2",-0.0400660637472751,0.0196078431372549,TRUE,0.800485790977768,0.755555555555556,"tnbc"
"T_cell","FOXC2","lm",1200,106,NA,0.791837200993526,NA,"cv_r2",-0.0947511075322569,0.0196078431372549,TRUE,NA,NA,"tnbc"
"T_cell","FOXC2","ridge",1200,106,NA,0.795345167276283,NA,"cv_r2",-0.000647953094201326,0.0196078431372549,TRUE,NA,NA,"tnbc"
"T_cell","FOXC2","spearman",1200,106,NA,0.426616346784025,NA,"cv_r2",0.00278818769933922,0.0196078431372549,TRUE,NA,NA,"tnbc"
"T_cell","ID1","rf",1200,106,0.856670963400868,0.854216724917388,NA,"oob_r2",-0.0356667749577247,0.0196078431372549,TRUE,0.913728717255432,1,"tnbc"
"T_cell","ID1","lm",1200,106,NA,0.840808520856623,NA,"cv_r2",-0.0911696911769817,0.0196078431372549,TRUE,NA,NA,"tnbc"
"T_cell","ID1","ridge",1200,106,NA,0.843888138340924,NA,"cv_r2",0.00109248827485579,0.0196078431372549,TRUE,NA,NA,"tnbc"
"T_cell","ID1","spearman",1200,106,NA,0.464670834383001,NA,"cv_r2",0.000470085792029505,0.0196078431372549,TRUE,NA,NA,"tnbc"
"T_cell","EOMES","rf",1200,106,0.889562176538856,0.883948727892111,NA,"oob_r2",-0.0340017848980648,0.0196078431372549,TRUE,0.905862239799817,0.933333333333333,"tnbc"
"T_cell","EOMES","lm",1200,106,NA,0.895773500186197,NA,"cv_r2",-0.0847747514737405,0.0196078431372549,TRUE,NA,NA,"tnbc"
"T_cell","EOMES","ridge",1200,106,NA,0.895194583354203,NA,"cv_r2",-9.90273501167431e-05,0.0196078431372549,TRUE,NA,NA,"tnbc"
"T_cell","EOMES","spearman",1200,106,NA,0.394559465122476,NA,"cv_r2",-0.000664969400074904,0.0196078431372549,TRUE,NA,NA,"tnbc"
"T_cell","TBX20","rf",1200,106,0.920857888374549,0.916953386728124,NA,"oob_r2",-0.0416700439077393,0.0196078431372549,TRUE,0.864618708942461,0.785185185185185,"tnbc"
"T_cell","TBX20","lm",1200,106,NA,0.928615254621071,NA,"cv_r2",-0.0929620853196989,0.0196078431372549,TRUE,NA,NA,"tnbc"
"T_cell","TBX20","ridge",1200,106,NA,0.929088143178352,NA,"cv_r2",-0.000259076673322624,0.0196078431372549,TRUE,NA,NA,"tnbc"
"T_cell","TBX20","spearman",1200,106,NA,0.58123596868611,NA,"cv_r2",0.000567239910437758,0.0196078431372549,TRUE,NA,NA,"tnbc"
"T_cell","NFIB","rf",1200,106,0.867106475395753,0.868012568877321,NA,"oob_r2",-0.0374297871753818,0.0196078431372549,TRUE,0.889067911652994,0.8,"tnbc"
"T_cell","NFIB","lm",1200,106,NA,0.858608021288725,NA,"cv_r2",-0.0947083946372973,0.0196078431372549,TRUE,NA,NA,"tnbc"
"T_cell","NFIB","ridge",1200,106,NA,0.862135906443278,NA,"cv_r2",-0.000877739103131914,0.0196078431372549,TRUE,NA,NA,"tnbc"
"T_cell","NFIB","spearman",1200,106,NA,0.4774028685805,NA,"cv_r2",0.00441521091730328,0.0196078431372549,TRUE,NA,NA,"tnbc"
"T_cell","EN1","rf",1200,106,0.895674806379679,0.894875243599114,NA,"oob_r2",-0.0381833866230384,0.0196078431372549,TRUE,0.903115432736311,0.814814814814815,"tnbc"
"T_cell","EN1","lm",1200,106,NA,0.892466704892667,NA,"cv_r2",-0.0879457126287897,0.0196078431372549,TRUE,NA,NA,"tnbc"
"T_cell","EN1","ridge",1200,106,NA,0.893966533961357,NA,"cv_r2",-0.000258373492638709,0.0196078431372549,TRUE,NA,NA,"tnbc"
"T_cell","EN1","spearman",1200,106,NA,0.555180497561206,NA,"cv_r2",0.000617326898952916,0.0196078431372549,TRUE,NA,NA,"tnbc"
"T_cell","NR3C1","rf",1200,106,0.897241089695327,0.897195674042793,NA,"oob_r2",-0.0281810806490743,0.0196078431372549,TRUE,0.91812893781506,1,"tnbc"
"T_cell","NR3C1","lm",1200,106,NA,0.888298567461257,NA,"cv_r2",-0.0998055504273577,0.0196078431372549,TRUE,NA,NA,"tnbc"
"T_cell","NR3C1","ridge",1200,106,NA,0.888616959965535,NA,"cv_r2",9.35765385706526e-05,0.0196078431372549,TRUE,NA,NA,"tnbc"
"T_cell","NR3C1","spearman",1200,106,NA,0.51764971728134,NA,"cv_r2",-0.000570359327707049,0.0196078431372549,TRUE,NA,NA,"tnbc"
"T_cell","NR4A2","rf",1200,106,0.92187111200679,0.920915818362537,NA,"oob_r2",-0.0350536320833827,0.0196078431372549,TRUE,0.889056939651191,1,"tnbc"
"T_cell","NR4A2","lm",1200,106,NA,0.920387945042521,NA,"cv_r2",-0.092714810839457,0.0196078431372549,TRUE,NA,NA,"tnbc"
"T_cell","NR4A2","ridge",1200,106,NA,0.920231465542958,NA,"cv_r2",6.1598190570649e-05,0.0196078431372549,TRUE,NA,NA,"tnbc"
"T_cell","NR4A2","spearman",1200,106,NA,0.630200735679908,NA,"cv_r2",-0.000799030237327773,0.0196078431372549,TRUE,NA,NA,"tnbc"
"T_cell","NFIX","rf",1200,106,0.89446351440318,0.894345603935528,NA,"oob_r2",-0.0361891523452374,0.0196078431372549,TRUE,0.881791011355462,0.874074074074074,"tnbc"
"T_cell","NFIX","lm",1200,106,NA,0.883005297552406,NA,"cv_r2",-0.0884958162597811,0.0196078431372549,TRUE,NA,NA,"tnbc"
"T_cell","NFIX","ridge",1200,106,NA,0.884673056608864,NA,"cv_r2",-0.000777242115553467,0.0196078431372549,TRUE,NA,NA,"tnbc"
"T_cell","NFIX","spearman",1200,106,NA,0.564802201200726,NA,"cv_r2",0.00337173596274055,0.0196078431372549,TRUE,NA,NA,"tnbc"
"T_cell","TGIF1","rf",1200,106,0.921427041762629,0.917014903368499,NA,"oob_r2",-0.0362497172180682,0.0196078431372549,TRUE,0.881902074883912,0.881481481481481,"tnbc"
"T_cell","TGIF1","lm",1200,106,NA,0.922820460065402,NA,"cv_r2",-0.0869821495906716,0.0196078431372549,TRUE,NA,NA,"tnbc"
"T_cell","TGIF1","ridge",1200,106,NA,0.923104608666042,NA,"cv_r2",-0.000614115048043007,0.0196078431372549,TRUE,NA,NA,"tnbc"
"T_cell","TGIF1","spearman",1200,106,NA,0.613540972583042,NA,"cv_r2",-0.000457500866907435,0.0196078431372549,TRUE,NA,NA,"tnbc"
"T_cell","TWIST2","rf",1200,106,0.891508556502888,0.890933335807127,NA,"oob_r2",-0.0368345523085555,0.0196078431372549,TRUE,0.885757949803092,0.881481481481481,"tnbc"
"T_cell","TWIST2","lm",1200,106,NA,0.886106440448392,NA,"cv_r2",-0.0896624780806039,0.0196078431372549,TRUE,NA,NA,"tnbc"
"T_cell","TWIST2","ridge",1200,106,NA,0.887500230494079,NA,"cv_r2",-0.000227763307033092,0.0196078431372549,TRUE,NA,NA,"tnbc"
"T_cell","TWIST2","spearman",1200,106,NA,0.575650077894976,NA,"cv_r2",-0.00010984384102297,0.0196078431372549,TRUE,NA,NA,"tnbc"
"T_cell","BATF3","rf",1200,106,0.865919763920404,0.863811554424438,NA,"oob_r2",-0.0422828834762048,0.0196078431372549,TRUE,0.854481474950528,0.77037037037037,"tnbc"
"T_cell","BATF3","lm",1200,106,NA,0.843512944695421,NA,"cv_r2",-0.0943913016945994,0.0196078431372549,TRUE,NA,NA,"tnbc"
"T_cell","BATF3","ridge",1200,106,NA,0.845527820571628,NA,"cv_r2",0.000357124394682148,0.0196078431372549,TRUE,NA,NA,"tnbc"
"T_cell","BATF3","spearman",1200,106,NA,0.513930518429647,NA,"cv_r2",0.000174702953144229,0.0196078431372549,TRUE,NA,NA,"tnbc"
"T_cell","ZNF683","rf",1200,106,0.879410968541823,0.874820566298628,NA,"oob_r2",-0.0332240577632705,0.0196078431372549,TRUE,0.86585160367562,0.844444444444444,"tnbc"
"T_cell","ZNF683","lm",1200,106,NA,0.870680166321288,NA,"cv_r2",-0.0859726905688702,0.0196078431372549,TRUE,NA,NA,"tnbc"
"T_cell","ZNF683","ridge",1200,106,NA,0.874679470542586,NA,"cv_r2",-0.000677224815129562,0.0196078431372549,TRUE,NA,NA,"tnbc"
"T_cell","ZNF683","spearman",1200,106,NA,0.488267357879526,NA,"cv_r2",-0.00105616011876707,0.0196078431372549,TRUE,NA,NA,"tnbc"
"T_cell","JUN","rf",1200,106,0.9173416999966,0.912723253448531,NA,"oob_r2",-0.0383784091111539,0.0196078431372549,TRUE,0.878984194159648,0.933333333333333,"tnbc"
"T_cell","JUN","lm",1200,106,NA,0.920859283261345,NA,"cv_r2",-0.0938003735586341,0.0196078431372549,TRUE,NA,NA,"tnbc"
"T_cell","JUN","ridge",1200,106,NA,0.922049903073624,NA,"cv_r2",-0.000201356063584313,0.0196078431372549,TRUE,NA,NA,"tnbc"
"T_cell","JUN","spearman",1200,106,NA,0.495572867092539,NA,"cv_r2",-0.0029110671419466,0.0196078431372549,TRUE,NA,NA,"tnbc"
"T_cell","GLIS2","rf",1200,106,0.876015474202685,0.877635414362155,NA,"oob_r2",-0.0390754075204639,0.0196078431372549,TRUE,0.855482838053813,0.762962962962963,"tnbc"
"T_cell","GLIS2","lm",1200,106,NA,0.84075423147861,NA,"cv_r2",-0.0876716118995538,0.0196078431372549,TRUE,NA,NA,"tnbc"
"T_cell","GLIS2","ridge",1200,106,NA,0.839889560678336,NA,"cv_r2",0.00126721297581469,0.0196078431372549,TRUE,NA,NA,"tnbc"
"T_cell","GLIS2","spearman",1200,106,NA,0.461174518060541,NA,"cv_r2",0.00321744993447171,0.0196078431372549,TRUE,NA,NA,"tnbc"
"T_cell","NR4A3","rf",1200,106,0.905332532452481,0.90140269139774,NA,"oob_r2",-0.0411386994503042,0.0196078431372549,TRUE,0.887575719407848,0.844444444444444,"tnbc"
"T_cell","NR4A3","lm",1200,106,NA,0.88955842606811,NA,"cv_r2",-0.0935459812650599,0.0196078431372549,TRUE,NA,NA,"tnbc"
"T_cell","NR4A3","ridge",1200,106,NA,0.890759183276167,NA,"cv_r2",-0.000816606536559372,0.0196078431372549,TRUE,NA,NA,"tnbc"
"T_cell","NR4A3","spearman",1200,106,NA,0.462314700423784,NA,"cv_r2",0.00530149673550317,0.0196078431372549,TRUE,NA,NA,"tnbc"
"T_cell","NR2F1","rf",1200,106,0.880936783567384,0.87900192979235,NA,"oob_r2",-0.0359681824226378,0.0196078431372549,TRUE,0.877179635740736,1,"tnbc"
"T_cell","NR2F1","lm",1200,106,NA,0.866597337736542,NA,"cv_r2",-0.0910893866458865,0.0196078431372549,TRUE,NA,NA,"tnbc"
"T_cell","NR2F1","ridge",1200,106,NA,0.869796981507702,NA,"cv_r2",-0.000845324174836538,0.0196078431372549,TRUE,NA,NA,"tnbc"
"T_cell","NR2F1","spearman",1200,106,NA,0.574952992990892,NA,"cv_r2",-0.00178309662683699,0.0196078431372549,TRUE,NA,NA,"tnbc"
"T_cell","REL","rf",1200,106,0.914660728298003,0.915779554665736,NA,"oob_r2",-0.0318705189638578,0.0196078431372549,TRUE,0.8995287077389,0.881481481481481,"tnbc"
"T_cell","REL","lm",1200,106,NA,0.924160650446306,NA,"cv_r2",-0.0954619292824727,0.0196078431372549,TRUE,NA,NA,"tnbc"
"T_cell","REL","ridge",1200,106,NA,0.924458971315123,NA,"cv_r2",0.000361252289586198,0.0196078431372549,TRUE,NA,NA,"tnbc"
"T_cell","REL","spearman",1200,106,NA,0.613019280211159,NA,"cv_r2",-0.0005909920539929,0.0196078431372549,TRUE,NA,NA,"tnbc"
"T_cell","BCL6","rf",1200,106,0.929262822907634,0.928796351588916,NA,"oob_r2",-0.0377039936200086,0.0196078431372549,TRUE,0.888946771796357,0.792592592592593,"tnbc"
"T_cell","BCL6","lm",1200,106,NA,0.936341397455123,NA,"cv_r2",-0.0918234452608298,0.0196078431372549,TRUE,NA,NA,"tnbc"
"T_cell","BCL6","ridge",1200,106,NA,0.936057427618708,NA,"cv_r2",0.000855761455636443,0.0196078431372549,TRUE,NA,NA,"tnbc"
"T_cell","BCL6","spearman",1200,106,NA,0.560196593820017,NA,"cv_r2",0.00524142787238222,0.0196078431372549,TRUE,NA,NA,"tnbc"
"T_cell","NR1H3","rf",1200,106,0.902002726674858,0.897927905180176,NA,"oob_r2",-0.0316330040368024,0.0196078431372549,TRUE,0.886676015260039,0.933333333333333,"tnbc"
"T_cell","NR1H3","lm",1200,106,NA,0.904006548925672,NA,"cv_r2",-0.0897038362668455,0.0196078431372549,TRUE,NA,NA,"tnbc"
"T_cell","NR1H3","ridge",1200,106,NA,0.905984591058013,NA,"cv_r2",6.2693766523368e-05,0.0196078431372549,TRUE,NA,NA,"tnbc"
"T_cell","NR1H3","spearman",1200,106,NA,0.579427165692193,NA,"cv_r2",-0.00229868640687838,0.0196078431372549,TRUE,NA,NA,"tnbc"
"T_cell","JUNB","rf",1200,106,0.913718920515393,0.912137694566548,NA,"oob_r2",-0.0327888272141768,0.0196078431372549,TRUE,0.890642281952456,0.881481481481481,"tnbc"
"T_cell","JUNB","lm",1200,106,NA,0.914666346349706,NA,"cv_r2",-0.0912927349294146,0.0196078431372549,TRUE,NA,NA,"tnbc"
"T_cell","JUNB","ridge",1200,106,NA,0.914844167315932,NA,"cv_r2",-0.000490683927975066,0.0196078431372549,TRUE,NA,NA,"tnbc"
"T_cell","JUNB","spearman",1200,106,NA,0.522837746375992,NA,"cv_r2",-0.00126234469776633,0.0196078431372549,TRUE,NA,NA,"tnbc"
"T_cell","IRF8","rf",1200,106,0.887431353839925,0.881843600733886,NA,"oob_r2",-0.0377493045085969,0.0196078431372549,TRUE,0.88238730606567,0.844444444444444,"tnbc"
"T_cell","IRF8","lm",1200,106,NA,0.895737836284385,NA,"cv_r2",-0.0919529952778248,0.0196078431372549,TRUE,NA,NA,"tnbc"
"T_cell","IRF8","ridge",1200,106,NA,0.897087727404301,NA,"cv_r2",-0.000487792507535003,0.0196078431372549,TRUE,NA,NA,"tnbc"
"T_cell","IRF8","spearman",1200,106,NA,0.456947535662305,NA,"cv_r2",0.000946795858629017,0.0196078431372549,TRUE,NA,NA,"tnbc"
"T_cell","ID3","rf",1200,106,0.858213712788427,0.850040983819146,NA,"oob_r2",-0.0453542609049883,0.0196078431372549,TRUE,0.814563317127239,0.77037037037037,"tnbc"
"T_cell","ID3","lm",1200,106,NA,0.793482417406953,NA,"cv_r2",-0.097130846053545,0.0196078431372549,TRUE,NA,NA,"tnbc"
"T_cell","ID3","ridge",1200,106,NA,0.791409959470826,NA,"cv_r2",0.00126833689562094,0.0196078431372549,TRUE,NA,NA,"tnbc"
"T_cell","ID3","spearman",1200,106,NA,0.432350505021631,NA,"cv_r2",0.000766871294220308,0.0196078431372549,TRUE,NA,NA,"tnbc"
"T_cell","PAX6","rf",1200,106,0.911747626403625,0.907487994467113,NA,"oob_r2",-0.0335019414937657,0.0196078431372549,TRUE,0.890571971573558,0.82962962962963,"tnbc"
"T_cell","PAX6","lm",1200,106,NA,0.918785677127358,NA,"cv_r2",-0.0894854360584794,0.0196078431372549,TRUE,NA,NA,"tnbc"
"T_cell","PAX6","ridge",1200,106,NA,0.919880216399718,NA,"cv_r2",0.00139207907114809,0.0196078431372549,TRUE,NA,NA,"tnbc"
"T_cell","PAX6","spearman",1200,106,NA,0.529517308697214,NA,"cv_r2",3.80733373557218e-05,0.0196078431372549,TRUE,NA,NA,"tnbc"
"T_cell","ID2","rf",1200,106,0.908929240562685,0.907046414096385,NA,"oob_r2",-0.0372655178387289,0.0196078431372549,TRUE,0.897608607423455,1,"tnbc"
"T_cell","ID2","lm",1200,106,NA,0.915586399613949,NA,"cv_r2",-0.0948420487456324,0.0196078431372549,TRUE,NA,NA,"tnbc"
"T_cell","ID2","ridge",1200,106,NA,0.917834763300125,NA,"cv_r2",-0.00048555387094339,0.0196078431372549,TRUE,NA,NA,"tnbc"
"T_cell","ID2","spearman",1200,106,NA,0.52858935914385,NA,"cv_r2",-0.00314774717069928,0.0196078431372549,TRUE,NA,NA,"tnbc"
"T_cell","EGR2","rf",1200,106,0.899993964930845,0.896706947960891,NA,"oob_r2",-0.0412310629312703,0.0196078431372549,TRUE,0.861293520641078,0.792592592592593,"tnbc"
"T_cell","EGR2","lm",1200,106,NA,0.88388270135339,NA,"cv_r2",-0.0950910669564129,0.0196078431372549,TRUE,NA,NA,"tnbc"
"T_cell","EGR2","ridge",1200,106,NA,0.885240868063545,NA,"cv_r2",0.00077923623736773,0.0196078431372549,TRUE,NA,NA,"tnbc"
"T_cell","EGR2","spearman",1200,106,NA,0.531931850438534,NA,"cv_r2",0.00418222478983961,0.0196078431372549,TRUE,NA,NA,"tnbc"
"T_cell","ATF3","rf",1200,106,0.849555832805164,0.846085571268834,NA,"oob_r2",-0.0463641502256651,0.0196078431372549,TRUE,0.882627122676497,1,"tnbc"
"T_cell","ATF3","lm",1200,106,NA,0.79789492347225,NA,"cv_r2",-0.0929344371360896,0.0196078431372549,TRUE,NA,NA,"tnbc"
"T_cell","ATF3","ridge",1200,106,NA,0.796853729965791,NA,"cv_r2",0.00147311621282942,0.0196078431372549,TRUE,NA,NA,"tnbc"
"T_cell","ATF3","spearman",1200,106,NA,0.431563539262361,NA,"cv_r2",0.000138830283114364,0.0196078431372549,TRUE,NA,NA,"tnbc"
"T_cell","ETV1","rf",1200,106,0.894328102666637,0.888898835108219,NA,"oob_r2",-0.0359997815867344,0.0196078431372549,TRUE,0.879631318347594,0.755555555555556,"tnbc"
"T_cell","ETV1","lm",1200,106,NA,0.864125683485173,NA,"cv_r2",-0.0945116235879336,0.0196078431372549,TRUE,NA,NA,"tnbc"
"T_cell","ETV1","ridge",1200,106,NA,0.863331797253324,NA,"cv_r2",0.000333967865430222,0.0196078431372549,TRUE,NA,NA,"tnbc"
"T_cell","ETV1","spearman",1200,106,NA,0.471593162879365,NA,"cv_r2",0.00380442492237795,0.0196078431372549,TRUE,NA,NA,"tnbc"
"T_cell","JDP2","rf",1200,106,0.896268352681842,0.899111327126614,NA,"oob_r2",-0.0374891276012617,0.0196078431372549,TRUE,0.887693276570018,1,"tnbc"
"T_cell","JDP2","lm",1200,106,NA,0.894428809352501,NA,"cv_r2",-0.0913554512885792,0.0196078431372549,TRUE,NA,NA,"tnbc"
"T_cell","JDP2","ridge",1200,106,NA,0.895168429003514,NA,"cv_r2",-0.000377223129732875,0.0196078431372549,TRUE,NA,NA,"tnbc"
"T_cell","JDP2","spearman",1200,106,NA,0.511115687724828,NA,"cv_r2",-0.00326863914896786,0.0196078431372549,TRUE,NA,NA,"tnbc"
"T_cell","BHLHE40","rf",1200,106,0.893873025919215,0.892491756184303,NA,"oob_r2",-0.0266570086273988,0.0196078431372549,TRUE,0.89539763710104,0.8,"tnbc"
"T_cell","BHLHE40","lm",1200,106,NA,0.892243235678078,NA,"cv_r2",-0.0907888001276878,0.0196078431372549,TRUE,NA,NA,"tnbc"
"T_cell","BHLHE40","ridge",1200,106,NA,0.891664563949653,NA,"cv_r2",0.00047577962367859,0.0196078431372549,TRUE,NA,NA,"tnbc"
"T_cell","BHLHE40","spearman",1200,106,NA,0.508335932904069,NA,"cv_r2",0.00372240631538411,0.0196078431372549,TRUE,NA,NA,"tnbc"
"T_cell","GLI1","rf",1200,106,0.908678560532571,0.903166359012263,NA,"oob_r2",-0.0392572139122258,0.0196078431372549,TRUE,0.885179120728407,0.785185185185185,"tnbc"
"T_cell","GLI1","lm",1200,106,NA,0.914678807862233,NA,"cv_r2",-0.0902433901357967,0.0196078431372549,TRUE,NA,NA,"tnbc"
"T_cell","GLI1","ridge",1200,106,NA,0.915962157774157,NA,"cv_r2",-2.19330441755372e-07,0.0196078431372549,TRUE,NA,NA,"tnbc"
"T_cell","GLI1","spearman",1200,106,NA,0.487716704481563,NA,"cv_r2",0.00365784624945841,0.0196078431372549,TRUE,NA,NA,"tnbc"
"T_cell","MYBL1","rf",1200,106,0.911340661798138,0.910374504606747,NA,"oob_r2",-0.0298545572864862,0.0196078431372549,TRUE,0.893782961488833,0.874074074074074,"tnbc"
"T_cell","MYBL1","lm",1200,106,NA,0.894275848110844,NA,"cv_r2",-0.0883687456811304,0.0196078431372549,TRUE,NA,NA,"tnbc"
"T_cell","MYBL1","ridge",1200,106,NA,0.89725710010626,NA,"cv_r2",-0.000229480109004521,0.0196078431372549,TRUE,NA,NA,"tnbc"
"T_cell","MYBL1","spearman",1200,106,NA,0.616785089617912,NA,"cv_r2",0.00334391880062538,0.0196078431372549,TRUE,NA,NA,"tnbc"
"T_cell","IRF7","rf",1200,106,0.797520225972389,0.786020213079018,NA,"oob_r2",-0.0565942177258807,0.0196078431372549,TRUE,0.853459063517254,1,"tnbc"
"T_cell","IRF7","lm",1200,106,NA,0.770949882918715,NA,"cv_r2",-0.0902370083203719,0.0196078431372549,TRUE,NA,NA,"tnbc"
"T_cell","IRF7","ridge",1200,106,NA,0.776040154685344,NA,"cv_r2",-0.000825264202080567,0.0196078431372549,TRUE,NA,NA,"tnbc"
"T_cell","IRF7","spearman",1200,106,NA,0.39475508607929,NA,"cv_r2",-0.000135073940374801,0.0196078431372549,TRUE,NA,NA,"tnbc"
"T_cell","SMAD1","rf",1200,106,0.874851189279252,0.866313256762498,NA,"oob_r2",-0.045315421445079,0.0196078431372549,TRUE,0.863165030662826,0.82962962962963,"tnbc"
"T_cell","SMAD1","lm",1200,106,NA,0.822086165218921,NA,"cv_r2",-0.0889398822522777,0.0196078431372549,TRUE,NA,NA,"tnbc"
"T_cell","SMAD1","ridge",1200,106,NA,0.816942101567417,NA,"cv_r2",0.000593989239302527,0.0196078431372549,TRUE,NA,NA,"tnbc"
"T_cell","SMAD1","spearman",1200,106,NA,0.470331255757848,NA,"cv_r2",0.00106557940501751,0.0196078431372549,TRUE,NA,NA,"tnbc"
"T_cell","FOSB","rf",1200,106,0.911793864777066,0.911295707755337,NA,"oob_r2",-0.0297428097030895,0.0196078431372549,TRUE,0.888855189169067,1,"tnbc"
"T_cell","FOSB","lm",1200,106,NA,0.902760296668228,NA,"cv_r2",-0.0930584234045896,0.0196078431372549,TRUE,NA,NA,"tnbc"
"T_cell","FOSB","ridge",1200,106,NA,0.902916487974688,NA,"cv_r2",-0.000353324150853518,0.0196078431372549,TRUE,NA,NA,"tnbc"
"T_cell","FOSB","spearman",1200,106,NA,0.528135115234992,NA,"cv_r2",-0.00271659741142867,0.0196078431372549,TRUE,NA,NA,"tnbc"
"T_cell","MECOM","rf",1200,106,0.893621145339894,0.891135186283131,NA,"oob_r2",-0.0366295700838029,0.0196078431372549,TRUE,0.878120764793309,0.933333333333333,"tnbc"
"T_cell","MECOM","lm",1200,106,NA,0.88661221486818,NA,"cv_r2",-0.0956847508620879,0.0196078431372549,TRUE,NA,NA,"tnbc"
"T_cell","MECOM","ridge",1200,106,NA,0.888967570138667,NA,"cv_r2",-0.000616437893529376,0.0196078431372549,TRUE,NA,NA,"tnbc"
"T_cell","MECOM","spearman",1200,106,NA,0.562217501433043,NA,"cv_r2",-0.00160564187833364,0.0196078431372549,TRUE,NA,NA,"tnbc"
"T_cell","AR","rf",1200,106,0.926813298395881,0.924198069387648,NA,"oob_r2",-0.0359612452506246,0.0196078431372549,TRUE,0.876941386558738,0.933333333333333,"tnbc"
"T_cell","AR","lm",1200,106,NA,0.923478115079167,NA,"cv_r2",-0.0924697634518961,0.0196078431372549,TRUE,NA,NA,"tnbc"
"T_cell","AR","ridge",1200,106,NA,0.922140635541385,NA,"cv_r2",0.00051846861426113,0.0196078431372549,TRUE,NA,NA,"tnbc"
"T_cell","AR","spearman",1200,106,NA,0.620912866043417,NA,"cv_r2",0.000176222891517849,0.0196078431372549,TRUE,NA,NA,"tnbc"
"T_cell","EGR3","rf",1200,106,0.903504963251418,0.900635729329394,NA,"oob_r2",-0.0291192291898769,0.0196078431372549,TRUE,0.902246629328273,0.933333333333333,"tnbc"
"T_cell","EGR3","lm",1200,106,NA,0.892982660665172,NA,"cv_r2",-0.0901326476090771,0.0196078431372549,TRUE,NA,NA,"tnbc"
"T_cell","EGR3","ridge",1200,106,NA,0.891213011633007,NA,"cv_r2",0.000967909504690906,0.0196078431372549,TRUE,NA,NA,"tnbc"
"T_cell","EGR3","spearman",1200,106,NA,0.572081594656509,NA,"cv_r2",0.0036931216949071,0.0196078431372549,TRUE,NA,NA,"tnbc"
"T_cell","KLF6","rf",1200,106,0.921957980463744,0.922631063941378,NA,"oob_r2",-0.0337482958913854,0.0196078431372549,TRUE,0.887495332700764,1,"tnbc"
"T_cell","KLF6","lm",1200,106,NA,0.929824940355446,NA,"cv_r2",-0.0963458227822014,0.0196078431372549,TRUE,NA,NA,"tnbc"
"T_cell","KLF6","ridge",1200,106,NA,0.930054484166267,NA,"cv_r2",4.32118485378299e-05,0.0196078431372549,TRUE,NA,NA,"tnbc"
"T_cell","KLF6","spearman",1200,106,NA,0.555827483072979,NA,"cv_r2",0.00118418996271051,0.0196078431372549,TRUE,NA,NA,"tnbc"
"T_cell","BCL11A","rf",1200,106,0.907770186640505,0.901944412740501,NA,"oob_r2",-0.0469739833974857,0.0196078431372549,TRUE,0.85238134423816,0.881481481481481,"tnbc"
"T_cell","BCL11A","lm",1200,106,NA,0.899757407277235,NA,"cv_r2",-0.0978062957038679,0.0196078431372549,TRUE,NA,NA,"tnbc"
"T_cell","BCL11A","ridge",1200,106,NA,0.900851689960275,NA,"cv_r2",-0.00051033587128454,0.0196078431372549,TRUE,NA,NA,"tnbc"
"T_cell","BCL11A","spearman",1200,106,NA,0.596983302813514,NA,"cv_r2",0.00175559082261907,0.0196078431372549,TRUE,NA,NA,"tnbc"
"T_cell","JUND","rf",1200,106,0.922141082126015,0.922324072755552,NA,"oob_r2",-0.0316016204858209,0.0196078431372549,TRUE,0.893636294934126,0.77037037037037,"tnbc"
"T_cell","JUND","lm",1200,106,NA,0.932547163652763,NA,"cv_r2",-0.0942507900286751,0.0196078431372549,TRUE,NA,NA,"tnbc"
"T_cell","JUND","ridge",1200,106,NA,0.931852307959361,NA,"cv_r2",-0.000363510243357547,0.0196078431372549,TRUE,NA,NA,"tnbc"
"T_cell","JUND","spearman",1200,106,NA,0.565702809883863,NA,"cv_r2",-0.00343759896713099,0.0196078431372549,TRUE,NA,NA,"tnbc"
"T_cell","STAT1","rf",1200,106,0.88953113746262,0.887860353520889,NA,"oob_r2",-0.0340480379954881,0.0196078431372549,TRUE,0.890456429677026,1,"tnbc"
"T_cell","STAT1","lm",1200,106,NA,0.898137696443344,NA,"cv_r2",-0.095205351519807,0.0196078431372549,TRUE,NA,NA,"tnbc"
"T_cell","STAT1","ridge",1200,106,NA,0.899133123194212,NA,"cv_r2",-0.000253515594047194,0.0196078431372549,TRUE,NA,NA,"tnbc"
"T_cell","STAT1","spearman",1200,106,NA,0.430604213557782,NA,"cv_r2",-0.00420209313864766,0.0196078431372549,TRUE,NA,NA,"tnbc"
"T_cell","STAT3","rf",1200,106,0.931978033912817,0.934153160035315,NA,"oob_r2",-0.0325985291597858,0.0196078431372549,TRUE,0.873200381780879,1,"tnbc"
"T_cell","STAT3","lm",1200,106,NA,0.934199987915148,NA,"cv_r2",-0.0930946322908808,0.0196078431372549,TRUE,NA,NA,"tnbc"
"T_cell","STAT3","ridge",1200,106,NA,0.933147948121447,NA,"cv_r2",-0.000333152529581416,0.0196078431372549,TRUE,NA,NA,"tnbc"
"T_cell","STAT3","spearman",1200,106,NA,0.630768993258964,NA,"cv_r2",0.00405392591749431,0.0196078431372549,TRUE,NA,NA,"tnbc"
"T_cell","EGR4","rf",1200,106,0.903764786013701,0.900231289886649,NA,"oob_r2",-0.0342618232228931,0.0196078431372549,TRUE,0.8882394135577,1,"tnbc"
"T_cell","EGR4","lm",1200,106,NA,0.91325493739177,NA,"cv_r2",-0.096053418454398,0.0196078431372549,TRUE,NA,NA,"tnbc"
"T_cell","EGR4","ridge",1200,106,NA,0.913635025993743,NA,"cv_r2",-0.000107786034844226,0.0196078431372549,TRUE,NA,NA,"tnbc"
"T_cell","EGR4","spearman",1200,106,NA,0.559021807824812,NA,"cv_r2",0.000515635573709474,0.0196078431372549,TRUE,NA,NA,"tnbc"
"T_cell","ETV5","rf",1200,106,0.914841437858582,0.914661274053741,NA,"oob_r2",-0.0268440860586423,0.0196078431372549,TRUE,0.882387753902478,0.874074074074074,"tnbc"
"T_cell","ETV5","lm",1200,106,NA,0.913016835883867,NA,"cv_r2",-0.0973228618024195,0.0196078431372549,TRUE,NA,NA,"tnbc"
"T_cell","ETV5","ridge",1200,106,NA,0.910697015513037,NA,"cv_r2",0.0010607898823197,0.0196078431372549,TRUE,NA,NA,"tnbc"
"T_cell","ETV5","spearman",1200,106,NA,0.598729978952732,NA,"cv_r2",-0.00391267916270032,0.0196078431372549,TRUE,NA,NA,"tnbc"
"T_cell","EBF1","rf",1200,106,0.8929742288551,0.894775468514521,NA,"oob_r2",-0.0352386795840268,0.0196078431372549,TRUE,0.857638276612003,0.792592592592593,"tnbc"
"T_cell","EBF1","lm",1200,106,NA,0.888514721633451,NA,"cv_r2",-0.0930941589478093,0.0196078431372549,TRUE,NA,NA,"tnbc"
"T_cell","EBF1","ridge",1200,106,NA,0.890262134511452,NA,"cv_r2",1.88830858615455e-05,0.0196078431372549,TRUE,NA,NA,"tnbc"
"T_cell","EBF1","spearman",1200,106,NA,0.507506147380918,NA,"cv_r2",0.00235059117227573,0.0196078431372549,TRUE,NA,NA,"tnbc"
"T_cell","BHLHE41","rf",1200,106,0.912105645657593,0.910667219688193,NA,"oob_r2",-0.031111487841283,0.0196078431372549,TRUE,0.883833595037968,0.764021164021164,"tnbc"
"T_cell","BHLHE41","lm",1200,106,NA,0.910071968988535,NA,"cv_r2",-0.0967484535584058,0.0196078431372549,TRUE,NA,NA,"tnbc"
"T_cell","BHLHE41","ridge",1200,106,NA,0.908903989434575,NA,"cv_r2",-7.6019064952129e-05,0.0196078431372549,TRUE,NA,NA,"tnbc"
"T_cell","BHLHE41","spearman",1200,106,NA,0.500247456706926,NA,"cv_r2",-0.000565030414852369,0.0196078431372549,TRUE,NA,NA,"tnbc"
"T_cell","EHF","rf",1200,106,0.908440481566231,0.903466806069146,NA,"oob_r2",-0.0365004029768793,0.0196078431372549,TRUE,0.859682427723338,1,"tnbc"
"T_cell","EHF","lm",1200,106,NA,0.897859391685777,NA,"cv_r2",-0.0948716255866469,0.0196078431372549,TRUE,NA,NA,"tnbc"
"T_cell","EHF","ridge",1200,106,NA,0.896564086072285,NA,"cv_r2",0.000740120069404572,0.0196078431372549,TRUE,NA,NA,"tnbc"
"T_cell","EHF","spearman",1200,106,NA,0.564832634364371,NA,"cv_r2",0.00259243265633985,0.0196078431372549,TRUE,NA,NA,"tnbc"
"T_cell","PRDM1","rf",1200,106,0.926060489816459,0.925399171571246,NA,"oob_r2",-0.0331039526947015,0.0196078431372549,TRUE,0.898049950598002,0.933333333333333,"tnbc"
"T_cell","PRDM1","lm",1200,106,NA,0.924189494724104,NA,"cv_r2",-0.0950119982572734,0.0196078431372549,TRUE,NA,NA,"tnbc"
"T_cell","PRDM1","ridge",1200,106,NA,0.923769158777362,NA,"cv_r2",-0.00103702522275926,0.0196078431372549,TRUE,NA,NA,"tnbc"
"T_cell","PRDM1","spearman",1200,106,NA,0.58093711261919,NA,"cv_r2",0.000202983682636579,0.0196078431372549,TRUE,NA,NA,"tnbc"
"T_cell","CEBPB","rf",1200,106,0.906441129243889,0.903885102181187,NA,"oob_r2",-0.0406573814261541,0.0196078431372549,TRUE,0.89603737198165,0.792592592592593,"tnbc"
"T_cell","CEBPB","lm",1200,106,NA,0.908104461673702,NA,"cv_r2",-0.092534600380431,0.0196078431372549,TRUE,NA,NA,"tnbc"
"T_cell","CEBPB","ridge",1200,106,NA,0.907565450728607,NA,"cv_r2",-0.000397495611697885,0.0196078431372549,TRUE,NA,NA,"tnbc"
"T_cell","CEBPB","spearman",1200,106,NA,0.437953265367537,NA,"cv_r2",-0.00299953439832845,0.0196078431372549,TRUE,NA,NA,"tnbc"
"T_cell","IRF4","rf",1200,106,0.86720955220368,0.86229766184443,NA,"oob_r2",-0.0376939489421361,0.0196078431372549,TRUE,0.826943317854974,0.933333333333333,"tnbc"
"T_cell","IRF4","lm",1200,106,NA,0.847902261127933,NA,"cv_r2",-0.0932722126882279,0.0196078431372549,TRUE,NA,NA,"tnbc"
"T_cell","IRF4","ridge",1200,106,NA,0.847096871412417,NA,"cv_r2",0.000341909693245851,0.0196078431372549,TRUE,NA,NA,"tnbc"
"T_cell","IRF4","spearman",1200,106,NA,0.554090490692204,NA,"cv_r2",0.0026338753254959,0.0196078431372549,TRUE,NA,NA,"tnbc"
"T_cell","ZBTB7C","rf",1200,106,0.889126478975188,0.890258854566425,NA,"oob_r2",-0.0364652849740544,0.0196078431372549,TRUE,0.902232522468812,0.8,"tnbc"
"T_cell","ZBTB7C","lm",1200,106,NA,0.863692603388227,NA,"cv_r2",-0.0939238890047601,0.0196078431372549,TRUE,NA,NA,"tnbc"
"T_cell","ZBTB7C","ridge",1200,106,NA,0.859843872377267,NA,"cv_r2",-5.64602627441426e-05,0.0196078431372549,TRUE,NA,NA,"tnbc"
"T_cell","ZBTB7C","spearman",1200,106,NA,0.500712753531265,NA,"cv_r2",0.000829307708586105,0.0196078431372549,TRUE,NA,NA,"tnbc"
"T_cell","PAX5","rf",1200,106,0.916807041568667,0.916092704876575,NA,"oob_r2",-0.0344975890292074,0.0196078431372549,TRUE,0.91090197132165,1,"tnbc"
"T_cell","PAX5","lm",1200,106,NA,0.931674802929331,NA,"cv_r2",-0.0991464778691065,0.0196078431372549,TRUE,NA,NA,"tnbc"
"T_cell","PAX5","ridge",1200,106,NA,0.932089587602218,NA,"cv_r2",-0.000321421705838855,0.0196078431372549,TRUE,NA,NA,"tnbc"
"T_cell","PAX5","spearman",1200,106,NA,0.549244196011028,NA,"cv_r2",-0.0034952844022785,0.0196078431372549,TRUE,NA,NA,"tnbc"
"T_cell","RXRG","rf",1200,106,0.931456572296726,0.93114500715881,NA,"oob_r2",-0.0356716985815788,0.0196078431372549,TRUE,0.881522085352098,0.678306878306878,"tnbc"
"T_cell","RXRG","lm",1200,106,NA,0.93207361598864,NA,"cv_r2",-0.0907864998777664,0.0196078431372549,TRUE,NA,NA,"tnbc"
"T_cell","RXRG","ridge",1200,106,NA,0.931694397220505,NA,"cv_r2",0.000762556501286011,0.0196078431372549,TRUE,NA,NA,"tnbc"
"T_cell","RXRG","spearman",1200,106,NA,0.596851636590852,NA,"cv_r2",-0.00180160246236242,0.0196078431372549,TRUE,NA,NA,"tnbc"
"T_cell","BATF","rf",1200,106,0.91427503012573,0.915086775864868,NA,"oob_r2",-0.035417245485507,0.0196078431372549,TRUE,0.89971993405603,1,"tnbc"
"T_cell","BATF","lm",1200,106,NA,0.91377759961874,NA,"cv_r2",-0.0916915784074876,0.0196078431372549,TRUE,NA,NA,"tnbc"
"T_cell","BATF","ridge",1200,106,NA,0.912819602374731,NA,"cv_r2",-0.000143325008323854,0.0196078431372549,TRUE,NA,NA,"tnbc"
"T_cell","BATF","spearman",1200,106,NA,0.515680108031462,NA,"cv_r2",-0.00399304803543954,0.0196078431372549,TRUE,NA,NA,"tnbc"
"T_cell","MYC","rf",1200,106,0.916365167305904,0.918231804903864,NA,"oob_r2",-0.0348257405333906,0.0196078431372549,TRUE,0.915696064354149,0.682539682539683,"tnbc"
"T_cell","MYC","lm",1200,106,NA,0.932097321508134,NA,"cv_r2",-0.0983323448312964,0.0196078431372549,TRUE,NA,NA,"tnbc"
"T_cell","MYC","ridge",1200,106,NA,0.932178858298306,NA,"cv_r2",-0.000491409695359901,0.0196078431372549,TRUE,NA,NA,"tnbc"
"T_cell","MYC","spearman",1200,106,NA,0.543036214509667,NA,"cv_r2",-0.00503284737066829,0.0196078431372549,TRUE,NA,NA,"tnbc"
"T_cell","KLF4","rf",1200,106,0.901036350097609,0.901621458611586,NA,"oob_r2",-0.0271013481466353,0.0196078431372549,TRUE,0.896143285386805,0.785185185185185,"tnbc"
"T_cell","KLF4","lm",1200,106,NA,0.890620593089688,NA,"cv_r2",-0.100010417272916,0.0196078431372549,TRUE,NA,NA,"tnbc"
"T_cell","KLF4","ridge",1200,106,NA,0.88907780874914,NA,"cv_r2",-0.00049243189433499,0.0196078431372549,TRUE,NA,NA,"tnbc"
"T_cell","KLF4","spearman",1200,106,NA,0.537647305078998,NA,"cv_r2",-0.000846545503341416,0.0196078431372549,TRUE,NA,NA,"tnbc"
"T_cell","FOS","rf",1200,106,0.915713904184737,0.915796552963643,NA,"oob_r2",-0.0379523208398742,0.0196078431372549,TRUE,0.900984401284172,1,"tnbc"
"T_cell","FOS","lm",1200,106,NA,0.928159136398552,NA,"cv_r2",-0.101421206390247,0.0196078431372549,TRUE,NA,NA,"tnbc"
"T_cell","FOS","ridge",1200,106,NA,0.928853967033491,NA,"cv_r2",-0.000284435232364911,0.0196078431372549,TRUE,NA,NA,"tnbc"
"T_cell","FOS","spearman",1200,106,NA,0.580556616588894,NA,"cv_r2",-0.00239586354717722,0.0196078431372549,TRUE,NA,NA,"tnbc"
"T_cell","ERG","rf",1200,106,0.919282971450175,0.917103229768738,NA,"oob_r2",-0.0287178001747937,0.0196078431372549,TRUE,0.897293330310435,0.822222222222222,"tnbc"
"T_cell","ERG","lm",1200,106,NA,0.907553490179523,NA,"cv_r2",-0.0948011394735044,0.0196078431372549,TRUE,NA,NA,"tnbc"
"T_cell","ERG","ridge",1200,106,NA,0.905346348130338,NA,"cv_r2",-0.000469476364352074,0.0196078431372549,TRUE,NA,NA,"tnbc"
"T_cell","ERG","spearman",1200,106,NA,0.554810905143561,NA,"cv_r2",0.000210194199541712,0.0196078431372549,TRUE,NA,NA,"tnbc"
"T_cell","IRF1","rf",1200,106,0.903398158963027,0.900124956854498,NA,"oob_r2",-0.0321672751326009,0.0196078431372549,TRUE,0.894928975881189,0.881481481481481,"tnbc"
"T_cell","IRF1","lm",1200,106,NA,0.917528434197856,NA,"cv_r2",-0.10004317080783,0.0196078431372549,TRUE,NA,NA,"tnbc"
"T_cell","IRF1","ridge",1200,106,NA,0.916238973664162,NA,"cv_r2",-0.000405516479427038,0.0196078431372549,TRUE,NA,NA,"tnbc"
"T_cell","IRF1","spearman",1200,106,NA,0.629180186345324,NA,"cv_r2",-0.00426957701553356,0.0196078431372549,TRUE,NA,NA,"tnbc"
"T_cell","EGR1","rf",1200,106,0.905892412612753,0.904866338105507,NA,"oob_r2",-0.0266892293160633,0.0196078431372549,TRUE,0.90760074228951,0.814814814814815,"tnbc"
"T_cell","EGR1","lm",1200,106,NA,0.9046731123402,NA,"cv_r2",-0.103037773224944,0.0196078431372549,TRUE,NA,NA,"tnbc"
"T_cell","EGR1","ridge",1200,106,NA,0.903022711008317,NA,"cv_r2",-0.000108189713052365,0.0196078431372549,TRUE,NA,NA,"tnbc"
"T_cell","EGR1","spearman",1200,106,NA,0.608937603827836,NA,"cv_r2",-0.00398757296833039,0.0196078431372549,TRUE,NA,NA,"tnbc"
"T_cell","SPI1","rf",1200,106,0.916030984902218,0.913476955387179,NA,"oob_r2",-0.0367639591899067,0.0196078431372549,TRUE,0.86088733265598,0.844444444444444,"tnbc"
"T_cell","SPI1","lm",1200,106,NA,0.91772361657608,NA,"cv_r2",-0.0994544710500801,0.0196078431372549,TRUE,NA,NA,"tnbc"
"T_cell","SPI1","ridge",1200,106,NA,0.91816336747896,NA,"cv_r2",-0.000414506481201316,0.0196078431372549,TRUE,NA,NA,"tnbc"
"T_cell","SPI1","spearman",1200,106,NA,0.516121061146633,NA,"cv_r2",-0.000800029715284766,0.0196078431372549,TRUE,NA,NA,"tnbc"
"T_cell","FOXA1","rf",1200,106,0.909863835580395,0.90647080889196,NA,"oob_r2",-0.0362609276703009,0.0196078431372549,TRUE,0.88557366495649,0.933333333333333,"tnbc"
"T_cell","FOXA1","lm",1200,106,NA,0.911476805560673,NA,"cv_r2",-0.0944762664496753,0.0196078431372549,TRUE,NA,NA,"tnbc"
"T_cell","FOXA1","ridge",1200,106,NA,0.91123285368385,NA,"cv_r2",-0.00029039224369606,0.0196078431372549,TRUE,NA,NA,"tnbc"
"T_cell","FOXA1","spearman",1200,106,NA,0.527320918922438,NA,"cv_r2",0.00266739843524062,0.0196078431372549,TRUE,NA,NA,"tnbc"
"T_cell","KLF2","rf",1200,106,0.923421509919938,0.923031195612274,NA,"oob_r2",-0.0336192959761045,0.0196078431372549,TRUE,0.890914342813479,0.82962962962963,"tnbc"
"T_cell","KLF2","lm",1200,106,NA,0.93182353813353,NA,"cv_r2",-0.094510235650417,0.0196078431372549,TRUE,NA,NA,"tnbc"
"T_cell","KLF2","ridge",1200,106,NA,0.931712603523461,NA,"cv_r2",-0.000717688738582867,0.0196078431372549,TRUE,NA,NA,"tnbc"
"T_cell","KLF2","spearman",1200,106,NA,0.595476100848753,NA,"cv_r2",-0.00335188880024941,0.0196078431372549,TRUE,NA,NA,"tnbc"
"T_cell","NANOG","rf",1200,106,0.934157733676353,0.931751986122042,NA,"oob_r2",-0.0344882916226051,0.0196078431372549,TRUE,0.85378061034559,1,"tnbc"
"T_cell","NANOG","lm",1200,106,NA,0.938879734313441,NA,"cv_r2",-0.0969823774293166,0.0196078431372549,TRUE,NA,NA,"tnbc"
"T_cell","NANOG","ridge",1200,106,NA,0.938153121408254,NA,"cv_r2",-0.000635095107733331,0.0196078431372549,TRUE,NA,NA,"tnbc"
"T_cell","NANOG","spearman",1200,106,NA,0.553179703473443,NA,"cv_r2",-0.00175476703054744,0.0196078431372549,TRUE,NA,NA,"tnbc"
