"cluster","tf","method","n_obs","n_pred","oob_r2","cv_r2","lodo_r2","null_metric","null_q95","p_perm","beats_null","imp_stability_spearman","imp_top5_jaccard"
"B_naive","CEBPZ","rf",314,50,0.755560180850226,0.750589665904777,0.556747012891475,"oob_r2",-0.0112446224280077,0.0196078431372549,TRUE,0.86615873015873,0.652116402116402
"B_naive","CEBPZ","lm",314,50,NA,0.646121513016796,0.415661397914393,"cv_r2",-0.163030444443625,0.0196078431372549,TRUE,NA,NA
"B_naive","CEBPZ","ridge",314,50,NA,0.698486692967201,0.465880093986972,"cv_r2",0.012525847484927,0.0196078431372549,TRUE,NA,NA
"B_naive","CEBPZ","spearman",314,50,NA,0.447437425799666,0.113562268696843,"cv_r2",0.0061674981778366,0.0196078431372549,TRUE,NA,NA
"B_naive","JUN","rf",314,50,0.538277129864893,0.551866457710436,0.107840181789442,"oob_r2",-0.0283759548729344,0.0196078431372549,TRUE,0.868581032412965,0.933333333333333
"B_naive","JUN","lm",314,50,NA,0.515298865938116,0.320374643347914,"cv_r2",-0.188030848557503,0.0196078431372549,TRUE,NA,NA
"B_naive","JUN","ridge",314,50,NA,0.547886184286451,0.311650482450777,"cv_r2",0.00134086808170241,0.0196078431372549,TRUE,NA,NA
"B_naive","JUN","spearman",314,50,NA,0.286903696331286,0.104203109726611,"cv_r2",-0.00119938640746285,0.0196078431372549,TRUE,NA,NA
"B_naive","FOSB","rf",314,50,0.542193125397663,0.537624422372247,0.0772768832442248,"oob_r2",-0.0475631325290983,0.0196078431372549,TRUE,0.873647592370281,0.8
"B_naive","FOSB","lm",314,50,NA,0.488180395512141,0.285134175295918,"cv_r2",-0.205125271492668,0.0196078431372549,TRUE,NA,NA
"B_naive","FOSB","ridge",314,50,NA,0.542746562364482,0.329633327426071,"cv_r2",0.00266245816435926,0.0196078431372549,TRUE,NA,NA
"B_naive","FOSB","spearman",314,50,NA,0.28593371489145,0.0539417704330744,"cv_r2",0.0123998355522136,0.0196078431372549,TRUE,NA,NA
"B_naive","HMGN3","rf",314,50,0.73613282955364,0.681482019806169,0.325628840412193,"oob_r2",-0.0463450782327861,0.0196078431372549,TRUE,0.869372815792984,0.596825396825397
"B_naive","HMGN3","lm",314,50,NA,0.577872464627203,0.210076043030322,"cv_r2",-0.203718468324938,0.0196078431372549,TRUE,NA,NA
"B_naive","HMGN3","ridge",314,50,NA,0.643947375301094,0.336350817485234,"cv_r2",-0.00204705369947018,0.0196078431372549,TRUE,NA,NA
"B_naive","HMGN3","spearman",314,50,NA,0.332022375321988,0.153572404028361,"cv_r2",0.0170224016470366,0.0196078431372549,TRUE,NA,NA
"B_naive","HES1","rf",314,50,0.604587851758633,0.573668905736963,0.310667390965054,"oob_r2",-0.0477466833758125,0.0196078431372549,TRUE,0.86807096171802,0.785185185185185
"B_naive","HES1","lm",314,50,NA,0.46219657660598,0.278393223241176,"cv_r2",-0.20688277196881,0.0196078431372549,TRUE,NA,NA
"B_naive","HES1","ridge",314,50,NA,0.516982849414858,0.37291683442816,"cv_r2",-0.00203560745119431,0.0196078431372549,TRUE,NA,NA
"B_naive","HES1","spearman",314,50,NA,0.301618905317854,0.0745796218537149,"cv_r2",0.00768162440443582,0.0196078431372549,TRUE,NA,NA
"B_naive","JUNB","rf",314,50,0.543738402381442,0.54013961750233,0.11319124259876,"oob_r2",-0.0492461899744385,0.0196078431372549,TRUE,0.829800720288115,0.792592592592593
"B_naive","JUNB","lm",314,50,NA,0.503073637560528,0.267729460387801,"cv_r2",-0.225328879437421,0.0196078431372549,TRUE,NA,NA
"B_naive","JUNB","ridge",314,50,NA,0.537343845648056,0.325951000058781,"cv_r2",-0.000354345765703034,0.0196078431372549,TRUE,NA,NA
"B_naive","JUNB","spearman",314,50,NA,0.317768242952985,-0.00949479288184651,"cv_r2",0.000221488203958839,0.0196078431372549,TRUE,NA,NA
"B_naive","MBD2","rf",314,50,0.664150268406863,0.661403421260829,0.486335609716707,"oob_r2",-0.0704154361430187,0.0196078431372549,TRUE,0.84356195811658,1
"B_naive","MBD2","lm",314,50,NA,0.476083291874786,0.395470892656253,"cv_r2",-0.183808327310083,0.0196078431372549,TRUE,NA,NA
"B_naive","MBD2","ridge",314,50,NA,0.573707985936332,0.478427596456318,"cv_r2",-0.00214068431606973,0.0196078431372549,TRUE,NA,NA
"B_naive","MBD2","spearman",314,50,NA,0.49190161172322,0.452605482548559,"cv_r2",0.0119180481996343,0.0196078431372549,TRUE,NA,NA
"B_naive","NR4A2","rf",314,50,0.705282184471605,0.708721570583517,0.531228703901228,"oob_r2",-0.040000581568317,0.0196078431372549,TRUE,0.886732292917167,0.82962962962963
"B_naive","NR4A2","lm",314,50,NA,0.632517933600974,0.426389000885207,"cv_r2",-0.20822980421102,0.0196078431372549,TRUE,NA,NA
"B_naive","NR4A2","ridge",314,50,NA,0.679753956718905,0.5883758558542,"cv_r2",-0.000147101466914335,0.0196078431372549,TRUE,NA,NA
"B_naive","NR4A2","spearman",314,50,NA,0.290593142727246,0.228464938831625,"cv_r2",0.018291392737235,0.0196078431372549,TRUE,NA,NA
"B_naive","FOS","rf",314,50,0.513198646710465,0.498347693284256,-0.0290357142068671,"oob_r2",-0.0399919568325891,0.0196078431372549,TRUE,0.833057489662532,0.785185185185185
"B_naive","FOS","lm",314,50,NA,0.400299331316969,0.110374126126217,"cv_r2",-0.202987850127901,0.0196078431372549,TRUE,NA,NA
"B_naive","FOS","ridge",314,50,NA,0.443478257363099,0.152473575220842,"cv_r2",0.00139594219195534,0.0196078431372549,TRUE,NA,NA
"B_naive","FOS","spearman",314,50,NA,0.285988210753808,-0.0323563903303026,"cv_r2",-0.0056887433323516,0.0196078431372549,TRUE,NA,NA
"B_naive","POU2F2","rf",314,50,0.912535947839018,0.907848131788543,0.817958760744947,"oob_r2",-0.0482182215108287,0.0196078431372549,TRUE,0.813420835000667,0.744973544973545
"B_naive","POU2F2","lm",314,50,NA,0.857157062582449,0.768657757672256,"cv_r2",-0.177822745304056,0.0196078431372549,TRUE,NA,NA
"B_naive","POU2F2","ridge",314,50,NA,0.904374483433914,0.84934074677959,"cv_r2",0.0148300015275217,0.0196078431372549,TRUE,NA,NA
"B_naive","POU2F2","spearman",314,50,NA,0.186298709332032,0.0852059526758591,"cv_r2",0.00686892454687127,0.0196078431372549,TRUE,NA,NA
"B_naive","MYBL2","rf",314,50,0.704545461879341,0.665638802555521,0.283411801663481,"oob_r2",-0.042948921337401,0.0196078431372549,TRUE,0.84884193677471,0.520634920634921
"B_naive","MYBL2","lm",314,50,NA,0.559824188561146,0.0684510551513513,"cv_r2",-0.185135053171425,0.0196078431372549,TRUE,NA,NA
"B_naive","MYBL2","ridge",314,50,NA,0.625865249662965,0.257867690384979,"cv_r2",-0.00189967919263663,0.0196078431372549,TRUE,NA,NA
"B_naive","MYBL2","spearman",314,50,NA,0.223136692782805,-0.00301355636704215,"cv_r2",-0.00119895115724405,0.0196078431372549,TRUE,NA,NA
"B_naive","MAZ","rf",314,50,0.65787260631451,0.6581101134883,-0.0488381733891039,"oob_r2",-0.0566065938635579,0.0196078431372549,TRUE,0.838734427104175,0.755555555555556
"B_naive","MAZ","lm",314,50,NA,0.530659699961822,0.00480460840061159,"cv_r2",-0.189808273089613,0.0196078431372549,TRUE,NA,NA
"B_naive","MAZ","ridge",314,50,NA,0.589945358972649,0.092813285091124,"cv_r2",-0.00169490312747105,0.0196078431372549,TRUE,NA,NA
"B_naive","MAZ","spearman",314,50,NA,0.295489105216332,-0.687035151738913,"cv_r2",0.00253589765992557,0.0196078431372549,TRUE,NA,NA
"B_naive","ZNF331","rf",314,50,0.799654332383491,0.799716291931325,0.696545254426822,"oob_r2",-0.047315363625316,0.0196078431372549,TRUE,0.80599599839936,0.811640211640212
"B_naive","ZNF331","lm",314,50,NA,0.742126108319656,0.651454435772379,"cv_r2",-0.179485450606773,0.0196078431372549,TRUE,NA,NA
"B_naive","ZNF331","ridge",314,50,NA,0.780616531707085,0.727787191327741,"cv_r2",0.000902955222610442,0.0196078431372549,TRUE,NA,NA
"B_naive","ZNF331","spearman",314,50,NA,0.211607282761512,0.0591674716838437,"cv_r2",0.00822309783561729,0.0196078431372549,TRUE,NA,NA
"B_naive","REL","rf",314,50,0.868063491861213,0.862743674007794,0.692547562800144,"oob_r2",-0.0347523619234282,0.0196078431372549,TRUE,0.829890356142457,0.792592592592593
"B_naive","REL","lm",314,50,NA,0.855397450834253,0.724927903542362,"cv_r2",-0.175079556737337,0.0196078431372549,TRUE,NA,NA
"B_naive","REL","ridge",314,50,NA,0.866401760045904,0.776880982625703,"cv_r2",0.0100296993565584,0.0196078431372549,TRUE,NA,NA
"B_naive","REL","spearman",314,50,NA,0.357898480278155,-0.0474964169735779,"cv_r2",0.028446913789986,0.0196078431372549,TRUE,NA,NA
"B_naive","GTF2I","rf",314,50,0.681615083500233,0.674270623078336,0.529251958681091,"oob_r2",-0.0457972462229302,0.0196078431372549,TRUE,0.88178097905829,0.82962962962963
"B_naive","GTF2I","lm",314,50,NA,0.599703070667247,0.38245458068014,"cv_r2",-0.198330354814378,0.0196078431372549,TRUE,NA,NA
"B_naive","GTF2I","ridge",314,50,NA,0.639678084625054,0.520625582492219,"cv_r2",-0.00146148602146227,0.0196078431372549,TRUE,NA,NA
"B_naive","GTF2I","spearman",314,50,NA,0.201139096972322,0.12443934883411,"cv_r2",0.010435227521781,0.0196078431372549,TRUE,NA,NA
"B_naive","TCF4","rf",314,50,0.827804586262407,0.825551161429037,0.734992830618457,"oob_r2",-0.0457601366235625,0.0196078431372549,TRUE,0.823532613045218,0.769312169312169
"B_naive","TCF4","lm",314,50,NA,0.821931828106719,0.712035045015466,"cv_r2",-0.191688730585106,0.0196078431372549,TRUE,NA,NA
"B_naive","TCF4","ridge",314,50,NA,0.828732923623071,0.756192044331278,"cv_r2",0.00584157963096491,0.0196078431372549,TRUE,NA,NA
"B_naive","TCF4","spearman",314,50,NA,0.231596907348939,0.0843512661986454,"cv_r2",0.00863400345559307,0.0196078431372549,TRUE,NA,NA
"B_naive","ZKSCAN1","rf",314,50,0.501145833712619,0.422032639327327,-0.37301981167665,"oob_r2",-0.0510442982925556,0.0196078431372549,TRUE,0.872475923702814,0.8
"B_naive","ZKSCAN1","lm",314,50,NA,0.0461720849063811,-1.10736171040155,"cv_r2",-0.176650286373889,0.0196078431372549,TRUE,NA,NA
"B_naive","ZKSCAN1","ridge",314,50,NA,0.224756881100047,-0.65537622305797,"cv_r2",0.00978613084461874,0.0196078431372549,TRUE,NA,NA
"B_naive","ZKSCAN1","spearman",314,50,NA,0.0603880642277548,-0.688782482854917,"cv_r2",0.00934912222368237,0.0196078431372549,TRUE,NA,NA
"B_naive","MEF2A","rf",314,50,0.887199468253742,0.876002453100716,0.727247895197641,"oob_r2",-0.0365383780424815,0.0196078431372549,TRUE,0.850436174469788,0.881481481481482
"B_naive","MEF2A","lm",314,50,NA,0.836598564274221,0.764339593665828,"cv_r2",-0.190391548557082,0.0196078431372549,TRUE,NA,NA
"B_naive","MEF2A","ridge",314,50,NA,0.847996712826747,0.782231931617503,"cv_r2",0.0115758653386678,0.0196078431372549,TRUE,NA,NA
"B_naive","MEF2A","spearman",314,50,NA,0.292491662618679,0.159188979986847,"cv_r2",0.0102603577137755,0.0196078431372549,TRUE,NA,NA
"B_naive","E2F1","rf",314,50,0.88809065576438,0.883146101766315,0.687060689222909,"oob_r2",-0.0367047497648713,0.0196078431372549,TRUE,0.824313725490196,0.77037037037037
"B_naive","E2F1","lm",314,50,NA,0.858067588050279,0.737667980496215,"cv_r2",-0.18416835611932,0.0196078431372549,TRUE,NA,NA
"B_naive","E2F1","ridge",314,50,NA,0.870869421350467,0.756564391417119,"cv_r2",0.0112165296878879,0.0196078431372549,TRUE,NA,NA
"B_naive","E2F1","spearman",314,50,NA,0.340874227972822,0.152027223273171,"cv_r2",0.00928861417501863,0.0196078431372549,TRUE,NA,NA
"B_naive","TFEC","rf",314,50,0.611952271862602,0.599994410876832,0.403107796430371,"oob_r2",-0.0286883009459649,0.0196078431372549,TRUE,0.870960650927037,0.66031746031746
"B_naive","TFEC","lm",314,50,NA,0.492765432563799,0.292884814626193,"cv_r2",-0.170058777323758,0.0196078431372549,TRUE,NA,NA
"B_naive","TFEC","ridge",314,50,NA,0.533244129298486,0.432159389937346,"cv_r2",9.56159356402061e-05,0.0196078431372549,TRUE,NA,NA
"B_naive","TFEC","spearman",314,50,NA,0.293612547788903,0.258772206991321,"cv_r2",0.0121209561613881,0.0196078431372549,TRUE,NA,NA
"B_naive","IRF8","rf",314,50,0.8274655124021,0.830791969388398,0.700736468815586,"oob_r2",-0.0410042053798961,0.0196078431372549,TRUE,0.859209817260237,0.670899470899471
"B_naive","IRF8","lm",314,50,NA,0.706911055929168,0.518552506093628,"cv_r2",-0.199335766775131,0.0196078431372549,TRUE,NA,NA
"B_naive","IRF8","ridge",314,50,NA,0.79577280819418,0.690689234210187,"cv_r2",0.00115705767790559,0.0196078431372549,TRUE,NA,NA
"B_naive","IRF8","spearman",314,50,NA,0.366008457252161,0.160154128334711,"cv_r2",0.00876878229453615,0.0196078431372549,TRUE,NA,NA
"B_naive","KLF10","rf",314,50,0.454350049256931,0.466765481854968,-0.00392567475336913,"oob_r2",-0.0374725540734261,0.0196078431372549,TRUE,0.855464319060958,0.757671957671958
"B_naive","KLF10","lm",314,50,NA,0.264746600621725,-0.100978282698586,"cv_r2",-0.20267866805007,0.0196078431372549,TRUE,NA,NA
"B_naive","KLF10","ridge",314,50,NA,0.374733333080706,0.0966053368332468,"cv_r2",-0.00209473340662763,0.0196078431372549,TRUE,NA,NA
"B_naive","KLF10","spearman",314,50,NA,0.198108500092257,-0.178794557275855,"cv_r2",-0.00169687448675382,0.0196078431372549,TRUE,NA,NA
"B_naive","ITGB2","rf",314,50,0.833637537485237,0.832101431105402,0.775776698072184,"oob_r2",-0.0481321197593573,0.0196078431372549,TRUE,0.829890356142457,0.77037037037037
"B_naive","ITGB2","lm",314,50,NA,0.808676296604393,0.751457504659019,"cv_r2",-0.192995817304753,0.0196078431372549,TRUE,NA,NA
"B_naive","ITGB2","ridge",314,50,NA,0.827577915078193,0.805623295680172,"cv_r2",0.00295602039554498,0.0196078431372549,TRUE,NA,NA
"B_naive","ITGB2","spearman",314,50,NA,0.290046118636938,-0.0256078312944457,"cv_r2",0.00563531895513124,0.0196078431372549,TRUE,NA,NA
"B_naive","ZNF148","rf",314,50,0.779903023242938,0.774500812604562,0.555282086442887,"oob_r2",-0.0567648233734329,0.0196078431372549,TRUE,0.855082299586501,0.762962962962963
"B_naive","ZNF148","lm",314,50,NA,0.679267405212172,0.535304346235989,"cv_r2",-0.154028142014194,0.0196078431372549,TRUE,NA,NA
"B_naive","ZNF148","ridge",314,50,NA,0.73285523340436,0.609629298196714,"cv_r2",-0.000280784278342395,0.0196078431372549,TRUE,NA,NA
"B_naive","ZNF148","spearman",314,50,NA,0.583340480408588,0.186026828827879,"cv_r2",-0.000601155809516643,0.0196078431372549,TRUE,NA,NA
"B_naive","RFX2","rf",314,50,0.588332750506207,0.567271465496728,0.287462888271172,"oob_r2",-0.0439373748204164,0.0196078431372549,TRUE,0.896718153928238,0.495502645502645
"B_naive","RFX2","lm",314,50,NA,0.409450821021344,0.0331772090441458,"cv_r2",-0.209937527611075,0.0196078431372549,TRUE,NA,NA
"B_naive","RFX2","ridge",314,50,NA,0.496725629077287,0.325040597136801,"cv_r2",-0.00245435182627559,0.0196078431372549,TRUE,NA,NA
"B_naive","RFX2","spearman",314,50,NA,0.114454866269474,-0.221210799246519,"cv_r2",0.0116613172585192,0.0196078431372549,TRUE,NA,NA
"B_naive","KLF3","rf",314,50,0.775683569478663,0.766000522067543,0.510600111530646,"oob_r2",-0.0670027678754865,0.0196078431372549,TRUE,0.841173802854475,0.844444444444444
"B_naive","KLF3","lm",314,50,NA,0.593256260340157,0.439514585785716,"cv_r2",-0.199833109858585,0.0196078431372549,TRUE,NA,NA
"B_naive","KLF3","ridge",314,50,NA,0.712454321198339,0.511435492304743,"cv_r2",0.00527829788679233,0.0196078431372549,TRUE,NA,NA
"B_naive","KLF3","spearman",314,50,NA,0.354227406582087,0.0291044726554773,"cv_r2",0.0124918964505183,0.0196078431372549,TRUE,NA,NA
"B_naive","ID1","rf",314,50,0.544972779863551,0.499879446867005,0.29002591353787,"oob_r2",-0.0189553572435817,0.0196078431372549,TRUE,0.886975590236094,0.816931216931217
"B_naive","ID1","lm",314,50,NA,0.267698948649311,-0.00270553663609308,"cv_r2",-0.185160868874997,0.0196078431372549,TRUE,NA,NA
"B_naive","ID1","ridge",314,50,NA,0.405428074444817,0.258985826539748,"cv_r2",0.00275207348006023,0.0196078431372549,TRUE,NA,NA
"B_naive","ID1","spearman",314,50,NA,0.132116243507008,0.0642239832157899,"cv_r2",0.00888826569292011,0.0196078431372549,TRUE,NA,NA
"B_naive","SMARCA5","rf",314,50,0.878254706407693,0.877712499367773,0.822057772752062,"oob_r2",-0.0588686960939544,0.0196078431372549,TRUE,0.802455382152861,0.713227513227513
"B_naive","SMARCA5","lm",314,50,NA,0.825579356584518,0.81364568802632,"cv_r2",-0.19307563551069,0.0196078431372549,TRUE,NA,NA
"B_naive","SMARCA5","ridge",314,50,NA,0.853794022187644,0.85565595418236,"cv_r2",0.0085166355534895,0.0196078431372549,TRUE,NA,NA
"B_naive","SMARCA5","spearman",314,50,NA,0.0693602290149836,0.297583448254601,"cv_r2",0.00227491198654922,0.0196078431372549,TRUE,NA,NA
"B_naive","MEF2D","rf",314,50,0.812183013102059,0.802663777162188,0.71014723440472,"oob_r2",-0.0553134328983563,0.0196078431372549,TRUE,0.851526744030946,0.874074074074074
"B_naive","MEF2D","lm",314,50,NA,0.69056622776093,0.629483068747368,"cv_r2",-0.194383532941724,0.0196078431372549,TRUE,NA,NA
"B_naive","MEF2D","ridge",314,50,NA,0.793711777975713,0.75359547714436,"cv_r2",0.00951275855808421,0.0196078431372549,TRUE,NA,NA
"B_naive","MEF2D","spearman",314,50,NA,0.33190684603847,0.19030279814278,"cv_r2",0.0131769381756474,0.0196078431372549,TRUE,NA,NA
"B_naive","KLF9","rf",314,50,0.873562092412498,0.874577700645162,0.731192250377055,"oob_r2",-0.0303587415700384,0.0196078431372549,TRUE,0.801428838201947,0.755555555555556
"B_naive","KLF9","lm",314,50,NA,0.808788541336501,0.65494564999322,"cv_r2",-0.176850848229708,0.0196078431372549,TRUE,NA,NA
"B_naive","KLF9","ridge",314,50,NA,0.85665690219384,0.776107809374152,"cv_r2",0.00368381512305699,0.0196078431372549,TRUE,NA,NA
"B_naive","KLF9","spearman",314,50,NA,0.709493743703045,-0.0300450190836468,"cv_r2",0.00213826408023624,0.0196078431372549,TRUE,NA,NA
"B_naive","BHLHE41","rf",314,50,0.402939804976431,0.371412400336016,-0.217856530510363,"oob_r2",-0.0479238387943218,0.0196078431372549,TRUE,0.854254235027344,1
"B_naive","BHLHE41","lm",314,50,NA,0.176576857729072,-0.384307930849565,"cv_r2",-0.186463356010071,0.0196078431372549,TRUE,NA,NA
"B_naive","BHLHE41","ridge",314,50,NA,0.316382602254646,-0.113387441424323,"cv_r2",0.005956891294854,0.0196078431372549,TRUE,NA,NA
"B_naive","BHLHE41","spearman",314,50,NA,0.226181058295363,-0.201022711597552,"cv_r2",0.00446294682289422,0.0196078431372549,TRUE,NA,NA
"B_naive","KLF13","rf",314,50,0.491747779983906,0.470940328430754,0.112828112892068,"oob_r2",-0.049996634463883,0.0196078431372549,TRUE,0.79955929038282,0.755555555555556
"B_naive","KLF13","lm",314,50,NA,0.362760879025278,0.135476889699855,"cv_r2",-0.202613151766187,0.0196078431372549,TRUE,NA,NA
"B_naive","KLF13","ridge",314,50,NA,0.424306853714673,0.205499185834072,"cv_r2",0.000471609732149217,0.0196078431372549,TRUE,NA,NA
"B_naive","KLF13","spearman",314,50,NA,0.225090085834559,0.0262528343692147,"cv_r2",0.0161785954686096,0.0196078431372549,TRUE,NA,NA
"B_naive","HIF1A","rf",314,50,0.822435656074419,0.809902269339212,0.700499428054576,"oob_r2",-0.0372660055529236,0.0196078431372549,TRUE,0.79409577164199,0.767195767195767
"B_naive","HIF1A","lm",314,50,NA,0.769447073125961,0.572944435407893,"cv_r2",-0.178234053334558,0.0196078431372549,TRUE,NA,NA
"B_naive","HIF1A","ridge",314,50,NA,0.804403760484862,0.724831777129152,"cv_r2",0.00192629949382397,0.0196078431372549,TRUE,NA,NA
"B_naive","HIF1A","spearman",314,50,NA,0.542328376272173,0.497387628524137,"cv_r2",0.0131142434296512,0.0196078431372549,TRUE,NA,NA
"B_naive","RFX3","rf",314,50,0.796238737589258,0.791190776732791,0.672134488150407,"oob_r2",-0.0496875061147924,0.0196078431372549,TRUE,0.841971988795518,0.874074074074074
"B_naive","RFX3","lm",314,50,NA,0.724129456475556,0.690925731101911,"cv_r2",-0.183504860136736,0.0196078431372549,TRUE,NA,NA
"B_naive","RFX3","ridge",314,50,NA,0.772297263803127,0.73708458660249,"cv_r2",0.00747473340483571,0.0196078431372549,TRUE,NA,NA
"B_naive","RFX3","spearman",314,50,NA,0.736635846246143,0.699382573882595,"cv_r2",0.0298537856592259,0.0196078431372549,TRUE,NA,NA
"B_naive","LYL1","rf",314,50,0.798845352258719,0.800470873420813,0.687027039504944,"oob_r2",-0.0736098547939127,0.0196078431372549,TRUE,0.836207549686541,0.534391534391534
"B_naive","LYL1","lm",314,50,NA,0.755784878344967,0.645686369040135,"cv_r2",-0.207285659448957,0.0196078431372549,TRUE,NA,NA
"B_naive","LYL1","ridge",314,50,NA,0.787154313494297,0.694578076435343,"cv_r2",0.00019960451560812,0.0196078431372549,TRUE,NA,NA
"B_naive","LYL1","spearman",314,50,NA,0.392967423688482,0.315794713788867,"cv_r2",-0.00750117071406109,0.0196078431372549,TRUE,NA,NA
"B_naive","CEBPD","rf",314,50,0.878494226384771,0.876998452341929,0.797750952473536,"oob_r2",-0.0549817687139831,0.0196078431372549,TRUE,0.794409497132186,0.686772486772487
"B_naive","CEBPD","lm",314,50,NA,0.85187360174123,0.757127337073733,"cv_r2",-0.196091491674954,0.0196078431372549,TRUE,NA,NA
"B_naive","CEBPD","ridge",314,50,NA,0.854241001049032,0.806047934272979,"cv_r2",-0.00032846319045098,0.0196078431372549,TRUE,NA,NA
"B_naive","CEBPD","spearman",314,50,NA,0.63942867675799,0.235640935322803,"cv_r2",0.00326879981225568,0.0196078431372549,TRUE,NA,NA
"B_naive","XBP1","rf",314,50,0.889842172440855,0.88810144003213,0.830596961522272,"oob_r2",-0.0536425826061174,0.0196078431372549,TRUE,0.786197145524877,0.874074074074074
"B_naive","XBP1","lm",314,50,NA,0.851512315715219,0.798470713010477,"cv_r2",-0.188506675362493,0.0196078431372549,TRUE,NA,NA
"B_naive","XBP1","ridge",314,50,NA,0.88661825321929,0.875890147339093,"cv_r2",0.00867474515244952,0.0196078431372549,TRUE,NA,NA
"B_naive","XBP1","spearman",314,50,NA,0.816650923053899,0.261575330941092,"cv_r2",0.00182833048323338,0.0196078431372549,TRUE,NA,NA
"B_naive","ENO1","rf",314,50,0.907290262399642,0.902201824106318,0.839586575402992,"oob_r2",-0.0344336293925815,0.0196078431372549,TRUE,0.815717220221422,0.8
"B_naive","ENO1","lm",314,50,NA,0.875195224556027,0.836229585241991,"cv_r2",-0.208073445236698,0.0196078431372549,TRUE,NA,NA
"B_naive","ENO1","ridge",314,50,NA,0.888823522243424,0.874074058720583,"cv_r2",0.00419085878057834,0.0196078431372549,TRUE,NA,NA
"B_naive","ENO1","spearman",314,50,NA,0.807485090320043,0.22399163481572,"cv_r2",0.000182569070659193,0.0196078431372549,TRUE,NA,NA
"B_naive","ID2","rf",314,50,0.946121941778126,0.940336225852997,0.889982212327162,"oob_r2",-0.0493096957939295,0.0196078431372549,TRUE,0.801249566493264,0.792592592592593
"B_naive","ID2","lm",314,50,NA,0.923801355522676,0.898458013565313,"cv_r2",-0.184542749288845,0.0196078431372549,TRUE,NA,NA
"B_naive","ID2","ridge",314,50,NA,0.935286399050066,0.927016772142088,"cv_r2",0.00342484865557565,0.0196078431372549,TRUE,NA,NA
"B_naive","ID2","spearman",314,50,NA,0.369788966101825,0.29062465487126,"cv_r2",0.00460359389375847,0.0196078431372549,TRUE,NA,NA
"B_naive","KLF4","rf",314,50,0.959136449567758,0.954813076293124,0.896224253759064,"oob_r2",-0.056008662531388,0.0196078431372549,TRUE,0.762068027210884,0.933333333333333
"B_naive","KLF4","lm",314,50,NA,0.923600815266427,0.892102099171911,"cv_r2",-0.183964473256525,0.0196078431372549,TRUE,NA,NA
"B_naive","KLF4","ridge",314,50,NA,0.942158749313126,0.917757879991578,"cv_r2",0.000834052065192279,0.0196078431372549,TRUE,NA,NA
"B_naive","KLF4","spearman",314,50,NA,0.383200670725615,0.19884871050753,"cv_r2",0.00271164887461183,0.0196078431372549,TRUE,NA,NA
"B_naive","CEBPB","rf",314,50,0.958511096694394,0.949980746272511,0.881127620539482,"oob_r2",-0.0270012084975181,0.0196078431372549,TRUE,0.79234360410831,0.755555555555556
"B_naive","CEBPB","lm",314,50,NA,0.924851325710703,0.879393982479369,"cv_r2",-0.180383896124783,0.0196078431372549,TRUE,NA,NA
"B_naive","CEBPB","ridge",314,50,NA,0.942799250751497,0.920270730814051,"cv_r2",0.00552054608690051,0.0196078431372549,TRUE,NA,NA
"B_naive","CEBPB","spearman",314,50,NA,0.247694061851148,-0.0148065625010019,"cv_r2",0.0111199691403334,0.0196078431372549,TRUE,NA,NA
"B_naive","HES4","rf",314,50,0.972886493702309,0.970835984501788,0.920940792644111,"oob_r2",-0.0620902699723147,0.0196078431372549,TRUE,0.750438842203548,0.8
"B_naive","HES4","lm",314,50,NA,0.951208850187111,0.945675140060392,"cv_r2",-0.173901619331324,0.0196078431372549,TRUE,NA,NA
"B_naive","HES4","ridge",314,50,NA,0.954894613112616,0.94604690560974,"cv_r2",0.00270627720116514,0.0196078431372549,TRUE,NA,NA
"B_naive","HES4","spearman",314,50,NA,0.703457758097336,0.159475330804028,"cv_r2",0.00103206971866978,0.0196078431372549,TRUE,NA,NA
"B_naive","MYC","rf",314,50,0.868381839819932,0.870161669816456,0.780649159501189,"oob_r2",-0.0547013055553544,0.0196078431372549,TRUE,0.837266106442577,0.77989417989418
"B_naive","MYC","lm",314,50,NA,0.842668869825807,0.787220258064257,"cv_r2",-0.183351072224615,0.0196078431372549,TRUE,NA,NA
"B_naive","MYC","ridge",314,50,NA,0.864452359015681,0.833074388041485,"cv_r2",0.00501818517544757,0.0196078431372549,TRUE,NA,NA
"B_naive","MYC","spearman",314,50,NA,0.336842211666254,0.143306967568445,"cv_r2",0.000556750664194348,0.0196078431372549,TRUE,NA,NA
"B_naive","NHLH1","rf",314,50,0.896847477393873,0.885719984426917,0.801915590315371,"oob_r2",-0.0503215261499222,0.0196078431372549,TRUE,0.803881019074296,0.868783068783069
"B_naive","NHLH1","lm",314,50,NA,0.851117325870632,0.781926867113281,"cv_r2",-0.205433214095763,0.0196078431372549,TRUE,NA,NA
"B_naive","NHLH1","ridge",314,50,NA,0.867524882491531,0.828649296887887,"cv_r2",0.008483009249115,0.0196078431372549,TRUE,NA,NA
"B_naive","NHLH1","spearman",314,50,NA,0.815265587444729,0.751097475878107,"cv_r2",0.00727081683794735,0.0196078431372549,TRUE,NA,NA
"B_naive","BACH1","rf",314,50,0.933388235772391,0.921835137816383,0.860237548077131,"oob_r2",-0.0551779069313287,0.0196078431372549,TRUE,0.79956996131786,0.753439153439153
"B_naive","BACH1","lm",314,50,NA,0.901427502496872,0.872428383063974,"cv_r2",-0.16283051591589,0.0196078431372549,TRUE,NA,NA
"B_naive","BACH1","ridge",314,50,NA,0.919984845643814,0.890775731583199,"cv_r2",0.00458305557372274,0.0196078431372549,TRUE,NA,NA
"B_naive","BACH1","spearman",314,50,NA,0.416561483584905,0.162666816369621,"cv_r2",0.00434625665748669,0.0196078431372549,TRUE,NA,NA
"B_naive","MEF2C","rf",314,50,0.940236105454957,0.939046144195233,0.884186493830025,"oob_r2",-0.0484043598198032,0.0196078431372549,TRUE,0.794979325063359,0.684656084656085
"B_naive","MEF2C","lm",314,50,NA,0.904462167789591,0.875297632126434,"cv_r2",-0.17431661178548,0.0196078431372549,TRUE,NA,NA
"B_naive","MEF2C","ridge",314,50,NA,0.923808537091059,0.91969414703413,"cv_r2",0.00527121793855325,0.0196078431372549,TRUE,NA,NA
"B_naive","MEF2C","spearman",314,50,NA,0.265022916469454,-0.186106206646717,"cv_r2",0.00236625090930009,0.0196078431372549,TRUE,NA,NA
"B_naive","ZNF770","rf",314,50,0.882747631196666,0.873414129531556,0.724183382706529,"oob_r2",-0.0653860049138309,0.0196078431372549,TRUE,0.81602881152461,0.762962962962963
"B_naive","ZNF770","lm",314,50,NA,0.840140459534276,0.688343352708798,"cv_r2",-0.196818412930637,0.0196078431372549,TRUE,NA,NA
"B_naive","ZNF770","ridge",314,50,NA,0.857029999311786,0.755263092740326,"cv_r2",0.00683013084281301,0.0196078431372549,TRUE,NA,NA
"B_naive","ZNF770","spearman",314,50,NA,0.462582442341302,-0.0304191302937482,"cv_r2",0.00424894331720429,0.0196078431372549,TRUE,NA,NA
"B_naive","HIVEP3","rf",314,50,0.701312723957162,0.696548145879407,0.227004210611355,"oob_r2",-0.0459117397977118,0.0196078431372549,TRUE,0.832536748032546,0.933333333333333
"B_naive","HIVEP3","lm",314,50,NA,0.634657810911632,0.161073459497467,"cv_r2",-0.224836642846513,0.0196078431372549,TRUE,NA,NA
"B_naive","HIVEP3","ridge",314,50,NA,0.661473266995507,0.272358411541241,"cv_r2",0.000517995091225651,0.0196078431372549,TRUE,NA,NA
"B_naive","HIVEP3","spearman",314,50,NA,0.552487638979733,0.472598267400646,"cv_r2",0.0118299979349025,0.0196078431372549,TRUE,NA,NA
"B_naive","CTCF","rf",314,50,0.680514148505854,0.675015162392176,0.537008201023195,"oob_r2",-0.0405661900789647,0.0196078431372549,TRUE,0.829177537681739,0.681481481481481
"B_naive","CTCF","lm",314,50,NA,0.556360564416247,0.392175434517911,"cv_r2",-0.147106035736249,0.0196078431372549,TRUE,NA,NA
"B_naive","CTCF","ridge",314,50,NA,0.652114699104275,0.561517785486043,"cv_r2",-0.00163962450594851,0.0196078431372549,TRUE,NA,NA
"B_naive","CTCF","spearman",314,50,NA,0.245635443804682,-0.00032276538007614,"cv_r2",0.00570983270075085,0.0196078431372549,TRUE,NA,NA
"B_naive","FOXN3","rf",314,50,0.730564211486979,0.748099731522096,0.296800502043976,"oob_r2",-0.0360469807647447,0.0196078431372549,TRUE,0.882754168334,0.706878306878307
"B_naive","FOXN3","lm",314,50,NA,0.674950686908777,0.400882529750308,"cv_r2",-0.199504508713876,0.0196078431372549,TRUE,NA,NA
"B_naive","FOXN3","ridge",314,50,NA,0.702705983518379,0.423519263832922,"cv_r2",0.000971366027229304,0.0196078431372549,TRUE,NA,NA
"B_naive","FOXN3","spearman",314,50,NA,0.592294043216445,0.509006582438688,"cv_r2",0.0180657027987513,0.0196078431372549,TRUE,NA,NA
"B_naive","IRF9","rf",314,50,0.500971995176513,0.518497636525452,-0.738892758818557,"oob_r2",-0.072801926138447,0.0196078431372549,TRUE,0.823107909830599,1
"B_naive","IRF9","lm",314,50,NA,0.312870456117601,-0.808206557439919,"cv_r2",-0.184012839887314,0.0196078431372549,TRUE,NA,NA
"B_naive","IRF9","ridge",314,50,NA,0.421215631246346,-0.561469712188801,"cv_r2",0.0020869123734194,0.0196078431372549,TRUE,NA,NA
"B_naive","IRF9","spearman",314,50,NA,0.23149482296185,-0.287751844480137,"cv_r2",0.00469136200329818,0.0196078431372549,TRUE,NA,NA
"B_naive","NFKB2","rf",314,50,0.645738918496972,0.641836555315088,0.0454368708015036,"oob_r2",-0.0406918992133179,0.0196078431372549,TRUE,0.872928371348539,0.844444444444444
"B_naive","NFKB2","lm",314,50,NA,0.537882953529326,0.163588587603505,"cv_r2",-0.215704811375822,0.0196078431372549,TRUE,NA,NA
"B_naive","NFKB2","ridge",314,50,NA,0.570181592532099,0.190567880195724,"cv_r2",0.00168952571967193,0.0196078431372549,TRUE,NA,NA
"B_naive","NFKB2","spearman",314,50,NA,0.518788304819651,0.416428959890904,"cv_r2",0.0137135961642168,0.0196078431372549,TRUE,NA,NA
"B_naive","NFKB1","rf",314,50,0.830761394470391,0.808143787117003,0.652300127499356,"oob_r2",-0.0407666342770363,0.0196078431372549,TRUE,0.871257302921168,0.755555555555556
"B_naive","NFKB1","lm",314,50,NA,0.755252350658319,0.606226653769488,"cv_r2",-0.182855827267387,0.0196078431372549,TRUE,NA,NA
"B_naive","NFKB1","ridge",314,50,NA,0.794609231525977,0.66041996663874,"cv_r2",0.0179875060239333,0.0196078431372549,TRUE,NA,NA
"B_naive","NFKB1","spearman",314,50,NA,0.434472312963285,0.338496846640636,"cv_r2",0.0113843126482943,0.0196078431372549,TRUE,NA,NA
"B_naive","ZBTB1","rf",314,50,0.633496288474679,0.593077655782678,0.115034300771224,"oob_r2",-0.0364059464954208,0.0196078431372549,TRUE,0.86987008136588,0.756613756613757
"B_naive","ZBTB1","lm",314,50,NA,0.547837208781297,0.293510513420829,"cv_r2",-0.19845625347753,0.0196078431372549,TRUE,NA,NA
"B_naive","ZBTB1","ridge",314,50,NA,0.578417456170765,0.32025082469419,"cv_r2",0.00333159883817865,0.0196078431372549,TRUE,NA,NA
"B_naive","ZBTB1","spearman",314,50,NA,0.42968582551473,0.164454529496106,"cv_r2",0.0148195124059383,0.0196078431372549,TRUE,NA,NA
"B_naive","ATF5","rf",314,50,0.482869725727616,0.494035281918375,0.158572844143524,"oob_r2",-0.0488105925448264,0.0196078431372549,TRUE,0.832619981325864,0.681481481481481
"B_naive","ATF5","lm",314,50,NA,0.342311312846219,0.111341136626026,"cv_r2",-0.161742828237102,0.0196078431372549,TRUE,NA,NA
"B_naive","ATF5","ridge",314,50,NA,0.422609867297703,0.225463782067585,"cv_r2",0.00406361686190157,0.0196078431372549,TRUE,NA,NA
"B_naive","ATF5","spearman",314,50,NA,0.31811452300661,0.0990603867543324,"cv_r2",0.0102038825243377,0.0196078431372549,TRUE,NA,NA
"B_naive","MYBL1","rf",314,50,0.561224366216332,0.55535524756117,-0.0255992142446537,"oob_r2",-0.0341550990338255,0.0196078431372549,TRUE,0.898229158329999,0.874074074074074
"B_naive","MYBL1","lm",314,50,NA,0.447042713414051,0.0978131104145198,"cv_r2",-0.197844503481072,0.0196078431372549,TRUE,NA,NA
"B_naive","MYBL1","ridge",314,50,NA,0.512825551631444,0.151966683517526,"cv_r2",0.00120245755186966,0.0196078431372549,TRUE,NA,NA
"B_naive","MYBL1","spearman",314,50,NA,0.365490217430797,0.234535175280913,"cv_r2",0.0228071560142364,0.0196078431372549,TRUE,NA,NA
"B_naive","FOXO1","rf",314,50,0.609845075258489,0.60433496841783,0.507708930191995,"oob_r2",-0.0523941977822271,0.0196078431372549,TRUE,0.887635054021609,0.535185185185185
"B_naive","FOXO1","lm",314,50,NA,0.359357809444011,0.231856909565428,"cv_r2",-0.183644675370174,0.0196078431372549,TRUE,NA,NA
"B_naive","FOXO1","ridge",314,50,NA,0.517681651192649,0.470952654305553,"cv_r2",0.000855219479336392,0.0196078431372549,TRUE,NA,NA
"B_naive","FOXO1","spearman",314,50,NA,0.221820422741787,0.178386397760841,"cv_r2",0.0167887350546039,0.0196078431372549,TRUE,NA,NA
"B_naive","PRDM1","rf",314,50,0.645064319940421,0.636190046133877,-0.31317627574628,"oob_r2",-0.052369583313983,0.0196078431372549,TRUE,0.810667733760171,1
"B_naive","PRDM1","lm",314,50,NA,0.498923296013383,-0.29972835561005,"cv_r2",-0.171675261610584,0.0196078431372549,TRUE,NA,NA
"B_naive","PRDM1","ridge",314,50,NA,0.557987915567653,-0.1659569995894,"cv_r2",0.00319516176907228,0.0196078431372549,TRUE,NA,NA
"B_naive","PRDM1","spearman",314,50,NA,0.397563266929512,0.0697996027140552,"cv_r2",0.00361642641048983,0.0196078431372549,TRUE,NA,NA
"B_naive","ELF1","rf",314,50,0.740074433676746,0.737667228867229,0.267795208287106,"oob_r2",-0.0408816437673598,0.0196078431372549,TRUE,0.899309056956116,0.755555555555556
"B_naive","ELF1","lm",314,50,NA,0.704747941395051,0.440049707306417,"cv_r2",-0.183575005630065,0.0196078431372549,TRUE,NA,NA
"B_naive","ELF1","ridge",314,50,NA,0.720296045098132,0.437063274641722,"cv_r2",-0.00132541191732024,0.0196078431372549,TRUE,NA,NA
"B_naive","ELF1","spearman",314,50,NA,0.664313287002745,0.539202313319396,"cv_r2",0.00672381520484639,0.0196078431372549,TRUE,NA,NA
"B_naive","NR3C1","rf",314,50,0.61847221861447,0.590308536141742,-0.212928722727719,"oob_r2",-0.048977790473339,0.0196078431372549,TRUE,0.838245698279312,0.77989417989418
"B_naive","NR3C1","lm",314,50,NA,0.451155834140293,-0.663074636127083,"cv_r2",-0.182034837557552,0.0196078431372549,TRUE,NA,NA
"B_naive","NR3C1","ridge",314,50,NA,0.504368578121441,-0.439712542151858,"cv_r2",0.00362726811201217,0.0196078431372549,TRUE,NA,NA
"B_naive","NR3C1","spearman",314,50,NA,0.208137661396769,-0.553053003519102,"cv_r2",0.00529004903080717,0.0196078431372549,TRUE,NA,NA
"B_naive","CHD2","rf",314,50,0.764709827182665,0.744110584093522,0.644317268804395,"oob_r2",-0.0185242561104391,0.0196078431372549,TRUE,0.906266506602641,0.681481481481481
"B_naive","CHD2","lm",314,50,NA,0.642090602375788,0.576685924701514,"cv_r2",-0.173838418448081,0.0196078431372549,TRUE,NA,NA
"B_naive","CHD2","ridge",314,50,NA,0.699316249111471,0.639656076287502,"cv_r2",0.00368615676671161,0.0196078431372549,TRUE,NA,NA
"B_naive","CHD2","spearman",314,50,NA,0.433070120791402,0.388121626087426,"cv_r2",0.00431964842532764,0.0196078431372549,TRUE,NA,NA
"HSPC","FOS","rf",234,38,0.600878567308639,0.531206845227129,0.226274580930372,"oob_r2",-0.0255613282112683,0.0196078431372549,TRUE,0.928545549598181,0.638095238095238
"HSPC","FOS","lm",234,38,NA,0.227710873437261,-0.255466886911495,"cv_r2",-0.156271181802824,0.0196078431372549,TRUE,NA,NA
"HSPC","FOS","ridge",234,38,NA,0.28338001232058,-0.0153662535232186,"cv_r2",-0.00134421619396873,0.0196078431372549,TRUE,NA,NA
"HSPC","FOS","spearman",234,38,NA,0.0308172243304294,-0.190986388764211,"cv_r2",0.0112036847917413,0.0392156862745098,TRUE,NA,NA
"HSPC","RXRA","rf",234,38,0.771839711232608,0.746545140242905,0.463342719876104,"oob_r2",-0.0539281346238892,0.0196078431372549,TRUE,0.872152314257577,0.77037037037037
"HSPC","RXRA","lm",234,38,NA,0.755905904770178,0.581884519205455,"cv_r2",-0.182297487473004,0.0196078431372549,TRUE,NA,NA
"HSPC","RXRA","ridge",234,38,NA,0.743940283328701,0.556996817339613,"cv_r2",-0.00357314175761048,0.0196078431372549,TRUE,NA,NA
"HSPC","RXRA","spearman",234,38,NA,0.569862304097375,0.508723842114531,"cv_r2",0.00480394121694348,0.0196078431372549,TRUE,NA,NA
"HSPC","EGR2","rf",234,38,0.800500974423619,0.800263704712668,0.569282535859678,"oob_r2",-0.0282147227858157,0.0196078431372549,TRUE,0.880351606667396,0.736507936507936
"HSPC","EGR2","lm",234,38,NA,0.804562008581451,0.700377944328152,"cv_r2",-0.169770464043953,0.0196078431372549,TRUE,NA,NA
"HSPC","EGR2","ridge",234,38,NA,0.810567104239304,0.713792863356078,"cv_r2",-0.00161370605878857,0.0196078431372549,TRUE,NA,NA
"HSPC","EGR2","spearman",234,38,NA,0.626984059110735,0.58132652404283,"cv_r2",0.00779547878010083,0.0196078431372549,TRUE,NA,NA
"HSPC","MAFF","rf",234,38,0.684992193231664,0.67012929092805,0.46095689265377,"oob_r2",-0.0391351785322736,0.0196078431372549,TRUE,0.893783662204715,0.714285714285714
"HSPC","MAFF","lm",234,38,NA,0.4879428694977,0.252553538776365,"cv_r2",-0.170729243848726,0.0196078431372549,TRUE,NA,NA
"HSPC","MAFF","ridge",234,38,NA,0.585275343117124,0.403053337375048,"cv_r2",-0.00330891541926833,0.0196078431372549,TRUE,NA,NA
"HSPC","MAFF","spearman",234,38,NA,0.255615542669726,0.0689051844840913,"cv_r2",-0.00384085212228568,0.0196078431372549,TRUE,NA,NA
"HSPC","NR4A2","rf",234,38,0.663489302655724,0.637061596670458,0.33998616491253,"oob_r2",-0.0535924506403033,0.0196078431372549,TRUE,0.881071354755565,0.785185185185185
"HSPC","NR4A2","lm",234,38,NA,0.24466806697998,-0.0923870441004484,"cv_r2",-0.163408419340862,0.0196078431372549,TRUE,NA,NA
"HSPC","NR4A2","ridge",234,38,NA,0.417006765060113,0.154524309420486,"cv_r2",-0.000869047557402837,0.0196078431372549,TRUE,NA,NA
"HSPC","NR4A2","spearman",234,38,NA,0.310826027475229,0.220745914659891,"cv_r2",0.00435354661212725,0.0196078431372549,TRUE,NA,NA
"HSPC","JUNB","rf",234,38,0.730957987252563,0.686215056587625,0.437925751128496,"oob_r2",-0.0669361771498643,0.0196078431372549,TRUE,0.892028060449113,0.73015873015873
"HSPC","JUNB","lm",234,38,NA,0.471383615956106,0.204547489293279,"cv_r2",-0.178531105851286,0.0196078431372549,TRUE,NA,NA
"HSPC","JUNB","ridge",234,38,NA,0.549303375491978,0.347219140506743,"cv_r2",-0.0012324886145493,0.0196078431372549,TRUE,NA,NA
"HSPC","JUNB","spearman",234,38,NA,0.235905156606313,0.12772174060789,"cv_r2",-0.000702038622179087,0.0196078431372549,TRUE,NA,NA
"HSPC","ZBTB7A","rf",234,38,0.791691488867504,0.775405122226269,0.583908720623659,"oob_r2",-0.0314418131344304,0.0196078431372549,TRUE,0.88895454158612,0.614814814814815
"HSPC","ZBTB7A","lm",234,38,NA,0.849871317966265,0.753911213394132,"cv_r2",-0.198147313348959,0.0196078431372549,TRUE,NA,NA
"HSPC","ZBTB7A","ridge",234,38,NA,0.833781181561704,0.732085743335175,"cv_r2",-0.00301854812601765,0.0196078431372549,TRUE,NA,NA
"HSPC","ZBTB7A","spearman",234,38,NA,0.593595504184845,0.47343717974313,"cv_r2",0.00262382659079357,0.0196078431372549,TRUE,NA,NA
"HSPC","KLF11","rf",234,38,0.636815636890937,0.587562525466655,0.34437930119364,"oob_r2",-0.0294452965289232,0.0196078431372549,TRUE,0.863053336737547,0.757671957671958
"HSPC","KLF11","lm",234,38,NA,0.140060183599959,-0.247030753019054,"cv_r2",-0.18611138824951,0.0196078431372549,TRUE,NA,NA
"HSPC","KLF11","ridge",234,38,NA,0.281552230464574,0.0794383164158955,"cv_r2",-0.00142951546075163,0.0196078431372549,TRUE,NA,NA
"HSPC","KLF11","spearman",234,38,NA,0.242216498032855,0.167617389185911,"cv_r2",0.00204762720732433,0.0196078431372549,TRUE,NA,NA
"HSPC","RREB1","rf",234,38,0.714880322093631,0.695992613034882,0.463014899575511,"oob_r2",-0.0291752015649752,0.0196078431372549,TRUE,0.939871855661329,0.774603174603175
"HSPC","RREB1","lm",234,38,NA,0.487846185219595,0.241968750239301,"cv_r2",-0.186041492737756,0.0196078431372549,TRUE,NA,NA
"HSPC","RREB1","ridge",234,38,NA,0.583666827177727,0.39640533082526,"cv_r2",0.000389606832090138,0.0196078431372549,TRUE,NA,NA
"HSPC","RREB1","spearman",234,38,NA,0.245081318593558,-0.0183524255105965,"cv_r2",0.00258210599528947,0.0196078431372549,TRUE,NA,NA
"HSPC","BCLAF1","rf",234,38,0.561241913331518,0.489537811069385,0.261867263189821,"oob_r2",-0.0586763662823299,0.0196078431372549,TRUE,0.888691930797194,0.634920634920635
"HSPC","BCLAF1","lm",234,38,NA,0.328743097039256,0.00321273356114427,"cv_r2",-0.179498229142882,0.0196078431372549,TRUE,NA,NA
"HSPC","BCLAF1","ridge",234,38,NA,0.4671390670795,0.2486521845536,"cv_r2",-0.00379225948677444,0.0196078431372549,TRUE,NA,NA
"HSPC","BCLAF1","spearman",234,38,NA,0.0770015221831539,-0.0170701591668998,"cv_r2",0.0149984476693496,0.0196078431372549,TRUE,NA,NA
"HSPC","TCFL5","rf",234,38,0.62462996106626,0.608278957257217,0.394627715293273,"oob_r2",-0.0485492448133779,0.0196078431372549,TRUE,0.86941435362488,0.77989417989418
"HSPC","TCFL5","lm",234,38,NA,0.315568619633095,0.0838044014914944,"cv_r2",-0.169150470098929,0.0196078431372549,TRUE,NA,NA
"HSPC","TCFL5","ridge",234,38,NA,0.472900114052118,0.337071565278842,"cv_r2",0.00141874094114876,0.0196078431372549,TRUE,NA,NA
"HSPC","TCFL5","spearman",234,38,NA,0.290611295196073,0.258404245345274,"cv_r2",0.0181054112868672,0.0196078431372549,TRUE,NA,NA
"HSPC","MYC","rf",234,38,0.687729703536524,0.684177381312002,0.410712650704868,"oob_r2",-0.0513146177130599,0.0196078431372549,TRUE,0.897732550364129,0.844444444444444
"HSPC","MYC","lm",234,38,NA,0.394658578574247,-0.0368152842439926,"cv_r2",-0.163905212638119,0.0196078431372549,TRUE,NA,NA
"HSPC","MYC","ridge",234,38,NA,0.461988657444584,0.290554193995123,"cv_r2",-0.000397898752955773,0.0196078431372549,TRUE,NA,NA
"HSPC","MYC","spearman",234,38,NA,0.192245055590184,0.0258686463628232,"cv_r2",0.000163028859300543,0.0196078431372549,TRUE,NA,NA
"HSPC","SMAD2","rf",234,38,0.557249823585435,0.539027349890392,0.260351633757858,"oob_r2",-0.0518139343062418,0.0196078431372549,TRUE,0.896672380882907,0.844444444444444
"HSPC","SMAD2","lm",234,38,NA,0.463315209207006,0.122301852432395,"cv_r2",-0.194841777158458,0.0196078431372549,TRUE,NA,NA
"HSPC","SMAD2","ridge",234,38,NA,0.521811130499402,0.298954372394737,"cv_r2",-0.00250682323916402,0.0196078431372549,TRUE,NA,NA
"HSPC","SMAD2","spearman",234,38,NA,0.27234882979074,0.0730843382249661,"cv_r2",0.00993337576301495,0.0196078431372549,TRUE,NA,NA
"HSPC","MYBL2","rf",234,38,0.635203186619784,0.634659061623331,0.414245511989479,"oob_r2",-0.0417438395981658,0.0196078431372549,TRUE,0.870075743759954,0.785185185185185
"HSPC","MYBL2","lm",234,38,NA,0.418117131275353,0.254221863795123,"cv_r2",-0.198584387978947,0.0196078431372549,TRUE,NA,NA
"HSPC","MYBL2","ridge",234,38,NA,0.53160049838858,0.394815450383406,"cv_r2",-0.00271611120566812,0.0196078431372549,TRUE,NA,NA
"HSPC","MYBL2","spearman",234,38,NA,0.287689723414477,0.245332686687118,"cv_r2",0.00417997818478693,0.0196078431372549,TRUE,NA,NA
"HSPC","GABPA","rf",234,38,0.793751748342851,0.747241720363936,0.578316153232355,"oob_r2",-0.0459903769258976,0.0196078431372549,TRUE,0.893589135694399,0.604232804232804
"HSPC","GABPA","lm",234,38,NA,0.81500269570298,0.72069252339367,"cv_r2",-0.203477202219781,0.0196078431372549,TRUE,NA,NA
"HSPC","GABPA","ridge",234,38,NA,0.809438497479246,0.7172621034902,"cv_r2",-0.00330534367760681,0.0196078431372549,TRUE,NA,NA
"HSPC","GABPA","spearman",234,38,NA,0.464956989772647,0.217820834306176,"cv_r2",0.000383262788556642,0.0196078431372549,TRUE,NA,NA
"HSPC","MYCN","rf",234,38,0.71627504191074,0.704813970132445,0.443453586051637,"oob_r2",-0.0516308360513457,0.0196078431372549,TRUE,0.900499689973374,0.785185185185185
"HSPC","MYCN","lm",234,38,NA,0.488897391243931,0.21852205502235,"cv_r2",-0.159583430950843,0.0196078431372549,TRUE,NA,NA
"HSPC","MYCN","ridge",234,38,NA,0.557302232703741,0.371754591634083,"cv_r2",-0.00337284015267438,0.0196078431372549,TRUE,NA,NA
"HSPC","MYCN","spearman",234,38,NA,0.149828776401838,-0.199213399213924,"cv_r2",0.006555354190498,0.0196078431372549,TRUE,NA,NA
"HSPC","NFIB","rf",234,38,0.697932398168907,0.671204622962235,0.497450927522609,"oob_r2",-0.044023526156116,0.0196078431372549,TRUE,0.846693657219973,0.82962962962963
"HSPC","NFIB","lm",234,38,NA,0.579707369800197,0.390290180770314,"cv_r2",-0.160570837973329,0.0196078431372549,TRUE,NA,NA
"HSPC","NFIB","ridge",234,38,NA,0.60221028170686,0.528845806429966,"cv_r2",-0.00186838530788349,0.0196078431372549,TRUE,NA,NA
"HSPC","NFIB","spearman",234,38,NA,0.240377999162407,0.11726226867624,"cv_r2",-0.00351049260230791,0.0196078431372549,TRUE,NA,NA
"HSPC","RUNX3","rf",234,38,0.706096749893287,0.643350024367644,0.472656365326148,"oob_r2",-0.063221994351476,0.0196078431372549,TRUE,0.908460687408056,0.612698412698413
"HSPC","RUNX3","lm",234,38,NA,0.680690003157951,0.566636721916882,"cv_r2",-0.180360991489808,0.0196078431372549,TRUE,NA,NA
"HSPC","RUNX3","ridge",234,38,NA,0.710502420170948,0.606878154423602,"cv_r2",-0.00191556500491883,0.0196078431372549,TRUE,NA,NA
"HSPC","RUNX3","spearman",234,38,NA,0.137893873994628,0.175558319674244,"cv_r2",0.00421150967194003,0.0196078431372549,TRUE,NA,NA
"HSPC","IRF8","rf",234,38,0.574974538634534,0.485801055787546,0.198333193740749,"oob_r2",-0.0720524816984147,0.0196078431372549,TRUE,0.851333114491009,0.761904761904762
"HSPC","IRF8","lm",234,38,NA,0.246556481849702,-0.0451268221375407,"cv_r2",-0.18520415756397,0.0196078431372549,TRUE,NA,NA
"HSPC","IRF8","ridge",234,38,NA,0.33690801450833,0.1086680681536,"cv_r2",-0.000684227348550227,0.0196078431372549,TRUE,NA,NA
"HSPC","IRF8","spearman",234,38,NA,0.0506730131762059,-0.0205787535457707,"cv_r2",-0.00145394432289081,0.0196078431372549,TRUE,NA,NA
"HSPC","KLF1","rf",234,38,0.742515524942029,0.752862121446981,0.563535704703277,"oob_r2",-0.0532357085847523,0.0196078431372549,TRUE,0.91155365892208,0.82962962962963
"HSPC","KLF1","lm",234,38,NA,0.521295913454911,0.172620495642609,"cv_r2",-0.117593606035662,0.0196078431372549,TRUE,NA,NA
"HSPC","KLF1","ridge",234,38,NA,0.555830794765294,0.422283367152329,"cv_r2",0.0128273115813213,0.0196078431372549,TRUE,NA,NA
"HSPC","KLF1","spearman",234,38,NA,0.227700711542608,0.151561408600702,"cv_r2",0.00483578696596824,0.0196078431372549,TRUE,NA,NA
"HSPC","TCF3","rf",234,38,0.729155809731733,0.701520983487364,0.481460643434147,"oob_r2",-0.0687313316906338,0.0196078431372549,TRUE,0.916475179633074,0.643386243386243
"HSPC","TCF3","lm",234,38,NA,0.741592385429888,0.63153512432277,"cv_r2",-0.200899135024055,0.0196078431372549,TRUE,NA,NA
"HSPC","TCF3","ridge",234,38,NA,0.762142230235447,0.630379288039408,"cv_r2",-0.00405284398416403,0.0196078431372549,TRUE,NA,NA
"HSPC","TCF3","spearman",234,38,NA,0.128187568141813,-0.245071327864216,"cv_r2",0.00931194127732211,0.0196078431372549,TRUE,NA,NA
"HSPC","HIF1A","rf",234,38,0.705681383305768,0.660000982756764,0.495811891752912,"oob_r2",-0.0665861987149729,0.0196078431372549,TRUE,0.888093761777972,0.757671957671958
"HSPC","HIF1A","lm",234,38,NA,0.716298002805799,0.60901219582764,"cv_r2",-0.166065374565095,0.0196078431372549,TRUE,NA,NA
"HSPC","HIF1A","ridge",234,38,NA,0.732997115601532,0.606529311562076,"cv_r2",-0.0017862077067133,0.0196078431372549,TRUE,NA,NA
"HSPC","HIF1A","spearman",234,38,NA,0.0313757193584017,-0.053058612835488,"cv_r2",0.0117204295509072,0.0196078431372549,TRUE,NA,NA
"HSPC","E2F5","rf",234,38,0.622258734170978,0.604470568189476,0.347316836242852,"oob_r2",-0.0385305473549929,0.0196078431372549,TRUE,0.884815990079148,0.725925925925926
"HSPC","E2F5","lm",234,38,NA,0.46172424079642,0.412774801783262,"cv_r2",-0.186327887105095,0.0196078431372549,TRUE,NA,NA
"HSPC","E2F5","ridge",234,38,NA,0.537382704695269,0.47682339233088,"cv_r2",0.00473306565011531,0.0196078431372549,TRUE,NA,NA
"HSPC","E2F5","spearman",234,38,NA,0.127056851826272,0.184975345878579,"cv_r2",0.0113644764637285,0.0196078431372549,TRUE,NA,NA
"HSPC","ITGB2","rf",234,38,0.642791263877451,0.599710342420346,0.363416746921204,"oob_r2",-0.0703832904075186,0.0196078431372549,TRUE,0.8743212848476,0.497354497354497
"HSPC","ITGB2","lm",234,38,NA,0.442295996479054,0.386859879763932,"cv_r2",-0.168358858076988,0.0196078431372549,TRUE,NA,NA
"HSPC","ITGB2","ridge",234,38,NA,0.495110419147806,0.411762887975362,"cv_r2",-0.00182456621662658,0.0196078431372549,TRUE,NA,NA
"HSPC","ITGB2","spearman",234,38,NA,0.353805289714254,0.174884236865226,"cv_r2",-0.0010430269634067,0.0196078431372549,TRUE,NA,NA
"HSPC","BATF","rf",234,38,0.740851063599642,0.721528249116526,0.396315446859048,"oob_r2",-0.0665914778554278,0.0196078431372549,TRUE,0.864974286026918,0.692063492063492
"HSPC","BATF","lm",234,38,NA,0.319349423837973,-0.1204123495194,"cv_r2",-0.197021513744139,0.0196078431372549,TRUE,NA,NA
"HSPC","BATF","ridge",234,38,NA,0.450462192130845,0.153001606360775,"cv_r2",-0.00289873731392311,0.0196078431372549,TRUE,NA,NA
"HSPC","BATF","spearman",234,38,NA,0.155108600801824,-0.197362122681734,"cv_r2",0.00499225185642443,0.0196078431372549,TRUE,NA,NA
"HSPC","TFEB","rf",234,38,0.629467016570859,0.590221758284062,-0.15076204515835,"oob_r2",-0.0501911566586583,0.0196078431372549,TRUE,0.886216580953423,0.819047619047619
"HSPC","TFEB","lm",234,38,NA,0.22664750197742,-0.701301586967916,"cv_r2",-0.152272716236368,0.0196078431372549,TRUE,NA,NA
"HSPC","TFEB","ridge",234,38,NA,0.385958150357598,-0.318846933282855,"cv_r2",-0.00227765048032518,0.0196078431372549,TRUE,NA,NA
"HSPC","TFEB","spearman",234,38,NA,0.169069744269992,-0.235826179749521,"cv_r2",0.00309943304379297,0.0196078431372549,TRUE,NA,NA
"HSPC","LMO2","rf",234,38,0.675261926431588,0.648292516864497,0.40549982962934,"oob_r2",-0.0523818461599924,0.0196078431372549,TRUE,0.908348834664624,0.688888888888889
"HSPC","LMO2","lm",234,38,NA,0.290769014929692,-0.0606075818414875,"cv_r2",-0.174110006436342,0.0196078431372549,TRUE,NA,NA
"HSPC","LMO2","ridge",234,38,NA,0.431798276043934,0.218590119153479,"cv_r2",-0.000767115528331178,0.0196078431372549,TRUE,NA,NA
"HSPC","LMO2","spearman",234,38,NA,0.106744102563468,-0.0929387517685507,"cv_r2",0.00442237229667282,0.0196078431372549,TRUE,NA,NA
"HSPC","ID3","rf",234,38,0.67946101301629,0.676223590456582,0.454419475727262,"oob_r2",-0.0278809469346491,0.0196078431372549,TRUE,0.894950821266611,0.691005291005291
"HSPC","ID3","lm",234,38,NA,0.547443527187644,0.443407690379743,"cv_r2",-0.172340163706444,0.0196078431372549,TRUE,NA,NA
"HSPC","ID3","ridge",234,38,NA,0.612977576266686,0.507101702204705,"cv_r2",-0.00164881853561001,0.0196078431372549,TRUE,NA,NA
"HSPC","ID3","spearman",234,38,NA,0.285117403699319,0.0579583713861245,"cv_r2",-0.00334935285578844,0.0196078431372549,TRUE,NA,NA
"HSPC","IKZF1","rf",234,38,0.656597511721194,0.649611703240432,0.356951885834725,"oob_r2",-0.0512553330665026,0.0196078431372549,TRUE,0.882262829631251,0.785185185185185
"HSPC","IKZF1","lm",234,38,NA,0.327163622069689,0.00203090801022909,"cv_r2",-0.173476225532555,0.0196078431372549,TRUE,NA,NA
"HSPC","IKZF1","ridge",234,38,NA,0.45291319489874,0.215995170160535,"cv_r2",0.00463983114843925,0.0196078431372549,TRUE,NA,NA
"HSPC","IKZF1","spearman",234,38,NA,0.177822055558656,0.0373364095451563,"cv_r2",0.0101738858090107,0.0196078431372549,TRUE,NA,NA
"HSPC","ATF4","rf",234,38,0.648374855334554,0.623325204497833,0.510863926356493,"oob_r2",-0.0584317548639894,0.0196078431372549,TRUE,0.881572260519629,0.844444444444444
"HSPC","ATF4","lm",234,38,NA,0.496580972514752,0.509416474420736,"cv_r2",-0.190720992287922,0.0196078431372549,TRUE,NA,NA
"HSPC","ATF4","ridge",234,38,NA,0.577964104331733,0.576659160276115,"cv_r2",-0.000379638268164611,0.0196078431372549,TRUE,NA,NA
"HSPC","ATF4","spearman",234,38,NA,0.192533956449481,0.0537117955554927,"cv_r2",0.000911086510343413,0.0196078431372549,TRUE,NA,NA
"HSPC","NFIL3","rf",234,38,0.713333066504126,0.67307477751336,0.539722239731606,"oob_r2",-0.0541337909998719,0.0196078431372549,TRUE,0.865416833837886,0.650793650793651
"HSPC","NFIL3","lm",234,38,NA,0.718291263093729,0.663426868979333,"cv_r2",-0.183475626223934,0.0196078431372549,TRUE,NA,NA
"HSPC","NFIL3","ridge",234,38,NA,0.730112036639949,0.678838981315834,"cv_r2",-0.00390529241541535,0.0196078431372549,TRUE,NA,NA
"HSPC","NFIL3","spearman",234,38,NA,0.412242621484232,0.299315972366469,"cv_r2",-0.00293603337205782,0.0196078431372549,TRUE,NA,NA
"HSPC","SPI1","rf",234,38,0.566317729441692,0.481003232639884,0.201804577300093,"oob_r2",-0.0943173788452779,0.0196078431372549,TRUE,0.833922991817729,0.764021164021164
"HSPC","SPI1","lm",234,38,NA,0.120322742690589,-0.0514952609076214,"cv_r2",-0.173900925553688,0.0196078431372549,TRUE,NA,NA
"HSPC","SPI1","ridge",234,38,NA,0.283135797520663,0.111023061050342,"cv_r2",-0.00253977478658005,0.0196078431372549,TRUE,NA,NA
"HSPC","SPI1","spearman",234,38,NA,0.216379132771058,0.121079122149294,"cv_r2",0.00515322332409038,0.0196078431372549,TRUE,NA,NA
"HSPC","MAF","rf",234,38,0.719083140489995,0.699292342861046,0.392111967490412,"oob_r2",-0.067988029240266,0.0196078431372549,TRUE,0.889246331351594,0.644444444444444
"HSPC","MAF","lm",234,38,NA,0.38165410125926,0.0288360588313289,"cv_r2",-0.18695644172049,0.0196078431372549,TRUE,NA,NA
"HSPC","MAF","ridge",234,38,NA,0.500137233305463,0.251508977473818,"cv_r2",-0.00164261151077955,0.0196078431372549,TRUE,NA,NA
"HSPC","MAF","spearman",234,38,NA,0.0810681652191965,-0.293993766042211,"cv_r2",0.0190463373521767,0.0196078431372549,TRUE,NA,NA
"HSPC","NFKB2","rf",234,38,0.68631933974988,0.658170534725832,0.409762452956439,"oob_r2",-0.00595515019476943,0.0196078431372549,TRUE,0.917350548929496,0.785185185185185
"HSPC","NFKB2","lm",234,38,NA,0.558973965386148,0.353748181949414,"cv_r2",-0.17071428581712,0.0196078431372549,TRUE,NA,NA
"HSPC","NFKB2","ridge",234,38,NA,0.621347560817169,0.428500257501534,"cv_r2",-0.0034250434166688,0.0196078431372549,TRUE,NA,NA
"HSPC","NFKB2","spearman",234,38,NA,0.208099841603156,0.0895328204781358,"cv_r2",0.00835425723664561,0.0196078431372549,TRUE,NA,NA
"HSPC","REL","rf",234,38,0.675329325242593,0.650204135564022,0.361835867487121,"oob_r2",-0.0834513265813881,0.0196078431372549,TRUE,0.911150016413174,0.729100529100529
"HSPC","REL","lm",234,38,NA,0.23517590770567,-0.125824502088956,"cv_r2",-0.185166041976955,0.0196078431372549,TRUE,NA,NA
"HSPC","REL","ridge",234,38,NA,0.410443321432429,0.157303803961208,"cv_r2",-0.00158446224867118,0.0196078431372549,TRUE,NA,NA
"HSPC","REL","spearman",234,38,NA,0.0701247818450187,-0.171413876206968,"cv_r2",0.0117327883397951,0.0196078431372549,TRUE,NA,NA
"HSPC","PRDM1","rf",234,38,0.712238165998758,0.707831056816859,0.3851429622235,"oob_r2",-0.0598309322594672,0.0196078431372549,TRUE,0.920458109931794,0.82962962962963
"HSPC","PRDM1","lm",234,38,NA,0.279976186962547,-0.133189215626666,"cv_r2",-0.200254191466269,0.0196078431372549,TRUE,NA,NA
"HSPC","PRDM1","ridge",234,38,NA,0.425959904922396,0.146377345808722,"cv_r2",-0.00224324013295101,0.0196078431372549,TRUE,NA,NA
"HSPC","PRDM1","spearman",234,38,NA,0.0959842237068268,-0.165945424772588,"cv_r2",0.00742957866419014,0.0196078431372549,TRUE,NA,NA
"HSPC","KLF12","rf",234,38,0.687722193642067,0.691236512642205,0.389832195250633,"oob_r2",-0.0457095268518787,0.0196078431372549,TRUE,0.913965787649998,0.933333333333333
"HSPC","KLF12","lm",234,38,NA,0.151722005838658,-0.129764050628868,"cv_r2",-0.182074481937594,0.0196078431372549,TRUE,NA,NA
"HSPC","KLF12","ridge",234,38,NA,0.363027803536958,0.122082420137384,"cv_r2",0.00279398398673699,0.0196078431372549,TRUE,NA,NA
"HSPC","KLF12","spearman",234,38,NA,0.121711331624499,-0.150015307636075,"cv_r2",0.0153573604635577,0.0196078431372549,TRUE,NA,NA
"HSPC","KLF6","rf",234,38,0.621354723294099,0.560676243334553,0.43209055175221,"oob_r2",-0.0511426797537178,0.0196078431372549,TRUE,0.855350086929034,0.650793650793651
"HSPC","KLF6","lm",234,38,NA,0.509918814761441,0.370386874960874,"cv_r2",-0.170139923295631,0.0196078431372549,TRUE,NA,NA
"HSPC","KLF6","ridge",234,38,NA,0.541938988541243,0.462331408632685,"cv_r2",-0.0008861721124826,0.0196078431372549,TRUE,NA,NA
"HSPC","KLF6","spearman",234,38,NA,0.32394512372361,0.346846831379865,"cv_r2",0.0157665978525157,0.0196078431372549,TRUE,NA,NA
"HSPC","LYL1","rf",234,38,0.700134432976255,0.669227914882691,0.449371042391069,"oob_r2",-0.042293236745505,0.0196078431372549,TRUE,0.886800160484371,0.686772486772487
"HSPC","LYL1","lm",234,38,NA,0.511107016996705,0.331759351986814,"cv_r2",-0.180479941226384,0.0196078431372549,TRUE,NA,NA
"HSPC","LYL1","ridge",234,38,NA,0.585245664255523,0.39820989360178,"cv_r2",0.000971097122419777,0.0196078431372549,TRUE,NA,NA
"HSPC","LYL1","spearman",234,38,NA,0.179546777625208,0.0277344398571274,"cv_r2",0.00707317155710252,0.0196078431372549,TRUE,NA,NA
"HSPC","FOXO1","rf",234,38,0.678683392322693,0.682818019364348,0.404023114994834,"oob_r2",-0.0416465288876083,0.0196078431372549,TRUE,0.919368761474024,0.792592592592593
"HSPC","FOXO1","lm",234,38,NA,0.398815037957955,0.112189954119055,"cv_r2",-0.17895033051484,0.0196078431372549,TRUE,NA,NA
"HSPC","FOXO1","ridge",234,38,NA,0.502635642239161,0.309634720681243,"cv_r2",0.0016572310017586,0.0196078431372549,TRUE,NA,NA
"HSPC","FOXO1","spearman",234,38,NA,0.219547103060502,-0.0346303442282414,"cv_r2",0.0108098667895432,0.0196078431372549,TRUE,NA,NA
"HSPC","TCF7L2","rf",234,38,0.665430313035623,0.658987471272007,0.399400421654429,"oob_r2",-0.0511633035416971,0.0196078431372549,TRUE,0.89032109032109,0.661375661375661
"HSPC","TCF7L2","lm",234,38,NA,0.418026061065449,0.111804253394182,"cv_r2",-0.190527150095132,0.0196078431372549,TRUE,NA,NA
"HSPC","TCF7L2","ridge",234,38,NA,0.506025063787228,0.241742287646889,"cv_r2",-0.00110914944531676,0.0196078431372549,TRUE,NA,NA
"HSPC","TCF7L2","spearman",234,38,NA,0.167006903504507,-0.0896306643593785,"cv_r2",0.00172673785846213,0.0196078431372549,TRUE,NA,NA
"HSPC","FOXP1","rf",234,38,0.606775290561627,0.558054816219653,-0.294750917562048,"oob_r2",-0.0183946487236927,0.0196078431372549,TRUE,0.86709948815212,0.679365079365079
"HSPC","FOXP1","lm",234,38,NA,0.329117924856473,-0.630803535478141,"cv_r2",-0.128665413734214,0.0196078431372549,TRUE,NA,NA
"HSPC","FOXP1","ridge",234,38,NA,0.463860642671885,-0.361948357653707,"cv_r2",0.00159363895753466,0.0196078431372549,TRUE,NA,NA
"HSPC","FOXP1","spearman",234,38,NA,0.179254759543062,-0.582662209634458,"cv_r2",0.00721997610632212,0.0196078431372549,TRUE,NA,NA
"HSPC","FOXJ1","rf",234,38,0.673213620041799,0.605836573289424,0.337957910060679,"oob_r2",-0.0618434538061481,0.0196078431372549,TRUE,0.835080424554109,0.762962962962963
"HSPC","FOXJ1","lm",234,38,NA,0.481749605078884,0.238752061590783,"cv_r2",-0.164453810508864,0.0196078431372549,TRUE,NA,NA
"HSPC","FOXJ1","ridge",234,38,NA,0.515493057980775,0.330958654723716,"cv_r2",-0.0016647665995017,0.0196078431372549,TRUE,NA,NA
"HSPC","FOXJ1","spearman",234,38,NA,0.26976290846592,0.133142941135866,"cv_r2",0.00360019587795796,0.0196078431372549,TRUE,NA,NA
"HSPC","KLF10","rf",234,38,0.725534637914521,0.68888256538692,0.36792974607919,"oob_r2",-0.0532798994651797,0.0196078431372549,TRUE,0.900553184763711,0.666666666666667
"HSPC","KLF10","lm",234,38,NA,0.644061921662761,0.351248847001304,"cv_r2",-0.173376631107963,0.0196078431372549,TRUE,NA,NA
"HSPC","KLF10","ridge",234,38,NA,0.682602826384415,0.394304554502308,"cv_r2",-0.00252925627866328,0.0196078431372549,TRUE,NA,NA
"HSPC","KLF10","spearman",234,38,NA,0.384486181480209,0.255827028413372,"cv_r2",0.016413580974845,0.0196078431372549,TRUE,NA,NA
"HSPC","CEBPA","rf",234,38,0.581782631053535,0.58304983708876,0.314928046442256,"oob_r2",-0.0432608144961677,0.0196078431372549,TRUE,0.886634812950602,0.616137566137566
"HSPC","CEBPA","lm",234,38,NA,0.318905164389829,-0.112168844971787,"cv_r2",-0.154221642859435,0.0196078431372549,TRUE,NA,NA
"HSPC","CEBPA","ridge",234,38,NA,0.422327534119742,0.222144873769238,"cv_r2",0.000636858618318265,0.0196078431372549,TRUE,NA,NA
"HSPC","CEBPA","spearman",234,38,NA,0.213963481104588,0.00780241941706228,"cv_r2",0.0203243246697561,0.0196078431372549,TRUE,NA,NA
"HSPC","GATA2","rf",234,38,0.690626792724271,0.669869092817023,0.480480798429678,"oob_r2",-0.0551335983910964,0.0196078431372549,TRUE,0.928749802434013,0.724867724867725
"HSPC","GATA2","lm",234,38,NA,0.37663196827081,0.00644762899758022,"cv_r2",-0.171666863260598,0.0196078431372549,TRUE,NA,NA
"HSPC","GATA2","ridge",234,38,NA,0.487453396198138,0.328209292121366,"cv_r2",0.00463340035784522,0.0196078431372549,TRUE,NA,NA
"HSPC","GATA2","spearman",234,38,NA,0.181602250759818,-0.0571712214750391,"cv_r2",0.0105136572168718,0.0196078431372549,TRUE,NA,NA
"HSPC","BATF3","rf",234,38,0.725548202737668,0.721040471952154,0.612166342306915,"oob_r2",-0.0390691267255071,0.0196078431372549,TRUE,0.871403387192861,0.933333333333333
"HSPC","BATF3","lm",234,38,NA,0.595119045088335,0.502705569104093,"cv_r2",-0.141456292522063,0.0196078431372549,TRUE,NA,NA
"HSPC","BATF3","ridge",234,38,NA,0.648928811139099,0.565114860766716,"cv_r2",0.00299750212789687,0.0196078431372549,TRUE,NA,NA
"HSPC","BATF3","spearman",234,38,NA,0.586490837582815,0.580176513034387,"cv_r2",0.00432717437647488,0.0196078431372549,TRUE,NA,NA
"HSPC","BHLHE41","rf",234,38,0.64726446711541,0.624462618992559,0.424544797595865,"oob_r2",-0.052495291795692,0.0196078431372549,TRUE,0.870430754641281,0.627513227513227
"HSPC","BHLHE41","lm",234,38,NA,0.609524914803166,0.448697868172961,"cv_r2",-0.192961078158849,0.0196078431372549,TRUE,NA,NA
"HSPC","BHLHE41","ridge",234,38,NA,0.634836924051646,0.491200364436304,"cv_r2",-0.00315600483732473,0.0196078431372549,TRUE,NA,NA
"HSPC","BHLHE41","spearman",234,38,NA,0.445407680488677,0.332336747973564,"cv_r2",0.0193828547333579,0.0196078431372549,TRUE,NA,NA
"HSPC","JUN","rf",234,38,0.646770551407118,0.578466100074187,-0.21557044697714,"oob_r2",-0.0405625463650693,0.0196078431372549,TRUE,0.87839661523872,0.674074074074074
"HSPC","JUN","lm",234,38,NA,0.401424372522808,-0.351538371713663,"cv_r2",-0.130947464329388,0.0196078431372549,TRUE,NA,NA
"HSPC","JUN","ridge",234,38,NA,0.448764981235564,-0.359473039285598,"cv_r2",-0.00283762881037079,0.0196078431372549,TRUE,NA,NA
"HSPC","JUN","spearman",234,38,NA,0.0746741283591,-0.542740151415917,"cv_r2",0.0103234262926862,0.0196078431372549,TRUE,NA,NA
"HSPC","ZNF76","rf",234,38,0.702551224733807,0.681939309195288,0.436660633576387,"oob_r2",-0.0590079724355445,0.0196078431372549,TRUE,0.922490911964596,0.785185185185185
"HSPC","ZNF76","lm",234,38,NA,0.499582478104891,0.243597446776948,"cv_r2",-0.189622951111429,0.0196078431372549,TRUE,NA,NA
"HSPC","ZNF76","ridge",234,38,NA,0.569413406694594,0.348704111455554,"cv_r2",-0.001542086659834,0.0196078431372549,TRUE,NA,NA
"HSPC","ZNF76","spearman",234,38,NA,0.247793603616566,0.0368810156337398,"cv_r2",0.000294207793446303,0.0196078431372549,TRUE,NA,NA
"HSPC","ETS1","rf",234,38,0.723025050927628,0.67638764491717,0.357150699358993,"oob_r2",-0.0719552544182892,0.0196078431372549,TRUE,0.912774312774313,0.704761904761905
"HSPC","ETS1","lm",234,38,NA,0.347342594681911,-0.153463252704169,"cv_r2",-0.192210010972999,0.0196078431372549,TRUE,NA,NA
"HSPC","ETS1","ridge",234,38,NA,0.460612003133851,0.176086756039913,"cv_r2",-0.00240348145849006,0.0196078431372549,TRUE,NA,NA
"HSPC","ETS1","spearman",234,38,NA,0.128514975496165,-0.169304233904982,"cv_r2",0.00209673787046253,0.0196078431372549,TRUE,NA,NA
"HSPC","ZNF740","rf",234,38,0.669785101336054,0.637564274865341,0.474785219152184,"oob_r2",-0.0418647518095993,0.0196078431372549,TRUE,0.884251863199232,0.648941798941799
"HSPC","ZNF740","lm",234,38,NA,0.528478644535439,0.120532649860022,"cv_r2",-0.177974961206221,0.0196078431372549,TRUE,NA,NA
"HSPC","ZNF740","ridge",234,38,NA,0.588065940133806,0.339837458793005,"cv_r2",-0.00318861351237274,0.0196078431372549,TRUE,NA,NA
"HSPC","ZNF740","spearman",234,38,NA,0.401316612475214,0.343472355335772,"cv_r2",0.00338844239228358,0.0196078431372549,TRUE,NA,NA
"HSPC","HLF","rf",234,38,0.620653884939949,0.601961051514268,0.375257974573124,"oob_r2",-0.0510832193767207,0.0196078431372549,TRUE,0.866846603688709,0.68042328042328
"HSPC","HLF","lm",234,38,NA,0.61642352769107,0.363421424279897,"cv_r2",-0.175349555532646,0.0196078431372549,TRUE,NA,NA
"HSPC","HLF","ridge",234,38,NA,0.591746074471372,0.292796260061598,"cv_r2",-0.00199085126437429,0.0196078431372549,TRUE,NA,NA
"HSPC","HLF","spearman",234,38,NA,0.343796880555932,0.133132310300303,"cv_r2",0.0128271075525205,0.0196078431372549,TRUE,NA,NA
"HSPC","MYBL1","rf",234,38,0.751125361213366,0.717103897326583,0.218690169426705,"oob_r2",-0.0298176953961743,0.0196078431372549,TRUE,0.88374609427241,0.762962962962963
"HSPC","MYBL1","lm",234,38,NA,0.543048347461488,0.149369720862856,"cv_r2",-0.150838283034,0.0196078431372549,TRUE,NA,NA
"HSPC","MYBL1","ridge",234,38,NA,0.619698557071125,0.166787772310316,"cv_r2",-0.00275631392969793,0.0196078431372549,TRUE,NA,NA
"HSPC","MYBL1","spearman",234,38,NA,0.308812786253474,0.10156752431968,"cv_r2",-0.000380751322261046,0.0196078431372549,TRUE,NA,NA
"HSPC","SP100","rf",234,38,0.677737424117133,0.629784342823884,0.118430279332555,"oob_r2",-0.0385435851083013,0.0196078431372549,TRUE,0.829896293054188,0.718518518518518
"HSPC","SP100","lm",234,38,NA,0.408289390103984,-0.220482183079731,"cv_r2",-0.135919417858747,0.0196078431372549,TRUE,NA,NA
"HSPC","SP100","ridge",234,38,NA,0.496387933518057,-0.0523291570017106,"cv_r2",-0.00233748025243353,0.0196078431372549,TRUE,NA,NA
"HSPC","SP100","spearman",234,38,NA,0.249980279395505,0.0108658915050769,"cv_r2",0.0114768659386735,0.0196078431372549,TRUE,NA,NA
"HSPC","BDP1","rf",234,38,0.584558218793367,0.532313162074553,0.19159643410784,"oob_r2",-0.0292185316142906,0.0196078431372549,TRUE,0.861925082977714,0.740740740740741
"HSPC","BDP1","lm",234,38,NA,0.214578009329278,-0.0257798482943103,"cv_r2",-0.147071713044053,0.0196078431372549,TRUE,NA,NA
"HSPC","BDP1","ridge",234,38,NA,0.42957892223303,0.177978581831402,"cv_r2",-0.00125944075359372,0.0196078431372549,TRUE,NA,NA
"HSPC","BDP1","spearman",234,38,NA,0.261763808472247,0.130452419819556,"cv_r2",0.00508655660189979,0.0196078431372549,TRUE,NA,NA
"HSPC","DMRTA1","rf",234,38,0.75208934834979,0.733012286947196,0.395935448809635,"oob_r2",-0.0478309066440072,0.0196078431372549,TRUE,0.898768404031562,1
"HSPC","DMRTA1","lm",234,38,NA,0.676721791980707,0.39906336938784,"cv_r2",-0.143012199329876,0.0196078431372549,TRUE,NA,NA
"HSPC","DMRTA1","ridge",234,38,NA,0.707021621697259,0.384336798574164,"cv_r2",-0.00289165889489416,0.0196078431372549,TRUE,NA,NA
"HSPC","DMRTA1","spearman",234,38,NA,0.547597860815437,0.397585459404623,"cv_r2",0.00190163627399055,0.0196078431372549,TRUE,NA,NA
"HSPC","NFE2L2","rf",234,38,0.733539368529393,0.736187947077998,0.409481436033468,"oob_r2",-0.0383620782932782,0.0196078431372549,TRUE,0.934901703322756,0.881481481481481
"HSPC","NFE2L2","lm",234,38,NA,0.379755394390705,0.00774027724064363,"cv_r2",-0.170970155128076,0.0196078431372549,TRUE,NA,NA
"HSPC","NFE2L2","ridge",234,38,NA,0.511525761443478,0.21527623387766,"cv_r2",0.00494798175631818,0.0196078431372549,TRUE,NA,NA
"HSPC","NFE2L2","spearman",234,38,NA,0.206394326093744,0.0258036083013005,"cv_r2",0.00645120029506742,0.0196078431372549,TRUE,NA,NA
"HSPC","IRF7","rf",234,38,0.59800293658593,0.508540928039579,-0.363838733125908,"oob_r2",-0.0441413194875679,0.0196078431372549,TRUE,0.857596868123184,0.5994708994709
"HSPC","IRF7","lm",234,38,NA,0.33220474514421,-0.534952605542319,"cv_r2",-0.135608219940148,0.0196078431372549,TRUE,NA,NA
"HSPC","IRF7","ridge",234,38,NA,0.447569256251173,-0.456005458714222,"cv_r2",-0.00308911525769489,0.0196078431372549,TRUE,NA,NA
"HSPC","IRF7","spearman",234,38,NA,0.181190837248427,-0.550497280310931,"cv_r2",0.00559226285570758,0.0196078431372549,TRUE,NA,NA
"HSPC","HOXA5","rf",234,38,0.828454001188434,0.820656349063518,0.654267652768739,"oob_r2",-0.0258983800852181,0.0196078431372549,TRUE,0.897829813619287,0.822222222222222
"HSPC","HOXA5","lm",234,38,NA,0.724575851711722,0.554662330214241,"cv_r2",-0.123366676134508,0.0196078431372549,TRUE,NA,NA
"HSPC","HOXA5","ridge",234,38,NA,0.737707431300496,0.625107469862369,"cv_r2",-0.000886896054273501,0.0196078431372549,TRUE,NA,NA
"HSPC","HOXA5","spearman",234,38,NA,0.505028731330207,0.361104870312618,"cv_r2",0.00764691449229879,0.0196078431372549,TRUE,NA,NA
"HSPC","POU2F2","rf",234,38,0.765824750720146,0.743663483539171,0.51940652302187,"oob_r2",-0.0497575291446277,0.0196078431372549,TRUE,0.898996972681183,0.933333333333333
"HSPC","POU2F2","lm",234,38,NA,0.658678241583654,0.549310100028022,"cv_r2",-0.180168005842401,0.0196078431372549,TRUE,NA,NA
"HSPC","POU2F2","ridge",234,38,NA,0.702113850016551,0.56201546097249,"cv_r2",-0.00203123790338443,0.0196078431372549,TRUE,NA,NA
"HSPC","POU2F2","spearman",234,38,NA,0.450842566118723,0.275420572062982,"cv_r2",0.00219034629605774,0.0196078431372549,TRUE,NA,NA
"HSPC","FOXN3","rf",234,38,0.772995214656547,0.7431937111201,0.614665768724316,"oob_r2",-0.0527914071103032,0.0196078431372549,TRUE,0.892971514024146,0.874074074074074
"HSPC","FOXN3","lm",234,38,NA,0.632229030872334,0.441533990832436,"cv_r2",-0.161432263347798,0.0196078431372549,TRUE,NA,NA
"HSPC","FOXN3","ridge",234,38,NA,0.6685767299886,0.571235533059968,"cv_r2",0.000550435716386153,0.0196078431372549,TRUE,NA,NA
"HSPC","FOXN3","spearman",234,38,NA,0.483344959165719,0.403024113978093,"cv_r2",0.00124351061200921,0.0196078431372549,TRUE,NA,NA
"HSPC","CEBPB","rf",234,38,0.62297908649883,0.609042244623171,0.0602182439206009,"oob_r2",-0.0322258844264882,0.0196078431372549,TRUE,0.828281723018565,0.744973544973545
"HSPC","CEBPB","lm",234,38,NA,0.382644736399453,-0.27075501351724,"cv_r2",-0.143808524122744,0.0196078431372549,TRUE,NA,NA
"HSPC","CEBPB","ridge",234,38,NA,0.4817580391289,-0.110575567129994,"cv_r2",-0.00478432597558531,0.0196078431372549,TRUE,NA,NA
"HSPC","CEBPB","spearman",234,38,NA,0.21979425073416,-0.121354221862124,"cv_r2",0.00821493186853095,0.0196078431372549,TRUE,NA,NA
"HSPC","NFATC4","rf",234,38,0.672799721862695,0.616321989767711,0.124444023621472,"oob_r2",-0.0402281669561581,0.0196078431372549,TRUE,0.87455471665998,0.641269841269841
"HSPC","NFATC4","lm",234,38,NA,0.427808016133803,-0.148065776977224,"cv_r2",-0.125812845689408,0.0196078431372549,TRUE,NA,NA
"HSPC","NFATC4","ridge",234,38,NA,0.533993341024829,-0.041203006385572,"cv_r2",-0.00129029862293766,0.0196078431372549,TRUE,NA,NA
"HSPC","NFATC4","spearman",234,38,NA,0.262190143332127,-0.00816512729447871,"cv_r2",0.0148499338929017,0.0196078431372549,TRUE,NA,NA
"HSPC","STAT1","rf",234,38,0.602906430977467,0.555715447197143,-0.260658696255581,"oob_r2",-0.0460507833221809,0.0196078431372549,TRUE,0.86154089311984,0.630687830687831
"HSPC","STAT1","lm",234,38,NA,0.424152268207663,-0.412477158889855,"cv_r2",-0.145707447823945,0.0196078431372549,TRUE,NA,NA
"HSPC","STAT1","ridge",234,38,NA,0.500165085920866,-0.373185775898004,"cv_r2",-0.0024770032715208,0.0196078431372549,TRUE,NA,NA
"HSPC","STAT1","spearman",234,38,NA,0.222000742527955,-0.374667280147215,"cv_r2",-0.00169329964828014,0.0196078431372549,TRUE,NA,NA
"HSPC","IRF9","rf",234,38,0.608723121963672,0.532305043381754,-0.245844622933053,"oob_r2",-0.0418024133945482,0.0196078431372549,TRUE,0.865411970675128,0.73015873015873
"HSPC","IRF9","lm",234,38,NA,0.416355914097774,-0.394680318951181,"cv_r2",-0.14436131666633,0.0196078431372549,TRUE,NA,NA
"HSPC","IRF9","ridge",234,38,NA,0.491468682671147,-0.384758796346015,"cv_r2",-0.00290822649896093,0.0196078431372549,TRUE,NA,NA
"HSPC","IRF9","spearman",234,38,NA,0.216953197758452,-0.40448252085455,"cv_r2",-0.00148395015965689,0.0196078431372549,TRUE,NA,NA
"HSPC","ZNF143","rf",234,38,0.626881711743585,0.588979285671927,-0.134487900589414,"oob_r2",-0.0619167922846401,0.0196078431372549,TRUE,0.883405672879357,0.784126984126984
"HSPC","ZNF143","lm",234,38,NA,0.413083956209776,-0.339738133479255,"cv_r2",-0.150274143186918,0.0196078431372549,TRUE,NA,NA
"HSPC","ZNF143","ridge",234,38,NA,0.510409840873668,-0.253935300547206,"cv_r2",-0.00120422830562753,0.0196078431372549,TRUE,NA,NA
"HSPC","ZNF143","spearman",234,38,NA,0.246267035501368,-0.408317859140939,"cv_r2",-0.00782334019047023,0.0196078431372549,TRUE,NA,NA
"HSPC","ESRRA","rf",234,38,0.751257620116151,0.716506547795491,0.536078030007016,"oob_r2",-0.0511300647115824,0.0196078431372549,TRUE,0.885662180399022,0.814814814814815
"HSPC","ESRRA","lm",234,38,NA,0.597485229170241,0.457723555608206,"cv_r2",-0.156832886506339,0.0196078431372549,TRUE,NA,NA
"HSPC","ESRRA","ridge",234,38,NA,0.634893412349249,0.481371090807057,"cv_r2",-0.000383710620419365,0.0196078431372549,TRUE,NA,NA
"HSPC","ESRRA","spearman",234,38,NA,0.459041181158945,0.14521578125907,"cv_r2",0.0175721045357202,0.0196078431372549,TRUE,NA,NA
"HSPC","GATA3","rf",234,38,0.71346561400467,0.710637312358696,0.245438859702215,"oob_r2",-0.0421282918991242,0.0196078431372549,TRUE,0.915449052291157,0.933333333333333
"HSPC","GATA3","lm",234,38,NA,0.583718155142767,0.185185695872552,"cv_r2",-0.116413306732131,0.0196078431372549,TRUE,NA,NA
"HSPC","GATA3","ridge",234,38,NA,0.651295491278541,0.200727354687198,"cv_r2",0.00294786357197219,0.0196078431372549,TRUE,NA,NA
"HSPC","GATA3","spearman",234,38,NA,0.535582528924887,0.285641249568552,"cv_r2",0.00507438970522479,0.0196078431372549,TRUE,NA,NA
"HSPC","SMC3","rf",234,38,0.582807691676358,0.525174027455261,-0.27875430548857,"oob_r2",-0.0438934174455757,0.0196078431372549,TRUE,0.851342840816525,0.758730158730159
"HSPC","SMC3","lm",234,38,NA,0.385422267541692,-0.434504489293991,"cv_r2",-0.157239217538231,0.0196078431372549,TRUE,NA,NA
"HSPC","SMC3","ridge",234,38,NA,0.469046074230589,-0.392437428209288,"cv_r2",-0.00248612918289272,0.0196078431372549,TRUE,NA,NA
"HSPC","SMC3","spearman",234,38,NA,0.25756657883887,-0.312420053614768,"cv_r2",-0.00866651687198111,0.0196078431372549,TRUE,NA,NA
"HSPC","ETS2","rf",234,38,0.687531272316539,0.637520614231964,0.200033838373987,"oob_r2",-0.032759393087424,0.0196078431372549,TRUE,0.87976316397369,0.648677248677249
"HSPC","ETS2","lm",234,38,NA,0.441413618617798,-0.0369770962344322,"cv_r2",-0.154302817830445,0.0196078431372549,TRUE,NA,NA
"HSPC","ETS2","ridge",234,38,NA,0.524783358891598,0.0939181366651697,"cv_r2",0.00072294700709548,0.0196078431372549,TRUE,NA,NA
"HSPC","ETS2","spearman",234,38,NA,0.354179587277727,0.0664082012046201,"cv_r2",0.00873405388061003,0.0196078431372549,TRUE,NA,NA
"HSPC","IKZF2","rf",234,38,0.678763455448358,0.625993097070806,0.0926594042079606,"oob_r2",-0.016131889985337,0.0196078431372549,TRUE,0.892548418864208,0.764021164021164
"HSPC","IKZF2","lm",234,38,NA,0.443608311976244,-0.0652616431696333,"cv_r2",-0.15284138468164,0.0196078431372549,TRUE,NA,NA
"HSPC","IKZF2","ridge",234,38,NA,0.551546433611811,0.0549210381190464,"cv_r2",0.00385268299446229,0.0196078431372549,TRUE,NA,NA
"HSPC","IKZF2","spearman",234,38,NA,0.360275241302641,0.0268043783250925,"cv_r2",0.0194653097689105,0.0196078431372549,TRUE,NA,NA
"HSPC","XBP1","rf",234,38,0.789494171925249,0.774467350224426,0.646511516728772,"oob_r2",-0.0289700656433666,0.0196078431372549,TRUE,0.903548893022577,0.814814814814815
"HSPC","XBP1","lm",234,38,NA,0.645679969439482,0.548529155579044,"cv_r2",-0.137656119992255,0.0196078431372549,TRUE,NA,NA
"HSPC","XBP1","ridge",234,38,NA,0.696828964491238,0.632481555613514,"cv_r2",-0.00125816329749497,0.0196078431372549,TRUE,NA,NA
"HSPC","XBP1","spearman",234,38,NA,0.481382077114309,0.384441557649091,"cv_r2",0.0145993839665135,0.0196078431372549,TRUE,NA,NA
"HSPC","BHLHE40","rf",234,38,0.714449407269146,0.672929957629709,0.616395896646823,"oob_r2",-0.0557662153969899,0.0196078431372549,TRUE,0.870892755103281,0.712169312169312
"HSPC","BHLHE40","lm",234,38,NA,0.610134885592338,0.418458462457497,"cv_r2",-0.170614971431994,0.0196078431372549,TRUE,NA,NA
"HSPC","BHLHE40","ridge",234,38,NA,0.637747126316648,0.52462705745083,"cv_r2",-0.00177582204534564,0.0196078431372549,TRUE,NA,NA
"HSPC","BHLHE40","spearman",234,38,NA,0.416553724925683,0.330928850696125,"cv_r2",0.0315229813869426,0.0196078431372549,TRUE,NA,NA
"HSPC","BCL11A","rf",234,38,0.619838318341226,0.58868176854604,0.312933331747682,"oob_r2",-0.0457563963978432,0.0196078431372549,TRUE,0.87184593500383,0.811640211640212
"HSPC","BCL11A","lm",234,38,NA,0.334862069944385,-0.149552687150979,"cv_r2",-0.157900789601178,0.0196078431372549,TRUE,NA,NA
"HSPC","BCL11A","ridge",234,38,NA,0.444256036617707,0.152655635098779,"cv_r2",0.00155272755177118,0.0196078431372549,TRUE,NA,NA
"HSPC","BCL11A","spearman",234,38,NA,0.202107277383898,-0.0020499019457727,"cv_r2",0.01337327171918,0.0196078431372549,TRUE,NA,NA
"HSPC","CHD2","rf",234,38,0.646945909418996,0.639841327495857,0.371675260481819,"oob_r2",-0.0190181555572094,0.0196078431372549,TRUE,0.869268458742143,0.933333333333333
"HSPC","CHD2","lm",234,38,NA,0.406065672036629,0.0129981364141333,"cv_r2",-0.154302846300287,0.0196078431372549,TRUE,NA,NA
"HSPC","CHD2","ridge",234,38,NA,0.529108379222576,0.240559872198287,"cv_r2",-0.00221764801550766,0.0196078431372549,TRUE,NA,NA
"HSPC","CHD2","spearman",234,38,NA,0.223517228759054,0.100423976840118,"cv_r2",0.0209893992786107,0.0196078431372549,TRUE,NA,NA
"HSPC","KLF13","rf",234,38,0.473717628342071,0.457671469167523,-0.0325884873426718,"oob_r2",-0.03145937044308,0.0196078431372549,TRUE,0.841344178186283,0.665608465608466
"HSPC","KLF13","lm",234,38,NA,0.108764365976177,-0.468177818053418,"cv_r2",-0.157706065444241,0.0196078431372549,TRUE,NA,NA
"HSPC","KLF13","ridge",234,38,NA,0.278972953672979,-0.182734671669478,"cv_r2",-0.00232713429777808,0.0196078431372549,TRUE,NA,NA
"HSPC","KLF13","spearman",234,38,NA,0.239743187753466,0.0657211795134778,"cv_r2",-0.00219842993136162,0.0196078431372549,TRUE,NA,NA
"HSPC","NR4A1","rf",234,38,0.617811295416172,0.644189084605402,0.381200963800005,"oob_r2",-0.0246437268568271,0.0196078431372549,TRUE,0.784610521452627,0.762962962962963
"HSPC","NR4A1","lm",234,38,NA,0.483256389375302,0.0680354911973862,"cv_r2",-0.158399407090611,0.0196078431372549,TRUE,NA,NA
"HSPC","NR4A1","ridge",234,38,NA,0.527198233773334,0.270676821816448,"cv_r2",-0.00481760604046019,0.0196078431372549,TRUE,NA,NA
"HSPC","NR4A1","spearman",234,38,NA,0.368409266269808,0.236585356786628,"cv_r2",0.0107410806594152,0.0196078431372549,TRUE,NA,NA
"HSPC","NR4A3","rf",234,38,0.700869501437635,0.68004494476095,0.531981765496864,"oob_r2",-0.0635480548924412,0.0196078431372549,TRUE,0.83174429490219,0.645502645502645
"HSPC","NR4A3","lm",234,38,NA,0.47281340440981,0.0700698156994851,"cv_r2",-0.176220571850961,0.0196078431372549,TRUE,NA,NA
"HSPC","NR4A3","ridge",234,38,NA,0.55391468122161,0.331940755459999,"cv_r2",-0.00483060308302804,0.0196078431372549,TRUE,NA,NA
"HSPC","NR4A3","spearman",234,38,NA,0.429222838760612,0.334518387553476,"cv_r2",0.00251315869832062,0.0196078431372549,TRUE,NA,NA
"HSPC","JUND","rf",234,38,0.659635104888033,0.631195913676964,-0.0718744727749829,"oob_r2",-0.0454438017704695,0.0196078431372549,TRUE,0.882253103305735,0.844444444444444
"HSPC","JUND","lm",234,38,NA,0.462787810396673,-0.22122333526936,"cv_r2",-0.148929914965547,0.0196078431372549,TRUE,NA,NA
"HSPC","JUND","ridge",234,38,NA,0.521855953637305,-0.221823383219671,"cv_r2",-0.00347032546378793,0.0196078431372549,TRUE,NA,NA
"HSPC","JUND","spearman",234,38,NA,0.444547532518847,0.0149665676437283,"cv_r2",-0.0034312393099952,0.0196078431372549,TRUE,NA,NA
"HSPC","STAT3","rf",234,38,0.72283587047866,0.71695876237132,0.543541889009602,"oob_r2",-0.0428845305982191,0.0196078431372549,TRUE,0.912521428310902,0.704761904761905
"HSPC","STAT3","lm",234,38,NA,0.602805873091632,0.404124994310911,"cv_r2",-0.182580425439237,0.0196078431372549,TRUE,NA,NA
"HSPC","STAT3","ridge",234,38,NA,0.665426004573159,0.521909507276369,"cv_r2",-0.00385633149291218,0.0196078431372549,TRUE,NA,NA
"HSPC","STAT3","spearman",234,38,NA,0.402140003600022,0.308804517210386,"cv_r2",0.00256719170223287,0.0196078431372549,TRUE,NA,NA
"HSPC","BCL3","rf",234,38,0.779508643162718,0.754664176131729,0.306525383560068,"oob_r2",-0.0336869286719993,0.0196078431372549,TRUE,0.882729693256009,0.82962962962963
"HSPC","BCL3","lm",234,38,NA,0.638776975028983,0.246071766429056,"cv_r2",-0.120955513482144,0.0196078431372549,TRUE,NA,NA
"HSPC","BCL3","ridge",234,38,NA,0.679250460054767,0.295623620038357,"cv_r2",-0.00375135567136495,0.0196078431372549,TRUE,NA,NA
"HSPC","BCL3","spearman",234,38,NA,0.380797535285452,-0.0557707400573524,"cv_r2",0.0251720722545824,0.0196078431372549,TRUE,NA,NA
"HSPC","IRF4","rf",234,38,0.729834101127658,0.638192632131074,0.115673769978413,"oob_r2",-0.0113752231184011,0.0196078431372549,TRUE,0.90595129542498,0.77037037037037
"HSPC","IRF4","lm",234,38,NA,0.499986634527948,-0.0540492965455521,"cv_r2",-0.165244637179732,0.0196078431372549,TRUE,NA,NA
"HSPC","IRF4","ridge",234,38,NA,0.5570444294928,-0.00651623899132292,"cv_r2",-0.000638272409648924,0.0196078431372549,TRUE,NA,NA
"HSPC","IRF4","spearman",234,38,NA,0.133202978026805,-0.465484245489584,"cv_r2",0.0263367537757613,0.0196078431372549,TRUE,NA,NA
"HSPC","MBD2","rf",234,38,0.755891365791571,0.735751196115578,0.535219939334374,"oob_r2",-0.0463545672289404,0.0196078431372549,TRUE,0.922704891125944,0.819047619047619
"HSPC","MBD2","lm",234,38,NA,0.579847012471969,0.252506443696145,"cv_r2",-0.175699581279891,0.0196078431372549,TRUE,NA,NA
"HSPC","MBD2","ridge",234,38,NA,0.659166083240104,0.464647093324187,"cv_r2",-0.0029160478802231,0.0196078431372549,TRUE,NA,NA
"HSPC","MBD2","spearman",234,38,NA,0.415601421174228,0.255151875294618,"cv_r2",-0.00274608626532125,0.0196078431372549,TRUE,NA,NA
"HSPC","KLF5","rf",234,38,0.695024512824096,0.703779268327794,0.444715855133478,"oob_r2",-0.00781349511505472,0.0196078431372549,TRUE,0.871559008401114,1
"HSPC","KLF5","lm",234,38,NA,0.518668880454983,0.102852825870141,"cv_r2",-0.136313752554575,0.0196078431372549,TRUE,NA,NA
"HSPC","KLF5","ridge",234,38,NA,0.586695668031501,0.330482778590787,"cv_r2",-0.00210676281103028,0.0196078431372549,TRUE,NA,NA
"HSPC","KLF5","spearman",234,38,NA,0.365519236385159,-0.132205164974091,"cv_r2",0.00581046664520714,0.0196078431372549,TRUE,NA,NA
"HSPC","IRF1","rf",234,38,0.680031241574237,0.625118758979547,-0.106148660623669,"oob_r2",-0.0422757866372005,0.0196078431372549,TRUE,0.891099196362354,0.874074074074074
"HSPC","IRF1","lm",234,38,NA,0.467727901170899,-0.295160193214719,"cv_r2",-0.15401157446982,0.0196078431372549,TRUE,NA,NA
"HSPC","IRF1","ridge",234,38,NA,0.544975243292917,-0.171343128906877,"cv_r2",0.00237606474828118,0.0196078431372549,TRUE,NA,NA
"HSPC","IRF1","spearman",234,38,NA,0.0629228153795055,-0.357145712984787,"cv_r2",0.00744915333033836,0.0196078431372549,TRUE,NA,NA
"HSPC","GATA1","rf",234,38,0.75718835196124,0.752241190853576,0.577099560359815,"oob_r2",-0.0189065461951117,0.0196078431372549,TRUE,0.926235547288179,0.8
"HSPC","GATA1","lm",234,38,NA,0.57104998127984,0.309354979928053,"cv_r2",-0.141878351925631,0.0196078431372549,TRUE,NA,NA
"HSPC","GATA1","ridge",234,38,NA,0.632112884506685,0.495768288276581,"cv_r2",0.000684651453764136,0.0196078431372549,TRUE,NA,NA
"HSPC","GATA1","spearman",234,38,NA,0.229157008698407,0.0206054136632609,"cv_r2",0.00459281613569828,0.0196078431372549,TRUE,NA,NA
"HSPC","KLF3","rf",234,38,0.778946967483908,0.778553757049432,0.612008569203388,"oob_r2",-0.0347811482319871,0.0196078431372549,TRUE,0.923132849448639,0.874074074074074
"HSPC","KLF3","lm",234,38,NA,0.698797355089301,0.488994766520515,"cv_r2",-0.162448851572275,0.0196078431372549,TRUE,NA,NA
"HSPC","KLF3","ridge",234,38,NA,0.723309591546214,0.581208833680368,"cv_r2",-0.00179920843011367,0.0196078431372549,TRUE,NA,NA
"HSPC","KLF3","spearman",234,38,NA,0.46546836216085,0.266725438480439,"cv_r2",-0.00210624379723029,0.0196078431372549,TRUE,NA,NA
"HSPC","FOSB","rf",234,38,0.821387363575808,0.791686284279966,0.706824245035865,"oob_r2",-0.0431623378290789,0.0196078431372549,TRUE,0.883123609439399,0.933333333333333
"HSPC","FOSB","lm",234,38,NA,0.723497558086127,0.517096283288087,"cv_r2",-0.18156502618431,0.0196078431372549,TRUE,NA,NA
"HSPC","FOSB","ridge",234,38,NA,0.734293216435126,0.603339090620882,"cv_r2",-0.00154053781020382,0.0196078431372549,TRUE,NA,NA
"HSPC","FOSB","spearman",234,38,NA,0.534075060023762,0.465855563310683,"cv_r2",0.0153739744033123,0.0196078431372549,TRUE,NA,NA
"HSPC","FOSL2","rf",234,38,0.761508649952884,0.742470085118951,0.381827905308753,"oob_r2",-0.0324996702026497,0.0196078431372549,TRUE,0.907181675602728,1
"HSPC","FOSL2","lm",234,38,NA,0.605871089095808,0.269788676215433,"cv_r2",-0.162034169601914,0.0196078431372549,TRUE,NA,NA
"HSPC","FOSL2","ridge",234,38,NA,0.65630400569241,0.338732335889255,"cv_r2",0.000589521754335984,0.0196078431372549,TRUE,NA,NA
"HSPC","FOSL2","spearman",234,38,NA,0.370789385107102,0.0915917487496184,"cv_r2",0.00795542512150645,0.0196078431372549,TRUE,NA,NA
"HSPC","ELF1","rf",234,38,0.745416215223745,0.688709650402565,0.208806234250658,"oob_r2",-0.0326974454608672,0.0196078431372549,TRUE,0.886527823369929,0.785185185185185
"HSPC","ELF1","lm",234,38,NA,0.570379254005982,0.133808178979398,"cv_r2",-0.172409677467449,0.0196078431372549,TRUE,NA,NA
"HSPC","ELF1","ridge",234,38,NA,0.647413481696696,0.237435731986722,"cv_r2",-0.00131765187526546,0.0196078431372549,TRUE,NA,NA
"HSPC","ELF1","spearman",234,38,NA,0.382866357715842,-0.0344983150273332,"cv_r2",0.0153306863268016,0.0196078431372549,TRUE,NA,NA
"HSPC","ATF3","rf",234,38,0.717022675127641,0.688905411425951,0.331188549369264,"oob_r2",-0.0361947844704568,0.0196078431372549,TRUE,0.887510182247024,0.755555555555556
"HSPC","ATF3","lm",234,38,NA,0.546398495454556,0.140775261027754,"cv_r2",-0.154425305544154,0.0196078431372549,TRUE,NA,NA
"HSPC","ATF3","ridge",234,38,NA,0.611821624707914,0.27110985471227,"cv_r2",-0.00249989090272129,0.0196078431372549,TRUE,NA,NA
"HSPC","ATF3","spearman",234,38,NA,0.392338151705218,0.137973585140243,"cv_r2",0.0133008323092548,0.0196078431372549,TRUE,NA,NA
"HSPC","NR3C1","rf",234,38,0.741893521569013,0.69395319843725,0.205947144754132,"oob_r2",-0.0256596667246281,0.0196078431372549,TRUE,0.905776221565695,0.726984126984127
"HSPC","NR3C1","lm",234,38,NA,0.541605140989647,0.0723332679630444,"cv_r2",-0.150115870080038,0.0196078431372549,TRUE,NA,NA
"HSPC","NR3C1","ridge",234,38,NA,0.62495231655533,0.163450045397328,"cv_r2",-0.00197626503862044,0.0196078431372549,TRUE,NA,NA
"HSPC","NR3C1","spearman",234,38,NA,0.206005380138719,-0.37973370364456,"cv_r2",0.00204626960298791,0.0196078431372549,TRUE,NA,NA
"CD4_TCM","STAT3","rf",1200,46,0.652749634287492,0.634788037885961,0.485228756817315,"oob_r2",-0.0443493823033077,0.0196078431372549,TRUE,0.93763798951588,0.814814814814815
"CD4_TCM","STAT3","lm",1200,46,NA,0.600794260267705,0.497322026819816,"cv_r2",-0.0353629147306287,0.0196078431372549,TRUE,NA,NA
"CD4_TCM","STAT3","ridge",1200,46,NA,0.603483919578627,0.510247536783672,"cv_r2",-0.000104166302929228,0.0196078431372549,TRUE,NA,NA
"CD4_TCM","STAT3","spearman",1200,46,NA,0.180836666183815,-0.052482985137682,"cv_r2",0.00109672704599569,0.0196078431372549,TRUE,NA,NA
"CD4_TCM","KLF9","rf",1200,46,0.613177202602499,0.612870246497676,0.420777553655677,"oob_r2",-0.0456621538751215,0.0196078431372549,TRUE,0.916250385445575,0.785185185185185
"CD4_TCM","KLF9","lm",1200,46,NA,0.563390106982498,0.477437047203059,"cv_r2",-0.0341297759945019,0.0196078431372549,TRUE,NA,NA
"CD4_TCM","KLF9","ridge",1200,46,NA,0.567038579404182,0.478308082326255,"cv_r2",-0.000535461981503449,0.0196078431372549,TRUE,NA,NA
"CD4_TCM","KLF9","spearman",1200,46,NA,0.165797180514427,0.0786011321774862,"cv_r2",0.00379880799852618,0.0196078431372549,TRUE,NA,NA
"CD4_TCM","FOS","rf",1200,46,0.469513400273027,0.452908729281419,-0.106611832895304,"oob_r2",-0.0398981415726561,0.0196078431372549,TRUE,0.931525679240758,0.844444444444444
"CD4_TCM","FOS","lm",1200,46,NA,0.385877881382336,-0.077250464039524,"cv_r2",-0.0345948259773548,0.0196078431372549,TRUE,NA,NA
"CD4_TCM","FOS","ridge",1200,46,NA,0.390790033943517,-0.0462326887946711,"cv_r2",0.000717359409131681,0.0196078431372549,TRUE,NA,NA
"CD4_TCM","FOS","spearman",1200,46,NA,0.145984593797273,-0.170973181722367,"cv_r2",0.00124583663489675,0.0196078431372549,TRUE,NA,NA
"CD4_TCM","JUND","rf",1200,46,0.501220491813103,0.475844159315027,-0.233556347824007,"oob_r2",-0.0458177961042742,0.0196078431372549,TRUE,0.91587487580087,0.8
"CD4_TCM","JUND","lm",1200,46,NA,0.430748561105969,-0.0896332961718305,"cv_r2",-0.0349837507488532,0.0196078431372549,TRUE,NA,NA
"CD4_TCM","JUND","ridge",1200,46,NA,0.434254996391994,-0.0756085832097511,"cv_r2",-0.000518658719356802,0.0196078431372549,TRUE,NA,NA
"CD4_TCM","JUND","spearman",1200,46,NA,0.170246241834371,-0.259780031625609,"cv_r2",0.00454314433155624,0.0196078431372549,TRUE,NA,NA
"CD4_TCM","ETS1","rf",1200,46,0.655275212988085,0.65587387202816,0.323233410961809,"oob_r2",-0.0465435648264552,0.0196078431372549,TRUE,0.932032754308425,1
"CD4_TCM","ETS1","lm",1200,46,NA,0.584699992766733,0.19637624454095,"cv_r2",-0.0353088380447252,0.0196078431372549,TRUE,NA,NA
"CD4_TCM","ETS1","ridge",1200,46,NA,0.587749397292302,0.232695734188824,"cv_r2",-0.000319966186593302,0.0196078431372549,TRUE,NA,NA
"CD4_TCM","ETS1","spearman",1200,46,NA,0.363764273163073,0.000302740602426077,"cv_r2",0.00191627360693262,0.0196078431372549,TRUE,NA,NA
"CD4_TCM","NFE2","rf",1200,46,0.515261488371245,0.500490567633881,-0.282419696825877,"oob_r2",-0.0445203500855694,0.0196078431372549,TRUE,0.923080823654367,0.774603174603175
"CD4_TCM","NFE2","lm",1200,46,NA,0.421495155981451,-0.223339174223296,"cv_r2",-0.027959977897507,0.0196078431372549,TRUE,NA,NA
"CD4_TCM","NFE2","ridge",1200,46,NA,0.425763887296342,-0.187324602622903,"cv_r2",0.00108481937494735,0.0196078431372549,TRUE,NA,NA
"CD4_TCM","NFE2","spearman",1200,46,NA,0.198651775417636,-0.385829124780031,"cv_r2",0.00412722644978976,0.0196078431372549,TRUE,NA,NA
"CD4_TCM","EHF","rf",1200,46,0.555810900377427,0.53191130158972,0.0903232745587531,"oob_r2",-0.0484577717221672,0.0196078431372549,TRUE,0.927055195806352,0.75026455026455
"CD4_TCM","EHF","lm",1200,46,NA,0.460666175466846,-0.0551209788466873,"cv_r2",-0.0308519064929686,0.0196078431372549,TRUE,NA,NA
"CD4_TCM","EHF","ridge",1200,46,NA,0.466056718269748,0.0261787849251419,"cv_r2",-0.000502549400015917,0.0196078431372549,TRUE,NA,NA
"CD4_TCM","EHF","spearman",1200,46,NA,0.232139949912584,-0.15089085626607,"cv_r2",0.0021926843946578,0.0196078431372549,TRUE,NA,NA
"CD4_TCM","ZNF143","rf",1200,46,0.466717869200189,0.446568321982618,-0.254510951264731,"oob_r2",-0.0451070234934881,0.0196078431372549,TRUE,0.926720800356323,0.822222222222222
"CD4_TCM","ZNF143","lm",1200,46,NA,0.376957239150723,-0.221153436990867,"cv_r2",-0.0314287569855745,0.0196078431372549,TRUE,NA,NA
"CD4_TCM","ZNF143","ridge",1200,46,NA,0.381533712402062,-0.187788125107952,"cv_r2",0.000809988107832176,0.0196078431372549,TRUE,NA,NA
"CD4_TCM","ZNF143","spearman",1200,46,NA,0.129045485480606,-0.397501290745653,"cv_r2",0.00282720917415711,0.0196078431372549,TRUE,NA,NA
"CD4_TCM","REST","rf",1200,46,0.423291832536031,0.410485907257951,-0.129403132419203,"oob_r2",-0.0341842382454877,0.0196078431372549,TRUE,0.931087127830884,0.697354497354497
"CD4_TCM","REST","lm",1200,46,NA,0.331847391826267,-0.0934091434052577,"cv_r2",-0.0325357846672257,0.0196078431372549,TRUE,NA,NA
"CD4_TCM","REST","ridge",1200,46,NA,0.337847098055189,-0.0735562311727542,"cv_r2",-0.000427372413037775,0.0196078431372549,TRUE,NA,NA
"CD4_TCM","REST","spearman",1200,46,NA,0.136122859887069,-0.290000182893934,"cv_r2",0.000942652534162356,0.0196078431372549,TRUE,NA,NA
"CD4_TCM","CEBPB","rf",1200,46,0.658766512738165,0.65001726259414,0.333794406180597,"oob_r2",-0.0490475980316129,0.0196078431372549,TRUE,0.914523589269195,0.762962962962963
"CD4_TCM","CEBPB","lm",1200,46,NA,0.578444736523156,0.259127333831639,"cv_r2",-0.0329810417099576,0.0196078431372549,TRUE,NA,NA
"CD4_TCM","CEBPB","ridge",1200,46,NA,0.580207649801039,0.289184924046146,"cv_r2",-0.00051160335957986,0.0196078431372549,TRUE,NA,NA
"CD4_TCM","CEBPB","spearman",1200,46,NA,0.430320540735911,0.322034763528735,"cv_r2",-0.000382805375163398,0.0196078431372549,TRUE,NA,NA
"CD4_TCM","ARID3A","rf",1200,46,0.680014937883011,0.667704602121108,0.463065859924918,"oob_r2",-0.0444184636994152,0.0196078431372549,TRUE,0.914570185356494,0.668783068783069
"CD4_TCM","ARID3A","lm",1200,46,NA,0.607423419301985,0.378170876207313,"cv_r2",-0.0389173889693813,0.0196078431372549,TRUE,NA,NA
"CD4_TCM","ARID3A","ridge",1200,46,NA,0.60906735725178,0.394072888277787,"cv_r2",-0.000469034593486317,0.0196078431372549,TRUE,NA,NA
"CD4_TCM","ARID3A","spearman",1200,46,NA,0.442404836596628,0.360573347716642,"cv_r2",0.00250410173638317,0.0196078431372549,TRUE,NA,NA
"CD4_TCM","MYB","rf",1200,46,0.713534841610224,0.710969680999764,0.581256493475808,"oob_r2",-0.0429122506881528,0.0196078431372549,TRUE,0.902723815397266,0.77037037037037
"CD4_TCM","MYB","lm",1200,46,NA,0.679824657181084,0.529267223772512,"cv_r2",-0.0328827999586517,0.0196078431372549,TRUE,NA,NA
"CD4_TCM","MYB","ridge",1200,46,NA,0.68116327899114,0.539047825016951,"cv_r2",-0.000360244535732902,0.0196078431372549,TRUE,NA,NA
"CD4_TCM","MYB","spearman",1200,46,NA,0.551474057996056,0.508625620261656,"cv_r2",0.00412400506009108,0.0196078431372549,TRUE,NA,NA
"CD4_TCM","SPI1","rf",1200,46,0.655096669786581,0.648788431012321,0.46630752004199,"oob_r2",-0.0598072955872617,0.0196078431372549,TRUE,0.899801966628979,1
"CD4_TCM","SPI1","lm",1200,46,NA,0.551095196484639,0.401029102765865,"cv_r2",-0.0323425449741629,0.0196078431372549,TRUE,NA,NA
"CD4_TCM","SPI1","ridge",1200,46,NA,0.554603161098944,0.424856618735751,"cv_r2",-0.000444328455485366,0.0196078431372549,TRUE,NA,NA
"CD4_TCM","SPI1","spearman",1200,46,NA,0.330998829049455,0.272538164040448,"cv_r2",0.0012237958913066,0.0196078431372549,TRUE,NA,NA
"CD4_TCM","MAFB","rf",1200,46,0.646428791259368,0.643988035232942,0.417734314544652,"oob_r2",-0.052942741473566,0.0196078431372549,TRUE,0.889054716140747,0.735449735449735
"CD4_TCM","MAFB","lm",1200,46,NA,0.57498064089231,0.426241338163754,"cv_r2",-0.0375700236384709,0.0196078431372549,TRUE,NA,NA
"CD4_TCM","MAFB","ridge",1200,46,NA,0.575280043461955,0.408877314691584,"cv_r2",-0.000420620026503038,0.0196078431372549,TRUE,NA,NA
"CD4_TCM","MAFB","spearman",1200,46,NA,0.299224762379401,0.168285368851683,"cv_r2",-0.000169893685280926,0.0196078431372549,TRUE,NA,NA
"CD4_TCM","AR","rf",1200,46,0.637589513284821,0.630382629035511,0.194216009150447,"oob_r2",-0.0610159052323801,0.0196078431372549,TRUE,0.902622400383732,0.844444444444444
"CD4_TCM","AR","lm",1200,46,NA,0.550601234436835,0.0691376471315581,"cv_r2",-0.0344209555837021,0.0196078431372549,TRUE,NA,NA
"CD4_TCM","AR","ridge",1200,46,NA,0.552575667317212,0.116527736009043,"cv_r2",-0.000961011510332522,0.0196078431372549,TRUE,NA,NA
"CD4_TCM","AR","spearman",1200,46,NA,0.285325567178067,0.0361777238304721,"cv_r2",0.00300886099731023,0.0196078431372549,TRUE,NA,NA
"CD4_TCM","HES4","rf",1200,46,0.710000323704285,0.699455853131698,0.588013714806964,"oob_r2",-0.0497823425356775,0.0196078431372549,TRUE,0.922927330660911,0.755555555555556
"CD4_TCM","HES4","lm",1200,46,NA,0.648403004597722,0.583448422972317,"cv_r2",-0.0320605461337456,0.0196078431372549,TRUE,NA,NA
"CD4_TCM","HES4","ridge",1200,46,NA,0.649986004983246,0.593686719224944,"cv_r2",0.000438373760985846,0.0196078431372549,TRUE,NA,NA
"CD4_TCM","HES4","spearman",1200,46,NA,0.427315238125946,0.36806779119892,"cv_r2",0.00300883362256696,0.0196078431372549,TRUE,NA,NA
"CD4_TCM","PAX8","rf",1200,46,0.631412961220709,0.626274399391164,0.49635471460895,"oob_r2",-0.0479684178235343,0.0196078431372549,TRUE,0.918558262240038,0.77037037037037
"CD4_TCM","PAX8","lm",1200,46,NA,0.579130219836941,0.45851177954771,"cv_r2",-0.0376734053376631,0.0196078431372549,TRUE,NA,NA
"CD4_TCM","PAX8","ridge",1200,46,NA,0.581142735425391,0.477947221231252,"cv_r2",-1.00834969640875e-05,0.0196078431372549,TRUE,NA,NA
"CD4_TCM","PAX8","spearman",1200,46,NA,0.335067633796051,0.223370454962548,"cv_r2",-0.00102546419361211,0.0196078431372549,TRUE,NA,NA
"CD4_TCM","ETS2","rf",1200,46,0.702054106432649,0.693491674491359,0.458872210621211,"oob_r2",-0.0361608627585826,0.0196078431372549,TRUE,0.907443724946038,0.814814814814815
"CD4_TCM","ETS2","lm",1200,46,NA,0.654896111139328,0.363698436448607,"cv_r2",-0.0332933393496913,0.0196078431372549,TRUE,NA,NA
"CD4_TCM","ETS2","ridge",1200,46,NA,0.656293892864575,0.39350651866096,"cv_r2",-0.000255315725892215,0.0196078431372549,TRUE,NA,NA
"CD4_TCM","ETS2","spearman",1200,46,NA,0.445765328336514,0.337560853471831,"cv_r2",0.0039011145853782,0.0196078431372549,TRUE,NA,NA
"CD4_TCM","POU3F1","rf",1200,46,0.574833922197914,0.566567068280842,0.127247921432865,"oob_r2",-0.0422472524084314,0.0196078431372549,TRUE,0.895569945523692,0.757671957671958
"CD4_TCM","POU3F1","lm",1200,46,NA,0.513700607704699,0.168280379086828,"cv_r2",-0.0329913316660598,0.0196078431372549,TRUE,NA,NA
"CD4_TCM","POU3F1","ridge",1200,46,NA,0.517440237895814,0.188184448486662,"cv_r2",-0.000762292978975476,0.0196078431372549,TRUE,NA,NA
"CD4_TCM","POU3F1","spearman",1200,46,NA,0.258381373075874,-0.00700041920494177,"cv_r2",-0.000972398606164584,0.0196078431372549,TRUE,NA,NA
"cDC2","BCLAF1","rf",398,79,0.835702323134889,0.828634252626903,0.543253104438086,"oob_r2",-0.0215657036629207,0.0196078431372549,TRUE,0.800053013090988,0.933333333333333
"cDC2","BCLAF1","lm",398,79,NA,0.825806975609326,0.652630419545694,"cv_r2",-0.23572648628816,0.0196078431372549,TRUE,NA,NA
"cDC2","BCLAF1","ridge",398,79,NA,0.840638887399967,0.705986443683164,"cv_r2",-0.000347260909624435,0.0196078431372549,TRUE,NA,NA
"cDC2","BCLAF1","spearman",398,79,NA,0.482849481020006,0.276735243302343,"cv_r2",-0.00158930919829688,0.0196078431372549,TRUE,NA,NA
"cDC2","KLF4","rf",398,79,0.78753060216078,0.776061694741311,0.0337877112139676,"oob_r2",-0.038024424541767,0.0196078431372549,TRUE,0.766276641782971,1
"cDC2","KLF4","lm",398,79,NA,0.800717121561687,0.513381833972867,"cv_r2",-0.269175910049956,0.0196078431372549,TRUE,NA,NA
"cDC2","KLF4","ridge",398,79,NA,0.810298311465616,0.416657743700724,"cv_r2",-0.00135065993115611,0.0196078431372549,TRUE,NA,NA
"cDC2","KLF4","spearman",398,79,NA,0.329760046262103,-0.311942684382938,"cv_r2",0.000119419359743729,0.0196078431372549,TRUE,NA,NA
"cDC2","NR4A3","rf",398,79,0.818728515874682,0.808456789050936,0.200597859229057,"oob_r2",-0.0385248935898102,0.0196078431372549,TRUE,0.815582603050958,0.844444444444444
"cDC2","NR4A3","lm",398,79,NA,0.83070029306612,0.703689008953945,"cv_r2",-0.248477523981748,0.0196078431372549,TRUE,NA,NA
"cDC2","NR4A3","ridge",398,79,NA,0.84754166065725,0.649398879472498,"cv_r2",-0.000265223452538922,0.0196078431372549,TRUE,NA,NA
"cDC2","NR4A3","spearman",398,79,NA,0.416045970260845,0.086960313769214,"cv_r2",0.00300141231689897,0.0196078431372549,TRUE,NA,NA
"cDC2","FOXC2","rf",398,79,0.821424823322806,0.804430694281253,0.26065407192199,"oob_r2",-0.0298443570646266,0.0196078431372549,TRUE,0.814912366114898,0.881481481481481
"cDC2","FOXC2","lm",398,79,NA,0.795980510562401,0.582051478202123,"cv_r2",-0.252341475946376,0.0196078431372549,TRUE,NA,NA
"cDC2","FOXC2","ridge",398,79,NA,0.819038192754141,0.56918877876358,"cv_r2",-0.000212296654821332,0.0196078431372549,TRUE,NA,NA
"cDC2","FOXC2","spearman",398,79,NA,0.474340260364964,0.0649057033242952,"cv_r2",-0.00222341668285336,0.0196078431372549,TRUE,NA,NA
"cDC2","BHLHE40","rf",398,79,0.798609431173377,0.780035269245542,0.0384385979742502,"oob_r2",-0.0383392944083841,0.0196078431372549,TRUE,0.776997187060478,0.762962962962963
"cDC2","BHLHE40","lm",398,79,NA,0.794781408253877,0.514493255569107,"cv_r2",-0.239566749105594,0.0196078431372549,TRUE,NA,NA
"cDC2","BHLHE40","ridge",398,79,NA,0.811405110537509,0.433832803606685,"cv_r2",-0.00116542577055138,0.0196078431372549,TRUE,NA,NA
"cDC2","BHLHE40","spearman",398,79,NA,0.385431232658959,-0.334473416643993,"cv_r2",0.0123293618965425,0.0196078431372549,TRUE,NA,NA
"cDC2","KLF5","rf",398,79,0.767353146182875,0.757903625284005,0.137192827272064,"oob_r2",-0.0249058129995174,0.0196078431372549,TRUE,0.757411013740128,1
"cDC2","KLF5","lm",398,79,NA,0.766846807859613,0.623151318022772,"cv_r2",-0.247768777704062,0.0196078431372549,TRUE,NA,NA
"cDC2","KLF5","ridge",398,79,NA,0.792401383824128,0.529245863426471,"cv_r2",-0.00142611410681708,0.0196078431372549,TRUE,NA,NA
"cDC2","KLF5","spearman",398,79,NA,0.368716882684013,-0.0881447400141464,"cv_r2",-0.00233274504132356,0.0196078431372549,TRUE,NA,NA
"cDC2","NR4A2","rf",398,79,0.799958143146806,0.791933196205504,0.188833054901869,"oob_r2",-0.0397548719135556,0.0196078431372549,TRUE,0.812213026073786,0.733333333333333
"cDC2","NR4A2","lm",398,79,NA,0.813844487322357,0.688437205399741,"cv_r2",-0.237574147291596,0.0196078431372549,TRUE,NA,NA
"cDC2","NR4A2","ridge",398,79,NA,0.82396319729008,0.670326241693671,"cv_r2",-0.000289419036084171,0.0196078431372549,TRUE,NA,NA
"cDC2","NR4A2","spearman",398,79,NA,0.411078335620671,0.125365786458041,"cv_r2",-0.00188222217420439,0.0196078431372549,TRUE,NA,NA
"cDC2","PAX5","rf",398,79,0.858598544064257,0.854316156336845,0.270486741769689,"oob_r2",-0.0316343811730797,0.0196078431372549,TRUE,0.857340690252083,0.712169312169312
"cDC2","PAX5","lm",398,79,NA,0.862727852303118,0.680819764335362,"cv_r2",-0.241673008662875,0.0196078431372549,TRUE,NA,NA
"cDC2","PAX5","ridge",398,79,NA,0.871628430002727,0.605310100935971,"cv_r2",-0.000809382355721524,0.0196078431372549,TRUE,NA,NA
"cDC2","PAX5","spearman",398,79,NA,0.459273553849479,0.0852742549817845,"cv_r2",-0.00313367194975248,0.0196078431372549,TRUE,NA,NA
"cDC2","KLF6","rf",398,79,0.757031140502644,0.744723773849028,0.0824091165414036,"oob_r2",-0.0335912417554089,0.0196078431372549,TRUE,0.730884453099643,0.881481481481481
"cDC2","KLF6","lm",398,79,NA,0.739107644708354,0.573590331434817,"cv_r2",-0.254567926604638,0.0196078431372549,TRUE,NA,NA
"cDC2","KLF6","ridge",398,79,NA,0.769300305641133,0.452502275964914,"cv_r2",0.00100113307529635,0.0196078431372549,TRUE,NA,NA
"cDC2","KLF6","spearman",398,79,NA,0.393833287483282,0.0275191889399042,"cv_r2",5.16009810445076e-06,0.0196078431372549,TRUE,NA,NA
"cDC2","ID1","rf",398,79,0.742277296902853,0.735515715184507,0.185454411280717,"oob_r2",-0.0315156902660227,0.0196078431372549,TRUE,0.795307259547766,0.933333333333333
"cDC2","ID1","lm",398,79,NA,0.787113699134925,0.646585486425774,"cv_r2",-0.267056831327073,0.0196078431372549,TRUE,NA,NA
"cDC2","ID1","ridge",398,79,NA,0.801563767337972,0.604248969643925,"cv_r2",-0.00212575404996719,0.0196078431372549,TRUE,NA,NA
"cDC2","ID1","spearman",398,79,NA,0.39040793794713,0.086536967412752,"cv_r2",0.00544712618576152,0.0196078431372549,TRUE,NA,NA
"cDC2","EGR1","rf",398,79,0.836041085737812,0.833400238878366,0.0814675693358229,"oob_r2",-0.0352644158298896,0.0196078431372549,TRUE,0.830690793032565,0.740740740740741
"cDC2","EGR1","lm",398,79,NA,0.870390075026289,0.671547672474464,"cv_r2",-0.246106267679477,0.0196078431372549,TRUE,NA,NA
"cDC2","EGR1","ridge",398,79,NA,0.87465070764156,0.612456707746201,"cv_r2",-0.000925914777728567,0.0196078431372549,TRUE,NA,NA
"cDC2","EGR1","spearman",398,79,NA,0.373957476639507,-0.0261621738402482,"cv_r2",-0.00133376791183547,0.0196078431372549,TRUE,NA,NA
"cDC2","FOS","rf",398,79,0.72600446619847,0.727598942313993,0.101040834747865,"oob_r2",-0.0375330530917871,0.0196078431372549,TRUE,0.779568862923293,0.638095238095238
"cDC2","FOS","lm",398,79,NA,0.712428203297015,0.534985222226321,"cv_r2",-0.204599678879754,0.0196078431372549,TRUE,NA,NA
"cDC2","FOS","ridge",398,79,NA,0.74135814572967,0.536602993990633,"cv_r2",0.00481971703157062,0.0196078431372549,TRUE,NA,NA
"cDC2","FOS","spearman",398,79,NA,0.361537197808599,0.0760914914892171,"cv_r2",-0.00428932036330477,0.0196078431372549,TRUE,NA,NA
"cDC2","FOXD4L1","rf",398,79,0.807230556595435,0.793563529469179,0.0520550632827049,"oob_r2",-0.0353854003424326,0.0196078431372549,TRUE,0.826420534458509,0.725925925925926
"cDC2","FOXD4L1","lm",398,79,NA,0.850079616542586,0.662176003642998,"cv_r2",-0.246512418219632,0.0196078431372549,TRUE,NA,NA
"cDC2","FOXD4L1","ridge",398,79,NA,0.855860327427731,0.609608794600537,"cv_r2",-0.000489935400695016,0.0196078431372549,TRUE,NA,NA
"cDC2","FOXD4L1","spearman",398,79,NA,0.311024605547114,-0.544793261447833,"cv_r2",-0.00679209696284487,0.0196078431372549,TRUE,NA,NA
"cDC2","PRDM1","rf",398,79,0.806376089788184,0.781437047313974,0.0448634650390455,"oob_r2",-0.0337661477498096,0.0196078431372549,TRUE,0.778951098128313,1
"cDC2","PRDM1","lm",398,79,NA,0.79651869592135,0.594725239933599,"cv_r2",-0.260332346032818,0.0196078431372549,TRUE,NA,NA
"cDC2","PRDM1","ridge",398,79,NA,0.811505379902526,0.508144522168451,"cv_r2",0.00170917760928313,0.0196078431372549,TRUE,NA,NA
"cDC2","PRDM1","spearman",398,79,NA,0.377484664092547,-0.0827962609407764,"cv_r2",0.00917544746664389,0.0196078431372549,TRUE,NA,NA
"cDC2","HES1","rf",398,79,0.74548151919127,0.750147981924027,-0.0292158267756457,"oob_r2",-0.0309805089299502,0.0196078431372549,TRUE,0.801411879259981,0.933333333333333
"cDC2","HES1","lm",398,79,NA,0.773387057257929,0.521397592101049,"cv_r2",-0.270235780326822,0.0196078431372549,TRUE,NA,NA
"cDC2","HES1","ridge",398,79,NA,0.794844164915062,0.44530184669097,"cv_r2",0.000773160208011803,0.0196078431372549,TRUE,NA,NA
"cDC2","HES1","spearman",398,79,NA,0.276336402153346,-0.400113710381692,"cv_r2",0.00031160849679676,0.0196078431372549,TRUE,NA,NA
"cDC2","HES4","rf",398,79,0.758971407713696,0.746342968973183,0.0657973909434412,"oob_r2",-0.0507016718559848,0.0196078431372549,TRUE,0.734897760467381,0.881481481481481
"cDC2","HES4","lm",398,79,NA,0.767706892948877,0.579594069290437,"cv_r2",-0.253286603751268,0.0196078431372549,TRUE,NA,NA
"cDC2","HES4","ridge",398,79,NA,0.792071304997883,0.51297458182273,"cv_r2",-0.00122355681061552,0.0196078431372549,TRUE,NA,NA
"cDC2","HES4","spearman",398,79,NA,0.364350380187412,-0.0436396415860609,"cv_r2",0.00347842882876691,0.0196078431372549,TRUE,NA,NA
"cDC2","LEF1","rf",398,79,0.853263368709083,0.838860995454452,0.0427697938773489,"oob_r2",-0.043846656412729,0.0196078431372549,TRUE,0.852720978037434,0.816931216931217
"cDC2","LEF1","lm",398,79,NA,0.858521618044399,0.594025991623872,"cv_r2",-0.249232078228858,0.0196078431372549,TRUE,NA,NA
"cDC2","LEF1","ridge",398,79,NA,0.857108627924096,0.470804040176345,"cv_r2",-0.00069066477576867,0.0196078431372549,TRUE,NA,NA
"cDC2","LEF1","spearman",398,79,NA,0.358210505571326,-0.386140741529211,"cv_r2",-0.00247694325955995,0.0196078431372549,TRUE,NA,NA
"cDC2","ATF5","rf",398,79,0.831421217010624,0.829984730391538,-0.00301678559773544,"oob_r2",-0.0398620552013356,0.0196078431372549,TRUE,0.803799091204155,0.605555555555556
"cDC2","ATF5","lm",398,79,NA,0.851090227718127,0.502051810428252,"cv_r2",-0.246240937853481,0.0196078431372549,TRUE,NA,NA
"cDC2","ATF5","ridge",398,79,NA,0.856851947867101,0.441397404545441,"cv_r2",0.00166304113537158,0.0196078431372549,TRUE,NA,NA
"cDC2","ATF5","spearman",398,79,NA,0.338163145327342,-0.539572373416364,"cv_r2",-0.00794006952862905,0.0196078431372549,TRUE,NA,NA
"cDC2","FOXP3","rf",398,79,0.765695049699983,0.771775327659124,-0.0512220617707568,"oob_r2",-0.0220831017795392,0.0196078431372549,TRUE,0.798482094558044,0.8
"cDC2","FOXP3","lm",398,79,NA,0.787587602766525,0.426965596159022,"cv_r2",-0.242342395400896,0.0196078431372549,TRUE,NA,NA
"cDC2","FOXP3","ridge",398,79,NA,0.802417876959445,0.283846008722519,"cv_r2",0.00441382522048361,0.0196078431372549,TRUE,NA,NA
"cDC2","FOXP3","spearman",398,79,NA,0.335653628714328,-0.211338947900395,"cv_r2",-0.00254327320236561,0.0196078431372549,TRUE,NA,NA
"cDC2","SPIB","rf",398,79,0.802018961919503,0.798269225780727,0.076482433001263,"oob_r2",-0.0170634888759809,0.0196078431372549,TRUE,0.8064535324029,1
"cDC2","SPIB","lm",398,79,NA,0.80742054358165,0.580756985446463,"cv_r2",-0.224819130462083,0.0196078431372549,TRUE,NA,NA
"cDC2","SPIB","ridge",398,79,NA,0.830274601448369,0.532554107483614,"cv_r2",0.000518260258343639,0.0196078431372549,TRUE,NA,NA
"cDC2","SPIB","spearman",398,79,NA,0.337887502795171,-0.482406210860451,"cv_r2",-0.0044704369287591,0.0196078431372549,TRUE,NA,NA
"cDC2","JUN","rf",398,79,0.727184111757622,0.723286880533032,-0.0124771988154182,"oob_r2",-0.0408749728486624,0.0196078431372549,TRUE,0.72996970680515,0.82962962962963
"cDC2","JUN","lm",398,79,NA,0.74385510246467,0.517963092987319,"cv_r2",-0.243046964242478,0.0196078431372549,TRUE,NA,NA
"cDC2","JUN","ridge",398,79,NA,0.760096000541597,0.422586437861742,"cv_r2",0.00146142994091139,0.0196078431372549,TRUE,NA,NA
"cDC2","JUN","spearman",398,79,NA,0.326370235825229,-0.177217890184231,"cv_r2",0.0120479067053484,0.0196078431372549,TRUE,NA,NA
"cDC2","KLF10","rf",398,79,0.754760423812835,0.74684122906052,-0.432032462289118,"oob_r2",-0.0239953253746986,0.0196078431372549,TRUE,0.801822460240182,1
"cDC2","KLF10","lm",398,79,NA,0.735165658371131,0.0820454230503781,"cv_r2",-0.242057323046602,0.0196078431372549,TRUE,NA,NA
"cDC2","KLF10","ridge",398,79,NA,0.754403484053654,-0.00370439993132532,"cv_r2",0.00111734780999717,0.0196078431372549,TRUE,NA,NA
"cDC2","KLF10","spearman",398,79,NA,0.283953646065397,-0.39566021637063,"cv_r2",0.00611872098849376,0.0196078431372549,TRUE,NA,NA
"cDC2","MAFF","rf",398,79,0.745709075988982,0.732202712598361,-0.260423207157453,"oob_r2",-0.0348939707753679,0.0196078431372549,TRUE,0.76103429622417,0.785185185185185
"cDC2","MAFF","lm",398,79,NA,0.708754330947374,0.109418349167984,"cv_r2",-0.238183553745647,0.0196078431372549,TRUE,NA,NA
"cDC2","MAFF","ridge",398,79,NA,0.734644677961599,0.094919679896361,"cv_r2",-0.000296932579385856,0.0196078431372549,TRUE,NA,NA
"cDC2","MAFF","spearman",398,79,NA,0.285198145910445,-0.559338674127368,"cv_r2",-0.000227522457102152,0.0196078431372549,TRUE,NA,NA
"cDC2","ZBTB16","rf",398,79,0.738958145748488,0.7318796798845,0.0760314451577865,"oob_r2",-0.044523731191942,0.0196078431372549,TRUE,0.733348479930758,1
"cDC2","ZBTB16","lm",398,79,NA,0.719479938183183,0.438172769216121,"cv_r2",-0.260676205670854,0.0196078431372549,TRUE,NA,NA
"cDC2","ZBTB16","ridge",398,79,NA,0.748643218059989,0.38003998991068,"cv_r2",-0.00071269667515419,0.0196078431372549,TRUE,NA,NA
"cDC2","ZBTB16","spearman",398,79,NA,0.407194877753654,0.0627743129216367,"cv_r2",0.0046103745772355,0.0196078431372549,TRUE,NA,NA
"cDC2","ZNF563","rf",398,79,0.819705576593023,0.809910746235065,0.00767943853760444,"oob_r2",-0.0253757839263408,0.0196078431372549,TRUE,0.820859028453965,1
"cDC2","ZNF563","lm",398,79,NA,0.818615003087106,0.350403749435454,"cv_r2",-0.247593717451503,0.0196078431372549,TRUE,NA,NA
"cDC2","ZNF563","ridge",398,79,NA,0.824514965907408,0.283195815857853,"cv_r2",-0.00128505002041249,0.0196078431372549,TRUE,NA,NA
"cDC2","ZNF563","spearman",398,79,NA,0.359768108716912,-0.137768014875502,"cv_r2",0.00363502727615432,0.0196078431372549,TRUE,NA,NA
"cDC2","FOXP1","rf",398,79,0.816391191080596,0.82416804451869,-0.082352528914615,"oob_r2",-0.0353943707774773,0.0196078431372549,TRUE,0.810323488045007,0.933333333333333
"cDC2","FOXP1","lm",398,79,NA,0.794479579094658,0.271016890806349,"cv_r2",-0.248738289121847,0.0196078431372549,TRUE,NA,NA
"cDC2","FOXP1","ridge",398,79,NA,0.805132472806666,0.115737734143367,"cv_r2",-0.00108796512328536,0.0196078431372549,TRUE,NA,NA
"cDC2","FOXP1","spearman",398,79,NA,0.335181014007293,-0.307444291301523,"cv_r2",0.00982675272041533,0.0196078431372549,TRUE,NA,NA
"cDC2","HIVEP1","rf",398,79,0.785449287771066,0.780130955343919,-0.0681713674977649,"oob_r2",-0.0395557973037469,0.0196078431372549,TRUE,0.742492697176242,1
"cDC2","HIVEP1","lm",398,79,NA,0.782795010821105,0.437102760623684,"cv_r2",-0.252269128318673,0.0196078431372549,TRUE,NA,NA
"cDC2","HIVEP1","ridge",398,79,NA,0.805436373501772,0.292507597946901,"cv_r2",0.00191610012439214,0.0196078431372549,TRUE,NA,NA
"cDC2","HIVEP1","spearman",398,79,NA,0.366770663191293,-0.299046462596251,"cv_r2",0.00403703137544763,0.0196078431372549,TRUE,NA,NA
"cDC2","EGR2","rf",398,79,0.747587729867231,0.762653048095815,-0.368702077589653,"oob_r2",-0.0330151408532773,0.0196078431372549,TRUE,0.806826787839446,0.844444444444444
"cDC2","EGR2","lm",398,79,NA,0.720921049360613,0.0829043797894379,"cv_r2",-0.230826572864924,0.0196078431372549,TRUE,NA,NA
"cDC2","EGR2","ridge",398,79,NA,0.752124167798273,-0.00576911161412763,"cv_r2",0.00190440436852561,0.0196078431372549,TRUE,NA,NA
"cDC2","EGR2","spearman",398,79,NA,0.210299682875226,-0.764192154973721,"cv_r2",0.0034979751864442,0.0196078431372549,TRUE,NA,NA
"cDC2","IKZF1","rf",398,79,0.813262172364704,0.810723999820296,-0.224584708049936,"oob_r2",-0.0392401584241885,0.0196078431372549,TRUE,0.786456778102348,0.881481481481481
"cDC2","IKZF1","lm",398,79,NA,0.815621442028723,0.145054747939863,"cv_r2",-0.262886671609114,0.0196078431372549,TRUE,NA,NA
"cDC2","IKZF1","ridge",398,79,NA,0.820228086893064,-0.0373812521402204,"cv_r2",-0.00114554941083215,0.0196078431372549,TRUE,NA,NA
"cDC2","IKZF1","spearman",398,79,NA,0.273376897978293,-0.453890924336307,"cv_r2",-0.00537365255428474,0.0196078431372549,TRUE,NA,NA
"cDC2","IRX5","rf",398,79,0.787710240678277,0.776983627429907,-0.186362857045524,"oob_r2",-0.0277048338073575,0.0196078431372549,TRUE,0.79016282592232,0.822222222222222
"cDC2","IRX5","lm",398,79,NA,0.80199707321815,0.295594839920047,"cv_r2",-0.2377333047113,0.0196078431372549,TRUE,NA,NA
"cDC2","IRX5","ridge",398,79,NA,0.818228321996939,0.145477739692692,"cv_r2",0.00414410325930619,0.0196078431372549,TRUE,NA,NA
"cDC2","IRX5","spearman",398,79,NA,0.320208416602206,-0.494061875564512,"cv_r2",-0.00079342509776689,0.0196078431372549,TRUE,NA,NA
"cDC2","HOXA5","rf",398,79,0.833199310694619,0.823384995714139,-0.167100295849528,"oob_r2",-0.0434531904593599,0.0196078431372549,TRUE,0.779568862923293,0.792592592592593
"cDC2","HOXA5","lm",398,79,NA,0.829243212992658,0.379239895335135,"cv_r2",-0.21588545293481,0.0196078431372549,TRUE,NA,NA
"cDC2","HOXA5","ridge",398,79,NA,0.840362066461732,0.241559807444782,"cv_r2",-0.00132015268457867,0.0196078431372549,TRUE,NA,NA
"cDC2","HOXA5","spearman",398,79,NA,0.276632197682138,-0.619371332268891,"cv_r2",0.00513120841891003,0.0196078431372549,TRUE,NA,NA
"cDC2","OSR2","rf",398,79,0.853248575643588,0.853566451733654,-0.192691941589852,"oob_r2",-0.0439411978070491,0.0196078431372549,TRUE,0.799930758411771,0.703703703703704
"cDC2","OSR2","lm",398,79,NA,0.823118376508218,-0.0166635786934328,"cv_r2",-0.230382734027467,0.0196078431372549,TRUE,NA,NA
"cDC2","OSR2","ridge",398,79,NA,0.833678591604911,-0.0229666238351276,"cv_r2",0.000156582529222691,0.0196078431372549,TRUE,NA,NA
"cDC2","OSR2","spearman",398,79,NA,0.347143986700947,-0.288444306474169,"cv_r2",-0.00290194365026436,0.0196078431372549,TRUE,NA,NA
"cDC2","POU2F2","rf",398,79,0.740996969937125,0.71762952205546,0.620149571288732,"oob_r2",-0.0293647262764207,0.0196078431372549,TRUE,0.83831494103646,1
"cDC2","POU2F2","lm",398,79,NA,0.80605918232614,0.713651055179749,"cv_r2",-0.24542201312484,0.0196078431372549,TRUE,NA,NA
"cDC2","POU2F2","ridge",398,79,NA,0.819676681733803,0.750597303921107,"cv_r2",0.00165282307553783,0.0196078431372549,TRUE,NA,NA
"cDC2","POU2F2","spearman",398,79,NA,0.394315312915962,0.390963493898235,"cv_r2",0.00959668409490733,0.0196078431372549,TRUE,NA,NA
"cDC2","NR2F2","rf",398,79,0.82363335660687,0.824407741273829,-0.133968805237521,"oob_r2",-0.0446662319338244,0.0196078431372549,TRUE,0.825387320134156,1
"cDC2","NR2F2","lm",398,79,NA,0.814987031791585,0.260741972908939,"cv_r2",-0.242969685012865,0.0196078431372549,TRUE,NA,NA
"cDC2","NR2F2","ridge",398,79,NA,0.828187312659782,0.130745111710028,"cv_r2",0.00310067424693146,0.0196078431372549,TRUE,NA,NA
"cDC2","NR2F2","spearman",398,79,NA,0.36226142819636,-0.236290482377021,"cv_r2",-0.00418401729115839,0.0196078431372549,TRUE,NA,NA
"cDC2","HESX1","rf",398,79,0.807313722411716,0.807987895691883,-0.156784174880775,"oob_r2",-0.0468822169741603,0.0196078431372549,TRUE,0.787077788596776,0.8
"cDC2","HESX1","lm",398,79,NA,0.805349978828143,0.183975478286611,"cv_r2",-0.247716106290963,0.0196078431372549,TRUE,NA,NA
"cDC2","HESX1","ridge",398,79,NA,0.814626238775225,0.0747458683681717,"cv_r2",-0.00121777402181595,0.0196078431372549,TRUE,NA,NA
"cDC2","HESX1","spearman",398,79,NA,0.297974102794093,-0.401893607355252,"cv_r2",-0.00264489156874667,0.0196078431372549,TRUE,NA,NA
"cDC2","ZNF320","rf",398,79,0.842943366239457,0.848667458725687,-0.205642768792093,"oob_r2",-0.0545625268095531,0.0196078431372549,TRUE,0.77576111652061,0.755555555555556
"cDC2","ZNF320","lm",398,79,NA,0.8345304287869,0.141799824002686,"cv_r2",-0.2526958263576,0.0196078431372549,TRUE,NA,NA
"cDC2","ZNF320","ridge",398,79,NA,0.839318148095308,0.0172275096934473,"cv_r2",-0.000404687713603537,0.0196078431372549,TRUE,NA,NA
"cDC2","ZNF320","spearman",398,79,NA,0.308005136913197,-0.379807352327844,"cv_r2",0.00234292108156763,0.0196078431372549,TRUE,NA,NA
"cDC2","NFIA","rf",398,79,0.850377868258359,0.837943712188617,-0.106533054132491,"oob_r2",-0.0385377650142439,0.0196078431372549,TRUE,0.793303040138483,1
"cDC2","NFIA","lm",398,79,NA,0.824183028564226,0.221450327460532,"cv_r2",-0.277648913733843,0.0196078431372549,TRUE,NA,NA
"cDC2","NFIA","ridge",398,79,NA,0.841034692469443,0.155342419857022,"cv_r2",-0.000793703230407462,0.0196078431372549,TRUE,NA,NA
"cDC2","NFIA","spearman",398,79,NA,0.442482108713135,-0.37093138475278,"cv_r2",-0.00247290472622393,0.0196078431372549,TRUE,NA,NA
"cDC2","SP100","rf",398,79,0.831029154995858,0.82326291224559,-0.0325601926241939,"oob_r2",-0.0205513403694255,0.0196078431372549,TRUE,0.81339229687331,0.665608465608466
"cDC2","SP100","lm",398,79,NA,0.785965182264209,0.244084557061895,"cv_r2",-0.236117967422684,0.0196078431372549,TRUE,NA,NA
"cDC2","SP100","ridge",398,79,NA,0.805057511061583,0.17104340135086,"cv_r2",6.13826187383457e-05,0.0196078431372549,TRUE,NA,NA
"cDC2","SP100","spearman",398,79,NA,0.469785802020082,-0.105158064599551,"cv_r2",-0.00146714638189833,0.0196078431372549,TRUE,NA,NA
"cDC2","MAF","rf",398,79,0.853661388179804,0.858616450026033,-0.09885367980024,"oob_r2",-0.0357304181874687,0.0196078431372549,TRUE,0.805421399978362,0.64973544973545
"cDC2","MAF","lm",398,79,NA,0.848949799686941,0.353082117892159,"cv_r2",-0.268908847091615,0.0196078431372549,TRUE,NA,NA
"cDC2","MAF","ridge",398,79,NA,0.852518751141318,0.277770514218865,"cv_r2",-0.00217287933312835,0.0196078431372549,TRUE,NA,NA
"cDC2","MAF","spearman",398,79,NA,0.309764887808161,-0.257765960662468,"cv_r2",-0.00699992008608174,0.0196078431372549,TRUE,NA,NA
"cDC2","GATA2","rf",398,79,0.862132956255855,0.85741812212288,-0.215028956806153,"oob_r2",-0.0390832592687544,0.0196078431372549,TRUE,0.754736557394785,0.706878306878307
"cDC2","GATA2","lm",398,79,NA,0.833059459088027,0.125926162974257,"cv_r2",-0.242240659112572,0.0196078431372549,TRUE,NA,NA
"cDC2","GATA2","ridge",398,79,NA,0.833355426124345,-0.0385324902337936,"cv_r2",0.000176150292849988,0.0196078431372549,TRUE,NA,NA
"cDC2","GATA2","spearman",398,79,NA,0.472339300297821,-0.237737482513895,"cv_r2",-0.00129758781592643,0.0196078431372549,TRUE,NA,NA
"cDC2","ZFP28","rf",398,79,0.811987652166351,0.801552113996995,-0.117590734278284,"oob_r2",-0.047027097743529,0.0196078431372549,TRUE,0.826824083089906,1
"cDC2","ZFP28","lm",398,79,NA,0.811427223678886,0.30507081610966,"cv_r2",-0.237759522622662,0.0196078431372549,TRUE,NA,NA
"cDC2","ZFP28","ridge",398,79,NA,0.819978206242519,0.197772543222982,"cv_r2",0.0018783923489671,0.0196078431372549,TRUE,NA,NA
"cDC2","ZFP28","spearman",398,79,NA,0.280220028589633,-0.402278069020769,"cv_r2",-0.00199354505424851,0.0196078431372549,TRUE,NA,NA
"cDC2","CEBPD","rf",398,79,0.792756782230447,0.784358748148438,-0.0616000334260867,"oob_r2",-0.0477989374223624,0.0196078431372549,TRUE,0.763302499188575,0.82962962962963
"cDC2","CEBPD","lm",398,79,NA,0.75825978619685,0.420848210161471,"cv_r2",-0.236032357596369,0.0196078431372549,TRUE,NA,NA
"cDC2","CEBPD","ridge",398,79,NA,0.784666948847587,0.334741429169034,"cv_r2",-0.00105683294852611,0.0196078431372549,TRUE,NA,NA
"cDC2","CEBPD","spearman",398,79,NA,0.491427661411454,0.0055121921663942,"cv_r2",-0.00254194117364608,0.0196078431372549,TRUE,NA,NA
"cDC2","RORC","rf",398,79,0.821013528672262,0.818642514516298,0.116485173063862,"oob_r2",-0.0382873083198079,0.0196078431372549,TRUE,0.82294276749973,0.77037037037037
"cDC2","RORC","lm",398,79,NA,0.775709927578153,0.430473612400754,"cv_r2",-0.252142943737282,0.0196078431372549,TRUE,NA,NA
"cDC2","RORC","ridge",398,79,NA,0.791794438854328,0.383988948591219,"cv_r2",-0.00110448726026255,0.0196078431372549,TRUE,NA,NA
"cDC2","RORC","spearman",398,79,NA,0.426228358879235,-0.128654491076239,"cv_r2",0.005164086899813,0.0196078431372549,TRUE,NA,NA
"cDC2","ETS2","rf",398,79,0.833975441569155,0.839586308592818,-0.151195141980392,"oob_r2",-0.0324970367687007,0.0196078431372549,TRUE,0.804666774856648,0.881481481481481
"cDC2","ETS2","lm",398,79,NA,0.851378987250939,0.457092525042875,"cv_r2",-0.248589790173326,0.0196078431372549,TRUE,NA,NA
"cDC2","ETS2","ridge",398,79,NA,0.861538260943095,0.350565277629515,"cv_r2",0.000473865607789279,0.0196078431372549,TRUE,NA,NA
"cDC2","ETS2","spearman",398,79,NA,0.482964912022176,-0.0944016629097042,"cv_r2",-0.00615179638463957,0.0196078431372549,TRUE,NA,NA
"cDC2","BCL11B","rf",398,79,0.848522759449592,0.844009597802798,-0.118519161994245,"oob_r2",-0.0256551132870165,0.0196078431372549,TRUE,0.788589743589744,0.596296296296296
"cDC2","BCL11B","lm",398,79,NA,0.841858354304103,0.198503768584053,"cv_r2",-0.254825863900576,0.0196078431372549,TRUE,NA,NA
"cDC2","BCL11B","ridge",398,79,NA,0.842618200822087,0.0700886271367966,"cv_r2",0.0013620641200517,0.0196078431372549,TRUE,NA,NA
"cDC2","BCL11B","spearman",398,79,NA,0.434677045105315,-0.306828398038858,"cv_r2",0.00208420341659871,0.0196078431372549,TRUE,NA,NA
"cDC2","THRB","rf",398,79,0.809236911899676,0.80758954047633,-0.0812657828994849,"oob_r2",-0.0370719069063556,0.0196078431372549,TRUE,0.807236286919831,1
"cDC2","THRB","lm",398,79,NA,0.808558087728156,0.323557703657292,"cv_r2",-0.250453930760232,0.0196078431372549,TRUE,NA,NA
"cDC2","THRB","ridge",398,79,NA,0.819396539202451,0.225618034602018,"cv_r2",0.00182067524148613,0.0196078431372549,TRUE,NA,NA
"cDC2","THRB","spearman",398,79,NA,0.373586455993559,-0.175811907984441,"cv_r2",-0.008997223195326,0.0196078431372549,TRUE,NA,NA
"cDC2","ID2","rf",398,79,0.843073473605461,0.848023445261807,-0.114746211018926,"oob_r2",-0.0541984669516383,0.0196078431372549,TRUE,0.804523423131018,0.874074074074074
"cDC2","ID2","lm",398,79,NA,0.846172606154924,0.335015667295744,"cv_r2",-0.244046854424638,0.0196078431372549,TRUE,NA,NA
"cDC2","ID2","ridge",398,79,NA,0.847715995306675,0.230319314902174,"cv_r2",0.00354217069870644,0.0196078431372549,TRUE,NA,NA
"cDC2","ID2","spearman",398,79,NA,0.341294040394562,-0.262990555609286,"cv_r2",-0.00228029560018058,0.0196078431372549,TRUE,NA,NA
"cDC2","RORA","rf",398,79,0.713404495598702,0.704087440429582,0.49169118559919,"oob_r2",-0.0248284088217756,0.0196078431372549,TRUE,0.825207724764687,0.82962962962963
"cDC2","RORA","lm",398,79,NA,0.681472439737999,0.475690380790597,"cv_r2",-0.229288319172535,0.0196078431372549,TRUE,NA,NA
"cDC2","RORA","ridge",398,79,NA,0.715568700231485,0.555348255290019,"cv_r2",0.00155788304682452,0.0196078431372549,TRUE,NA,NA
"cDC2","RORA","spearman",398,79,NA,0.547284797726139,0.490046575947674,"cv_r2",0.000445551743511571,0.0196078431372549,TRUE,NA,NA
"cDC2","ETV7","rf",398,79,0.858893580984246,0.864906999616662,-0.132693822966314,"oob_r2",-0.0408793628252267,0.0196078431372549,TRUE,0.794433625446284,0.595767195767196
"cDC2","ETV7","lm",398,79,NA,0.864959416870243,0.325549600740904,"cv_r2",-0.243753047983059,0.0196078431372549,TRUE,NA,NA
"cDC2","ETV7","ridge",398,79,NA,0.865412815120492,0.192186046919983,"cv_r2",0.000800117032221709,0.0196078431372549,TRUE,NA,NA
"cDC2","ETV7","spearman",398,79,NA,0.396470228905162,-0.420827808190005,"cv_r2",0.00114118189924741,0.0196078431372549,TRUE,NA,NA
"cDC2","IRF9","rf",398,79,0.854144430029554,0.84589524718419,-0.135713166590376,"oob_r2",-0.0431879933347061,0.0196078431372549,TRUE,0.767524613220816,0.792592592592593
"cDC2","IRF9","lm",398,79,NA,0.816581562651599,-0.0553361783748607,"cv_r2",-0.256876762359956,0.0196078431372549,TRUE,NA,NA
"cDC2","IRF9","ridge",398,79,NA,0.817977216862097,-0.119749519820576,"cv_r2",-0.00063596542748321,0.0196078431372549,TRUE,NA,NA
"cDC2","IRF9","spearman",398,79,NA,0.464471423845688,-0.475648059853861,"cv_r2",-0.00207083758348156,0.0196078431372549,TRUE,NA,NA
"cDC2","XBP1","rf",398,79,0.855858327043508,0.845021691794847,0.0478118393445871,"oob_r2",-0.0407961487028145,0.0196078431372549,TRUE,0.816733744455263,0.82962962962963
"cDC2","XBP1","lm",398,79,NA,0.818202108389308,0.35027906781173,"cv_r2",-0.253132234286237,0.0196078431372549,TRUE,NA,NA
"cDC2","XBP1","ridge",398,79,NA,0.829696552689934,0.253177064817845,"cv_r2",-0.000853816629028859,0.0196078431372549,TRUE,NA,NA
"cDC2","XBP1","spearman",398,79,NA,0.451840204763516,-0.409217333973039,"cv_r2",-0.00861069595215708,0.0196078431372549,TRUE,NA,NA
"cDC2","SPI1","rf",398,79,0.820787915832234,0.821656542518401,-0.0254415794550042,"oob_r2",-0.0424714916382247,0.0196078431372549,TRUE,0.830724872876772,0.785185185185185
"cDC2","SPI1","lm",398,79,NA,0.85373699526634,0.49694532289218,"cv_r2",-0.258156302159571,0.0196078431372549,TRUE,NA,NA
"cDC2","SPI1","ridge",398,79,NA,0.863049809319338,0.390327724454794,"cv_r2",-0.0021175849835168,0.0196078431372549,TRUE,NA,NA
"cDC2","SPI1","spearman",398,79,NA,0.358272071785767,-0.33166464283391,"cv_r2",-0.00306800840023148,0.0196078431372549,TRUE,NA,NA
"cDC2","MYB","rf",398,79,0.854098486189223,0.844066853289833,0.196303632379352,"oob_r2",-0.0411695935673879,0.0196078431372549,TRUE,0.812525154170724,0.706878306878307
"cDC2","MYB","lm",398,79,NA,0.80335504870147,0.372112977257802,"cv_r2",-0.254326988203552,0.0196078431372549,TRUE,NA,NA
"cDC2","MYB","ridge",398,79,NA,0.816005581224886,0.194726498970065,"cv_r2",-0.00110594608421525,0.0196078431372549,TRUE,NA,NA
"cDC2","MYB","spearman",398,79,NA,0.52381896526415,-0.143852823580773,"cv_r2",-0.00388196436578083,0.0196078431372549,TRUE,NA,NA
"cDC2","KLF9","rf",398,79,0.821743385677463,0.822242348944427,-0.0585108590878911,"oob_r2",-0.0267580223354762,0.0196078431372549,TRUE,0.828384182624689,0.578835978835979
"cDC2","KLF9","lm",398,79,NA,0.832391119038903,0.327775789019404,"cv_r2",-0.244262065902644,0.0196078431372549,TRUE,NA,NA
"cDC2","KLF9","ridge",398,79,NA,0.831277088653731,0.18308152509948,"cv_r2",0.00389622446991225,0.0196078431372549,TRUE,NA,NA
"cDC2","KLF9","spearman",398,79,NA,0.377140465091651,-0.29724220849796,"cv_r2",-0.00360847855598982,0.0196078431372549,TRUE,NA,NA
"cDC2","NKX6-1","rf",398,79,0.823692362067259,0.825039248171603,0.0360849478995039,"oob_r2",-0.0304745467734394,0.0196078431372549,TRUE,0.77753435031916,0.655026455026455
"cDC2","NKX6-1","lm",398,79,NA,0.85895003470985,0.568012252220888,"cv_r2",-0.232417212120865,0.0196078431372549,TRUE,NA,NA
"cDC2","NKX6-1","ridge",398,79,NA,0.866433294498989,0.501618254046115,"cv_r2",-0.000563479149480174,0.0196078431372549,TRUE,NA,NA
"cDC2","NKX6-1","spearman",398,79,NA,0.498286309182387,-0.357304682720479,"cv_r2",-0.00459554753311979,0.0196078431372549,TRUE,NA,NA
"cDC2","KLF13","rf",398,79,0.834322183748025,0.829390098105115,-0.0709963639396178,"oob_r2",-0.0307736199639685,0.0196078431372549,TRUE,0.81840311587147,1
"cDC2","KLF13","lm",398,79,NA,0.830031004978259,0.264540509086971,"cv_r2",-0.255475883002648,0.0196078431372549,TRUE,NA,NA
"cDC2","KLF13","ridge",398,79,NA,0.833086507708128,0.161377467766186,"cv_r2",0.00428136383673119,0.0196078431372549,TRUE,NA,NA
"cDC2","KLF13","spearman",398,79,NA,0.347340274135033,-0.320945085045923,"cv_r2",-0.00698608556940296,0.0196078431372549,TRUE,NA,NA
"cDC2","REL","rf",398,79,0.79268532667453,0.792194105335367,-0.0107454250321899,"oob_r2",-0.0289971333807762,0.0196078431372549,TRUE,0.804170182841069,1
"cDC2","REL","lm",398,79,NA,0.811960451649866,0.574406160829292,"cv_r2",-0.262945548895625,0.0196078431372549,TRUE,NA,NA
"cDC2","REL","ridge",398,79,NA,0.823506306879797,0.537982650523498,"cv_r2",-0.000605081943369824,0.0196078431372549,TRUE,NA,NA
"cDC2","REL","spearman",398,79,NA,0.355357739412851,-0.22959837704042,"cv_r2",-0.00672846838741004,0.0196078431372549,TRUE,NA,NA
"cDC2","TCF7L2","rf",398,79,0.860365261143248,0.856093715894257,0.0473214425333306,"oob_r2",-0.044917183276986,0.0196078431372549,TRUE,0.815738937574381,0.671957671957672
"cDC2","TCF7L2","lm",398,79,NA,0.847900028772718,0.478373339156751,"cv_r2",-0.254146541519997,0.0196078431372549,TRUE,NA,NA
"cDC2","TCF7L2","ridge",398,79,NA,0.854138576076859,0.289915412854281,"cv_r2",-0.000361444196383144,0.0196078431372549,TRUE,NA,NA
"cDC2","TCF7L2","spearman",398,79,NA,0.402312632638602,-0.183715787163626,"cv_r2",0.00154654364481289,0.0196078431372549,TRUE,NA,NA
"cDC2","IRF7","rf",398,79,0.845185849936853,0.838125061982484,-0.273401348814703,"oob_r2",-0.043499813061164,0.0196078431372549,TRUE,0.7853364708428,0.785185185185185
"cDC2","IRF7","lm",398,79,NA,0.793883171802429,-0.153121249307822,"cv_r2",-0.244840448250122,0.0196078431372549,TRUE,NA,NA
"cDC2","IRF7","ridge",398,79,NA,0.795630011466843,-0.303303898038385,"cv_r2",0.000128762221131049,0.0196078431372549,TRUE,NA,NA
"cDC2","IRF7","spearman",398,79,NA,0.397345141825068,-0.527076068111227,"cv_r2",-0.000633184016036678,0.0196078431372549,TRUE,NA,NA
"cDC2","MITF","rf",398,79,0.855632546917224,0.850764123036342,0.18850847729237,"oob_r2",-0.0448960565454446,0.0196078431372549,TRUE,0.797863247863248,0.670899470899471
"cDC2","MITF","lm",398,79,NA,0.842190324828956,0.578393773065292,"cv_r2",-0.243651020956378,0.0196078431372549,TRUE,NA,NA
"cDC2","MITF","ridge",398,79,NA,0.848694840825489,0.479740886088862,"cv_r2",-2.3419711293761e-05,0.0196078431372549,TRUE,NA,NA
"cDC2","MITF","spearman",398,79,NA,0.512463620394372,-0.167662100933657,"cv_r2",-0.00194790245927823,0.0196078431372549,TRUE,NA,NA
"cDC2","BATF3","rf",398,79,0.854907471789248,0.85202142712015,0.13535107143533,"oob_r2",-0.0364259141080542,0.0196078431372549,TRUE,0.818826138699556,0.933333333333333
"cDC2","BATF3","lm",398,79,NA,0.852462584488211,0.502117014918882,"cv_r2",-0.240115904412705,0.0196078431372549,TRUE,NA,NA
"cDC2","BATF3","ridge",398,79,NA,0.857748691741294,0.459247823019784,"cv_r2",-0.000756898410903717,0.0196078431372549,TRUE,NA,NA
"cDC2","BATF3","spearman",398,79,NA,0.528208794269871,0.0889954237034652,"cv_r2",0.00549660840023481,0.0196078431372549,TRUE,NA,NA
"cDC2","STAT1","rf",398,79,0.859757316821771,0.850357803047389,-0.250576140125355,"oob_r2",-0.0444694504989262,0.0196078431372549,TRUE,0.793694687871903,0.785185185185185
"cDC2","STAT1","lm",398,79,NA,0.817195594975409,-0.0647421061087405,"cv_r2",-0.243197755631543,0.0196078431372549,TRUE,NA,NA
"cDC2","STAT1","ridge",398,79,NA,0.819219478798321,-0.194269802680318,"cv_r2",0.00167772835561019,0.0196078431372549,TRUE,NA,NA
"cDC2","STAT1","spearman",398,79,NA,0.407064414374999,-0.295667699561787,"cv_r2",-0.00297860287336762,0.0196078431372549,TRUE,NA,NA
"cDC2","EHF","rf",398,79,0.801106759563574,0.790442801774224,0.394610374332724,"oob_r2",-0.0382357366881406,0.0196078431372549,TRUE,0.83747105917992,0.82962962962963
"cDC2","EHF","lm",398,79,NA,0.852775328542044,0.763845664330984,"cv_r2",-0.229322392107109,0.0196078431372549,TRUE,NA,NA
"cDC2","EHF","ridge",398,79,NA,0.863273888179979,0.763039351413343,"cv_r2",-0.00157170864964071,0.0196078431372549,TRUE,NA,NA
"cDC2","EHF","spearman",398,79,NA,0.33038517527841,-0.0844987162357551,"cv_r2",0.00553892564198725,0.0196078431372549,TRUE,NA,NA
"cDC2","IRF1","rf",398,79,0.880586662768443,0.8756039633705,0.102609782335301,"oob_r2",-0.046153539064406,0.0196078431372549,TRUE,0.827442929784702,0.740740740740741
"cDC2","IRF1","lm",398,79,NA,0.886622477370275,0.541666728476324,"cv_r2",-0.252258543557025,0.0196078431372549,TRUE,NA,NA
"cDC2","IRF1","ridge",398,79,NA,0.886245931364181,0.438780550838629,"cv_r2",-0.00119331134126193,0.0196078431372549,TRUE,NA,NA
"cDC2","IRF1","spearman",398,79,NA,0.423133328785806,-0.0665943329323258,"cv_r2",0.00195635056137223,0.0196078431372549,TRUE,NA,NA
"cDC2","ID3","rf",398,79,0.800194371272586,0.788243545174133,0.19016495523164,"oob_r2",-0.0406885201293015,0.0196078431372549,TRUE,0.824418478848859,0.785185185185185
"cDC2","ID3","lm",398,79,NA,0.821336878556972,0.679514493101429,"cv_r2",-0.24516211627198,0.0196078431372549,TRUE,NA,NA
"cDC2","ID3","ridge",398,79,NA,0.829069725509231,0.616701480447171,"cv_r2",-0.000674881526869147,0.0196078431372549,TRUE,NA,NA
"cDC2","ID3","spearman",398,79,NA,0.387705008385621,0.00466991505134107,"cv_r2",-0.00304121676560526,0.0196078431372549,TRUE,NA,NA
"cDC2","BHLHE41","rf",398,79,0.757820405754118,0.751325640495328,0.211534783030716,"oob_r2",-0.0269555623362301,0.0196078431372549,TRUE,0.827896786757546,0.82962962962963
"cDC2","BHLHE41","lm",398,79,NA,0.742736697278977,0.521203779410085,"cv_r2",-0.253698545260562,0.0196078431372549,TRUE,NA,NA
"cDC2","BHLHE41","ridge",398,79,NA,0.762638077121209,0.469336168047851,"cv_r2",-0.0010831227276695,0.0196078431372549,TRUE,NA,NA
"cDC2","BHLHE41","spearman",398,79,NA,0.368705643496254,-0.18284198807046,"cv_r2",-0.000954264818953855,0.0196078431372549,TRUE,NA,NA
"cDC2","NR4A1","rf",398,79,0.866004428042359,0.864832389461882,0.13922927597525,"oob_r2",-0.0304662121255274,0.0196078431372549,TRUE,0.847208157524613,0.881481481481481
"cDC2","NR4A1","lm",398,79,NA,0.861057934642292,0.571052072110684,"cv_r2",-0.249098490676736,0.0196078431372549,TRUE,NA,NA
"cDC2","NR4A1","ridge",398,79,NA,0.861967818594157,0.454640052933084,"cv_r2",0.00134750594374042,0.0196078431372549,TRUE,NA,NA
"cDC2","NR4A1","spearman",398,79,NA,0.358401757341871,-0.513424531644523,"cv_r2",0.00382060677858904,0.0196078431372549,TRUE,NA,NA
"cDC2","E2F7","rf",398,79,0.783747299060318,0.762131895153578,0.675476617858457,"oob_r2",-0.0361214893939804,0.0196078431372549,TRUE,0.856692632262253,0.874074074074074
"cDC2","E2F7","lm",398,79,NA,0.829782048343619,0.765877293635049,"cv_r2",-0.234045880625329,0.0196078431372549,TRUE,NA,NA
"cDC2","E2F7","ridge",398,79,NA,0.845368425221404,0.788956598031491,"cv_r2",-0.00164612832673359,0.0196078431372549,TRUE,NA,NA
"cDC2","E2F7","spearman",398,79,NA,0.434837642020922,0.345668789372411,"cv_r2",-0.00182491482892806,0.0196078431372549,TRUE,NA,NA
"cDC2","IRF4","rf",398,79,0.868442844321141,0.857236209305767,0.129393133641381,"oob_r2",-0.0319332488176177,0.0196078431372549,TRUE,0.843382559774965,1
"cDC2","IRF4","lm",398,79,NA,0.853683016998133,0.472326207730754,"cv_r2",-0.244557252408233,0.0196078431372549,TRUE,NA,NA
"cDC2","IRF4","ridge",398,79,NA,0.854254129587299,0.382183532626056,"cv_r2",-0.00151993890093782,0.0196078431372549,TRUE,NA,NA
"cDC2","IRF4","spearman",398,79,NA,0.337979972739219,-0.247216957041163,"cv_r2",-0.00164161659571801,0.0196078431372549,TRUE,NA,NA
"cDC2","MEF2C","rf",398,79,0.855015388518289,0.851755391415768,0.0153079829827103,"oob_r2",-0.0370505769880906,0.0196078431372549,TRUE,0.805631288542681,0.874074074074074
"cDC2","MEF2C","lm",398,79,NA,0.861245839107725,0.487102112306779,"cv_r2",-0.258123697359385,0.0196078431372549,TRUE,NA,NA
"cDC2","MEF2C","ridge",398,79,NA,0.875602438862218,0.409946436942134,"cv_r2",0.00077238775975214,0.0196078431372549,TRUE,NA,NA
"cDC2","MEF2C","spearman",398,79,NA,0.491889707451256,-0.0772161544560364,"cv_r2",-0.00166363795179514,0.0196078431372549,TRUE,NA,NA
"cDC2","IRF8","rf",398,79,0.871926543263341,0.864897622934976,0.141304394953465,"oob_r2",-0.0306216024929479,0.0196078431372549,TRUE,0.805018933246781,1
"cDC2","IRF8","lm",398,79,NA,0.858581638775982,0.490067975813868,"cv_r2",-0.244402201257535,0.0196078431372549,TRUE,NA,NA
"cDC2","IRF8","ridge",398,79,NA,0.858311246226404,0.339837541172832,"cv_r2",-0.000310200668886385,0.0196078431372549,TRUE,NA,NA
"cDC2","IRF8","spearman",398,79,NA,0.506049027964563,-0.0561278474499676,"cv_r2",-0.00727574653290732,0.0196078431372549,TRUE,NA,NA
"cDC2","KLF2","rf",398,79,0.852574524639267,0.842385231080954,-0.0248188114172119,"oob_r2",-0.0297434699987802,0.0196078431372549,TRUE,0.801075408417181,0.624338624338624
"cDC2","KLF2","lm",398,79,NA,0.836808059611288,0.323879394107708,"cv_r2",-0.247831314940508,0.0196078431372549,TRUE,NA,NA
"cDC2","KLF2","ridge",398,79,NA,0.843601534626056,0.207174823468967,"cv_r2",0.00236720676587738,0.0196078431372549,TRUE,NA,NA
"cDC2","KLF2","spearman",398,79,NA,0.355292081608268,-0.440643509294737,"cv_r2",-0.00152062869147386,0.0196078431372549,TRUE,NA,NA
"cDC2","KLF3","rf",398,79,0.835248708121864,0.837551441134411,0.258953065356275,"oob_r2",-0.0385867261605205,0.0196078431372549,TRUE,0.860563128854268,0.71957671957672
"cDC2","KLF3","lm",398,79,NA,0.847661717481097,0.565570074193142,"cv_r2",-0.230827888078356,0.0196078431372549,TRUE,NA,NA
"cDC2","KLF3","ridge",398,79,NA,0.848925732697472,0.468618431755498,"cv_r2",-0.000800327243735011,0.0196078431372549,TRUE,NA,NA
"cDC2","KLF3","spearman",398,79,NA,0.536932797182444,0.0115147714252258,"cv_r2",0.00130935464972878,0.0196078431372549,TRUE,NA,NA
"cDC2","ENO1","rf",398,79,0.828735114266094,0.825636527360663,0.598431647468471,"oob_r2",-0.028144292816336,0.0196078431372549,TRUE,0.813997078870497,0.822222222222222
"cDC2","ENO1","lm",398,79,NA,0.820635294384358,0.747183633680789,"cv_r2",-0.255713089390143,0.0196078431372549,TRUE,NA,NA
"cDC2","ENO1","ridge",398,79,NA,0.836488569200584,0.757877024669638,"cv_r2",-0.00168889608050088,0.0196078431372549,TRUE,NA,NA
"cDC2","ENO1","spearman",398,79,NA,0.628546641069511,0.567259227442353,"cv_r2",0.0113061731577067,0.0196078431372549,TRUE,NA,NA
"cDC2","MYBL1","rf",398,79,0.857549717284053,0.839588904367687,0.31640846481272,"oob_r2",-0.0376914220895722,0.0196078431372549,TRUE,0.79728064481229,0.632804232804233
"cDC2","MYBL1","lm",398,79,NA,0.821736797730437,0.563732752200484,"cv_r2",-0.230482684793861,0.0196078431372549,TRUE,NA,NA
"cDC2","MYBL1","ridge",398,79,NA,0.824254093346537,0.414702785359857,"cv_r2",-0.0013120430438333,0.0196078431372549,TRUE,NA,NA
"cDC2","MYBL1","spearman",398,79,NA,0.561044048579332,0.127372878119357,"cv_r2",0.00382454557683376,0.0196078431372549,TRUE,NA,NA
"cDC2","E2F2","rf",398,79,0.876005068078798,0.871105946045562,0.497055804854494,"oob_r2",-0.0401339187672684,0.0196078431372549,TRUE,0.81614465000541,0.77037037037037
"cDC2","E2F2","lm",398,79,NA,0.880284749198942,0.713283368275471,"cv_r2",-0.244494274339624,0.0196078431372549,TRUE,NA,NA
"cDC2","E2F2","ridge",398,79,NA,0.885958870107038,0.728359958303082,"cv_r2",-0.000754939676766123,0.0196078431372549,TRUE,NA,NA
"cDC2","E2F2","spearman",398,79,NA,0.651802781267014,0.309233020072666,"cv_r2",0.00149439295175671,0.0196078431372549,TRUE,NA,NA
"cDC2","CEBPB","rf",398,79,0.874198162765727,0.870554223781253,0.224654541572402,"oob_r2",-0.0433865354087127,0.0196078431372549,TRUE,0.813670345126041,0.874074074074074
"cDC2","CEBPB","lm",398,79,NA,0.892575694770931,0.632028032925208,"cv_r2",-0.247290195356508,0.0196078431372549,TRUE,NA,NA
"cDC2","CEBPB","ridge",398,79,NA,0.894783351379637,0.559034771680745,"cv_r2",-0.00141753800799532,0.0196078431372549,TRUE,NA,NA
"cDC2","CEBPB","spearman",398,79,NA,0.550881250099199,0.00745395914600822,"cv_r2",-0.000308727073652908,0.0196078431372549,TRUE,NA,NA
"cDC2","FOSB","rf",398,79,0.849253233231435,0.851924624794881,0.0898599905975268,"oob_r2",-0.041251208671932,0.0196078431372549,TRUE,0.820650221789462,0.601058201058201
"cDC2","FOSB","lm",398,79,NA,0.852126282350937,0.502279069398044,"cv_r2",-0.243721862508069,0.0196078431372549,TRUE,NA,NA
"cDC2","FOSB","ridge",398,79,NA,0.856004194865975,0.357351289944021,"cv_r2",-3.98505754456379e-05,0.0196078431372549,TRUE,NA,NA
"cDC2","FOSB","spearman",398,79,NA,0.46236483800791,-0.195452107120743,"cv_r2",0.00121131743691327,0.0196078431372549,TRUE,NA,NA
"cDC2","E2F1","rf",398,79,0.870209596967896,0.871005227155193,0.61610542446196,"oob_r2",-0.0224345318081279,0.0196078431372549,TRUE,0.851855458184572,1
"cDC2","E2F1","lm",398,79,NA,0.872308550019204,0.748418400102924,"cv_r2",-0.249723067331905,0.0196078431372549,TRUE,NA,NA
"cDC2","E2F1","ridge",398,79,NA,0.873202301561552,0.725622795732646,"cv_r2",-0.00101924986871484,0.0196078431372549,TRUE,NA,NA
"cDC2","E2F1","spearman",398,79,NA,0.727606849687654,0.587997813067297,"cv_r2",0.0152236098058188,0.0196078431372549,TRUE,NA,NA
"cDC2","STAT3","rf",398,79,0.907667111088245,0.908416728229996,0.394680025017781,"oob_r2",-0.0207686069903384,0.0196078431372549,TRUE,0.783026614735476,0.724867724867725
"cDC2","STAT3","lm",398,79,NA,0.897490120669384,0.560610396913979,"cv_r2",-0.243174716988508,0.0196078431372549,TRUE,NA,NA
"cDC2","STAT3","ridge",398,79,NA,0.894451199343395,0.478380823010014,"cv_r2",-3.50506369412588e-05,0.0196078431372549,TRUE,NA,NA
"cDC2","STAT3","spearman",398,79,NA,0.590061762510152,0.273713644305535,"cv_r2",0.0019695901948807,0.0196078431372549,TRUE,NA,NA
"B_intermediate","JUND","rf",450,49,0.773712407699482,0.769927467484377,-0.132197550309817,"oob_r2",-0.0398731896407454,0.0196078431372549,TRUE,0.934764172335601,0.874074074074074
"B_intermediate","JUND","lm",450,49,NA,0.727884499643067,0.223732230643925,"cv_r2",-0.0988581702217376,0.0196078431372549,TRUE,NA,NA
"B_intermediate","JUND","ridge",450,49,NA,0.724995610317002,0.22198396281981,"cv_r2",-0.00147387776045015,0.0196078431372549,TRUE,NA,NA
"B_intermediate","JUND","spearman",450,49,NA,0.255347337676083,-0.539298231462064,"cv_r2",-0.00262043528887657,0.0196078431372549,TRUE,NA,NA
"B_intermediate","ZNF274","rf",450,49,0.822309079130573,0.824818915606983,0.539894471869242,"oob_r2",-0.0499946447979549,0.0196078431372549,TRUE,0.930371882086168,0.8
"B_intermediate","ZNF274","lm",450,49,NA,0.807679940392568,0.466734904771657,"cv_r2",-0.095003430282757,0.0196078431372549,TRUE,NA,NA
"B_intermediate","ZNF274","ridge",450,49,NA,0.813695854258014,0.550086331489288,"cv_r2",-0.00136424507327012,0.0196078431372549,TRUE,NA,NA
"B_intermediate","ZNF274","spearman",450,49,NA,0.400896964445159,-0.0740316129935275,"cv_r2",0.00142931745295123,0.0196078431372549,TRUE,NA,NA
"B_intermediate","POU2F2","rf",450,49,0.872924891906833,0.875678699226038,0.250816980749128,"oob_r2",-0.0530027092336765,0.0196078431372549,TRUE,0.934251700680272,1
"B_intermediate","POU2F2","lm",450,49,NA,0.823679370263219,0.416606703131109,"cv_r2",-0.111604566310291,0.0196078431372549,TRUE,NA,NA
"B_intermediate","POU2F2","ridge",450,49,NA,0.82715406007153,0.450193595092606,"cv_r2",0.00306080527711319,0.0196078431372549,TRUE,NA,NA
"B_intermediate","POU2F2","spearman",450,49,NA,0.411292209638556,-0.513482114795341,"cv_r2",0.000820773302879862,0.0196078431372549,TRUE,NA,NA
"B_intermediate","BCL11A","rf",450,49,0.796584999112314,0.790533409488531,0.0571613917261704,"oob_r2",-0.0594472096133217,0.0196078431372549,TRUE,0.900582766439909,1
"B_intermediate","BCL11A","lm",450,49,NA,0.751880606880473,0.198074593005187,"cv_r2",-0.101564072535318,0.0196078431372549,TRUE,NA,NA
"B_intermediate","BCL11A","ridge",450,49,NA,0.753409026921793,0.254832621441476,"cv_r2",-0.000454073747232364,0.0196078431372549,TRUE,NA,NA
"B_intermediate","BCL11A","spearman",450,49,NA,0.321222760906814,-0.53120559212703,"cv_r2",0.00922710535134517,0.0196078431372549,TRUE,NA,NA
"B_intermediate","IRF4","rf",450,49,0.878590100987205,0.876027896391316,0.17617789284872,"oob_r2",-0.0354959985244277,0.0196078431372549,TRUE,0.93197052154195,0.822222222222222
"B_intermediate","IRF4","lm",450,49,NA,0.83166093555407,0.461207793748069,"cv_r2",-0.0984560580891,0.0196078431372549,TRUE,NA,NA
"B_intermediate","IRF4","ridge",450,49,NA,0.834320341020643,0.483132723270849,"cv_r2",0.0014769532683678,0.0196078431372549,TRUE,NA,NA
"B_intermediate","IRF4","spearman",450,49,NA,0.515160854291355,-0.24222345080338,"cv_r2",0.00851754278848979,0.0196078431372549,TRUE,NA,NA
"B_intermediate","E2F1","rf",450,49,0.868332569010059,0.873409590450947,0.244780120742124,"oob_r2",-0.0417331754381099,0.0196078431372549,TRUE,0.924514739229025,1
"B_intermediate","E2F1","lm",450,49,NA,0.844640454651104,0.504719103474918,"cv_r2",-0.118331210055956,0.0196078431372549,TRUE,NA,NA
"B_intermediate","E2F1","ridge",450,49,NA,0.846520456640553,0.517521416823897,"cv_r2",0.00170931883903486,0.0196078431372549,TRUE,NA,NA
"B_intermediate","E2F1","spearman",450,49,NA,0.378250547789112,-0.34842510705147,"cv_r2",0.00174478668748195,0.0196078431372549,TRUE,NA,NA
"B_intermediate","EGR4","rf",450,49,0.722589854662325,0.710188778322091,-0.196196119285325,"oob_r2",-0.0371307867309973,0.0196078431372549,TRUE,0.907746031746032,0.881481481481481
"B_intermediate","EGR4","lm",450,49,NA,0.622080603728151,0.182190683519788,"cv_r2",-0.0975994086866761,0.0196078431372549,TRUE,NA,NA
"B_intermediate","EGR4","ridge",450,49,NA,0.625765322084487,0.125975282873301,"cv_r2",0.00465033389822446,0.0196078431372549,TRUE,NA,NA
"B_intermediate","EGR4","spearman",450,49,NA,0.155891474712489,-0.462988849722587,"cv_r2",0.0109987329767345,0.0196078431372549,TRUE,NA,NA
"B_intermediate","BCLAF1","rf",450,49,0.748156097544966,0.739259590412638,0.098451865612917,"oob_r2",-0.0473155969705263,0.0196078431372549,TRUE,0.918975056689342,0.933333333333333
"B_intermediate","BCLAF1","lm",450,49,NA,0.719671877948658,0.478205971358028,"cv_r2",-0.0962766484041923,0.0196078431372549,TRUE,NA,NA
"B_intermediate","BCLAF1","ridge",450,49,NA,0.725345604923269,0.444209128509361,"cv_r2",-0.000191476127279201,0.0196078431372549,TRUE,NA,NA
"B_intermediate","BCLAF1","spearman",450,49,NA,0.382536207541494,-0.249078744593543,"cv_r2",0.00405955017147785,0.0196078431372549,TRUE,NA,NA
"B_intermediate","KLF2","rf",450,49,0.832315212530884,0.82291088547843,0.543634058991876,"oob_r2",-0.0455318335848736,0.0196078431372549,TRUE,0.928691609977324,0.933333333333333
"B_intermediate","KLF2","lm",450,49,NA,0.746843252281555,0.576290576703897,"cv_r2",-0.108607054583726,0.0196078431372549,TRUE,NA,NA
"B_intermediate","KLF2","ridge",450,49,NA,0.751298498229595,0.590272307091752,"cv_r2",-0.00130263761994695,0.0196078431372549,TRUE,NA,NA
"B_intermediate","KLF2","spearman",450,49,NA,0.456626645406642,-0.172997258368996,"cv_r2",0.00301414967100079,0.0196078431372549,TRUE,NA,NA
"B_intermediate","NR4A2","rf",450,49,0.78575843862391,0.789797161772841,0.642397554986846,"oob_r2",-0.0474898278865799,0.0196078431372549,TRUE,0.921736961451247,1
"B_intermediate","NR4A2","lm",450,49,NA,0.705509757613618,0.469843493490283,"cv_r2",-0.103067286665179,0.0196078431372549,TRUE,NA,NA
"B_intermediate","NR4A2","ridge",450,49,NA,0.708726269151963,0.522837182554558,"cv_r2",-0.00196279842439597,0.0196078431372549,TRUE,NA,NA
"B_intermediate","NR4A2","spearman",450,49,NA,0.398051195601874,-0.0643469860920602,"cv_r2",0.00494803787761277,0.0196078431372549,TRUE,NA,NA
"B_intermediate","BACH1","rf",450,49,0.772508389198204,0.767068002032751,0.349482436152623,"oob_r2",-0.0589942091089139,0.0196078431372549,TRUE,0.92207029478458,1
"B_intermediate","BACH1","lm",450,49,NA,0.719224966331742,0.406362024689181,"cv_r2",-0.117117023912553,0.0196078431372549,TRUE,NA,NA
"B_intermediate","BACH1","ridge",450,49,NA,0.727886810769662,0.451064557875782,"cv_r2",-0.00106730902353928,0.0196078431372549,TRUE,NA,NA
"B_intermediate","BACH1","spearman",450,49,NA,0.240219118884033,-0.0997875889503805,"cv_r2",0.00804733390777966,0.0196078431372549,TRUE,NA,NA
"B_intermediate","E2F7","rf",450,49,0.854939879399032,0.855796407882762,0.199382181484608,"oob_r2",-0.0620798073803803,0.0196078431372549,TRUE,0.9398820861678,0.933333333333333
"B_intermediate","E2F7","lm",450,49,NA,0.80070326284211,0.407718184235114,"cv_r2",-0.11796947644408,0.0196078431372549,TRUE,NA,NA
"B_intermediate","E2F7","ridge",450,49,NA,0.805852467302741,0.427135861777982,"cv_r2",0.00322590257666316,0.0196078431372549,TRUE,NA,NA
"B_intermediate","E2F7","spearman",450,49,NA,0.360386638260806,-0.0185691043363803,"cv_r2",0.00136906158664831,0.0196078431372549,TRUE,NA,NA
"B_intermediate","KLF10","rf",450,49,0.830084106245652,0.824844036331007,0.308232964439745,"oob_r2",-0.0688824939474449,0.0196078431372549,TRUE,0.92562358276644,0.933333333333333
"B_intermediate","KLF10","lm",450,49,NA,0.777488019443086,0.556841911517589,"cv_r2",-0.121310349834938,0.0196078431372549,TRUE,NA,NA
"B_intermediate","KLF10","ridge",450,49,NA,0.78020005346267,0.546096821324591,"cv_r2",-0.00132419294952698,0.0196078431372549,TRUE,NA,NA
"B_intermediate","KLF10","spearman",450,49,NA,0.434067809475333,-0.279950795446624,"cv_r2",0.00644115204677432,0.0196078431372549,TRUE,NA,NA
"B_intermediate","RORA","rf",450,49,0.765909305829704,0.764347084898075,0.55752002988669,"oob_r2",-0.0644766190686722,0.0196078431372549,TRUE,0.906442176870748,0.8
"B_intermediate","RORA","lm",450,49,NA,0.694307707930809,0.466224563559939,"cv_r2",-0.0999050631105728,0.0196078431372549,TRUE,NA,NA
"B_intermediate","RORA","ridge",450,49,NA,0.703890405375955,0.56051475743341,"cv_r2",0.000841894598047538,0.0196078431372549,TRUE,NA,NA
"B_intermediate","RORA","spearman",450,49,NA,0.25749566743914,-0.106053126857181,"cv_r2",0.00166277688544541,0.0196078431372549,TRUE,NA,NA
"B_intermediate","TCF4","rf",450,49,0.759916939124206,0.766166850685837,0.171731122968199,"oob_r2",-0.0570547527185319,0.0196078431372549,TRUE,0.910081632653061,0.844444444444444
"B_intermediate","TCF4","lm",450,49,NA,0.732223850566169,0.479240759289036,"cv_r2",-0.116069656712883,0.0196078431372549,TRUE,NA,NA
"B_intermediate","TCF4","ridge",450,49,NA,0.744030129284809,0.482427644879761,"cv_r2",-0.000470032841631263,0.0196078431372549,TRUE,NA,NA
"B_intermediate","TCF4","spearman",450,49,NA,0.418687648701253,-0.178430808627988,"cv_r2",0.00864942112293123,0.0196078431372549,TRUE,NA,NA
"B_intermediate","SP100","rf",450,49,0.728371642003589,0.721053453600709,0.219032224862486,"oob_r2",-0.0479200656675946,0.0196078431372549,TRUE,0.906768707482993,0.698412698412698
"B_intermediate","SP100","lm",450,49,NA,0.668610198344322,0.397199495603339,"cv_r2",-0.11517744525672,0.0196078431372549,TRUE,NA,NA
"B_intermediate","SP100","ridge",450,49,NA,0.680941220948775,0.371049310487541,"cv_r2",-0.0016648681291857,0.0196078431372549,TRUE,NA,NA
"B_intermediate","SP100","spearman",450,49,NA,0.461618244465224,0.169052111637237,"cv_r2",0.0088756613874651,0.0196078431372549,TRUE,NA,NA
"B_intermediate","NFIX","rf",450,49,0.730307943980568,0.72547080021476,0.0438423683970037,"oob_r2",-0.0521539308582754,0.0196078431372549,TRUE,0.935480725623583,0.933333333333333
"B_intermediate","NFIX","lm",450,49,NA,0.684230880023737,0.226226617843231,"cv_r2",-0.0984667211637578,0.0196078431372549,TRUE,NA,NA
"B_intermediate","NFIX","ridge",450,49,NA,0.689232002129062,0.230166014627276,"cv_r2",-0.000844242012462326,0.0196078431372549,TRUE,NA,NA
"B_intermediate","NFIX","spearman",450,49,NA,0.30183494048055,-0.304652384603652,"cv_r2",0.00675819578546168,0.0196078431372549,TRUE,NA,NA
"B_intermediate","TFEC","rf",450,49,0.71709810619643,0.716737739225317,0.378936733412064,"oob_r2",-0.0471280737273053,0.0196078431372549,TRUE,0.93772335600907,0.933333333333333
"B_intermediate","TFEC","lm",450,49,NA,0.649757425010935,0.450806258403451,"cv_r2",-0.104337150853655,0.0196078431372549,TRUE,NA,NA
"B_intermediate","TFEC","ridge",450,49,NA,0.655472039142425,0.482412532738714,"cv_r2",0.000141579302826461,0.0196078431372549,TRUE,NA,NA
"B_intermediate","TFEC","spearman",450,49,NA,0.340717309016437,-0.248875509159866,"cv_r2",0.00696296358879412,0.0196078431372549,TRUE,NA,NA
"B_intermediate","MEF2C","rf",450,49,0.899939890901163,0.901246900041562,0.233310880325269,"oob_r2",-0.0626889467029662,0.0196078431372549,TRUE,0.912775510204082,0.6994708994709
"B_intermediate","MEF2C","lm",450,49,NA,0.85300815163983,0.55385577328117,"cv_r2",-0.117311188838972,0.0196078431372549,TRUE,NA,NA
"B_intermediate","MEF2C","ridge",450,49,NA,0.856022984188041,0.524853028355064,"cv_r2",0.00187354433486665,0.0196078431372549,TRUE,NA,NA
"B_intermediate","MEF2C","spearman",450,49,NA,0.705623516317343,0.0438358032739085,"cv_r2",-0.00701687073754239,0.0196078431372549,TRUE,NA,NA
"B_intermediate","SMARCA5","rf",450,49,0.809486243608568,0.807020235268773,0.19123325943345,"oob_r2",-0.0525815807171984,0.0196078431372549,TRUE,0.928199546485261,1
"B_intermediate","SMARCA5","lm",450,49,NA,0.729195259797971,0.238569574934505,"cv_r2",-0.101952824368683,0.0196078431372549,TRUE,NA,NA
"B_intermediate","SMARCA5","ridge",450,49,NA,0.735338550775219,0.261809081901302,"cv_r2",0.000308508854188655,0.0196078431372549,TRUE,NA,NA
"B_intermediate","SMARCA5","spearman",450,49,NA,0.298833654937346,-0.346015129265155,"cv_r2",0.00112026302196213,0.0196078431372549,TRUE,NA,NA
"B_intermediate","ZNF331","rf",450,49,0.801248094010334,0.794892110724164,0.305993276453949,"oob_r2",-0.0458354837964785,0.0196078431372549,TRUE,0.923213151927438,0.755555555555556
"B_intermediate","ZNF331","lm",450,49,NA,0.743233048373452,0.554390782053026,"cv_r2",-0.117389835995858,0.0196078431372549,TRUE,NA,NA
"B_intermediate","ZNF331","ridge",450,49,NA,0.749668788758013,0.542548602179107,"cv_r2",-0.000779401110818756,0.0196078431372549,TRUE,NA,NA
"B_intermediate","ZNF331","spearman",450,49,NA,0.565628520795199,0.0465787496433311,"cv_r2",-0.00712209739154962,0.0196078431372549,TRUE,NA,NA
"B_intermediate","KLF13","rf",450,49,0.794798449076244,0.805104215875154,0.67238222294994,"oob_r2",-0.078889085705393,0.0196078431372549,TRUE,0.906052154195011,0.668783068783069
"B_intermediate","KLF13","lm",450,49,NA,0.614301036414654,0.398675512989444,"cv_r2",-0.0799509210883829,0.0196078431372549,TRUE,NA,NA
"B_intermediate","KLF13","ridge",450,49,NA,0.61357987096139,0.406266651407686,"cv_r2",0.000859243785643901,0.0196078431372549,TRUE,NA,NA
"B_intermediate","KLF13","spearman",450,49,NA,0.562422218019318,0.540973246814164,"cv_r2",0.0114310541248358,0.0196078431372549,TRUE,NA,NA
"B_intermediate","FOXP1","rf",450,49,0.8017509702442,0.802578722212555,0.0232761065632515,"oob_r2",-0.0514347329252595,0.0196078431372549,TRUE,0.930360544217687,1
"B_intermediate","FOXP1","lm",450,49,NA,0.750531970950285,0.220603770104201,"cv_r2",-0.120504836295886,0.0196078431372549,TRUE,NA,NA
"B_intermediate","FOXP1","ridge",450,49,NA,0.746568546113589,0.25927361340544,"cv_r2",0.00496977040153302,0.0196078431372549,TRUE,NA,NA
"B_intermediate","FOXP1","spearman",450,49,NA,0.556406524173356,-0.340995134491884,"cv_r2",0.00757400053003289,0.0196078431372549,TRUE,NA,NA
"B_intermediate","SPIB","rf",450,49,0.755735899584553,0.762307764880582,0.522772998391963,"oob_r2",-0.0678502776136205,0.0196078431372549,TRUE,0.927551020408163,0.822222222222222
"B_intermediate","SPIB","lm",450,49,NA,0.67944954755917,0.492132576931612,"cv_r2",-0.117942366106369,0.0196078431372549,TRUE,NA,NA
"B_intermediate","SPIB","ridge",450,49,NA,0.679097357176481,0.572704065747089,"cv_r2",-0.00221981633228096,0.0196078431372549,TRUE,NA,NA
"B_intermediate","SPIB","spearman",450,49,NA,0.392506395231541,0.116565670354734,"cv_r2",0.0039580113956154,0.0196078431372549,TRUE,NA,NA
"B_intermediate","ZNF148","rf",450,49,0.828360261718266,0.817756463435158,0.671937017365882,"oob_r2",-0.0742117653357057,0.0196078431372549,TRUE,0.916321995464852,0.881481481481482
"B_intermediate","ZNF148","lm",450,49,NA,0.752366781478723,0.562173665251169,"cv_r2",-0.102751800219013,0.0196078431372549,TRUE,NA,NA
"B_intermediate","ZNF148","ridge",450,49,NA,0.761947116524418,0.6203525850685,"cv_r2",-0.000777252249446992,0.0196078431372549,TRUE,NA,NA
"B_intermediate","ZNF148","spearman",450,49,NA,0.379304917316259,0.028317407939449,"cv_r2",0.00110344342702624,0.0196078431372549,TRUE,NA,NA
"B_intermediate","HIF1A","rf",450,49,0.766904777394915,0.771708492413948,0.193796947775736,"oob_r2",-0.0599229409097049,0.0196078431372549,TRUE,0.94644671201814,0.77037037037037
"B_intermediate","HIF1A","lm",450,49,NA,0.729544602857127,0.542408441686003,"cv_r2",-0.112241421035258,0.0196078431372549,TRUE,NA,NA
"B_intermediate","HIF1A","ridge",450,49,NA,0.736743172284736,0.512901372977587,"cv_r2",-0.00102003696907889,0.0196078431372549,TRUE,NA,NA
"B_intermediate","HIF1A","spearman",450,49,NA,0.456695019976911,-0.199332142245734,"cv_r2",0.00312770727147203,0.0196078431372549,TRUE,NA,NA
"B_intermediate","HES4","rf",450,49,0.726079395819453,0.721960651372004,0.524617301409833,"oob_r2",-0.0495500946891426,0.0196078431372549,TRUE,0.923734693877551,1
"B_intermediate","HES4","lm",450,49,NA,0.621783643095943,0.480101063341908,"cv_r2",-0.107901039445642,0.0196078431372549,TRUE,NA,NA
"B_intermediate","HES4","ridge",450,49,NA,0.632560425033032,0.524147152935079,"cv_r2",0.000938748341165639,0.0196078431372549,TRUE,NA,NA
"B_intermediate","HES4","spearman",450,49,NA,0.311692038607112,0.183214770401828,"cv_r2",0.0102198627637745,0.0196078431372549,TRUE,NA,NA
"B_intermediate","ITGB2","rf",450,49,0.811327513899762,0.815068536692502,0.40815531099736,"oob_r2",-0.0532671822512968,0.0196078431372549,TRUE,0.926591836734694,0.881481481481482
"B_intermediate","ITGB2","lm",450,49,NA,0.760972791666219,0.608036076437967,"cv_r2",-0.110154819283509,0.0196078431372549,TRUE,NA,NA
"B_intermediate","ITGB2","ridge",450,49,NA,0.762031137062481,0.597871501136159,"cv_r2",-0.00119091491658402,0.0196078431372549,TRUE,NA,NA
"B_intermediate","ITGB2","spearman",450,49,NA,0.535073585252946,0.0618790227192931,"cv_r2",0.0100840083606763,0.0196078431372549,TRUE,NA,NA
"B_intermediate","FOXJ3","rf",450,49,0.875774370164919,0.877241790703767,0.580454753484675,"oob_r2",-0.0539191502545001,0.0196078431372549,TRUE,0.910412698412698,1
"B_intermediate","FOXJ3","lm",450,49,NA,0.835051978890841,0.742836729926006,"cv_r2",-0.114222924362394,0.0196078431372549,TRUE,NA,NA
"B_intermediate","FOXJ3","ridge",450,49,NA,0.836273617309477,0.743153358913194,"cv_r2",-0.00132571021135165,0.0196078431372549,TRUE,NA,NA
"B_intermediate","FOXJ3","spearman",450,49,NA,0.351153568241926,-0.0994848307337974,"cv_r2",0.00337519089534477,0.0196078431372549,TRUE,NA,NA
"B_intermediate","SCX","rf",450,49,0.871478579215823,0.867107253458262,0.0799842157515458,"oob_r2",-0.0572321794031016,0.0196078431372549,TRUE,0.890961451247165,0.589417989417989
"B_intermediate","SCX","lm",450,49,NA,0.799710765527474,0.387950989429044,"cv_r2",-0.10747735900881,0.0196078431372549,TRUE,NA,NA
"B_intermediate","SCX","ridge",450,49,NA,0.803868677931083,0.342324630912517,"cv_r2",-0.00203369605353274,0.0196078431372549,TRUE,NA,NA
"B_intermediate","SCX","spearman",450,49,NA,0.670096989114369,-0.247198982456017,"cv_r2",0.00213247388768153,0.0196078431372549,TRUE,NA,NA
"B_intermediate","FOSB","rf",450,49,0.837447962115932,0.830407946930264,0.648581863941424,"oob_r2",-0.066071381321216,0.0196078431372549,TRUE,0.879820861678004,0.718518518518518
"B_intermediate","FOSB","lm",450,49,NA,0.711869321117353,0.511535850095667,"cv_r2",-0.104470882619467,0.0196078431372549,TRUE,NA,NA
"B_intermediate","FOSB","ridge",450,49,NA,0.71190918955662,0.52484321019729,"cv_r2",-0.00223461875085189,0.0196078431372549,TRUE,NA,NA
"B_intermediate","FOSB","spearman",450,49,NA,0.432551677078732,0.138286081468833,"cv_r2",0.0110840447619068,0.0196078431372549,TRUE,NA,NA
"B_intermediate","YY1","rf",450,49,0.831225437265153,0.828635596951357,0.701728621252176,"oob_r2",-0.0833020803513305,0.0196078431372549,TRUE,0.860095238095238,0.735449735449735
"B_intermediate","YY1","lm",450,49,NA,0.68250578504482,0.535393542760481,"cv_r2",-0.0828066742375068,0.0196078431372549,TRUE,NA,NA
"B_intermediate","YY1","ridge",450,49,NA,0.675488492307902,0.540192196098293,"cv_r2",0.000302249821819611,0.0196078431372549,TRUE,NA,NA
"B_intermediate","YY1","spearman",450,49,NA,0.545846362774334,0.500752547684317,"cv_r2",0.00305885745083762,0.0196078431372549,TRUE,NA,NA
"B_intermediate","ATF4","rf",450,49,0.776406122281558,0.784425789658859,0.586147711613399,"oob_r2",-0.0583780126217503,0.0196078431372549,TRUE,0.937904761904762,0.933333333333333
"B_intermediate","ATF4","lm",450,49,NA,0.680640376526477,0.564549761453265,"cv_r2",-0.104312174400958,0.0196078431372549,TRUE,NA,NA
"B_intermediate","ATF4","ridge",450,49,NA,0.686631099473329,0.595295597019268,"cv_r2",-0.000575556462730548,0.0196078431372549,TRUE,NA,NA
"B_intermediate","ATF4","spearman",450,49,NA,0.3002824421178,0.10799074474242,"cv_r2",0.00352000098126621,0.0196078431372549,TRUE,NA,NA
"B_intermediate","RBPJ","rf",450,49,0.659055641407511,0.638027464578178,0.358926351621187,"oob_r2",-0.0437865036778536,0.0196078431372549,TRUE,0.932272108843537,0.757671957671958
"B_intermediate","RBPJ","lm",450,49,NA,0.572668514475436,0.358805767364727,"cv_r2",-0.102780997975571,0.0196078431372549,TRUE,NA,NA
"B_intermediate","RBPJ","ridge",450,49,NA,0.599044101783732,0.421183076888517,"cv_r2",-0.00217732086523881,0.0196078431372549,TRUE,NA,NA
"B_intermediate","RBPJ","spearman",450,49,NA,0.206132317353359,-0.0899871701663142,"cv_r2",-0.00479590704985354,0.0196078431372549,TRUE,NA,NA
"B_intermediate","HIVEP1","rf",450,49,0.766548638301621,0.778983147800001,0.495589284192531,"oob_r2",-0.0732504967472812,0.0196078431372549,TRUE,0.913537414965986,1
"B_intermediate","HIVEP1","lm",450,49,NA,0.688026330146094,0.54813016664535,"cv_r2",-0.119170462745538,0.0196078431372549,TRUE,NA,NA
"B_intermediate","HIVEP1","ridge",450,49,NA,0.689163815372416,0.557956235453491,"cv_r2",-0.00211001773548024,0.0196078431372549,TRUE,NA,NA
"B_intermediate","HIVEP1","spearman",450,49,NA,0.399036025484617,-0.058936101015,"cv_r2",0.00218291514699426,0.0196078431372549,TRUE,NA,NA
"B_intermediate","NR3C1","rf",450,49,0.828918574545202,0.806590281176796,0.478200832971911,"oob_r2",-0.0609733553718153,0.0196078431372549,TRUE,0.890054421768707,0.762962962962963
"B_intermediate","NR3C1","lm",450,49,NA,0.702660023480747,0.405178401233383,"cv_r2",-0.102367430260523,0.0196078431372549,TRUE,NA,NA
"B_intermediate","NR3C1","ridge",450,49,NA,0.704183612206656,0.415689324024834,"cv_r2",0.00102333465671909,0.0196078431372549,TRUE,NA,NA
"B_intermediate","NR3C1","spearman",450,49,NA,0.319771826700554,0.00101884416343168,"cv_r2",0.00525634621042955,0.0196078431372549,TRUE,NA,NA
"B_intermediate","PAX5","rf",450,49,0.845952329051016,0.828475948466806,-0.296560985581747,"oob_r2",-0.052172521935204,0.0196078431372549,TRUE,0.920571428571428,0.874074074074074
"B_intermediate","PAX5","lm",450,49,NA,0.710777797235893,-0.258496038957462,"cv_r2",-0.119390185018541,0.0196078431372549,TRUE,NA,NA
"B_intermediate","PAX5","ridge",450,49,NA,0.714882106616557,-0.260706433824723,"cv_r2",-0.00179559429512367,0.0196078431372549,TRUE,NA,NA
"B_intermediate","PAX5","spearman",450,49,NA,0.440869838715327,-0.360015799063211,"cv_r2",0.00511295640904965,0.0196078431372549,TRUE,NA,NA
"B_intermediate","NR4A1","rf",450,49,0.840475773267746,0.830711407435791,0.114367601223222,"oob_r2",-0.0505339007375036,0.0196078431372549,TRUE,0.929705215419501,0.75026455026455
"B_intermediate","NR4A1","lm",450,49,NA,0.766110806206524,0.329516491459655,"cv_r2",-0.117981517521022,0.0196078431372549,TRUE,NA,NA
"B_intermediate","NR4A1","ridge",450,49,NA,0.778441354429371,0.325546388262961,"cv_r2",-0.00224087960160026,0.0196078431372549,TRUE,NA,NA
"B_intermediate","NR4A1","spearman",450,49,NA,0.606605605240822,-0.0843297071916869,"cv_r2",0.00841600069511897,0.0196078431372549,TRUE,NA,NA
"B_intermediate","JUNB","rf",450,49,0.811817614648678,0.803183435553667,0.656205699104629,"oob_r2",-0.0811555740872652,0.0196078431372549,TRUE,0.892829931972789,0.6994708994709
"B_intermediate","JUNB","lm",450,49,NA,0.670185155181834,0.396446973089262,"cv_r2",-0.0870481198805791,0.0196078431372549,TRUE,NA,NA
"B_intermediate","JUNB","ridge",450,49,NA,0.665301836150152,0.411878431127096,"cv_r2",0.0021018726045276,0.0196078431372549,TRUE,NA,NA
"B_intermediate","JUNB","spearman",450,49,NA,0.590370704226611,0.56297740864798,"cv_r2",0.00366817651359678,0.0196078431372549,TRUE,NA,NA
"B_intermediate","CREB3L2","rf",450,49,0.875868836760722,0.871512664909823,0.0528748747608894,"oob_r2",-0.0611718240135307,0.0196078431372549,TRUE,0.920281179138322,0.844444444444444
"B_intermediate","CREB3L2","lm",450,49,NA,0.796150460553545,0.237041435279193,"cv_r2",-0.09945176204439,0.0196078431372549,TRUE,NA,NA
"B_intermediate","CREB3L2","ridge",450,49,NA,0.801545717010333,0.207818702737272,"cv_r2",-0.00158343657947697,0.0196078431372549,TRUE,NA,NA
"B_intermediate","CREB3L2","spearman",450,49,NA,0.631856343921568,-0.144865472703007,"cv_r2",0.00710898516431585,0.0196078431372549,TRUE,NA,NA
"B_intermediate","ETS2","rf",450,49,0.773616343769824,0.78646172645902,0.610825250893351,"oob_r2",-0.080596178985768,0.0196078431372549,TRUE,0.856730158730159,0.874074074074074
"B_intermediate","ETS2","lm",450,49,NA,0.500727275318558,0.280827415226441,"cv_r2",-0.100819497554097,0.0196078431372549,TRUE,NA,NA
"B_intermediate","ETS2","ridge",450,49,NA,0.512247765345366,0.344107924176599,"cv_r2",0.00510284758910527,0.0196078431372549,TRUE,NA,NA
"B_intermediate","ETS2","spearman",450,49,NA,0.185673551264238,0.0698485621407225,"cv_r2",-0.00193262491279759,0.0196078431372549,TRUE,NA,NA
"B_intermediate","ZNF816","rf",450,49,0.68145218593032,0.70442576220873,0.249284990192512,"oob_r2",-0.0608959548197626,0.0196078431372549,TRUE,0.877909297052154,0.82962962962963
"B_intermediate","ZNF816","lm",450,49,NA,0.600060321963377,0.243775166336041,"cv_r2",-0.110207543934543,0.0196078431372549,TRUE,NA,NA
"B_intermediate","ZNF816","ridge",450,49,NA,0.608639145304663,0.260126042926029,"cv_r2",-0.00171662937175952,0.0196078431372549,TRUE,NA,NA
"B_intermediate","ZNF816","spearman",450,49,NA,0.372526371096451,-0.0853755072415978,"cv_r2",-0.00118322196974342,0.0196078431372549,TRUE,NA,NA
"B_intermediate","SMARCB1","rf",450,49,0.859705445652635,0.852566251876616,0.109840430964109,"oob_r2",-0.0553260382050163,0.0196078431372549,TRUE,0.920757369614512,0.762962962962963
"B_intermediate","SMARCB1","lm",450,49,NA,0.787812407087249,0.182604398716212,"cv_r2",-0.110925136514699,0.0196078431372549,TRUE,NA,NA
"B_intermediate","SMARCB1","ridge",450,49,NA,0.794149803375857,0.0893803383991252,"cv_r2",-0.00273140292646772,0.0196078431372549,TRUE,NA,NA
"B_intermediate","SMARCB1","spearman",450,49,NA,0.66234815751289,-0.226099155863204,"cv_r2",0.00442348267266563,0.0196078431372549,TRUE,NA,NA
"B_intermediate","ELF1","rf",450,49,0.839558503784544,0.828639198891545,0.68187688447553,"oob_r2",-0.0806027035288042,0.0196078431372549,TRUE,0.866770975056689,0.881481481481481
"B_intermediate","ELF1","lm",450,49,NA,0.707480103083288,0.614029160371936,"cv_r2",-0.109228344360331,0.0196078431372549,TRUE,NA,NA
"B_intermediate","ELF1","ridge",450,49,NA,0.702901822382884,0.62096551180328,"cv_r2",-0.00221676434670451,0.0196078431372549,TRUE,NA,NA
"B_intermediate","ELF1","spearman",450,49,NA,0.466274783408022,0.0873216528541245,"cv_r2",-0.0012812989550089,0.0196078431372549,TRUE,NA,NA
"B_intermediate","CHD2","rf",450,49,0.795579182702409,0.7829734143548,0.62736653081534,"oob_r2",-0.0649505193457197,0.0196078431372549,TRUE,0.878818594104308,0.748148148148148
"B_intermediate","CHD2","lm",450,49,NA,0.57955362606403,0.248263297427092,"cv_r2",-0.0806624969442427,0.0196078431372549,TRUE,NA,NA
"B_intermediate","CHD2","ridge",450,49,NA,0.57214148985652,0.255434881914426,"cv_r2",0.00608185108092243,0.0196078431372549,TRUE,NA,NA
"B_intermediate","CHD2","spearman",450,49,NA,0.478544295677782,0.402103177536273,"cv_r2",0.00663882404355897,0.0196078431372549,TRUE,NA,NA
"B_intermediate","MEF2A","rf",450,49,0.795047591023403,0.781535614953073,0.464238304624975,"oob_r2",-0.0384524841654367,0.0196078431372549,TRUE,0.93166439909297,0.8
"B_intermediate","MEF2A","lm",450,49,NA,0.787256420083511,0.642476429011545,"cv_r2",-0.103181654776466,0.0196078431372549,TRUE,NA,NA
"B_intermediate","MEF2A","ridge",450,49,NA,0.787484075518453,0.63313665318464,"cv_r2",-0.00148884111750404,0.0196078431372549,TRUE,NA,NA
"B_intermediate","MEF2A","spearman",450,49,NA,0.423809800198901,0.0131951935419357,"cv_r2",0.00589950887322565,0.0196078431372549,TRUE,NA,NA
"B_intermediate","ELF2","rf",450,49,0.83295327113374,0.828436444034612,0.0535155434229543,"oob_r2",-0.0576151659044842,0.0196078431372549,TRUE,0.853551020408163,0.688888888888889
"B_intermediate","ELF2","lm",450,49,NA,0.788897295685258,0.43043076128458,"cv_r2",-0.107323625785883,0.0196078431372549,TRUE,NA,NA
"B_intermediate","ELF2","ridge",450,49,NA,0.788766618518755,0.248163319692997,"cv_r2",-0.000623135248705087,0.0196078431372549,TRUE,NA,NA
"B_intermediate","ELF2","spearman",450,49,NA,0.69292306339785,0.099573369094782,"cv_r2",0.00395344697370423,0.0196078431372549,TRUE,NA,NA
"B_intermediate","NFKB2","rf",450,49,0.741581396552393,0.726126785008949,0.216471003026338,"oob_r2",-0.0493700995788968,0.0196078431372549,TRUE,0.923548752834467,0.814814814814815
"B_intermediate","NFKB2","lm",450,49,NA,0.689480052867411,0.438448970565097,"cv_r2",-0.10986182025694,0.0196078431372549,TRUE,NA,NA
"B_intermediate","NFKB2","ridge",450,49,NA,0.694886500717572,0.464351255651803,"cv_r2",-0.00149084514831102,0.0196078431372549,TRUE,NA,NA
"B_intermediate","NFKB2","spearman",450,49,NA,0.520459028064326,0.381970756479607,"cv_r2",0.00328407496780103,0.0196078431372549,TRUE,NA,NA
"B_intermediate","KLF6","rf",450,49,0.812975235718677,0.806058765699477,0.237204398236285,"oob_r2",-0.070198345305518,0.0196078431372549,TRUE,0.924757369614512,0.933333333333333
"B_intermediate","KLF6","lm",450,49,NA,0.73564468966078,0.44995283743462,"cv_r2",-0.110184541729959,0.0196078431372549,TRUE,NA,NA
"B_intermediate","KLF6","ridge",450,49,NA,0.742186039893269,0.438797895236093,"cv_r2",0.00133867304075838,0.0196078431372549,TRUE,NA,NA
"B_intermediate","KLF6","spearman",450,49,NA,0.52656217283133,0.0481339956171134,"cv_r2",0.00178000832713062,0.0196078431372549,TRUE,NA,NA
"B_intermediate","EGR2","rf",450,49,0.786414463582232,0.745520267578172,0.572757123181758,"oob_r2",-0.106072873474477,0.0196078431372549,TRUE,0.807603174603175,0.8
"B_intermediate","EGR2","lm",450,49,NA,0.730227917422329,0.528606088942379,"cv_r2",-0.10569803891913,0.0196078431372549,TRUE,NA,NA
"B_intermediate","EGR2","ridge",450,49,NA,0.730767390318418,0.588902542795651,"cv_r2",-0.000890792028970933,0.0196078431372549,TRUE,NA,NA
"B_intermediate","EGR2","spearman",450,49,NA,0.142847620770712,0.0958156355554808,"cv_r2",-0.000659011691576888,0.0196078431372549,TRUE,NA,NA
"B_intermediate","BACH2","rf",450,49,0.75513591365552,0.746642862275161,0.548135033651572,"oob_r2",-0.0677697174181859,0.0196078431372549,TRUE,0.941587301587302,0.933333333333333
"B_intermediate","BACH2","lm",450,49,NA,0.646384904122765,0.48046296050784,"cv_r2",-0.116734033209267,0.0196078431372549,TRUE,NA,NA
"B_intermediate","BACH2","ridge",450,49,NA,0.653276918376874,0.525093256197839,"cv_r2",-0.0013222614160406,0.0196078431372549,TRUE,NA,NA
"B_intermediate","BACH2","spearman",450,49,NA,0.223470944114578,0.136084667379125,"cv_r2",0.00516689620482253,0.0196078431372549,TRUE,NA,NA
"B_intermediate","IKZF3","rf",450,49,0.620910555700539,0.653428657411588,0.423133659929643,"oob_r2",-0.049417765699939,0.0196078431372549,TRUE,0.91124716553288,0.701587301587302
"B_intermediate","IKZF3","lm",450,49,NA,0.521382630569435,0.329260386780294,"cv_r2",-0.0918775654074027,0.0196078431372549,TRUE,NA,NA
"B_intermediate","IKZF3","ridge",450,49,NA,0.526509353092267,0.380460771290774,"cv_r2",-0.000641853400072837,0.0196078431372549,TRUE,NA,NA
"B_intermediate","IKZF3","spearman",450,49,NA,0.187446086323033,-0.0320586858364584,"cv_r2",0.0072591592610911,0.0196078431372549,TRUE,NA,NA
"B_intermediate","YBX1","rf",450,49,0.72992343974581,0.719313900075175,0.368260248428433,"oob_r2",-0.0514117354910383,0.0196078431372549,TRUE,0.925260770975057,0.816931216931217
"B_intermediate","YBX1","lm",450,49,NA,0.571351514728163,0.274021042022809,"cv_r2",-0.116350696710727,0.0196078431372549,TRUE,NA,NA
"B_intermediate","YBX1","ridge",450,49,NA,0.582026629719109,0.298291121160584,"cv_r2",-0.000235667977170189,0.0196078431372549,TRUE,NA,NA
"B_intermediate","YBX1","spearman",450,49,NA,0.341655672244659,-0.21637519180353,"cv_r2",-0.0012993056244058,0.0196078431372549,TRUE,NA,NA
"B_intermediate","FOXO6","rf",450,49,0.765359207400393,0.770492311931777,0.606155142759979,"oob_r2",-0.0954472729009635,0.0196078431372549,TRUE,0.79712925170068,1
"B_intermediate","FOXO6","lm",450,49,NA,0.714986790547298,0.512838216532517,"cv_r2",-0.0999922331137262,0.0196078431372549,TRUE,NA,NA
"B_intermediate","FOXO6","ridge",450,49,NA,0.715859699881455,0.559157797540398,"cv_r2",-0.00137521482146172,0.0196078431372549,TRUE,NA,NA
"B_intermediate","FOXO6","spearman",450,49,NA,0.150481191049546,-0.535952454530729,"cv_r2",0.00252426588024103,0.0196078431372549,TRUE,NA,NA
"B_intermediate","ATF5","rf",450,49,0.821335022196967,0.824163814486915,0.540008127109898,"oob_r2",-0.0740520202386211,0.0196078431372549,TRUE,0.920303854875283,0.8
"B_intermediate","ATF5","lm",450,49,NA,0.724523713394128,0.522438832889911,"cv_r2",-0.10643481625242,0.0196078431372549,TRUE,NA,NA
"B_intermediate","ATF5","ridge",450,49,NA,0.726025671449835,0.516708306210518,"cv_r2",-0.00231982549497725,0.0196078431372549,TRUE,NA,NA
"B_intermediate","ATF5","spearman",450,49,NA,0.370313094712117,-0.171348551487167,"cv_r2",0.00111368991070235,0.0196078431372549,TRUE,NA,NA
"B_intermediate","ARID3B","rf",450,49,0.77155861312847,0.752255536098211,0.60146281246699,"oob_r2",-0.0875442981596925,0.0196078431372549,TRUE,0.839265306122449,0.933333333333333
"B_intermediate","ARID3B","lm",450,49,NA,0.584926606158658,0.324073277784134,"cv_r2",-0.087420681708561,0.0196078431372549,TRUE,NA,NA
"B_intermediate","ARID3B","ridge",450,49,NA,0.604247733302461,0.44598562750243,"cv_r2",-0.00145842231356007,0.0196078431372549,TRUE,NA,NA
"B_intermediate","ARID3B","spearman",450,49,NA,0.245695479929598,-0.178725910767745,"cv_r2",0.000927097797223404,0.0196078431372549,TRUE,NA,NA
"B_intermediate","ID3","rf",450,49,0.835098011196286,0.8357961996755,0.10683325845608,"oob_r2",-0.0503305990180159,0.0196078431372549,TRUE,0.934539682539682,0.814814814814815
"B_intermediate","ID3","lm",450,49,NA,0.755719018457021,0.446576746490006,"cv_r2",-0.097583682407786,0.0196078431372549,TRUE,NA,NA
"B_intermediate","ID3","ridge",450,49,NA,0.757126593963076,0.396303394284651,"cv_r2",-0.0018420062886389,0.0196078431372549,TRUE,NA,NA
"B_intermediate","ID3","spearman",450,49,NA,0.553837309679451,-0.0779350793806188,"cv_r2",-0.00176596017424652,0.0196078431372549,TRUE,NA,NA
"B_intermediate","MLXIP","rf",450,49,0.774762095902349,0.763283222132999,0.591857975812027,"oob_r2",-0.0737712093898264,0.0196078431372549,TRUE,0.893163265306122,0.874074074074074
"B_intermediate","MLXIP","lm",450,49,NA,0.561834943970902,0.244139157753283,"cv_r2",-0.0925211038826532,0.0196078431372549,TRUE,NA,NA
"B_intermediate","MLXIP","ridge",450,49,NA,0.564680815949458,0.262055528293186,"cv_r2",-0.000873262865956584,0.0196078431372549,TRUE,NA,NA
"B_intermediate","MLXIP","spearman",450,49,NA,0.0291270010112135,-0.162499524552433,"cv_r2",-0.00181336396074488,0.0196078431372549,TRUE,NA,NA
"B_intermediate","KLF7","rf",450,49,0.834175242930717,0.841304279172649,0.250643436293164,"oob_r2",-0.0551016269124023,0.0196078431372549,TRUE,0.940659863945578,1
"B_intermediate","KLF7","lm",450,49,NA,0.706694408439654,0.369489098538355,"cv_r2",-0.110314800138296,0.0196078431372549,TRUE,NA,NA
"B_intermediate","KLF7","ridge",450,49,NA,0.709640968463082,0.385996739839619,"cv_r2",-0.00143601761999763,0.0196078431372549,TRUE,NA,NA
"B_intermediate","KLF7","spearman",450,49,NA,0.25266071671552,-0.504145732621753,"cv_r2",0.00144587264489947,0.0196078431372549,TRUE,NA,NA
"B_intermediate","ID1","rf",450,49,0.757887619848747,0.715233962474408,0.415150873344461,"oob_r2",-0.0760175386508947,0.0196078431372549,TRUE,0.874043083900227,0.785185185185185
"B_intermediate","ID1","lm",450,49,NA,0.690739382058796,0.375829194719697,"cv_r2",-0.103948806907835,0.0196078431372549,TRUE,NA,NA
"B_intermediate","ID1","ridge",450,49,NA,0.697547077131248,0.407658500952116,"cv_r2",-0.0014565336382748,0.0196078431372549,TRUE,NA,NA
"B_intermediate","ID1","spearman",450,49,NA,0.0910013766735208,-0.680984752513767,"cv_r2",0.00436746596049031,0.0196078431372549,TRUE,NA,NA
"B_intermediate","AIRE","rf",450,49,0.672903046909938,0.665671939913582,0.0557614159331004,"oob_r2",-0.058783902770731,0.0196078431372549,TRUE,0.924056689342404,0.785185185185185
"B_intermediate","AIRE","lm",450,49,NA,0.537559174803945,0.0601701107121883,"cv_r2",-0.113760915240728,0.0196078431372549,TRUE,NA,NA
"B_intermediate","AIRE","ridge",450,49,NA,0.540449726565742,0.136409594747982,"cv_r2",0.00157557597949173,0.0196078431372549,TRUE,NA,NA
"B_intermediate","AIRE","spearman",450,49,NA,0.321635337083395,-0.326641207792508,"cv_r2",0.01644807996477,0.0196078431372549,TRUE,NA,NA
"B_intermediate","NFATC3","rf",450,49,0.779230741407931,0.745601896512042,0.56789317077251,"oob_r2",-0.0989164512898939,0.0196078431372549,TRUE,0.751780045351474,0.740740740740741
"B_intermediate","NFATC3","lm",450,49,NA,0.713926903002355,0.486784521111821,"cv_r2",-0.0952104855074675,0.0196078431372549,TRUE,NA,NA
"B_intermediate","NFATC3","ridge",450,49,NA,0.720417044531523,0.572581647491032,"cv_r2",0.00225172564503427,0.0196078431372549,TRUE,NA,NA
"B_intermediate","NFATC3","spearman",450,49,NA,0.213040242539331,0.171770277590134,"cv_r2",0.00541221307727371,0.0196078431372549,TRUE,NA,NA
"B_intermediate","PBX1","rf",450,49,0.649928202798043,0.64709735980496,0.55686790730226,"oob_r2",-0.0701614905686249,0.0196078431372549,TRUE,0.887181405895691,0.82962962962963
"B_intermediate","PBX1","lm",450,49,NA,0.352864248857327,0.0147301833804551,"cv_r2",-0.104079536246603,0.0196078431372549,TRUE,NA,NA
"B_intermediate","PBX1","ridge",450,49,NA,0.351014764857472,0.117836210493002,"cv_r2",0.000516294204847387,0.0196078431372549,TRUE,NA,NA
"B_intermediate","PBX1","spearman",450,49,NA,0.269381178212036,0.203072655477638,"cv_r2",0.00312327882608306,0.0196078431372549,TRUE,NA,NA
"B_intermediate","MYBL2","rf",450,49,0.80017913292007,0.785380880669701,-0.336412603190846,"oob_r2",-0.0466189218950787,0.0196078431372549,TRUE,0.919528344671202,0.77037037037037
"B_intermediate","MYBL2","lm",450,49,NA,0.642016547023553,-0.309188849286341,"cv_r2",-0.115923729577587,0.0196078431372549,TRUE,NA,NA
"B_intermediate","MYBL2","ridge",450,49,NA,0.641916909634218,-0.300084992059099,"cv_r2",-0.00131660580127107,0.0196078431372549,TRUE,NA,NA
"B_intermediate","MYBL2","spearman",450,49,NA,0.391240404013739,-0.416005966683977,"cv_r2",0.00380417144031359,0.0196078431372549,TRUE,NA,NA
"B_intermediate","REST","rf",450,49,0.78982741005993,0.753088293210972,0.508578456021915,"oob_r2",-0.11095561055086,0.0196078431372549,TRUE,0.747197278911565,0.881481481481482
"B_intermediate","REST","lm",450,49,NA,0.75059942643396,0.568982449565607,"cv_r2",-0.101634184942069,0.0196078431372549,TRUE,NA,NA
"B_intermediate","REST","ridge",450,49,NA,0.751585844332883,0.608258159308484,"cv_r2",0.00126556979107693,0.0196078431372549,TRUE,NA,NA
"B_intermediate","REST","spearman",450,49,NA,0.0263128297802818,0.00920446240601569,"cv_r2",0.000658007114775563,0.0196078431372549,TRUE,NA,NA
"B_intermediate","MAFB","rf",450,49,0.681335012983444,0.625364647776274,0.319883872921449,"oob_r2",-0.0767652551448139,0.0196078431372549,TRUE,0.763589569160998,0.8
"B_intermediate","MAFB","lm",450,49,NA,0.38562019401259,0.0301220716560677,"cv_r2",-0.102518307276081,0.0196078431372549,TRUE,NA,NA
"B_intermediate","MAFB","ridge",450,49,NA,0.385739470725184,0.0922279719770968,"cv_r2",0.00156125272240483,0.0196078431372549,TRUE,NA,NA
"B_intermediate","MAFB","spearman",450,49,NA,0.0597310882777853,-9.1408683256855e-05,"cv_r2",0.00766813478529203,0.0196078431372549,TRUE,NA,NA
"B_intermediate","EGR1","rf",450,49,0.756620213022582,0.750181262604339,-0.264016074474587,"oob_r2",-0.0300509928164241,0.0196078431372549,TRUE,0.939219954648526,0.844444444444444
"B_intermediate","EGR1","lm",450,49,NA,0.535881900866179,-0.590688700732255,"cv_r2",-0.0893255623508657,0.0196078431372549,TRUE,NA,NA
"B_intermediate","EGR1","ridge",450,49,NA,0.537561899900304,-0.537546670064772,"cv_r2",0.00125545529754401,0.0196078431372549,TRUE,NA,NA
"B_intermediate","EGR1","spearman",450,49,NA,0.204793449058199,-0.277491411783151,"cv_r2",0.00400807442958903,0.0196078431372549,TRUE,NA,NA
"B_intermediate","IRF8","rf",450,49,0.778665215965039,0.776551445028759,0.015589999301575,"oob_r2",-0.0548386107561602,0.0196078431372549,TRUE,0.904013605442177,0.822222222222222
"B_intermediate","IRF8","lm",450,49,NA,0.685464244676947,0.142856211027034,"cv_r2",-0.120959595066316,0.0196078431372549,TRUE,NA,NA
"B_intermediate","IRF8","ridge",450,49,NA,0.694771572163091,0.182256087939823,"cv_r2",-0.00161984217088041,0.0196078431372549,TRUE,NA,NA
"B_intermediate","IRF8","spearman",450,49,NA,0.293734712945122,-0.561305810325756,"cv_r2",0.00885426817811649,0.0196078431372549,TRUE,NA,NA
"B_intermediate","REL","rf",450,49,0.747146867392713,0.738387375924193,0.163427444819292,"oob_r2",-0.0560758023177081,0.0196078431372549,TRUE,0.890303854875283,1
"B_intermediate","REL","lm",450,49,NA,0.649052754885694,0.15988306622422,"cv_r2",-0.101719434659152,0.0196078431372549,TRUE,NA,NA
"B_intermediate","REL","ridge",450,49,NA,0.658889417144528,0.185776450143381,"cv_r2",0.00787857397049219,0.0196078431372549,TRUE,NA,NA
"B_intermediate","REL","spearman",450,49,NA,0.396645994282965,-0.243384848594643,"cv_r2",0.0027942182351801,0.0196078431372549,TRUE,NA,NA
"B_intermediate","SP140","rf",450,49,0.698325402877169,0.669005757666682,-0.224980089923007,"oob_r2",-0.0221108639985709,0.0196078431372549,TRUE,0.926956916099773,0.881481481481481
"B_intermediate","SP140","lm",450,49,NA,0.473827245441174,-0.521676531670926,"cv_r2",-0.0994399452015021,0.0196078431372549,TRUE,NA,NA
"B_intermediate","SP140","ridge",450,49,NA,0.476226880207861,-0.27616131789126,"cv_r2",0.00113307970726495,0.0196078431372549,TRUE,NA,NA
"B_intermediate","SP140","spearman",450,49,NA,0.233897201799902,-0.386000819895127,"cv_r2",0.00173401159183355,0.0196078431372549,TRUE,NA,NA
"B_intermediate","ZBTB14","rf",450,49,0.742749941615909,0.732761185172269,-0.198831769792613,"oob_r2",-0.0397349967300198,0.0196078431372549,TRUE,0.937213151927438,1
"B_intermediate","ZBTB14","lm",450,49,NA,0.435085524416237,-0.392273111966169,"cv_r2",-0.0957775199733624,0.0196078431372549,TRUE,NA,NA
"B_intermediate","ZBTB14","ridge",450,49,NA,0.436937125743256,-0.360759595974232,"cv_r2",0.00452398797337325,0.0196078431372549,TRUE,NA,NA
"B_intermediate","ZBTB14","spearman",450,49,NA,-0.00309380562175443,-0.46319423011079,"cv_r2",-0.000442795925439154,0.0784313725490196,FALSE,NA,NA
"B_intermediate","CEBPD","rf",450,49,0.57656768425906,0.582121571268358,0.316387568847201,"oob_r2",-0.0749321239998046,0.0196078431372549,TRUE,0.858063492063492,0.816931216931217
"B_intermediate","CEBPD","lm",450,49,NA,0.352074987743536,0.0172237395363687,"cv_r2",-0.0990689172586148,0.0196078431372549,TRUE,NA,NA
"B_intermediate","CEBPD","ridge",450,49,NA,0.398018074895058,0.268966059545094,"cv_r2",-0.000380624827397225,0.0196078431372549,TRUE,NA,NA
"B_intermediate","CEBPD","spearman",450,49,NA,0.249252598780439,0.0915057851595001,"cv_r2",0.00863197502164864,0.0196078431372549,TRUE,NA,NA
"B_intermediate","BCL6","rf",450,49,0.742344430194794,0.7553017801463,0.428117945871669,"oob_r2",-0.0579102083403595,0.0196078431372549,TRUE,0.926662131519274,0.785185185185185
"B_intermediate","BCL6","lm",450,49,NA,0.719390237110911,0.473270512584755,"cv_r2",-0.0897901328047138,0.0196078431372549,TRUE,NA,NA
"B_intermediate","BCL6","ridge",450,49,NA,0.723728603332114,0.525842291173135,"cv_r2",0.00437890947978292,0.0196078431372549,TRUE,NA,NA
"B_intermediate","BCL6","spearman",450,49,NA,0.279347445784765,-0.198695457016662,"cv_r2",-0.000348565735238981,0.0196078431372549,TRUE,NA,NA
"B_intermediate","KLF3","rf",450,49,0.721550635963362,0.724661643606223,-0.0683935084183183,"oob_r2",-0.0531165600159169,0.0196078431372549,TRUE,0.928061224489796,0.792592592592593
"B_intermediate","KLF3","lm",450,49,NA,0.595871551031364,-0.419058434379519,"cv_r2",-0.109262813974053,0.0196078431372549,TRUE,NA,NA
"B_intermediate","KLF3","ridge",450,49,NA,0.595970860406752,-0.199864724289965,"cv_r2",-0.000175383398495799,0.0196078431372549,TRUE,NA,NA
"B_intermediate","KLF3","spearman",450,49,NA,0.212591426710932,-0.0556052401738321,"cv_r2",-0.000193769134662198,0.0196078431372549,TRUE,NA,NA
"B_intermediate","STAT1","rf",450,49,0.659697517100498,0.645281111557991,-0.404262171777776,"oob_r2",-0.0467334148493022,0.0196078431372549,TRUE,0.899092970521542,0.933333333333333
"B_intermediate","STAT1","lm",450,49,NA,0.420578486818193,-0.913409336876522,"cv_r2",-0.0920706968504277,0.0196078431372549,TRUE,NA,NA
"B_intermediate","STAT1","ridge",450,49,NA,0.412896165290509,-0.768443421513323,"cv_r2",0.00341024117859323,0.0196078431372549,TRUE,NA,NA
"B_intermediate","STAT1","spearman",450,49,NA,0.0310455805673447,-0.603948571127732,"cv_r2",0.0109761931342838,0.0196078431372549,TRUE,NA,NA
"B_intermediate","ZBTB4","rf",450,49,0.682904310226765,0.66650630072393,0.334716992413041,"oob_r2",-0.0399570406951944,0.0196078431372549,TRUE,0.929600907029478,0.874074074074074
"B_intermediate","ZBTB4","lm",450,49,NA,0.498791983873943,0.171250773694864,"cv_r2",-0.117337814437728,0.0196078431372549,TRUE,NA,NA
"B_intermediate","ZBTB4","ridge",450,49,NA,0.533123235840277,0.31005012091801,"cv_r2",-0.000448280820390561,0.0196078431372549,TRUE,NA,NA
"B_intermediate","ZBTB4","spearman",450,49,NA,0.370442392363775,0.0345977786457379,"cv_r2",0.00615111158023197,0.0196078431372549,TRUE,NA,NA
"B_intermediate","IRF1","rf",450,49,0.731062636627112,0.710789113160097,-0.322296404801425,"oob_r2",-0.0431605514864803,0.0196078431372549,TRUE,0.923646258503401,0.933333333333333
"B_intermediate","IRF1","lm",450,49,NA,0.561031771494162,-0.220660571077745,"cv_r2",-0.0903159850967805,0.0196078431372549,TRUE,NA,NA
"B_intermediate","IRF1","ridge",450,49,NA,0.556145853710331,-0.193521389468057,"cv_r2",-0.000338149723726091,0.0196078431372549,TRUE,NA,NA
"B_intermediate","IRF1","spearman",450,49,NA,0.147095269462287,-0.504004653003517,"cv_r2",0.00761471498758779,0.0196078431372549,TRUE,NA,NA
"B_intermediate","ETS1","rf",450,49,0.751061230472516,0.733359677691401,-0.285587193260542,"oob_r2",-0.046031618322087,0.0196078431372549,TRUE,0.928036281179138,0.881481481481482
"B_intermediate","ETS1","lm",450,49,NA,0.596877396554712,-0.488899669947473,"cv_r2",-0.0935725303129464,0.0196078431372549,TRUE,NA,NA
"B_intermediate","ETS1","ridge",450,49,NA,0.595783981759997,-0.350825961119425,"cv_r2",0.00413292792797899,0.0196078431372549,TRUE,NA,NA
"B_intermediate","ETS1","spearman",450,49,NA,0.151064180523269,-1.1328004476878,"cv_r2",0.00876452975078334,0.0196078431372549,TRUE,NA,NA
"B_intermediate","IRF9","rf",450,49,0.751992475399603,0.749270598319503,-0.328005619580816,"oob_r2",-0.0472390119064684,0.0196078431372549,TRUE,0.92197052154195,0.82962962962963
"B_intermediate","IRF9","lm",450,49,NA,0.634034506886199,-0.431544136803264,"cv_r2",-0.0950023355520754,0.0196078431372549,TRUE,NA,NA
"B_intermediate","IRF9","ridge",450,49,NA,0.628520014008914,-0.25881126982029,"cv_r2",0.00436618922115561,0.0196078431372549,TRUE,NA,NA
"B_intermediate","IRF9","spearman",450,49,NA,0.221756611238223,-0.519989896164071,"cv_r2",0.00403964242915291,0.0196078431372549,TRUE,NA,NA
"B_intermediate","MYC","rf",450,49,0.851404863796855,0.839216941746382,0.0559708144969235,"oob_r2",-0.066365538046398,0.0196078431372549,TRUE,0.927877551020408,1
"B_intermediate","MYC","lm",450,49,NA,0.729987207564115,0.118950530648299,"cv_r2",-0.0983999366967262,0.0196078431372549,TRUE,NA,NA
"B_intermediate","MYC","ridge",450,49,NA,0.725891209614605,0.150125886788674,"cv_r2",0.00034617191059417,0.0196078431372549,TRUE,NA,NA
"B_intermediate","MYC","spearman",450,49,NA,0.257344235377173,-0.256099211918244,"cv_r2",0.00133507514938829,0.0196078431372549,TRUE,NA,NA
"B_intermediate","IRF7","rf",450,49,0.635624236284921,0.612312404284076,-0.605140479979006,"oob_r2",-0.0591039246014419,0.0196078431372549,TRUE,0.874086167800453,0.844444444444444
"B_intermediate","IRF7","lm",450,49,NA,0.449398684843414,-0.779696281595323,"cv_r2",-0.0952350999429019,0.0196078431372549,TRUE,NA,NA
"B_intermediate","IRF7","ridge",450,49,NA,0.452639290629801,-0.683668721162833,"cv_r2",0.00563899676492587,0.0196078431372549,TRUE,NA,NA
"B_intermediate","IRF7","spearman",450,49,NA,0.149881068256599,-0.649365998020883,"cv_r2",0.0111048146484485,0.0196078431372549,TRUE,NA,NA
"B_intermediate","ARID3A","rf",450,49,0.861626223478752,0.856503670946559,0.133879378249566,"oob_r2",-0.0506507181979913,0.0196078431372549,TRUE,0.926197278911565,1
"B_intermediate","ARID3A","lm",450,49,NA,0.827491676383611,0.24880907711607,"cv_r2",-0.103614125073948,0.0196078431372549,TRUE,NA,NA
"B_intermediate","ARID3A","ridge",450,49,NA,0.826686171834341,0.306291784985221,"cv_r2",0.00374261001113812,0.0196078431372549,TRUE,NA,NA
"B_intermediate","ARID3A","spearman",450,49,NA,0.251399570305353,-0.368242269601303,"cv_r2",0.0104897096703351,0.0196078431372549,TRUE,NA,NA
"B_intermediate","HES1","rf",450,49,0.798558331014097,0.794635916270085,0.521270374107724,"oob_r2",-0.0397959820791516,0.0196078431372549,TRUE,0.923571428571428,0.792592592592593
"B_intermediate","HES1","lm",450,49,NA,0.723226361755645,0.479132943555781,"cv_r2",-0.106005247861462,0.0196078431372549,TRUE,NA,NA
"B_intermediate","HES1","ridge",450,49,NA,0.732410399017892,0.538334987014629,"cv_r2",2.03932269497053e-05,0.0196078431372549,TRUE,NA,NA
"B_intermediate","HES1","spearman",450,49,NA,0.381244294040224,-0.174035988219892,"cv_r2",0.00916565311554262,0.0196078431372549,TRUE,NA,NA
"B_intermediate","STAT2","rf",450,49,0.782476482675625,0.788845530912748,-0.172082884242245,"oob_r2",-0.0447574530400605,0.0196078431372549,TRUE,0.930038548752834,0.881481481481481
"B_intermediate","STAT2","lm",450,49,NA,0.734988440256705,0.0813219092961125,"cv_r2",-0.103371678292045,0.0196078431372549,TRUE,NA,NA
"B_intermediate","STAT2","ridge",450,49,NA,0.72900112856668,0.0398041684225121,"cv_r2",0.00205855566437829,0.0196078431372549,TRUE,NA,NA
"B_intermediate","STAT2","spearman",450,49,NA,0.308384891703689,-0.365000847614761,"cv_r2",0.00300761611134366,0.0196078431372549,TRUE,NA,NA
"CD8_TEM","KLF7","rf",520,37,0.704960562584498,0.69671177537563,0.132074113091476,"oob_r2",-0.0388165776853714,0.0196078431372549,TRUE,0.845297929508456,0.737566137566138
"CD8_TEM","KLF7","lm",520,37,NA,0.652413877585119,0.275140149708879,"cv_r2",-0.060346779762556,0.0196078431372549,TRUE,NA,NA
"CD8_TEM","KLF7","ridge",520,37,NA,0.654875284384677,0.29440048934148,"cv_r2",-0.000522551842684973,0.0196078431372549,TRUE,NA,NA
"CD8_TEM","KLF7","spearman",520,37,NA,0.242009598627111,-0.226617539136356,"cv_r2",-0.00374959435665329,0.0196078431372549,TRUE,NA,NA
"CD8_TEM","GTF2I","rf",520,37,0.658233172844934,0.661168724080968,0.42551985235881,"oob_r2",-0.0270615147513052,0.0196078431372549,TRUE,0.870523154733681,0.933333333333333
"CD8_TEM","GTF2I","lm",520,37,NA,0.614069406855112,0.442758328220086,"cv_r2",-0.0701814864957647,0.0196078431372549,TRUE,NA,NA
"CD8_TEM","GTF2I","ridge",520,37,NA,0.622220828846602,0.432807772051572,"cv_r2",0.00132987345541963,0.0196078431372549,TRUE,NA,NA
"CD8_TEM","GTF2I","spearman",520,37,NA,0.511904768737385,0.418394357585364,"cv_r2",0.00598519848617451,0.0196078431372549,TRUE,NA,NA
"CD8_TEM","BCLAF1","rf",520,37,0.641756078631651,0.641963368909888,0.0433960113780637,"oob_r2",-0.0314893305094015,0.0196078431372549,TRUE,0.882129497918972,0.73015873015873
"CD8_TEM","BCLAF1","lm",520,37,NA,0.569544318801304,0.0169463650043117,"cv_r2",-0.0534207478353157,0.0196078431372549,TRUE,NA,NA
"CD8_TEM","BCLAF1","ridge",520,37,NA,0.576615263753519,0.00586703209526251,"cv_r2",6.6486863428952e-05,0.0196078431372549,TRUE,NA,NA
"CD8_TEM","BCLAF1","spearman",520,37,NA,0.458444533733115,0.192380793387049,"cv_r2",0.00261057146209458,0.0196078431372549,TRUE,NA,NA
"CD8_TEM","FOSB","rf",520,37,0.707151974884211,0.697649447868006,0.239614232865812,"oob_r2",-0.0328973989253031,0.0196078431372549,TRUE,0.94034034034034,0.933333333333333
"CD8_TEM","FOSB","lm",520,37,NA,0.662596804988413,0.390203929528708,"cv_r2",-0.0589205227236362,0.0196078431372549,TRUE,NA,NA
"CD8_TEM","FOSB","ridge",520,37,NA,0.671158947189225,0.364048193453783,"cv_r2",-0.000550296353621961,0.0196078431372549,TRUE,NA,NA
"CD8_TEM","FOSB","spearman",520,37,NA,0.523562241845148,0.297701185573912,"cv_r2",-0.00141507427975037,0.0196078431372549,TRUE,NA,NA
"CD8_TEM","SP1","rf",520,37,0.603401781407782,0.59850647444923,-0.581907806472848,"oob_r2",-0.0410345678387291,0.0196078431372549,TRUE,0.92943469785575,1
"CD8_TEM","SP1","lm",520,37,NA,0.445869531975962,-0.614645784473293,"cv_r2",-0.058164027892751,0.0196078431372549,TRUE,NA,NA
"CD8_TEM","SP1","ridge",520,37,NA,0.446179616565476,-0.63289972236378,"cv_r2",-0.0010458820460734,0.0196078431372549,TRUE,NA,NA
"CD8_TEM","SP1","spearman",520,37,NA,0.171527686223851,-0.790479794694317,"cv_r2",0.0132655906235881,0.0196078431372549,TRUE,NA,NA
"CD8_TEM","CTCF","rf",520,37,0.633369817700085,0.635155102122316,0.326103201343021,"oob_r2",-0.0298332347184836,0.0196078431372549,TRUE,0.895490227069174,0.704761904761905
"CD8_TEM","CTCF","lm",520,37,NA,0.599927157812158,0.290714349324213,"cv_r2",-0.0647326710413065,0.0196078431372549,TRUE,NA,NA
"CD8_TEM","CTCF","ridge",520,37,NA,0.606912419944646,0.302006318687032,"cv_r2",-0.000529201693376625,0.0196078431372549,TRUE,NA,NA
"CD8_TEM","CTCF","spearman",520,37,NA,0.522520275749449,0.417236021800974,"cv_r2",0.00529311727403686,0.0196078431372549,TRUE,NA,NA
"CD8_TEM","JUND","rf",520,37,0.793125748034262,0.775444870576669,0.0863819277249275,"oob_r2",-0.0527394510655305,0.0196078431372549,TRUE,0.910162794373321,0.661375661375661
"CD8_TEM","JUND","lm",520,37,NA,0.70166200083573,0.219763622643533,"cv_r2",-0.0627525084749195,0.0196078431372549,TRUE,NA,NA
"CD8_TEM","JUND","ridge",520,37,NA,0.70454031507236,0.200909689004975,"cv_r2",0.000696615685616471,0.0196078431372549,TRUE,NA,NA
"CD8_TEM","JUND","spearman",520,37,NA,0.554224212694885,0.0826143770070746,"cv_r2",0.00678711827750894,0.0196078431372549,TRUE,NA,NA
"CD8_TEM","FOS","rf",520,37,0.670082301986003,0.655361491531738,-0.00960790749959517,"oob_r2",-0.0311915851323255,0.0196078431372549,TRUE,0.924761603708972,0.762962962962963
"CD8_TEM","FOS","lm",520,37,NA,0.595448430574536,0.222648621615105,"cv_r2",-0.0512827307958534,0.0196078431372549,TRUE,NA,NA
"CD8_TEM","FOS","ridge",520,37,NA,0.60575981029114,0.199420618770222,"cv_r2",0.00032304795535421,0.0196078431372549,TRUE,NA,NA
"CD8_TEM","FOS","spearman",520,37,NA,0.35105581031362,-0.228562830196015,"cv_r2",-0.000805233422543891,0.0196078431372549,TRUE,NA,NA
"CD8_TEM","JUNB","rf",520,37,0.70320726820557,0.689261069962114,0.246441486006121,"oob_r2",-0.0353414743581492,0.0196078431372549,TRUE,0.909530583214794,1
"CD8_TEM","JUNB","lm",520,37,NA,0.651341483939006,0.412658602706755,"cv_r2",-0.0619430047700745,0.0196078431372549,TRUE,NA,NA
"CD8_TEM","JUNB","ridge",520,37,NA,0.658533740837111,0.395007281437143,"cv_r2",-3.30978698913814e-05,0.0196078431372549,TRUE,NA,NA
"CD8_TEM","JUNB","spearman",520,37,NA,0.427912383742016,-0.0509219343275531,"cv_r2",0.0031628175337164,0.0196078431372549,TRUE,NA,NA
"CD8_TEM","ATF3","rf",520,37,0.673476498423082,0.665454565827487,-0.0673634515272885,"oob_r2",-0.0379793676058757,0.0196078431372549,TRUE,0.924166271534693,0.785185185185185
"CD8_TEM","ATF3","lm",520,37,NA,0.595337114560182,0.17956593850144,"cv_r2",-0.0519319107954659,0.0196078431372549,TRUE,NA,NA
"CD8_TEM","ATF3","ridge",520,37,NA,0.604957202816547,0.134187847969242,"cv_r2",0.000925282356893072,0.0196078431372549,TRUE,NA,NA
"CD8_TEM","ATF3","spearman",520,37,NA,0.378626705498555,-0.0999443493968142,"cv_r2",0.00358142637689775,0.0196078431372549,TRUE,NA,NA
"CD8_TEM","NEUROG2","rf",520,37,0.727728723925553,0.729293447420824,-0.0196359926217275,"oob_r2",-0.0385404714656437,0.0196078431372549,TRUE,0.917264633054107,0.785185185185185
"CD8_TEM","NEUROG2","lm",520,37,NA,0.628614028121367,-0.0936973108617463,"cv_r2",-0.0678935560057314,0.0196078431372549,TRUE,NA,NA
"CD8_TEM","NEUROG2","ridge",520,37,NA,0.632910396529943,-0.0525233501592408,"cv_r2",-0.000255960637067177,0.0196078431372549,TRUE,NA,NA
"CD8_TEM","NEUROG2","spearman",520,37,NA,0.488225963446587,0.072689060313816,"cv_r2",0.00677169113582848,0.0196078431372549,TRUE,NA,NA
"CD8_TEM","GLI1","rf",520,37,0.671972662305079,0.663268874964709,0.172879898682671,"oob_r2",-0.0436638553676543,0.0196078431372549,TRUE,0.915763131552605,0.774603174603175
"CD8_TEM","GLI1","lm",520,37,NA,0.607013626932981,0.176374436076993,"cv_r2",-0.0488202115454691,0.0196078431372549,TRUE,NA,NA
"CD8_TEM","GLI1","ridge",520,37,NA,0.616608162670223,0.16507540690931,"cv_r2",-0.000956854715755185,0.0196078431372549,TRUE,NA,NA
"CD8_TEM","GLI1","spearman",520,37,NA,0.526332102854397,0.27505564795744,"cv_r2",-0.000146850138943978,0.0196078431372549,TRUE,NA,NA
"CD8_TEM","MBD2","rf",520,37,0.74607456912943,0.74222196093539,0.0239694647343685,"oob_r2",-0.0341283221283298,0.0196078431372549,TRUE,0.914477635530267,0.822222222222222
"CD8_TEM","MBD2","lm",520,37,NA,0.6616746444623,0.0566438220349573,"cv_r2",-0.0621088901590051,0.0196078431372549,TRUE,NA,NA
"CD8_TEM","MBD2","ridge",520,37,NA,0.671479690282427,0.0353153339815533,"cv_r2",0.000573456829331351,0.0196078431372549,TRUE,NA,NA
"CD8_TEM","MBD2","spearman",520,37,NA,0.503266064739061,0.0244209432401599,"cv_r2",4.20207040539498e-05,0.0196078431372549,TRUE,NA,NA
"CD8_TEM","KLF10","rf",520,37,0.652082972564872,0.64712920238424,0.0833793059721074,"oob_r2",-0.0463487291535598,0.0196078431372549,TRUE,0.92221168536958,0.674074074074074
"CD8_TEM","KLF10","lm",520,37,NA,0.587428569406531,0.131632710807715,"cv_r2",-0.0595545228057344,0.0196078431372549,TRUE,NA,NA
"CD8_TEM","KLF10","ridge",520,37,NA,0.590467739119985,0.107128521312324,"cv_r2",-0.00020293065675053,0.0196078431372549,TRUE,NA,NA
"CD8_TEM","KLF10","spearman",520,37,NA,0.407532294752258,-0.415497343965647,"cv_r2",-0.00277213450349795,0.0196078431372549,TRUE,NA,NA
"CD8_TEM","ELF1","rf",520,37,0.758249575263326,0.74290944217325,-0.107576830808601,"oob_r2",-0.0512008351955494,0.0196078431372549,TRUE,0.912112112112112,0.755555555555556
"CD8_TEM","ELF1","lm",520,37,NA,0.684659855441595,0.0412331711912772,"cv_r2",-0.0568105677443136,0.0196078431372549,TRUE,NA,NA
"CD8_TEM","ELF1","ridge",520,37,NA,0.692670311603827,0.0161185885874755,"cv_r2",-0.000306994260997806,0.0196078431372549,TRUE,NA,NA
"CD8_TEM","ELF1","spearman",520,37,NA,0.469247464387287,-0.100975340320599,"cv_r2",0.00715295988861953,0.0196078431372549,TRUE,NA,NA
"CD8_TEM","HES5","rf",520,37,0.689692177194247,0.690883188445134,0.215656065409793,"oob_r2",-0.0278236874705847,0.0196078431372549,TRUE,0.922996680891418,0.755555555555556
"CD8_TEM","HES5","lm",520,37,NA,0.654971136449137,0.427390550539597,"cv_r2",-0.0637738694781314,0.0196078431372549,TRUE,NA,NA
"CD8_TEM","HES5","ridge",520,37,NA,0.663882299512253,0.378767878820387,"cv_r2",-0.00110892840912595,0.0196078431372549,TRUE,NA,NA
"CD8_TEM","HES5","spearman",520,37,NA,0.474644178631151,0.224241025924681,"cv_r2",-0.00142997664165903,0.0196078431372549,TRUE,NA,NA
"CD8_TEM","NR4A3","rf",520,37,0.699936187785612,0.700149892956271,0.0794895068034559,"oob_r2",-0.0331632554438042,0.0196078431372549,TRUE,0.872862336020231,0.874074074074074
"CD8_TEM","NR4A3","lm",520,37,NA,0.637329722507071,0.212932214002997,"cv_r2",-0.0451063979501417,0.0196078431372549,TRUE,NA,NA
"CD8_TEM","NR4A3","ridge",520,37,NA,0.642641117086413,0.187534658125515,"cv_r2",0.00179621524091915,0.0196078431372549,TRUE,NA,NA
"CD8_TEM","NR4A3","spearman",520,37,NA,0.418286943142595,-0.101057280999725,"cv_r2",0.00277881070669996,0.0196078431372549,TRUE,NA,NA
"CD8_TEM","SP4","rf",520,37,0.654817438929777,0.652508147601397,-0.20972666785385,"oob_r2",-0.0475173080210922,0.0196078431372549,TRUE,0.931694852747484,1
"CD8_TEM","SP4","lm",520,37,NA,0.536229374384942,-0.179570872584637,"cv_r2",-0.0621640291375354,0.0196078431372549,TRUE,NA,NA
"CD8_TEM","SP4","ridge",520,37,NA,0.550365911944517,-0.180178969258665,"cv_r2",0.00187185989256493,0.0196078431372549,TRUE,NA,NA
"CD8_TEM","SP4","spearman",520,37,NA,0.333062677529663,-0.443231838579509,"cv_r2",0.00621073186625225,0.0196078431372549,TRUE,NA,NA
"CD8_TEM","MYC","rf",520,37,0.673271560741782,0.6774384272822,0.237409185303554,"oob_r2",-0.0355363967735299,0.0196078431372549,TRUE,0.908171329223961,0.785185185185185
"CD8_TEM","MYC","lm",520,37,NA,0.66572090056146,0.51523520989234,"cv_r2",-0.0676440534180123,0.0196078431372549,TRUE,NA,NA
"CD8_TEM","MYC","ridge",520,37,NA,0.668503271142469,0.497723829267012,"cv_r2",0.000581020779973275,0.0196078431372549,TRUE,NA,NA
"CD8_TEM","MYC","spearman",520,37,NA,0.328929810029966,-0.399487437528313,"cv_r2",0.00500041399254775,0.0196078431372549,TRUE,NA,NA
"CD8_TEM","E2F2","rf",520,37,0.503019994517832,0.496373047153553,-0.72102253053583,"oob_r2",-0.0446712123986644,0.0196078431372549,TRUE,0.793198461619514,0.822222222222222
"CD8_TEM","E2F2","lm",520,37,NA,0.332433089906058,-0.921667545275289,"cv_r2",-0.054594779158812,0.0196078431372549,TRUE,NA,NA
"CD8_TEM","E2F2","ridge",520,37,NA,0.359189735041088,-0.827531849677114,"cv_r2",0.000540251415007142,0.0196078431372549,TRUE,NA,NA
"CD8_TEM","E2F2","spearman",520,37,NA,0.13302768030499,-0.841558442144363,"cv_r2",0.00439518502660005,0.0196078431372549,TRUE,NA,NA
"CD8_TEM","MAZ","rf",520,37,0.723277035351431,0.714715141874271,-0.223312055762128,"oob_r2",-0.0380346175980217,0.0196078431372549,TRUE,0.900885095621938,0.785185185185185
"CD8_TEM","MAZ","lm",520,37,NA,0.620365852710811,-0.126520211287898,"cv_r2",-0.0612879137285067,0.0196078431372549,TRUE,NA,NA
"CD8_TEM","MAZ","ridge",520,37,NA,0.629333716023846,-0.149123715878712,"cv_r2",-0.000186514113232295,0.0196078431372549,TRUE,NA,NA
"CD8_TEM","MAZ","spearman",520,37,NA,0.402257533849281,-0.346787948656766,"cv_r2",0.00730591357560628,0.0196078431372549,TRUE,NA,NA
"CD8_TEM","STAT3","rf",520,37,0.557684954030923,0.527786144131878,-0.0947436339021577,"oob_r2",-0.0390384947044027,0.0196078431372549,TRUE,0.876803118908382,0.726984126984127
"CD8_TEM","STAT3","lm",520,37,NA,0.486180518365978,0.0124087919103472,"cv_r2",-0.059357583232617,0.0196078431372549,TRUE,NA,NA
"CD8_TEM","STAT3","ridge",520,37,NA,0.489503554408702,-0.0251184712212582,"cv_r2",-0.000954716616545137,0.0196078431372549,TRUE,NA,NA
"CD8_TEM","STAT3","spearman",520,37,NA,0.314110049068016,0.0460915408248561,"cv_r2",0.00402064086917023,0.0196078431372549,TRUE,NA,NA
"CD8_TEM","RUNX2","rf",520,37,0.656995354431789,0.656164872648978,0.0377133125046575,"oob_r2",-0.0501547559013858,0.0196078431372549,TRUE,0.863568831989885,0.881481481481482
"CD8_TEM","RUNX2","lm",520,37,NA,0.589299175305161,0.200339793397236,"cv_r2",-0.065866941064657,0.0196078431372549,TRUE,NA,NA
"CD8_TEM","RUNX2","ridge",520,37,NA,0.600349016509448,0.170815407234998,"cv_r2",-0.000653169845308666,0.0196078431372549,TRUE,NA,NA
"CD8_TEM","RUNX2","spearman",520,37,NA,0.406423122074094,-0.0427394568807946,"cv_r2",0.00509970615854931,0.0196078431372549,TRUE,NA,NA
"CD8_TEM","ATF4","rf",520,37,0.670084321185468,0.657187685865954,-0.174573466750223,"oob_r2",-0.0520164222180408,0.0196078431372549,TRUE,0.932495653548285,0.82962962962963
"CD8_TEM","ATF4","lm",520,37,NA,0.553992886259158,-0.0648199218828354,"cv_r2",-0.0555835181669009,0.0196078431372549,TRUE,NA,NA
"CD8_TEM","ATF4","ridge",520,37,NA,0.557728322900539,-0.125015144375852,"cv_r2",0.000317803227033832,0.0196078431372549,TRUE,NA,NA
"CD8_TEM","ATF4","spearman",520,37,NA,0.367718915154231,-0.190956132762182,"cv_r2",0.0121063505175981,0.0196078431372549,TRUE,NA,NA
"CD8_TEM","IRF1","rf",520,37,0.658496029167655,0.654627286238745,-0.320385707754001,"oob_r2",-0.0421762196586873,0.0196078431372549,TRUE,0.931241768083873,0.82962962962963
"CD8_TEM","IRF1","lm",520,37,NA,0.563968013583761,-0.0950798400945174,"cv_r2",-0.0540285112310667,0.0196078431372549,TRUE,NA,NA
"CD8_TEM","IRF1","ridge",520,37,NA,0.576840031057735,-0.0939213222775397,"cv_r2",-0.0013965754478906,0.0196078431372549,TRUE,NA,NA
"CD8_TEM","IRF1","spearman",520,37,NA,0.231497059122151,-0.680327448707123,"cv_r2",0.00567486613424273,0.0196078431372549,TRUE,NA,NA
"CD8_TEM","EGR1","rf",520,37,0.670783892492856,0.664990729456691,-0.030513438999104,"oob_r2",-0.0348260152823868,0.0196078431372549,TRUE,0.921953532479848,0.768253968253968
"CD8_TEM","EGR1","lm",520,37,NA,0.569659448854578,0.11971176046141,"cv_r2",-0.0507229382254642,0.0196078431372549,TRUE,NA,NA
"CD8_TEM","EGR1","ridge",520,37,NA,0.579751332041397,0.0891266570845242,"cv_r2",0.00118920087132207,0.0196078431372549,TRUE,NA,NA
"CD8_TEM","EGR1","spearman",520,37,NA,0.354012910642479,-0.243089819386284,"cv_r2",0.00187508751962469,0.0196078431372549,TRUE,NA,NA
"CD8_TEM","SMARCA5","rf",520,37,0.555267781991753,0.537802685610724,-0.217354300896291,"oob_r2",-0.0498529706188914,0.0196078431372549,TRUE,0.890353511406143,1
"CD8_TEM","SMARCA5","lm",520,37,NA,0.393768964528613,-0.275975019227939,"cv_r2",-0.0621231449948797,0.0196078431372549,TRUE,NA,NA
"CD8_TEM","SMARCA5","ridge",520,37,NA,0.414802378867759,-0.23183394778418,"cv_r2",-0.000943616808318338,0.0196078431372549,TRUE,NA,NA
"CD8_TEM","SMARCA5","spearman",520,37,NA,0.279867964116913,-0.402020402949197,"cv_r2",0.00174204365508052,0.0196078431372549,TRUE,NA,NA
"CD8_TEM","RELB","rf",520,37,0.539070064825321,0.537816022060389,0.0937014690659713,"oob_r2",-0.0330380333645845,0.0196078431372549,TRUE,0.919134924398082,0.933333333333333
"CD8_TEM","RELB","lm",520,37,NA,0.488378945273709,0.311048922641106,"cv_r2",-0.0702300989855715,0.0196078431372549,TRUE,NA,NA
"CD8_TEM","RELB","ridge",520,37,NA,0.499205676624383,0.29894413445115,"cv_r2",-0.000471810860355627,0.0196078431372549,TRUE,NA,NA
"CD8_TEM","RELB","spearman",520,37,NA,0.204641427845863,-0.421298095818402,"cv_r2",0.00558769535480568,0.0196078431372549,TRUE,NA,NA
"CD8_TEM","KLF3","rf",520,37,0.603351166411975,0.58924621263663,0.207153971794043,"oob_r2",-0.0438589928854181,0.0196078431372549,TRUE,0.84726305252621,0.822222222222222
"CD8_TEM","KLF3","lm",520,37,NA,0.541282553436295,0.39227964844011,"cv_r2",-0.0793808474805782,0.0196078431372549,TRUE,NA,NA
"CD8_TEM","KLF3","ridge",520,37,NA,0.551595179649828,0.406429035013136,"cv_r2",-0.000784072441515938,0.0196078431372549,TRUE,NA,NA
"CD8_TEM","KLF3","spearman",520,37,NA,0.2897961560634,0.175165352806329,"cv_r2",0.00697722137150733,0.0196078431372549,TRUE,NA,NA
"CD8_TEM","FOXN3","rf",520,37,0.643548489033644,0.620929377461733,-0.0714474410236374,"oob_r2",-0.0272731164825087,0.0196078431372549,TRUE,0.858110742321269,0.933333333333333
"CD8_TEM","FOXN3","lm",520,37,NA,0.568848232325112,0.206323523055096,"cv_r2",-0.0655348091896875,0.0196078431372549,TRUE,NA,NA
"CD8_TEM","FOXN3","ridge",520,37,NA,0.578728648359656,0.206374845310213,"cv_r2",-0.00101477665273531,0.0196078431372549,TRUE,NA,NA
"CD8_TEM","FOXN3","spearman",520,37,NA,0.15291102573012,-0.312532467725091,"cv_r2",0.00217125805628959,0.0196078431372549,TRUE,NA,NA
"CD8_TEM","ETS1","rf",520,37,0.670337574767167,0.648819844701121,0.315496221685484,"oob_r2",-0.0359962952198751,0.0196078431372549,TRUE,0.82415573468205,1
"CD8_TEM","ETS1","lm",520,37,NA,0.627791964902583,0.511075736832348,"cv_r2",-0.0692396494672127,0.0196078431372549,TRUE,NA,NA
"CD8_TEM","ETS1","ridge",520,37,NA,0.630632455927029,0.508824084604483,"cv_r2",-0.00107271500561042,0.0196078431372549,TRUE,NA,NA
"CD8_TEM","ETS1","spearman",520,37,NA,0.322679903942895,0.199447969109083,"cv_r2",0.0101576967774593,0.0196078431372549,TRUE,NA,NA
"CD8_TEM","ID2","rf",520,37,0.650401108185069,0.641473973143929,0.0916007243978322,"oob_r2",-0.0387288948419766,0.0196078431372549,TRUE,0.925694115167799,0.933333333333333
"CD8_TEM","ID2","lm",520,37,NA,0.618488273849126,0.413804559992865,"cv_r2",-0.0577120675583174,0.0196078431372549,TRUE,NA,NA
"CD8_TEM","ID2","ridge",520,37,NA,0.629204872878248,0.396892430966945,"cv_r2",-0.000355490847132189,0.0196078431372549,TRUE,NA,NA
"CD8_TEM","ID2","spearman",520,37,NA,0.174473166353514,-0.340241285198369,"cv_r2",0.0111025559641292,0.0196078431372549,TRUE,NA,NA
"CD8_TEM","IRF9","rf",520,37,0.728152185418429,0.717000484487232,-0.381469443819941,"oob_r2",-0.066306647783604,0.0196078431372549,TRUE,0.877298350982561,0.774603174603175
"CD8_TEM","IRF9","lm",520,37,NA,0.526726999698573,-0.560020499958093,"cv_r2",-0.054217536060421,0.0196078431372549,TRUE,NA,NA
"CD8_TEM","IRF9","ridge",520,37,NA,0.541007752871803,-0.501902003550172,"cv_r2",0.00227820520407886,0.0196078431372549,TRUE,NA,NA
"CD8_TEM","IRF9","spearman",520,37,NA,0.335878945673146,-0.60331683127447,"cv_r2",0.00340061750094649,0.0196078431372549,TRUE,NA,NA
"CD8_TEM","RUNX3","rf",520,37,0.541433826961532,0.523530800205927,-0.432863306791074,"oob_r2",-0.0475260728696803,0.0196078431372549,TRUE,0.890780253938149,0.698412698412698
"CD8_TEM","RUNX3","lm",520,37,NA,0.447578551242541,-0.385623064447357,"cv_r2",-0.0659374413498007,0.0196078431372549,TRUE,NA,NA
"CD8_TEM","RUNX3","ridge",520,37,NA,0.464896993744768,-0.326524509639582,"cv_r2",-0.00145319778791032,0.0196078431372549,TRUE,NA,NA
"CD8_TEM","RUNX3","spearman",520,37,NA,0.159980692666955,-0.598183499348767,"cv_r2",0.00658177096689925,0.0196078431372549,TRUE,NA,NA
"CD8_TEM","ELF2","rf",520,37,0.683785301271643,0.678976295763967,0.122678693350272,"oob_r2",-0.0227148425465461,0.0196078431372549,TRUE,0.902486697223539,0.933333333333333
"CD8_TEM","ELF2","lm",520,37,NA,0.627633669410154,0.383916073071731,"cv_r2",-0.0605232907236193,0.0196078431372549,TRUE,NA,NA
"CD8_TEM","ELF2","ridge",520,37,NA,0.637599954988602,0.380778344993898,"cv_r2",-0.00098289076766146,0.0196078431372549,TRUE,NA,NA
"CD8_TEM","ELF2","spearman",520,37,NA,0.253909772633457,-0.0156708737156435,"cv_r2",0.000539680386857653,0.0196078431372549,TRUE,NA,NA
"CD8_TEM","KLF6","rf",520,37,0.675336894395894,0.674861970674168,-0.133370452168499,"oob_r2",-0.0404035448682316,0.0196078431372549,TRUE,0.917301512038354,0.874074074074074
"CD8_TEM","KLF6","lm",520,37,NA,0.603050847332656,0.178578092545573,"cv_r2",-0.0631107545065386,0.0196078431372549,TRUE,NA,NA
"CD8_TEM","KLF6","ridge",520,37,NA,0.617645965448413,0.148353311053895,"cv_r2",0.000149924247319366,0.0196078431372549,TRUE,NA,NA
"CD8_TEM","KLF6","spearman",520,37,NA,0.260917271094928,-0.429047326636402,"cv_r2",-0.000276158687392174,0.0196078431372549,TRUE,NA,NA
"CD8_TEM","E2F3","rf",520,37,0.67478573054978,0.642141721429874,0.169223454941921,"oob_r2",-0.0179069980184058,0.0196078431372549,TRUE,0.929861440387756,0.881481481481481
"CD8_TEM","E2F3","lm",520,37,NA,0.634728829581726,0.448321407111624,"cv_r2",-0.0508687775175498,0.0196078431372549,TRUE,NA,NA
"CD8_TEM","E2F3","ridge",520,37,NA,0.64047435380803,0.436626334561251,"cv_r2",-0.00119233091755695,0.0196078431372549,TRUE,NA,NA
"CD8_TEM","E2F3","spearman",520,37,NA,0.246535560100545,-0.232966076226021,"cv_r2",0.00732613777088745,0.0196078431372549,TRUE,NA,NA
"CD8_TEM","KLF13","rf",520,37,0.585906257529145,0.563156129272794,0.260111944336906,"oob_r2",-0.0189813967885712,0.0196078431372549,TRUE,0.885701490964649,0.82962962962963
"CD8_TEM","KLF13","lm",520,37,NA,0.496564765382842,0.339104618644456,"cv_r2",-0.0654394387735319,0.0196078431372549,TRUE,NA,NA
"CD8_TEM","KLF13","ridge",520,37,NA,0.514131213537776,0.36093158166236,"cv_r2",0.000272606299312485,0.0196078431372549,TRUE,NA,NA
"CD8_TEM","KLF13","spearman",520,37,NA,0.183272082159819,-0.335823115261725,"cv_r2",0.00412982412267178,0.0196078431372549,TRUE,NA,NA
"CD8_TEM","TCF7","rf",520,37,0.55928752068623,0.53520889107681,-0.0725582405981722,"oob_r2",-0.0519580115620464,0.0196078431372549,TRUE,0.850418839892524,0.785185185185185
"CD8_TEM","TCF7","lm",520,37,NA,0.417077626490702,-0.238195492424478,"cv_r2",-0.0634262938653997,0.0196078431372549,TRUE,NA,NA
"CD8_TEM","TCF7","ridge",520,37,NA,0.428147861750117,-0.172079095970777,"cv_r2",0.00253120039581255,0.0196078431372549,TRUE,NA,NA
"CD8_TEM","TCF7","spearman",520,37,NA,0.369540235893388,0.0254326885334604,"cv_r2",0.000381622684675713,0.0196078431372549,TRUE,NA,NA
"CD8_TEM","XBP1","rf",520,37,0.599199012768163,0.566715844593711,0.26045758821129,"oob_r2",-0.0363267985916224,0.0196078431372549,TRUE,0.875438596491228,1
"CD8_TEM","XBP1","lm",520,37,NA,0.521300521182921,0.214939620800685,"cv_r2",-0.058188211171086,0.0196078431372549,TRUE,NA,NA
"CD8_TEM","XBP1","ridge",520,37,NA,0.530169757785152,0.255928350415865,"cv_r2",0.000311214532985682,0.0196078431372549,TRUE,NA,NA
"CD8_TEM","XBP1","spearman",520,37,NA,0.293309199682444,-0.281781852723092,"cv_r2",-0.00286167662330848,0.0196078431372549,TRUE,NA,NA
"CD8_TEM","FUBP1","rf",520,37,0.661637173548144,0.66602503929122,-0.0406921658648074,"oob_r2",-0.0391885799220366,0.0196078431372549,TRUE,0.885664611980401,0.785185185185185
"CD8_TEM","FUBP1","lm",520,37,NA,0.58473666904548,0.107677574528855,"cv_r2",-0.05032745069466,0.0196078431372549,TRUE,NA,NA
"CD8_TEM","FUBP1","ridge",520,37,NA,0.58614550623982,0.0175186175924317,"cv_r2",-0.000149879827287758,0.0196078431372549,TRUE,NA,NA
"CD8_TEM","FUBP1","spearman",520,37,NA,0.344511127020571,-0.240856295819026,"cv_r2",-0.00101023438800679,0.0196078431372549,TRUE,NA,NA
"CD8_TEM","ENO1","rf",520,37,0.624850987548158,0.605053854038301,0.172496011337559,"oob_r2",-0.0319169839806456,0.0196078431372549,TRUE,0.898893630472578,1
"CD8_TEM","ENO1","lm",520,37,NA,0.564302724295263,0.315752776398395,"cv_r2",-0.061446691131036,0.0196078431372549,TRUE,NA,NA
"CD8_TEM","ENO1","ridge",520,37,NA,0.570486826947687,0.321288147892154,"cv_r2",0.00153323824852607,0.0196078431372549,TRUE,NA,NA
"CD8_TEM","ENO1","spearman",520,37,NA,0.278359444454054,0.0943831186496318,"cv_r2",0.00311165981205994,0.0196078431372549,TRUE,NA,NA
"CD8_TEM","IRF7","rf",520,37,0.74869682434948,0.753119380158067,-0.290089323451225,"oob_r2",-0.0607766573040867,0.0196078431372549,TRUE,0.899283494020336,0.767195767195767
"CD8_TEM","IRF7","lm",520,37,NA,0.607830792416976,-0.361604789718122,"cv_r2",-0.0541203882670665,0.0196078431372549,TRUE,NA,NA
"CD8_TEM","IRF7","ridge",520,37,NA,0.612745675992697,-0.341869499144103,"cv_r2",0.00272491020872173,0.0196078431372549,TRUE,NA,NA
"CD8_TEM","IRF7","spearman",520,37,NA,0.39667882668708,-0.397191170909595,"cv_r2",0.00165931552454256,0.0196078431372549,TRUE,NA,NA
"CD8_TEM","EWSR1","rf",520,37,0.586624319927532,0.585261371277853,-0.317318800163136,"oob_r2",-0.042337870896273,0.0196078431372549,TRUE,0.841531004688899,0.717460317460317
"CD8_TEM","EWSR1","lm",520,37,NA,0.438910214193866,-0.450385999799167,"cv_r2",-0.0751340950864438,0.0196078431372549,TRUE,NA,NA
"CD8_TEM","EWSR1","ridge",520,37,NA,0.457554500613087,-0.405016009962458,"cv_r2",-0.000819633533443289,0.0196078431372549,TRUE,NA,NA
"CD8_TEM","EWSR1","spearman",520,37,NA,0.359853491502,-0.17300675213522,"cv_r2",0.00840127012113335,0.0196078431372549,TRUE,NA,NA
"CD8_TEM","TFDP2","rf",520,37,0.622572831891884,0.60336785560991,0.25974003938229,"oob_r2",-0.0410930239820707,0.0196078431372549,TRUE,0.876829461039987,0.764021164021164
"CD8_TEM","TFDP2","lm",520,37,NA,0.550305802897853,0.259082012292019,"cv_r2",-0.0587456460668083,0.0196078431372549,TRUE,NA,NA
"CD8_TEM","TFDP2","ridge",520,37,NA,0.559598494876036,0.262948573811812,"cv_r2",0.00337875651752668,0.0196078431372549,TRUE,NA,NA
"CD8_TEM","TFDP2","spearman",520,37,NA,0.41077869966991,-0.00602265435337457,"cv_r2",-0.00237012943708404,0.0196078431372549,TRUE,NA,NA
"CD8_TEM","RAD21","rf",520,37,0.705914967082498,0.700859665951427,-0.113291468655853,"oob_r2",-0.0441139542508018,0.0196078431372549,TRUE,0.915067699278226,0.740740740740741
"CD8_TEM","RAD21","lm",520,37,NA,0.618262357420928,-0.00747017560647834,"cv_r2",-0.053621295620466,0.0196078431372549,TRUE,NA,NA
"CD8_TEM","RAD21","ridge",520,37,NA,0.631789149119579,-0.00101455629800395,"cv_r2",0.00198764796501213,0.0196078431372549,TRUE,NA,NA
"CD8_TEM","RAD21","spearman",520,37,NA,0.403329789275444,-0.264655243378056,"cv_r2",0.000599139729411396,0.0196078431372549,TRUE,NA,NA
"CD8_TEM","TCF7L2","rf",520,37,0.660823663089214,0.627888166275213,0.337465455713437,"oob_r2",-0.0347369427929382,0.0196078431372549,TRUE,0.878446867920552,0.8
"CD8_TEM","TCF7L2","lm",520,37,NA,0.576449390309336,0.41049131032118,"cv_r2",-0.0542666499343059,0.0196078431372549,TRUE,NA,NA
"CD8_TEM","TCF7L2","ridge",520,37,NA,0.585999552601761,0.426238231400359,"cv_r2",-0.00135372533114867,0.0196078431372549,TRUE,NA,NA
"CD8_TEM","TCF7L2","spearman",520,37,NA,0.295111236281109,0.0133087796516601,"cv_r2",-9.39259232177419e-05,0.0196078431372549,TRUE,NA,NA
"CD8_TEM","LYL1","rf",520,37,0.668758062931704,0.63391758317124,0.0604226101500095,"oob_r2",-0.0354826586108824,0.0196078431372549,TRUE,0.91125335862178,0.552380952380952
"CD8_TEM","LYL1","lm",520,37,NA,0.55897943619976,0.0795691587409935,"cv_r2",-0.0645988592873804,0.0196078431372549,TRUE,NA,NA
"CD8_TEM","LYL1","ridge",520,37,NA,0.570798156655592,0.0691885497512297,"cv_r2",-0.000504457126179636,0.0196078431372549,TRUE,NA,NA
"CD8_TEM","LYL1","spearman",520,37,NA,0.354637519203654,-0.466380124690019,"cv_r2",0.0015443707723724,0.0196078431372549,TRUE,NA,NA
"CD8_TEM","BHLHE40","rf",520,37,0.691001071595138,0.680029585471826,0.0837773894149754,"oob_r2",-0.0398000101464525,0.0196078431372549,TRUE,0.937163479268742,0.792592592592593
"CD8_TEM","BHLHE40","lm",520,37,NA,0.626180551693011,0.315540629804744,"cv_r2",-0.0695102022532349,0.0196078431372549,TRUE,NA,NA
"CD8_TEM","BHLHE40","ridge",520,37,NA,0.637021062227272,0.306462221698351,"cv_r2",-0.0010615873923503,0.0196078431372549,TRUE,NA,NA
"CD8_TEM","BHLHE40","spearman",520,37,NA,0.17474717982964,-0.372726907906744,"cv_r2",0.00139011651416505,0.0196078431372549,TRUE,NA,NA
"CD8_TEM","PRDM1","rf",520,37,0.755807065746334,0.73448251134396,0.015670452412996,"oob_r2",-0.0433937082286438,0.0196078431372549,TRUE,0.92624729993151,0.785185185185185
"CD8_TEM","PRDM1","lm",520,37,NA,0.653282020386343,0.141558286833751,"cv_r2",-0.0587622248589253,0.0196078431372549,TRUE,NA,NA
"CD8_TEM","PRDM1","ridge",520,37,NA,0.662073834370643,0.153530869636535,"cv_r2",-0.000475228608200031,0.0196078431372549,TRUE,NA,NA
"CD8_TEM","PRDM1","spearman",520,37,NA,0.298392132633664,-0.415428816077036,"cv_r2",0.00312751225563141,0.0196078431372549,TRUE,NA,NA
"CD8_TEM","MAF","rf",520,37,0.753899503852926,0.738172436685127,0.0393810754671114,"oob_r2",-0.0506386087056682,0.0196078431372549,TRUE,0.910378799852484,0.703703703703704
"CD8_TEM","MAF","lm",520,37,NA,0.649628047345538,0.0677071944995694,"cv_r2",-0.0539049287194458,0.0196078431372549,TRUE,NA,NA
"CD8_TEM","MAF","ridge",520,37,NA,0.656847705976088,0.0849827176606893,"cv_r2",-0.000865727858621024,0.0196078431372549,TRUE,NA,NA
"CD8_TEM","MAF","spearman",520,37,NA,0.360781287106583,-0.30829586433766,"cv_r2",0.00513764949844191,0.0196078431372549,TRUE,NA,NA
"CD8_TEM","TAL1","rf",520,37,0.689910407217516,0.669679580223893,0.116535606819909,"oob_r2",-0.0276730446822024,0.0196078431372549,TRUE,0.924835361677467,1
"CD8_TEM","TAL1","lm",520,37,NA,0.620232423321196,0.353981059565198,"cv_r2",-0.0521763991983022,0.0196078431372549,TRUE,NA,NA
"CD8_TEM","TAL1","ridge",520,37,NA,0.631218529946219,0.355794578519719,"cv_r2",-0.000382507342498939,0.0196078431372549,TRUE,NA,NA
"CD8_TEM","TAL1","spearman",520,37,NA,0.309154962871378,-0.262853314543996,"cv_r2",0.00494182047158311,0.0196078431372549,TRUE,NA,NA
"CD8_TEM","ASCL2","rf",520,37,0.640853830338029,0.648201177691452,0.157508646159126,"oob_r2",-0.0365454563807473,0.0196078431372549,TRUE,0.857141351878194,0.740740740740741
"CD8_TEM","ASCL2","lm",520,37,NA,0.588265600441007,0.216144160950138,"cv_r2",-0.0521074525421839,0.0196078431372549,TRUE,NA,NA
"CD8_TEM","ASCL2","ridge",520,37,NA,0.596416718030169,0.166417389216229,"cv_r2",0.00145331028867868,0.0196078431372549,TRUE,NA,NA
"CD8_TEM","ASCL2","spearman",520,37,NA,0.361611820030457,-0.0105789309074418,"cv_r2",0.00503175679234041,0.0196078431372549,TRUE,NA,NA
"CD8_TEM","STAT1","rf",520,37,0.785633213678007,0.778482117656706,-0.249253974923682,"oob_r2",-0.0526828311069552,0.0196078431372549,TRUE,0.884421263368632,0.688888888888889
"CD8_TEM","STAT1","lm",520,37,NA,0.622291076986443,-0.365767862294716,"cv_r2",-0.057894100162179,0.0196078431372549,TRUE,NA,NA
"CD8_TEM","STAT1","ridge",520,37,NA,0.631163102503123,-0.339930283928999,"cv_r2",-1.58955999898991e-05,0.0196078431372549,TRUE,NA,NA
"CD8_TEM","STAT1","spearman",520,37,NA,0.4205491472293,-0.372041209784458,"cv_r2",-0.000842579174385052,0.0196078431372549,TRUE,NA,NA
"CD8_TEM","FOXP1","rf",520,37,0.743010331136898,0.727932265661485,0.0909436085756242,"oob_r2",-0.0466570522589869,0.0196078431372549,TRUE,0.912312312312312,0.881481481481481
"CD8_TEM","FOXP1","lm",520,37,NA,0.651345018377514,0.243431174490349,"cv_r2",-0.0439664662131421,0.0196078431372549,TRUE,NA,NA
"CD8_TEM","FOXP1","ridge",520,37,NA,0.659541134131007,0.227514015468562,"cv_r2",0.000977000569149473,0.0196078431372549,TRUE,NA,NA
"CD8_TEM","FOXP1","spearman",520,37,NA,0.46655246672812,0.0430744161574012,"cv_r2",0.00100744188714952,0.0196078431372549,TRUE,NA,NA
"CD8_TEM","NR4A2","rf",520,37,0.610115043859593,0.612811919517904,0.429862786713303,"oob_r2",-0.0347169127695897,0.0196078431372549,TRUE,0.845492861282335,0.881481481481481
"CD8_TEM","NR4A2","lm",520,37,NA,0.588670665541335,0.482828768670394,"cv_r2",-0.0475784111964925,0.0196078431372549,TRUE,NA,NA
"CD8_TEM","NR4A2","ridge",520,37,NA,0.597771539394106,0.500634699449298,"cv_r2",0.00246774592818259,0.0196078431372549,TRUE,NA,NA
"CD8_TEM","NR4A2","spearman",520,37,NA,0.364826563208283,0.145093413141874,"cv_r2",0.00435834930494092,0.0196078431372549,TRUE,NA,NA
"CD8_TEM","CUX1","rf",520,37,0.762601729273954,0.744199915093891,0.0712894358458729,"oob_r2",-0.048583355657925,0.0196078431372549,TRUE,0.911785469680206,0.82962962962963
"CD8_TEM","CUX1","lm",520,37,NA,0.682649632440486,0.252880258308355,"cv_r2",-0.0546340240056825,0.0196078431372549,TRUE,NA,NA
"CD8_TEM","CUX1","ridge",520,37,NA,0.683289734123147,0.244010411075848,"cv_r2",-0.00122630883673504,0.0196078431372549,TRUE,NA,NA
"CD8_TEM","CUX1","spearman",520,37,NA,0.428735489323618,-0.0814046665543549,"cv_r2",0.00545284370096797,0.0196078431372549,TRUE,NA,NA
"CD8_TEM","SP100","rf",520,37,0.725654903576433,0.721408619860564,-0.0399436650033078,"oob_r2",-0.0374442240886891,0.0196078431372549,TRUE,0.922622622622623,0.933333333333333
"CD8_TEM","SP100","lm",520,37,NA,0.587783561878551,-0.0729217984406392,"cv_r2",-0.0496119333932934,0.0196078431372549,TRUE,NA,NA
"CD8_TEM","SP100","ridge",520,37,NA,0.600811397759422,-0.0694942014619282,"cv_r2",0.00402669325313103,0.0196078431372549,TRUE,NA,NA
"CD8_TEM","SP100","spearman",520,37,NA,0.422419838445876,-0.0929940009044832,"cv_r2",0.00780267011789748,0.0196078431372549,TRUE,NA,NA
"CD8_TEM","ZNF148","rf",520,37,0.716906835969051,0.69424823156532,-0.338051021329181,"oob_r2",-0.0542993660718639,0.0196078431372549,TRUE,0.902286497023339,0.874074074074074
"CD8_TEM","ZNF148","lm",520,37,NA,0.553631224873703,-0.312728271324492,"cv_r2",-0.0596831352292913,0.0196078431372549,TRUE,NA,NA
"CD8_TEM","ZNF148","ridge",520,37,NA,0.570017924470537,-0.323909350882238,"cv_r2",0.00148434645385289,0.0196078431372549,TRUE,NA,NA
"CD8_TEM","ZNF148","spearman",520,37,NA,0.389422276404652,-0.580561924681076,"cv_r2",0.0102991886737267,0.0196078431372549,TRUE,NA,NA
"CD8_TEM","TCF3","rf",520,37,0.727154236140643,0.706771480052556,0.134638772106989,"oob_r2",-0.0339968093485181,0.0196078431372549,TRUE,0.894036141404562,0.712169312169312
"CD8_TEM","TCF3","lm",520,37,NA,0.62512350282684,0.184531732973866,"cv_r2",-0.0548383193167848,0.0196078431372549,TRUE,NA,NA
"CD8_TEM","TCF3","ridge",520,37,NA,0.63720270821802,0.194896968582011,"cv_r2",-0.000726937584448218,0.0196078431372549,TRUE,NA,NA
"CD8_TEM","TCF3","spearman",520,37,NA,0.436795013038984,-0.0967819052037899,"cv_r2",0.00129011725062232,0.0196078431372549,TRUE,NA,NA
"CD8_TEM","HMGN3","rf",520,37,0.701438807265498,0.679111298129323,0.308757050855209,"oob_r2",-0.0349554833334156,0.0196078431372549,TRUE,0.912612612612613,0.82962962962963
"CD8_TEM","HMGN3","lm",520,37,NA,0.616033129898359,0.374342476205362,"cv_r2",-0.0538596570429463,0.0196078431372549,TRUE,NA,NA
"CD8_TEM","HMGN3","ridge",520,37,NA,0.621748479885643,0.389315991558569,"cv_r2",-0.000199858296814306,0.0196078431372549,TRUE,NA,NA
"CD8_TEM","HMGN3","spearman",520,37,NA,0.389753601798781,-0.0257916447655255,"cv_r2",-0.000614839171092153,0.0196078431372549,TRUE,NA,NA
"CD8_TEM","REST","rf",520,37,0.709424599518247,0.705863288027881,0.120781232563823,"oob_r2",-0.0455650856337129,0.0196078431372549,TRUE,0.901369790843475,0.66031746031746
"CD8_TEM","REST","lm",520,37,NA,0.649136604436897,0.245363288163847,"cv_r2",-0.0603311240711483,0.0196078431372549,TRUE,NA,NA
"CD8_TEM","REST","ridge",520,37,NA,0.655716448155451,0.227906787675123,"cv_r2",-0.000132805418933861,0.0196078431372549,TRUE,NA,NA
"CD8_TEM","REST","spearman",520,37,NA,0.469091615670044,0.12208364743938,"cv_r2",0.00854820181908913,0.0196078431372549,TRUE,NA,NA
"CD8_TEM","STAT2","rf",520,37,0.795899369253545,0.776978129445296,-0.066712102988592,"oob_r2",-0.0535511203847924,0.0196078431372549,TRUE,0.898414203677362,0.881481481481482
"CD8_TEM","STAT2","lm",520,37,NA,0.66318394147018,-0.0687033712486138,"cv_r2",-0.0603032838620534,0.0196078431372549,TRUE,NA,NA
"CD8_TEM","STAT2","ridge",520,37,NA,0.669524835333892,-0.0846080847705173,"cv_r2",0.000280966035538246,0.0196078431372549,TRUE,NA,NA
"CD8_TEM","STAT2","spearman",520,37,NA,0.454169102593232,-0.225511375653919,"cv_r2",0.0085104222771705,0.0196078431372549,TRUE,NA,NA
"CD8_TEM","BACH1","rf",520,37,0.695768996381736,0.660910946909606,0.370344340111703,"oob_r2",-0.0348077478005218,0.0196078431372549,TRUE,0.877166640324535,0.77037037037037
"CD8_TEM","BACH1","lm",520,37,NA,0.614810382519677,0.45375835516492,"cv_r2",-0.0528833829252258,0.0196078431372549,TRUE,NA,NA
"CD8_TEM","BACH1","ridge",520,37,NA,0.625877777665476,0.473516157827932,"cv_r2",-0.000226958548674618,0.0196078431372549,TRUE,NA,NA
"CD8_TEM","BACH1","spearman",520,37,NA,0.340099192811545,0.0384981674232582,"cv_r2",0.00143982368768435,0.0196078431372549,TRUE,NA,NA
"CD8_TEM","IKZF3","rf",520,37,0.635263618973571,0.636242650120153,0.198681004223403,"oob_r2",-0.0338065256548733,0.0196078431372549,TRUE,0.881902955587166,0.933333333333333
"CD8_TEM","IKZF3","lm",520,37,NA,0.52812110809884,0.138046998715201,"cv_r2",-0.0637942865241127,0.0196078431372549,TRUE,NA,NA
"CD8_TEM","IKZF3","ridge",520,37,NA,0.547338596229653,0.175814548466901,"cv_r2",-0.000457536444662277,0.0196078431372549,TRUE,NA,NA
"CD8_TEM","IKZF3","spearman",520,37,NA,0.438044509618655,0.222268689768991,"cv_r2",0.0033779840267791,0.0196078431372549,TRUE,NA,NA
"CD8_TEM","ZBTB7A","rf",520,37,0.783742873350771,0.767945691153533,-0.0455235985559077,"oob_r2",-0.0426048614698702,0.0196078431372549,TRUE,0.920199146514936,0.8
"CD8_TEM","ZBTB7A","lm",520,37,NA,0.670292271259943,0.0226155170946196,"cv_r2",-0.0517904514179146,0.0196078431372549,TRUE,NA,NA
"CD8_TEM","ZBTB7A","ridge",520,37,NA,0.674797120016969,-0.00564355344585077,"cv_r2",0.000135471779943479,0.0196078431372549,TRUE,NA,NA
"CD8_TEM","ZBTB7A","spearman",520,37,NA,0.469018030230427,-0.107476683495998,"cv_r2",0.000583521537899855,0.0196078431372549,TRUE,NA,NA
"CD8_TEM","IKZF2","rf",520,37,0.756942194753343,0.734793089766576,0.156468356893262,"oob_r2",-0.0500167241815834,0.0196078431372549,TRUE,0.903166324218956,1
"CD8_TEM","IKZF2","lm",520,37,NA,0.670817350633268,0.223462384810908,"cv_r2",-0.0624203996991328,0.0196078431372549,TRUE,NA,NA
"CD8_TEM","IKZF2","ridge",520,37,NA,0.682810832072892,0.201702771517301,"cv_r2",-0.000138279562990895,0.0196078431372549,TRUE,NA,NA
"CD8_TEM","IKZF2","spearman",520,37,NA,0.484126314454299,0.0848245163245376,"cv_r2",0.00181923376295932,0.0196078431372549,TRUE,NA,NA
"CD8_TEM","SPI1","rf",520,37,0.656605488457649,0.658381763150932,0.118978495966617,"oob_r2",-0.0511742887106417,0.0196078431372549,TRUE,0.862088404193667,0.933333333333333
"CD8_TEM","SPI1","lm",520,37,NA,0.59401265782563,0.0580242333947414,"cv_r2",-0.061534549468871,0.0196078431372549,TRUE,NA,NA
"CD8_TEM","SPI1","ridge",520,37,NA,0.606690000911148,0.0368455076961998,"cv_r2",0.00264519438323337,0.0196078431372549,TRUE,NA,NA
"CD8_TEM","SPI1","spearman",520,37,NA,0.434770790132089,-0.113310297555252,"cv_r2",-0.0026306403530465,0.0196078431372549,TRUE,NA,NA
"CD8_TEM","JUN","rf",520,37,0.767079658884914,0.756206879186918,0.274032229980624,"oob_r2",-0.040138822817212,0.0196078431372549,TRUE,0.919482640535272,0.881481481481481
"CD8_TEM","JUN","lm",520,37,NA,0.724344173284278,0.458381043867502,"cv_r2",-0.0491430167911042,0.0196078431372549,TRUE,NA,NA
"CD8_TEM","JUN","ridge",520,37,NA,0.726655697932679,0.451919248831141,"cv_r2",-0.000569989704432951,0.0196078431372549,TRUE,NA,NA
"CD8_TEM","JUN","spearman",520,37,NA,0.472410876719787,-0.0486500303036626,"cv_r2",0.00384381259106824,0.0196078431372549,TRUE,NA,NA
"CD8_TEM","ZNF683","rf",520,37,0.723440034705365,0.72591789689216,0.148172415785633,"oob_r2",-0.0442906088594468,0.0196078431372549,TRUE,0.887914230019493,0.705820105820106
"CD8_TEM","ZNF683","lm",520,37,NA,0.670227722223348,0.198625806177591,"cv_r2",-0.0680473854492379,0.0196078431372549,TRUE,NA,NA
"CD8_TEM","ZNF683","ridge",520,37,NA,0.677485623909727,0.199004415518549,"cv_r2",0.000990988372373247,0.0196078431372549,TRUE,NA,NA
"CD8_TEM","ZNF683","spearman",520,37,NA,0.463242686295192,0.134347230041184,"cv_r2",0.00647582332947341,0.0196078431372549,TRUE,NA,NA
"CD8_TEM","SPIB","rf",520,37,0.723872137958346,0.713679252332454,0.0428988188446291,"oob_r2",-0.0439569460667099,0.0196078431372549,TRUE,0.884984984984985,0.785185185185185
"CD8_TEM","SPIB","lm",520,37,NA,0.594963651536113,-0.0679505858855805,"cv_r2",-0.0678221334949207,0.0196078431372549,TRUE,NA,NA
"CD8_TEM","SPIB","ridge",520,37,NA,0.610618015085089,-0.0505532718111339,"cv_r2",0.00172738023802896,0.0196078431372549,TRUE,NA,NA
"CD8_TEM","SPIB","spearman",520,37,NA,0.494046669134253,0.109223501485069,"cv_r2",0.00174585704573775,0.0196078431372549,TRUE,NA,NA
"CD8_TEM","OSR2","rf",520,37,0.669920106280347,0.674538437148515,0.421766279956432,"oob_r2",-0.0422716440549584,0.0196078431372549,TRUE,0.859496338443707,0.933333333333333
"CD8_TEM","OSR2","lm",520,37,NA,0.665607588358642,0.541478473034406,"cv_r2",-0.059963091962865,0.0196078431372549,TRUE,NA,NA
"CD8_TEM","OSR2","ridge",520,37,NA,0.670299482714084,0.527529831108845,"cv_r2",-0.000535507076190466,0.0196078431372549,TRUE,NA,NA
"CD8_TEM","OSR2","spearman",520,37,NA,0.304997885058671,-0.0286488261773137,"cv_r2",0.00204185949561351,0.0196078431372549,TRUE,NA,NA
"CD8_TEM","GATA3","rf",520,37,0.668660637409797,0.654861804369817,0.265099148605836,"oob_r2",-0.0327256618840547,0.0196078431372549,TRUE,0.899041146409567,0.822222222222222
"CD8_TEM","GATA3","lm",520,37,NA,0.622312723042405,0.278149990106211,"cv_r2",-0.0546385384342604,0.0196078431372549,TRUE,NA,NA
"CD8_TEM","GATA3","ridge",520,37,NA,0.629055566353448,0.296191359576023,"cv_r2",-0.000820093374482692,0.0196078431372549,TRUE,NA,NA
"CD8_TEM","GATA3","spearman",520,37,NA,0.469541750375987,0.351736489261954,"cv_r2",0.0013224415872504,0.0196078431372549,TRUE,NA,NA
"CD8_TEM","CEBPB","rf",520,37,0.717935994279388,0.702232704350305,0.203911227166612,"oob_r2",-0.0300573956521555,0.0196078431372549,TRUE,0.902834413360729,0.744973544973545
"CD8_TEM","CEBPB","lm",520,37,NA,0.623530016502735,0.274178096331594,"cv_r2",-0.0581418822359974,0.0196078431372549,TRUE,NA,NA
"CD8_TEM","CEBPB","ridge",520,37,NA,0.635646780648932,0.288491610117617,"cv_r2",-0.000947970457005598,0.0196078431372549,TRUE,NA,NA
"CD8_TEM","CEBPB","spearman",520,37,NA,0.421440054569008,-0.186904043778469,"cv_r2",-0.00266413594358986,0.0196078431372549,TRUE,NA,NA
"CD8_TEM","HDAC2","rf",520,37,0.750334686936382,0.727467733485335,0.0291678712373837,"oob_r2",-0.0301882838775478,0.0196078431372549,TRUE,0.927416890574785,0.785185185185185
"CD8_TEM","HDAC2","lm",520,37,NA,0.672569624107211,0.189696201899042,"cv_r2",-0.0624996390207732,0.0196078431372549,TRUE,NA,NA
"CD8_TEM","HDAC2","ridge",520,37,NA,0.682202139735334,0.185422107995428,"cv_r2",-0.000571221648821541,0.0196078431372549,TRUE,NA,NA
"CD8_TEM","HDAC2","spearman",520,37,NA,0.472682548715713,0.0675839891811286,"cv_r2",-0.000186165062242359,0.0196078431372549,TRUE,NA,NA
"CD8_TEM","CEBPZ","rf",520,37,0.725750852768412,0.72813134586182,0.326597131750536,"oob_r2",-0.0333319039870235,0.0196078431372549,TRUE,0.879379379379379,0.822222222222222
"CD8_TEM","CEBPZ","lm",520,37,NA,0.693629593599604,0.481069290392706,"cv_r2",-0.0620887866022865,0.0196078431372549,TRUE,NA,NA
"CD8_TEM","CEBPZ","ridge",520,37,NA,0.69929027617232,0.441332033265615,"cv_r2",-0.000620066688876732,0.0196078431372549,TRUE,NA,NA
"CD8_TEM","CEBPZ","spearman",520,37,NA,0.588463718850309,0.416671604647755,"cv_r2",0.00221243235703993,0.0196078431372549,TRUE,NA,NA
"CD8_TEM","BCL11B","rf",520,37,0.770951356639774,0.754559629053643,0.0987155530012022,"oob_r2",-0.0588056234341992,0.0196078431372549,TRUE,0.903076760971498,0.933333333333333
"CD8_TEM","BCL11B","lm",520,37,NA,0.636366455467726,-0.112093138817208,"cv_r2",-0.0583479268776576,0.0196078431372549,TRUE,NA,NA
"CD8_TEM","BCL11B","ridge",520,37,NA,0.649191978282267,-0.0395215571934278,"cv_r2",-0.00119248178639753,0.0196078431372549,TRUE,NA,NA
"CD8_TEM","BCL11B","spearman",520,37,NA,0.534540362973379,0.14985027150114,"cv_r2",0.00382540344016669,0.0196078431372549,TRUE,NA,NA
"CD8_TEM","MEF2C","rf",520,37,0.807707824354696,0.798829068567466,-0.0644411408303254,"oob_r2",-0.0536539465890797,0.0196078431372549,TRUE,0.919482640535272,0.66031746031746
"CD8_TEM","MEF2C","lm",520,37,NA,0.673729165581405,-0.114925986646151,"cv_r2",-0.059403425895927,0.0196078431372549,TRUE,NA,NA
"CD8_TEM","MEF2C","ridge",520,37,NA,0.677324049551309,-0.096332623891821,"cv_r2",-0.00126365156104455,0.0196078431372549,TRUE,NA,NA
"CD8_TEM","MEF2C","spearman",520,37,NA,0.511940873179992,-0.104653706113241,"cv_r2",-0.00086761370080295,0.0196078431372549,TRUE,NA,NA
"CD8_TEM","IKZF1","rf",520,37,0.663041595714844,0.657313132376741,0.244719961118024,"oob_r2",-0.0380945244342188,0.0196078431372549,TRUE,0.913729518992677,0.764021164021164
"CD8_TEM","IKZF1","lm",520,37,NA,0.588005917792316,0.130054958818861,"cv_r2",-0.0628113551135404,0.0196078431372549,TRUE,NA,NA
"CD8_TEM","IKZF1","ridge",520,37,NA,0.597897625589001,0.200038206068322,"cv_r2",-0.000593201966648983,0.0196078431372549,TRUE,NA,NA
"CD8_TEM","IKZF1","spearman",520,37,NA,0.494834394364007,0.30092079102632,"cv_r2",0.00315905971174193,0.0196078431372549,TRUE,NA,NA
"CD8_TEM","MYBL1","rf",520,37,0.76486471442977,0.763035479199787,0.31638912250594,"oob_r2",-0.0407744718935586,0.0196078431372549,TRUE,0.924866972235393,1
"CD8_TEM","MYBL1","lm",520,37,NA,0.705006837460955,0.23545469108551,"cv_r2",-0.0552708870351776,0.0196078431372549,TRUE,NA,NA
"CD8_TEM","MYBL1","ridge",520,37,NA,0.704251152781733,0.261523178313875,"cv_r2",0.00109191272171156,0.0196078431372549,TRUE,NA,NA
"CD8_TEM","MYBL1","spearman",520,37,NA,0.481510022571361,0.108890542207036,"cv_r2",0.00449391216154525,0.0196078431372549,TRUE,NA,NA
"CD8_TEM","BDP1","rf",520,37,0.683670341090256,0.686207266606632,0.333037181512789,"oob_r2",-0.04945634290942,0.0196078431372549,TRUE,0.83929192350245,0.844444444444444
"CD8_TEM","BDP1","lm",520,37,NA,0.651136620944493,0.413217250005411,"cv_r2",-0.0441783416868893,0.0196078431372549,TRUE,NA,NA
"CD8_TEM","BDP1","ridge",520,37,NA,0.663586356969972,0.415118787656237,"cv_r2",0.00223590057998878,0.0196078431372549,TRUE,NA,NA
"CD8_TEM","BDP1","spearman",520,37,NA,0.460609850355887,0.173624901395175,"cv_r2",0.00349583820331893,0.0196078431372549,TRUE,NA,NA
"CD16_Mono","ZBTB7A","rf",760,88,0.879458297484008,0.877348881379536,0.732738420181379,"oob_r2",-0.0306017126589303,0.0196078431372549,TRUE,0.848588950332461,0.792592592592593
"CD16_Mono","ZBTB7A","lm",760,88,NA,0.887006339027099,0.770888069445554,"cv_r2",-0.135012639177909,0.0196078431372549,TRUE,NA,NA
"CD16_Mono","ZBTB7A","ridge",760,88,NA,0.892030757965931,0.792631892257692,"cv_r2",0.00169959323063492,0.0196078431372549,TRUE,NA,NA
"CD16_Mono","ZBTB7A","spearman",760,88,NA,0.59187896195376,0.375349137445179,"cv_r2",0.0089127628584789,0.0196078431372549,TRUE,NA,NA
"CD16_Mono","KLF6","rf",760,88,0.85435591639369,0.854521886522413,0.589063803368425,"oob_r2",-0.0441474557272667,0.0196078431372549,TRUE,0.873576524642003,1
"CD16_Mono","KLF6","lm",760,88,NA,0.86296756761928,0.656238592556576,"cv_r2",-0.137690196602357,0.0196078431372549,TRUE,NA,NA
"CD16_Mono","KLF6","ridge",760,88,NA,0.864727159601295,0.652472629384518,"cv_r2",0.000145084285075273,0.0196078431372549,TRUE,NA,NA
"CD16_Mono","KLF6","spearman",760,88,NA,0.52907158491015,-0.0234569676618561,"cv_r2",-0.00038249783544584,0.0196078431372549,TRUE,NA,NA
"CD16_Mono","EGR1","rf",760,88,0.854891374762368,0.856409166852334,0.505478517341391,"oob_r2",-0.0346670814396853,0.0196078431372549,TRUE,0.841981222531397,0.933333333333333
"CD16_Mono","EGR1","lm",760,88,NA,0.850359129968969,0.512618416428468,"cv_r2",-0.129148611325619,0.0196078431372549,TRUE,NA,NA
"CD16_Mono","EGR1","ridge",760,88,NA,0.856843616786655,0.565854369983288,"cv_r2",-0.000756991245231732,0.0196078431372549,TRUE,NA,NA
"CD16_Mono","EGR1","spearman",760,88,NA,0.591007746947169,0.0534022800607117,"cv_r2",0.00345077872977828,0.0196078431372549,TRUE,NA,NA
"CD16_Mono","KLF4","rf",760,88,0.799020393984667,0.792760343589403,-0.0323956154075937,"oob_r2",-0.0439086068095044,0.0196078431372549,TRUE,0.860530136702163,0.785185185185185
"CD16_Mono","KLF4","lm",760,88,NA,0.771573423389144,0.297945099361078,"cv_r2",-0.134397018590664,0.0196078431372549,TRUE,NA,NA
"CD16_Mono","KLF4","ridge",760,88,NA,0.780679720075775,0.310149121430773,"cv_r2",-0.00106185639362534,0.0196078431372549,TRUE,NA,NA
"CD16_Mono","KLF4","spearman",760,88,NA,0.293679074165835,-0.653619681624273,"cv_r2",-0.00208397439062069,0.0196078431372549,TRUE,NA,NA
"CD16_Mono","MEF2C","rf",760,88,0.836447066656165,0.834817035842403,0.606611099726058,"oob_r2",-0.0253381970271287,0.0196078431372549,TRUE,0.828057013372783,0.881481481481481
"CD16_Mono","MEF2C","lm",760,88,NA,0.835209841540085,0.60993652155803,"cv_r2",-0.128429796658857,0.0196078431372549,TRUE,NA,NA
"CD16_Mono","MEF2C","ridge",760,88,NA,0.844272150076494,0.644092632722158,"cv_r2",0.00243392749900284,0.0196078431372549,TRUE,NA,NA
"CD16_Mono","MEF2C","spearman",760,88,NA,0.611185560448089,0.546825613903454,"cv_r2",0.00905946160451015,0.0196078431372549,TRUE,NA,NA
"CD16_Mono","NR4A2","rf",760,88,0.82556701202355,0.825249153918471,0.627838510294839,"oob_r2",-0.0315300245811754,0.0196078431372549,TRUE,0.793884212132953,0.933333333333333
"CD16_Mono","NR4A2","lm",760,88,NA,0.813889851607296,0.607527719746795,"cv_r2",-0.132115900022534,0.0196078431372549,TRUE,NA,NA
"CD16_Mono","NR4A2","ridge",760,88,NA,0.828768959210937,0.670958048798525,"cv_r2",0.00477857859997701,0.0196078431372549,TRUE,NA,NA
"CD16_Mono","NR4A2","spearman",760,88,NA,0.602309638142246,0.422523041775404,"cv_r2",0.0110521239544371,0.0196078431372549,TRUE,NA,NA
"CD16_Mono","E2F5","rf",760,88,0.789155988672309,0.786321833593475,0.391212118029294,"oob_r2",-0.035675141578754,0.0196078431372549,TRUE,0.893525334710922,0.933333333333333
"CD16_Mono","E2F5","lm",760,88,NA,0.764328697300446,0.524526299907,"cv_r2",-0.127412098511546,0.0196078431372549,TRUE,NA,NA
"CD16_Mono","E2F5","ridge",760,88,NA,0.779089243178067,0.55177380502633,"cv_r2",-0.000519694116902927,0.0196078431372549,TRUE,NA,NA
"CD16_Mono","E2F5","spearman",760,88,NA,0.549273328934219,0.379428272500506,"cv_r2",0.00297604831117065,0.0196078431372549,TRUE,NA,NA
"CD16_Mono","FOXL2","rf",760,88,0.884391151331886,0.883923843823251,0.730898055509615,"oob_r2",-0.0258817197978683,0.0196078431372549,TRUE,0.855213506627687,0.933333333333333
"CD16_Mono","FOXL2","lm",760,88,NA,0.870778792042507,0.738509352938577,"cv_r2",-0.124125436356632,0.0196078431372549,TRUE,NA,NA
"CD16_Mono","FOXL2","ridge",760,88,NA,0.87246696413562,0.735609472968897,"cv_r2",0.00501113645366031,0.0196078431372549,TRUE,NA,NA
"CD16_Mono","FOXL2","spearman",760,88,NA,0.561415165679394,0.355607233345518,"cv_r2",0.00704746066783206,0.0196078431372549,TRUE,NA,NA
"CD16_Mono","EGR3","rf",760,88,0.809430112382051,0.804512419803394,0.463857378080568,"oob_r2",-0.01948694032659,0.0196078431372549,TRUE,0.833838970878878,0.822222222222222
"CD16_Mono","EGR3","lm",760,88,NA,0.808683053239318,0.547193857040144,"cv_r2",-0.12172274325499,0.0196078431372549,TRUE,NA,NA
"CD16_Mono","EGR3","ridge",760,88,NA,0.817539177069776,0.544903334740799,"cv_r2",0.00224316898674938,0.0196078431372549,TRUE,NA,NA
"CD16_Mono","EGR3","spearman",760,88,NA,0.523158106250375,0.180740881771405,"cv_r2",0.00166647791694246,0.0196078431372549,TRUE,NA,NA
"CD16_Mono","BHLHE40","rf",760,88,0.868062026080005,0.860716892298761,0.284562517271331,"oob_r2",-0.0339375178696529,0.0196078431372549,TRUE,0.89611848825332,0.8
"CD16_Mono","BHLHE40","lm",760,88,NA,0.836984144906827,0.481076689031734,"cv_r2",-0.118684809487479,0.0196078431372549,TRUE,NA,NA
"CD16_Mono","BHLHE40","ridge",760,88,NA,0.84809465653539,0.48990609900244,"cv_r2",0.00112890685589616,0.0196078431372549,TRUE,NA,NA
"CD16_Mono","BHLHE40","spearman",760,88,NA,0.477423891333037,-0.0114692644361618,"cv_r2",-0.00182184500301277,0.0196078431372549,TRUE,NA,NA
"CD16_Mono","RUNX3","rf",760,88,0.828859574111014,0.832384535146845,0.563407090766981,"oob_r2",-0.0333903080272183,0.0196078431372549,TRUE,0.855539901142381,1
"CD16_Mono","RUNX3","lm",760,88,NA,0.80381393294105,0.445459043820845,"cv_r2",-0.135161946856593,0.0196078431372549,TRUE,NA,NA
"CD16_Mono","RUNX3","ridge",760,88,NA,0.810122671325822,0.505373240808298,"cv_r2",-0.00116385539749315,0.0196078431372549,TRUE,NA,NA
"CD16_Mono","RUNX3","spearman",760,88,NA,0.523481795500633,0.101511603525467,"cv_r2",-0.00272936013871836,0.0196078431372549,TRUE,NA,NA
"CD16_Mono","RAD21","rf",760,88,0.80097460742016,0.809571989143253,-0.336154177786419,"oob_r2",-0.0426679473821866,0.0196078431372549,TRUE,0.845533991601408,0.8
"CD16_Mono","RAD21","lm",760,88,NA,0.796257683888206,-0.000487148154935779,"cv_r2",-0.140025406386813,0.0196078431372549,TRUE,NA,NA
"CD16_Mono","RAD21","ridge",760,88,NA,0.799810521307425,-0.0413607397460298,"cv_r2",-0.000453736312308152,0.0196078431372549,TRUE,NA,NA
"CD16_Mono","RAD21","spearman",760,88,NA,0.220245867723574,-0.738906547416195,"cv_r2",0.000829206571256994,0.0196078431372549,TRUE,NA,NA
"CD16_Mono","BCL11A","rf",760,88,0.845689727959168,0.838259747717224,0.439883407140146,"oob_r2",-0.0446798881017035,0.0196078431372549,TRUE,0.852155417013999,0.933333333333333
"CD16_Mono","BCL11A","lm",760,88,NA,0.871469777169197,0.728707202709504,"cv_r2",-0.131829316669864,0.0196078431372549,TRUE,NA,NA
"CD16_Mono","BCL11A","ridge",760,88,NA,0.873835647459467,0.742964247310356,"cv_r2",0.00193987923858137,0.0196078431372549,TRUE,NA,NA
"CD16_Mono","BCL11A","spearman",760,88,NA,0.547580089187419,0.286179985008957,"cv_r2",0.00293413873826502,0.0196078431372549,TRUE,NA,NA
"CD16_Mono","GTF2I","rf",760,88,0.800844275085431,0.804508329955564,0.432086548675347,"oob_r2",-0.0266208232448373,0.0196078431372549,TRUE,0.890392495274324,1
"CD16_Mono","GTF2I","lm",760,88,NA,0.80909555691854,0.545280350191416,"cv_r2",-0.140636780089343,0.0196078431372549,TRUE,NA,NA
"CD16_Mono","GTF2I","ridge",760,88,NA,0.814806195974043,0.587908921056205,"cv_r2",0.000301079238351435,0.0196078431372549,TRUE,NA,NA
"CD16_Mono","GTF2I","spearman",760,88,NA,0.505633800938903,0.187500459112548,"cv_r2",0.00164681048455281,0.0196078431372549,TRUE,NA,NA
"CD16_Mono","CREB1","rf",760,88,0.795084118418599,0.791765480073025,0.40628537412112,"oob_r2",-0.0370591993718459,0.0196078431372549,TRUE,0.84057154262501,0.933333333333333
"CD16_Mono","CREB1","lm",760,88,NA,0.760383194572338,0.527871460587873,"cv_r2",-0.119084068000849,0.0196078431372549,TRUE,NA,NA
"CD16_Mono","CREB1","ridge",760,88,NA,0.764145745239239,0.496715775933892,"cv_r2",0.0028403110795433,0.0196078431372549,TRUE,NA,NA
"CD16_Mono","CREB1","spearman",760,88,NA,0.567080098636978,0.511203068771928,"cv_r2",0.00479241535845686,0.0196078431372549,TRUE,NA,NA
"CD16_Mono","ELF2","rf",760,88,0.796705827166816,0.793945232040478,0.405648120432689,"oob_r2",-0.0488222133623804,0.0196078431372549,TRUE,0.840240451786364,0.933333333333333
"CD16_Mono","ELF2","lm",760,88,NA,0.795574339287282,0.541927413397972,"cv_r2",-0.138916715310014,0.0196078431372549,TRUE,NA,NA
"CD16_Mono","ELF2","ridge",760,88,NA,0.800174907140814,0.585709478448921,"cv_r2",0.00251059116051295,0.0196078431372549,TRUE,NA,NA
"CD16_Mono","ELF2","spearman",760,88,NA,0.452626867973194,0.125552257331733,"cv_r2",0.00151221372607723,0.0196078431372549,TRUE,NA,NA
"CD16_Mono","MAFB","rf",760,88,0.800537038524116,0.79939701327445,0.130212608732584,"oob_r2",-0.041242962775631,0.0196078431372549,TRUE,0.873278308071024,0.736507936507936
"CD16_Mono","MAFB","lm",760,88,NA,0.800335571421869,0.524547751978677,"cv_r2",-0.132093637764879,0.0196078431372549,TRUE,NA,NA
"CD16_Mono","MAFB","ridge",760,88,NA,0.807339349710932,0.46289238788822,"cv_r2",0.000838791119585023,0.0196078431372549,TRUE,NA,NA
"CD16_Mono","MAFB","spearman",760,88,NA,0.314156609744062,-0.535668355619263,"cv_r2",-0.00250136468844366,0.0196078431372549,TRUE,NA,NA
"CD16_Mono","KLF2","rf",760,88,0.737187390071571,0.735988706616769,-0.110618447378992,"oob_r2",-0.0368783714876631,0.0196078431372549,TRUE,0.866940618897225,0.82962962962963
"CD16_Mono","KLF2","lm",760,88,NA,0.695380180416972,0.0259896522868671,"cv_r2",-0.126091288538284,0.0196078431372549,TRUE,NA,NA
"CD16_Mono","KLF2","ridge",760,88,NA,0.712310747975404,0.168886758746816,"cv_r2",-0.00136580312932091,0.0196078431372549,TRUE,NA,NA
"CD16_Mono","KLF2","spearman",760,88,NA,0.310849190620084,-0.399930419129233,"cv_r2",0.00141996334808947,0.0196078431372549,TRUE,NA,NA
"CD16_Mono","ATF5","rf",760,88,0.8108918396122,0.801197127635858,0.647422622188125,"oob_r2",-0.0293541399547179,0.0196078431372549,TRUE,0.826787049103981,0.82962962962963
"CD16_Mono","ATF5","lm",760,88,NA,0.83893873440942,0.719624909818114,"cv_r2",-0.126155455883854,0.0196078431372549,TRUE,NA,NA
"CD16_Mono","ATF5","ridge",760,88,NA,0.841155325883005,0.750696252425271,"cv_r2",0.000997026573756161,0.0196078431372549,TRUE,NA,NA
"CD16_Mono","ATF5","spearman",760,88,NA,0.51109205467953,0.345027295548957,"cv_r2",0.00651067521448014,0.0196078431372549,TRUE,NA,NA
"CD16_Mono","IRF8","rf",760,88,0.838319956915781,0.841762186782978,0.59482318049621,"oob_r2",-0.0381716548440681,0.0196078431372549,TRUE,0.836885319682685,0.816931216931217
"CD16_Mono","IRF8","lm",760,88,NA,0.853674585503752,0.77136112299785,"cv_r2",-0.126059052262722,0.0196078431372549,TRUE,NA,NA
"CD16_Mono","IRF8","ridge",760,88,NA,0.854476118223445,0.78979329419028,"cv_r2",0.00245300339618654,0.0196078431372549,TRUE,NA,NA
"CD16_Mono","IRF8","spearman",760,88,NA,0.65416444294913,0.523079359708919,"cv_r2",0.00494491613679476,0.0196078431372549,TRUE,NA,NA
"CD16_Mono","BDP1","rf",760,88,0.778168137420436,0.772297742360617,-0.197911359881672,"oob_r2",-0.0326789474716675,0.0196078431372549,TRUE,0.874939241308866,1
"CD16_Mono","BDP1","lm",760,88,NA,0.741279004408809,0.00102195187558551,"cv_r2",-0.13520287174679,0.0196078431372549,TRUE,NA,NA
"CD16_Mono","BDP1","ridge",760,88,NA,0.75521128156373,0.0583227103636468,"cv_r2",-7.53213600685096e-05,0.0196078431372549,TRUE,NA,NA
"CD16_Mono","BDP1","spearman",760,88,NA,0.227342758114888,-0.644659993932314,"cv_r2",0.00165530759126963,0.0196078431372549,TRUE,NA,NA
"CD16_Mono","CREB5","rf",760,88,0.818781191397942,0.819147026838358,0.593280736780157,"oob_r2",-0.0322455930491056,0.0196078431372549,TRUE,0.839582575072695,0.733333333333333
"CD16_Mono","CREB5","lm",760,88,NA,0.830123976527489,0.655307440840172,"cv_r2",-0.130918085857355,0.0196078431372549,TRUE,NA,NA
"CD16_Mono","CREB5","ridge",760,88,NA,0.83193530226348,0.626919917367891,"cv_r2",0.000580725381279771,0.0196078431372549,TRUE,NA,NA
"CD16_Mono","CREB5","spearman",760,88,NA,0.580842714101311,0.535813208956716,"cv_r2",-0.000743091501823468,0.0196078431372549,TRUE,NA,NA
"CD16_Mono","CEBPD","rf",760,88,0.732149949101625,0.73768751892114,-0.329690152887742,"oob_r2",-0.0334823114112693,0.0196078431372549,TRUE,0.897866694844611,0.755555555555556
"CD16_Mono","CEBPD","lm",760,88,NA,0.672326028239555,-0.0786202059437839,"cv_r2",-0.136482312093624,0.0196078431372549,TRUE,NA,NA
"CD16_Mono","CEBPD","ridge",760,88,NA,0.679830777694476,-0.107750666051913,"cv_r2",-0.000367723550479882,0.0196078431372549,TRUE,NA,NA
"CD16_Mono","CEBPD","spearman",760,88,NA,0.192493936173255,-0.907791698860813,"cv_r2",-0.00471470111712063,0.0196078431372549,TRUE,NA,NA
"CD16_Mono","HIVEP1","rf",760,88,0.846378410542629,0.843431320234546,0.562672242324687,"oob_r2",-0.0503566017111477,0.0196078431372549,TRUE,0.858172190717716,0.933333333333333
"CD16_Mono","HIVEP1","lm",760,88,NA,0.826689387998862,0.459758708828846,"cv_r2",-0.122332963111357,0.0196078431372549,TRUE,NA,NA
"CD16_Mono","HIVEP1","ridge",760,88,NA,0.829128405428439,0.464446242235546,"cv_r2",0.00719547963037103,0.0196078431372549,TRUE,NA,NA
"CD16_Mono","HIVEP1","spearman",760,88,NA,0.398168963744857,0.236301551073358,"cv_r2",0.00707688715004035,0.0196078431372549,TRUE,NA,NA
"CD16_Mono","ETV7","rf",760,88,0.826367596345827,0.835573815824505,0.47775948830214,"oob_r2",-0.0310637376766233,0.0196078431372549,TRUE,0.847832059455461,0.8
"CD16_Mono","ETV7","lm",760,88,NA,0.834574230975675,0.598973895943813,"cv_r2",-0.121983110057137,0.0196078431372549,TRUE,NA,NA
"CD16_Mono","ETV7","ridge",760,88,NA,0.834921052309044,0.561417247093803,"cv_r2",0.00121890405881217,0.0196078431372549,TRUE,NA,NA
"CD16_Mono","ETV7","spearman",760,88,NA,0.549105526504335,0.424288262657354,"cv_r2",0.00677332449294825,0.0196078431372549,TRUE,NA,NA
"CD16_Mono","POU4F1","rf",760,88,0.78645623857572,0.78432240799886,-0.16602745328087,"oob_r2",-0.0368682286787366,0.0196078431372549,TRUE,0.858089613688219,1
"CD16_Mono","POU4F1","lm",760,88,NA,0.76882675859346,0.193368332266461,"cv_r2",-0.128066179505415,0.0196078431372549,TRUE,NA,NA
"CD16_Mono","POU4F1","ridge",760,88,NA,0.77115114049431,0.13925245957124,"cv_r2",-7.7733773874508e-05,0.0196078431372549,TRUE,NA,NA
"CD16_Mono","POU4F1","spearman",760,88,NA,0.315808578323757,-0.409106208300131,"cv_r2",0.00533065300318206,0.0196078431372549,TRUE,NA,NA
"CD16_Mono","ID1","rf",760,88,0.766136965063596,0.770577804323559,0.355384482268177,"oob_r2",-0.0299646444992176,0.0196078431372549,TRUE,0.851216543583843,1
"CD16_Mono","ID1","lm",760,88,NA,0.766487774497681,0.576451194549949,"cv_r2",-0.111077810691348,0.0196078431372549,TRUE,NA,NA
"CD16_Mono","ID1","ridge",760,88,NA,0.772966606119213,0.618583556627117,"cv_r2",0.000506877420208043,0.0196078431372549,TRUE,NA,NA
"CD16_Mono","ID1","spearman",760,88,NA,0.348844731500113,0.088878107000457,"cv_r2",0.00255234635921917,0.0196078431372549,TRUE,NA,NA
"CD16_Mono","HOXB2","rf",760,88,0.738695276951672,0.736136161841042,-0.146642480944139,"oob_r2",-0.0439694936597731,0.0196078431372549,TRUE,0.898778173051711,0.82962962962963
"CD16_Mono","HOXB2","lm",760,88,NA,0.681486193467091,-0.0719182729620262,"cv_r2",-0.135672643456088,0.0196078431372549,TRUE,NA,NA
"CD16_Mono","HOXB2","ridge",760,88,NA,0.703872122166048,-0.00271460907270704,"cv_r2",0.00044644111609296,0.0196078431372549,TRUE,NA,NA
"CD16_Mono","HOXB2","spearman",760,88,NA,0.22953843517025,-0.469602834597152,"cv_r2",0.00188360730491919,0.0196078431372549,TRUE,NA,NA
"CD16_Mono","SPI1","rf",760,88,0.795957875496302,0.791648024342572,0.423456334556891,"oob_r2",-0.0385581415668133,0.0196078431372549,TRUE,0.862262688880279,0.822222222222222
"CD16_Mono","SPI1","lm",760,88,NA,0.774120088002337,0.590580157876645,"cv_r2",-0.127216686590773,0.0196078431372549,TRUE,NA,NA
"CD16_Mono","SPI1","ridge",760,88,NA,0.779430218496288,0.634710205325342,"cv_r2",-0.00115248850923501,0.0196078431372549,TRUE,NA,NA
"CD16_Mono","SPI1","spearman",760,88,NA,0.418479013344581,0.200323322583885,"cv_r2",0.00143968010920406,0.0196078431372549,TRUE,NA,NA
"CD16_Mono","BCLAF1","rf",760,88,0.813495048113758,0.802202131313122,-0.279104685742684,"oob_r2",-0.0412252815842405,0.0196078431372549,TRUE,0.870009275239806,0.881481481481482
"CD16_Mono","BCLAF1","lm",760,88,NA,0.790295919640698,0.0329785181746655,"cv_r2",-0.128800980649905,0.0196078431372549,TRUE,NA,NA
"CD16_Mono","BCLAF1","ridge",760,88,NA,0.798842273266576,0.0472720536443021,"cv_r2",0.00028328997489565,0.0196078431372549,TRUE,NA,NA
"CD16_Mono","BCLAF1","spearman",760,88,NA,0.341350220814116,-0.532323456235551,"cv_r2",0.00218829879113356,0.0196078431372549,TRUE,NA,NA
"CD16_Mono","STAT1","rf",760,88,0.835862134905474,0.833423271005792,-0.386129792805177,"oob_r2",-0.0780196974164492,0.0196078431372549,TRUE,0.828314919829837,1
"CD16_Mono","STAT1","lm",760,88,NA,0.786678707972134,-0.204725656548808,"cv_r2",-0.125607362581138,0.0196078431372549,TRUE,NA,NA
"CD16_Mono","STAT1","ridge",760,88,NA,0.792437926775266,-0.0901759336243979,"cv_r2",-8.48159565101619e-05,0.0196078431372549,TRUE,NA,NA
"CD16_Mono","STAT1","spearman",760,88,NA,0.340385888052393,-0.859883129319836,"cv_r2",0.0012678588897979,0.0196078431372549,TRUE,NA,NA
"CD16_Mono","TCF7L2","rf",760,88,0.765901291756194,0.771386839714864,0.116459214261713,"oob_r2",-0.0468772279315363,0.0196078431372549,TRUE,0.843427298948415,0.785185185185185
"CD16_Mono","TCF7L2","lm",760,88,NA,0.746587698387914,0.348469957926558,"cv_r2",-0.128265601331254,0.0196078431372549,TRUE,NA,NA
"CD16_Mono","TCF7L2","ridge",760,88,NA,0.760655003257324,0.406173971338369,"cv_r2",1.92437327973152e-05,0.0196078431372549,TRUE,NA,NA
"CD16_Mono","TCF7L2","spearman",760,88,NA,0.368258293395636,-0.1450714291424,"cv_r2",0.00365684996141239,0.0196078431372549,TRUE,NA,NA
"CD16_Mono","BRCA1","rf",760,88,0.752427690718285,0.761666362919691,0.570449395503185,"oob_r2",-0.0498143017681741,0.0196078431372549,TRUE,0.836007498463911,0.874074074074074
"CD16_Mono","BRCA1","lm",760,88,NA,0.726045307537146,0.498630775219364,"cv_r2",-0.120200862036678,0.0196078431372549,TRUE,NA,NA
"CD16_Mono","BRCA1","ridge",760,88,NA,0.736741451406565,0.543056614171048,"cv_r2",0.00392018006454386,0.0196078431372549,TRUE,NA,NA
"CD16_Mono","BRCA1","spearman",760,88,NA,0.488696220970171,0.429104396756102,"cv_r2",0.00326182195052238,0.0196078431372549,TRUE,NA,NA
"CD16_Mono","CEBPB","rf",760,88,0.775713583171495,0.783362620810484,-0.0233676787914296,"oob_r2",-0.0417428732440496,0.0196078431372549,TRUE,0.858294295140479,0.729100529100529
"CD16_Mono","CEBPB","lm",760,88,NA,0.775457714945657,0.35307712061069,"cv_r2",-0.10632470051003,0.0196078431372549,TRUE,NA,NA
"CD16_Mono","CEBPB","ridge",760,88,NA,0.778993194220751,0.318385559023194,"cv_r2",0.00291691729134946,0.0196078431372549,TRUE,NA,NA
"CD16_Mono","CEBPB","spearman",760,88,NA,0.196478598983508,-0.708735498244536,"cv_r2",-0.00157607325569374,0.0196078431372549,TRUE,NA,NA
"CD16_Mono","RORA","rf",760,88,0.747440702983116,0.746184813484045,-0.0682936264632523,"oob_r2",-0.0386765862494887,0.0196078431372549,TRUE,0.876516814796552,0.586243386243386
"CD16_Mono","RORA","lm",760,88,NA,0.682408263396436,0.0840595776009104,"cv_r2",-0.129216898709024,0.0196078431372549,TRUE,NA,NA
"CD16_Mono","RORA","ridge",760,88,NA,0.695542645452231,0.075657836321774,"cv_r2",0.000241497406555174,0.0196078431372549,TRUE,NA,NA
"CD16_Mono","RORA","spearman",760,88,NA,0.29810631748174,-0.244759916881011,"cv_r2",-0.000410233922399906,0.0196078431372549,TRUE,NA,NA
"CD16_Mono","ZBTB14","rf",760,88,0.771672466216655,0.766757478210744,0.339813970707779,"oob_r2",-0.0561654963951995,0.0196078431372549,TRUE,0.825334319561363,0.740740740740741
"CD16_Mono","ZBTB14","lm",760,88,NA,0.7248881996448,0.310884499639803,"cv_r2",-0.134386097806993,0.0196078431372549,TRUE,NA,NA
"CD16_Mono","ZBTB14","ridge",760,88,NA,0.720811326456441,0.238918662169565,"cv_r2",0.00302882258555806,0.0196078431372549,TRUE,NA,NA
"CD16_Mono","ZBTB14","spearman",760,88,NA,0.386042161464004,0.297220500078572,"cv_r2",0.00358857890286371,0.0196078431372549,TRUE,NA,NA
"CD16_Mono","EGR2","rf",760,88,0.818755177253007,0.818943288076702,-0.481158112396406,"oob_r2",-0.0777392508264186,0.0196078431372549,TRUE,0.815324496417096,0.740740740740741
"CD16_Mono","EGR2","lm",760,88,NA,0.748439052075783,-0.493148276988768,"cv_r2",-0.133158240240746,0.0196078431372549,TRUE,NA,NA
"CD16_Mono","EGR2","ridge",760,88,NA,0.746965599225347,-0.50463386107568,"cv_r2",1.11744140369899e-05,0.0196078431372549,TRUE,NA,NA
"CD16_Mono","EGR2","spearman",760,88,NA,0.0794050427655494,-0.688527097954239,"cv_r2",0.00242693991628223,0.0196078431372549,TRUE,NA,NA
"CD16_Mono","IRF9","rf",760,88,0.817742241244631,0.807706653032022,-0.449197223956773,"oob_r2",-0.0452130232391145,0.0196078431372549,TRUE,0.867188349985716,0.77037037037037
"CD16_Mono","IRF9","lm",760,88,NA,0.809609578690671,-0.0689015786625016,"cv_r2",-0.126975764806506,0.0196078431372549,TRUE,NA,NA
"CD16_Mono","IRF9","ridge",760,88,NA,0.818973981504506,0.105760466454311,"cv_r2",0.0002169929965572,0.0196078431372549,TRUE,NA,NA
"CD16_Mono","IRF9","spearman",760,88,NA,0.41175973970816,-0.81007593207948,"cv_r2",0.000119676009956432,0.0196078431372549,TRUE,NA,NA
"CD16_Mono","FOXC1","rf",760,88,0.718805590766005,0.712962395826551,-0.134150951532996,"oob_r2",-0.0528026113734624,0.0196078431372549,TRUE,0.815798433775962,0.755555555555556
"CD16_Mono","FOXC1","lm",760,88,NA,0.689527904183022,0.0601924129941338,"cv_r2",-0.132740717032157,0.0196078431372549,TRUE,NA,NA
"CD16_Mono","FOXC1","ridge",760,88,NA,0.702056355298477,0.199947212127836,"cv_r2",-0.000390335988923638,0.0196078431372549,TRUE,NA,NA
"CD16_Mono","FOXC1","spearman",760,88,NA,0.357812902728317,-0.221058165151616,"cv_r2",0.00893950298265616,0.0196078431372549,TRUE,NA,NA
"CD16_Mono","FOXP1","rf",760,88,0.716390979209361,0.719799191206962,-0.376554278114645,"oob_r2",-0.0489611367982682,0.0196078431372549,TRUE,0.861005639502346,0.933333333333333
"CD16_Mono","FOXP1","lm",760,88,NA,0.682228863659672,-0.152394061305231,"cv_r2",-0.134871092666815,0.0196078431372549,TRUE,NA,NA
"CD16_Mono","FOXP1","ridge",760,88,NA,0.684520196759855,-0.207026351995025,"cv_r2",-0.00134912323969082,0.0196078431372549,TRUE,NA,NA
"CD16_Mono","FOXP1","spearman",760,88,NA,0.131554968565154,-0.589515431333359,"cv_r2",0.00370452639733134,0.0196078431372549,TRUE,NA,NA
"CD16_Mono","ESR1","rf",760,88,0.809117470696341,0.810844364558415,-0.207313644475458,"oob_r2",-0.0544488166029068,0.0196078431372549,TRUE,0.850760608800129,0.785185185185185
"CD16_Mono","ESR1","lm",760,88,NA,0.763287115352994,-0.0736804730719993,"cv_r2",-0.134428620611765,0.0196078431372549,TRUE,NA,NA
"CD16_Mono","ESR1","ridge",760,88,NA,0.775279577732954,0.0496301841235407,"cv_r2",-0.000764040407108681,0.0196078431372549,TRUE,NA,NA
"CD16_Mono","ESR1","spearman",760,88,NA,0.41843780659416,0.223892385331015,"cv_r2",0.000794639243895579,0.0196078431372549,TRUE,NA,NA
"CD16_Mono","AHR","rf",760,88,0.736932854829931,0.730391162165169,-0.477123347979464,"oob_r2",-0.0335103560796546,0.0196078431372549,TRUE,0.885761137136573,0.874074074074074
"CD16_Mono","AHR","lm",760,88,NA,0.717108290081088,0.0759296916497785,"cv_r2",-0.105184368999698,0.0196078431372549,TRUE,NA,NA
"CD16_Mono","AHR","ridge",760,88,NA,0.724535810516735,0.0886554089036294,"cv_r2",0.00169535591598535,0.0196078431372549,TRUE,NA,NA
"CD16_Mono","AHR","spearman",760,88,NA,0.315163575572523,-0.738277341985109,"cv_r2",-0.000182840616460531,0.0196078431372549,TRUE,NA,NA
"CD16_Mono","KLF10","rf",760,88,0.809101223739467,0.81021189979984,-0.437665476589755,"oob_r2",-0.0598473971715257,0.0196078431372549,TRUE,0.843356462728799,1
"CD16_Mono","KLF10","lm",760,88,NA,0.767927686700832,-0.12381252725882,"cv_r2",-0.13851088345842,0.0196078431372549,TRUE,NA,NA
"CD16_Mono","KLF10","ridge",760,88,NA,0.77558810793724,-0.172246575141704,"cv_r2",-0.00118332723790026,0.0196078431372549,TRUE,NA,NA
"CD16_Mono","KLF10","spearman",760,88,NA,0.226278850540061,-0.522144241298354,"cv_r2",0.00492856104519222,0.0196078431372549,TRUE,NA,NA
"CD16_Mono","ZBTB7C","rf",760,88,0.838591343921231,0.832641891689965,-0.371523971087988,"oob_r2",-0.0702679890417171,0.0196078431372549,TRUE,0.795227752143676,1
"CD16_Mono","ZBTB7C","lm",760,88,NA,0.768158337910054,-0.300070325840871,"cv_r2",-0.125025532959921,0.0196078431372549,TRUE,NA,NA
"CD16_Mono","ZBTB7C","ridge",760,88,NA,0.774027287160527,-0.273414281743043,"cv_r2",-0.000241279866728279,0.0196078431372549,TRUE,NA,NA
"CD16_Mono","ZBTB7C","spearman",760,88,NA,0.269268627283623,-0.922503353044235,"cv_r2",0.00124044990757974,0.0196078431372549,TRUE,NA,NA
"CD16_Mono","FOXP3","rf",760,88,0.547345609923082,0.561819308927125,0.0588200167432713,"oob_r2",-0.0779587388948516,0.0196078431372549,TRUE,0.752130761313249,0.82962962962963
"CD16_Mono","FOXP3","lm",760,88,NA,0.50997009522906,-0.138998481616616,"cv_r2",-0.119903311019206,0.0196078431372549,TRUE,NA,NA
"CD16_Mono","FOXP3","ridge",760,88,NA,0.522055079075344,0.106703234495914,"cv_r2",0.000447146078130289,0.0196078431372549,TRUE,NA,NA
"CD16_Mono","FOXP3","spearman",760,88,NA,0.111255819186107,0.0549091454624703,"cv_r2",0.00483818164744912,0.0196078431372549,TRUE,NA,NA
"CD16_Mono","NFATC2","rf",760,88,0.450444276307852,0.479070799544037,0.0446304236676685,"oob_r2",-0.097281698429625,0.0196078431372549,TRUE,0.777901839002188,0.740740740740741
"CD16_Mono","NFATC2","lm",760,88,NA,0.443521121275016,-0.152572036672059,"cv_r2",-0.115124942196099,0.0196078431372549,TRUE,NA,NA
"CD16_Mono","NFATC2","ridge",760,88,NA,0.459848650687821,0.0706902090272866,"cv_r2",0.00114364643373793,0.0196078431372549,TRUE,NA,NA
"CD16_Mono","NFATC2","spearman",760,88,NA,0.0816353575216211,-0.067194453199219,"cv_r2",0.00181300868875492,0.0196078431372549,TRUE,NA,NA
"CD16_Mono","STAT2","rf",760,88,0.841473675146968,0.837703541418493,-0.410735841052932,"oob_r2",-0.0903124523925599,0.0196078431372549,TRUE,0.787343798308541,1
"CD16_Mono","STAT2","lm",760,88,NA,0.797164306462441,-0.195204265805676,"cv_r2",-0.122941436878215,0.0196078431372549,TRUE,NA,NA
"CD16_Mono","STAT2","ridge",760,88,NA,0.801355507706733,-0.171633508178829,"cv_r2",-0.000627520729774492,0.0196078431372549,TRUE,NA,NA
"CD16_Mono","STAT2","spearman",760,88,NA,0.288268041891199,-0.91320060046191,"cv_r2",-0.000753760007790273,0.0196078431372549,TRUE,NA,NA
"CD16_Mono","RARG","rf",760,88,0.77895467020005,0.778039991937373,-0.234921961763992,"oob_r2",-0.0648627947915869,0.0196078431372549,TRUE,0.849161901854657,1
"CD16_Mono","RARG","lm",760,88,NA,0.741753877739689,0.0542586347051509,"cv_r2",-0.143124513347048,0.0196078431372549,TRUE,NA,NA
"CD16_Mono","RARG","ridge",760,88,NA,0.75830279815186,0.162340281883979,"cv_r2",-0.000351069952711192,0.0196078431372549,TRUE,NA,NA
"CD16_Mono","RARG","spearman",760,88,NA,0.363212774915562,-0.832664990622783,"cv_r2",0.00143729355594221,0.0196078431372549,TRUE,NA,NA
"CD16_Mono","XBP1","rf",760,88,0.554640811612907,0.559635780731889,-0.13346311880559,"oob_r2",-0.0640084390565354,0.0196078431372549,TRUE,0.819218923054646,0.881481481481481
"CD16_Mono","XBP1","lm",760,88,NA,0.5074107126298,-0.151360397213328,"cv_r2",-0.125166448807587,0.0196078431372549,TRUE,NA,NA
"CD16_Mono","XBP1","ridge",760,88,NA,0.530806423051684,0.00988896617483237,"cv_r2",-0.000566350553745876,0.0196078431372549,TRUE,NA,NA
"CD16_Mono","XBP1","spearman",760,88,NA,0.130324159099323,0.076950706679948,"cv_r2",0.00654158727295044,0.0196078431372549,TRUE,NA,NA
"CD16_Mono","REL","rf",760,88,0.75249752036041,0.760782331453133,-0.377531752275785,"oob_r2",-0.0540164666260624,0.0196078431372549,TRUE,0.865547376124672,0.933333333333333
"CD16_Mono","REL","lm",760,88,NA,0.714616169727117,-0.187486140994426,"cv_r2",-0.128010195899344,0.0196078431372549,TRUE,NA,NA
"CD16_Mono","REL","ridge",760,88,NA,0.73254179442147,0.0957868182234953,"cv_r2",-0.000265993059103201,0.0196078431372549,TRUE,NA,NA
"CD16_Mono","REL","spearman",760,88,NA,0.313308003719031,-0.518450423350995,"cv_r2",-0.0025098343024835,0.0196078431372549,TRUE,NA,NA
"CD16_Mono","POU2F2","rf",760,88,0.789578531609074,0.785103817660533,0.199318901973594,"oob_r2",-0.0456012827959488,0.0196078431372549,TRUE,0.85963313882725,0.822222222222222
"CD16_Mono","POU2F2","lm",760,88,NA,0.787661457000668,0.571906490494304,"cv_r2",-0.109621340897432,0.0196078431372549,TRUE,NA,NA
"CD16_Mono","POU2F2","ridge",760,88,NA,0.79119037752057,0.574517164933412,"cv_r2",0.00274038867909602,0.0196078431372549,TRUE,NA,NA
"CD16_Mono","POU2F2","spearman",760,88,NA,0.444619312200455,0.243339212302096,"cv_r2",0.00310969598680595,0.0196078431372549,TRUE,NA,NA
"CD16_Mono","IRF1","rf",760,88,0.89823560482971,0.892874053273656,-0.248593436470699,"oob_r2",-0.0781037572315492,0.0196078431372549,TRUE,0.796779495849624,0.933333333333333
"CD16_Mono","IRF1","lm",760,88,NA,0.864256920498018,0.0681136434920535,"cv_r2",-0.122842135095096,0.0196078431372549,TRUE,NA,NA
"CD16_Mono","IRF1","ridge",760,88,NA,0.869459544688821,0.171159035409754,"cv_r2",-0.00087990062960014,0.0196078431372549,TRUE,NA,NA
"CD16_Mono","IRF1","spearman",760,88,NA,0.476937471241774,-0.150381386427206,"cv_r2",0.000629734210431308,0.0196078431372549,TRUE,NA,NA
"CD16_Mono","ETS2","rf",760,88,0.869416244691138,0.863644386153075,-0.116260065896504,"oob_r2",-0.077149683988201,0.0196078431372549,TRUE,0.811924749235869,0.8
"CD16_Mono","ETS2","lm",760,88,NA,0.827947827131731,0.0997327450799145,"cv_r2",-0.122779027132378,0.0196078431372549,TRUE,NA,NA
"CD16_Mono","ETS2","ridge",760,88,NA,0.832027765770705,0.0773926913968737,"cv_r2",0.000337795990079125,0.0196078431372549,TRUE,NA,NA
"CD16_Mono","ETS2","spearman",760,88,NA,0.327873552763818,-0.359209422688932,"cv_r2",0.000170746447191354,0.0196078431372549,TRUE,NA,NA
"CD16_Mono","TFEC","rf",760,88,0.853176421418129,0.850908301785174,0.313189076239038,"oob_r2",-0.0702494525646038,0.0196078431372549,TRUE,0.804358579988181,0.740740740740741
"CD16_Mono","TFEC","lm",760,88,NA,0.825785068344338,0.37525553613956,"cv_r2",-0.128146608370298,0.0196078431372549,TRUE,NA,NA
"CD16_Mono","TFEC","ridge",760,88,NA,0.830771350307737,0.40267593762155,"cv_r2",-0.000117818725187382,0.0196078431372549,TRUE,NA,NA
"CD16_Mono","TFEC","spearman",760,88,NA,0.542030280620494,0.182678587319341,"cv_r2",0.00238470915461182,0.0196078431372549,TRUE,NA,NA
"CD16_Mono","ITGB2","rf",760,88,0.615274957679589,0.601754540509526,-0.164714249917064,"oob_r2",-0.0366873325721998,0.0196078431372549,TRUE,0.880575221412107,0.785185185185185
"CD16_Mono","ITGB2","lm",760,88,NA,0.563453334368426,-0.0926512066977201,"cv_r2",-0.117365563109136,0.0196078431372549,TRUE,NA,NA
"CD16_Mono","ITGB2","ridge",760,88,NA,0.585923164745509,-0.0194982641665959,"cv_r2",0.00327016795674304,0.0196078431372549,TRUE,NA,NA
"CD16_Mono","ITGB2","spearman",760,88,NA,0.183602681227434,-0.302676529302557,"cv_r2",0.0069836168018126,0.0196078431372549,TRUE,NA,NA
"CD16_Mono","POU2F1","rf",760,88,0.828876280285797,0.812779386451961,0.0538649093609934,"oob_r2",-0.0713448332800974,0.0196078431372549,TRUE,0.848652350705819,0.933333333333333
"CD16_Mono","POU2F1","lm",760,88,NA,0.769334177700047,-0.142914804529306,"cv_r2",-0.147785754296478,0.0196078431372549,TRUE,NA,NA
"CD16_Mono","POU2F1","ridge",760,88,NA,0.781856020882047,0.0226105740025153,"cv_r2",0.000685707200288147,0.0196078431372549,TRUE,NA,NA
"CD16_Mono","POU2F1","spearman",760,88,NA,0.321879907990279,-1.0390356488393,"cv_r2",-0.001253323130712,0.0196078431372549,TRUE,NA,NA
"CD16_Mono","JUN","rf",760,88,0.894341028743676,0.885492763862089,-0.0472828919609238,"oob_r2",-0.0796293671280054,0.0196078431372549,TRUE,0.851196584207045,0.77037037037037
"CD16_Mono","JUN","lm",760,88,NA,0.851637233621258,0.126421597970081,"cv_r2",-0.12683592892253,0.0196078431372549,TRUE,NA,NA
"CD16_Mono","JUN","ridge",760,88,NA,0.857214568971001,0.229908517212606,"cv_r2",0.000166848296768964,0.0196078431372549,TRUE,NA,NA
"CD16_Mono","JUN","spearman",760,88,NA,0.542910632000969,0.0918799831064586,"cv_r2",0.000239902226590753,0.0196078431372549,TRUE,NA,NA
"CD16_Mono","CUX1","rf",760,88,0.702553985799863,0.692949764109841,-0.0265137626138665,"oob_r2",-0.0346200887255941,0.0196078431372549,TRUE,0.904988278758136,0.695238095238095
"CD16_Mono","CUX1","lm",760,88,NA,0.655899694444378,0.276784402392381,"cv_r2",-0.133867242181144,0.0196078431372549,TRUE,NA,NA
"CD16_Mono","CUX1","ridge",760,88,NA,0.661959132838111,0.153355507848885,"cv_r2",-0.00097559794179224,0.0196078431372549,TRUE,NA,NA
"CD16_Mono","CUX1","spearman",760,88,NA,0.163240074362479,-0.749221267694371,"cv_r2",0.00150647237842219,0.0196078431372549,TRUE,NA,NA
"CD16_Mono","PLAG1","rf",760,88,0.760135371678468,0.763344758350277,-0.632670728860135,"oob_r2",-0.0406574427780519,0.0196078431372549,TRUE,0.873946360153257,0.82962962962963
"CD16_Mono","PLAG1","lm",760,88,NA,0.690612867739241,-0.344453203410024,"cv_r2",-0.141743603888512,0.0196078431372549,TRUE,NA,NA
"CD16_Mono","PLAG1","ridge",760,88,NA,0.718526719720735,-0.234149196344242,"cv_r2",-0.000958368565348133,0.0196078431372549,TRUE,NA,NA
"CD16_Mono","PLAG1","spearman",760,88,NA,0.32262545857159,-1.05486637311116,"cv_r2",0.00185218280419876,0.0196078431372549,TRUE,NA,NA
"CD16_Mono","JUND","rf",760,88,0.889521382097045,0.882582262992467,-0.07026226985047,"oob_r2",-0.0700145690247955,0.0196078431372549,TRUE,0.805861795013287,0.704761904761905
"CD16_Mono","JUND","lm",760,88,NA,0.855216199518117,0.067820717901347,"cv_r2",-0.122832099963725,0.0196078431372549,TRUE,NA,NA
"CD16_Mono","JUND","ridge",760,88,NA,0.86107660072216,0.143210170455143,"cv_r2",0.00245209057227704,0.0196078431372549,TRUE,NA,NA
"CD16_Mono","JUND","spearman",760,88,NA,0.370930790170606,-0.204351193332397,"cv_r2",0.000101536472763763,0.0196078431372549,TRUE,NA,NA
"CD16_Mono","FOSL2","rf",760,88,0.868581249203577,0.870559831872305,0.111298773559392,"oob_r2",-0.0568056768207694,0.0196078431372549,TRUE,0.856596574031677,0.874074074074074
"CD16_Mono","FOSL2","lm",760,88,NA,0.844556376860037,0.294368814587975,"cv_r2",-0.128242173430096,0.0196078431372549,TRUE,NA,NA
"CD16_Mono","FOSL2","ridge",760,88,NA,0.852707425988232,0.402328584364945,"cv_r2",0.00031570005105334,0.0196078431372549,TRUE,NA,NA
"CD16_Mono","FOSL2","spearman",760,88,NA,0.577954952296641,0.0829354779714554,"cv_r2",0.00283039698355659,0.0196078431372549,TRUE,NA,NA
"CD16_Mono","NR1D1","rf",760,88,0.67690437179375,0.668411149575892,0.136398339629969,"oob_r2",-0.0375313609829394,0.0196078431372549,TRUE,0.870035887742203,0.744973544973545
"CD16_Mono","NR1D1","lm",760,88,NA,0.666305392753279,0.288845553887318,"cv_r2",-0.132928612784502,0.0196078431372549,TRUE,NA,NA
"CD16_Mono","NR1D1","ridge",760,88,NA,0.662830965408437,0.197232293381915,"cv_r2",-0.0013020530534154,0.0196078431372549,TRUE,NA,NA
"CD16_Mono","NR1D1","spearman",760,88,NA,0.217299916083835,-0.773933588340969,"cv_r2",0.00202995790628595,0.0196078431372549,TRUE,NA,NA
"CD16_Mono","ZFY","rf",760,88,0.747294004726086,0.749545981794075,-0.085650730945249,"oob_r2",-0.0582221311328345,0.0196078431372549,TRUE,0.90599016120132,0.819047619047619
"CD16_Mono","ZFY","lm",760,88,NA,0.718450256334591,0.133588527402613,"cv_r2",-0.132884848206967,0.0196078431372549,TRUE,NA,NA
"CD16_Mono","ZFY","ridge",760,88,NA,0.738898999752033,0.202065437745452,"cv_r2",0.000813935442847784,0.0196078431372549,TRUE,NA,NA
"CD16_Mono","ZFY","spearman",760,88,NA,0.322669872092893,-0.355089683175721,"cv_r2",0.00179350401919678,0.0196078431372549,TRUE,NA,NA
"CD16_Mono","FOSB","rf",760,88,0.829652141680009,0.827057798753395,-0.0118953165002214,"oob_r2",-0.0574096671967264,0.0196078431372549,TRUE,0.878281067161346,0.733333333333333
"CD16_Mono","FOSB","lm",760,88,NA,0.809211026822701,0.216014524544242,"cv_r2",-0.131387569185696,0.0196078431372549,TRUE,NA,NA
"CD16_Mono","FOSB","ridge",760,88,NA,0.82259620382894,0.355844970983723,"cv_r2",-0.000312174782591702,0.0196078431372549,TRUE,NA,NA
"CD16_Mono","FOSB","spearman",760,88,NA,0.590474947921609,-0.272989395995087,"cv_r2",0.00185318637782383,0.0196078431372549,TRUE,NA,NA
"CD16_Mono","NR4A1","rf",760,88,0.869903013711445,0.868380237036134,0.436999792695179,"oob_r2",-0.0411694322806659,0.0196078431372549,TRUE,0.861413045605219,0.73015873015873
"CD16_Mono","NR4A1","lm",760,88,NA,0.877394179447373,0.563885556561834,"cv_r2",-0.128136278803922,0.0196078431372549,TRUE,NA,NA
"CD16_Mono","NR4A1","ridge",760,88,NA,0.880215212618695,0.573165097776578,"cv_r2",0.00141546735034257,0.0196078431372549,TRUE,NA,NA
"CD16_Mono","NR4A1","spearman",760,88,NA,0.64588678992921,0.53709256656347,"cv_r2",0.00236150946689644,0.0196078431372549,TRUE,NA,NA
"CD16_Mono","ATF4","rf",760,88,0.771215411560459,0.759200021980471,0.160965421047689,"oob_r2",-0.0473315699862364,0.0196078431372549,TRUE,0.883104974581147,1
"CD16_Mono","ATF4","lm",760,88,NA,0.738588867232758,0.437950169576508,"cv_r2",-0.132355539813228,0.0196078431372549,TRUE,NA,NA
"CD16_Mono","ATF4","ridge",760,88,NA,0.757929419234597,0.453090092921068,"cv_r2",-0.000612441159941413,0.0196078431372549,TRUE,NA,NA
"CD16_Mono","ATF4","spearman",760,88,NA,0.520035157177075,0.112906300607051,"cv_r2",0.00290178390690012,0.0196078431372549,TRUE,NA,NA
"CD16_Mono","NFIL3","rf",760,88,0.725307767876871,0.724413326634381,0.263272810397658,"oob_r2",-0.0453235554229849,0.0196078431372549,TRUE,0.876539122335326,0.740740740740741
"CD16_Mono","NFIL3","lm",760,88,NA,0.706871142057178,0.408563739969375,"cv_r2",-0.140851393627067,0.0196078431372549,TRUE,NA,NA
"CD16_Mono","NFIL3","ridge",760,88,NA,0.721142790636153,0.415786629497895,"cv_r2",-0.00104562005373645,0.0196078431372549,TRUE,NA,NA
"CD16_Mono","NFIL3","spearman",760,88,NA,0.363109044363431,-0.0973530364277992,"cv_r2",-0.00078206595232057,0.0196078431372549,TRUE,NA,NA
"CD16_Mono","STAT3","rf",760,88,0.850298855792611,0.85282421103496,-0.0301825885575244,"oob_r2",-0.0520888447199669,0.0196078431372549,TRUE,0.866179814416932,0.933333333333333
"CD16_Mono","STAT3","lm",760,88,NA,0.823864891500266,0.15023929162302,"cv_r2",-0.12790066951231,0.0196078431372549,TRUE,NA,NA
"CD16_Mono","STAT3","ridge",760,88,NA,0.835136379571526,0.241514466124019,"cv_r2",-0.000497608242003145,0.0196078431372549,TRUE,NA,NA
"CD16_Mono","STAT3","spearman",760,88,NA,0.400397072212445,-0.359619772436464,"cv_r2",0.000389990915517042,0.0196078431372549,TRUE,NA,NA
"CD16_Mono","NFE2","rf",760,88,0.856106769890452,0.855222374899695,0.357579257968039,"oob_r2",-0.0364342240621134,0.0196078431372549,TRUE,0.866161029121122,0.77037037037037
"CD16_Mono","NFE2","lm",760,88,NA,0.840514306252372,0.582531587748768,"cv_r2",-0.13281101761178,0.0196078431372549,TRUE,NA,NA
"CD16_Mono","NFE2","ridge",760,88,NA,0.84755155023178,0.594766443908343,"cv_r2",0.00117552666616102,0.0196078431372549,TRUE,NA,NA
"CD16_Mono","NFE2","spearman",760,88,NA,0.447646232012314,0.083461077827398,"cv_r2",0.00534178741560112,0.0196078431372549,TRUE,NA,NA
"CD16_Mono","MXI1","rf",760,88,0.874930618360864,0.876887942750697,0.447442559941613,"oob_r2",-0.0517008765880591,0.0196078431372549,TRUE,0.873340534363394,0.716402116402116
"CD16_Mono","MXI1","lm",760,88,NA,0.851704904035824,0.582572540686232,"cv_r2",-0.124595199026098,0.0196078431372549,TRUE,NA,NA
"CD16_Mono","MXI1","ridge",760,88,NA,0.860114498886605,0.582024070877641,"cv_r2",-0.000930174333646273,0.0196078431372549,TRUE,NA,NA
"CD16_Mono","MXI1","spearman",760,88,NA,0.541534876173826,0.328300134318315,"cv_r2",0.00350709743551294,0.0196078431372549,TRUE,NA,NA
"CD16_Mono","HIF1A","rf",760,88,0.781725690423044,0.782252754680206,0.468010383787255,"oob_r2",-0.0403554023600337,0.0196078431372549,TRUE,0.838707102015897,0.874074074074074
"CD16_Mono","HIF1A","lm",760,88,NA,0.772860221682949,0.607700875863538,"cv_r2",-0.133325117379445,0.0196078431372549,TRUE,NA,NA
"CD16_Mono","HIF1A","ridge",760,88,NA,0.786538029469079,0.613530707419467,"cv_r2",-0.00135625940562585,0.0196078431372549,TRUE,NA,NA
"CD16_Mono","HIF1A","spearman",760,88,NA,0.493558707428165,0.11598277416104,"cv_r2",-0.00173216901019488,0.0196078431372549,TRUE,NA,NA
"CD16_Mono","NFKB2","rf",760,88,0.744282623637968,0.735214998535893,-0.00567416425683254,"oob_r2",-0.0369442004656295,0.0196078431372549,TRUE,0.879334609168007,0.933333333333333
"CD16_Mono","NFKB2","lm",760,88,NA,0.720875939996487,0.326542758662881,"cv_r2",-0.139655207300925,0.0196078431372549,TRUE,NA,NA
"CD16_Mono","NFKB2","ridge",760,88,NA,0.724614622401461,0.244076790162292,"cv_r2",-0.00106471535219902,0.0196078431372549,TRUE,NA,NA
"CD16_Mono","NFKB2","spearman",760,88,NA,0.276090011670436,-0.763526778754631,"cv_r2",-0.000506519923938734,0.0196078431372549,TRUE,NA,NA
"CD16_Mono","ATF3","rf",760,88,0.700208255517952,0.688470231026814,-0.102725491848447,"oob_r2",-0.0362977332024813,0.0196078431372549,TRUE,0.865783366403281,0.933333333333333
"CD16_Mono","ATF3","lm",760,88,NA,0.665018576592038,0.0672335209959938,"cv_r2",-0.145074465394172,0.0196078431372549,TRUE,NA,NA
"CD16_Mono","ATF3","ridge",760,88,NA,0.672869621786271,-0.024775600449269,"cv_r2",-0.000806440040352019,0.0196078431372549,TRUE,NA,NA
"CD16_Mono","ATF3","spearman",760,88,NA,0.12169790905271,-0.674107183657136,"cv_r2",0.00440275388711093,0.0196078431372549,TRUE,NA,NA
"CD16_Mono","HES4","rf",760,88,0.783614880186008,0.78793003960316,0.101743237111108,"oob_r2",-0.0343224627112069,0.0196078431372549,TRUE,0.880850347723653,0.881481481481481
"CD16_Mono","HES4","lm",760,88,NA,0.784436443512604,0.266688203815746,"cv_r2",-0.132525890480484,0.0196078431372549,TRUE,NA,NA
"CD16_Mono","HES4","ridge",760,88,NA,0.795768985319962,0.361540936761892,"cv_r2",1.44243846337595e-05,0.0196078431372549,TRUE,NA,NA
"CD16_Mono","HES4","spearman",760,88,NA,0.475561391906884,-0.251421932261102,"cv_r2",-0.00168795717460437,0.0196078431372549,TRUE,NA,NA
"pDC","KLF6","rf",734,65,0.888859003368377,0.881734266824783,-0.350244134749862,"oob_r2",-0.037953164613396,0.0196078431372549,TRUE,0.829848484848485,0.8
"pDC","KLF6","lm",734,65,NA,0.841382722958726,-0.0277740489420011,"cv_r2",-0.0986177823347644,0.0196078431372549,TRUE,NA,NA
"pDC","KLF6","ridge",734,65,NA,0.841298033933753,-0.147633089161904,"cv_r2",-0.000357935915880748,0.0196078431372549,TRUE,NA,NA
"pDC","KLF6","spearman",734,65,NA,0.343938462124914,-0.655688059550052,"cv_r2",0.00205483029809535,0.0196078431372549,TRUE,NA,NA
"pDC","NR4A1","rf",734,65,0.867304458383596,0.8664268834104,-0.0253129641837349,"oob_r2",-0.0309744879741637,0.0196078431372549,TRUE,0.874482323232323,0.844444444444444
"pDC","NR4A1","lm",734,65,NA,0.82014293546921,0.184076340692036,"cv_r2",-0.093274526264384,0.0196078431372549,TRUE,NA,NA
"pDC","NR4A1","ridge",734,65,NA,0.820204217634269,0.0571292353615686,"cv_r2",-0.000720156070684176,0.0196078431372549,TRUE,NA,NA
"pDC","NR4A1","spearman",734,65,NA,0.361854253161131,-0.527269567861623,"cv_r2",-0.00192191382713614,0.0196078431372549,TRUE,NA,NA
"pDC","KLF11","rf",734,65,0.875160895036652,0.87362259053178,-0.406105192352856,"oob_r2",-0.0367221251658276,0.0196078431372549,TRUE,0.857835081585082,1
"pDC","KLF11","lm",734,65,NA,0.81794048650293,-0.36350418210511,"cv_r2",-0.0929349862302792,0.0196078431372549,TRUE,NA,NA
"pDC","KLF11","ridge",734,65,NA,0.822082805394882,-0.378041739419451,"cv_r2",-0.000540610200181013,0.0196078431372549,TRUE,NA,NA
"pDC","KLF11","spearman",734,65,NA,0.390181342549299,-0.650157973040325,"cv_r2",-0.000572522855296666,0.0196078431372549,TRUE,NA,NA
"pDC","POU2F2","rf",734,65,0.86609212861913,0.86345423517239,-0.35046180238886,"oob_r2",-0.0325594704112198,0.0196078431372549,TRUE,0.857660256410256,0.933333333333333
"pDC","POU2F2","lm",734,65,NA,0.840824758623531,0.0376429438867866,"cv_r2",-0.100476699433899,0.0196078431372549,TRUE,NA,NA
"pDC","POU2F2","ridge",734,65,NA,0.837493244380777,-0.12430039733394,"cv_r2",-0.000610032484480583,0.0196078431372549,TRUE,NA,NA
"pDC","POU2F2","spearman",734,65,NA,0.440988599340622,-0.595288635940156,"cv_r2",0.00502011568143502,0.0196078431372549,TRUE,NA,NA
"pDC","JUND","rf",734,65,0.864967975765175,0.862662528721693,0.157908786636956,"oob_r2",-0.0298012675036821,0.0196078431372549,TRUE,0.888660644910645,0.785185185185185
"pDC","JUND","lm",734,65,NA,0.840194831078898,0.403138334284142,"cv_r2",-0.0894913057236512,0.0196078431372549,TRUE,NA,NA
"pDC","JUND","ridge",734,65,NA,0.843633494869524,0.347249709629235,"cv_r2",-0.000701050157732,0.0196078431372549,TRUE,NA,NA
"pDC","JUND","spearman",734,65,NA,0.580594050020667,0.247749868938567,"cv_r2",-0.00135331150452587,0.0196078431372549,TRUE,NA,NA
"pDC","POLR2A","rf",734,65,0.879873614056097,0.873662305064351,-0.401894924895357,"oob_r2",-0.0275640684337412,0.0196078431372549,TRUE,0.85650641025641,1
"pDC","POLR2A","lm",734,65,NA,0.831094728197296,0.00412975195831722,"cv_r2",-0.0972258546833809,0.0196078431372549,TRUE,NA,NA
"pDC","POLR2A","ridge",734,65,NA,0.832197088117232,-0.208708789082779,"cv_r2",-0.000568600523192865,0.0196078431372549,TRUE,NA,NA
"pDC","POLR2A","spearman",734,65,NA,0.447900584069312,-0.316783505456758,"cv_r2",0.000715827232215248,0.0196078431372549,TRUE,NA,NA
"pDC","KLF13","rf",734,65,0.89034430424845,0.892015382964177,0.296138235133764,"oob_r2",-0.0286357113222584,0.0196078431372549,TRUE,0.880574980574981,1
"pDC","KLF13","lm",734,65,NA,0.851931435109832,0.532665898080804,"cv_r2",-0.100384289143773,0.0196078431372549,TRUE,NA,NA
"pDC","KLF13","ridge",734,65,NA,0.851235632822483,0.400664407356237,"cv_r2",-0.000621165592530961,0.0196078431372549,TRUE,NA,NA
"pDC","KLF13","spearman",734,65,NA,0.388580971692064,-0.456181265862347,"cv_r2",-0.000822002757324816,0.0196078431372549,TRUE,NA,NA
"pDC","JUN","rf",734,65,0.805654357716392,0.803695016810229,-0.830388304213156,"oob_r2",-0.019576466982889,0.0196078431372549,TRUE,0.89704156954157,1
"pDC","JUN","lm",734,65,NA,0.73552228371936,-0.588874394592675,"cv_r2",-0.0924703001550942,0.0196078431372549,TRUE,NA,NA
"pDC","JUN","ridge",734,65,NA,0.741538880791197,-0.708170845762773,"cv_r2",-0.000865766517712275,0.0196078431372549,TRUE,NA,NA
"pDC","JUN","spearman",734,65,NA,0.308466357042834,-1.41564119566933,"cv_r2",0.00307796067241518,0.0196078431372549,TRUE,NA,NA
"pDC","IRF4","rf",734,65,0.825047042616009,0.818942115325238,-0.853734068500906,"oob_r2",-0.0348149055559844,0.0196078431372549,TRUE,0.87616452991453,1
"pDC","IRF4","lm",734,65,NA,0.741048406773599,-0.55302522996906,"cv_r2",-0.10069931112145,0.0196078431372549,TRUE,NA,NA
"pDC","IRF4","ridge",734,65,NA,0.750463932705547,-0.595121895604498,"cv_r2",-0.000399859732849752,0.0196078431372549,TRUE,NA,NA
"pDC","IRF4","spearman",734,65,NA,0.347880262704078,-1.19693587892746,"cv_r2",-0.00196123671333981,0.0196078431372549,TRUE,NA,NA
"pDC","NR4A3","rf",734,65,0.868799371612675,0.861115724360292,0.371387148564312,"oob_r2",-0.0408528356726114,0.0196078431372549,TRUE,0.867481546231546,0.933333333333333
"pDC","NR4A3","lm",734,65,NA,0.806131532212749,0.397749105634681,"cv_r2",-0.0888453447299734,0.0196078431372549,TRUE,NA,NA
"pDC","NR4A3","ridge",734,65,NA,0.808011819166709,0.35232594508152,"cv_r2",-0.000530114175042442,0.0196078431372549,TRUE,NA,NA
"pDC","NR4A3","spearman",734,65,NA,0.415056860834573,-0.441603427557814,"cv_r2",0.00399679718703531,0.0196078431372549,TRUE,NA,NA
"pDC","SRF","rf",734,65,0.854538366444188,0.849972956356218,-0.616676751734188,"oob_r2",-0.0248799700725844,0.0196078431372549,TRUE,0.893294483294483,1
"pDC","SRF","lm",734,65,NA,0.769516896272316,-0.517535225012802,"cv_r2",-0.0928569237004437,0.0196078431372549,TRUE,NA,NA
"pDC","SRF","ridge",734,65,NA,0.776278046327765,-0.579033675805895,"cv_r2",-0.000394713226348387,0.0196078431372549,TRUE,NA,NA
"pDC","SRF","spearman",734,65,NA,0.429402753894861,-1.23653814308107,"cv_r2",-0.00463454364575933,0.0196078431372549,TRUE,NA,NA
"pDC","KLF4","rf",734,65,0.84349106639959,0.84017688671468,-0.115706814019984,"oob_r2",-0.030905719522972,0.0196078431372549,TRUE,0.846485042735043,0.933333333333333
"pDC","KLF4","lm",734,65,NA,0.808933775052346,0.163030767868119,"cv_r2",-0.0946920178834851,0.0196078431372549,TRUE,NA,NA
"pDC","KLF4","ridge",734,65,NA,0.813222612926807,0.0895976123576727,"cv_r2",-0.000808395308736776,0.0196078431372549,TRUE,NA,NA
"pDC","KLF4","spearman",734,65,NA,0.51726281919272,-0.786133641027478,"cv_r2",0.00145198796206887,0.0196078431372549,TRUE,NA,NA
"pDC","INSM1","rf",734,65,0.848515443139225,0.845651377282732,-0.278361536963832,"oob_r2",-0.0396224009793685,0.0196078431372549,TRUE,0.873133255633256,1
"pDC","INSM1","lm",734,65,NA,0.812444678295849,0.0711470630435366,"cv_r2",-0.0907788611724484,0.0196078431372549,TRUE,NA,NA
"pDC","INSM1","ridge",734,65,NA,0.817362054661127,-0.098934481834521,"cv_r2",-0.000230855886046323,0.0196078431372549,TRUE,NA,NA
"pDC","INSM1","spearman",734,65,NA,0.396410417267071,-0.549241887700889,"cv_r2",-0.00136117445720585,0.0196078431372549,TRUE,NA,NA
"pDC","NR4A2","rf",734,65,0.829690646012861,0.823845116380815,-0.341625887017762,"oob_r2",-0.0293076279407746,0.0196078431372549,TRUE,0.888498445998446,1
"pDC","NR4A2","lm",734,65,NA,0.741065543346161,-0.249991849113667,"cv_r2",-0.0918571722924985,0.0196078431372549,TRUE,NA,NA
"pDC","NR4A2","ridge",734,65,NA,0.74854035340241,-0.298982865895872,"cv_r2",-0.000315325857530447,0.0196078431372549,TRUE,NA,NA
"pDC","NR4A2","spearman",734,65,NA,0.375107526054086,-0.313519143199362,"cv_r2",0.0013343326335051,0.0196078431372549,TRUE,NA,NA
"pDC","HES4","rf",734,65,0.782475700061277,0.782085677954252,-0.537298130465161,"oob_r2",-0.032975845041025,0.0196078431372549,TRUE,0.89416958041958,1
"pDC","HES4","lm",734,65,NA,0.699133099499784,-0.340138222746897,"cv_r2",-0.104610075069265,0.0196078431372549,TRUE,NA,NA
"pDC","HES4","ridge",734,65,NA,0.7112015344488,-0.357143551664465,"cv_r2",-0.00107254289396005,0.0196078431372549,TRUE,NA,NA
"pDC","HES4","spearman",734,65,NA,0.405127792986042,-0.953910874037962,"cv_r2",0.001153370178954,0.0196078431372549,TRUE,NA,NA
"pDC","CHD2","rf",734,65,0.840226958164386,0.832511731902841,0.00800549651674942,"oob_r2",-0.0373908130919403,0.0196078431372549,TRUE,0.871174242424242,0.774603174603175
"pDC","CHD2","lm",734,65,NA,0.78840519833812,0.175553452382109,"cv_r2",-0.0917866710718187,0.0196078431372549,TRUE,NA,NA
"pDC","CHD2","ridge",734,65,NA,0.792240216900622,0.163769503538442,"cv_r2",-0.000541934696816927,0.0196078431372549,TRUE,NA,NA
"pDC","CHD2","spearman",734,65,NA,0.518102743165709,0.162432874728972,"cv_r2",-0.00391487175078943,0.0196078431372549,TRUE,NA,NA
"pDC","FOSB","rf",734,65,0.796006333540913,0.801291542477078,-0.490380965507191,"oob_r2",-0.0344713681837049,0.0196078431372549,TRUE,0.880226301476301,0.712169312169312
"pDC","FOSB","lm",734,65,NA,0.750193503897328,-0.088776777863695,"cv_r2",-0.0915813244483935,0.0196078431372549,TRUE,NA,NA
"pDC","FOSB","ridge",734,65,NA,0.757287352999541,-0.203934549137581,"cv_r2",-0.000564915245696607,0.0196078431372549,TRUE,NA,NA
"pDC","FOSB","spearman",734,65,NA,0.452489147774389,-0.871716981790468,"cv_r2",0.0051099179245019,0.0196078431372549,TRUE,NA,NA
"pDC","IRF8","rf",734,65,0.872077496803354,0.869317903355169,0.400233354632681,"oob_r2",-0.0340710735643867,0.0196078431372549,TRUE,0.854598873348873,1
"pDC","IRF8","lm",734,65,NA,0.845748553586532,0.661153195501211,"cv_r2",-0.0893267328930633,0.0196078431372549,TRUE,NA,NA
"pDC","IRF8","ridge",734,65,NA,0.84730508292468,0.580732923368867,"cv_r2",-0.000781461001924189,0.0196078431372549,TRUE,NA,NA
"pDC","IRF8","spearman",734,65,NA,0.581815699461517,0.302835000117994,"cv_r2",-0.000726394853000058,0.0196078431372549,TRUE,NA,NA
"pDC","FOSL2","rf",734,65,0.774375005974872,0.770988109032846,-0.569245275056015,"oob_r2",-0.0241979320406891,0.0196078431372549,TRUE,0.865185508935509,1
"pDC","FOSL2","lm",734,65,NA,0.711197323920273,-0.386640736133494,"cv_r2",-0.0932520938694129,0.0196078431372549,TRUE,NA,NA
"pDC","FOSL2","ridge",734,65,NA,0.717012230451131,-0.49005344325318,"cv_r2",-0.000727966976613937,0.0196078431372549,TRUE,NA,NA
"pDC","FOSL2","spearman",734,65,NA,0.31857946153681,-1.12035010506812,"cv_r2",-0.00145102821047611,0.0196078431372549,TRUE,NA,NA
"pDC","ZBTB7A","rf",734,65,0.872108601492436,0.86822923065172,0.283164131120241,"oob_r2",-0.0519732541349837,0.0196078431372549,TRUE,0.853986013986014,0.77037037037037
"pDC","ZBTB7A","lm",734,65,NA,0.816411955733309,0.556575801796753,"cv_r2",-0.0797024600163155,0.0196078431372549,TRUE,NA,NA
"pDC","ZBTB7A","ridge",734,65,NA,0.817112652766664,0.501426145509618,"cv_r2",0.00087014964640486,0.0196078431372549,TRUE,NA,NA
"pDC","ZBTB7A","spearman",734,65,NA,0.495547013222848,0.0863054846847924,"cv_r2",-0.000543730413111275,0.0196078431372549,TRUE,NA,NA
"pDC","PLAG1","rf",734,65,0.779490760057341,0.765173488120799,-0.538308899665452,"oob_r2",-0.0428123177521765,0.0196078431372549,TRUE,0.873758741258741,1
"pDC","PLAG1","lm",734,65,NA,0.711165136411544,-0.35275158498067,"cv_r2",-0.0919374270525076,0.0196078431372549,TRUE,NA,NA
"pDC","PLAG1","ridge",734,65,NA,0.713006603210817,-0.429428605000014,"cv_r2",-0.000565746229956489,0.0196078431372549,TRUE,NA,NA
"pDC","PLAG1","spearman",734,65,NA,0.413888533780493,-0.435150628716291,"cv_r2",-0.000654779462852587,0.0196078431372549,TRUE,NA,NA
"pDC","ZFP3","rf",734,65,0.807989606299917,0.802663405032429,-0.561562401208703,"oob_r2",-0.0267775542619633,0.0196078431372549,TRUE,0.894105477855478,1
"pDC","ZFP3","lm",734,65,NA,0.730564741072145,-0.340213878336425,"cv_r2",-0.0943290354924581,0.0196078431372549,TRUE,NA,NA
"pDC","ZFP3","ridge",734,65,NA,0.739802141329052,-0.37698777432146,"cv_r2",-6.20027619442424e-05,0.0196078431372549,TRUE,NA,NA
"pDC","ZFP3","spearman",734,65,NA,0.383459465126733,-0.554814632916707,"cv_r2",0.00559225299205613,0.0196078431372549,TRUE,NA,NA
"pDC","MEF2C","rf",734,65,0.870989477174201,0.870281881913703,0.346101692196219,"oob_r2",-0.0403985849092315,0.0196078431372549,TRUE,0.839153069153069,0.881481481481481
"pDC","MEF2C","lm",734,65,NA,0.818471978183829,0.579155025389226,"cv_r2",-0.081992940214654,0.0196078431372549,TRUE,NA,NA
"pDC","MEF2C","ridge",734,65,NA,0.821830835464301,0.528072981159137,"cv_r2",0.00013399488617149,0.0196078431372549,TRUE,NA,NA
"pDC","MEF2C","spearman",734,65,NA,0.549128568612488,0.349264780357354,"cv_r2",-9.69700557444328e-05,0.0196078431372549,TRUE,NA,NA
"pDC","IRF1","rf",734,65,0.698002762551383,0.703179608938355,-0.507448708696683,"oob_r2",-0.0316126866927533,0.0196078431372549,TRUE,0.860874125874126,0.881481481481481
"pDC","IRF1","lm",734,65,NA,0.571988692015284,-0.75819949503178,"cv_r2",-0.089860030626877,0.0196078431372549,TRUE,NA,NA
"pDC","IRF1","ridge",734,65,NA,0.583583052692013,-0.706881020174515,"cv_r2",0.000415210657867125,0.0196078431372549,TRUE,NA,NA
"pDC","IRF1","spearman",734,65,NA,0.382288084427351,-0.56819928248891,"cv_r2",0.00119885711436992,0.0196078431372549,TRUE,NA,NA
"pDC","ID2","rf",734,65,0.8186607772397,0.820086351390209,0.627212785422801,"oob_r2",-0.0408731911530864,0.0196078431372549,TRUE,0.873460567210567,1
"pDC","ID2","lm",734,65,NA,0.744122488103496,0.625214843676937,"cv_r2",-0.0792641698463102,0.0196078431372549,TRUE,NA,NA
"pDC","ID2","ridge",734,65,NA,0.745864783201713,0.609530454952058,"cv_r2",0.000957263699128065,0.0196078431372549,TRUE,NA,NA
"pDC","ID2","spearman",734,65,NA,0.390417304476279,0.157089667296381,"cv_r2",0.00204680565857076,0.0196078431372549,TRUE,NA,NA
"pDC","BHLHE40","rf",734,65,0.731151839434254,0.723506952059015,-1.33525281942304,"oob_r2",-0.0406129229444982,0.0196078431372549,TRUE,0.861616161616162,1
"pDC","BHLHE40","lm",734,65,NA,0.616396943551359,-0.851366252175063,"cv_r2",-0.0909599211408412,0.0196078431372549,TRUE,NA,NA
"pDC","BHLHE40","ridge",734,65,NA,0.629839791158534,-0.924241930732647,"cv_r2",0.000519700080613613,0.0196078431372549,TRUE,NA,NA
"pDC","BHLHE40","spearman",734,65,NA,0.305431777180577,-1.3572431570716,"cv_r2",-0.00104366370932466,0.0196078431372549,TRUE,NA,NA
"pDC","KLF10","rf",734,65,0.814894168667688,0.805717406211617,-0.243714006110661,"oob_r2",-0.0249229046495853,0.0196078431372549,TRUE,0.84853243978244,0.736507936507936
"pDC","KLF10","lm",734,65,NA,0.764590330187905,0.124021980195941,"cv_r2",-0.0933828486439895,0.0196078431372549,TRUE,NA,NA
"pDC","KLF10","ridge",734,65,NA,0.775217351121291,0.0337938525197856,"cv_r2",-0.000374081016003503,0.0196078431372549,TRUE,NA,NA
"pDC","KLF10","spearman",734,65,NA,0.512707473437403,0.134333593903606,"cv_r2",-0.000423129058442834,0.0196078431372549,TRUE,NA,NA
"pDC","ETV3","rf",734,65,0.72515195182727,0.6945158511078,-1.02469982052869,"oob_r2",-0.0361363897629869,0.0196078431372549,TRUE,0.86577602952603,1
"pDC","ETV3","lm",734,65,NA,0.60358630412753,-0.809601998271549,"cv_r2",-0.0917577677748734,0.0196078431372549,TRUE,NA,NA
"pDC","ETV3","ridge",734,65,NA,0.612822185270283,-0.882921537284781,"cv_r2",-0.00048339984733653,0.0196078431372549,TRUE,NA,NA
"pDC","ETV3","spearman",734,65,NA,0.351106883979108,-1.13019167349433,"cv_r2",0.00202892913360312,0.0196078431372549,TRUE,NA,NA
"pDC","PRDM11","rf",734,65,0.857183930769068,0.8570573497836,0.261169615968735,"oob_r2",-0.0310967066242546,0.0196078431372549,TRUE,0.880260295260295,1
"pDC","PRDM11","lm",734,65,NA,0.814321852777004,0.369250760659187,"cv_r2",-0.0842655428270969,0.0196078431372549,TRUE,NA,NA
"pDC","PRDM11","ridge",734,65,NA,0.820132462118151,0.336735994406053,"cv_r2",-0.000141030572039176,0.0196078431372549,TRUE,NA,NA
"pDC","PRDM11","spearman",734,65,NA,0.466345513459863,-0.0213554181690971,"cv_r2",0.000207866002915965,0.0196078431372549,TRUE,NA,NA
"pDC","CREB5","rf",734,65,0.798216048943401,0.785099803039139,-0.416326970260948,"oob_r2",-0.03207637702773,0.0196078431372549,TRUE,0.887721445221445,1
"pDC","CREB5","lm",734,65,NA,0.674617637294708,-0.230512560325688,"cv_r2",-0.0858123572878458,0.0196078431372549,TRUE,NA,NA
"pDC","CREB5","ridge",734,65,NA,0.676757772580644,-0.337193066992355,"cv_r2",-0.000693255560190599,0.0196078431372549,TRUE,NA,NA
"pDC","CREB5","spearman",734,65,NA,0.372270864017633,-0.90437946928909,"cv_r2",-0.000752247610404433,0.0196078431372549,TRUE,NA,NA
"pDC","FOXP1","rf",734,65,0.709984143273475,0.715311166124738,-0.489099414254594,"oob_r2",-0.0221831141172938,0.0196078431372549,TRUE,0.863350815850816,0.933333333333333
"pDC","FOXP1","lm",734,65,NA,0.642216953595519,-0.260187669179435,"cv_r2",-0.0970953773172125,0.0196078431372549,TRUE,NA,NA
"pDC","FOXP1","ridge",734,65,NA,0.651823589109529,-0.410947246417256,"cv_r2",-0.000792539920204616,0.0196078431372549,TRUE,NA,NA
"pDC","FOXP1","spearman",734,65,NA,0.270828128785104,-0.462232629354689,"cv_r2",0.00878529469951259,0.0196078431372549,TRUE,NA,NA
"pDC","E2F7","rf",734,65,0.705576355101811,0.70697087581803,-0.556024639357952,"oob_r2",-0.0408566728005785,0.0196078431372549,TRUE,0.868893745143745,1
"pDC","E2F7","lm",734,65,NA,0.614772296577936,-0.422052405098153,"cv_r2",-0.0967306724201327,0.0196078431372549,TRUE,NA,NA
"pDC","E2F7","ridge",734,65,NA,0.626292231811348,-0.49388061883908,"cv_r2",-0.00114279763085162,0.0196078431372549,TRUE,NA,NA
"pDC","E2F7","spearman",734,65,NA,0.330865367735305,-1.01212712570217,"cv_r2",-0.00130846074464932,0.0196078431372549,TRUE,NA,NA
"pDC","HIVEP1","rf",734,65,0.79127206993439,0.786231312529755,-0.679255489120197,"oob_r2",-0.0354515850324185,0.0196078431372549,TRUE,0.863721833721834,1
"pDC","HIVEP1","lm",734,65,NA,0.700508314997845,-0.314729809724396,"cv_r2",-0.0965582474051339,0.0196078431372549,TRUE,NA,NA
"pDC","HIVEP1","ridge",734,65,NA,0.709780956759142,-0.416580906348014,"cv_r2",9.68521031647577e-06,0.0196078431372549,TRUE,NA,NA
"pDC","HIVEP1","spearman",734,65,NA,0.436520627171801,-0.921954451747653,"cv_r2",0.00138874090056524,0.0196078431372549,TRUE,NA,NA
"pDC","FOS","rf",734,65,0.737536659547552,0.740804830455478,-1.27379172738066,"oob_r2",-0.0392173644871803,0.0196078431372549,TRUE,0.861376262626263,1
"pDC","FOS","lm",734,65,NA,0.65547208453056,-0.546852176942796,"cv_r2",-0.0863901601887891,0.0196078431372549,TRUE,NA,NA
"pDC","FOS","ridge",734,65,NA,0.667631850871542,-0.71589571229255,"cv_r2",-0.000669660422835961,0.0196078431372549,TRUE,NA,NA
"pDC","FOS","spearman",734,65,NA,0.287966195726749,-1.5256033027215,"cv_r2",0.00602310114948094,0.0196078431372549,TRUE,NA,NA
"pDC","ZFY","rf",734,65,0.80762143196603,0.796542696344521,-0.109593297880705,"oob_r2",-0.0313954350653986,0.0196078431372549,TRUE,0.839436674436674,0.722751322751323
"pDC","ZFY","lm",734,65,NA,0.768903573621407,0.197976940952368,"cv_r2",-0.10147759337476,0.0196078431372549,TRUE,NA,NA
"pDC","ZFY","ridge",734,65,NA,0.772919919160303,0.143162123212095,"cv_r2",-0.000401282790919622,0.0196078431372549,TRUE,NA,NA
"pDC","ZFY","spearman",734,65,NA,0.456608067110444,0.00805947903928228,"cv_r2",-0.00494910460916398,0.0196078431372549,TRUE,NA,NA
"pDC","EGR1","rf",734,65,0.838522871781743,0.833792471420744,0.697422997847539,"oob_r2",-0.0630529192378508,0.0196078431372549,TRUE,0.857687451437451,0.701587301587302
"pDC","EGR1","lm",734,65,NA,0.775880474748197,0.690576346766202,"cv_r2",-0.0878328583537531,0.0196078431372549,TRUE,NA,NA
"pDC","EGR1","ridge",734,65,NA,0.778832620155297,0.705776171766323,"cv_r2",-0.000665373415455807,0.0196078431372549,TRUE,NA,NA
"pDC","EGR1","spearman",734,65,NA,0.509391221472273,0.470605504923626,"cv_r2",-0.00243779743581402,0.0196078431372549,TRUE,NA,NA
"pDC","MEF2D","rf",734,65,0.701370792508455,0.684036551025235,-1.03092449843935,"oob_r2",-0.039535506954967,0.0196078431372549,TRUE,0.859082167832168,1
"pDC","MEF2D","lm",734,65,NA,0.561146018579865,-0.63578764132061,"cv_r2",-0.0912935644786056,0.0196078431372549,TRUE,NA,NA
"pDC","MEF2D","ridge",734,65,NA,0.578138642398617,-0.793304505480398,"cv_r2",-7.07091949806629e-05,0.0196078431372549,TRUE,NA,NA
"pDC","MEF2D","spearman",734,65,NA,0.218982961579084,-1.27318133029823,"cv_r2",0.00756780424527006,0.0196078431372549,TRUE,NA,NA
"pDC","ATF5","rf",734,65,0.725562100669386,0.714140198525351,-0.934435722229612,"oob_r2",-0.039303511186422,0.0196078431372549,TRUE,0.867578671328671,1
"pDC","ATF5","lm",734,65,NA,0.632699997665434,-0.669026397439957,"cv_r2",-0.0905069219980815,0.0196078431372549,TRUE,NA,NA
"pDC","ATF5","ridge",734,65,NA,0.641738934374557,-0.654271015517237,"cv_r2",-0.00121103656068911,0.0196078431372549,TRUE,NA,NA
"pDC","ATF5","spearman",734,65,NA,0.338710779556762,-1.30419221421953,"cv_r2",-0.00027348517783724,0.0196078431372549,TRUE,NA,NA
"pDC","CREM","rf",734,65,0.649344557905794,0.644812862392925,-0.922988315902193,"oob_r2",-0.032925210791755,0.0196078431372549,TRUE,0.827248445998446,1
"pDC","CREM","lm",734,65,NA,0.551436340347792,-0.877606579179991,"cv_r2",-0.0853889155026482,0.0196078431372549,TRUE,NA,NA
"pDC","CREM","ridge",734,65,NA,0.564649197405692,-0.878241842687056,"cv_r2",-0.000841644422504429,0.0196078431372549,TRUE,NA,NA
"pDC","CREM","spearman",734,65,NA,0.334281827158499,-0.987499212728822,"cv_r2",0.00725011217300021,0.0196078431372549,TRUE,NA,NA
"pDC","FOXO4","rf",734,65,0.774398911622619,0.774829175969592,-0.0103967882860787,"oob_r2",-0.0348404707672986,0.0196078431372549,TRUE,0.883030303030303,1
"pDC","FOXO4","lm",734,65,NA,0.728650565076654,0.262402611512296,"cv_r2",-0.0910567096306878,0.0196078431372549,TRUE,NA,NA
"pDC","FOXO4","ridge",734,65,NA,0.729208325539692,0.121221368565904,"cv_r2",3.69003036635433e-05,0.0196078431372549,TRUE,NA,NA
"pDC","FOXO4","spearman",734,65,NA,0.47779403121285,-0.0108447340875959,"cv_r2",0.00576595521337341,0.0196078431372549,TRUE,NA,NA
"pDC","ZNF331","rf",734,65,0.732831530202727,0.718815350950551,-0.0823532813031653,"oob_r2",-0.036070505865912,0.0196078431372549,TRUE,0.821239316239316,0.737566137566138
"pDC","ZNF331","lm",734,65,NA,0.68196675999751,0.194814674455555,"cv_r2",-0.102381499499715,0.0196078431372549,TRUE,NA,NA
"pDC","ZNF331","ridge",734,65,NA,0.691025699347951,0.0352082081676234,"cv_r2",-0.00103637992380009,0.0196078431372549,TRUE,NA,NA
"pDC","ZNF331","spearman",734,65,NA,0.484620655721558,-0.712342835467734,"cv_r2",-0.00330935477046766,0.0196078431372549,TRUE,NA,NA
"pDC","ZNF335","rf",734,65,0.817588155823726,0.817235434077459,-0.00588328790364145,"oob_r2",-0.0368441633258852,0.0196078431372549,TRUE,0.844591103341103,0.844444444444444
"pDC","ZNF335","lm",734,65,NA,0.74467432103612,0.239185344307575,"cv_r2",-0.086503499613779,0.0196078431372549,TRUE,NA,NA
"pDC","ZNF335","ridge",734,65,NA,0.746932317662374,0.113848246566432,"cv_r2",-0.00065835403947715,0.0196078431372549,TRUE,NA,NA
"pDC","ZNF335","spearman",734,65,NA,0.440766279092645,-0.101303913649232,"cv_r2",-0.00219178813596029,0.0196078431372549,TRUE,NA,NA
"pDC","ASCL2","rf",734,65,0.729782761728252,0.719566067223922,-0.8597758022779,"oob_r2",-0.0418663290374331,0.0196078431372549,TRUE,0.872767094017094,0.82962962962963
"pDC","ASCL2","lm",734,65,NA,0.673975439585533,-0.166123322341262,"cv_r2",-0.101322017424653,0.0196078431372549,TRUE,NA,NA
"pDC","ASCL2","ridge",734,65,NA,0.678952731910656,-0.349359582413465,"cv_r2",-0.000671914799390472,0.0196078431372549,TRUE,NA,NA
"pDC","ASCL2","spearman",734,65,NA,0.366246679905884,-1.07174665456,"cv_r2",-0.00159251363920291,0.0196078431372549,TRUE,NA,NA
"pDC","MZF1","rf",734,65,0.615640417197646,0.610771689440747,-0.179754227781479,"oob_r2",-0.0340608015797476,0.0196078431372549,TRUE,0.836990093240093,0.82962962962963
"pDC","MZF1","lm",734,65,NA,0.562850985313371,-0.11784931019998,"cv_r2",-0.10211322115736,0.0196078431372549,TRUE,NA,NA
"pDC","MZF1","ridge",734,65,NA,0.576484388550072,-0.155963153664767,"cv_r2",-0.00073874515830148,0.0196078431372549,TRUE,NA,NA
"pDC","MZF1","spearman",734,65,NA,0.323783915277916,-0.0296661493955592,"cv_r2",0.00259252841401294,0.0196078431372549,TRUE,NA,NA
"pDC","ESR1","rf",734,65,0.825746686527794,0.824769283376344,0.693490835135736,"oob_r2",-0.0557125825688489,0.0196078431372549,TRUE,0.856819153069153,0.762962962962963
"pDC","ESR1","lm",734,65,NA,0.76263493954561,0.673345737921251,"cv_r2",-0.0901977116756347,0.0196078431372549,TRUE,NA,NA
"pDC","ESR1","ridge",734,65,NA,0.766157347386136,0.695483775121054,"cv_r2",0.000125620487133184,0.0196078431372549,TRUE,NA,NA
"pDC","ESR1","spearman",734,65,NA,0.438259014746789,0.37065175335498,"cv_r2",0.00037454498015396,0.0196078431372549,TRUE,NA,NA
"pDC","ITGB2","rf",734,65,0.739623757885622,0.735648726785033,0.0889486988045421,"oob_r2",-0.0284182372671234,0.0196078431372549,TRUE,0.895221445221445,0.8
"pDC","ITGB2","lm",734,65,NA,0.683521119840942,0.231584160508778,"cv_r2",-0.0948176700639047,0.0196078431372549,TRUE,NA,NA
"pDC","ITGB2","ridge",734,65,NA,0.687090054082967,0.21963451325971,"cv_r2",-0.000679989876709042,0.0196078431372549,TRUE,NA,NA
"pDC","ITGB2","spearman",734,65,NA,0.407368053266637,-0.0728597082140272,"cv_r2",-0.000459245890964846,0.0196078431372549,TRUE,NA,NA
"pDC","ZNF436","rf",734,65,0.760951507838116,0.761154009557811,0.0656992400159025,"oob_r2",-0.0249810064154418,0.0196078431372549,TRUE,0.882324203574204,0.933333333333333
"pDC","ZNF436","lm",734,65,NA,0.697217777155091,0.168290764622257,"cv_r2",-0.093141904268867,0.0196078431372549,TRUE,NA,NA
"pDC","ZNF436","ridge",734,65,NA,0.707804285315593,0.160972610007708,"cv_r2",-0.00103065287846594,0.0196078431372549,TRUE,NA,NA
"pDC","ZNF436","spearman",734,65,NA,0.407644190785299,-0.127539313380259,"cv_r2",0.0108763403449312,0.0196078431372549,TRUE,NA,NA
"pDC","POU4F1","rf",734,65,0.701890975538086,0.687208326342958,-0.319470865931285,"oob_r2",-0.0427585363700259,0.0196078431372549,TRUE,0.881271367521367,0.767195767195767
"pDC","POU4F1","lm",734,65,NA,0.621108971605528,-0.0984889565962865,"cv_r2",-0.0961510528515845,0.0196078431372549,TRUE,NA,NA
"pDC","POU4F1","ridge",734,65,NA,0.62145702717483,-0.118988131961401,"cv_r2",0.000363241551109227,0.0196078431372549,TRUE,NA,NA
"pDC","POU4F1","spearman",734,65,NA,0.370372475864221,-0.301163994869535,"cv_r2",0.00157149729936362,0.0196078431372549,TRUE,NA,NA
"pDC","KLF2","rf",734,65,0.724895231578417,0.70910099500877,0.56087867521615,"oob_r2",-0.0633879935775158,0.0196078431372549,TRUE,0.861313131313131,0.874074074074074
"pDC","KLF2","lm",734,65,NA,0.60189178285982,0.474378732302002,"cv_r2",-0.0916306439293367,0.0196078431372549,TRUE,NA,NA
"pDC","KLF2","ridge",734,65,NA,0.620527955031466,0.536490261699629,"cv_r2",-0.000113131050476652,0.0196078431372549,TRUE,NA,NA
"pDC","KLF2","spearman",734,65,NA,0.411995639504982,0.353739310585862,"cv_r2",0.00287584807269572,0.0196078431372549,TRUE,NA,NA
"pDC","E4F1","rf",734,65,0.623811199085773,0.63633370512459,-0.941961822155384,"oob_r2",-0.0464903945907133,0.0196078431372549,TRUE,0.831964840714841,0.814814814814815
"pDC","E4F1","lm",734,65,NA,0.529669077441769,-0.421884657198765,"cv_r2",-0.0980385943293213,0.0196078431372549,TRUE,NA,NA
"pDC","E4F1","ridge",734,65,NA,0.547320816190917,-0.588199364562386,"cv_r2",-0.000849725339214691,0.0196078431372549,TRUE,NA,NA
"pDC","E4F1","spearman",734,65,NA,0.220057249490196,-1.21668790854757,"cv_r2",0.00555720311289744,0.0196078431372549,TRUE,NA,NA
"pDC","MAFA","rf",734,65,0.83480556554928,0.823536876393313,0.711323588889719,"oob_r2",-0.067296065380886,0.0196078431372549,TRUE,0.810881895881896,0.6994708994709
"pDC","MAFA","lm",734,65,NA,0.76283744945114,0.710983390981851,"cv_r2",-0.0829685023243994,0.0196078431372549,TRUE,NA,NA
"pDC","MAFA","ridge",734,65,NA,0.763355179320959,0.715029495984077,"cv_r2",-0.000105741604258711,0.0196078431372549,TRUE,NA,NA
"pDC","MAFA","spearman",734,65,NA,0.47925958384913,0.458075129980469,"cv_r2",0.00270519336971718,0.0196078431372549,TRUE,NA,NA
"pDC","BPTF","rf",734,65,0.644339698089304,0.651594642124066,0.236079109849698,"oob_r2",-0.0396548153677833,0.0196078431372549,TRUE,0.845157342657343,0.792592592592593
"pDC","BPTF","lm",734,65,NA,0.574761568934195,0.286071215736562,"cv_r2",-0.1040982253157,0.0196078431372549,TRUE,NA,NA
"pDC","BPTF","ridge",734,65,NA,0.579574753291888,0.242921619390857,"cv_r2",-0.00120831255147492,0.0196078431372549,TRUE,NA,NA
"pDC","BPTF","spearman",734,65,NA,0.234757035659976,-0.172250512670218,"cv_r2",0.00318291953480778,0.0196078431372549,TRUE,NA,NA
"pDC","ARID2","rf",734,65,0.698954873350988,0.70376651930848,-0.186603884595226,"oob_r2",-0.0333544603428297,0.0196078431372549,TRUE,0.858589743589744,1
"pDC","ARID2","lm",734,65,NA,0.657913389568665,0.185587156341259,"cv_r2",-0.0891430336962592,0.0196078431372549,TRUE,NA,NA
"pDC","ARID2","ridge",734,65,NA,0.66847533160221,0.0546289448411131,"cv_r2",-0.00134250071809893,0.0196078431372549,TRUE,NA,NA
"pDC","ARID2","spearman",734,65,NA,0.444900981786121,-0.597464050190796,"cv_r2",0.000267369142002965,0.0196078431372549,TRUE,NA,NA
"pDC","CREBZF","rf",734,65,0.718417788621333,0.719547674572815,-0.958541245385485,"oob_r2",-0.034561250226414,0.0196078431372549,TRUE,0.861392773892774,0.933333333333333
"pDC","CREBZF","lm",734,65,NA,0.6136730633192,-0.316270857318094,"cv_r2",-0.0962509534382453,0.0196078431372549,TRUE,NA,NA
"pDC","CREBZF","ridge",734,65,NA,0.619279146888086,-0.486069352787193,"cv_r2",-0.000159821747617118,0.0196078431372549,TRUE,NA,NA
"pDC","CREBZF","spearman",734,65,NA,0.340545524641769,-0.233614180184845,"cv_r2",0.00474415303866092,0.0196078431372549,TRUE,NA,NA
"pDC","TFEB","rf",734,65,0.819061862215418,0.81849691324445,0.554920832848884,"oob_r2",-0.0688928884438715,0.0196078431372549,TRUE,0.762035742035742,0.881481481481481
"pDC","TFEB","lm",734,65,NA,0.709642209728915,0.595591157255535,"cv_r2",-0.0778963192347862,0.0196078431372549,TRUE,NA,NA
"pDC","TFEB","ridge",734,65,NA,0.712566689648498,0.595401056500295,"cv_r2",0.00236286393239862,0.0196078431372549,TRUE,NA,NA
"pDC","TFEB","spearman",734,65,NA,0.358964593315315,0.250677769360958,"cv_r2",-0.00125794024160962,0.0196078431372549,TRUE,NA,NA
"pDC","SP140","rf",734,65,0.612436251282267,0.610145774787848,-0.0851348314563374,"oob_r2",-0.0502208121666088,0.0196078431372549,TRUE,0.808750971250971,0.933333333333333
"pDC","SP140","lm",734,65,NA,0.454262282751512,-0.000119967007441657,"cv_r2",-0.0925776214920344,0.0196078431372549,TRUE,NA,NA
"pDC","SP140","ridge",734,65,NA,0.468653288234011,0.00778874489656645,"cv_r2",0.000370978738433015,0.0196078431372549,TRUE,NA,NA
"pDC","SP140","spearman",734,65,NA,0.280983665247651,-0.554901007566115,"cv_r2",-0.00296872546858829,0.0196078431372549,TRUE,NA,NA
"pDC","SPIB","rf",734,65,0.795659528564659,0.794475504850057,0.707189086989828,"oob_r2",-0.0704684278287718,0.0196078431372549,TRUE,0.847281468531469,1
"pDC","SPIB","lm",734,65,NA,0.723600264199251,0.586370385933277,"cv_r2",-0.0880690687697986,0.0196078431372549,TRUE,NA,NA
"pDC","SPIB","ridge",734,65,NA,0.731541497863374,0.644500077705936,"cv_r2",-0.000403169119078652,0.0196078431372549,TRUE,NA,NA
"pDC","SPIB","spearman",734,65,NA,0.417777029908035,0.327424098465075,"cv_r2",0.00187353760928718,0.0196078431372549,TRUE,NA,NA
"pDC","MYC","rf",734,65,0.838147532778886,0.844911637763175,0.717474355119028,"oob_r2",-0.0690211296810505,0.0196078431372549,TRUE,0.749333721833722,0.8
"pDC","MYC","lm",734,65,NA,0.695443053305975,0.592578058025147,"cv_r2",-0.0804439018538498,0.0196078431372549,TRUE,NA,NA
"pDC","MYC","ridge",734,65,NA,0.696590997077013,0.604637188974778,"cv_r2",0.00206993055556139,0.0196078431372549,TRUE,NA,NA
"pDC","MYC","spearman",734,65,NA,0.313636722884791,0.22011413843322,"cv_r2",0.00139809653075474,0.0196078431372549,TRUE,NA,NA
"pDC","NFE2L2","rf",734,65,0.821693865551639,0.82598417279358,0.722980883286797,"oob_r2",-0.0836220980984212,0.0196078431372549,TRUE,0.848623737373737,1
"pDC","NFE2L2","lm",734,65,NA,0.716510379163603,0.628648042014802,"cv_r2",-0.0802631883065265,0.0196078431372549,TRUE,NA,NA
"pDC","NFE2L2","ridge",734,65,NA,0.721673088533654,0.639193686635388,"cv_r2",7.87680635320462e-05,0.0196078431372549,TRUE,NA,NA
"pDC","NFE2L2","spearman",734,65,NA,0.343848328201806,0.246666167089404,"cv_r2",0.00169498578032282,0.0196078431372549,TRUE,NA,NA
"pDC","TCF7L2","rf",734,65,0.744509321092771,0.750167461482373,0.100611637146882,"oob_r2",-0.0758662858232916,0.0196078431372549,TRUE,0.843042929292929,0.82962962962963
"pDC","TCF7L2","lm",734,65,NA,0.577609002562863,-0.467691365032346,"cv_r2",-0.0763678316305333,0.0196078431372549,TRUE,NA,NA
"pDC","TCF7L2","ridge",734,65,NA,0.593218212152924,-0.27107304640029,"cv_r2",0.00275576495213204,0.0196078431372549,TRUE,NA,NA
"pDC","TCF7L2","spearman",734,65,NA,0.27128851434481,-0.538374159125377,"cv_r2",0.00157780054653812,0.0196078431372549,TRUE,NA,NA
"pDC","POU5F1","rf",734,65,0.807322199057881,0.805686706755132,0.4782830182161,"oob_r2",-0.069758633592116,0.0196078431372549,TRUE,0.805878010878011,0.881481481481482
"pDC","POU5F1","lm",734,65,NA,0.641720797401326,0.17598205898948,"cv_r2",-0.0930936270505964,0.0196078431372549,TRUE,NA,NA
"pDC","POU5F1","ridge",734,65,NA,0.650306791857503,0.23184912836802,"cv_r2",0.00214495341022637,0.0196078431372549,TRUE,NA,NA
"pDC","POU5F1","spearman",734,65,NA,0.184345777888759,-0.0328358612682014,"cv_r2",0.000728178444340642,0.0196078431372549,TRUE,NA,NA
"pDC","ID1","rf",734,65,0.755587034571703,0.759949429507361,-0.369310291646968,"oob_r2",-0.055716788030449,0.0196078431372549,TRUE,0.851516122766123,0.933333333333333
"pDC","ID1","lm",734,65,NA,0.544580879769949,-0.849879526661932,"cv_r2",-0.0875456043724799,0.0196078431372549,TRUE,NA,NA
"pDC","ID1","ridge",734,65,NA,0.559576508070643,-0.704038676366247,"cv_r2",-0.000451197876513911,0.0196078431372549,TRUE,NA,NA
"pDC","ID1","spearman",734,65,NA,0.342830193532618,-0.638365540364176,"cv_r2",0.00140158611141401,0.0196078431372549,TRUE,NA,NA
"pDC","CEBPD","rf",734,65,0.658282502927046,0.656735643649692,-0.789697321491146,"oob_r2",-0.037205925226924,0.0196078431372549,TRUE,0.874290015540016,1
"pDC","CEBPD","lm",734,65,NA,0.537113482883074,-0.439144531295319,"cv_r2",-0.0928085987004098,0.0196078431372549,TRUE,NA,NA
"pDC","CEBPD","ridge",734,65,NA,0.542476718125309,-0.557025636287338,"cv_r2",-0.00045454008499829,0.0196078431372549,TRUE,NA,NA
"pDC","CEBPD","spearman",734,65,NA,0.331187879195343,-0.813857840351733,"cv_r2",0.00222672209073473,0.0196078431372549,TRUE,NA,NA
"pDC","HIVEP3","rf",734,65,0.835810280574308,0.813176645182244,0.448423038670756,"oob_r2",-0.0542288614273653,0.0196078431372549,TRUE,0.821946386946387,0.785185185185185
"pDC","HIVEP3","lm",734,65,NA,0.669617143068243,0.350288118935205,"cv_r2",-0.0880783334486595,0.0196078431372549,TRUE,NA,NA
"pDC","HIVEP3","ridge",734,65,NA,0.676139265512014,0.368384198573842,"cv_r2",-0.000209149861473708,0.0196078431372549,TRUE,NA,NA
"pDC","HIVEP3","spearman",734,65,NA,0.422985544843176,-0.0216727306258089,"cv_r2",0.00606880593759404,0.0196078431372549,TRUE,NA,NA
"pDC","RORA","rf",734,65,0.731400133604075,0.717919232718434,-0.477892429793531,"oob_r2",-0.0401568108542893,0.0196078431372549,TRUE,0.877459207459207,1
"pDC","RORA","lm",734,65,NA,0.602582420046072,-0.34085501780461,"cv_r2",-0.0905912457251679,0.0196078431372549,TRUE,NA,NA
"pDC","RORA","ridge",734,65,NA,0.610218375510896,-0.443104349612417,"cv_r2",-0.000835451596330428,0.0196078431372549,TRUE,NA,NA
"pDC","RORA","spearman",734,65,NA,0.43174150361997,-0.429978291935836,"cv_r2",-0.000103715239983194,0.0196078431372549,TRUE,NA,NA
"pDC","BCLAF1","rf",734,65,0.670675654079398,0.658074527128264,-1.13560829962524,"oob_r2",-0.0482495286163013,0.0196078431372549,TRUE,0.871216006216006,0.881481481481482
"pDC","BCLAF1","lm",734,65,NA,0.507365456643194,-0.972460244586823,"cv_r2",-0.0889364817415916,0.0196078431372549,TRUE,NA,NA
"pDC","BCLAF1","ridge",734,65,NA,0.526717936360201,-1.03360293293942,"cv_r2",-0.000196735180223084,0.0196078431372549,TRUE,NA,NA
"pDC","BCLAF1","spearman",734,65,NA,0.178197028880849,-1.4202688477192,"cv_r2",0.00934012462050205,0.0196078431372549,TRUE,NA,NA
"pDC","GRHL2","rf",734,65,0.767873056866235,0.76303445857114,0.428707149121528,"oob_r2",-0.0710775132817836,0.0196078431372549,TRUE,0.849328865578866,0.740740740740741
"pDC","GRHL2","lm",734,65,NA,0.668760016166417,0.53357313679074,"cv_r2",-0.0816444910426883,0.0196078431372549,TRUE,NA,NA
"pDC","GRHL2","ridge",734,65,NA,0.682712583754442,0.482448288363882,"cv_r2",-0.00030305977295978,0.0196078431372549,TRUE,NA,NA
"pDC","GRHL2","spearman",734,65,NA,0.321097518272994,-0.151725681997289,"cv_r2",-0.00450410910930755,0.0196078431372549,TRUE,NA,NA
"pDC","NFATC4","rf",734,65,0.759008922799193,0.755243384901374,-0.537981882504945,"oob_r2",-0.0392578386705711,0.0196078431372549,TRUE,0.87802836052836,1
"pDC","NFATC4","lm",734,65,NA,0.661564276010614,-0.561249872014098,"cv_r2",-0.0959772604834118,0.0196078431372549,TRUE,NA,NA
"pDC","NFATC4","ridge",734,65,NA,0.659517821954521,-0.554160070146729,"cv_r2",-0.000598870060281243,0.0196078431372549,TRUE,NA,NA
"pDC","NFATC4","spearman",734,65,NA,0.529609448505183,-0.489011463971885,"cv_r2",-0.00132222367612658,0.0196078431372549,TRUE,NA,NA
"pDC","AHR","rf",734,65,0.756404923335471,0.758963654184949,-0.355242289599056,"oob_r2",-0.0401738875900565,0.0196078431372549,TRUE,0.879201631701632,1
"pDC","AHR","lm",734,65,NA,0.71073183213231,-0.0317003406260359,"cv_r2",-0.0943773203747158,0.0196078431372549,TRUE,NA,NA
"pDC","AHR","ridge",734,65,NA,0.714392122057687,-0.09645588867862,"cv_r2",-0.000804497679603656,0.0196078431372549,TRUE,NA,NA
"pDC","AHR","spearman",734,65,NA,0.412617242805122,-0.429320061800286,"cv_r2",0.00581465571557989,0.0196078431372549,TRUE,NA,NA
"pDC","MTF1","rf",734,65,0.784978397106318,0.77931455299551,0.645875153015192,"oob_r2",-0.030284955743889,0.0196078431372549,TRUE,0.879210372960373,0.733333333333333
"pDC","MTF1","lm",734,65,NA,0.716124689437796,0.588235758654172,"cv_r2",-0.0886700804388611,0.0196078431372549,TRUE,NA,NA
"pDC","MTF1","ridge",734,65,NA,0.718430513700466,0.593090613183973,"cv_r2",0.0014519559952646,0.0196078431372549,TRUE,NA,NA
"pDC","MTF1","spearman",734,65,NA,0.525530715024691,0.332656176948192,"cv_r2",0.00206266907879813,0.0196078431372549,TRUE,NA,NA
"pDC","SP100","rf",734,65,0.808855433026602,0.803369413576456,-0.741353070731299,"oob_r2",-0.0305095121313557,0.0196078431372549,TRUE,0.902184343434343,0.881481481481481
"pDC","SP100","lm",734,65,NA,0.70709804086829,-0.653297695813646,"cv_r2",-0.095471520779316,0.0196078431372549,TRUE,NA,NA
"pDC","SP100","ridge",734,65,NA,0.711536593836782,-0.728652190102165,"cv_r2",-8.25841609240896e-05,0.0196078431372549,TRUE,NA,NA
"pDC","SP100","spearman",734,65,NA,0.550777193374698,-0.872673040347393,"cv_r2",0.00796817531566081,0.0196078431372549,TRUE,NA,NA
"pDC","HESX1","rf",734,65,0.812398791863665,0.805425344886105,-0.290081856880745,"oob_r2",-0.0339270888990841,0.0196078431372549,TRUE,0.866481157731158,0.933333333333333
"pDC","HESX1","lm",734,65,NA,0.730512993800201,-0.209246579017267,"cv_r2",-0.0966659002522371,0.0196078431372549,TRUE,NA,NA
"pDC","HESX1","ridge",734,65,NA,0.740400985636214,-0.25621546246065,"cv_r2",-0.000792356577067234,0.0196078431372549,TRUE,NA,NA
"pDC","HESX1","spearman",734,65,NA,0.31970620986271,-0.58367370546514,"cv_r2",0.000331491633350455,0.0196078431372549,TRUE,NA,NA
"pDC","HOXB2","rf",734,65,0.817303904190313,0.811480965759441,-0.0725430775971116,"oob_r2",-0.0369961169422038,0.0196078431372549,TRUE,0.885151515151515,1
"pDC","HOXB2","lm",734,65,NA,0.77365802680216,0.289015784478542,"cv_r2",-0.0936737601210794,0.0196078431372549,TRUE,NA,NA
"pDC","HOXB2","ridge",734,65,NA,0.777972280573578,0.208153362337729,"cv_r2",-0.000409156682631063,0.0196078431372549,TRUE,NA,NA
"pDC","HOXB2","spearman",734,65,NA,0.425265714048354,-0.311629325237288,"cv_r2",-0.00243937637690572,0.0196078431372549,TRUE,NA,NA
"pDC","ZFP28","rf",734,65,0.827275142854677,0.823222783502234,-0.384208311849961,"oob_r2",-0.0269361593607178,0.0196078431372549,TRUE,0.866254856254856,1
"pDC","ZFP28","lm",734,65,NA,0.773798823375717,-0.322387808416349,"cv_r2",-0.096313805734462,0.0196078431372549,TRUE,NA,NA
"pDC","ZFP28","ridge",734,65,NA,0.778836661770974,-0.36881388841949,"cv_r2",-0.00083205098900182,0.0196078431372549,TRUE,NA,NA
"pDC","ZFP28","spearman",734,65,NA,0.315516221136977,-0.544032237433709,"cv_r2",0.00442279253536392,0.0196078431372549,TRUE,NA,NA
"pDC","ZBTB18","rf",734,65,0.788591929407109,0.790803727212965,-0.857067376624806,"oob_r2",-0.0304399743711354,0.0196078431372549,TRUE,0.880049533799534,1
"pDC","ZBTB18","lm",734,65,NA,0.718372694637003,-0.648056121660701,"cv_r2",-0.08530156134983,0.0196078431372549,TRUE,NA,NA
"pDC","ZBTB18","ridge",734,65,NA,0.723927633788795,-0.724337561393611,"cv_r2",0.00126136202916648,0.0196078431372549,TRUE,NA,NA
"pDC","ZBTB18","spearman",734,65,NA,0.431834315653862,-0.934988869882481,"cv_r2",-0.00566054810212805,0.0196078431372549,TRUE,NA,NA
"pDC","IKZF1","rf",734,65,0.843705574133749,0.842765452973058,-0.404119821756905,"oob_r2",-0.0241208091917643,0.0196078431372549,TRUE,0.889615384615385,0.933333333333333
"pDC","IKZF1","lm",734,65,NA,0.777560284566812,-0.16048015885362,"cv_r2",-0.0931725943508744,0.0196078431372549,TRUE,NA,NA
"pDC","IKZF1","ridge",734,65,NA,0.779669189435153,-0.32235380160253,"cv_r2",-0.000829416015337293,0.0196078431372549,TRUE,NA,NA
"pDC","IKZF1","spearman",734,65,NA,0.420112283532428,-0.615707544762468,"cv_r2",-0.00136616087607198,0.0196078431372549,TRUE,NA,NA
"pDC","VDR","rf",734,65,0.800136965724018,0.805594254208903,-0.577212019038725,"oob_r2",-0.0229712102808428,0.0196078431372549,TRUE,0.862648601398601,0.755555555555556
"pDC","VDR","lm",734,65,NA,0.727723406272702,-0.403026825940828,"cv_r2",-0.0971111491611525,0.0196078431372549,TRUE,NA,NA
"pDC","VDR","ridge",734,65,NA,0.736774001277711,-0.435328994508675,"cv_r2",-0.000613968363358441,0.0196078431372549,TRUE,NA,NA
"pDC","VDR","spearman",734,65,NA,0.450030856706842,-0.513636792280486,"cv_r2",-0.000660016206814732,0.0196078431372549,TRUE,NA,NA
"pDC","RUNX2","rf",734,65,0.851167111510687,0.846290637174042,-0.375308188554536,"oob_r2",-0.0328595716272193,0.0196078431372549,TRUE,0.855391414141414,0.762962962962963
"pDC","RUNX2","lm",734,65,NA,0.783700453611421,-0.0634777518901062,"cv_r2",-0.0889066101608657,0.0196078431372549,TRUE,NA,NA
"pDC","RUNX2","ridge",734,65,NA,0.790951160904814,-0.284668907508046,"cv_r2",-0.00098812151122647,0.0196078431372549,TRUE,NA,NA
"pDC","RUNX2","spearman",734,65,NA,0.409768399704371,-0.630979345859109,"cv_r2",0.000567855225636115,0.0196078431372549,TRUE,NA,NA
"pDC","CEBPB","rf",734,65,0.854859935778988,0.84451461189694,0.121233892538941,"oob_r2",-0.0377515635202309,0.0196078431372549,TRUE,0.913234265734266,0.762962962962963
"pDC","CEBPB","lm",734,65,NA,0.763347640389121,0.339300692210068,"cv_r2",-0.100860171602863,0.0196078431372549,TRUE,NA,NA
"pDC","CEBPB","ridge",734,65,NA,0.763579597326558,0.2158533435361,"cv_r2",-0.00121955636796979,0.0196078431372549,TRUE,NA,NA
"pDC","CEBPB","spearman",734,65,NA,0.356808446047372,-0.355801812219119,"cv_r2",-0.0027514185747029,0.0196078431372549,TRUE,NA,NA
"pDC","RUNX3","rf",734,65,0.852841480348636,0.85141905940514,-0.595531294973875,"oob_r2",-0.0338666376828882,0.0196078431372549,TRUE,0.849230769230769,1
"pDC","RUNX3","lm",734,65,NA,0.784549256534635,-0.308110172462708,"cv_r2",-0.0962144122980356,0.0196078431372549,TRUE,NA,NA
"pDC","RUNX3","ridge",734,65,NA,0.791132913821763,-0.501233343997487,"cv_r2",-0.0011222686220688,0.0196078431372549,TRUE,NA,NA
"pDC","RUNX3","spearman",734,65,NA,0.362711596867605,-0.623001486796309,"cv_r2",-0.00559019837192729,0.0196078431372549,TRUE,NA,NA
"pDC","ATF3","rf",734,65,0.807517258107268,0.798200151349583,-0.910759203146636,"oob_r2",-0.0240949073796348,0.0196078431372549,TRUE,0.870529331779332,0.933333333333333
"pDC","ATF3","lm",734,65,NA,0.724184654662853,-0.779277386811463,"cv_r2",-0.0929558684537517,0.0196078431372549,TRUE,NA,NA
"pDC","ATF3","ridge",734,65,NA,0.729268527044201,-0.831816015074768,"cv_r2",-0.000561800265748425,0.0196078431372549,TRUE,NA,NA
"pDC","ATF3","spearman",734,65,NA,0.419899359848155,-0.976943350709612,"cv_r2",0.00678786130416549,0.0196078431372549,TRUE,NA,NA
"pDC","ZEB1","rf",734,65,0.866040481270017,0.856672598142779,-0.481711749925406,"oob_r2",-0.0336083469762925,0.0196078431372549,TRUE,0.862988539238539,1
"pDC","ZEB1","lm",734,65,NA,0.817295402647118,-0.224964365102666,"cv_r2",-0.0928894713753495,0.0196078431372549,TRUE,NA,NA
"pDC","ZEB1","ridge",734,65,NA,0.821712955996135,-0.344794293791054,"cv_r2",-0.000122078782584085,0.0196078431372549,TRUE,NA,NA
"pDC","ZEB1","spearman",734,65,NA,0.40493266645209,-0.432982001913519,"cv_r2",-0.00445603136793758,0.0196078431372549,TRUE,NA,NA
"pDC","ARID3A","rf",734,65,0.826356045925913,0.823648917589027,-0.370051397243788,"oob_r2",-0.0388405064662136,0.0196078431372549,TRUE,0.88422397047397,1
"pDC","ARID3A","lm",734,65,NA,0.756787755853606,-0.237987267513373,"cv_r2",-0.102843962272674,0.0196078431372549,TRUE,NA,NA
"pDC","ARID3A","ridge",734,65,NA,0.764617959457154,-0.320570467116343,"cv_r2",-0.00120526915192003,0.0196078431372549,TRUE,NA,NA
"pDC","ARID3A","spearman",734,65,NA,0.387044719517122,-0.574562745365417,"cv_r2",-0.00292293789907351,0.0196078431372549,TRUE,NA,NA
"pDC","BCL11A","rf",734,65,0.884953089866918,0.874548656953998,-0.439458461151814,"oob_r2",-0.0338727603892233,0.0196078431372549,TRUE,0.870228243978244,0.82962962962963
"pDC","BCL11A","lm",734,65,NA,0.821390045248723,-0.179279813294442,"cv_r2",-0.0919535795970183,0.0196078431372549,TRUE,NA,NA
"pDC","BCL11A","ridge",734,65,NA,0.821296251274782,-0.277403997614882,"cv_r2",-0.000240486676431307,0.0196078431372549,TRUE,NA,NA
"pDC","BCL11A","spearman",734,65,NA,0.342596894741454,-0.655258928903181,"cv_r2",-0.000836150320919606,0.0196078431372549,TRUE,NA,NA
"pDC","TCF4","rf",734,65,0.8615617233206,0.858413508884612,-0.668413618402883,"oob_r2",-0.0284875276496102,0.0196078431372549,TRUE,0.865885780885781,0.933333333333333
"pDC","TCF4","lm",734,65,NA,0.805677264478063,-0.442103109247609,"cv_r2",-0.0991756412699723,0.0196078431372549,TRUE,NA,NA
"pDC","TCF4","ridge",734,65,NA,0.807903326395919,-0.578174677156162,"cv_r2",-0.000200878196431753,0.0196078431372549,TRUE,NA,NA
"pDC","TCF4","spearman",734,65,NA,0.401915868901185,-0.778008467748916,"cv_r2",-0.000885589760527186,0.0196078431372549,TRUE,NA,NA
"pDC","REL","rf",734,65,0.874874641696042,0.874587626062691,-0.247865330987235,"oob_r2",-0.0241805547323171,0.0196078431372549,TRUE,0.867737956487956,0.68994708994709
"pDC","REL","lm",734,65,NA,0.825695190703271,-0.109341927304665,"cv_r2",-0.0982529984969353,0.0196078431372549,TRUE,NA,NA
"pDC","REL","ridge",734,65,NA,0.829427684105328,-0.213321049247441,"cv_r2",-0.000732905438269427,0.0196078431372549,TRUE,NA,NA
"pDC","REL","spearman",734,65,NA,0.53441625603202,-0.64816255208033,"cv_r2",0.00277930481993147,0.0196078431372549,TRUE,NA,NA
"pDC","JUNB","rf",734,65,0.85494963476665,0.851110869262448,-0.554412349726205,"oob_r2",-0.0203355132581378,0.0196078431372549,TRUE,0.884074397824398,1
"pDC","JUNB","lm",734,65,NA,0.792355046667849,-0.198161554169381,"cv_r2",-0.0927385247798686,0.0196078431372549,TRUE,NA,NA
"pDC","JUNB","ridge",734,65,NA,0.795516158754173,-0.416048013796667,"cv_r2",-0.000557040666634479,0.0196078431372549,TRUE,NA,NA
"pDC","JUNB","spearman",734,65,NA,0.289376307730906,-0.926655746983815,"cv_r2",-0.00200469440468098,0.0196078431372549,TRUE,NA,NA
"pDC","MYBL2","rf",734,65,0.879167603019971,0.873036749868372,-0.154741754412953,"oob_r2",-0.0327878745777065,0.0196078431372549,TRUE,0.873389665889666,0.718518518518518
"pDC","MYBL2","lm",734,65,NA,0.821008708711555,-0.0721226859750641,"cv_r2",-0.0983387977710748,0.0196078431372549,TRUE,NA,NA
"pDC","MYBL2","ridge",734,65,NA,0.822572013187265,-0.0953488237416027,"cv_r2",-0.000642156474200018,0.0196078431372549,TRUE,NA,NA
"pDC","MYBL2","spearman",734,65,NA,0.536927911261924,-0.538297871386247,"cv_r2",0.00184795638935364,0.0196078431372549,TRUE,NA,NA
"pDC","TAF1","rf",734,65,0.883852174889596,0.884673476383625,0.0665591764062162,"oob_r2",-0.0226550375178272,0.0196078431372549,TRUE,0.844096736596737,0.73015873015873
"pDC","TAF1","lm",734,65,NA,0.851832082013948,0.275538166664448,"cv_r2",-0.0926696225769754,0.0196078431372549,TRUE,NA,NA
"pDC","TAF1","ridge",734,65,NA,0.849714392365119,0.221412006255558,"cv_r2",-0.000616824588321974,0.0196078431372549,TRUE,NA,NA
"pDC","TAF1","spearman",734,65,NA,0.479480836050085,-0.531318318279035,"cv_r2",0.0080210664731811,0.0196078431372549,TRUE,NA,NA
"pDC","RUNX1","rf",734,65,0.901874113353077,0.902699233420958,-0.136140575686295,"oob_r2",-0.0371348336810364,0.0196078431372549,TRUE,0.880129176379176,0.874074074074074
"pDC","RUNX1","lm",734,65,NA,0.872185671544724,0.254881024410922,"cv_r2",-0.0908383265625967,0.0196078431372549,TRUE,NA,NA
"pDC","RUNX1","ridge",734,65,NA,0.873486471939579,0.14065199749067,"cv_r2",-0.000692704196419747,0.0196078431372549,TRUE,NA,NA
"pDC","RUNX1","spearman",734,65,NA,0.423093078523449,-0.528778441047024,"cv_r2",0.00140296305319081,0.0196078431372549,TRUE,NA,NA
"pDC","AR","rf",734,65,0.893312973163381,0.889456678734674,-0.205760409251728,"oob_r2",-0.0240821232100118,0.0196078431372549,TRUE,0.852953574203574,0.77989417989418
"pDC","AR","lm",734,65,NA,0.852826266087258,0.094086315232521,"cv_r2",-0.0968454527726365,0.0196078431372549,TRUE,NA,NA
"pDC","AR","ridge",734,65,NA,0.852265226929269,-0.0171069071519558,"cv_r2",-0.000626047529205477,0.0196078431372549,TRUE,NA,NA
"pDC","AR","spearman",734,65,NA,0.477709497670205,-0.584975323743159,"cv_r2",0.00289556422087906,0.0196078431372549,TRUE,NA,NA
"pDC","NR3C1","rf",734,65,0.870762828560806,0.865463396259745,-0.794346474359014,"oob_r2",-0.0232391161880702,0.0196078431372549,TRUE,0.874973776223776,1
"pDC","NR3C1","lm",734,65,NA,0.79579423376451,-0.523482697830716,"cv_r2",-0.097212052119852,0.0196078431372549,TRUE,NA,NA
"pDC","NR3C1","ridge",734,65,NA,0.798247839541157,-0.653068978251092,"cv_r2",-0.00063463784472171,0.0196078431372549,TRUE,NA,NA
"pDC","NR3C1","spearman",734,65,NA,0.33717705739161,-1.2478156682765,"cv_r2",-0.00459207775762233,0.0196078431372549,TRUE,NA,NA
"pDC","IRF7","rf",734,65,0.888410278894881,0.886142082353991,-0.41293947204446,"oob_r2",-0.0257532679821257,0.0196078431372549,TRUE,0.874362859362859,0.724867724867725
"pDC","IRF7","lm",734,65,NA,0.815802702156791,-0.312634878016566,"cv_r2",-0.0949861113970774,0.0196078431372549,TRUE,NA,NA
"pDC","IRF7","ridge",734,65,NA,0.815396141408961,-0.407309445329837,"cv_r2",-0.00108486125820008,0.0196078431372549,TRUE,NA,NA
"pDC","IRF7","spearman",734,65,NA,0.545118081031363,-0.595154472737438,"cv_r2",0.00319489271984587,0.0196078431372549,TRUE,NA,NA
"pDC","TCF12","rf",734,65,0.886790200771457,0.888920676798953,-0.265630873683833,"oob_r2",-0.0333708247438087,0.0196078431372549,TRUE,0.846717171717172,0.681481481481481
"pDC","TCF12","lm",734,65,NA,0.834037612144335,0.00972434329421445,"cv_r2",-0.0981366433586061,0.0196078431372549,TRUE,NA,NA
"pDC","TCF12","ridge",734,65,NA,0.833389373278759,-0.142268066551042,"cv_r2",-0.000737300116896345,0.0196078431372549,TRUE,NA,NA
"pDC","TCF12","spearman",734,65,NA,0.48068948888999,-0.529274805867912,"cv_r2",-0.0015047789098449,0.0196078431372549,TRUE,NA,NA
"pDC","RXRA","rf",734,65,0.907234311584953,0.90412463856981,-0.229698866970966,"oob_r2",-0.0381493899899834,0.0196078431372549,TRUE,0.845071872571873,0.785185185185185
"pDC","RXRA","lm",734,65,NA,0.872282426697955,0.074043743052852,"cv_r2",-0.0978769425875543,0.0196078431372549,TRUE,NA,NA
"pDC","RXRA","ridge",734,65,NA,0.871275029749742,-0.0445008206416078,"cv_r2",-0.000726418464078738,0.0196078431372549,TRUE,NA,NA
"pDC","RXRA","spearman",734,65,NA,0.449390632480863,-0.61735557095546,"cv_r2",0.00209210710864305,0.0196078431372549,TRUE,NA,NA
"pDC","IRF9","rf",734,65,0.889545267211069,0.878886272134889,-0.479162004874322,"oob_r2",-0.0277854520424696,0.0196078431372549,TRUE,0.844653263403263,0.874074074074074
"pDC","IRF9","lm",734,65,NA,0.812777539041372,-0.430580066746973,"cv_r2",-0.0906908112067667,0.0196078431372549,TRUE,NA,NA
"pDC","IRF9","ridge",734,65,NA,0.810987380519225,-0.547047251235179,"cv_r2",-0.000474358042219105,0.0196078431372549,TRUE,NA,NA
"pDC","IRF9","spearman",734,65,NA,0.518461485909473,-0.661845670049218,"cv_r2",-0.00338381878047599,0.0196078431372549,TRUE,NA,NA
"pDC","STAT2","rf",734,65,0.905886870788392,0.898100142306969,-0.530154823200153,"oob_r2",-0.0329717150404349,0.0196078431372549,TRUE,0.856493783993784,0.933333333333333
"pDC","STAT2","lm",734,65,NA,0.839292742166918,-0.402950813607551,"cv_r2",-0.0966378836900418,0.0196078431372549,TRUE,NA,NA
"pDC","STAT2","ridge",734,65,NA,0.8388224474517,-0.504937432828757,"cv_r2",-0.00056873093482538,0.0196078431372549,TRUE,NA,NA
"pDC","STAT2","spearman",734,65,NA,0.499825380270714,-0.764692234722,"cv_r2",-0.00188261834474519,0.0196078431372549,TRUE,NA,NA
"pDC","STAT1","rf",734,65,0.908487729989558,0.905693918590358,-0.363111404744519,"oob_r2",-0.0361759173509468,0.0196078431372549,TRUE,0.861442307692308,0.822222222222222
"pDC","STAT1","lm",734,65,NA,0.853971783367923,-0.32107447983686,"cv_r2",-0.0968151023039784,0.0196078431372549,TRUE,NA,NA
"pDC","STAT1","ridge",734,65,NA,0.855290195612583,-0.371356261072405,"cv_r2",-0.00103866539473085,0.0196078431372549,TRUE,NA,NA
"pDC","STAT1","spearman",734,65,NA,0.534406971653036,-0.766146334749961,"cv_r2",0.00160075858427566,0.0196078431372549,TRUE,NA,NA
"NK","HES4","rf",1132,74,0.698868734434401,0.694060322200486,0.592663026399073,"oob_r2",-0.0264630452609934,0.0196078431372549,TRUE,0.853407379982722,1
"NK","HES4","lm",1132,74,NA,0.698475367237428,0.646829648785064,"cv_r2",-0.0631446244542911,0.0196078431372549,TRUE,NA,NA
"NK","HES4","ridge",1132,74,NA,0.700090468139483,0.654440647624241,"cv_r2",0.00139535956846187,0.0196078431372549,TRUE,NA,NA
"NK","HES4","spearman",1132,74,NA,0.502625067732033,0.407073347703181,"cv_r2",0.000316626176075807,0.0196078431372549,TRUE,NA,NA
"NK","EGR1","rf",1132,74,0.739294002306683,0.728426967983778,0.436578887679231,"oob_r2",-0.0283963397636149,0.0196078431372549,TRUE,0.860658027890905,1
"NK","EGR1","lm",1132,74,NA,0.728426442868441,0.605121164828336,"cv_r2",-0.0668215002380836,0.0196078431372549,TRUE,NA,NA
"NK","EGR1","ridge",1132,74,NA,0.719152959668739,0.574266079754189,"cv_r2",0.00144762667827453,0.0196078431372549,TRUE,NA,NA
"NK","EGR1","spearman",1132,74,NA,0.426306846188824,0.134885634988123,"cv_r2",0.00241739960388324,0.0196078431372549,TRUE,NA,NA
"NK","STAT3","rf",1132,74,0.722532293011296,0.717192866179598,0.408064059647791,"oob_r2",-0.0374749195035201,0.0196078431372549,TRUE,0.823721584598297,1
"NK","STAT3","lm",1132,74,NA,0.699364112983654,0.475328667741639,"cv_r2",-0.0606710293238538,0.0196078431372549,TRUE,NA,NA
"NK","STAT3","ridge",1132,74,NA,0.705973189845119,0.478810331045146,"cv_r2",0.000484817832843381,0.0196078431372549,TRUE,NA,NA
"NK","STAT3","spearman",1132,74,NA,0.597812920653319,0.504181919563922,"cv_r2",0.00122966188129749,0.0196078431372549,TRUE,NA,NA
"NK","ZBTB7A","rf",1132,74,0.621336036792545,0.615726801259974,0.506695083404689,"oob_r2",-0.0336243468330667,0.0196078431372549,TRUE,0.814930766382821,0.811640211640212
"NK","ZBTB7A","lm",1132,74,NA,0.603754114315216,0.480623343124885,"cv_r2",-0.0614134040004388,0.0196078431372549,TRUE,NA,NA
"NK","ZBTB7A","ridge",1132,74,NA,0.609021449672365,0.503188846938698,"cv_r2",-7.94035193111838e-05,0.0196078431372549,TRUE,NA,NA
"NK","ZBTB7A","spearman",1132,74,NA,0.431614902641082,0.32449313147524,"cv_r2",0.000918747075809667,0.0196078431372549,TRUE,NA,NA
"NK","IRF2","rf",1132,74,0.672775064649083,0.66801569152037,0.409942578416693,"oob_r2",-0.0153661493258365,0.0196078431372549,TRUE,0.851764531654942,0.814814814814815
"NK","IRF2","lm",1132,74,NA,0.658927223198168,0.432212060477035,"cv_r2",-0.0590333503748482,0.0196078431372549,TRUE,NA,NA
"NK","IRF2","ridge",1132,74,NA,0.663706234463408,0.439426575475081,"cv_r2",8.18411786857022e-06,0.0196078431372549,TRUE,NA,NA
"NK","IRF2","spearman",1132,74,NA,0.533550111721438,0.482249635511963,"cv_r2",0.00259358492480623,0.0196078431372549,TRUE,NA,NA
"NK","EP300","rf",1132,74,0.700963143848484,0.703036208002797,0.533112343458551,"oob_r2",-0.0322109906790614,0.0196078431372549,TRUE,0.843964951252622,1
"NK","EP300","lm",1132,74,NA,0.692687896415394,0.591060105684332,"cv_r2",-0.0594501542431223,0.0196078431372549,TRUE,NA,NA
"NK","EP300","ridge",1132,74,NA,0.696947692125225,0.598654176570544,"cv_r2",0.000985712577969848,0.0196078431372549,TRUE,NA,NA
"NK","EP300","spearman",1132,74,NA,0.516609393959225,0.489327127396664,"cv_r2",0.00549027338730957,0.0196078431372549,TRUE,NA,NA
"NK","MYC","rf",1132,74,0.613017055122071,0.605582207598273,0.501490037766112,"oob_r2",-0.0302996633837681,0.0196078431372549,TRUE,0.843273849191657,0.66984126984127
"NK","MYC","lm",1132,74,NA,0.579765404669412,0.501838781785387,"cv_r2",-0.0647602424905401,0.0196078431372549,TRUE,NA,NA
"NK","MYC","ridge",1132,74,NA,0.585084806066425,0.520862445183632,"cv_r2",-0.000172630639652682,0.0196078431372549,TRUE,NA,NA
"NK","MYC","spearman",1132,74,NA,0.417150569747646,0.354640776172882,"cv_r2",-0.000863347941323613,0.0196078431372549,TRUE,NA,NA
"NK","USF2","rf",1132,74,0.632037969184902,0.632689234018451,0.527551190605167,"oob_r2",-0.0343492570481235,0.0196078431372549,TRUE,0.856211937965363,0.718518518518518
"NK","USF2","lm",1132,74,NA,0.635931656570107,0.552971603550225,"cv_r2",-0.0614272579286775,0.0196078431372549,TRUE,NA,NA
"NK","USF2","ridge",1132,74,NA,0.639341634534093,0.57292821673925,"cv_r2",0.00122437228991918,0.0196078431372549,TRUE,NA,NA
"NK","USF2","spearman",1132,74,NA,0.446924559634992,0.382140604430804,"cv_r2",0.00464080291103427,0.0196078431372549,TRUE,NA,NA
"NK","YY1","rf",1132,74,0.687025075484724,0.683320402926353,0.386617447580336,"oob_r2",-0.0370375371593778,0.0196078431372549,TRUE,0.844080793121889,0.694179894179894
"NK","YY1","lm",1132,74,NA,0.650174046891313,0.32003731418291,"cv_r2",-0.0622615088114411,0.0196078431372549,TRUE,NA,NA
"NK","YY1","ridge",1132,74,NA,0.657346233821846,0.31720525134541,"cv_r2",0.00060267083805485,0.0196078431372549,TRUE,NA,NA
"NK","YY1","spearman",1132,74,NA,0.570995945215247,0.434646713757089,"cv_r2",0.00110812390581499,0.0196078431372549,TRUE,NA,NA
"NK","IRF3","rf",1132,74,0.687002604383273,0.673691988646156,0.428145703237312,"oob_r2",-0.0290182792241422,0.0196078431372549,TRUE,0.86653042083179,0.933333333333333
"NK","IRF3","lm",1132,74,NA,0.679248828975822,0.558596906001082,"cv_r2",-0.0603285783857622,0.0196078431372549,TRUE,NA,NA
"NK","IRF3","ridge",1132,74,NA,0.680996665962628,0.566299713846403,"cv_r2",0.0030792337332086,0.0196078431372549,TRUE,NA,NA
"NK","IRF3","spearman",1132,74,NA,0.434310413246945,0.216392294505397,"cv_r2",0.0042766728460051,0.0196078431372549,TRUE,NA,NA
"NK","ETS2","rf",1132,74,0.710772208535698,0.704173460609319,0.373810324037712,"oob_r2",-0.0298603731728502,0.0196078431372549,TRUE,0.81495841046526,0.8
"NK","ETS2","lm",1132,74,NA,0.688171820530567,0.392871426517911,"cv_r2",-0.0632812346180934,0.0196078431372549,TRUE,NA,NA
"NK","ETS2","ridge",1132,74,NA,0.693552414351626,0.396356931519104,"cv_r2",-0.000544391267522926,0.0196078431372549,TRUE,NA,NA
"NK","ETS2","spearman",1132,74,NA,0.605929385098216,0.497439843521038,"cv_r2",0.00308731155684813,0.0196078431372549,TRUE,NA,NA
"NK","TBX21","rf",1132,74,0.70229505273921,0.69520862169386,0.493875907062019,"oob_r2",-0.031439705968123,0.0196078431372549,TRUE,0.856239582047801,0.933333333333333
"NK","TBX21","lm",1132,74,NA,0.680915784714887,0.554873912709011,"cv_r2",-0.0584350117181792,0.0196078431372549,TRUE,NA,NA
"NK","TBX21","ridge",1132,74,NA,0.683134431306151,0.57111966143382,"cv_r2",0.000339764866650153,0.0196078431372549,TRUE,NA,NA
"NK","TBX21","spearman",1132,74,NA,0.440642462941927,0.0595383057336429,"cv_r2",0.00288297613904763,0.0196078431372549,TRUE,NA,NA
"NK","POU2F2","rf",1132,74,0.651002319649859,0.640942711447621,0.0461725320704153,"oob_r2",-0.0378080144098992,0.0196078431372549,TRUE,0.887023242420503,1
"NK","POU2F2","lm",1132,74,NA,0.610393987466088,0.214214638150012,"cv_r2",-0.0756116992233652,0.0196078431372549,TRUE,NA,NA
"NK","POU2F2","ridge",1132,74,NA,0.60187906738871,0.190368867493006,"cv_r2",-0.000333899857146591,0.0196078431372549,TRUE,NA,NA
"NK","POU2F2","spearman",1132,74,NA,0.233534008080507,-0.56579471646096,"cv_r2",-0.00469922874906921,0.0196078431372549,TRUE,NA,NA
"NK","NFE2L2","rf",1132,74,0.623452593568891,0.617519519101695,0.513560920851127,"oob_r2",-0.0307300711970145,0.0196078431372549,TRUE,0.809519108149245,0.881481481481482
"NK","NFE2L2","lm",1132,74,NA,0.602794426040215,0.560397899273002,"cv_r2",-0.0571108009565279,0.0196078431372549,TRUE,NA,NA
"NK","NFE2L2","ridge",1132,74,NA,0.606933375953586,0.56474330284175,"cv_r2",0.0025517218892082,0.0196078431372549,TRUE,NA,NA
"NK","NFE2L2","spearman",1132,74,NA,0.399539276323403,0.250118952965517,"cv_r2",0.00396636786893116,0.0196078431372549,TRUE,NA,NA
"NK","MBD2","rf",1132,74,0.696378193341263,0.697929592583059,0.16696713818952,"oob_r2",-0.0273646187169709,0.0196078431372549,TRUE,0.870309761816611,0.77037037037037
"NK","MBD2","lm",1132,74,NA,0.66033483698488,0.242187613042654,"cv_r2",-0.0672521296025922,0.0196078431372549,TRUE,NA,NA
"NK","MBD2","ridge",1132,74,NA,0.656192501672295,0.230866622633936,"cv_r2",0.00196474198524136,0.0196078431372549,TRUE,NA,NA
"NK","MBD2","spearman",1132,74,NA,0.430956357267215,0.208936279813063,"cv_r2",-0.000150724816969181,0.0196078431372549,TRUE,NA,NA
"NK","ID2","rf",1132,74,0.655406555573794,0.641259126568121,0.541706346028672,"oob_r2",-0.0247794518218823,0.0196078431372549,TRUE,0.855603109959274,0.784126984126984
"NK","ID2","lm",1132,74,NA,0.645112941273724,0.566703051340776,"cv_r2",-0.0621141866991579,0.0196078431372549,TRUE,NA,NA
"NK","ID2","ridge",1132,74,NA,0.649040544873997,0.58264112514052,"cv_r2",-0.000354962427099082,0.0196078431372549,TRUE,NA,NA
"NK","ID2","spearman",1132,74,NA,0.425225655101389,0.303128316186253,"cv_r2",0.00554814552362137,0.0196078431372549,TRUE,NA,NA
"NK","ID1","rf",1132,74,0.633203959653694,0.633129277709153,0.513518555324426,"oob_r2",-0.0360346935901973,0.0196078431372549,TRUE,0.813581471882842,0.874074074074074
"NK","ID1","lm",1132,74,NA,0.63956151291988,0.540176681668543,"cv_r2",-0.0622798559074009,0.0196078431372549,TRUE,NA,NA
"NK","ID1","ridge",1132,74,NA,0.644515345713706,0.56100168588584,"cv_r2",0.00109550860089483,0.0196078431372549,TRUE,NA,NA
"NK","ID1","spearman",1132,74,NA,0.436004878650695,0.434458034268773,"cv_r2",-0.000321748217731866,0.0196078431372549,TRUE,NA,NA
"NK","CTCF","rf",1132,74,0.572851688155606,0.561560379669807,0.456654560186644,"oob_r2",-0.0310055991722176,0.0196078431372549,TRUE,0.831781151014028,0.668783068783069
"NK","CTCF","lm",1132,74,NA,0.576969435772468,0.519946335795733,"cv_r2",-0.0632703669822621,0.0196078431372549,TRUE,NA,NA
"NK","CTCF","ridge",1132,74,NA,0.580947839469063,0.537954418415073,"cv_r2",0.000390103273513164,0.0196078431372549,TRUE,NA,NA
"NK","CTCF","spearman",1132,74,NA,0.351670117280832,0.24559334930346,"cv_r2",0.0029449868143766,0.0196078431372549,TRUE,NA,NA
"NK","KLF9","rf",1132,74,0.671088890048504,0.661117470870429,0.0245377772355893,"oob_r2",-0.0227239863242044,0.0196078431372549,TRUE,0.870488790160023,0.881481481481482
"NK","KLF9","lm",1132,74,NA,0.647486118751989,0.283005758196247,"cv_r2",-0.0638494301830008,0.0196078431372549,TRUE,NA,NA
"NK","KLF9","ridge",1132,74,NA,0.641597431128128,0.232223562910328,"cv_r2",0.000555828823729209,0.0196078431372549,TRUE,NA,NA
"NK","KLF9","spearman",1132,74,NA,0.304321388803833,-0.071424889672046,"cv_r2",0.00660743188534506,0.0196078431372549,TRUE,NA,NA
"NK","ZNF148","rf",1132,74,0.628162316361534,0.612470595549722,0.0782650121921581,"oob_r2",-0.0325894437842094,0.0196078431372549,TRUE,0.880126043852071,0.722751322751323
"NK","ZNF148","lm",1132,74,NA,0.618651169666913,0.315551430727529,"cv_r2",-0.0706833123078701,0.0196078431372549,TRUE,NA,NA
"NK","ZNF148","ridge",1132,74,NA,0.614501208561607,0.297191596838401,"cv_r2",-0.000325102509615871,0.0196078431372549,TRUE,NA,NA
"NK","ZNF148","spearman",1132,74,NA,0.272349251362524,-0.238170421547093,"cv_r2",0.00295291150740516,0.0196078431372549,TRUE,NA,NA
"NK","ELF1","rf",1132,74,0.658252123728706,0.650186050393174,0.180780374555932,"oob_r2",-0.0304634067101993,0.0196078431372549,TRUE,0.869848368916862,0.718518518518519
"NK","ELF1","lm",1132,74,NA,0.665238511839118,0.381946927214436,"cv_r2",-0.0647416800569793,0.0196078431372549,TRUE,NA,NA
"NK","ELF1","ridge",1132,74,NA,0.658940325316524,0.357634980761461,"cv_r2",-5.40883123336892e-05,0.0196078431372549,TRUE,NA,NA
"NK","ELF1","spearman",1132,74,NA,0.371847838605583,0.144779354947765,"cv_r2",0.006193459589141,0.0196078431372549,TRUE,NA,NA
"NK","ATF4","rf",1132,74,0.467383577052824,0.463395253894793,0.123392701883757,"oob_r2",-0.0397798820523272,0.0196078431372549,TRUE,0.841457238059978,0.844444444444444
"NK","ATF4","lm",1132,74,NA,0.384740406019223,0.118099121818364,"cv_r2",-0.0628297837466005,0.0196078431372549,TRUE,NA,NA
"NK","ATF4","ridge",1132,74,NA,0.392220767804518,0.186839482086571,"cv_r2",0.000279604637171243,0.0196078431372549,TRUE,NA,NA
"NK","ATF4","spearman",1132,74,NA,0.26627866768611,0.102916831993564,"cv_r2",-0.000245438037864232,0.0196078431372549,TRUE,NA,NA
"NK","CHD2","rf",1132,74,0.560792536497378,0.562922460944221,0.400828434212808,"oob_r2",-0.0271928693605246,0.0196078431372549,TRUE,0.845491957711136,0.625396825396825
"NK","CHD2","lm",1132,74,NA,0.569004848310063,0.508763346533047,"cv_r2",-0.0721991908626659,0.0196078431372549,TRUE,NA,NA
"NK","CHD2","ridge",1132,74,NA,0.572518234202179,0.518827761143319,"cv_r2",0.000246513275123242,0.0196078431372549,TRUE,NA,NA
"NK","CHD2","spearman",1132,74,NA,0.418386764582935,0.38891636877538,"cv_r2",0.00365547621570918,0.0196078431372549,TRUE,NA,NA
"NK","ZFX","rf",1132,74,0.484148239253617,0.482999789420343,-0.106686259154057,"oob_r2",-0.0444729083776342,0.0196078431372549,TRUE,0.821465300917356,0.77037037037037
"NK","ZFX","lm",1132,74,NA,0.449958560889896,0.0499589039364032,"cv_r2",-0.0619114526096268,0.0196078431372549,TRUE,NA,NA
"NK","ZFX","ridge",1132,74,NA,0.45664694793148,-0.00456438409269966,"cv_r2",-0.000354973526065206,0.0196078431372549,TRUE,NA,NA
"NK","ZFX","spearman",1132,74,NA,0.287522089873337,-0.294448500787006,"cv_r2",-0.00324287105514492,0.0196078431372549,TRUE,NA,NA
"NK","GTF2I","rf",1132,74,0.624342530691123,0.611892729429899,-0.224736050143949,"oob_r2",-0.034733502767557,0.0196078431372549,TRUE,0.869365913859064,0.674074074074074
"NK","GTF2I","lm",1132,74,NA,0.564642351009526,-0.142779494477499,"cv_r2",-0.0712465846629178,0.0196078431372549,TRUE,NA,NA
"NK","GTF2I","ridge",1132,74,NA,0.539862925090703,-0.251960880993207,"cv_r2",-0.000975221648802538,0.0196078431372549,TRUE,NA,NA
"NK","GTF2I","spearman",1132,74,NA,0.215143375926005,-1.13003769360846,"cv_r2",0.00135893182913453,0.0196078431372549,TRUE,NA,NA
"NK","ELF2","rf",1132,74,0.513359143072745,0.469163096612076,0.173229922346561,"oob_r2",-0.0642133585743953,0.0196078431372549,TRUE,0.594309268172282,0.697354497354497
"NK","ELF2","lm",1132,74,NA,0.292922290660641,0.0536103396970622,"cv_r2",-0.0600192066529739,0.0196078431372549,TRUE,NA,NA
"NK","ELF2","ridge",1132,74,NA,0.31092771118181,0.115089094255235,"cv_r2",0.000183221190615085,0.0196078431372549,TRUE,NA,NA
"NK","ELF2","spearman",1132,74,NA,0.170839953404697,0.095601352171874,"cv_r2",-0.000743649454766648,0.0196078431372549,TRUE,NA,NA
"NK","KLF4","rf",1132,74,0.571170728738441,0.571419978386045,-0.104810655664982,"oob_r2",-0.0433173534237301,0.0196078431372549,TRUE,0.804995351515899,0.706878306878307
"NK","KLF4","lm",1132,74,NA,0.545994103857287,0.0999826119852684,"cv_r2",-0.0573133118881258,0.0196078431372549,TRUE,NA,NA
"NK","KLF4","ridge",1132,74,NA,0.5415655309047,0.0321205729709163,"cv_r2",-0.000132463697137919,0.0196078431372549,TRUE,NA,NA
"NK","KLF4","spearman",1132,74,NA,0.175010763771939,-0.534198090328741,"cv_r2",0.00289710945781771,0.0196078431372549,TRUE,NA,NA
"NK","REST","rf",1132,74,0.653308102792076,0.64851920659296,-0.186598673602455,"oob_r2",-0.0270436084427182,0.0196078431372549,TRUE,0.875225801143609,0.762962962962963
"NK","REST","lm",1132,74,NA,0.617333163063505,-0.0334100669954762,"cv_r2",-0.0512729576240376,0.0196078431372549,TRUE,NA,NA
"NK","REST","ridge",1132,74,NA,0.613034631704378,-0.0942079929562694,"cv_r2",0.000672466921992104,0.0196078431372549,TRUE,NA,NA
"NK","REST","spearman",1132,74,NA,0.266226492443392,-0.368859638998275,"cv_r2",-0.00150358269692146,0.0196078431372549,TRUE,NA,NA
"NK","SP100","rf",1132,74,0.568376995891106,0.560353322255952,-0.233218256653518,"oob_r2",-0.0378371928103783,0.0196078431372549,TRUE,0.787461763132996,1
"NK","SP100","lm",1132,74,NA,0.533620350354717,-0.268349170059848,"cv_r2",-0.0610723688795827,0.0196078431372549,TRUE,NA,NA
"NK","SP100","ridge",1132,74,NA,0.5354978808089,-0.310120993355209,"cv_r2",0.00137025137144324,0.0196078431372549,TRUE,NA,NA
"NK","SP100","spearman",1132,74,NA,0.319758562244635,-0.521891464300754,"cv_r2",0.00619146172140516,0.0196078431372549,TRUE,NA,NA
"NK","IKZF3","rf",1132,74,0.542825375783346,0.53443358367884,-0.00285005954442785,"oob_r2",-0.03764099627724,0.0196078431372549,TRUE,0.819982393352256,0.874074074074074
"NK","IKZF3","lm",1132,74,NA,0.506903809853696,0.0224112481069628,"cv_r2",-0.0598440019910121,0.0196078431372549,TRUE,NA,NA
"NK","IKZF3","ridge",1132,74,NA,0.510611089899336,-0.0450196093070681,"cv_r2",0.00188552271350405,0.0196078431372549,TRUE,NA,NA
"NK","IKZF3","spearman",1132,74,NA,0.347628832676827,-0.383468128266187,"cv_r2",0.00206754003038827,0.0196078431372549,TRUE,NA,NA
"NK","BHLHE40","rf",1132,74,0.582417736761085,0.585784910751186,-0.12775788071328,"oob_r2",-0.0369375927703501,0.0196078431372549,TRUE,0.849949236908141,0.933333333333333
"NK","BHLHE40","lm",1132,74,NA,0.546304267327485,0.101091842594323,"cv_r2",-0.0599573398719196,0.0196078431372549,TRUE,NA,NA
"NK","BHLHE40","ridge",1132,74,NA,0.540781156864773,0.00177323467714674,"cv_r2",-0.00050761766992905,0.0196078431372549,TRUE,NA,NA
"NK","BHLHE40","spearman",1132,74,NA,0.229514032939594,-0.135614646134937,"cv_r2",-0.000416379213855791,0.0196078431372549,TRUE,NA,NA
"NK","DDIT3","rf",1132,74,0.566628560823289,0.567871978361874,0.350147221608402,"oob_r2",-0.0247393535926717,0.0196078431372549,TRUE,0.799955572010366,0.881481481481481
"NK","DDIT3","lm",1132,74,NA,0.537453918603008,0.390534827553237,"cv_r2",-0.0617945369714129,0.0196078431372549,TRUE,NA,NA
"NK","DDIT3","ridge",1132,74,NA,0.540963929706778,0.412203909934512,"cv_r2",0.0010125956571314,0.0196078431372549,TRUE,NA,NA
"NK","DDIT3","spearman",1132,74,NA,0.263606036533292,0.136651853868975,"cv_r2",0.000467189404710959,0.0196078431372549,TRUE,NA,NA
"NK","SMARCA5","rf",1132,74,0.59727920735315,0.582280274823206,0.275458499352444,"oob_r2",-0.0384561173609348,0.0196078431372549,TRUE,0.809866633757045,0.8
"NK","SMARCA5","lm",1132,74,NA,0.575616911337261,0.313920661445221,"cv_r2",-0.0521630649162691,0.0196078431372549,TRUE,NA,NA
"NK","SMARCA5","ridge",1132,74,NA,0.575718676472602,0.271563421376561,"cv_r2",0.000685177223061355,0.0196078431372549,TRUE,NA,NA
"NK","SMARCA5","spearman",1132,74,NA,0.366368771065641,0.0347526050293843,"cv_r2",0.00340215854994484,0.0196078431372549,TRUE,NA,NA
"NK","FUBP1","rf",1132,74,0.678725851518876,0.664913218179902,-0.302887450481746,"oob_r2",-0.0475160690510279,0.0196078431372549,TRUE,0.858231930560698,0.692063492063492
"NK","FUBP1","lm",1132,74,NA,0.629701843428381,-0.227663527374286,"cv_r2",-0.0722139908666719,0.0196078431372549,TRUE,NA,NA
"NK","FUBP1","ridge",1132,74,NA,0.624806705678413,-0.239633342204373,"cv_r2",-0.000813097231280758,0.0196078431372549,TRUE,NA,NA
"NK","FUBP1","spearman",1132,74,NA,0.31214695031503,-0.0927063078997619,"cv_r2",-7.51635431080047e-05,0.0196078431372549,TRUE,NA,NA
"NK","KLF2","rf",1132,74,0.601230135955936,0.599816796953886,0.30768130225814,"oob_r2",-0.0326898914399802,0.0196078431372549,TRUE,0.782456867826731,0.933333333333333
"NK","KLF2","lm",1132,74,NA,0.602786926634504,0.325017439016693,"cv_r2",-0.0508415993270102,0.0196078431372549,TRUE,NA,NA
"NK","KLF2","ridge",1132,74,NA,0.603319508357673,0.300760244868961,"cv_r2",0.00156330249522735,0.0196078431372549,TRUE,NA,NA
"NK","KLF2","spearman",1132,74,NA,0.397951351376925,-0.253889711831095,"cv_r2",0.000419040569611355,0.0196078431372549,TRUE,NA,NA
"NK","STAT1","rf",1132,74,0.704134919848173,0.685878941252527,-0.60638165964807,"oob_r2",-0.0454929322972859,0.0196078431372549,TRUE,0.850094697437163,1
"NK","STAT1","lm",1132,74,NA,0.625440660528614,-0.653163557676426,"cv_r2",-0.0713973504791096,0.0196078431372549,TRUE,NA,NA
"NK","STAT1","ridge",1132,74,NA,0.613953153697608,-0.648328506672801,"cv_r2",-0.00038217743304223,0.0196078431372549,TRUE,NA,NA
"NK","STAT1","spearman",1132,74,NA,0.18466611666355,-1.87098759756692,"cv_r2",-0.000193557250269191,0.0196078431372549,TRUE,NA,NA
"NK","STAT6","rf",1132,74,0.476086086270138,0.450425081103321,-0.0443738316645799,"oob_r2",-0.0403578073638175,0.0196078431372549,TRUE,0.85653379406804,0.82962962962963
"NK","STAT6","lm",1132,74,NA,0.386087990797768,-0.302133024067629,"cv_r2",-0.069688000757277,0.0196078431372549,TRUE,NA,NA
"NK","STAT6","ridge",1132,74,NA,0.405909132667065,-0.0951103121622243,"cv_r2",0.00146895821462946,0.0196078431372549,TRUE,NA,NA
"NK","STAT6","spearman",1132,74,NA,0.184576807418925,-0.5178062769284,"cv_r2",0.00229969194755079,0.0196078431372549,TRUE,NA,NA
"NK","SMAD3","rf",1132,74,0.49734141655993,0.472693475825306,0.254312362740547,"oob_r2",-0.0360241884861413,0.0196078431372549,TRUE,0.790188654407832,1
"NK","SMAD3","lm",1132,74,NA,0.454560392897988,0.197178450532119,"cv_r2",-0.0652766722116266,0.0196078431372549,TRUE,NA,NA
"NK","SMAD3","ridge",1132,74,NA,0.465027459267637,0.269741291366575,"cv_r2",0.00170896537964257,0.0196078431372549,TRUE,NA,NA
"NK","SMAD3","spearman",1132,74,NA,0.322213777742428,0.150990830710648,"cv_r2",0.000438312737462946,0.0196078431372549,TRUE,NA,NA
"NK","KLF10","rf",1132,74,0.603337147058359,0.606799249729173,0.0772128817133304,"oob_r2",-0.0517597156128872,0.0196078431372549,TRUE,0.824109918137315,1
"NK","KLF10","lm",1132,74,NA,0.576223040493033,0.226508629931553,"cv_r2",-0.0507460067502134,0.0196078431372549,TRUE,NA,NA
"NK","KLF10","ridge",1132,74,NA,0.580616976543455,0.187925435584229,"cv_r2",0.000815861628034479,0.0196078431372549,TRUE,NA,NA
"NK","KLF10","spearman",1132,74,NA,0.260636577412477,-0.320663361749076,"cv_r2",-0.00215144237014194,0.0196078431372549,TRUE,NA,NA
"NK","EWSR1","rf",1132,74,0.562671808426332,0.562146206784733,0.420213869509565,"oob_r2",-0.0330715964086848,0.0196078431372549,TRUE,0.837281007034432,0.82962962962963
"NK","EWSR1","lm",1132,74,NA,0.510011304710742,0.437729068530565,"cv_r2",-0.0633568000437274,0.0196078431372549,TRUE,NA,NA
"NK","EWSR1","ridge",1132,74,NA,0.517804599879669,0.452547402437428,"cv_r2",0.000433776218902315,0.0196078431372549,TRUE,NA,NA
"NK","EWSR1","spearman",1132,74,NA,0.38048484446851,0.380729534495471,"cv_r2",0.00464307174511882,0.0196078431372549,TRUE,NA,NA
"NK","ITGB2","rf",1132,74,0.606618666327947,0.603545945420282,0.304968858991007,"oob_r2",-0.034950076125576,0.0196078431372549,TRUE,0.795122464930684,1
"NK","ITGB2","lm",1132,74,NA,0.589528502757274,0.278409003699614,"cv_r2",-0.0535348703124619,0.0196078431372549,TRUE,NA,NA
"NK","ITGB2","ridge",1132,74,NA,0.594255637820666,0.25679683405907,"cv_r2",0.00240774427572873,0.0196078431372549,TRUE,NA,NA
"NK","ITGB2","spearman",1132,74,NA,0.416432565690534,0.0865507248855152,"cv_r2",2.81153697010695e-05,0.0196078431372549,TRUE,NA,NA
"NK","GATA3","rf",1132,74,0.64193690919543,0.635668264465798,0.0301467272323093,"oob_r2",-0.0304396397166819,0.0196078431372549,TRUE,0.894991978279649,1
"NK","GATA3","lm",1132,74,NA,0.602590310758244,0.205020081482265,"cv_r2",-0.0676236928909402,0.0196078431372549,TRUE,NA,NA
"NK","GATA3","ridge",1132,74,NA,0.604668104433805,0.199298734600243,"cv_r2",0.000187346110246588,0.0196078431372549,TRUE,NA,NA
"NK","GATA3","spearman",1132,74,NA,0.269918753206126,-0.638802449599678,"cv_r2",0.00164934643394474,0.0196078431372549,TRUE,NA,NA
"NK","IKZF1","rf",1132,74,0.58566535308751,0.586063539743619,0.0805588014265325,"oob_r2",-0.0408487590874038,0.0196078431372549,TRUE,0.842849315068493,0.692063492063492
"NK","IKZF1","lm",1132,74,NA,0.565914246059751,0.198589001197898,"cv_r2",-0.0576157577811631,0.0196078431372549,TRUE,NA,NA
"NK","IKZF1","ridge",1132,74,NA,0.569365245347634,0.111077732359612,"cv_r2",0.00164887087576735,0.0196078431372549,TRUE,NA,NA
"NK","IKZF1","spearman",1132,74,NA,0.361739323909568,-0.105251460437095,"cv_r2",0.00444585940616961,0.0196078431372549,TRUE,NA,NA
"NK","CUX1","rf",1132,74,0.581819745107959,0.573328191362925,0.427365865947667,"oob_r2",-0.0285772890735873,0.0196078431372549,TRUE,0.791873627051709,0.844444444444444
"NK","CUX1","lm",1132,74,NA,0.514100125316762,0.431570643012774,"cv_r2",-0.0679780690317261,0.0196078431372549,TRUE,NA,NA
"NK","CUX1","ridge",1132,74,NA,0.5229987563042,0.430095069467197,"cv_r2",-0.000401722301932396,0.0196078431372549,TRUE,NA,NA
"NK","CUX1","spearman",1132,74,NA,0.386170638822602,0.340837686280872,"cv_r2",0.00110851406993163,0.0196078431372549,TRUE,NA,NA
"NK","TCF7","rf",1132,74,0.547450688139645,0.531560996117184,-0.227059455845245,"oob_r2",-0.0317609353458008,0.0196078431372549,TRUE,0.842474145378255,0.868783068783069
"NK","TCF7","lm",1132,74,NA,0.504491992017868,-0.176601967690858,"cv_r2",-0.0549000114043264,0.0196078431372549,TRUE,NA,NA
"NK","TCF7","ridge",1132,74,NA,0.512502356818815,-0.153002724715335,"cv_r2",0.000104121929943124,0.0196078431372549,TRUE,NA,NA
"NK","TCF7","spearman",1132,74,NA,0.351924627437349,-0.413121993955386,"cv_r2",-0.000860449466660653,0.0196078431372549,TRUE,NA,NA
"NK","YBX1","rf",1132,74,0.521077477561578,0.514699367840746,0.32559935697562,"oob_r2",-0.0392128725090665,0.0196078431372549,TRUE,0.815641614216957,0.8
"NK","YBX1","lm",1132,74,NA,0.486801366690339,0.319421311994267,"cv_r2",-0.058573803847113,0.0196078431372549,TRUE,NA,NA
"NK","YBX1","ridge",1132,74,NA,0.491528045157736,0.315512979410181,"cv_r2",0.00134262904599401,0.0196078431372549,TRUE,NA,NA
"NK","YBX1","spearman",1132,74,NA,0.375866198742177,0.198353434034818,"cv_r2",0.00422821387310671,0.0196078431372549,TRUE,NA,NA
"NK","ZNF331","rf",1132,74,0.60224730077238,0.585595691589893,0.114696919759215,"oob_r2",-0.0342354518261236,0.0196078431372549,TRUE,0.813628203546012,0.740740740740741
"NK","ZNF331","lm",1132,74,NA,0.575794780476064,0.301034957072774,"cv_r2",-0.0564431209358063,0.0196078431372549,TRUE,NA,NA
"NK","ZNF331","ridge",1132,74,NA,0.581807526226351,0.230227648252606,"cv_r2",0.00121390608736421,0.0196078431372549,TRUE,NA,NA
"NK","ZNF331","spearman",1132,74,NA,0.413700825382091,-0.14866690085427,"cv_r2",0.00280817776598231,0.0196078431372549,TRUE,NA,NA
"NK","RUNX3","rf",1132,74,0.584197317051866,0.586530069039084,0.359177098714386,"oob_r2",-0.0331024020849613,0.0196078431372549,TRUE,0.818835822123493,0.933333333333333
"NK","RUNX3","lm",1132,74,NA,0.559042882683431,0.361721851233296,"cv_r2",-0.0506040402387317,0.0196078431372549,TRUE,NA,NA
"NK","RUNX3","ridge",1132,74,NA,0.567025517253793,0.366445659266946,"cv_r2",0.00281093408999751,0.0196078431372549,TRUE,NA,NA
"NK","RUNX3","spearman",1132,74,NA,0.415625124348815,0.136711204749517,"cv_r2",-0.000388143204534198,0.0196078431372549,TRUE,NA,NA
"NK","PURA","rf",1132,74,0.644983996598793,0.644454303877882,0.305799068952602,"oob_r2",-0.0339203568444849,0.0196078431372549,TRUE,0.802298078900819,0.82962962962963
"NK","PURA","lm",1132,74,NA,0.624226037602117,0.306589382782259,"cv_r2",-0.0592178047973295,0.0196078431372549,TRUE,NA,NA
"NK","PURA","ridge",1132,74,NA,0.632816312274364,0.307519898865146,"cv_r2",-0.000187468037265171,0.0196078431372549,TRUE,NA,NA
"NK","PURA","spearman",1132,74,NA,0.482287285986352,0.14365751199203,"cv_r2",0.00146712853630532,0.0196078431372549,TRUE,NA,NA
"NK","TFDP2","rf",1132,74,0.614374583867899,0.616450593183476,0.4120579671955,"oob_r2",-0.0272488550104584,0.0196078431372549,TRUE,0.839028507960015,0.785185185185185
"NK","TFDP2","lm",1132,74,NA,0.572820821397774,0.319576731663099,"cv_r2",-0.0541725251583916,0.0196078431372549,TRUE,NA,NA
"NK","TFDP2","ridge",1132,74,NA,0.589317905767558,0.403185537844858,"cv_r2",-4.77769908602832e-05,0.0196078431372549,TRUE,NA,NA
"NK","TFDP2","spearman",1132,74,NA,0.492404109798044,0.449409082055042,"cv_r2",0.00305210351797096,0.0196078431372549,TRUE,NA,NA
"NK","RORA","rf",1132,74,0.651580046879465,0.643637794696785,0.224817905529312,"oob_r2",-0.0376788636147104,0.0196078431372549,TRUE,0.832865852153523,0.933333333333333
"NK","RORA","lm",1132,74,NA,0.665834599831395,0.484146245205357,"cv_r2",-0.0615033222353638,0.0196078431372549,TRUE,NA,NA
"NK","RORA","ridge",1132,74,NA,0.668413945634659,0.442199737601067,"cv_r2",0.00114500766637939,0.0196078431372549,TRUE,NA,NA
"NK","RORA","spearman",1132,74,NA,0.434438385097223,-0.180612397697073,"cv_r2",-0.000957303427148507,0.0196078431372549,TRUE,NA,NA
"NK","ASCL2","rf",1132,74,0.675342546449941,0.671112165300095,0.255943668292055,"oob_r2",-0.035007584933587,0.0196078431372549,TRUE,0.830052737669176,0.785185185185185
"NK","ASCL2","lm",1132,74,NA,0.660054212186162,0.438294621660497,"cv_r2",-0.0525263898320073,0.0196078431372549,TRUE,NA,NA
"NK","ASCL2","ridge",1132,74,NA,0.661467596560386,0.429060782186605,"cv_r2",0.00111292892903366,0.0196078431372549,TRUE,NA,NA
"NK","ASCL2","spearman",1132,74,NA,0.468471398396709,0.18943310560438,"cv_r2",0.00046198083723739,0.0196078431372549,TRUE,NA,NA
"NK","NFATC3","rf",1132,74,0.610461579480101,0.597422784539745,-0.485946596868878,"oob_r2",-0.0301212851262317,0.0196078431372549,TRUE,0.846106709449175,0.874074074074074
"NK","NFATC3","lm",1132,74,NA,0.575814106579038,-0.385176647909629,"cv_r2",-0.0553864883833461,0.0196078431372549,TRUE,NA,NA
"NK","NFATC3","ridge",1132,74,NA,0.577661614709428,-0.337749685765279,"cv_r2",-0.000250135156570864,0.0196078431372549,TRUE,NA,NA
"NK","NFATC3","spearman",1132,74,NA,0.341966880827333,-0.524082564182771,"cv_r2",0.0021181571136233,0.0196078431372549,TRUE,NA,NA
"NK","JUND","rf",1132,74,0.628708678871108,0.624689112704001,-0.0562670362695616,"oob_r2",-0.0375143748759213,0.0196078431372549,TRUE,0.850829898391542,1
"NK","JUND","lm",1132,74,NA,0.61814822281857,0.229240939245433,"cv_r2",-0.0500494917689841,0.0196078431372549,TRUE,NA,NA
"NK","JUND","ridge",1132,74,NA,0.61908590847655,0.168251951038677,"cv_r2",-0.000416660295030125,0.0196078431372549,TRUE,NA,NA
"NK","JUND","spearman",1132,74,NA,0.300760839872335,-0.438606796546572,"cv_r2",0.00361802511355248,0.0196078431372549,TRUE,NA,NA
"NK","ENO1","rf",1132,74,0.700588440921576,0.689073308081048,0.490758227929809,"oob_r2",-0.0323769269158422,0.0196078431372549,TRUE,0.790117569624419,0.822222222222222
"NK","ENO1","lm",1132,74,NA,0.697634705858789,0.547643440077515,"cv_r2",-0.0565457879271374,0.0196078431372549,TRUE,NA,NA
"NK","ENO1","ridge",1132,74,NA,0.696962917731205,0.532831907137441,"cv_r2",0.00249603866019519,0.0196078431372549,TRUE,NA,NA
"NK","ENO1","spearman",1132,74,NA,0.506130314373861,0.273008530096322,"cv_r2",0.00252415366323254,0.0196078431372549,TRUE,NA,NA
"NK","IRF7","rf",1132,74,0.74191555693349,0.732977397081555,-0.280441799071617,"oob_r2",-0.0596951004853498,0.0196078431372549,TRUE,0.82829404747213,0.814814814814815
"NK","IRF7","lm",1132,74,NA,0.662733215455814,-0.306823187138282,"cv_r2",-0.0667951248131033,0.0196078431372549,TRUE,NA,NA
"NK","IRF7","ridge",1132,74,NA,0.649871586848936,-0.373080567000018,"cv_r2",-7.74167744438564e-05,0.0196078431372549,TRUE,NA,NA
"NK","IRF7","spearman",1132,74,NA,0.104374573661051,-1.27318759990793,"cv_r2",0.00157251587955993,0.0196078431372549,TRUE,NA,NA
"NK","BACH1","rf",1132,74,0.649652111474925,0.643217614889426,0.415609317906027,"oob_r2",-0.0352211700921807,0.0196078431372549,TRUE,0.824241556625118,0.82962962962963
"NK","BACH1","lm",1132,74,NA,0.612134545663393,0.43170567300839,"cv_r2",-0.0600143114981114,0.0196078431372549,TRUE,NA,NA
"NK","BACH1","ridge",1132,74,NA,0.619732815754581,0.42127151158449,"cv_r2",0.000156754527602186,0.0196078431372549,TRUE,NA,NA
"NK","BACH1","spearman",1132,74,NA,0.518400451734257,0.446868179845775,"cv_r2",0.00229374305368647,0.0196078431372549,TRUE,NA,NA
"NK","RELB","rf",1132,74,0.637504402558519,0.6299615476696,0.353713886407249,"oob_r2",-0.0362483910218174,0.0196078431372549,TRUE,0.828433584269201,0.933333333333333
"NK","RELB","lm",1132,74,NA,0.605727911903412,0.43470520616601,"cv_r2",-0.0580216464015538,0.0196078431372549,TRUE,NA,NA
"NK","RELB","ridge",1132,74,NA,0.614715308170861,0.412564490448422,"cv_r2",0.00341338468025085,0.0196078431372549,TRUE,NA,NA
"NK","RELB","spearman",1132,74,NA,0.507296144984546,0.381372149611486,"cv_r2",0.00159344186861638,0.0196078431372549,TRUE,NA,NA
"NK","CEBPZ","rf",1132,74,0.613643982363364,0.624098150283328,0.434334322918871,"oob_r2",-0.0391971844806823,0.0196078431372549,TRUE,0.833439795960344,0.816931216931217
"NK","CEBPZ","lm",1132,74,NA,0.604704505006236,0.510732031281803,"cv_r2",-0.0536068396834905,0.0196078431372549,TRUE,NA,NA
"NK","CEBPZ","ridge",1132,74,NA,0.611521071915778,0.506250009580914,"cv_r2",0.00355477919270543,0.0196078431372549,TRUE,NA,NA
"NK","CEBPZ","spearman",1132,74,NA,0.481918624648948,0.431977252939704,"cv_r2",0.00104762221253285,0.0196078431372549,TRUE,NA,NA
"NK","RARB","rf",1132,74,0.670826187293192,0.660557817890517,0.542201143830931,"oob_r2",-0.0352805052261216,0.0196078431372549,TRUE,0.805356699164918,0.774603174603175
"NK","RARB","lm",1132,74,NA,0.640519394933653,0.540588501452099,"cv_r2",-0.0615700357569612,0.0196078431372549,TRUE,NA,NA
"NK","RARB","ridge",1132,74,NA,0.643911546522461,0.557068267997958,"cv_r2",-0.000534826665794187,0.0196078431372549,TRUE,NA,NA
"NK","RARB","spearman",1132,74,NA,0.486563430075602,0.345902909644017,"cv_r2",0.00307011834673798,0.0196078431372549,TRUE,NA,NA
"NK","HMGN3","rf",1132,74,0.658485151344507,0.654778876476759,0.54476365034874,"oob_r2",-0.0263364996350638,0.0196078431372549,TRUE,0.790103089390761,0.785185185185185
"NK","HMGN3","lm",1132,74,NA,0.632527795970741,0.5641099908823,"cv_r2",-0.0617040586315436,0.0196078431372549,TRUE,NA,NA
"NK","HMGN3","ridge",1132,74,NA,0.637522730732365,0.576043478394802,"cv_r2",0.000805319961688965,0.0196078431372549,TRUE,NA,NA
"NK","HMGN3","spearman",1132,74,NA,0.493628432825006,0.488250237176919,"cv_r2",0.00249555924826921,0.0196078431372549,TRUE,NA,NA
"NK","KLF5","rf",1132,74,0.654104058947941,0.636740159065346,0.351869432940654,"oob_r2",-0.0372498046944366,0.0196078431372549,TRUE,0.826955284051174,0.792592592592593
"NK","KLF5","lm",1132,74,NA,0.59354425685755,0.494762906854228,"cv_r2",-0.0651136234585841,0.0196078431372549,TRUE,NA,NA
"NK","KLF5","ridge",1132,74,NA,0.5995432216429,0.503773412077267,"cv_r2",-0.00031173202625442,0.0196078431372549,TRUE,NA,NA
"NK","KLF5","spearman",1132,74,NA,0.269790052434782,-0.0490711269363602,"cv_r2",0.00540043728313159,0.0196078431372549,TRUE,NA,NA
"NK","JUNB","rf",1132,74,0.668755187732551,0.668220563930127,0.495948368898522,"oob_r2",-0.0414275036281493,0.0196078431372549,TRUE,0.760157307992924,0.874074074074074
"NK","JUNB","lm",1132,74,NA,0.664872888171417,0.564663393003973,"cv_r2",-0.0551575741741367,0.0196078431372549,TRUE,NA,NA
"NK","JUNB","ridge",1132,74,NA,0.667336158556965,0.562162635816705,"cv_r2",0.00285937015443877,0.0196078431372549,TRUE,NA,NA
"NK","JUNB","spearman",1132,74,NA,0.499068789045601,0.351833095443883,"cv_r2",0.00105796221459032,0.0196078431372549,TRUE,NA,NA
"NK","TCF7L2","rf",1132,74,0.62424864530166,0.607328967338166,0.0198125924885394,"oob_r2",-0.0311854356410974,0.0196078431372549,TRUE,0.813982311078201,0.881481481481481
"NK","TCF7L2","lm",1132,74,NA,0.634208865171604,0.344455546372801,"cv_r2",-0.0512412010809318,0.0196078431372549,TRUE,NA,NA
"NK","TCF7L2","ridge",1132,74,NA,0.639659355795032,0.297054481053045,"cv_r2",0.00292349364244883,0.0196078431372549,TRUE,NA,NA
"NK","TCF7L2","spearman",1132,74,NA,0.42575408330149,-0.19054939820072,"cv_r2",-0.0011444377300052,0.0196078431372549,TRUE,NA,NA
"NK","IRF9","rf",1132,74,0.733708449368493,0.745587406233065,-0.166049463217744,"oob_r2",-0.051375279553616,0.0196078431372549,TRUE,0.858373441935086,1
"NK","IRF9","lm",1132,74,NA,0.672073909812268,-0.143088066915999,"cv_r2",-0.0663142961109445,0.0196078431372549,TRUE,NA,NA
"NK","IRF9","ridge",1132,74,NA,0.66091651178408,-0.187976181468889,"cv_r2",0.000717442885398472,0.0196078431372549,TRUE,NA,NA
"NK","IRF9","spearman",1132,74,NA,0.171702899276572,-1.08872699870608,"cv_r2",0.00450905849200179,0.0196078431372549,TRUE,NA,NA
"NK","MAFB","rf",1132,74,0.669170743451979,0.665254960179071,0.459805897730183,"oob_r2",-0.0368860146046605,0.0196078431372549,TRUE,0.813700604714303,0.8
"NK","MAFB","lm",1132,74,NA,0.650454223714075,0.501326577507644,"cv_r2",-0.0555942124667549,0.0196078431372549,TRUE,NA,NA
"NK","MAFB","ridge",1132,74,NA,0.6580121027732,0.521254807617003,"cv_r2",0.00190741562641263,0.0196078431372549,TRUE,NA,NA
"NK","MAFB","spearman",1132,74,NA,0.456397890390083,0.199405267940018,"cv_r2",0.00603263423172308,0.0196078431372549,TRUE,NA,NA
"NK","REL","rf",1132,74,0.619689810676741,0.621834133900903,0.386711449752796,"oob_r2",-0.0379130981288322,0.0196078431372549,TRUE,0.799335554732815,0.844444444444444
"NK","REL","lm",1132,74,NA,0.603722832844052,0.50251514222833,"cv_r2",-0.0574040598980147,0.0196078431372549,TRUE,NA,NA
"NK","REL","ridge",1132,74,NA,0.608182102037113,0.480597419657999,"cv_r2",0.007612363251635,0.0196078431372549,TRUE,NA,NA
"NK","REL","spearman",1132,74,NA,0.478827385872427,0.380693456458264,"cv_r2",-0.000218215317010234,0.0196078431372549,TRUE,NA,NA
"NK","RAD21","rf",1132,74,0.628856559867631,0.626034161165109,0.307326863729004,"oob_r2",-0.0409771438765191,0.0196078431372549,TRUE,0.783443498292813,0.762962962962963
"NK","RAD21","lm",1132,74,NA,0.615034577331171,0.412467488600095,"cv_r2",-0.0622245280121385,0.0196078431372549,TRUE,NA,NA
"NK","RAD21","ridge",1132,74,NA,0.619976610936641,0.40392802400738,"cv_r2",0.00419298299991295,0.0196078431372549,TRUE,NA,NA
"NK","RAD21","spearman",1132,74,NA,0.416896088961188,-0.0160088200449562,"cv_r2",-0.000964701454490916,0.0196078431372549,TRUE,NA,NA
"NK","STAT4","rf",1132,74,0.728582411192326,0.721479379219455,0.59867037358648,"oob_r2",-0.0317885170058427,0.0196078431372549,TRUE,0.821615368793451,0.881481481481481
"NK","STAT4","lm",1132,74,NA,0.699502595177593,0.634291215991078,"cv_r2",-0.0557997838602737,0.0196078431372549,TRUE,NA,NA
"NK","STAT4","ridge",1132,74,NA,0.706598167372218,0.652820701553486,"cv_r2",0.00170396402397695,0.0196078431372549,TRUE,NA,NA
"NK","STAT4","spearman",1132,74,NA,0.516523177600342,0.444548801312274,"cv_r2",-0.000974781384938407,0.0196078431372549,TRUE,NA,NA
"NK","FOXP1","rf",1132,74,0.699652499411693,0.698409165020132,0.507193204164948,"oob_r2",-0.0248557330517485,0.0196078431372549,TRUE,0.844844954543585,0.814814814814815
"NK","FOXP1","lm",1132,74,NA,0.685496681713398,0.560244724007292,"cv_r2",-0.0635746610636941,0.0196078431372549,TRUE,NA,NA
"NK","FOXP1","ridge",1132,74,NA,0.69084922723543,0.570933064227826,"cv_r2",0.00113136538523145,0.0196078431372549,TRUE,NA,NA
"NK","FOXP1","spearman",1132,74,NA,0.476087606599245,0.336476386393479,"cv_r2",0.00570807481710499,0.0196078431372549,TRUE,NA,NA
"NK","IRF8","rf",1132,74,0.677255529102173,0.666395907072604,0.427239005564243,"oob_r2",-0.0212852954622644,0.0196078431372549,TRUE,0.82054054054054,1
"NK","IRF8","lm",1132,74,NA,0.656740926337731,0.502730373745991,"cv_r2",-0.0623959684539651,0.0196078431372549,TRUE,NA,NA
"NK","IRF8","ridge",1132,74,NA,0.663830987798637,0.504387980091361,"cv_r2",-2.73324403062065e-05,0.0196078431372549,TRUE,NA,NA
"NK","IRF8","spearman",1132,74,NA,0.536464852392847,0.445988671453994,"cv_r2",0.00440562968103009,0.0196078431372549,TRUE,NA,NA
"NK","MYBL1","rf",1132,74,0.668579789380035,0.666245840928883,0.569848678195414,"oob_r2",-0.033329239727823,0.0196078431372549,TRUE,0.802866757168127,1
"NK","MYBL1","lm",1132,74,NA,0.637400094890735,0.581030776677929,"cv_r2",-0.0602422663136105,0.0196078431372549,TRUE,NA,NA
"NK","MYBL1","ridge",1132,74,NA,0.642633729203771,0.59783915994687,"cv_r2",0.000623886822209797,0.0196078431372549,TRUE,NA,NA
"NK","MYBL1","spearman",1132,74,NA,0.528401764635129,0.459037635476564,"cv_r2",0.00559305326480244,0.0196078431372549,TRUE,NA,NA
"NK","MAZ","rf",1132,74,0.665544803657022,0.67247995471701,0.330814493657814,"oob_r2",-0.0390850431873023,0.0196078431372549,TRUE,0.784488707885968,0.8
"NK","MAZ","lm",1132,74,NA,0.654952096193601,0.403852837579692,"cv_r2",-0.0643934004029064,0.0196078431372549,TRUE,NA,NA
"NK","MAZ","ridge",1132,74,NA,0.657851281706107,0.389546652667161,"cv_r2",0.0020620395331541,0.0196078431372549,TRUE,NA,NA
"NK","MAZ","spearman",1132,74,NA,0.459096135657579,-0.0081728825389038,"cv_r2",6.77604346460876e-06,0.0196078431372549,TRUE,NA,NA
"NK","NR4A2","rf",1132,74,0.681908385107129,0.685895658926108,0.435820804875242,"oob_r2",-0.0348503743167661,0.0196078431372549,TRUE,0.87198683615122,0.881481481481482
"NK","NR4A2","lm",1132,74,NA,0.65760268110576,0.468893843124119,"cv_r2",-0.0660548041782336,0.0196078431372549,TRUE,NA,NA
"NK","NR4A2","ridge",1132,74,NA,0.660887944999797,0.482298206466114,"cv_r2",0.000482496317825853,0.0196078431372549,TRUE,NA,NA
"NK","NR4A2","spearman",1132,74,NA,0.563498508252596,0.458386237492696,"cv_r2",-0.00225129079116343,0.0196078431372549,TRUE,NA,NA
"NK","ZBTB1","rf",1132,74,0.714370649199725,0.707893686263657,0.321428274517805,"oob_r2",-0.0401584715076268,0.0196078431372549,TRUE,0.83305475338352,1
"NK","ZBTB1","lm",1132,74,NA,0.702914215037204,0.444702032008538,"cv_r2",-0.0636299896416697,0.0196078431372549,TRUE,NA,NA
"NK","ZBTB1","ridge",1132,74,NA,0.70451902454908,0.399547856713667,"cv_r2",-0.000606068261362103,0.0196078431372549,TRUE,NA,NA
"NK","ZBTB1","spearman",1132,74,NA,0.521190012708443,-0.0357348745999644,"cv_r2",0.00258485309328631,0.0196078431372549,TRUE,NA,NA
"NK","BACH2","rf",1132,74,0.678289867298046,0.672297965405055,0.5781989447494,"oob_r2",-0.0386698086273885,0.0196078431372549,TRUE,0.80994956600436,0.844444444444444
"NK","BACH2","lm",1132,74,NA,0.676907527173525,0.616999488539634,"cv_r2",-0.0628218119634818,0.0196078431372549,TRUE,NA,NA
"NK","BACH2","ridge",1132,74,NA,0.67992192494179,0.630420133870001,"cv_r2",0.00212687833721265,0.0196078431372549,TRUE,NA,NA
"NK","BACH2","spearman",1132,74,NA,0.509204590146366,0.395719632635142,"cv_r2",0.00731347206837406,0.0196078431372549,TRUE,NA,NA
"NK","FOSL2","rf",1132,74,0.688718959195901,0.680920066481094,0.570410871008058,"oob_r2",-0.0324829841581132,0.0196078431372549,TRUE,0.803823110782015,1
"NK","FOSL2","lm",1132,74,NA,0.654462577851497,0.541032081773705,"cv_r2",-0.0626997348774755,0.0196078431372549,TRUE,NA,NA
"NK","FOSL2","ridge",1132,74,NA,0.659104277687895,0.576312423977333,"cv_r2",-0.00011486050565609,0.0196078431372549,TRUE,NA,NA
"NK","FOSL2","spearman",1132,74,NA,0.577296317085339,0.50327353552674,"cv_r2",-4.4926954434357e-05,0.0196078431372549,TRUE,NA,NA
"NK","ZNF683","rf",1132,74,0.727547261226555,0.724155925702423,0.515145708508272,"oob_r2",-0.0352699242449795,0.0196078431372549,TRUE,0.803838907400551,1
"NK","ZNF683","lm",1132,74,NA,0.717686345081477,0.621314738154532,"cv_r2",-0.0562357244784551,0.0196078431372549,TRUE,NA,NA
"NK","ZNF683","ridge",1132,74,NA,0.721311695291191,0.622369528286799,"cv_r2",0.00129589792440412,0.0196078431372549,TRUE,NA,NA
"NK","ZNF683","spearman",1132,74,NA,0.5876994406377,0.512706880450686,"cv_r2",0.0061036660842364,0.0196078431372549,TRUE,NA,NA
"NK","JUN","rf",1132,74,0.767501279903088,0.766425816117992,0.324164695208115,"oob_r2",-0.0292912288921426,0.0196078431372549,TRUE,0.85648048048048,1
"NK","JUN","lm",1132,74,NA,0.734087008842873,0.395127552575825,"cv_r2",-0.0628435036232454,0.0196078431372549,TRUE,NA,NA
"NK","JUN","ridge",1132,74,NA,0.726409494396295,0.355114377470725,"cv_r2",0.00197140953849564,0.0196078431372549,TRUE,NA,NA
"NK","JUN","spearman",1132,74,NA,0.342878601749761,-0.414328589577115,"cv_r2",0.000312417441225001,0.0196078431372549,TRUE,NA,NA
"NK","NFATC2","rf",1132,74,0.68020565273811,0.668483579336823,-0.0374289555474951,"oob_r2",-0.0329171431331569,0.0196078431372549,TRUE,0.88633740589905,0.844444444444444
"NK","NFATC2","lm",1132,74,NA,0.666343187371507,0.260666795071333,"cv_r2",-0.0584128548301827,0.0196078431372549,TRUE,NA,NA
"NK","NFATC2","ridge",1132,74,NA,0.667639609571782,0.235522720356954,"cv_r2",0.000982561089881667,0.0196078431372549,TRUE,NA,NA
"NK","NFATC2","spearman",1132,74,NA,0.518211024797138,0.159688601407748,"cv_r2",0.00114319718527403,0.0196078431372549,TRUE,NA,NA
"NK","BCLAF1","rf",1132,74,0.705438310695101,0.707009707197104,0.505918524828591,"oob_r2",-0.0350387363976844,0.0196078431372549,TRUE,0.798242297091612,1
"NK","BCLAF1","lm",1132,74,NA,0.675717184508875,0.479109484174757,"cv_r2",-0.0556178216699808,0.0196078431372549,TRUE,NA,NA
"NK","BCLAF1","ridge",1132,74,NA,0.682682039516643,0.493865383780847,"cv_r2",-0.000468369135509606,0.0196078431372549,TRUE,NA,NA
"NK","BCLAF1","spearman",1132,74,NA,0.603754873825129,0.561075630772782,"cv_r2",0.00170139164251052,0.0196078431372549,TRUE,NA,NA
"NK","POLR2A","rf",1132,74,0.73459426234497,0.73324316017406,0.558987699201226,"oob_r2",-0.0343443579722788,0.0196078431372549,TRUE,0.841138014727056,0.844444444444444
"NK","POLR2A","lm",1132,74,NA,0.75020798331081,0.644571593270153,"cv_r2",-0.0586986433298302,0.0196078431372549,TRUE,NA,NA
"NK","POLR2A","ridge",1132,74,NA,0.751954114369336,0.652052033160008,"cv_r2",0.00164408599297254,0.0196078431372549,TRUE,NA,NA
"NK","POLR2A","spearman",1132,74,NA,0.574326071891132,0.545366250157804,"cv_r2",0.00100112563511619,0.0196078431372549,TRUE,NA,NA
"NK","FOSB","rf",1132,74,0.701701541566273,0.698405713420658,0.604427478755321,"oob_r2",-0.0366980093311178,0.0196078431372549,TRUE,0.800729606318647,0.881481481481481
"NK","FOSB","lm",1132,74,NA,0.695851658995762,0.638663345723202,"cv_r2",-0.0614582299465246,0.0196078431372549,TRUE,NA,NA
"NK","FOSB","ridge",1132,74,NA,0.698843980357634,0.644944845475217,"cv_r2",0.000201245723802653,0.0196078431372549,TRUE,NA,NA
"NK","FOSB","spearman",1132,74,NA,0.604073807563766,0.593566528885366,"cv_r2",0.000588188467742672,0.0196078431372549,TRUE,NA,NA
"NK","MECP2","rf",1132,74,0.724464749979342,0.716569757619115,0.648666289684515,"oob_r2",-0.0349495108659248,0.0196078431372549,TRUE,0.823509646632934,0.822222222222222
"NK","MECP2","lm",1132,74,NA,0.723835897920612,0.682372706359084,"cv_r2",-0.0563733632848785,0.0196078431372549,TRUE,NA,NA
"NK","MECP2","ridge",1132,74,NA,0.727293000503685,0.695747840543608,"cv_r2",0.000786002292964649,0.0196078431372549,TRUE,NA,NA
"NK","MECP2","spearman",1132,74,NA,0.548199473701015,0.528325286878213,"cv_r2",0.0027290093138259,0.0196078431372549,TRUE,NA,NA
"NK","IRF4","rf",1132,74,0.759385920032607,0.759223011498552,0.058463638427692,"oob_r2",-0.0385869260389586,0.0196078431372549,TRUE,0.85178625200543,0.822222222222222
"NK","IRF4","lm",1132,74,NA,0.759432842616812,0.341664639756019,"cv_r2",-0.0612275261746683,0.0196078431372549,TRUE,NA,NA
"NK","IRF4","ridge",1132,74,NA,0.760177966566726,0.311293258669737,"cv_r2",-0.000495440936821779,0.0196078431372549,TRUE,NA,NA
"NK","IRF4","spearman",1132,74,NA,0.54851589451113,0.118758555762139,"cv_r2",-0.00239473907920079,0.0196078431372549,TRUE,NA,NA
"NK","PRDM1","rf",1132,74,0.669124305429756,0.664915849677543,0.572169964442462,"oob_r2",-0.0263455596872511,0.0196078431372549,TRUE,0.809183430005348,0.881481481481481
"NK","PRDM1","lm",1132,74,NA,0.664007496096554,0.595824723954809,"cv_r2",-0.0544011145998778,0.0196078431372549,TRUE,NA,NA
"NK","PRDM1","ridge",1132,74,NA,0.66163932460065,0.608181763575976,"cv_r2",0.00144692916939428,0.0196078431372549,TRUE,NA,NA
"NK","PRDM1","spearman",1132,74,NA,0.475418994266872,0.437993519364154,"cv_r2",0.00466539831213424,0.0196078431372549,TRUE,NA,NA
"NK","MAFF","rf",1132,74,0.69951803186409,0.698284402594249,0.342778131434875,"oob_r2",-0.0440662692661758,0.0196078431372549,TRUE,0.857146571228763,0.816931216931217
"NK","MAFF","lm",1132,74,NA,0.68894502949281,0.43579761505838,"cv_r2",-0.0560119638244187,0.0196078431372549,TRUE,NA,NA
"NK","MAFF","ridge",1132,74,NA,0.690068062210617,0.406214033934573,"cv_r2",0.00171404908259901,0.0196078431372549,TRUE,NA,NA
"NK","MAFF","spearman",1132,74,NA,0.567298502051515,0.352853633052242,"cv_r2",0.000336058698510124,0.0196078431372549,TRUE,NA,NA
"NK","ETS1","rf",1132,74,0.694033881930513,0.687569695256232,0.455970741984683,"oob_r2",-0.0287183778713745,0.0196078431372549,TRUE,0.797678226171377,0.868783068783069
"NK","ETS1","lm",1132,74,NA,0.704614111909659,0.546636501138906,"cv_r2",-0.0596608414889274,0.0196078431372549,TRUE,NA,NA
"NK","ETS1","ridge",1132,74,NA,0.70639110794807,0.555706877679496,"cv_r2",0.00125836719065336,0.0196078431372549,TRUE,NA,NA
"NK","ETS1","spearman",1132,74,NA,0.548799253427933,0.449938763982325,"cv_r2",0.00287621716726983,0.0196078431372549,TRUE,NA,NA
"NK","MXI1","rf",1132,74,0.681917200570286,0.67616701896169,0.51411985026809,"oob_r2",-0.0356664153085947,0.0196078431372549,TRUE,0.799003167551113,0.77037037037037
"NK","MXI1","lm",1132,74,NA,0.683461948818722,0.580577220436143,"cv_r2",-0.0591995913925398,0.0196078431372549,TRUE,NA,NA
"NK","MXI1","ridge",1132,74,NA,0.688360759279986,0.584216305611775,"cv_r2",0.0018039028147568,0.0196078431372549,TRUE,NA,NA
"NK","MXI1","spearman",1132,74,NA,0.506142241550597,0.48665633845526,"cv_r2",0.00521756858897521,0.0196078431372549,TRUE,NA,NA
"NK","SMC3","rf",1132,74,0.694710138173014,0.697654563044601,0.286535993111784,"oob_r2",-0.0344992610722603,0.0196078431372549,TRUE,0.849489818585709,0.724867724867725
"NK","SMC3","lm",1132,74,NA,0.688256448322112,0.3510657412731,"cv_r2",-0.0541232814907167,0.0196078431372549,TRUE,NA,NA
"NK","SMC3","ridge",1132,74,NA,0.693538178351493,0.338797984468095,"cv_r2",0.00358690407430675,0.0196078431372549,TRUE,NA,NA
"NK","SMC3","spearman",1132,74,NA,0.558952859786027,0.297452488851481,"cv_r2",0.00343683652576032,0.0196078431372549,TRUE,NA,NA
"NK","NR3C1","rf",1132,74,0.723299919762605,0.724226114316694,0.387018335670838,"oob_r2",-0.0393381376633431,0.0196078431372549,TRUE,0.833874861162532,1
"NK","NR3C1","lm",1132,74,NA,0.710224358864464,0.43746600730527,"cv_r2",-0.056768928899429,0.0196078431372549,TRUE,NA,NA
"NK","NR3C1","ridge",1132,74,NA,0.712447135574839,0.420287616184835,"cv_r2",0.000269468165460698,0.0196078431372549,TRUE,NA,NA
"NK","NR3C1","spearman",1132,74,NA,0.617634918592042,0.471395418447158,"cv_r2",0.00477410135017408,0.0196078431372549,TRUE,NA,NA
"NK","KLF7","rf",1132,74,0.67322597489314,0.67005628129079,0.275766786320078,"oob_r2",-0.0357233585951417,0.0196078431372549,TRUE,0.82639713686289,0.933333333333333
"NK","KLF7","lm",1132,74,NA,0.658495654827305,0.355388418723844,"cv_r2",-0.0603028034940047,0.0196078431372549,TRUE,NA,NA
"NK","KLF7","ridge",1132,74,NA,0.662835997015033,0.344969511518276,"cv_r2",0.00119540052408089,0.0196078431372549,TRUE,NA,NA
"NK","KLF7","spearman",1132,74,NA,0.529241249763153,0.164900683406179,"cv_r2",-0.000283524019267957,0.0196078431372549,TRUE,NA,NA
"NK","BCL11B","rf",1132,74,0.803398428969838,0.79796319081088,0.627727214935003,"oob_r2",-0.0366296459652809,0.0196078431372549,TRUE,0.850995762886174,0.785185185185185
"NK","BCL11B","lm",1132,74,NA,0.778716301210551,0.686022306752066,"cv_r2",-0.0612463116905377,0.0196078431372549,TRUE,NA,NA
"NK","BCL11B","ridge",1132,74,NA,0.779790548542778,0.68524436729189,"cv_r2",0.00114921408228021,0.0196078431372549,TRUE,NA,NA
"NK","BCL11B","spearman",1132,74,NA,0.547053385812547,0.39158195843806,"cv_r2",0.00257006041398905,0.0196078431372549,TRUE,NA,NA
"NK","BDP1","rf",1132,74,0.747409139840817,0.746640373840666,0.582516767944048,"oob_r2",-0.0319524103347721,0.0196078431372549,TRUE,0.83942539800074,0.868783068783069
"NK","BDP1","lm",1132,74,NA,0.72363553018137,0.59403973315562,"cv_r2",-0.0602469454197649,0.0196078431372549,TRUE,NA,NA
"NK","BDP1","ridge",1132,74,NA,0.724748378085692,0.584965867524805,"cv_r2",0.00231582870755818,0.0196078431372549,TRUE,NA,NA
"NK","BDP1","spearman",1132,74,NA,0.616467398388634,0.564947608060212,"cv_r2",0.00159757037245786,0.0196078431372549,TRUE,NA,NA
"NK","KLF3","rf",1132,74,0.753867291182872,0.753042795728094,0.334834040047836,"oob_r2",-0.03572465794049,0.0196078431372549,TRUE,0.826560368587766,1
"NK","KLF3","lm",1132,74,NA,0.749248948284211,0.517527532328904,"cv_r2",-0.0685292230967429,0.0196078431372549,TRUE,NA,NA
"NK","KLF3","ridge",1132,74,NA,0.752805365259202,0.484707145293052,"cv_r2",0.00129199840963031,0.0196078431372549,TRUE,NA,NA
"NK","KLF3","spearman",1132,74,NA,0.619692426876724,0.405976729722143,"cv_r2",-0.00126687574851861,0.0196078431372549,TRUE,NA,NA
"NK","MEF2C","rf",1132,74,0.808593316838912,0.809787638738216,0.668494017977878,"oob_r2",-0.0323604630358856,0.0196078431372549,TRUE,0.827850425768234,0.933333333333333
"NK","MEF2C","lm",1132,74,NA,0.803741690934089,0.702444775027906,"cv_r2",-0.0603446341915951,0.0196078431372549,TRUE,NA,NA
"NK","MEF2C","ridge",1132,74,NA,0.803768345782267,0.69235222671954,"cv_r2",-0.000654465404932515,0.0196078431372549,TRUE,NA,NA
"NK","MEF2C","spearman",1132,74,NA,0.665902274725121,0.601940449846105,"cv_r2",0.00240820767043416,0.0196078431372549,TRUE,NA,NA
"NK","CEBPB","rf",1132,74,0.756773457955837,0.756218663389859,0.5430732225519,"oob_r2",-0.0355750141713595,0.0196078431372549,TRUE,0.860698177629684,1
"NK","CEBPB","lm",1132,74,NA,0.749861257655114,0.633825114940974,"cv_r2",-0.0638063930859037,0.0196078431372549,TRUE,NA,NA
"NK","CEBPB","ridge",1132,74,NA,0.748903310335002,0.621330131016726,"cv_r2",0.00218750566776951,0.0196078431372549,TRUE,NA,NA
"NK","CEBPB","spearman",1132,74,NA,0.563090095573538,0.370061587737946,"cv_r2",0.00479309721817889,0.0196078431372549,TRUE,NA,NA
"CD14_Mono","MEF2C","rf",1200,116,0.948987957658936,0.946874296070955,0.654759113358899,"oob_r2",-0.0276448173673663,0.0196078431372549,TRUE,0.86240452423361,1
"CD14_Mono","MEF2C","lm",1200,116,NA,0.942151345876177,0.73811009286612,"cv_r2",-0.10962283682318,0.0196078431372549,TRUE,NA,NA
"CD14_Mono","MEF2C","ridge",1200,116,NA,0.940314960267696,0.714916425345792,"cv_r2",0.000224772808532418,0.0196078431372549,TRUE,NA,NA
"CD14_Mono","MEF2C","spearman",1200,116,NA,0.670157758926954,0.325091345176387,"cv_r2",0.00345258625520867,0.0196078431372549,TRUE,NA,NA
"CD14_Mono","BHLHE40","rf",1200,116,0.926077763038136,0.927112507514377,0.245507515907576,"oob_r2",-0.0305771410540848,0.0196078431372549,TRUE,0.814002571363891,0.822222222222222
"CD14_Mono","BHLHE40","lm",1200,116,NA,0.900611894422528,0.413464597201641,"cv_r2",-0.116177847379979,0.0196078431372549,TRUE,NA,NA
"CD14_Mono","BHLHE40","ridge",1200,116,NA,0.898453560037919,0.324676967193311,"cv_r2",0.000388405861050868,0.0196078431372549,TRUE,NA,NA
"CD14_Mono","BHLHE40","spearman",1200,116,NA,0.637367189008435,-0.100540127070888,"cv_r2",-0.0002092341756042,0.0196078431372549,TRUE,NA,NA
"CD14_Mono","BCL11A","rf",1200,116,0.926343061413755,0.924191001191303,0.806684544651341,"oob_r2",-0.0300696957747652,0.0196078431372549,TRUE,0.829416744619143,0.844444444444444
"CD14_Mono","BCL11A","lm",1200,116,NA,0.932720250282246,0.914555164610459,"cv_r2",-0.102022334297574,0.0196078431372549,TRUE,NA,NA
"CD14_Mono","BCL11A","ridge",1200,116,NA,0.929596366403406,0.893296942837214,"cv_r2",0.00216509273198016,0.0196078431372549,TRUE,NA,NA
"CD14_Mono","BCL11A","spearman",1200,116,NA,0.773454342247902,0.665067506631023,"cv_r2",-0.00125268825337789,0.0196078431372549,TRUE,NA,NA
"CD14_Mono","FOSB","rf",1200,116,0.914035524476548,0.913528580066349,0.679495465456122,"oob_r2",-0.0320360448420875,0.0196078431372549,TRUE,0.869718303241542,0.785185185185185
"CD14_Mono","FOSB","lm",1200,116,NA,0.894068581849467,0.83137209044106,"cv_r2",-0.103356484171686,0.0196078431372549,TRUE,NA,NA
"CD14_Mono","FOSB","ridge",1200,116,NA,0.897055015879868,0.801443595557013,"cv_r2",0.000224145834673388,0.0196078431372549,TRUE,NA,NA
"CD14_Mono","FOSB","spearman",1200,116,NA,0.608908706488375,-0.101539663646055,"cv_r2",-0.000788620018087274,0.0196078431372549,TRUE,NA,NA
"CD14_Mono","ZBTB7A","rf",1200,116,0.917593383498439,0.917673288987851,0.758893979199687,"oob_r2",-0.0318970664392305,0.0196078431372549,TRUE,0.845232597376525,1
"CD14_Mono","ZBTB7A","lm",1200,116,NA,0.91714287488992,0.834971830601412,"cv_r2",-0.10381023422636,0.0196078431372549,TRUE,NA,NA
"CD14_Mono","ZBTB7A","ridge",1200,116,NA,0.91378978164833,0.811888951652654,"cv_r2",0.000871352095437734,0.0196078431372549,TRUE,NA,NA
"CD14_Mono","ZBTB7A","spearman",1200,116,NA,0.764800641964045,0.622937839507859,"cv_r2",0.00109942991890918,0.0196078431372549,TRUE,NA,NA
"CD14_Mono","EGR1","rf",1200,116,0.919651674072448,0.916403682238948,0.698905789885294,"oob_r2",-0.0295948733990118,0.0196078431372549,TRUE,0.866727832664864,0.814814814814815
"CD14_Mono","EGR1","lm",1200,116,NA,0.910564452427069,0.779243862334694,"cv_r2",-0.110802770767523,0.0196078431372549,TRUE,NA,NA
"CD14_Mono","EGR1","ridge",1200,116,NA,0.910501598548048,0.743852546386027,"cv_r2",6.1990302239011e-05,0.0196078431372549,TRUE,NA,NA
"CD14_Mono","EGR1","spearman",1200,116,NA,0.727518095349718,0.358822131201895,"cv_r2",0.000599567059222494,0.0196078431372549,TRUE,NA,NA
"CD14_Mono","GATA1","rf",1200,116,0.919377776110207,0.919441511732999,0.290193983989068,"oob_r2",-0.0325152791828807,0.0196078431372549,TRUE,0.820297885245411,1
"CD14_Mono","GATA1","lm",1200,116,NA,0.892238118735126,0.418760986401184,"cv_r2",-0.110875606066551,0.0196078431372549,TRUE,NA,NA
"CD14_Mono","GATA1","ridge",1200,116,NA,0.890206163117999,0.378171197657247,"cv_r2",-0.000370938452758985,0.0196078431372549,TRUE,NA,NA
"CD14_Mono","GATA1","spearman",1200,116,NA,0.654502155797676,0.240076814391333,"cv_r2",-0.00106804223181017,0.0196078431372549,TRUE,NA,NA
"CD14_Mono","KLF2","rf",1200,116,0.893979183658767,0.891599409868632,0.584873424885277,"oob_r2",-0.0267050416848065,0.0196078431372549,TRUE,0.858221487546825,0.933333333333333
"CD14_Mono","KLF2","lm",1200,116,NA,0.883998913229003,0.807896041312588,"cv_r2",-0.101788736751539,0.0196078431372549,TRUE,NA,NA
"CD14_Mono","KLF2","ridge",1200,116,NA,0.886860440296165,0.776351112517269,"cv_r2",-3.71710274659322e-05,0.0196078431372549,TRUE,NA,NA
"CD14_Mono","KLF2","spearman",1200,116,NA,0.666118442800349,0.422163957089722,"cv_r2",0.00150765841743514,0.0196078431372549,TRUE,NA,NA
"CD14_Mono","NR4A1","rf",1200,116,0.929481988478884,0.930465251676924,0.690743119122245,"oob_r2",-0.0274902348743476,0.0196078431372549,TRUE,0.875452017580953,1
"CD14_Mono","NR4A1","lm",1200,116,NA,0.91374050717492,0.810086456456896,"cv_r2",-0.107877623580606,0.0196078431372549,TRUE,NA,NA
"CD14_Mono","NR4A1","ridge",1200,116,NA,0.914020557578607,0.799020059985857,"cv_r2",-0.000124057079833535,0.0196078431372549,TRUE,NA,NA
"CD14_Mono","NR4A1","spearman",1200,116,NA,0.567876083913992,0.191524408729172,"cv_r2",0.00416522408228575,0.0196078431372549,TRUE,NA,NA
"CD14_Mono","ZNF281","rf",1200,116,0.890229610287688,0.891152728850671,0.764895003138825,"oob_r2",-0.0356078374703989,0.0196078431372549,TRUE,0.879267545714322,0.933333333333333
"CD14_Mono","ZNF281","lm",1200,116,NA,0.89035786031553,0.846224355675237,"cv_r2",-0.10178247754096,0.0196078431372549,TRUE,NA,NA
"CD14_Mono","ZNF281","ridge",1200,116,NA,0.891436006530962,0.850094411722548,"cv_r2",0.00329067525129269,0.0196078431372549,TRUE,NA,NA
"CD14_Mono","ZNF281","spearman",1200,116,NA,0.693836943583954,0.584667706942841,"cv_r2",-0.00060286853860506,0.0196078431372549,TRUE,NA,NA
"CD14_Mono","NR4A2","rf",1200,116,0.91064321348573,0.909449283452172,0.661420291752818,"oob_r2",-0.0323690688800914,0.0196078431372549,TRUE,0.859483420682821,1
"CD14_Mono","NR4A2","lm",1200,116,NA,0.893626954163106,0.72967949999404,"cv_r2",-0.108941763287635,0.0196078431372549,TRUE,NA,NA
"CD14_Mono","NR4A2","ridge",1200,116,NA,0.892929443164413,0.683353296085877,"cv_r2",0.00112503987164013,0.0196078431372549,TRUE,NA,NA
"CD14_Mono","NR4A2","spearman",1200,116,NA,0.54182206889374,0.0406362843299148,"cv_r2",0.00473511832694776,0.0196078431372549,TRUE,NA,NA
"CD14_Mono","HES1","rf",1200,116,0.895983487645889,0.894629481776056,0.622594596081472,"oob_r2",-0.0326033716249877,0.0196078431372549,TRUE,0.880673509399147,0.844444444444444
"CD14_Mono","HES1","lm",1200,116,NA,0.89361675380641,0.788698235704108,"cv_r2",-0.102289308982799,0.0196078431372549,TRUE,NA,NA
"CD14_Mono","HES1","ridge",1200,116,NA,0.894748431873909,0.768052405699415,"cv_r2",0.00129777844772772,0.0196078431372549,TRUE,NA,NA
"CD14_Mono","HES1","spearman",1200,116,NA,0.626047694891744,0.252366661957384,"cv_r2",0.00505058389886195,0.0196078431372549,TRUE,NA,NA
"CD14_Mono","BATF3","rf",1200,116,0.909819017945701,0.906646622908326,0.641784262560325,"oob_r2",-0.0304486122673209,0.0196078431372549,TRUE,0.826551168860014,0.822222222222222
"CD14_Mono","BATF3","lm",1200,116,NA,0.900575059068136,0.73179908587957,"cv_r2",-0.108571448100003,0.0196078431372549,TRUE,NA,NA
"CD14_Mono","BATF3","ridge",1200,116,NA,0.897664803530537,0.703111849675937,"cv_r2",0.000659991936934545,0.0196078431372549,TRUE,NA,NA
"CD14_Mono","BATF3","spearman",1200,116,NA,0.675169393861519,0.392274109760111,"cv_r2",0.00320667322817831,0.0196078431372549,TRUE,NA,NA
"CD14_Mono","ETS2","rf",1200,116,0.881079995022168,0.877695877216613,0.647851292148196,"oob_r2",-0.022521399838304,0.0196078431372549,TRUE,0.870934105596774,0.881481481481481
"CD14_Mono","ETS2","lm",1200,116,NA,0.873568047534334,0.78419260310374,"cv_r2",-0.0979915186062956,0.0196078431372549,TRUE,NA,NA
"CD14_Mono","ETS2","ridge",1200,116,NA,0.877775761008642,0.768769506539148,"cv_r2",0.00208535187382287,0.0196078431372549,TRUE,NA,NA
"CD14_Mono","ETS2","spearman",1200,116,NA,0.587757257982297,-0.0680680960001954,"cv_r2",-0.000116173926938955,0.0196078431372549,TRUE,NA,NA
"CD14_Mono","NR4A3","rf",1200,116,0.911131082305079,0.909434269031918,0.732061688494117,"oob_r2",-0.0310713937878128,0.0196078431372549,TRUE,0.851532182626635,0.874074074074074
"CD14_Mono","NR4A3","lm",1200,116,NA,0.892841232164119,0.814745419738656,"cv_r2",-0.106428847298242,0.0196078431372549,TRUE,NA,NA
"CD14_Mono","NR4A3","ridge",1200,116,NA,0.893711496566039,0.811585954844245,"cv_r2",0.00115765986138892,0.0196078431372549,TRUE,NA,NA
"CD14_Mono","NR4A3","spearman",1200,116,NA,0.625171757092715,0.415369721966639,"cv_r2",0.00445358140619139,0.0196078431372549,TRUE,NA,NA
"CD14_Mono","ATF5","rf",1200,116,0.918176170742469,0.916953890355978,0.799908884480349,"oob_r2",-0.0269381127656654,0.0196078431372549,TRUE,0.826460274136436,1
"CD14_Mono","ATF5","lm",1200,116,NA,0.924005803776534,0.848719594683602,"cv_r2",-0.104614449809569,0.0196078431372549,TRUE,NA,NA
"CD14_Mono","ATF5","ridge",1200,116,NA,0.917136185408607,0.803882784090324,"cv_r2",0.00102444186700845,0.0196078431372549,TRUE,NA,NA
"CD14_Mono","ATF5","spearman",1200,116,NA,0.75460069100093,0.634725401666247,"cv_r2",0.00592597466664117,0.0196078431372549,TRUE,NA,NA
"CD14_Mono","IRF4","rf",1200,116,0.898670128418425,0.895777189761575,0.642903374323673,"oob_r2",-0.0293434454315653,0.0196078431372549,TRUE,0.811306141800894,0.933333333333333
"CD14_Mono","IRF4","lm",1200,116,NA,0.877165061805264,0.677364016446915,"cv_r2",-0.104982097300849,0.0196078431372549,TRUE,NA,NA
"CD14_Mono","IRF4","ridge",1200,116,NA,0.876388350329102,0.660978724648348,"cv_r2",0.0012437615038276,0.0196078431372549,TRUE,NA,NA
"CD14_Mono","IRF4","spearman",1200,116,NA,0.666629340702325,0.29587004399476,"cv_r2",0.00551705991066179,0.0196078431372549,TRUE,NA,NA
"CD14_Mono","RUNX1","rf",1200,116,0.903037778842683,0.901770606189727,0.688840990554082,"oob_r2",-0.0271344184573929,0.0196078431372549,TRUE,0.869038984781114,1
"CD14_Mono","RUNX1","lm",1200,116,NA,0.895874549974741,0.777017715373925,"cv_r2",-0.110963223453846,0.0196078431372549,TRUE,NA,NA
"CD14_Mono","RUNX1","ridge",1200,116,NA,0.895250287173294,0.7337425653652,"cv_r2",0.000951384240218033,0.0196078431372549,TRUE,NA,NA
"CD14_Mono","RUNX1","spearman",1200,116,NA,0.624070322065681,0.318556294972368,"cv_r2",0.000771046091632076,0.0196078431372549,TRUE,NA,NA
"CD14_Mono","KLF10","rf",1200,116,0.830978037902896,0.827538329360748,0.38989294093649,"oob_r2",-0.0361356826861356,0.0196078431372549,TRUE,0.858870393862898,1
"CD14_Mono","KLF10","lm",1200,116,NA,0.813726232512858,0.613249100034029,"cv_r2",-0.0977686180065554,0.0196078431372549,TRUE,NA,NA
"CD14_Mono","KLF10","ridge",1200,116,NA,0.817475681355479,0.589608763248254,"cv_r2",0.00151083598464911,0.0196078431372549,TRUE,NA,NA
"CD14_Mono","KLF10","spearman",1200,116,NA,0.507459307662874,0.10011068891934,"cv_r2",0.00162081159812992,0.0196078431372549,TRUE,NA,NA
"CD14_Mono","BCLAF1","rf",1200,116,0.897299444994092,0.899488557187379,0.436883385211714,"oob_r2",-0.0244236536903642,0.0196078431372549,TRUE,0.896376256316286,1
"CD14_Mono","BCLAF1","lm",1200,116,NA,0.855595091229446,0.521385746306822,"cv_r2",-0.0990162809771379,0.0196078431372549,TRUE,NA,NA
"CD14_Mono","BCLAF1","ridge",1200,116,NA,0.85974700894383,0.444280230647355,"cv_r2",-0.000308555978861269,0.0196078431372549,TRUE,NA,NA
"CD14_Mono","BCLAF1","spearman",1200,116,NA,0.548085494252366,-0.362615733903594,"cv_r2",-0.000248335877003203,0.0196078431372549,TRUE,NA,NA
"CD14_Mono","HES4","rf",1200,116,0.879405179822769,0.877871881458301,0.355844471727522,"oob_r2",-0.0388026896346513,0.0196078431372549,TRUE,0.841570155093394,0.933333333333333
"CD14_Mono","HES4","lm",1200,116,NA,0.857785589827599,0.474715144485952,"cv_r2",-0.112274885872133,0.0196078431372549,TRUE,NA,NA
"CD14_Mono","HES4","ridge",1200,116,NA,0.85863117206035,0.3938162816802,"cv_r2",-0.000561893174714468,0.0196078431372549,TRUE,NA,NA
"CD14_Mono","HES4","spearman",1200,116,NA,0.65903670783023,0.360281806862846,"cv_r2",0.00150834429784508,0.0196078431372549,TRUE,NA,NA
"CD14_Mono","PTEN","rf",1200,116,0.886620709985698,0.88387071324686,0.687404850266542,"oob_r2",-0.0297678656115213,0.0196078431372549,TRUE,0.847783458698001,1
"CD14_Mono","PTEN","lm",1200,116,NA,0.871202469025427,0.789712393621417,"cv_r2",-0.110217414375856,0.0196078431372549,TRUE,NA,NA
"CD14_Mono","PTEN","ridge",1200,116,NA,0.873367133247565,0.795436732776043,"cv_r2",0.00084347258505747,0.0196078431372549,TRUE,NA,NA
"CD14_Mono","PTEN","spearman",1200,116,NA,0.666025841831035,0.480549577315693,"cv_r2",0.00527515547400958,0.0196078431372549,TRUE,NA,NA
"CD14_Mono","RORA","rf",1200,116,0.881968726132009,0.879518082194893,0.596356107887723,"oob_r2",-0.0332887892548468,0.0196078431372549,TRUE,0.848631752499818,0.82962962962963
"CD14_Mono","RORA","lm",1200,116,NA,0.864824689972773,0.776992514016357,"cv_r2",-0.101949988208671,0.0196078431372549,TRUE,NA,NA
"CD14_Mono","RORA","ridge",1200,116,NA,0.866263480391771,0.769695051598772,"cv_r2",0.00257303325210998,0.0196078431372549,TRUE,NA,NA
"CD14_Mono","RORA","spearman",1200,116,NA,0.675285734917029,0.421506348330064,"cv_r2",0.00135555286652624,0.0196078431372549,TRUE,NA,NA
"CD14_Mono","RUNX3","rf",1200,116,0.808631183301484,0.797942365386303,0.591030731670371,"oob_r2",-0.0309835608908125,0.0196078431372549,TRUE,0.903412225511176,0.753439153439153
"CD14_Mono","RUNX3","lm",1200,116,NA,0.771246805423854,0.562742383561564,"cv_r2",-0.103196356171954,0.0196078431372549,TRUE,NA,NA
"CD14_Mono","RUNX3","ridge",1200,116,NA,0.778925359995586,0.592397491710486,"cv_r2",0.000494969741075457,0.0196078431372549,TRUE,NA,NA
"CD14_Mono","RUNX3","spearman",1200,116,NA,0.528032779536958,0.467219774589182,"cv_r2",0.000329891407226497,0.0196078431372549,TRUE,NA,NA
"CD14_Mono","NFKB2","rf",1200,116,0.754772014866836,0.752032976612726,0.13366301948009,"oob_r2",-0.0339167185409818,0.0196078431372549,TRUE,0.879472229697117,0.814814814814815
"CD14_Mono","NFKB2","lm",1200,116,NA,0.747128657372257,0.493093855152196,"cv_r2",-0.105621293651238,0.0196078431372549,TRUE,NA,NA
"CD14_Mono","NFKB2","ridge",1200,116,NA,0.75149860017431,0.488434905180286,"cv_r2",0.00218180961127882,0.0196078431372549,TRUE,NA,NA
"CD14_Mono","NFKB2","spearman",1200,116,NA,0.405947969525972,-0.257968978701951,"cv_r2",0.00215610654755777,0.0196078431372549,TRUE,NA,NA
"CD14_Mono","MYBL1","rf",1200,116,0.907465959159599,0.90045179714444,0.611286158109776,"oob_r2",-0.0404900036121235,0.0196078431372549,TRUE,0.844315790822537,1
"CD14_Mono","MYBL1","lm",1200,116,NA,0.892428576175616,0.814450807739185,"cv_r2",-0.0940717633153692,0.0196078431372549,TRUE,NA,NA
"CD14_Mono","MYBL1","ridge",1200,116,NA,0.890854801653428,0.757721992121525,"cv_r2",0.00208548977988615,0.0196078431372549,TRUE,NA,NA
"CD14_Mono","MYBL1","spearman",1200,116,NA,0.501790622959603,0.178968565426763,"cv_r2",0.00232403798964269,0.0196078431372549,TRUE,NA,NA
"CD14_Mono","XBP1","rf",1200,116,0.850059959052303,0.844375391207582,0.631408513196568,"oob_r2",-0.0288947516498161,0.0196078431372549,TRUE,0.832373044247107,1
"CD14_Mono","XBP1","lm",1200,116,NA,0.817914810993791,0.752091070388909,"cv_r2",-0.0946597676439652,0.0196078431372549,TRUE,NA,NA
"CD14_Mono","XBP1","ridge",1200,116,NA,0.821538145978915,0.75945531059011,"cv_r2",-6.51318117369911e-05,0.0196078431372549,TRUE,NA,NA
"CD14_Mono","XBP1","spearman",1200,116,NA,0.497094544418067,0.356361755808724,"cv_r2",0.00325219213377631,0.0196078431372549,TRUE,NA,NA
"CD14_Mono","CEBPZ","rf",1200,116,0.872508964113675,0.871535966520397,0.679995622370985,"oob_r2",-0.0359408280049937,0.0196078431372549,TRUE,0.869885740890239,0.82962962962963
"CD14_Mono","CEBPZ","lm",1200,116,NA,0.867925128091747,0.627658080246852,"cv_r2",-0.116643528006656,0.0196078431372549,TRUE,NA,NA
"CD14_Mono","CEBPZ","ridge",1200,116,NA,0.862473592626623,0.575275424996198,"cv_r2",-0.00032947704750288,0.0196078431372549,TRUE,NA,NA
"CD14_Mono","CEBPZ","spearman",1200,116,NA,0.679167709619913,0.195995003735677,"cv_r2",0.00251805898341535,0.0196078431372549,TRUE,NA,NA
"CD14_Mono","TCF7","rf",1200,116,0.835395572180328,0.830750106317919,0.493494398074309,"oob_r2",-0.0283830739199123,0.0196078431372549,TRUE,0.864802983123823,0.844444444444444
"CD14_Mono","TCF7","lm",1200,116,NA,0.820303241075593,0.677572496332894,"cv_r2",-0.111138871411285,0.0196078431372549,TRUE,NA,NA
"CD14_Mono","TCF7","ridge",1200,116,NA,0.825682785085659,0.698958417252695,"cv_r2",0.00233936204500126,0.0196078431372549,TRUE,NA,NA
"CD14_Mono","TCF7","spearman",1200,116,NA,0.622898969480378,0.511824590159594,"cv_r2",0.00480621687503787,0.0196078431372549,TRUE,NA,NA
"CD14_Mono","BHLHE41","rf",1200,116,0.846542288071046,0.844344619943254,0.343888819084471,"oob_r2",-0.036304602553552,0.0196078431372549,TRUE,0.856621262018563,0.933333333333333
"CD14_Mono","BHLHE41","lm",1200,116,NA,0.809692875870598,0.145365979427345,"cv_r2",-0.106119486075987,0.0196078431372549,TRUE,NA,NA
"CD14_Mono","BHLHE41","ridge",1200,116,NA,0.814439152738233,0.131830348777759,"cv_r2",-0.000295170484632235,0.0196078431372549,TRUE,NA,NA
"CD14_Mono","BHLHE41","spearman",1200,116,NA,0.65075709266648,0.412850157396528,"cv_r2",-0.00182344285643888,0.0196078431372549,TRUE,NA,NA
"CD14_Mono","ZFY","rf",1200,116,0.774274928472783,0.765993920523825,0.474604362328066,"oob_r2",-0.0353754548409984,0.0196078431372549,TRUE,0.841103038224478,0.716402116402116
"CD14_Mono","ZFY","lm",1200,116,NA,0.707553232404485,0.474461690450599,"cv_r2",-0.106427873151357,0.0196078431372549,TRUE,NA,NA
"CD14_Mono","ZFY","ridge",1200,116,NA,0.724160667753541,0.575698735695104,"cv_r2",0.000467166305990934,0.0196078431372549,TRUE,NA,NA
"CD14_Mono","ZFY","spearman",1200,116,NA,0.430952582615136,-0.190201605353176,"cv_r2",0.00319762569593671,0.0196078431372549,TRUE,NA,NA
"CD14_Mono","BCL11B","rf",1200,116,0.864699437523458,0.859607257406926,0.44526159812705,"oob_r2",-0.0306782334610048,0.0196078431372549,TRUE,0.866140263201732,1
"CD14_Mono","BCL11B","lm",1200,116,NA,0.841196110299927,0.647816377198075,"cv_r2",-0.105671774974536,0.0196078431372549,TRUE,NA,NA
"CD14_Mono","BCL11B","ridge",1200,116,NA,0.845379682552441,0.60739633496298,"cv_r2",0.000720555908481845,0.0196078431372549,TRUE,NA,NA
"CD14_Mono","BCL11B","spearman",1200,116,NA,0.499274271670501,0.0412146668213461,"cv_r2",2.34042489642575e-06,0.0196078431372549,TRUE,NA,NA
"CD14_Mono","LEF1","rf",1200,116,0.742076112778701,0.73781432789163,0.0899572437927121,"oob_r2",-0.0333860982097611,0.0196078431372549,TRUE,0.841556828423395,0.8
"CD14_Mono","LEF1","lm",1200,116,NA,0.682792485312503,0.293986019461125,"cv_r2",-0.110305436580031,0.0196078431372549,TRUE,NA,NA
"CD14_Mono","LEF1","ridge",1200,116,NA,0.700211254138242,0.35380315948833,"cv_r2",0.00078055619794272,0.0196078431372549,TRUE,NA,NA
"CD14_Mono","LEF1","spearman",1200,116,NA,0.361001832386105,-0.519837465187851,"cv_r2",0.00149778187171753,0.0196078431372549,TRUE,NA,NA
"CD14_Mono","DDIT3","rf",1200,116,0.789304667416205,0.788851366735617,0.440458996537997,"oob_r2",-0.0264199066151099,0.0196078431372549,TRUE,0.885576015411098,1
"CD14_Mono","DDIT3","lm",1200,116,NA,0.765433583522269,0.496672414348601,"cv_r2",-0.103195675986222,0.0196078431372549,TRUE,NA,NA
"CD14_Mono","DDIT3","ridge",1200,116,NA,0.768680740890834,0.542168534125555,"cv_r2",0.000577895186644961,0.0196078431372549,TRUE,NA,NA
"CD14_Mono","DDIT3","spearman",1200,116,NA,0.615501442007974,0.538008041669989,"cv_r2",-0.000330865632065034,0.0196078431372549,TRUE,NA,NA
"CD14_Mono","BPTF","rf",1200,116,0.793347354489917,0.792747126471153,-0.0753814570864435,"oob_r2",-0.0407757595457003,0.0196078431372549,TRUE,0.824280851027478,0.77037037037037
"CD14_Mono","BPTF","lm",1200,116,NA,0.770203913168071,0.384789530063,"cv_r2",-0.115483059019638,0.0196078431372549,TRUE,NA,NA
"CD14_Mono","BPTF","ridge",1200,116,NA,0.77566438265014,0.200530314835119,"cv_r2",-6.06605203920096e-05,0.0196078431372549,TRUE,NA,NA
"CD14_Mono","BPTF","spearman",1200,116,NA,0.509593249921435,-0.0537844003982342,"cv_r2",-0.00197781882912817,0.0196078431372549,TRUE,NA,NA
"CD14_Mono","IKZF3","rf",1200,116,0.792987640482399,0.792294378664742,0.14562774738919,"oob_r2",-0.0375374766901649,0.0196078431372549,TRUE,0.848124997330395,0.874074074074074
"CD14_Mono","IKZF3","lm",1200,116,NA,0.751148956544111,0.356104397910275,"cv_r2",-0.103147474053672,0.0196078431372549,TRUE,NA,NA
"CD14_Mono","IKZF3","ridge",1200,116,NA,0.758031097743656,0.284775367470659,"cv_r2",0.000158530992692041,0.0196078431372549,TRUE,NA,NA
"CD14_Mono","IKZF3","spearman",1200,116,NA,0.489874396034015,-0.198458642101989,"cv_r2",0.00586651211730637,0.0196078431372549,TRUE,NA,NA
"CD14_Mono","AHR","rf",1200,116,0.723532463916882,0.720666615351836,0.307028229019916,"oob_r2",-0.0410900544403071,0.0196078431372549,TRUE,0.737645365351512,0.645502645502645
"CD14_Mono","AHR","lm",1200,116,NA,0.678281212969957,0.364615376328138,"cv_r2",-0.0925241450757922,0.0196078431372549,TRUE,NA,NA
"CD14_Mono","AHR","ridge",1200,116,NA,0.687985833797314,0.424501434441699,"cv_r2",-0.000402156438995028,0.0196078431372549,TRUE,NA,NA
"CD14_Mono","AHR","spearman",1200,116,NA,0.395985686732244,-0.0586756104074162,"cv_r2",-0.00166368037102024,0.0196078431372549,TRUE,NA,NA
"CD14_Mono","SPIC","rf",1200,116,0.790328028511333,0.790956762142489,0.540600486560678,"oob_r2",-0.0302172705673621,0.0196078431372549,TRUE,0.841059641119611,1
"CD14_Mono","SPIC","lm",1200,116,NA,0.782766432906294,0.707856195311505,"cv_r2",-0.107852098953451,0.0196078431372549,TRUE,NA,NA
"CD14_Mono","SPIC","ridge",1200,116,NA,0.783669583595513,0.671069638386683,"cv_r2",0.000297543270935855,0.0196078431372549,TRUE,NA,NA
"CD14_Mono","SPIC","spearman",1200,116,NA,0.450096543368266,-0.0575348710067134,"cv_r2",0.00268397718189669,0.0196078431372549,TRUE,NA,NA
"CD14_Mono","NFAT5","rf",1200,116,0.793097798749444,0.787772021546952,0.0427745350559827,"oob_r2",-0.0424640899486772,0.0196078431372549,TRUE,0.79205286245766,1
"CD14_Mono","NFAT5","lm",1200,116,NA,0.738086503111215,0.394690524993273,"cv_r2",-0.104067436689241,0.0196078431372549,TRUE,NA,NA
"CD14_Mono","NFAT5","ridge",1200,116,NA,0.746642754506048,0.299638677801774,"cv_r2",-0.000261678627691353,0.0196078431372549,TRUE,NA,NA
"CD14_Mono","NFAT5","spearman",1200,116,NA,0.47674481717099,-0.0447193881428398,"cv_r2",5.33589257044941e-05,0.0196078431372549,TRUE,NA,NA
"CD14_Mono","BACH1","rf",1200,116,0.847306744811174,0.846474285353051,0.273549388465961,"oob_r2",-0.0235897176446136,0.0196078431372549,TRUE,0.898661438511513,0.785185185185185
"CD14_Mono","BACH1","lm",1200,116,NA,0.835361070503701,0.680430598479283,"cv_r2",-0.114418062530049,0.0196078431372549,TRUE,NA,NA
"CD14_Mono","BACH1","ridge",1200,116,NA,0.837813208402755,0.620130435139053,"cv_r2",0.000428106517623338,0.0196078431372549,TRUE,NA,NA
"CD14_Mono","BACH1","spearman",1200,116,NA,0.567128727481329,-0.243837468013457,"cv_r2",0.00619212485866351,0.0196078431372549,TRUE,NA,NA
"CD14_Mono","IKZF2","rf",1200,116,0.839104487104059,0.837210224653189,0.233658241593481,"oob_r2",-0.0278926204086625,0.0196078431372549,TRUE,0.866699812486919,1
"CD14_Mono","IKZF2","lm",1200,116,NA,0.811016096839678,0.531983278071486,"cv_r2",-0.115081425014593,0.0196078431372549,TRUE,NA,NA
"CD14_Mono","IKZF2","ridge",1200,116,NA,0.812133428899053,0.444395594379126,"cv_r2",0.000893826817053182,0.0196078431372549,TRUE,NA,NA
"CD14_Mono","IKZF2","spearman",1200,116,NA,0.546401268212498,-0.031385987843094,"cv_r2",0.00169398315596333,0.0196078431372549,TRUE,NA,NA
"CD14_Mono","ZFHX3","rf",1200,116,0.857618805629024,0.859584849292849,0.308170875467068,"oob_r2",-0.027918538682041,0.0196078431372549,TRUE,0.896435372057561,1
"CD14_Mono","ZFHX3","lm",1200,116,NA,0.802589041340532,0.479202155373649,"cv_r2",-0.108901171768497,0.0196078431372549,TRUE,NA,NA
"CD14_Mono","ZFHX3","ridge",1200,116,NA,0.818877064797262,0.460069988912328,"cv_r2",0.000358664009970916,0.0196078431372549,TRUE,NA,NA
"CD14_Mono","ZFHX3","spearman",1200,116,NA,0.572559017512437,-0.158310121002936,"cv_r2",0.0065745937432677,0.0196078431372549,TRUE,NA,NA
"CD14_Mono","ZBTB16","rf",1200,116,0.867146575387234,0.864071228524056,0.652927030373506,"oob_r2",-0.0372051298024665,0.0196078431372549,TRUE,0.854488482254599,0.77989417989418
"CD14_Mono","ZBTB16","lm",1200,116,NA,0.847816127809335,0.801165082231258,"cv_r2",-0.104699223815242,0.0196078431372549,TRUE,NA,NA
"CD14_Mono","ZBTB16","ridge",1200,116,NA,0.851966967131784,0.787909795699086,"cv_r2",2.35682034531444e-05,0.0196078431372549,TRUE,NA,NA
"CD14_Mono","ZBTB16","spearman",1200,116,NA,0.653971243788654,0.424633882102661,"cv_r2",0.00200537413674165,0.0196078431372549,TRUE,NA,NA
"CD14_Mono","OLIG1","rf",1200,116,0.919442610260135,0.917030847689636,0.385736341842837,"oob_r2",-0.0327279723732136,0.0196078431372549,TRUE,0.83712622321318,0.822222222222222
"CD14_Mono","OLIG1","lm",1200,116,NA,0.898828141906854,0.700848626593235,"cv_r2",-0.108503069563708,0.0196078431372549,TRUE,NA,NA
"CD14_Mono","OLIG1","ridge",1200,116,NA,0.899244512126648,0.651275218345353,"cv_r2",-0.000217013796814936,0.0196078431372549,TRUE,NA,NA
"CD14_Mono","OLIG1","spearman",1200,116,NA,0.725979540322437,0.306466372483729,"cv_r2",0.00595236646574347,0.0196078431372549,TRUE,NA,NA
"CD14_Mono","HLX","rf",1200,116,0.873974875288357,0.868701404205264,0.54308158238403,"oob_r2",-0.0397816955869618,0.0196078431372549,TRUE,0.836844142031548,0.82962962962963
"CD14_Mono","HLX","lm",1200,116,NA,0.860005453512599,0.793849244960971,"cv_r2",-0.0974749225262993,0.0196078431372549,TRUE,NA,NA
"CD14_Mono","HLX","ridge",1200,116,NA,0.863439975398446,0.772615245991465,"cv_r2",0.00109198227777439,0.0196078431372549,TRUE,NA,NA
"CD14_Mono","HLX","spearman",1200,116,NA,0.618384325753157,-0.0670013459667271,"cv_r2",-0.00166936671595956,0.0196078431372549,TRUE,NA,NA
"CD14_Mono","ZNF331","rf",1200,116,0.909563996289893,0.906679229309738,0.640989127866255,"oob_r2",-0.0378056718975721,0.0196078431372549,TRUE,0.885256346185881,0.77037037037037
"CD14_Mono","ZNF331","lm",1200,116,NA,0.901042773176796,0.804500741035524,"cv_r2",-0.10257342342603,0.0196078431372549,TRUE,NA,NA
"CD14_Mono","ZNF331","ridge",1200,116,NA,0.902870739214183,0.802854622521739,"cv_r2",0.00058454572118871,0.0196078431372549,TRUE,NA,NA
"CD14_Mono","ZNF331","spearman",1200,116,NA,0.668250932409994,0.583125532306808,"cv_r2",0.00127362356847063,0.0196078431372549,TRUE,NA,NA
"CD14_Mono","IKZF1","rf",1200,116,0.888041920792347,0.881746387157227,0.0476727316467324,"oob_r2",-0.034365316105304,0.0196078431372549,TRUE,0.839899024846551,0.822222222222222
"CD14_Mono","IKZF1","lm",1200,116,NA,0.846560786419453,0.326388374499574,"cv_r2",-0.105238032087618,0.0196078431372549,TRUE,NA,NA
"CD14_Mono","IKZF1","ridge",1200,116,NA,0.844812515668335,0.114710398193933,"cv_r2",0.00120910480696859,0.0196078431372549,TRUE,NA,NA
"CD14_Mono","IKZF1","spearman",1200,116,NA,0.567250233879334,-0.297710015862243,"cv_r2",-0.00050154792611671,0.0196078431372549,TRUE,NA,NA
"CD14_Mono","NFIL3","rf",1200,116,0.909316237868173,0.905188986347508,0.506370371114009,"oob_r2",-0.0373659404397678,0.0196078431372549,TRUE,0.855297992029626,1
"CD14_Mono","NFIL3","lm",1200,116,NA,0.899673186387798,0.729429531855834,"cv_r2",-0.111775884726643,0.0196078431372549,TRUE,NA,NA
"CD14_Mono","NFIL3","ridge",1200,116,NA,0.90065760907672,0.710586027313848,"cv_r2",0.000353585926233524,0.0196078431372549,TRUE,NA,NA
"CD14_Mono","NFIL3","spearman",1200,116,NA,0.693029100370057,0.172588747555752,"cv_r2",0.00412233510949846,0.0196078431372549,TRUE,NA,NA
"CD14_Mono","TP73","rf",1200,116,0.904499243709165,0.898012399868021,0.530173043965117,"oob_r2",-0.0316249890859047,0.0196078431372549,TRUE,0.834464818872615,1
"CD14_Mono","TP73","lm",1200,116,NA,0.890639481811136,0.787331567479406,"cv_r2",-0.105078629340982,0.0196078431372549,TRUE,NA,NA
"CD14_Mono","TP73","ridge",1200,116,NA,0.894001751449538,0.737061381078302,"cv_r2",0.00143184994046555,0.0196078431372549,TRUE,NA,NA
"CD14_Mono","TP73","spearman",1200,116,NA,0.680596306456506,0.485072347854045,"cv_r2",0.00216340501336897,0.0196078431372549,TRUE,NA,NA
"CD14_Mono","SP100","rf",1200,116,0.896593537587801,0.898620119955003,0.435245859335682,"oob_r2",-0.0265550143994848,0.0196078431372549,TRUE,0.851869279035696,1
"CD14_Mono","SP100","lm",1200,116,NA,0.884102253349928,0.647869036063134,"cv_r2",-0.105620889495956,0.0196078431372549,TRUE,NA,NA
"CD14_Mono","SP100","ridge",1200,116,NA,0.88379057918202,0.550794205241535,"cv_r2",0.00103459946937392,0.0196078431372549,TRUE,NA,NA
"CD14_Mono","SP100","spearman",1200,116,NA,0.67778193195404,0.040450805250514,"cv_r2",0.00173772751525303,0.0196078431372549,TRUE,NA,NA
"CD14_Mono","MYBL2","rf",1200,116,0.897425278995842,0.89085441735819,0.41541861187586,"oob_r2",-0.0333641039589289,0.0196078431372549,TRUE,0.867489503111692,1
"CD14_Mono","MYBL2","lm",1200,116,NA,0.876308155798872,0.759231771183139,"cv_r2",-0.10418357743937,0.0196078431372549,TRUE,NA,NA
"CD14_Mono","MYBL2","ridge",1200,116,NA,0.876180406581602,0.692875494613104,"cv_r2",2.27783094154438e-05,0.0196078431372549,TRUE,NA,NA
"CD14_Mono","MYBL2","spearman",1200,116,NA,0.624125704194386,0.116374410061933,"cv_r2",0.00278361871076852,0.0196078431372549,TRUE,NA,NA
"CD14_Mono","ATF4","rf",1200,116,0.895781528706752,0.893075543100085,0.533558532883388,"oob_r2",-0.0296205322428605,0.0196078431372549,TRUE,0.86632786171017,0.77037037037037
"CD14_Mono","ATF4","lm",1200,116,NA,0.879558103825552,0.665200298840588,"cv_r2",-0.103145608245188,0.0196078431372549,TRUE,NA,NA
"CD14_Mono","ATF4","ridge",1200,116,NA,0.88091409276677,0.689446669922545,"cv_r2",0.00075795303926649,0.0196078431372549,TRUE,NA,NA
"CD14_Mono","ATF4","spearman",1200,116,NA,0.623998760060497,0.406587773039439,"cv_r2",0.00492274973861654,0.0196078431372549,TRUE,NA,NA
"CD14_Mono","ZNF165","rf",1200,116,0.910055453158514,0.90759151692058,0.294968288349667,"oob_r2",-0.03177556244898,0.0196078431372549,TRUE,0.856944519193395,1
"CD14_Mono","ZNF165","lm",1200,116,NA,0.894312347563134,0.713679783633578,"cv_r2",-0.104228591941002,0.0196078431372549,TRUE,NA,NA
"CD14_Mono","ZNF165","ridge",1200,116,NA,0.896892500430777,0.638486416604388,"cv_r2",-0.000272542692264899,0.0196078431372549,TRUE,NA,NA
"CD14_Mono","ZNF165","spearman",1200,116,NA,0.671356375891477,0.40814422093409,"cv_r2",-0.000312639712178221,0.0196078431372549,TRUE,NA,NA
"CD14_Mono","KLF3","rf",1200,116,0.905220437679524,0.901479650319266,0.39226592635888,"oob_r2",-0.0368039822894579,0.0196078431372549,TRUE,0.879360490694824,0.792592592592593
"CD14_Mono","KLF3","lm",1200,116,NA,0.884430277485025,0.686362783034739,"cv_r2",-0.100527448393966,0.0196078431372549,TRUE,NA,NA
"CD14_Mono","KLF3","ridge",1200,116,NA,0.883515329162513,0.573144253192145,"cv_r2",-9.28475904872773e-05,0.0196078431372549,TRUE,NA,NA
"CD14_Mono","KLF3","spearman",1200,116,NA,0.494459413420009,-0.300787211031399,"cv_r2",0.00450607844110634,0.0196078431372549,TRUE,NA,NA
"CD14_Mono","ENO1","rf",1200,116,0.881956557488688,0.883340335053991,0.66082824050684,"oob_r2",-0.0250605473854846,0.0196078431372549,TRUE,0.851369358056015,1
"CD14_Mono","ENO1","lm",1200,116,NA,0.870930326084455,0.776276348405276,"cv_r2",-0.0999228570001846,0.0196078431372549,TRUE,NA,NA
"CD14_Mono","ENO1","ridge",1200,116,NA,0.870880636640159,0.755089423114616,"cv_r2",0.000188899109303897,0.0196078431372549,TRUE,NA,NA
"CD14_Mono","ENO1","spearman",1200,116,NA,0.723154071249227,0.593264917546537,"cv_r2",4.69335015788828e-05,0.0196078431372549,TRUE,NA,NA
"CD14_Mono","CEBPD","rf",1200,116,0.910774210207505,0.911365258119551,0.541042837136308,"oob_r2",-0.034403177903072,0.0196078431372549,TRUE,0.860317533540922,0.933333333333333
"CD14_Mono","CEBPD","lm",1200,116,NA,0.899639148427086,0.759648342215676,"cv_r2",-0.108907064812165,0.0196078431372549,TRUE,NA,NA
"CD14_Mono","CEBPD","ridge",1200,116,NA,0.900817538058504,0.721804733571686,"cv_r2",-3.54167735859953e-05,0.0196078431372549,TRUE,NA,NA
"CD14_Mono","CEBPD","spearman",1200,116,NA,0.689384356504676,0.192552058956128,"cv_r2",0.00324364642608535,0.0196078431372549,TRUE,NA,NA
"CD14_Mono","BDP1","rf",1200,116,0.892005546631201,0.885346178467368,0.652269168119553,"oob_r2",-0.0391551642071708,0.0196078431372549,TRUE,0.863911463071883,0.822222222222222
"CD14_Mono","BDP1","lm",1200,116,NA,0.879448922575529,0.839556208029214,"cv_r2",-0.105036979376555,0.0196078431372549,TRUE,NA,NA
"CD14_Mono","BDP1","ridge",1200,116,NA,0.883475357167998,0.823882440418633,"cv_r2",0.0021067032582873,0.0196078431372549,TRUE,NA,NA
"CD14_Mono","BDP1","spearman",1200,116,NA,0.612180923514828,0.250088762538826,"cv_r2",0.000284028296166957,0.0196078431372549,TRUE,NA,NA
"CD14_Mono","ID2","rf",1200,116,0.91727000234266,0.917920509589432,0.476134677614751,"oob_r2",-0.0352128262465665,0.0196078431372549,TRUE,0.830733692982568,1
"CD14_Mono","ID2","lm",1200,116,NA,0.900368157510211,0.632192857489043,"cv_r2",-0.104521688094674,0.0196078431372549,TRUE,NA,NA
"CD14_Mono","ID2","ridge",1200,116,NA,0.898724262450582,0.594042044419554,"cv_r2",1.54096507300576e-05,0.0196078431372549,TRUE,NA,NA
"CD14_Mono","ID2","spearman",1200,116,NA,0.639962330248604,0.0982503854810327,"cv_r2",0.00298384742263382,0.0196078431372549,TRUE,NA,NA
"CD14_Mono","SPIB","rf",1200,116,0.876566081044739,0.880237611376288,0.423651150480638,"oob_r2",-0.0344264301820419,0.0196078431372549,TRUE,0.870213098578916,1
"CD14_Mono","SPIB","lm",1200,116,NA,0.863238711187396,0.733430342464672,"cv_r2",-0.105853109259295,0.0196078431372549,TRUE,NA,NA
"CD14_Mono","SPIB","ridge",1200,116,NA,0.862206173087775,0.644643833689137,"cv_r2",0.00138085719676164,0.0196078431372549,TRUE,NA,NA
"CD14_Mono","SPIB","spearman",1200,116,NA,0.561308039559633,-0.183819113133909,"cv_r2",-0.00010952997309213,0.0196078431372549,TRUE,NA,NA
"CD14_Mono","ID1","rf",1200,116,0.902572736308854,0.897547767408922,0.648691894345107,"oob_r2",-0.0284788629670596,0.0196078431372549,TRUE,0.889220859655642,0.933333333333333
"CD14_Mono","ID1","lm",1200,116,NA,0.887062192320378,0.769850242645495,"cv_r2",-0.107716353959578,0.0196078431372549,TRUE,NA,NA
"CD14_Mono","ID1","ridge",1200,116,NA,0.890136009902363,0.737990018948378,"cv_r2",0.00239943401889378,0.0196078431372549,TRUE,NA,NA
"CD14_Mono","ID1","spearman",1200,116,NA,0.596815789806654,0.174164444882546,"cv_r2",0.00417456032026498,0.0196078431372549,TRUE,NA,NA
"CD14_Mono","HIF1A","rf",1200,116,0.911958126655605,0.91354381366744,0.760663455882854,"oob_r2",-0.0329787189152342,0.0196078431372549,TRUE,0.86784898149216,0.874074074074074
"CD14_Mono","HIF1A","lm",1200,116,NA,0.896275478886379,0.798028948001861,"cv_r2",-0.104371922833797,0.0196078431372549,TRUE,NA,NA
"CD14_Mono","HIF1A","ridge",1200,116,NA,0.899160191038526,0.802684899991849,"cv_r2",0.00262997524771648,0.0196078431372549,TRUE,NA,NA
"CD14_Mono","HIF1A","spearman",1200,116,NA,0.791422407811058,0.762308221109012,"cv_r2",0.00256780755605859,0.0196078431372549,TRUE,NA,NA
"CD14_Mono","ID3","rf",1200,116,0.905211737786946,0.904004406740018,0.598282035385583,"oob_r2",-0.0278220301868083,0.0196078431372549,TRUE,0.864863294848302,0.77037037037037
"CD14_Mono","ID3","lm",1200,116,NA,0.897437476138158,0.770190441749368,"cv_r2",-0.104971536129832,0.0196078431372549,TRUE,NA,NA
"CD14_Mono","ID3","ridge",1200,116,NA,0.898851879574763,0.748507884289373,"cv_r2",0.00184029339175942,0.0196078431372549,TRUE,NA,NA
"CD14_Mono","ID3","spearman",1200,116,NA,0.57529093243693,0.285163299282676,"cv_r2",-0.00102331410196193,0.0196078431372549,TRUE,NA,NA
"CD14_Mono","KLF9","rf",1200,116,0.896389975175367,0.891305268603733,0.587733804641456,"oob_r2",-0.0304904568728592,0.0196078431372549,TRUE,0.881290124168685,0.933333333333333
"CD14_Mono","KLF9","lm",1200,116,NA,0.875491025562485,0.79772231538706,"cv_r2",-0.099056803784279,0.0196078431372549,TRUE,NA,NA
"CD14_Mono","KLF9","ridge",1200,116,NA,0.875737574264342,0.749567244096549,"cv_r2",0.00221556842254033,0.0196078431372549,TRUE,NA,NA
"CD14_Mono","KLF9","spearman",1200,116,NA,0.653120780823054,0.33993707041997,"cv_r2",0.000275791781934973,0.0196078431372549,TRUE,NA,NA
"CD14_Mono","ITGB2","rf",1200,116,0.919393261521454,0.920482237457445,0.558493116913164,"oob_r2",-0.0326714736832286,0.0196078431372549,TRUE,0.868974059978558,0.881481481481482
"CD14_Mono","ITGB2","lm",1200,116,NA,0.894663868962679,0.672643488805017,"cv_r2",-0.100168300308294,0.0196078431372549,TRUE,NA,NA
"CD14_Mono","ITGB2","ridge",1200,116,NA,0.898445649848295,0.715799392815181,"cv_r2",0.00144715279960424,0.0196078431372549,TRUE,NA,NA
"CD14_Mono","ITGB2","spearman",1200,116,NA,0.606981845769371,0.427250156079864,"cv_r2",-0.000417339392209136,0.0196078431372549,TRUE,NA,NA
"CD14_Mono","PPARGC1A","rf",1200,116,0.901455131546802,0.901108125448917,0.771670851732735,"oob_r2",-0.027635984798297,0.0196078431372549,TRUE,0.855111076940162,0.77037037037037
"CD14_Mono","PPARGC1A","lm",1200,116,NA,0.900300361891923,0.840998245561053,"cv_r2",-0.101045449969824,0.0196078431372549,TRUE,NA,NA
"CD14_Mono","PPARGC1A","ridge",1200,116,NA,0.902857844480243,0.839306644359047,"cv_r2",0.0026923517530986,0.0196078431372549,TRUE,NA,NA
"CD14_Mono","PPARGC1A","spearman",1200,116,NA,0.653332213524016,0.339571092890895,"cv_r2",-0.00148858633606598,0.0196078431372549,TRUE,NA,NA
"CD14_Mono","GATA3","rf",1200,116,0.92656125294442,0.926842788845225,0.56500517788106,"oob_r2",-0.0265508985208548,0.0196078431372549,TRUE,0.885847332743884,0.785185185185185
"CD14_Mono","GATA3","lm",1200,116,NA,0.913314897544026,0.601272332400974,"cv_r2",-0.100349072788387,0.0196078431372549,TRUE,NA,NA
"CD14_Mono","GATA3","ridge",1200,116,NA,0.913957857126128,0.594864631740674,"cv_r2",0.00247313530963781,0.0196078431372549,TRUE,NA,NA
"CD14_Mono","GATA3","spearman",1200,116,NA,0.573666722615017,0.133647698948604,"cv_r2",0.0031625039478542,0.0196078431372549,TRUE,NA,NA
"CD14_Mono","RFX2","rf",1200,116,0.907098919116792,0.904485961044833,0.686995401536577,"oob_r2",-0.0331220365894336,0.0196078431372549,TRUE,0.88836607337357,0.881481481481481
"CD14_Mono","RFX2","lm",1200,116,NA,0.89822518809388,0.715559278834254,"cv_r2",-0.101942053171733,0.0196078431372549,TRUE,NA,NA
"CD14_Mono","RFX2","ridge",1200,116,NA,0.900190742545483,0.737254547059272,"cv_r2",0.00261741696555093,0.0196078431372549,TRUE,NA,NA
"CD14_Mono","RFX2","spearman",1200,116,NA,0.619605624276798,0.233176308493474,"cv_r2",0.00396702539066992,0.0196078431372549,TRUE,NA,NA
"CD14_Mono","FOXP1","rf",1200,116,0.916415296623685,0.916470650677242,-0.202566276183212,"oob_r2",-0.0401241605788953,0.0196078431372549,TRUE,0.801456878398408,0.755555555555556
"CD14_Mono","FOXP1","lm",1200,116,NA,0.88167471079343,0.152159532106588,"cv_r2",-0.106553141540847,0.0196078431372549,TRUE,NA,NA
"CD14_Mono","FOXP1","ridge",1200,116,NA,0.880128721725089,0.0469467457887872,"cv_r2",0.00115324443784224,0.0196078431372549,TRUE,NA,NA
"CD14_Mono","FOXP1","spearman",1200,116,NA,0.732782275047162,-0.246762297361393,"cv_r2",-0.000811725805338306,0.0196078431372549,TRUE,NA,NA
"CD14_Mono","KLF7","rf",1200,116,0.908632105672077,0.909805611668388,0.691911903788282,"oob_r2",-0.0310777385471886,0.0196078431372549,TRUE,0.885627100979425,0.881481481481481
"CD14_Mono","KLF7","lm",1200,116,NA,0.905736550624093,0.793107646886562,"cv_r2",-0.105985932695619,0.0196078431372549,TRUE,NA,NA
"CD14_Mono","KLF7","ridge",1200,116,NA,0.908466232949223,0.791511594167412,"cv_r2",0.00130629463186054,0.0196078431372549,TRUE,NA,NA
"CD14_Mono","KLF7","spearman",1200,116,NA,0.631882915660906,0.3262481213469,"cv_r2",0.00101568668153129,0.0196078431372549,TRUE,NA,NA
"CD14_Mono","OSR2","rf",1200,116,0.929419800371365,0.930984415211716,0.276938647952213,"oob_r2",-0.029369110905391,0.0196078431372549,TRUE,0.877745229949128,0.822222222222222
"CD14_Mono","OSR2","lm",1200,116,NA,0.910747639928082,0.623926283107578,"cv_r2",-0.0980336506123915,0.0196078431372549,TRUE,NA,NA
"CD14_Mono","OSR2","ridge",1200,116,NA,0.910564517530078,0.543679605375401,"cv_r2",0.00138979013519825,0.0196078431372549,TRUE,NA,NA
"CD14_Mono","OSR2","spearman",1200,116,NA,0.694778643061511,0.332627139391051,"cv_r2",0.00138415532604967,0.0196078431372549,TRUE,NA,NA
"CD14_Mono","MAF","rf",1200,116,0.922600969035088,0.924860866797769,0.52679904551829,"oob_r2",-0.0277046350669206,0.0196078431372549,TRUE,0.865214743055822,0.933333333333333
"CD14_Mono","MAF","lm",1200,116,NA,0.911740299342414,0.72823913775461,"cv_r2",-0.097116203748777,0.0196078431372549,TRUE,NA,NA
"CD14_Mono","MAF","ridge",1200,116,NA,0.911184497589557,0.701252426427386,"cv_r2",0.00134841971289533,0.0196078431372549,TRUE,NA,NA
"CD14_Mono","MAF","spearman",1200,116,NA,0.585981241177674,0.0148005072245829,"cv_r2",0.00700912818944329,0.0196078431372549,TRUE,NA,NA
"CD14_Mono","CEBPB","rf",1200,116,0.91370642756412,0.907800699512096,0.729829048992276,"oob_r2",-0.0272911868796595,0.0196078431372549,TRUE,0.851982555730682,1
"CD14_Mono","CEBPB","lm",1200,116,NA,0.915459857985323,0.842390132915593,"cv_r2",-0.10520010556972,0.0196078431372549,TRUE,NA,NA
"CD14_Mono","CEBPB","ridge",1200,116,NA,0.915493413201148,0.814650972793786,"cv_r2",0.00173916870200377,0.0196078431372549,TRUE,NA,NA
"CD14_Mono","CEBPB","spearman",1200,116,NA,0.625638585120846,0.318333034105695,"cv_r2",0.00134869028134986,0.0196078431372549,TRUE,NA,NA
"CD14_Mono","SPI1","rf",1200,116,0.907931772103089,0.903745904495567,0.748470390159344,"oob_r2",-0.027316378683126,0.0196078431372549,TRUE,0.853558178175869,1
"CD14_Mono","SPI1","lm",1200,116,NA,0.906207994300107,0.867343469234537,"cv_r2",-0.100456495708819,0.0196078431372549,TRUE,NA,NA
"CD14_Mono","SPI1","ridge",1200,116,NA,0.906492917911946,0.859163627025039,"cv_r2",0.00274480017087773,0.0196078431372549,TRUE,NA,NA
"CD14_Mono","SPI1","spearman",1200,116,NA,0.579281392595641,0.296740213381387,"cv_r2",0.000634159521471749,0.0196078431372549,TRUE,NA,NA
"CD14_Mono","PRDM1","rf",1200,116,0.936041559542106,0.932846111215317,0.640542436847486,"oob_r2",-0.0295286609001641,0.0196078431372549,TRUE,0.88520406463435,1
"CD14_Mono","PRDM1","lm",1200,116,NA,0.933644619734058,0.83249879887683,"cv_r2",-0.0990604245333309,0.0196078431372549,TRUE,NA,NA
"CD14_Mono","PRDM1","ridge",1200,116,NA,0.934473840599057,0.7830142430665,"cv_r2",0.00119998488842843,0.0196078431372549,TRUE,NA,NA
"CD14_Mono","PRDM1","spearman",1200,116,NA,0.676854136846948,0.580962271864708,"cv_r2",0.00315026614403426,0.0196078431372549,TRUE,NA,NA
"CD14_Mono","TCF4","rf",1200,116,0.930965292025943,0.930979152167919,0.43236093164487,"oob_r2",-0.0237414552948011,0.0196078431372549,TRUE,0.874043661929719,1
"CD14_Mono","TCF4","lm",1200,116,NA,0.921353470816807,0.638864482051526,"cv_r2",-0.098877890898414,0.0196078431372549,TRUE,NA,NA
"CD14_Mono","TCF4","ridge",1200,116,NA,0.920927825136947,0.600162861880836,"cv_r2",0.00271966452312285,0.0196078431372549,TRUE,NA,NA
"CD14_Mono","TCF4","spearman",1200,116,NA,0.623084659806807,-0.109381188370745,"cv_r2",0.0059273184348357,0.0196078431372549,TRUE,NA,NA
"CD14_Mono","HOXB2","rf",1200,116,0.933090530243508,0.930894857429133,0.472577574036583,"oob_r2",-0.0290556694171553,0.0196078431372549,TRUE,0.838729182417338,1
"CD14_Mono","HOXB2","lm",1200,116,NA,0.929730389132521,0.718205252453215,"cv_r2",-0.102166955235754,0.0196078431372549,TRUE,NA,NA
"CD14_Mono","HOXB2","ridge",1200,116,NA,0.928728551231723,0.672641116624376,"cv_r2",0.000627902728542615,0.0196078431372549,TRUE,NA,NA
"CD14_Mono","HOXB2","spearman",1200,116,NA,0.740457043297194,0.152162306163021,"cv_r2",0.00404309191294885,0.0196078431372549,TRUE,NA,NA
"CD14_Mono","IRF8","rf",1200,116,0.913896555212725,0.910097712952453,0.0884399253925027,"oob_r2",-0.0312133258038231,0.0196078431372549,TRUE,0.815302775962446,0.785185185185185
"CD14_Mono","IRF8","lm",1200,116,NA,0.87987424172726,0.563742799378095,"cv_r2",-0.101310812705657,0.0196078431372549,TRUE,NA,NA
"CD14_Mono","IRF8","ridge",1200,116,NA,0.880154485422113,0.417271260111335,"cv_r2",0.00120890301284697,0.0196078431372549,TRUE,NA,NA
"CD14_Mono","IRF8","spearman",1200,116,NA,0.695747547360346,-0.29351789608248,"cv_r2",-0.00154969955899122,0.0196078431372549,TRUE,NA,NA
"CD14_Mono","MAFB","rf",1200,116,0.927169618070987,0.930093416858989,0.709070788617228,"oob_r2",-0.0305649729603993,0.0196078431372549,TRUE,0.861774582794073,1
"CD14_Mono","MAFB","lm",1200,116,NA,0.925726527237613,0.808355631890541,"cv_r2",-0.103589425458752,0.0196078431372549,TRUE,NA,NA
"CD14_Mono","MAFB","ridge",1200,116,NA,0.927318288872394,0.792559477334777,"cv_r2",0.000728575424035685,0.0196078431372549,TRUE,NA,NA
"CD14_Mono","MAFB","spearman",1200,116,NA,0.596369323072825,0.295877148659864,"cv_r2",0.00318819745883052,0.0196078431372549,TRUE,NA,NA
"CD14_Mono","REL","rf",1200,116,0.942914581196212,0.945462640471833,0.44884108739332,"oob_r2",-0.0317034260842436,0.0196078431372549,TRUE,0.863378225417206,0.933333333333333
"CD14_Mono","REL","lm",1200,116,NA,0.936132165440697,0.760164612447664,"cv_r2",-0.103475898379021,0.0196078431372549,TRUE,NA,NA
"CD14_Mono","REL","ridge",1200,116,NA,0.935683811202057,0.692500742819137,"cv_r2",0.00152555755095471,0.0196078431372549,TRUE,NA,NA
"CD14_Mono","REL","spearman",1200,116,NA,0.728853979874051,-0.0413358454968082,"cv_r2",0.00559427859801031,0.0196078431372549,TRUE,NA,NA
"CD14_Mono","CREB5","rf",1200,116,0.942784100773403,0.938407727989628,0.690373843163542,"oob_r2",-0.0365502661075517,0.0196078431372549,TRUE,0.836410683547115,1
"CD14_Mono","CREB5","lm",1200,116,NA,0.948067450811406,0.871034816876442,"cv_r2",-0.108287082681461,0.0196078431372549,TRUE,NA,NA
"CD14_Mono","CREB5","ridge",1200,116,NA,0.947085643962413,0.854027486721789,"cv_r2",0.000799142565599498,0.0196078431372549,TRUE,NA,NA
"CD14_Mono","CREB5","spearman",1200,116,NA,0.629169746871432,0.244437076452623,"cv_r2",0.00164057106345841,0.0196078431372549,TRUE,NA,NA
"CD14_Mono","HMGN3","rf",1200,116,0.931197908289481,0.930786092528224,0.728720126589976,"oob_r2",-0.0313448772563966,0.0196078431372549,TRUE,0.864114267652499,0.933333333333333
"CD14_Mono","HMGN3","lm",1200,116,NA,0.931753740333463,0.875681838715501,"cv_r2",-0.0998544058612088,0.0196078431372549,TRUE,NA,NA
"CD14_Mono","HMGN3","ridge",1200,116,NA,0.932820431956072,0.864744638070246,"cv_r2",0.00181606615287008,0.0196078431372549,TRUE,NA,NA
"CD14_Mono","HMGN3","spearman",1200,116,NA,0.635378730794973,0.495387082190161,"cv_r2",0.00540669156733272,0.0196078431372549,TRUE,NA,NA
"CD14_Mono","BCL6","rf",1200,116,0.934218144824628,0.932180194459835,0.646928616010527,"oob_r2",-0.0362477915758862,0.0196078431372549,TRUE,0.856164054724774,1
"CD14_Mono","BCL6","lm",1200,116,NA,0.934329946166447,0.833362977138616,"cv_r2",-0.105347557495277,0.0196078431372549,TRUE,NA,NA
"CD14_Mono","BCL6","ridge",1200,116,NA,0.935034445214941,0.815360583901374,"cv_r2",0.00167891674546076,0.0196078431372549,TRUE,NA,NA
"CD14_Mono","BCL6","spearman",1200,116,NA,0.703679045670785,0.17954334943477,"cv_r2",0.00344876510193193,0.0196078431372549,TRUE,NA,NA
"CD14_Mono","KLF5","rf",1200,116,0.90445596745862,0.899967215194094,0.698041949084706,"oob_r2",-0.0318728122446752,0.0196078431372549,TRUE,0.866410897115545,0.792592592592593
"CD14_Mono","KLF5","lm",1200,116,NA,0.89090307944734,0.79694383671057,"cv_r2",-0.100178664405964,0.0196078431372549,TRUE,NA,NA
"CD14_Mono","KLF5","ridge",1200,116,NA,0.894851209242476,0.786356011379585,"cv_r2",0.000741761378477245,0.0196078431372549,TRUE,NA,NA
"CD14_Mono","KLF5","spearman",1200,116,NA,0.612019582381643,0.200044416486845,"cv_r2",0.000961949317166213,0.0196078431372549,TRUE,NA,NA
"CD14_Mono","ESR1","rf",1200,116,0.944292028581969,0.943867945587813,0.602840809113035,"oob_r2",-0.0274722484160933,0.0196078431372549,TRUE,0.864645284195509,0.933333333333333
"CD14_Mono","ESR1","lm",1200,116,NA,0.939683690693889,0.819145427993698,"cv_r2",-0.106780244547097,0.0196078431372549,TRUE,NA,NA
"CD14_Mono","ESR1","ridge",1200,116,NA,0.939508511915942,0.791596298033981,"cv_r2",0.000484711969026717,0.0196078431372549,TRUE,NA,NA
"CD14_Mono","ESR1","spearman",1200,116,NA,0.69232456199437,0.0529117923515892,"cv_r2",0.00455156090612468,0.0196078431372549,TRUE,NA,NA
"CD14_Mono","ETS1","rf",1200,116,0.942140250655234,0.942896349939728,0.385253174983942,"oob_r2",-0.0285217826300313,0.0196078431372549,TRUE,0.864266157519531,1
"CD14_Mono","ETS1","lm",1200,116,NA,0.92704765190903,0.711762389906418,"cv_r2",-0.105180614812635,0.0196078431372549,TRUE,NA,NA
"CD14_Mono","ETS1","ridge",1200,116,NA,0.926706634632062,0.598202410130938,"cv_r2",0.00287514172831587,0.0196078431372549,TRUE,NA,NA
"CD14_Mono","ETS1","spearman",1200,116,NA,0.623231258251779,0.21432048495443,"cv_r2",-3.46070200829395e-05,0.0196078431372549,TRUE,NA,NA
"CD14_Mono","MAFF","rf",1200,116,0.92535363625433,0.923782573619697,0.696998249343059,"oob_r2",-0.0265629366655444,0.0196078431372549,TRUE,0.866190836205829,0.822222222222222
"CD14_Mono","MAFF","lm",1200,116,NA,0.923938372025317,0.804259007632109,"cv_r2",-0.105788625398675,0.0196078431372549,TRUE,NA,NA
"CD14_Mono","MAFF","ridge",1200,116,NA,0.924063512631704,0.774077668116438,"cv_r2",0.00366649920056511,0.0196078431372549,TRUE,NA,NA
"CD14_Mono","MAFF","spearman",1200,116,NA,0.687261145682718,0.30380727284848,"cv_r2",0.00354782543717545,0.0196078431372549,TRUE,NA,NA
"CD14_Mono","TCF7L2","rf",1200,116,0.940459676646741,0.938453046747374,0.587444755751412,"oob_r2",-0.0258265976658572,0.0196078431372549,TRUE,0.868284831943003,1
"CD14_Mono","TCF7L2","lm",1200,116,NA,0.939444358853832,0.777486539005372,"cv_r2",-0.098872458256705,0.0196078431372549,TRUE,NA,NA
"CD14_Mono","TCF7L2","ridge",1200,116,NA,0.939241337361476,0.743093381273719,"cv_r2",0.00349029953593365,0.0196078431372549,TRUE,NA,NA
"CD14_Mono","TCF7L2","spearman",1200,116,NA,0.721433335275548,0.150538302856529,"cv_r2",0.00191179507498439,0.0196078431372549,TRUE,NA,NA
"CD14_Mono","EGR3","rf",1200,116,0.90097052634649,0.895570243834796,-0.0718851537010183,"oob_r2",-0.0332961865583646,0.0196078431372549,TRUE,0.80591464951285,1
"CD14_Mono","EGR3","lm",1200,116,NA,0.862261460808061,0.325466201101112,"cv_r2",-0.10573274172113,0.0196078431372549,TRUE,NA,NA
"CD14_Mono","EGR3","ridge",1200,116,NA,0.864557670763807,0.156905896511214,"cv_r2",0.00144606166190871,0.0196078431372549,TRUE,NA,NA
"CD14_Mono","EGR3","spearman",1200,116,NA,0.607414213622362,-0.380973496966746,"cv_r2",6.63309585868299e-05,0.0196078431372549,TRUE,NA,NA
"CD14_Mono","KLF4","rf",1200,116,0.917211862995401,0.916588797065851,0.45859067062847,"oob_r2",-0.0302947428702107,0.0196078431372549,TRUE,0.891551660067402,0.844444444444444
"CD14_Mono","KLF4","lm",1200,116,NA,0.891537034691539,0.59937549789365,"cv_r2",-0.0985660557143663,0.0196078431372549,TRUE,NA,NA
"CD14_Mono","KLF4","ridge",1200,116,NA,0.894427684451054,0.56420435661466,"cv_r2",0.000335145101828465,0.0196078431372549,TRUE,NA,NA
"CD14_Mono","KLF4","spearman",1200,116,NA,0.621717380996889,-0.25207672627743,"cv_r2",0.00104403237486877,0.0196078431372549,TRUE,NA,NA
"CD14_Mono","NFE2","rf",1200,116,0.924532073398113,0.922900897444628,0.787701788491759,"oob_r2",-0.0288750853404321,0.0196078431372549,TRUE,0.872189546252515,0.814814814814815
"CD14_Mono","NFE2","lm",1200,116,NA,0.933366216688959,0.902392434654818,"cv_r2",-0.102874941759905,0.0196078431372549,TRUE,NA,NA
"CD14_Mono","NFE2","ridge",1200,116,NA,0.932621634700539,0.89494365611228,"cv_r2",0.00196187755710883,0.0196078431372549,TRUE,NA,NA
"CD14_Mono","NFE2","spearman",1200,116,NA,0.616275298853034,0.324190366137264,"cv_r2",0.00086807635448492,0.0196078431372549,TRUE,NA,NA
"CD14_Mono","MAX","rf",1200,116,0.932521078426451,0.928050341177983,0.117665656922098,"oob_r2",-0.0419374970585453,0.0196078431372549,TRUE,0.827013672650854,0.881481481481481
"CD14_Mono","MAX","lm",1200,116,NA,0.898981161651888,0.475263497239275,"cv_r2",-0.102416290034527,0.0196078431372549,TRUE,NA,NA
"CD14_Mono","MAX","ridge",1200,116,NA,0.898078967468647,0.343897915937549,"cv_r2",0.00204085050939012,0.0196078431372549,TRUE,NA,NA
"CD14_Mono","MAX","spearman",1200,116,NA,0.60283363312303,-0.0911775870805536,"cv_r2",0.00487292298008602,0.0196078431372549,TRUE,NA,NA
"CD14_Mono","ELF1","rf",1200,116,0.944050574956059,0.944433583938411,0.433905931412633,"oob_r2",-0.0376717851782709,0.0196078431372549,TRUE,0.824438379101048,0.844444444444444
"CD14_Mono","ELF1","lm",1200,116,NA,0.935758773028527,0.726657246577419,"cv_r2",-0.10501730162323,0.0196078431372549,TRUE,NA,NA
"CD14_Mono","ELF1","ridge",1200,116,NA,0.934606123787149,0.639355265135825,"cv_r2",6.16883803947789e-05,0.0196078431372549,TRUE,NA,NA
"CD14_Mono","ELF1","spearman",1200,116,NA,0.697325117012255,-0.053356726786548,"cv_r2",-1.79403942385404e-05,0.0196078431372549,TRUE,NA,NA
"CD14_Mono","TAL1","rf",1200,116,0.912387770469256,0.913977418018494,0.0501767948854238,"oob_r2",-0.0348286717083371,0.0196078431372549,TRUE,0.826976255462013,0.874074074074074
"CD14_Mono","TAL1","lm",1200,116,NA,0.874898198850556,0.358797630084192,"cv_r2",-0.110164844156933,0.0196078431372549,TRUE,NA,NA
"CD14_Mono","TAL1","ridge",1200,116,NA,0.870087983000898,0.252131181971151,"cv_r2",-0.000413953430279157,0.0196078431372549,TRUE,NA,NA
"CD14_Mono","TAL1","spearman",1200,116,NA,0.535248811532102,-0.34259152388702,"cv_r2",-0.000439061076791014,0.0196078431372549,TRUE,NA,NA
"CD14_Mono","KLF13","rf",1200,116,0.921616532263014,0.922468195359067,0.117426147123277,"oob_r2",-0.0325448821541187,0.0196078431372549,TRUE,0.853142659439511,1
"CD14_Mono","KLF13","lm",1200,116,NA,0.888093038621261,0.462772710321017,"cv_r2",-0.102200616382286,0.0196078431372549,TRUE,NA,NA
"CD14_Mono","KLF13","ridge",1200,116,NA,0.889127705054044,0.341814445236395,"cv_r2",0.000366994187122026,0.0196078431372549,TRUE,NA,NA
"CD14_Mono","KLF13","spearman",1200,116,NA,0.558502673039068,-0.411492418123464,"cv_r2",-0.00120398954760692,0.0196078431372549,TRUE,NA,NA
"CD14_Mono","MBD2","rf",1200,116,0.922766811339156,0.922304064124664,0.00823714985952217,"oob_r2",-0.0323922474515114,0.0196078431372549,TRUE,0.795909395729486,0.874074074074074
"CD14_Mono","MBD2","lm",1200,116,NA,0.885875399015689,0.33092684689722,"cv_r2",-0.101408607218441,0.0196078431372549,TRUE,NA,NA
"CD14_Mono","MBD2","ridge",1200,116,NA,0.882082529688302,0.219838417011931,"cv_r2",0.00106322658162549,0.0196078431372549,TRUE,NA,NA
"CD14_Mono","MBD2","spearman",1200,116,NA,0.499080959512302,-0.46080167905324,"cv_r2",-0.00171935870003131,0.0196078431372549,TRUE,NA,NA
"CD14_Mono","POU2F2","rf",1200,116,0.936058246495604,0.933283102519533,0.729930417394255,"oob_r2",-0.0336027228031314,0.0196078431372549,TRUE,0.885873815229138,1
"CD14_Mono","POU2F2","lm",1200,116,NA,0.933834297451524,0.798792762963565,"cv_r2",-0.108798487900218,0.0196078431372549,TRUE,NA,NA
"CD14_Mono","POU2F2","ridge",1200,116,NA,0.934654322785556,0.806085973137498,"cv_r2",0.00216134644646145,0.0196078431372549,TRUE,NA,NA
"CD14_Mono","POU2F2","spearman",1200,116,NA,0.610754498507219,0.345830229419044,"cv_r2",0.00424708391891558,0.0196078431372549,TRUE,NA,NA
"CD14_Mono","IRF9","rf",1200,116,0.942891791584622,0.94142673658645,0.0798719821002543,"oob_r2",-0.0313065653948774,0.0196078431372549,TRUE,0.81612697924542,0.933333333333333
"CD14_Mono","IRF9","lm",1200,116,NA,0.912328047322818,0.361077294165362,"cv_r2",-0.107805110713693,0.0196078431372549,TRUE,NA,NA
"CD14_Mono","IRF9","ridge",1200,116,NA,0.907759268041026,0.237663644883896,"cv_r2",0.00186489031690803,0.0196078431372549,TRUE,NA,NA
"CD14_Mono","IRF9","spearman",1200,116,NA,0.523655814694993,-0.130073144530402,"cv_r2",0.00216503417719757,0.0196078431372549,TRUE,NA,NA
"CD14_Mono","ATF3","rf",1200,116,0.936272075908159,0.939894364400933,0.352153717321897,"oob_r2",-0.0356703899438231,0.0196078431372549,TRUE,0.83351179111299,0.844444444444444
"CD14_Mono","ATF3","lm",1200,116,NA,0.92233438504624,0.69841030701396,"cv_r2",-0.106085132899115,0.0196078431372549,TRUE,NA,NA
"CD14_Mono","ATF3","ridge",1200,116,NA,0.921597817835202,0.612761810892239,"cv_r2",0.000324815185439158,0.0196078431372549,TRUE,NA,NA
"CD14_Mono","ATF3","spearman",1200,116,NA,0.626930143301328,-0.210989256359584,"cv_r2",-0.000158240154831494,0.0196078431372549,TRUE,NA,NA
"CD14_Mono","GATA2","rf",1200,116,0.9524824812051,0.949851984491074,0.254491143573404,"oob_r2",-0.0367686883096503,0.0196078431372549,TRUE,0.842338318020477,0.933333333333333
"CD14_Mono","GATA2","lm",1200,116,NA,0.927238358624713,0.562958724354747,"cv_r2",-0.104028015147346,0.0196078431372549,TRUE,NA,NA
"CD14_Mono","GATA2","ridge",1200,116,NA,0.926066135212975,0.510699974460127,"cv_r2",6.23099916353563e-05,0.0196078431372549,TRUE,NA,NA
"CD14_Mono","GATA2","spearman",1200,116,NA,0.587718079534496,-0.252544738705567,"cv_r2",0.00163322669193852,0.0196078431372549,TRUE,NA,NA
"CD14_Mono","EGR2","rf",1200,116,0.950696149860032,0.951332041937353,0.372823485379716,"oob_r2",-0.0347195161790787,0.0196078431372549,TRUE,0.843395396318935,1
"CD14_Mono","EGR2","lm",1200,116,NA,0.933432582147612,0.585844557468586,"cv_r2",-0.106112852166687,0.0196078431372549,TRUE,NA,NA
"CD14_Mono","EGR2","ridge",1200,116,NA,0.932377624930153,0.533296574497476,"cv_r2",0.00134860542802111,0.0196078431372549,TRUE,NA,NA
"CD14_Mono","EGR2","spearman",1200,116,NA,0.69818683714715,0.225679524613596,"cv_r2",-0.000831249979446214,0.0196078431372549,TRUE,NA,NA
"CD14_Mono","IRF1","rf",1200,116,0.959399395458652,0.960740863773015,0.443030013523912,"oob_r2",-0.033339943791269,0.0196078431372549,TRUE,0.855361891703721,0.822222222222222
"CD14_Mono","IRF1","lm",1200,116,NA,0.944327574909043,0.603818830034024,"cv_r2",-0.108107878117378,0.0196078431372549,TRUE,NA,NA
"CD14_Mono","IRF1","ridge",1200,116,NA,0.941921890231373,0.559355162576505,"cv_r2",0.000612525011086577,0.0196078431372549,TRUE,NA,NA
"CD14_Mono","IRF1","spearman",1200,116,NA,0.542323940122929,-0.276208501946853,"cv_r2",0.00160269703388127,0.0196078431372549,TRUE,NA,NA
"CD14_Mono","JUND","rf",1200,116,0.948192004751122,0.947081608327328,0.31153390080343,"oob_r2",-0.0245127061589608,0.0196078431372549,TRUE,0.824984260006749,0.933333333333333
"CD14_Mono","JUND","lm",1200,116,NA,0.928737176139875,0.589537820633465,"cv_r2",-0.10594776984509,0.0196078431372549,TRUE,NA,NA
"CD14_Mono","JUND","ridge",1200,116,NA,0.928088245430863,0.53820665035112,"cv_r2",0.00086497640582919,0.0196078431372549,TRUE,NA,NA
"CD14_Mono","JUND","spearman",1200,116,NA,0.581366661109267,-0.113027824956825,"cv_r2",0.00293395949715056,0.0196078431372549,TRUE,NA,NA
"CD14_Mono","IRF7","rf",1200,116,0.901649204414595,0.907462765456025,-0.0852813076182746,"oob_r2",-0.0372660514473319,0.0196078431372549,TRUE,0.792699035097836,0.8
"CD14_Mono","IRF7","lm",1200,116,NA,0.863791646174591,0.128473130374819,"cv_r2",-0.106575287335517,0.0196078431372549,TRUE,NA,NA
"CD14_Mono","IRF7","ridge",1200,116,NA,0.859071121513465,-0.0516311145107922,"cv_r2",0.000988828857876955,0.0196078431372549,TRUE,NA,NA
"CD14_Mono","IRF7","spearman",1200,116,NA,0.730995417373926,-0.324091872398393,"cv_r2",-0.000694931480536388,0.0196078431372549,TRUE,NA,NA
"CD14_Mono","STAT2","rf",1200,116,0.946171045548803,0.946106721423505,-0.0777724748529149,"oob_r2",-0.0360908465562667,0.0196078431372549,TRUE,0.794627814297979,1
"CD14_Mono","STAT2","lm",1200,116,NA,0.909675088209338,0.25646944252051,"cv_r2",-0.10574762237462,0.0196078431372549,TRUE,NA,NA
"CD14_Mono","STAT2","ridge",1200,116,NA,0.907358251392134,0.162953641032903,"cv_r2",0.00131745777955176,0.0196078431372549,TRUE,NA,NA
"CD14_Mono","STAT2","spearman",1200,116,NA,0.511217800479694,-0.432518443446953,"cv_r2",0.00249232428155921,0.0196078431372549,TRUE,NA,NA
"CD14_Mono","STAT1","rf",1200,116,0.93808739604899,0.939864567849699,-0.0737863063180415,"oob_r2",-0.0279054732129599,0.0196078431372549,TRUE,0.813156840383227,0.8
"CD14_Mono","STAT1","lm",1200,116,NA,0.910531720916204,0.306604745637504,"cv_r2",-0.109320210291692,0.0196078431372549,TRUE,NA,NA
"CD14_Mono","STAT1","ridge",1200,116,NA,0.905872645100838,0.164374420744474,"cv_r2",0.00137652236434017,0.0196078431372549,TRUE,NA,NA
"CD14_Mono","STAT1","spearman",1200,116,NA,0.780228681038649,-0.222078230852435,"cv_r2",0.000546566398695706,0.0196078431372549,TRUE,NA,NA
