"dataset","cluster","tf","method","cv_r2"
"cz_cf_bronchial_biopsy","respiratory_tract_suprabasal_cell","ETS2","ranger_et",0.895000395592067
"cz_cf_bronchial_biopsy","respiratory_tract_suprabasal_cell","KLF3","ranger_et",0.906465004426937
"cz_cf_bronchial_biopsy","respiratory_tract_suprabasal_cell","JUND","ranger_et",0.850355326613761
"cz_cf_bronchial_biopsy","respiratory_tract_suprabasal_cell","ERF","ranger_et",0.891236905958336
"cz_cf_bronchial_biopsy","respiratory_tract_suprabasal_cell","ATF3","ranger_et",0.904111880836572
"cz_cf_bronchial_biopsy","respiratory_tract_suprabasal_cell","ETV6","ranger_et",0.875966332180278
"cz_cf_bronchial_biopsy","respiratory_tract_suprabasal_cell","FOS","ranger_et",0.892598712354937
"cz_cf_bronchial_biopsy","respiratory_tract_suprabasal_cell","HIC1","ranger_et",0.865448234959395
"cz_cf_bronchial_biopsy","respiratory_tract_suprabasal_cell","HES1","ranger_et",0.870470422216468
"cz_cf_bronchial_biopsy","respiratory_tract_suprabasal_cell","HIF1A","ranger_et",0.895429958772419
"cz_cf_bronchial_biopsy","respiratory_tract_suprabasal_cell","BHLHE40","ranger_et",0.899209014972888
"cz_cf_bronchial_biopsy","respiratory_tract_suprabasal_cell","POU2F2","ranger_et",0.833993053128037
"cz_cf_bronchial_biopsy","respiratory_tract_suprabasal_cell","JUN","ranger_et",0.864920146851033
"cz_cf_bronchial_biopsy","respiratory_tract_suprabasal_cell","CREB3L1","ranger_et",0.897833729129515
"cz_cf_bronchial_biopsy","respiratory_tract_suprabasal_cell","ID4","ranger_et",0.883806522424863
"cz_cf_bronchial_biopsy","respiratory_tract_suprabasal_cell","MYC","ranger_et",0.861545079317639
"cz_cf_bronchial_biopsy","respiratory_tract_suprabasal_cell","GABPA","ranger_et",0.873783830219581
"cz_cf_bronchial_biopsy","respiratory_tract_suprabasal_cell","BACH1","ranger_et",0.890878282547179
"cz_cf_bronchial_biopsy","respiratory_tract_suprabasal_cell","ELK3","ranger_et",0.878077792718621
"cz_cf_bronchial_biopsy","respiratory_tract_suprabasal_cell","EBF1","ranger_et",0.826694286453829
"cz_cf_bronchial_biopsy","respiratory_tract_suprabasal_cell","HEY2","ranger_et",0.88757210996982
"cz_cf_bronchial_biopsy","respiratory_tract_suprabasal_cell","JDP2","ranger_et",0.872276194323809
"cz_cf_bronchial_biopsy","respiratory_tract_suprabasal_cell","PGR","ranger_et",0.897538657262758
"cz_cf_bronchial_biopsy","respiratory_tract_suprabasal_cell","THRB","ranger_et",0.818356871502405
"cz_cf_bronchial_biopsy","respiratory_tract_suprabasal_cell","TP73","ranger_et",0.882355787215678
"cz_cf_bronchial_biopsy","respiratory_tract_suprabasal_cell","ID3","ranger_et",0.894635349774754
"cz_cf_bronchial_biopsy","respiratory_tract_suprabasal_cell","NFE2L2","ranger_et",0.915002735771549
"cz_cf_bronchial_biopsy","respiratory_tract_suprabasal_cell","ID2","ranger_et",0.871124816518641
"cz_cf_bronchial_biopsy","respiratory_tract_suprabasal_cell","EGR1","ranger_et",0.862728029294023
"cz_cf_bronchial_biopsy","respiratory_tract_suprabasal_cell","ENO1","ranger_et",0.835838595903743
"cz_cf_bronchial_biopsy","respiratory_tract_suprabasal_cell","KLF5","ranger_et",0.845040033436674
"cz_cf_bronchial_biopsy","respiratory_tract_suprabasal_cell","NFATC2","ranger_et",0.868217546755952
"cz_cf_bronchial_biopsy","respiratory_tract_suprabasal_cell","TLX1","ranger_et",0.868394116261228
"cz_cf_bronchial_biopsy","respiratory_tract_suprabasal_cell","ID1","ranger_et",0.877433177579738
"cz_cf_bronchial_biopsy","respiratory_tract_suprabasal_cell","JUNB","ranger_et",0.864630724258488
"cz_cf_bronchial_biopsy","respiratory_tract_suprabasal_cell","ELF4","ranger_et",0.880749315476343
"cz_cf_bronchial_biopsy","respiratory_tract_suprabasal_cell","MBTPS2","ranger_et",0.825294248635104
"cz_cf_bronchial_biopsy","respiratory_tract_suprabasal_cell","HEY1","ranger_et",0.824015540074525
"cz_cf_bronchial_biopsy","respiratory_tract_suprabasal_cell","XBP1","ranger_et",0.837092080583403
"cz_cf_bronchial_biopsy","respiratory_tract_suprabasal_cell","SNAI2","ranger_et",0.784534092885323
"cz_cf_bronchial_biopsy","respiratory_tract_suprabasal_cell","NFIA","ranger_et",0.818786577820347
"cz_cf_bronchial_biopsy","respiratory_tract_suprabasal_cell","BCL11A","ranger_et",0.78474629177602
"cz_cf_bronchial_biopsy","respiratory_tract_suprabasal_cell","NRF1","ranger_et",0.700892659273456
"cz_cf_bronchial_biopsy","respiratory_tract_suprabasal_cell","SP6","ranger_et",0.579260577078998
"cz_cf_bronchial_biopsy","respiratory_tract_suprabasal_cell","HBP1","ranger_et",0.862388947277176
"cz_cf_bronchial_biopsy","respiratory_tract_suprabasal_cell","IKZF3","ranger_et",0.882898738569006
"cz_cf_bronchial_biopsy","respiratory_tract_suprabasal_cell","TBX10","ranger_et",0.834948181705193
"cz_cf_bronchial_biopsy","respiratory_tract_suprabasal_cell","DDIT3","ranger_et",0.873788930362973
"cz_cf_bronchial_biopsy","respiratory_tract_suprabasal_cell","IRX4","ranger_et",0.808067098702331
"cz_cf_bronchial_biopsy","respiratory_tract_suprabasal_cell","HNF1A","ranger_et",0.855416148047165
"cz_cf_bronchial_biopsy","respiratory_tract_suprabasal_cell","RFX8","ranger_et",0.798865550898595
"cz_cf_bronchial_biopsy","respiratory_tract_suprabasal_cell","ZSCAN31","ranger_et",0.878286377079033
"cz_cf_bronchial_biopsy","respiratory_tract_suprabasal_cell","TCF7","ranger_et",0.879198879594024
"cz_cf_bronchial_biopsy","respiratory_tract_suprabasal_cell","RORA","ranger_et",0.839714871770464
"cz_cf_bronchial_biopsy","respiratory_tract_suprabasal_cell","NEUROD2","ranger_et",0.706168095991845
"cz_cf_bronchial_biopsy","respiratory_tract_suprabasal_cell","NFIL3","ranger_et",0.85087146652728
"cz_cf_bronchial_biopsy","respiratory_tract_suprabasal_cell","IRF9","ranger_et",0.63538011256944
"cz_cf_bronchial_biopsy","respiratory_tract_suprabasal_cell","SOX15","ranger_et",0.87835612637958
"cz_cf_bronchial_biopsy","respiratory_tract_suprabasal_cell","ARID3B","ranger_et",0.891836341223301
"cz_cf_bronchial_biopsy","respiratory_tract_suprabasal_cell","PBX1","ranger_et",0.903054415695717
"cz_cf_bronchial_biopsy","respiratory_tract_suprabasal_cell","AHRR","ranger_et",0.86212690356325
"cz_cf_bronchial_biopsy","respiratory_tract_suprabasal_cell","ESRRG","ranger_et",0.875945391704853
"cz_cf_bronchial_biopsy","respiratory_tract_suprabasal_cell","GLI1","ranger_et",0.846320872591535
"cz_cf_bronchial_biopsy","respiratory_tract_suprabasal_cell","HMGN3","ranger_et",0.909034533827203
"cz_cf_bronchial_biopsy","respiratory_tract_suprabasal_cell","TCF4","ranger_et",0.877916284357425
"cz_cf_bronchial_biopsy","respiratory_tract_suprabasal_cell","GLIS2","ranger_et",0.868922003290797
"cz_cf_bronchial_biopsy","respiratory_tract_suprabasal_cell","GLI2","ranger_et",0.865910311447672
"cz_cf_bronchial_biopsy","respiratory_tract_suprabasal_cell","KLF7","ranger_et",0.79802345968165
"cz_cf_bronchial_biopsy","respiratory_tract_suprabasal_cell","NR6A1","ranger_et",0.900866437254467
"cz_cf_bronchial_biopsy","respiratory_tract_suprabasal_cell","PAX2","ranger_et",0.889473243494625
"cz_cf_bronchial_biopsy","respiratory_tract_suprabasal_cell","GLIS3","ranger_et",0.829675451155903
"cz_cf_bronchial_biopsy","respiratory_tract_suprabasal_cell","TFCP2L1","ranger_et",0.889596674907769
"cz_cf_bronchial_biopsy","respiratory_tract_suprabasal_cell","FOXP2","ranger_et",0.90820524511225
"cz_cf_bronchial_biopsy","respiratory_tract_suprabasal_cell","STAT5A","ranger_et",0.855074467330704
"cz_cf_bronchial_biopsy","respiratory_tract_suprabasal_cell","BACH2","ranger_et",0.887702562423157
"cz_cf_bronchial_biopsy","respiratory_tract_suprabasal_cell","IRF7","ranger_et",0.901506533214338
"cz_cf_bronchial_biopsy","respiratory_tract_suprabasal_cell","CEBPD","ranger_et",0.889189208624833
"cz_cf_bronchial_biopsy","respiratory_tract_suprabasal_cell","NR4A3","ranger_et",0.848840729861725
"cz_cf_bronchial_biopsy","respiratory_tract_suprabasal_cell","EPAS1","ranger_et",0.849834658774196
"cz_cf_bronchial_biopsy","respiratory_tract_suprabasal_cell","RUNX3","ranger_et",0.864157801419847
"cz_cf_bronchial_biopsy","respiratory_tract_suprabasal_cell","ELF3","ranger_et",0.780644464112118
"cz_cf_bronchial_biopsy","respiratory_tract_suprabasal_cell","SOX21","ranger_et",0.882233680930424
"cz_cf_bronchial_biopsy","respiratory_tract_suprabasal_cell","GRHL2","ranger_et",0.891670859091954
"cz_cf_bronchial_biopsy","respiratory_tract_suprabasal_cell","NFAT5","ranger_et",0.918763738704311
"cz_cf_bronchial_biopsy","respiratory_tract_suprabasal_cell","MYEF2","ranger_et",0.910847311657168
"cz_cf_bronchial_biopsy","respiratory_tract_suprabasal_cell","NFIB","ranger_et",0.890830747187641
"cz_cf_bronchial_biopsy","respiratory_tract_suprabasal_cell","NPAS3","ranger_et",0.852994570700094
"cz_cf_bronchial_biopsy","respiratory_tract_suprabasal_cell","CEBPG","ranger_et",0.88390370836455
"cz_cf_bronchial_biopsy","respiratory_tract_suprabasal_cell","TP63","ranger_et",0.915594721537557
"cz_cf_bronchial_biopsy","respiratory_tract_suprabasal_cell","MEIS2","ranger_et",0.91650904351378
"cz_cf_bronchial_biopsy","respiratory_tract_suprabasal_cell","RUNX1","ranger_et",0.880350735869925
"cz_cf_bronchial_biopsy","respiratory_tract_suprabasal_cell","BATF","ranger_et",0.814083149495795
"cz_cf_bronchial_biopsy","respiratory_tract_suprabasal_cell","NFATC4","ranger_et",0.895722351302269
"cz_cf_bronchial_biopsy","respiratory_tract_suprabasal_cell","IKZF2","ranger_et",0.889277913439555
"cz_cf_bronchial_biopsy","respiratory_tract_suprabasal_cell","TGIF1","ranger_et",0.925831840737608
"cz_cf_bronchial_biopsy","respiratory_tract_suprabasal_cell","TFEB","ranger_et",0.927099263871985
"cz_cf_bronchial_biopsy","respiratory_tract_suprabasal_cell","CHD2","ranger_et",0.883753670986367
"cz_cf_bronchial_biopsy","respiratory_tract_suprabasal_cell","FOSB","ranger_et",0.879636788360235
"cz_cf_bronchial_biopsy","respiratory_tract_suprabasal_cell","IRF1","ranger_et",0.852319853748522
"cz_cf_bronchial_biopsy","respiratory_tract_suprabasal_cell","FOXN3","ranger_et",0.893799836719179
"cz_cf_bronchial_biopsy","respiratory_tract_suprabasal_cell","KLF6","ranger_et",0.785280419901073
"cz_cf_bronchial_biopsy","respiratory_tract_suprabasal_cell","MECOM","ranger_et",0.907258853963941
"cz_cf_bronchial_biopsy","respiratory_tract_suprabasal_cell","NR3C2","ranger_et",0.906823928593925
"cz_cf_bronchial_biopsy","respiratory_tract_suprabasal_cell","STAT1","ranger_et",0.775518520582593
"cz_cf_bronchial_biopsy","respiratory_tract_suprabasal_cell","EHF","ranger_et",0.909352124655849
"cz_cf_bronchial_biopsy","respiratory_tract_suprabasal_cell","ETS2","xgboost",0.939546936582203
"cz_cf_bronchial_biopsy","respiratory_tract_suprabasal_cell","KLF3","xgboost",0.93418302863205
"cz_cf_bronchial_biopsy","respiratory_tract_suprabasal_cell","JUND","xgboost",0.92170674372994
"cz_cf_bronchial_biopsy","respiratory_tract_suprabasal_cell","ERF","xgboost",0.92014820365972
"cz_cf_bronchial_biopsy","respiratory_tract_suprabasal_cell","ATF3","xgboost",0.919099078649262
"cz_cf_bronchial_biopsy","respiratory_tract_suprabasal_cell","ETV6","xgboost",0.91534533517532
"cz_cf_bronchial_biopsy","respiratory_tract_suprabasal_cell","FOS","xgboost",0.936808086515095
"cz_cf_bronchial_biopsy","respiratory_tract_suprabasal_cell","HIC1","xgboost",0.910970092186007
"cz_cf_bronchial_biopsy","respiratory_tract_suprabasal_cell","HES1","xgboost",0.903409664075815
"cz_cf_bronchial_biopsy","respiratory_tract_suprabasal_cell","HIF1A","xgboost",0.941050085304451
"cz_cf_bronchial_biopsy","respiratory_tract_suprabasal_cell","BHLHE40","xgboost",0.939589099810158
"cz_cf_bronchial_biopsy","respiratory_tract_suprabasal_cell","POU2F2","xgboost",0.895985710534067
"cz_cf_bronchial_biopsy","respiratory_tract_suprabasal_cell","JUN","xgboost",0.907182040576124
"cz_cf_bronchial_biopsy","respiratory_tract_suprabasal_cell","CREB3L1","xgboost",0.931378350535409
"cz_cf_bronchial_biopsy","respiratory_tract_suprabasal_cell","ID4","xgboost",0.908377385637611
"cz_cf_bronchial_biopsy","respiratory_tract_suprabasal_cell","MYC","xgboost",0.911489566666204
"cz_cf_bronchial_biopsy","respiratory_tract_suprabasal_cell","GABPA","xgboost",0.90960051608368
"cz_cf_bronchial_biopsy","respiratory_tract_suprabasal_cell","BACH1","xgboost",0.922236880724457
"cz_cf_bronchial_biopsy","respiratory_tract_suprabasal_cell","ELK3","xgboost",0.908903346576801
"cz_cf_bronchial_biopsy","respiratory_tract_suprabasal_cell","EBF1","xgboost",0.893761144971399
"cz_cf_bronchial_biopsy","respiratory_tract_suprabasal_cell","HEY2","xgboost",0.915013367720579
"cz_cf_bronchial_biopsy","respiratory_tract_suprabasal_cell","JDP2","xgboost",0.913221983680457
"cz_cf_bronchial_biopsy","respiratory_tract_suprabasal_cell","PGR","xgboost",0.919990607882721
"cz_cf_bronchial_biopsy","respiratory_tract_suprabasal_cell","THRB","xgboost",0.888494385912233
"cz_cf_bronchial_biopsy","respiratory_tract_suprabasal_cell","TP73","xgboost",0.900262783229453
"cz_cf_bronchial_biopsy","respiratory_tract_suprabasal_cell","ID3","xgboost",0.927662992383873
"cz_cf_bronchial_biopsy","respiratory_tract_suprabasal_cell","NFE2L2","xgboost",0.92236116106646
"cz_cf_bronchial_biopsy","respiratory_tract_suprabasal_cell","ID2","xgboost",0.904801582368554
"cz_cf_bronchial_biopsy","respiratory_tract_suprabasal_cell","EGR1","xgboost",0.894301450209574
"cz_cf_bronchial_biopsy","respiratory_tract_suprabasal_cell","ENO1","xgboost",0.8860647560215
"cz_cf_bronchial_biopsy","respiratory_tract_suprabasal_cell","KLF5","xgboost",0.902447264291272
"cz_cf_bronchial_biopsy","respiratory_tract_suprabasal_cell","NFATC2","xgboost",0.890420209930872
"cz_cf_bronchial_biopsy","respiratory_tract_suprabasal_cell","TLX1","xgboost",0.903036583254268
"cz_cf_bronchial_biopsy","respiratory_tract_suprabasal_cell","ID1","xgboost",0.90962041064315
"cz_cf_bronchial_biopsy","respiratory_tract_suprabasal_cell","JUNB","xgboost",0.897542659113169
"cz_cf_bronchial_biopsy","respiratory_tract_suprabasal_cell","ELF4","xgboost",0.915513298007319
"cz_cf_bronchial_biopsy","respiratory_tract_suprabasal_cell","MBTPS2","xgboost",0.888180183882097
"cz_cf_bronchial_biopsy","respiratory_tract_suprabasal_cell","HEY1","xgboost",0.878150502839293
"cz_cf_bronchial_biopsy","respiratory_tract_suprabasal_cell","XBP1","xgboost",0.902845550973854
"cz_cf_bronchial_biopsy","respiratory_tract_suprabasal_cell","SNAI2","xgboost",0.865318765166108
"cz_cf_bronchial_biopsy","respiratory_tract_suprabasal_cell","NFIA","xgboost",0.875874486174298
"cz_cf_bronchial_biopsy","respiratory_tract_suprabasal_cell","BCL11A","xgboost",0.85151986947382
"cz_cf_bronchial_biopsy","respiratory_tract_suprabasal_cell","NRF1","xgboost",0.743932364206595
"cz_cf_bronchial_biopsy","respiratory_tract_suprabasal_cell","SP6","xgboost",0.678244824357062
"cz_cf_bronchial_biopsy","respiratory_tract_suprabasal_cell","HBP1","xgboost",0.866763559131986
"cz_cf_bronchial_biopsy","respiratory_tract_suprabasal_cell","IKZF3","xgboost",0.924133047614144
"cz_cf_bronchial_biopsy","respiratory_tract_suprabasal_cell","TBX10","xgboost",0.872701464239505
"cz_cf_bronchial_biopsy","respiratory_tract_suprabasal_cell","DDIT3","xgboost",0.885415067399518
"cz_cf_bronchial_biopsy","respiratory_tract_suprabasal_cell","IRX4","xgboost",0.858475145928185
"cz_cf_bronchial_biopsy","respiratory_tract_suprabasal_cell","HNF1A","xgboost",0.89432813540874
"cz_cf_bronchial_biopsy","respiratory_tract_suprabasal_cell","RFX8","xgboost",0.899206738272462
"cz_cf_bronchial_biopsy","respiratory_tract_suprabasal_cell","ZSCAN31","xgboost",0.903160974287113
"cz_cf_bronchial_biopsy","respiratory_tract_suprabasal_cell","TCF7","xgboost",0.907367447480672
"cz_cf_bronchial_biopsy","respiratory_tract_suprabasal_cell","RORA","xgboost",0.886407436956195
"cz_cf_bronchial_biopsy","respiratory_tract_suprabasal_cell","NEUROD2","xgboost",0.825089836693677
"cz_cf_bronchial_biopsy","respiratory_tract_suprabasal_cell","NFIL3","xgboost",0.88817389318996
"cz_cf_bronchial_biopsy","respiratory_tract_suprabasal_cell","IRF9","xgboost",0.856152351009874
"cz_cf_bronchial_biopsy","respiratory_tract_suprabasal_cell","SOX15","xgboost",0.902772254636154
"cz_cf_bronchial_biopsy","respiratory_tract_suprabasal_cell","ARID3B","xgboost",0.912657278204517
"cz_cf_bronchial_biopsy","respiratory_tract_suprabasal_cell","PBX1","xgboost",0.930614617122035
"cz_cf_bronchial_biopsy","respiratory_tract_suprabasal_cell","AHRR","xgboost",0.905242890804544
"cz_cf_bronchial_biopsy","respiratory_tract_suprabasal_cell","ESRRG","xgboost",0.91279996775057
"cz_cf_bronchial_biopsy","respiratory_tract_suprabasal_cell","GLI1","xgboost",0.904693923958159
"cz_cf_bronchial_biopsy","respiratory_tract_suprabasal_cell","HMGN3","xgboost",0.932684283014716
"cz_cf_bronchial_biopsy","respiratory_tract_suprabasal_cell","TCF4","xgboost",0.911837686213877
"cz_cf_bronchial_biopsy","respiratory_tract_suprabasal_cell","GLIS2","xgboost",0.911616970510016
"cz_cf_bronchial_biopsy","respiratory_tract_suprabasal_cell","GLI2","xgboost",0.913268865791478
"cz_cf_bronchial_biopsy","respiratory_tract_suprabasal_cell","KLF7","xgboost",0.890094301608913
"cz_cf_bronchial_biopsy","respiratory_tract_suprabasal_cell","NR6A1","xgboost",0.929142028307864
"cz_cf_bronchial_biopsy","respiratory_tract_suprabasal_cell","PAX2","xgboost",0.919225589921343
"cz_cf_bronchial_biopsy","respiratory_tract_suprabasal_cell","GLIS3","xgboost",0.889342088793123
"cz_cf_bronchial_biopsy","respiratory_tract_suprabasal_cell","TFCP2L1","xgboost",0.921954572540381
"cz_cf_bronchial_biopsy","respiratory_tract_suprabasal_cell","FOXP2","xgboost",0.938967382143413
"cz_cf_bronchial_biopsy","respiratory_tract_suprabasal_cell","STAT5A","xgboost",0.900749364863922
"cz_cf_bronchial_biopsy","respiratory_tract_suprabasal_cell","BACH2","xgboost",0.913769803845564
"cz_cf_bronchial_biopsy","respiratory_tract_suprabasal_cell","IRF7","xgboost",0.919509523958812
"cz_cf_bronchial_biopsy","respiratory_tract_suprabasal_cell","CEBPD","xgboost",0.909414069915851
"cz_cf_bronchial_biopsy","respiratory_tract_suprabasal_cell","NR4A3","xgboost",0.889716180268336
"cz_cf_bronchial_biopsy","respiratory_tract_suprabasal_cell","EPAS1","xgboost",0.913739588526515
"cz_cf_bronchial_biopsy","respiratory_tract_suprabasal_cell","RUNX3","xgboost",0.89108245275166
"cz_cf_bronchial_biopsy","respiratory_tract_suprabasal_cell","ELF3","xgboost",0.868295003208127
"cz_cf_bronchial_biopsy","respiratory_tract_suprabasal_cell","SOX21","xgboost",0.905847075020488
"cz_cf_bronchial_biopsy","respiratory_tract_suprabasal_cell","GRHL2","xgboost",0.92898133346934
"cz_cf_bronchial_biopsy","respiratory_tract_suprabasal_cell","NFAT5","xgboost",0.943211499082766
"cz_cf_bronchial_biopsy","respiratory_tract_suprabasal_cell","MYEF2","xgboost",0.929697297692268
"cz_cf_bronchial_biopsy","respiratory_tract_suprabasal_cell","NFIB","xgboost",0.915756983352189
"cz_cf_bronchial_biopsy","respiratory_tract_suprabasal_cell","NPAS3","xgboost",0.90968468683709
"cz_cf_bronchial_biopsy","respiratory_tract_suprabasal_cell","CEBPG","xgboost",0.915045048053587
"cz_cf_bronchial_biopsy","respiratory_tract_suprabasal_cell","TP63","xgboost",0.933145865495223
"cz_cf_bronchial_biopsy","respiratory_tract_suprabasal_cell","MEIS2","xgboost",0.938735957047806
"cz_cf_bronchial_biopsy","respiratory_tract_suprabasal_cell","RUNX1","xgboost",0.92128085652608
"cz_cf_bronchial_biopsy","respiratory_tract_suprabasal_cell","BATF","xgboost",0.899822917830221
"cz_cf_bronchial_biopsy","respiratory_tract_suprabasal_cell","NFATC4","xgboost",0.935840206002546
"cz_cf_bronchial_biopsy","respiratory_tract_suprabasal_cell","IKZF2","xgboost",0.926592836520358
"cz_cf_bronchial_biopsy","respiratory_tract_suprabasal_cell","TGIF1","xgboost",0.945834905896402
"cz_cf_bronchial_biopsy","respiratory_tract_suprabasal_cell","TFEB","xgboost",0.947834743850431
"cz_cf_bronchial_biopsy","respiratory_tract_suprabasal_cell","CHD2","xgboost",0.923508446855124
"cz_cf_bronchial_biopsy","respiratory_tract_suprabasal_cell","FOSB","xgboost",0.931828730624762
"cz_cf_bronchial_biopsy","respiratory_tract_suprabasal_cell","IRF1","xgboost",0.903712681429761
"cz_cf_bronchial_biopsy","respiratory_tract_suprabasal_cell","FOXN3","xgboost",0.920099989646971
"cz_cf_bronchial_biopsy","respiratory_tract_suprabasal_cell","KLF6","xgboost",0.851635889452715
"cz_cf_bronchial_biopsy","respiratory_tract_suprabasal_cell","MECOM","xgboost",0.93885990595213
"cz_cf_bronchial_biopsy","respiratory_tract_suprabasal_cell","NR3C2","xgboost",0.939410146869364
"cz_cf_bronchial_biopsy","respiratory_tract_suprabasal_cell","STAT1","xgboost",0.897280607416173
"cz_cf_bronchial_biopsy","respiratory_tract_suprabasal_cell","EHF","xgboost",0.946640645746789
"cz_cf_bronchial_biopsy","respiratory_tract_suprabasal_cell","ETS2","mars",0.917687146148724
"cz_cf_bronchial_biopsy","respiratory_tract_suprabasal_cell","KLF3","mars",0.913926483244371
"cz_cf_bronchial_biopsy","respiratory_tract_suprabasal_cell","JUND","mars",0.904923250675912
"cz_cf_bronchial_biopsy","respiratory_tract_suprabasal_cell","ERF","mars",0.883592657160792
"cz_cf_bronchial_biopsy","respiratory_tract_suprabasal_cell","ATF3","mars",0.877294995921085
"cz_cf_bronchial_biopsy","respiratory_tract_suprabasal_cell","ETV6","mars",0.851176013556238
"cz_cf_bronchial_biopsy","respiratory_tract_suprabasal_cell","FOS","mars",0.922668389374324
"cz_cf_bronchial_biopsy","respiratory_tract_suprabasal_cell","HIC1","mars",0.831819254950608
"cz_cf_bronchial_biopsy","respiratory_tract_suprabasal_cell","HES1","mars",0.894990560761608
"cz_cf_bronchial_biopsy","respiratory_tract_suprabasal_cell","HIF1A","mars",0.900358246599057
"cz_cf_bronchial_biopsy","respiratory_tract_suprabasal_cell","BHLHE40","mars",0.896891800295006
"cz_cf_bronchial_biopsy","respiratory_tract_suprabasal_cell","POU2F2","mars",0.844477527315117
"cz_cf_bronchial_biopsy","respiratory_tract_suprabasal_cell","JUN","mars",0.852012503697004
"cz_cf_bronchial_biopsy","respiratory_tract_suprabasal_cell","CREB3L1","mars",0.883551883701785
"cz_cf_bronchial_biopsy","respiratory_tract_suprabasal_cell","ID4","mars",0.861838204309604
"cz_cf_bronchial_biopsy","respiratory_tract_suprabasal_cell","MYC","mars",0.848860465694867
"cz_cf_bronchial_biopsy","respiratory_tract_suprabasal_cell","GABPA","mars",0.895662235353006
"cz_cf_bronchial_biopsy","respiratory_tract_suprabasal_cell","BACH1","mars",0.901008738776262
"cz_cf_bronchial_biopsy","respiratory_tract_suprabasal_cell","ELK3","mars",0.883571825812102
"cz_cf_bronchial_biopsy","respiratory_tract_suprabasal_cell","EBF1","mars",0.824624299183778
"cz_cf_bronchial_biopsy","respiratory_tract_suprabasal_cell","HEY2","mars",0.858468081371397
"cz_cf_bronchial_biopsy","respiratory_tract_suprabasal_cell","JDP2","mars",0.880304052341849
"cz_cf_bronchial_biopsy","respiratory_tract_suprabasal_cell","PGR","mars",0.887688421739601
"cz_cf_bronchial_biopsy","respiratory_tract_suprabasal_cell","THRB","mars",0.43432086593036
"cz_cf_bronchial_biopsy","respiratory_tract_suprabasal_cell","TP73","mars",0.815466655190727
"cz_cf_bronchial_biopsy","respiratory_tract_suprabasal_cell","ID3","mars",0.881031371285782
"cz_cf_bronchial_biopsy","respiratory_tract_suprabasal_cell","NFE2L2","mars",0.898923204652937
"cz_cf_bronchial_biopsy","respiratory_tract_suprabasal_cell","ID2","mars",0.887036484513563
"cz_cf_bronchial_biopsy","respiratory_tract_suprabasal_cell","EGR1","mars",0.828770984096768
"cz_cf_bronchial_biopsy","respiratory_tract_suprabasal_cell","ENO1","mars",0.793964044168518
"cz_cf_bronchial_biopsy","respiratory_tract_suprabasal_cell","KLF5","mars",0.8482179298273
"cz_cf_bronchial_biopsy","respiratory_tract_suprabasal_cell","NFATC2","mars",0.822029288169476
"cz_cf_bronchial_biopsy","respiratory_tract_suprabasal_cell","TLX1","mars",0.8472337285497
"cz_cf_bronchial_biopsy","respiratory_tract_suprabasal_cell","ID1","mars",0.90129400818126
"cz_cf_bronchial_biopsy","respiratory_tract_suprabasal_cell","JUNB","mars",0.835917959591285
"cz_cf_bronchial_biopsy","respiratory_tract_suprabasal_cell","ELF4","mars",0.877459048463907
"cz_cf_bronchial_biopsy","respiratory_tract_suprabasal_cell","MBTPS2","mars",0.82413065439526
"cz_cf_bronchial_biopsy","respiratory_tract_suprabasal_cell","HEY1","mars",0.752975502328705
"cz_cf_bronchial_biopsy","respiratory_tract_suprabasal_cell","XBP1","mars",0.79762360014309
"cz_cf_bronchial_biopsy","respiratory_tract_suprabasal_cell","SNAI2","mars",0.763069454097308
"cz_cf_bronchial_biopsy","respiratory_tract_suprabasal_cell","NFIA","mars",0.791198726342105
"cz_cf_bronchial_biopsy","respiratory_tract_suprabasal_cell","BCL11A","mars",0.808212824974602
"cz_cf_bronchial_biopsy","respiratory_tract_suprabasal_cell","NRF1","mars",0.579348503091639
"cz_cf_bronchial_biopsy","respiratory_tract_suprabasal_cell","SP6","mars",0.531221667795676
"cz_cf_bronchial_biopsy","respiratory_tract_suprabasal_cell","HBP1","mars",0.82519167110526
"cz_cf_bronchial_biopsy","respiratory_tract_suprabasal_cell","IKZF3","mars",0.906112546138486
"cz_cf_bronchial_biopsy","respiratory_tract_suprabasal_cell","TBX10","mars",0.78438551555075
"cz_cf_bronchial_biopsy","respiratory_tract_suprabasal_cell","DDIT3","mars",0.820343809445834
"cz_cf_bronchial_biopsy","respiratory_tract_suprabasal_cell","IRX4","mars",0.784125774977864
"cz_cf_bronchial_biopsy","respiratory_tract_suprabasal_cell","HNF1A","mars",0.842532567791465
"cz_cf_bronchial_biopsy","respiratory_tract_suprabasal_cell","RFX8","mars",0.819689072386019
"cz_cf_bronchial_biopsy","respiratory_tract_suprabasal_cell","ZSCAN31","mars",0.844910910543548
"cz_cf_bronchial_biopsy","respiratory_tract_suprabasal_cell","TCF7","mars",0.834231243413976
"cz_cf_bronchial_biopsy","respiratory_tract_suprabasal_cell","RORA","mars",0.836388188473842
"cz_cf_bronchial_biopsy","respiratory_tract_suprabasal_cell","NEUROD2","mars",0.73888381458286
"cz_cf_bronchial_biopsy","respiratory_tract_suprabasal_cell","NFIL3","mars",0.824918050202759
"cz_cf_bronchial_biopsy","respiratory_tract_suprabasal_cell","IRF9","mars",0.778030723617847
"cz_cf_bronchial_biopsy","respiratory_tract_suprabasal_cell","SOX15","mars",0.856725257749435
"cz_cf_bronchial_biopsy","respiratory_tract_suprabasal_cell","ARID3B","mars",0.839183124048434
"cz_cf_bronchial_biopsy","respiratory_tract_suprabasal_cell","PBX1","mars",0.900295163540639
"cz_cf_bronchial_biopsy","respiratory_tract_suprabasal_cell","AHRR","mars",0.865575491539711
"cz_cf_bronchial_biopsy","respiratory_tract_suprabasal_cell","ESRRG","mars",0.886878106796574
"cz_cf_bronchial_biopsy","respiratory_tract_suprabasal_cell","GLI1","mars",0.854434601470218
"cz_cf_bronchial_biopsy","respiratory_tract_suprabasal_cell","HMGN3","mars",0.875116526338169
"cz_cf_bronchial_biopsy","respiratory_tract_suprabasal_cell","TCF4","mars",0.869327187254968
"cz_cf_bronchial_biopsy","respiratory_tract_suprabasal_cell","GLIS2","mars",0.875485032346693
"cz_cf_bronchial_biopsy","respiratory_tract_suprabasal_cell","GLI2","mars",0.863707723264978
"cz_cf_bronchial_biopsy","respiratory_tract_suprabasal_cell","KLF7","mars",0.58378666548351
"cz_cf_bronchial_biopsy","respiratory_tract_suprabasal_cell","NR6A1","mars",0.895936104567642
"cz_cf_bronchial_biopsy","respiratory_tract_suprabasal_cell","PAX2","mars",0.902745100202927
"cz_cf_bronchial_biopsy","respiratory_tract_suprabasal_cell","GLIS3","mars",0.804109486042526
"cz_cf_bronchial_biopsy","respiratory_tract_suprabasal_cell","TFCP2L1","mars",0.874434219801476
"cz_cf_bronchial_biopsy","respiratory_tract_suprabasal_cell","FOXP2","mars",0.912179482551626
"cz_cf_bronchial_biopsy","respiratory_tract_suprabasal_cell","STAT5A","mars",0.849507751151395
"cz_cf_bronchial_biopsy","respiratory_tract_suprabasal_cell","BACH2","mars",0.880255581691588
"cz_cf_bronchial_biopsy","respiratory_tract_suprabasal_cell","IRF7","mars",0.889372488926362
"cz_cf_bronchial_biopsy","respiratory_tract_suprabasal_cell","CEBPD","mars",0.869947697051304
"cz_cf_bronchial_biopsy","respiratory_tract_suprabasal_cell","NR4A3","mars",0.861042221335568
"cz_cf_bronchial_biopsy","respiratory_tract_suprabasal_cell","EPAS1","mars",0.866613603348588
"cz_cf_bronchial_biopsy","respiratory_tract_suprabasal_cell","RUNX3","mars",0.841337267506925
"cz_cf_bronchial_biopsy","respiratory_tract_suprabasal_cell","ELF3","mars",0.812787724430952
"cz_cf_bronchial_biopsy","respiratory_tract_suprabasal_cell","SOX21","mars",0.886363227405546
"cz_cf_bronchial_biopsy","respiratory_tract_suprabasal_cell","GRHL2","mars",0.900191133703371
"cz_cf_bronchial_biopsy","respiratory_tract_suprabasal_cell","NFAT5","mars",0.91422178532053
"cz_cf_bronchial_biopsy","respiratory_tract_suprabasal_cell","MYEF2","mars",0.895728364294371
"cz_cf_bronchial_biopsy","respiratory_tract_suprabasal_cell","NFIB","mars",0.878993804301617
"cz_cf_bronchial_biopsy","respiratory_tract_suprabasal_cell","NPAS3","mars",0.877089864831045
"cz_cf_bronchial_biopsy","respiratory_tract_suprabasal_cell","CEBPG","mars",0.866102466915523
"cz_cf_bronchial_biopsy","respiratory_tract_suprabasal_cell","TP63","mars",0.895274974111332
"cz_cf_bronchial_biopsy","respiratory_tract_suprabasal_cell","MEIS2","mars",0.915146951706308
"cz_cf_bronchial_biopsy","respiratory_tract_suprabasal_cell","RUNX1","mars",0.891427654420642
"cz_cf_bronchial_biopsy","respiratory_tract_suprabasal_cell","BATF","mars",0.882392406804125
"cz_cf_bronchial_biopsy","respiratory_tract_suprabasal_cell","NFATC4","mars",0.917631020926541
"cz_cf_bronchial_biopsy","respiratory_tract_suprabasal_cell","IKZF2","mars",0.901922256800273
"cz_cf_bronchial_biopsy","respiratory_tract_suprabasal_cell","TGIF1","mars",0.922625241112317
"cz_cf_bronchial_biopsy","respiratory_tract_suprabasal_cell","TFEB","mars",0.932903619609351
"cz_cf_bronchial_biopsy","respiratory_tract_suprabasal_cell","CHD2","mars",0.882639235812163
"cz_cf_bronchial_biopsy","respiratory_tract_suprabasal_cell","FOSB","mars",0.880827918184938
"cz_cf_bronchial_biopsy","respiratory_tract_suprabasal_cell","IRF1","mars",0.863651696058153
"cz_cf_bronchial_biopsy","respiratory_tract_suprabasal_cell","FOXN3","mars",0.842142486897649
"cz_cf_bronchial_biopsy","respiratory_tract_suprabasal_cell","KLF6","mars",0.771181494904921
"cz_cf_bronchial_biopsy","respiratory_tract_suprabasal_cell","MECOM","mars",0.911040324153896
"cz_cf_bronchial_biopsy","respiratory_tract_suprabasal_cell","NR3C2","mars",0.893194293069001
"cz_cf_bronchial_biopsy","respiratory_tract_suprabasal_cell","STAT1","mars",0.818859118638104
"cz_cf_bronchial_biopsy","respiratory_tract_suprabasal_cell","EHF","mars",0.916568607187533
"cz_cf_bronchial_biopsy","respiratory_tract_suprabasal_cell","ETS2","svm_rbf",0.913302412413029
"cz_cf_bronchial_biopsy","respiratory_tract_suprabasal_cell","KLF3","svm_rbf",0.918468881657397
"cz_cf_bronchial_biopsy","respiratory_tract_suprabasal_cell","JUND","svm_rbf",0.891050885146276
"cz_cf_bronchial_biopsy","respiratory_tract_suprabasal_cell","ERF","svm_rbf",0.899653013156564
"cz_cf_bronchial_biopsy","respiratory_tract_suprabasal_cell","ATF3","svm_rbf",0.907945685518141
"cz_cf_bronchial_biopsy","respiratory_tract_suprabasal_cell","ETV6","svm_rbf",0.891395803709515
"cz_cf_bronchial_biopsy","respiratory_tract_suprabasal_cell","FOS","svm_rbf",0.902060745540591
"cz_cf_bronchial_biopsy","respiratory_tract_suprabasal_cell","HIC1","svm_rbf",0.889611553753185
"cz_cf_bronchial_biopsy","respiratory_tract_suprabasal_cell","HES1","svm_rbf",0.886511030025923
"cz_cf_bronchial_biopsy","respiratory_tract_suprabasal_cell","HIF1A","svm_rbf",0.912140708436775
"cz_cf_bronchial_biopsy","respiratory_tract_suprabasal_cell","BHLHE40","svm_rbf",0.917599935847279
"cz_cf_bronchial_biopsy","respiratory_tract_suprabasal_cell","POU2F2","svm_rbf",0.877972260620999
"cz_cf_bronchial_biopsy","respiratory_tract_suprabasal_cell","JUN","svm_rbf",0.88471009745255
"cz_cf_bronchial_biopsy","respiratory_tract_suprabasal_cell","CREB3L1","svm_rbf",0.917002723992875
"cz_cf_bronchial_biopsy","respiratory_tract_suprabasal_cell","ID4","svm_rbf",0.890689740614303
"cz_cf_bronchial_biopsy","respiratory_tract_suprabasal_cell","MYC","svm_rbf",0.888261492066309
"cz_cf_bronchial_biopsy","respiratory_tract_suprabasal_cell","GABPA","svm_rbf",0.884468052302774
"cz_cf_bronchial_biopsy","respiratory_tract_suprabasal_cell","BACH1","svm_rbf",0.899003708471842
"cz_cf_bronchial_biopsy","respiratory_tract_suprabasal_cell","ELK3","svm_rbf",0.899905587375917
"cz_cf_bronchial_biopsy","respiratory_tract_suprabasal_cell","EBF1","svm_rbf",0.868202155518616
"cz_cf_bronchial_biopsy","respiratory_tract_suprabasal_cell","HEY2","svm_rbf",0.894956176161831
"cz_cf_bronchial_biopsy","respiratory_tract_suprabasal_cell","JDP2","svm_rbf",0.893664325620367
"cz_cf_bronchial_biopsy","respiratory_tract_suprabasal_cell","PGR","svm_rbf",0.905586437424931
"cz_cf_bronchial_biopsy","respiratory_tract_suprabasal_cell","THRB","svm_rbf",0.846346484254156
"cz_cf_bronchial_biopsy","respiratory_tract_suprabasal_cell","TP73","svm_rbf",0.885575658794995
"cz_cf_bronchial_biopsy","respiratory_tract_suprabasal_cell","ID3","svm_rbf",0.907485272824453
"cz_cf_bronchial_biopsy","respiratory_tract_suprabasal_cell","NFE2L2","svm_rbf",0.916597959190112
"cz_cf_bronchial_biopsy","respiratory_tract_suprabasal_cell","ID2","svm_rbf",0.879823285761137
"cz_cf_bronchial_biopsy","respiratory_tract_suprabasal_cell","EGR1","svm_rbf",0.880754609629756
"cz_cf_bronchial_biopsy","respiratory_tract_suprabasal_cell","ENO1","svm_rbf",0.849668537163011
"cz_cf_bronchial_biopsy","respiratory_tract_suprabasal_cell","KLF5","svm_rbf",0.871981783466559
"cz_cf_bronchial_biopsy","respiratory_tract_suprabasal_cell","NFATC2","svm_rbf",0.872535300036969
"cz_cf_bronchial_biopsy","respiratory_tract_suprabasal_cell","TLX1","svm_rbf",0.876225963153657
"cz_cf_bronchial_biopsy","respiratory_tract_suprabasal_cell","ID1","svm_rbf",0.878361569233841
"cz_cf_bronchial_biopsy","respiratory_tract_suprabasal_cell","JUNB","svm_rbf",0.880731801966654
"cz_cf_bronchial_biopsy","respiratory_tract_suprabasal_cell","ELF4","svm_rbf",0.897181687029754
"cz_cf_bronchial_biopsy","respiratory_tract_suprabasal_cell","MBTPS2","svm_rbf",0.853815210895397
"cz_cf_bronchial_biopsy","respiratory_tract_suprabasal_cell","HEY1","svm_rbf",0.842583639134044
"cz_cf_bronchial_biopsy","respiratory_tract_suprabasal_cell","XBP1","svm_rbf",0.845880941188395
"cz_cf_bronchial_biopsy","respiratory_tract_suprabasal_cell","SNAI2","svm_rbf",0.808500650178809
"cz_cf_bronchial_biopsy","respiratory_tract_suprabasal_cell","NFIA","svm_rbf",0.831552277344389
"cz_cf_bronchial_biopsy","respiratory_tract_suprabasal_cell","BCL11A","svm_rbf",0.823550291569563
"cz_cf_bronchial_biopsy","respiratory_tract_suprabasal_cell","NRF1","svm_rbf",0.723582181147968
"cz_cf_bronchial_biopsy","respiratory_tract_suprabasal_cell","SP6","svm_rbf",0.586090879123466
"cz_cf_bronchial_biopsy","respiratory_tract_suprabasal_cell","HBP1","svm_rbf",0.864420721090436
"cz_cf_bronchial_biopsy","respiratory_tract_suprabasal_cell","IKZF3","svm_rbf",0.892330134343377
"cz_cf_bronchial_biopsy","respiratory_tract_suprabasal_cell","TBX10","svm_rbf",0.859349135456938
"cz_cf_bronchial_biopsy","respiratory_tract_suprabasal_cell","DDIT3","svm_rbf",0.892480882982631
"cz_cf_bronchial_biopsy","respiratory_tract_suprabasal_cell","IRX4","svm_rbf",0.839673745793644
"cz_cf_bronchial_biopsy","respiratory_tract_suprabasal_cell","HNF1A","svm_rbf",0.880510550469305
"cz_cf_bronchial_biopsy","respiratory_tract_suprabasal_cell","RFX8","svm_rbf",0.845255835289881
"cz_cf_bronchial_biopsy","respiratory_tract_suprabasal_cell","ZSCAN31","svm_rbf",0.899352021321715
"cz_cf_bronchial_biopsy","respiratory_tract_suprabasal_cell","TCF7","svm_rbf",0.892377843791336
"cz_cf_bronchial_biopsy","respiratory_tract_suprabasal_cell","RORA","svm_rbf",0.86481438526236
"cz_cf_bronchial_biopsy","respiratory_tract_suprabasal_cell","NEUROD2","svm_rbf",0.791833167904741
"cz_cf_bronchial_biopsy","respiratory_tract_suprabasal_cell","NFIL3","svm_rbf",0.879826138021314
"cz_cf_bronchial_biopsy","respiratory_tract_suprabasal_cell","IRF9","svm_rbf",0.731979170256743
"cz_cf_bronchial_biopsy","respiratory_tract_suprabasal_cell","SOX15","svm_rbf",0.890633816369304
"cz_cf_bronchial_biopsy","respiratory_tract_suprabasal_cell","ARID3B","svm_rbf",0.908227678619927
"cz_cf_bronchial_biopsy","respiratory_tract_suprabasal_cell","PBX1","svm_rbf",0.916863118510683
"cz_cf_bronchial_biopsy","respiratory_tract_suprabasal_cell","AHRR","svm_rbf",0.883416534009722
"cz_cf_bronchial_biopsy","respiratory_tract_suprabasal_cell","ESRRG","svm_rbf",0.893641192617046
"cz_cf_bronchial_biopsy","respiratory_tract_suprabasal_cell","GLI1","svm_rbf",0.863399932394408
"cz_cf_bronchial_biopsy","respiratory_tract_suprabasal_cell","HMGN3","svm_rbf",0.912218332066932
"cz_cf_bronchial_biopsy","respiratory_tract_suprabasal_cell","TCF4","svm_rbf",0.898548248629783
"cz_cf_bronchial_biopsy","respiratory_tract_suprabasal_cell","GLIS2","svm_rbf",0.886495230592492
"cz_cf_bronchial_biopsy","respiratory_tract_suprabasal_cell","GLI2","svm_rbf",0.883312727733395
"cz_cf_bronchial_biopsy","respiratory_tract_suprabasal_cell","KLF7","svm_rbf",0.851957839289696
"cz_cf_bronchial_biopsy","respiratory_tract_suprabasal_cell","NR6A1","svm_rbf",0.917625321331099
"cz_cf_bronchial_biopsy","respiratory_tract_suprabasal_cell","PAX2","svm_rbf",0.895560490043899
"cz_cf_bronchial_biopsy","respiratory_tract_suprabasal_cell","GLIS3","svm_rbf",0.861427985148603
"cz_cf_bronchial_biopsy","respiratory_tract_suprabasal_cell","TFCP2L1","svm_rbf",0.897929449943085
"cz_cf_bronchial_biopsy","respiratory_tract_suprabasal_cell","FOXP2","svm_rbf",0.920734150266027
"cz_cf_bronchial_biopsy","respiratory_tract_suprabasal_cell","STAT5A","svm_rbf",0.879874119420959
"cz_cf_bronchial_biopsy","respiratory_tract_suprabasal_cell","BACH2","svm_rbf",0.890368665211501
"cz_cf_bronchial_biopsy","respiratory_tract_suprabasal_cell","IRF7","svm_rbf",0.905701178395815
"cz_cf_bronchial_biopsy","respiratory_tract_suprabasal_cell","CEBPD","svm_rbf",0.898174434222149
"cz_cf_bronchial_biopsy","respiratory_tract_suprabasal_cell","NR4A3","svm_rbf",0.869289203495191
"cz_cf_bronchial_biopsy","respiratory_tract_suprabasal_cell","EPAS1","svm_rbf",0.889141978744762
"cz_cf_bronchial_biopsy","respiratory_tract_suprabasal_cell","RUNX3","svm_rbf",0.883074004468173
"cz_cf_bronchial_biopsy","respiratory_tract_suprabasal_cell","ELF3","svm_rbf",0.826789957084893
"cz_cf_bronchial_biopsy","respiratory_tract_suprabasal_cell","SOX21","svm_rbf",0.888374880674697
"cz_cf_bronchial_biopsy","respiratory_tract_suprabasal_cell","GRHL2","svm_rbf",0.91037988668342
"cz_cf_bronchial_biopsy","respiratory_tract_suprabasal_cell","NFAT5","svm_rbf",0.915980578260485
"cz_cf_bronchial_biopsy","respiratory_tract_suprabasal_cell","MYEF2","svm_rbf",0.919342030186261
"cz_cf_bronchial_biopsy","respiratory_tract_suprabasal_cell","NFIB","svm_rbf",0.892607280294714
"cz_cf_bronchial_biopsy","respiratory_tract_suprabasal_cell","NPAS3","svm_rbf",0.880719603825401
"cz_cf_bronchial_biopsy","respiratory_tract_suprabasal_cell","CEBPG","svm_rbf",0.902056847332663
"cz_cf_bronchial_biopsy","respiratory_tract_suprabasal_cell","TP63","svm_rbf",0.919501245700472
"cz_cf_bronchial_biopsy","respiratory_tract_suprabasal_cell","MEIS2","svm_rbf",0.920775979303108
"cz_cf_bronchial_biopsy","respiratory_tract_suprabasal_cell","RUNX1","svm_rbf",0.894258911530947
"cz_cf_bronchial_biopsy","respiratory_tract_suprabasal_cell","BATF","svm_rbf",0.863748303992629
"cz_cf_bronchial_biopsy","respiratory_tract_suprabasal_cell","NFATC4","svm_rbf",0.906853770303117
"cz_cf_bronchial_biopsy","respiratory_tract_suprabasal_cell","IKZF2","svm_rbf",0.908473349021432
"cz_cf_bronchial_biopsy","respiratory_tract_suprabasal_cell","TGIF1","svm_rbf",0.930875395940586
"cz_cf_bronchial_biopsy","respiratory_tract_suprabasal_cell","TFEB","svm_rbf",0.936043112579511
"cz_cf_bronchial_biopsy","respiratory_tract_suprabasal_cell","CHD2","svm_rbf",0.90716249393445
"cz_cf_bronchial_biopsy","respiratory_tract_suprabasal_cell","FOSB","svm_rbf",0.898390618720055
"cz_cf_bronchial_biopsy","respiratory_tract_suprabasal_cell","IRF1","svm_rbf",0.876626314974927
"cz_cf_bronchial_biopsy","respiratory_tract_suprabasal_cell","FOXN3","svm_rbf",0.898615369740075
"cz_cf_bronchial_biopsy","respiratory_tract_suprabasal_cell","KLF6","svm_rbf",0.84153436670852
"cz_cf_bronchial_biopsy","respiratory_tract_suprabasal_cell","MECOM","svm_rbf",0.912134784085651
"cz_cf_bronchial_biopsy","respiratory_tract_suprabasal_cell","NR3C2","svm_rbf",0.919705027491472
"cz_cf_bronchial_biopsy","respiratory_tract_suprabasal_cell","STAT1","svm_rbf",0.841646884654932
"cz_cf_bronchial_biopsy","respiratory_tract_suprabasal_cell","EHF","svm_rbf",0.918693155069277
"cz_cf_bronchial_biopsy","club_cell","FLI1","ranger_et",0.798324976396215
"cz_cf_bronchial_biopsy","club_cell","FOS","ranger_et",0.798766289177069
"cz_cf_bronchial_biopsy","club_cell","TCF7L2","ranger_et",0.923999392167136
"cz_cf_bronchial_biopsy","club_cell","NFKB1","ranger_et",0.844875406334041
"cz_cf_bronchial_biopsy","club_cell","SPIC","ranger_et",0.892446032525345
"cz_cf_bronchial_biopsy","club_cell","HES1","ranger_et",0.845895952030941
"cz_cf_bronchial_biopsy","club_cell","ETS2","ranger_et",0.838889301756529
"cz_cf_bronchial_biopsy","club_cell","EGR1","ranger_et",0.805159529912351
"cz_cf_bronchial_biopsy","club_cell","ATF3","ranger_et",0.890986645475366
"cz_cf_bronchial_biopsy","club_cell","KLF6","ranger_et",0.883221882698772
"cz_cf_bronchial_biopsy","club_cell","RUNX1","ranger_et",0.914753485913001
"cz_cf_bronchial_biopsy","club_cell","POLR3A","ranger_et",0.88529950656872
"cz_cf_bronchial_biopsy","club_cell","MAZ","ranger_et",0.716790450634948
"cz_cf_bronchial_biopsy","club_cell","TBX1","ranger_et",0.884105838760488
"cz_cf_bronchial_biopsy","club_cell","CREB5","ranger_et",0.874966787743428
"cz_cf_bronchial_biopsy","club_cell","HIVEP2","ranger_et",0.892087059058658
"cz_cf_bronchial_biopsy","club_cell","SIX5","ranger_et",0.892987233037803
"cz_cf_bronchial_biopsy","club_cell","RFX2","ranger_et",0.888966858358836
"cz_cf_bronchial_biopsy","club_cell","FOXO1","ranger_et",0.894028935178768
"cz_cf_bronchial_biopsy","club_cell","JDP2","ranger_et",0.842038122599116
"cz_cf_bronchial_biopsy","club_cell","ZNF165","ranger_et",0.865246855506537
"cz_cf_bronchial_biopsy","club_cell","ETV6","ranger_et",0.876568837730153
"cz_cf_bronchial_biopsy","club_cell","KLF12","ranger_et",0.897295938635615
"cz_cf_bronchial_biopsy","club_cell","NR4A2","ranger_et",0.851565694921546
"cz_cf_bronchial_biopsy","club_cell","ZFHX3","ranger_et",0.901358696848801
"cz_cf_bronchial_biopsy","club_cell","MEIS2","ranger_et",0.893476335339566
"cz_cf_bronchial_biopsy","club_cell","BACH2","ranger_et",0.907207029281423
"cz_cf_bronchial_biopsy","club_cell","JUN","ranger_et",0.880199089232416
"cz_cf_bronchial_biopsy","club_cell","JUNB","ranger_et",0.771317733755099
"cz_cf_bronchial_biopsy","club_cell","NFAT5","ranger_et",0.892017710859579
"cz_cf_bronchial_biopsy","club_cell","GLIS2","ranger_et",0.868085625619463
"cz_cf_bronchial_biopsy","club_cell","POU2F2","ranger_et",0.846319219699359
"cz_cf_bronchial_biopsy","club_cell","KLF7","ranger_et",0.866416325376872
"cz_cf_bronchial_biopsy","club_cell","HOXB4","ranger_et",0.87555191514551
"cz_cf_bronchial_biopsy","club_cell","SNAI3","ranger_et",0.901524712561937
"cz_cf_bronchial_biopsy","club_cell","ARID3A","ranger_et",0.876928099896435
"cz_cf_bronchial_biopsy","club_cell","NR4A3","ranger_et",0.858348847060276
"cz_cf_bronchial_biopsy","club_cell","LEF1","ranger_et",0.852432425113014
"cz_cf_bronchial_biopsy","club_cell","MECOM","ranger_et",0.904819713484495
"cz_cf_bronchial_biopsy","club_cell","NKX3-1","ranger_et",0.899367928634043
"cz_cf_bronchial_biopsy","club_cell","NF1","ranger_et",0.890164002081343
"cz_cf_bronchial_biopsy","club_cell","TP63","ranger_et",0.893673820626037
"cz_cf_bronchial_biopsy","club_cell","CHD2","ranger_et",0.904310850076719
"cz_cf_bronchial_biopsy","club_cell","HMGN3","ranger_et",0.85068517694141
"cz_cf_bronchial_biopsy","club_cell","POU6F2","ranger_et",0.873268554901514
"cz_cf_bronchial_biopsy","club_cell","DMRT2","ranger_et",0.87880711697252
"cz_cf_bronchial_biopsy","club_cell","FOXN3","ranger_et",0.874722902800845
"cz_cf_bronchial_biopsy","club_cell","ZFX","ranger_et",0.85300792120289
"cz_cf_bronchial_biopsy","club_cell","AHR","ranger_et",0.850576297557494
"cz_cf_bronchial_biopsy","club_cell","NR5A2","ranger_et",0.87535235975716
"cz_cf_bronchial_biopsy","club_cell","RORA","ranger_et",0.894430902366047
"cz_cf_bronchial_biopsy","club_cell","FOSB","ranger_et",0.881117265322576
"cz_cf_bronchial_biopsy","club_cell","ZNF331","ranger_et",0.889895935997752
"cz_cf_bronchial_biopsy","club_cell","THRB","ranger_et",0.883418265201326
"cz_cf_bronchial_biopsy","club_cell","SMAD3","ranger_et",0.893045355944528
"cz_cf_bronchial_biopsy","club_cell","NFIA","ranger_et",0.868586447342059
"cz_cf_bronchial_biopsy","club_cell","IKZF2","ranger_et",0.885871887155352
"cz_cf_bronchial_biopsy","club_cell","E2F7","ranger_et",0.760148776190334
"cz_cf_bronchial_biopsy","club_cell","TP73","ranger_et",0.874868182094607
"cz_cf_bronchial_biopsy","club_cell","SOX15","ranger_et",0.867297458195998
"cz_cf_bronchial_biopsy","club_cell","ITGB2","ranger_et",0.850423192904206
"cz_cf_bronchial_biopsy","club_cell","FOXP2","ranger_et",0.899581634223549
"cz_cf_bronchial_biopsy","club_cell","DDIT3","ranger_et",0.86007788576923
"cz_cf_bronchial_biopsy","club_cell","HLF","ranger_et",0.891713143571226
"cz_cf_bronchial_biopsy","club_cell","GLIS3","ranger_et",0.888578064487445
"cz_cf_bronchial_biopsy","club_cell","EPAS1","ranger_et",0.903073076530989
"cz_cf_bronchial_biopsy","club_cell","ARID2","ranger_et",0.878130592889004
"cz_cf_bronchial_biopsy","club_cell","NPAS3","ranger_et",0.862334537426064
"cz_cf_bronchial_biopsy","club_cell","CEBPD","ranger_et",0.869298271363059
"cz_cf_bronchial_biopsy","club_cell","ESRRG","ranger_et",0.872679402819596
"cz_cf_bronchial_biopsy","club_cell","NEUROD2","ranger_et",0.897211099719747
"cz_cf_bronchial_biopsy","club_cell","SOX9","ranger_et",0.874523761287147
"cz_cf_bronchial_biopsy","club_cell","RUNX3","ranger_et",0.854751710508855
"cz_cf_bronchial_biopsy","club_cell","FOXO4","ranger_et",0.864328890145693
"cz_cf_bronchial_biopsy","club_cell","YBX1","ranger_et",0.842523739332487
"cz_cf_bronchial_biopsy","club_cell","FOXP1","ranger_et",0.885628527818813
"cz_cf_bronchial_biopsy","club_cell","GMEB2","ranger_et",0.843104517437889
"cz_cf_bronchial_biopsy","club_cell","HOXB2","ranger_et",0.879123638072123
"cz_cf_bronchial_biopsy","club_cell","HES2","ranger_et",0.845194383934047
"cz_cf_bronchial_biopsy","club_cell","TEAD2","ranger_et",0.697984707452076
"cz_cf_bronchial_biopsy","club_cell","ENO1","ranger_et",0.788717736757572
"cz_cf_bronchial_biopsy","club_cell","POLR3G","ranger_et",0.767944946268186
"cz_cf_bronchial_biopsy","club_cell","IRF8","ranger_et",0.848474357356577
"cz_cf_bronchial_biopsy","club_cell","ID3","ranger_et",0.805518149317436
"cz_cf_bronchial_biopsy","club_cell","LYL1","ranger_et",0.758085401099629
"cz_cf_bronchial_biopsy","club_cell","TP53","ranger_et",0.820235682298045
"cz_cf_bronchial_biopsy","club_cell","ERG","ranger_et",0.838057632179648
"cz_cf_bronchial_biopsy","club_cell","RELA","ranger_et",0.83609853202885
"cz_cf_bronchial_biopsy","club_cell","IRF4","ranger_et",0.857007231642543
"cz_cf_bronchial_biopsy","club_cell","KLF4","ranger_et",0.844128247413245
"cz_cf_bronchial_biopsy","club_cell","E2F4","ranger_et",0.781694447640403
"cz_cf_bronchial_biopsy","club_cell","SPI1","ranger_et",0.797048528028383
"cz_cf_bronchial_biopsy","club_cell","ELF3","ranger_et",0.867357153778719
"cz_cf_bronchial_biopsy","club_cell","STAT1","ranger_et",0.82247480688572
"cz_cf_bronchial_biopsy","club_cell","XBP1","ranger_et",0.873306586177427
"cz_cf_bronchial_biopsy","club_cell","MAFF","ranger_et",0.888137711651993
"cz_cf_bronchial_biopsy","club_cell","KLF5","ranger_et",0.810897378212647
"cz_cf_bronchial_biopsy","club_cell","EHF","ranger_et",0.878520919548393
"cz_cf_bronchial_biopsy","club_cell","IRF1","ranger_et",0.89491455389513
"cz_cf_bronchial_biopsy","club_cell","FLI1","xgboost",0.831705752928843
"cz_cf_bronchial_biopsy","club_cell","FOS","xgboost",0.866560403055238
"cz_cf_bronchial_biopsy","club_cell","TCF7L2","xgboost",0.949721170075672
"cz_cf_bronchial_biopsy","club_cell","NFKB1","xgboost",0.892440462281033
"cz_cf_bronchial_biopsy","club_cell","SPIC","xgboost",0.923409398683458
"cz_cf_bronchial_biopsy","club_cell","HES1","xgboost",0.894805405035541
"cz_cf_bronchial_biopsy","club_cell","ETS2","xgboost",0.88810149349297
"cz_cf_bronchial_biopsy","club_cell","EGR1","xgboost",0.860218732683147
"cz_cf_bronchial_biopsy","club_cell","ATF3","xgboost",0.92868675109186
"cz_cf_bronchial_biopsy","club_cell","KLF6","xgboost",0.933533577896129
"cz_cf_bronchial_biopsy","club_cell","RUNX1","xgboost",0.945831515340625
"cz_cf_bronchial_biopsy","club_cell","POLR3A","xgboost",0.923420194968492
"cz_cf_bronchial_biopsy","club_cell","MAZ","xgboost",0.798286663542685
"cz_cf_bronchial_biopsy","club_cell","TBX1","xgboost",0.935067843409392
"cz_cf_bronchial_biopsy","club_cell","CREB5","xgboost",0.900181369493057
"cz_cf_bronchial_biopsy","club_cell","HIVEP2","xgboost",0.941948510543285
"cz_cf_bronchial_biopsy","club_cell","SIX5","xgboost",0.923481132519253
"cz_cf_bronchial_biopsy","club_cell","RFX2","xgboost",0.924806479420472
"cz_cf_bronchial_biopsy","club_cell","FOXO1","xgboost",0.929976546973796
"cz_cf_bronchial_biopsy","club_cell","JDP2","xgboost",0.907778235643228
"cz_cf_bronchial_biopsy","club_cell","ZNF165","xgboost",0.912549293909012
"cz_cf_bronchial_biopsy","club_cell","ETV6","xgboost",0.920834366622534
"cz_cf_bronchial_biopsy","club_cell","KLF12","xgboost",0.938168306070798
"cz_cf_bronchial_biopsy","club_cell","NR4A2","xgboost",0.889347152600518
"cz_cf_bronchial_biopsy","club_cell","ZFHX3","xgboost",0.93873712514869
"cz_cf_bronchial_biopsy","club_cell","MEIS2","xgboost",0.924881830425071
"cz_cf_bronchial_biopsy","club_cell","BACH2","xgboost",0.946771360100277
"cz_cf_bronchial_biopsy","club_cell","JUN","xgboost",0.930205434921006
"cz_cf_bronchial_biopsy","club_cell","JUNB","xgboost",0.836403891149788
"cz_cf_bronchial_biopsy","club_cell","NFAT5","xgboost",0.930711208002489
"cz_cf_bronchial_biopsy","club_cell","GLIS2","xgboost",0.909243591648263
"cz_cf_bronchial_biopsy","club_cell","POU2F2","xgboost",0.879614702808379
"cz_cf_bronchial_biopsy","club_cell","KLF7","xgboost",0.916683937904874
"cz_cf_bronchial_biopsy","club_cell","HOXB4","xgboost",0.918601222731288
"cz_cf_bronchial_biopsy","club_cell","SNAI3","xgboost",0.933696609608952
"cz_cf_bronchial_biopsy","club_cell","ARID3A","xgboost",0.907774974733643
"cz_cf_bronchial_biopsy","club_cell","NR4A3","xgboost",0.908880349324068
"cz_cf_bronchial_biopsy","club_cell","LEF1","xgboost",0.888588876856314
"cz_cf_bronchial_biopsy","club_cell","MECOM","xgboost",0.93993774809946
"cz_cf_bronchial_biopsy","club_cell","NKX3-1","xgboost",0.931103090649078
"cz_cf_bronchial_biopsy","club_cell","NF1","xgboost",0.924723518351396
"cz_cf_bronchial_biopsy","club_cell","TP63","xgboost",0.918296428330411
"cz_cf_bronchial_biopsy","club_cell","CHD2","xgboost",0.943191335734361
"cz_cf_bronchial_biopsy","club_cell","HMGN3","xgboost",0.918583593666217
"cz_cf_bronchial_biopsy","club_cell","POU6F2","xgboost",0.914414346941315
"cz_cf_bronchial_biopsy","club_cell","DMRT2","xgboost",0.90561337745729
"cz_cf_bronchial_biopsy","club_cell","FOXN3","xgboost",0.913407190030503
"cz_cf_bronchial_biopsy","club_cell","ZFX","xgboost",0.89226617878198
"cz_cf_bronchial_biopsy","club_cell","AHR","xgboost",0.910894654489643
"cz_cf_bronchial_biopsy","club_cell","NR5A2","xgboost",0.91800022448756
"cz_cf_bronchial_biopsy","club_cell","RORA","xgboost",0.933242354635183
"cz_cf_bronchial_biopsy","club_cell","FOSB","xgboost",0.933252022955356
"cz_cf_bronchial_biopsy","club_cell","ZNF331","xgboost",0.923045042017574
"cz_cf_bronchial_biopsy","club_cell","THRB","xgboost",0.922116038118907
"cz_cf_bronchial_biopsy","club_cell","SMAD3","xgboost",0.926279276159902
"cz_cf_bronchial_biopsy","club_cell","NFIA","xgboost",0.916816134444249
"cz_cf_bronchial_biopsy","club_cell","IKZF2","xgboost",0.929473511519171
"cz_cf_bronchial_biopsy","club_cell","E2F7","xgboost",0.841169591294415
"cz_cf_bronchial_biopsy","club_cell","TP73","xgboost",0.922934550898332
"cz_cf_bronchial_biopsy","club_cell","SOX15","xgboost",0.902661586866269
"cz_cf_bronchial_biopsy","club_cell","ITGB2","xgboost",0.868060776429191
"cz_cf_bronchial_biopsy","club_cell","FOXP2","xgboost",0.930489204123755
"cz_cf_bronchial_biopsy","club_cell","DDIT3","xgboost",0.905351261470022
"cz_cf_bronchial_biopsy","club_cell","HLF","xgboost",0.927168421051962
"cz_cf_bronchial_biopsy","club_cell","GLIS3","xgboost",0.932878123960975
"cz_cf_bronchial_biopsy","club_cell","EPAS1","xgboost",0.939566824363733
"cz_cf_bronchial_biopsy","club_cell","ARID2","xgboost",0.923643617600238
"cz_cf_bronchial_biopsy","club_cell","NPAS3","xgboost",0.911375625968732
"cz_cf_bronchial_biopsy","club_cell","CEBPD","xgboost",0.914091076501859
"cz_cf_bronchial_biopsy","club_cell","ESRRG","xgboost",0.921275229099315
"cz_cf_bronchial_biopsy","club_cell","NEUROD2","xgboost",0.9319095291774
"cz_cf_bronchial_biopsy","club_cell","SOX9","xgboost",0.923470924147812
"cz_cf_bronchial_biopsy","club_cell","RUNX3","xgboost",0.912482136220926
"cz_cf_bronchial_biopsy","club_cell","FOXO4","xgboost",0.925867019424289
"cz_cf_bronchial_biopsy","club_cell","YBX1","xgboost",0.893617230905108
"cz_cf_bronchial_biopsy","club_cell","FOXP1","xgboost",0.931112332412412
"cz_cf_bronchial_biopsy","club_cell","GMEB2","xgboost",0.898046737440567
"cz_cf_bronchial_biopsy","club_cell","HOXB2","xgboost",0.916393362346071
"cz_cf_bronchial_biopsy","club_cell","HES2","xgboost",0.901023130376796
"cz_cf_bronchial_biopsy","club_cell","TEAD2","xgboost",0.806166733226998
"cz_cf_bronchial_biopsy","club_cell","ENO1","xgboost",0.862434204211018
"cz_cf_bronchial_biopsy","club_cell","POLR3G","xgboost",0.87484511235247
"cz_cf_bronchial_biopsy","club_cell","IRF8","xgboost",0.918231874358608
"cz_cf_bronchial_biopsy","club_cell","ID3","xgboost",0.876935958524006
"cz_cf_bronchial_biopsy","club_cell","LYL1","xgboost",0.821586862365313
"cz_cf_bronchial_biopsy","club_cell","TP53","xgboost",0.869608876283263
"cz_cf_bronchial_biopsy","club_cell","ERG","xgboost",0.884540382168353
"cz_cf_bronchial_biopsy","club_cell","RELA","xgboost",0.908900623265828
"cz_cf_bronchial_biopsy","club_cell","IRF4","xgboost",0.921084127296038
"cz_cf_bronchial_biopsy","club_cell","KLF4","xgboost",0.90349939612675
"cz_cf_bronchial_biopsy","club_cell","E2F4","xgboost",0.882787141335925
"cz_cf_bronchial_biopsy","club_cell","SPI1","xgboost",0.863353481987446
"cz_cf_bronchial_biopsy","club_cell","ELF3","xgboost",0.906709026630423
"cz_cf_bronchial_biopsy","club_cell","STAT1","xgboost",0.906519220219378
"cz_cf_bronchial_biopsy","club_cell","XBP1","xgboost",0.924873162518317
"cz_cf_bronchial_biopsy","club_cell","MAFF","xgboost",0.928985864695694
"cz_cf_bronchial_biopsy","club_cell","KLF5","xgboost",0.878413074729238
"cz_cf_bronchial_biopsy","club_cell","EHF","xgboost",0.916987365430914
"cz_cf_bronchial_biopsy","club_cell","IRF1","xgboost",0.939409070623252
"cz_cf_bronchial_biopsy","club_cell","FLI1","mars",0.792396681040216
"cz_cf_bronchial_biopsy","club_cell","FOS","mars",0.805280373515205
"cz_cf_bronchial_biopsy","club_cell","TCF7L2","mars",0.912384936535537
"cz_cf_bronchial_biopsy","club_cell","NFKB1","mars",0.837198791022009
"cz_cf_bronchial_biopsy","club_cell","SPIC","mars",0.877415685748233
"cz_cf_bronchial_biopsy","club_cell","HES1","mars",0.792074710026546
"cz_cf_bronchial_biopsy","club_cell","ETS2","mars",0.878285027920097
"cz_cf_bronchial_biopsy","club_cell","EGR1","mars",0.81143452662808
"cz_cf_bronchial_biopsy","club_cell","ATF3","mars",0.910065536094154
"cz_cf_bronchial_biopsy","club_cell","KLF6","mars",0.883945357023089
"cz_cf_bronchial_biopsy","club_cell","RUNX1","mars",0.915090584506444
"cz_cf_bronchial_biopsy","club_cell","POLR3A","mars",0.893119766797228
"cz_cf_bronchial_biopsy","club_cell","MAZ","mars",0.754812641491249
"cz_cf_bronchial_biopsy","club_cell","TBX1","mars",0.915336086567202
"cz_cf_bronchial_biopsy","club_cell","CREB5","mars",0.85091651595516
"cz_cf_bronchial_biopsy","club_cell","HIVEP2","mars",0.89628154436361
"cz_cf_bronchial_biopsy","club_cell","SIX5","mars",0.898642543473849
"cz_cf_bronchial_biopsy","club_cell","RFX2","mars",0.890774658648388
"cz_cf_bronchial_biopsy","club_cell","FOXO1","mars",0.906533738958469
"cz_cf_bronchial_biopsy","club_cell","JDP2","mars",0.821102846196972
"cz_cf_bronchial_biopsy","club_cell","ZNF165","mars",0.875301463222547
"cz_cf_bronchial_biopsy","club_cell","ETV6","mars",0.874649866830835
"cz_cf_bronchial_biopsy","club_cell","KLF12","mars",0.928591104888698
"cz_cf_bronchial_biopsy","club_cell","NR4A2","mars",0.835319457470861
"cz_cf_bronchial_biopsy","club_cell","ZFHX3","mars",0.923420877085527
"cz_cf_bronchial_biopsy","club_cell","MEIS2","mars",0.902077852149781
"cz_cf_bronchial_biopsy","club_cell","BACH2","mars",0.939086081357776
"cz_cf_bronchial_biopsy","club_cell","JUN","mars",0.873315090822454
"cz_cf_bronchial_biopsy","club_cell","JUNB","mars",0.698123263567133
"cz_cf_bronchial_biopsy","club_cell","NFAT5","mars",0.856886831614352
"cz_cf_bronchial_biopsy","club_cell","GLIS2","mars",0.872715594908926
"cz_cf_bronchial_biopsy","club_cell","POU2F2","mars",0.828854046951386
"cz_cf_bronchial_biopsy","club_cell","KLF7","mars",0.865516054615989
"cz_cf_bronchial_biopsy","club_cell","HOXB4","mars",0.865704626134894
"cz_cf_bronchial_biopsy","club_cell","SNAI3","mars",0.897283348414249
"cz_cf_bronchial_biopsy","club_cell","ARID3A","mars",0.807201717730226
"cz_cf_bronchial_biopsy","club_cell","NR4A3","mars",0.888967654895609
"cz_cf_bronchial_biopsy","club_cell","LEF1","mars",0.858982906867705
"cz_cf_bronchial_biopsy","club_cell","MECOM","mars",0.924558236711472
"cz_cf_bronchial_biopsy","club_cell","NKX3-1","mars",0.913941848723099
"cz_cf_bronchial_biopsy","club_cell","NF1","mars",0.884936247357664
"cz_cf_bronchial_biopsy","club_cell","TP63","mars",0.888210659729492
"cz_cf_bronchial_biopsy","club_cell","CHD2","mars",0.914113560593061
"cz_cf_bronchial_biopsy","club_cell","HMGN3","mars",0.905939829903719
"cz_cf_bronchial_biopsy","club_cell","POU6F2","mars",0.886038942230076
"cz_cf_bronchial_biopsy","club_cell","DMRT2","mars",0.847158881547708
"cz_cf_bronchial_biopsy","club_cell","FOXN3","mars",0.880412648108843
"cz_cf_bronchial_biopsy","club_cell","ZFX","mars",0.831835101728989
"cz_cf_bronchial_biopsy","club_cell","AHR","mars",0.89611553760062
"cz_cf_bronchial_biopsy","club_cell","NR5A2","mars",0.803365937964714
"cz_cf_bronchial_biopsy","club_cell","RORA","mars",0.916704500064452
"cz_cf_bronchial_biopsy","club_cell","FOSB","mars",0.877811704070636
"cz_cf_bronchial_biopsy","club_cell","ZNF331","mars",0.90236786885294
"cz_cf_bronchial_biopsy","club_cell","THRB","mars",0.885151743887402
"cz_cf_bronchial_biopsy","club_cell","SMAD3","mars",0.911633824749352
"cz_cf_bronchial_biopsy","club_cell","NFIA","mars",0.864325364519751
"cz_cf_bronchial_biopsy","club_cell","IKZF2","mars",0.892274206454196
"cz_cf_bronchial_biopsy","club_cell","E2F7","mars",0.757394304044646
"cz_cf_bronchial_biopsy","club_cell","TP73","mars",0.892286577203864
"cz_cf_bronchial_biopsy","club_cell","SOX15","mars",0.845806242487941
"cz_cf_bronchial_biopsy","club_cell","ITGB2","mars",0.796751611884825
"cz_cf_bronchial_biopsy","club_cell","FOXP2","mars",0.912432712106047
"cz_cf_bronchial_biopsy","club_cell","DDIT3","mars",0.88835484717476
"cz_cf_bronchial_biopsy","club_cell","HLF","mars",0.898708075901376
"cz_cf_bronchial_biopsy","club_cell","GLIS3","mars",0.915735851835451
"cz_cf_bronchial_biopsy","club_cell","EPAS1","mars",0.925489005015962
"cz_cf_bronchial_biopsy","club_cell","ARID2","mars",0.896629179051577
"cz_cf_bronchial_biopsy","club_cell","NPAS3","mars",0.897301252710243
"cz_cf_bronchial_biopsy","club_cell","CEBPD","mars",0.889379258412302
"cz_cf_bronchial_biopsy","club_cell","ESRRG","mars",0.903664781357524
"cz_cf_bronchial_biopsy","club_cell","NEUROD2","mars",0.899232264613934
"cz_cf_bronchial_biopsy","club_cell","SOX9","mars",0.902132167888056
"cz_cf_bronchial_biopsy","club_cell","RUNX3","mars",0.884807803575641
"cz_cf_bronchial_biopsy","club_cell","FOXO4","mars",0.90980681951578
"cz_cf_bronchial_biopsy","club_cell","YBX1","mars",0.848588676491442
"cz_cf_bronchial_biopsy","club_cell","FOXP1","mars",0.904289479232383
"cz_cf_bronchial_biopsy","club_cell","GMEB2","mars",0.849899648420445
"cz_cf_bronchial_biopsy","club_cell","HOXB2","mars",0.886041902425608
"cz_cf_bronchial_biopsy","club_cell","HES2","mars",0.858879761801006
"cz_cf_bronchial_biopsy","club_cell","TEAD2","mars",0.60794608010126
"cz_cf_bronchial_biopsy","club_cell","ENO1","mars",0.80717320815015
"cz_cf_bronchial_biopsy","club_cell","POLR3G","mars",0.812168923576267
"cz_cf_bronchial_biopsy","club_cell","IRF8","mars",0.906410083853117
"cz_cf_bronchial_biopsy","club_cell","ID3","mars",0.834812057070683
"cz_cf_bronchial_biopsy","club_cell","LYL1","mars",0.746987517971029
"cz_cf_bronchial_biopsy","club_cell","TP53","mars",0.80974221872438
"cz_cf_bronchial_biopsy","club_cell","ERG","mars",0.811137349300853
"cz_cf_bronchial_biopsy","club_cell","RELA","mars",0.882071782160848
"cz_cf_bronchial_biopsy","club_cell","IRF4","mars",0.897685536931223
"cz_cf_bronchial_biopsy","club_cell","KLF4","mars",0.870432157694756
"cz_cf_bronchial_biopsy","club_cell","E2F4","mars",0.858929033211039
"cz_cf_bronchial_biopsy","club_cell","SPI1","mars",0.816466864884269
"cz_cf_bronchial_biopsy","club_cell","ELF3","mars",0.876991157552066
"cz_cf_bronchial_biopsy","club_cell","STAT1","mars",0.869011545639299
"cz_cf_bronchial_biopsy","club_cell","XBP1","mars",0.905181574886462
"cz_cf_bronchial_biopsy","club_cell","MAFF","mars",0.921284079875289
"cz_cf_bronchial_biopsy","club_cell","KLF5","mars",0.839052441243803
"cz_cf_bronchial_biopsy","club_cell","EHF","mars",0.914473840894466
"cz_cf_bronchial_biopsy","club_cell","IRF1","mars",0.923373045470438
"cz_cf_bronchial_biopsy","club_cell","FLI1","svm_rbf",0.818574848373102
"cz_cf_bronchial_biopsy","club_cell","FOS","svm_rbf",0.83263966813564
"cz_cf_bronchial_biopsy","club_cell","TCF7L2","svm_rbf",0.92696703047423
"cz_cf_bronchial_biopsy","club_cell","NFKB1","svm_rbf",0.867150485433195
"cz_cf_bronchial_biopsy","club_cell","SPIC","svm_rbf",0.897623654051726
"cz_cf_bronchial_biopsy","club_cell","HES1","svm_rbf",0.891083501929273
"cz_cf_bronchial_biopsy","club_cell","ETS2","svm_rbf",0.870695423901804
"cz_cf_bronchial_biopsy","club_cell","EGR1","svm_rbf",0.844278171154444
"cz_cf_bronchial_biopsy","club_cell","ATF3","svm_rbf",0.895293752774804
"cz_cf_bronchial_biopsy","club_cell","KLF6","svm_rbf",0.891386092546108
"cz_cf_bronchial_biopsy","club_cell","RUNX1","svm_rbf",0.924078856012434
"cz_cf_bronchial_biopsy","club_cell","POLR3A","svm_rbf",0.901336086130172
"cz_cf_bronchial_biopsy","club_cell","MAZ","svm_rbf",0.777080944193585
"cz_cf_bronchial_biopsy","club_cell","TBX1","svm_rbf",0.91180681975679
"cz_cf_bronchial_biopsy","club_cell","CREB5","svm_rbf",0.875507974526137
"cz_cf_bronchial_biopsy","club_cell","HIVEP2","svm_rbf",0.894365253532669
"cz_cf_bronchial_biopsy","club_cell","SIX5","svm_rbf",0.906256009103078
"cz_cf_bronchial_biopsy","club_cell","RFX2","svm_rbf",0.896941313039951
"cz_cf_bronchial_biopsy","club_cell","FOXO1","svm_rbf",0.88851382405216
"cz_cf_bronchial_biopsy","club_cell","JDP2","svm_rbf",0.855493382848057
"cz_cf_bronchial_biopsy","club_cell","ZNF165","svm_rbf",0.897564850837526
"cz_cf_bronchial_biopsy","club_cell","ETV6","svm_rbf",0.909563723859094
"cz_cf_bronchial_biopsy","club_cell","KLF12","svm_rbf",0.924036935708834
"cz_cf_bronchial_biopsy","club_cell","NR4A2","svm_rbf",0.87635860456943
"cz_cf_bronchial_biopsy","club_cell","ZFHX3","svm_rbf",0.909830960510887
"cz_cf_bronchial_biopsy","club_cell","MEIS2","svm_rbf",0.906258157020511
"cz_cf_bronchial_biopsy","club_cell","BACH2","svm_rbf",0.910939592389034
"cz_cf_bronchial_biopsy","club_cell","JUN","svm_rbf",0.874510437006136
"cz_cf_bronchial_biopsy","club_cell","JUNB","svm_rbf",0.831941436334361
"cz_cf_bronchial_biopsy","club_cell","NFAT5","svm_rbf",0.907904998833949
"cz_cf_bronchial_biopsy","club_cell","GLIS2","svm_rbf",0.89035116474247
"cz_cf_bronchial_biopsy","club_cell","POU2F2","svm_rbf",0.875663471220904
"cz_cf_bronchial_biopsy","club_cell","KLF7","svm_rbf",0.885860738505882
"cz_cf_bronchial_biopsy","club_cell","HOXB4","svm_rbf",0.898871100515172
"cz_cf_bronchial_biopsy","club_cell","SNAI3","svm_rbf",0.91010614551731
"cz_cf_bronchial_biopsy","club_cell","ARID3A","svm_rbf",0.899804207047248
"cz_cf_bronchial_biopsy","club_cell","NR4A3","svm_rbf",0.885367315107324
"cz_cf_bronchial_biopsy","club_cell","LEF1","svm_rbf",0.866971573944973
"cz_cf_bronchial_biopsy","club_cell","MECOM","svm_rbf",0.922701826200422
"cz_cf_bronchial_biopsy","club_cell","NKX3-1","svm_rbf",0.90688346908065
"cz_cf_bronchial_biopsy","club_cell","NF1","svm_rbf",0.910877204424868
"cz_cf_bronchial_biopsy","club_cell","TP63","svm_rbf",0.89011968707455
"cz_cf_bronchial_biopsy","club_cell","CHD2","svm_rbf",0.914281023968809
"cz_cf_bronchial_biopsy","club_cell","HMGN3","svm_rbf",0.884721643768397
"cz_cf_bronchial_biopsy","club_cell","POU6F2","svm_rbf",0.880549566606216
"cz_cf_bronchial_biopsy","club_cell","DMRT2","svm_rbf",0.90509955795388
"cz_cf_bronchial_biopsy","club_cell","FOXN3","svm_rbf",0.90204897023498
"cz_cf_bronchial_biopsy","club_cell","ZFX","svm_rbf",0.886231254960672
"cz_cf_bronchial_biopsy","club_cell","AHR","svm_rbf",0.894445121916597
"cz_cf_bronchial_biopsy","club_cell","NR5A2","svm_rbf",0.89189907349497
"cz_cf_bronchial_biopsy","club_cell","RORA","svm_rbf",0.914214892737134
"cz_cf_bronchial_biopsy","club_cell","FOSB","svm_rbf",0.869531736359959
"cz_cf_bronchial_biopsy","club_cell","ZNF331","svm_rbf",0.898292626649029
"cz_cf_bronchial_biopsy","club_cell","THRB","svm_rbf",0.91454949584218
"cz_cf_bronchial_biopsy","club_cell","SMAD3","svm_rbf",0.897978704935691
"cz_cf_bronchial_biopsy","club_cell","NFIA","svm_rbf",0.902753827129739
"cz_cf_bronchial_biopsy","club_cell","IKZF2","svm_rbf",0.893310633672254
"cz_cf_bronchial_biopsy","club_cell","E2F7","svm_rbf",0.814446152130316
"cz_cf_bronchial_biopsy","club_cell","TP73","svm_rbf",0.908376311314276
"cz_cf_bronchial_biopsy","club_cell","SOX15","svm_rbf",0.879345768001988
"cz_cf_bronchial_biopsy","club_cell","ITGB2","svm_rbf",0.850235047002295
"cz_cf_bronchial_biopsy","club_cell","FOXP2","svm_rbf",0.911701105859901
"cz_cf_bronchial_biopsy","club_cell","DDIT3","svm_rbf",0.884176072116534
"cz_cf_bronchial_biopsy","club_cell","HLF","svm_rbf",0.904344658314186
"cz_cf_bronchial_biopsy","club_cell","GLIS3","svm_rbf",0.919326823555946
"cz_cf_bronchial_biopsy","club_cell","EPAS1","svm_rbf",0.92260301995045
"cz_cf_bronchial_biopsy","club_cell","ARID2","svm_rbf",0.900306752894974
"cz_cf_bronchial_biopsy","club_cell","NPAS3","svm_rbf",0.900914373820576
"cz_cf_bronchial_biopsy","club_cell","CEBPD","svm_rbf",0.876301312248317
"cz_cf_bronchial_biopsy","club_cell","ESRRG","svm_rbf",0.904804489831569
"cz_cf_bronchial_biopsy","club_cell","NEUROD2","svm_rbf",0.912859068497092
"cz_cf_bronchial_biopsy","club_cell","SOX9","svm_rbf",0.900770981630742
"cz_cf_bronchial_biopsy","club_cell","RUNX3","svm_rbf",0.886971248543126
"cz_cf_bronchial_biopsy","club_cell","FOXO4","svm_rbf",0.89758579343158
"cz_cf_bronchial_biopsy","club_cell","YBX1","svm_rbf",0.843471621584876
"cz_cf_bronchial_biopsy","club_cell","FOXP1","svm_rbf",0.910127764726376
"cz_cf_bronchial_biopsy","club_cell","GMEB2","svm_rbf",0.875741707158837
"cz_cf_bronchial_biopsy","club_cell","HOXB2","svm_rbf",0.915051044120607
"cz_cf_bronchial_biopsy","club_cell","HES2","svm_rbf",0.89216074498891
"cz_cf_bronchial_biopsy","club_cell","TEAD2","svm_rbf",0.771601005266414
"cz_cf_bronchial_biopsy","club_cell","ENO1","svm_rbf",0.84948487217865
"cz_cf_bronchial_biopsy","club_cell","POLR3G","svm_rbf",0.833046734927491
"cz_cf_bronchial_biopsy","club_cell","IRF8","svm_rbf",0.889874226068541
"cz_cf_bronchial_biopsy","club_cell","ID3","svm_rbf",0.860951484452071
"cz_cf_bronchial_biopsy","club_cell","LYL1","svm_rbf",0.813700692238617
"cz_cf_bronchial_biopsy","club_cell","TP53","svm_rbf",0.86390364187492
"cz_cf_bronchial_biopsy","club_cell","ERG","svm_rbf",0.86979473404231
"cz_cf_bronchial_biopsy","club_cell","RELA","svm_rbf",0.877521236856611
"cz_cf_bronchial_biopsy","club_cell","IRF4","svm_rbf",0.890065440143477
"cz_cf_bronchial_biopsy","club_cell","KLF4","svm_rbf",0.890609398783326
"cz_cf_bronchial_biopsy","club_cell","E2F4","svm_rbf",0.847917146628214
"cz_cf_bronchial_biopsy","club_cell","SPI1","svm_rbf",0.844682024181678
"cz_cf_bronchial_biopsy","club_cell","ELF3","svm_rbf",0.902310460256597
"cz_cf_bronchial_biopsy","club_cell","STAT1","svm_rbf",0.868564269212091
"cz_cf_bronchial_biopsy","club_cell","XBP1","svm_rbf",0.912357291494109
"cz_cf_bronchial_biopsy","club_cell","MAFF","svm_rbf",0.912152472070992
"cz_cf_bronchial_biopsy","club_cell","KLF5","svm_rbf",0.864684517294159
"cz_cf_bronchial_biopsy","club_cell","EHF","svm_rbf",0.898281346302523
"cz_cf_bronchial_biopsy","club_cell","IRF1","svm_rbf",0.918779314234303
"cz_cf_bronchial_biopsy","basal_cell","SP7","ranger_et",0.747100048415115
"cz_cf_bronchial_biopsy","basal_cell","ETS2","ranger_et",0.725661378425272
"cz_cf_bronchial_biopsy","basal_cell","FOXD4","ranger_et",0.757712427357219
"cz_cf_bronchial_biopsy","basal_cell","NANOG","ranger_et",0.747629469198139
"cz_cf_bronchial_biopsy","basal_cell","MYC","ranger_et",0.757408426422192
"cz_cf_bronchial_biopsy","basal_cell","HNF4A","ranger_et",0.76441791300713
"cz_cf_bronchial_biopsy","basal_cell","KLF5","ranger_et",0.680160224418317
"cz_cf_bronchial_biopsy","basal_cell","EHF","ranger_et",0.755592737240326
"cz_cf_bronchial_biopsy","basal_cell","BCL11A","ranger_et",0.753646680544123
"cz_cf_bronchial_biopsy","basal_cell","HES1","ranger_et",0.781409874511455
"cz_cf_bronchial_biopsy","basal_cell","NR2F1","ranger_et",0.732142354160131
"cz_cf_bronchial_biopsy","basal_cell","CTCFL","ranger_et",0.726751418492197
"cz_cf_bronchial_biopsy","basal_cell","KLF1","ranger_et",0.714557893199295
"cz_cf_bronchial_biopsy","basal_cell","RXRG","ranger_et",0.696298392895493
"cz_cf_bronchial_biopsy","basal_cell","CREB3L3","ranger_et",0.715924174902435
"cz_cf_bronchial_biopsy","basal_cell","ZIC1","ranger_et",0.704688741774989
"cz_cf_bronchial_biopsy","basal_cell","GLI1","ranger_et",0.745137528793428
"cz_cf_bronchial_biopsy","basal_cell","FOXI3","ranger_et",0.768193267361428
"cz_cf_bronchial_biopsy","basal_cell","EGR1","ranger_et",0.747410454495135
"cz_cf_bronchial_biopsy","basal_cell","FOXP3","ranger_et",0.764591555831399
"cz_cf_bronchial_biopsy","basal_cell","ID2","ranger_et",0.767815739836651
"cz_cf_bronchial_biopsy","basal_cell","ETV6","ranger_et",0.784760422268556
"cz_cf_bronchial_biopsy","basal_cell","ID1","ranger_et",0.776402916466663
"cz_cf_bronchial_biopsy","basal_cell","MECOM","ranger_et",0.773005339294886
"cz_cf_bronchial_biopsy","basal_cell","RORA","ranger_et",0.758167233155502
"cz_cf_bronchial_biopsy","basal_cell","RFX4","ranger_et",0.794733963872842
"cz_cf_bronchial_biopsy","basal_cell","FOXJ3","ranger_et",0.774401956783096
"cz_cf_bronchial_biopsy","basal_cell","RUNX1","ranger_et",0.81505526910641
"cz_cf_bronchial_biopsy","basal_cell","GRHL2","ranger_et",0.775783423097126
"cz_cf_bronchial_biopsy","basal_cell","MAFF","ranger_et",0.763778659466317
"cz_cf_bronchial_biopsy","basal_cell","GLIS3","ranger_et",0.769849310545266
"cz_cf_bronchial_biopsy","basal_cell","CUX2","ranger_et",0.757361065010061
"cz_cf_bronchial_biopsy","basal_cell","FOS","ranger_et",0.772849970851055
"cz_cf_bronchial_biopsy","basal_cell","TP63","ranger_et",0.769644030720449
"cz_cf_bronchial_biopsy","basal_cell","MEIS2","ranger_et",0.774027315743028
"cz_cf_bronchial_biopsy","basal_cell","NPAS3","ranger_et",0.771033963628056
"cz_cf_bronchial_biopsy","basal_cell","SP7","xgboost",0.817515610327525
"cz_cf_bronchial_biopsy","basal_cell","ETS2","xgboost",0.792187519316648
"cz_cf_bronchial_biopsy","basal_cell","FOXD4","xgboost",0.823781037388803
"cz_cf_bronchial_biopsy","basal_cell","NANOG","xgboost",0.800157149075861
"cz_cf_bronchial_biopsy","basal_cell","MYC","xgboost",0.813069161443943
"cz_cf_bronchial_biopsy","basal_cell","HNF4A","xgboost",0.761472302683578
"cz_cf_bronchial_biopsy","basal_cell","KLF5","xgboost",0.745875321797381
"cz_cf_bronchial_biopsy","basal_cell","EHF","xgboost",0.81146579250947
"cz_cf_bronchial_biopsy","basal_cell","BCL11A","xgboost",0.807369689642684
"cz_cf_bronchial_biopsy","basal_cell","HES1","xgboost",0.850435152850936
"cz_cf_bronchial_biopsy","basal_cell","NR2F1","xgboost",0.798846635225487
"cz_cf_bronchial_biopsy","basal_cell","CTCFL","xgboost",0.786690301880267
"cz_cf_bronchial_biopsy","basal_cell","KLF1","xgboost",0.78397699527315
"cz_cf_bronchial_biopsy","basal_cell","RXRG","xgboost",0.790309201284289
"cz_cf_bronchial_biopsy","basal_cell","CREB3L3","xgboost",0.784460187048967
"cz_cf_bronchial_biopsy","basal_cell","ZIC1","xgboost",0.793004120902015
"cz_cf_bronchial_biopsy","basal_cell","GLI1","xgboost",0.813031763583975
"cz_cf_bronchial_biopsy","basal_cell","FOXI3","xgboost",0.80935260948997
"cz_cf_bronchial_biopsy","basal_cell","EGR1","xgboost",0.795272936122864
"cz_cf_bronchial_biopsy","basal_cell","FOXP3","xgboost",0.825189877957625
"cz_cf_bronchial_biopsy","basal_cell","ID2","xgboost",0.810864445421358
"cz_cf_bronchial_biopsy","basal_cell","ETV6","xgboost",0.83266927191361
"cz_cf_bronchial_biopsy","basal_cell","ID1","xgboost",0.842039280593821
"cz_cf_bronchial_biopsy","basal_cell","MECOM","xgboost",0.829535148612246
"cz_cf_bronchial_biopsy","basal_cell","RORA","xgboost",0.802262730042018
"cz_cf_bronchial_biopsy","basal_cell","RFX4","xgboost",0.848416166466997
"cz_cf_bronchial_biopsy","basal_cell","FOXJ3","xgboost",0.838376665511669
"cz_cf_bronchial_biopsy","basal_cell","RUNX1","xgboost",0.862903824267677
"cz_cf_bronchial_biopsy","basal_cell","GRHL2","xgboost",0.83465689337819
"cz_cf_bronchial_biopsy","basal_cell","MAFF","xgboost",0.839201118544617
"cz_cf_bronchial_biopsy","basal_cell","GLIS3","xgboost",0.85192604644095
"cz_cf_bronchial_biopsy","basal_cell","CUX2","xgboost",0.814266210888297
"cz_cf_bronchial_biopsy","basal_cell","FOS","xgboost",0.827826466186943
"cz_cf_bronchial_biopsy","basal_cell","TP63","xgboost",0.813183809160881
"cz_cf_bronchial_biopsy","basal_cell","MEIS2","xgboost",0.80337818704581
"cz_cf_bronchial_biopsy","basal_cell","NPAS3","xgboost",0.843263367402611
"cz_cf_bronchial_biopsy","basal_cell","SP7","mars",0.688944479544989
"cz_cf_bronchial_biopsy","basal_cell","ETS2","mars",0.726383932688362
"cz_cf_bronchial_biopsy","basal_cell","FOXD4","mars",0.724620840279328
"cz_cf_bronchial_biopsy","basal_cell","NANOG","mars",0.649883483948072
"cz_cf_bronchial_biopsy","basal_cell","MYC","mars",0.730483746971172
"cz_cf_bronchial_biopsy","basal_cell","HNF4A","mars",0.659170776044383
"cz_cf_bronchial_biopsy","basal_cell","KLF5","mars",0.62799871760622
"cz_cf_bronchial_biopsy","basal_cell","EHF","mars",0.691968165080286
"cz_cf_bronchial_biopsy","basal_cell","BCL11A","mars",0.687811030107248
"cz_cf_bronchial_biopsy","basal_cell","HES1","mars",0.794835485998346
"cz_cf_bronchial_biopsy","basal_cell","NR2F1","mars",0.673954181638401
"cz_cf_bronchial_biopsy","basal_cell","CTCFL","mars",0.623642316581152
"cz_cf_bronchial_biopsy","basal_cell","KLF1","mars",0.641569236404207
"cz_cf_bronchial_biopsy","basal_cell","RXRG","mars",0.710123352073317
"cz_cf_bronchial_biopsy","basal_cell","CREB3L3","mars",0.674499486933346
"cz_cf_bronchial_biopsy","basal_cell","ZIC1","mars",0.620841529714303
"cz_cf_bronchial_biopsy","basal_cell","GLI1","mars",0.596339447238297
"cz_cf_bronchial_biopsy","basal_cell","FOXI3","mars",0.66890343339701
"cz_cf_bronchial_biopsy","basal_cell","EGR1","mars",0.635274050652982
"cz_cf_bronchial_biopsy","basal_cell","FOXP3","mars",0.722805599583963
"cz_cf_bronchial_biopsy","basal_cell","ID2","mars",0.742491167109476
"cz_cf_bronchial_biopsy","basal_cell","ETV6","mars",0.683281950564479
"cz_cf_bronchial_biopsy","basal_cell","ID1","mars",0.77712252493407
"cz_cf_bronchial_biopsy","basal_cell","MECOM","mars",0.6962395614038
"cz_cf_bronchial_biopsy","basal_cell","RORA","mars",0.714084130710267
"cz_cf_bronchial_biopsy","basal_cell","RFX4","mars",0.498397042445466
"cz_cf_bronchial_biopsy","basal_cell","FOXJ3","mars",0.738195904943388
"cz_cf_bronchial_biopsy","basal_cell","RUNX1","mars",0.798965951089708
"cz_cf_bronchial_biopsy","basal_cell","GRHL2","mars",0.686347001032138
"cz_cf_bronchial_biopsy","basal_cell","MAFF","mars",0.71775357426249
"cz_cf_bronchial_biopsy","basal_cell","GLIS3","mars",0.733814012555828
"cz_cf_bronchial_biopsy","basal_cell","CUX2","mars",0.672522560721941
"cz_cf_bronchial_biopsy","basal_cell","FOS","mars",0.713286647209863
"cz_cf_bronchial_biopsy","basal_cell","TP63","mars",0.697846041900376
"cz_cf_bronchial_biopsy","basal_cell","MEIS2","mars",0.738104394027539
"cz_cf_bronchial_biopsy","basal_cell","NPAS3","mars",0.753755069399251
"cz_cf_bronchial_biopsy","basal_cell","SP7","svm_rbf",0.770765806514616
"cz_cf_bronchial_biopsy","basal_cell","ETS2","svm_rbf",0.771189694202838
"cz_cf_bronchial_biopsy","basal_cell","FOXD4","svm_rbf",0.739137450821832
"cz_cf_bronchial_biopsy","basal_cell","NANOG","svm_rbf",0.726918534183445
"cz_cf_bronchial_biopsy","basal_cell","MYC","svm_rbf",0.804266736623108
"cz_cf_bronchial_biopsy","basal_cell","HNF4A","svm_rbf",0.771285547391803
"cz_cf_bronchial_biopsy","basal_cell","KLF5","svm_rbf",0.670236398466695
"cz_cf_bronchial_biopsy","basal_cell","EHF","svm_rbf",0.78126537334059
"cz_cf_bronchial_biopsy","basal_cell","BCL11A","svm_rbf",0.732441069109077
"cz_cf_bronchial_biopsy","basal_cell","HES1","svm_rbf",0.786731463703825
"cz_cf_bronchial_biopsy","basal_cell","NR2F1","svm_rbf",0.764738726755302
"cz_cf_bronchial_biopsy","basal_cell","CTCFL","svm_rbf",0.689556611296059
"cz_cf_bronchial_biopsy","basal_cell","KLF1","svm_rbf",0.703153628592533
"cz_cf_bronchial_biopsy","basal_cell","RXRG","svm_rbf",0.708844638792291
"cz_cf_bronchial_biopsy","basal_cell","CREB3L3","svm_rbf",0.736977498520346
"cz_cf_bronchial_biopsy","basal_cell","ZIC1","svm_rbf",0.682220265850021
"cz_cf_bronchial_biopsy","basal_cell","GLI1","svm_rbf",0.745440309664576
"cz_cf_bronchial_biopsy","basal_cell","FOXI3","svm_rbf",0.792489341327906
"cz_cf_bronchial_biopsy","basal_cell","EGR1","svm_rbf",0.768550290524818
"cz_cf_bronchial_biopsy","basal_cell","FOXP3","svm_rbf",0.778445681284886
"cz_cf_bronchial_biopsy","basal_cell","ID2","svm_rbf",0.792263260846122
"cz_cf_bronchial_biopsy","basal_cell","ETV6","svm_rbf",0.81578347590195
"cz_cf_bronchial_biopsy","basal_cell","ID1","svm_rbf",0.79551453305417
"cz_cf_bronchial_biopsy","basal_cell","MECOM","svm_rbf",0.772428965999107
"cz_cf_bronchial_biopsy","basal_cell","RORA","svm_rbf",0.794503513428433
"cz_cf_bronchial_biopsy","basal_cell","RFX4","svm_rbf",0.816848110514056
"cz_cf_bronchial_biopsy","basal_cell","FOXJ3","svm_rbf",0.770774341528775
"cz_cf_bronchial_biopsy","basal_cell","RUNX1","svm_rbf",0.817873557498168
"cz_cf_bronchial_biopsy","basal_cell","GRHL2","svm_rbf",0.777094993772048
"cz_cf_bronchial_biopsy","basal_cell","MAFF","svm_rbf",0.806780106724919
"cz_cf_bronchial_biopsy","basal_cell","GLIS3","svm_rbf",0.76452070328681
"cz_cf_bronchial_biopsy","basal_cell","CUX2","svm_rbf",0.770274834250794
"cz_cf_bronchial_biopsy","basal_cell","FOS","svm_rbf",0.811463210496135
"cz_cf_bronchial_biopsy","basal_cell","TP63","svm_rbf",0.768222714322012
"cz_cf_bronchial_biopsy","basal_cell","MEIS2","svm_rbf",0.785198510089599
"cz_cf_bronchial_biopsy","basal_cell","NPAS3","svm_rbf",0.772017842647328
"cz_cf_bronchial_biopsy","CD8_minus_positive_comma_alpha_minus_beta_T_cell","EGR1","ranger_et",0.807360046781875
"cz_cf_bronchial_biopsy","CD8_minus_positive_comma_alpha_minus_beta_T_cell","ELF1","ranger_et",0.800354013778721
"cz_cf_bronchial_biopsy","CD8_minus_positive_comma_alpha_minus_beta_T_cell","ZBTB33","ranger_et",0.719212708366894
"cz_cf_bronchial_biopsy","CD8_minus_positive_comma_alpha_minus_beta_T_cell","FOXA3","ranger_et",0.802873130710854
"cz_cf_bronchial_biopsy","CD8_minus_positive_comma_alpha_minus_beta_T_cell","BRCA1","ranger_et",0.798334180526437
"cz_cf_bronchial_biopsy","CD8_minus_positive_comma_alpha_minus_beta_T_cell","FOXQ1","ranger_et",0.752284223708254
"cz_cf_bronchial_biopsy","CD8_minus_positive_comma_alpha_minus_beta_T_cell","ATF3","ranger_et",0.771095258138498
"cz_cf_bronchial_biopsy","CD8_minus_positive_comma_alpha_minus_beta_T_cell","JUN","ranger_et",0.770028715646444
"cz_cf_bronchial_biopsy","CD8_minus_positive_comma_alpha_minus_beta_T_cell","TFAP2A","ranger_et",0.674173100524113
"cz_cf_bronchial_biopsy","CD8_minus_positive_comma_alpha_minus_beta_T_cell","NR3C1","ranger_et",0.683591706286244
"cz_cf_bronchial_biopsy","CD8_minus_positive_comma_alpha_minus_beta_T_cell","FOXN3","ranger_et",0.779434685176134
"cz_cf_bronchial_biopsy","CD8_minus_positive_comma_alpha_minus_beta_T_cell","FOSB","ranger_et",0.737804997702875
"cz_cf_bronchial_biopsy","CD8_minus_positive_comma_alpha_minus_beta_T_cell","PBX3","ranger_et",0.77657509744103
"cz_cf_bronchial_biopsy","CD8_minus_positive_comma_alpha_minus_beta_T_cell","ELF3","ranger_et",0.673695864050373
"cz_cf_bronchial_biopsy","CD8_minus_positive_comma_alpha_minus_beta_T_cell","KLF12","ranger_et",0.753110277248537
"cz_cf_bronchial_biopsy","CD8_minus_positive_comma_alpha_minus_beta_T_cell","HINFP","ranger_et",0.750446711427612
"cz_cf_bronchial_biopsy","CD8_minus_positive_comma_alpha_minus_beta_T_cell","POLR3A","ranger_et",0.696707675703138
"cz_cf_bronchial_biopsy","CD8_minus_positive_comma_alpha_minus_beta_T_cell","MLXIP","ranger_et",0.739412639878259
"cz_cf_bronchial_biopsy","CD8_minus_positive_comma_alpha_minus_beta_T_cell","FOXP3","ranger_et",0.72160876631473
"cz_cf_bronchial_biopsy","CD8_minus_positive_comma_alpha_minus_beta_T_cell","TCF12","ranger_et",0.586276216858117
"cz_cf_bronchial_biopsy","CD8_minus_positive_comma_alpha_minus_beta_T_cell","FLI1","ranger_et",0.631143696998985
"cz_cf_bronchial_biopsy","CD8_minus_positive_comma_alpha_minus_beta_T_cell","MNT","ranger_et",0.694533050907358
"cz_cf_bronchial_biopsy","CD8_minus_positive_comma_alpha_minus_beta_T_cell","SMAD3","ranger_et",0.751884005075526
"cz_cf_bronchial_biopsy","CD8_minus_positive_comma_alpha_minus_beta_T_cell","MAF","ranger_et",0.720655207657054
"cz_cf_bronchial_biopsy","CD8_minus_positive_comma_alpha_minus_beta_T_cell","GLI1","ranger_et",0.67063478581282
"cz_cf_bronchial_biopsy","CD8_minus_positive_comma_alpha_minus_beta_T_cell","RFX7","ranger_et",0.709955571835925
"cz_cf_bronchial_biopsy","CD8_minus_positive_comma_alpha_minus_beta_T_cell","ID2","ranger_et",0.676134784936019
"cz_cf_bronchial_biopsy","CD8_minus_positive_comma_alpha_minus_beta_T_cell","RUNX2","ranger_et",0.715555902039086
"cz_cf_bronchial_biopsy","CD8_minus_positive_comma_alpha_minus_beta_T_cell","FOXP1","ranger_et",0.663741458614868
"cz_cf_bronchial_biopsy","CD8_minus_positive_comma_alpha_minus_beta_T_cell","ZNF554","ranger_et",0.639424616285033
"cz_cf_bronchial_biopsy","CD8_minus_positive_comma_alpha_minus_beta_T_cell","ARNT2","ranger_et",0.625839838230513
"cz_cf_bronchial_biopsy","CD8_minus_positive_comma_alpha_minus_beta_T_cell","ZNF563","ranger_et",0.592310327998625
"cz_cf_bronchial_biopsy","CD8_minus_positive_comma_alpha_minus_beta_T_cell","TP73","ranger_et",0.625563766179305
"cz_cf_bronchial_biopsy","CD8_minus_positive_comma_alpha_minus_beta_T_cell","GLI3","ranger_et",0.615313433441445
"cz_cf_bronchial_biopsy","CD8_minus_positive_comma_alpha_minus_beta_T_cell","PPARG","ranger_et",0.527255922048652
"cz_cf_bronchial_biopsy","CD8_minus_positive_comma_alpha_minus_beta_T_cell","RORA","ranger_et",0.561088321753
"cz_cf_bronchial_biopsy","CD8_minus_positive_comma_alpha_minus_beta_T_cell","TWIST1","ranger_et",0.522220076189337
"cz_cf_bronchial_biopsy","CD8_minus_positive_comma_alpha_minus_beta_T_cell","MITF","ranger_et",0.521928484754906
"cz_cf_bronchial_biopsy","CD8_minus_positive_comma_alpha_minus_beta_T_cell","TEF","ranger_et",0.46499343262706
"cz_cf_bronchial_biopsy","CD8_minus_positive_comma_alpha_minus_beta_T_cell","RBPJ","ranger_et",0.500597741998825
"cz_cf_bronchial_biopsy","CD8_minus_positive_comma_alpha_minus_beta_T_cell","ARID2","ranger_et",0.467050253164315
"cz_cf_bronchial_biopsy","CD8_minus_positive_comma_alpha_minus_beta_T_cell","UBP1","ranger_et",0.542826465603346
"cz_cf_bronchial_biopsy","CD8_minus_positive_comma_alpha_minus_beta_T_cell","SPDEF","ranger_et",0.530873064559096
"cz_cf_bronchial_biopsy","CD8_minus_positive_comma_alpha_minus_beta_T_cell","POU6F2","ranger_et",0.437100955101433
"cz_cf_bronchial_biopsy","CD8_minus_positive_comma_alpha_minus_beta_T_cell","ZNF35","ranger_et",0.565436427166362
"cz_cf_bronchial_biopsy","CD8_minus_positive_comma_alpha_minus_beta_T_cell","POU2F1","ranger_et",0.59074987222812
"cz_cf_bronchial_biopsy","CD8_minus_positive_comma_alpha_minus_beta_T_cell","NRL","ranger_et",0.582239139957721
"cz_cf_bronchial_biopsy","CD8_minus_positive_comma_alpha_minus_beta_T_cell","MAFG","ranger_et",0.629758700427823
"cz_cf_bronchial_biopsy","CD8_minus_positive_comma_alpha_minus_beta_T_cell","BACH2","ranger_et",0.609190830500595
"cz_cf_bronchial_biopsy","CD8_minus_positive_comma_alpha_minus_beta_T_cell","STAT4","ranger_et",0.617185457667032
"cz_cf_bronchial_biopsy","CD8_minus_positive_comma_alpha_minus_beta_T_cell","CUX1","ranger_et",0.64626969114665
"cz_cf_bronchial_biopsy","CD8_minus_positive_comma_alpha_minus_beta_T_cell","FOXM1","ranger_et",0.663163445724197
"cz_cf_bronchial_biopsy","CD8_minus_positive_comma_alpha_minus_beta_T_cell","FOXO3","ranger_et",0.722007452301109
"cz_cf_bronchial_biopsy","CD8_minus_positive_comma_alpha_minus_beta_T_cell","GLIS2","ranger_et",0.641276087939851
"cz_cf_bronchial_biopsy","CD8_minus_positive_comma_alpha_minus_beta_T_cell","PLAG1","ranger_et",0.642087765504343
"cz_cf_bronchial_biopsy","CD8_minus_positive_comma_alpha_minus_beta_T_cell","ARID3B","ranger_et",0.674013825438903
"cz_cf_bronchial_biopsy","CD8_minus_positive_comma_alpha_minus_beta_T_cell","NKX3-1","ranger_et",0.648829836308642
"cz_cf_bronchial_biopsy","CD8_minus_positive_comma_alpha_minus_beta_T_cell","ZNF331","ranger_et",0.735758132675074
"cz_cf_bronchial_biopsy","CD8_minus_positive_comma_alpha_minus_beta_T_cell","GRHL1","ranger_et",0.678364966760023
"cz_cf_bronchial_biopsy","CD8_minus_positive_comma_alpha_minus_beta_T_cell","TCF21","ranger_et",0.729283871925091
"cz_cf_bronchial_biopsy","CD8_minus_positive_comma_alpha_minus_beta_T_cell","RUNX1","ranger_et",0.744272093935337
"cz_cf_bronchial_biopsy","CD8_minus_positive_comma_alpha_minus_beta_T_cell","CREM","ranger_et",0.752319868851932
"cz_cf_bronchial_biopsy","CD8_minus_positive_comma_alpha_minus_beta_T_cell","NFATC3","ranger_et",0.744814696158205
"cz_cf_bronchial_biopsy","CD8_minus_positive_comma_alpha_minus_beta_T_cell","NR3C2","ranger_et",0.755053402752956
"cz_cf_bronchial_biopsy","CD8_minus_positive_comma_alpha_minus_beta_T_cell","SNAI3","ranger_et",0.762197899695622
"cz_cf_bronchial_biopsy","CD8_minus_positive_comma_alpha_minus_beta_T_cell","HES2","ranger_et",0.712360920814615
"cz_cf_bronchial_biopsy","CD8_minus_positive_comma_alpha_minus_beta_T_cell","KLF2","ranger_et",0.661958336676251
"cz_cf_bronchial_biopsy","CD8_minus_positive_comma_alpha_minus_beta_T_cell","KLF15","ranger_et",0.73103282902406
"cz_cf_bronchial_biopsy","CD8_minus_positive_comma_alpha_minus_beta_T_cell","JUNB","ranger_et",0.786378036999044
"cz_cf_bronchial_biopsy","CD8_minus_positive_comma_alpha_minus_beta_T_cell","IRF1","ranger_et",0.740480876293244
"cz_cf_bronchial_biopsy","CD8_minus_positive_comma_alpha_minus_beta_T_cell","PLAGL1","ranger_et",0.797045914834146
"cz_cf_bronchial_biopsy","CD8_minus_positive_comma_alpha_minus_beta_T_cell","NFATC1","ranger_et",0.807655164442211
"cz_cf_bronchial_biopsy","CD8_minus_positive_comma_alpha_minus_beta_T_cell","ZBTB7B","ranger_et",0.797723678564282
"cz_cf_bronchial_biopsy","CD8_minus_positive_comma_alpha_minus_beta_T_cell","ZNF281","ranger_et",0.799814190993901
"cz_cf_bronchial_biopsy","CD8_minus_positive_comma_alpha_minus_beta_T_cell","HEY1","ranger_et",0.808191886269173
"cz_cf_bronchial_biopsy","CD8_minus_positive_comma_alpha_minus_beta_T_cell","FOS","ranger_et",0.780835425739045
"cz_cf_bronchial_biopsy","CD8_minus_positive_comma_alpha_minus_beta_T_cell","JUND","ranger_et",0.840021347686927
"cz_cf_bronchial_biopsy","CD8_minus_positive_comma_alpha_minus_beta_T_cell","KLF6","ranger_et",0.816151502992647
"cz_cf_bronchial_biopsy","CD8_minus_positive_comma_alpha_minus_beta_T_cell","EGR1","xgboost",0.88274248781962
"cz_cf_bronchial_biopsy","CD8_minus_positive_comma_alpha_minus_beta_T_cell","ELF1","xgboost",0.871875856429395
"cz_cf_bronchial_biopsy","CD8_minus_positive_comma_alpha_minus_beta_T_cell","ZBTB33","xgboost",0.811358699348876
"cz_cf_bronchial_biopsy","CD8_minus_positive_comma_alpha_minus_beta_T_cell","FOXA3","xgboost",0.874436390680328
"cz_cf_bronchial_biopsy","CD8_minus_positive_comma_alpha_minus_beta_T_cell","BRCA1","xgboost",0.859664679027702
"cz_cf_bronchial_biopsy","CD8_minus_positive_comma_alpha_minus_beta_T_cell","FOXQ1","xgboost",0.832179580660307
"cz_cf_bronchial_biopsy","CD8_minus_positive_comma_alpha_minus_beta_T_cell","ATF3","xgboost",0.82982682777481
"cz_cf_bronchial_biopsy","CD8_minus_positive_comma_alpha_minus_beta_T_cell","JUN","xgboost",0.838814400257242
"cz_cf_bronchial_biopsy","CD8_minus_positive_comma_alpha_minus_beta_T_cell","TFAP2A","xgboost",0.778981928262528
"cz_cf_bronchial_biopsy","CD8_minus_positive_comma_alpha_minus_beta_T_cell","NR3C1","xgboost",0.780889325572977
"cz_cf_bronchial_biopsy","CD8_minus_positive_comma_alpha_minus_beta_T_cell","FOXN3","xgboost",0.845920906516539
"cz_cf_bronchial_biopsy","CD8_minus_positive_comma_alpha_minus_beta_T_cell","FOSB","xgboost",0.822452564474663
"cz_cf_bronchial_biopsy","CD8_minus_positive_comma_alpha_minus_beta_T_cell","PBX3","xgboost",0.82783649105104
"cz_cf_bronchial_biopsy","CD8_minus_positive_comma_alpha_minus_beta_T_cell","ELF3","xgboost",0.770239542075573
"cz_cf_bronchial_biopsy","CD8_minus_positive_comma_alpha_minus_beta_T_cell","KLF12","xgboost",0.816448050769702
"cz_cf_bronchial_biopsy","CD8_minus_positive_comma_alpha_minus_beta_T_cell","HINFP","xgboost",0.808693071497622
"cz_cf_bronchial_biopsy","CD8_minus_positive_comma_alpha_minus_beta_T_cell","POLR3A","xgboost",0.775077658595938
"cz_cf_bronchial_biopsy","CD8_minus_positive_comma_alpha_minus_beta_T_cell","MLXIP","xgboost",0.791530936871984
"cz_cf_bronchial_biopsy","CD8_minus_positive_comma_alpha_minus_beta_T_cell","FOXP3","xgboost",0.810325400520944
"cz_cf_bronchial_biopsy","CD8_minus_positive_comma_alpha_minus_beta_T_cell","TCF12","xgboost",0.696372828203464
"cz_cf_bronchial_biopsy","CD8_minus_positive_comma_alpha_minus_beta_T_cell","FLI1","xgboost",0.755746413172396
"cz_cf_bronchial_biopsy","CD8_minus_positive_comma_alpha_minus_beta_T_cell","MNT","xgboost",0.763419277671691
"cz_cf_bronchial_biopsy","CD8_minus_positive_comma_alpha_minus_beta_T_cell","SMAD3","xgboost",0.822163420444997
"cz_cf_bronchial_biopsy","CD8_minus_positive_comma_alpha_minus_beta_T_cell","MAF","xgboost",0.774990763274209
"cz_cf_bronchial_biopsy","CD8_minus_positive_comma_alpha_minus_beta_T_cell","GLI1","xgboost",0.73764346667248
"cz_cf_bronchial_biopsy","CD8_minus_positive_comma_alpha_minus_beta_T_cell","RFX7","xgboost",0.779801220251943
"cz_cf_bronchial_biopsy","CD8_minus_positive_comma_alpha_minus_beta_T_cell","ID2","xgboost",0.74754387877826
"cz_cf_bronchial_biopsy","CD8_minus_positive_comma_alpha_minus_beta_T_cell","RUNX2","xgboost",0.75600480119381
"cz_cf_bronchial_biopsy","CD8_minus_positive_comma_alpha_minus_beta_T_cell","FOXP1","xgboost",0.721469700225127
"cz_cf_bronchial_biopsy","CD8_minus_positive_comma_alpha_minus_beta_T_cell","ZNF554","xgboost",0.705515361537452
"cz_cf_bronchial_biopsy","CD8_minus_positive_comma_alpha_minus_beta_T_cell","ARNT2","xgboost",0.659813106772641
"cz_cf_bronchial_biopsy","CD8_minus_positive_comma_alpha_minus_beta_T_cell","ZNF563","xgboost",0.634755690883604
"cz_cf_bronchial_biopsy","CD8_minus_positive_comma_alpha_minus_beta_T_cell","TP73","xgboost",0.732348111898216
"cz_cf_bronchial_biopsy","CD8_minus_positive_comma_alpha_minus_beta_T_cell","GLI3","xgboost",0.659563048351263
"cz_cf_bronchial_biopsy","CD8_minus_positive_comma_alpha_minus_beta_T_cell","PPARG","xgboost",0.617416496419897
"cz_cf_bronchial_biopsy","CD8_minus_positive_comma_alpha_minus_beta_T_cell","RORA","xgboost",0.61886202258319
"cz_cf_bronchial_biopsy","CD8_minus_positive_comma_alpha_minus_beta_T_cell","TWIST1","xgboost",0.63048309547092
"cz_cf_bronchial_biopsy","CD8_minus_positive_comma_alpha_minus_beta_T_cell","MITF","xgboost",0.648410480234422
"cz_cf_bronchial_biopsy","CD8_minus_positive_comma_alpha_minus_beta_T_cell","TEF","xgboost",0.554065478401196
"cz_cf_bronchial_biopsy","CD8_minus_positive_comma_alpha_minus_beta_T_cell","RBPJ","xgboost",0.574078756060356
"cz_cf_bronchial_biopsy","CD8_minus_positive_comma_alpha_minus_beta_T_cell","ARID2","xgboost",0.574607951602284
"cz_cf_bronchial_biopsy","CD8_minus_positive_comma_alpha_minus_beta_T_cell","UBP1","xgboost",0.629336773455764
"cz_cf_bronchial_biopsy","CD8_minus_positive_comma_alpha_minus_beta_T_cell","SPDEF","xgboost",0.598160870551925
"cz_cf_bronchial_biopsy","CD8_minus_positive_comma_alpha_minus_beta_T_cell","POU6F2","xgboost",0.47450225654945
"cz_cf_bronchial_biopsy","CD8_minus_positive_comma_alpha_minus_beta_T_cell","ZNF35","xgboost",0.634470174242888
"cz_cf_bronchial_biopsy","CD8_minus_positive_comma_alpha_minus_beta_T_cell","POU2F1","xgboost",0.67286666204695
"cz_cf_bronchial_biopsy","CD8_minus_positive_comma_alpha_minus_beta_T_cell","NRL","xgboost",0.683752912560258
"cz_cf_bronchial_biopsy","CD8_minus_positive_comma_alpha_minus_beta_T_cell","MAFG","xgboost",0.697063113515272
"cz_cf_bronchial_biopsy","CD8_minus_positive_comma_alpha_minus_beta_T_cell","BACH2","xgboost",0.656671673981368
"cz_cf_bronchial_biopsy","CD8_minus_positive_comma_alpha_minus_beta_T_cell","STAT4","xgboost",0.662884239017728
"cz_cf_bronchial_biopsy","CD8_minus_positive_comma_alpha_minus_beta_T_cell","CUX1","xgboost",0.730484977711731
"cz_cf_bronchial_biopsy","CD8_minus_positive_comma_alpha_minus_beta_T_cell","FOXM1","xgboost",0.718781240083461
"cz_cf_bronchial_biopsy","CD8_minus_positive_comma_alpha_minus_beta_T_cell","FOXO3","xgboost",0.773290118006084
"cz_cf_bronchial_biopsy","CD8_minus_positive_comma_alpha_minus_beta_T_cell","GLIS2","xgboost",0.686159587390986
"cz_cf_bronchial_biopsy","CD8_minus_positive_comma_alpha_minus_beta_T_cell","PLAG1","xgboost",0.685847176759412
"cz_cf_bronchial_biopsy","CD8_minus_positive_comma_alpha_minus_beta_T_cell","ARID3B","xgboost",0.744253008135298
"cz_cf_bronchial_biopsy","CD8_minus_positive_comma_alpha_minus_beta_T_cell","NKX3-1","xgboost",0.721155180464008
"cz_cf_bronchial_biopsy","CD8_minus_positive_comma_alpha_minus_beta_T_cell","ZNF331","xgboost",0.750449596088978
"cz_cf_bronchial_biopsy","CD8_minus_positive_comma_alpha_minus_beta_T_cell","GRHL1","xgboost",0.746866064328425
"cz_cf_bronchial_biopsy","CD8_minus_positive_comma_alpha_minus_beta_T_cell","TCF21","xgboost",0.780067262467013
"cz_cf_bronchial_biopsy","CD8_minus_positive_comma_alpha_minus_beta_T_cell","RUNX1","xgboost",0.80219421203119
"cz_cf_bronchial_biopsy","CD8_minus_positive_comma_alpha_minus_beta_T_cell","CREM","xgboost",0.799012061560789
"cz_cf_bronchial_biopsy","CD8_minus_positive_comma_alpha_minus_beta_T_cell","NFATC3","xgboost",0.820621773709574
"cz_cf_bronchial_biopsy","CD8_minus_positive_comma_alpha_minus_beta_T_cell","NR3C2","xgboost",0.791432328440876
"cz_cf_bronchial_biopsy","CD8_minus_positive_comma_alpha_minus_beta_T_cell","SNAI3","xgboost",0.813078863513494
"cz_cf_bronchial_biopsy","CD8_minus_positive_comma_alpha_minus_beta_T_cell","HES2","xgboost",0.781749527691591
"cz_cf_bronchial_biopsy","CD8_minus_positive_comma_alpha_minus_beta_T_cell","KLF2","xgboost",0.73338511127493
"cz_cf_bronchial_biopsy","CD8_minus_positive_comma_alpha_minus_beta_T_cell","KLF15","xgboost",0.786978446243506
"cz_cf_bronchial_biopsy","CD8_minus_positive_comma_alpha_minus_beta_T_cell","JUNB","xgboost",0.844303779463908
"cz_cf_bronchial_biopsy","CD8_minus_positive_comma_alpha_minus_beta_T_cell","IRF1","xgboost",0.804709704961198
"cz_cf_bronchial_biopsy","CD8_minus_positive_comma_alpha_minus_beta_T_cell","PLAGL1","xgboost",0.847813967445497
"cz_cf_bronchial_biopsy","CD8_minus_positive_comma_alpha_minus_beta_T_cell","NFATC1","xgboost",0.865564155049003
"cz_cf_bronchial_biopsy","CD8_minus_positive_comma_alpha_minus_beta_T_cell","ZBTB7B","xgboost",0.851505800028178
"cz_cf_bronchial_biopsy","CD8_minus_positive_comma_alpha_minus_beta_T_cell","ZNF281","xgboost",0.849370457484144
"cz_cf_bronchial_biopsy","CD8_minus_positive_comma_alpha_minus_beta_T_cell","HEY1","xgboost",0.853746772484576
"cz_cf_bronchial_biopsy","CD8_minus_positive_comma_alpha_minus_beta_T_cell","FOS","xgboost",0.842655204932616
"cz_cf_bronchial_biopsy","CD8_minus_positive_comma_alpha_minus_beta_T_cell","JUND","xgboost",0.884680068272844
"cz_cf_bronchial_biopsy","CD8_minus_positive_comma_alpha_minus_beta_T_cell","KLF6","xgboost",0.859458551997588
"cz_cf_bronchial_biopsy","CD8_minus_positive_comma_alpha_minus_beta_T_cell","EGR1","mars",0.899092972893191
"cz_cf_bronchial_biopsy","CD8_minus_positive_comma_alpha_minus_beta_T_cell","ELF1","mars",0.893579303198845
"cz_cf_bronchial_biopsy","CD8_minus_positive_comma_alpha_minus_beta_T_cell","ZBTB33","mars",0.812265315188048
"cz_cf_bronchial_biopsy","CD8_minus_positive_comma_alpha_minus_beta_T_cell","FOXA3","mars",0.878266010813882
"cz_cf_bronchial_biopsy","CD8_minus_positive_comma_alpha_minus_beta_T_cell","BRCA1","mars",0.869529253795563
"cz_cf_bronchial_biopsy","CD8_minus_positive_comma_alpha_minus_beta_T_cell","FOXQ1","mars",0.780042796637859
"cz_cf_bronchial_biopsy","CD8_minus_positive_comma_alpha_minus_beta_T_cell","ATF3","mars",0.853205019424084
"cz_cf_bronchial_biopsy","CD8_minus_positive_comma_alpha_minus_beta_T_cell","JUN","mars",0.838961801684649
"cz_cf_bronchial_biopsy","CD8_minus_positive_comma_alpha_minus_beta_T_cell","TFAP2A","mars",0.761564962008049
"cz_cf_bronchial_biopsy","CD8_minus_positive_comma_alpha_minus_beta_T_cell","NR3C1","mars",0.733837360496329
"cz_cf_bronchial_biopsy","CD8_minus_positive_comma_alpha_minus_beta_T_cell","FOXN3","mars",0.859603428577875
"cz_cf_bronchial_biopsy","CD8_minus_positive_comma_alpha_minus_beta_T_cell","FOSB","mars",0.817406244915179
"cz_cf_bronchial_biopsy","CD8_minus_positive_comma_alpha_minus_beta_T_cell","PBX3","mars",0.825011856223446
"cz_cf_bronchial_biopsy","CD8_minus_positive_comma_alpha_minus_beta_T_cell","ELF3","mars",0.760061102999604
"cz_cf_bronchial_biopsy","CD8_minus_positive_comma_alpha_minus_beta_T_cell","KLF12","mars",0.795351086275455
"cz_cf_bronchial_biopsy","CD8_minus_positive_comma_alpha_minus_beta_T_cell","HINFP","mars",0.831233061147254
"cz_cf_bronchial_biopsy","CD8_minus_positive_comma_alpha_minus_beta_T_cell","POLR3A","mars",0.754974293862654
"cz_cf_bronchial_biopsy","CD8_minus_positive_comma_alpha_minus_beta_T_cell","MLXIP","mars",0.759604888815485
"cz_cf_bronchial_biopsy","CD8_minus_positive_comma_alpha_minus_beta_T_cell","FOXP3","mars",0.771741644568134
"cz_cf_bronchial_biopsy","CD8_minus_positive_comma_alpha_minus_beta_T_cell","TCF12","mars",0.647209693598382
"cz_cf_bronchial_biopsy","CD8_minus_positive_comma_alpha_minus_beta_T_cell","FLI1","mars",0.698555958452226
"cz_cf_bronchial_biopsy","CD8_minus_positive_comma_alpha_minus_beta_T_cell","MNT","mars",0.746727653593748
"cz_cf_bronchial_biopsy","CD8_minus_positive_comma_alpha_minus_beta_T_cell","SMAD3","mars",0.793247921736595
"cz_cf_bronchial_biopsy","CD8_minus_positive_comma_alpha_minus_beta_T_cell","MAF","mars",0.726031045282784
"cz_cf_bronchial_biopsy","CD8_minus_positive_comma_alpha_minus_beta_T_cell","GLI1","mars",0.727809933462814
"cz_cf_bronchial_biopsy","CD8_minus_positive_comma_alpha_minus_beta_T_cell","RFX7","mars",0.760048366336775
"cz_cf_bronchial_biopsy","CD8_minus_positive_comma_alpha_minus_beta_T_cell","ID2","mars",0.685524479911812
"cz_cf_bronchial_biopsy","CD8_minus_positive_comma_alpha_minus_beta_T_cell","RUNX2","mars",0.733523440049139
"cz_cf_bronchial_biopsy","CD8_minus_positive_comma_alpha_minus_beta_T_cell","FOXP1","mars",0.657626566449982
"cz_cf_bronchial_biopsy","CD8_minus_positive_comma_alpha_minus_beta_T_cell","ZNF554","mars",0.702217629259265
"cz_cf_bronchial_biopsy","CD8_minus_positive_comma_alpha_minus_beta_T_cell","ARNT2","mars",0.637244868265342
"cz_cf_bronchial_biopsy","CD8_minus_positive_comma_alpha_minus_beta_T_cell","ZNF563","mars",0.595634385217162
"cz_cf_bronchial_biopsy","CD8_minus_positive_comma_alpha_minus_beta_T_cell","TP73","mars",0.626237410726294
"cz_cf_bronchial_biopsy","CD8_minus_positive_comma_alpha_minus_beta_T_cell","GLI3","mars",0.597011319186413
"cz_cf_bronchial_biopsy","CD8_minus_positive_comma_alpha_minus_beta_T_cell","PPARG","mars",0.49279702278719
"cz_cf_bronchial_biopsy","CD8_minus_positive_comma_alpha_minus_beta_T_cell","RORA","mars",0.444234989789315
"cz_cf_bronchial_biopsy","CD8_minus_positive_comma_alpha_minus_beta_T_cell","TWIST1","mars",0.484826620790385
"cz_cf_bronchial_biopsy","CD8_minus_positive_comma_alpha_minus_beta_T_cell","MITF","mars",0.49706834233227
"cz_cf_bronchial_biopsy","CD8_minus_positive_comma_alpha_minus_beta_T_cell","TEF","mars",0.371404484006325
"cz_cf_bronchial_biopsy","CD8_minus_positive_comma_alpha_minus_beta_T_cell","RBPJ","mars",0.265157464152017
"cz_cf_bronchial_biopsy","CD8_minus_positive_comma_alpha_minus_beta_T_cell","ARID2","mars",0.357568351235387
"cz_cf_bronchial_biopsy","CD8_minus_positive_comma_alpha_minus_beta_T_cell","UBP1","mars",0.517044252288676
"cz_cf_bronchial_biopsy","CD8_minus_positive_comma_alpha_minus_beta_T_cell","SPDEF","mars",0.192172783911074
"cz_cf_bronchial_biopsy","CD8_minus_positive_comma_alpha_minus_beta_T_cell","POU6F2","mars",0.200334049455981
"cz_cf_bronchial_biopsy","CD8_minus_positive_comma_alpha_minus_beta_T_cell","ZNF35","mars",0.59490994219856
"cz_cf_bronchial_biopsy","CD8_minus_positive_comma_alpha_minus_beta_T_cell","POU2F1","mars",0.592444823511216
"cz_cf_bronchial_biopsy","CD8_minus_positive_comma_alpha_minus_beta_T_cell","NRL","mars",0.466182330981673
"cz_cf_bronchial_biopsy","CD8_minus_positive_comma_alpha_minus_beta_T_cell","MAFG","mars",0.659566300092512
"cz_cf_bronchial_biopsy","CD8_minus_positive_comma_alpha_minus_beta_T_cell","BACH2","mars",0.474027666863254
"cz_cf_bronchial_biopsy","CD8_minus_positive_comma_alpha_minus_beta_T_cell","STAT4","mars",0.637810134596733
"cz_cf_bronchial_biopsy","CD8_minus_positive_comma_alpha_minus_beta_T_cell","CUX1","mars",0.638196575987903
"cz_cf_bronchial_biopsy","CD8_minus_positive_comma_alpha_minus_beta_T_cell","FOXM1","mars",0.638806806965202
"cz_cf_bronchial_biopsy","CD8_minus_positive_comma_alpha_minus_beta_T_cell","FOXO3","mars",0.712511546583605
"cz_cf_bronchial_biopsy","CD8_minus_positive_comma_alpha_minus_beta_T_cell","GLIS2","mars",0.566645502073643
"cz_cf_bronchial_biopsy","CD8_minus_positive_comma_alpha_minus_beta_T_cell","PLAG1","mars",0.619265073865806
"cz_cf_bronchial_biopsy","CD8_minus_positive_comma_alpha_minus_beta_T_cell","ARID3B","mars",0.690879288685311
"cz_cf_bronchial_biopsy","CD8_minus_positive_comma_alpha_minus_beta_T_cell","NKX3-1","mars",0.645366509012885
"cz_cf_bronchial_biopsy","CD8_minus_positive_comma_alpha_minus_beta_T_cell","ZNF331","mars",0.727602354545237
"cz_cf_bronchial_biopsy","CD8_minus_positive_comma_alpha_minus_beta_T_cell","GRHL1","mars",0.663974995647438
"cz_cf_bronchial_biopsy","CD8_minus_positive_comma_alpha_minus_beta_T_cell","TCF21","mars",0.744671869646824
"cz_cf_bronchial_biopsy","CD8_minus_positive_comma_alpha_minus_beta_T_cell","RUNX1","mars",0.790084582851988
"cz_cf_bronchial_biopsy","CD8_minus_positive_comma_alpha_minus_beta_T_cell","CREM","mars",0.631890467232071
"cz_cf_bronchial_biopsy","CD8_minus_positive_comma_alpha_minus_beta_T_cell","NFATC3","mars",0.795021539549804
"cz_cf_bronchial_biopsy","CD8_minus_positive_comma_alpha_minus_beta_T_cell","NR3C2","mars",0.752563013185406
"cz_cf_bronchial_biopsy","CD8_minus_positive_comma_alpha_minus_beta_T_cell","SNAI3","mars",0.785383727633808
"cz_cf_bronchial_biopsy","CD8_minus_positive_comma_alpha_minus_beta_T_cell","HES2","mars",0.746659027192208
"cz_cf_bronchial_biopsy","CD8_minus_positive_comma_alpha_minus_beta_T_cell","KLF2","mars",0.610820537750636
"cz_cf_bronchial_biopsy","CD8_minus_positive_comma_alpha_minus_beta_T_cell","KLF15","mars",0.791103373540097
"cz_cf_bronchial_biopsy","CD8_minus_positive_comma_alpha_minus_beta_T_cell","JUNB","mars",0.849218928643876
"cz_cf_bronchial_biopsy","CD8_minus_positive_comma_alpha_minus_beta_T_cell","IRF1","mars",0.783122886908869
"cz_cf_bronchial_biopsy","CD8_minus_positive_comma_alpha_minus_beta_T_cell","PLAGL1","mars",0.881763215419449
"cz_cf_bronchial_biopsy","CD8_minus_positive_comma_alpha_minus_beta_T_cell","NFATC1","mars",0.857580054980934
"cz_cf_bronchial_biopsy","CD8_minus_positive_comma_alpha_minus_beta_T_cell","ZBTB7B","mars",0.866816639293453
"cz_cf_bronchial_biopsy","CD8_minus_positive_comma_alpha_minus_beta_T_cell","ZNF281","mars",0.866311032096271
"cz_cf_bronchial_biopsy","CD8_minus_positive_comma_alpha_minus_beta_T_cell","HEY1","mars",0.874988028698196
"cz_cf_bronchial_biopsy","CD8_minus_positive_comma_alpha_minus_beta_T_cell","FOS","mars",0.862980098298258
"cz_cf_bronchial_biopsy","CD8_minus_positive_comma_alpha_minus_beta_T_cell","JUND","mars",0.890515230904785
"cz_cf_bronchial_biopsy","CD8_minus_positive_comma_alpha_minus_beta_T_cell","KLF6","mars",0.886588196532465
"cz_cf_bronchial_biopsy","CD8_minus_positive_comma_alpha_minus_beta_T_cell","EGR1","svm_rbf",0.831817597277447
"cz_cf_bronchial_biopsy","CD8_minus_positive_comma_alpha_minus_beta_T_cell","ELF1","svm_rbf",0.825916483935895
"cz_cf_bronchial_biopsy","CD8_minus_positive_comma_alpha_minus_beta_T_cell","ZBTB33","svm_rbf",0.74148784488904
"cz_cf_bronchial_biopsy","CD8_minus_positive_comma_alpha_minus_beta_T_cell","FOXA3","svm_rbf",0.826924361491667
"cz_cf_bronchial_biopsy","CD8_minus_positive_comma_alpha_minus_beta_T_cell","BRCA1","svm_rbf",0.804194608465719
"cz_cf_bronchial_biopsy","CD8_minus_positive_comma_alpha_minus_beta_T_cell","FOXQ1","svm_rbf",0.775481976419961
"cz_cf_bronchial_biopsy","CD8_minus_positive_comma_alpha_minus_beta_T_cell","ATF3","svm_rbf",0.793720898457106
"cz_cf_bronchial_biopsy","CD8_minus_positive_comma_alpha_minus_beta_T_cell","JUN","svm_rbf",0.788571580672309
"cz_cf_bronchial_biopsy","CD8_minus_positive_comma_alpha_minus_beta_T_cell","TFAP2A","svm_rbf",0.6936597267207
"cz_cf_bronchial_biopsy","CD8_minus_positive_comma_alpha_minus_beta_T_cell","NR3C1","svm_rbf",0.709760780297976
"cz_cf_bronchial_biopsy","CD8_minus_positive_comma_alpha_minus_beta_T_cell","FOXN3","svm_rbf",0.812046030160499
"cz_cf_bronchial_biopsy","CD8_minus_positive_comma_alpha_minus_beta_T_cell","FOSB","svm_rbf",0.753598747156902
"cz_cf_bronchial_biopsy","CD8_minus_positive_comma_alpha_minus_beta_T_cell","PBX3","svm_rbf",0.788177250600128
"cz_cf_bronchial_biopsy","CD8_minus_positive_comma_alpha_minus_beta_T_cell","ELF3","svm_rbf",0.704191918940618
"cz_cf_bronchial_biopsy","CD8_minus_positive_comma_alpha_minus_beta_T_cell","KLF12","svm_rbf",0.759883771355933
"cz_cf_bronchial_biopsy","CD8_minus_positive_comma_alpha_minus_beta_T_cell","HINFP","svm_rbf",0.767215536657633
"cz_cf_bronchial_biopsy","CD8_minus_positive_comma_alpha_minus_beta_T_cell","POLR3A","svm_rbf",0.732668571912561
"cz_cf_bronchial_biopsy","CD8_minus_positive_comma_alpha_minus_beta_T_cell","MLXIP","svm_rbf",0.767390000195476
"cz_cf_bronchial_biopsy","CD8_minus_positive_comma_alpha_minus_beta_T_cell","FOXP3","svm_rbf",0.747072495653268
"cz_cf_bronchial_biopsy","CD8_minus_positive_comma_alpha_minus_beta_T_cell","TCF12","svm_rbf",0.60758071667969
"cz_cf_bronchial_biopsy","CD8_minus_positive_comma_alpha_minus_beta_T_cell","FLI1","svm_rbf",0.653927491030563
"cz_cf_bronchial_biopsy","CD8_minus_positive_comma_alpha_minus_beta_T_cell","MNT","svm_rbf",0.706402175001585
"cz_cf_bronchial_biopsy","CD8_minus_positive_comma_alpha_minus_beta_T_cell","SMAD3","svm_rbf",0.758381463465104
"cz_cf_bronchial_biopsy","CD8_minus_positive_comma_alpha_minus_beta_T_cell","MAF","svm_rbf",0.754425618056125
"cz_cf_bronchial_biopsy","CD8_minus_positive_comma_alpha_minus_beta_T_cell","GLI1","svm_rbf",0.699682044969308
"cz_cf_bronchial_biopsy","CD8_minus_positive_comma_alpha_minus_beta_T_cell","RFX7","svm_rbf",0.736103973472192
"cz_cf_bronchial_biopsy","CD8_minus_positive_comma_alpha_minus_beta_T_cell","ID2","svm_rbf",0.689495528682929
"cz_cf_bronchial_biopsy","CD8_minus_positive_comma_alpha_minus_beta_T_cell","RUNX2","svm_rbf",0.730779814809993
"cz_cf_bronchial_biopsy","CD8_minus_positive_comma_alpha_minus_beta_T_cell","FOXP1","svm_rbf",0.683472972527047
"cz_cf_bronchial_biopsy","CD8_minus_positive_comma_alpha_minus_beta_T_cell","ZNF554","svm_rbf",0.66823279033511
"cz_cf_bronchial_biopsy","CD8_minus_positive_comma_alpha_minus_beta_T_cell","ARNT2","svm_rbf",0.639678794076421
"cz_cf_bronchial_biopsy","CD8_minus_positive_comma_alpha_minus_beta_T_cell","ZNF563","svm_rbf",0.60201944452337
"cz_cf_bronchial_biopsy","CD8_minus_positive_comma_alpha_minus_beta_T_cell","TP73","svm_rbf",0.643291401552115
"cz_cf_bronchial_biopsy","CD8_minus_positive_comma_alpha_minus_beta_T_cell","GLI3","svm_rbf",0.625948535173997
"cz_cf_bronchial_biopsy","CD8_minus_positive_comma_alpha_minus_beta_T_cell","PPARG","svm_rbf",0.560024760488553
"cz_cf_bronchial_biopsy","CD8_minus_positive_comma_alpha_minus_beta_T_cell","RORA","svm_rbf",0.575346338895928
"cz_cf_bronchial_biopsy","CD8_minus_positive_comma_alpha_minus_beta_T_cell","TWIST1","svm_rbf",0.557315869134852
"cz_cf_bronchial_biopsy","CD8_minus_positive_comma_alpha_minus_beta_T_cell","MITF","svm_rbf",0.556311010078931
"cz_cf_bronchial_biopsy","CD8_minus_positive_comma_alpha_minus_beta_T_cell","TEF","svm_rbf",0.537776217535803
"cz_cf_bronchial_biopsy","CD8_minus_positive_comma_alpha_minus_beta_T_cell","RBPJ","svm_rbf",0.522543696719613
"cz_cf_bronchial_biopsy","CD8_minus_positive_comma_alpha_minus_beta_T_cell","ARID2","svm_rbf",0.490375180069359
"cz_cf_bronchial_biopsy","CD8_minus_positive_comma_alpha_minus_beta_T_cell","UBP1","svm_rbf",0.584691164930645
"cz_cf_bronchial_biopsy","CD8_minus_positive_comma_alpha_minus_beta_T_cell","SPDEF","svm_rbf",0.558717870537715
"cz_cf_bronchial_biopsy","CD8_minus_positive_comma_alpha_minus_beta_T_cell","POU6F2","svm_rbf",0.450488368251331
"cz_cf_bronchial_biopsy","CD8_minus_positive_comma_alpha_minus_beta_T_cell","ZNF35","svm_rbf",0.578642861224532
"cz_cf_bronchial_biopsy","CD8_minus_positive_comma_alpha_minus_beta_T_cell","POU2F1","svm_rbf",0.642352640006902
"cz_cf_bronchial_biopsy","CD8_minus_positive_comma_alpha_minus_beta_T_cell","NRL","svm_rbf",0.617230986749257
"cz_cf_bronchial_biopsy","CD8_minus_positive_comma_alpha_minus_beta_T_cell","MAFG","svm_rbf",0.668665633689934
"cz_cf_bronchial_biopsy","CD8_minus_positive_comma_alpha_minus_beta_T_cell","BACH2","svm_rbf",0.625869448114375
"cz_cf_bronchial_biopsy","CD8_minus_positive_comma_alpha_minus_beta_T_cell","STAT4","svm_rbf",0.646779495286411
"cz_cf_bronchial_biopsy","CD8_minus_positive_comma_alpha_minus_beta_T_cell","CUX1","svm_rbf",0.679523299616371
"cz_cf_bronchial_biopsy","CD8_minus_positive_comma_alpha_minus_beta_T_cell","FOXM1","svm_rbf",0.678904084031534
"cz_cf_bronchial_biopsy","CD8_minus_positive_comma_alpha_minus_beta_T_cell","FOXO3","svm_rbf",0.744799429618101
"cz_cf_bronchial_biopsy","CD8_minus_positive_comma_alpha_minus_beta_T_cell","GLIS2","svm_rbf",0.660792701657459
"cz_cf_bronchial_biopsy","CD8_minus_positive_comma_alpha_minus_beta_T_cell","PLAG1","svm_rbf",0.679711736858228
"cz_cf_bronchial_biopsy","CD8_minus_positive_comma_alpha_minus_beta_T_cell","ARID3B","svm_rbf",0.707096813540165
"cz_cf_bronchial_biopsy","CD8_minus_positive_comma_alpha_minus_beta_T_cell","NKX3-1","svm_rbf",0.660664679847468
"cz_cf_bronchial_biopsy","CD8_minus_positive_comma_alpha_minus_beta_T_cell","ZNF331","svm_rbf",0.733046526826373
"cz_cf_bronchial_biopsy","CD8_minus_positive_comma_alpha_minus_beta_T_cell","GRHL1","svm_rbf",0.700299666746953
"cz_cf_bronchial_biopsy","CD8_minus_positive_comma_alpha_minus_beta_T_cell","TCF21","svm_rbf",0.729166629761815
"cz_cf_bronchial_biopsy","CD8_minus_positive_comma_alpha_minus_beta_T_cell","RUNX1","svm_rbf",0.766985693252577
"cz_cf_bronchial_biopsy","CD8_minus_positive_comma_alpha_minus_beta_T_cell","CREM","svm_rbf",0.757050827704848
"cz_cf_bronchial_biopsy","CD8_minus_positive_comma_alpha_minus_beta_T_cell","NFATC3","svm_rbf",0.769988044239378
"cz_cf_bronchial_biopsy","CD8_minus_positive_comma_alpha_minus_beta_T_cell","NR3C2","svm_rbf",0.771373098547576
"cz_cf_bronchial_biopsy","CD8_minus_positive_comma_alpha_minus_beta_T_cell","SNAI3","svm_rbf",0.78137235896002
"cz_cf_bronchial_biopsy","CD8_minus_positive_comma_alpha_minus_beta_T_cell","HES2","svm_rbf",0.735828517064773
"cz_cf_bronchial_biopsy","CD8_minus_positive_comma_alpha_minus_beta_T_cell","KLF2","svm_rbf",0.690417888691872
"cz_cf_bronchial_biopsy","CD8_minus_positive_comma_alpha_minus_beta_T_cell","KLF15","svm_rbf",0.741669052251863
"cz_cf_bronchial_biopsy","CD8_minus_positive_comma_alpha_minus_beta_T_cell","JUNB","svm_rbf",0.798470219427752
"cz_cf_bronchial_biopsy","CD8_minus_positive_comma_alpha_minus_beta_T_cell","IRF1","svm_rbf",0.760326013926184
"cz_cf_bronchial_biopsy","CD8_minus_positive_comma_alpha_minus_beta_T_cell","PLAGL1","svm_rbf",0.809648561739444
"cz_cf_bronchial_biopsy","CD8_minus_positive_comma_alpha_minus_beta_T_cell","NFATC1","svm_rbf",0.826148706486612
"cz_cf_bronchial_biopsy","CD8_minus_positive_comma_alpha_minus_beta_T_cell","ZBTB7B","svm_rbf",0.809959384308615
"cz_cf_bronchial_biopsy","CD8_minus_positive_comma_alpha_minus_beta_T_cell","ZNF281","svm_rbf",0.808462081957943
"cz_cf_bronchial_biopsy","CD8_minus_positive_comma_alpha_minus_beta_T_cell","HEY1","svm_rbf",0.813934334879461
"cz_cf_bronchial_biopsy","CD8_minus_positive_comma_alpha_minus_beta_T_cell","FOS","svm_rbf",0.788381539695025
"cz_cf_bronchial_biopsy","CD8_minus_positive_comma_alpha_minus_beta_T_cell","JUND","svm_rbf",0.851411901114016
"cz_cf_bronchial_biopsy","CD8_minus_positive_comma_alpha_minus_beta_T_cell","KLF6","svm_rbf",0.828432631687087
"cz_cf_bronchial_biopsy","respiratory_tract_multiciliated_cell","NR0B1","ranger_et",0.89032754905889
"cz_cf_bronchial_biopsy","respiratory_tract_multiciliated_cell","GLIS3","ranger_et",0.87841029615724
"cz_cf_bronchial_biopsy","respiratory_tract_multiciliated_cell","HIVEP2","ranger_et",0.889747442042337
"cz_cf_bronchial_biopsy","respiratory_tract_multiciliated_cell","EPAS1","ranger_et",0.864906506105746
"cz_cf_bronchial_biopsy","respiratory_tract_multiciliated_cell","ESRRG","ranger_et",0.875718693658183
"cz_cf_bronchial_biopsy","respiratory_tract_multiciliated_cell","GLIS2","ranger_et",0.86941199826688
"cz_cf_bronchial_biopsy","respiratory_tract_multiciliated_cell","ATOH7","ranger_et",0.871799418126582
"cz_cf_bronchial_biopsy","respiratory_tract_multiciliated_cell","ONECUT3","ranger_et",0.873114483728455
"cz_cf_bronchial_biopsy","respiratory_tract_multiciliated_cell","IRF8","ranger_et",0.875886294077271
"cz_cf_bronchial_biopsy","respiratory_tract_multiciliated_cell","RFX2","ranger_et",0.866019894640723
"cz_cf_bronchial_biopsy","respiratory_tract_multiciliated_cell","STAT4","ranger_et",0.868768519851878
"cz_cf_bronchial_biopsy","respiratory_tract_multiciliated_cell","SOX17","ranger_et",0.867877412916596
"cz_cf_bronchial_biopsy","respiratory_tract_multiciliated_cell","POU1F1","ranger_et",0.852991331013924
"cz_cf_bronchial_biopsy","respiratory_tract_multiciliated_cell","NR1H4","ranger_et",0.857847142299985
"cz_cf_bronchial_biopsy","respiratory_tract_multiciliated_cell","FOXP1","ranger_et",0.854983465412532
"cz_cf_bronchial_biopsy","respiratory_tract_multiciliated_cell","BCL11B","ranger_et",0.870283105818572
"cz_cf_bronchial_biopsy","respiratory_tract_multiciliated_cell","PROP1","ranger_et",0.862911724874275
"cz_cf_bronchial_biopsy","respiratory_tract_multiciliated_cell","RUNX1","ranger_et",0.849830614239916
"cz_cf_bronchial_biopsy","respiratory_tract_multiciliated_cell","PRDM9","ranger_et",0.841403136657516
"cz_cf_bronchial_biopsy","respiratory_tract_multiciliated_cell","TP63","ranger_et",0.855622490036098
"cz_cf_bronchial_biopsy","respiratory_tract_multiciliated_cell","SNAI2","ranger_et",0.849283399986221
"cz_cf_bronchial_biopsy","respiratory_tract_multiciliated_cell","BACH2","ranger_et",0.867014712001739
"cz_cf_bronchial_biopsy","respiratory_tract_multiciliated_cell","HNF1A","ranger_et",0.855995385799399
"cz_cf_bronchial_biopsy","respiratory_tract_multiciliated_cell","POU3F1","ranger_et",0.853022973383531
"cz_cf_bronchial_biopsy","respiratory_tract_multiciliated_cell","TCF21","ranger_et",0.849408127089463
"cz_cf_bronchial_biopsy","respiratory_tract_multiciliated_cell","RFX3","ranger_et",0.864829838783513
"cz_cf_bronchial_biopsy","respiratory_tract_multiciliated_cell","GLIS1","ranger_et",0.84624552606977
"cz_cf_bronchial_biopsy","respiratory_tract_multiciliated_cell","VDR","ranger_et",0.845907563355409
"cz_cf_bronchial_biopsy","respiratory_tract_multiciliated_cell","RUNX3","ranger_et",0.838970949720375
"cz_cf_bronchial_biopsy","respiratory_tract_multiciliated_cell","MECOM","ranger_et",0.850165660966051
"cz_cf_bronchial_biopsy","respiratory_tract_multiciliated_cell","SOX10","ranger_et",0.823225044946733
"cz_cf_bronchial_biopsy","respiratory_tract_multiciliated_cell","ID1","ranger_et",0.853211462146645
"cz_cf_bronchial_biopsy","respiratory_tract_multiciliated_cell","MEOX2","ranger_et",0.842386870021544
"cz_cf_bronchial_biopsy","respiratory_tract_multiciliated_cell","VSX2","ranger_et",0.84381617468144
"cz_cf_bronchial_biopsy","respiratory_tract_multiciliated_cell","SCX","ranger_et",0.845414096905771
"cz_cf_bronchial_biopsy","respiratory_tract_multiciliated_cell","TBPL2","ranger_et",0.815622409531586
"cz_cf_bronchial_biopsy","respiratory_tract_multiciliated_cell","SOX18","ranger_et",0.839190200984573
"cz_cf_bronchial_biopsy","respiratory_tract_multiciliated_cell","NR4A3","ranger_et",0.852429714491229
"cz_cf_bronchial_biopsy","respiratory_tract_multiciliated_cell","ID3","ranger_et",0.844777657260559
"cz_cf_bronchial_biopsy","respiratory_tract_multiciliated_cell","ALX4","ranger_et",0.835232540283169
"cz_cf_bronchial_biopsy","respiratory_tract_multiciliated_cell","GATA3","ranger_et",0.828040380124098
"cz_cf_bronchial_biopsy","respiratory_tract_multiciliated_cell","FOS","ranger_et",0.819456237647314
"cz_cf_bronchial_biopsy","respiratory_tract_multiciliated_cell","FLI1","ranger_et",0.833384717527075
"cz_cf_bronchial_biopsy","respiratory_tract_multiciliated_cell","ID4","ranger_et",0.844104019469075
"cz_cf_bronchial_biopsy","respiratory_tract_multiciliated_cell","MEF2C","ranger_et",0.843233916198597
"cz_cf_bronchial_biopsy","respiratory_tract_multiciliated_cell","HES1","ranger_et",0.831085465244358
"cz_cf_bronchial_biopsy","respiratory_tract_multiciliated_cell","ESR2","ranger_et",0.81607358237068
"cz_cf_bronchial_biopsy","respiratory_tract_multiciliated_cell","HIC1","ranger_et",0.847410681034538
"cz_cf_bronchial_biopsy","respiratory_tract_multiciliated_cell","PAX7","ranger_et",0.847721481390797
"cz_cf_bronchial_biopsy","respiratory_tract_multiciliated_cell","MYBL1","ranger_et",0.826736772582821
"cz_cf_bronchial_biopsy","respiratory_tract_multiciliated_cell","MYC","ranger_et",0.853493191791657
"cz_cf_bronchial_biopsy","respiratory_tract_multiciliated_cell","HOXC9","ranger_et",0.838091637053473
"cz_cf_bronchial_biopsy","respiratory_tract_multiciliated_cell","ETV6","ranger_et",0.817665110504044
"cz_cf_bronchial_biopsy","respiratory_tract_multiciliated_cell","IRF4","ranger_et",0.845271065421188
"cz_cf_bronchial_biopsy","respiratory_tract_multiciliated_cell","JUN","ranger_et",0.852975422707101
"cz_cf_bronchial_biopsy","respiratory_tract_multiciliated_cell","PPARGC1A","ranger_et",0.829220804331124
"cz_cf_bronchial_biopsy","respiratory_tract_multiciliated_cell","HOXB4","ranger_et",0.840416186838056
"cz_cf_bronchial_biopsy","respiratory_tract_multiciliated_cell","PPARG","ranger_et",0.863127926749179
"cz_cf_bronchial_biopsy","respiratory_tract_multiciliated_cell","ERG","ranger_et",0.838748891138318
"cz_cf_bronchial_biopsy","respiratory_tract_multiciliated_cell","PRDM11","ranger_et",0.859995545754733
"cz_cf_bronchial_biopsy","respiratory_tract_multiciliated_cell","SPI1","ranger_et",0.867435406499373
"cz_cf_bronchial_biopsy","respiratory_tract_multiciliated_cell","TAL1","ranger_et",0.860818421548143
"cz_cf_bronchial_biopsy","respiratory_tract_multiciliated_cell","XBP1","ranger_et",0.863441874092541
"cz_cf_bronchial_biopsy","respiratory_tract_multiciliated_cell","TEAD2","ranger_et",0.86002005331156
"cz_cf_bronchial_biopsy","respiratory_tract_multiciliated_cell","HMGN3","ranger_et",0.859242270292622
"cz_cf_bronchial_biopsy","respiratory_tract_multiciliated_cell","NR4A1","ranger_et",0.867101061077527
"cz_cf_bronchial_biopsy","respiratory_tract_multiciliated_cell","STAT3","ranger_et",0.875140292650911
"cz_cf_bronchial_biopsy","respiratory_tract_multiciliated_cell","TBX21","ranger_et",0.86147963572637
"cz_cf_bronchial_biopsy","respiratory_tract_multiciliated_cell","EGR3","ranger_et",0.867798261392416
"cz_cf_bronchial_biopsy","respiratory_tract_multiciliated_cell","PAX5","ranger_et",0.843783959992823
"cz_cf_bronchial_biopsy","respiratory_tract_multiciliated_cell","KLF6","ranger_et",0.839186476494051
"cz_cf_bronchial_biopsy","respiratory_tract_multiciliated_cell","FOSB","ranger_et",0.871880734541333
"cz_cf_bronchial_biopsy","respiratory_tract_multiciliated_cell","EGR1","ranger_et",0.857003728373232
"cz_cf_bronchial_biopsy","respiratory_tract_multiciliated_cell","PRDM1","ranger_et",0.855709830973519
"cz_cf_bronchial_biopsy","respiratory_tract_multiciliated_cell","ZIC1","ranger_et",0.866799340361205
"cz_cf_bronchial_biopsy","respiratory_tract_multiciliated_cell","NFE2","ranger_et",0.857823878016215
"cz_cf_bronchial_biopsy","respiratory_tract_multiciliated_cell","JUNB","ranger_et",0.865927520195527
"cz_cf_bronchial_biopsy","respiratory_tract_multiciliated_cell","NR0B1","xgboost",0.925015686676468
"cz_cf_bronchial_biopsy","respiratory_tract_multiciliated_cell","GLIS3","xgboost",0.928455684366541
"cz_cf_bronchial_biopsy","respiratory_tract_multiciliated_cell","HIVEP2","xgboost",0.931798356554255
"cz_cf_bronchial_biopsy","respiratory_tract_multiciliated_cell","EPAS1","xgboost",0.91405842342689
"cz_cf_bronchial_biopsy","respiratory_tract_multiciliated_cell","ESRRG","xgboost",0.91651526022343
"cz_cf_bronchial_biopsy","respiratory_tract_multiciliated_cell","GLIS2","xgboost",0.91245331822265
"cz_cf_bronchial_biopsy","respiratory_tract_multiciliated_cell","ATOH7","xgboost",0.921048727291346
"cz_cf_bronchial_biopsy","respiratory_tract_multiciliated_cell","ONECUT3","xgboost",0.92461161966587
"cz_cf_bronchial_biopsy","respiratory_tract_multiciliated_cell","IRF8","xgboost",0.92897014600161
"cz_cf_bronchial_biopsy","respiratory_tract_multiciliated_cell","RFX2","xgboost",0.922752286388311
"cz_cf_bronchial_biopsy","respiratory_tract_multiciliated_cell","STAT4","xgboost",0.918689647946374
"cz_cf_bronchial_biopsy","respiratory_tract_multiciliated_cell","SOX17","xgboost",0.9139103500102
"cz_cf_bronchial_biopsy","respiratory_tract_multiciliated_cell","POU1F1","xgboost",0.916870411306381
"cz_cf_bronchial_biopsy","respiratory_tract_multiciliated_cell","NR1H4","xgboost",0.910298474515185
"cz_cf_bronchial_biopsy","respiratory_tract_multiciliated_cell","FOXP1","xgboost",0.917848278054082
"cz_cf_bronchial_biopsy","respiratory_tract_multiciliated_cell","BCL11B","xgboost",0.918991978506303
"cz_cf_bronchial_biopsy","respiratory_tract_multiciliated_cell","PROP1","xgboost",0.906595161721505
"cz_cf_bronchial_biopsy","respiratory_tract_multiciliated_cell","RUNX1","xgboost",0.905707124770309
"cz_cf_bronchial_biopsy","respiratory_tract_multiciliated_cell","PRDM9","xgboost",0.880377771380955
"cz_cf_bronchial_biopsy","respiratory_tract_multiciliated_cell","TP63","xgboost",0.90864554990855
"cz_cf_bronchial_biopsy","respiratory_tract_multiciliated_cell","SNAI2","xgboost",0.893184867839433
"cz_cf_bronchial_biopsy","respiratory_tract_multiciliated_cell","BACH2","xgboost",0.915447468190226
"cz_cf_bronchial_biopsy","respiratory_tract_multiciliated_cell","HNF1A","xgboost",0.90838773154887
"cz_cf_bronchial_biopsy","respiratory_tract_multiciliated_cell","POU3F1","xgboost",0.911329470311984
"cz_cf_bronchial_biopsy","respiratory_tract_multiciliated_cell","TCF21","xgboost",0.902250466549493
"cz_cf_bronchial_biopsy","respiratory_tract_multiciliated_cell","RFX3","xgboost",0.917933180911233
"cz_cf_bronchial_biopsy","respiratory_tract_multiciliated_cell","GLIS1","xgboost",0.884874796983371
"cz_cf_bronchial_biopsy","respiratory_tract_multiciliated_cell","VDR","xgboost",0.898800404825228
"cz_cf_bronchial_biopsy","respiratory_tract_multiciliated_cell","RUNX3","xgboost",0.900917364922795
"cz_cf_bronchial_biopsy","respiratory_tract_multiciliated_cell","MECOM","xgboost",0.904712362892349
"cz_cf_bronchial_biopsy","respiratory_tract_multiciliated_cell","SOX10","xgboost",0.886380854817569
"cz_cf_bronchial_biopsy","respiratory_tract_multiciliated_cell","ID1","xgboost",0.910416826906821
"cz_cf_bronchial_biopsy","respiratory_tract_multiciliated_cell","MEOX2","xgboost",0.904131630308858
"cz_cf_bronchial_biopsy","respiratory_tract_multiciliated_cell","VSX2","xgboost",0.900021740282111
"cz_cf_bronchial_biopsy","respiratory_tract_multiciliated_cell","SCX","xgboost",0.912112335419089
"cz_cf_bronchial_biopsy","respiratory_tract_multiciliated_cell","TBPL2","xgboost",0.875200611968288
"cz_cf_bronchial_biopsy","respiratory_tract_multiciliated_cell","SOX18","xgboost",0.889574386535723
"cz_cf_bronchial_biopsy","respiratory_tract_multiciliated_cell","NR4A3","xgboost",0.899753636572904
"cz_cf_bronchial_biopsy","respiratory_tract_multiciliated_cell","ID3","xgboost",0.908942995242275
"cz_cf_bronchial_biopsy","respiratory_tract_multiciliated_cell","ALX4","xgboost",0.889111264835177
"cz_cf_bronchial_biopsy","respiratory_tract_multiciliated_cell","GATA3","xgboost",0.890197489398549
"cz_cf_bronchial_biopsy","respiratory_tract_multiciliated_cell","FOS","xgboost",0.889813814775942
"cz_cf_bronchial_biopsy","respiratory_tract_multiciliated_cell","FLI1","xgboost",0.90135530606888
"cz_cf_bronchial_biopsy","respiratory_tract_multiciliated_cell","ID4","xgboost",0.893991216447952
"cz_cf_bronchial_biopsy","respiratory_tract_multiciliated_cell","MEF2C","xgboost",0.91291192756248
"cz_cf_bronchial_biopsy","respiratory_tract_multiciliated_cell","HES1","xgboost",0.898418886799594
"cz_cf_bronchial_biopsy","respiratory_tract_multiciliated_cell","ESR2","xgboost",0.889959333088554
"cz_cf_bronchial_biopsy","respiratory_tract_multiciliated_cell","HIC1","xgboost",0.902368099637618
"cz_cf_bronchial_biopsy","respiratory_tract_multiciliated_cell","PAX7","xgboost",0.909150446706787
"cz_cf_bronchial_biopsy","respiratory_tract_multiciliated_cell","MYBL1","xgboost",0.878266954891816
"cz_cf_bronchial_biopsy","respiratory_tract_multiciliated_cell","MYC","xgboost",0.911557906995698
"cz_cf_bronchial_biopsy","respiratory_tract_multiciliated_cell","HOXC9","xgboost",0.903687236167469
"cz_cf_bronchial_biopsy","respiratory_tract_multiciliated_cell","ETV6","xgboost",0.891948266281369
"cz_cf_bronchial_biopsy","respiratory_tract_multiciliated_cell","IRF4","xgboost",0.905771943912201
"cz_cf_bronchial_biopsy","respiratory_tract_multiciliated_cell","JUN","xgboost",0.909106937703544
"cz_cf_bronchial_biopsy","respiratory_tract_multiciliated_cell","PPARGC1A","xgboost",0.901285601324019
"cz_cf_bronchial_biopsy","respiratory_tract_multiciliated_cell","HOXB4","xgboost",0.890540945739852
"cz_cf_bronchial_biopsy","respiratory_tract_multiciliated_cell","PPARG","xgboost",0.92092180691894
"cz_cf_bronchial_biopsy","respiratory_tract_multiciliated_cell","ERG","xgboost",0.901420010615716
"cz_cf_bronchial_biopsy","respiratory_tract_multiciliated_cell","PRDM11","xgboost",0.90784303823334
"cz_cf_bronchial_biopsy","respiratory_tract_multiciliated_cell","SPI1","xgboost",0.916614714490785
"cz_cf_bronchial_biopsy","respiratory_tract_multiciliated_cell","TAL1","xgboost",0.917239714743342
"cz_cf_bronchial_biopsy","respiratory_tract_multiciliated_cell","XBP1","xgboost",0.924513047534954
"cz_cf_bronchial_biopsy","respiratory_tract_multiciliated_cell","TEAD2","xgboost",0.912527369329043
"cz_cf_bronchial_biopsy","respiratory_tract_multiciliated_cell","HMGN3","xgboost",0.917614277643896
"cz_cf_bronchial_biopsy","respiratory_tract_multiciliated_cell","NR4A1","xgboost",0.914887201315756
"cz_cf_bronchial_biopsy","respiratory_tract_multiciliated_cell","STAT3","xgboost",0.927817207000524
"cz_cf_bronchial_biopsy","respiratory_tract_multiciliated_cell","TBX21","xgboost",0.91499449229049
"cz_cf_bronchial_biopsy","respiratory_tract_multiciliated_cell","EGR3","xgboost",0.916768639250697
"cz_cf_bronchial_biopsy","respiratory_tract_multiciliated_cell","PAX5","xgboost",0.909034491414502
"cz_cf_bronchial_biopsy","respiratory_tract_multiciliated_cell","KLF6","xgboost",0.907126759819412
"cz_cf_bronchial_biopsy","respiratory_tract_multiciliated_cell","FOSB","xgboost",0.922652882938471
"cz_cf_bronchial_biopsy","respiratory_tract_multiciliated_cell","EGR1","xgboost",0.915475876806225
"cz_cf_bronchial_biopsy","respiratory_tract_multiciliated_cell","PRDM1","xgboost",0.913075998063178
"cz_cf_bronchial_biopsy","respiratory_tract_multiciliated_cell","ZIC1","xgboost",0.923833841783341
"cz_cf_bronchial_biopsy","respiratory_tract_multiciliated_cell","NFE2","xgboost",0.91639675293078
"cz_cf_bronchial_biopsy","respiratory_tract_multiciliated_cell","JUNB","xgboost",0.922826131032079
"cz_cf_bronchial_biopsy","respiratory_tract_multiciliated_cell","NR0B1","mars",0.878172914762522
"cz_cf_bronchial_biopsy","respiratory_tract_multiciliated_cell","GLIS3","mars",0.90021978379423
"cz_cf_bronchial_biopsy","respiratory_tract_multiciliated_cell","HIVEP2","mars",0.89167310994088
"cz_cf_bronchial_biopsy","respiratory_tract_multiciliated_cell","EPAS1","mars",0.864245771527649
"cz_cf_bronchial_biopsy","respiratory_tract_multiciliated_cell","ESRRG","mars",0.884554264827448
"cz_cf_bronchial_biopsy","respiratory_tract_multiciliated_cell","GLIS2","mars",0.888664214203353
"cz_cf_bronchial_biopsy","respiratory_tract_multiciliated_cell","ATOH7","mars",0.897026670913178
"cz_cf_bronchial_biopsy","respiratory_tract_multiciliated_cell","ONECUT3","mars",0.897086537756247
"cz_cf_bronchial_biopsy","respiratory_tract_multiciliated_cell","IRF8","mars",0.900244577994184
"cz_cf_bronchial_biopsy","respiratory_tract_multiciliated_cell","RFX2","mars",0.878170825840419
"cz_cf_bronchial_biopsy","respiratory_tract_multiciliated_cell","STAT4","mars",0.884658803915291
"cz_cf_bronchial_biopsy","respiratory_tract_multiciliated_cell","SOX17","mars",0.866177939046689
"cz_cf_bronchial_biopsy","respiratory_tract_multiciliated_cell","POU1F1","mars",0.900607415039846
"cz_cf_bronchial_biopsy","respiratory_tract_multiciliated_cell","NR1H4","mars",0.881552431047875
"cz_cf_bronchial_biopsy","respiratory_tract_multiciliated_cell","FOXP1","mars",0.881859768814662
"cz_cf_bronchial_biopsy","respiratory_tract_multiciliated_cell","BCL11B","mars",0.894737361177921
"cz_cf_bronchial_biopsy","respiratory_tract_multiciliated_cell","PROP1","mars",0.840401812047058
"cz_cf_bronchial_biopsy","respiratory_tract_multiciliated_cell","RUNX1","mars",0.893570886119584
"cz_cf_bronchial_biopsy","respiratory_tract_multiciliated_cell","PRDM9","mars",0.829525766164166
"cz_cf_bronchial_biopsy","respiratory_tract_multiciliated_cell","TP63","mars",0.873471943056956
"cz_cf_bronchial_biopsy","respiratory_tract_multiciliated_cell","SNAI2","mars",0.844761409726186
"cz_cf_bronchial_biopsy","respiratory_tract_multiciliated_cell","BACH2","mars",0.893691585668789
"cz_cf_bronchial_biopsy","respiratory_tract_multiciliated_cell","HNF1A","mars",0.859625891569568
"cz_cf_bronchial_biopsy","respiratory_tract_multiciliated_cell","POU3F1","mars",0.88529529833285
"cz_cf_bronchial_biopsy","respiratory_tract_multiciliated_cell","TCF21","mars",0.871857508474451
"cz_cf_bronchial_biopsy","respiratory_tract_multiciliated_cell","RFX3","mars",0.877680473088416
"cz_cf_bronchial_biopsy","respiratory_tract_multiciliated_cell","GLIS1","mars",0.796091670419915
"cz_cf_bronchial_biopsy","respiratory_tract_multiciliated_cell","VDR","mars",0.849434839608855
"cz_cf_bronchial_biopsy","respiratory_tract_multiciliated_cell","RUNX3","mars",0.851518767684351
"cz_cf_bronchial_biopsy","respiratory_tract_multiciliated_cell","MECOM","mars",0.853554141766559
"cz_cf_bronchial_biopsy","respiratory_tract_multiciliated_cell","SOX10","mars",0.863411332381283
"cz_cf_bronchial_biopsy","respiratory_tract_multiciliated_cell","ID1","mars",0.873728926021558
"cz_cf_bronchial_biopsy","respiratory_tract_multiciliated_cell","MEOX2","mars",0.855491074989277
"cz_cf_bronchial_biopsy","respiratory_tract_multiciliated_cell","VSX2","mars",0.850245625213194
"cz_cf_bronchial_biopsy","respiratory_tract_multiciliated_cell","SCX","mars",0.876192119580533
"cz_cf_bronchial_biopsy","respiratory_tract_multiciliated_cell","TBPL2","mars",0.822194177221026
"cz_cf_bronchial_biopsy","respiratory_tract_multiciliated_cell","SOX18","mars",0.836870831325207
"cz_cf_bronchial_biopsy","respiratory_tract_multiciliated_cell","NR4A3","mars",0.837451007765243
"cz_cf_bronchial_biopsy","respiratory_tract_multiciliated_cell","ID3","mars",0.840860166452132
"cz_cf_bronchial_biopsy","respiratory_tract_multiciliated_cell","ALX4","mars",0.83193620454193
"cz_cf_bronchial_biopsy","respiratory_tract_multiciliated_cell","GATA3","mars",0.851742286184155
"cz_cf_bronchial_biopsy","respiratory_tract_multiciliated_cell","FOS","mars",0.819830273766704
"cz_cf_bronchial_biopsy","respiratory_tract_multiciliated_cell","FLI1","mars",0.861414415499949
"cz_cf_bronchial_biopsy","respiratory_tract_multiciliated_cell","ID4","mars",0.85294628226738
"cz_cf_bronchial_biopsy","respiratory_tract_multiciliated_cell","MEF2C","mars",0.877351754894061
"cz_cf_bronchial_biopsy","respiratory_tract_multiciliated_cell","HES1","mars",0.821079845946956
"cz_cf_bronchial_biopsy","respiratory_tract_multiciliated_cell","ESR2","mars",0.821949175186387
"cz_cf_bronchial_biopsy","respiratory_tract_multiciliated_cell","HIC1","mars",0.861222235692834
"cz_cf_bronchial_biopsy","respiratory_tract_multiciliated_cell","PAX7","mars",0.88116890969265
"cz_cf_bronchial_biopsy","respiratory_tract_multiciliated_cell","MYBL1","mars",0.800184231187763
"cz_cf_bronchial_biopsy","respiratory_tract_multiciliated_cell","MYC","mars",0.863980703750864
"cz_cf_bronchial_biopsy","respiratory_tract_multiciliated_cell","HOXC9","mars",0.859554349825333
"cz_cf_bronchial_biopsy","respiratory_tract_multiciliated_cell","ETV6","mars",0.852345624299674
"cz_cf_bronchial_biopsy","respiratory_tract_multiciliated_cell","IRF4","mars",0.829731581817295
"cz_cf_bronchial_biopsy","respiratory_tract_multiciliated_cell","JUN","mars",0.880783235761868
"cz_cf_bronchial_biopsy","respiratory_tract_multiciliated_cell","PPARGC1A","mars",0.856048670200398
"cz_cf_bronchial_biopsy","respiratory_tract_multiciliated_cell","HOXB4","mars",0.815875353582786
"cz_cf_bronchial_biopsy","respiratory_tract_multiciliated_cell","PPARG","mars",0.891841003527735
"cz_cf_bronchial_biopsy","respiratory_tract_multiciliated_cell","ERG","mars",0.844594994146212
"cz_cf_bronchial_biopsy","respiratory_tract_multiciliated_cell","PRDM11","mars",0.860684031720631
"cz_cf_bronchial_biopsy","respiratory_tract_multiciliated_cell","SPI1","mars",0.896331768095816
"cz_cf_bronchial_biopsy","respiratory_tract_multiciliated_cell","TAL1","mars",0.863677458411416
"cz_cf_bronchial_biopsy","respiratory_tract_multiciliated_cell","XBP1","mars",0.87712903221627
"cz_cf_bronchial_biopsy","respiratory_tract_multiciliated_cell","TEAD2","mars",0.863874450316901
"cz_cf_bronchial_biopsy","respiratory_tract_multiciliated_cell","HMGN3","mars",0.894893175885123
"cz_cf_bronchial_biopsy","respiratory_tract_multiciliated_cell","NR4A1","mars",0.874906624577887
"cz_cf_bronchial_biopsy","respiratory_tract_multiciliated_cell","STAT3","mars",0.88879049671687
"cz_cf_bronchial_biopsy","respiratory_tract_multiciliated_cell","TBX21","mars",0.869644883793823
"cz_cf_bronchial_biopsy","respiratory_tract_multiciliated_cell","EGR3","mars",0.889162668864254
"cz_cf_bronchial_biopsy","respiratory_tract_multiciliated_cell","PAX5","mars",0.872385330360126
"cz_cf_bronchial_biopsy","respiratory_tract_multiciliated_cell","KLF6","mars",0.855342796182886
"cz_cf_bronchial_biopsy","respiratory_tract_multiciliated_cell","FOSB","mars",0.8801139256494
"cz_cf_bronchial_biopsy","respiratory_tract_multiciliated_cell","EGR1","mars",0.857463615606472
"cz_cf_bronchial_biopsy","respiratory_tract_multiciliated_cell","PRDM1","mars",0.860027559142954
"cz_cf_bronchial_biopsy","respiratory_tract_multiciliated_cell","ZIC1","mars",0.890015074541086
"cz_cf_bronchial_biopsy","respiratory_tract_multiciliated_cell","NFE2","mars",0.888052486937831
"cz_cf_bronchial_biopsy","respiratory_tract_multiciliated_cell","JUNB","mars",0.885124110731007
"cz_cf_bronchial_biopsy","respiratory_tract_multiciliated_cell","NR0B1","svm_rbf",0.891449321807935
"cz_cf_bronchial_biopsy","respiratory_tract_multiciliated_cell","GLIS3","svm_rbf",0.893695803031887
"cz_cf_bronchial_biopsy","respiratory_tract_multiciliated_cell","HIVEP2","svm_rbf",0.905251230430814
"cz_cf_bronchial_biopsy","respiratory_tract_multiciliated_cell","EPAS1","svm_rbf",0.873731453694289
"cz_cf_bronchial_biopsy","respiratory_tract_multiciliated_cell","ESRRG","svm_rbf",0.883433850464286
"cz_cf_bronchial_biopsy","respiratory_tract_multiciliated_cell","GLIS2","svm_rbf",0.877910646110347
"cz_cf_bronchial_biopsy","respiratory_tract_multiciliated_cell","ATOH7","svm_rbf",0.872172348886541
"cz_cf_bronchial_biopsy","respiratory_tract_multiciliated_cell","ONECUT3","svm_rbf",0.8761059027506
"cz_cf_bronchial_biopsy","respiratory_tract_multiciliated_cell","IRF8","svm_rbf",0.886951226619119
"cz_cf_bronchial_biopsy","respiratory_tract_multiciliated_cell","RFX2","svm_rbf",0.863750772210916
"cz_cf_bronchial_biopsy","respiratory_tract_multiciliated_cell","STAT4","svm_rbf",0.861271118985199
"cz_cf_bronchial_biopsy","respiratory_tract_multiciliated_cell","SOX17","svm_rbf",0.876552915250959
"cz_cf_bronchial_biopsy","respiratory_tract_multiciliated_cell","POU1F1","svm_rbf",0.869563182246884
"cz_cf_bronchial_biopsy","respiratory_tract_multiciliated_cell","NR1H4","svm_rbf",0.874673926887472
"cz_cf_bronchial_biopsy","respiratory_tract_multiciliated_cell","FOXP1","svm_rbf",0.856429762342523
"cz_cf_bronchial_biopsy","respiratory_tract_multiciliated_cell","BCL11B","svm_rbf",0.883327305438109
"cz_cf_bronchial_biopsy","respiratory_tract_multiciliated_cell","PROP1","svm_rbf",0.864556106339232
"cz_cf_bronchial_biopsy","respiratory_tract_multiciliated_cell","RUNX1","svm_rbf",0.851618081157749
"cz_cf_bronchial_biopsy","respiratory_tract_multiciliated_cell","PRDM9","svm_rbf",0.859118142586659
"cz_cf_bronchial_biopsy","respiratory_tract_multiciliated_cell","TP63","svm_rbf",0.839111778875937
"cz_cf_bronchial_biopsy","respiratory_tract_multiciliated_cell","SNAI2","svm_rbf",0.851106540547624
"cz_cf_bronchial_biopsy","respiratory_tract_multiciliated_cell","BACH2","svm_rbf",0.871296195482454
"cz_cf_bronchial_biopsy","respiratory_tract_multiciliated_cell","HNF1A","svm_rbf",0.846496004237847
"cz_cf_bronchial_biopsy","respiratory_tract_multiciliated_cell","POU3F1","svm_rbf",0.867352812546704
"cz_cf_bronchial_biopsy","respiratory_tract_multiciliated_cell","TCF21","svm_rbf",0.858874347622057
"cz_cf_bronchial_biopsy","respiratory_tract_multiciliated_cell","RFX3","svm_rbf",0.875596963500647
"cz_cf_bronchial_biopsy","respiratory_tract_multiciliated_cell","GLIS1","svm_rbf",0.85827046041395
"cz_cf_bronchial_biopsy","respiratory_tract_multiciliated_cell","VDR","svm_rbf",0.857280382162169
"cz_cf_bronchial_biopsy","respiratory_tract_multiciliated_cell","RUNX3","svm_rbf",0.84793588908415
"cz_cf_bronchial_biopsy","respiratory_tract_multiciliated_cell","MECOM","svm_rbf",0.847667822835066
"cz_cf_bronchial_biopsy","respiratory_tract_multiciliated_cell","SOX10","svm_rbf",0.81566372962982
"cz_cf_bronchial_biopsy","respiratory_tract_multiciliated_cell","ID1","svm_rbf",0.857647601876091
"cz_cf_bronchial_biopsy","respiratory_tract_multiciliated_cell","MEOX2","svm_rbf",0.836785009691595
"cz_cf_bronchial_biopsy","respiratory_tract_multiciliated_cell","VSX2","svm_rbf",0.847244368471123
"cz_cf_bronchial_biopsy","respiratory_tract_multiciliated_cell","SCX","svm_rbf",0.847835609894301
"cz_cf_bronchial_biopsy","respiratory_tract_multiciliated_cell","TBPL2","svm_rbf",0.794861851802954
"cz_cf_bronchial_biopsy","respiratory_tract_multiciliated_cell","SOX18","svm_rbf",0.839985826833311
"cz_cf_bronchial_biopsy","respiratory_tract_multiciliated_cell","NR4A3","svm_rbf",0.847817002405071
"cz_cf_bronchial_biopsy","respiratory_tract_multiciliated_cell","ID3","svm_rbf",0.838257474421957
"cz_cf_bronchial_biopsy","respiratory_tract_multiciliated_cell","ALX4","svm_rbf",0.839801507564497
"cz_cf_bronchial_biopsy","respiratory_tract_multiciliated_cell","GATA3","svm_rbf",0.834697238370046
"cz_cf_bronchial_biopsy","respiratory_tract_multiciliated_cell","FOS","svm_rbf",0.844019918119231
"cz_cf_bronchial_biopsy","respiratory_tract_multiciliated_cell","FLI1","svm_rbf",0.843760148717633
"cz_cf_bronchial_biopsy","respiratory_tract_multiciliated_cell","ID4","svm_rbf",0.850830935619579
"cz_cf_bronchial_biopsy","respiratory_tract_multiciliated_cell","MEF2C","svm_rbf",0.844195770859797
"cz_cf_bronchial_biopsy","respiratory_tract_multiciliated_cell","HES1","svm_rbf",0.833261774600843
"cz_cf_bronchial_biopsy","respiratory_tract_multiciliated_cell","ESR2","svm_rbf",0.831281776673516
"cz_cf_bronchial_biopsy","respiratory_tract_multiciliated_cell","HIC1","svm_rbf",0.864431539259497
"cz_cf_bronchial_biopsy","respiratory_tract_multiciliated_cell","PAX7","svm_rbf",0.852246156476757
"cz_cf_bronchial_biopsy","respiratory_tract_multiciliated_cell","MYBL1","svm_rbf",0.835636285963846
"cz_cf_bronchial_biopsy","respiratory_tract_multiciliated_cell","MYC","svm_rbf",0.881896610072099
"cz_cf_bronchial_biopsy","respiratory_tract_multiciliated_cell","HOXC9","svm_rbf",0.852689496363556
"cz_cf_bronchial_biopsy","respiratory_tract_multiciliated_cell","ETV6","svm_rbf",0.838075711690949
"cz_cf_bronchial_biopsy","respiratory_tract_multiciliated_cell","IRF4","svm_rbf",0.852804894869298
"cz_cf_bronchial_biopsy","respiratory_tract_multiciliated_cell","JUN","svm_rbf",0.86417675520153
"cz_cf_bronchial_biopsy","respiratory_tract_multiciliated_cell","PPARGC1A","svm_rbf",0.832769473208883
"cz_cf_bronchial_biopsy","respiratory_tract_multiciliated_cell","HOXB4","svm_rbf",0.853867104206824
"cz_cf_bronchial_biopsy","respiratory_tract_multiciliated_cell","PPARG","svm_rbf",0.862480563647568
"cz_cf_bronchial_biopsy","respiratory_tract_multiciliated_cell","ERG","svm_rbf",0.858438646963048
"cz_cf_bronchial_biopsy","respiratory_tract_multiciliated_cell","PRDM11","svm_rbf",0.885807047999755
"cz_cf_bronchial_biopsy","respiratory_tract_multiciliated_cell","SPI1","svm_rbf",0.878522012330382
"cz_cf_bronchial_biopsy","respiratory_tract_multiciliated_cell","TAL1","svm_rbf",0.88673866969501
"cz_cf_bronchial_biopsy","respiratory_tract_multiciliated_cell","XBP1","svm_rbf",0.888418548041603
"cz_cf_bronchial_biopsy","respiratory_tract_multiciliated_cell","TEAD2","svm_rbf",0.872360279899832
"cz_cf_bronchial_biopsy","respiratory_tract_multiciliated_cell","HMGN3","svm_rbf",0.871930748811755
"cz_cf_bronchial_biopsy","respiratory_tract_multiciliated_cell","NR4A1","svm_rbf",0.876688657644057
"cz_cf_bronchial_biopsy","respiratory_tract_multiciliated_cell","STAT3","svm_rbf",0.896342656313619
"cz_cf_bronchial_biopsy","respiratory_tract_multiciliated_cell","TBX21","svm_rbf",0.878977556316201
"cz_cf_bronchial_biopsy","respiratory_tract_multiciliated_cell","EGR3","svm_rbf",0.885671895402525
"cz_cf_bronchial_biopsy","respiratory_tract_multiciliated_cell","PAX5","svm_rbf",0.86002224018906
"cz_cf_bronchial_biopsy","respiratory_tract_multiciliated_cell","KLF6","svm_rbf",0.867920918404681
"cz_cf_bronchial_biopsy","respiratory_tract_multiciliated_cell","FOSB","svm_rbf",0.893750710742766
"cz_cf_bronchial_biopsy","respiratory_tract_multiciliated_cell","EGR1","svm_rbf",0.884241374977394
"cz_cf_bronchial_biopsy","respiratory_tract_multiciliated_cell","PRDM1","svm_rbf",0.890104731691612
"cz_cf_bronchial_biopsy","respiratory_tract_multiciliated_cell","ZIC1","svm_rbf",0.890538871659856
"cz_cf_bronchial_biopsy","respiratory_tract_multiciliated_cell","NFE2","svm_rbf",0.887088343892585
"cz_cf_bronchial_biopsy","respiratory_tract_multiciliated_cell","JUNB","svm_rbf",0.88641818589719
"cz_cf_bronchial_biopsy","cytotoxic_T_cell","JUNB","ranger_et",0.758419619124147
"cz_cf_bronchial_biopsy","cytotoxic_T_cell","NR4A1","ranger_et",0.726466850277218
"cz_cf_bronchial_biopsy","cytotoxic_T_cell","ZNF331","ranger_et",0.756864596298502
"cz_cf_bronchial_biopsy","cytotoxic_T_cell","KLF6","ranger_et",0.693960836088526
"cz_cf_bronchial_biopsy","cytotoxic_T_cell","CREM","ranger_et",0.656691141896201
"cz_cf_bronchial_biopsy","cytotoxic_T_cell","TP63","ranger_et",0.682019294984362
"cz_cf_bronchial_biopsy","cytotoxic_T_cell","BCL11B","ranger_et",0.642630710691539
"cz_cf_bronchial_biopsy","cytotoxic_T_cell","NKX6-1","ranger_et",0.657992230124512
"cz_cf_bronchial_biopsy","cytotoxic_T_cell","SOX18","ranger_et",0.662503048131649
"cz_cf_bronchial_biopsy","cytotoxic_T_cell","TFAP2C","ranger_et",0.684252980539191
"cz_cf_bronchial_biopsy","cytotoxic_T_cell","POU3F4","ranger_et",0.65773103605233
"cz_cf_bronchial_biopsy","cytotoxic_T_cell","FOXP2","ranger_et",0.636798551388362
"cz_cf_bronchial_biopsy","cytotoxic_T_cell","SP140","ranger_et",0.597516934837172
"cz_cf_bronchial_biopsy","cytotoxic_T_cell","FOXO3","ranger_et",0.687367905549229
"cz_cf_bronchial_biopsy","cytotoxic_T_cell","KLF5","ranger_et",0.674934226320091
"cz_cf_bronchial_biopsy","cytotoxic_T_cell","MYBL1","ranger_et",0.637246134174655
"cz_cf_bronchial_biopsy","cytotoxic_T_cell","TBX19","ranger_et",0.695393493579543
"cz_cf_bronchial_biopsy","cytotoxic_T_cell","BACH2","ranger_et",0.691682414785961
"cz_cf_bronchial_biopsy","cytotoxic_T_cell","FOXO1","ranger_et",0.689294060136052
"cz_cf_bronchial_biopsy","cytotoxic_T_cell","HIF1A","ranger_et",0.618740435435369
"cz_cf_bronchial_biopsy","cytotoxic_T_cell","PLAGL1","ranger_et",0.675605903179122
"cz_cf_bronchial_biopsy","cytotoxic_T_cell","POU2F1","ranger_et",0.66329196061411
"cz_cf_bronchial_biopsy","cytotoxic_T_cell","RFX4","ranger_et",0.656455227103789
"cz_cf_bronchial_biopsy","cytotoxic_T_cell","IRF4","ranger_et",0.647554513071559
"cz_cf_bronchial_biopsy","cytotoxic_T_cell","JUN","ranger_et",0.629123481405313
"cz_cf_bronchial_biopsy","cytotoxic_T_cell","KLF12","ranger_et",0.652947468636313
"cz_cf_bronchial_biopsy","cytotoxic_T_cell","ID3","ranger_et",0.666672549021381
"cz_cf_bronchial_biopsy","cytotoxic_T_cell","FOXP3","ranger_et",0.669525309882991
"cz_cf_bronchial_biopsy","cytotoxic_T_cell","NR2F2","ranger_et",0.685172027280648
"cz_cf_bronchial_biopsy","cytotoxic_T_cell","HESX1","ranger_et",0.657779886024899
"cz_cf_bronchial_biopsy","cytotoxic_T_cell","EGR2","ranger_et",0.689433531359752
"cz_cf_bronchial_biopsy","cytotoxic_T_cell","MYC","ranger_et",0.654388787056206
"cz_cf_bronchial_biopsy","cytotoxic_T_cell","EBF1","ranger_et",0.679358830743163
"cz_cf_bronchial_biopsy","cytotoxic_T_cell","RUNX2","ranger_et",0.662733155836067
"cz_cf_bronchial_biopsy","cytotoxic_T_cell","EBF3","ranger_et",0.653800537985002
"cz_cf_bronchial_biopsy","cytotoxic_T_cell","NR1H3","ranger_et",0.6761202294976
"cz_cf_bronchial_biopsy","cytotoxic_T_cell","FOXN3","ranger_et",0.674965958447798
"cz_cf_bronchial_biopsy","cytotoxic_T_cell","BATF","ranger_et",0.677199193816803
"cz_cf_bronchial_biopsy","cytotoxic_T_cell","NFATC3","ranger_et",0.673110367708417
"cz_cf_bronchial_biopsy","cytotoxic_T_cell","NR3C1","ranger_et",0.680420174729197
"cz_cf_bronchial_biopsy","cytotoxic_T_cell","CHD2","ranger_et",0.671425589825707
"cz_cf_bronchial_biopsy","cytotoxic_T_cell","POLR2A","ranger_et",0.659640270841576
"cz_cf_bronchial_biopsy","cytotoxic_T_cell","ELF1","ranger_et",0.679468203483373
"cz_cf_bronchial_biopsy","cytotoxic_T_cell","RUNX3","ranger_et",0.6777683267053
"cz_cf_bronchial_biopsy","cytotoxic_T_cell","KLF2","ranger_et",0.673509972290539
"cz_cf_bronchial_biopsy","cytotoxic_T_cell","HSF4","ranger_et",0.669306705000642
"cz_cf_bronchial_biopsy","cytotoxic_T_cell","PPARGC1A","ranger_et",0.660270436608104
"cz_cf_bronchial_biopsy","cytotoxic_T_cell","PRDM1","ranger_et",0.676021878045048
"cz_cf_bronchial_biopsy","cytotoxic_T_cell","STAT1","ranger_et",0.699725765261554
"cz_cf_bronchial_biopsy","cytotoxic_T_cell","NR4A3","ranger_et",0.676071049832903
"cz_cf_bronchial_biopsy","cytotoxic_T_cell","GLIS2","ranger_et",0.705239180072879
"cz_cf_bronchial_biopsy","cytotoxic_T_cell","JUNB","xgboost",0.799954685966966
"cz_cf_bronchial_biopsy","cytotoxic_T_cell","NR4A1","xgboost",0.773725307208768
"cz_cf_bronchial_biopsy","cytotoxic_T_cell","ZNF331","xgboost",0.785453952032597
"cz_cf_bronchial_biopsy","cytotoxic_T_cell","KLF6","xgboost",0.756152157005096
"cz_cf_bronchial_biopsy","cytotoxic_T_cell","CREM","xgboost",0.715707315089273
"cz_cf_bronchial_biopsy","cytotoxic_T_cell","TP63","xgboost",0.728842471337949
"cz_cf_bronchial_biopsy","cytotoxic_T_cell","BCL11B","xgboost",0.711981406219101
"cz_cf_bronchial_biopsy","cytotoxic_T_cell","NKX6-1","xgboost",0.73761848284634
"cz_cf_bronchial_biopsy","cytotoxic_T_cell","SOX18","xgboost",0.740291596421199
"cz_cf_bronchial_biopsy","cytotoxic_T_cell","TFAP2C","xgboost",0.772747425758241
"cz_cf_bronchial_biopsy","cytotoxic_T_cell","POU3F4","xgboost",0.728855770618029
"cz_cf_bronchial_biopsy","cytotoxic_T_cell","FOXP2","xgboost",0.709916812816834
"cz_cf_bronchial_biopsy","cytotoxic_T_cell","SP140","xgboost",0.629854168729545
"cz_cf_bronchial_biopsy","cytotoxic_T_cell","FOXO3","xgboost",0.781279763882214
"cz_cf_bronchial_biopsy","cytotoxic_T_cell","KLF5","xgboost",0.761530286015907
"cz_cf_bronchial_biopsy","cytotoxic_T_cell","MYBL1","xgboost",0.708557615272868
"cz_cf_bronchial_biopsy","cytotoxic_T_cell","TBX19","xgboost",0.76140124076709
"cz_cf_bronchial_biopsy","cytotoxic_T_cell","BACH2","xgboost",0.767620205343363
"cz_cf_bronchial_biopsy","cytotoxic_T_cell","FOXO1","xgboost",0.786106586316428
"cz_cf_bronchial_biopsy","cytotoxic_T_cell","HIF1A","xgboost",0.696185408349629
"cz_cf_bronchial_biopsy","cytotoxic_T_cell","PLAGL1","xgboost",0.775324984995909
"cz_cf_bronchial_biopsy","cytotoxic_T_cell","POU2F1","xgboost",0.731535437691492
"cz_cf_bronchial_biopsy","cytotoxic_T_cell","RFX4","xgboost",0.742992094137509
"cz_cf_bronchial_biopsy","cytotoxic_T_cell","IRF4","xgboost",0.74111731465353
"cz_cf_bronchial_biopsy","cytotoxic_T_cell","JUN","xgboost",0.730081769339717
"cz_cf_bronchial_biopsy","cytotoxic_T_cell","KLF12","xgboost",0.74915092967065
"cz_cf_bronchial_biopsy","cytotoxic_T_cell","ID3","xgboost",0.762297871698145
"cz_cf_bronchial_biopsy","cytotoxic_T_cell","FOXP3","xgboost",0.765196172690177
"cz_cf_bronchial_biopsy","cytotoxic_T_cell","NR2F2","xgboost",0.787528673355262
"cz_cf_bronchial_biopsy","cytotoxic_T_cell","HESX1","xgboost",0.745346125343024
"cz_cf_bronchial_biopsy","cytotoxic_T_cell","EGR2","xgboost",0.796126323497154
"cz_cf_bronchial_biopsy","cytotoxic_T_cell","MYC","xgboost",0.757339788010278
"cz_cf_bronchial_biopsy","cytotoxic_T_cell","EBF1","xgboost",0.782044659024931
"cz_cf_bronchial_biopsy","cytotoxic_T_cell","RUNX2","xgboost",0.758916232414251
"cz_cf_bronchial_biopsy","cytotoxic_T_cell","EBF3","xgboost",0.735067339227966
"cz_cf_bronchial_biopsy","cytotoxic_T_cell","NR1H3","xgboost",0.772848905374982
"cz_cf_bronchial_biopsy","cytotoxic_T_cell","FOXN3","xgboost",0.758862191711635
"cz_cf_bronchial_biopsy","cytotoxic_T_cell","BATF","xgboost",0.787571714421695
"cz_cf_bronchial_biopsy","cytotoxic_T_cell","NFATC3","xgboost",0.771517980091488
"cz_cf_bronchial_biopsy","cytotoxic_T_cell","NR3C1","xgboost",0.793427480883158
"cz_cf_bronchial_biopsy","cytotoxic_T_cell","CHD2","xgboost",0.772065380975486
"cz_cf_bronchial_biopsy","cytotoxic_T_cell","POLR2A","xgboost",0.753883863382868
"cz_cf_bronchial_biopsy","cytotoxic_T_cell","ELF1","xgboost",0.780174595514711
"cz_cf_bronchial_biopsy","cytotoxic_T_cell","RUNX3","xgboost",0.777519225970978
"cz_cf_bronchial_biopsy","cytotoxic_T_cell","KLF2","xgboost",0.777060212990696
"cz_cf_bronchial_biopsy","cytotoxic_T_cell","HSF4","xgboost",0.771974374541259
"cz_cf_bronchial_biopsy","cytotoxic_T_cell","PPARGC1A","xgboost",0.778132697994267
"cz_cf_bronchial_biopsy","cytotoxic_T_cell","PRDM1","xgboost",0.785145080094108
"cz_cf_bronchial_biopsy","cytotoxic_T_cell","STAT1","xgboost",0.790986232394765
"cz_cf_bronchial_biopsy","cytotoxic_T_cell","NR4A3","xgboost",0.757655212475332
"cz_cf_bronchial_biopsy","cytotoxic_T_cell","GLIS2","xgboost",0.787995777753675
"cz_cf_bronchial_biopsy","cytotoxic_T_cell","JUNB","mars",0.758673346980324
"cz_cf_bronchial_biopsy","cytotoxic_T_cell","NR4A1","mars",0.72990981880066
"cz_cf_bronchial_biopsy","cytotoxic_T_cell","ZNF331","mars",0.780559803849923
"cz_cf_bronchial_biopsy","cytotoxic_T_cell","KLF6","mars",0.686203788409046
"cz_cf_bronchial_biopsy","cytotoxic_T_cell","CREM","mars",0.55360770377979
"cz_cf_bronchial_biopsy","cytotoxic_T_cell","TP63","mars",0.682917994714128
"cz_cf_bronchial_biopsy","cytotoxic_T_cell","BCL11B","mars",0.636975655335647
"cz_cf_bronchial_biopsy","cytotoxic_T_cell","NKX6-1","mars",0.684057004593933
"cz_cf_bronchial_biopsy","cytotoxic_T_cell","SOX18","mars",0.443015063834037
"cz_cf_bronchial_biopsy","cytotoxic_T_cell","TFAP2C","mars",0.713343682327418
"cz_cf_bronchial_biopsy","cytotoxic_T_cell","POU3F4","mars",0.667915743855078
"cz_cf_bronchial_biopsy","cytotoxic_T_cell","FOXP2","mars",-0.930664593234326
"cz_cf_bronchial_biopsy","cytotoxic_T_cell","SP140","mars",0.478719942561902
"cz_cf_bronchial_biopsy","cytotoxic_T_cell","FOXO3","mars",0.732549556067702
"cz_cf_bronchial_biopsy","cytotoxic_T_cell","KLF5","mars",0.722995207361444
"cz_cf_bronchial_biopsy","cytotoxic_T_cell","MYBL1","mars",0.632825909113451
"cz_cf_bronchial_biopsy","cytotoxic_T_cell","TBX19","mars",0.71651765977769
"cz_cf_bronchial_biopsy","cytotoxic_T_cell","BACH2","mars",0.703796486361893
"cz_cf_bronchial_biopsy","cytotoxic_T_cell","FOXO1","mars",0.732181883848628
"cz_cf_bronchial_biopsy","cytotoxic_T_cell","HIF1A","mars",0.62128630834857
"cz_cf_bronchial_biopsy","cytotoxic_T_cell","PLAGL1","mars",0.71887360902633
"cz_cf_bronchial_biopsy","cytotoxic_T_cell","POU2F1","mars",0.668104951313033
"cz_cf_bronchial_biopsy","cytotoxic_T_cell","RFX4","mars",0.655111453725375
"cz_cf_bronchial_biopsy","cytotoxic_T_cell","IRF4","mars",0.678609918167965
"cz_cf_bronchial_biopsy","cytotoxic_T_cell","JUN","mars",0.64831350620183
"cz_cf_bronchial_biopsy","cytotoxic_T_cell","KLF12","mars",0.660974095648806
"cz_cf_bronchial_biopsy","cytotoxic_T_cell","ID3","mars",0.682314856205793
"cz_cf_bronchial_biopsy","cytotoxic_T_cell","FOXP3","mars",0.756490576848308
"cz_cf_bronchial_biopsy","cytotoxic_T_cell","NR2F2","mars",0.721411642449296
"cz_cf_bronchial_biopsy","cytotoxic_T_cell","HESX1","mars",0.677633471132697
"cz_cf_bronchial_biopsy","cytotoxic_T_cell","EGR2","mars",0.710709266246155
"cz_cf_bronchial_biopsy","cytotoxic_T_cell","MYC","mars",0.721811341317433
"cz_cf_bronchial_biopsy","cytotoxic_T_cell","EBF1","mars",0.739576642203118
"cz_cf_bronchial_biopsy","cytotoxic_T_cell","RUNX2","mars",0.697292396478775
"cz_cf_bronchial_biopsy","cytotoxic_T_cell","EBF3","mars",0.662530292732448
"cz_cf_bronchial_biopsy","cytotoxic_T_cell","NR1H3","mars",0.743759735875372
"cz_cf_bronchial_biopsy","cytotoxic_T_cell","FOXN3","mars",0.703801722840162
"cz_cf_bronchial_biopsy","cytotoxic_T_cell","BATF","mars",0.755800410734482
"cz_cf_bronchial_biopsy","cytotoxic_T_cell","NFATC3","mars",0.692095488725659
"cz_cf_bronchial_biopsy","cytotoxic_T_cell","NR3C1","mars",0.730560378628853
"cz_cf_bronchial_biopsy","cytotoxic_T_cell","CHD2","mars",0.716794327292411
"cz_cf_bronchial_biopsy","cytotoxic_T_cell","POLR2A","mars",0.673367067687875
"cz_cf_bronchial_biopsy","cytotoxic_T_cell","ELF1","mars",0.683912729334216
"cz_cf_bronchial_biopsy","cytotoxic_T_cell","RUNX3","mars",0.71041439353455
"cz_cf_bronchial_biopsy","cytotoxic_T_cell","KLF2","mars",0.74879617649523
"cz_cf_bronchial_biopsy","cytotoxic_T_cell","HSF4","mars",0.675307655494438
"cz_cf_bronchial_biopsy","cytotoxic_T_cell","PPARGC1A","mars",0.705095625073975
"cz_cf_bronchial_biopsy","cytotoxic_T_cell","PRDM1","mars",0.73759917761869
"cz_cf_bronchial_biopsy","cytotoxic_T_cell","STAT1","mars",0.752280067804368
"cz_cf_bronchial_biopsy","cytotoxic_T_cell","NR4A3","mars",0.718303993233362
"cz_cf_bronchial_biopsy","cytotoxic_T_cell","GLIS2","mars",0.754676302675545
"cz_cf_bronchial_biopsy","cytotoxic_T_cell","JUNB","svm_rbf",0.804845209884876
"cz_cf_bronchial_biopsy","cytotoxic_T_cell","NR4A1","svm_rbf",0.794223138166439
"cz_cf_bronchial_biopsy","cytotoxic_T_cell","ZNF331","svm_rbf",0.783856644586538
"cz_cf_bronchial_biopsy","cytotoxic_T_cell","KLF6","svm_rbf",0.758704804064715
"cz_cf_bronchial_biopsy","cytotoxic_T_cell","CREM","svm_rbf",0.732508083677279
"cz_cf_bronchial_biopsy","cytotoxic_T_cell","TP63","svm_rbf",0.733999852701618
"cz_cf_bronchial_biopsy","cytotoxic_T_cell","BCL11B","svm_rbf",0.719619483817131
"cz_cf_bronchial_biopsy","cytotoxic_T_cell","NKX6-1","svm_rbf",0.750641956825033
"cz_cf_bronchial_biopsy","cytotoxic_T_cell","SOX18","svm_rbf",0.754198257482255
"cz_cf_bronchial_biopsy","cytotoxic_T_cell","TFAP2C","svm_rbf",0.741257623032799
"cz_cf_bronchial_biopsy","cytotoxic_T_cell","POU3F4","svm_rbf",0.745230238175846
"cz_cf_bronchial_biopsy","cytotoxic_T_cell","FOXP2","svm_rbf",0.741279448132021
"cz_cf_bronchial_biopsy","cytotoxic_T_cell","SP140","svm_rbf",0.597737858108408
"cz_cf_bronchial_biopsy","cytotoxic_T_cell","FOXO3","svm_rbf",0.79718814534326
"cz_cf_bronchial_biopsy","cytotoxic_T_cell","KLF5","svm_rbf",0.727659591710337
"cz_cf_bronchial_biopsy","cytotoxic_T_cell","MYBL1","svm_rbf",0.685181239160747
"cz_cf_bronchial_biopsy","cytotoxic_T_cell","TBX19","svm_rbf",0.754565722501504
"cz_cf_bronchial_biopsy","cytotoxic_T_cell","BACH2","svm_rbf",0.783568286560984
"cz_cf_bronchial_biopsy","cytotoxic_T_cell","FOXO1","svm_rbf",0.800940342343547
"cz_cf_bronchial_biopsy","cytotoxic_T_cell","HIF1A","svm_rbf",0.710142120867055
"cz_cf_bronchial_biopsy","cytotoxic_T_cell","PLAGL1","svm_rbf",0.738852325277751
"cz_cf_bronchial_biopsy","cytotoxic_T_cell","POU2F1","svm_rbf",0.760776537580687
"cz_cf_bronchial_biopsy","cytotoxic_T_cell","RFX4","svm_rbf",0.751142529960025
"cz_cf_bronchial_biopsy","cytotoxic_T_cell","IRF4","svm_rbf",0.754113669992306
"cz_cf_bronchial_biopsy","cytotoxic_T_cell","JUN","svm_rbf",0.703868185751952
"cz_cf_bronchial_biopsy","cytotoxic_T_cell","KLF12","svm_rbf",0.705098295515497
"cz_cf_bronchial_biopsy","cytotoxic_T_cell","ID3","svm_rbf",0.754766568601031
"cz_cf_bronchial_biopsy","cytotoxic_T_cell","FOXP3","svm_rbf",0.763741005080988
"cz_cf_bronchial_biopsy","cytotoxic_T_cell","NR2F2","svm_rbf",0.779400320705802
"cz_cf_bronchial_biopsy","cytotoxic_T_cell","HESX1","svm_rbf",0.745368639769455
"cz_cf_bronchial_biopsy","cytotoxic_T_cell","EGR2","svm_rbf",0.780981177657156
"cz_cf_bronchial_biopsy","cytotoxic_T_cell","MYC","svm_rbf",0.746594265171303
"cz_cf_bronchial_biopsy","cytotoxic_T_cell","EBF1","svm_rbf",0.762947098737372
"cz_cf_bronchial_biopsy","cytotoxic_T_cell","RUNX2","svm_rbf",0.75525047068489
"cz_cf_bronchial_biopsy","cytotoxic_T_cell","EBF3","svm_rbf",0.757125652033534
"cz_cf_bronchial_biopsy","cytotoxic_T_cell","NR1H3","svm_rbf",0.766370988667025
"cz_cf_bronchial_biopsy","cytotoxic_T_cell","FOXN3","svm_rbf",0.7588886114686
"cz_cf_bronchial_biopsy","cytotoxic_T_cell","BATF","svm_rbf",0.776847203504777
"cz_cf_bronchial_biopsy","cytotoxic_T_cell","NFATC3","svm_rbf",0.772151502951525
"cz_cf_bronchial_biopsy","cytotoxic_T_cell","NR3C1","svm_rbf",0.781049513052423
"cz_cf_bronchial_biopsy","cytotoxic_T_cell","CHD2","svm_rbf",0.757796035852037
"cz_cf_bronchial_biopsy","cytotoxic_T_cell","POLR2A","svm_rbf",0.764184831160371
"cz_cf_bronchial_biopsy","cytotoxic_T_cell","ELF1","svm_rbf",0.782201262058915
"cz_cf_bronchial_biopsy","cytotoxic_T_cell","RUNX3","svm_rbf",0.774568656794599
"cz_cf_bronchial_biopsy","cytotoxic_T_cell","KLF2","svm_rbf",0.778894491113038
"cz_cf_bronchial_biopsy","cytotoxic_T_cell","HSF4","svm_rbf",0.759936026335521
"cz_cf_bronchial_biopsy","cytotoxic_T_cell","PPARGC1A","svm_rbf",0.76523028315678
"cz_cf_bronchial_biopsy","cytotoxic_T_cell","PRDM1","svm_rbf",0.775454744122586
"cz_cf_bronchial_biopsy","cytotoxic_T_cell","STAT1","svm_rbf",0.800783916050746
"cz_cf_bronchial_biopsy","cytotoxic_T_cell","NR4A3","svm_rbf",0.774999100598428
"cz_cf_bronchial_biopsy","cytotoxic_T_cell","GLIS2","svm_rbf",0.807955087828016
"cz_cf_bronchial_biopsy","CD4_minus_positive_helper_T_cell","JUNB","ranger_et",0.701731337776145
"cz_cf_bronchial_biopsy","CD4_minus_positive_helper_T_cell","MECOM","ranger_et",0.762494096093803
"cz_cf_bronchial_biopsy","CD4_minus_positive_helper_T_cell","NR4A2","ranger_et",0.751085778446026
"cz_cf_bronchial_biopsy","CD4_minus_positive_helper_T_cell","STAT1","ranger_et",0.768882499608864
"cz_cf_bronchial_biopsy","CD4_minus_positive_helper_T_cell","POLR2A","ranger_et",0.702959047916584
"cz_cf_bronchial_biopsy","CD4_minus_positive_helper_T_cell","RUNX3","ranger_et",0.759181294211316
"cz_cf_bronchial_biopsy","CD4_minus_positive_helper_T_cell","NFKB1","ranger_et",0.734502601809901
"cz_cf_bronchial_biopsy","CD4_minus_positive_helper_T_cell","ZNF331","ranger_et",0.764898932577049
"cz_cf_bronchial_biopsy","CD4_minus_positive_helper_T_cell","RORA","ranger_et",0.789193992236331
"cz_cf_bronchial_biopsy","CD4_minus_positive_helper_T_cell","FOXO1","ranger_et",0.753005652568455
"cz_cf_bronchial_biopsy","CD4_minus_positive_helper_T_cell","GATA3","ranger_et",0.724533408850626
"cz_cf_bronchial_biopsy","CD4_minus_positive_helper_T_cell","SMAD3","ranger_et",0.726192751171285
"cz_cf_bronchial_biopsy","CD4_minus_positive_helper_T_cell","CREM","ranger_et",0.703252915156889
"cz_cf_bronchial_biopsy","CD4_minus_positive_helper_T_cell","NR4A3","ranger_et",0.715772376398038
"cz_cf_bronchial_biopsy","CD4_minus_positive_helper_T_cell","BACH1","ranger_et",0.731266178995326
"cz_cf_bronchial_biopsy","CD4_minus_positive_helper_T_cell","SREBF2","ranger_et",0.716887867361318
"cz_cf_bronchial_biopsy","CD4_minus_positive_helper_T_cell","RUNX2","ranger_et",0.752475180561872
"cz_cf_bronchial_biopsy","CD4_minus_positive_helper_T_cell","BCL6","ranger_et",0.727224190852759
"cz_cf_bronchial_biopsy","CD4_minus_positive_helper_T_cell","MYBL1","ranger_et",0.746744616053839
"cz_cf_bronchial_biopsy","CD4_minus_positive_helper_T_cell","JUN","ranger_et",0.753950781085858
"cz_cf_bronchial_biopsy","CD4_minus_positive_helper_T_cell","IRF4","ranger_et",0.709489683342249
"cz_cf_bronchial_biopsy","CD4_minus_positive_helper_T_cell","RFX2","ranger_et",0.689783974994515
"cz_cf_bronchial_biopsy","CD4_minus_positive_helper_T_cell","FOS","ranger_et",0.71880536588706
"cz_cf_bronchial_biopsy","CD4_minus_positive_helper_T_cell","RELB","ranger_et",0.695353637439569
"cz_cf_bronchial_biopsy","CD4_minus_positive_helper_T_cell","VDR","ranger_et",0.701507807513011
"cz_cf_bronchial_biopsy","CD4_minus_positive_helper_T_cell","RFX3","ranger_et",0.688273605753936
"cz_cf_bronchial_biopsy","CD4_minus_positive_helper_T_cell","HIVEP2","ranger_et",0.721480014651934
"cz_cf_bronchial_biopsy","CD4_minus_positive_helper_T_cell","ID2","ranger_et",0.725203147405317
"cz_cf_bronchial_biopsy","CD4_minus_positive_helper_T_cell","FOXP1","ranger_et",0.638792738167089
"cz_cf_bronchial_biopsy","CD4_minus_positive_helper_T_cell","BATF","ranger_et",0.718023915583013
"cz_cf_bronchial_biopsy","CD4_minus_positive_helper_T_cell","HIVEP3","ranger_et",0.725684105637604
"cz_cf_bronchial_biopsy","CD4_minus_positive_helper_T_cell","IKZF2","ranger_et",0.677521007208475
"cz_cf_bronchial_biopsy","CD4_minus_positive_helper_T_cell","RUNX1","ranger_et",0.719814221902904
"cz_cf_bronchial_biopsy","CD4_minus_positive_helper_T_cell","KLF12","ranger_et",0.650513965221034
"cz_cf_bronchial_biopsy","CD4_minus_positive_helper_T_cell","FOXO3","ranger_et",0.724314691483729
"cz_cf_bronchial_biopsy","CD4_minus_positive_helper_T_cell","PPARG","ranger_et",0.702183527233965
"cz_cf_bronchial_biopsy","CD4_minus_positive_helper_T_cell","RBPJ","ranger_et",0.698727052810904
"cz_cf_bronchial_biopsy","CD4_minus_positive_helper_T_cell","PRDM1","ranger_et",0.72384944489415
"cz_cf_bronchial_biopsy","CD4_minus_positive_helper_T_cell","ZFP82","ranger_et",0.721053824442677
"cz_cf_bronchial_biopsy","CD4_minus_positive_helper_T_cell","ID3","ranger_et",0.729945802769343
"cz_cf_bronchial_biopsy","CD4_minus_positive_helper_T_cell","PRDM9","ranger_et",0.691105018454384
"cz_cf_bronchial_biopsy","CD4_minus_positive_helper_T_cell","STAT4","ranger_et",0.691792929898059
"cz_cf_bronchial_biopsy","CD4_minus_positive_helper_T_cell","ZBTB16","ranger_et",0.713586752224093
"cz_cf_bronchial_biopsy","CD4_minus_positive_helper_T_cell","TCF4","ranger_et",0.692871707283703
"cz_cf_bronchial_biopsy","CD4_minus_positive_helper_T_cell","STAT5B","ranger_et",0.687791201418191
"cz_cf_bronchial_biopsy","CD4_minus_positive_helper_T_cell","ZFY","ranger_et",0.688233360189546
"cz_cf_bronchial_biopsy","CD4_minus_positive_helper_T_cell","MAF","ranger_et",0.707013798010522
"cz_cf_bronchial_biopsy","CD4_minus_positive_helper_T_cell","ZSCAN22","ranger_et",0.719003970485673
"cz_cf_bronchial_biopsy","CD4_minus_positive_helper_T_cell","EPAS1","ranger_et",0.690679779612181
"cz_cf_bronchial_biopsy","CD4_minus_positive_helper_T_cell","NFIA","ranger_et",0.656885627905739
"cz_cf_bronchial_biopsy","CD4_minus_positive_helper_T_cell","IKZF1","ranger_et",0.699045552715403
"cz_cf_bronchial_biopsy","CD4_minus_positive_helper_T_cell","KLF4","ranger_et",0.531508234999513
"cz_cf_bronchial_biopsy","CD4_minus_positive_helper_T_cell","PAX7","ranger_et",0.771228062948482
"cz_cf_bronchial_biopsy","CD4_minus_positive_helper_T_cell","DMRT2","ranger_et",0.654756038712993
"cz_cf_bronchial_biopsy","CD4_minus_positive_helper_T_cell","HLF","ranger_et",0.698321017351765
"cz_cf_bronchial_biopsy","CD4_minus_positive_helper_T_cell","PBX4","ranger_et",0.653066314182156
"cz_cf_bronchial_biopsy","CD4_minus_positive_helper_T_cell","MEOX2","ranger_et",0.6964928252691
"cz_cf_bronchial_biopsy","CD4_minus_positive_helper_T_cell","SOX7","ranger_et",0.571755586171714
"cz_cf_bronchial_biopsy","CD4_minus_positive_helper_T_cell","CUX2","ranger_et",0.668373397902857
"cz_cf_bronchial_biopsy","CD4_minus_positive_helper_T_cell","ATF6","ranger_et",0.56450994176904
"cz_cf_bronchial_biopsy","CD4_minus_positive_helper_T_cell","FOXF2","ranger_et",0.700416323567333
"cz_cf_bronchial_biopsy","CD4_minus_positive_helper_T_cell","GATA2","ranger_et",0.718528902838025
"cz_cf_bronchial_biopsy","CD4_minus_positive_helper_T_cell","CHD2","ranger_et",0.678442549682036
"cz_cf_bronchial_biopsy","CD4_minus_positive_helper_T_cell","MITF","ranger_et",0.682194762438744
"cz_cf_bronchial_biopsy","CD4_minus_positive_helper_T_cell","HEYL","ranger_et",0.668028055685785
"cz_cf_bronchial_biopsy","CD4_minus_positive_helper_T_cell","KLF15","ranger_et",0.677807344426378
"cz_cf_bronchial_biopsy","CD4_minus_positive_helper_T_cell","ZFP57","ranger_et",0.704514896010589
"cz_cf_bronchial_biopsy","CD4_minus_positive_helper_T_cell","KLF6","ranger_et",0.689689997699055
"cz_cf_bronchial_biopsy","CD4_minus_positive_helper_T_cell","NFE2L2","ranger_et",0.695796262391407
"cz_cf_bronchial_biopsy","CD4_minus_positive_helper_T_cell","CEBPD","ranger_et",0.73411423623724
"cz_cf_bronchial_biopsy","CD4_minus_positive_helper_T_cell","AR","ranger_et",0.683158092834865
"cz_cf_bronchial_biopsy","CD4_minus_positive_helper_T_cell","AHR","ranger_et",0.684665064351384
"cz_cf_bronchial_biopsy","CD4_minus_positive_helper_T_cell","CREB5","ranger_et",0.702821240139955
"cz_cf_bronchial_biopsy","CD4_minus_positive_helper_T_cell","MAFF","ranger_et",0.663054055021726
"cz_cf_bronchial_biopsy","CD4_minus_positive_helper_T_cell","EGR1","ranger_et",0.691464832713243
"cz_cf_bronchial_biopsy","CD4_minus_positive_helper_T_cell","FLI1","ranger_et",0.707808413696993
"cz_cf_bronchial_biopsy","CD4_minus_positive_helper_T_cell","BATF3","ranger_et",0.692073024332362
"cz_cf_bronchial_biopsy","CD4_minus_positive_helper_T_cell","ELF1","ranger_et",0.717000308944102
"cz_cf_bronchial_biopsy","CD4_minus_positive_helper_T_cell","JUND","ranger_et",0.72508129055108
"cz_cf_bronchial_biopsy","CD4_minus_positive_helper_T_cell","EBF1","ranger_et",0.718367868390716
"cz_cf_bronchial_biopsy","CD4_minus_positive_helper_T_cell","KLF2","ranger_et",0.694848458241354
"cz_cf_bronchial_biopsy","CD4_minus_positive_helper_T_cell","PGR","ranger_et",0.716655945358359
"cz_cf_bronchial_biopsy","CD4_minus_positive_helper_T_cell","REL","ranger_et",0.731534103379151
"cz_cf_bronchial_biopsy","CD4_minus_positive_helper_T_cell","FOXP3","ranger_et",0.744903837123219
"cz_cf_bronchial_biopsy","CD4_minus_positive_helper_T_cell","STAT3","ranger_et",0.718411354244847
"cz_cf_bronchial_biopsy","CD4_minus_positive_helper_T_cell","ESR1","ranger_et",0.745462421770651
"cz_cf_bronchial_biopsy","CD4_minus_positive_helper_T_cell","JUNB","xgboost",0.80221010058569
"cz_cf_bronchial_biopsy","CD4_minus_positive_helper_T_cell","MECOM","xgboost",0.801765743400122
"cz_cf_bronchial_biopsy","CD4_minus_positive_helper_T_cell","NR4A2","xgboost",0.806588181725131
"cz_cf_bronchial_biopsy","CD4_minus_positive_helper_T_cell","STAT1","xgboost",0.843780794603682
"cz_cf_bronchial_biopsy","CD4_minus_positive_helper_T_cell","POLR2A","xgboost",0.76657078478494
"cz_cf_bronchial_biopsy","CD4_minus_positive_helper_T_cell","RUNX3","xgboost",0.800182227654787
"cz_cf_bronchial_biopsy","CD4_minus_positive_helper_T_cell","NFKB1","xgboost",0.816680603425183
"cz_cf_bronchial_biopsy","CD4_minus_positive_helper_T_cell","ZNF331","xgboost",0.822789501733698
"cz_cf_bronchial_biopsy","CD4_minus_positive_helper_T_cell","RORA","xgboost",0.82565859040378
"cz_cf_bronchial_biopsy","CD4_minus_positive_helper_T_cell","FOXO1","xgboost",0.802076554657159
"cz_cf_bronchial_biopsy","CD4_minus_positive_helper_T_cell","GATA3","xgboost",0.778554882375129
"cz_cf_bronchial_biopsy","CD4_minus_positive_helper_T_cell","SMAD3","xgboost",0.7707202895105
"cz_cf_bronchial_biopsy","CD4_minus_positive_helper_T_cell","CREM","xgboost",0.794803883387337
"cz_cf_bronchial_biopsy","CD4_minus_positive_helper_T_cell","NR4A3","xgboost",0.781495052741362
"cz_cf_bronchial_biopsy","CD4_minus_positive_helper_T_cell","BACH1","xgboost",0.813630809523154
"cz_cf_bronchial_biopsy","CD4_minus_positive_helper_T_cell","SREBF2","xgboost",0.774377380072707
"cz_cf_bronchial_biopsy","CD4_minus_positive_helper_T_cell","RUNX2","xgboost",0.808492998162998
"cz_cf_bronchial_biopsy","CD4_minus_positive_helper_T_cell","BCL6","xgboost",0.759987391005559
"cz_cf_bronchial_biopsy","CD4_minus_positive_helper_T_cell","MYBL1","xgboost",0.795843490882557
"cz_cf_bronchial_biopsy","CD4_minus_positive_helper_T_cell","JUN","xgboost",0.839057626737943
"cz_cf_bronchial_biopsy","CD4_minus_positive_helper_T_cell","IRF4","xgboost",0.766778225168764
"cz_cf_bronchial_biopsy","CD4_minus_positive_helper_T_cell","RFX2","xgboost",0.749718352687557
"cz_cf_bronchial_biopsy","CD4_minus_positive_helper_T_cell","FOS","xgboost",0.795337901235351
"cz_cf_bronchial_biopsy","CD4_minus_positive_helper_T_cell","RELB","xgboost",0.75815379531568
"cz_cf_bronchial_biopsy","CD4_minus_positive_helper_T_cell","VDR","xgboost",0.744106829985202
"cz_cf_bronchial_biopsy","CD4_minus_positive_helper_T_cell","RFX3","xgboost",0.735607607138935
"cz_cf_bronchial_biopsy","CD4_minus_positive_helper_T_cell","HIVEP2","xgboost",0.766901970832862
"cz_cf_bronchial_biopsy","CD4_minus_positive_helper_T_cell","ID2","xgboost",0.790157742228011
"cz_cf_bronchial_biopsy","CD4_minus_positive_helper_T_cell","FOXP1","xgboost",0.687894725248669
"cz_cf_bronchial_biopsy","CD4_minus_positive_helper_T_cell","BATF","xgboost",0.807087263894916
"cz_cf_bronchial_biopsy","CD4_minus_positive_helper_T_cell","HIVEP3","xgboost",0.79359006939826
"cz_cf_bronchial_biopsy","CD4_minus_positive_helper_T_cell","IKZF2","xgboost",0.737240666332594
"cz_cf_bronchial_biopsy","CD4_minus_positive_helper_T_cell","RUNX1","xgboost",0.788856572700792
"cz_cf_bronchial_biopsy","CD4_minus_positive_helper_T_cell","KLF12","xgboost",0.722581442374365
"cz_cf_bronchial_biopsy","CD4_minus_positive_helper_T_cell","FOXO3","xgboost",0.797619298926612
"cz_cf_bronchial_biopsy","CD4_minus_positive_helper_T_cell","PPARG","xgboost",0.761557363297945
"cz_cf_bronchial_biopsy","CD4_minus_positive_helper_T_cell","RBPJ","xgboost",0.725544705749786
"cz_cf_bronchial_biopsy","CD4_minus_positive_helper_T_cell","PRDM1","xgboost",0.801047625050601
"cz_cf_bronchial_biopsy","CD4_minus_positive_helper_T_cell","ZFP82","xgboost",0.777604195231877
"cz_cf_bronchial_biopsy","CD4_minus_positive_helper_T_cell","ID3","xgboost",0.793660710967173
"cz_cf_bronchial_biopsy","CD4_minus_positive_helper_T_cell","PRDM9","xgboost",0.75723197507239
"cz_cf_bronchial_biopsy","CD4_minus_positive_helper_T_cell","STAT4","xgboost",0.763579835489377
"cz_cf_bronchial_biopsy","CD4_minus_positive_helper_T_cell","ZBTB16","xgboost",0.76626507731323
"cz_cf_bronchial_biopsy","CD4_minus_positive_helper_T_cell","TCF4","xgboost",0.754150925235001
"cz_cf_bronchial_biopsy","CD4_minus_positive_helper_T_cell","STAT5B","xgboost",0.744138502119822
"cz_cf_bronchial_biopsy","CD4_minus_positive_helper_T_cell","ZFY","xgboost",0.74361100039992
"cz_cf_bronchial_biopsy","CD4_minus_positive_helper_T_cell","MAF","xgboost",0.781952166467081
"cz_cf_bronchial_biopsy","CD4_minus_positive_helper_T_cell","ZSCAN22","xgboost",0.795397120606885
"cz_cf_bronchial_biopsy","CD4_minus_positive_helper_T_cell","EPAS1","xgboost",0.766084974304211
"cz_cf_bronchial_biopsy","CD4_minus_positive_helper_T_cell","NFIA","xgboost",0.708829831254354
"cz_cf_bronchial_biopsy","CD4_minus_positive_helper_T_cell","IKZF1","xgboost",0.763525869484805
"cz_cf_bronchial_biopsy","CD4_minus_positive_helper_T_cell","KLF4","xgboost",0.63009978461773
"cz_cf_bronchial_biopsy","CD4_minus_positive_helper_T_cell","PAX7","xgboost",0.843495260508164
"cz_cf_bronchial_biopsy","CD4_minus_positive_helper_T_cell","DMRT2","xgboost",0.70450817028211
"cz_cf_bronchial_biopsy","CD4_minus_positive_helper_T_cell","HLF","xgboost",0.763143385085275
"cz_cf_bronchial_biopsy","CD4_minus_positive_helper_T_cell","PBX4","xgboost",0.730120890161453
"cz_cf_bronchial_biopsy","CD4_minus_positive_helper_T_cell","MEOX2","xgboost",0.753650604559136
"cz_cf_bronchial_biopsy","CD4_minus_positive_helper_T_cell","SOX7","xgboost",0.651625533159526
"cz_cf_bronchial_biopsy","CD4_minus_positive_helper_T_cell","CUX2","xgboost",0.72889152091214
"cz_cf_bronchial_biopsy","CD4_minus_positive_helper_T_cell","ATF6","xgboost",0.614931020651605
"cz_cf_bronchial_biopsy","CD4_minus_positive_helper_T_cell","FOXF2","xgboost",0.808130694733399
"cz_cf_bronchial_biopsy","CD4_minus_positive_helper_T_cell","GATA2","xgboost",0.811267583881977
"cz_cf_bronchial_biopsy","CD4_minus_positive_helper_T_cell","CHD2","xgboost",0.792339392256601
"cz_cf_bronchial_biopsy","CD4_minus_positive_helper_T_cell","MITF","xgboost",0.772517395474352
"cz_cf_bronchial_biopsy","CD4_minus_positive_helper_T_cell","HEYL","xgboost",0.794846027345201
"cz_cf_bronchial_biopsy","CD4_minus_positive_helper_T_cell","KLF15","xgboost",0.765859951169808
"cz_cf_bronchial_biopsy","CD4_minus_positive_helper_T_cell","ZFP57","xgboost",0.815102331256787
"cz_cf_bronchial_biopsy","CD4_minus_positive_helper_T_cell","KLF6","xgboost",0.757414736612898
"cz_cf_bronchial_biopsy","CD4_minus_positive_helper_T_cell","NFE2L2","xgboost",0.778186180594102
"cz_cf_bronchial_biopsy","CD4_minus_positive_helper_T_cell","CEBPD","xgboost",0.778950301661706
"cz_cf_bronchial_biopsy","CD4_minus_positive_helper_T_cell","AR","xgboost",0.793916885228646
"cz_cf_bronchial_biopsy","CD4_minus_positive_helper_T_cell","AHR","xgboost",0.767296771784449
"cz_cf_bronchial_biopsy","CD4_minus_positive_helper_T_cell","CREB5","xgboost",0.791736797262901
"cz_cf_bronchial_biopsy","CD4_minus_positive_helper_T_cell","MAFF","xgboost",0.750781885659653
"cz_cf_bronchial_biopsy","CD4_minus_positive_helper_T_cell","EGR1","xgboost",0.80957253594405
"cz_cf_bronchial_biopsy","CD4_minus_positive_helper_T_cell","FLI1","xgboost",0.780157423845862
"cz_cf_bronchial_biopsy","CD4_minus_positive_helper_T_cell","BATF3","xgboost",0.799761031470611
"cz_cf_bronchial_biopsy","CD4_minus_positive_helper_T_cell","ELF1","xgboost",0.816109582593726
"cz_cf_bronchial_biopsy","CD4_minus_positive_helper_T_cell","JUND","xgboost",0.811115534236208
"cz_cf_bronchial_biopsy","CD4_minus_positive_helper_T_cell","EBF1","xgboost",0.800654739683655
"cz_cf_bronchial_biopsy","CD4_minus_positive_helper_T_cell","KLF2","xgboost",0.817574812525148
"cz_cf_bronchial_biopsy","CD4_minus_positive_helper_T_cell","PGR","xgboost",0.829640003447588
"cz_cf_bronchial_biopsy","CD4_minus_positive_helper_T_cell","REL","xgboost",0.81115357823098
"cz_cf_bronchial_biopsy","CD4_minus_positive_helper_T_cell","FOXP3","xgboost",0.830449255929331
"cz_cf_bronchial_biopsy","CD4_minus_positive_helper_T_cell","STAT3","xgboost",0.815651738137198
"cz_cf_bronchial_biopsy","CD4_minus_positive_helper_T_cell","ESR1","xgboost",0.814810866475044
"cz_cf_bronchial_biopsy","CD4_minus_positive_helper_T_cell","JUNB","mars",0.742979021155532
"cz_cf_bronchial_biopsy","CD4_minus_positive_helper_T_cell","MECOM","mars",0.734317297788727
"cz_cf_bronchial_biopsy","CD4_minus_positive_helper_T_cell","NR4A2","mars",0.714623174033243
"cz_cf_bronchial_biopsy","CD4_minus_positive_helper_T_cell","STAT1","mars",0.81094600525035
"cz_cf_bronchial_biopsy","CD4_minus_positive_helper_T_cell","POLR2A","mars",0.669251964766676
"cz_cf_bronchial_biopsy","CD4_minus_positive_helper_T_cell","RUNX3","mars",0.766628718554421
"cz_cf_bronchial_biopsy","CD4_minus_positive_helper_T_cell","NFKB1","mars",0.725714970373187
"cz_cf_bronchial_biopsy","CD4_minus_positive_helper_T_cell","ZNF331","mars",0.743785470802077
"cz_cf_bronchial_biopsy","CD4_minus_positive_helper_T_cell","RORA","mars",0.736266515412443
"cz_cf_bronchial_biopsy","CD4_minus_positive_helper_T_cell","FOXO1","mars",0.735579821218019
"cz_cf_bronchial_biopsy","CD4_minus_positive_helper_T_cell","GATA3","mars",0.684890960142559
"cz_cf_bronchial_biopsy","CD4_minus_positive_helper_T_cell","SMAD3","mars",0.689451412509164
"cz_cf_bronchial_biopsy","CD4_minus_positive_helper_T_cell","CREM","mars",0.700409663134009
"cz_cf_bronchial_biopsy","CD4_minus_positive_helper_T_cell","NR4A3","mars",0.69042469018761
"cz_cf_bronchial_biopsy","CD4_minus_positive_helper_T_cell","BACH1","mars",0.738217304348049
"cz_cf_bronchial_biopsy","CD4_minus_positive_helper_T_cell","SREBF2","mars",0.674657556441768
"cz_cf_bronchial_biopsy","CD4_minus_positive_helper_T_cell","RUNX2","mars",0.752084214886422
"cz_cf_bronchial_biopsy","CD4_minus_positive_helper_T_cell","BCL6","mars",0.649650037361462
"cz_cf_bronchial_biopsy","CD4_minus_positive_helper_T_cell","MYBL1","mars",0.728386720883575
"cz_cf_bronchial_biopsy","CD4_minus_positive_helper_T_cell","JUN","mars",0.811198947485215
"cz_cf_bronchial_biopsy","CD4_minus_positive_helper_T_cell","IRF4","mars",0.686860854567009
"cz_cf_bronchial_biopsy","CD4_minus_positive_helper_T_cell","RFX2","mars",0.577813982132727
"cz_cf_bronchial_biopsy","CD4_minus_positive_helper_T_cell","FOS","mars",0.715050078770191
"cz_cf_bronchial_biopsy","CD4_minus_positive_helper_T_cell","RELB","mars",0.684990495684729
"cz_cf_bronchial_biopsy","CD4_minus_positive_helper_T_cell","VDR","mars",0.634012107775296
"cz_cf_bronchial_biopsy","CD4_minus_positive_helper_T_cell","RFX3","mars",0.625884885228546
"cz_cf_bronchial_biopsy","CD4_minus_positive_helper_T_cell","HIVEP2","mars",0.687776672939604
"cz_cf_bronchial_biopsy","CD4_minus_positive_helper_T_cell","ID2","mars",0.730834078942641
"cz_cf_bronchial_biopsy","CD4_minus_positive_helper_T_cell","FOXP1","mars",0.5487875803672
"cz_cf_bronchial_biopsy","CD4_minus_positive_helper_T_cell","BATF","mars",0.74760392473981
"cz_cf_bronchial_biopsy","CD4_minus_positive_helper_T_cell","HIVEP3","mars",0.747139393131204
"cz_cf_bronchial_biopsy","CD4_minus_positive_helper_T_cell","IKZF2","mars",0.665845914343602
"cz_cf_bronchial_biopsy","CD4_minus_positive_helper_T_cell","RUNX1","mars",0.690280147378949
"cz_cf_bronchial_biopsy","CD4_minus_positive_helper_T_cell","KLF12","mars",0.629242479516633
"cz_cf_bronchial_biopsy","CD4_minus_positive_helper_T_cell","FOXO3","mars",0.738193935394116
"cz_cf_bronchial_biopsy","CD4_minus_positive_helper_T_cell","PPARG","mars",0.71890357023551
"cz_cf_bronchial_biopsy","CD4_minus_positive_helper_T_cell","RBPJ","mars",0.656515105622793
"cz_cf_bronchial_biopsy","CD4_minus_positive_helper_T_cell","PRDM1","mars",0.713438926387245
"cz_cf_bronchial_biopsy","CD4_minus_positive_helper_T_cell","ZFP82","mars",0.744967429872937
"cz_cf_bronchial_biopsy","CD4_minus_positive_helper_T_cell","ID3","mars",0.768601187782071
"cz_cf_bronchial_biopsy","CD4_minus_positive_helper_T_cell","PRDM9","mars",0.682715908466773
"cz_cf_bronchial_biopsy","CD4_minus_positive_helper_T_cell","STAT4","mars",0.676374950732484
"cz_cf_bronchial_biopsy","CD4_minus_positive_helper_T_cell","ZBTB16","mars",0.668671367899587
"cz_cf_bronchial_biopsy","CD4_minus_positive_helper_T_cell","TCF4","mars",0.683779198301238
"cz_cf_bronchial_biopsy","CD4_minus_positive_helper_T_cell","STAT5B","mars",0.66680112891626
"cz_cf_bronchial_biopsy","CD4_minus_positive_helper_T_cell","ZFY","mars",0.662267967796399
"cz_cf_bronchial_biopsy","CD4_minus_positive_helper_T_cell","MAF","mars",0.724894738152449
"cz_cf_bronchial_biopsy","CD4_minus_positive_helper_T_cell","ZSCAN22","mars",0.709369574445681
"cz_cf_bronchial_biopsy","CD4_minus_positive_helper_T_cell","EPAS1","mars",0.655219301720547
"cz_cf_bronchial_biopsy","CD4_minus_positive_helper_T_cell","NFIA","mars",0.594219609330006
"cz_cf_bronchial_biopsy","CD4_minus_positive_helper_T_cell","IKZF1","mars",0.682322395218211
"cz_cf_bronchial_biopsy","CD4_minus_positive_helper_T_cell","KLF4","mars",0.486711467616461
"cz_cf_bronchial_biopsy","CD4_minus_positive_helper_T_cell","PAX7","mars",0.813917465701241
"cz_cf_bronchial_biopsy","CD4_minus_positive_helper_T_cell","DMRT2","mars",0.599429323990525
"cz_cf_bronchial_biopsy","CD4_minus_positive_helper_T_cell","HLF","mars",0.718425173558903
"cz_cf_bronchial_biopsy","CD4_minus_positive_helper_T_cell","PBX4","mars",0.672745467866822
"cz_cf_bronchial_biopsy","CD4_minus_positive_helper_T_cell","MEOX2","mars",0.686727003455649
"cz_cf_bronchial_biopsy","CD4_minus_positive_helper_T_cell","SOX7","mars",0.47906273549715
"cz_cf_bronchial_biopsy","CD4_minus_positive_helper_T_cell","CUX2","mars",0.645101921910982
"cz_cf_bronchial_biopsy","CD4_minus_positive_helper_T_cell","ATF6","mars",0.520104305095624
"cz_cf_bronchial_biopsy","CD4_minus_positive_helper_T_cell","FOXF2","mars",0.779720263123771
"cz_cf_bronchial_biopsy","CD4_minus_positive_helper_T_cell","GATA2","mars",0.747186040069379
"cz_cf_bronchial_biopsy","CD4_minus_positive_helper_T_cell","CHD2","mars",0.741589378275715
"cz_cf_bronchial_biopsy","CD4_minus_positive_helper_T_cell","MITF","mars",0.747197216876562
"cz_cf_bronchial_biopsy","CD4_minus_positive_helper_T_cell","HEYL","mars",0.733957409090952
"cz_cf_bronchial_biopsy","CD4_minus_positive_helper_T_cell","KLF15","mars",0.681855921812984
"cz_cf_bronchial_biopsy","CD4_minus_positive_helper_T_cell","ZFP57","mars",0.760576327793851
"cz_cf_bronchial_biopsy","CD4_minus_positive_helper_T_cell","KLF6","mars",0.698837657087978
"cz_cf_bronchial_biopsy","CD4_minus_positive_helper_T_cell","NFE2L2","mars",0.725402446149701
"cz_cf_bronchial_biopsy","CD4_minus_positive_helper_T_cell","CEBPD","mars",0.729562267032766
"cz_cf_bronchial_biopsy","CD4_minus_positive_helper_T_cell","AR","mars",0.745966501750058
"cz_cf_bronchial_biopsy","CD4_minus_positive_helper_T_cell","AHR","mars",0.694960186354194
"cz_cf_bronchial_biopsy","CD4_minus_positive_helper_T_cell","CREB5","mars",0.731887973944579
"cz_cf_bronchial_biopsy","CD4_minus_positive_helper_T_cell","MAFF","mars",0.638149622959969
"cz_cf_bronchial_biopsy","CD4_minus_positive_helper_T_cell","EGR1","mars",0.782212759819284
"cz_cf_bronchial_biopsy","CD4_minus_positive_helper_T_cell","FLI1","mars",0.744194459683452
"cz_cf_bronchial_biopsy","CD4_minus_positive_helper_T_cell","BATF3","mars",0.73202968084375
"cz_cf_bronchial_biopsy","CD4_minus_positive_helper_T_cell","ELF1","mars",0.740512193973285
"cz_cf_bronchial_biopsy","CD4_minus_positive_helper_T_cell","JUND","mars",0.769084153545895
"cz_cf_bronchial_biopsy","CD4_minus_positive_helper_T_cell","EBF1","mars",0.742575461753671
"cz_cf_bronchial_biopsy","CD4_minus_positive_helper_T_cell","KLF2","mars",0.765744500856551
"cz_cf_bronchial_biopsy","CD4_minus_positive_helper_T_cell","PGR","mars",0.784331667295706
"cz_cf_bronchial_biopsy","CD4_minus_positive_helper_T_cell","REL","mars",0.776148555075271
"cz_cf_bronchial_biopsy","CD4_minus_positive_helper_T_cell","FOXP3","mars",0.78249865818101
"cz_cf_bronchial_biopsy","CD4_minus_positive_helper_T_cell","STAT3","mars",0.746906218107262
"cz_cf_bronchial_biopsy","CD4_minus_positive_helper_T_cell","ESR1","mars",0.738718883969607
"cz_cf_bronchial_biopsy","CD4_minus_positive_helper_T_cell","JUNB","svm_rbf",0.786081581603702
"cz_cf_bronchial_biopsy","CD4_minus_positive_helper_T_cell","MECOM","svm_rbf",0.816792813528106
"cz_cf_bronchial_biopsy","CD4_minus_positive_helper_T_cell","NR4A2","svm_rbf",0.800429469412092
"cz_cf_bronchial_biopsy","CD4_minus_positive_helper_T_cell","STAT1","svm_rbf",0.839629811717927
"cz_cf_bronchial_biopsy","CD4_minus_positive_helper_T_cell","POLR2A","svm_rbf",0.77348427260647
"cz_cf_bronchial_biopsy","CD4_minus_positive_helper_T_cell","RUNX3","svm_rbf",0.817762808798958
"cz_cf_bronchial_biopsy","CD4_minus_positive_helper_T_cell","NFKB1","svm_rbf",0.798720934886066
"cz_cf_bronchial_biopsy","CD4_minus_positive_helper_T_cell","ZNF331","svm_rbf",0.797603805660939
"cz_cf_bronchial_biopsy","CD4_minus_positive_helper_T_cell","RORA","svm_rbf",0.818585221569613
"cz_cf_bronchial_biopsy","CD4_minus_positive_helper_T_cell","FOXO1","svm_rbf",0.815461777763051
"cz_cf_bronchial_biopsy","CD4_minus_positive_helper_T_cell","GATA3","svm_rbf",0.797196189999961
"cz_cf_bronchial_biopsy","CD4_minus_positive_helper_T_cell","SMAD3","svm_rbf",0.787656053452311
"cz_cf_bronchial_biopsy","CD4_minus_positive_helper_T_cell","CREM","svm_rbf",0.77912191717277
"cz_cf_bronchial_biopsy","CD4_minus_positive_helper_T_cell","NR4A3","svm_rbf",0.75787117433034
"cz_cf_bronchial_biopsy","CD4_minus_positive_helper_T_cell","BACH1","svm_rbf",0.791775654917726
"cz_cf_bronchial_biopsy","CD4_minus_positive_helper_T_cell","SREBF2","svm_rbf",0.769599744327866
"cz_cf_bronchial_biopsy","CD4_minus_positive_helper_T_cell","RUNX2","svm_rbf",0.810792435593351
"cz_cf_bronchial_biopsy","CD4_minus_positive_helper_T_cell","BCL6","svm_rbf",0.771823987217388
"cz_cf_bronchial_biopsy","CD4_minus_positive_helper_T_cell","MYBL1","svm_rbf",0.80189519296446
"cz_cf_bronchial_biopsy","CD4_minus_positive_helper_T_cell","JUN","svm_rbf",0.833794461809638
"cz_cf_bronchial_biopsy","CD4_minus_positive_helper_T_cell","IRF4","svm_rbf",0.770049458526622
"cz_cf_bronchial_biopsy","CD4_minus_positive_helper_T_cell","RFX2","svm_rbf",0.762930967386479
"cz_cf_bronchial_biopsy","CD4_minus_positive_helper_T_cell","FOS","svm_rbf",0.798781214882544
"cz_cf_bronchial_biopsy","CD4_minus_positive_helper_T_cell","RELB","svm_rbf",0.750930570759226
"cz_cf_bronchial_biopsy","CD4_minus_positive_helper_T_cell","VDR","svm_rbf",0.752628486376185
"cz_cf_bronchial_biopsy","CD4_minus_positive_helper_T_cell","RFX3","svm_rbf",0.759027511179738
"cz_cf_bronchial_biopsy","CD4_minus_positive_helper_T_cell","HIVEP2","svm_rbf",0.770905651291772
"cz_cf_bronchial_biopsy","CD4_minus_positive_helper_T_cell","ID2","svm_rbf",0.787488272281637
"cz_cf_bronchial_biopsy","CD4_minus_positive_helper_T_cell","FOXP1","svm_rbf",0.700520095416064
"cz_cf_bronchial_biopsy","CD4_minus_positive_helper_T_cell","BATF","svm_rbf",0.797832312282341
"cz_cf_bronchial_biopsy","CD4_minus_positive_helper_T_cell","HIVEP3","svm_rbf",0.780404496275031
"cz_cf_bronchial_biopsy","CD4_minus_positive_helper_T_cell","IKZF2","svm_rbf",0.752336839217384
"cz_cf_bronchial_biopsy","CD4_minus_positive_helper_T_cell","RUNX1","svm_rbf",0.781750755627215
"cz_cf_bronchial_biopsy","CD4_minus_positive_helper_T_cell","KLF12","svm_rbf",0.735673222617037
"cz_cf_bronchial_biopsy","CD4_minus_positive_helper_T_cell","FOXO3","svm_rbf",0.79746453226387
"cz_cf_bronchial_biopsy","CD4_minus_positive_helper_T_cell","PPARG","svm_rbf",0.762587246285794
"cz_cf_bronchial_biopsy","CD4_minus_positive_helper_T_cell","RBPJ","svm_rbf",0.748676668032941
"cz_cf_bronchial_biopsy","CD4_minus_positive_helper_T_cell","PRDM1","svm_rbf",0.813321522733834
"cz_cf_bronchial_biopsy","CD4_minus_positive_helper_T_cell","ZFP82","svm_rbf",0.773229525572257
"cz_cf_bronchial_biopsy","CD4_minus_positive_helper_T_cell","ID3","svm_rbf",0.79370843881192
"cz_cf_bronchial_biopsy","CD4_minus_positive_helper_T_cell","PRDM9","svm_rbf",0.741679911747843
"cz_cf_bronchial_biopsy","CD4_minus_positive_helper_T_cell","STAT4","svm_rbf",0.757336735678071
"cz_cf_bronchial_biopsy","CD4_minus_positive_helper_T_cell","ZBTB16","svm_rbf",0.769194290232212
"cz_cf_bronchial_biopsy","CD4_minus_positive_helper_T_cell","TCF4","svm_rbf",0.770545654993719
"cz_cf_bronchial_biopsy","CD4_minus_positive_helper_T_cell","STAT5B","svm_rbf",0.765370693667254
"cz_cf_bronchial_biopsy","CD4_minus_positive_helper_T_cell","ZFY","svm_rbf",0.736257500307268
"cz_cf_bronchial_biopsy","CD4_minus_positive_helper_T_cell","MAF","svm_rbf",0.783631754958972
"cz_cf_bronchial_biopsy","CD4_minus_positive_helper_T_cell","ZSCAN22","svm_rbf",0.77791904796146
"cz_cf_bronchial_biopsy","CD4_minus_positive_helper_T_cell","EPAS1","svm_rbf",0.752917465579911
"cz_cf_bronchial_biopsy","CD4_minus_positive_helper_T_cell","NFIA","svm_rbf",0.709750944636336
"cz_cf_bronchial_biopsy","CD4_minus_positive_helper_T_cell","IKZF1","svm_rbf",0.738984570229914
"cz_cf_bronchial_biopsy","CD4_minus_positive_helper_T_cell","KLF4","svm_rbf",0.641690141252885
"cz_cf_bronchial_biopsy","CD4_minus_positive_helper_T_cell","PAX7","svm_rbf",0.832454611738991
"cz_cf_bronchial_biopsy","CD4_minus_positive_helper_T_cell","DMRT2","svm_rbf",0.730148542360543
"cz_cf_bronchial_biopsy","CD4_minus_positive_helper_T_cell","HLF","svm_rbf",0.772461077275709
"cz_cf_bronchial_biopsy","CD4_minus_positive_helper_T_cell","PBX4","svm_rbf",0.705456526584414
"cz_cf_bronchial_biopsy","CD4_minus_positive_helper_T_cell","MEOX2","svm_rbf",0.763905626123426
"cz_cf_bronchial_biopsy","CD4_minus_positive_helper_T_cell","SOX7","svm_rbf",0.640870826604032
"cz_cf_bronchial_biopsy","CD4_minus_positive_helper_T_cell","CUX2","svm_rbf",0.749647110263912
"cz_cf_bronchial_biopsy","CD4_minus_positive_helper_T_cell","ATF6","svm_rbf",0.639233549779826
"cz_cf_bronchial_biopsy","CD4_minus_positive_helper_T_cell","FOXF2","svm_rbf",0.799835199141056
"cz_cf_bronchial_biopsy","CD4_minus_positive_helper_T_cell","GATA2","svm_rbf",0.797406274633442
"cz_cf_bronchial_biopsy","CD4_minus_positive_helper_T_cell","CHD2","svm_rbf",0.778634082266049
"cz_cf_bronchial_biopsy","CD4_minus_positive_helper_T_cell","MITF","svm_rbf",0.771446666827668
"cz_cf_bronchial_biopsy","CD4_minus_positive_helper_T_cell","HEYL","svm_rbf",0.772605985644714
"cz_cf_bronchial_biopsy","CD4_minus_positive_helper_T_cell","KLF15","svm_rbf",0.773930795673966
"cz_cf_bronchial_biopsy","CD4_minus_positive_helper_T_cell","ZFP57","svm_rbf",0.799652795973092
"cz_cf_bronchial_biopsy","CD4_minus_positive_helper_T_cell","KLF6","svm_rbf",0.767600894814465
"cz_cf_bronchial_biopsy","CD4_minus_positive_helper_T_cell","NFE2L2","svm_rbf",0.782967583725165
"cz_cf_bronchial_biopsy","CD4_minus_positive_helper_T_cell","CEBPD","svm_rbf",0.784500617523775
"cz_cf_bronchial_biopsy","CD4_minus_positive_helper_T_cell","AR","svm_rbf",0.781936787113139
"cz_cf_bronchial_biopsy","CD4_minus_positive_helper_T_cell","AHR","svm_rbf",0.774354850862628
"cz_cf_bronchial_biopsy","CD4_minus_positive_helper_T_cell","CREB5","svm_rbf",0.801878892518305
"cz_cf_bronchial_biopsy","CD4_minus_positive_helper_T_cell","MAFF","svm_rbf",0.759591736537174
"cz_cf_bronchial_biopsy","CD4_minus_positive_helper_T_cell","EGR1","svm_rbf",0.799311481714282
"cz_cf_bronchial_biopsy","CD4_minus_positive_helper_T_cell","FLI1","svm_rbf",0.778691843489771
"cz_cf_bronchial_biopsy","CD4_minus_positive_helper_T_cell","BATF3","svm_rbf",0.796853072217847
"cz_cf_bronchial_biopsy","CD4_minus_positive_helper_T_cell","ELF1","svm_rbf",0.810274212567023
"cz_cf_bronchial_biopsy","CD4_minus_positive_helper_T_cell","JUND","svm_rbf",0.8114599382331
"cz_cf_bronchial_biopsy","CD4_minus_positive_helper_T_cell","EBF1","svm_rbf",0.801004854669211
"cz_cf_bronchial_biopsy","CD4_minus_positive_helper_T_cell","KLF2","svm_rbf",0.802465229119561
"cz_cf_bronchial_biopsy","CD4_minus_positive_helper_T_cell","PGR","svm_rbf",0.807228307764755
"cz_cf_bronchial_biopsy","CD4_minus_positive_helper_T_cell","REL","svm_rbf",0.800252183576426
"cz_cf_bronchial_biopsy","CD4_minus_positive_helper_T_cell","FOXP3","svm_rbf",0.822861726164454
"cz_cf_bronchial_biopsy","CD4_minus_positive_helper_T_cell","STAT3","svm_rbf",0.813853525969514
"cz_cf_bronchial_biopsy","CD4_minus_positive_helper_T_cell","ESR1","svm_rbf",0.818089797052476
"cz_cf_bronchial_biopsy","macrophage","REL","ranger_et",0.750545841565904
"cz_cf_bronchial_biopsy","macrophage","KLF7","ranger_et",0.791464823630146
"cz_cf_bronchial_biopsy","macrophage","TAF1","ranger_et",0.789114600323595
"cz_cf_bronchial_biopsy","macrophage","ZBTB7C","ranger_et",0.831494998354604
"cz_cf_bronchial_biopsy","macrophage","FOXO3","ranger_et",0.789584112830454
"cz_cf_bronchial_biopsy","macrophage","ELK3","ranger_et",0.805937753242536
"cz_cf_bronchial_biopsy","macrophage","MEF2C","ranger_et",0.830776670245436
"cz_cf_bronchial_biopsy","macrophage","NFKB1","ranger_et",0.667736104782749
"cz_cf_bronchial_biopsy","macrophage","CREB5","ranger_et",0.696641231774245
"cz_cf_bronchial_biopsy","macrophage","FOSB","ranger_et",0.793204634122072
"cz_cf_bronchial_biopsy","macrophage","TRIM28","ranger_et",0.799310886215256
"cz_cf_bronchial_biopsy","macrophage","SETDB1","ranger_et",0.61362626581714
"cz_cf_bronchial_biopsy","macrophage","JUNB","ranger_et",0.604397780133533
"cz_cf_bronchial_biopsy","macrophage","NR4A3","ranger_et",0.820688637558294
"cz_cf_bronchial_biopsy","macrophage","NR4A2","ranger_et",0.817240486843665
"cz_cf_bronchial_biopsy","macrophage","MITF","ranger_et",0.72837012232502
"cz_cf_bronchial_biopsy","macrophage","SP3","ranger_et",0.766698865181822
"cz_cf_bronchial_biopsy","macrophage","TCF12","ranger_et",0.827170916826841
"cz_cf_bronchial_biopsy","macrophage","VEZF1","ranger_et",0.836890870423419
"cz_cf_bronchial_biopsy","macrophage","ZNF148","ranger_et",0.825921508704398
"cz_cf_bronchial_biopsy","macrophage","FOSL2","ranger_et",0.685716007532708
"cz_cf_bronchial_biopsy","macrophage","FOXJ2","ranger_et",0.793995369114492
"cz_cf_bronchial_biopsy","macrophage","GATA3","ranger_et",0.756215707924747
"cz_cf_bronchial_biopsy","macrophage","PRDM16","ranger_et",0.823491812617699
"cz_cf_bronchial_biopsy","macrophage","ETV6","ranger_et",0.770759474932269
"cz_cf_bronchial_biopsy","macrophage","RORA","ranger_et",0.796706999150879
"cz_cf_bronchial_biopsy","macrophage","KLF6","ranger_et",0.770127723026083
"cz_cf_bronchial_biopsy","macrophage","MAF","ranger_et",0.8066366457818
"cz_cf_bronchial_biopsy","macrophage","ZEB1","ranger_et",0.770407431412153
"cz_cf_bronchial_biopsy","macrophage","IRF5","ranger_et",0.710768890134934
"cz_cf_bronchial_biopsy","macrophage","NPAS3","ranger_et",0.765216580796432
"cz_cf_bronchial_biopsy","macrophage","ZNF423","ranger_et",0.822097471987511
"cz_cf_bronchial_biopsy","macrophage","THRB","ranger_et",0.813797969562525
"cz_cf_bronchial_biopsy","macrophage","FOXN3","ranger_et",0.804588923413613
"cz_cf_bronchial_biopsy","macrophage","CREM","ranger_et",0.725098442108008
"cz_cf_bronchial_biopsy","macrophage","NPAS2","ranger_et",0.790277154779026
"cz_cf_bronchial_biopsy","macrophage","VDR","ranger_et",0.80735879590835
"cz_cf_bronchial_biopsy","macrophage","ZNF219","ranger_et",0.774926770214597
"cz_cf_bronchial_biopsy","macrophage","MAFB","ranger_et",0.769272516544647
"cz_cf_bronchial_biopsy","macrophage","AHR","ranger_et",0.805895429163326
"cz_cf_bronchial_biopsy","macrophage","ID3","ranger_et",0.75097349365391
"cz_cf_bronchial_biopsy","macrophage","RUNX1","ranger_et",0.717769269756141
"cz_cf_bronchial_biopsy","macrophage","ETS2","ranger_et",0.511697502908322
"cz_cf_bronchial_biopsy","macrophage","NFATC2","ranger_et",0.81575971837474
"cz_cf_bronchial_biopsy","macrophage","BACH2","ranger_et",0.788708857137784
"cz_cf_bronchial_biopsy","macrophage","RUNX3","ranger_et",0.775050787225071
"cz_cf_bronchial_biopsy","macrophage","THAP11","ranger_et",0.60853672126501
"cz_cf_bronchial_biopsy","macrophage","ESRRG","ranger_et",0.783910111795218
"cz_cf_bronchial_biopsy","macrophage","NR4A1","ranger_et",0.838220225973145
"cz_cf_bronchial_biopsy","macrophage","RBPJ","ranger_et",0.791949271041738
"cz_cf_bronchial_biopsy","macrophage","GRHL2","ranger_et",0.784208816082769
"cz_cf_bronchial_biopsy","macrophage","HIVEP2","ranger_et",0.64770571500611
"cz_cf_bronchial_biopsy","macrophage","NFAT5","ranger_et",0.743434099752576
"cz_cf_bronchial_biopsy","macrophage","HIF1A","ranger_et",0.772661144867855
"cz_cf_bronchial_biopsy","macrophage","MECOM","ranger_et",0.79321662682569
"cz_cf_bronchial_biopsy","macrophage","TCF4","ranger_et",0.837794218544065
"cz_cf_bronchial_biopsy","macrophage","FOXO1","ranger_et",0.800982077390088
"cz_cf_bronchial_biopsy","macrophage","RFX2","ranger_et",0.803259949148409
"cz_cf_bronchial_biopsy","macrophage","NFATC3","ranger_et",0.812839786898983
"cz_cf_bronchial_biopsy","macrophage","ELF1","ranger_et",0.817545316361921
"cz_cf_bronchial_biopsy","macrophage","NFIB","ranger_et",0.754259228600568
"cz_cf_bronchial_biopsy","macrophage","STAT5B","ranger_et",0.756816873922365
"cz_cf_bronchial_biopsy","macrophage","RARB","ranger_et",0.671433873943651
"cz_cf_bronchial_biopsy","macrophage","ZBTB16","ranger_et",0.771688235532218
"cz_cf_bronchial_biopsy","macrophage","HIVEP3","ranger_et",0.784840595756146
"cz_cf_bronchial_biopsy","macrophage","PPARA","ranger_et",0.804734804577003
"cz_cf_bronchial_biopsy","macrophage","CEBPD","ranger_et",0.745292555488877
"cz_cf_bronchial_biopsy","macrophage","GMEB2","ranger_et",0.735898255531616
"cz_cf_bronchial_biopsy","macrophage","SMAD3","ranger_et",0.66667860499663
"cz_cf_bronchial_biopsy","macrophage","ZNF331","ranger_et",0.751938469249159
"cz_cf_bronchial_biopsy","macrophage","TCF3","ranger_et",0.756541159745738
"cz_cf_bronchial_biopsy","macrophage","RUNX2","ranger_et",0.756920906079065
"cz_cf_bronchial_biopsy","macrophage","CUX1","ranger_et",0.805006158876152
"cz_cf_bronchial_biopsy","macrophage","STAT4","ranger_et",0.772861979340962
"cz_cf_bronchial_biopsy","macrophage","HIVEP1","ranger_et",0.706735130083218
"cz_cf_bronchial_biopsy","macrophage","NR3C1","ranger_et",0.697871588443813
"cz_cf_bronchial_biopsy","macrophage","ENO1","ranger_et",0.766079440283953
"cz_cf_bronchial_biopsy","macrophage","NFYB","ranger_et",0.818397965788673
"cz_cf_bronchial_biopsy","macrophage","BRF1","ranger_et",0.790908557844849
"cz_cf_bronchial_biopsy","macrophage","TFEB","ranger_et",0.783422502937713
"cz_cf_bronchial_biopsy","macrophage","PPARG","ranger_et",0.777185139474208
"cz_cf_bronchial_biopsy","macrophage","NFE2L2","ranger_et",0.766028470320095
"cz_cf_bronchial_biopsy","macrophage","ZNF467","ranger_et",0.828664346088057
"cz_cf_bronchial_biopsy","macrophage","ITGB2","ranger_et",0.809386107753431
"cz_cf_bronchial_biopsy","macrophage","ATF3","ranger_et",0.800703553432324
"cz_cf_bronchial_biopsy","macrophage","MAX","ranger_et",0.83836828862277
"cz_cf_bronchial_biopsy","macrophage","TP53","ranger_et",0.80251668106221
"cz_cf_bronchial_biopsy","macrophage","EGR3","ranger_et",0.839947413539017
"cz_cf_bronchial_biopsy","macrophage","SMARCC1","ranger_et",0.750470255885237
"cz_cf_bronchial_biopsy","macrophage","HEYL","ranger_et",0.802911056172334
"cz_cf_bronchial_biopsy","macrophage","CCNT2","ranger_et",0.821216603056202
"cz_cf_bronchial_biopsy","macrophage","HNF4G","ranger_et",0.81538036029818
"cz_cf_bronchial_biopsy","macrophage","JUN","ranger_et",0.8448058683959
"cz_cf_bronchial_biopsy","macrophage","CEBPB","ranger_et",0.828337283138969
"cz_cf_bronchial_biopsy","macrophage","PLAG1","ranger_et",0.804489861865437
"cz_cf_bronchial_biopsy","macrophage","PRDM1","ranger_et",0.824330635293291
"cz_cf_bronchial_biopsy","macrophage","NR2C2","ranger_et",0.821317228225138
"cz_cf_bronchial_biopsy","macrophage","ZNF281","ranger_et",0.795482896367505
"cz_cf_bronchial_biopsy","macrophage","KLF4","ranger_et",0.759302198856602
"cz_cf_bronchial_biopsy","macrophage","IRF6","ranger_et",0.755527312689749
"cz_cf_bronchial_biopsy","macrophage","FOXK2","ranger_et",0.817555370917044
"cz_cf_bronchial_biopsy","macrophage","KLF12","ranger_et",0.798953417928264
"cz_cf_bronchial_biopsy","macrophage","ZBTB7B","ranger_et",0.821150136393359
"cz_cf_bronchial_biopsy","macrophage","JUND","ranger_et",0.820215418201931
"cz_cf_bronchial_biopsy","macrophage","JDP2","ranger_et",0.730656783764546
"cz_cf_bronchial_biopsy","macrophage","TCF7L2","ranger_et",0.862538540924411
"cz_cf_bronchial_biopsy","macrophage","KLF5","ranger_et",0.81870461595717
"cz_cf_bronchial_biopsy","macrophage","HES4","ranger_et",0.825655642108936
"cz_cf_bronchial_biopsy","macrophage","EGR1","ranger_et",0.804225234703444
"cz_cf_bronchial_biopsy","macrophage","KLF2","ranger_et",0.828331774100464
"cz_cf_bronchial_biopsy","macrophage","FOS","ranger_et",0.858324202900765
"cz_cf_bronchial_biopsy","macrophage","E2F3","ranger_et",0.840460652424233
"cz_cf_bronchial_biopsy","macrophage","REL","xgboost",0.826118753227656
"cz_cf_bronchial_biopsy","macrophage","KLF7","xgboost",0.824614633303153
"cz_cf_bronchial_biopsy","macrophage","TAF1","xgboost",0.825636030313539
"cz_cf_bronchial_biopsy","macrophage","ZBTB7C","xgboost",0.823406644779219
"cz_cf_bronchial_biopsy","macrophage","FOXO3","xgboost",0.821649124938608
"cz_cf_bronchial_biopsy","macrophage","ELK3","xgboost",0.825263955278046
"cz_cf_bronchial_biopsy","macrophage","MEF2C","xgboost",0.861665040428897
"cz_cf_bronchial_biopsy","macrophage","NFKB1","xgboost",0.775324400912963
"cz_cf_bronchial_biopsy","macrophage","CREB5","xgboost",0.758163741517806
"cz_cf_bronchial_biopsy","macrophage","FOSB","xgboost",0.868781094779333
"cz_cf_bronchial_biopsy","macrophage","TRIM28","xgboost",0.883661170781241
"cz_cf_bronchial_biopsy","macrophage","SETDB1","xgboost",0.72334233126997
"cz_cf_bronchial_biopsy","macrophage","JUNB","xgboost",0.643519699282636
"cz_cf_bronchial_biopsy","macrophage","NR4A3","xgboost",0.868480724953243
"cz_cf_bronchial_biopsy","macrophage","NR4A2","xgboost",0.866921464688239
"cz_cf_bronchial_biopsy","macrophage","MITF","xgboost",0.73323378777955
"cz_cf_bronchial_biopsy","macrophage","SP3","xgboost",0.841922848440885
"cz_cf_bronchial_biopsy","macrophage","TCF12","xgboost",0.858259988949258
"cz_cf_bronchial_biopsy","macrophage","VEZF1","xgboost",0.884181146235203
"cz_cf_bronchial_biopsy","macrophage","ZNF148","xgboost",0.846561303226963
"cz_cf_bronchial_biopsy","macrophage","FOSL2","xgboost",0.733266217827449
"cz_cf_bronchial_biopsy","macrophage","FOXJ2","xgboost",0.802128147921301
"cz_cf_bronchial_biopsy","macrophage","GATA3","xgboost",0.80011425352193
"cz_cf_bronchial_biopsy","macrophage","PRDM16","xgboost",0.877057563248242
"cz_cf_bronchial_biopsy","macrophage","ETV6","xgboost",0.835406663229849
"cz_cf_bronchial_biopsy","macrophage","RORA","xgboost",0.825564738643331
"cz_cf_bronchial_biopsy","macrophage","KLF6","xgboost",0.795254477513811
"cz_cf_bronchial_biopsy","macrophage","MAF","xgboost",0.862047266606984
"cz_cf_bronchial_biopsy","macrophage","ZEB1","xgboost",0.796366880499286
"cz_cf_bronchial_biopsy","macrophage","IRF5","xgboost",0.718721477008842
"cz_cf_bronchial_biopsy","macrophage","NPAS3","xgboost",0.810303284952004
"cz_cf_bronchial_biopsy","macrophage","ZNF423","xgboost",0.866830518321715
"cz_cf_bronchial_biopsy","macrophage","THRB","xgboost",0.854183325182002
"cz_cf_bronchial_biopsy","macrophage","FOXN3","xgboost",0.811912848618515
"cz_cf_bronchial_biopsy","macrophage","CREM","xgboost",0.77922437257568
"cz_cf_bronchial_biopsy","macrophage","NPAS2","xgboost",0.866054363592404
"cz_cf_bronchial_biopsy","macrophage","VDR","xgboost",0.863196794682484
"cz_cf_bronchial_biopsy","macrophage","ZNF219","xgboost",0.829989715247248
"cz_cf_bronchial_biopsy","macrophage","MAFB","xgboost",0.810044066126432
"cz_cf_bronchial_biopsy","macrophage","AHR","xgboost",0.852510822545606
"cz_cf_bronchial_biopsy","macrophage","ID3","xgboost",0.753101331703922
"cz_cf_bronchial_biopsy","macrophage","RUNX1","xgboost",0.729253155154588
"cz_cf_bronchial_biopsy","macrophage","ETS2","xgboost",0.636181639332353
"cz_cf_bronchial_biopsy","macrophage","NFATC2","xgboost",0.830100492409572
"cz_cf_bronchial_biopsy","macrophage","BACH2","xgboost",0.802243020229642
"cz_cf_bronchial_biopsy","macrophage","RUNX3","xgboost",0.809448106003454
"cz_cf_bronchial_biopsy","macrophage","THAP11","xgboost",0.705454876207581
"cz_cf_bronchial_biopsy","macrophage","ESRRG","xgboost",0.836599874426052
"cz_cf_bronchial_biopsy","macrophage","NR4A1","xgboost",0.889334932329303
"cz_cf_bronchial_biopsy","macrophage","RBPJ","xgboost",0.790792284025273
"cz_cf_bronchial_biopsy","macrophage","GRHL2","xgboost",0.842667452942236
"cz_cf_bronchial_biopsy","macrophage","HIVEP2","xgboost",0.792755628498927
"cz_cf_bronchial_biopsy","macrophage","NFAT5","xgboost",0.793949729255895
"cz_cf_bronchial_biopsy","macrophage","HIF1A","xgboost",0.828355847617322
"cz_cf_bronchial_biopsy","macrophage","MECOM","xgboost",0.851671162833528
"cz_cf_bronchial_biopsy","macrophage","TCF4","xgboost",0.881609940016272
"cz_cf_bronchial_biopsy","macrophage","FOXO1","xgboost",0.839458802601701
"cz_cf_bronchial_biopsy","macrophage","RFX2","xgboost",0.839140869616057
"cz_cf_bronchial_biopsy","macrophage","NFATC3","xgboost",0.8443106934117
"cz_cf_bronchial_biopsy","macrophage","ELF1","xgboost",0.906466119561626
"cz_cf_bronchial_biopsy","macrophage","NFIB","xgboost",0.812607090042909
"cz_cf_bronchial_biopsy","macrophage","STAT5B","xgboost",0.810936744611684
"cz_cf_bronchial_biopsy","macrophage","RARB","xgboost",0.674429807168271
"cz_cf_bronchial_biopsy","macrophage","ZBTB16","xgboost",0.789627316720027
"cz_cf_bronchial_biopsy","macrophage","HIVEP3","xgboost",0.818285217290463
"cz_cf_bronchial_biopsy","macrophage","PPARA","xgboost",0.850919410891004
"cz_cf_bronchial_biopsy","macrophage","CEBPD","xgboost",0.755348421505348
"cz_cf_bronchial_biopsy","macrophage","GMEB2","xgboost",0.809635860112728
"cz_cf_bronchial_biopsy","macrophage","SMAD3","xgboost",0.721901337387085
"cz_cf_bronchial_biopsy","macrophage","ZNF331","xgboost",0.81812065188137
"cz_cf_bronchial_biopsy","macrophage","TCF3","xgboost",0.84974087681867
"cz_cf_bronchial_biopsy","macrophage","RUNX2","xgboost",0.807328925670036
"cz_cf_bronchial_biopsy","macrophage","CUX1","xgboost",0.834032533350396
"cz_cf_bronchial_biopsy","macrophage","STAT4","xgboost",0.814872925737865
"cz_cf_bronchial_biopsy","macrophage","HIVEP1","xgboost",0.723508657575633
"cz_cf_bronchial_biopsy","macrophage","NR3C1","xgboost",0.8460336857202
"cz_cf_bronchial_biopsy","macrophage","ENO1","xgboost",0.808608680138252
"cz_cf_bronchial_biopsy","macrophage","NFYB","xgboost",0.84583132112898
"cz_cf_bronchial_biopsy","macrophage","BRF1","xgboost",0.824128987856497
"cz_cf_bronchial_biopsy","macrophage","TFEB","xgboost",0.776714251456939
"cz_cf_bronchial_biopsy","macrophage","PPARG","xgboost",0.779181477454449
"cz_cf_bronchial_biopsy","macrophage","NFE2L2","xgboost",0.808570825537125
"cz_cf_bronchial_biopsy","macrophage","ZNF467","xgboost",0.880991269554215
"cz_cf_bronchial_biopsy","macrophage","ITGB2","xgboost",0.850957375288977
"cz_cf_bronchial_biopsy","macrophage","ATF3","xgboost",0.85191797146204
"cz_cf_bronchial_biopsy","macrophage","MAX","xgboost",0.877987695911285
"cz_cf_bronchial_biopsy","macrophage","TP53","xgboost",0.835873012540332
"cz_cf_bronchial_biopsy","macrophage","EGR3","xgboost",0.883226544852197
"cz_cf_bronchial_biopsy","macrophage","SMARCC1","xgboost",0.822123434037842
"cz_cf_bronchial_biopsy","macrophage","HEYL","xgboost",0.822531652043238
"cz_cf_bronchial_biopsy","macrophage","CCNT2","xgboost",0.860195495484716
"cz_cf_bronchial_biopsy","macrophage","HNF4G","xgboost",0.855472991152273
"cz_cf_bronchial_biopsy","macrophage","JUN","xgboost",0.856167224165886
"cz_cf_bronchial_biopsy","macrophage","CEBPB","xgboost",0.887388958779422
"cz_cf_bronchial_biopsy","macrophage","PLAG1","xgboost",0.851428427635447
"cz_cf_bronchial_biopsy","macrophage","PRDM1","xgboost",0.860862128980456
"cz_cf_bronchial_biopsy","macrophage","NR2C2","xgboost",0.864064493954267
"cz_cf_bronchial_biopsy","macrophage","ZNF281","xgboost",0.804056600305477
"cz_cf_bronchial_biopsy","macrophage","KLF4","xgboost",0.83783242952253
"cz_cf_bronchial_biopsy","macrophage","IRF6","xgboost",0.784893398281098
"cz_cf_bronchial_biopsy","macrophage","FOXK2","xgboost",0.866125448757554
"cz_cf_bronchial_biopsy","macrophage","KLF12","xgboost",0.862274461322154
"cz_cf_bronchial_biopsy","macrophage","ZBTB7B","xgboost",0.844249542303426
"cz_cf_bronchial_biopsy","macrophage","JUND","xgboost",0.861813546525355
"cz_cf_bronchial_biopsy","macrophage","JDP2","xgboost",0.775926876275525
"cz_cf_bronchial_biopsy","macrophage","TCF7L2","xgboost",0.912521303866204
"cz_cf_bronchial_biopsy","macrophage","KLF5","xgboost",0.869486083069987
"cz_cf_bronchial_biopsy","macrophage","HES4","xgboost",0.851956277147931
"cz_cf_bronchial_biopsy","macrophage","EGR1","xgboost",0.858158611738593
"cz_cf_bronchial_biopsy","macrophage","KLF2","xgboost",0.840790731712854
"cz_cf_bronchial_biopsy","macrophage","FOS","xgboost",0.888771435494375
"cz_cf_bronchial_biopsy","macrophage","E2F3","xgboost",0.834116712776829
"cz_cf_bronchial_biopsy","macrophage","REL","mars",0.634819363936592
"cz_cf_bronchial_biopsy","macrophage","KLF7","mars",0.696940913098217
"cz_cf_bronchial_biopsy","macrophage","TAF1","mars",0.766697218577434
"cz_cf_bronchial_biopsy","macrophage","ZBTB7C","mars",0.768531285821215
"cz_cf_bronchial_biopsy","macrophage","FOXO3","mars",0.797030485580596
"cz_cf_bronchial_biopsy","macrophage","ELK3","mars",0.779718251379785
"cz_cf_bronchial_biopsy","macrophage","MEF2C","mars",0.50136872016277
"cz_cf_bronchial_biopsy","macrophage","NFKB1","mars",0.687023234742334
"cz_cf_bronchial_biopsy","macrophage","CREB5","mars",0.410878864878803
"cz_cf_bronchial_biopsy","macrophage","FOSB","mars",0.764513907716461
"cz_cf_bronchial_biopsy","macrophage","TRIM28","mars",0.711418405180327
"cz_cf_bronchial_biopsy","macrophage","SETDB1","mars",0.466066850545234
"cz_cf_bronchial_biopsy","macrophage","JUNB","mars",0.432247527218631
"cz_cf_bronchial_biopsy","macrophage","NR4A3","mars",0.729665250496232
"cz_cf_bronchial_biopsy","macrophage","NR4A2","mars",0.705256924426665
"cz_cf_bronchial_biopsy","macrophage","MITF","mars",0.432157039863847
"cz_cf_bronchial_biopsy","macrophage","SP3","mars",0.73044580178549
"cz_cf_bronchial_biopsy","macrophage","TCF12","mars",0.549972172623878
"cz_cf_bronchial_biopsy","macrophage","VEZF1","mars",0.820224836913325
"cz_cf_bronchial_biopsy","macrophage","ZNF148","mars",0.713401908341869
"cz_cf_bronchial_biopsy","macrophage","FOSL2","mars",0.621547393995081
"cz_cf_bronchial_biopsy","macrophage","FOXJ2","mars",0.717082577743828
"cz_cf_bronchial_biopsy","macrophage","GATA3","mars",0.524375400527214
"cz_cf_bronchial_biopsy","macrophage","PRDM16","mars",0.785672947145318
"cz_cf_bronchial_biopsy","macrophage","ETV6","mars",0.704789741083391
"cz_cf_bronchial_biopsy","macrophage","RORA","mars",0.684408144624108
"cz_cf_bronchial_biopsy","macrophage","KLF6","mars",0.755464186572943
"cz_cf_bronchial_biopsy","macrophage","MAF","mars",0.709738091484009
"cz_cf_bronchial_biopsy","macrophage","ZEB1","mars",0.688136996269016
"cz_cf_bronchial_biopsy","macrophage","IRF5","mars",-0.237500982212785
"cz_cf_bronchial_biopsy","macrophage","NPAS3","mars",0.778262082028496
"cz_cf_bronchial_biopsy","macrophage","ZNF423","mars",0.765588615961166
"cz_cf_bronchial_biopsy","macrophage","THRB","mars",0.703387306112307
"cz_cf_bronchial_biopsy","macrophage","FOXN3","mars",0.742366972938849
"cz_cf_bronchial_biopsy","macrophage","CREM","mars",0.538989052086357
"cz_cf_bronchial_biopsy","macrophage","NPAS2","mars",0.680661240585874
"cz_cf_bronchial_biopsy","macrophage","VDR","mars",0.712748728690985
"cz_cf_bronchial_biopsy","macrophage","ZNF219","mars",0.603645033602612
"cz_cf_bronchial_biopsy","macrophage","MAFB","mars",0.57813664702598
"cz_cf_bronchial_biopsy","macrophage","AHR","mars",0.769224212677414
"cz_cf_bronchial_biopsy","macrophage","ID3","mars",0.347722984334931
"cz_cf_bronchial_biopsy","macrophage","RUNX1","mars",0.609667205865282
"cz_cf_bronchial_biopsy","macrophage","ETS2","mars",0.164855389767574
"cz_cf_bronchial_biopsy","macrophage","NFATC2","mars",0.599148615132346
"cz_cf_bronchial_biopsy","macrophage","BACH2","mars",0.710645551846515
"cz_cf_bronchial_biopsy","macrophage","RUNX3","mars",0.604593776842557
"cz_cf_bronchial_biopsy","macrophage","THAP11","mars",0.293308280261746
"cz_cf_bronchial_biopsy","macrophage","ESRRG","mars",0.737437919726369
"cz_cf_bronchial_biopsy","macrophage","NR4A1","mars",0.679116371182589
"cz_cf_bronchial_biopsy","macrophage","RBPJ","mars",0.726978134328502
"cz_cf_bronchial_biopsy","macrophage","GRHL2","mars",0.659776797369584
"cz_cf_bronchial_biopsy","macrophage","HIVEP2","mars",0.380454008665183
"cz_cf_bronchial_biopsy","macrophage","NFAT5","mars",0.747607863059355
"cz_cf_bronchial_biopsy","macrophage","HIF1A","mars",0.718495363942341
"cz_cf_bronchial_biopsy","macrophage","MECOM","mars",0.609792532658868
"cz_cf_bronchial_biopsy","macrophage","TCF4","mars",0.809607599930087
"cz_cf_bronchial_biopsy","macrophage","FOXO1","mars",0.564748340444262
"cz_cf_bronchial_biopsy","macrophage","RFX2","mars",0.769112199221187
"cz_cf_bronchial_biopsy","macrophage","NFATC3","mars",0.764300871299133
"cz_cf_bronchial_biopsy","macrophage","ELF1","mars",0.775741545523439
"cz_cf_bronchial_biopsy","macrophage","NFIB","mars",0.594815436019052
"cz_cf_bronchial_biopsy","macrophage","STAT5B","mars",0.566166661053612
"cz_cf_bronchial_biopsy","macrophage","RARB","mars",0.604642455496414
"cz_cf_bronchial_biopsy","macrophage","ZBTB16","mars",0.725015477382077
"cz_cf_bronchial_biopsy","macrophage","HIVEP3","mars",0.534069476719866
"cz_cf_bronchial_biopsy","macrophage","PPARA","mars",0.678326498448314
"cz_cf_bronchial_biopsy","macrophage","CEBPD","mars",0.649715061860918
"cz_cf_bronchial_biopsy","macrophage","GMEB2","mars",0.529873205680121
"cz_cf_bronchial_biopsy","macrophage","SMAD3","mars",0.47742490829801
"cz_cf_bronchial_biopsy","macrophage","ZNF331","mars",0.725245639143404
"cz_cf_bronchial_biopsy","macrophage","TCF3","mars",0.818509647469864
"cz_cf_bronchial_biopsy","macrophage","RUNX2","mars",0.61127330308732
"cz_cf_bronchial_biopsy","macrophage","CUX1","mars",0.609777057782932
"cz_cf_bronchial_biopsy","macrophage","STAT4","mars",0.708911354061165
"cz_cf_bronchial_biopsy","macrophage","HIVEP1","mars",0.530242361243196
"cz_cf_bronchial_biopsy","macrophage","NR3C1","mars",0.702478925444127
"cz_cf_bronchial_biopsy","macrophage","ENO1","mars",0.602845365044969
"cz_cf_bronchial_biopsy","macrophage","NFYB","mars",0.590103800579817
"cz_cf_bronchial_biopsy","macrophage","BRF1","mars",0.686763253428932
"cz_cf_bronchial_biopsy","macrophage","TFEB","mars",0.648793907335411
"cz_cf_bronchial_biopsy","macrophage","PPARG","mars",0.446120262776302
"cz_cf_bronchial_biopsy","macrophage","NFE2L2","mars",0.582224403824765
"cz_cf_bronchial_biopsy","macrophage","ZNF467","mars",0.754665186453336
"cz_cf_bronchial_biopsy","macrophage","ITGB2","mars",0.82601716205004
"cz_cf_bronchial_biopsy","macrophage","ATF3","mars",0.77232624103769
"cz_cf_bronchial_biopsy","macrophage","MAX","mars",0.771107953650125
"cz_cf_bronchial_biopsy","macrophage","TP53","mars",0.668092326669566
"cz_cf_bronchial_biopsy","macrophage","EGR3","mars",0.845522929184093
"cz_cf_bronchial_biopsy","macrophage","SMARCC1","mars",0.651867088545344
"cz_cf_bronchial_biopsy","macrophage","HEYL","mars",0.541451569841292
"cz_cf_bronchial_biopsy","macrophage","CCNT2","mars",0.681198162944912
"cz_cf_bronchial_biopsy","macrophage","HNF4G","mars",0.375139690206763
"cz_cf_bronchial_biopsy","macrophage","JUN","mars",0.750003412955096
"cz_cf_bronchial_biopsy","macrophage","CEBPB","mars",0.788064292537242
"cz_cf_bronchial_biopsy","macrophage","PLAG1","mars",0.732196753241425
"cz_cf_bronchial_biopsy","macrophage","PRDM1","mars",0.754999799134865
"cz_cf_bronchial_biopsy","macrophage","NR2C2","mars",0.727295990124646
"cz_cf_bronchial_biopsy","macrophage","ZNF281","mars",-3.4599475674605
"cz_cf_bronchial_biopsy","macrophage","KLF4","mars",0.754352842000973
"cz_cf_bronchial_biopsy","macrophage","IRF6","mars",0.604197460655612
"cz_cf_bronchial_biopsy","macrophage","FOXK2","mars",0.636422578093395
"cz_cf_bronchial_biopsy","macrophage","KLF12","mars",0.795606128256174
"cz_cf_bronchial_biopsy","macrophage","ZBTB7B","mars",0.695458421772878
"cz_cf_bronchial_biopsy","macrophage","JUND","mars",0.690142089782918
"cz_cf_bronchial_biopsy","macrophage","JDP2","mars",0.544906341021478
"cz_cf_bronchial_biopsy","macrophage","TCF7L2","mars",0.85067953871104
"cz_cf_bronchial_biopsy","macrophage","KLF5","mars",0.792407937723632
"cz_cf_bronchial_biopsy","macrophage","HES4","mars",0.772462814347628
"cz_cf_bronchial_biopsy","macrophage","EGR1","mars",0.733922541406772
"cz_cf_bronchial_biopsy","macrophage","KLF2","mars",0.599404454088081
"cz_cf_bronchial_biopsy","macrophage","FOS","mars",0.823695560700528
"cz_cf_bronchial_biopsy","macrophage","E2F3","mars",0.760948455420102
"cz_cf_bronchial_biopsy","macrophage","REL","svm_rbf",0.75791368995305
"cz_cf_bronchial_biopsy","macrophage","KLF7","svm_rbf",0.811553915809631
"cz_cf_bronchial_biopsy","macrophage","TAF1","svm_rbf",0.794246009213025
"cz_cf_bronchial_biopsy","macrophage","ZBTB7C","svm_rbf",0.820636736945402
"cz_cf_bronchial_biopsy","macrophage","FOXO3","svm_rbf",0.778573216568329
"cz_cf_bronchial_biopsy","macrophage","ELK3","svm_rbf",0.810409408465143
"cz_cf_bronchial_biopsy","macrophage","MEF2C","svm_rbf",0.81329891441837
"cz_cf_bronchial_biopsy","macrophage","NFKB1","svm_rbf",0.674801267048754
"cz_cf_bronchial_biopsy","macrophage","CREB5","svm_rbf",0.709343197569624
"cz_cf_bronchial_biopsy","macrophage","FOSB","svm_rbf",0.797033739776661
"cz_cf_bronchial_biopsy","macrophage","TRIM28","svm_rbf",0.800451748099326
"cz_cf_bronchial_biopsy","macrophage","SETDB1","svm_rbf",0.599434673734696
"cz_cf_bronchial_biopsy","macrophage","JUNB","svm_rbf",0.627868907398838
"cz_cf_bronchial_biopsy","macrophage","NR4A3","svm_rbf",0.81196770838172
"cz_cf_bronchial_biopsy","macrophage","NR4A2","svm_rbf",0.810483862741796
"cz_cf_bronchial_biopsy","macrophage","MITF","svm_rbf",0.740695242191498
"cz_cf_bronchial_biopsy","macrophage","SP3","svm_rbf",0.766959789210797
"cz_cf_bronchial_biopsy","macrophage","TCF12","svm_rbf",0.819825710928196
"cz_cf_bronchial_biopsy","macrophage","VEZF1","svm_rbf",0.818249142847408
"cz_cf_bronchial_biopsy","macrophage","ZNF148","svm_rbf",0.80784612677646
"cz_cf_bronchial_biopsy","macrophage","FOSL2","svm_rbf",0.693932925306875
"cz_cf_bronchial_biopsy","macrophage","FOXJ2","svm_rbf",0.796150227284649
"cz_cf_bronchial_biopsy","macrophage","GATA3","svm_rbf",0.735872753003488
"cz_cf_bronchial_biopsy","macrophage","PRDM16","svm_rbf",0.821306669342957
"cz_cf_bronchial_biopsy","macrophage","ETV6","svm_rbf",0.776380846773567
"cz_cf_bronchial_biopsy","macrophage","RORA","svm_rbf",0.77771437624639
"cz_cf_bronchial_biopsy","macrophage","KLF6","svm_rbf",0.768524780499994
"cz_cf_bronchial_biopsy","macrophage","MAF","svm_rbf",0.789599256317929
"cz_cf_bronchial_biopsy","macrophage","ZEB1","svm_rbf",0.788663813797125
"cz_cf_bronchial_biopsy","macrophage","IRF5","svm_rbf",0.68005335794984
"cz_cf_bronchial_biopsy","macrophage","NPAS3","svm_rbf",0.756865266970657
"cz_cf_bronchial_biopsy","macrophage","ZNF423","svm_rbf",0.827606336791595
"cz_cf_bronchial_biopsy","macrophage","THRB","svm_rbf",0.825336903871407
"cz_cf_bronchial_biopsy","macrophage","FOXN3","svm_rbf",0.806829806919963
"cz_cf_bronchial_biopsy","macrophage","CREM","svm_rbf",0.720537595263075
"cz_cf_bronchial_biopsy","macrophage","NPAS2","svm_rbf",0.777030807361611
"cz_cf_bronchial_biopsy","macrophage","VDR","svm_rbf",0.781512604397467
"cz_cf_bronchial_biopsy","macrophage","ZNF219","svm_rbf",0.780120917965709
"cz_cf_bronchial_biopsy","macrophage","MAFB","svm_rbf",0.752211764565039
"cz_cf_bronchial_biopsy","macrophage","AHR","svm_rbf",0.791432232544594
"cz_cf_bronchial_biopsy","macrophage","ID3","svm_rbf",0.761767610721711
"cz_cf_bronchial_biopsy","macrophage","RUNX1","svm_rbf",0.712412331124153
"cz_cf_bronchial_biopsy","macrophage","ETS2","svm_rbf",0.492409497070749
"cz_cf_bronchial_biopsy","macrophage","NFATC2","svm_rbf",0.797381400266468
"cz_cf_bronchial_biopsy","macrophage","BACH2","svm_rbf",0.797720932999549
"cz_cf_bronchial_biopsy","macrophage","RUNX3","svm_rbf",0.790483772845675
"cz_cf_bronchial_biopsy","macrophage","THAP11","svm_rbf",0.575041063574445
"cz_cf_bronchial_biopsy","macrophage","ESRRG","svm_rbf",0.767209973967731
"cz_cf_bronchial_biopsy","macrophage","NR4A1","svm_rbf",0.817175524540542
"cz_cf_bronchial_biopsy","macrophage","RBPJ","svm_rbf",0.794407636632602
"cz_cf_bronchial_biopsy","macrophage","GRHL2","svm_rbf",0.784570501222718
"cz_cf_bronchial_biopsy","macrophage","HIVEP2","svm_rbf",0.598770810999143
"cz_cf_bronchial_biopsy","macrophage","NFAT5","svm_rbf",0.727418005264932
"cz_cf_bronchial_biopsy","macrophage","HIF1A","svm_rbf",0.772792109173352
"cz_cf_bronchial_biopsy","macrophage","MECOM","svm_rbf",0.785562267031253
"cz_cf_bronchial_biopsy","macrophage","TCF4","svm_rbf",0.811019929271437
"cz_cf_bronchial_biopsy","macrophage","FOXO1","svm_rbf",0.787513498788954
"cz_cf_bronchial_biopsy","macrophage","RFX2","svm_rbf",0.78420712217455
"cz_cf_bronchial_biopsy","macrophage","NFATC3","svm_rbf",0.800488749294061
"cz_cf_bronchial_biopsy","macrophage","ELF1","svm_rbf",0.806774719505127
"cz_cf_bronchial_biopsy","macrophage","NFIB","svm_rbf",0.726425805619547
"cz_cf_bronchial_biopsy","macrophage","STAT5B","svm_rbf",0.754649697956802
"cz_cf_bronchial_biopsy","macrophage","RARB","svm_rbf",0.664523076082102
"cz_cf_bronchial_biopsy","macrophage","ZBTB16","svm_rbf",0.762123207353034
"cz_cf_bronchial_biopsy","macrophage","HIVEP3","svm_rbf",0.76358353386117
"cz_cf_bronchial_biopsy","macrophage","PPARA","svm_rbf",0.798919689255554
"cz_cf_bronchial_biopsy","macrophage","CEBPD","svm_rbf",0.759725272333005
"cz_cf_bronchial_biopsy","macrophage","GMEB2","svm_rbf",0.719066296344777
"cz_cf_bronchial_biopsy","macrophage","SMAD3","svm_rbf",0.573703300731208
"cz_cf_bronchial_biopsy","macrophage","ZNF331","svm_rbf",0.743059516006631
"cz_cf_bronchial_biopsy","macrophage","TCF3","svm_rbf",0.764417473584724
"cz_cf_bronchial_biopsy","macrophage","RUNX2","svm_rbf",0.758648783867972
"cz_cf_bronchial_biopsy","macrophage","CUX1","svm_rbf",0.792891104883795
"cz_cf_bronchial_biopsy","macrophage","STAT4","svm_rbf",0.758995051395958
"cz_cf_bronchial_biopsy","macrophage","HIVEP1","svm_rbf",0.695939431254786
"cz_cf_bronchial_biopsy","macrophage","NR3C1","svm_rbf",0.688223404435497
"cz_cf_bronchial_biopsy","macrophage","ENO1","svm_rbf",0.754385522454013
"cz_cf_bronchial_biopsy","macrophage","NFYB","svm_rbf",0.798407334212198
"cz_cf_bronchial_biopsy","macrophage","BRF1","svm_rbf",0.811336258087644
"cz_cf_bronchial_biopsy","macrophage","TFEB","svm_rbf",0.788630397429479
"cz_cf_bronchial_biopsy","macrophage","PPARG","svm_rbf",0.783963712492989
"cz_cf_bronchial_biopsy","macrophage","NFE2L2","svm_rbf",0.760629470715151
"cz_cf_bronchial_biopsy","macrophage","ZNF467","svm_rbf",0.816943097784283
"cz_cf_bronchial_biopsy","macrophage","ITGB2","svm_rbf",0.827854185583571
"cz_cf_bronchial_biopsy","macrophage","ATF3","svm_rbf",0.794504043842929
"cz_cf_bronchial_biopsy","macrophage","MAX","svm_rbf",0.838891943120522
"cz_cf_bronchial_biopsy","macrophage","TP53","svm_rbf",0.784378647910923
"cz_cf_bronchial_biopsy","macrophage","EGR3","svm_rbf",0.84515301257137
"cz_cf_bronchial_biopsy","macrophage","SMARCC1","svm_rbf",0.769393391116529
"cz_cf_bronchial_biopsy","macrophage","HEYL","svm_rbf",0.799822168256037
"cz_cf_bronchial_biopsy","macrophage","CCNT2","svm_rbf",0.833883723890823
"cz_cf_bronchial_biopsy","macrophage","HNF4G","svm_rbf",0.797265210760929
"cz_cf_bronchial_biopsy","macrophage","JUN","svm_rbf",0.836841016620601
"cz_cf_bronchial_biopsy","macrophage","CEBPB","svm_rbf",0.837757515022306
"cz_cf_bronchial_biopsy","macrophage","PLAG1","svm_rbf",0.788551197174101
"cz_cf_bronchial_biopsy","macrophage","PRDM1","svm_rbf",0.815426017922798
"cz_cf_bronchial_biopsy","macrophage","NR2C2","svm_rbf",0.820772399834697
"cz_cf_bronchial_biopsy","macrophage","ZNF281","svm_rbf",0.759668148025567
"cz_cf_bronchial_biopsy","macrophage","KLF4","svm_rbf",0.802696623216289
"cz_cf_bronchial_biopsy","macrophage","IRF6","svm_rbf",0.765423409269863
"cz_cf_bronchial_biopsy","macrophage","FOXK2","svm_rbf",0.814452279760031
"cz_cf_bronchial_biopsy","macrophage","KLF12","svm_rbf",0.810205371487784
"cz_cf_bronchial_biopsy","macrophage","ZBTB7B","svm_rbf",0.819264004198804
"cz_cf_bronchial_biopsy","macrophage","JUND","svm_rbf",0.801637594372727
"cz_cf_bronchial_biopsy","macrophage","JDP2","svm_rbf",0.715098829593386
"cz_cf_bronchial_biopsy","macrophage","TCF7L2","svm_rbf",0.84800057107304
"cz_cf_bronchial_biopsy","macrophage","KLF5","svm_rbf",0.838184078504959
"cz_cf_bronchial_biopsy","macrophage","HES4","svm_rbf",0.850520922902332
"cz_cf_bronchial_biopsy","macrophage","EGR1","svm_rbf",0.823638473445629
"cz_cf_bronchial_biopsy","macrophage","KLF2","svm_rbf",0.802723503547948
"cz_cf_bronchial_biopsy","macrophage","FOS","svm_rbf",0.84865797103621
"cz_cf_bronchial_biopsy","macrophage","E2F3","svm_rbf",0.834684811710663
"cz_cf_bronchial_biopsy","mast_cell","NFKB1","ranger_et",0.738573249867625
"cz_cf_bronchial_biopsy","mast_cell","ZBTB1","ranger_et",0.763563401413162
"cz_cf_bronchial_biopsy","mast_cell","ZBTB33","ranger_et",0.761879239592866
"cz_cf_bronchial_biopsy","mast_cell","TBX2","ranger_et",0.770695188639555
"cz_cf_bronchial_biopsy","mast_cell","FOXF2","ranger_et",0.716131467112459
"cz_cf_bronchial_biopsy","mast_cell","NFE2","ranger_et",0.775836098792061
"cz_cf_bronchial_biopsy","mast_cell","KLF6","ranger_et",0.740150277859901
"cz_cf_bronchial_biopsy","mast_cell","JUNB","ranger_et",0.773304900248904
"cz_cf_bronchial_biopsy","mast_cell","REL","ranger_et",0.716876283330555
"cz_cf_bronchial_biopsy","mast_cell","CREB5","ranger_et",0.706309257607057
"cz_cf_bronchial_biopsy","mast_cell","JUND","ranger_et",0.736646679121266
"cz_cf_bronchial_biopsy","mast_cell","FOSB","ranger_et",0.714889028458896
"cz_cf_bronchial_biopsy","mast_cell","FOXN3","ranger_et",0.710953593330918
"cz_cf_bronchial_biopsy","mast_cell","FOXK2","ranger_et",0.69362976075146
"cz_cf_bronchial_biopsy","mast_cell","MEF2A","ranger_et",0.662859655541337
"cz_cf_bronchial_biopsy","mast_cell","E4F1","ranger_et",0.720249104517902
"cz_cf_bronchial_biopsy","mast_cell","NFE2L2","ranger_et",0.748925657220694
"cz_cf_bronchial_biopsy","mast_cell","FOS","ranger_et",0.728414089076498
"cz_cf_bronchial_biopsy","mast_cell","GRHL1","ranger_et",0.736861889358284
"cz_cf_bronchial_biopsy","mast_cell","KLF4","ranger_et",0.781109261124595
"cz_cf_bronchial_biopsy","mast_cell","MAFA","ranger_et",0.747047760683482
"cz_cf_bronchial_biopsy","mast_cell","FOXC1","ranger_et",0.67656619576529
"cz_cf_bronchial_biopsy","mast_cell","HES1","ranger_et",0.655384810350401
"cz_cf_bronchial_biopsy","mast_cell","NR2F2","ranger_et",0.726694070747886
"cz_cf_bronchial_biopsy","mast_cell","KLF9","ranger_et",0.718633614311978
"cz_cf_bronchial_biopsy","mast_cell","ATF3","ranger_et",0.685976709295624
"cz_cf_bronchial_biopsy","mast_cell","JDP2","ranger_et",0.741786155107199
"cz_cf_bronchial_biopsy","mast_cell","HDAC2","ranger_et",0.706519600672209
"cz_cf_bronchial_biopsy","mast_cell","SMAD3","ranger_et",0.752144722136934
"cz_cf_bronchial_biopsy","mast_cell","FOXA3","ranger_et",0.71391260412712
"cz_cf_bronchial_biopsy","mast_cell","JUN","ranger_et",0.702687962061321
"cz_cf_bronchial_biopsy","mast_cell","GTF3C2","ranger_et",0.64583427400725
"cz_cf_bronchial_biopsy","mast_cell","CHD2","ranger_et",0.691525417741507
"cz_cf_bronchial_biopsy","mast_cell","POLR2A","ranger_et",0.719524302745813
"cz_cf_bronchial_biopsy","mast_cell","FOXQ1","ranger_et",0.671356129634257
"cz_cf_bronchial_biopsy","mast_cell","KLF11","ranger_et",0.725168732628645
"cz_cf_bronchial_biopsy","mast_cell","MECOM","ranger_et",0.701720708615738
"cz_cf_bronchial_biopsy","mast_cell","CREM","ranger_et",0.677005542555973
"cz_cf_bronchial_biopsy","mast_cell","RFX3","ranger_et",0.709676951484184
"cz_cf_bronchial_biopsy","mast_cell","XBP1","ranger_et",0.69290811443781
"cz_cf_bronchial_biopsy","mast_cell","OVOL2","ranger_et",0.68169042050743
"cz_cf_bronchial_biopsy","mast_cell","FLI1","ranger_et",0.587041111182979
"cz_cf_bronchial_biopsy","mast_cell","STAT4","ranger_et",0.717570065787174
"cz_cf_bronchial_biopsy","mast_cell","NPAS2","ranger_et",0.670492749007299
"cz_cf_bronchial_biopsy","mast_cell","ESR1","ranger_et",0.668338792538135
"cz_cf_bronchial_biopsy","mast_cell","NPAS3","ranger_et",0.668135778777606
"cz_cf_bronchial_biopsy","mast_cell","FOXF1","ranger_et",0.633607741178425
"cz_cf_bronchial_biopsy","mast_cell","EPAS1","ranger_et",0.70092692889907
"cz_cf_bronchial_biopsy","mast_cell","FOXP1","ranger_et",0.682492359353197
"cz_cf_bronchial_biopsy","mast_cell","RFX2","ranger_et",0.665886252868803
"cz_cf_bronchial_biopsy","mast_cell","TCF4","ranger_et",0.683402874706636
"cz_cf_bronchial_biopsy","mast_cell","POU2F1","ranger_et",0.720092219639215
"cz_cf_bronchial_biopsy","mast_cell","RUNX3","ranger_et",0.67367452829443
"cz_cf_bronchial_biopsy","mast_cell","ELF1","ranger_et",0.64385995383731
"cz_cf_bronchial_biopsy","mast_cell","MEF2C","ranger_et",0.59611437846564
"cz_cf_bronchial_biopsy","mast_cell","TFAP2C","ranger_et",0.671108909117581
"cz_cf_bronchial_biopsy","mast_cell","NR4A3","ranger_et",0.717988688277948
"cz_cf_bronchial_biopsy","mast_cell","SOX2","ranger_et",0.658385695018132
"cz_cf_bronchial_biopsy","mast_cell","ZNF331","ranger_et",0.654524568753938
"cz_cf_bronchial_biopsy","mast_cell","PAX7","ranger_et",0.68743761420036
"cz_cf_bronchial_biopsy","mast_cell","EGR3","ranger_et",0.745252048291239
"cz_cf_bronchial_biopsy","mast_cell","ZSCAN31","ranger_et",0.64295699738478
"cz_cf_bronchial_biopsy","mast_cell","HIF1A","ranger_et",0.65716490141034
"cz_cf_bronchial_biopsy","mast_cell","BCL6B","ranger_et",0.683956686639069
"cz_cf_bronchial_biopsy","mast_cell","GABPA","ranger_et",0.564479074154812
"cz_cf_bronchial_biopsy","mast_cell","AR","ranger_et",0.576788944915225
"cz_cf_bronchial_biopsy","mast_cell","NKX3-1","ranger_et",0.654226663826898
"cz_cf_bronchial_biopsy","mast_cell","MEIS2","ranger_et",0.736544273798688
"cz_cf_bronchial_biopsy","mast_cell","STAT1","ranger_et",0.575102383173478
"cz_cf_bronchial_biopsy","mast_cell","FOXO1","ranger_et",0.650326702958307
"cz_cf_bronchial_biopsy","mast_cell","TEF","ranger_et",0.67565716630527
"cz_cf_bronchial_biopsy","mast_cell","IRX5","ranger_et",0.602783227035909
"cz_cf_bronchial_biopsy","mast_cell","TRIM28","ranger_et",0.596683875164627
"cz_cf_bronchial_biopsy","mast_cell","RORA","ranger_et",0.439390339356326
"cz_cf_bronchial_biopsy","mast_cell","ZNF740","ranger_et",0.655845395591373
"cz_cf_bronchial_biopsy","mast_cell","DDIT3","ranger_et",0.586749969827316
"cz_cf_bronchial_biopsy","mast_cell","SNAI2","ranger_et",0.605500264401822
"cz_cf_bronchial_biopsy","mast_cell","ZNF320","ranger_et",0.613005006691455
"cz_cf_bronchial_biopsy","mast_cell","IRX3","ranger_et",0.464685523217855
"cz_cf_bronchial_biopsy","mast_cell","ETS1","ranger_et",0.500746866881695
"cz_cf_bronchial_biopsy","mast_cell","PAX9","ranger_et",0.554337133196149
"cz_cf_bronchial_biopsy","mast_cell","SREBF2","ranger_et",0.593478636406863
"cz_cf_bronchial_biopsy","mast_cell","SMARCC2","ranger_et",0.493353010423193
"cz_cf_bronchial_biopsy","mast_cell","EGR1","ranger_et",0.512832909387635
"cz_cf_bronchial_biopsy","mast_cell","ID2","ranger_et",0.580745985651564
"cz_cf_bronchial_biopsy","mast_cell","PTEN","ranger_et",0.528786802329606
"cz_cf_bronchial_biopsy","mast_cell","MITF","ranger_et",0.435196499896888
"cz_cf_bronchial_biopsy","mast_cell","BACH2","ranger_et",0.519481086003913
"cz_cf_bronchial_biopsy","mast_cell","ZNF35","ranger_et",0.507916977969123
"cz_cf_bronchial_biopsy","mast_cell","ARID2","ranger_et",0.525143936268712
"cz_cf_bronchial_biopsy","mast_cell","PBX1","ranger_et",0.50505552959206
"cz_cf_bronchial_biopsy","mast_cell","MLX","ranger_et",0.574334167101566
"cz_cf_bronchial_biopsy","mast_cell","PBX3","ranger_et",0.543970725109021
"cz_cf_bronchial_biopsy","mast_cell","ZNF85","ranger_et",0.629624322000048
"cz_cf_bronchial_biopsy","mast_cell","KLF5","ranger_et",0.454870197073863
"cz_cf_bronchial_biopsy","mast_cell","FOXO3","ranger_et",0.57603846141633
"cz_cf_bronchial_biopsy","mast_cell","NFIA","ranger_et",0.674748799711115
"cz_cf_bronchial_biopsy","mast_cell","AHR","ranger_et",0.616391842194027
"cz_cf_bronchial_biopsy","mast_cell","TP63","ranger_et",0.695720839692784
"cz_cf_bronchial_biopsy","mast_cell","MAZ","ranger_et",0.575967674725575
"cz_cf_bronchial_biopsy","mast_cell","GLIS3","ranger_et",0.564359278820222
"cz_cf_bronchial_biopsy","mast_cell","KLF12","ranger_et",0.615910308206792
"cz_cf_bronchial_biopsy","mast_cell","BACH1","ranger_et",0.675389935537981
"cz_cf_bronchial_biopsy","mast_cell","RUNX1","ranger_et",0.695411667391495
"cz_cf_bronchial_biopsy","mast_cell","NR4A2","ranger_et",0.752065294775684
"cz_cf_bronchial_biopsy","mast_cell","THAP1","ranger_et",0.796536591219019
"cz_cf_bronchial_biopsy","mast_cell","NFKB1","xgboost",0.787675296648086
"cz_cf_bronchial_biopsy","mast_cell","ZBTB1","xgboost",0.806514645077526
"cz_cf_bronchial_biopsy","mast_cell","ZBTB33","xgboost",0.772880827902092
"cz_cf_bronchial_biopsy","mast_cell","TBX2","xgboost",0.801932782201974
"cz_cf_bronchial_biopsy","mast_cell","FOXF2","xgboost",0.751208434005172
"cz_cf_bronchial_biopsy","mast_cell","NFE2","xgboost",0.810689560267287
"cz_cf_bronchial_biopsy","mast_cell","KLF6","xgboost",0.787608932379271
"cz_cf_bronchial_biopsy","mast_cell","JUNB","xgboost",0.783360116365085
"cz_cf_bronchial_biopsy","mast_cell","REL","xgboost",0.729569941266874
"cz_cf_bronchial_biopsy","mast_cell","CREB5","xgboost",0.736563511111619
"cz_cf_bronchial_biopsy","mast_cell","JUND","xgboost",0.767544694098455
"cz_cf_bronchial_biopsy","mast_cell","FOSB","xgboost",0.720118465869071
"cz_cf_bronchial_biopsy","mast_cell","FOXN3","xgboost",0.734736628550431
"cz_cf_bronchial_biopsy","mast_cell","FOXK2","xgboost",0.739699747855824
"cz_cf_bronchial_biopsy","mast_cell","MEF2A","xgboost",0.724272191757161
"cz_cf_bronchial_biopsy","mast_cell","E4F1","xgboost",0.773145169108488
"cz_cf_bronchial_biopsy","mast_cell","NFE2L2","xgboost",0.767235573768448
"cz_cf_bronchial_biopsy","mast_cell","FOS","xgboost",0.773928000005116
"cz_cf_bronchial_biopsy","mast_cell","GRHL1","xgboost",0.773903975556982
"cz_cf_bronchial_biopsy","mast_cell","KLF4","xgboost",0.816594013161162
"cz_cf_bronchial_biopsy","mast_cell","MAFA","xgboost",0.789104255685927
"cz_cf_bronchial_biopsy","mast_cell","FOXC1","xgboost",0.737305423077467
"cz_cf_bronchial_biopsy","mast_cell","HES1","xgboost",0.705915129343366
"cz_cf_bronchial_biopsy","mast_cell","NR2F2","xgboost",0.778057096249015
"cz_cf_bronchial_biopsy","mast_cell","KLF9","xgboost",0.789179936459562
"cz_cf_bronchial_biopsy","mast_cell","ATF3","xgboost",0.75655954039784
"cz_cf_bronchial_biopsy","mast_cell","JDP2","xgboost",0.777786998242813
"cz_cf_bronchial_biopsy","mast_cell","HDAC2","xgboost",0.721980499334646
"cz_cf_bronchial_biopsy","mast_cell","SMAD3","xgboost",0.78910402152148
"cz_cf_bronchial_biopsy","mast_cell","FOXA3","xgboost",0.770449937733227
"cz_cf_bronchial_biopsy","mast_cell","JUN","xgboost",0.777260789832833
"cz_cf_bronchial_biopsy","mast_cell","GTF3C2","xgboost",0.664418589694839
"cz_cf_bronchial_biopsy","mast_cell","CHD2","xgboost",0.714626437922803
"cz_cf_bronchial_biopsy","mast_cell","POLR2A","xgboost",0.738841389667979
"cz_cf_bronchial_biopsy","mast_cell","FOXQ1","xgboost",0.75154673885698
"cz_cf_bronchial_biopsy","mast_cell","KLF11","xgboost",0.797325517621228
"cz_cf_bronchial_biopsy","mast_cell","MECOM","xgboost",0.699561325474312
"cz_cf_bronchial_biopsy","mast_cell","CREM","xgboost",0.725976493319133
"cz_cf_bronchial_biopsy","mast_cell","RFX3","xgboost",0.729843137228903
"cz_cf_bronchial_biopsy","mast_cell","XBP1","xgboost",0.713079992961406
"cz_cf_bronchial_biopsy","mast_cell","OVOL2","xgboost",0.695115458597558
"cz_cf_bronchial_biopsy","mast_cell","FLI1","xgboost",0.655840013347734
"cz_cf_bronchial_biopsy","mast_cell","STAT4","xgboost",0.786847782954254
"cz_cf_bronchial_biopsy","mast_cell","NPAS2","xgboost",0.700148617200363
"cz_cf_bronchial_biopsy","mast_cell","ESR1","xgboost",0.723058737877978
"cz_cf_bronchial_biopsy","mast_cell","NPAS3","xgboost",0.678946930503401
"cz_cf_bronchial_biopsy","mast_cell","FOXF1","xgboost",0.692785592956955
"cz_cf_bronchial_biopsy","mast_cell","EPAS1","xgboost",0.730630474244897
"cz_cf_bronchial_biopsy","mast_cell","FOXP1","xgboost",0.731037817527557
"cz_cf_bronchial_biopsy","mast_cell","RFX2","xgboost",0.672591048386225
"cz_cf_bronchial_biopsy","mast_cell","TCF4","xgboost",0.686625092584873
"cz_cf_bronchial_biopsy","mast_cell","POU2F1","xgboost",0.822100282358061
"cz_cf_bronchial_biopsy","mast_cell","RUNX3","xgboost",0.732627005615142
"cz_cf_bronchial_biopsy","mast_cell","ELF1","xgboost",0.721994830071609
"cz_cf_bronchial_biopsy","mast_cell","MEF2C","xgboost",0.665823982178755
"cz_cf_bronchial_biopsy","mast_cell","TFAP2C","xgboost",0.72531150443833
"cz_cf_bronchial_biopsy","mast_cell","NR4A3","xgboost",0.752520152305773
"cz_cf_bronchial_biopsy","mast_cell","SOX2","xgboost",0.657357878925915
"cz_cf_bronchial_biopsy","mast_cell","ZNF331","xgboost",0.693383048721726
"cz_cf_bronchial_biopsy","mast_cell","PAX7","xgboost",0.720103480534044
"cz_cf_bronchial_biopsy","mast_cell","EGR3","xgboost",0.755371424931114
"cz_cf_bronchial_biopsy","mast_cell","ZSCAN31","xgboost",0.654594969120046
"cz_cf_bronchial_biopsy","mast_cell","HIF1A","xgboost",0.620503869189541
"cz_cf_bronchial_biopsy","mast_cell","BCL6B","xgboost",0.785494932856067
"cz_cf_bronchial_biopsy","mast_cell","GABPA","xgboost",0.651515895796932
"cz_cf_bronchial_biopsy","mast_cell","AR","xgboost",0.668075428497958
"cz_cf_bronchial_biopsy","mast_cell","NKX3-1","xgboost",0.654250980450815
"cz_cf_bronchial_biopsy","mast_cell","MEIS2","xgboost",0.722833141436015
"cz_cf_bronchial_biopsy","mast_cell","STAT1","xgboost",0.690909643435139
"cz_cf_bronchial_biopsy","mast_cell","FOXO1","xgboost",0.63793413132786
"cz_cf_bronchial_biopsy","mast_cell","TEF","xgboost",0.655853056933734
"cz_cf_bronchial_biopsy","mast_cell","IRX5","xgboost",0.595876769591218
"cz_cf_bronchial_biopsy","mast_cell","TRIM28","xgboost",0.659754566116427
"cz_cf_bronchial_biopsy","mast_cell","RORA","xgboost",0.448411287655184
"cz_cf_bronchial_biopsy","mast_cell","ZNF740","xgboost",0.642912946024104
"cz_cf_bronchial_biopsy","mast_cell","DDIT3","xgboost",0.588109987990045
"cz_cf_bronchial_biopsy","mast_cell","SNAI2","xgboost",0.598940155283901
"cz_cf_bronchial_biopsy","mast_cell","ZNF320","xgboost",0.636039074998652
"cz_cf_bronchial_biopsy","mast_cell","IRX3","xgboost",0.352120387273907
"cz_cf_bronchial_biopsy","mast_cell","ETS1","xgboost",0.580636146191681
"cz_cf_bronchial_biopsy","mast_cell","PAX9","xgboost",0.659064627903576
"cz_cf_bronchial_biopsy","mast_cell","SREBF2","xgboost",0.598324711704323
"cz_cf_bronchial_biopsy","mast_cell","SMARCC2","xgboost",0.549915259752462
"cz_cf_bronchial_biopsy","mast_cell","EGR1","xgboost",0.626207447574896
"cz_cf_bronchial_biopsy","mast_cell","ID2","xgboost",0.63090071258146
"cz_cf_bronchial_biopsy","mast_cell","PTEN","xgboost",0.552311297646116
"cz_cf_bronchial_biopsy","mast_cell","MITF","xgboost",0.534794950959622
"cz_cf_bronchial_biopsy","mast_cell","BACH2","xgboost",0.579773459048952
"cz_cf_bronchial_biopsy","mast_cell","ZNF35","xgboost",0.581320921982978
"cz_cf_bronchial_biopsy","mast_cell","ARID2","xgboost",0.589773816693644
"cz_cf_bronchial_biopsy","mast_cell","PBX1","xgboost",0.488085847526042
"cz_cf_bronchial_biopsy","mast_cell","MLX","xgboost",0.701725184825464
"cz_cf_bronchial_biopsy","mast_cell","PBX3","xgboost",0.610494681462743
"cz_cf_bronchial_biopsy","mast_cell","ZNF85","xgboost",0.620067493421915
"cz_cf_bronchial_biopsy","mast_cell","KLF5","xgboost",0.56664024057995
"cz_cf_bronchial_biopsy","mast_cell","FOXO3","xgboost",0.599325450651106
"cz_cf_bronchial_biopsy","mast_cell","NFIA","xgboost",0.739871670083305
"cz_cf_bronchial_biopsy","mast_cell","AHR","xgboost",0.684209634450094
"cz_cf_bronchial_biopsy","mast_cell","TP63","xgboost",0.733772098387247
"cz_cf_bronchial_biopsy","mast_cell","MAZ","xgboost",0.634979749989302
"cz_cf_bronchial_biopsy","mast_cell","GLIS3","xgboost",0.612866098694312
"cz_cf_bronchial_biopsy","mast_cell","KLF12","xgboost",0.613715005034054
"cz_cf_bronchial_biopsy","mast_cell","BACH1","xgboost",0.690324867354238
"cz_cf_bronchial_biopsy","mast_cell","RUNX1","xgboost",0.692639898109956
"cz_cf_bronchial_biopsy","mast_cell","NR4A2","xgboost",0.766964367254171
"cz_cf_bronchial_biopsy","mast_cell","THAP1","xgboost",0.834647857944725
"cz_cf_bronchial_biopsy","mast_cell","NFKB1","mars",0.712896295658605
"cz_cf_bronchial_biopsy","mast_cell","ZBTB1","mars",0.668129570171617
"cz_cf_bronchial_biopsy","mast_cell","ZBTB33","mars",0.685967457000013
"cz_cf_bronchial_biopsy","mast_cell","TBX2","mars",0.725730847026223
"cz_cf_bronchial_biopsy","mast_cell","FOXF2","mars",0.536117222839552
"cz_cf_bronchial_biopsy","mast_cell","NFE2","mars",0.659576715840828
"cz_cf_bronchial_biopsy","mast_cell","KLF6","mars",0.464683098960628
"cz_cf_bronchial_biopsy","mast_cell","JUNB","mars",0.707430213438838
"cz_cf_bronchial_biopsy","mast_cell","REL","mars",0.497454086273035
"cz_cf_bronchial_biopsy","mast_cell","CREB5","mars",0.531220704314906
"cz_cf_bronchial_biopsy","mast_cell","JUND","mars",0.700826819830185
"cz_cf_bronchial_biopsy","mast_cell","FOSB","mars",0.358506165497804
"cz_cf_bronchial_biopsy","mast_cell","FOXN3","mars",0.614725916305296
"cz_cf_bronchial_biopsy","mast_cell","FOXK2","mars",0.434108402767771
"cz_cf_bronchial_biopsy","mast_cell","MEF2A","mars",0.568424776457162
"cz_cf_bronchial_biopsy","mast_cell","E4F1","mars",0.575229774703587
"cz_cf_bronchial_biopsy","mast_cell","NFE2L2","mars",0.732413963512679
"cz_cf_bronchial_biopsy","mast_cell","FOS","mars",0.468855870889624
"cz_cf_bronchial_biopsy","mast_cell","GRHL1","mars",0.641039694978687
"cz_cf_bronchial_biopsy","mast_cell","KLF4","mars",0.773108046067251
"cz_cf_bronchial_biopsy","mast_cell","MAFA","mars",0.67144282812861
"cz_cf_bronchial_biopsy","mast_cell","FOXC1","mars",0.465964090717163
"cz_cf_bronchial_biopsy","mast_cell","HES1","mars",0.620050007814706
"cz_cf_bronchial_biopsy","mast_cell","NR2F2","mars",0.633602403256115
"cz_cf_bronchial_biopsy","mast_cell","KLF9","mars",0.681154917800154
"cz_cf_bronchial_biopsy","mast_cell","ATF3","mars",0.695296061702417
"cz_cf_bronchial_biopsy","mast_cell","JDP2","mars",0.625382056320811
"cz_cf_bronchial_biopsy","mast_cell","HDAC2","mars",0.517918346170378
"cz_cf_bronchial_biopsy","mast_cell","SMAD3","mars",0.386654179935006
"cz_cf_bronchial_biopsy","mast_cell","FOXA3","mars",0.611640560726261
"cz_cf_bronchial_biopsy","mast_cell","JUN","mars",0.109191506997041
"cz_cf_bronchial_biopsy","mast_cell","GTF3C2","mars",0.492416078248711
"cz_cf_bronchial_biopsy","mast_cell","CHD2","mars",0.468199462096516
"cz_cf_bronchial_biopsy","mast_cell","POLR2A","mars",-0.993577517595701
"cz_cf_bronchial_biopsy","mast_cell","FOXQ1","mars",0.526842101809504
"cz_cf_bronchial_biopsy","mast_cell","KLF11","mars",0.759438324249061
"cz_cf_bronchial_biopsy","mast_cell","MECOM","mars",-0.49156440235795
"cz_cf_bronchial_biopsy","mast_cell","CREM","mars",0.573852902631885
"cz_cf_bronchial_biopsy","mast_cell","RFX3","mars",0.565866952408125
"cz_cf_bronchial_biopsy","mast_cell","XBP1","mars",0.645738763401324
"cz_cf_bronchial_biopsy","mast_cell","OVOL2","mars",0.515264458889495
"cz_cf_bronchial_biopsy","mast_cell","FLI1","mars",0.465190349516603
"cz_cf_bronchial_biopsy","mast_cell","STAT4","mars",0.738975025012641
"cz_cf_bronchial_biopsy","mast_cell","NPAS2","mars",0.556024721593336
"cz_cf_bronchial_biopsy","mast_cell","ESR1","mars",0.478409200304207
"cz_cf_bronchial_biopsy","mast_cell","NPAS3","mars",0.474456314726517
"cz_cf_bronchial_biopsy","mast_cell","FOXF1","mars",0.512230643984025
"cz_cf_bronchial_biopsy","mast_cell","EPAS1","mars",0.325968537040513
"cz_cf_bronchial_biopsy","mast_cell","FOXP1","mars",0.5606051729018
"cz_cf_bronchial_biopsy","mast_cell","RFX2","mars",0.486981741320941
"cz_cf_bronchial_biopsy","mast_cell","TCF4","mars",0.462817309670311
"cz_cf_bronchial_biopsy","mast_cell","POU2F1","mars",0.747438706629039
"cz_cf_bronchial_biopsy","mast_cell","RUNX3","mars",0.441460636628294
"cz_cf_bronchial_biopsy","mast_cell","ELF1","mars",0.581539476264645
"cz_cf_bronchial_biopsy","mast_cell","MEF2C","mars",0.423061856047667
"cz_cf_bronchial_biopsy","mast_cell","TFAP2C","mars",0.514213055953958
"cz_cf_bronchial_biopsy","mast_cell","NR4A3","mars",0.538730889889632
"cz_cf_bronchial_biopsy","mast_cell","SOX2","mars",0.427886103270861
"cz_cf_bronchial_biopsy","mast_cell","ZNF331","mars",0.288158900097784
"cz_cf_bronchial_biopsy","mast_cell","PAX7","mars",0.538872329456354
"cz_cf_bronchial_biopsy","mast_cell","EGR3","mars",0.665708498847361
"cz_cf_bronchial_biopsy","mast_cell","ZSCAN31","mars",0.308298992942146
"cz_cf_bronchial_biopsy","mast_cell","HIF1A","mars",0.226891116252967
"cz_cf_bronchial_biopsy","mast_cell","BCL6B","mars",0.68958840458212
"cz_cf_bronchial_biopsy","mast_cell","GABPA","mars",0.466176549295681
"cz_cf_bronchial_biopsy","mast_cell","AR","mars",0.499919263122677
"cz_cf_bronchial_biopsy","mast_cell","NKX3-1","mars",-0.29062862727059
"cz_cf_bronchial_biopsy","mast_cell","MEIS2","mars",0.598522448843034
"cz_cf_bronchial_biopsy","mast_cell","STAT1","mars",0.58167506418511
"cz_cf_bronchial_biopsy","mast_cell","FOXO1","mars",0.566221092163289
"cz_cf_bronchial_biopsy","mast_cell","TEF","mars",0.495676321954223
"cz_cf_bronchial_biopsy","mast_cell","IRX5","mars",0.31609050627712
"cz_cf_bronchial_biopsy","mast_cell","TRIM28","mars",0.495748282399511
"cz_cf_bronchial_biopsy","mast_cell","RORA","mars",0.1775912843006
"cz_cf_bronchial_biopsy","mast_cell","ZNF740","mars",0.435362489057067
"cz_cf_bronchial_biopsy","mast_cell","DDIT3","mars",0.151430288971763
"cz_cf_bronchial_biopsy","mast_cell","SNAI2","mars",-0.751843916017618
"cz_cf_bronchial_biopsy","mast_cell","ZNF320","mars",0.439804673323534
"cz_cf_bronchial_biopsy","mast_cell","IRX3","mars",0.218406313239201
"cz_cf_bronchial_biopsy","mast_cell","ETS1","mars",0.392856724311067
"cz_cf_bronchial_biopsy","mast_cell","PAX9","mars",0.563437461713012
"cz_cf_bronchial_biopsy","mast_cell","SREBF2","mars",0.252447971220503
"cz_cf_bronchial_biopsy","mast_cell","SMARCC2","mars",0.14903135667928
"cz_cf_bronchial_biopsy","mast_cell","EGR1","mars",0.351086411031665
"cz_cf_bronchial_biopsy","mast_cell","ID2","mars",0.0801249769514166
"cz_cf_bronchial_biopsy","mast_cell","PTEN","mars",0.390341528933952
"cz_cf_bronchial_biopsy","mast_cell","MITF","mars",0.223091114722657
"cz_cf_bronchial_biopsy","mast_cell","BACH2","mars",0.303346906327054
"cz_cf_bronchial_biopsy","mast_cell","ZNF35","mars",0.352326981642217
"cz_cf_bronchial_biopsy","mast_cell","ARID2","mars",0.414501827927996
"cz_cf_bronchial_biopsy","mast_cell","PBX1","mars",0.206241791257627
"cz_cf_bronchial_biopsy","mast_cell","MLX","mars",0.560317877891672
"cz_cf_bronchial_biopsy","mast_cell","PBX3","mars",0.558596075895345
"cz_cf_bronchial_biopsy","mast_cell","ZNF85","mars",0.114712395534459
"cz_cf_bronchial_biopsy","mast_cell","KLF5","mars",0.389587628998914
"cz_cf_bronchial_biopsy","mast_cell","FOXO3","mars",0.392117455826128
"cz_cf_bronchial_biopsy","mast_cell","NFIA","mars",0.489318625146209
"cz_cf_bronchial_biopsy","mast_cell","AHR","mars",0.407129146268964
"cz_cf_bronchial_biopsy","mast_cell","TP63","mars",0.547558449015542
"cz_cf_bronchial_biopsy","mast_cell","MAZ","mars",0.437118763246827
"cz_cf_bronchial_biopsy","mast_cell","GLIS3","mars",0.376879084070713
"cz_cf_bronchial_biopsy","mast_cell","KLF12","mars",0.304377534364075
"cz_cf_bronchial_biopsy","mast_cell","BACH1","mars",0.596251913881884
"cz_cf_bronchial_biopsy","mast_cell","RUNX1","mars",0.586662423958441
"cz_cf_bronchial_biopsy","mast_cell","NR4A2","mars",0.650490900150607
"cz_cf_bronchial_biopsy","mast_cell","THAP1","mars",0.880663800706514
"cz_cf_bronchial_biopsy","mast_cell","NFKB1","svm_rbf",0.780095043921229
"cz_cf_bronchial_biopsy","mast_cell","ZBTB1","svm_rbf",0.799423812009578
"cz_cf_bronchial_biopsy","mast_cell","ZBTB33","svm_rbf",0.821016263537199
"cz_cf_bronchial_biopsy","mast_cell","TBX2","svm_rbf",0.838067470456053
"cz_cf_bronchial_biopsy","mast_cell","FOXF2","svm_rbf",0.762541153913895
"cz_cf_bronchial_biopsy","mast_cell","NFE2","svm_rbf",0.82370949219321
"cz_cf_bronchial_biopsy","mast_cell","KLF6","svm_rbf",0.78110804841251
"cz_cf_bronchial_biopsy","mast_cell","JUNB","svm_rbf",0.825029715845711
"cz_cf_bronchial_biopsy","mast_cell","REL","svm_rbf",0.745502767457516
"cz_cf_bronchial_biopsy","mast_cell","CREB5","svm_rbf",0.778548116982204
"cz_cf_bronchial_biopsy","mast_cell","JUND","svm_rbf",0.775916338865549
"cz_cf_bronchial_biopsy","mast_cell","FOSB","svm_rbf",0.769181224310746
"cz_cf_bronchial_biopsy","mast_cell","FOXN3","svm_rbf",0.741602368729583
"cz_cf_bronchial_biopsy","mast_cell","FOXK2","svm_rbf",0.735537934369582
"cz_cf_bronchial_biopsy","mast_cell","MEF2A","svm_rbf",0.684631556931036
"cz_cf_bronchial_biopsy","mast_cell","E4F1","svm_rbf",0.779568439573934
"cz_cf_bronchial_biopsy","mast_cell","NFE2L2","svm_rbf",0.811201785871681
"cz_cf_bronchial_biopsy","mast_cell","FOS","svm_rbf",0.772274412730369
"cz_cf_bronchial_biopsy","mast_cell","GRHL1","svm_rbf",0.76173465593982
"cz_cf_bronchial_biopsy","mast_cell","KLF4","svm_rbf",0.7990001660972
"cz_cf_bronchial_biopsy","mast_cell","MAFA","svm_rbf",0.800074694251533
"cz_cf_bronchial_biopsy","mast_cell","FOXC1","svm_rbf",0.720380229512883
"cz_cf_bronchial_biopsy","mast_cell","HES1","svm_rbf",0.710592664652379
"cz_cf_bronchial_biopsy","mast_cell","NR2F2","svm_rbf",0.798255668358903
"cz_cf_bronchial_biopsy","mast_cell","KLF9","svm_rbf",0.772687662827336
"cz_cf_bronchial_biopsy","mast_cell","ATF3","svm_rbf",0.735879491599657
"cz_cf_bronchial_biopsy","mast_cell","JDP2","svm_rbf",0.783667153747699
"cz_cf_bronchial_biopsy","mast_cell","HDAC2","svm_rbf",0.726709101013488
"cz_cf_bronchial_biopsy","mast_cell","SMAD3","svm_rbf",0.810956377990969
"cz_cf_bronchial_biopsy","mast_cell","FOXA3","svm_rbf",0.765299750231624
"cz_cf_bronchial_biopsy","mast_cell","JUN","svm_rbf",0.762507558902362
"cz_cf_bronchial_biopsy","mast_cell","GTF3C2","svm_rbf",0.718964928430443
"cz_cf_bronchial_biopsy","mast_cell","CHD2","svm_rbf",0.740589965509176
"cz_cf_bronchial_biopsy","mast_cell","POLR2A","svm_rbf",0.776967527409346
"cz_cf_bronchial_biopsy","mast_cell","FOXQ1","svm_rbf",0.737145295758264
"cz_cf_bronchial_biopsy","mast_cell","KLF11","svm_rbf",0.753507730417704
"cz_cf_bronchial_biopsy","mast_cell","MECOM","svm_rbf",0.720347395532313
"cz_cf_bronchial_biopsy","mast_cell","CREM","svm_rbf",0.725861605138388
"cz_cf_bronchial_biopsy","mast_cell","RFX3","svm_rbf",0.747267646964841
"cz_cf_bronchial_biopsy","mast_cell","XBP1","svm_rbf",0.748816431549353
"cz_cf_bronchial_biopsy","mast_cell","OVOL2","svm_rbf",0.693325220920807
"cz_cf_bronchial_biopsy","mast_cell","FLI1","svm_rbf",0.619765884144615
"cz_cf_bronchial_biopsy","mast_cell","STAT4","svm_rbf",0.749272908097984
"cz_cf_bronchial_biopsy","mast_cell","NPAS2","svm_rbf",0.676926346363122
"cz_cf_bronchial_biopsy","mast_cell","ESR1","svm_rbf",0.712475152084287
"cz_cf_bronchial_biopsy","mast_cell","NPAS3","svm_rbf",0.691525521272437
"cz_cf_bronchial_biopsy","mast_cell","FOXF1","svm_rbf",0.705506675900725
"cz_cf_bronchial_biopsy","mast_cell","EPAS1","svm_rbf",0.706954603828941
"cz_cf_bronchial_biopsy","mast_cell","FOXP1","svm_rbf",0.72890371435242
"cz_cf_bronchial_biopsy","mast_cell","RFX2","svm_rbf",0.693486720782218
"cz_cf_bronchial_biopsy","mast_cell","TCF4","svm_rbf",0.734337704890926
"cz_cf_bronchial_biopsy","mast_cell","POU2F1","svm_rbf",0.720179102155575
"cz_cf_bronchial_biopsy","mast_cell","RUNX3","svm_rbf",0.713024480425855
"cz_cf_bronchial_biopsy","mast_cell","ELF1","svm_rbf",0.697143820773993
"cz_cf_bronchial_biopsy","mast_cell","MEF2C","svm_rbf",0.645608423272548
"cz_cf_bronchial_biopsy","mast_cell","TFAP2C","svm_rbf",0.719485091361866
"cz_cf_bronchial_biopsy","mast_cell","NR4A3","svm_rbf",0.748366198840198
"cz_cf_bronchial_biopsy","mast_cell","SOX2","svm_rbf",0.681722508055665
"cz_cf_bronchial_biopsy","mast_cell","ZNF331","svm_rbf",0.679748244078447
"cz_cf_bronchial_biopsy","mast_cell","PAX7","svm_rbf",0.713766815241007
"cz_cf_bronchial_biopsy","mast_cell","EGR3","svm_rbf",0.77518901687772
"cz_cf_bronchial_biopsy","mast_cell","ZSCAN31","svm_rbf",0.667509463555435
"cz_cf_bronchial_biopsy","mast_cell","HIF1A","svm_rbf",0.684387747923646
"cz_cf_bronchial_biopsy","mast_cell","BCL6B","svm_rbf",0.694201259179786
"cz_cf_bronchial_biopsy","mast_cell","GABPA","svm_rbf",0.618259515205302
"cz_cf_bronchial_biopsy","mast_cell","AR","svm_rbf",0.622341602963472
"cz_cf_bronchial_biopsy","mast_cell","NKX3-1","svm_rbf",0.692582236186967
"cz_cf_bronchial_biopsy","mast_cell","MEIS2","svm_rbf",0.762370788027091
"cz_cf_bronchial_biopsy","mast_cell","STAT1","svm_rbf",0.641069069062202
"cz_cf_bronchial_biopsy","mast_cell","FOXO1","svm_rbf",0.694024708657304
"cz_cf_bronchial_biopsy","mast_cell","TEF","svm_rbf",0.691951406131078
"cz_cf_bronchial_biopsy","mast_cell","IRX5","svm_rbf",0.623490848957835
"cz_cf_bronchial_biopsy","mast_cell","TRIM28","svm_rbf",0.681429149656927
"cz_cf_bronchial_biopsy","mast_cell","RORA","svm_rbf",0.439067071691097
"cz_cf_bronchial_biopsy","mast_cell","ZNF740","svm_rbf",0.690278334939338
"cz_cf_bronchial_biopsy","mast_cell","DDIT3","svm_rbf",0.594510311645132
"cz_cf_bronchial_biopsy","mast_cell","SNAI2","svm_rbf",0.648304818051615
"cz_cf_bronchial_biopsy","mast_cell","ZNF320","svm_rbf",0.615441408408893
"cz_cf_bronchial_biopsy","mast_cell","IRX3","svm_rbf",0.475099613112339
"cz_cf_bronchial_biopsy","mast_cell","ETS1","svm_rbf",0.502843555189444
"cz_cf_bronchial_biopsy","mast_cell","PAX9","svm_rbf",0.584389261485366
"cz_cf_bronchial_biopsy","mast_cell","SREBF2","svm_rbf",0.666967247850985
"cz_cf_bronchial_biopsy","mast_cell","SMARCC2","svm_rbf",0.496009925366891
"cz_cf_bronchial_biopsy","mast_cell","EGR1","svm_rbf",0.53683820609268
"cz_cf_bronchial_biopsy","mast_cell","ID2","svm_rbf",0.648886385052654
"cz_cf_bronchial_biopsy","mast_cell","PTEN","svm_rbf",0.530670388684727
"cz_cf_bronchial_biopsy","mast_cell","MITF","svm_rbf",0.460152303399844
"cz_cf_bronchial_biopsy","mast_cell","BACH2","svm_rbf",0.56906855490399
"cz_cf_bronchial_biopsy","mast_cell","ZNF35","svm_rbf",0.550664946752397
"cz_cf_bronchial_biopsy","mast_cell","ARID2","svm_rbf",0.523747841235737
"cz_cf_bronchial_biopsy","mast_cell","PBX1","svm_rbf",0.513944693704153
"cz_cf_bronchial_biopsy","mast_cell","MLX","svm_rbf",0.608192405054853
"cz_cf_bronchial_biopsy","mast_cell","PBX3","svm_rbf",0.531662365078695
"cz_cf_bronchial_biopsy","mast_cell","ZNF85","svm_rbf",0.650226009614487
"cz_cf_bronchial_biopsy","mast_cell","KLF5","svm_rbf",0.504236948593472
"cz_cf_bronchial_biopsy","mast_cell","FOXO3","svm_rbf",0.607273166714717
"cz_cf_bronchial_biopsy","mast_cell","NFIA","svm_rbf",0.687987083332019
"cz_cf_bronchial_biopsy","mast_cell","AHR","svm_rbf",0.617825559862222
"cz_cf_bronchial_biopsy","mast_cell","TP63","svm_rbf",0.720227090337876
"cz_cf_bronchial_biopsy","mast_cell","MAZ","svm_rbf",0.610926360421071
"cz_cf_bronchial_biopsy","mast_cell","GLIS3","svm_rbf",0.621222190746473
"cz_cf_bronchial_biopsy","mast_cell","KLF12","svm_rbf",0.642610420454449
"cz_cf_bronchial_biopsy","mast_cell","BACH1","svm_rbf",0.697660309804973
"cz_cf_bronchial_biopsy","mast_cell","RUNX1","svm_rbf",0.723673167455719
"cz_cf_bronchial_biopsy","mast_cell","NR4A2","svm_rbf",0.778467799878498
"cz_cf_bronchial_biopsy","mast_cell","THAP1","svm_rbf",0.842786714819526
"cz_cf_bronchial_biopsy","secretory_cell","ETV6","ranger_et",0.73428439608889
"cz_cf_bronchial_biopsy","secretory_cell","FOS","ranger_et",0.707028914084758
"cz_cf_bronchial_biopsy","secretory_cell","ELF5","ranger_et",0.687829570910143
"cz_cf_bronchial_biopsy","secretory_cell","ZIC1","ranger_et",0.716353271803755
"cz_cf_bronchial_biopsy","secretory_cell","ATF3","ranger_et",0.688658554491381
"cz_cf_bronchial_biopsy","secretory_cell","ETV5","ranger_et",0.677010229820102
"cz_cf_bronchial_biopsy","secretory_cell","ELK4","ranger_et",0.689552577041422
"cz_cf_bronchial_biopsy","secretory_cell","JDP2","ranger_et",0.811963901237752
"cz_cf_bronchial_biopsy","secretory_cell","CLOCK","ranger_et",0.723829081559858
"cz_cf_bronchial_biopsy","secretory_cell","PRDM16","ranger_et",0.773656805960902
"cz_cf_bronchial_biopsy","secretory_cell","ERG","ranger_et",0.672719698714876
"cz_cf_bronchial_biopsy","secretory_cell","ZNF281","ranger_et",0.680042966344256
"cz_cf_bronchial_biopsy","secretory_cell","EHF","ranger_et",0.683096197249696
"cz_cf_bronchial_biopsy","secretory_cell","SIX5","ranger_et",0.802030400194567
"cz_cf_bronchial_biopsy","secretory_cell","NPAS2","ranger_et",0.739872867286735
"cz_cf_bronchial_biopsy","secretory_cell","ELF3","ranger_et",0.676901850894005
"cz_cf_bronchial_biopsy","secretory_cell","FOXN3","ranger_et",0.771310585625902
"cz_cf_bronchial_biopsy","secretory_cell","ZEB1","ranger_et",0.678774608908782
"cz_cf_bronchial_biopsy","secretory_cell","BRCA1","ranger_et",0.749272899707232
"cz_cf_bronchial_biopsy","secretory_cell","E2F3","ranger_et",0.687805498800901
"cz_cf_bronchial_biopsy","secretory_cell","TCF12","ranger_et",0.776392884888596
"cz_cf_bronchial_biopsy","secretory_cell","TCF7L2","ranger_et",0.685991683881896
"cz_cf_bronchial_biopsy","secretory_cell","XBP1","ranger_et",0.71550499024288
"cz_cf_bronchial_biopsy","secretory_cell","BCL11A","ranger_et",0.742687708146566
"cz_cf_bronchial_biopsy","secretory_cell","HES1","ranger_et",0.657281913732375
"cz_cf_bronchial_biopsy","secretory_cell","MLXIPL","ranger_et",0.711634711602744
"cz_cf_bronchial_biopsy","secretory_cell","FOXN2","ranger_et",0.698416569217087
"cz_cf_bronchial_biopsy","secretory_cell","GLI2","ranger_et",0.741371526779152
"cz_cf_bronchial_biopsy","secretory_cell","ESR2","ranger_et",0.75067899399512
"cz_cf_bronchial_biopsy","secretory_cell","JUN","ranger_et",0.780558176754224
"cz_cf_bronchial_biopsy","secretory_cell","ZBTB7C","ranger_et",0.77470653995215
"cz_cf_bronchial_biopsy","secretory_cell","THRB","ranger_et",0.730962393030773
"cz_cf_bronchial_biopsy","secretory_cell","ETV1","ranger_et",0.686513730266326
"cz_cf_bronchial_biopsy","secretory_cell","GMEB2","ranger_et",0.726279045300238
"cz_cf_bronchial_biopsy","secretory_cell","HSF4","ranger_et",0.691916758956896
"cz_cf_bronchial_biopsy","secretory_cell","ID1","ranger_et",0.715745389122232
"cz_cf_bronchial_biopsy","secretory_cell","MEF2C","ranger_et",0.68844114936889
"cz_cf_bronchial_biopsy","secretory_cell","BMAL1","ranger_et",0.741809261048355
"cz_cf_bronchial_biopsy","secretory_cell","HES2","ranger_et",0.717760386855274
"cz_cf_bronchial_biopsy","secretory_cell","LYL1","ranger_et",0.710849467754477
"cz_cf_bronchial_biopsy","secretory_cell","PBX3","ranger_et",0.738666540339018
"cz_cf_bronchial_biopsy","secretory_cell","FOXP2","ranger_et",0.795154821025915
"cz_cf_bronchial_biopsy","secretory_cell","MECOM","ranger_et",0.818310053180994
"cz_cf_bronchial_biopsy","secretory_cell","ETV4","ranger_et",0.693691318484034
"cz_cf_bronchial_biopsy","secretory_cell","ZFHX3","ranger_et",0.799875080636002
"cz_cf_bronchial_biopsy","secretory_cell","TCF7","ranger_et",0.82422888126818
"cz_cf_bronchial_biopsy","secretory_cell","ZNF423","ranger_et",0.808557094003031
"cz_cf_bronchial_biopsy","secretory_cell","NFAT5","ranger_et",0.789811104949708
"cz_cf_bronchial_biopsy","secretory_cell","ZNF274","ranger_et",0.773236207092767
"cz_cf_bronchial_biopsy","secretory_cell","MEF2B","ranger_et",0.765175724512496
"cz_cf_bronchial_biopsy","secretory_cell","NFIB","ranger_et",0.773304417812936
"cz_cf_bronchial_biopsy","secretory_cell","FOXO1","ranger_et",0.816046601810029
"cz_cf_bronchial_biopsy","secretory_cell","RORA","ranger_et",0.781140152529412
"cz_cf_bronchial_biopsy","secretory_cell","FOXO3","ranger_et",0.839799293913902
"cz_cf_bronchial_biopsy","secretory_cell","SPDEF","ranger_et",0.755481868708523
"cz_cf_bronchial_biopsy","secretory_cell","HLF","ranger_et",0.803131501338722
"cz_cf_bronchial_biopsy","secretory_cell","GLIS3","ranger_et",0.822832346696152
"cz_cf_bronchial_biopsy","secretory_cell","STAT5B","ranger_et",0.791175293869131
"cz_cf_bronchial_biopsy","secretory_cell","NPAS1","ranger_et",0.836772012593926
"cz_cf_bronchial_biopsy","secretory_cell","ZFP82","ranger_et",0.806961011134723
"cz_cf_bronchial_biopsy","secretory_cell","NEUROD2","ranger_et",0.814570721655196
"cz_cf_bronchial_biopsy","secretory_cell","SPIB","ranger_et",0.763291882108847
"cz_cf_bronchial_biopsy","secretory_cell","GRHL2","ranger_et",0.784583490276752
"cz_cf_bronchial_biopsy","secretory_cell","IKZF4","ranger_et",0.749725928164917
"cz_cf_bronchial_biopsy","secretory_cell","PPARGC1A","ranger_et",0.831064499723452
"cz_cf_bronchial_biopsy","secretory_cell","FOXP1","ranger_et",0.846440747449813
"cz_cf_bronchial_biopsy","secretory_cell","NR4A1","ranger_et",0.788702735595961
"cz_cf_bronchial_biopsy","secretory_cell","TCF15","ranger_et",0.802829337580129
"cz_cf_bronchial_biopsy","secretory_cell","NR3C2","ranger_et",0.81322430476421
"cz_cf_bronchial_biopsy","secretory_cell","ETV6","xgboost",0.836953022055226
"cz_cf_bronchial_biopsy","secretory_cell","FOS","xgboost",0.824692484606681
"cz_cf_bronchial_biopsy","secretory_cell","ELF5","xgboost",0.778216412910924
"cz_cf_bronchial_biopsy","secretory_cell","ZIC1","xgboost",0.806779893706861
"cz_cf_bronchial_biopsy","secretory_cell","ATF3","xgboost",0.799951867440941
"cz_cf_bronchial_biopsy","secretory_cell","ETV5","xgboost",0.776990385365888
"cz_cf_bronchial_biopsy","secretory_cell","ELK4","xgboost",0.793328640223585
"cz_cf_bronchial_biopsy","secretory_cell","JDP2","xgboost",0.902922754629912
"cz_cf_bronchial_biopsy","secretory_cell","CLOCK","xgboost",0.811201009861665
"cz_cf_bronchial_biopsy","secretory_cell","PRDM16","xgboost",0.851561839436168
"cz_cf_bronchial_biopsy","secretory_cell","ERG","xgboost",0.780268810955315
"cz_cf_bronchial_biopsy","secretory_cell","ZNF281","xgboost",0.783931649423439
"cz_cf_bronchial_biopsy","secretory_cell","EHF","xgboost",0.789211330734121
"cz_cf_bronchial_biopsy","secretory_cell","SIX5","xgboost",0.877129628929085
"cz_cf_bronchial_biopsy","secretory_cell","NPAS2","xgboost",0.838734548119281
"cz_cf_bronchial_biopsy","secretory_cell","ELF3","xgboost",0.793888519465844
"cz_cf_bronchial_biopsy","secretory_cell","FOXN3","xgboost",0.866052008531108
"cz_cf_bronchial_biopsy","secretory_cell","ZEB1","xgboost",0.810039713078173
"cz_cf_bronchial_biopsy","secretory_cell","BRCA1","xgboost",0.843126573164531
"cz_cf_bronchial_biopsy","secretory_cell","E2F3","xgboost",0.786829877237385
"cz_cf_bronchial_biopsy","secretory_cell","TCF12","xgboost",0.865561816908703
"cz_cf_bronchial_biopsy","secretory_cell","TCF7L2","xgboost",0.801910471762792
"cz_cf_bronchial_biopsy","secretory_cell","XBP1","xgboost",0.790441015536943
"cz_cf_bronchial_biopsy","secretory_cell","BCL11A","xgboost",0.857514948482705
"cz_cf_bronchial_biopsy","secretory_cell","HES1","xgboost",0.757054106140214
"cz_cf_bronchial_biopsy","secretory_cell","MLXIPL","xgboost",0.814548576108636
"cz_cf_bronchial_biopsy","secretory_cell","FOXN2","xgboost",0.806081579686692
"cz_cf_bronchial_biopsy","secretory_cell","GLI2","xgboost",0.847844237412918
"cz_cf_bronchial_biopsy","secretory_cell","ESR2","xgboost",0.841810050944407
"cz_cf_bronchial_biopsy","secretory_cell","JUN","xgboost",0.892652129665754
"cz_cf_bronchial_biopsy","secretory_cell","ZBTB7C","xgboost",0.858657294548452
"cz_cf_bronchial_biopsy","secretory_cell","THRB","xgboost",0.8190094471639
"cz_cf_bronchial_biopsy","secretory_cell","ETV1","xgboost",0.797350206050687
"cz_cf_bronchial_biopsy","secretory_cell","GMEB2","xgboost",0.85438172516141
"cz_cf_bronchial_biopsy","secretory_cell","HSF4","xgboost",0.766295689053514
"cz_cf_bronchial_biopsy","secretory_cell","ID1","xgboost",0.801794787787734
"cz_cf_bronchial_biopsy","secretory_cell","MEF2C","xgboost",0.810357129698099
"cz_cf_bronchial_biopsy","secretory_cell","BMAL1","xgboost",0.833978791750873
"cz_cf_bronchial_biopsy","secretory_cell","HES2","xgboost",0.795072021107247
"cz_cf_bronchial_biopsy","secretory_cell","LYL1","xgboost",0.829426397166802
"cz_cf_bronchial_biopsy","secretory_cell","PBX3","xgboost",0.864572040402518
"cz_cf_bronchial_biopsy","secretory_cell","FOXP2","xgboost",0.879088219953503
"cz_cf_bronchial_biopsy","secretory_cell","MECOM","xgboost",0.869492854426202
"cz_cf_bronchial_biopsy","secretory_cell","ETV4","xgboost",0.781684423297649
"cz_cf_bronchial_biopsy","secretory_cell","ZFHX3","xgboost",0.865476308770271
"cz_cf_bronchial_biopsy","secretory_cell","TCF7","xgboost",0.903655687438961
"cz_cf_bronchial_biopsy","secretory_cell","ZNF423","xgboost",0.893674209283589
"cz_cf_bronchial_biopsy","secretory_cell","NFAT5","xgboost",0.840926082824424
"cz_cf_bronchial_biopsy","secretory_cell","ZNF274","xgboost",0.838469559177174
"cz_cf_bronchial_biopsy","secretory_cell","MEF2B","xgboost",0.864274842104041
"cz_cf_bronchial_biopsy","secretory_cell","NFIB","xgboost",0.855164918608235
"cz_cf_bronchial_biopsy","secretory_cell","FOXO1","xgboost",0.8951632045155
"cz_cf_bronchial_biopsy","secretory_cell","RORA","xgboost",0.85616824152339
"cz_cf_bronchial_biopsy","secretory_cell","FOXO3","xgboost",0.904993899235634
"cz_cf_bronchial_biopsy","secretory_cell","SPDEF","xgboost",0.828795197885576
"cz_cf_bronchial_biopsy","secretory_cell","HLF","xgboost",0.877185384803498
"cz_cf_bronchial_biopsy","secretory_cell","GLIS3","xgboost",0.891875015118423
"cz_cf_bronchial_biopsy","secretory_cell","STAT5B","xgboost",0.867698037076813
"cz_cf_bronchial_biopsy","secretory_cell","NPAS1","xgboost",0.920962425931603
"cz_cf_bronchial_biopsy","secretory_cell","ZFP82","xgboost",0.863678268383586
"cz_cf_bronchial_biopsy","secretory_cell","NEUROD2","xgboost",0.888598237482541
"cz_cf_bronchial_biopsy","secretory_cell","SPIB","xgboost",0.830284137326065
"cz_cf_bronchial_biopsy","secretory_cell","GRHL2","xgboost",0.853965262331467
"cz_cf_bronchial_biopsy","secretory_cell","IKZF4","xgboost",0.855505347014312
"cz_cf_bronchial_biopsy","secretory_cell","PPARGC1A","xgboost",0.904306469540538
"cz_cf_bronchial_biopsy","secretory_cell","FOXP1","xgboost",0.916975577079009
"cz_cf_bronchial_biopsy","secretory_cell","NR4A1","xgboost",0.886964857365098
"cz_cf_bronchial_biopsy","secretory_cell","TCF15","xgboost",0.902001116734458
"cz_cf_bronchial_biopsy","secretory_cell","NR3C2","xgboost",0.875365471908034
"cz_cf_bronchial_biopsy","secretory_cell","ETV6","mars",0.665238598739381
"cz_cf_bronchial_biopsy","secretory_cell","FOS","mars",0.639158318428781
"cz_cf_bronchial_biopsy","secretory_cell","ELF5","mars",0.556325367692699
"cz_cf_bronchial_biopsy","secretory_cell","ZIC1","mars",0.695546716856718
"cz_cf_bronchial_biopsy","secretory_cell","ATF3","mars",0.463865865555406
"cz_cf_bronchial_biopsy","secretory_cell","ETV5","mars",0.513137351486947
"cz_cf_bronchial_biopsy","secretory_cell","ELK4","mars",0.582147845772337
"cz_cf_bronchial_biopsy","secretory_cell","JDP2","mars",0.822627299368391
"cz_cf_bronchial_biopsy","secretory_cell","CLOCK","mars",0.67263358527043
"cz_cf_bronchial_biopsy","secretory_cell","PRDM16","mars",0.783484880258462
"cz_cf_bronchial_biopsy","secretory_cell","ERG","mars",0.62887373626157
"cz_cf_bronchial_biopsy","secretory_cell","ZNF281","mars",0.577003376583269
"cz_cf_bronchial_biopsy","secretory_cell","EHF","mars",0.642202494628798
"cz_cf_bronchial_biopsy","secretory_cell","SIX5","mars",0.762491150557499
"cz_cf_bronchial_biopsy","secretory_cell","NPAS2","mars",0.760042640162128
"cz_cf_bronchial_biopsy","secretory_cell","ELF3","mars",0.434640963751325
"cz_cf_bronchial_biopsy","secretory_cell","FOXN3","mars",0.785269470765667
"cz_cf_bronchial_biopsy","secretory_cell","ZEB1","mars",0.739613361518605
"cz_cf_bronchial_biopsy","secretory_cell","BRCA1","mars",0.739154340873567
"cz_cf_bronchial_biopsy","secretory_cell","E2F3","mars",0.5998691555732
"cz_cf_bronchial_biopsy","secretory_cell","TCF12","mars",0.796947186887649
"cz_cf_bronchial_biopsy","secretory_cell","TCF7L2","mars",0.567917446742394
"cz_cf_bronchial_biopsy","secretory_cell","XBP1","mars",0.574420786538372
"cz_cf_bronchial_biopsy","secretory_cell","BCL11A","mars",0.744984950123544
"cz_cf_bronchial_biopsy","secretory_cell","HES1","mars",0.232699310145355
"cz_cf_bronchial_biopsy","secretory_cell","MLXIPL","mars",0.711283653122017
"cz_cf_bronchial_biopsy","secretory_cell","FOXN2","mars",0.586331144260659
"cz_cf_bronchial_biopsy","secretory_cell","GLI2","mars",0.737607747857932
"cz_cf_bronchial_biopsy","secretory_cell","ESR2","mars",0.722523773840461
"cz_cf_bronchial_biopsy","secretory_cell","JUN","mars",0.772138709610505
"cz_cf_bronchial_biopsy","secretory_cell","ZBTB7C","mars",0.801303431645786
"cz_cf_bronchial_biopsy","secretory_cell","THRB","mars",0.645233615013271
"cz_cf_bronchial_biopsy","secretory_cell","ETV1","mars",0.466515300855836
"cz_cf_bronchial_biopsy","secretory_cell","GMEB2","mars",0.581834975381194
"cz_cf_bronchial_biopsy","secretory_cell","HSF4","mars",0.539816438681987
"cz_cf_bronchial_biopsy","secretory_cell","ID1","mars",0.679463360700815
"cz_cf_bronchial_biopsy","secretory_cell","MEF2C","mars",0.616204021411898
"cz_cf_bronchial_biopsy","secretory_cell","BMAL1","mars",0.419620282088077
"cz_cf_bronchial_biopsy","secretory_cell","HES2","mars",0.66678387563193
"cz_cf_bronchial_biopsy","secretory_cell","LYL1","mars",0.604599550117895
"cz_cf_bronchial_biopsy","secretory_cell","PBX3","mars",0.758841878487422
"cz_cf_bronchial_biopsy","secretory_cell","FOXP2","mars",0.827104694575052
"cz_cf_bronchial_biopsy","secretory_cell","MECOM","mars",0.79284331675532
"cz_cf_bronchial_biopsy","secretory_cell","ETV4","mars",0.667200185058631
"cz_cf_bronchial_biopsy","secretory_cell","ZFHX3","mars",0.729664376605177
"cz_cf_bronchial_biopsy","secretory_cell","TCF7","mars",0.838024061646066
"cz_cf_bronchial_biopsy","secretory_cell","ZNF423","mars",0.819061084926259
"cz_cf_bronchial_biopsy","secretory_cell","NFAT5","mars",0.744390267774567
"cz_cf_bronchial_biopsy","secretory_cell","ZNF274","mars",0.65026115266121
"cz_cf_bronchial_biopsy","secretory_cell","MEF2B","mars",0.740656422942523
"cz_cf_bronchial_biopsy","secretory_cell","NFIB","mars",0.688986578444036
"cz_cf_bronchial_biopsy","secretory_cell","FOXO1","mars",0.840281793515517
"cz_cf_bronchial_biopsy","secretory_cell","RORA","mars",0.795443587678662
"cz_cf_bronchial_biopsy","secretory_cell","FOXO3","mars",0.837814234467692
"cz_cf_bronchial_biopsy","secretory_cell","SPDEF","mars",0.780211786044664
"cz_cf_bronchial_biopsy","secretory_cell","HLF","mars",0.795386237324939
"cz_cf_bronchial_biopsy","secretory_cell","GLIS3","mars",0.829149037718625
"cz_cf_bronchial_biopsy","secretory_cell","STAT5B","mars",-0.199305479331617
"cz_cf_bronchial_biopsy","secretory_cell","NPAS1","mars",0.881941826142642
"cz_cf_bronchial_biopsy","secretory_cell","ZFP82","mars",0.786448502928298
"cz_cf_bronchial_biopsy","secretory_cell","NEUROD2","mars",0.860168152222615
"cz_cf_bronchial_biopsy","secretory_cell","SPIB","mars",0.738964662030138
"cz_cf_bronchial_biopsy","secretory_cell","GRHL2","mars",0.795739427373745
"cz_cf_bronchial_biopsy","secretory_cell","IKZF4","mars",0.725501212479198
"cz_cf_bronchial_biopsy","secretory_cell","PPARGC1A","mars",0.859149714497979
"cz_cf_bronchial_biopsy","secretory_cell","FOXP1","mars",0.875465611349926
"cz_cf_bronchial_biopsy","secretory_cell","NR4A1","mars",0.800200096885066
"cz_cf_bronchial_biopsy","secretory_cell","TCF15","mars",0.767715967362238
"cz_cf_bronchial_biopsy","secretory_cell","NR3C2","mars",0.80748512213883
"cz_cf_bronchial_biopsy","secretory_cell","ETV6","svm_rbf",0.742030755588894
"cz_cf_bronchial_biopsy","secretory_cell","FOS","svm_rbf",0.727309502007831
"cz_cf_bronchial_biopsy","secretory_cell","ELF5","svm_rbf",0.707423075289547
"cz_cf_bronchial_biopsy","secretory_cell","ZIC1","svm_rbf",0.717640153272976
"cz_cf_bronchial_biopsy","secretory_cell","ATF3","svm_rbf",0.697494944915135
"cz_cf_bronchial_biopsy","secretory_cell","ETV5","svm_rbf",0.701051992396422
"cz_cf_bronchial_biopsy","secretory_cell","ELK4","svm_rbf",0.700469870610195
"cz_cf_bronchial_biopsy","secretory_cell","JDP2","svm_rbf",0.780127986188915
"cz_cf_bronchial_biopsy","secretory_cell","CLOCK","svm_rbf",0.735791992295552
"cz_cf_bronchial_biopsy","secretory_cell","PRDM16","svm_rbf",0.771378661319546
"cz_cf_bronchial_biopsy","secretory_cell","ERG","svm_rbf",0.683034643024461
"cz_cf_bronchial_biopsy","secretory_cell","ZNF281","svm_rbf",0.682548004086846
"cz_cf_bronchial_biopsy","secretory_cell","EHF","svm_rbf",0.692465817938524
"cz_cf_bronchial_biopsy","secretory_cell","SIX5","svm_rbf",0.790320759180942
"cz_cf_bronchial_biopsy","secretory_cell","NPAS2","svm_rbf",0.747518819846852
"cz_cf_bronchial_biopsy","secretory_cell","ELF3","svm_rbf",0.69797985380958
"cz_cf_bronchial_biopsy","secretory_cell","FOXN3","svm_rbf",0.775356104585797
"cz_cf_bronchial_biopsy","secretory_cell","ZEB1","svm_rbf",0.688857298132966
"cz_cf_bronchial_biopsy","secretory_cell","BRCA1","svm_rbf",0.743758052804993
"cz_cf_bronchial_biopsy","secretory_cell","E2F3","svm_rbf",0.700426035325443
"cz_cf_bronchial_biopsy","secretory_cell","TCF12","svm_rbf",0.767575767156016
"cz_cf_bronchial_biopsy","secretory_cell","TCF7L2","svm_rbf",0.694074122541255
"cz_cf_bronchial_biopsy","secretory_cell","XBP1","svm_rbf",0.712990664562924
"cz_cf_bronchial_biopsy","secretory_cell","BCL11A","svm_rbf",0.737580907178551
"cz_cf_bronchial_biopsy","secretory_cell","HES1","svm_rbf",0.665300593891825
"cz_cf_bronchial_biopsy","secretory_cell","MLXIPL","svm_rbf",0.71467934159906
"cz_cf_bronchial_biopsy","secretory_cell","FOXN2","svm_rbf",0.702432074035837
"cz_cf_bronchial_biopsy","secretory_cell","GLI2","svm_rbf",0.725274699437586
"cz_cf_bronchial_biopsy","secretory_cell","ESR2","svm_rbf",0.750991156639252
"cz_cf_bronchial_biopsy","secretory_cell","JUN","svm_rbf",0.77642276671951
"cz_cf_bronchial_biopsy","secretory_cell","ZBTB7C","svm_rbf",0.76561809839088
"cz_cf_bronchial_biopsy","secretory_cell","THRB","svm_rbf",0.726820857154101
"cz_cf_bronchial_biopsy","secretory_cell","ETV1","svm_rbf",0.692471375813338
"cz_cf_bronchial_biopsy","secretory_cell","GMEB2","svm_rbf",0.698804071292473
"cz_cf_bronchial_biopsy","secretory_cell","HSF4","svm_rbf",0.691184393596603
"cz_cf_bronchial_biopsy","secretory_cell","ID1","svm_rbf",0.723380521237088
"cz_cf_bronchial_biopsy","secretory_cell","MEF2C","svm_rbf",0.705518424545565
"cz_cf_bronchial_biopsy","secretory_cell","BMAL1","svm_rbf",0.737404086000721
"cz_cf_bronchial_biopsy","secretory_cell","HES2","svm_rbf",0.733629978699571
"cz_cf_bronchial_biopsy","secretory_cell","LYL1","svm_rbf",0.729890819995354
"cz_cf_bronchial_biopsy","secretory_cell","PBX3","svm_rbf",0.737937017320518
"cz_cf_bronchial_biopsy","secretory_cell","FOXP2","svm_rbf",0.770698588374678
"cz_cf_bronchial_biopsy","secretory_cell","MECOM","svm_rbf",0.808579094018246
"cz_cf_bronchial_biopsy","secretory_cell","ETV4","svm_rbf",0.705279295225735
"cz_cf_bronchial_biopsy","secretory_cell","ZFHX3","svm_rbf",0.777238664333687
"cz_cf_bronchial_biopsy","secretory_cell","TCF7","svm_rbf",0.808376747438868
"cz_cf_bronchial_biopsy","secretory_cell","ZNF423","svm_rbf",0.801961150895167
"cz_cf_bronchial_biopsy","secretory_cell","NFAT5","svm_rbf",0.801395101486698
"cz_cf_bronchial_biopsy","secretory_cell","ZNF274","svm_rbf",0.77813839342577
"cz_cf_bronchial_biopsy","secretory_cell","MEF2B","svm_rbf",0.738511942338076
"cz_cf_bronchial_biopsy","secretory_cell","NFIB","svm_rbf",0.778105620173946
"cz_cf_bronchial_biopsy","secretory_cell","FOXO1","svm_rbf",0.800765888901202
"cz_cf_bronchial_biopsy","secretory_cell","RORA","svm_rbf",0.789100227102756
"cz_cf_bronchial_biopsy","secretory_cell","FOXO3","svm_rbf",0.838347684796285
"cz_cf_bronchial_biopsy","secretory_cell","SPDEF","svm_rbf",0.769098282746193
"cz_cf_bronchial_biopsy","secretory_cell","HLF","svm_rbf",0.781165902564745
"cz_cf_bronchial_biopsy","secretory_cell","GLIS3","svm_rbf",0.810338000492042
"cz_cf_bronchial_biopsy","secretory_cell","STAT5B","svm_rbf",0.760830320268795
"cz_cf_bronchial_biopsy","secretory_cell","NPAS1","svm_rbf",0.810276314670618
"cz_cf_bronchial_biopsy","secretory_cell","ZFP82","svm_rbf",0.81648767205672
"cz_cf_bronchial_biopsy","secretory_cell","NEUROD2","svm_rbf",0.790576302830436
"cz_cf_bronchial_biopsy","secretory_cell","SPIB","svm_rbf",0.738605443229192
"cz_cf_bronchial_biopsy","secretory_cell","GRHL2","svm_rbf",0.770123213332454
"cz_cf_bronchial_biopsy","secretory_cell","IKZF4","svm_rbf",0.72227787869706
"cz_cf_bronchial_biopsy","secretory_cell","PPARGC1A","svm_rbf",0.804267958637222
"cz_cf_bronchial_biopsy","secretory_cell","FOXP1","svm_rbf",0.811761921242137
"cz_cf_bronchial_biopsy","secretory_cell","NR4A1","svm_rbf",0.786863077225392
"cz_cf_bronchial_biopsy","secretory_cell","TCF15","svm_rbf",0.794029938653618
"cz_cf_bronchial_biopsy","secretory_cell","NR3C2","svm_rbf",0.804715129911556
"cz_cf_bronchial_biopsy","dendritic_cell_comma_human","REL","ranger_et",0.900440079469864
"cz_cf_bronchial_biopsy","dendritic_cell_comma_human","ATF3","ranger_et",0.879469837264928
"cz_cf_bronchial_biopsy","dendritic_cell_comma_human","KLF6","ranger_et",0.889428950093493
"cz_cf_bronchial_biopsy","dendritic_cell_comma_human","KLF5","ranger_et",0.883055171674979
"cz_cf_bronchial_biopsy","dendritic_cell_comma_human","MEF2C","ranger_et",0.850401530024564
"cz_cf_bronchial_biopsy","dendritic_cell_comma_human","TFAP2A","ranger_et",0.855382044957019
"cz_cf_bronchial_biopsy","dendritic_cell_comma_human","IRF4","ranger_et",0.838277025124364
"cz_cf_bronchial_biopsy","dendritic_cell_comma_human","FOS","ranger_et",0.87049418716239
"cz_cf_bronchial_biopsy","dendritic_cell_comma_human","ELF3","ranger_et",0.873845665889996
"cz_cf_bronchial_biopsy","dendritic_cell_comma_human","HOXB2","ranger_et",0.836626109686543
"cz_cf_bronchial_biopsy","dendritic_cell_comma_human","RUNX1","ranger_et",0.871305914424887
"cz_cf_bronchial_biopsy","dendritic_cell_comma_human","BCL11A","ranger_et",0.863504108590178
"cz_cf_bronchial_biopsy","dendritic_cell_comma_human","NFATC4","ranger_et",0.856968374375862
"cz_cf_bronchial_biopsy","dendritic_cell_comma_human","EGR1","ranger_et",0.878364338751606
"cz_cf_bronchial_biopsy","dendritic_cell_comma_human","TCF21","ranger_et",0.860460609870611
"cz_cf_bronchial_biopsy","dendritic_cell_comma_human","HIVEP1","ranger_et",0.852314093345326
"cz_cf_bronchial_biopsy","dendritic_cell_comma_human","RFX2","ranger_et",0.849657071467189
"cz_cf_bronchial_biopsy","dendritic_cell_comma_human","JUNB","ranger_et",0.83515542028522
"cz_cf_bronchial_biopsy","dendritic_cell_comma_human","NR3C1","ranger_et",0.776948229053777
"cz_cf_bronchial_biopsy","dendritic_cell_comma_human","FOSB","ranger_et",0.894206010816518
"cz_cf_bronchial_biopsy","dendritic_cell_comma_human","TFAP2C","ranger_et",0.853420828785967
"cz_cf_bronchial_biopsy","dendritic_cell_comma_human","CREM","ranger_et",0.816433583817369
"cz_cf_bronchial_biopsy","dendritic_cell_comma_human","NPAS1","ranger_et",0.871451396231996
"cz_cf_bronchial_biopsy","dendritic_cell_comma_human","RORA","ranger_et",0.846369889968871
"cz_cf_bronchial_biopsy","dendritic_cell_comma_human","MECOM","ranger_et",0.877010406210558
"cz_cf_bronchial_biopsy","dendritic_cell_comma_human","NFKB1","ranger_et",0.867738293322228
"cz_cf_bronchial_biopsy","dendritic_cell_comma_human","JUN","ranger_et",0.765407499165643
"cz_cf_bronchial_biopsy","dendritic_cell_comma_human","IRF8","ranger_et",0.851298961686684
"cz_cf_bronchial_biopsy","dendritic_cell_comma_human","ESRRG","ranger_et",0.857482316156641
"cz_cf_bronchial_biopsy","dendritic_cell_comma_human","TCF4","ranger_et",0.87144444800075
"cz_cf_bronchial_biopsy","dendritic_cell_comma_human","ATOH8","ranger_et",0.822721851763743
"cz_cf_bronchial_biopsy","dendritic_cell_comma_human","HES1","ranger_et",0.872584374184984
"cz_cf_bronchial_biopsy","dendritic_cell_comma_human","CUX2","ranger_et",0.831004301344787
"cz_cf_bronchial_biopsy","dendritic_cell_comma_human","NKX3-1","ranger_et",0.83758640906714
"cz_cf_bronchial_biopsy","dendritic_cell_comma_human","PAX9","ranger_et",0.8307008122271
"cz_cf_bronchial_biopsy","dendritic_cell_comma_human","EPAS1","ranger_et",0.85241517308397
"cz_cf_bronchial_biopsy","dendritic_cell_comma_human","NR4A3","ranger_et",0.839911153202908
"cz_cf_bronchial_biopsy","dendritic_cell_comma_human","NR2F2","ranger_et",0.809458290743205
"cz_cf_bronchial_biopsy","dendritic_cell_comma_human","ESR2","ranger_et",0.790863667746863
"cz_cf_bronchial_biopsy","dendritic_cell_comma_human","ETV6","ranger_et",0.86587287482014
"cz_cf_bronchial_biopsy","dendritic_cell_comma_human","ETV2","ranger_et",0.767975057861545
"cz_cf_bronchial_biopsy","dendritic_cell_comma_human","ZNF331","ranger_et",0.840272704699728
"cz_cf_bronchial_biopsy","dendritic_cell_comma_human","NR1D1","ranger_et",0.854918877914508
"cz_cf_bronchial_biopsy","dendritic_cell_comma_human","IRF1","ranger_et",0.840025880292317
"cz_cf_bronchial_biopsy","dendritic_cell_comma_human","NR4A2","ranger_et",0.85738326505988
"cz_cf_bronchial_biopsy","dendritic_cell_comma_human","FOXO4","ranger_et",0.828409147863411
"cz_cf_bronchial_biopsy","dendritic_cell_comma_human","TBX2","ranger_et",0.831209127869684
"cz_cf_bronchial_biopsy","dendritic_cell_comma_human","HSFY2","ranger_et",0.842462138540226
"cz_cf_bronchial_biopsy","dendritic_cell_comma_human","STAT4","ranger_et",0.821755864333872
"cz_cf_bronchial_biopsy","dendritic_cell_comma_human","FOXC1","ranger_et",0.832990392141326
"cz_cf_bronchial_biopsy","dendritic_cell_comma_human","PRDM16","ranger_et",0.856706167557035
"cz_cf_bronchial_biopsy","dendritic_cell_comma_human","ID2","ranger_et",0.837822107602209
"cz_cf_bronchial_biopsy","dendritic_cell_comma_human","HMGN3","ranger_et",0.842848337202019
"cz_cf_bronchial_biopsy","dendritic_cell_comma_human","IKZF2","ranger_et",0.719812314563594
"cz_cf_bronchial_biopsy","dendritic_cell_comma_human","HSFY1","ranger_et",0.830758131089147
"cz_cf_bronchial_biopsy","dendritic_cell_comma_human","DMRTA1","ranger_et",0.794544705743672
"cz_cf_bronchial_biopsy","dendritic_cell_comma_human","MAFB","ranger_et",0.777791958295441
"cz_cf_bronchial_biopsy","dendritic_cell_comma_human","FOXJ1","ranger_et",0.782876440410807
"cz_cf_bronchial_biopsy","dendritic_cell_comma_human","ID1","ranger_et",0.782059251783373
"cz_cf_bronchial_biopsy","dendritic_cell_comma_human","PPARG","ranger_et",0.755160150937442
"cz_cf_bronchial_biopsy","dendritic_cell_comma_human","SIX2","ranger_et",0.786894467952426
"cz_cf_bronchial_biopsy","dendritic_cell_comma_human","IRX3","ranger_et",0.811785635134853
"cz_cf_bronchial_biopsy","dendritic_cell_comma_human","IRX2","ranger_et",0.811405807251783
"cz_cf_bronchial_biopsy","dendritic_cell_comma_human","TEAD4","ranger_et",0.772979995574517
"cz_cf_bronchial_biopsy","dendritic_cell_comma_human","SIX1","ranger_et",0.755067538183036
"cz_cf_bronchial_biopsy","dendritic_cell_comma_human","SMARCA1","ranger_et",0.790193925636078
"cz_cf_bronchial_biopsy","dendritic_cell_comma_human","NFAT5","ranger_et",0.79859096922558
"cz_cf_bronchial_biopsy","dendritic_cell_comma_human","NR2F6","ranger_et",0.761862378478872
"cz_cf_bronchial_biopsy","dendritic_cell_comma_human","IRF6","ranger_et",0.823567423979083
"cz_cf_bronchial_biopsy","dendritic_cell_comma_human","ATF6","ranger_et",0.808025088134101
"cz_cf_bronchial_biopsy","dendritic_cell_comma_human","LMX1A","ranger_et",0.783552591687226
"cz_cf_bronchial_biopsy","dendritic_cell_comma_human","SOX2","ranger_et",0.756283793016369
"cz_cf_bronchial_biopsy","dendritic_cell_comma_human","CEBPD","ranger_et",0.706121914031574
"cz_cf_bronchial_biopsy","dendritic_cell_comma_human","ZNF418","ranger_et",0.749931441092716
"cz_cf_bronchial_biopsy","dendritic_cell_comma_human","ENO1","ranger_et",0.751634751503257
"cz_cf_bronchial_biopsy","dendritic_cell_comma_human","NFIX","ranger_et",0.712494729268458
"cz_cf_bronchial_biopsy","dendritic_cell_comma_human","ZNF436","ranger_et",0.724993747783888
"cz_cf_bronchial_biopsy","dendritic_cell_comma_human","CDC5L","ranger_et",0.760815589019502
"cz_cf_bronchial_biopsy","dendritic_cell_comma_human","THRA","ranger_et",0.779812382017545
"cz_cf_bronchial_biopsy","dendritic_cell_comma_human","ASCL2","ranger_et",0.678312058513373
"cz_cf_bronchial_biopsy","dendritic_cell_comma_human","MSX1","ranger_et",0.76393345097799
"cz_cf_bronchial_biopsy","dendritic_cell_comma_human","POU6F1","ranger_et",0.65668900319477
"cz_cf_bronchial_biopsy","dendritic_cell_comma_human","FOXD1","ranger_et",0.68094949763864
"cz_cf_bronchial_biopsy","dendritic_cell_comma_human","HERPUD1","ranger_et",0.701975812979368
"cz_cf_bronchial_biopsy","dendritic_cell_comma_human","TEAD3","ranger_et",0.637507569167784
"cz_cf_bronchial_biopsy","dendritic_cell_comma_human","YBX1","ranger_et",0.615980575006888
"cz_cf_bronchial_biopsy","dendritic_cell_comma_human","KLF15","ranger_et",0.670760804279219
"cz_cf_bronchial_biopsy","dendritic_cell_comma_human","E2F4","ranger_et",0.788844378822933
"cz_cf_bronchial_biopsy","dendritic_cell_comma_human","REL","xgboost",0.896748803630124
"cz_cf_bronchial_biopsy","dendritic_cell_comma_human","ATF3","xgboost",0.880558702945
"cz_cf_bronchial_biopsy","dendritic_cell_comma_human","KLF6","xgboost",0.88551335384017
"cz_cf_bronchial_biopsy","dendritic_cell_comma_human","KLF5","xgboost",0.89159365522118
"cz_cf_bronchial_biopsy","dendritic_cell_comma_human","MEF2C","xgboost",0.839863304284851
"cz_cf_bronchial_biopsy","dendritic_cell_comma_human","TFAP2A","xgboost",0.852895422387218
"cz_cf_bronchial_biopsy","dendritic_cell_comma_human","IRF4","xgboost",0.841572726956403
"cz_cf_bronchial_biopsy","dendritic_cell_comma_human","FOS","xgboost",0.883198045574559
"cz_cf_bronchial_biopsy","dendritic_cell_comma_human","ELF3","xgboost",0.862687078917068
"cz_cf_bronchial_biopsy","dendritic_cell_comma_human","HOXB2","xgboost",0.837736012846438
"cz_cf_bronchial_biopsy","dendritic_cell_comma_human","RUNX1","xgboost",0.862815643334077
"cz_cf_bronchial_biopsy","dendritic_cell_comma_human","BCL11A","xgboost",0.878092368697366
"cz_cf_bronchial_biopsy","dendritic_cell_comma_human","NFATC4","xgboost",0.859796891972019
"cz_cf_bronchial_biopsy","dendritic_cell_comma_human","EGR1","xgboost",0.864505283729002
"cz_cf_bronchial_biopsy","dendritic_cell_comma_human","TCF21","xgboost",0.864902562407
"cz_cf_bronchial_biopsy","dendritic_cell_comma_human","HIVEP1","xgboost",0.878328511992246
"cz_cf_bronchial_biopsy","dendritic_cell_comma_human","RFX2","xgboost",0.84606437908563
"cz_cf_bronchial_biopsy","dendritic_cell_comma_human","JUNB","xgboost",0.877483658162468
"cz_cf_bronchial_biopsy","dendritic_cell_comma_human","NR3C1","xgboost",0.784869107574393
"cz_cf_bronchial_biopsy","dendritic_cell_comma_human","FOSB","xgboost",0.922837291477265
"cz_cf_bronchial_biopsy","dendritic_cell_comma_human","TFAP2C","xgboost",0.865229965000594
"cz_cf_bronchial_biopsy","dendritic_cell_comma_human","CREM","xgboost",0.83033671485426
"cz_cf_bronchial_biopsy","dendritic_cell_comma_human","NPAS1","xgboost",0.872417336787139
"cz_cf_bronchial_biopsy","dendritic_cell_comma_human","RORA","xgboost",0.835898693652589
"cz_cf_bronchial_biopsy","dendritic_cell_comma_human","MECOM","xgboost",0.883951326827961
"cz_cf_bronchial_biopsy","dendritic_cell_comma_human","NFKB1","xgboost",0.881560469304784
"cz_cf_bronchial_biopsy","dendritic_cell_comma_human","JUN","xgboost",0.799712871016513
"cz_cf_bronchial_biopsy","dendritic_cell_comma_human","IRF8","xgboost",0.836169660024389
"cz_cf_bronchial_biopsy","dendritic_cell_comma_human","ESRRG","xgboost",0.83905881024092
"cz_cf_bronchial_biopsy","dendritic_cell_comma_human","TCF4","xgboost",0.883704114933691
"cz_cf_bronchial_biopsy","dendritic_cell_comma_human","ATOH8","xgboost",0.808714024122391
"cz_cf_bronchial_biopsy","dendritic_cell_comma_human","HES1","xgboost",0.873718569346878
"cz_cf_bronchial_biopsy","dendritic_cell_comma_human","CUX2","xgboost",0.843886196225262
"cz_cf_bronchial_biopsy","dendritic_cell_comma_human","NKX3-1","xgboost",0.853448642696143
"cz_cf_bronchial_biopsy","dendritic_cell_comma_human","PAX9","xgboost",0.839050993937033
"cz_cf_bronchial_biopsy","dendritic_cell_comma_human","EPAS1","xgboost",0.876419188086828
"cz_cf_bronchial_biopsy","dendritic_cell_comma_human","NR4A3","xgboost",0.842985334734147
"cz_cf_bronchial_biopsy","dendritic_cell_comma_human","NR2F2","xgboost",0.816562010571269
"cz_cf_bronchial_biopsy","dendritic_cell_comma_human","ESR2","xgboost",0.782528360753075
"cz_cf_bronchial_biopsy","dendritic_cell_comma_human","ETV6","xgboost",0.843262211342555
"cz_cf_bronchial_biopsy","dendritic_cell_comma_human","ETV2","xgboost",0.73708819162241
"cz_cf_bronchial_biopsy","dendritic_cell_comma_human","ZNF331","xgboost",0.83082153969432
"cz_cf_bronchial_biopsy","dendritic_cell_comma_human","NR1D1","xgboost",0.835786944580731
"cz_cf_bronchial_biopsy","dendritic_cell_comma_human","IRF1","xgboost",0.817053058982698
"cz_cf_bronchial_biopsy","dendritic_cell_comma_human","NR4A2","xgboost",0.879658359950026
"cz_cf_bronchial_biopsy","dendritic_cell_comma_human","FOXO4","xgboost",0.863603379982174
"cz_cf_bronchial_biopsy","dendritic_cell_comma_human","TBX2","xgboost",0.819388723630573
"cz_cf_bronchial_biopsy","dendritic_cell_comma_human","HSFY2","xgboost",0.841350006415986
"cz_cf_bronchial_biopsy","dendritic_cell_comma_human","STAT4","xgboost",0.817582184384394
"cz_cf_bronchial_biopsy","dendritic_cell_comma_human","FOXC1","xgboost",0.842997066236112
"cz_cf_bronchial_biopsy","dendritic_cell_comma_human","PRDM16","xgboost",0.838052964254984
"cz_cf_bronchial_biopsy","dendritic_cell_comma_human","ID2","xgboost",0.833029802001014
"cz_cf_bronchial_biopsy","dendritic_cell_comma_human","HMGN3","xgboost",0.820228918858211
"cz_cf_bronchial_biopsy","dendritic_cell_comma_human","IKZF2","xgboost",0.720668373208726
"cz_cf_bronchial_biopsy","dendritic_cell_comma_human","HSFY1","xgboost",0.827878899909206
"cz_cf_bronchial_biopsy","dendritic_cell_comma_human","DMRTA1","xgboost",0.818701310824326
"cz_cf_bronchial_biopsy","dendritic_cell_comma_human","MAFB","xgboost",0.752939014250395
"cz_cf_bronchial_biopsy","dendritic_cell_comma_human","FOXJ1","xgboost",0.800354275624253
"cz_cf_bronchial_biopsy","dendritic_cell_comma_human","ID1","xgboost",0.791193722219068
"cz_cf_bronchial_biopsy","dendritic_cell_comma_human","PPARG","xgboost",0.72244144429553
"cz_cf_bronchial_biopsy","dendritic_cell_comma_human","SIX2","xgboost",0.751614870132112
"cz_cf_bronchial_biopsy","dendritic_cell_comma_human","IRX3","xgboost",0.787031276745745
"cz_cf_bronchial_biopsy","dendritic_cell_comma_human","IRX2","xgboost",0.798096765910482
"cz_cf_bronchial_biopsy","dendritic_cell_comma_human","TEAD4","xgboost",0.774519176536243
"cz_cf_bronchial_biopsy","dendritic_cell_comma_human","SIX1","xgboost",0.738242196074078
"cz_cf_bronchial_biopsy","dendritic_cell_comma_human","SMARCA1","xgboost",0.806776528086117
"cz_cf_bronchial_biopsy","dendritic_cell_comma_human","NFAT5","xgboost",0.769023521126359
"cz_cf_bronchial_biopsy","dendritic_cell_comma_human","NR2F6","xgboost",0.707110444802216
"cz_cf_bronchial_biopsy","dendritic_cell_comma_human","IRF6","xgboost",0.855688764626636
"cz_cf_bronchial_biopsy","dendritic_cell_comma_human","ATF6","xgboost",0.806374232639245
"cz_cf_bronchial_biopsy","dendritic_cell_comma_human","LMX1A","xgboost",0.764428202118912
"cz_cf_bronchial_biopsy","dendritic_cell_comma_human","SOX2","xgboost",0.738890330652205
"cz_cf_bronchial_biopsy","dendritic_cell_comma_human","CEBPD","xgboost",0.686484421703371
"cz_cf_bronchial_biopsy","dendritic_cell_comma_human","ZNF418","xgboost",0.726428276848109
"cz_cf_bronchial_biopsy","dendritic_cell_comma_human","ENO1","xgboost",0.729716851128868
"cz_cf_bronchial_biopsy","dendritic_cell_comma_human","NFIX","xgboost",0.618024908195154
"cz_cf_bronchial_biopsy","dendritic_cell_comma_human","ZNF436","xgboost",0.726830630434578
"cz_cf_bronchial_biopsy","dendritic_cell_comma_human","CDC5L","xgboost",0.773084388154356
"cz_cf_bronchial_biopsy","dendritic_cell_comma_human","THRA","xgboost",0.79018206828112
"cz_cf_bronchial_biopsy","dendritic_cell_comma_human","ASCL2","xgboost",0.665063842480641
"cz_cf_bronchial_biopsy","dendritic_cell_comma_human","MSX1","xgboost",0.7901498102539
"cz_cf_bronchial_biopsy","dendritic_cell_comma_human","POU6F1","xgboost",0.659584650267044
"cz_cf_bronchial_biopsy","dendritic_cell_comma_human","FOXD1","xgboost",0.671048398883082
"cz_cf_bronchial_biopsy","dendritic_cell_comma_human","HERPUD1","xgboost",0.667933953174716
"cz_cf_bronchial_biopsy","dendritic_cell_comma_human","TEAD3","xgboost",0.528648747117326
"cz_cf_bronchial_biopsy","dendritic_cell_comma_human","YBX1","xgboost",0.616011791112102
"cz_cf_bronchial_biopsy","dendritic_cell_comma_human","KLF15","xgboost",0.684037681893782
"cz_cf_bronchial_biopsy","dendritic_cell_comma_human","E2F4","xgboost",0.808908749943307
"cz_cf_bronchial_biopsy","dendritic_cell_comma_human","REL","mars",0.817859698379797
"cz_cf_bronchial_biopsy","dendritic_cell_comma_human","ATF3","mars",0.781408328379127
"cz_cf_bronchial_biopsy","dendritic_cell_comma_human","KLF6","mars",0.793006623121481
"cz_cf_bronchial_biopsy","dendritic_cell_comma_human","KLF5","mars",0.694751431473234
"cz_cf_bronchial_biopsy","dendritic_cell_comma_human","MEF2C","mars",0.812697843415251
"cz_cf_bronchial_biopsy","dendritic_cell_comma_human","TFAP2A","mars",0.668917031688002
"cz_cf_bronchial_biopsy","dendritic_cell_comma_human","IRF4","mars",0.59592454699159
"cz_cf_bronchial_biopsy","dendritic_cell_comma_human","FOS","mars",0.723983070568981
"cz_cf_bronchial_biopsy","dendritic_cell_comma_human","ELF3","mars",0.793463198815481
"cz_cf_bronchial_biopsy","dendritic_cell_comma_human","HOXB2","mars",0.772011376386983
"cz_cf_bronchial_biopsy","dendritic_cell_comma_human","RUNX1","mars",0.808258463454482
"cz_cf_bronchial_biopsy","dendritic_cell_comma_human","BCL11A","mars",0.740863834489056
"cz_cf_bronchial_biopsy","dendritic_cell_comma_human","NFATC4","mars",0.623025294562503
"cz_cf_bronchial_biopsy","dendritic_cell_comma_human","EGR1","mars",0.813137927322469
"cz_cf_bronchial_biopsy","dendritic_cell_comma_human","TCF21","mars",0.78779881861427
"cz_cf_bronchial_biopsy","dendritic_cell_comma_human","HIVEP1","mars",0.679776096897985
"cz_cf_bronchial_biopsy","dendritic_cell_comma_human","RFX2","mars",0.676596642067875
"cz_cf_bronchial_biopsy","dendritic_cell_comma_human","JUNB","mars",0.721381783573024
"cz_cf_bronchial_biopsy","dendritic_cell_comma_human","NR3C1","mars",0.64233379111875
"cz_cf_bronchial_biopsy","dendritic_cell_comma_human","FOSB","mars",0.840522702070368
"cz_cf_bronchial_biopsy","dendritic_cell_comma_human","TFAP2C","mars",0.773136308033144
"cz_cf_bronchial_biopsy","dendritic_cell_comma_human","CREM","mars",-1.79233051600366
"cz_cf_bronchial_biopsy","dendritic_cell_comma_human","NPAS1","mars",0.679039300267015
"cz_cf_bronchial_biopsy","dendritic_cell_comma_human","RORA","mars",0.780706343197756
"cz_cf_bronchial_biopsy","dendritic_cell_comma_human","MECOM","mars",0.630725152116123
"cz_cf_bronchial_biopsy","dendritic_cell_comma_human","NFKB1","mars",0.783438706093507
"cz_cf_bronchial_biopsy","dendritic_cell_comma_human","JUN","mars",0.56528075068955
"cz_cf_bronchial_biopsy","dendritic_cell_comma_human","IRF8","mars",0.718865669975197
"cz_cf_bronchial_biopsy","dendritic_cell_comma_human","ESRRG","mars",0.804727520728901
"cz_cf_bronchial_biopsy","dendritic_cell_comma_human","TCF4","mars",0.80852441899036
"cz_cf_bronchial_biopsy","dendritic_cell_comma_human","ATOH8","mars",0.66730574971949
"cz_cf_bronchial_biopsy","dendritic_cell_comma_human","HES1","mars",0.628685697097128
"cz_cf_bronchial_biopsy","dendritic_cell_comma_human","CUX2","mars",0.71644335399227
"cz_cf_bronchial_biopsy","dendritic_cell_comma_human","NKX3-1","mars",0.658389948281309
"cz_cf_bronchial_biopsy","dendritic_cell_comma_human","PAX9","mars",0.70975462765017
"cz_cf_bronchial_biopsy","dendritic_cell_comma_human","EPAS1","mars",0.71480286800582
"cz_cf_bronchial_biopsy","dendritic_cell_comma_human","NR4A3","mars",0.740444039722523
"cz_cf_bronchial_biopsy","dendritic_cell_comma_human","NR2F2","mars",0.710065394759599
"cz_cf_bronchial_biopsy","dendritic_cell_comma_human","ESR2","mars",0.608987787508199
"cz_cf_bronchial_biopsy","dendritic_cell_comma_human","ETV6","mars",0.766335462931102
"cz_cf_bronchial_biopsy","dendritic_cell_comma_human","ETV2","mars",0.536087831911886
"cz_cf_bronchial_biopsy","dendritic_cell_comma_human","ZNF331","mars",0.747883196254039
"cz_cf_bronchial_biopsy","dendritic_cell_comma_human","NR1D1","mars",0.758915714926432
"cz_cf_bronchial_biopsy","dendritic_cell_comma_human","IRF1","mars",0.695327080237582
"cz_cf_bronchial_biopsy","dendritic_cell_comma_human","NR4A2","mars",0.75952277404106
"cz_cf_bronchial_biopsy","dendritic_cell_comma_human","FOXO4","mars",0.693636468838006
"cz_cf_bronchial_biopsy","dendritic_cell_comma_human","TBX2","mars",0.708892287108114
"cz_cf_bronchial_biopsy","dendritic_cell_comma_human","HSFY2","mars",0.703572241806366
"cz_cf_bronchial_biopsy","dendritic_cell_comma_human","STAT4","mars",0.614024242173913
"cz_cf_bronchial_biopsy","dendritic_cell_comma_human","FOXC1","mars",0.738393623436178
"cz_cf_bronchial_biopsy","dendritic_cell_comma_human","PRDM16","mars",0.619562272758159
"cz_cf_bronchial_biopsy","dendritic_cell_comma_human","ID2","mars",0.729640443334242
"cz_cf_bronchial_biopsy","dendritic_cell_comma_human","HMGN3","mars",0.719719264131066
"cz_cf_bronchial_biopsy","dendritic_cell_comma_human","IKZF2","mars",0.337083840077479
"cz_cf_bronchial_biopsy","dendritic_cell_comma_human","HSFY1","mars",0.771767341509848
"cz_cf_bronchial_biopsy","dendritic_cell_comma_human","DMRTA1","mars",0.721280295475358
"cz_cf_bronchial_biopsy","dendritic_cell_comma_human","MAFB","mars",0.502209344640035
"cz_cf_bronchial_biopsy","dendritic_cell_comma_human","FOXJ1","mars",0.362001823289367
"cz_cf_bronchial_biopsy","dendritic_cell_comma_human","ID1","mars",0.619069098754522
"cz_cf_bronchial_biopsy","dendritic_cell_comma_human","PPARG","mars",0.613338024457726
"cz_cf_bronchial_biopsy","dendritic_cell_comma_human","SIX2","mars",0.639459861684763
"cz_cf_bronchial_biopsy","dendritic_cell_comma_human","IRX3","mars",0.45738068377234
"cz_cf_bronchial_biopsy","dendritic_cell_comma_human","IRX2","mars",0.679977177314043
"cz_cf_bronchial_biopsy","dendritic_cell_comma_human","TEAD4","mars",0.706088543338757
"cz_cf_bronchial_biopsy","dendritic_cell_comma_human","SIX1","mars",0.608717932223542
"cz_cf_bronchial_biopsy","dendritic_cell_comma_human","SMARCA1","mars",0.564652003074227
"cz_cf_bronchial_biopsy","dendritic_cell_comma_human","NFAT5","mars",0.628258633565603
"cz_cf_bronchial_biopsy","dendritic_cell_comma_human","NR2F6","mars",0.530288330385637
"cz_cf_bronchial_biopsy","dendritic_cell_comma_human","IRF6","mars",0.710900074817615
"cz_cf_bronchial_biopsy","dendritic_cell_comma_human","ATF6","mars",0.626013724244024
"cz_cf_bronchial_biopsy","dendritic_cell_comma_human","LMX1A","mars",0.577060305271358
"cz_cf_bronchial_biopsy","dendritic_cell_comma_human","SOX2","mars",0.476734606240383
"cz_cf_bronchial_biopsy","dendritic_cell_comma_human","CEBPD","mars",0.549402095191768
"cz_cf_bronchial_biopsy","dendritic_cell_comma_human","ZNF418","mars",0.43892692995597
"cz_cf_bronchial_biopsy","dendritic_cell_comma_human","ENO1","mars",0.601822506750862
"cz_cf_bronchial_biopsy","dendritic_cell_comma_human","NFIX","mars",0.451280103944832
"cz_cf_bronchial_biopsy","dendritic_cell_comma_human","ZNF436","mars",0.624302451054332
"cz_cf_bronchial_biopsy","dendritic_cell_comma_human","CDC5L","mars",0.659547003603665
"cz_cf_bronchial_biopsy","dendritic_cell_comma_human","THRA","mars",0.559433736978405
"cz_cf_bronchial_biopsy","dendritic_cell_comma_human","ASCL2","mars",0.362674912687572
"cz_cf_bronchial_biopsy","dendritic_cell_comma_human","MSX1","mars",0.543566573075943
"cz_cf_bronchial_biopsy","dendritic_cell_comma_human","POU6F1","mars",0.490380739910393
"cz_cf_bronchial_biopsy","dendritic_cell_comma_human","FOXD1","mars",0.368465426083312
"cz_cf_bronchial_biopsy","dendritic_cell_comma_human","HERPUD1","mars",0.466784635657803
"cz_cf_bronchial_biopsy","dendritic_cell_comma_human","TEAD3","mars",0.266889283505505
"cz_cf_bronchial_biopsy","dendritic_cell_comma_human","YBX1","mars",0.410473312039414
"cz_cf_bronchial_biopsy","dendritic_cell_comma_human","KLF15","mars",0.582248013963997
"cz_cf_bronchial_biopsy","dendritic_cell_comma_human","E2F4","mars",0.72315415136521
"cz_cf_bronchial_biopsy","dendritic_cell_comma_human","REL","svm_rbf",0.862941033356881
"cz_cf_bronchial_biopsy","dendritic_cell_comma_human","ATF3","svm_rbf",0.828380508417948
"cz_cf_bronchial_biopsy","dendritic_cell_comma_human","KLF6","svm_rbf",0.833919192415885
"cz_cf_bronchial_biopsy","dendritic_cell_comma_human","KLF5","svm_rbf",0.835163054408287
"cz_cf_bronchial_biopsy","dendritic_cell_comma_human","MEF2C","svm_rbf",0.83631341264549
"cz_cf_bronchial_biopsy","dendritic_cell_comma_human","TFAP2A","svm_rbf",0.822984850074456
"cz_cf_bronchial_biopsy","dendritic_cell_comma_human","IRF4","svm_rbf",0.810349619100591
"cz_cf_bronchial_biopsy","dendritic_cell_comma_human","FOS","svm_rbf",0.804572893434146
"cz_cf_bronchial_biopsy","dendritic_cell_comma_human","ELF3","svm_rbf",0.828648499419807
"cz_cf_bronchial_biopsy","dendritic_cell_comma_human","HOXB2","svm_rbf",0.820661351884114
"cz_cf_bronchial_biopsy","dendritic_cell_comma_human","RUNX1","svm_rbf",0.833876640465276
"cz_cf_bronchial_biopsy","dendritic_cell_comma_human","BCL11A","svm_rbf",0.818581657123079
"cz_cf_bronchial_biopsy","dendritic_cell_comma_human","NFATC4","svm_rbf",0.824004447213612
"cz_cf_bronchial_biopsy","dendritic_cell_comma_human","EGR1","svm_rbf",0.821963265148668
"cz_cf_bronchial_biopsy","dendritic_cell_comma_human","TCF21","svm_rbf",0.825913072165739
"cz_cf_bronchial_biopsy","dendritic_cell_comma_human","HIVEP1","svm_rbf",0.810587424170253
"cz_cf_bronchial_biopsy","dendritic_cell_comma_human","RFX2","svm_rbf",0.801506334973545
"cz_cf_bronchial_biopsy","dendritic_cell_comma_human","JUNB","svm_rbf",0.798710408237419
"cz_cf_bronchial_biopsy","dendritic_cell_comma_human","NR3C1","svm_rbf",0.724771238826825
"cz_cf_bronchial_biopsy","dendritic_cell_comma_human","FOSB","svm_rbf",0.811795667861558
"cz_cf_bronchial_biopsy","dendritic_cell_comma_human","TFAP2C","svm_rbf",0.788046019535164
"cz_cf_bronchial_biopsy","dendritic_cell_comma_human","CREM","svm_rbf",0.766716220445371
"cz_cf_bronchial_biopsy","dendritic_cell_comma_human","NPAS1","svm_rbf",0.823420966536452
"cz_cf_bronchial_biopsy","dendritic_cell_comma_human","RORA","svm_rbf",0.820483376114859
"cz_cf_bronchial_biopsy","dendritic_cell_comma_human","MECOM","svm_rbf",0.844509895854181
"cz_cf_bronchial_biopsy","dendritic_cell_comma_human","NFKB1","svm_rbf",0.794782752581167
"cz_cf_bronchial_biopsy","dendritic_cell_comma_human","JUN","svm_rbf",0.70898442764002
"cz_cf_bronchial_biopsy","dendritic_cell_comma_human","IRF8","svm_rbf",0.802084390120135
"cz_cf_bronchial_biopsy","dendritic_cell_comma_human","ESRRG","svm_rbf",0.827339173910665
"cz_cf_bronchial_biopsy","dendritic_cell_comma_human","TCF4","svm_rbf",0.83325002059583
"cz_cf_bronchial_biopsy","dendritic_cell_comma_human","ATOH8","svm_rbf",0.778107878011817
"cz_cf_bronchial_biopsy","dendritic_cell_comma_human","HES1","svm_rbf",0.801959605702442
"cz_cf_bronchial_biopsy","dendritic_cell_comma_human","CUX2","svm_rbf",0.798233695752473
"cz_cf_bronchial_biopsy","dendritic_cell_comma_human","NKX3-1","svm_rbf",0.783865601901965
"cz_cf_bronchial_biopsy","dendritic_cell_comma_human","PAX9","svm_rbf",0.795696367055283
"cz_cf_bronchial_biopsy","dendritic_cell_comma_human","EPAS1","svm_rbf",0.81563684057159
"cz_cf_bronchial_biopsy","dendritic_cell_comma_human","NR4A3","svm_rbf",0.802098298173064
"cz_cf_bronchial_biopsy","dendritic_cell_comma_human","NR2F2","svm_rbf",0.760798692370478
"cz_cf_bronchial_biopsy","dendritic_cell_comma_human","ESR2","svm_rbf",0.749124844283126
"cz_cf_bronchial_biopsy","dendritic_cell_comma_human","ETV6","svm_rbf",0.842004212298272
"cz_cf_bronchial_biopsy","dendritic_cell_comma_human","ETV2","svm_rbf",0.75345660355464
"cz_cf_bronchial_biopsy","dendritic_cell_comma_human","ZNF331","svm_rbf",0.793146351071328
"cz_cf_bronchial_biopsy","dendritic_cell_comma_human","NR1D1","svm_rbf",0.814199539073132
"cz_cf_bronchial_biopsy","dendritic_cell_comma_human","IRF1","svm_rbf",0.772712442934341
"cz_cf_bronchial_biopsy","dendritic_cell_comma_human","NR4A2","svm_rbf",0.795313470697518
"cz_cf_bronchial_biopsy","dendritic_cell_comma_human","FOXO4","svm_rbf",0.773397640621713
"cz_cf_bronchial_biopsy","dendritic_cell_comma_human","TBX2","svm_rbf",0.784539112571074
"cz_cf_bronchial_biopsy","dendritic_cell_comma_human","HSFY2","svm_rbf",0.796314796254364
"cz_cf_bronchial_biopsy","dendritic_cell_comma_human","STAT4","svm_rbf",0.790366779541616
"cz_cf_bronchial_biopsy","dendritic_cell_comma_human","FOXC1","svm_rbf",0.796359246394386
"cz_cf_bronchial_biopsy","dendritic_cell_comma_human","PRDM16","svm_rbf",0.826400639535773
"cz_cf_bronchial_biopsy","dendritic_cell_comma_human","ID2","svm_rbf",0.801858537212768
"cz_cf_bronchial_biopsy","dendritic_cell_comma_human","HMGN3","svm_rbf",0.825836756001027
"cz_cf_bronchial_biopsy","dendritic_cell_comma_human","IKZF2","svm_rbf",0.676828689414942
"cz_cf_bronchial_biopsy","dendritic_cell_comma_human","HSFY1","svm_rbf",0.772403794006501
"cz_cf_bronchial_biopsy","dendritic_cell_comma_human","DMRTA1","svm_rbf",0.740091318195402
"cz_cf_bronchial_biopsy","dendritic_cell_comma_human","MAFB","svm_rbf",0.752486598097094
"cz_cf_bronchial_biopsy","dendritic_cell_comma_human","FOXJ1","svm_rbf",0.745318650237922
"cz_cf_bronchial_biopsy","dendritic_cell_comma_human","ID1","svm_rbf",0.738372040500357
"cz_cf_bronchial_biopsy","dendritic_cell_comma_human","PPARG","svm_rbf",0.728943334063152
"cz_cf_bronchial_biopsy","dendritic_cell_comma_human","SIX2","svm_rbf",0.735473073671903
"cz_cf_bronchial_biopsy","dendritic_cell_comma_human","IRX3","svm_rbf",0.787297306305188
"cz_cf_bronchial_biopsy","dendritic_cell_comma_human","IRX2","svm_rbf",0.788005098846611
"cz_cf_bronchial_biopsy","dendritic_cell_comma_human","TEAD4","svm_rbf",0.742230232864711
"cz_cf_bronchial_biopsy","dendritic_cell_comma_human","SIX1","svm_rbf",0.697415319646723
"cz_cf_bronchial_biopsy","dendritic_cell_comma_human","SMARCA1","svm_rbf",0.756260359896293
"cz_cf_bronchial_biopsy","dendritic_cell_comma_human","NFAT5","svm_rbf",0.78599853035432
"cz_cf_bronchial_biopsy","dendritic_cell_comma_human","NR2F6","svm_rbf",0.734098093612611
"cz_cf_bronchial_biopsy","dendritic_cell_comma_human","IRF6","svm_rbf",0.753139979841905
"cz_cf_bronchial_biopsy","dendritic_cell_comma_human","ATF6","svm_rbf",0.751721271544139
"cz_cf_bronchial_biopsy","dendritic_cell_comma_human","LMX1A","svm_rbf",0.762810298771715
"cz_cf_bronchial_biopsy","dendritic_cell_comma_human","SOX2","svm_rbf",0.711039527171222
"cz_cf_bronchial_biopsy","dendritic_cell_comma_human","CEBPD","svm_rbf",0.653086053677073
"cz_cf_bronchial_biopsy","dendritic_cell_comma_human","ZNF418","svm_rbf",0.741563442923143
"cz_cf_bronchial_biopsy","dendritic_cell_comma_human","ENO1","svm_rbf",0.717254917499653
"cz_cf_bronchial_biopsy","dendritic_cell_comma_human","NFIX","svm_rbf",0.690102401127797
"cz_cf_bronchial_biopsy","dendritic_cell_comma_human","ZNF436","svm_rbf",0.70642012747216
"cz_cf_bronchial_biopsy","dendritic_cell_comma_human","CDC5L","svm_rbf",0.726930633202394
"cz_cf_bronchial_biopsy","dendritic_cell_comma_human","THRA","svm_rbf",0.697243056930337
"cz_cf_bronchial_biopsy","dendritic_cell_comma_human","ASCL2","svm_rbf",0.661112918832229
"cz_cf_bronchial_biopsy","dendritic_cell_comma_human","MSX1","svm_rbf",0.726261329012919
"cz_cf_bronchial_biopsy","dendritic_cell_comma_human","POU6F1","svm_rbf",0.610223893186709
"cz_cf_bronchial_biopsy","dendritic_cell_comma_human","FOXD1","svm_rbf",0.677521551393352
"cz_cf_bronchial_biopsy","dendritic_cell_comma_human","HERPUD1","svm_rbf",0.682535400165142
"cz_cf_bronchial_biopsy","dendritic_cell_comma_human","TEAD3","svm_rbf",0.620510671643696
"cz_cf_bronchial_biopsy","dendritic_cell_comma_human","YBX1","svm_rbf",0.617614678169558
"cz_cf_bronchial_biopsy","dendritic_cell_comma_human","KLF15","svm_rbf",0.63490376436621
"cz_cf_bronchial_biopsy","dendritic_cell_comma_human","E2F4","svm_rbf",0.763567389766165
"cz_cf_bronchial_biopsy","monocyte","REL","ranger_et",0.842247831524696
"cz_cf_bronchial_biopsy","monocyte","MEF2A","ranger_et",0.846646390108583
"cz_cf_bronchial_biopsy","monocyte","NFKB1","ranger_et",0.806117237446488
"cz_cf_bronchial_biopsy","monocyte","KLF2","ranger_et",0.893407166188479
"cz_cf_bronchial_biopsy","monocyte","FOS","ranger_et",0.895699273068626
"cz_cf_bronchial_biopsy","monocyte","FOSB","ranger_et",0.824697127874947
"cz_cf_bronchial_biopsy","monocyte","KLF6","ranger_et",0.852934604637214
"cz_cf_bronchial_biopsy","monocyte","FOXK2","ranger_et",0.86186119228837
"cz_cf_bronchial_biopsy","monocyte","CEBPB","ranger_et",0.847074937023074
"cz_cf_bronchial_biopsy","monocyte","STAT1","ranger_et",0.861108163265116
"cz_cf_bronchial_biopsy","monocyte","ELF1","ranger_et",0.840976956204524
"cz_cf_bronchial_biopsy","monocyte","EGR3","ranger_et",0.881350644191575
"cz_cf_bronchial_biopsy","monocyte","NR4A3","ranger_et",0.823151429820685
"cz_cf_bronchial_biopsy","monocyte","JUN","ranger_et",0.854828414687692
"cz_cf_bronchial_biopsy","monocyte","RFX8","ranger_et",0.877321970120045
"cz_cf_bronchial_biopsy","monocyte","EBF1","ranger_et",0.840415213416105
"cz_cf_bronchial_biopsy","monocyte","NR4A2","ranger_et",0.839528188955966
"cz_cf_bronchial_biopsy","monocyte","HES1","ranger_et",0.846242574359692
"cz_cf_bronchial_biopsy","monocyte","HEY2","ranger_et",0.852086582331487
"cz_cf_bronchial_biopsy","monocyte","FOXN3","ranger_et",0.885832024471964
"cz_cf_bronchial_biopsy","monocyte","CHD2","ranger_et",0.834249810185864
"cz_cf_bronchial_biopsy","monocyte","TFAP2C","ranger_et",0.872394406597005
"cz_cf_bronchial_biopsy","monocyte","MEF2C","ranger_et",0.845772096673744
"cz_cf_bronchial_biopsy","monocyte","BRCA1","ranger_et",0.854937408708774
"cz_cf_bronchial_biopsy","monocyte","SPIB","ranger_et",0.808975513261554
"cz_cf_bronchial_biopsy","monocyte","IRF2","ranger_et",0.8704137121294
"cz_cf_bronchial_biopsy","monocyte","POU2F1","ranger_et",0.856160023583634
"cz_cf_bronchial_biopsy","monocyte","SIX5","ranger_et",0.830417473842624
"cz_cf_bronchial_biopsy","monocyte","PRDM16","ranger_et",0.848365514295202
"cz_cf_bronchial_biopsy","monocyte","NFE2","ranger_et",0.88906946289402
"cz_cf_bronchial_biopsy","monocyte","HES4","ranger_et",0.830940390875913
"cz_cf_bronchial_biopsy","monocyte","AHR","ranger_et",0.84692768597802
"cz_cf_bronchial_biopsy","monocyte","HIC1","ranger_et",0.835326286111293
"cz_cf_bronchial_biopsy","monocyte","JUND","ranger_et",0.71231313241493
"cz_cf_bronchial_biopsy","monocyte","HIVEP2","ranger_et",0.806522651967584
"cz_cf_bronchial_biopsy","monocyte","CUX1","ranger_et",0.83055284933358
"cz_cf_bronchial_biopsy","monocyte","EPAS1","ranger_et",0.770625467763027
"cz_cf_bronchial_biopsy","monocyte","FOXO3","ranger_et",0.798156000284427
"cz_cf_bronchial_biopsy","monocyte","ID3","ranger_et",0.840853594926673
"cz_cf_bronchial_biopsy","monocyte","MYB","ranger_et",0.830972704448952
"cz_cf_bronchial_biopsy","monocyte","SMAD3","ranger_et",0.813745689930685
"cz_cf_bronchial_biopsy","monocyte","RUNX1","ranger_et",0.845688593625313
"cz_cf_bronchial_biopsy","monocyte","DMRT2","ranger_et",0.879381903549692
"cz_cf_bronchial_biopsy","monocyte","HIVEP1","ranger_et",0.827555037388397
"cz_cf_bronchial_biopsy","monocyte","ATF3","ranger_et",0.816979683358621
"cz_cf_bronchial_biopsy","monocyte","JUNB","ranger_et",0.813478212063
"cz_cf_bronchial_biopsy","monocyte","OVOL2","ranger_et",0.854027075512137
"cz_cf_bronchial_biopsy","monocyte","SNAI3","ranger_et",0.77914576529521
"cz_cf_bronchial_biopsy","monocyte","OLIG1","ranger_et",0.783794179438309
"cz_cf_bronchial_biopsy","monocyte","JDP2","ranger_et",0.804517020208097
"cz_cf_bronchial_biopsy","monocyte","ZNF320","ranger_et",0.804732548612482
"cz_cf_bronchial_biopsy","monocyte","NFIB","ranger_et",0.768938217842534
"cz_cf_bronchial_biopsy","monocyte","ATF6","ranger_et",0.755164118167489
"cz_cf_bronchial_biopsy","monocyte","GLIS2","ranger_et",0.762974764161922
"cz_cf_bronchial_biopsy","monocyte","SP100","ranger_et",0.766848255846796
"cz_cf_bronchial_biopsy","monocyte","MEF2B","ranger_et",0.749179780974566
"cz_cf_bronchial_biopsy","monocyte","MAFB","ranger_et",0.663890213587854
"cz_cf_bronchial_biopsy","monocyte","CREM","ranger_et",0.834552950510587
"cz_cf_bronchial_biopsy","monocyte","ZBTB42","ranger_et",0.784328386923145
"cz_cf_bronchial_biopsy","monocyte","STAT3","ranger_et",0.706418170510794
"cz_cf_bronchial_biopsy","monocyte","MXI1","ranger_et",0.809732973745307
"cz_cf_bronchial_biopsy","monocyte","TCF7L2","ranger_et",0.627074585998991
"cz_cf_bronchial_biopsy","monocyte","ETV3","ranger_et",0.796711744686859
"cz_cf_bronchial_biopsy","monocyte","PPARG","ranger_et",0.72926145619503
"cz_cf_bronchial_biopsy","monocyte","ZEB1","ranger_et",0.849817781663774
"cz_cf_bronchial_biopsy","monocyte","EGR1","ranger_et",0.79461867502283
"cz_cf_bronchial_biopsy","monocyte","NKX3-1","ranger_et",0.758515165490792
"cz_cf_bronchial_biopsy","monocyte","NR3C1","ranger_et",0.826489005813904
"cz_cf_bronchial_biopsy","monocyte","LYL1","ranger_et",0.852722924404112
"cz_cf_bronchial_biopsy","monocyte","IRF1","ranger_et",0.821045889333184
"cz_cf_bronchial_biopsy","monocyte","PRDM5","ranger_et",0.850661433987654
"cz_cf_bronchial_biopsy","monocyte","IKZF1","ranger_et",0.796642340261251
"cz_cf_bronchial_biopsy","monocyte","BACH2","ranger_et",0.838975183535053
"cz_cf_bronchial_biopsy","monocyte","ETV2","ranger_et",0.836161972488593
"cz_cf_bronchial_biopsy","monocyte","NFAT5","ranger_et",0.799047743031688
"cz_cf_bronchial_biopsy","monocyte","PTEN","ranger_et",0.867578878736378
"cz_cf_bronchial_biopsy","monocyte","FOXP2","ranger_et",0.642079063030702
"cz_cf_bronchial_biopsy","monocyte","TCF7L1","ranger_et",0.72655489424122
"cz_cf_bronchial_biopsy","monocyte","RFX3","ranger_et",0.797765829869002
"cz_cf_bronchial_biopsy","monocyte","TP73","ranger_et",0.838928419029276
"cz_cf_bronchial_biopsy","monocyte","ZFY","ranger_et",0.784269220493791
"cz_cf_bronchial_biopsy","monocyte","ELF2","ranger_et",0.803710853969863
"cz_cf_bronchial_biopsy","monocyte","SCX","ranger_et",0.82727812440568
"cz_cf_bronchial_biopsy","monocyte","TWIST1","ranger_et",0.831239625608774
"cz_cf_bronchial_biopsy","monocyte","FOXP1","ranger_et",0.78450184442217
"cz_cf_bronchial_biopsy","monocyte","STAT5B","ranger_et",0.817336967688162
"cz_cf_bronchial_biopsy","monocyte","HIF1A","ranger_et",0.868913912065288
"cz_cf_bronchial_biopsy","monocyte","CREB5","ranger_et",0.877776990869941
"cz_cf_bronchial_biopsy","monocyte","BCL11B","ranger_et",0.836924933348467
"cz_cf_bronchial_biopsy","monocyte","PBX3","ranger_et",0.867521481221794
"cz_cf_bronchial_biopsy","monocyte","CEBPD","ranger_et",0.831870368506106
"cz_cf_bronchial_biopsy","monocyte","NFIL3","ranger_et",0.817093543588562
"cz_cf_bronchial_biopsy","monocyte","FOXO1","ranger_et",0.766332711630559
"cz_cf_bronchial_biopsy","monocyte","RORA","ranger_et",0.778580147615958
"cz_cf_bronchial_biopsy","monocyte","TP63","ranger_et",0.823094252635006
"cz_cf_bronchial_biopsy","monocyte","SMARCC1","ranger_et",0.849774397323437
"cz_cf_bronchial_biopsy","monocyte","FLI1","ranger_et",0.827784656826801
"cz_cf_bronchial_biopsy","monocyte","MECOM","ranger_et",0.834783956687898
"cz_cf_bronchial_biopsy","monocyte","RORC","ranger_et",0.849928433314566
"cz_cf_bronchial_biopsy","monocyte","REL","xgboost",0.856233861817063
"cz_cf_bronchial_biopsy","monocyte","MEF2A","xgboost",0.859010102771692
"cz_cf_bronchial_biopsy","monocyte","NFKB1","xgboost",0.831441036104803
"cz_cf_bronchial_biopsy","monocyte","KLF2","xgboost",0.891005556335201
"cz_cf_bronchial_biopsy","monocyte","FOS","xgboost",0.89329052628236
"cz_cf_bronchial_biopsy","monocyte","FOSB","xgboost",0.845562104133152
"cz_cf_bronchial_biopsy","monocyte","KLF6","xgboost",0.85986509485399
"cz_cf_bronchial_biopsy","monocyte","FOXK2","xgboost",0.89272858784401
"cz_cf_bronchial_biopsy","monocyte","CEBPB","xgboost",0.857437925083815
"cz_cf_bronchial_biopsy","monocyte","STAT1","xgboost",0.863856119553207
"cz_cf_bronchial_biopsy","monocyte","ELF1","xgboost",0.85330850357928
"cz_cf_bronchial_biopsy","monocyte","EGR3","xgboost",0.878460556243905
"cz_cf_bronchial_biopsy","monocyte","NR4A3","xgboost",0.83873083734879
"cz_cf_bronchial_biopsy","monocyte","JUN","xgboost",0.861339701504746
"cz_cf_bronchial_biopsy","monocyte","RFX8","xgboost",0.894257987907892
"cz_cf_bronchial_biopsy","monocyte","EBF1","xgboost",0.836835591036771
"cz_cf_bronchial_biopsy","monocyte","NR4A2","xgboost",0.851717093201445
"cz_cf_bronchial_biopsy","monocyte","HES1","xgboost",0.834494140468012
"cz_cf_bronchial_biopsy","monocyte","HEY2","xgboost",0.853490953679258
"cz_cf_bronchial_biopsy","monocyte","FOXN3","xgboost",0.90888880593296
"cz_cf_bronchial_biopsy","monocyte","CHD2","xgboost",0.848949974738023
"cz_cf_bronchial_biopsy","monocyte","TFAP2C","xgboost",0.86925750715295
"cz_cf_bronchial_biopsy","monocyte","MEF2C","xgboost",0.855675893545949
"cz_cf_bronchial_biopsy","monocyte","BRCA1","xgboost",0.873281039396458
"cz_cf_bronchial_biopsy","monocyte","SPIB","xgboost",0.817597043153847
"cz_cf_bronchial_biopsy","monocyte","IRF2","xgboost",0.895045839084083
"cz_cf_bronchial_biopsy","monocyte","POU2F1","xgboost",0.874085982110427
"cz_cf_bronchial_biopsy","monocyte","SIX5","xgboost",0.837290626445601
"cz_cf_bronchial_biopsy","monocyte","PRDM16","xgboost",0.8492805608381
"cz_cf_bronchial_biopsy","monocyte","NFE2","xgboost",0.884557963530168
"cz_cf_bronchial_biopsy","monocyte","HES4","xgboost",0.841432531433717
"cz_cf_bronchial_biopsy","monocyte","AHR","xgboost",0.847490967563055
"cz_cf_bronchial_biopsy","monocyte","HIC1","xgboost",0.855632713966502
"cz_cf_bronchial_biopsy","monocyte","JUND","xgboost",0.733691528384284
"cz_cf_bronchial_biopsy","monocyte","HIVEP2","xgboost",0.802542173780138
"cz_cf_bronchial_biopsy","monocyte","CUX1","xgboost",0.838616278174249
"cz_cf_bronchial_biopsy","monocyte","EPAS1","xgboost",0.749463954536962
"cz_cf_bronchial_biopsy","monocyte","FOXO3","xgboost",0.830301019286198
"cz_cf_bronchial_biopsy","monocyte","ID3","xgboost",0.851075077404066
"cz_cf_bronchial_biopsy","monocyte","MYB","xgboost",0.808566693909055
"cz_cf_bronchial_biopsy","monocyte","SMAD3","xgboost",0.827150743315222
"cz_cf_bronchial_biopsy","monocyte","RUNX1","xgboost",0.86001751738463
"cz_cf_bronchial_biopsy","monocyte","DMRT2","xgboost",0.894427682332046
"cz_cf_bronchial_biopsy","monocyte","HIVEP1","xgboost",0.820616451309874
"cz_cf_bronchial_biopsy","monocyte","ATF3","xgboost",0.843772451226866
"cz_cf_bronchial_biopsy","monocyte","JUNB","xgboost",0.855746481628446
"cz_cf_bronchial_biopsy","monocyte","OVOL2","xgboost",0.859794611095099
"cz_cf_bronchial_biopsy","monocyte","SNAI3","xgboost",0.8006665933316
"cz_cf_bronchial_biopsy","monocyte","OLIG1","xgboost",0.802874286650649
"cz_cf_bronchial_biopsy","monocyte","JDP2","xgboost",0.826225125334626
"cz_cf_bronchial_biopsy","monocyte","ZNF320","xgboost",0.810994580305901
"cz_cf_bronchial_biopsy","monocyte","NFIB","xgboost",0.763501040442301
"cz_cf_bronchial_biopsy","monocyte","ATF6","xgboost",0.756296374392124
"cz_cf_bronchial_biopsy","monocyte","GLIS2","xgboost",0.787077640674392
"cz_cf_bronchial_biopsy","monocyte","SP100","xgboost",0.778691723096739
"cz_cf_bronchial_biopsy","monocyte","MEF2B","xgboost",0.726962089210559
"cz_cf_bronchial_biopsy","monocyte","MAFB","xgboost",0.719993524769961
"cz_cf_bronchial_biopsy","monocyte","CREM","xgboost",0.841208791014785
"cz_cf_bronchial_biopsy","monocyte","ZBTB42","xgboost",0.785709104530335
"cz_cf_bronchial_biopsy","monocyte","STAT3","xgboost",0.740846451102374
"cz_cf_bronchial_biopsy","monocyte","MXI1","xgboost",0.854415176951151
"cz_cf_bronchial_biopsy","monocyte","TCF7L2","xgboost",0.664346924487108
"cz_cf_bronchial_biopsy","monocyte","ETV3","xgboost",0.833262522023663
"cz_cf_bronchial_biopsy","monocyte","PPARG","xgboost",0.765070030770631
"cz_cf_bronchial_biopsy","monocyte","ZEB1","xgboost",0.867997312734535
"cz_cf_bronchial_biopsy","monocyte","EGR1","xgboost",0.848971575538264
"cz_cf_bronchial_biopsy","monocyte","NKX3-1","xgboost",0.7313064125947
"cz_cf_bronchial_biopsy","monocyte","NR3C1","xgboost",0.879947644006947
"cz_cf_bronchial_biopsy","monocyte","LYL1","xgboost",0.876663818728243
"cz_cf_bronchial_biopsy","monocyte","IRF1","xgboost",0.850281908361509
"cz_cf_bronchial_biopsy","monocyte","PRDM5","xgboost",0.907318823247381
"cz_cf_bronchial_biopsy","monocyte","IKZF1","xgboost",0.839779765524805
"cz_cf_bronchial_biopsy","monocyte","BACH2","xgboost",0.871063356297517
"cz_cf_bronchial_biopsy","monocyte","ETV2","xgboost",0.871122348184543
"cz_cf_bronchial_biopsy","monocyte","NFAT5","xgboost",0.809289434760211
"cz_cf_bronchial_biopsy","monocyte","PTEN","xgboost",0.913922108721393
"cz_cf_bronchial_biopsy","monocyte","FOXP2","xgboost",0.656743098402692
"cz_cf_bronchial_biopsy","monocyte","TCF7L1","xgboost",0.73239882941092
"cz_cf_bronchial_biopsy","monocyte","RFX3","xgboost",0.838950562494608
"cz_cf_bronchial_biopsy","monocyte","TP73","xgboost",0.828951004189274
"cz_cf_bronchial_biopsy","monocyte","ZFY","xgboost",0.819494854546295
"cz_cf_bronchial_biopsy","monocyte","ELF2","xgboost",0.867398837885423
"cz_cf_bronchial_biopsy","monocyte","SCX","xgboost",0.869663417641092
"cz_cf_bronchial_biopsy","monocyte","TWIST1","xgboost",0.864312323551824
"cz_cf_bronchial_biopsy","monocyte","FOXP1","xgboost",0.786951910788361
"cz_cf_bronchial_biopsy","monocyte","STAT5B","xgboost",0.852354871603902
"cz_cf_bronchial_biopsy","monocyte","HIF1A","xgboost",0.879183237148773
"cz_cf_bronchial_biopsy","monocyte","CREB5","xgboost",0.895657317112138
"cz_cf_bronchial_biopsy","monocyte","BCL11B","xgboost",0.865701445508362
"cz_cf_bronchial_biopsy","monocyte","PBX3","xgboost",0.884662132780522
"cz_cf_bronchial_biopsy","monocyte","CEBPD","xgboost",0.858361159627647
"cz_cf_bronchial_biopsy","monocyte","NFIL3","xgboost",0.826085883648649
"cz_cf_bronchial_biopsy","monocyte","FOXO1","xgboost",0.772217269805133
"cz_cf_bronchial_biopsy","monocyte","RORA","xgboost",0.790933867513033
"cz_cf_bronchial_biopsy","monocyte","TP63","xgboost",0.853078030506346
"cz_cf_bronchial_biopsy","monocyte","SMARCC1","xgboost",0.878535359760058
"cz_cf_bronchial_biopsy","monocyte","FLI1","xgboost",0.854523741291302
"cz_cf_bronchial_biopsy","monocyte","MECOM","xgboost",0.84737601037543
"cz_cf_bronchial_biopsy","monocyte","RORC","xgboost",0.885992817074912
"cz_cf_bronchial_biopsy","monocyte","REL","mars",0.750921572789686
"cz_cf_bronchial_biopsy","monocyte","MEF2A","mars",0.796342467069177
"cz_cf_bronchial_biopsy","monocyte","NFKB1","mars",0.675717038786346
"cz_cf_bronchial_biopsy","monocyte","KLF2","mars",0.868268539163068
"cz_cf_bronchial_biopsy","monocyte","FOS","mars",0.861248441580169
"cz_cf_bronchial_biopsy","monocyte","FOSB","mars",0.765485928404331
"cz_cf_bronchial_biopsy","monocyte","KLF6","mars",0.593943853265291
"cz_cf_bronchial_biopsy","monocyte","FOXK2","mars",0.811314038949681
"cz_cf_bronchial_biopsy","monocyte","CEBPB","mars",0.797656080963483
"cz_cf_bronchial_biopsy","monocyte","STAT1","mars",0.814327291169609
"cz_cf_bronchial_biopsy","monocyte","ELF1","mars",0.789963547882336
"cz_cf_bronchial_biopsy","monocyte","EGR3","mars",0.864561134263913
"cz_cf_bronchial_biopsy","monocyte","NR4A3","mars",0.752401704401841
"cz_cf_bronchial_biopsy","monocyte","JUN","mars",0.769236397544978
"cz_cf_bronchial_biopsy","monocyte","RFX8","mars",0.85465980354207
"cz_cf_bronchial_biopsy","monocyte","EBF1","mars",0.73553609348589
"cz_cf_bronchial_biopsy","monocyte","NR4A2","mars",0.76142646904008
"cz_cf_bronchial_biopsy","monocyte","HES1","mars",0.800145410564828
"cz_cf_bronchial_biopsy","monocyte","HEY2","mars",0.786114393554496
"cz_cf_bronchial_biopsy","monocyte","FOXN3","mars",0.877688990367719
"cz_cf_bronchial_biopsy","monocyte","CHD2","mars",0.692097537605883
"cz_cf_bronchial_biopsy","monocyte","TFAP2C","mars",0.810152963613582
"cz_cf_bronchial_biopsy","monocyte","MEF2C","mars",0.794329299967
"cz_cf_bronchial_biopsy","monocyte","BRCA1","mars",0.780618546641412
"cz_cf_bronchial_biopsy","monocyte","SPIB","mars",0.773369444839656
"cz_cf_bronchial_biopsy","monocyte","IRF2","mars",0.842199857811534
"cz_cf_bronchial_biopsy","monocyte","POU2F1","mars",0.757641759554697
"cz_cf_bronchial_biopsy","monocyte","SIX5","mars",0.659806197090474
"cz_cf_bronchial_biopsy","monocyte","PRDM16","mars",0.744234695905466
"cz_cf_bronchial_biopsy","monocyte","NFE2","mars",0.688609167540157
"cz_cf_bronchial_biopsy","monocyte","HES4","mars",0.593792911970285
"cz_cf_bronchial_biopsy","monocyte","AHR","mars",0.83397280867859
"cz_cf_bronchial_biopsy","monocyte","HIC1","mars",0.73596149463134
"cz_cf_bronchial_biopsy","monocyte","JUND","mars",0.547788284475478
"cz_cf_bronchial_biopsy","monocyte","HIVEP2","mars",0.695372461717755
"cz_cf_bronchial_biopsy","monocyte","CUX1","mars",0.790625893846556
"cz_cf_bronchial_biopsy","monocyte","EPAS1","mars",0.618392389600837
"cz_cf_bronchial_biopsy","monocyte","FOXO3","mars",0.761261164052441
"cz_cf_bronchial_biopsy","monocyte","ID3","mars",0.812482203357516
"cz_cf_bronchial_biopsy","monocyte","MYB","mars",0.724774821314571
"cz_cf_bronchial_biopsy","monocyte","SMAD3","mars",0.687054157430363
"cz_cf_bronchial_biopsy","monocyte","RUNX1","mars",0.770112460999665
"cz_cf_bronchial_biopsy","monocyte","DMRT2","mars",0.868793637102831
"cz_cf_bronchial_biopsy","monocyte","HIVEP1","mars",0.705513592412635
"cz_cf_bronchial_biopsy","monocyte","ATF3","mars",0.650763804775806
"cz_cf_bronchial_biopsy","monocyte","JUNB","mars",0.80969274383662
"cz_cf_bronchial_biopsy","monocyte","OVOL2","mars",0.74773926089779
"cz_cf_bronchial_biopsy","monocyte","SNAI3","mars",0.634646211028056
"cz_cf_bronchial_biopsy","monocyte","OLIG1","mars",0.7450863866001
"cz_cf_bronchial_biopsy","monocyte","JDP2","mars",0.737986669214584
"cz_cf_bronchial_biopsy","monocyte","ZNF320","mars",0.642242317307499
"cz_cf_bronchial_biopsy","monocyte","NFIB","mars",0.533799585444019
"cz_cf_bronchial_biopsy","monocyte","ATF6","mars",0.560121814165403
"cz_cf_bronchial_biopsy","monocyte","GLIS2","mars",0.62187983966217
"cz_cf_bronchial_biopsy","monocyte","SP100","mars",0.644149196952882
"cz_cf_bronchial_biopsy","monocyte","MEF2B","mars",0.577738552161438
"cz_cf_bronchial_biopsy","monocyte","MAFB","mars",0.639498154173564
"cz_cf_bronchial_biopsy","monocyte","CREM","mars",0.759743362780878
"cz_cf_bronchial_biopsy","monocyte","ZBTB42","mars",0.730167888153437
"cz_cf_bronchial_biopsy","monocyte","STAT3","mars",0.501295631686183
"cz_cf_bronchial_biopsy","monocyte","MXI1","mars",0.771825709637043
"cz_cf_bronchial_biopsy","monocyte","TCF7L2","mars",0.469868515862348
"cz_cf_bronchial_biopsy","monocyte","ETV3","mars",0.74682320552982
"cz_cf_bronchial_biopsy","monocyte","PPARG","mars",0.595198585236663
"cz_cf_bronchial_biopsy","monocyte","ZEB1","mars",0.764390676283641
"cz_cf_bronchial_biopsy","monocyte","EGR1","mars",0.754296705514645
"cz_cf_bronchial_biopsy","monocyte","NKX3-1","mars",0.59002397130628
"cz_cf_bronchial_biopsy","monocyte","NR3C1","mars",0.80832905946531
"cz_cf_bronchial_biopsy","monocyte","LYL1","mars",0.23381817466253
"cz_cf_bronchial_biopsy","monocyte","IRF1","mars",0.701008048571417
"cz_cf_bronchial_biopsy","monocyte","PRDM5","mars",0.761508860775277
"cz_cf_bronchial_biopsy","monocyte","IKZF1","mars",0.739277677174881
"cz_cf_bronchial_biopsy","monocyte","BACH2","mars",0.835366922625685
"cz_cf_bronchial_biopsy","monocyte","ETV2","mars",0.787787728213242
"cz_cf_bronchial_biopsy","monocyte","NFAT5","mars",0.709780408370257
"cz_cf_bronchial_biopsy","monocyte","PTEN","mars",0.64932564609882
"cz_cf_bronchial_biopsy","monocyte","FOXP2","mars",0.337177058098565
"cz_cf_bronchial_biopsy","monocyte","TCF7L1","mars",0.0620098705518664
"cz_cf_bronchial_biopsy","monocyte","RFX3","mars",0.727508422885889
"cz_cf_bronchial_biopsy","monocyte","TP73","mars",0.774071214644068
"cz_cf_bronchial_biopsy","monocyte","ZFY","mars",0.699753743950169
"cz_cf_bronchial_biopsy","monocyte","ELF2","mars",0.0670514080977334
"cz_cf_bronchial_biopsy","monocyte","SCX","mars",0.698495198915686
"cz_cf_bronchial_biopsy","monocyte","TWIST1","mars",0.758388703186824
"cz_cf_bronchial_biopsy","monocyte","FOXP1","mars",0.695256280805474
"cz_cf_bronchial_biopsy","monocyte","STAT5B","mars",0.792785881475409
"cz_cf_bronchial_biopsy","monocyte","HIF1A","mars",0.792981538380719
"cz_cf_bronchial_biopsy","monocyte","CREB5","mars",0.849030146356895
"cz_cf_bronchial_biopsy","monocyte","BCL11B","mars",0.779056440062863
"cz_cf_bronchial_biopsy","monocyte","PBX3","mars",0.832964998588079
"cz_cf_bronchial_biopsy","monocyte","CEBPD","mars",0.740480914351222
"cz_cf_bronchial_biopsy","monocyte","NFIL3","mars",0.662547636571487
"cz_cf_bronchial_biopsy","monocyte","FOXO1","mars",0.665928317392663
"cz_cf_bronchial_biopsy","monocyte","RORA","mars",0.650278379548484
"cz_cf_bronchial_biopsy","monocyte","TP63","mars",0.710011825447685
"cz_cf_bronchial_biopsy","monocyte","SMARCC1","mars",0.853295778504832
"cz_cf_bronchial_biopsy","monocyte","FLI1","mars",0.75383810354483
"cz_cf_bronchial_biopsy","monocyte","MECOM","mars",0.72489537253683
"cz_cf_bronchial_biopsy","monocyte","RORC","mars",0.768549890518206
"cz_cf_bronchial_biopsy","monocyte","REL","svm_rbf",0.857798796207209
"cz_cf_bronchial_biopsy","monocyte","MEF2A","svm_rbf",0.848594706298536
"cz_cf_bronchial_biopsy","monocyte","NFKB1","svm_rbf",0.821201104054064
"cz_cf_bronchial_biopsy","monocyte","KLF2","svm_rbf",0.865310846350029
"cz_cf_bronchial_biopsy","monocyte","FOS","svm_rbf",0.901051672093599
"cz_cf_bronchial_biopsy","monocyte","FOSB","svm_rbf",0.842159446329263
"cz_cf_bronchial_biopsy","monocyte","KLF6","svm_rbf",0.860133411932408
"cz_cf_bronchial_biopsy","monocyte","FOXK2","svm_rbf",0.868756780177152
"cz_cf_bronchial_biopsy","monocyte","CEBPB","svm_rbf",0.86859451159915
"cz_cf_bronchial_biopsy","monocyte","STAT1","svm_rbf",0.840782550263494
"cz_cf_bronchial_biopsy","monocyte","ELF1","svm_rbf",0.840671549945873
"cz_cf_bronchial_biopsy","monocyte","EGR3","svm_rbf",0.883227096050118
"cz_cf_bronchial_biopsy","monocyte","NR4A3","svm_rbf",0.827204818288428
"cz_cf_bronchial_biopsy","monocyte","JUN","svm_rbf",0.841969309446906
"cz_cf_bronchial_biopsy","monocyte","RFX8","svm_rbf",0.874602542663874
"cz_cf_bronchial_biopsy","monocyte","EBF1","svm_rbf",0.844999017894334
"cz_cf_bronchial_biopsy","monocyte","NR4A2","svm_rbf",0.841064533581228
"cz_cf_bronchial_biopsy","monocyte","HES1","svm_rbf",0.843337502840019
"cz_cf_bronchial_biopsy","monocyte","HEY2","svm_rbf",0.837342308621189
"cz_cf_bronchial_biopsy","monocyte","FOXN3","svm_rbf",0.867776963689213
"cz_cf_bronchial_biopsy","monocyte","CHD2","svm_rbf",0.855729869420918
"cz_cf_bronchial_biopsy","monocyte","TFAP2C","svm_rbf",0.832620600448882
"cz_cf_bronchial_biopsy","monocyte","MEF2C","svm_rbf",0.832261989546669
"cz_cf_bronchial_biopsy","monocyte","BRCA1","svm_rbf",0.853645319978316
"cz_cf_bronchial_biopsy","monocyte","SPIB","svm_rbf",0.803702141351614
"cz_cf_bronchial_biopsy","monocyte","IRF2","svm_rbf",0.842575809717396
"cz_cf_bronchial_biopsy","monocyte","POU2F1","svm_rbf",0.855396293338641
"cz_cf_bronchial_biopsy","monocyte","SIX5","svm_rbf",0.815388604847373
"cz_cf_bronchial_biopsy","monocyte","PRDM16","svm_rbf",0.833497593557673
"cz_cf_bronchial_biopsy","monocyte","NFE2","svm_rbf",0.874564462777544
"cz_cf_bronchial_biopsy","monocyte","HES4","svm_rbf",0.82488308796267
"cz_cf_bronchial_biopsy","monocyte","AHR","svm_rbf",0.823426369657876
"cz_cf_bronchial_biopsy","monocyte","HIC1","svm_rbf",0.852518196781282
"cz_cf_bronchial_biopsy","monocyte","JUND","svm_rbf",0.677662858637286
"cz_cf_bronchial_biopsy","monocyte","HIVEP2","svm_rbf",0.809626085701884
"cz_cf_bronchial_biopsy","monocyte","CUX1","svm_rbf",0.813157308698643
"cz_cf_bronchial_biopsy","monocyte","EPAS1","svm_rbf",0.798032413168754
"cz_cf_bronchial_biopsy","monocyte","FOXO3","svm_rbf",0.853995401662362
"cz_cf_bronchial_biopsy","monocyte","ID3","svm_rbf",0.810924887968995
"cz_cf_bronchial_biopsy","monocyte","MYB","svm_rbf",0.830319422151476
"cz_cf_bronchial_biopsy","monocyte","SMAD3","svm_rbf",0.802640052092853
"cz_cf_bronchial_biopsy","monocyte","RUNX1","svm_rbf",0.861690087654396
"cz_cf_bronchial_biopsy","monocyte","DMRT2","svm_rbf",0.885678166999182
"cz_cf_bronchial_biopsy","monocyte","HIVEP1","svm_rbf",0.814359895459938
"cz_cf_bronchial_biopsy","monocyte","ATF3","svm_rbf",0.807376683198009
"cz_cf_bronchial_biopsy","monocyte","JUNB","svm_rbf",0.827696291290054
"cz_cf_bronchial_biopsy","monocyte","OVOL2","svm_rbf",0.809932543159546
"cz_cf_bronchial_biopsy","monocyte","SNAI3","svm_rbf",0.748573240093885
"cz_cf_bronchial_biopsy","monocyte","OLIG1","svm_rbf",0.802207909290441
"cz_cf_bronchial_biopsy","monocyte","JDP2","svm_rbf",0.810038639319537
"cz_cf_bronchial_biopsy","monocyte","ZNF320","svm_rbf",0.789424904382463
"cz_cf_bronchial_biopsy","monocyte","NFIB","svm_rbf",0.764094357089015
"cz_cf_bronchial_biopsy","monocyte","ATF6","svm_rbf",0.779645669190992
"cz_cf_bronchial_biopsy","monocyte","GLIS2","svm_rbf",0.8001946175342
"cz_cf_bronchial_biopsy","monocyte","SP100","svm_rbf",0.764094225422127
"cz_cf_bronchial_biopsy","monocyte","MEF2B","svm_rbf",0.751450517639753
"cz_cf_bronchial_biopsy","monocyte","MAFB","svm_rbf",0.702929288032122
"cz_cf_bronchial_biopsy","monocyte","CREM","svm_rbf",0.807165935387039
"cz_cf_bronchial_biopsy","monocyte","ZBTB42","svm_rbf",0.767335020592813
"cz_cf_bronchial_biopsy","monocyte","STAT3","svm_rbf",0.699512866744465
"cz_cf_bronchial_biopsy","monocyte","MXI1","svm_rbf",0.801582884999479
"cz_cf_bronchial_biopsy","monocyte","TCF7L2","svm_rbf",0.695865159712095
"cz_cf_bronchial_biopsy","monocyte","ETV3","svm_rbf",0.763098697142763
"cz_cf_bronchial_biopsy","monocyte","PPARG","svm_rbf",0.767008340793715
"cz_cf_bronchial_biopsy","monocyte","ZEB1","svm_rbf",0.79370599338905
"cz_cf_bronchial_biopsy","monocyte","EGR1","svm_rbf",0.799507427695119
"cz_cf_bronchial_biopsy","monocyte","NKX3-1","svm_rbf",0.716657577681788
"cz_cf_bronchial_biopsy","monocyte","NR3C1","svm_rbf",0.826764121705185
"cz_cf_bronchial_biopsy","monocyte","LYL1","svm_rbf",0.793432074738642
"cz_cf_bronchial_biopsy","monocyte","IRF1","svm_rbf",0.76641580509431
"cz_cf_bronchial_biopsy","monocyte","PRDM5","svm_rbf",0.813988237046057
"cz_cf_bronchial_biopsy","monocyte","IKZF1","svm_rbf",0.714862894641229
"cz_cf_bronchial_biopsy","monocyte","BACH2","svm_rbf",0.77561571321403
"cz_cf_bronchial_biopsy","monocyte","ETV2","svm_rbf",0.801701860003752
"cz_cf_bronchial_biopsy","monocyte","NFAT5","svm_rbf",0.767921862754366
"cz_cf_bronchial_biopsy","monocyte","PTEN","svm_rbf",0.818471349511805
"cz_cf_bronchial_biopsy","monocyte","FOXP2","svm_rbf",0.664267325764069
"cz_cf_bronchial_biopsy","monocyte","TCF7L1","svm_rbf",0.680102144313048
"cz_cf_bronchial_biopsy","monocyte","RFX3","svm_rbf",0.792125469461636
"cz_cf_bronchial_biopsy","monocyte","TP73","svm_rbf",0.773221727809601
"cz_cf_bronchial_biopsy","monocyte","ZFY","svm_rbf",0.731008817254609
"cz_cf_bronchial_biopsy","monocyte","ELF2","svm_rbf",0.766769591719881
"cz_cf_bronchial_biopsy","monocyte","SCX","svm_rbf",0.769863105523931
"cz_cf_bronchial_biopsy","monocyte","TWIST1","svm_rbf",0.802766225627018
"cz_cf_bronchial_biopsy","monocyte","FOXP1","svm_rbf",0.762338916275495
"cz_cf_bronchial_biopsy","monocyte","STAT5B","svm_rbf",0.778213226284176
"cz_cf_bronchial_biopsy","monocyte","HIF1A","svm_rbf",0.818940613083496
"cz_cf_bronchial_biopsy","monocyte","CREB5","svm_rbf",0.821402187691807
"cz_cf_bronchial_biopsy","monocyte","BCL11B","svm_rbf",0.800842634141911
"cz_cf_bronchial_biopsy","monocyte","PBX3","svm_rbf",0.820370227560659
"cz_cf_bronchial_biopsy","monocyte","CEBPD","svm_rbf",0.792010127698742
"cz_cf_bronchial_biopsy","monocyte","NFIL3","svm_rbf",0.821263729648147
"cz_cf_bronchial_biopsy","monocyte","FOXO1","svm_rbf",0.758030813662582
"cz_cf_bronchial_biopsy","monocyte","RORA","svm_rbf",0.769573774445035
"cz_cf_bronchial_biopsy","monocyte","TP63","svm_rbf",0.760373855224775
"cz_cf_bronchial_biopsy","monocyte","SMARCC1","svm_rbf",0.813357362587555
"cz_cf_bronchial_biopsy","monocyte","FLI1","svm_rbf",0.802817697225744
"cz_cf_bronchial_biopsy","monocyte","MECOM","svm_rbf",0.824162341103959
"cz_cf_bronchial_biopsy","monocyte","RORC","svm_rbf",0.826302929789579
