"dataset","cluster","tf","method","cv_r2"
"cz_hnscc_hpv","endothelial_cell","SMAD1","ranger_et",0.914241181138025
"cz_hnscc_hpv","endothelial_cell","BCL3","ranger_et",0.929933309723683
"cz_hnscc_hpv","endothelial_cell","BHLHE41","ranger_et",0.919399728835443
"cz_hnscc_hpv","endothelial_cell","NPAS3","ranger_et",0.93479322326848
"cz_hnscc_hpv","endothelial_cell","ETS2","ranger_et",0.917317103680796
"cz_hnscc_hpv","endothelial_cell","RARG","ranger_et",0.926605661730048
"cz_hnscc_hpv","endothelial_cell","EGR2","ranger_et",0.929353953313865
"cz_hnscc_hpv","endothelial_cell","NR2F2","ranger_et",0.921524106468485
"cz_hnscc_hpv","endothelial_cell","EGR1","ranger_et",0.926250391629428
"cz_hnscc_hpv","endothelial_cell","NR4A1","ranger_et",0.921056247276081
"cz_hnscc_hpv","endothelial_cell","KLF4","ranger_et",0.925682878031474
"cz_hnscc_hpv","endothelial_cell","MAFB","ranger_et",0.923514306637491
"cz_hnscc_hpv","endothelial_cell","GATA2","ranger_et",0.921984375514286
"cz_hnscc_hpv","endothelial_cell","FOXC1","ranger_et",0.910143279630136
"cz_hnscc_hpv","endothelial_cell","JUND","ranger_et",0.922994334213101
"cz_hnscc_hpv","endothelial_cell","PAX5","ranger_et",0.928585464220489
"cz_hnscc_hpv","endothelial_cell","THRA","ranger_et",0.901587355715031
"cz_hnscc_hpv","endothelial_cell","CEBPB","ranger_et",0.93146507823686
"cz_hnscc_hpv","endothelial_cell","EHF","ranger_et",0.912220120839434
"cz_hnscc_hpv","endothelial_cell","MAFF","ranger_et",0.893075282538018
"cz_hnscc_hpv","endothelial_cell","ELK3","ranger_et",0.886779442150561
"cz_hnscc_hpv","endothelial_cell","ZNF423","ranger_et",0.921479617773312
"cz_hnscc_hpv","endothelial_cell","KLF10","ranger_et",0.921323852070972
"cz_hnscc_hpv","endothelial_cell","ID1","ranger_et",0.917860237667293
"cz_hnscc_hpv","endothelial_cell","KLF8","ranger_et",0.892011171673673
"cz_hnscc_hpv","endothelial_cell","NPAS2","ranger_et",0.922166306659886
"cz_hnscc_hpv","endothelial_cell","FOSB","ranger_et",0.922499553524689
"cz_hnscc_hpv","endothelial_cell","RARB","ranger_et",0.908353407335386
"cz_hnscc_hpv","endothelial_cell","ATOH8","ranger_et",0.890166186470258
"cz_hnscc_hpv","endothelial_cell","EGR3","ranger_et",0.907498074297919
"cz_hnscc_hpv","endothelial_cell","STAT2","ranger_et",0.840762088980251
"cz_hnscc_hpv","endothelial_cell","SOX2","ranger_et",0.873144251581099
"cz_hnscc_hpv","endothelial_cell","ENO1","ranger_et",0.921316831817898
"cz_hnscc_hpv","endothelial_cell","CEBPD","ranger_et",0.890468729485855
"cz_hnscc_hpv","endothelial_cell","POU2F2","ranger_et",0.901651385884628
"cz_hnscc_hpv","endothelial_cell","JUN","ranger_et",0.851448338553353
"cz_hnscc_hpv","endothelial_cell","NR4A3","ranger_et",0.899750216411621
"cz_hnscc_hpv","endothelial_cell","POU3F1","ranger_et",0.892091220549931
"cz_hnscc_hpv","endothelial_cell","FOS","ranger_et",0.733866974969565
"cz_hnscc_hpv","endothelial_cell","AHR","ranger_et",0.917870101936593
"cz_hnscc_hpv","endothelial_cell","JUNB","ranger_et",0.794203784543263
"cz_hnscc_hpv","endothelial_cell","HIVEP3","ranger_et",0.888352305664947
"cz_hnscc_hpv","endothelial_cell","BDP1","ranger_et",0.844102756694086
"cz_hnscc_hpv","endothelial_cell","ELF3","ranger_et",0.837478998721156
"cz_hnscc_hpv","endothelial_cell","NFATC2","ranger_et",0.851137647332888
"cz_hnscc_hpv","endothelial_cell","SP100","ranger_et",0.86922039778746
"cz_hnscc_hpv","endothelial_cell","E2F1","ranger_et",0.605432890526917
"cz_hnscc_hpv","endothelial_cell","HES5","ranger_et",0.861808481778141
"cz_hnscc_hpv","endothelial_cell","HLX","ranger_et",0.805646510269933
"cz_hnscc_hpv","endothelial_cell","LEF1","ranger_et",0.843738665179594
"cz_hnscc_hpv","endothelial_cell","KLF2","ranger_et",0.855916681204111
"cz_hnscc_hpv","endothelial_cell","SOX7","ranger_et",0.865695215365743
"cz_hnscc_hpv","endothelial_cell","ZFHX3","ranger_et",0.841198016980107
"cz_hnscc_hpv","endothelial_cell","MEOX2","ranger_et",0.883923326175084
"cz_hnscc_hpv","endothelial_cell","BCL11A","ranger_et",0.792513707656122
"cz_hnscc_hpv","endothelial_cell","ARHGEF12","ranger_et",0.860189816213258
"cz_hnscc_hpv","endothelial_cell","NFAT5","ranger_et",0.877141734631224
"cz_hnscc_hpv","endothelial_cell","CREM","ranger_et",0.893697288512922
"cz_hnscc_hpv","endothelial_cell","TBX2","ranger_et",0.870809323989026
"cz_hnscc_hpv","endothelial_cell","MEF2C","ranger_et",0.905367790484254
"cz_hnscc_hpv","endothelial_cell","YBX1","ranger_et",0.870656450541681
"cz_hnscc_hpv","endothelial_cell","MSX1","ranger_et",0.904972120796771
"cz_hnscc_hpv","endothelial_cell","SOX18","ranger_et",0.90457807415223
"cz_hnscc_hpv","endothelial_cell","BCL6B","ranger_et",0.911112528699419
"cz_hnscc_hpv","endothelial_cell","NFIA","ranger_et",0.90335219452115
"cz_hnscc_hpv","endothelial_cell","ID3","ranger_et",0.893858762283376
"cz_hnscc_hpv","endothelial_cell","HEY1","ranger_et",0.894438481154974
"cz_hnscc_hpv","endothelial_cell","MECOM","ranger_et",0.916285245024972
"cz_hnscc_hpv","endothelial_cell","ZBTB16","ranger_et",0.906282831707443
"cz_hnscc_hpv","endothelial_cell","IRF6","ranger_et",0.895701483411808
"cz_hnscc_hpv","endothelial_cell","TFAP2A","ranger_et",0.791537669910491
"cz_hnscc_hpv","endothelial_cell","XBP1","ranger_et",0.93557374486928
"cz_hnscc_hpv","endothelial_cell","ID4","ranger_et",0.921923527639134
"cz_hnscc_hpv","endothelial_cell","HIF1A","ranger_et",0.889091163968718
"cz_hnscc_hpv","endothelial_cell","ID2","ranger_et",0.917371036555091
"cz_hnscc_hpv","endothelial_cell","KLF9","ranger_et",0.902128171445626
"cz_hnscc_hpv","endothelial_cell","LMO2","ranger_et",0.914957957469577
"cz_hnscc_hpv","endothelial_cell","TCF15","ranger_et",0.919361141376961
"cz_hnscc_hpv","endothelial_cell","SMAD2","ranger_et",0.90830476737638
"cz_hnscc_hpv","endothelial_cell","SOX17","ranger_et",0.904392575179076
"cz_hnscc_hpv","endothelial_cell","KLF3","ranger_et",0.904484690942972
"cz_hnscc_hpv","endothelial_cell","PRDM16","ranger_et",0.911012385848325
"cz_hnscc_hpv","endothelial_cell","ZBTB7A","ranger_et",0.92490437153116
"cz_hnscc_hpv","endothelial_cell","NR4A2","ranger_et",0.914591448961029
"cz_hnscc_hpv","endothelial_cell","EPAS1","ranger_et",0.940006103154177
"cz_hnscc_hpv","endothelial_cell","SNAI1","ranger_et",0.900423937987717
"cz_hnscc_hpv","endothelial_cell","TCF4","ranger_et",0.930733306548855
"cz_hnscc_hpv","endothelial_cell","ATF3","ranger_et",0.878086139482224
"cz_hnscc_hpv","endothelial_cell","IRF1","ranger_et",0.885620418200473
"cz_hnscc_hpv","endothelial_cell","FOXP1","ranger_et",0.921489201295309
"cz_hnscc_hpv","endothelial_cell","RORA","ranger_et",0.917720801936486
"cz_hnscc_hpv","endothelial_cell","MEF2A","ranger_et",0.917842821212557
"cz_hnscc_hpv","endothelial_cell","NFIB","ranger_et",0.935533137574848
"cz_hnscc_hpv","endothelial_cell","FOXS1","ranger_et",0.939637737472378
"cz_hnscc_hpv","endothelial_cell","BHLHE40","ranger_et",0.924102000430606
"cz_hnscc_hpv","endothelial_cell","BATF","ranger_et",0.946597009614687
"cz_hnscc_hpv","endothelial_cell","ZBTB33","ranger_et",0.924504537792265
"cz_hnscc_hpv","endothelial_cell","CTCFL","ranger_et",0.927618373053848
"cz_hnscc_hpv","endothelial_cell","HES4","ranger_et",0.931520151062029
"cz_hnscc_hpv","endothelial_cell","STAT3","ranger_et",0.941581597770324
"cz_hnscc_hpv","endothelial_cell","HES1","ranger_et",0.931661577169295
"cz_hnscc_hpv","endothelial_cell","MAF","ranger_et",0.937218644109747
"cz_hnscc_hpv","endothelial_cell","REST","ranger_et",0.942406875502869
"cz_hnscc_hpv","endothelial_cell","ETS1","ranger_et",0.928509631971715
"cz_hnscc_hpv","endothelial_cell","MXI1","ranger_et",0.939091010528472
"cz_hnscc_hpv","endothelial_cell","PRDM1","ranger_et",0.932326589615295
"cz_hnscc_hpv","endothelial_cell","ZEB1","ranger_et",0.949854302799705
"cz_hnscc_hpv","endothelial_cell","KLF6","ranger_et",0.920554109286631
"cz_hnscc_hpv","endothelial_cell","SMAD1","xgboost",0.948313780554006
"cz_hnscc_hpv","endothelial_cell","BCL3","xgboost",0.957098212553461
"cz_hnscc_hpv","endothelial_cell","BHLHE41","xgboost",0.948542088608815
"cz_hnscc_hpv","endothelial_cell","NPAS3","xgboost",0.962674155360646
"cz_hnscc_hpv","endothelial_cell","ETS2","xgboost",0.950313082351358
"cz_hnscc_hpv","endothelial_cell","RARG","xgboost",0.961088306924394
"cz_hnscc_hpv","endothelial_cell","EGR2","xgboost",0.961420281224206
"cz_hnscc_hpv","endothelial_cell","NR2F2","xgboost",0.959230745562696
"cz_hnscc_hpv","endothelial_cell","EGR1","xgboost",0.94274000263244
"cz_hnscc_hpv","endothelial_cell","NR4A1","xgboost",0.943325108352917
"cz_hnscc_hpv","endothelial_cell","KLF4","xgboost",0.950395432639432
"cz_hnscc_hpv","endothelial_cell","MAFB","xgboost",0.955328151037198
"cz_hnscc_hpv","endothelial_cell","GATA2","xgboost",0.951790947391696
"cz_hnscc_hpv","endothelial_cell","FOXC1","xgboost",0.939923488239035
"cz_hnscc_hpv","endothelial_cell","JUND","xgboost",0.947818963175591
"cz_hnscc_hpv","endothelial_cell","PAX5","xgboost",0.956841097419854
"cz_hnscc_hpv","endothelial_cell","THRA","xgboost",0.925734707136435
"cz_hnscc_hpv","endothelial_cell","CEBPB","xgboost",0.951629976865976
"cz_hnscc_hpv","endothelial_cell","EHF","xgboost",0.925923463938699
"cz_hnscc_hpv","endothelial_cell","MAFF","xgboost",0.919315971635803
"cz_hnscc_hpv","endothelial_cell","ELK3","xgboost",0.916909774999007
"cz_hnscc_hpv","endothelial_cell","ZNF423","xgboost",0.940647840830543
"cz_hnscc_hpv","endothelial_cell","KLF10","xgboost",0.938273621301535
"cz_hnscc_hpv","endothelial_cell","ID1","xgboost",0.951222404459704
"cz_hnscc_hpv","endothelial_cell","KLF8","xgboost",0.922987189030972
"cz_hnscc_hpv","endothelial_cell","NPAS2","xgboost",0.956507153145162
"cz_hnscc_hpv","endothelial_cell","FOSB","xgboost",0.942558444220074
"cz_hnscc_hpv","endothelial_cell","RARB","xgboost",0.932168312656867
"cz_hnscc_hpv","endothelial_cell","ATOH8","xgboost",0.920492949309963
"cz_hnscc_hpv","endothelial_cell","EGR3","xgboost",0.942972264951029
"cz_hnscc_hpv","endothelial_cell","STAT2","xgboost",0.888612867584818
"cz_hnscc_hpv","endothelial_cell","SOX2","xgboost",0.921109870159796
"cz_hnscc_hpv","endothelial_cell","ENO1","xgboost",0.955124878099077
"cz_hnscc_hpv","endothelial_cell","CEBPD","xgboost",0.926851137344681
"cz_hnscc_hpv","endothelial_cell","POU2F2","xgboost",0.928998429424108
"cz_hnscc_hpv","endothelial_cell","JUN","xgboost",0.890948496361596
"cz_hnscc_hpv","endothelial_cell","NR4A3","xgboost",0.922599941149041
"cz_hnscc_hpv","endothelial_cell","POU3F1","xgboost",0.923474702102614
"cz_hnscc_hpv","endothelial_cell","FOS","xgboost",0.779145985952856
"cz_hnscc_hpv","endothelial_cell","AHR","xgboost",0.937362426660473
"cz_hnscc_hpv","endothelial_cell","JUNB","xgboost",0.855069314047553
"cz_hnscc_hpv","endothelial_cell","HIVEP3","xgboost",0.917595762282112
"cz_hnscc_hpv","endothelial_cell","BDP1","xgboost",0.901685784132658
"cz_hnscc_hpv","endothelial_cell","ELF3","xgboost",0.889258087781429
"cz_hnscc_hpv","endothelial_cell","NFATC2","xgboost",0.906928875205173
"cz_hnscc_hpv","endothelial_cell","SP100","xgboost",0.898926697124222
"cz_hnscc_hpv","endothelial_cell","E2F1","xgboost",0.692539681412476
"cz_hnscc_hpv","endothelial_cell","HES5","xgboost",0.914299403536602
"cz_hnscc_hpv","endothelial_cell","HLX","xgboost",0.835936958756497
"cz_hnscc_hpv","endothelial_cell","LEF1","xgboost",0.911646510299212
"cz_hnscc_hpv","endothelial_cell","KLF2","xgboost",0.916208217500327
"cz_hnscc_hpv","endothelial_cell","SOX7","xgboost",0.901467348640886
"cz_hnscc_hpv","endothelial_cell","ZFHX3","xgboost",0.87633307878222
"cz_hnscc_hpv","endothelial_cell","MEOX2","xgboost",0.922509405446957
"cz_hnscc_hpv","endothelial_cell","BCL11A","xgboost",0.851812164859582
"cz_hnscc_hpv","endothelial_cell","ARHGEF12","xgboost",0.89326050112179
"cz_hnscc_hpv","endothelial_cell","NFAT5","xgboost",0.929756258123255
"cz_hnscc_hpv","endothelial_cell","CREM","xgboost",0.92941571816384
"cz_hnscc_hpv","endothelial_cell","TBX2","xgboost",0.913134358946924
"cz_hnscc_hpv","endothelial_cell","MEF2C","xgboost",0.955868511784352
"cz_hnscc_hpv","endothelial_cell","YBX1","xgboost",0.896777780566768
"cz_hnscc_hpv","endothelial_cell","MSX1","xgboost",0.929605483318191
"cz_hnscc_hpv","endothelial_cell","SOX18","xgboost",0.941837368887913
"cz_hnscc_hpv","endothelial_cell","BCL6B","xgboost",0.929198238938375
"cz_hnscc_hpv","endothelial_cell","NFIA","xgboost",0.932773714885988
"cz_hnscc_hpv","endothelial_cell","ID3","xgboost",0.943512521951488
"cz_hnscc_hpv","endothelial_cell","HEY1","xgboost",0.942763270455569
"cz_hnscc_hpv","endothelial_cell","MECOM","xgboost",0.946188185502854
"cz_hnscc_hpv","endothelial_cell","ZBTB16","xgboost",0.932508110309584
"cz_hnscc_hpv","endothelial_cell","IRF6","xgboost",0.936757798343123
"cz_hnscc_hpv","endothelial_cell","TFAP2A","xgboost",0.800259483144518
"cz_hnscc_hpv","endothelial_cell","XBP1","xgboost",0.958110493920391
"cz_hnscc_hpv","endothelial_cell","ID4","xgboost",0.959002831874069
"cz_hnscc_hpv","endothelial_cell","HIF1A","xgboost",0.912546254327936
"cz_hnscc_hpv","endothelial_cell","ID2","xgboost",0.952665282807359
"cz_hnscc_hpv","endothelial_cell","KLF9","xgboost",0.93037283925068
"cz_hnscc_hpv","endothelial_cell","LMO2","xgboost",0.936712720313731
"cz_hnscc_hpv","endothelial_cell","TCF15","xgboost",0.943519588114159
"cz_hnscc_hpv","endothelial_cell","SMAD2","xgboost",0.941879231273216
"cz_hnscc_hpv","endothelial_cell","SOX17","xgboost",0.947327351237679
"cz_hnscc_hpv","endothelial_cell","KLF3","xgboost",0.945300922399069
"cz_hnscc_hpv","endothelial_cell","PRDM16","xgboost",0.949963988649669
"cz_hnscc_hpv","endothelial_cell","ZBTB7A","xgboost",0.940339019924596
"cz_hnscc_hpv","endothelial_cell","NR4A2","xgboost",0.937052745630366
"cz_hnscc_hpv","endothelial_cell","EPAS1","xgboost",0.957465878689213
"cz_hnscc_hpv","endothelial_cell","SNAI1","xgboost",0.930671903558484
"cz_hnscc_hpv","endothelial_cell","TCF4","xgboost",0.949777919981661
"cz_hnscc_hpv","endothelial_cell","ATF3","xgboost",0.930794936654935
"cz_hnscc_hpv","endothelial_cell","IRF1","xgboost",0.905744876006171
"cz_hnscc_hpv","endothelial_cell","FOXP1","xgboost",0.94066175200685
"cz_hnscc_hpv","endothelial_cell","RORA","xgboost",0.944861279952831
"cz_hnscc_hpv","endothelial_cell","MEF2A","xgboost",0.95603329180593
"cz_hnscc_hpv","endothelial_cell","NFIB","xgboost",0.946820745443666
"cz_hnscc_hpv","endothelial_cell","FOXS1","xgboost",0.962881071605613
"cz_hnscc_hpv","endothelial_cell","BHLHE40","xgboost",0.947883832630268
"cz_hnscc_hpv","endothelial_cell","BATF","xgboost",0.965788142035961
"cz_hnscc_hpv","endothelial_cell","ZBTB33","xgboost",0.95601735575709
"cz_hnscc_hpv","endothelial_cell","CTCFL","xgboost",0.947396115063258
"cz_hnscc_hpv","endothelial_cell","HES4","xgboost",0.956975055459758
"cz_hnscc_hpv","endothelial_cell","STAT3","xgboost",0.952746795676212
"cz_hnscc_hpv","endothelial_cell","HES1","xgboost",0.96062964889719
"cz_hnscc_hpv","endothelial_cell","MAF","xgboost",0.954648839676238
"cz_hnscc_hpv","endothelial_cell","REST","xgboost",0.964937326275685
"cz_hnscc_hpv","endothelial_cell","ETS1","xgboost",0.961296117409009
"cz_hnscc_hpv","endothelial_cell","MXI1","xgboost",0.957626185835074
"cz_hnscc_hpv","endothelial_cell","PRDM1","xgboost",0.952882848755443
"cz_hnscc_hpv","endothelial_cell","ZEB1","xgboost",0.968685280619699
"cz_hnscc_hpv","endothelial_cell","KLF6","xgboost",0.949819242541615
"cz_hnscc_hpv","endothelial_cell","SMAD1","mars",0.925424229987434
"cz_hnscc_hpv","endothelial_cell","BCL3","mars",0.944321567174187
"cz_hnscc_hpv","endothelial_cell","BHLHE41","mars",0.932008838928818
"cz_hnscc_hpv","endothelial_cell","NPAS3","mars",0.947323300562542
"cz_hnscc_hpv","endothelial_cell","ETS2","mars",0.929775790367286
"cz_hnscc_hpv","endothelial_cell","RARG","mars",0.948391584405021
"cz_hnscc_hpv","endothelial_cell","EGR2","mars",0.947036654103564
"cz_hnscc_hpv","endothelial_cell","NR2F2","mars",0.947866454085473
"cz_hnscc_hpv","endothelial_cell","EGR1","mars",0.906177821328245
"cz_hnscc_hpv","endothelial_cell","NR4A1","mars",0.909829558466708
"cz_hnscc_hpv","endothelial_cell","KLF4","mars",0.910889120342201
"cz_hnscc_hpv","endothelial_cell","MAFB","mars",0.9061179669623
"cz_hnscc_hpv","endothelial_cell","GATA2","mars",0.922359543870676
"cz_hnscc_hpv","endothelial_cell","FOXC1","mars",0.915968754831374
"cz_hnscc_hpv","endothelial_cell","JUND","mars",0.931630095151978
"cz_hnscc_hpv","endothelial_cell","PAX5","mars",0.941715490224248
"cz_hnscc_hpv","endothelial_cell","THRA","mars",0.865407843867795
"cz_hnscc_hpv","endothelial_cell","CEBPB","mars",0.932247922525436
"cz_hnscc_hpv","endothelial_cell","EHF","mars",0.893196885237722
"cz_hnscc_hpv","endothelial_cell","MAFF","mars",0.891553229302839
"cz_hnscc_hpv","endothelial_cell","ELK3","mars",0.851948270840536
"cz_hnscc_hpv","endothelial_cell","ZNF423","mars",0.902003893331897
"cz_hnscc_hpv","endothelial_cell","KLF10","mars",0.901179261881656
"cz_hnscc_hpv","endothelial_cell","ID1","mars",0.937989616414706
"cz_hnscc_hpv","endothelial_cell","KLF8","mars",0.878690094317925
"cz_hnscc_hpv","endothelial_cell","NPAS2","mars",0.942043831047198
"cz_hnscc_hpv","endothelial_cell","FOSB","mars",0.918767072553558
"cz_hnscc_hpv","endothelial_cell","RARB","mars",0.895952145777935
"cz_hnscc_hpv","endothelial_cell","ATOH8","mars",0.863171011225586
"cz_hnscc_hpv","endothelial_cell","EGR3","mars",0.903134699039305
"cz_hnscc_hpv","endothelial_cell","STAT2","mars",0.838006570050267
"cz_hnscc_hpv","endothelial_cell","SOX2","mars",0.859222066639641
"cz_hnscc_hpv","endothelial_cell","ENO1","mars",0.93226990615486
"cz_hnscc_hpv","endothelial_cell","CEBPD","mars",0.878642438623055
"cz_hnscc_hpv","endothelial_cell","POU2F2","mars",0.893923743569885
"cz_hnscc_hpv","endothelial_cell","JUN","mars",0.829090963781506
"cz_hnscc_hpv","endothelial_cell","NR4A3","mars",0.861264163979264
"cz_hnscc_hpv","endothelial_cell","POU3F1","mars",0.854028770814244
"cz_hnscc_hpv","endothelial_cell","FOS","mars",0.541408304463732
"cz_hnscc_hpv","endothelial_cell","AHR","mars",0.910376935739113
"cz_hnscc_hpv","endothelial_cell","JUNB","mars",0.714778252552917
"cz_hnscc_hpv","endothelial_cell","HIVEP3","mars",0.876414475017045
"cz_hnscc_hpv","endothelial_cell","BDP1","mars",0.832668812758179
"cz_hnscc_hpv","endothelial_cell","ELF3","mars",0.814624091500189
"cz_hnscc_hpv","endothelial_cell","NFATC2","mars",0.854532259287054
"cz_hnscc_hpv","endothelial_cell","SP100","mars",0.85516950932093
"cz_hnscc_hpv","endothelial_cell","E2F1","mars",-321.507241109525
"cz_hnscc_hpv","endothelial_cell","HES5","mars",0.861391345444278
"cz_hnscc_hpv","endothelial_cell","HLX","mars",0.762224690519855
"cz_hnscc_hpv","endothelial_cell","LEF1","mars",0.881402159174964
"cz_hnscc_hpv","endothelial_cell","KLF2","mars",0.873496922734426
"cz_hnscc_hpv","endothelial_cell","SOX7","mars",0.837073693941961
"cz_hnscc_hpv","endothelial_cell","ZFHX3","mars",0.815660548271022
"cz_hnscc_hpv","endothelial_cell","MEOX2","mars",0.880169498221477
"cz_hnscc_hpv","endothelial_cell","BCL11A","mars",0.762788647194823
"cz_hnscc_hpv","endothelial_cell","ARHGEF12","mars",0.854951198949839
"cz_hnscc_hpv","endothelial_cell","NFAT5","mars",0.884573945712071
"cz_hnscc_hpv","endothelial_cell","CREM","mars",0.88865986174945
"cz_hnscc_hpv","endothelial_cell","TBX2","mars",0.833750615070592
"cz_hnscc_hpv","endothelial_cell","MEF2C","mars",0.936045186452537
"cz_hnscc_hpv","endothelial_cell","YBX1","mars",0.788671094658855
"cz_hnscc_hpv","endothelial_cell","MSX1","mars",0.884051143381121
"cz_hnscc_hpv","endothelial_cell","SOX18","mars",0.909183370935836
"cz_hnscc_hpv","endothelial_cell","BCL6B","mars",0.832340781550262
"cz_hnscc_hpv","endothelial_cell","NFIA","mars",0.912545917992671
"cz_hnscc_hpv","endothelial_cell","ID3","mars",0.929908768098345
"cz_hnscc_hpv","endothelial_cell","HEY1","mars",0.90062771064159
"cz_hnscc_hpv","endothelial_cell","MECOM","mars",0.911704655215035
"cz_hnscc_hpv","endothelial_cell","ZBTB16","mars",0.9029941083048
"cz_hnscc_hpv","endothelial_cell","IRF6","mars",0.904977618952294
"cz_hnscc_hpv","endothelial_cell","TFAP2A","mars",0.269973446187116
"cz_hnscc_hpv","endothelial_cell","XBP1","mars",0.94694668583691
"cz_hnscc_hpv","endothelial_cell","ID4","mars",0.945803980672288
"cz_hnscc_hpv","endothelial_cell","HIF1A","mars",0.842443330508373
"cz_hnscc_hpv","endothelial_cell","ID2","mars",0.937621491795017
"cz_hnscc_hpv","endothelial_cell","KLF9","mars",0.879462450944531
"cz_hnscc_hpv","endothelial_cell","LMO2","mars",0.899759721395459
"cz_hnscc_hpv","endothelial_cell","TCF15","mars",0.893045788863391
"cz_hnscc_hpv","endothelial_cell","SMAD2","mars",0.91824185714867
"cz_hnscc_hpv","endothelial_cell","SOX17","mars",0.912230583833648
"cz_hnscc_hpv","endothelial_cell","KLF3","mars",0.906419908914207
"cz_hnscc_hpv","endothelial_cell","PRDM16","mars",0.944611065033013
"cz_hnscc_hpv","endothelial_cell","ZBTB7A","mars",0.91666088012569
"cz_hnscc_hpv","endothelial_cell","NR4A2","mars",0.921716549303398
"cz_hnscc_hpv","endothelial_cell","EPAS1","mars",0.940132616752455
"cz_hnscc_hpv","endothelial_cell","SNAI1","mars",0.87707200001128
"cz_hnscc_hpv","endothelial_cell","TCF4","mars",0.922930997890996
"cz_hnscc_hpv","endothelial_cell","ATF3","mars",0.899189345902872
"cz_hnscc_hpv","endothelial_cell","IRF1","mars",0.864537007888103
"cz_hnscc_hpv","endothelial_cell","FOXP1","mars",0.907651904846678
"cz_hnscc_hpv","endothelial_cell","RORA","mars",0.915525859361644
"cz_hnscc_hpv","endothelial_cell","MEF2A","mars",0.931569340075432
"cz_hnscc_hpv","endothelial_cell","NFIB","mars",0.929687625053232
"cz_hnscc_hpv","endothelial_cell","FOXS1","mars",0.939367965262918
"cz_hnscc_hpv","endothelial_cell","BHLHE40","mars",0.924896807068767
"cz_hnscc_hpv","endothelial_cell","BATF","mars",0.953220043228368
"cz_hnscc_hpv","endothelial_cell","ZBTB33","mars",0.929666561641727
"cz_hnscc_hpv","endothelial_cell","CTCFL","mars",0.923696493145183
"cz_hnscc_hpv","endothelial_cell","HES4","mars",0.941662925163808
"cz_hnscc_hpv","endothelial_cell","STAT3","mars",0.938119631595826
"cz_hnscc_hpv","endothelial_cell","HES1","mars",0.949049128447646
"cz_hnscc_hpv","endothelial_cell","MAF","mars",0.925992802775642
"cz_hnscc_hpv","endothelial_cell","REST","mars",0.955370697776962
"cz_hnscc_hpv","endothelial_cell","ETS1","mars",0.949116739288273
"cz_hnscc_hpv","endothelial_cell","MXI1","mars",0.945930375357535
"cz_hnscc_hpv","endothelial_cell","PRDM1","mars",0.933741507381222
"cz_hnscc_hpv","endothelial_cell","ZEB1","mars",0.962189334711248
"cz_hnscc_hpv","endothelial_cell","KLF6","mars",0.931561862270872
"cz_hnscc_hpv","endothelial_cell","SMAD1","svm_rbf",0.91618447467732
"cz_hnscc_hpv","endothelial_cell","BCL3","svm_rbf",0.931351230137907
"cz_hnscc_hpv","endothelial_cell","BHLHE41","svm_rbf",0.92400761656661
"cz_hnscc_hpv","endothelial_cell","NPAS3","svm_rbf",0.938929685188845
"cz_hnscc_hpv","endothelial_cell","ETS2","svm_rbf",0.918935130029786
"cz_hnscc_hpv","endothelial_cell","RARG","svm_rbf",0.927679859313241
"cz_hnscc_hpv","endothelial_cell","EGR2","svm_rbf",0.932426377903626
"cz_hnscc_hpv","endothelial_cell","NR2F2","svm_rbf",0.92822282180874
"cz_hnscc_hpv","endothelial_cell","EGR1","svm_rbf",0.931134241660189
"cz_hnscc_hpv","endothelial_cell","NR4A1","svm_rbf",0.924281937454292
"cz_hnscc_hpv","endothelial_cell","KLF4","svm_rbf",0.925586590119428
"cz_hnscc_hpv","endothelial_cell","MAFB","svm_rbf",0.931689684513213
"cz_hnscc_hpv","endothelial_cell","GATA2","svm_rbf",0.927692825636372
"cz_hnscc_hpv","endothelial_cell","FOXC1","svm_rbf",0.916648449869878
"cz_hnscc_hpv","endothelial_cell","JUND","svm_rbf",0.935566122471878
"cz_hnscc_hpv","endothelial_cell","PAX5","svm_rbf",0.922555414205047
"cz_hnscc_hpv","endothelial_cell","THRA","svm_rbf",0.918329693439841
"cz_hnscc_hpv","endothelial_cell","CEBPB","svm_rbf",0.93190974517146
"cz_hnscc_hpv","endothelial_cell","EHF","svm_rbf",0.9136902681471
"cz_hnscc_hpv","endothelial_cell","MAFF","svm_rbf",0.907824290521329
"cz_hnscc_hpv","endothelial_cell","ELK3","svm_rbf",0.900651563312034
"cz_hnscc_hpv","endothelial_cell","ZNF423","svm_rbf",0.921941018272877
"cz_hnscc_hpv","endothelial_cell","KLF10","svm_rbf",0.929087158026212
"cz_hnscc_hpv","endothelial_cell","ID1","svm_rbf",0.918179488369042
"cz_hnscc_hpv","endothelial_cell","KLF8","svm_rbf",0.895269310013936
"cz_hnscc_hpv","endothelial_cell","NPAS2","svm_rbf",0.922564682837085
"cz_hnscc_hpv","endothelial_cell","FOSB","svm_rbf",0.920349761584279
"cz_hnscc_hpv","endothelial_cell","RARB","svm_rbf",0.915379041946383
"cz_hnscc_hpv","endothelial_cell","ATOH8","svm_rbf",0.915079815836752
"cz_hnscc_hpv","endothelial_cell","EGR3","svm_rbf",0.916921191034484
"cz_hnscc_hpv","endothelial_cell","STAT2","svm_rbf",0.880146001406838
"cz_hnscc_hpv","endothelial_cell","SOX2","svm_rbf",0.88960505809466
"cz_hnscc_hpv","endothelial_cell","ENO1","svm_rbf",0.924510618468005
"cz_hnscc_hpv","endothelial_cell","CEBPD","svm_rbf",0.891904996825682
"cz_hnscc_hpv","endothelial_cell","POU2F2","svm_rbf",0.907023983758521
"cz_hnscc_hpv","endothelial_cell","JUN","svm_rbf",0.881547933241766
"cz_hnscc_hpv","endothelial_cell","NR4A3","svm_rbf",0.912200168657672
"cz_hnscc_hpv","endothelial_cell","POU3F1","svm_rbf",0.900304698609445
"cz_hnscc_hpv","endothelial_cell","FOS","svm_rbf",0.817193187792491
"cz_hnscc_hpv","endothelial_cell","AHR","svm_rbf",0.914573824146126
"cz_hnscc_hpv","endothelial_cell","JUNB","svm_rbf",0.844168139962345
"cz_hnscc_hpv","endothelial_cell","HIVEP3","svm_rbf",0.903064865739558
"cz_hnscc_hpv","endothelial_cell","BDP1","svm_rbf",0.876426078945781
"cz_hnscc_hpv","endothelial_cell","ELF3","svm_rbf",0.866181110579076
"cz_hnscc_hpv","endothelial_cell","NFATC2","svm_rbf",0.894439757502213
"cz_hnscc_hpv","endothelial_cell","SP100","svm_rbf",0.881251612148148
"cz_hnscc_hpv","endothelial_cell","E2F1","svm_rbf",0.440461386314187
"cz_hnscc_hpv","endothelial_cell","HES5","svm_rbf",0.901641991061745
"cz_hnscc_hpv","endothelial_cell","HLX","svm_rbf",0.820311115635003
"cz_hnscc_hpv","endothelial_cell","LEF1","svm_rbf",0.879351819158443
"cz_hnscc_hpv","endothelial_cell","KLF2","svm_rbf",0.894130853044745
"cz_hnscc_hpv","endothelial_cell","SOX7","svm_rbf",0.884588383445179
"cz_hnscc_hpv","endothelial_cell","ZFHX3","svm_rbf",0.860736470954979
"cz_hnscc_hpv","endothelial_cell","MEOX2","svm_rbf",0.890130819332546
"cz_hnscc_hpv","endothelial_cell","BCL11A","svm_rbf",0.836336864562522
"cz_hnscc_hpv","endothelial_cell","ARHGEF12","svm_rbf",0.87073311701916
"cz_hnscc_hpv","endothelial_cell","NFAT5","svm_rbf",0.897606672214084
"cz_hnscc_hpv","endothelial_cell","CREM","svm_rbf",0.904672243832493
"cz_hnscc_hpv","endothelial_cell","TBX2","svm_rbf",0.889909570674312
"cz_hnscc_hpv","endothelial_cell","MEF2C","svm_rbf",0.915892805443754
"cz_hnscc_hpv","endothelial_cell","YBX1","svm_rbf",0.90081347212709
"cz_hnscc_hpv","endothelial_cell","MSX1","svm_rbf",0.910872684116598
"cz_hnscc_hpv","endothelial_cell","SOX18","svm_rbf",0.911512790675896
"cz_hnscc_hpv","endothelial_cell","BCL6B","svm_rbf",0.921023638327028
"cz_hnscc_hpv","endothelial_cell","NFIA","svm_rbf",0.917898009595071
"cz_hnscc_hpv","endothelial_cell","ID3","svm_rbf",0.89990763573243
"cz_hnscc_hpv","endothelial_cell","HEY1","svm_rbf",0.92084823780044
"cz_hnscc_hpv","endothelial_cell","MECOM","svm_rbf",0.924015010233323
"cz_hnscc_hpv","endothelial_cell","ZBTB16","svm_rbf",0.912311919071317
"cz_hnscc_hpv","endothelial_cell","IRF6","svm_rbf",0.907306031137712
"cz_hnscc_hpv","endothelial_cell","TFAP2A","svm_rbf",0.816007806535636
"cz_hnscc_hpv","endothelial_cell","XBP1","svm_rbf",0.933040574011863
"cz_hnscc_hpv","endothelial_cell","ID4","svm_rbf",0.919377137980394
"cz_hnscc_hpv","endothelial_cell","HIF1A","svm_rbf",0.903563591428666
"cz_hnscc_hpv","endothelial_cell","ID2","svm_rbf",0.916260202677371
"cz_hnscc_hpv","endothelial_cell","KLF9","svm_rbf",0.924538205564486
"cz_hnscc_hpv","endothelial_cell","LMO2","svm_rbf",0.922757750517694
"cz_hnscc_hpv","endothelial_cell","TCF15","svm_rbf",0.932293821784844
"cz_hnscc_hpv","endothelial_cell","SMAD2","svm_rbf",0.917374175745501
"cz_hnscc_hpv","endothelial_cell","SOX17","svm_rbf",0.911107583243722
"cz_hnscc_hpv","endothelial_cell","KLF3","svm_rbf",0.931113051816028
"cz_hnscc_hpv","endothelial_cell","PRDM16","svm_rbf",0.914051957347488
"cz_hnscc_hpv","endothelial_cell","ZBTB7A","svm_rbf",0.92650622423374
"cz_hnscc_hpv","endothelial_cell","NR4A2","svm_rbf",0.922062093757604
"cz_hnscc_hpv","endothelial_cell","EPAS1","svm_rbf",0.933850097637301
"cz_hnscc_hpv","endothelial_cell","SNAI1","svm_rbf",0.917988888537411
"cz_hnscc_hpv","endothelial_cell","TCF4","svm_rbf",0.927984508088667
"cz_hnscc_hpv","endothelial_cell","ATF3","svm_rbf",0.910965900231648
"cz_hnscc_hpv","endothelial_cell","IRF1","svm_rbf",0.910301173959597
"cz_hnscc_hpv","endothelial_cell","FOXP1","svm_rbf",0.931803611676757
"cz_hnscc_hpv","endothelial_cell","RORA","svm_rbf",0.919569675172882
"cz_hnscc_hpv","endothelial_cell","MEF2A","svm_rbf",0.929446729492011
"cz_hnscc_hpv","endothelial_cell","NFIB","svm_rbf",0.941023481753015
"cz_hnscc_hpv","endothelial_cell","FOXS1","svm_rbf",0.936454445360984
"cz_hnscc_hpv","endothelial_cell","BHLHE40","svm_rbf",0.930561380988456
"cz_hnscc_hpv","endothelial_cell","BATF","svm_rbf",0.937540027729664
"cz_hnscc_hpv","endothelial_cell","ZBTB33","svm_rbf",0.938674779548458
"cz_hnscc_hpv","endothelial_cell","CTCFL","svm_rbf",0.932868200111333
"cz_hnscc_hpv","endothelial_cell","HES4","svm_rbf",0.93405612849415
"cz_hnscc_hpv","endothelial_cell","STAT3","svm_rbf",0.942395328035203
"cz_hnscc_hpv","endothelial_cell","HES1","svm_rbf",0.924455940829646
"cz_hnscc_hpv","endothelial_cell","MAF","svm_rbf",0.934017677913957
"cz_hnscc_hpv","endothelial_cell","REST","svm_rbf",0.934991652229797
"cz_hnscc_hpv","endothelial_cell","ETS1","svm_rbf",0.925204167744421
"cz_hnscc_hpv","endothelial_cell","MXI1","svm_rbf",0.937897968144326
"cz_hnscc_hpv","endothelial_cell","PRDM1","svm_rbf",0.930391768970704
"cz_hnscc_hpv","endothelial_cell","ZEB1","svm_rbf",0.94169123919695
"cz_hnscc_hpv","endothelial_cell","KLF6","svm_rbf",0.94448387314088
"cz_hnscc_hpv","B_cell","PRDM1","ranger_et",0.538551006891943
"cz_hnscc_hpv","B_cell","ERG","ranger_et",0.522244850511248
"cz_hnscc_hpv","B_cell","NR2C2","ranger_et",0.515586244345858
"cz_hnscc_hpv","B_cell","ETV7","ranger_et",0.546748202884358
"cz_hnscc_hpv","B_cell","TFAP2E","ranger_et",0.562947808720302
"cz_hnscc_hpv","B_cell","NR1H3","ranger_et",0.486715847900113
"cz_hnscc_hpv","B_cell","ETV1","ranger_et",0.466655431698972
"cz_hnscc_hpv","B_cell","RARG","ranger_et",0.540284546331118
"cz_hnscc_hpv","B_cell","RFX6","ranger_et",0.491699839387673
"cz_hnscc_hpv","B_cell","TFAP4","ranger_et",0.580658478724276
"cz_hnscc_hpv","B_cell","ID1","ranger_et",0.566065853286716
"cz_hnscc_hpv","B_cell","NR2F2","ranger_et",0.495904137342164
"cz_hnscc_hpv","B_cell","PAX1","ranger_et",0.549100696191048
"cz_hnscc_hpv","B_cell","EGR2","ranger_et",0.651534788432842
"cz_hnscc_hpv","B_cell","ZBTB1","ranger_et",0.632693542797508
"cz_hnscc_hpv","B_cell","CHD2","ranger_et",0.64501409567499
"cz_hnscc_hpv","B_cell","ID2","ranger_et",0.59381183467233
"cz_hnscc_hpv","B_cell","CTCFL","ranger_et",0.619162044403215
"cz_hnscc_hpv","B_cell","BHLHE41","ranger_et",0.703250589102982
"cz_hnscc_hpv","B_cell","BHLHE40","ranger_et",0.687077977068986
"cz_hnscc_hpv","B_cell","HIF1A","ranger_et",0.583638177315521
"cz_hnscc_hpv","B_cell","BDP1","ranger_et",0.482976902281712
"cz_hnscc_hpv","B_cell","TWIST1","ranger_et",0.558723174678055
"cz_hnscc_hpv","B_cell","YBX1","ranger_et",0.595451330294932
"cz_hnscc_hpv","B_cell","POU2F2","ranger_et",0.65704163771947
"cz_hnscc_hpv","B_cell","BRCA1","ranger_et",0.659542624309884
"cz_hnscc_hpv","B_cell","ETS1","ranger_et",0.545221031343979
"cz_hnscc_hpv","B_cell","IKZF2","ranger_et",0.476769874863168
"cz_hnscc_hpv","B_cell","BCL11A","ranger_et",0.473900248816903
"cz_hnscc_hpv","B_cell","IRF1","ranger_et",0.643594473199246
"cz_hnscc_hpv","B_cell","HES4","ranger_et",0.448168941493846
"cz_hnscc_hpv","B_cell","NFE2L2","ranger_et",0.435065513870658
"cz_hnscc_hpv","B_cell","PAX9","ranger_et",0.42232799942302
"cz_hnscc_hpv","B_cell","HOXA5","ranger_et",0.474378146883446
"cz_hnscc_hpv","B_cell","TCF4","ranger_et",0.542531946867095
"cz_hnscc_hpv","B_cell","MYB","ranger_et",0.638179661290224
"cz_hnscc_hpv","B_cell","ZNF331","ranger_et",0.605388664972563
"cz_hnscc_hpv","B_cell","EBF3","ranger_et",0.466551714554407
"cz_hnscc_hpv","B_cell","TP63","ranger_et",0.474108410999117
"cz_hnscc_hpv","B_cell","NR3C1","ranger_et",0.597936029347731
"cz_hnscc_hpv","B_cell","PAX8","ranger_et",0.501763798491155
"cz_hnscc_hpv","B_cell","NFIB","ranger_et",0.369850174286937
"cz_hnscc_hpv","B_cell","HOXD4","ranger_et",0.549991862228635
"cz_hnscc_hpv","B_cell","FOXA1","ranger_et",0.6078523900282
"cz_hnscc_hpv","B_cell","KLF2","ranger_et",0.670972043364015
"cz_hnscc_hpv","B_cell","CEBPB","ranger_et",0.523940619975102
"cz_hnscc_hpv","B_cell","KLF4","ranger_et",0.44946628969264
"cz_hnscc_hpv","B_cell","SNAI1","ranger_et",0.453109506862309
"cz_hnscc_hpv","B_cell","RFX4","ranger_et",0.453926540608303
"cz_hnscc_hpv","B_cell","HIC1","ranger_et",0.435954980035214
"cz_hnscc_hpv","B_cell","ZNF467","ranger_et",0.449796119283968
"cz_hnscc_hpv","B_cell","FOSB","ranger_et",0.448932796825683
"cz_hnscc_hpv","B_cell","RUNX3","ranger_et",0.492454067352464
"cz_hnscc_hpv","B_cell","FOS","ranger_et",0.447574590216652
"cz_hnscc_hpv","B_cell","POU3F1","ranger_et",0.509403023278316
"cz_hnscc_hpv","B_cell","ATF3","ranger_et",0.362349025525129
"cz_hnscc_hpv","B_cell","IRF8","ranger_et",0.501231421941889
"cz_hnscc_hpv","B_cell","XBP1","ranger_et",0.434407478604462
"cz_hnscc_hpv","B_cell","NR4A2","ranger_et",0.535384209005185
"cz_hnscc_hpv","B_cell","CREB5","ranger_et",0.483135306022366
"cz_hnscc_hpv","B_cell","ONECUT2","ranger_et",0.551144636737195
"cz_hnscc_hpv","B_cell","ID3","ranger_et",0.536255968653692
"cz_hnscc_hpv","B_cell","REL","ranger_et",0.573654486269626
"cz_hnscc_hpv","B_cell","HIVEP3","ranger_et",0.642046960971896
"cz_hnscc_hpv","B_cell","NR4A1","ranger_et",0.554670961881157
"cz_hnscc_hpv","B_cell","BACH2","ranger_et",0.57453739459422
"cz_hnscc_hpv","B_cell","HEY1","ranger_et",0.580679843204571
"cz_hnscc_hpv","B_cell","ELF3","ranger_et",0.506010596690176
"cz_hnscc_hpv","B_cell","KLF6","ranger_et",0.397819537279426
"cz_hnscc_hpv","B_cell","NFKB1","ranger_et",0.56668085537741
"cz_hnscc_hpv","B_cell","MAF","ranger_et",0.552859180660298
"cz_hnscc_hpv","B_cell","JUN","ranger_et",0.479669015995015
"cz_hnscc_hpv","B_cell","ELF1","ranger_et",0.416753929361486
"cz_hnscc_hpv","B_cell","CUX1","ranger_et",0.595615620060079
"cz_hnscc_hpv","B_cell","IRF4","ranger_et",0.535320328922835
"cz_hnscc_hpv","B_cell","TBX1","ranger_et",0.490451156371763
"cz_hnscc_hpv","B_cell","MAFB","ranger_et",0.507242403151529
"cz_hnscc_hpv","B_cell","EGR1","ranger_et",0.577490291172061
"cz_hnscc_hpv","B_cell","NFIA","ranger_et",0.449052571861509
"cz_hnscc_hpv","B_cell","SP100","ranger_et",0.550637960602715
"cz_hnscc_hpv","B_cell","BCLAF1","ranger_et",0.457575710228098
"cz_hnscc_hpv","B_cell","TBX2","ranger_et",0.510063342530864
"cz_hnscc_hpv","B_cell","ELF5","ranger_et",0.424792123331914
"cz_hnscc_hpv","B_cell","KLF10","ranger_et",0.450920968228476
"cz_hnscc_hpv","B_cell","FOXJ1","ranger_et",0.501965132346947
"cz_hnscc_hpv","B_cell","EGR3","ranger_et",0.525716756663557
"cz_hnscc_hpv","B_cell","BCL6","ranger_et",0.554531065926646
"cz_hnscc_hpv","B_cell","NR4A3","ranger_et",0.534260124015403
"cz_hnscc_hpv","B_cell","JUND","ranger_et",0.551191129208029
"cz_hnscc_hpv","B_cell","CREM","ranger_et",0.450429529962253
"cz_hnscc_hpv","B_cell","ZKSCAN1","ranger_et",0.526411286646362
"cz_hnscc_hpv","B_cell","ETS2","ranger_et",0.456661235661014
"cz_hnscc_hpv","B_cell","TAL2","ranger_et",0.509157473324927
"cz_hnscc_hpv","B_cell","ZBTB16","ranger_et",0.48171753765887
"cz_hnscc_hpv","B_cell","ATF4","ranger_et",0.467272254233099
"cz_hnscc_hpv","B_cell","SIX5","ranger_et",0.487693645729677
"cz_hnscc_hpv","B_cell","JUNB","ranger_et",0.490314514102128
"cz_hnscc_hpv","B_cell","BACH1","ranger_et",0.511018058426439
"cz_hnscc_hpv","B_cell","ATF5","ranger_et",0.534744552482287
"cz_hnscc_hpv","B_cell","TGIF1","ranger_et",0.608158564830824
"cz_hnscc_hpv","B_cell","FOXD4L3","ranger_et",0.533813546517652
"cz_hnscc_hpv","B_cell","HES1","ranger_et",0.497965375866243
"cz_hnscc_hpv","B_cell","NFAT5","ranger_et",0.532392981395674
"cz_hnscc_hpv","B_cell","FOSL2","ranger_et",0.526443950130692
"cz_hnscc_hpv","B_cell","IRF7","ranger_et",0.562518817214678
"cz_hnscc_hpv","B_cell","MYC","ranger_et",0.568894817834399
"cz_hnscc_hpv","B_cell","PRDM1","xgboost",0.632436219715039
"cz_hnscc_hpv","B_cell","ERG","xgboost",0.622701666882007
"cz_hnscc_hpv","B_cell","NR2C2","xgboost",0.61522018872892
"cz_hnscc_hpv","B_cell","ETV7","xgboost",0.642299776029255
"cz_hnscc_hpv","B_cell","TFAP2E","xgboost",0.661266825475449
"cz_hnscc_hpv","B_cell","NR1H3","xgboost",0.558641329301045
"cz_hnscc_hpv","B_cell","ETV1","xgboost",0.549718909899242
"cz_hnscc_hpv","B_cell","RARG","xgboost",0.651197241872794
"cz_hnscc_hpv","B_cell","RFX6","xgboost",0.583496863021773
"cz_hnscc_hpv","B_cell","TFAP4","xgboost",0.629273002789128
"cz_hnscc_hpv","B_cell","ID1","xgboost",0.649027652828396
"cz_hnscc_hpv","B_cell","NR2F2","xgboost",0.59546771929316
"cz_hnscc_hpv","B_cell","PAX1","xgboost",0.639923003535681
"cz_hnscc_hpv","B_cell","EGR2","xgboost",0.723303328132083
"cz_hnscc_hpv","B_cell","ZBTB1","xgboost",0.71420465020143
"cz_hnscc_hpv","B_cell","CHD2","xgboost",0.719341629791897
"cz_hnscc_hpv","B_cell","ID2","xgboost",0.657890962639901
"cz_hnscc_hpv","B_cell","CTCFL","xgboost",0.696875396299164
"cz_hnscc_hpv","B_cell","BHLHE41","xgboost",0.772301100833132
"cz_hnscc_hpv","B_cell","BHLHE40","xgboost",0.761446561713814
"cz_hnscc_hpv","B_cell","HIF1A","xgboost",0.658417596922921
"cz_hnscc_hpv","B_cell","BDP1","xgboost",0.593240626540298
"cz_hnscc_hpv","B_cell","TWIST1","xgboost",0.623784370374845
"cz_hnscc_hpv","B_cell","YBX1","xgboost",0.656445488840609
"cz_hnscc_hpv","B_cell","POU2F2","xgboost",0.718567641150798
"cz_hnscc_hpv","B_cell","BRCA1","xgboost",0.708979069311452
"cz_hnscc_hpv","B_cell","ETS1","xgboost",0.645889219100819
"cz_hnscc_hpv","B_cell","IKZF2","xgboost",0.562072636955788
"cz_hnscc_hpv","B_cell","BCL11A","xgboost",0.564723889986179
"cz_hnscc_hpv","B_cell","IRF1","xgboost",0.743516740104418
"cz_hnscc_hpv","B_cell","HES4","xgboost",0.543595292004098
"cz_hnscc_hpv","B_cell","NFE2L2","xgboost",0.534780778230009
"cz_hnscc_hpv","B_cell","PAX9","xgboost",0.497756043896808
"cz_hnscc_hpv","B_cell","HOXA5","xgboost",0.561432468580715
"cz_hnscc_hpv","B_cell","TCF4","xgboost",0.60744253080069
"cz_hnscc_hpv","B_cell","MYB","xgboost",0.717850864159111
"cz_hnscc_hpv","B_cell","ZNF331","xgboost",0.681754961166795
"cz_hnscc_hpv","B_cell","EBF3","xgboost",0.53643370042232
"cz_hnscc_hpv","B_cell","TP63","xgboost",0.562494976906357
"cz_hnscc_hpv","B_cell","NR3C1","xgboost",0.668279789024368
"cz_hnscc_hpv","B_cell","PAX8","xgboost",0.588044216641131
"cz_hnscc_hpv","B_cell","NFIB","xgboost",0.45709530134231
"cz_hnscc_hpv","B_cell","HOXD4","xgboost",0.61901416231021
"cz_hnscc_hpv","B_cell","FOXA1","xgboost",0.714632371441339
"cz_hnscc_hpv","B_cell","KLF2","xgboost",0.76389606816873
"cz_hnscc_hpv","B_cell","CEBPB","xgboost",0.614600414784513
"cz_hnscc_hpv","B_cell","KLF4","xgboost",0.55138409389347
"cz_hnscc_hpv","B_cell","SNAI1","xgboost",0.531055974119698
"cz_hnscc_hpv","B_cell","RFX4","xgboost",0.537142553260344
"cz_hnscc_hpv","B_cell","HIC1","xgboost",0.532060540668029
"cz_hnscc_hpv","B_cell","ZNF467","xgboost",0.54238378332679
"cz_hnscc_hpv","B_cell","FOSB","xgboost",0.539393505981671
"cz_hnscc_hpv","B_cell","RUNX3","xgboost",0.576856617586523
"cz_hnscc_hpv","B_cell","FOS","xgboost",0.557574371305139
"cz_hnscc_hpv","B_cell","POU3F1","xgboost",0.604979860802109
"cz_hnscc_hpv","B_cell","ATF3","xgboost",0.443622552978318
"cz_hnscc_hpv","B_cell","IRF8","xgboost",0.58630254362934
"cz_hnscc_hpv","B_cell","XBP1","xgboost",0.525316896543139
"cz_hnscc_hpv","B_cell","NR4A2","xgboost",0.626509280399569
"cz_hnscc_hpv","B_cell","CREB5","xgboost",0.598195120622193
"cz_hnscc_hpv","B_cell","ONECUT2","xgboost",0.678251557719626
"cz_hnscc_hpv","B_cell","ID3","xgboost",0.636232006234027
"cz_hnscc_hpv","B_cell","REL","xgboost",0.670717288838716
"cz_hnscc_hpv","B_cell","HIVEP3","xgboost",0.738314029479818
"cz_hnscc_hpv","B_cell","NR4A1","xgboost",0.646822116897129
"cz_hnscc_hpv","B_cell","BACH2","xgboost",0.653040426742831
"cz_hnscc_hpv","B_cell","HEY1","xgboost",0.683250789076458
"cz_hnscc_hpv","B_cell","ELF3","xgboost",0.583898345154682
"cz_hnscc_hpv","B_cell","KLF6","xgboost",0.488128480985407
"cz_hnscc_hpv","B_cell","NFKB1","xgboost",0.661330401322714
"cz_hnscc_hpv","B_cell","MAF","xgboost",0.646349448652982
"cz_hnscc_hpv","B_cell","JUN","xgboost",0.567389071126662
"cz_hnscc_hpv","B_cell","ELF1","xgboost",0.502045581953398
"cz_hnscc_hpv","B_cell","CUX1","xgboost",0.692887073397696
"cz_hnscc_hpv","B_cell","IRF4","xgboost",0.651450665390938
"cz_hnscc_hpv","B_cell","TBX1","xgboost",0.569956637275837
"cz_hnscc_hpv","B_cell","MAFB","xgboost",0.595707970613748
"cz_hnscc_hpv","B_cell","EGR1","xgboost",0.662363745215738
"cz_hnscc_hpv","B_cell","NFIA","xgboost",0.540761274613689
"cz_hnscc_hpv","B_cell","SP100","xgboost",0.631566287198304
"cz_hnscc_hpv","B_cell","BCLAF1","xgboost",0.560857573297621
"cz_hnscc_hpv","B_cell","TBX2","xgboost",0.60547417590676
"cz_hnscc_hpv","B_cell","ELF5","xgboost",0.51001181180058
"cz_hnscc_hpv","B_cell","KLF10","xgboost",0.534770899451791
"cz_hnscc_hpv","B_cell","FOXJ1","xgboost",0.606659578923301
"cz_hnscc_hpv","B_cell","EGR3","xgboost",0.633834635812975
"cz_hnscc_hpv","B_cell","BCL6","xgboost",0.656634632427569
"cz_hnscc_hpv","B_cell","NR4A3","xgboost",0.633578522884927
"cz_hnscc_hpv","B_cell","JUND","xgboost",0.638928078882829
"cz_hnscc_hpv","B_cell","CREM","xgboost",0.565295640554183
"cz_hnscc_hpv","B_cell","ZKSCAN1","xgboost",0.621885741585588
"cz_hnscc_hpv","B_cell","ETS2","xgboost",0.549293325656925
"cz_hnscc_hpv","B_cell","TAL2","xgboost",0.568226806938678
"cz_hnscc_hpv","B_cell","ZBTB16","xgboost",0.560971525971197
"cz_hnscc_hpv","B_cell","ATF4","xgboost",0.548311778682313
"cz_hnscc_hpv","B_cell","SIX5","xgboost",0.557834016765677
"cz_hnscc_hpv","B_cell","JUNB","xgboost",0.591857735328925
"cz_hnscc_hpv","B_cell","BACH1","xgboost",0.595904859254571
"cz_hnscc_hpv","B_cell","ATF5","xgboost",0.615036578792383
"cz_hnscc_hpv","B_cell","TGIF1","xgboost",0.709777179931191
"cz_hnscc_hpv","B_cell","FOXD4L3","xgboost",0.635744385593249
"cz_hnscc_hpv","B_cell","HES1","xgboost",0.586313206417584
"cz_hnscc_hpv","B_cell","NFAT5","xgboost",0.61265545368794
"cz_hnscc_hpv","B_cell","FOSL2","xgboost",0.632978800968891
"cz_hnscc_hpv","B_cell","IRF7","xgboost",0.610852043173912
"cz_hnscc_hpv","B_cell","MYC","xgboost",0.671155630955792
"cz_hnscc_hpv","B_cell","PRDM1","mars",0.540715148247433
"cz_hnscc_hpv","B_cell","ERG","mars",0.530228838870435
"cz_hnscc_hpv","B_cell","NR2C2","mars",0.562817251602166
"cz_hnscc_hpv","B_cell","ETV7","mars",0.515426468000304
"cz_hnscc_hpv","B_cell","TFAP2E","mars",0.607219859139585
"cz_hnscc_hpv","B_cell","NR1H3","mars",0.474949324070502
"cz_hnscc_hpv","B_cell","ETV1","mars",0.478590580499147
"cz_hnscc_hpv","B_cell","RARG","mars",0.591315151805884
"cz_hnscc_hpv","B_cell","RFX6","mars",0.442701657397384
"cz_hnscc_hpv","B_cell","TFAP4","mars",0.524543414579714
"cz_hnscc_hpv","B_cell","ID1","mars",0.585913347222348
"cz_hnscc_hpv","B_cell","NR2F2","mars",0.481518965231465
"cz_hnscc_hpv","B_cell","PAX1","mars",0.568789081963649
"cz_hnscc_hpv","B_cell","EGR2","mars",0.686456643479348
"cz_hnscc_hpv","B_cell","ZBTB1","mars",0.624323588987983
"cz_hnscc_hpv","B_cell","CHD2","mars",0.638856209617871
"cz_hnscc_hpv","B_cell","ID2","mars",0.541359068402498
"cz_hnscc_hpv","B_cell","CTCFL","mars",0.494626896509378
"cz_hnscc_hpv","B_cell","BHLHE41","mars",0.707321088251829
"cz_hnscc_hpv","B_cell","BHLHE40","mars",0.700704073281013
"cz_hnscc_hpv","B_cell","HIF1A","mars",0.567586517105777
"cz_hnscc_hpv","B_cell","BDP1","mars",0.491114824528604
"cz_hnscc_hpv","B_cell","TWIST1","mars",0.531886091579156
"cz_hnscc_hpv","B_cell","YBX1","mars",0.567838014320811
"cz_hnscc_hpv","B_cell","POU2F2","mars",0.592517344000828
"cz_hnscc_hpv","B_cell","BRCA1","mars",0.624743786691462
"cz_hnscc_hpv","B_cell","ETS1","mars",0.493898397264474
"cz_hnscc_hpv","B_cell","IKZF2","mars",0.421728889916498
"cz_hnscc_hpv","B_cell","BCL11A","mars",0.492682635380473
"cz_hnscc_hpv","B_cell","IRF1","mars",0.676140084811689
"cz_hnscc_hpv","B_cell","HES4","mars",0.439986673784296
"cz_hnscc_hpv","B_cell","NFE2L2","mars",0.362516549618329
"cz_hnscc_hpv","B_cell","PAX9","mars",0.358078362562186
"cz_hnscc_hpv","B_cell","HOXA5","mars",0.444447892657601
"cz_hnscc_hpv","B_cell","TCF4","mars",0.531404029648676
"cz_hnscc_hpv","B_cell","MYB","mars",0.609449710465627
"cz_hnscc_hpv","B_cell","ZNF331","mars",0.62939537305519
"cz_hnscc_hpv","B_cell","EBF3","mars",0.475677114850216
"cz_hnscc_hpv","B_cell","TP63","mars",0.48245323440288
"cz_hnscc_hpv","B_cell","NR3C1","mars",0.512944355292465
"cz_hnscc_hpv","B_cell","PAX8","mars",0.469680302212333
"cz_hnscc_hpv","B_cell","NFIB","mars",0.351891150298217
"cz_hnscc_hpv","B_cell","HOXD4","mars",0.530036378959607
"cz_hnscc_hpv","B_cell","FOXA1","mars",0.644511498470626
"cz_hnscc_hpv","B_cell","KLF2","mars",0.683062071159142
"cz_hnscc_hpv","B_cell","CEBPB","mars",0.525143876716078
"cz_hnscc_hpv","B_cell","KLF4","mars",0.437046858660329
"cz_hnscc_hpv","B_cell","SNAI1","mars",0.370381256202424
"cz_hnscc_hpv","B_cell","RFX4","mars",0.48049779071342
"cz_hnscc_hpv","B_cell","HIC1","mars",0.385789708014295
"cz_hnscc_hpv","B_cell","ZNF467","mars",0.371257375926897
"cz_hnscc_hpv","B_cell","FOSB","mars",0.421380631401031
"cz_hnscc_hpv","B_cell","RUNX3","mars",0.479063049476306
"cz_hnscc_hpv","B_cell","FOS","mars",0.420018433536444
"cz_hnscc_hpv","B_cell","POU3F1","mars",0.506436525503472
"cz_hnscc_hpv","B_cell","ATF3","mars",0.225791878384854
"cz_hnscc_hpv","B_cell","IRF8","mars",0.476617740615651
"cz_hnscc_hpv","B_cell","XBP1","mars",0.390200077249691
"cz_hnscc_hpv","B_cell","NR4A2","mars",0.573237895532087
"cz_hnscc_hpv","B_cell","CREB5","mars",0.512779704311466
"cz_hnscc_hpv","B_cell","ONECUT2","mars",0.624618393506418
"cz_hnscc_hpv","B_cell","ID3","mars",0.53134139889298
"cz_hnscc_hpv","B_cell","REL","mars",0.577865227833095
"cz_hnscc_hpv","B_cell","HIVEP3","mars",0.672624794882239
"cz_hnscc_hpv","B_cell","NR4A1","mars",0.596436267631751
"cz_hnscc_hpv","B_cell","BACH2","mars",0.580135968610175
"cz_hnscc_hpv","B_cell","HEY1","mars",-0.071016592257547
"cz_hnscc_hpv","B_cell","ELF3","mars",0.498018117940323
"cz_hnscc_hpv","B_cell","KLF6","mars",0.313753116972506
"cz_hnscc_hpv","B_cell","NFKB1","mars",0.568032235499576
"cz_hnscc_hpv","B_cell","MAF","mars",0.602268762531551
"cz_hnscc_hpv","B_cell","JUN","mars",0.49969400388486
"cz_hnscc_hpv","B_cell","ELF1","mars",0.319901207523394
"cz_hnscc_hpv","B_cell","CUX1","mars",0.626818876278149
"cz_hnscc_hpv","B_cell","IRF4","mars",0.518816329797993
"cz_hnscc_hpv","B_cell","TBX1","mars",0.488471175626567
"cz_hnscc_hpv","B_cell","MAFB","mars",0.490518995458129
"cz_hnscc_hpv","B_cell","EGR1","mars",0.604870458212277
"cz_hnscc_hpv","B_cell","NFIA","mars",0.395216752039157
"cz_hnscc_hpv","B_cell","SP100","mars",0.513454191817756
"cz_hnscc_hpv","B_cell","BCLAF1","mars",0.417603835872989
"cz_hnscc_hpv","B_cell","TBX2","mars",0.514644491052055
"cz_hnscc_hpv","B_cell","ELF5","mars",0.346124734839892
"cz_hnscc_hpv","B_cell","KLF10","mars",0.413902119290965
"cz_hnscc_hpv","B_cell","FOXJ1","mars",0.504352997790995
"cz_hnscc_hpv","B_cell","EGR3","mars",0.539588036073257
"cz_hnscc_hpv","B_cell","BCL6","mars",0.61723326732392
"cz_hnscc_hpv","B_cell","NR4A3","mars",0.569584348907962
"cz_hnscc_hpv","B_cell","JUND","mars",0.524004668287144
"cz_hnscc_hpv","B_cell","CREM","mars",0.409615191449695
"cz_hnscc_hpv","B_cell","ZKSCAN1","mars",0.545065254456827
"cz_hnscc_hpv","B_cell","ETS2","mars",0.43252752707925
"cz_hnscc_hpv","B_cell","TAL2","mars",0.501271213829146
"cz_hnscc_hpv","B_cell","ZBTB16","mars",0.456348783995179
"cz_hnscc_hpv","B_cell","ATF4","mars",0.450642220672621
"cz_hnscc_hpv","B_cell","SIX5","mars",0.483892201681312
"cz_hnscc_hpv","B_cell","JUNB","mars",0.525413188448653
"cz_hnscc_hpv","B_cell","BACH1","mars",0.535422791338641
"cz_hnscc_hpv","B_cell","ATF5","mars",0.491656383661331
"cz_hnscc_hpv","B_cell","TGIF1","mars",0.630359370678155
"cz_hnscc_hpv","B_cell","FOXD4L3","mars",0.567625355718851
"cz_hnscc_hpv","B_cell","HES1","mars",0.50560012532799
"cz_hnscc_hpv","B_cell","NFAT5","mars",0.538583107145584
"cz_hnscc_hpv","B_cell","FOSL2","mars",0.553132920868925
"cz_hnscc_hpv","B_cell","IRF7","mars",0.506794850631576
"cz_hnscc_hpv","B_cell","MYC","mars",0.620568887847701
"cz_hnscc_hpv","B_cell","PRDM1","svm_rbf",0.666709062223579
"cz_hnscc_hpv","B_cell","ERG","svm_rbf",0.6400507240306
"cz_hnscc_hpv","B_cell","NR2C2","svm_rbf",0.63703294631632
"cz_hnscc_hpv","B_cell","ETV7","svm_rbf",0.671985905067915
"cz_hnscc_hpv","B_cell","TFAP2E","svm_rbf",0.663510491864862
"cz_hnscc_hpv","B_cell","NR1H3","svm_rbf",0.602765759190297
"cz_hnscc_hpv","B_cell","ETV1","svm_rbf",0.568242936212622
"cz_hnscc_hpv","B_cell","RARG","svm_rbf",0.686741649209756
"cz_hnscc_hpv","B_cell","RFX6","svm_rbf",0.600628537348666
"cz_hnscc_hpv","B_cell","TFAP4","svm_rbf",0.675505276745265
"cz_hnscc_hpv","B_cell","ID1","svm_rbf",0.650503364657571
"cz_hnscc_hpv","B_cell","NR2F2","svm_rbf",0.589499788880541
"cz_hnscc_hpv","B_cell","PAX1","svm_rbf",0.644997294771181
"cz_hnscc_hpv","B_cell","EGR2","svm_rbf",0.729255642654623
"cz_hnscc_hpv","B_cell","ZBTB1","svm_rbf",0.715523792946565
"cz_hnscc_hpv","B_cell","CHD2","svm_rbf",0.715063568222541
"cz_hnscc_hpv","B_cell","ID2","svm_rbf",0.673071437262079
"cz_hnscc_hpv","B_cell","CTCFL","svm_rbf",0.673422997614118
"cz_hnscc_hpv","B_cell","BHLHE41","svm_rbf",0.770659139090475
"cz_hnscc_hpv","B_cell","BHLHE40","svm_rbf",0.765167649937694
"cz_hnscc_hpv","B_cell","HIF1A","svm_rbf",0.648700762713043
"cz_hnscc_hpv","B_cell","BDP1","svm_rbf",0.590642102542303
"cz_hnscc_hpv","B_cell","TWIST1","svm_rbf",0.632464258576636
"cz_hnscc_hpv","B_cell","YBX1","svm_rbf",0.656330067062886
"cz_hnscc_hpv","B_cell","POU2F2","svm_rbf",0.720088782785107
"cz_hnscc_hpv","B_cell","BRCA1","svm_rbf",0.714850498715006
"cz_hnscc_hpv","B_cell","ETS1","svm_rbf",0.640809247627353
"cz_hnscc_hpv","B_cell","IKZF2","svm_rbf",0.56976115450478
"cz_hnscc_hpv","B_cell","BCL11A","svm_rbf",0.581720123175182
"cz_hnscc_hpv","B_cell","IRF1","svm_rbf",0.725183586766707
"cz_hnscc_hpv","B_cell","HES4","svm_rbf",0.555282070573206
"cz_hnscc_hpv","B_cell","NFE2L2","svm_rbf",0.540634020299414
"cz_hnscc_hpv","B_cell","PAX9","svm_rbf",0.508790142331545
"cz_hnscc_hpv","B_cell","HOXA5","svm_rbf",0.576790967324253
"cz_hnscc_hpv","B_cell","TCF4","svm_rbf",0.61632942506049
"cz_hnscc_hpv","B_cell","MYB","svm_rbf",0.698500233163704
"cz_hnscc_hpv","B_cell","ZNF331","svm_rbf",0.697610578898238
"cz_hnscc_hpv","B_cell","EBF3","svm_rbf",0.570590347467876
"cz_hnscc_hpv","B_cell","TP63","svm_rbf",0.564798917728591
"cz_hnscc_hpv","B_cell","NR3C1","svm_rbf",0.65842180330218
"cz_hnscc_hpv","B_cell","PAX8","svm_rbf",0.584835688380442
"cz_hnscc_hpv","B_cell","NFIB","svm_rbf",0.500057324423045
"cz_hnscc_hpv","B_cell","HOXD4","svm_rbf",0.633711994379072
"cz_hnscc_hpv","B_cell","FOXA1","svm_rbf",0.692003462435987
"cz_hnscc_hpv","B_cell","KLF2","svm_rbf",0.753409409406724
"cz_hnscc_hpv","B_cell","CEBPB","svm_rbf",0.625246400806774
"cz_hnscc_hpv","B_cell","KLF4","svm_rbf",0.54752994746495
"cz_hnscc_hpv","B_cell","SNAI1","svm_rbf",0.545713401042223
"cz_hnscc_hpv","B_cell","RFX4","svm_rbf",0.558106210065231
"cz_hnscc_hpv","B_cell","HIC1","svm_rbf",0.544061301654017
"cz_hnscc_hpv","B_cell","ZNF467","svm_rbf",0.550625610929144
"cz_hnscc_hpv","B_cell","FOSB","svm_rbf",0.549009370459365
"cz_hnscc_hpv","B_cell","RUNX3","svm_rbf",0.580609128141676
"cz_hnscc_hpv","B_cell","FOS","svm_rbf",0.557880258939453
"cz_hnscc_hpv","B_cell","POU3F1","svm_rbf",0.59454161467919
"cz_hnscc_hpv","B_cell","ATF3","svm_rbf",0.453899921599483
"cz_hnscc_hpv","B_cell","IRF8","svm_rbf",0.596117114868608
"cz_hnscc_hpv","B_cell","XBP1","svm_rbf",0.537768432017242
"cz_hnscc_hpv","B_cell","NR4A2","svm_rbf",0.627119040056932
"cz_hnscc_hpv","B_cell","CREB5","svm_rbf",0.60702531245933
"cz_hnscc_hpv","B_cell","ONECUT2","svm_rbf",0.682146308231368
"cz_hnscc_hpv","B_cell","ID3","svm_rbf",0.642440762240789
"cz_hnscc_hpv","B_cell","REL","svm_rbf",0.6643402089314
"cz_hnscc_hpv","B_cell","HIVEP3","svm_rbf",0.728896302152328
"cz_hnscc_hpv","B_cell","NR4A1","svm_rbf",0.655623976607646
"cz_hnscc_hpv","B_cell","BACH2","svm_rbf",0.655363905097486
"cz_hnscc_hpv","B_cell","HEY1","svm_rbf",0.663431374273265
"cz_hnscc_hpv","B_cell","ELF3","svm_rbf",0.593663319886774
"cz_hnscc_hpv","B_cell","KLF6","svm_rbf",0.510699442205649
"cz_hnscc_hpv","B_cell","NFKB1","svm_rbf",0.642428291113933
"cz_hnscc_hpv","B_cell","MAF","svm_rbf",0.643111271237275
"cz_hnscc_hpv","B_cell","JUN","svm_rbf",0.601229607873514
"cz_hnscc_hpv","B_cell","ELF1","svm_rbf",0.507983149177042
"cz_hnscc_hpv","B_cell","CUX1","svm_rbf",0.708213869911952
"cz_hnscc_hpv","B_cell","IRF4","svm_rbf",0.648545338580801
"cz_hnscc_hpv","B_cell","TBX1","svm_rbf",0.579083143709729
"cz_hnscc_hpv","B_cell","MAFB","svm_rbf",0.605150759495851
"cz_hnscc_hpv","B_cell","EGR1","svm_rbf",0.671512644164256
"cz_hnscc_hpv","B_cell","NFIA","svm_rbf",0.561614318879373
"cz_hnscc_hpv","B_cell","SP100","svm_rbf",0.635622417447945
"cz_hnscc_hpv","B_cell","BCLAF1","svm_rbf",0.571571131081154
"cz_hnscc_hpv","B_cell","TBX2","svm_rbf",0.613574081126914
"cz_hnscc_hpv","B_cell","ELF5","svm_rbf",0.526889725562514
"cz_hnscc_hpv","B_cell","KLF10","svm_rbf",0.554797710962899
"cz_hnscc_hpv","B_cell","FOXJ1","svm_rbf",0.595381163196317
"cz_hnscc_hpv","B_cell","EGR3","svm_rbf",0.617115419461213
"cz_hnscc_hpv","B_cell","BCL6","svm_rbf",0.656908778907106
"cz_hnscc_hpv","B_cell","NR4A3","svm_rbf",0.647425024354368
"cz_hnscc_hpv","B_cell","JUND","svm_rbf",0.642706270886266
"cz_hnscc_hpv","B_cell","CREM","svm_rbf",0.549540673900788
"cz_hnscc_hpv","B_cell","ZKSCAN1","svm_rbf",0.59630874181172
"cz_hnscc_hpv","B_cell","ETS2","svm_rbf",0.570317677371369
"cz_hnscc_hpv","B_cell","TAL2","svm_rbf",0.616107975326281
"cz_hnscc_hpv","B_cell","ZBTB16","svm_rbf",0.579552741415954
"cz_hnscc_hpv","B_cell","ATF4","svm_rbf",0.568681584146073
"cz_hnscc_hpv","B_cell","SIX5","svm_rbf",0.58078116855019
"cz_hnscc_hpv","B_cell","JUNB","svm_rbf",0.59552795855844
"cz_hnscc_hpv","B_cell","BACH1","svm_rbf",0.607198481915426
"cz_hnscc_hpv","B_cell","ATF5","svm_rbf",0.611472732723399
"cz_hnscc_hpv","B_cell","TGIF1","svm_rbf",0.698939379988624
"cz_hnscc_hpv","B_cell","FOXD4L3","svm_rbf",0.639975598771407
"cz_hnscc_hpv","B_cell","HES1","svm_rbf",0.593744423878738
"cz_hnscc_hpv","B_cell","NFAT5","svm_rbf",0.620079559740424
"cz_hnscc_hpv","B_cell","FOSL2","svm_rbf",0.661449868613276
"cz_hnscc_hpv","B_cell","IRF7","svm_rbf",0.670331151709722
"cz_hnscc_hpv","B_cell","MYC","svm_rbf",0.664629798907526
"cz_hnscc_hpv","epithelial_cell","KLF5","ranger_et",0.864192133434994
"cz_hnscc_hpv","epithelial_cell","IRF1","ranger_et",0.88116469748317
"cz_hnscc_hpv","epithelial_cell","ATF3","ranger_et",0.883205167962424
"cz_hnscc_hpv","epithelial_cell","EGR1","ranger_et",0.871820571453804
"cz_hnscc_hpv","epithelial_cell","KLF6","ranger_et",0.880878902679198
"cz_hnscc_hpv","epithelial_cell","NFIB","ranger_et",0.856145063145842
"cz_hnscc_hpv","epithelial_cell","HEYL","ranger_et",0.842404862347468
"cz_hnscc_hpv","epithelial_cell","KLF4","ranger_et",0.848858783849719
"cz_hnscc_hpv","epithelial_cell","EBF1","ranger_et",0.860850026798098
"cz_hnscc_hpv","epithelial_cell","JUND","ranger_et",0.806481716323522
"cz_hnscc_hpv","epithelial_cell","TCF3","ranger_et",0.8341906093649
"cz_hnscc_hpv","epithelial_cell","HES1","ranger_et",0.83787073509406
"cz_hnscc_hpv","epithelial_cell","ZIC5","ranger_et",0.856297857330227
"cz_hnscc_hpv","epithelial_cell","KLF2","ranger_et",0.848306263641125
"cz_hnscc_hpv","epithelial_cell","ID1","ranger_et",0.846818095372436
"cz_hnscc_hpv","epithelial_cell","FOSB","ranger_et",0.87709044259216
"cz_hnscc_hpv","epithelial_cell","NR2E1","ranger_et",0.854810033474316
"cz_hnscc_hpv","epithelial_cell","CTCFL","ranger_et",0.866285100022658
"cz_hnscc_hpv","epithelial_cell","WT1","ranger_et",0.813496760001222
"cz_hnscc_hpv","epithelial_cell","ID3","ranger_et",0.858098312147815
"cz_hnscc_hpv","epithelial_cell","PAX5","ranger_et",0.853499446241703
"cz_hnscc_hpv","epithelial_cell","IRF4","ranger_et",0.846888871772911
"cz_hnscc_hpv","epithelial_cell","JUNB","ranger_et",0.812570523309768
"cz_hnscc_hpv","epithelial_cell","TAL1","ranger_et",0.888237839371191
"cz_hnscc_hpv","epithelial_cell","CEBPB","ranger_et",0.823945799640757
"cz_hnscc_hpv","epithelial_cell","SPI1","ranger_et",0.831216468257296
"cz_hnscc_hpv","epithelial_cell","ID2","ranger_et",0.856913316812908
"cz_hnscc_hpv","epithelial_cell","POU2F2","ranger_et",0.836693963576057
"cz_hnscc_hpv","epithelial_cell","ZFP57","ranger_et",0.813589555726172
"cz_hnscc_hpv","epithelial_cell","FOXI1","ranger_et",0.868368229076386
"cz_hnscc_hpv","epithelial_cell","PRDM1","ranger_et",0.852773097008521
"cz_hnscc_hpv","epithelial_cell","HES4","ranger_et",0.83221872421237
"cz_hnscc_hpv","epithelial_cell","HNF4G","ranger_et",0.835104265730843
"cz_hnscc_hpv","epithelial_cell","FLI1","ranger_et",0.879181383513678
"cz_hnscc_hpv","epithelial_cell","NEUROG2","ranger_et",0.828559429488156
"cz_hnscc_hpv","epithelial_cell","BCL6B","ranger_et",0.836235498536717
"cz_hnscc_hpv","epithelial_cell","ATF5","ranger_et",0.827377761476917
"cz_hnscc_hpv","epithelial_cell","SNAI3","ranger_et",0.814835409563305
"cz_hnscc_hpv","epithelial_cell","ZIC4","ranger_et",0.843946522422762
"cz_hnscc_hpv","epithelial_cell","BATF","ranger_et",0.795415428610076
"cz_hnscc_hpv","epithelial_cell","SPDEF","ranger_et",0.799344320053812
"cz_hnscc_hpv","epithelial_cell","NR2F1","ranger_et",0.829973764081207
"cz_hnscc_hpv","epithelial_cell","NR5A1","ranger_et",0.865683747293316
"cz_hnscc_hpv","epithelial_cell","TFAP2B","ranger_et",0.842155682826162
"cz_hnscc_hpv","epithelial_cell","E2F5","ranger_et",0.836730790538701
"cz_hnscc_hpv","epithelial_cell","HOXB2","ranger_et",0.844389943706303
"cz_hnscc_hpv","epithelial_cell","MAFA","ranger_et",0.838316356323794
"cz_hnscc_hpv","epithelial_cell","CREM","ranger_et",0.788372715779502
"cz_hnscc_hpv","epithelial_cell","POU2F3","ranger_et",0.845646683244557
"cz_hnscc_hpv","epithelial_cell","SOX9","ranger_et",0.8628065106832
"cz_hnscc_hpv","epithelial_cell","POLR3G","ranger_et",0.818758941752469
"cz_hnscc_hpv","epithelial_cell","SOX2","ranger_et",0.835732579177099
"cz_hnscc_hpv","epithelial_cell","ZNF449","ranger_et",0.782504640344453
"cz_hnscc_hpv","epithelial_cell","ONECUT2","ranger_et",0.818200571939598
"cz_hnscc_hpv","epithelial_cell","NEUROD1","ranger_et",0.819985439312847
"cz_hnscc_hpv","epithelial_cell","SOX1","ranger_et",0.829189948499826
"cz_hnscc_hpv","epithelial_cell","IKZF1","ranger_et",0.793208639235314
"cz_hnscc_hpv","epithelial_cell","NFATC4","ranger_et",0.822606189037874
"cz_hnscc_hpv","epithelial_cell","MYC","ranger_et",0.835174903517894
"cz_hnscc_hpv","epithelial_cell","PKNOX2","ranger_et",0.845192976541289
"cz_hnscc_hpv","epithelial_cell","SPIC","ranger_et",0.831998388922435
"cz_hnscc_hpv","epithelial_cell","MEF2C","ranger_et",0.813023638434618
"cz_hnscc_hpv","epithelial_cell","TBX20","ranger_et",0.87604153710979
"cz_hnscc_hpv","epithelial_cell","HOXB9","ranger_et",0.840954747650432
"cz_hnscc_hpv","epithelial_cell","ZBTB18","ranger_et",0.843723166569268
"cz_hnscc_hpv","epithelial_cell","NR4A1","ranger_et",0.853912497918679
"cz_hnscc_hpv","epithelial_cell","ZFP82","ranger_et",0.853579538922966
"cz_hnscc_hpv","epithelial_cell","LHX6","ranger_et",0.829186049546482
"cz_hnscc_hpv","epithelial_cell","FOXP3","ranger_et",0.849098028656774
"cz_hnscc_hpv","epithelial_cell","HIF1A","ranger_et",0.806137114502388
"cz_hnscc_hpv","epithelial_cell","ITGB2","ranger_et",0.837930971382122
"cz_hnscc_hpv","epithelial_cell","LYL1","ranger_et",0.851677635093854
"cz_hnscc_hpv","epithelial_cell","ZNF423","ranger_et",0.880449325149476
"cz_hnscc_hpv","epithelial_cell","TCF4","ranger_et",0.828292345828483
"cz_hnscc_hpv","epithelial_cell","LHX8","ranger_et",0.872463830944402
"cz_hnscc_hpv","epithelial_cell","EGR3","ranger_et",0.855071167343403
"cz_hnscc_hpv","epithelial_cell","HNF1A","ranger_et",0.747368275071047
"cz_hnscc_hpv","epithelial_cell","SCX","ranger_et",0.828709328159225
"cz_hnscc_hpv","epithelial_cell","ZNF589","ranger_et",0.802633279078188
"cz_hnscc_hpv","epithelial_cell","MLXIPL","ranger_et",0.834202383391298
"cz_hnscc_hpv","epithelial_cell","ARNT2","ranger_et",0.798939053800797
"cz_hnscc_hpv","epithelial_cell","HES7","ranger_et",0.812274924270545
"cz_hnscc_hpv","epithelial_cell","IRF8","ranger_et",0.829415216397654
"cz_hnscc_hpv","epithelial_cell","ZNF76","ranger_et",0.715507460254415
"cz_hnscc_hpv","epithelial_cell","HOXD4","ranger_et",0.826280812434422
"cz_hnscc_hpv","epithelial_cell","NRF1","ranger_et",0.662332941875873
"cz_hnscc_hpv","epithelial_cell","RAD21","ranger_et",0.730048145747901
"cz_hnscc_hpv","epithelial_cell","STAT1","ranger_et",0.814601450470583
"cz_hnscc_hpv","epithelial_cell","HDAC2","ranger_et",0.835122816221019
"cz_hnscc_hpv","epithelial_cell","MYBL2","ranger_et",0.711724613912573
"cz_hnscc_hpv","epithelial_cell","MYBL1","ranger_et",0.832225084293538
"cz_hnscc_hpv","epithelial_cell","INSM1","ranger_et",0.816443002400304
"cz_hnscc_hpv","epithelial_cell","KLF5","xgboost",0.879649789005432
"cz_hnscc_hpv","epithelial_cell","IRF1","xgboost",0.902291873991999
"cz_hnscc_hpv","epithelial_cell","ATF3","xgboost",0.90391635415693
"cz_hnscc_hpv","epithelial_cell","EGR1","xgboost",0.904171688865727
"cz_hnscc_hpv","epithelial_cell","KLF6","xgboost",0.902646776491044
"cz_hnscc_hpv","epithelial_cell","NFIB","xgboost",0.870422972136405
"cz_hnscc_hpv","epithelial_cell","HEYL","xgboost",0.869210820491653
"cz_hnscc_hpv","epithelial_cell","KLF4","xgboost",0.877359774720856
"cz_hnscc_hpv","epithelial_cell","EBF1","xgboost",0.878504039856648
"cz_hnscc_hpv","epithelial_cell","JUND","xgboost",0.842848684882646
"cz_hnscc_hpv","epithelial_cell","TCF3","xgboost",0.859509212758767
"cz_hnscc_hpv","epithelial_cell","HES1","xgboost",0.856151171539396
"cz_hnscc_hpv","epithelial_cell","ZIC5","xgboost",0.872195855420893
"cz_hnscc_hpv","epithelial_cell","KLF2","xgboost",0.863237194204172
"cz_hnscc_hpv","epithelial_cell","ID1","xgboost",0.867922819025815
"cz_hnscc_hpv","epithelial_cell","FOSB","xgboost",0.901285588165051
"cz_hnscc_hpv","epithelial_cell","NR2E1","xgboost",0.878143829231845
"cz_hnscc_hpv","epithelial_cell","CTCFL","xgboost",0.874684081249038
"cz_hnscc_hpv","epithelial_cell","WT1","xgboost",0.829530890006747
"cz_hnscc_hpv","epithelial_cell","ID3","xgboost",0.876710033142741
"cz_hnscc_hpv","epithelial_cell","PAX5","xgboost",0.872246119407638
"cz_hnscc_hpv","epithelial_cell","IRF4","xgboost",0.863287028144193
"cz_hnscc_hpv","epithelial_cell","JUNB","xgboost",0.82628268898723
"cz_hnscc_hpv","epithelial_cell","TAL1","xgboost",0.904858804586248
"cz_hnscc_hpv","epithelial_cell","CEBPB","xgboost",0.841360951730979
"cz_hnscc_hpv","epithelial_cell","SPI1","xgboost",0.857493415902508
"cz_hnscc_hpv","epithelial_cell","ID2","xgboost",0.867336599585745
"cz_hnscc_hpv","epithelial_cell","POU2F2","xgboost",0.853659125488718
"cz_hnscc_hpv","epithelial_cell","ZFP57","xgboost",0.82136039696836
"cz_hnscc_hpv","epithelial_cell","FOXI1","xgboost",0.88008447940285
"cz_hnscc_hpv","epithelial_cell","PRDM1","xgboost",0.862959464867122
"cz_hnscc_hpv","epithelial_cell","HES4","xgboost",0.868772119476723
"cz_hnscc_hpv","epithelial_cell","HNF4G","xgboost",0.87819751723085
"cz_hnscc_hpv","epithelial_cell","FLI1","xgboost",0.892451652198792
"cz_hnscc_hpv","epithelial_cell","NEUROG2","xgboost",0.849647851985136
"cz_hnscc_hpv","epithelial_cell","BCL6B","xgboost",0.87045605228461
"cz_hnscc_hpv","epithelial_cell","ATF5","xgboost",0.836537546538074
"cz_hnscc_hpv","epithelial_cell","SNAI3","xgboost",0.853023222725468
"cz_hnscc_hpv","epithelial_cell","ZIC4","xgboost",0.869707532227204
"cz_hnscc_hpv","epithelial_cell","BATF","xgboost",0.795884256633176
"cz_hnscc_hpv","epithelial_cell","SPDEF","xgboost",0.831769712677167
"cz_hnscc_hpv","epithelial_cell","NR2F1","xgboost",0.860218534920581
"cz_hnscc_hpv","epithelial_cell","NR5A1","xgboost",0.887781486185211
"cz_hnscc_hpv","epithelial_cell","TFAP2B","xgboost",0.86364643056237
"cz_hnscc_hpv","epithelial_cell","E2F5","xgboost",0.872783086251341
"cz_hnscc_hpv","epithelial_cell","HOXB2","xgboost",0.881137492654216
"cz_hnscc_hpv","epithelial_cell","MAFA","xgboost",0.857374811213417
"cz_hnscc_hpv","epithelial_cell","CREM","xgboost",0.840158846321896
"cz_hnscc_hpv","epithelial_cell","POU2F3","xgboost",0.849550561363052
"cz_hnscc_hpv","epithelial_cell","SOX9","xgboost",0.879133841034424
"cz_hnscc_hpv","epithelial_cell","POLR3G","xgboost",0.841084822275276
"cz_hnscc_hpv","epithelial_cell","SOX2","xgboost",0.86411095324991
"cz_hnscc_hpv","epithelial_cell","ZNF449","xgboost",0.819390266079442
"cz_hnscc_hpv","epithelial_cell","ONECUT2","xgboost",0.851056744882421
"cz_hnscc_hpv","epithelial_cell","NEUROD1","xgboost",0.81105734761568
"cz_hnscc_hpv","epithelial_cell","SOX1","xgboost",0.85321233798563
"cz_hnscc_hpv","epithelial_cell","IKZF1","xgboost",0.805807231785297
"cz_hnscc_hpv","epithelial_cell","NFATC4","xgboost",0.845329586454231
"cz_hnscc_hpv","epithelial_cell","MYC","xgboost",0.870089642391469
"cz_hnscc_hpv","epithelial_cell","PKNOX2","xgboost",0.848048567382122
"cz_hnscc_hpv","epithelial_cell","SPIC","xgboost",0.849180209071043
"cz_hnscc_hpv","epithelial_cell","MEF2C","xgboost",0.856400167426083
"cz_hnscc_hpv","epithelial_cell","TBX20","xgboost",0.899150941170296
"cz_hnscc_hpv","epithelial_cell","HOXB9","xgboost",0.854518801337556
"cz_hnscc_hpv","epithelial_cell","ZBTB18","xgboost",0.867474898048095
"cz_hnscc_hpv","epithelial_cell","NR4A1","xgboost",0.871511404531365
"cz_hnscc_hpv","epithelial_cell","ZFP82","xgboost",0.872535077701301
"cz_hnscc_hpv","epithelial_cell","LHX6","xgboost",0.850696277179475
"cz_hnscc_hpv","epithelial_cell","FOXP3","xgboost",0.868287601660613
"cz_hnscc_hpv","epithelial_cell","HIF1A","xgboost",0.828175036600492
"cz_hnscc_hpv","epithelial_cell","ITGB2","xgboost",0.858124306166819
"cz_hnscc_hpv","epithelial_cell","LYL1","xgboost",0.88334908237948
"cz_hnscc_hpv","epithelial_cell","ZNF423","xgboost",0.902675401734859
"cz_hnscc_hpv","epithelial_cell","TCF4","xgboost",0.840448802666793
"cz_hnscc_hpv","epithelial_cell","LHX8","xgboost",0.905097480941155
"cz_hnscc_hpv","epithelial_cell","EGR3","xgboost",0.878194242133102
"cz_hnscc_hpv","epithelial_cell","HNF1A","xgboost",0.763303733423426
"cz_hnscc_hpv","epithelial_cell","SCX","xgboost",0.858531540501993
"cz_hnscc_hpv","epithelial_cell","ZNF589","xgboost",0.834405288729239
"cz_hnscc_hpv","epithelial_cell","MLXIPL","xgboost",0.855243954695718
"cz_hnscc_hpv","epithelial_cell","ARNT2","xgboost",0.802177047473759
"cz_hnscc_hpv","epithelial_cell","HES7","xgboost",0.841576608666728
"cz_hnscc_hpv","epithelial_cell","IRF8","xgboost",0.856163699652165
"cz_hnscc_hpv","epithelial_cell","ZNF76","xgboost",0.807301366503195
"cz_hnscc_hpv","epithelial_cell","HOXD4","xgboost",0.872831237281027
"cz_hnscc_hpv","epithelial_cell","NRF1","xgboost",0.78501351984914
"cz_hnscc_hpv","epithelial_cell","RAD21","xgboost",0.814190576027483
"cz_hnscc_hpv","epithelial_cell","STAT1","xgboost",0.841204075748116
"cz_hnscc_hpv","epithelial_cell","HDAC2","xgboost",0.843655037545975
"cz_hnscc_hpv","epithelial_cell","MYBL2","xgboost",0.783699368227604
"cz_hnscc_hpv","epithelial_cell","MYBL1","xgboost",0.853896168298711
"cz_hnscc_hpv","epithelial_cell","INSM1","xgboost",0.846255003056105
"cz_hnscc_hpv","epithelial_cell","KLF5","mars",0.794683374347325
"cz_hnscc_hpv","epithelial_cell","IRF1","mars",0.832467887328081
"cz_hnscc_hpv","epithelial_cell","ATF3","mars",0.878226878196541
"cz_hnscc_hpv","epithelial_cell","EGR1","mars",0.866721940693778
"cz_hnscc_hpv","epithelial_cell","KLF6","mars",0.853322979805194
"cz_hnscc_hpv","epithelial_cell","NFIB","mars",-0.428703093604807
"cz_hnscc_hpv","epithelial_cell","HEYL","mars",0.791860916209633
"cz_hnscc_hpv","epithelial_cell","KLF4","mars",0.785749581090075
"cz_hnscc_hpv","epithelial_cell","EBF1","mars",0.819248254206081
"cz_hnscc_hpv","epithelial_cell","JUND","mars",0.766191941206919
"cz_hnscc_hpv","epithelial_cell","TCF3","mars",0.785103579197737
"cz_hnscc_hpv","epithelial_cell","HES1","mars",0.764875054190412
"cz_hnscc_hpv","epithelial_cell","ZIC5","mars",0.826840167710303
"cz_hnscc_hpv","epithelial_cell","KLF2","mars",0.77756261810529
"cz_hnscc_hpv","epithelial_cell","ID1","mars",0.805339264387386
"cz_hnscc_hpv","epithelial_cell","FOSB","mars",0.854389940112876
"cz_hnscc_hpv","epithelial_cell","NR2E1","mars",0.801752054192579
"cz_hnscc_hpv","epithelial_cell","CTCFL","mars",0.820002097328676
"cz_hnscc_hpv","epithelial_cell","WT1","mars",0.71759250173695
"cz_hnscc_hpv","epithelial_cell","ID3","mars",0.822362516428324
"cz_hnscc_hpv","epithelial_cell","PAX5","mars",0.800040235448778
"cz_hnscc_hpv","epithelial_cell","IRF4","mars",0.786767354516872
"cz_hnscc_hpv","epithelial_cell","JUNB","mars",0.736753079375574
"cz_hnscc_hpv","epithelial_cell","TAL1","mars",0.840580761733026
"cz_hnscc_hpv","epithelial_cell","CEBPB","mars",0.743356134354201
"cz_hnscc_hpv","epithelial_cell","SPI1","mars",0.766735212753578
"cz_hnscc_hpv","epithelial_cell","ID2","mars",0.797274547514154
"cz_hnscc_hpv","epithelial_cell","POU2F2","mars",0.745641990537146
"cz_hnscc_hpv","epithelial_cell","ZFP57","mars",0.720307623521699
"cz_hnscc_hpv","epithelial_cell","FOXI1","mars",0.814072019109587
"cz_hnscc_hpv","epithelial_cell","PRDM1","mars",0.80328567947126
"cz_hnscc_hpv","epithelial_cell","HES4","mars",0.769370354091251
"cz_hnscc_hpv","epithelial_cell","HNF4G","mars",0.787534642805497
"cz_hnscc_hpv","epithelial_cell","FLI1","mars",0.824494099799448
"cz_hnscc_hpv","epithelial_cell","NEUROG2","mars",0.74648320391461
"cz_hnscc_hpv","epithelial_cell","BCL6B","mars",0.781611586593946
"cz_hnscc_hpv","epithelial_cell","ATF5","mars",0.747366441371403
"cz_hnscc_hpv","epithelial_cell","SNAI3","mars",0.737614588698199
"cz_hnscc_hpv","epithelial_cell","ZIC4","mars",0.799041937538349
"cz_hnscc_hpv","epithelial_cell","BATF","mars",0.695130950336717
"cz_hnscc_hpv","epithelial_cell","SPDEF","mars",0.734024109413228
"cz_hnscc_hpv","epithelial_cell","NR2F1","mars",0.767521122549272
"cz_hnscc_hpv","epithelial_cell","NR5A1","mars",0.821892434020081
"cz_hnscc_hpv","epithelial_cell","TFAP2B","mars",0.76099072520357
"cz_hnscc_hpv","epithelial_cell","E2F5","mars",0.812480246873945
"cz_hnscc_hpv","epithelial_cell","HOXB2","mars",0.68863240750577
"cz_hnscc_hpv","epithelial_cell","MAFA","mars",0.802554827295808
"cz_hnscc_hpv","epithelial_cell","CREM","mars",0.781479845455051
"cz_hnscc_hpv","epithelial_cell","POU2F3","mars",0.801842869927114
"cz_hnscc_hpv","epithelial_cell","SOX9","mars",0.82013621155256
"cz_hnscc_hpv","epithelial_cell","POLR3G","mars",0.720953310900407
"cz_hnscc_hpv","epithelial_cell","SOX2","mars",0.779959658012819
"cz_hnscc_hpv","epithelial_cell","ZNF449","mars",0.722499846507857
"cz_hnscc_hpv","epithelial_cell","ONECUT2","mars",0.737109010747353
"cz_hnscc_hpv","epithelial_cell","NEUROD1","mars",0.712973732708509
"cz_hnscc_hpv","epithelial_cell","SOX1","mars",0.783168264175196
"cz_hnscc_hpv","epithelial_cell","IKZF1","mars",0.689450790636283
"cz_hnscc_hpv","epithelial_cell","NFATC4","mars",0.698834683741901
"cz_hnscc_hpv","epithelial_cell","MYC","mars",0.799222216246285
"cz_hnscc_hpv","epithelial_cell","PKNOX2","mars",0.798103934173824
"cz_hnscc_hpv","epithelial_cell","SPIC","mars",0.780046974918324
"cz_hnscc_hpv","epithelial_cell","MEF2C","mars",0.763805987944155
"cz_hnscc_hpv","epithelial_cell","TBX20","mars",0.703070728238477
"cz_hnscc_hpv","epithelial_cell","HOXB9","mars",0.745930709660569
"cz_hnscc_hpv","epithelial_cell","ZBTB18","mars",0.801732529014385
"cz_hnscc_hpv","epithelial_cell","NR4A1","mars",0.814626067345018
"cz_hnscc_hpv","epithelial_cell","ZFP82","mars",0.779679319384453
"cz_hnscc_hpv","epithelial_cell","LHX6","mars",0.763247756048812
"cz_hnscc_hpv","epithelial_cell","FOXP3","mars",0.776775464806139
"cz_hnscc_hpv","epithelial_cell","HIF1A","mars",0.740430710867171
"cz_hnscc_hpv","epithelial_cell","ITGB2","mars",0.763342363266846
"cz_hnscc_hpv","epithelial_cell","LYL1","mars",0.821132060420987
"cz_hnscc_hpv","epithelial_cell","ZNF423","mars",0.850607629041015
"cz_hnscc_hpv","epithelial_cell","TCF4","mars",0.736446450270412
"cz_hnscc_hpv","epithelial_cell","LHX8","mars",0.861368275770919
"cz_hnscc_hpv","epithelial_cell","EGR3","mars",0.814173669713603
"cz_hnscc_hpv","epithelial_cell","HNF1A","mars",0.623457950720657
"cz_hnscc_hpv","epithelial_cell","SCX","mars",0.77051357314543
"cz_hnscc_hpv","epithelial_cell","ZNF589","mars",0.707899356953087
"cz_hnscc_hpv","epithelial_cell","MLXIPL","mars",0.763199199480654
"cz_hnscc_hpv","epithelial_cell","ARNT2","mars",0.721535742535474
"cz_hnscc_hpv","epithelial_cell","HES7","mars",0.745570497168217
"cz_hnscc_hpv","epithelial_cell","IRF8","mars",0.814110856663751
"cz_hnscc_hpv","epithelial_cell","ZNF76","mars",0.665240033192409
"cz_hnscc_hpv","epithelial_cell","HOXD4","mars",0.783486580543213
"cz_hnscc_hpv","epithelial_cell","NRF1","mars",0.67731207734601
"cz_hnscc_hpv","epithelial_cell","RAD21","mars",0.703490590292847
"cz_hnscc_hpv","epithelial_cell","STAT1","mars",0.772215717415524
"cz_hnscc_hpv","epithelial_cell","HDAC2","mars",0.762502363465297
"cz_hnscc_hpv","epithelial_cell","MYBL2","mars",0.704882558060353
"cz_hnscc_hpv","epithelial_cell","MYBL1","mars",0.755882147133647
"cz_hnscc_hpv","epithelial_cell","INSM1","mars",0.73328600292339
"cz_hnscc_hpv","epithelial_cell","KLF5","svm_rbf",0.865484044572366
"cz_hnscc_hpv","epithelial_cell","IRF1","svm_rbf",0.888627612720728
"cz_hnscc_hpv","epithelial_cell","ATF3","svm_rbf",0.88817391002561
"cz_hnscc_hpv","epithelial_cell","EGR1","svm_rbf",0.87962304964858
"cz_hnscc_hpv","epithelial_cell","KLF6","svm_rbf",0.88386549440757
"cz_hnscc_hpv","epithelial_cell","NFIB","svm_rbf",0.867822376667318
"cz_hnscc_hpv","epithelial_cell","HEYL","svm_rbf",0.850980546419393
"cz_hnscc_hpv","epithelial_cell","KLF4","svm_rbf",0.861153108795618
"cz_hnscc_hpv","epithelial_cell","EBF1","svm_rbf",0.867443960160488
"cz_hnscc_hpv","epithelial_cell","JUND","svm_rbf",0.823431404761912
"cz_hnscc_hpv","epithelial_cell","TCF3","svm_rbf",0.841692361957767
"cz_hnscc_hpv","epithelial_cell","HES1","svm_rbf",0.85593929551004
"cz_hnscc_hpv","epithelial_cell","ZIC5","svm_rbf",0.875135634337975
"cz_hnscc_hpv","epithelial_cell","KLF2","svm_rbf",0.854359320508298
"cz_hnscc_hpv","epithelial_cell","ID1","svm_rbf",0.85420767962684
"cz_hnscc_hpv","epithelial_cell","FOSB","svm_rbf",0.887808976019971
"cz_hnscc_hpv","epithelial_cell","NR2E1","svm_rbf",0.860280776011938
"cz_hnscc_hpv","epithelial_cell","CTCFL","svm_rbf",0.870972567472054
"cz_hnscc_hpv","epithelial_cell","WT1","svm_rbf",0.82557748559216
"cz_hnscc_hpv","epithelial_cell","ID3","svm_rbf",0.863400065476236
"cz_hnscc_hpv","epithelial_cell","PAX5","svm_rbf",0.854250765871138
"cz_hnscc_hpv","epithelial_cell","IRF4","svm_rbf",0.85104015817831
"cz_hnscc_hpv","epithelial_cell","JUNB","svm_rbf",0.833129684104304
"cz_hnscc_hpv","epithelial_cell","TAL1","svm_rbf",0.888952716296934
"cz_hnscc_hpv","epithelial_cell","CEBPB","svm_rbf",0.835088869972676
"cz_hnscc_hpv","epithelial_cell","SPI1","svm_rbf",0.833863198870117
"cz_hnscc_hpv","epithelial_cell","ID2","svm_rbf",0.850816015577624
"cz_hnscc_hpv","epithelial_cell","POU2F2","svm_rbf",0.850126371146479
"cz_hnscc_hpv","epithelial_cell","ZFP57","svm_rbf",0.831910492831372
"cz_hnscc_hpv","epithelial_cell","FOXI1","svm_rbf",0.858474137850397
"cz_hnscc_hpv","epithelial_cell","PRDM1","svm_rbf",0.865415624336962
"cz_hnscc_hpv","epithelial_cell","HES4","svm_rbf",0.845000724124872
"cz_hnscc_hpv","epithelial_cell","HNF4G","svm_rbf",0.843632895639648
"cz_hnscc_hpv","epithelial_cell","FLI1","svm_rbf",0.889618627022603
"cz_hnscc_hpv","epithelial_cell","NEUROG2","svm_rbf",0.819891795478066
"cz_hnscc_hpv","epithelial_cell","BCL6B","svm_rbf",0.846217556348714
"cz_hnscc_hpv","epithelial_cell","ATF5","svm_rbf",0.850868256490394
"cz_hnscc_hpv","epithelial_cell","SNAI3","svm_rbf",0.823461363137951
"cz_hnscc_hpv","epithelial_cell","ZIC4","svm_rbf",0.861562583487648
"cz_hnscc_hpv","epithelial_cell","BATF","svm_rbf",0.80387358720775
"cz_hnscc_hpv","epithelial_cell","SPDEF","svm_rbf",0.807868239039262
"cz_hnscc_hpv","epithelial_cell","NR2F1","svm_rbf",0.83979998507467
"cz_hnscc_hpv","epithelial_cell","NR5A1","svm_rbf",0.875009093206925
"cz_hnscc_hpv","epithelial_cell","TFAP2B","svm_rbf",0.85447019980396
"cz_hnscc_hpv","epithelial_cell","E2F5","svm_rbf",0.835166702306532
"cz_hnscc_hpv","epithelial_cell","HOXB2","svm_rbf",0.853433544048236
"cz_hnscc_hpv","epithelial_cell","MAFA","svm_rbf",0.85234486199509
"cz_hnscc_hpv","epithelial_cell","CREM","svm_rbf",0.807998898253986
"cz_hnscc_hpv","epithelial_cell","POU2F3","svm_rbf",0.835092734028454
"cz_hnscc_hpv","epithelial_cell","SOX9","svm_rbf",0.873938031051619
"cz_hnscc_hpv","epithelial_cell","POLR3G","svm_rbf",0.821483887385212
"cz_hnscc_hpv","epithelial_cell","SOX2","svm_rbf",0.847449825990384
"cz_hnscc_hpv","epithelial_cell","ZNF449","svm_rbf",0.812760475632509
"cz_hnscc_hpv","epithelial_cell","ONECUT2","svm_rbf",0.826075575455506
"cz_hnscc_hpv","epithelial_cell","NEUROD1","svm_rbf",0.816698760817454
"cz_hnscc_hpv","epithelial_cell","SOX1","svm_rbf",0.852338374383496
"cz_hnscc_hpv","epithelial_cell","IKZF1","svm_rbf",0.777878653525935
"cz_hnscc_hpv","epithelial_cell","NFATC4","svm_rbf",0.840214165514032
"cz_hnscc_hpv","epithelial_cell","MYC","svm_rbf",0.854928568452676
"cz_hnscc_hpv","epithelial_cell","PKNOX2","svm_rbf",0.843288165348878
"cz_hnscc_hpv","epithelial_cell","SPIC","svm_rbf",0.845043115899898
"cz_hnscc_hpv","epithelial_cell","MEF2C","svm_rbf",0.841237518660213
"cz_hnscc_hpv","epithelial_cell","TBX20","svm_rbf",0.893360389800841
"cz_hnscc_hpv","epithelial_cell","HOXB9","svm_rbf",0.840875909497022
"cz_hnscc_hpv","epithelial_cell","ZBTB18","svm_rbf",0.870860294547017
"cz_hnscc_hpv","epithelial_cell","NR4A1","svm_rbf",0.864344370319076
"cz_hnscc_hpv","epithelial_cell","ZFP82","svm_rbf",0.871376771002149
"cz_hnscc_hpv","epithelial_cell","LHX6","svm_rbf",0.823851851940238
"cz_hnscc_hpv","epithelial_cell","FOXP3","svm_rbf",0.86066879795978
"cz_hnscc_hpv","epithelial_cell","HIF1A","svm_rbf",0.826446670983219
"cz_hnscc_hpv","epithelial_cell","ITGB2","svm_rbf",0.84801531432837
"cz_hnscc_hpv","epithelial_cell","LYL1","svm_rbf",0.858452946683555
"cz_hnscc_hpv","epithelial_cell","ZNF423","svm_rbf",0.885924951641397
"cz_hnscc_hpv","epithelial_cell","TCF4","svm_rbf",0.84044750974366
"cz_hnscc_hpv","epithelial_cell","LHX8","svm_rbf",0.89249558417623
"cz_hnscc_hpv","epithelial_cell","EGR3","svm_rbf",0.846341714339493
"cz_hnscc_hpv","epithelial_cell","HNF1A","svm_rbf",0.766160326271335
"cz_hnscc_hpv","epithelial_cell","SCX","svm_rbf",0.832141937728565
"cz_hnscc_hpv","epithelial_cell","ZNF589","svm_rbf",0.816038302448559
"cz_hnscc_hpv","epithelial_cell","MLXIPL","svm_rbf",0.840529141427442
"cz_hnscc_hpv","epithelial_cell","ARNT2","svm_rbf",0.805598054982631
"cz_hnscc_hpv","epithelial_cell","HES7","svm_rbf",0.829448747603988
"cz_hnscc_hpv","epithelial_cell","IRF8","svm_rbf",0.856554520188248
"cz_hnscc_hpv","epithelial_cell","ZNF76","svm_rbf",0.76166193595915
"cz_hnscc_hpv","epithelial_cell","HOXD4","svm_rbf",0.826216030065158
"cz_hnscc_hpv","epithelial_cell","NRF1","svm_rbf",0.716929760776842
"cz_hnscc_hpv","epithelial_cell","RAD21","svm_rbf",0.777304311271909
"cz_hnscc_hpv","epithelial_cell","STAT1","svm_rbf",0.852071827304998
"cz_hnscc_hpv","epithelial_cell","HDAC2","svm_rbf",0.853987550423055
"cz_hnscc_hpv","epithelial_cell","MYBL2","svm_rbf",0.74834599950283
"cz_hnscc_hpv","epithelial_cell","MYBL1","svm_rbf",0.85068778944835
"cz_hnscc_hpv","epithelial_cell","INSM1","svm_rbf",0.835461960450457
"cz_hnscc_hpv","CD4_minus_positive_comma_alpha_minus_beta_T_cell","NR3C1","ranger_et",0.730018755576525
"cz_hnscc_hpv","CD4_minus_positive_comma_alpha_minus_beta_T_cell","EGR1","ranger_et",0.728496600780307
"cz_hnscc_hpv","CD4_minus_positive_comma_alpha_minus_beta_T_cell","NR2F2","ranger_et",0.700289756518107
"cz_hnscc_hpv","CD4_minus_positive_comma_alpha_minus_beta_T_cell","EHF","ranger_et",0.672703644457574
"cz_hnscc_hpv","CD4_minus_positive_comma_alpha_minus_beta_T_cell","FOXE1","ranger_et",0.716498059893139
"cz_hnscc_hpv","CD4_minus_positive_comma_alpha_minus_beta_T_cell","ELF5","ranger_et",0.696553858903105
"cz_hnscc_hpv","CD4_minus_positive_comma_alpha_minus_beta_T_cell","BDP1","ranger_et",0.675495481479244
"cz_hnscc_hpv","CD4_minus_positive_comma_alpha_minus_beta_T_cell","ETV1","ranger_et",0.666469891214576
"cz_hnscc_hpv","CD4_minus_positive_comma_alpha_minus_beta_T_cell","ELF3","ranger_et",0.688878956893376
"cz_hnscc_hpv","CD4_minus_positive_comma_alpha_minus_beta_T_cell","IRF6","ranger_et",0.690623176774451
"cz_hnscc_hpv","CD4_minus_positive_comma_alpha_minus_beta_T_cell","MYC","ranger_et",0.687742305108109
"cz_hnscc_hpv","CD4_minus_positive_comma_alpha_minus_beta_T_cell","PAX9","ranger_et",0.694560491955411
"cz_hnscc_hpv","CD4_minus_positive_comma_alpha_minus_beta_T_cell","TFAP2A","ranger_et",0.68263983297501
"cz_hnscc_hpv","CD4_minus_positive_comma_alpha_minus_beta_T_cell","TFAP2B","ranger_et",0.641801781394933
"cz_hnscc_hpv","CD4_minus_positive_comma_alpha_minus_beta_T_cell","KLF5","ranger_et",0.639447278863399
"cz_hnscc_hpv","CD4_minus_positive_comma_alpha_minus_beta_T_cell","NFE2L2","ranger_et",0.677328134611553
"cz_hnscc_hpv","CD4_minus_positive_comma_alpha_minus_beta_T_cell","TBX21","ranger_et",0.720750502959824
"cz_hnscc_hpv","CD4_minus_positive_comma_alpha_minus_beta_T_cell","NR2F1","ranger_et",0.660124320971851
"cz_hnscc_hpv","CD4_minus_positive_comma_alpha_minus_beta_T_cell","KLF2","ranger_et",0.427724074029939
"cz_hnscc_hpv","CD4_minus_positive_comma_alpha_minus_beta_T_cell","TCF15","ranger_et",0.585877733225505
"cz_hnscc_hpv","CD4_minus_positive_comma_alpha_minus_beta_T_cell","IKZF4","ranger_et",0.589987341559648
"cz_hnscc_hpv","CD4_minus_positive_comma_alpha_minus_beta_T_cell","ID4","ranger_et",0.421900463959741
"cz_hnscc_hpv","CD4_minus_positive_comma_alpha_minus_beta_T_cell","IKZF3","ranger_et",0.562524718932317
"cz_hnscc_hpv","CD4_minus_positive_comma_alpha_minus_beta_T_cell","ASCL1","ranger_et",0.628795075603836
"cz_hnscc_hpv","CD4_minus_positive_comma_alpha_minus_beta_T_cell","SOX9","ranger_et",0.537220882884352
"cz_hnscc_hpv","CD4_minus_positive_comma_alpha_minus_beta_T_cell","JUN","ranger_et",0.474069101726775
"cz_hnscc_hpv","CD4_minus_positive_comma_alpha_minus_beta_T_cell","NFIL3","ranger_et",0.550828011870478
"cz_hnscc_hpv","CD4_minus_positive_comma_alpha_minus_beta_T_cell","CEBPA","ranger_et",0.695388080996542
"cz_hnscc_hpv","CD4_minus_positive_comma_alpha_minus_beta_T_cell","VDR","ranger_et",0.72953039992316
"cz_hnscc_hpv","CD4_minus_positive_comma_alpha_minus_beta_T_cell","EGR3","ranger_et",0.636283108080632
"cz_hnscc_hpv","CD4_minus_positive_comma_alpha_minus_beta_T_cell","PRDM1","ranger_et",0.639958449304959
"cz_hnscc_hpv","CD4_minus_positive_comma_alpha_minus_beta_T_cell","ZNF331","ranger_et",0.695291735754951
"cz_hnscc_hpv","CD4_minus_positive_comma_alpha_minus_beta_T_cell","NFIA","ranger_et",0.623436476345789
"cz_hnscc_hpv","CD4_minus_positive_comma_alpha_minus_beta_T_cell","ASCL2","ranger_et",0.681342252604734
"cz_hnscc_hpv","CD4_minus_positive_comma_alpha_minus_beta_T_cell","TP73","ranger_et",0.688183260662555
"cz_hnscc_hpv","CD4_minus_positive_comma_alpha_minus_beta_T_cell","POU2F2","ranger_et",0.591610168383036
"cz_hnscc_hpv","CD4_minus_positive_comma_alpha_minus_beta_T_cell","IKZF2","ranger_et",0.637666015007378
"cz_hnscc_hpv","CD4_minus_positive_comma_alpha_minus_beta_T_cell","ID2","ranger_et",0.652043880219177
"cz_hnscc_hpv","CD4_minus_positive_comma_alpha_minus_beta_T_cell","TGIF1","ranger_et",0.719535919100867
"cz_hnscc_hpv","CD4_minus_positive_comma_alpha_minus_beta_T_cell","TBX2","ranger_et",0.664752848115138
"cz_hnscc_hpv","CD4_minus_positive_comma_alpha_minus_beta_T_cell","RBPJ","ranger_et",0.648085276466522
"cz_hnscc_hpv","CD4_minus_positive_comma_alpha_minus_beta_T_cell","ZNF683","ranger_et",0.637360910369507
"cz_hnscc_hpv","CD4_minus_positive_comma_alpha_minus_beta_T_cell","HOXC9","ranger_et",0.607516665732448
"cz_hnscc_hpv","CD4_minus_positive_comma_alpha_minus_beta_T_cell","SOX2","ranger_et",0.654372622130587
"cz_hnscc_hpv","CD4_minus_positive_comma_alpha_minus_beta_T_cell","FOS","ranger_et",0.513251060441279
"cz_hnscc_hpv","CD4_minus_positive_comma_alpha_minus_beta_T_cell","STAT1","ranger_et",0.628057273474163
"cz_hnscc_hpv","CD4_minus_positive_comma_alpha_minus_beta_T_cell","ZFHX3","ranger_et",0.621282141784912
"cz_hnscc_hpv","CD4_minus_positive_comma_alpha_minus_beta_T_cell","POU3F1","ranger_et",0.722401108061985
"cz_hnscc_hpv","CD4_minus_positive_comma_alpha_minus_beta_T_cell","MSC","ranger_et",0.65133571743638
"cz_hnscc_hpv","CD4_minus_positive_comma_alpha_minus_beta_T_cell","NR5A2","ranger_et",0.664429443351116
"cz_hnscc_hpv","CD4_minus_positive_comma_alpha_minus_beta_T_cell","ETS1","ranger_et",0.656138651600039
"cz_hnscc_hpv","CD4_minus_positive_comma_alpha_minus_beta_T_cell","HLF","ranger_et",0.621400487736194
"cz_hnscc_hpv","CD4_minus_positive_comma_alpha_minus_beta_T_cell","KLF10","ranger_et",0.49199769860806
"cz_hnscc_hpv","CD4_minus_positive_comma_alpha_minus_beta_T_cell","BATF","ranger_et",0.72309280430621
"cz_hnscc_hpv","CD4_minus_positive_comma_alpha_minus_beta_T_cell","GATA3","ranger_et",0.588992470681572
"cz_hnscc_hpv","CD4_minus_positive_comma_alpha_minus_beta_T_cell","TCF7","ranger_et",0.610503461764874
"cz_hnscc_hpv","CD4_minus_positive_comma_alpha_minus_beta_T_cell","HES4","ranger_et",0.568856564211183
"cz_hnscc_hpv","CD4_minus_positive_comma_alpha_minus_beta_T_cell","JUND","ranger_et",0.492550011636037
"cz_hnscc_hpv","CD4_minus_positive_comma_alpha_minus_beta_T_cell","NR4A2","ranger_et",0.654763247813187
"cz_hnscc_hpv","CD4_minus_positive_comma_alpha_minus_beta_T_cell","FOXP3","ranger_et",0.657310618555309
"cz_hnscc_hpv","CD4_minus_positive_comma_alpha_minus_beta_T_cell","TWIST1","ranger_et",0.719703164326112
"cz_hnscc_hpv","CD4_minus_positive_comma_alpha_minus_beta_T_cell","FOXB1","ranger_et",0.662543762470475
"cz_hnscc_hpv","CD4_minus_positive_comma_alpha_minus_beta_T_cell","HES1","ranger_et",0.531889309615857
"cz_hnscc_hpv","CD4_minus_positive_comma_alpha_minus_beta_T_cell","PPARG","ranger_et",0.737360543153997
"cz_hnscc_hpv","CD4_minus_positive_comma_alpha_minus_beta_T_cell","HOXD4","ranger_et",0.589965468408534
"cz_hnscc_hpv","CD4_minus_positive_comma_alpha_minus_beta_T_cell","GLI1","ranger_et",0.655073602100335
"cz_hnscc_hpv","CD4_minus_positive_comma_alpha_minus_beta_T_cell","PTF1A","ranger_et",0.736734899508919
"cz_hnscc_hpv","CD4_minus_positive_comma_alpha_minus_beta_T_cell","PROP1","ranger_et",0.678993916930426
"cz_hnscc_hpv","CD4_minus_positive_comma_alpha_minus_beta_T_cell","KLF3","ranger_et",0.545375311821373
"cz_hnscc_hpv","CD4_minus_positive_comma_alpha_minus_beta_T_cell","MXI1","ranger_et",0.581073173024978
"cz_hnscc_hpv","CD4_minus_positive_comma_alpha_minus_beta_T_cell","BCL11A","ranger_et",0.550275047077159
"cz_hnscc_hpv","CD4_minus_positive_comma_alpha_minus_beta_T_cell","TP63","ranger_et",0.661469800423488
"cz_hnscc_hpv","CD4_minus_positive_comma_alpha_minus_beta_T_cell","AHR","ranger_et",0.5573931096
"cz_hnscc_hpv","CD4_minus_positive_comma_alpha_minus_beta_T_cell","SPI1","ranger_et",0.635194849312606
"cz_hnscc_hpv","CD4_minus_positive_comma_alpha_minus_beta_T_cell","EOMES","ranger_et",0.704643585246309
"cz_hnscc_hpv","CD4_minus_positive_comma_alpha_minus_beta_T_cell","CREM","ranger_et",0.619638294643084
"cz_hnscc_hpv","CD4_minus_positive_comma_alpha_minus_beta_T_cell","RARB","ranger_et",0.670472094237115
"cz_hnscc_hpv","CD4_minus_positive_comma_alpha_minus_beta_T_cell","HIVEP1","ranger_et",0.676503537498872
"cz_hnscc_hpv","CD4_minus_positive_comma_alpha_minus_beta_T_cell","BCL11B","ranger_et",0.604301120672515
"cz_hnscc_hpv","CD4_minus_positive_comma_alpha_minus_beta_T_cell","TBX1","ranger_et",0.711111979315737
"cz_hnscc_hpv","CD4_minus_positive_comma_alpha_minus_beta_T_cell","SOX21","ranger_et",0.67350666789325
"cz_hnscc_hpv","CD4_minus_positive_comma_alpha_minus_beta_T_cell","MAF","ranger_et",0.723484378434519
"cz_hnscc_hpv","CD4_minus_positive_comma_alpha_minus_beta_T_cell","MYB","ranger_et",0.627259455627799
"cz_hnscc_hpv","CD4_minus_positive_comma_alpha_minus_beta_T_cell","NFATC4","ranger_et",0.614701261925017
"cz_hnscc_hpv","CD4_minus_positive_comma_alpha_minus_beta_T_cell","ELF1","ranger_et",0.617881582684725
"cz_hnscc_hpv","CD4_minus_positive_comma_alpha_minus_beta_T_cell","FOSB","ranger_et",0.627730111962547
"cz_hnscc_hpv","CD4_minus_positive_comma_alpha_minus_beta_T_cell","BATF3","ranger_et",0.714862596826668
"cz_hnscc_hpv","CD4_minus_positive_comma_alpha_minus_beta_T_cell","HIVEP3","ranger_et",0.69431360022698
"cz_hnscc_hpv","CD4_minus_positive_comma_alpha_minus_beta_T_cell","RUNX2","ranger_et",0.671562808981702
"cz_hnscc_hpv","CD4_minus_positive_comma_alpha_minus_beta_T_cell","RUNX3","ranger_et",0.585560848620959
"cz_hnscc_hpv","CD4_minus_positive_comma_alpha_minus_beta_T_cell","MAFB","ranger_et",0.626787352934072
"cz_hnscc_hpv","CD4_minus_positive_comma_alpha_minus_beta_T_cell","GRHL1","ranger_et",0.63947058173787
"cz_hnscc_hpv","CD4_minus_positive_comma_alpha_minus_beta_T_cell","GLIS2","ranger_et",0.614984473614879
"cz_hnscc_hpv","CD4_minus_positive_comma_alpha_minus_beta_T_cell","RORA","ranger_et",0.640393985007736
"cz_hnscc_hpv","CD4_minus_positive_comma_alpha_minus_beta_T_cell","MYBL1","ranger_et",0.650012714425352
"cz_hnscc_hpv","CD4_minus_positive_comma_alpha_minus_beta_T_cell","FOXS1","ranger_et",0.725387625618628
"cz_hnscc_hpv","CD4_minus_positive_comma_alpha_minus_beta_T_cell","TFDP2","ranger_et",0.681980959138828
"cz_hnscc_hpv","CD4_minus_positive_comma_alpha_minus_beta_T_cell","ZEB1","ranger_et",0.643005882258322
"cz_hnscc_hpv","CD4_minus_positive_comma_alpha_minus_beta_T_cell","BHLHE40","ranger_et",0.579023355435778
"cz_hnscc_hpv","CD4_minus_positive_comma_alpha_minus_beta_T_cell","AR","ranger_et",0.646260909942464
"cz_hnscc_hpv","CD4_minus_positive_comma_alpha_minus_beta_T_cell","ETV7","ranger_et",0.698781239351029
"cz_hnscc_hpv","CD4_minus_positive_comma_alpha_minus_beta_T_cell","CHD2","ranger_et",0.549368669853163
"cz_hnscc_hpv","CD4_minus_positive_comma_alpha_minus_beta_T_cell","HIF1A","ranger_et",0.65457918890118
"cz_hnscc_hpv","CD4_minus_positive_comma_alpha_minus_beta_T_cell","FOSL2","ranger_et",0.54796207932921
"cz_hnscc_hpv","CD4_minus_positive_comma_alpha_minus_beta_T_cell","IRF1","ranger_et",0.597617675312076
"cz_hnscc_hpv","CD4_minus_positive_comma_alpha_minus_beta_T_cell","MEF2C","ranger_et",0.679675864010671
"cz_hnscc_hpv","CD4_minus_positive_comma_alpha_minus_beta_T_cell","FOXP1","ranger_et",0.70183998428113
"cz_hnscc_hpv","CD4_minus_positive_comma_alpha_minus_beta_T_cell","NPAS3","ranger_et",0.715289855190338
"cz_hnscc_hpv","CD4_minus_positive_comma_alpha_minus_beta_T_cell","ATF3","ranger_et",0.658551992440842
"cz_hnscc_hpv","CD4_minus_positive_comma_alpha_minus_beta_T_cell","NFKB1","ranger_et",0.633263859070437
"cz_hnscc_hpv","CD4_minus_positive_comma_alpha_minus_beta_T_cell","HEY1","ranger_et",0.734514259012672
"cz_hnscc_hpv","CD4_minus_positive_comma_alpha_minus_beta_T_cell","NR4A1","ranger_et",0.66791134395659
"cz_hnscc_hpv","CD4_minus_positive_comma_alpha_minus_beta_T_cell","CTCFL","ranger_et",0.66605606781931
"cz_hnscc_hpv","CD4_minus_positive_comma_alpha_minus_beta_T_cell","ID1","ranger_et",0.649334053543875
"cz_hnscc_hpv","CD4_minus_positive_comma_alpha_minus_beta_T_cell","ID3","ranger_et",0.646916487075338
"cz_hnscc_hpv","CD4_minus_positive_comma_alpha_minus_beta_T_cell","JUNB","ranger_et",0.643656675982921
"cz_hnscc_hpv","CD4_minus_positive_comma_alpha_minus_beta_T_cell","ZBTB1","ranger_et",0.559943580351213
"cz_hnscc_hpv","CD4_minus_positive_comma_alpha_minus_beta_T_cell","STAT3","ranger_et",0.545329906974073
"cz_hnscc_hpv","CD4_minus_positive_comma_alpha_minus_beta_T_cell","IRF4","ranger_et",0.74038737629074
"cz_hnscc_hpv","CD4_minus_positive_comma_alpha_minus_beta_T_cell","REL","ranger_et",0.566211411629049
"cz_hnscc_hpv","CD4_minus_positive_comma_alpha_minus_beta_T_cell","KLF6","ranger_et",0.601569807162648
"cz_hnscc_hpv","CD4_minus_positive_comma_alpha_minus_beta_T_cell","NR4A3","ranger_et",0.693764301266346
"cz_hnscc_hpv","CD4_minus_positive_comma_alpha_minus_beta_T_cell","KLF4","ranger_et",0.569529118066908
"cz_hnscc_hpv","CD4_minus_positive_comma_alpha_minus_beta_T_cell","EGR2","ranger_et",0.656323833813143
"cz_hnscc_hpv","CD4_minus_positive_comma_alpha_minus_beta_T_cell","HES2","ranger_et",0.704997015178089
"cz_hnscc_hpv","CD4_minus_positive_comma_alpha_minus_beta_T_cell","NR3C1","xgboost",0.779122388197575
"cz_hnscc_hpv","CD4_minus_positive_comma_alpha_minus_beta_T_cell","EGR1","xgboost",0.797778386724002
"cz_hnscc_hpv","CD4_minus_positive_comma_alpha_minus_beta_T_cell","NR2F2","xgboost",0.759737615576637
"cz_hnscc_hpv","CD4_minus_positive_comma_alpha_minus_beta_T_cell","EHF","xgboost",0.736595808533562
"cz_hnscc_hpv","CD4_minus_positive_comma_alpha_minus_beta_T_cell","FOXE1","xgboost",0.778483769482567
"cz_hnscc_hpv","CD4_minus_positive_comma_alpha_minus_beta_T_cell","ELF5","xgboost",0.7280683660801
"cz_hnscc_hpv","CD4_minus_positive_comma_alpha_minus_beta_T_cell","BDP1","xgboost",0.732191492384338
"cz_hnscc_hpv","CD4_minus_positive_comma_alpha_minus_beta_T_cell","ETV1","xgboost",0.721008737171412
"cz_hnscc_hpv","CD4_minus_positive_comma_alpha_minus_beta_T_cell","ELF3","xgboost",0.727967941031944
"cz_hnscc_hpv","CD4_minus_positive_comma_alpha_minus_beta_T_cell","IRF6","xgboost",0.721935575418624
"cz_hnscc_hpv","CD4_minus_positive_comma_alpha_minus_beta_T_cell","MYC","xgboost",0.754385005824321
"cz_hnscc_hpv","CD4_minus_positive_comma_alpha_minus_beta_T_cell","PAX9","xgboost",0.758401144685282
"cz_hnscc_hpv","CD4_minus_positive_comma_alpha_minus_beta_T_cell","TFAP2A","xgboost",0.73584429845722
"cz_hnscc_hpv","CD4_minus_positive_comma_alpha_minus_beta_T_cell","TFAP2B","xgboost",0.711500376745587
"cz_hnscc_hpv","CD4_minus_positive_comma_alpha_minus_beta_T_cell","KLF5","xgboost",0.687680087027552
"cz_hnscc_hpv","CD4_minus_positive_comma_alpha_minus_beta_T_cell","NFE2L2","xgboost",0.723320138573951
"cz_hnscc_hpv","CD4_minus_positive_comma_alpha_minus_beta_T_cell","TBX21","xgboost",0.75898739716148
"cz_hnscc_hpv","CD4_minus_positive_comma_alpha_minus_beta_T_cell","NR2F1","xgboost",0.703761260596088
"cz_hnscc_hpv","CD4_minus_positive_comma_alpha_minus_beta_T_cell","KLF2","xgboost",0.552715168109631
"cz_hnscc_hpv","CD4_minus_positive_comma_alpha_minus_beta_T_cell","TCF15","xgboost",0.64040533032602
"cz_hnscc_hpv","CD4_minus_positive_comma_alpha_minus_beta_T_cell","IKZF4","xgboost",0.595401185826239
"cz_hnscc_hpv","CD4_minus_positive_comma_alpha_minus_beta_T_cell","ID4","xgboost",0.48186927659729
"cz_hnscc_hpv","CD4_minus_positive_comma_alpha_minus_beta_T_cell","IKZF3","xgboost",0.54744115883518
"cz_hnscc_hpv","CD4_minus_positive_comma_alpha_minus_beta_T_cell","ASCL1","xgboost",0.645235430791507
"cz_hnscc_hpv","CD4_minus_positive_comma_alpha_minus_beta_T_cell","SOX9","xgboost",0.562989794250234
"cz_hnscc_hpv","CD4_minus_positive_comma_alpha_minus_beta_T_cell","JUN","xgboost",0.551770042491206
"cz_hnscc_hpv","CD4_minus_positive_comma_alpha_minus_beta_T_cell","NFIL3","xgboost",0.589943357363431
"cz_hnscc_hpv","CD4_minus_positive_comma_alpha_minus_beta_T_cell","CEBPA","xgboost",0.742223231077379
"cz_hnscc_hpv","CD4_minus_positive_comma_alpha_minus_beta_T_cell","VDR","xgboost",0.779451095864965
"cz_hnscc_hpv","CD4_minus_positive_comma_alpha_minus_beta_T_cell","EGR3","xgboost",0.673376696287513
"cz_hnscc_hpv","CD4_minus_positive_comma_alpha_minus_beta_T_cell","PRDM1","xgboost",0.725690618043046
"cz_hnscc_hpv","CD4_minus_positive_comma_alpha_minus_beta_T_cell","ZNF331","xgboost",0.722670530320917
"cz_hnscc_hpv","CD4_minus_positive_comma_alpha_minus_beta_T_cell","NFIA","xgboost",0.637344429884495
"cz_hnscc_hpv","CD4_minus_positive_comma_alpha_minus_beta_T_cell","ASCL2","xgboost",0.718674179461154
"cz_hnscc_hpv","CD4_minus_positive_comma_alpha_minus_beta_T_cell","TP73","xgboost",0.71475145060048
"cz_hnscc_hpv","CD4_minus_positive_comma_alpha_minus_beta_T_cell","POU2F2","xgboost",0.659403731049322
"cz_hnscc_hpv","CD4_minus_positive_comma_alpha_minus_beta_T_cell","IKZF2","xgboost",0.680655417649558
"cz_hnscc_hpv","CD4_minus_positive_comma_alpha_minus_beta_T_cell","ID2","xgboost",0.700153128169811
"cz_hnscc_hpv","CD4_minus_positive_comma_alpha_minus_beta_T_cell","TGIF1","xgboost",0.746998095676168
"cz_hnscc_hpv","CD4_minus_positive_comma_alpha_minus_beta_T_cell","TBX2","xgboost",0.701659517808787
"cz_hnscc_hpv","CD4_minus_positive_comma_alpha_minus_beta_T_cell","RBPJ","xgboost",0.687651035452476
"cz_hnscc_hpv","CD4_minus_positive_comma_alpha_minus_beta_T_cell","ZNF683","xgboost",0.686269266877746
"cz_hnscc_hpv","CD4_minus_positive_comma_alpha_minus_beta_T_cell","HOXC9","xgboost",0.664115653642114
"cz_hnscc_hpv","CD4_minus_positive_comma_alpha_minus_beta_T_cell","SOX2","xgboost",0.718225827142029
"cz_hnscc_hpv","CD4_minus_positive_comma_alpha_minus_beta_T_cell","FOS","xgboost",0.568492230444895
"cz_hnscc_hpv","CD4_minus_positive_comma_alpha_minus_beta_T_cell","STAT1","xgboost",0.685637708652425
"cz_hnscc_hpv","CD4_minus_positive_comma_alpha_minus_beta_T_cell","ZFHX3","xgboost",0.67007668313339
"cz_hnscc_hpv","CD4_minus_positive_comma_alpha_minus_beta_T_cell","POU3F1","xgboost",0.760903053076603
"cz_hnscc_hpv","CD4_minus_positive_comma_alpha_minus_beta_T_cell","MSC","xgboost",0.691900730907636
"cz_hnscc_hpv","CD4_minus_positive_comma_alpha_minus_beta_T_cell","NR5A2","xgboost",0.677982249995976
"cz_hnscc_hpv","CD4_minus_positive_comma_alpha_minus_beta_T_cell","ETS1","xgboost",0.722442626636817
"cz_hnscc_hpv","CD4_minus_positive_comma_alpha_minus_beta_T_cell","HLF","xgboost",0.658053283191271
"cz_hnscc_hpv","CD4_minus_positive_comma_alpha_minus_beta_T_cell","KLF10","xgboost",0.543009788343011
"cz_hnscc_hpv","CD4_minus_positive_comma_alpha_minus_beta_T_cell","BATF","xgboost",0.773383924601663
"cz_hnscc_hpv","CD4_minus_positive_comma_alpha_minus_beta_T_cell","GATA3","xgboost",0.661697817092666
"cz_hnscc_hpv","CD4_minus_positive_comma_alpha_minus_beta_T_cell","TCF7","xgboost",0.641182256639388
"cz_hnscc_hpv","CD4_minus_positive_comma_alpha_minus_beta_T_cell","HES4","xgboost",0.621621421653139
"cz_hnscc_hpv","CD4_minus_positive_comma_alpha_minus_beta_T_cell","JUND","xgboost",0.57101233695043
"cz_hnscc_hpv","CD4_minus_positive_comma_alpha_minus_beta_T_cell","NR4A2","xgboost",0.699982392169503
"cz_hnscc_hpv","CD4_minus_positive_comma_alpha_minus_beta_T_cell","FOXP3","xgboost",0.716267182178301
"cz_hnscc_hpv","CD4_minus_positive_comma_alpha_minus_beta_T_cell","TWIST1","xgboost",0.763500752691886
"cz_hnscc_hpv","CD4_minus_positive_comma_alpha_minus_beta_T_cell","FOXB1","xgboost",0.687380455289435
"cz_hnscc_hpv","CD4_minus_positive_comma_alpha_minus_beta_T_cell","HES1","xgboost",0.570105811645901
"cz_hnscc_hpv","CD4_minus_positive_comma_alpha_minus_beta_T_cell","PPARG","xgboost",0.787974390792115
"cz_hnscc_hpv","CD4_minus_positive_comma_alpha_minus_beta_T_cell","HOXD4","xgboost",0.644458791526596
"cz_hnscc_hpv","CD4_minus_positive_comma_alpha_minus_beta_T_cell","GLI1","xgboost",0.704569354910515
"cz_hnscc_hpv","CD4_minus_positive_comma_alpha_minus_beta_T_cell","PTF1A","xgboost",0.769914020244518
"cz_hnscc_hpv","CD4_minus_positive_comma_alpha_minus_beta_T_cell","PROP1","xgboost",0.713308461669205
"cz_hnscc_hpv","CD4_minus_positive_comma_alpha_minus_beta_T_cell","KLF3","xgboost",0.594015854341504
"cz_hnscc_hpv","CD4_minus_positive_comma_alpha_minus_beta_T_cell","MXI1","xgboost",0.63219671065665
"cz_hnscc_hpv","CD4_minus_positive_comma_alpha_minus_beta_T_cell","BCL11A","xgboost",0.586023633743478
"cz_hnscc_hpv","CD4_minus_positive_comma_alpha_minus_beta_T_cell","TP63","xgboost",0.698343980025725
"cz_hnscc_hpv","CD4_minus_positive_comma_alpha_minus_beta_T_cell","AHR","xgboost",0.599335225044433
"cz_hnscc_hpv","CD4_minus_positive_comma_alpha_minus_beta_T_cell","SPI1","xgboost",0.67846085824651
"cz_hnscc_hpv","CD4_minus_positive_comma_alpha_minus_beta_T_cell","EOMES","xgboost",0.747824029884271
"cz_hnscc_hpv","CD4_minus_positive_comma_alpha_minus_beta_T_cell","CREM","xgboost",0.638838018071833
"cz_hnscc_hpv","CD4_minus_positive_comma_alpha_minus_beta_T_cell","RARB","xgboost",0.703878274851645
"cz_hnscc_hpv","CD4_minus_positive_comma_alpha_minus_beta_T_cell","HIVEP1","xgboost",0.690655471381548
"cz_hnscc_hpv","CD4_minus_positive_comma_alpha_minus_beta_T_cell","BCL11B","xgboost",0.665501585206225
"cz_hnscc_hpv","CD4_minus_positive_comma_alpha_minus_beta_T_cell","TBX1","xgboost",0.76159506271972
"cz_hnscc_hpv","CD4_minus_positive_comma_alpha_minus_beta_T_cell","SOX21","xgboost",0.712019631480258
"cz_hnscc_hpv","CD4_minus_positive_comma_alpha_minus_beta_T_cell","MAF","xgboost",0.78602907585783
"cz_hnscc_hpv","CD4_minus_positive_comma_alpha_minus_beta_T_cell","MYB","xgboost",0.673550279678333
"cz_hnscc_hpv","CD4_minus_positive_comma_alpha_minus_beta_T_cell","NFATC4","xgboost",0.667438627995129
"cz_hnscc_hpv","CD4_minus_positive_comma_alpha_minus_beta_T_cell","ELF1","xgboost",0.680773464057215
"cz_hnscc_hpv","CD4_minus_positive_comma_alpha_minus_beta_T_cell","FOSB","xgboost",0.676242564507955
"cz_hnscc_hpv","CD4_minus_positive_comma_alpha_minus_beta_T_cell","BATF3","xgboost",0.758139741379928
"cz_hnscc_hpv","CD4_minus_positive_comma_alpha_minus_beta_T_cell","HIVEP3","xgboost",0.71242731051887
"cz_hnscc_hpv","CD4_minus_positive_comma_alpha_minus_beta_T_cell","RUNX2","xgboost",0.713976737999482
"cz_hnscc_hpv","CD4_minus_positive_comma_alpha_minus_beta_T_cell","RUNX3","xgboost",0.643099291809717
"cz_hnscc_hpv","CD4_minus_positive_comma_alpha_minus_beta_T_cell","MAFB","xgboost",0.670184745173982
"cz_hnscc_hpv","CD4_minus_positive_comma_alpha_minus_beta_T_cell","GRHL1","xgboost",0.690956746622767
"cz_hnscc_hpv","CD4_minus_positive_comma_alpha_minus_beta_T_cell","GLIS2","xgboost",0.660209841524099
"cz_hnscc_hpv","CD4_minus_positive_comma_alpha_minus_beta_T_cell","RORA","xgboost",0.690270710578396
"cz_hnscc_hpv","CD4_minus_positive_comma_alpha_minus_beta_T_cell","MYBL1","xgboost",0.68069007309088
"cz_hnscc_hpv","CD4_minus_positive_comma_alpha_minus_beta_T_cell","FOXS1","xgboost",0.767246164484405
"cz_hnscc_hpv","CD4_minus_positive_comma_alpha_minus_beta_T_cell","TFDP2","xgboost",0.729272068568804
"cz_hnscc_hpv","CD4_minus_positive_comma_alpha_minus_beta_T_cell","ZEB1","xgboost",0.680592829380234
"cz_hnscc_hpv","CD4_minus_positive_comma_alpha_minus_beta_T_cell","BHLHE40","xgboost",0.6264156623724
"cz_hnscc_hpv","CD4_minus_positive_comma_alpha_minus_beta_T_cell","AR","xgboost",0.688320468146557
"cz_hnscc_hpv","CD4_minus_positive_comma_alpha_minus_beta_T_cell","ETV7","xgboost",0.718146303779153
"cz_hnscc_hpv","CD4_minus_positive_comma_alpha_minus_beta_T_cell","CHD2","xgboost",0.615420470749867
"cz_hnscc_hpv","CD4_minus_positive_comma_alpha_minus_beta_T_cell","HIF1A","xgboost",0.66224311835678
"cz_hnscc_hpv","CD4_minus_positive_comma_alpha_minus_beta_T_cell","FOSL2","xgboost",0.599527202776915
"cz_hnscc_hpv","CD4_minus_positive_comma_alpha_minus_beta_T_cell","IRF1","xgboost",0.651704952405172
"cz_hnscc_hpv","CD4_minus_positive_comma_alpha_minus_beta_T_cell","MEF2C","xgboost",0.741020327364022
"cz_hnscc_hpv","CD4_minus_positive_comma_alpha_minus_beta_T_cell","FOXP1","xgboost",0.714891373802398
"cz_hnscc_hpv","CD4_minus_positive_comma_alpha_minus_beta_T_cell","NPAS3","xgboost",0.733139678560062
"cz_hnscc_hpv","CD4_minus_positive_comma_alpha_minus_beta_T_cell","ATF3","xgboost",0.727590241354479
"cz_hnscc_hpv","CD4_minus_positive_comma_alpha_minus_beta_T_cell","NFKB1","xgboost",0.663999632521887
"cz_hnscc_hpv","CD4_minus_positive_comma_alpha_minus_beta_T_cell","HEY1","xgboost",0.764040044141103
"cz_hnscc_hpv","CD4_minus_positive_comma_alpha_minus_beta_T_cell","NR4A1","xgboost",0.711391985282526
"cz_hnscc_hpv","CD4_minus_positive_comma_alpha_minus_beta_T_cell","CTCFL","xgboost",0.709468170318052
"cz_hnscc_hpv","CD4_minus_positive_comma_alpha_minus_beta_T_cell","ID1","xgboost",0.682618310954576
"cz_hnscc_hpv","CD4_minus_positive_comma_alpha_minus_beta_T_cell","ID3","xgboost",0.693941480161081
"cz_hnscc_hpv","CD4_minus_positive_comma_alpha_minus_beta_T_cell","JUNB","xgboost",0.704166424344697
"cz_hnscc_hpv","CD4_minus_positive_comma_alpha_minus_beta_T_cell","ZBTB1","xgboost",0.61242969583315
"cz_hnscc_hpv","CD4_minus_positive_comma_alpha_minus_beta_T_cell","STAT3","xgboost",0.617214693052525
"cz_hnscc_hpv","CD4_minus_positive_comma_alpha_minus_beta_T_cell","IRF4","xgboost",0.769795272970096
"cz_hnscc_hpv","CD4_minus_positive_comma_alpha_minus_beta_T_cell","REL","xgboost",0.627709933092762
"cz_hnscc_hpv","CD4_minus_positive_comma_alpha_minus_beta_T_cell","KLF6","xgboost",0.66567552839674
"cz_hnscc_hpv","CD4_minus_positive_comma_alpha_minus_beta_T_cell","NR4A3","xgboost",0.720624012904075
"cz_hnscc_hpv","CD4_minus_positive_comma_alpha_minus_beta_T_cell","KLF4","xgboost",0.633111828966218
"cz_hnscc_hpv","CD4_minus_positive_comma_alpha_minus_beta_T_cell","EGR2","xgboost",0.693524577173402
"cz_hnscc_hpv","CD4_minus_positive_comma_alpha_minus_beta_T_cell","HES2","xgboost",0.736508288821818
"cz_hnscc_hpv","CD4_minus_positive_comma_alpha_minus_beta_T_cell","NR3C1","mars",0.747930046327599
"cz_hnscc_hpv","CD4_minus_positive_comma_alpha_minus_beta_T_cell","EGR1","mars",0.75944636525778
"cz_hnscc_hpv","CD4_minus_positive_comma_alpha_minus_beta_T_cell","NR2F2","mars",0.708795690994052
"cz_hnscc_hpv","CD4_minus_positive_comma_alpha_minus_beta_T_cell","EHF","mars",0.664494629157173
"cz_hnscc_hpv","CD4_minus_positive_comma_alpha_minus_beta_T_cell","FOXE1","mars",0.741977305015374
"cz_hnscc_hpv","CD4_minus_positive_comma_alpha_minus_beta_T_cell","ELF5","mars",0.642209960443058
"cz_hnscc_hpv","CD4_minus_positive_comma_alpha_minus_beta_T_cell","BDP1","mars",0.678759522449752
"cz_hnscc_hpv","CD4_minus_positive_comma_alpha_minus_beta_T_cell","ETV1","mars",0.658374983642715
"cz_hnscc_hpv","CD4_minus_positive_comma_alpha_minus_beta_T_cell","ELF3","mars",0.647751636419478
"cz_hnscc_hpv","CD4_minus_positive_comma_alpha_minus_beta_T_cell","IRF6","mars",0.679364767916666
"cz_hnscc_hpv","CD4_minus_positive_comma_alpha_minus_beta_T_cell","MYC","mars",0.692401199643976
"cz_hnscc_hpv","CD4_minus_positive_comma_alpha_minus_beta_T_cell","PAX9","mars",0.714138918584568
"cz_hnscc_hpv","CD4_minus_positive_comma_alpha_minus_beta_T_cell","TFAP2A","mars",0.668279654322536
"cz_hnscc_hpv","CD4_minus_positive_comma_alpha_minus_beta_T_cell","TFAP2B","mars",0.660429086158592
"cz_hnscc_hpv","CD4_minus_positive_comma_alpha_minus_beta_T_cell","KLF5","mars",0.610311148419063
"cz_hnscc_hpv","CD4_minus_positive_comma_alpha_minus_beta_T_cell","NFE2L2","mars",0.64547735075983
"cz_hnscc_hpv","CD4_minus_positive_comma_alpha_minus_beta_T_cell","TBX21","mars",0.720012967763785
"cz_hnscc_hpv","CD4_minus_positive_comma_alpha_minus_beta_T_cell","NR2F1","mars",0.649991448055901
"cz_hnscc_hpv","CD4_minus_positive_comma_alpha_minus_beta_T_cell","KLF2","mars",0.4016107933112
"cz_hnscc_hpv","CD4_minus_positive_comma_alpha_minus_beta_T_cell","TCF15","mars",0.534834060598988
"cz_hnscc_hpv","CD4_minus_positive_comma_alpha_minus_beta_T_cell","IKZF4","mars",0.497570759501706
"cz_hnscc_hpv","CD4_minus_positive_comma_alpha_minus_beta_T_cell","ID4","mars",0.362429172791173
"cz_hnscc_hpv","CD4_minus_positive_comma_alpha_minus_beta_T_cell","IKZF3","mars",0.467466052748008
"cz_hnscc_hpv","CD4_minus_positive_comma_alpha_minus_beta_T_cell","ASCL1","mars",0.567315850716628
"cz_hnscc_hpv","CD4_minus_positive_comma_alpha_minus_beta_T_cell","SOX9","mars",0.447297357594557
"cz_hnscc_hpv","CD4_minus_positive_comma_alpha_minus_beta_T_cell","JUN","mars",0.452627525426799
"cz_hnscc_hpv","CD4_minus_positive_comma_alpha_minus_beta_T_cell","NFIL3","mars",0.532144728804308
"cz_hnscc_hpv","CD4_minus_positive_comma_alpha_minus_beta_T_cell","CEBPA","mars",0.696247039112446
"cz_hnscc_hpv","CD4_minus_positive_comma_alpha_minus_beta_T_cell","VDR","mars",0.727281726557192
"cz_hnscc_hpv","CD4_minus_positive_comma_alpha_minus_beta_T_cell","EGR3","mars",0.569059155651824
"cz_hnscc_hpv","CD4_minus_positive_comma_alpha_minus_beta_T_cell","PRDM1","mars",0.669374705042087
"cz_hnscc_hpv","CD4_minus_positive_comma_alpha_minus_beta_T_cell","ZNF331","mars",0.653253991029286
"cz_hnscc_hpv","CD4_minus_positive_comma_alpha_minus_beta_T_cell","NFIA","mars",0.577008128390882
"cz_hnscc_hpv","CD4_minus_positive_comma_alpha_minus_beta_T_cell","ASCL2","mars",0.678118951888861
"cz_hnscc_hpv","CD4_minus_positive_comma_alpha_minus_beta_T_cell","TP73","mars",0.642110783123471
"cz_hnscc_hpv","CD4_minus_positive_comma_alpha_minus_beta_T_cell","POU2F2","mars",0.577608218638715
"cz_hnscc_hpv","CD4_minus_positive_comma_alpha_minus_beta_T_cell","IKZF2","mars",0.601764453012789
"cz_hnscc_hpv","CD4_minus_positive_comma_alpha_minus_beta_T_cell","ID2","mars",0.636126816294461
"cz_hnscc_hpv","CD4_minus_positive_comma_alpha_minus_beta_T_cell","TGIF1","mars",0.697147878844388
"cz_hnscc_hpv","CD4_minus_positive_comma_alpha_minus_beta_T_cell","TBX2","mars",0.654714870127382
"cz_hnscc_hpv","CD4_minus_positive_comma_alpha_minus_beta_T_cell","RBPJ","mars",0.571487811803198
"cz_hnscc_hpv","CD4_minus_positive_comma_alpha_minus_beta_T_cell","ZNF683","mars",0.551157191343593
"cz_hnscc_hpv","CD4_minus_positive_comma_alpha_minus_beta_T_cell","HOXC9","mars",0.633813219048441
"cz_hnscc_hpv","CD4_minus_positive_comma_alpha_minus_beta_T_cell","SOX2","mars",0.647782868394822
"cz_hnscc_hpv","CD4_minus_positive_comma_alpha_minus_beta_T_cell","FOS","mars",0.503754012845764
"cz_hnscc_hpv","CD4_minus_positive_comma_alpha_minus_beta_T_cell","STAT1","mars",0.581405881487797
"cz_hnscc_hpv","CD4_minus_positive_comma_alpha_minus_beta_T_cell","ZFHX3","mars",0.568433954088623
"cz_hnscc_hpv","CD4_minus_positive_comma_alpha_minus_beta_T_cell","POU3F1","mars",0.690586949470566
"cz_hnscc_hpv","CD4_minus_positive_comma_alpha_minus_beta_T_cell","MSC","mars",0.606848674054195
"cz_hnscc_hpv","CD4_minus_positive_comma_alpha_minus_beta_T_cell","NR5A2","mars",0.606742149545741
"cz_hnscc_hpv","CD4_minus_positive_comma_alpha_minus_beta_T_cell","ETS1","mars",0.665358308225321
"cz_hnscc_hpv","CD4_minus_positive_comma_alpha_minus_beta_T_cell","HLF","mars",0.61769015037639
"cz_hnscc_hpv","CD4_minus_positive_comma_alpha_minus_beta_T_cell","KLF10","mars",0.498712744291612
"cz_hnscc_hpv","CD4_minus_positive_comma_alpha_minus_beta_T_cell","BATF","mars",0.712930339428241
"cz_hnscc_hpv","CD4_minus_positive_comma_alpha_minus_beta_T_cell","GATA3","mars",0.568991776252701
"cz_hnscc_hpv","CD4_minus_positive_comma_alpha_minus_beta_T_cell","TCF7","mars",0.550917082094987
"cz_hnscc_hpv","CD4_minus_positive_comma_alpha_minus_beta_T_cell","HES4","mars",0.5338400636086
"cz_hnscc_hpv","CD4_minus_positive_comma_alpha_minus_beta_T_cell","JUND","mars",0.473326383250908
"cz_hnscc_hpv","CD4_minus_positive_comma_alpha_minus_beta_T_cell","NR4A2","mars",0.624430105067749
"cz_hnscc_hpv","CD4_minus_positive_comma_alpha_minus_beta_T_cell","FOXP3","mars",0.636970634423603
"cz_hnscc_hpv","CD4_minus_positive_comma_alpha_minus_beta_T_cell","TWIST1","mars",0.688322185141739
"cz_hnscc_hpv","CD4_minus_positive_comma_alpha_minus_beta_T_cell","FOXB1","mars",0.624783156703234
"cz_hnscc_hpv","CD4_minus_positive_comma_alpha_minus_beta_T_cell","HES1","mars",0.465607376276176
"cz_hnscc_hpv","CD4_minus_positive_comma_alpha_minus_beta_T_cell","PPARG","mars",0.752959265940756
"cz_hnscc_hpv","CD4_minus_positive_comma_alpha_minus_beta_T_cell","HOXD4","mars",0.546722371783741
"cz_hnscc_hpv","CD4_minus_positive_comma_alpha_minus_beta_T_cell","GLI1","mars",0.616883543538678
"cz_hnscc_hpv","CD4_minus_positive_comma_alpha_minus_beta_T_cell","PTF1A","mars",0.74945165893625
"cz_hnscc_hpv","CD4_minus_positive_comma_alpha_minus_beta_T_cell","PROP1","mars",0.652603259576009
"cz_hnscc_hpv","CD4_minus_positive_comma_alpha_minus_beta_T_cell","KLF3","mars",0.490880487003967
"cz_hnscc_hpv","CD4_minus_positive_comma_alpha_minus_beta_T_cell","MXI1","mars",0.565136300127924
"cz_hnscc_hpv","CD4_minus_positive_comma_alpha_minus_beta_T_cell","BCL11A","mars",0.523514381064078
"cz_hnscc_hpv","CD4_minus_positive_comma_alpha_minus_beta_T_cell","TP63","mars",0.625742256716595
"cz_hnscc_hpv","CD4_minus_positive_comma_alpha_minus_beta_T_cell","AHR","mars",0.516117686846493
"cz_hnscc_hpv","CD4_minus_positive_comma_alpha_minus_beta_T_cell","SPI1","mars",0.610481503606299
"cz_hnscc_hpv","CD4_minus_positive_comma_alpha_minus_beta_T_cell","EOMES","mars",0.703309727304271
"cz_hnscc_hpv","CD4_minus_positive_comma_alpha_minus_beta_T_cell","CREM","mars",0.589635052570529
"cz_hnscc_hpv","CD4_minus_positive_comma_alpha_minus_beta_T_cell","RARB","mars",0.620506056175489
"cz_hnscc_hpv","CD4_minus_positive_comma_alpha_minus_beta_T_cell","HIVEP1","mars",0.635203606029242
"cz_hnscc_hpv","CD4_minus_positive_comma_alpha_minus_beta_T_cell","BCL11B","mars",0.595326938825253
"cz_hnscc_hpv","CD4_minus_positive_comma_alpha_minus_beta_T_cell","TBX1","mars",0.727601857845441
"cz_hnscc_hpv","CD4_minus_positive_comma_alpha_minus_beta_T_cell","SOX21","mars",0.675522136034626
"cz_hnscc_hpv","CD4_minus_positive_comma_alpha_minus_beta_T_cell","MAF","mars",0.74005197388545
"cz_hnscc_hpv","CD4_minus_positive_comma_alpha_minus_beta_T_cell","MYB","mars",0.590755432146583
"cz_hnscc_hpv","CD4_minus_positive_comma_alpha_minus_beta_T_cell","NFATC4","mars",0.567081515118305
"cz_hnscc_hpv","CD4_minus_positive_comma_alpha_minus_beta_T_cell","ELF1","mars",0.639703451564337
"cz_hnscc_hpv","CD4_minus_positive_comma_alpha_minus_beta_T_cell","FOSB","mars",0.586819619610159
"cz_hnscc_hpv","CD4_minus_positive_comma_alpha_minus_beta_T_cell","BATF3","mars",0.72132279806836
"cz_hnscc_hpv","CD4_minus_positive_comma_alpha_minus_beta_T_cell","HIVEP3","mars",0.664543129395634
"cz_hnscc_hpv","CD4_minus_positive_comma_alpha_minus_beta_T_cell","RUNX2","mars",0.639425003284895
"cz_hnscc_hpv","CD4_minus_positive_comma_alpha_minus_beta_T_cell","RUNX3","mars",0.590898363852742
"cz_hnscc_hpv","CD4_minus_positive_comma_alpha_minus_beta_T_cell","MAFB","mars",0.610339473986093
"cz_hnscc_hpv","CD4_minus_positive_comma_alpha_minus_beta_T_cell","GRHL1","mars",0.621835128252825
"cz_hnscc_hpv","CD4_minus_positive_comma_alpha_minus_beta_T_cell","GLIS2","mars",0.553426927654781
"cz_hnscc_hpv","CD4_minus_positive_comma_alpha_minus_beta_T_cell","RORA","mars",0.588468142924561
"cz_hnscc_hpv","CD4_minus_positive_comma_alpha_minus_beta_T_cell","MYBL1","mars",0.58944284834082
"cz_hnscc_hpv","CD4_minus_positive_comma_alpha_minus_beta_T_cell","FOXS1","mars",0.707631141864993
"cz_hnscc_hpv","CD4_minus_positive_comma_alpha_minus_beta_T_cell","TFDP2","mars",0.643218274367769
"cz_hnscc_hpv","CD4_minus_positive_comma_alpha_minus_beta_T_cell","ZEB1","mars",0.617878030203935
"cz_hnscc_hpv","CD4_minus_positive_comma_alpha_minus_beta_T_cell","BHLHE40","mars",0.519884602366332
"cz_hnscc_hpv","CD4_minus_positive_comma_alpha_minus_beta_T_cell","AR","mars",0.626944624159213
"cz_hnscc_hpv","CD4_minus_positive_comma_alpha_minus_beta_T_cell","ETV7","mars",0.674981881271347
"cz_hnscc_hpv","CD4_minus_positive_comma_alpha_minus_beta_T_cell","CHD2","mars",0.521048132857431
"cz_hnscc_hpv","CD4_minus_positive_comma_alpha_minus_beta_T_cell","HIF1A","mars",0.616717957952668
"cz_hnscc_hpv","CD4_minus_positive_comma_alpha_minus_beta_T_cell","FOSL2","mars",0.514571852462977
"cz_hnscc_hpv","CD4_minus_positive_comma_alpha_minus_beta_T_cell","IRF1","mars",0.605865606006249
"cz_hnscc_hpv","CD4_minus_positive_comma_alpha_minus_beta_T_cell","MEF2C","mars",0.671980703076085
"cz_hnscc_hpv","CD4_minus_positive_comma_alpha_minus_beta_T_cell","FOXP1","mars",0.675708119452847
"cz_hnscc_hpv","CD4_minus_positive_comma_alpha_minus_beta_T_cell","NPAS3","mars",0.680298370872925
"cz_hnscc_hpv","CD4_minus_positive_comma_alpha_minus_beta_T_cell","ATF3","mars",0.655370911875667
"cz_hnscc_hpv","CD4_minus_positive_comma_alpha_minus_beta_T_cell","NFKB1","mars",0.59190619487226
"cz_hnscc_hpv","CD4_minus_positive_comma_alpha_minus_beta_T_cell","HEY1","mars",0.72728580510987
"cz_hnscc_hpv","CD4_minus_positive_comma_alpha_minus_beta_T_cell","NR4A1","mars",0.649972810887605
"cz_hnscc_hpv","CD4_minus_positive_comma_alpha_minus_beta_T_cell","CTCFL","mars",0.656049337373292
"cz_hnscc_hpv","CD4_minus_positive_comma_alpha_minus_beta_T_cell","ID1","mars",0.63275494165066
"cz_hnscc_hpv","CD4_minus_positive_comma_alpha_minus_beta_T_cell","ID3","mars",0.609194912561462
"cz_hnscc_hpv","CD4_minus_positive_comma_alpha_minus_beta_T_cell","JUNB","mars",0.669178338929016
"cz_hnscc_hpv","CD4_minus_positive_comma_alpha_minus_beta_T_cell","ZBTB1","mars",0.554390576463008
"cz_hnscc_hpv","CD4_minus_positive_comma_alpha_minus_beta_T_cell","STAT3","mars",0.509718447751688
"cz_hnscc_hpv","CD4_minus_positive_comma_alpha_minus_beta_T_cell","IRF4","mars",0.752193263589851
"cz_hnscc_hpv","CD4_minus_positive_comma_alpha_minus_beta_T_cell","REL","mars",0.562379042536791
"cz_hnscc_hpv","CD4_minus_positive_comma_alpha_minus_beta_T_cell","KLF6","mars",0.608198899241588
"cz_hnscc_hpv","CD4_minus_positive_comma_alpha_minus_beta_T_cell","NR4A3","mars",0.657752995818051
"cz_hnscc_hpv","CD4_minus_positive_comma_alpha_minus_beta_T_cell","KLF4","mars",0.523446982625141
"cz_hnscc_hpv","CD4_minus_positive_comma_alpha_minus_beta_T_cell","EGR2","mars",0.635204552061169
"cz_hnscc_hpv","CD4_minus_positive_comma_alpha_minus_beta_T_cell","HES2","mars",0.693631928010074
"cz_hnscc_hpv","CD4_minus_positive_comma_alpha_minus_beta_T_cell","NR3C1","svm_rbf",0.801682484797498
"cz_hnscc_hpv","CD4_minus_positive_comma_alpha_minus_beta_T_cell","EGR1","svm_rbf",0.80017649939533
"cz_hnscc_hpv","CD4_minus_positive_comma_alpha_minus_beta_T_cell","NR2F2","svm_rbf",0.781000699545211
"cz_hnscc_hpv","CD4_minus_positive_comma_alpha_minus_beta_T_cell","EHF","svm_rbf",0.743102950734287
"cz_hnscc_hpv","CD4_minus_positive_comma_alpha_minus_beta_T_cell","FOXE1","svm_rbf",0.789889095036502
"cz_hnscc_hpv","CD4_minus_positive_comma_alpha_minus_beta_T_cell","ELF5","svm_rbf",0.750070789178242
"cz_hnscc_hpv","CD4_minus_positive_comma_alpha_minus_beta_T_cell","BDP1","svm_rbf",0.750637628602982
"cz_hnscc_hpv","CD4_minus_positive_comma_alpha_minus_beta_T_cell","ETV1","svm_rbf",0.734220225988777
"cz_hnscc_hpv","CD4_minus_positive_comma_alpha_minus_beta_T_cell","ELF3","svm_rbf",0.744321258645301
"cz_hnscc_hpv","CD4_minus_positive_comma_alpha_minus_beta_T_cell","IRF6","svm_rbf",0.761802789916321
"cz_hnscc_hpv","CD4_minus_positive_comma_alpha_minus_beta_T_cell","MYC","svm_rbf",0.757462113131764
"cz_hnscc_hpv","CD4_minus_positive_comma_alpha_minus_beta_T_cell","PAX9","svm_rbf",0.762340754710413
"cz_hnscc_hpv","CD4_minus_positive_comma_alpha_minus_beta_T_cell","TFAP2A","svm_rbf",0.751429424622093
"cz_hnscc_hpv","CD4_minus_positive_comma_alpha_minus_beta_T_cell","TFAP2B","svm_rbf",0.73742913485847
"cz_hnscc_hpv","CD4_minus_positive_comma_alpha_minus_beta_T_cell","KLF5","svm_rbf",0.722614468290533
"cz_hnscc_hpv","CD4_minus_positive_comma_alpha_minus_beta_T_cell","NFE2L2","svm_rbf",0.75098854452676
"cz_hnscc_hpv","CD4_minus_positive_comma_alpha_minus_beta_T_cell","TBX21","svm_rbf",0.773905750713611
"cz_hnscc_hpv","CD4_minus_positive_comma_alpha_minus_beta_T_cell","NR2F1","svm_rbf",0.723459102844101
"cz_hnscc_hpv","CD4_minus_positive_comma_alpha_minus_beta_T_cell","KLF2","svm_rbf",0.567886692204686
"cz_hnscc_hpv","CD4_minus_positive_comma_alpha_minus_beta_T_cell","TCF15","svm_rbf",0.656640074378187
"cz_hnscc_hpv","CD4_minus_positive_comma_alpha_minus_beta_T_cell","IKZF4","svm_rbf",0.619314931850606
"cz_hnscc_hpv","CD4_minus_positive_comma_alpha_minus_beta_T_cell","ID4","svm_rbf",0.523173273773965
"cz_hnscc_hpv","CD4_minus_positive_comma_alpha_minus_beta_T_cell","IKZF3","svm_rbf",0.594655090390684
"cz_hnscc_hpv","CD4_minus_positive_comma_alpha_minus_beta_T_cell","ASCL1","svm_rbf",0.676971617602288
"cz_hnscc_hpv","CD4_minus_positive_comma_alpha_minus_beta_T_cell","SOX9","svm_rbf",0.595666357325712
"cz_hnscc_hpv","CD4_minus_positive_comma_alpha_minus_beta_T_cell","JUN","svm_rbf",0.582021042374217
"cz_hnscc_hpv","CD4_minus_positive_comma_alpha_minus_beta_T_cell","NFIL3","svm_rbf",0.623568431308523
"cz_hnscc_hpv","CD4_minus_positive_comma_alpha_minus_beta_T_cell","CEBPA","svm_rbf",0.75595848408553
"cz_hnscc_hpv","CD4_minus_positive_comma_alpha_minus_beta_T_cell","VDR","svm_rbf",0.788434912072867
"cz_hnscc_hpv","CD4_minus_positive_comma_alpha_minus_beta_T_cell","EGR3","svm_rbf",0.687176291764859
"cz_hnscc_hpv","CD4_minus_positive_comma_alpha_minus_beta_T_cell","PRDM1","svm_rbf",0.729317663688926
"cz_hnscc_hpv","CD4_minus_positive_comma_alpha_minus_beta_T_cell","ZNF331","svm_rbf",0.743430727496981
"cz_hnscc_hpv","CD4_minus_positive_comma_alpha_minus_beta_T_cell","NFIA","svm_rbf",0.687031116116098
"cz_hnscc_hpv","CD4_minus_positive_comma_alpha_minus_beta_T_cell","ASCL2","svm_rbf",0.729296913494474
"cz_hnscc_hpv","CD4_minus_positive_comma_alpha_minus_beta_T_cell","TP73","svm_rbf",0.74678915623603
"cz_hnscc_hpv","CD4_minus_positive_comma_alpha_minus_beta_T_cell","POU2F2","svm_rbf",0.690781431295477
"cz_hnscc_hpv","CD4_minus_positive_comma_alpha_minus_beta_T_cell","IKZF2","svm_rbf",0.712635491668109
"cz_hnscc_hpv","CD4_minus_positive_comma_alpha_minus_beta_T_cell","ID2","svm_rbf",0.7023127626179
"cz_hnscc_hpv","CD4_minus_positive_comma_alpha_minus_beta_T_cell","TGIF1","svm_rbf",0.764945061761686
"cz_hnscc_hpv","CD4_minus_positive_comma_alpha_minus_beta_T_cell","TBX2","svm_rbf",0.732212347575769
"cz_hnscc_hpv","CD4_minus_positive_comma_alpha_minus_beta_T_cell","RBPJ","svm_rbf",0.698359680462189
"cz_hnscc_hpv","CD4_minus_positive_comma_alpha_minus_beta_T_cell","ZNF683","svm_rbf",0.694235070977206
"cz_hnscc_hpv","CD4_minus_positive_comma_alpha_minus_beta_T_cell","HOXC9","svm_rbf",0.693469037178147
"cz_hnscc_hpv","CD4_minus_positive_comma_alpha_minus_beta_T_cell","SOX2","svm_rbf",0.739684030160338
"cz_hnscc_hpv","CD4_minus_positive_comma_alpha_minus_beta_T_cell","FOS","svm_rbf",0.595894168293619
"cz_hnscc_hpv","CD4_minus_positive_comma_alpha_minus_beta_T_cell","STAT1","svm_rbf",0.694435435505844
"cz_hnscc_hpv","CD4_minus_positive_comma_alpha_minus_beta_T_cell","ZFHX3","svm_rbf",0.683593504050959
"cz_hnscc_hpv","CD4_minus_positive_comma_alpha_minus_beta_T_cell","POU3F1","svm_rbf",0.779056489131398
"cz_hnscc_hpv","CD4_minus_positive_comma_alpha_minus_beta_T_cell","MSC","svm_rbf",0.70940930387957
"cz_hnscc_hpv","CD4_minus_positive_comma_alpha_minus_beta_T_cell","NR5A2","svm_rbf",0.70304824913092
"cz_hnscc_hpv","CD4_minus_positive_comma_alpha_minus_beta_T_cell","ETS1","svm_rbf",0.741332399154332
"cz_hnscc_hpv","CD4_minus_positive_comma_alpha_minus_beta_T_cell","HLF","svm_rbf",0.684742427075902
"cz_hnscc_hpv","CD4_minus_positive_comma_alpha_minus_beta_T_cell","KLF10","svm_rbf",0.58909963346022
"cz_hnscc_hpv","CD4_minus_positive_comma_alpha_minus_beta_T_cell","BATF","svm_rbf",0.782392340301074
"cz_hnscc_hpv","CD4_minus_positive_comma_alpha_minus_beta_T_cell","GATA3","svm_rbf",0.666866468557816
"cz_hnscc_hpv","CD4_minus_positive_comma_alpha_minus_beta_T_cell","TCF7","svm_rbf",0.672605925184932
"cz_hnscc_hpv","CD4_minus_positive_comma_alpha_minus_beta_T_cell","HES4","svm_rbf",0.666582065243013
"cz_hnscc_hpv","CD4_minus_positive_comma_alpha_minus_beta_T_cell","JUND","svm_rbf",0.610992122768674
"cz_hnscc_hpv","CD4_minus_positive_comma_alpha_minus_beta_T_cell","NR4A2","svm_rbf",0.724718152017105
"cz_hnscc_hpv","CD4_minus_positive_comma_alpha_minus_beta_T_cell","FOXP3","svm_rbf",0.73163371275571
"cz_hnscc_hpv","CD4_minus_positive_comma_alpha_minus_beta_T_cell","TWIST1","svm_rbf",0.775619105984068
"cz_hnscc_hpv","CD4_minus_positive_comma_alpha_minus_beta_T_cell","FOXB1","svm_rbf",0.711986736063424
"cz_hnscc_hpv","CD4_minus_positive_comma_alpha_minus_beta_T_cell","HES1","svm_rbf",0.584648016379724
"cz_hnscc_hpv","CD4_minus_positive_comma_alpha_minus_beta_T_cell","PPARG","svm_rbf",0.782771863176055
"cz_hnscc_hpv","CD4_minus_positive_comma_alpha_minus_beta_T_cell","HOXD4","svm_rbf",0.677987426472256
"cz_hnscc_hpv","CD4_minus_positive_comma_alpha_minus_beta_T_cell","GLI1","svm_rbf",0.74051179018695
"cz_hnscc_hpv","CD4_minus_positive_comma_alpha_minus_beta_T_cell","PTF1A","svm_rbf",0.786922544670387
"cz_hnscc_hpv","CD4_minus_positive_comma_alpha_minus_beta_T_cell","PROP1","svm_rbf",0.741501172180673
"cz_hnscc_hpv","CD4_minus_positive_comma_alpha_minus_beta_T_cell","KLF3","svm_rbf",0.607791475817228
"cz_hnscc_hpv","CD4_minus_positive_comma_alpha_minus_beta_T_cell","MXI1","svm_rbf",0.649419675581431
"cz_hnscc_hpv","CD4_minus_positive_comma_alpha_minus_beta_T_cell","BCL11A","svm_rbf",0.643750258694581
"cz_hnscc_hpv","CD4_minus_positive_comma_alpha_minus_beta_T_cell","TP63","svm_rbf",0.717918002061806
"cz_hnscc_hpv","CD4_minus_positive_comma_alpha_minus_beta_T_cell","AHR","svm_rbf",0.633201445664984
"cz_hnscc_hpv","CD4_minus_positive_comma_alpha_minus_beta_T_cell","SPI1","svm_rbf",0.703104080577539
"cz_hnscc_hpv","CD4_minus_positive_comma_alpha_minus_beta_T_cell","EOMES","svm_rbf",0.758198463968074
"cz_hnscc_hpv","CD4_minus_positive_comma_alpha_minus_beta_T_cell","CREM","svm_rbf",0.672432042576562
"cz_hnscc_hpv","CD4_minus_positive_comma_alpha_minus_beta_T_cell","RARB","svm_rbf",0.732459604615078
"cz_hnscc_hpv","CD4_minus_positive_comma_alpha_minus_beta_T_cell","HIVEP1","svm_rbf",0.714967889632199
"cz_hnscc_hpv","CD4_minus_positive_comma_alpha_minus_beta_T_cell","BCL11B","svm_rbf",0.686784500016573
"cz_hnscc_hpv","CD4_minus_positive_comma_alpha_minus_beta_T_cell","TBX1","svm_rbf",0.76942398485441
"cz_hnscc_hpv","CD4_minus_positive_comma_alpha_minus_beta_T_cell","SOX21","svm_rbf",0.734278457835061
"cz_hnscc_hpv","CD4_minus_positive_comma_alpha_minus_beta_T_cell","MAF","svm_rbf",0.802676323827481
"cz_hnscc_hpv","CD4_minus_positive_comma_alpha_minus_beta_T_cell","MYB","svm_rbf",0.704393198930855
"cz_hnscc_hpv","CD4_minus_positive_comma_alpha_minus_beta_T_cell","NFATC4","svm_rbf",0.688342016798896
"cz_hnscc_hpv","CD4_minus_positive_comma_alpha_minus_beta_T_cell","ELF1","svm_rbf",0.705446799282997
"cz_hnscc_hpv","CD4_minus_positive_comma_alpha_minus_beta_T_cell","FOSB","svm_rbf",0.686437271273228
"cz_hnscc_hpv","CD4_minus_positive_comma_alpha_minus_beta_T_cell","BATF3","svm_rbf",0.772757351150696
"cz_hnscc_hpv","CD4_minus_positive_comma_alpha_minus_beta_T_cell","HIVEP3","svm_rbf",0.733363366484389
"cz_hnscc_hpv","CD4_minus_positive_comma_alpha_minus_beta_T_cell","RUNX2","svm_rbf",0.729896613418768
"cz_hnscc_hpv","CD4_minus_positive_comma_alpha_minus_beta_T_cell","RUNX3","svm_rbf",0.664518574058076
"cz_hnscc_hpv","CD4_minus_positive_comma_alpha_minus_beta_T_cell","MAFB","svm_rbf",0.693514117953203
"cz_hnscc_hpv","CD4_minus_positive_comma_alpha_minus_beta_T_cell","GRHL1","svm_rbf",0.715061235066815
"cz_hnscc_hpv","CD4_minus_positive_comma_alpha_minus_beta_T_cell","GLIS2","svm_rbf",0.680101682708648
"cz_hnscc_hpv","CD4_minus_positive_comma_alpha_minus_beta_T_cell","RORA","svm_rbf",0.704555039398943
"cz_hnscc_hpv","CD4_minus_positive_comma_alpha_minus_beta_T_cell","MYBL1","svm_rbf",0.714442225038103
"cz_hnscc_hpv","CD4_minus_positive_comma_alpha_minus_beta_T_cell","FOXS1","svm_rbf",0.789421609476235
"cz_hnscc_hpv","CD4_minus_positive_comma_alpha_minus_beta_T_cell","TFDP2","svm_rbf",0.738663825900329
"cz_hnscc_hpv","CD4_minus_positive_comma_alpha_minus_beta_T_cell","ZEB1","svm_rbf",0.716444687329224
"cz_hnscc_hpv","CD4_minus_positive_comma_alpha_minus_beta_T_cell","BHLHE40","svm_rbf",0.645996702348065
"cz_hnscc_hpv","CD4_minus_positive_comma_alpha_minus_beta_T_cell","AR","svm_rbf",0.712625628822578
"cz_hnscc_hpv","CD4_minus_positive_comma_alpha_minus_beta_T_cell","ETV7","svm_rbf",0.746253797522509
"cz_hnscc_hpv","CD4_minus_positive_comma_alpha_minus_beta_T_cell","CHD2","svm_rbf",0.633900724733647
"cz_hnscc_hpv","CD4_minus_positive_comma_alpha_minus_beta_T_cell","HIF1A","svm_rbf",0.698325562770582
"cz_hnscc_hpv","CD4_minus_positive_comma_alpha_minus_beta_T_cell","FOSL2","svm_rbf",0.635479325047319
"cz_hnscc_hpv","CD4_minus_positive_comma_alpha_minus_beta_T_cell","IRF1","svm_rbf",0.689277507796559
"cz_hnscc_hpv","CD4_minus_positive_comma_alpha_minus_beta_T_cell","MEF2C","svm_rbf",0.760728158358265
"cz_hnscc_hpv","CD4_minus_positive_comma_alpha_minus_beta_T_cell","FOXP1","svm_rbf",0.745992706535737
"cz_hnscc_hpv","CD4_minus_positive_comma_alpha_minus_beta_T_cell","NPAS3","svm_rbf",0.767435071098334
"cz_hnscc_hpv","CD4_minus_positive_comma_alpha_minus_beta_T_cell","ATF3","svm_rbf",0.737880579370896
"cz_hnscc_hpv","CD4_minus_positive_comma_alpha_minus_beta_T_cell","NFKB1","svm_rbf",0.717130472889754
"cz_hnscc_hpv","CD4_minus_positive_comma_alpha_minus_beta_T_cell","HEY1","svm_rbf",0.788684827242021
"cz_hnscc_hpv","CD4_minus_positive_comma_alpha_minus_beta_T_cell","NR4A1","svm_rbf",0.722801065827736
"cz_hnscc_hpv","CD4_minus_positive_comma_alpha_minus_beta_T_cell","CTCFL","svm_rbf",0.740176121232454
"cz_hnscc_hpv","CD4_minus_positive_comma_alpha_minus_beta_T_cell","ID1","svm_rbf",0.716359878339486
"cz_hnscc_hpv","CD4_minus_positive_comma_alpha_minus_beta_T_cell","ID3","svm_rbf",0.732299143439467
"cz_hnscc_hpv","CD4_minus_positive_comma_alpha_minus_beta_T_cell","JUNB","svm_rbf",0.72662673439892
"cz_hnscc_hpv","CD4_minus_positive_comma_alpha_minus_beta_T_cell","ZBTB1","svm_rbf",0.650199689136433
"cz_hnscc_hpv","CD4_minus_positive_comma_alpha_minus_beta_T_cell","STAT3","svm_rbf",0.631993499245049
"cz_hnscc_hpv","CD4_minus_positive_comma_alpha_minus_beta_T_cell","IRF4","svm_rbf",0.799084750860043
"cz_hnscc_hpv","CD4_minus_positive_comma_alpha_minus_beta_T_cell","REL","svm_rbf",0.670699113105304
"cz_hnscc_hpv","CD4_minus_positive_comma_alpha_minus_beta_T_cell","KLF6","svm_rbf",0.688911036958098
"cz_hnscc_hpv","CD4_minus_positive_comma_alpha_minus_beta_T_cell","NR4A3","svm_rbf",0.760311069183031
"cz_hnscc_hpv","CD4_minus_positive_comma_alpha_minus_beta_T_cell","KLF4","svm_rbf",0.660696295217494
"cz_hnscc_hpv","CD4_minus_positive_comma_alpha_minus_beta_T_cell","EGR2","svm_rbf",0.717600619804767
"cz_hnscc_hpv","CD4_minus_positive_comma_alpha_minus_beta_T_cell","HES2","svm_rbf",0.771825996314929
"cz_hnscc_hpv","fibroblast","SP5","ranger_et",0.949462820241692
"cz_hnscc_hpv","fibroblast","NFIA","ranger_et",0.953208874708645
"cz_hnscc_hpv","fibroblast","NFIX","ranger_et",0.950016292518364
"cz_hnscc_hpv","fibroblast","PLAGL1","ranger_et",0.943151249399378
"cz_hnscc_hpv","fibroblast","ATF3","ranger_et",0.930477381855584
"cz_hnscc_hpv","fibroblast","EGR1","ranger_et",0.899102106261837
"cz_hnscc_hpv","fibroblast","NR2F2","ranger_et",0.92859073184636
"cz_hnscc_hpv","fibroblast","NFIB","ranger_et",0.940169931896424
"cz_hnscc_hpv","fibroblast","STAT3","ranger_et",0.938831625888855
"cz_hnscc_hpv","fibroblast","HES1","ranger_et",0.918888688582156
"cz_hnscc_hpv","fibroblast","NR4A2","ranger_et",0.947274193606547
"cz_hnscc_hpv","fibroblast","NR2F1","ranger_et",0.938966319321347
"cz_hnscc_hpv","fibroblast","TWIST1","ranger_et",0.935014306349054
"cz_hnscc_hpv","fibroblast","IRF8","ranger_et",0.939687927238988
"cz_hnscc_hpv","fibroblast","AHR","ranger_et",0.92797340485782
"cz_hnscc_hpv","fibroblast","MAFB","ranger_et",0.927224350919236
"cz_hnscc_hpv","fibroblast","KLF10","ranger_et",0.898731967442576
"cz_hnscc_hpv","fibroblast","ZBTB16","ranger_et",0.939287415682489
"cz_hnscc_hpv","fibroblast","PBX1","ranger_et",0.923824228170896
"cz_hnscc_hpv","fibroblast","SNAI1","ranger_et",0.930824142523285
"cz_hnscc_hpv","fibroblast","IRF6","ranger_et",0.934670227357398
"cz_hnscc_hpv","fibroblast","NR1H4","ranger_et",0.928197209532956
"cz_hnscc_hpv","fibroblast","BCL3","ranger_et",0.937720551535653
"cz_hnscc_hpv","fibroblast","EBF1","ranger_et",0.911990072606426
"cz_hnscc_hpv","fibroblast","MEOX2","ranger_et",0.933715169896811
"cz_hnscc_hpv","fibroblast","NR4A1","ranger_et",0.927780952691336
"cz_hnscc_hpv","fibroblast","GLIS2","ranger_et",0.931155446196791
"cz_hnscc_hpv","fibroblast","HAND2","ranger_et",0.929640710735797
"cz_hnscc_hpv","fibroblast","SP9","ranger_et",0.884132944307513
"cz_hnscc_hpv","fibroblast","ZNF331","ranger_et",0.920407867236263
"cz_hnscc_hpv","fibroblast","NFIL3","ranger_et",0.936178520312805
"cz_hnscc_hpv","fibroblast","CEBPD","ranger_et",0.912997841830336
"cz_hnscc_hpv","fibroblast","IRF7","ranger_et",0.653908439993289
"cz_hnscc_hpv","fibroblast","MYF5","ranger_et",0.925240496659248
"cz_hnscc_hpv","fibroblast","PTEN","ranger_et",0.893145099441587
"cz_hnscc_hpv","fibroblast","PRRX2","ranger_et",0.897508606005923
"cz_hnscc_hpv","fibroblast","ID1","ranger_et",0.918994674840418
"cz_hnscc_hpv","fibroblast","KLF2","ranger_et",0.928026210383814
"cz_hnscc_hpv","fibroblast","PRRX1","ranger_et",0.920432023293015
"cz_hnscc_hpv","fibroblast","ENO1","ranger_et",0.885696030970811
"cz_hnscc_hpv","fibroblast","DDIT3","ranger_et",0.918354318383507
"cz_hnscc_hpv","fibroblast","ID3","ranger_et",0.917325196871872
"cz_hnscc_hpv","fibroblast","TCF4","ranger_et",0.935083449636815
"cz_hnscc_hpv","fibroblast","NFE2L2","ranger_et",0.930896202050356
"cz_hnscc_hpv","fibroblast","YBX1","ranger_et",0.936784333606827
"cz_hnscc_hpv","fibroblast","POU2F2","ranger_et",0.93539954617231
"cz_hnscc_hpv","fibroblast","SPIB","ranger_et",0.919456278963502
"cz_hnscc_hpv","fibroblast","ID4","ranger_et",0.906339563338928
"cz_hnscc_hpv","fibroblast","EPAS1","ranger_et",0.93177722194717
"cz_hnscc_hpv","fibroblast","JUNB","ranger_et",0.929263431949798
"cz_hnscc_hpv","fibroblast","OSR2","ranger_et",0.925834985610516
"cz_hnscc_hpv","fibroblast","TWIST2","ranger_et",0.935084564000788
"cz_hnscc_hpv","fibroblast","RUNX1","ranger_et",0.931323263951224
"cz_hnscc_hpv","fibroblast","ID2","ranger_et",0.912242005007502
"cz_hnscc_hpv","fibroblast","MEIS2","ranger_et",0.926262001412619
"cz_hnscc_hpv","fibroblast","FOXP1","ranger_et",0.943322116556694
"cz_hnscc_hpv","fibroblast","GATA2","ranger_et",0.940395549975013
"cz_hnscc_hpv","fibroblast","BHLHE41","ranger_et",0.9235663449848
"cz_hnscc_hpv","fibroblast","NFATC2","ranger_et",0.944514667373113
"cz_hnscc_hpv","fibroblast","SNAI2","ranger_et",0.926052001331855
"cz_hnscc_hpv","fibroblast","HEYL","ranger_et",0.910261961321559
"cz_hnscc_hpv","fibroblast","JUN","ranger_et",0.934578681757793
"cz_hnscc_hpv","fibroblast","RBPJ","ranger_et",0.941397528721318
"cz_hnscc_hpv","fibroblast","NR4A3","ranger_et",0.949255296331992
"cz_hnscc_hpv","fibroblast","MAF","ranger_et",0.940694298714993
"cz_hnscc_hpv","fibroblast","POU3F1","ranger_et",0.940779580987551
"cz_hnscc_hpv","fibroblast","HIF1A","ranger_et",0.933296085529672
"cz_hnscc_hpv","fibroblast","POU3F3","ranger_et",0.947725503520186
"cz_hnscc_hpv","fibroblast","RUNX2","ranger_et",0.940191467633371
"cz_hnscc_hpv","fibroblast","FOSB","ranger_et",0.946543458554471
"cz_hnscc_hpv","fibroblast","FOXQ1","ranger_et",0.947485421968933
"cz_hnscc_hpv","fibroblast","EGR3","ranger_et",0.948229429930277
"cz_hnscc_hpv","fibroblast","GLIS3","ranger_et",0.958287201807673
"cz_hnscc_hpv","fibroblast","BCLAF1","ranger_et",0.926873703445693
"cz_hnscc_hpv","fibroblast","MYC","ranger_et",0.941331203729995
"cz_hnscc_hpv","fibroblast","REL","ranger_et",0.948725215888271
"cz_hnscc_hpv","fibroblast","HEY1","ranger_et",0.93552169364773
"cz_hnscc_hpv","fibroblast","CEBPB","ranger_et",0.951807390576734
"cz_hnscc_hpv","fibroblast","KLF4","ranger_et",0.927463902358631
"cz_hnscc_hpv","fibroblast","HES4","ranger_et",0.919713302297418
"cz_hnscc_hpv","fibroblast","TFAP2A","ranger_et",0.946948978787042
"cz_hnscc_hpv","fibroblast","BHLHE40","ranger_et",0.953941021092163
"cz_hnscc_hpv","fibroblast","EGR2","ranger_et",0.933178029683744
"cz_hnscc_hpv","fibroblast","JUND","ranger_et",0.920724768435949
"cz_hnscc_hpv","fibroblast","ETS2","ranger_et",0.952659572831061
"cz_hnscc_hpv","fibroblast","FOXC1","ranger_et",0.943339043218583
"cz_hnscc_hpv","fibroblast","STAT1","ranger_et",0.89116556965392
"cz_hnscc_hpv","fibroblast","ETS1","ranger_et",0.954656112018491
"cz_hnscc_hpv","fibroblast","KLF9","ranger_et",0.953252461230396
"cz_hnscc_hpv","fibroblast","AR","ranger_et",0.95337282696125
"cz_hnscc_hpv","fibroblast","ESR1","ranger_et",0.936569530243784
"cz_hnscc_hpv","fibroblast","IRF1","ranger_et",0.942627693246213
"cz_hnscc_hpv","fibroblast","MAFF","ranger_et",0.954691945920847
"cz_hnscc_hpv","fibroblast","KLF3","ranger_et",0.945343911309344
"cz_hnscc_hpv","fibroblast","ZEB1","ranger_et",0.948858553196708
"cz_hnscc_hpv","fibroblast","PRDM1","ranger_et",0.942947415175563
"cz_hnscc_hpv","fibroblast","KLF6","ranger_et",0.942409873820806
"cz_hnscc_hpv","fibroblast","SP5","xgboost",0.963896206019011
"cz_hnscc_hpv","fibroblast","NFIA","xgboost",0.96593404377353
"cz_hnscc_hpv","fibroblast","NFIX","xgboost",0.957196601552823
"cz_hnscc_hpv","fibroblast","PLAGL1","xgboost",0.955935133522178
"cz_hnscc_hpv","fibroblast","ATF3","xgboost",0.944697969160716
"cz_hnscc_hpv","fibroblast","EGR1","xgboost",0.921039043998219
"cz_hnscc_hpv","fibroblast","NR2F2","xgboost",0.942852233971003
"cz_hnscc_hpv","fibroblast","NFIB","xgboost",0.946723691140313
"cz_hnscc_hpv","fibroblast","STAT3","xgboost",0.952248989259002
"cz_hnscc_hpv","fibroblast","HES1","xgboost",0.931256877519794
"cz_hnscc_hpv","fibroblast","NR4A2","xgboost",0.952980796592402
"cz_hnscc_hpv","fibroblast","NR2F1","xgboost",0.947521846379341
"cz_hnscc_hpv","fibroblast","TWIST1","xgboost",0.946852787917741
"cz_hnscc_hpv","fibroblast","IRF8","xgboost",0.952977057495601
"cz_hnscc_hpv","fibroblast","AHR","xgboost",0.944735989881939
"cz_hnscc_hpv","fibroblast","MAFB","xgboost",0.93695655785566
"cz_hnscc_hpv","fibroblast","KLF10","xgboost",0.923547971198739
"cz_hnscc_hpv","fibroblast","ZBTB16","xgboost",0.950560197093061
"cz_hnscc_hpv","fibroblast","PBX1","xgboost",0.933706991698207
"cz_hnscc_hpv","fibroblast","SNAI1","xgboost",0.940899656409197
"cz_hnscc_hpv","fibroblast","IRF6","xgboost",0.949569230786779
"cz_hnscc_hpv","fibroblast","NR1H4","xgboost",0.938619572302454
"cz_hnscc_hpv","fibroblast","BCL3","xgboost",0.947345470496013
"cz_hnscc_hpv","fibroblast","EBF1","xgboost",0.93626625688381
"cz_hnscc_hpv","fibroblast","MEOX2","xgboost",0.944883206300501
"cz_hnscc_hpv","fibroblast","NR4A1","xgboost",0.949317416755434
"cz_hnscc_hpv","fibroblast","GLIS2","xgboost",0.948919851096313
"cz_hnscc_hpv","fibroblast","HAND2","xgboost",0.94446220390416
"cz_hnscc_hpv","fibroblast","SP9","xgboost",0.912865789847686
"cz_hnscc_hpv","fibroblast","ZNF331","xgboost",0.934719160416331
"cz_hnscc_hpv","fibroblast","NFIL3","xgboost",0.943810529993253
"cz_hnscc_hpv","fibroblast","CEBPD","xgboost",0.92815568361381
"cz_hnscc_hpv","fibroblast","IRF7","xgboost",0.756516336743988
"cz_hnscc_hpv","fibroblast","MYF5","xgboost",0.932839991107144
"cz_hnscc_hpv","fibroblast","PTEN","xgboost",0.90889209837584
"cz_hnscc_hpv","fibroblast","PRRX2","xgboost",0.919613023362576
"cz_hnscc_hpv","fibroblast","ID1","xgboost",0.937171945964458
"cz_hnscc_hpv","fibroblast","KLF2","xgboost",0.947561944508765
"cz_hnscc_hpv","fibroblast","PRRX1","xgboost",0.935798476964717
"cz_hnscc_hpv","fibroblast","ENO1","xgboost",0.919056261567823
"cz_hnscc_hpv","fibroblast","DDIT3","xgboost",0.932613671123222
"cz_hnscc_hpv","fibroblast","ID3","xgboost",0.936739209086736
"cz_hnscc_hpv","fibroblast","TCF4","xgboost",0.939353106877538
"cz_hnscc_hpv","fibroblast","NFE2L2","xgboost",0.941324329814589
"cz_hnscc_hpv","fibroblast","YBX1","xgboost",0.943910966889652
"cz_hnscc_hpv","fibroblast","POU2F2","xgboost",0.946783269652297
"cz_hnscc_hpv","fibroblast","SPIB","xgboost",0.937306632936386
"cz_hnscc_hpv","fibroblast","ID4","xgboost",0.93112614862689
"cz_hnscc_hpv","fibroblast","EPAS1","xgboost",0.940826520803831
"cz_hnscc_hpv","fibroblast","JUNB","xgboost",0.942408944667022
"cz_hnscc_hpv","fibroblast","OSR2","xgboost",0.940973952892192
"cz_hnscc_hpv","fibroblast","TWIST2","xgboost",0.940556311040816
"cz_hnscc_hpv","fibroblast","RUNX1","xgboost",0.949301284193342
"cz_hnscc_hpv","fibroblast","ID2","xgboost",0.925498387276606
"cz_hnscc_hpv","fibroblast","MEIS2","xgboost",0.932898984424609
"cz_hnscc_hpv","fibroblast","FOXP1","xgboost",0.952440426812093
"cz_hnscc_hpv","fibroblast","GATA2","xgboost",0.955305866535053
"cz_hnscc_hpv","fibroblast","BHLHE41","xgboost",0.943649726960798
"cz_hnscc_hpv","fibroblast","NFATC2","xgboost",0.948670790299848
"cz_hnscc_hpv","fibroblast","SNAI2","xgboost",0.952107120132125
"cz_hnscc_hpv","fibroblast","HEYL","xgboost",0.945072123392307
"cz_hnscc_hpv","fibroblast","JUN","xgboost",0.9411474691033
"cz_hnscc_hpv","fibroblast","RBPJ","xgboost",0.95180670608319
"cz_hnscc_hpv","fibroblast","NR4A3","xgboost",0.955197277548506
"cz_hnscc_hpv","fibroblast","MAF","xgboost",0.951557435123035
"cz_hnscc_hpv","fibroblast","POU3F1","xgboost",0.951434839500429
"cz_hnscc_hpv","fibroblast","HIF1A","xgboost",0.946377905550083
"cz_hnscc_hpv","fibroblast","POU3F3","xgboost",0.959515154114934
"cz_hnscc_hpv","fibroblast","RUNX2","xgboost",0.949365888790753
"cz_hnscc_hpv","fibroblast","FOSB","xgboost",0.951163656435776
"cz_hnscc_hpv","fibroblast","FOXQ1","xgboost",0.956318605050226
"cz_hnscc_hpv","fibroblast","EGR3","xgboost",0.958009695535029
"cz_hnscc_hpv","fibroblast","GLIS3","xgboost",0.964885970829088
"cz_hnscc_hpv","fibroblast","BCLAF1","xgboost",0.942815472255133
"cz_hnscc_hpv","fibroblast","MYC","xgboost",0.951411534950578
"cz_hnscc_hpv","fibroblast","REL","xgboost",0.953169107586528
"cz_hnscc_hpv","fibroblast","HEY1","xgboost",0.949956162251748
"cz_hnscc_hpv","fibroblast","CEBPB","xgboost",0.959207553602379
"cz_hnscc_hpv","fibroblast","KLF4","xgboost",0.950049286117386
"cz_hnscc_hpv","fibroblast","HES4","xgboost",0.947183978566409
"cz_hnscc_hpv","fibroblast","TFAP2A","xgboost",0.953501189184598
"cz_hnscc_hpv","fibroblast","BHLHE40","xgboost",0.958688590440809
"cz_hnscc_hpv","fibroblast","EGR2","xgboost",0.953749234582682
"cz_hnscc_hpv","fibroblast","JUND","xgboost",0.947747958488218
"cz_hnscc_hpv","fibroblast","ETS2","xgboost",0.9596084793269
"cz_hnscc_hpv","fibroblast","FOXC1","xgboost",0.951443641438162
"cz_hnscc_hpv","fibroblast","STAT1","xgboost",0.927292350876064
"cz_hnscc_hpv","fibroblast","ETS1","xgboost",0.963103833895141
"cz_hnscc_hpv","fibroblast","KLF9","xgboost",0.960692473026801
"cz_hnscc_hpv","fibroblast","AR","xgboost",0.965456960470998
"cz_hnscc_hpv","fibroblast","ESR1","xgboost",0.952226250231704
"cz_hnscc_hpv","fibroblast","IRF1","xgboost",0.950035798959911
"cz_hnscc_hpv","fibroblast","MAFF","xgboost",0.965577289217583
"cz_hnscc_hpv","fibroblast","KLF3","xgboost",0.959491060526762
"cz_hnscc_hpv","fibroblast","ZEB1","xgboost",0.958222260543516
"cz_hnscc_hpv","fibroblast","PRDM1","xgboost",0.957912249121232
"cz_hnscc_hpv","fibroblast","KLF6","xgboost",0.954923155579078
"cz_hnscc_hpv","fibroblast","SP5","mars",0.948076212804948
"cz_hnscc_hpv","fibroblast","NFIA","mars",0.941799717682979
"cz_hnscc_hpv","fibroblast","NFIX","mars",0.946916156954286
"cz_hnscc_hpv","fibroblast","PLAGL1","mars",0.932796327388404
"cz_hnscc_hpv","fibroblast","ATF3","mars",0.896870834478259
"cz_hnscc_hpv","fibroblast","EGR1","mars",0.866498271481038
"cz_hnscc_hpv","fibroblast","NR2F2","mars",0.921438395664344
"cz_hnscc_hpv","fibroblast","NFIB","mars",0.923780510307701
"cz_hnscc_hpv","fibroblast","STAT3","mars",0.929291388074988
"cz_hnscc_hpv","fibroblast","HES1","mars",0.880464311357985
"cz_hnscc_hpv","fibroblast","NR4A2","mars",0.93258322079682
"cz_hnscc_hpv","fibroblast","NR2F1","mars",0.922885632314695
"cz_hnscc_hpv","fibroblast","TWIST1","mars",0.910109633342466
"cz_hnscc_hpv","fibroblast","IRF8","mars",0.934838907803534
"cz_hnscc_hpv","fibroblast","AHR","mars",0.918074378415807
"cz_hnscc_hpv","fibroblast","MAFB","mars",0.894098584746598
"cz_hnscc_hpv","fibroblast","KLF10","mars",0.876273649739398
"cz_hnscc_hpv","fibroblast","ZBTB16","mars",0.931581404525692
"cz_hnscc_hpv","fibroblast","PBX1","mars",0.894281643766242
"cz_hnscc_hpv","fibroblast","SNAI1","mars",0.913467279136344
"cz_hnscc_hpv","fibroblast","IRF6","mars",0.930070085010791
"cz_hnscc_hpv","fibroblast","NR1H4","mars",0.917657657910811
"cz_hnscc_hpv","fibroblast","BCL3","mars",0.920002636304439
"cz_hnscc_hpv","fibroblast","EBF1","mars",0.902549710142231
"cz_hnscc_hpv","fibroblast","MEOX2","mars",0.90982893519841
"cz_hnscc_hpv","fibroblast","NR4A1","mars",0.919241273111675
"cz_hnscc_hpv","fibroblast","GLIS2","mars",0.925901307562548
"cz_hnscc_hpv","fibroblast","HAND2","mars",0.924176664636633
"cz_hnscc_hpv","fibroblast","SP9","mars",0.870701162150384
"cz_hnscc_hpv","fibroblast","ZNF331","mars",0.890881552623588
"cz_hnscc_hpv","fibroblast","NFIL3","mars",0.909751827687779
"cz_hnscc_hpv","fibroblast","CEBPD","mars",0.894361838754312
"cz_hnscc_hpv","fibroblast","IRF7","mars",0.645309341742451
"cz_hnscc_hpv","fibroblast","MYF5","mars",0.89633858729858
"cz_hnscc_hpv","fibroblast","PTEN","mars",0.863966421189092
"cz_hnscc_hpv","fibroblast","PRRX2","mars",0.871940657211855
"cz_hnscc_hpv","fibroblast","ID1","mars",0.902601038892514
"cz_hnscc_hpv","fibroblast","KLF2","mars",0.911287015671187
"cz_hnscc_hpv","fibroblast","PRRX1","mars",0.910618830024851
"cz_hnscc_hpv","fibroblast","ENO1","mars",0.889168666143278
"cz_hnscc_hpv","fibroblast","DDIT3","mars",0.900885612253201
"cz_hnscc_hpv","fibroblast","ID3","mars",0.911439193475244
"cz_hnscc_hpv","fibroblast","TCF4","mars",0.915119697536028
"cz_hnscc_hpv","fibroblast","NFE2L2","mars",0.902640862464758
"cz_hnscc_hpv","fibroblast","YBX1","mars",0.908451700229518
"cz_hnscc_hpv","fibroblast","POU2F2","mars",0.921844711633891
"cz_hnscc_hpv","fibroblast","SPIB","mars",0.907614609204123
"cz_hnscc_hpv","fibroblast","ID4","mars",0.882575604484527
"cz_hnscc_hpv","fibroblast","EPAS1","mars",0.906313214689383
"cz_hnscc_hpv","fibroblast","JUNB","mars",0.915401071052381
"cz_hnscc_hpv","fibroblast","OSR2","mars",0.915819178630332
"cz_hnscc_hpv","fibroblast","TWIST2","mars",0.857086542334164
"cz_hnscc_hpv","fibroblast","RUNX1","mars",0.928723249480631
"cz_hnscc_hpv","fibroblast","ID2","mars",0.879453634767975
"cz_hnscc_hpv","fibroblast","MEIS2","mars",0.908412851378506
"cz_hnscc_hpv","fibroblast","FOXP1","mars",0.92801741727314
"cz_hnscc_hpv","fibroblast","GATA2","mars",0.925254440868637
"cz_hnscc_hpv","fibroblast","BHLHE41","mars",0.92404503489099
"cz_hnscc_hpv","fibroblast","NFATC2","mars",0.928978896374628
"cz_hnscc_hpv","fibroblast","SNAI2","mars",0.919396078071725
"cz_hnscc_hpv","fibroblast","HEYL","mars",0.924959662463992
"cz_hnscc_hpv","fibroblast","JUN","mars",0.903247404554941
"cz_hnscc_hpv","fibroblast","RBPJ","mars",0.924006699706975
"cz_hnscc_hpv","fibroblast","NR4A3","mars",0.935818253739878
"cz_hnscc_hpv","fibroblast","MAF","mars",0.917961484178923
"cz_hnscc_hpv","fibroblast","POU3F1","mars",0.932800745630642
"cz_hnscc_hpv","fibroblast","HIF1A","mars",0.920774076953172
"cz_hnscc_hpv","fibroblast","POU3F3","mars",0.942044493230253
"cz_hnscc_hpv","fibroblast","RUNX2","mars",0.919817788183465
"cz_hnscc_hpv","fibroblast","FOSB","mars",0.931527863944308
"cz_hnscc_hpv","fibroblast","FOXQ1","mars",0.933723885826438
"cz_hnscc_hpv","fibroblast","EGR3","mars",0.930898447966987
"cz_hnscc_hpv","fibroblast","GLIS3","mars",0.941992311437864
"cz_hnscc_hpv","fibroblast","BCLAF1","mars",0.90063748669751
"cz_hnscc_hpv","fibroblast","MYC","mars",0.656798521424791
"cz_hnscc_hpv","fibroblast","REL","mars",0.92908316803621
"cz_hnscc_hpv","fibroblast","HEY1","mars",0.91367750550747
"cz_hnscc_hpv","fibroblast","CEBPB","mars",0.94114070680716
"cz_hnscc_hpv","fibroblast","KLF4","mars",0.922761010279034
"cz_hnscc_hpv","fibroblast","HES4","mars",0.922881686461991
"cz_hnscc_hpv","fibroblast","TFAP2A","mars",0.924836787790014
"cz_hnscc_hpv","fibroblast","BHLHE40","mars",0.930690999139854
"cz_hnscc_hpv","fibroblast","EGR2","mars",0.918786090221146
"cz_hnscc_hpv","fibroblast","JUND","mars",0.916937263110691
"cz_hnscc_hpv","fibroblast","ETS2","mars",0.938099804310232
"cz_hnscc_hpv","fibroblast","FOXC1","mars",0.928687952035105
"cz_hnscc_hpv","fibroblast","STAT1","mars",0.880240244753686
"cz_hnscc_hpv","fibroblast","ETS1","mars",0.933563688373485
"cz_hnscc_hpv","fibroblast","KLF9","mars",0.93916184149407
"cz_hnscc_hpv","fibroblast","AR","mars",0.939976719376
"cz_hnscc_hpv","fibroblast","ESR1","mars",0.921938765811794
"cz_hnscc_hpv","fibroblast","IRF1","mars",0.918391356203076
"cz_hnscc_hpv","fibroblast","MAFF","mars",0.947721532835677
"cz_hnscc_hpv","fibroblast","KLF3","mars",0.933413053496416
"cz_hnscc_hpv","fibroblast","ZEB1","mars",0.934958102046841
"cz_hnscc_hpv","fibroblast","PRDM1","mars",0.931540046038142
"cz_hnscc_hpv","fibroblast","KLF6","mars",0.941452064315248
"cz_hnscc_hpv","fibroblast","SP5","svm_rbf",0.950578147062013
"cz_hnscc_hpv","fibroblast","NFIA","svm_rbf",0.949213127616762
"cz_hnscc_hpv","fibroblast","NFIX","svm_rbf",0.948090142304739
"cz_hnscc_hpv","fibroblast","PLAGL1","svm_rbf",0.942485000785951
"cz_hnscc_hpv","fibroblast","ATF3","svm_rbf",0.936257741577531
"cz_hnscc_hpv","fibroblast","EGR1","svm_rbf",0.920289299558823
"cz_hnscc_hpv","fibroblast","NR2F2","svm_rbf",0.929716144858289
"cz_hnscc_hpv","fibroblast","NFIB","svm_rbf",0.933955807847932
"cz_hnscc_hpv","fibroblast","STAT3","svm_rbf",0.933984264924056
"cz_hnscc_hpv","fibroblast","HES1","svm_rbf",0.920907294467994
"cz_hnscc_hpv","fibroblast","NR4A2","svm_rbf",0.947939836179052
"cz_hnscc_hpv","fibroblast","NR2F1","svm_rbf",0.934432851513072
"cz_hnscc_hpv","fibroblast","TWIST1","svm_rbf",0.93991658799231
"cz_hnscc_hpv","fibroblast","IRF8","svm_rbf",0.939295612483588
"cz_hnscc_hpv","fibroblast","AHR","svm_rbf",0.935135200057193
"cz_hnscc_hpv","fibroblast","MAFB","svm_rbf",0.933882252472693
"cz_hnscc_hpv","fibroblast","KLF10","svm_rbf",0.926882110531302
"cz_hnscc_hpv","fibroblast","ZBTB16","svm_rbf",0.935621593735947
"cz_hnscc_hpv","fibroblast","PBX1","svm_rbf",0.923278846807309
"cz_hnscc_hpv","fibroblast","SNAI1","svm_rbf",0.937544856215552
"cz_hnscc_hpv","fibroblast","IRF6","svm_rbf",0.933032486624726
"cz_hnscc_hpv","fibroblast","NR1H4","svm_rbf",0.920035075907164
"cz_hnscc_hpv","fibroblast","BCL3","svm_rbf",0.941100404686882
"cz_hnscc_hpv","fibroblast","EBF1","svm_rbf",0.922774168058277
"cz_hnscc_hpv","fibroblast","MEOX2","svm_rbf",0.934819797304936
"cz_hnscc_hpv","fibroblast","NR4A1","svm_rbf",0.932626437831258
"cz_hnscc_hpv","fibroblast","GLIS2","svm_rbf",0.92582281212457
"cz_hnscc_hpv","fibroblast","HAND2","svm_rbf",0.923556058615186
"cz_hnscc_hpv","fibroblast","SP9","svm_rbf",0.911363462708377
"cz_hnscc_hpv","fibroblast","ZNF331","svm_rbf",0.936240913436261
"cz_hnscc_hpv","fibroblast","NFIL3","svm_rbf",0.938388277012685
"cz_hnscc_hpv","fibroblast","CEBPD","svm_rbf",0.915327013801378
"cz_hnscc_hpv","fibroblast","IRF7","svm_rbf",0.698642031676688
"cz_hnscc_hpv","fibroblast","MYF5","svm_rbf",0.930341260564168
"cz_hnscc_hpv","fibroblast","PTEN","svm_rbf",0.895340173560295
"cz_hnscc_hpv","fibroblast","PRRX2","svm_rbf",0.916715452682225
"cz_hnscc_hpv","fibroblast","ID1","svm_rbf",0.932551001702489
"cz_hnscc_hpv","fibroblast","KLF2","svm_rbf",0.946903795629889
"cz_hnscc_hpv","fibroblast","PRRX1","svm_rbf",0.932679256278116
"cz_hnscc_hpv","fibroblast","ENO1","svm_rbf",0.886378594307489
"cz_hnscc_hpv","fibroblast","DDIT3","svm_rbf",0.93106182502798
"cz_hnscc_hpv","fibroblast","ID3","svm_rbf",0.936147196959899
"cz_hnscc_hpv","fibroblast","TCF4","svm_rbf",0.933323610699027
"cz_hnscc_hpv","fibroblast","NFE2L2","svm_rbf",0.932788380116341
"cz_hnscc_hpv","fibroblast","YBX1","svm_rbf",0.932268333767254
"cz_hnscc_hpv","fibroblast","POU2F2","svm_rbf",0.942645572015057
"cz_hnscc_hpv","fibroblast","SPIB","svm_rbf",0.920033935404664
"cz_hnscc_hpv","fibroblast","ID4","svm_rbf",0.928598886306282
"cz_hnscc_hpv","fibroblast","EPAS1","svm_rbf",0.930995980156761
"cz_hnscc_hpv","fibroblast","JUNB","svm_rbf",0.937032146043247
"cz_hnscc_hpv","fibroblast","OSR2","svm_rbf",0.927169078965182
"cz_hnscc_hpv","fibroblast","TWIST2","svm_rbf",0.938007854214357
"cz_hnscc_hpv","fibroblast","RUNX1","svm_rbf",0.939675969062695
"cz_hnscc_hpv","fibroblast","ID2","svm_rbf",0.924703504638041
"cz_hnscc_hpv","fibroblast","MEIS2","svm_rbf",0.923209460452596
"cz_hnscc_hpv","fibroblast","FOXP1","svm_rbf",0.94467622234392
"cz_hnscc_hpv","fibroblast","GATA2","svm_rbf",0.943183327110066
"cz_hnscc_hpv","fibroblast","BHLHE41","svm_rbf",0.936480962433606
"cz_hnscc_hpv","fibroblast","NFATC2","svm_rbf",0.946394921345052
"cz_hnscc_hpv","fibroblast","SNAI2","svm_rbf",0.939260315966706
"cz_hnscc_hpv","fibroblast","HEYL","svm_rbf",0.923388726900921
"cz_hnscc_hpv","fibroblast","JUN","svm_rbf",0.9391547844262
"cz_hnscc_hpv","fibroblast","RBPJ","svm_rbf",0.940257392085437
"cz_hnscc_hpv","fibroblast","NR4A3","svm_rbf",0.955357689442726
"cz_hnscc_hpv","fibroblast","MAF","svm_rbf",0.936419625473738
"cz_hnscc_hpv","fibroblast","POU3F1","svm_rbf",0.944957508242424
"cz_hnscc_hpv","fibroblast","HIF1A","svm_rbf",0.926497815130539
"cz_hnscc_hpv","fibroblast","POU3F3","svm_rbf",0.943928181288621
"cz_hnscc_hpv","fibroblast","RUNX2","svm_rbf",0.942308903366405
"cz_hnscc_hpv","fibroblast","FOSB","svm_rbf",0.942818375892044
"cz_hnscc_hpv","fibroblast","FOXQ1","svm_rbf",0.947864698882994
"cz_hnscc_hpv","fibroblast","EGR3","svm_rbf",0.948465218532321
"cz_hnscc_hpv","fibroblast","GLIS3","svm_rbf",0.954023319117916
"cz_hnscc_hpv","fibroblast","BCLAF1","svm_rbf",0.930882170247014
"cz_hnscc_hpv","fibroblast","MYC","svm_rbf",0.949036656255654
"cz_hnscc_hpv","fibroblast","REL","svm_rbf",0.955772803314019
"cz_hnscc_hpv","fibroblast","HEY1","svm_rbf",0.930988914209956
"cz_hnscc_hpv","fibroblast","CEBPB","svm_rbf",0.946535502311888
"cz_hnscc_hpv","fibroblast","KLF4","svm_rbf",0.944600203749672
"cz_hnscc_hpv","fibroblast","HES4","svm_rbf",0.931573956027118
"cz_hnscc_hpv","fibroblast","TFAP2A","svm_rbf",0.944979843001732
"cz_hnscc_hpv","fibroblast","BHLHE40","svm_rbf",0.946561501280167
"cz_hnscc_hpv","fibroblast","EGR2","svm_rbf",0.942301031993539
"cz_hnscc_hpv","fibroblast","JUND","svm_rbf",0.937410411788236
"cz_hnscc_hpv","fibroblast","ETS2","svm_rbf",0.944215228771098
"cz_hnscc_hpv","fibroblast","FOXC1","svm_rbf",0.941903556547595
"cz_hnscc_hpv","fibroblast","STAT1","svm_rbf",0.923491663532114
"cz_hnscc_hpv","fibroblast","ETS1","svm_rbf",0.947600969148627
"cz_hnscc_hpv","fibroblast","KLF9","svm_rbf",0.952815765176567
"cz_hnscc_hpv","fibroblast","AR","svm_rbf",0.951804033274743
"cz_hnscc_hpv","fibroblast","ESR1","svm_rbf",0.946674669656402
"cz_hnscc_hpv","fibroblast","IRF1","svm_rbf",0.948253441715793
"cz_hnscc_hpv","fibroblast","MAFF","svm_rbf",0.953796318899834
"cz_hnscc_hpv","fibroblast","KLF3","svm_rbf",0.949515085176085
"cz_hnscc_hpv","fibroblast","ZEB1","svm_rbf",0.943986609775322
"cz_hnscc_hpv","fibroblast","PRDM1","svm_rbf",0.94919131653459
"cz_hnscc_hpv","fibroblast","KLF6","svm_rbf",0.953754683083111
"cz_hnscc_hpv","myeloid_cell","ETS2","ranger_et",0.93870163463529
"cz_hnscc_hpv","myeloid_cell","JUND","ranger_et",0.963298197321151
"cz_hnscc_hpv","myeloid_cell","ATF3","ranger_et",0.956751258414244
"cz_hnscc_hpv","myeloid_cell","TFAP2A","ranger_et",0.945239156941942
"cz_hnscc_hpv","myeloid_cell","HES4","ranger_et",0.936453279936412
"cz_hnscc_hpv","myeloid_cell","ELF1","ranger_et",0.929176392230249
"cz_hnscc_hpv","myeloid_cell","CEBPB","ranger_et",0.956311718577521
"cz_hnscc_hpv","myeloid_cell","EGR1","ranger_et",0.941271294756027
"cz_hnscc_hpv","myeloid_cell","ELF2","ranger_et",0.935341256907427
"cz_hnscc_hpv","myeloid_cell","SRF","ranger_et",0.948949595759103
"cz_hnscc_hpv","myeloid_cell","TFAP2D","ranger_et",0.935771495354378
"cz_hnscc_hpv","myeloid_cell","IRF1","ranger_et",0.957546079945282
"cz_hnscc_hpv","myeloid_cell","RARA","ranger_et",0.9541685088051
"cz_hnscc_hpv","myeloid_cell","FOXD3","ranger_et",0.965679582041785
"cz_hnscc_hpv","myeloid_cell","GATA2","ranger_et",0.946858533664074
"cz_hnscc_hpv","myeloid_cell","KLF7","ranger_et",0.955254743445949
"cz_hnscc_hpv","myeloid_cell","E2F3","ranger_et",0.950912270409438
"cz_hnscc_hpv","myeloid_cell","EGR3","ranger_et",0.954599576674576
"cz_hnscc_hpv","myeloid_cell","ELF3","ranger_et",0.94540092209281
"cz_hnscc_hpv","myeloid_cell","RXRA","ranger_et",0.968331054313663
"cz_hnscc_hpv","myeloid_cell","CHD2","ranger_et",0.945797519153779
"cz_hnscc_hpv","myeloid_cell","CREB5","ranger_et",0.968194013012697
"cz_hnscc_hpv","myeloid_cell","SPI1","ranger_et",0.96880331028924
"cz_hnscc_hpv","myeloid_cell","KLF2","ranger_et",0.95596692483685
"cz_hnscc_hpv","myeloid_cell","GRHL2","ranger_et",0.960152561931584
"cz_hnscc_hpv","myeloid_cell","NFE2","ranger_et",0.960902983302379
"cz_hnscc_hpv","myeloid_cell","HES1","ranger_et",0.942277700880488
"cz_hnscc_hpv","myeloid_cell","KLF6","ranger_et",0.962652907647132
"cz_hnscc_hpv","myeloid_cell","NFE2L2","ranger_et",0.950678519645431
"cz_hnscc_hpv","myeloid_cell","FOXI1","ranger_et",0.945730823132143
"cz_hnscc_hpv","myeloid_cell","FOXI3","ranger_et",0.960544082622436
"cz_hnscc_hpv","myeloid_cell","FOXE1","ranger_et",0.956456922191704
"cz_hnscc_hpv","myeloid_cell","NR2F2","ranger_et",0.950611349545109
"cz_hnscc_hpv","myeloid_cell","ID1","ranger_et",0.948722099753511
"cz_hnscc_hpv","myeloid_cell","NFKB1","ranger_et",0.962461169475231
"cz_hnscc_hpv","myeloid_cell","SIX5","ranger_et",0.94667692838409
"cz_hnscc_hpv","myeloid_cell","STAT3","ranger_et",0.969029686826439
"cz_hnscc_hpv","myeloid_cell","REL","ranger_et",0.950308028924225
"cz_hnscc_hpv","myeloid_cell","PAX9","ranger_et",0.952143204430141
"cz_hnscc_hpv","myeloid_cell","ID2","ranger_et",0.957951220199749
"cz_hnscc_hpv","myeloid_cell","NR4A2","ranger_et",0.955694496989055
"cz_hnscc_hpv","myeloid_cell","FOS","ranger_et",0.955727341963082
"cz_hnscc_hpv","myeloid_cell","HEY1","ranger_et",0.9598752486939
"cz_hnscc_hpv","myeloid_cell","ETV7","ranger_et",0.943202388559834
"cz_hnscc_hpv","myeloid_cell","GLI2","ranger_et",0.940105619063235
"cz_hnscc_hpv","myeloid_cell","JDP2","ranger_et",0.954747471005058
"cz_hnscc_hpv","myeloid_cell","NFKB2","ranger_et",0.957417734258155
"cz_hnscc_hpv","myeloid_cell","HEY2","ranger_et",0.953173126196982
"cz_hnscc_hpv","myeloid_cell","JUN","ranger_et",0.958611502448452
"cz_hnscc_hpv","myeloid_cell","HES7","ranger_et",0.94112761813331
"cz_hnscc_hpv","myeloid_cell","FOXQ1","ranger_et",0.94652951418433
"cz_hnscc_hpv","myeloid_cell","BATF","ranger_et",0.955705345350708
"cz_hnscc_hpv","myeloid_cell","NR4A3","ranger_et",0.954910711765983
"cz_hnscc_hpv","myeloid_cell","FOXO3","ranger_et",0.950969785553709
"cz_hnscc_hpv","myeloid_cell","STAT1","ranger_et",0.95107192988562
"cz_hnscc_hpv","myeloid_cell","ZNF165","ranger_et",0.941629406996187
"cz_hnscc_hpv","myeloid_cell","RUNX2","ranger_et",0.949207015911229
"cz_hnscc_hpv","myeloid_cell","XBP1","ranger_et",0.956974462354635
"cz_hnscc_hpv","myeloid_cell","FOSB","ranger_et",0.947951805863299
"cz_hnscc_hpv","myeloid_cell","KLF10","ranger_et",0.943467168662481
"cz_hnscc_hpv","myeloid_cell","HOXC9","ranger_et",0.951409538801616
"cz_hnscc_hpv","myeloid_cell","ZNF281","ranger_et",0.951184815294327
"cz_hnscc_hpv","myeloid_cell","HOXC5","ranger_et",0.951160202713077
"cz_hnscc_hpv","myeloid_cell","NR2F1","ranger_et",0.930031190039358
"cz_hnscc_hpv","myeloid_cell","IKZF1","ranger_et",0.926539761862733
"cz_hnscc_hpv","myeloid_cell","HIVEP2","ranger_et",0.915851081129629
"cz_hnscc_hpv","myeloid_cell","NKX3-1","ranger_et",0.938946421425147
"cz_hnscc_hpv","myeloid_cell","LHX4","ranger_et",0.941926786119368
"cz_hnscc_hpv","myeloid_cell","ONECUT2","ranger_et",0.934887407505212
"cz_hnscc_hpv","myeloid_cell","EGR2","ranger_et",0.888804931376599
"cz_hnscc_hpv","myeloid_cell","SOX9","ranger_et",0.901649114693451
"cz_hnscc_hpv","myeloid_cell","NFAT5","ranger_et",0.797825595565721
"cz_hnscc_hpv","myeloid_cell","NR1D1","ranger_et",0.880323824476345
"cz_hnscc_hpv","myeloid_cell","HLX","ranger_et",0.905750370128811
"cz_hnscc_hpv","myeloid_cell","SP100","ranger_et",0.893589292479073
"cz_hnscc_hpv","myeloid_cell","ZNF331","ranger_et",0.911560715786604
"cz_hnscc_hpv","myeloid_cell","ZNF554","ranger_et",0.910531649754506
"cz_hnscc_hpv","myeloid_cell","DDIT3","ranger_et",0.906923248478365
"cz_hnscc_hpv","myeloid_cell","PRDM5","ranger_et",0.919804827149529
"cz_hnscc_hpv","myeloid_cell","RORA","ranger_et",0.928481919299097
"cz_hnscc_hpv","myeloid_cell","CEBPD","ranger_et",0.930631954495617
"cz_hnscc_hpv","myeloid_cell","PTEN","ranger_et",0.930665334530722
"cz_hnscc_hpv","myeloid_cell","ZNF467","ranger_et",0.941357378342345
"cz_hnscc_hpv","myeloid_cell","HOXA5","ranger_et",0.937490447329073
"cz_hnscc_hpv","myeloid_cell","SOX14","ranger_et",0.924058340659209
"cz_hnscc_hpv","myeloid_cell","OLIG2","ranger_et",0.916470776532472
"cz_hnscc_hpv","myeloid_cell","NFIX","ranger_et",0.940304350891453
"cz_hnscc_hpv","myeloid_cell","MTF1","ranger_et",0.922071597682205
"cz_hnscc_hpv","myeloid_cell","NFIB","ranger_et",0.940372428288437
"cz_hnscc_hpv","myeloid_cell","BCL11B","ranger_et",0.895261526874185
"cz_hnscc_hpv","myeloid_cell","NHLH1","ranger_et",0.939504397645494
"cz_hnscc_hpv","myeloid_cell","BCL3","ranger_et",0.959528748263601
"cz_hnscc_hpv","myeloid_cell","NFIL3","ranger_et",0.946401472059713
"cz_hnscc_hpv","myeloid_cell","CREM","ranger_et",0.947512794452065
"cz_hnscc_hpv","myeloid_cell","TP63","ranger_et",0.930000010367292
"cz_hnscc_hpv","myeloid_cell","NFIA","ranger_et",0.951455606381398
"cz_hnscc_hpv","myeloid_cell","STAT5B","ranger_et",0.948626837963005
"cz_hnscc_hpv","myeloid_cell","KLF5","ranger_et",0.946203220303649
"cz_hnscc_hpv","myeloid_cell","IRF9","ranger_et",0.781491689724206
"cz_hnscc_hpv","myeloid_cell","OSR2","ranger_et",0.938915713878088
"cz_hnscc_hpv","myeloid_cell","SCX","ranger_et",0.951216797409635
"cz_hnscc_hpv","myeloid_cell","JUNB","ranger_et",0.95830971789549
"cz_hnscc_hpv","myeloid_cell","MAFB","ranger_et",0.948243522571363
"cz_hnscc_hpv","myeloid_cell","HIF1A","ranger_et",0.956498380948302
"cz_hnscc_hpv","myeloid_cell","FOXL2","ranger_et",0.885217829451645
"cz_hnscc_hpv","myeloid_cell","ZEB1","ranger_et",0.951288076171627
"cz_hnscc_hpv","myeloid_cell","PRDM1","ranger_et",0.96880093248254
"cz_hnscc_hpv","myeloid_cell","MAFF","ranger_et",0.950428799284665
"cz_hnscc_hpv","myeloid_cell","POU5F1","ranger_et",0.941778988983244
"cz_hnscc_hpv","myeloid_cell","BCL6","ranger_et",0.956376167370684
"cz_hnscc_hpv","myeloid_cell","FOSL2","ranger_et",0.961730481597219
"cz_hnscc_hpv","myeloid_cell","FOSL1","ranger_et",0.962522208643051
"cz_hnscc_hpv","myeloid_cell","ETS2","xgboost",0.94041389359363
"cz_hnscc_hpv","myeloid_cell","JUND","xgboost",0.967579474251519
"cz_hnscc_hpv","myeloid_cell","ATF3","xgboost",0.956867836198992
"cz_hnscc_hpv","myeloid_cell","TFAP2A","xgboost",0.948235748309368
"cz_hnscc_hpv","myeloid_cell","HES4","xgboost",0.935251553748097
"cz_hnscc_hpv","myeloid_cell","ELF1","xgboost",0.929030687473122
"cz_hnscc_hpv","myeloid_cell","CEBPB","xgboost",0.966527234280323
"cz_hnscc_hpv","myeloid_cell","EGR1","xgboost",0.945688672823663
"cz_hnscc_hpv","myeloid_cell","ELF2","xgboost",0.93890696120952
"cz_hnscc_hpv","myeloid_cell","SRF","xgboost",0.949318061709473
"cz_hnscc_hpv","myeloid_cell","TFAP2D","xgboost",0.937959707267498
"cz_hnscc_hpv","myeloid_cell","IRF1","xgboost",0.956751247992864
"cz_hnscc_hpv","myeloid_cell","RARA","xgboost",0.95758668920431
"cz_hnscc_hpv","myeloid_cell","FOXD3","xgboost",0.964223365439833
"cz_hnscc_hpv","myeloid_cell","GATA2","xgboost",0.950020059506729
"cz_hnscc_hpv","myeloid_cell","KLF7","xgboost",0.958169539210849
"cz_hnscc_hpv","myeloid_cell","E2F3","xgboost",0.952371939978375
"cz_hnscc_hpv","myeloid_cell","EGR3","xgboost",0.957410483955693
"cz_hnscc_hpv","myeloid_cell","ELF3","xgboost",0.949649236069982
"cz_hnscc_hpv","myeloid_cell","RXRA","xgboost",0.973644613642982
"cz_hnscc_hpv","myeloid_cell","CHD2","xgboost",0.944324968287455
"cz_hnscc_hpv","myeloid_cell","CREB5","xgboost",0.966904488160899
"cz_hnscc_hpv","myeloid_cell","SPI1","xgboost",0.972162115261253
"cz_hnscc_hpv","myeloid_cell","KLF2","xgboost",0.957982389970445
"cz_hnscc_hpv","myeloid_cell","GRHL2","xgboost",0.959437452084835
"cz_hnscc_hpv","myeloid_cell","NFE2","xgboost",0.956342507019083
"cz_hnscc_hpv","myeloid_cell","HES1","xgboost",0.94386049952991
"cz_hnscc_hpv","myeloid_cell","KLF6","xgboost",0.965509379670272
"cz_hnscc_hpv","myeloid_cell","NFE2L2","xgboost",0.950850250564201
"cz_hnscc_hpv","myeloid_cell","FOXI1","xgboost",0.939634233864099
"cz_hnscc_hpv","myeloid_cell","FOXI3","xgboost",0.959348672792562
"cz_hnscc_hpv","myeloid_cell","FOXE1","xgboost",0.958171718886668
"cz_hnscc_hpv","myeloid_cell","NR2F2","xgboost",0.953939261178516
"cz_hnscc_hpv","myeloid_cell","ID1","xgboost",0.943754281110766
"cz_hnscc_hpv","myeloid_cell","NFKB1","xgboost",0.959998461942062
"cz_hnscc_hpv","myeloid_cell","SIX5","xgboost",0.949253728482537
"cz_hnscc_hpv","myeloid_cell","STAT3","xgboost",0.970686436334464
"cz_hnscc_hpv","myeloid_cell","REL","xgboost",0.955935074562383
"cz_hnscc_hpv","myeloid_cell","PAX9","xgboost",0.957867173627102
"cz_hnscc_hpv","myeloid_cell","ID2","xgboost",0.95786885012053
"cz_hnscc_hpv","myeloid_cell","NR4A2","xgboost",0.957935131877983
"cz_hnscc_hpv","myeloid_cell","FOS","xgboost",0.958035905770094
"cz_hnscc_hpv","myeloid_cell","HEY1","xgboost",0.957474264820277
"cz_hnscc_hpv","myeloid_cell","ETV7","xgboost",0.940886385803072
"cz_hnscc_hpv","myeloid_cell","GLI2","xgboost",0.944160128671724
"cz_hnscc_hpv","myeloid_cell","JDP2","xgboost",0.958295850343101
"cz_hnscc_hpv","myeloid_cell","NFKB2","xgboost",0.954992019159002
"cz_hnscc_hpv","myeloid_cell","HEY2","xgboost",0.954605601212802
"cz_hnscc_hpv","myeloid_cell","JUN","xgboost",0.963193107602475
"cz_hnscc_hpv","myeloid_cell","HES7","xgboost",0.945371554021121
"cz_hnscc_hpv","myeloid_cell","FOXQ1","xgboost",0.948709065546575
"cz_hnscc_hpv","myeloid_cell","BATF","xgboost",0.96411270609575
"cz_hnscc_hpv","myeloid_cell","NR4A3","xgboost",0.957069704892589
"cz_hnscc_hpv","myeloid_cell","FOXO3","xgboost",0.954143334675305
"cz_hnscc_hpv","myeloid_cell","STAT1","xgboost",0.952148607829836
"cz_hnscc_hpv","myeloid_cell","ZNF165","xgboost",0.937341581531234
"cz_hnscc_hpv","myeloid_cell","RUNX2","xgboost",0.953091993094859
"cz_hnscc_hpv","myeloid_cell","XBP1","xgboost",0.957274310162939
"cz_hnscc_hpv","myeloid_cell","FOSB","xgboost",0.951701625049961
"cz_hnscc_hpv","myeloid_cell","KLF10","xgboost",0.938663204242252
"cz_hnscc_hpv","myeloid_cell","HOXC9","xgboost",0.951660143620493
"cz_hnscc_hpv","myeloid_cell","ZNF281","xgboost",0.958997254180008
"cz_hnscc_hpv","myeloid_cell","HOXC5","xgboost",0.949533317884872
"cz_hnscc_hpv","myeloid_cell","NR2F1","xgboost",0.936502316093872
"cz_hnscc_hpv","myeloid_cell","IKZF1","xgboost",0.925174839901708
"cz_hnscc_hpv","myeloid_cell","HIVEP2","xgboost",0.915272594921933
"cz_hnscc_hpv","myeloid_cell","NKX3-1","xgboost",0.938295528866414
"cz_hnscc_hpv","myeloid_cell","LHX4","xgboost",0.945467551241776
"cz_hnscc_hpv","myeloid_cell","ONECUT2","xgboost",0.949765865738566
"cz_hnscc_hpv","myeloid_cell","EGR2","xgboost",0.919695123775519
"cz_hnscc_hpv","myeloid_cell","SOX9","xgboost",0.90216269105926
"cz_hnscc_hpv","myeloid_cell","NFAT5","xgboost",0.800632616822461
"cz_hnscc_hpv","myeloid_cell","NR1D1","xgboost",0.881783350932952
"cz_hnscc_hpv","myeloid_cell","HLX","xgboost",0.908398654795219
"cz_hnscc_hpv","myeloid_cell","SP100","xgboost",0.889956777184915
"cz_hnscc_hpv","myeloid_cell","ZNF331","xgboost",0.915343889954755
"cz_hnscc_hpv","myeloid_cell","ZNF554","xgboost",0.905953837425993
"cz_hnscc_hpv","myeloid_cell","DDIT3","xgboost",0.903336178037195
"cz_hnscc_hpv","myeloid_cell","PRDM5","xgboost",0.926760119768315
"cz_hnscc_hpv","myeloid_cell","RORA","xgboost",0.934513837015496
"cz_hnscc_hpv","myeloid_cell","CEBPD","xgboost",0.924700706965002
"cz_hnscc_hpv","myeloid_cell","PTEN","xgboost",0.940456592697443
"cz_hnscc_hpv","myeloid_cell","ZNF467","xgboost",0.94357384826511
"cz_hnscc_hpv","myeloid_cell","HOXA5","xgboost",0.940302774037726
"cz_hnscc_hpv","myeloid_cell","SOX14","xgboost",0.926920957170579
"cz_hnscc_hpv","myeloid_cell","OLIG2","xgboost",0.913610714763074
"cz_hnscc_hpv","myeloid_cell","NFIX","xgboost",0.937556899145438
"cz_hnscc_hpv","myeloid_cell","MTF1","xgboost",0.921706245163976
"cz_hnscc_hpv","myeloid_cell","NFIB","xgboost",0.940652351678676
"cz_hnscc_hpv","myeloid_cell","BCL11B","xgboost",0.891659815881579
"cz_hnscc_hpv","myeloid_cell","NHLH1","xgboost",0.943767576755586
"cz_hnscc_hpv","myeloid_cell","BCL3","xgboost",0.96363354392869
"cz_hnscc_hpv","myeloid_cell","NFIL3","xgboost",0.942104219110785
"cz_hnscc_hpv","myeloid_cell","CREM","xgboost",0.946284421058752
"cz_hnscc_hpv","myeloid_cell","TP63","xgboost",0.928681881215611
"cz_hnscc_hpv","myeloid_cell","NFIA","xgboost",0.949029964365335
"cz_hnscc_hpv","myeloid_cell","STAT5B","xgboost",0.950788921565825
"cz_hnscc_hpv","myeloid_cell","KLF5","xgboost",0.949823330934273
"cz_hnscc_hpv","myeloid_cell","IRF9","xgboost",0.777389893543121
"cz_hnscc_hpv","myeloid_cell","OSR2","xgboost",0.937489019728388
"cz_hnscc_hpv","myeloid_cell","SCX","xgboost",0.953733130277546
"cz_hnscc_hpv","myeloid_cell","JUNB","xgboost",0.962502649073772
"cz_hnscc_hpv","myeloid_cell","MAFB","xgboost",0.949097163006177
"cz_hnscc_hpv","myeloid_cell","HIF1A","xgboost",0.95853676157557
"cz_hnscc_hpv","myeloid_cell","FOXL2","xgboost",0.893335486449303
"cz_hnscc_hpv","myeloid_cell","ZEB1","xgboost",0.947745021266769
"cz_hnscc_hpv","myeloid_cell","PRDM1","xgboost",0.971654314225435
"cz_hnscc_hpv","myeloid_cell","MAFF","xgboost",0.946027684532136
"cz_hnscc_hpv","myeloid_cell","POU5F1","xgboost",0.942644812998057
"cz_hnscc_hpv","myeloid_cell","BCL6","xgboost",0.954460042807762
"cz_hnscc_hpv","myeloid_cell","FOSL2","xgboost",0.959546007467256
"cz_hnscc_hpv","myeloid_cell","FOSL1","xgboost",0.960401767893717
"cz_hnscc_hpv","myeloid_cell","ETS2","mars",0.920666381939369
"cz_hnscc_hpv","myeloid_cell","JUND","mars",0.955240078907015
"cz_hnscc_hpv","myeloid_cell","ATF3","mars",0.940620981371996
"cz_hnscc_hpv","myeloid_cell","TFAP2A","mars",0.929530419975766
"cz_hnscc_hpv","myeloid_cell","HES4","mars",0.342242139687646
"cz_hnscc_hpv","myeloid_cell","ELF1","mars",0.902135194259008
"cz_hnscc_hpv","myeloid_cell","CEBPB","mars",0.949798044375392
"cz_hnscc_hpv","myeloid_cell","EGR1","mars",0.922790811458932
"cz_hnscc_hpv","myeloid_cell","ELF2","mars",0.487160517589447
"cz_hnscc_hpv","myeloid_cell","SRF","mars",0.934947806812982
"cz_hnscc_hpv","myeloid_cell","TFAP2D","mars",0.906478985076845
"cz_hnscc_hpv","myeloid_cell","IRF1","mars",0.945867531045846
"cz_hnscc_hpv","myeloid_cell","RARA","mars",0.929072339694437
"cz_hnscc_hpv","myeloid_cell","FOXD3","mars",0.959026837063726
"cz_hnscc_hpv","myeloid_cell","GATA2","mars",0.929873203591404
"cz_hnscc_hpv","myeloid_cell","KLF7","mars",0.854374300144649
"cz_hnscc_hpv","myeloid_cell","E2F3","mars",0.940752504916442
"cz_hnscc_hpv","myeloid_cell","EGR3","mars",0.939089867574964
"cz_hnscc_hpv","myeloid_cell","ELF3","mars",0.933590056109241
"cz_hnscc_hpv","myeloid_cell","RXRA","mars",0.963292469663216
"cz_hnscc_hpv","myeloid_cell","CHD2","mars",0.925731620357292
"cz_hnscc_hpv","myeloid_cell","CREB5","mars",0.957744196681559
"cz_hnscc_hpv","myeloid_cell","SPI1","mars",0.960734185229395
"cz_hnscc_hpv","myeloid_cell","KLF2","mars",0.940775156550983
"cz_hnscc_hpv","myeloid_cell","GRHL2","mars",0.947767843945712
"cz_hnscc_hpv","myeloid_cell","NFE2","mars",0.93345927119337
"cz_hnscc_hpv","myeloid_cell","HES1","mars",0.932731049675182
"cz_hnscc_hpv","myeloid_cell","KLF6","mars",0.958144264323335
"cz_hnscc_hpv","myeloid_cell","NFE2L2","mars",0.924651432401631
"cz_hnscc_hpv","myeloid_cell","FOXI1","mars",0.930649522705736
"cz_hnscc_hpv","myeloid_cell","FOXI3","mars",0.952258752006074
"cz_hnscc_hpv","myeloid_cell","FOXE1","mars",0.485352966073647
"cz_hnscc_hpv","myeloid_cell","NR2F2","mars",0.935634391361483
"cz_hnscc_hpv","myeloid_cell","ID1","mars",0.930352622543877
"cz_hnscc_hpv","myeloid_cell","NFKB1","mars",0.954312819950574
"cz_hnscc_hpv","myeloid_cell","SIX5","mars",0.926848219732474
"cz_hnscc_hpv","myeloid_cell","STAT3","mars",0.962157989823935
"cz_hnscc_hpv","myeloid_cell","REL","mars",0.931772106025021
"cz_hnscc_hpv","myeloid_cell","PAX9","mars",0.914979867328804
"cz_hnscc_hpv","myeloid_cell","ID2","mars",0.950415253802816
"cz_hnscc_hpv","myeloid_cell","NR4A2","mars",0.947917867860286
"cz_hnscc_hpv","myeloid_cell","FOS","mars",0.940064689286738
"cz_hnscc_hpv","myeloid_cell","HEY1","mars",0.943612908637234
"cz_hnscc_hpv","myeloid_cell","ETV7","mars",0.929603454927743
"cz_hnscc_hpv","myeloid_cell","GLI2","mars",0.917462737360117
"cz_hnscc_hpv","myeloid_cell","JDP2","mars",0.949693962255491
"cz_hnscc_hpv","myeloid_cell","NFKB2","mars",0.946402602542412
"cz_hnscc_hpv","myeloid_cell","HEY2","mars",0.935651244626861
"cz_hnscc_hpv","myeloid_cell","JUN","mars",0.956381489549028
"cz_hnscc_hpv","myeloid_cell","HES7","mars",0.910224336697499
"cz_hnscc_hpv","myeloid_cell","FOXQ1","mars",0.942693524447187
"cz_hnscc_hpv","myeloid_cell","BATF","mars",0.938246861078149
"cz_hnscc_hpv","myeloid_cell","NR4A3","mars",0.942002184749653
"cz_hnscc_hpv","myeloid_cell","FOXO3","mars",0.93610057709844
"cz_hnscc_hpv","myeloid_cell","STAT1","mars",0.935780620038332
"cz_hnscc_hpv","myeloid_cell","ZNF165","mars",0.916315539684767
"cz_hnscc_hpv","myeloid_cell","RUNX2","mars",0.934231879639042
"cz_hnscc_hpv","myeloid_cell","XBP1","mars",0.940211393580244
"cz_hnscc_hpv","myeloid_cell","FOSB","mars",0.913463545239385
"cz_hnscc_hpv","myeloid_cell","KLF10","mars",0.912170544738786
"cz_hnscc_hpv","myeloid_cell","HOXC9","mars",0.936577183249764
"cz_hnscc_hpv","myeloid_cell","ZNF281","mars",0.950610111081061
"cz_hnscc_hpv","myeloid_cell","HOXC5","mars",0.930394796469266
"cz_hnscc_hpv","myeloid_cell","NR2F1","mars",0.897227538896256
"cz_hnscc_hpv","myeloid_cell","IKZF1","mars",0.903718120028867
"cz_hnscc_hpv","myeloid_cell","HIVEP2","mars",0.886218388631635
"cz_hnscc_hpv","myeloid_cell","NKX3-1","mars",0.907904488608604
"cz_hnscc_hpv","myeloid_cell","LHX4","mars",0.923310871304569
"cz_hnscc_hpv","myeloid_cell","ONECUT2","mars",0.927322874984571
"cz_hnscc_hpv","myeloid_cell","EGR2","mars",0.851156628612498
"cz_hnscc_hpv","myeloid_cell","SOX9","mars",0.856972309572569
"cz_hnscc_hpv","myeloid_cell","NFAT5","mars",0.728270273057104
"cz_hnscc_hpv","myeloid_cell","NR1D1","mars",0.869679552978438
"cz_hnscc_hpv","myeloid_cell","HLX","mars",0.869148098201835
"cz_hnscc_hpv","myeloid_cell","SP100","mars",0.871692098725043
"cz_hnscc_hpv","myeloid_cell","ZNF331","mars",0.886710100301223
"cz_hnscc_hpv","myeloid_cell","ZNF554","mars",0.885032849628608
"cz_hnscc_hpv","myeloid_cell","DDIT3","mars",0.863353220644638
"cz_hnscc_hpv","myeloid_cell","PRDM5","mars",0.894311979651167
"cz_hnscc_hpv","myeloid_cell","RORA","mars",0.896698921729844
"cz_hnscc_hpv","myeloid_cell","CEBPD","mars",0.905489922586822
"cz_hnscc_hpv","myeloid_cell","PTEN","mars",0.910375058102924
"cz_hnscc_hpv","myeloid_cell","ZNF467","mars",0.933853181496454
"cz_hnscc_hpv","myeloid_cell","HOXA5","mars",0.915988676927062
"cz_hnscc_hpv","myeloid_cell","SOX14","mars",0.90783565893906
"cz_hnscc_hpv","myeloid_cell","OLIG2","mars",0.877427577158321
"cz_hnscc_hpv","myeloid_cell","NFIX","mars",0.916631882008779
"cz_hnscc_hpv","myeloid_cell","MTF1","mars",0.883855969193181
"cz_hnscc_hpv","myeloid_cell","NFIB","mars",0.925296672227002
"cz_hnscc_hpv","myeloid_cell","BCL11B","mars",0.853512461116685
"cz_hnscc_hpv","myeloid_cell","NHLH1","mars",0.921854063317187
"cz_hnscc_hpv","myeloid_cell","BCL3","mars",0.959778571877859
"cz_hnscc_hpv","myeloid_cell","NFIL3","mars",0.920099262037103
"cz_hnscc_hpv","myeloid_cell","CREM","mars",0.928733332135004
"cz_hnscc_hpv","myeloid_cell","TP63","mars",0.870662401765473
"cz_hnscc_hpv","myeloid_cell","NFIA","mars",0.937237318957704
"cz_hnscc_hpv","myeloid_cell","STAT5B","mars",0.93666916021606
"cz_hnscc_hpv","myeloid_cell","KLF5","mars",0.938754910018462
"cz_hnscc_hpv","myeloid_cell","IRF9","mars",0.690913851982408
"cz_hnscc_hpv","myeloid_cell","OSR2","mars",0.916006788123216
"cz_hnscc_hpv","myeloid_cell","SCX","mars",0.940778552659212
"cz_hnscc_hpv","myeloid_cell","JUNB","mars",0.950610691459624
"cz_hnscc_hpv","myeloid_cell","MAFB","mars",0.937807407244585
"cz_hnscc_hpv","myeloid_cell","HIF1A","mars",0.945480809600179
"cz_hnscc_hpv","myeloid_cell","FOXL2","mars",0.839481956898711
"cz_hnscc_hpv","myeloid_cell","ZEB1","mars",0.933748072502692
"cz_hnscc_hpv","myeloid_cell","PRDM1","mars",0.964485564475688
"cz_hnscc_hpv","myeloid_cell","MAFF","mars",0.940126548144846
"cz_hnscc_hpv","myeloid_cell","POU5F1","mars",0.928221144181609
"cz_hnscc_hpv","myeloid_cell","BCL6","mars",0.944409373245891
"cz_hnscc_hpv","myeloid_cell","FOSL2","mars",0.932210450134991
"cz_hnscc_hpv","myeloid_cell","FOSL1","mars",0.952132743905654
"cz_hnscc_hpv","myeloid_cell","ETS2","svm_rbf",0.927450446641442
"cz_hnscc_hpv","myeloid_cell","JUND","svm_rbf",0.948523379902166
"cz_hnscc_hpv","myeloid_cell","ATF3","svm_rbf",0.93836755954277
"cz_hnscc_hpv","myeloid_cell","TFAP2A","svm_rbf",0.931226484838781
"cz_hnscc_hpv","myeloid_cell","HES4","svm_rbf",0.923862991032398
"cz_hnscc_hpv","myeloid_cell","ELF1","svm_rbf",0.917120541435928
"cz_hnscc_hpv","myeloid_cell","CEBPB","svm_rbf",0.945355019916909
"cz_hnscc_hpv","myeloid_cell","EGR1","svm_rbf",0.933105974865781
"cz_hnscc_hpv","myeloid_cell","ELF2","svm_rbf",0.921601385751873
"cz_hnscc_hpv","myeloid_cell","SRF","svm_rbf",0.935097691567329
"cz_hnscc_hpv","myeloid_cell","TFAP2D","svm_rbf",0.924231961582246
"cz_hnscc_hpv","myeloid_cell","IRF1","svm_rbf",0.944122177814776
"cz_hnscc_hpv","myeloid_cell","RARA","svm_rbf",0.939960020544862
"cz_hnscc_hpv","myeloid_cell","FOXD3","svm_rbf",0.950869255782757
"cz_hnscc_hpv","myeloid_cell","GATA2","svm_rbf",0.934717474073551
"cz_hnscc_hpv","myeloid_cell","KLF7","svm_rbf",0.940830855262672
"cz_hnscc_hpv","myeloid_cell","E2F3","svm_rbf",0.935987596612661
"cz_hnscc_hpv","myeloid_cell","EGR3","svm_rbf",0.939132708669142
"cz_hnscc_hpv","myeloid_cell","ELF3","svm_rbf",0.930168694534721
"cz_hnscc_hpv","myeloid_cell","RXRA","svm_rbf",0.957437223924945
"cz_hnscc_hpv","myeloid_cell","CHD2","svm_rbf",0.930841444580911
"cz_hnscc_hpv","myeloid_cell","CREB5","svm_rbf",0.953239117645047
"cz_hnscc_hpv","myeloid_cell","SPI1","svm_rbf",0.953215688722043
"cz_hnscc_hpv","myeloid_cell","KLF2","svm_rbf",0.944230947866496
"cz_hnscc_hpv","myeloid_cell","GRHL2","svm_rbf",0.946480206489457
"cz_hnscc_hpv","myeloid_cell","NFE2","svm_rbf",0.942912668629536
"cz_hnscc_hpv","myeloid_cell","HES1","svm_rbf",0.927788756275267
"cz_hnscc_hpv","myeloid_cell","KLF6","svm_rbf",0.951428254288914
"cz_hnscc_hpv","myeloid_cell","NFE2L2","svm_rbf",0.935619141191239
"cz_hnscc_hpv","myeloid_cell","FOXI1","svm_rbf",0.93060808777216
"cz_hnscc_hpv","myeloid_cell","FOXI3","svm_rbf",0.946220592542061
"cz_hnscc_hpv","myeloid_cell","FOXE1","svm_rbf",0.94481050363556
"cz_hnscc_hpv","myeloid_cell","NR2F2","svm_rbf",0.932504857775503
"cz_hnscc_hpv","myeloid_cell","ID1","svm_rbf",0.929486555181118
"cz_hnscc_hpv","myeloid_cell","NFKB1","svm_rbf",0.942194986037865
"cz_hnscc_hpv","myeloid_cell","SIX5","svm_rbf",0.931896270499459
"cz_hnscc_hpv","myeloid_cell","STAT3","svm_rbf",0.953963623579837
"cz_hnscc_hpv","myeloid_cell","REL","svm_rbf",0.931082442475957
"cz_hnscc_hpv","myeloid_cell","PAX9","svm_rbf",0.938268781557365
"cz_hnscc_hpv","myeloid_cell","ID2","svm_rbf",0.943390731703987
"cz_hnscc_hpv","myeloid_cell","NR4A2","svm_rbf",0.939968799376259
"cz_hnscc_hpv","myeloid_cell","FOS","svm_rbf",0.941301936907925
"cz_hnscc_hpv","myeloid_cell","HEY1","svm_rbf",0.94478716461343
"cz_hnscc_hpv","myeloid_cell","ETV7","svm_rbf",0.925708291628831
"cz_hnscc_hpv","myeloid_cell","GLI2","svm_rbf",0.928426029267058
"cz_hnscc_hpv","myeloid_cell","JDP2","svm_rbf",0.940440930094884
"cz_hnscc_hpv","myeloid_cell","NFKB2","svm_rbf",0.935815111839307
"cz_hnscc_hpv","myeloid_cell","HEY2","svm_rbf",0.94065272332654
"cz_hnscc_hpv","myeloid_cell","JUN","svm_rbf",0.949420563162406
"cz_hnscc_hpv","myeloid_cell","HES7","svm_rbf",0.927738703619373
"cz_hnscc_hpv","myeloid_cell","FOXQ1","svm_rbf",0.931977507508942
"cz_hnscc_hpv","myeloid_cell","BATF","svm_rbf",0.946472903275653
"cz_hnscc_hpv","myeloid_cell","NR4A3","svm_rbf",0.939500669858651
"cz_hnscc_hpv","myeloid_cell","FOXO3","svm_rbf",0.940044822238955
"cz_hnscc_hpv","myeloid_cell","STAT1","svm_rbf",0.936566861751575
"cz_hnscc_hpv","myeloid_cell","ZNF165","svm_rbf",0.930069838260171
"cz_hnscc_hpv","myeloid_cell","RUNX2","svm_rbf",0.935001684372178
"cz_hnscc_hpv","myeloid_cell","XBP1","svm_rbf",0.944293881144452
"cz_hnscc_hpv","myeloid_cell","FOSB","svm_rbf",0.932599083452734
"cz_hnscc_hpv","myeloid_cell","KLF10","svm_rbf",0.921190397370995
"cz_hnscc_hpv","myeloid_cell","HOXC9","svm_rbf",0.939069783820151
"cz_hnscc_hpv","myeloid_cell","ZNF281","svm_rbf",0.941467967848579
"cz_hnscc_hpv","myeloid_cell","HOXC5","svm_rbf",0.937468438768392
"cz_hnscc_hpv","myeloid_cell","NR2F1","svm_rbf",0.921460231431935
"cz_hnscc_hpv","myeloid_cell","IKZF1","svm_rbf",0.907425726716045
"cz_hnscc_hpv","myeloid_cell","HIVEP2","svm_rbf",0.899188223555409
"cz_hnscc_hpv","myeloid_cell","NKX3-1","svm_rbf",0.92997298434954
"cz_hnscc_hpv","myeloid_cell","LHX4","svm_rbf",0.936244067120268
"cz_hnscc_hpv","myeloid_cell","ONECUT2","svm_rbf",0.936289998526777
"cz_hnscc_hpv","myeloid_cell","EGR2","svm_rbf",0.910971720000709
"cz_hnscc_hpv","myeloid_cell","SOX9","svm_rbf",0.887444103445753
"cz_hnscc_hpv","myeloid_cell","NFAT5","svm_rbf",0.792996666871187
"cz_hnscc_hpv","myeloid_cell","NR1D1","svm_rbf",0.875830600715858
"cz_hnscc_hpv","myeloid_cell","HLX","svm_rbf",0.915578163732366
"cz_hnscc_hpv","myeloid_cell","SP100","svm_rbf",0.883791737281345
"cz_hnscc_hpv","myeloid_cell","ZNF331","svm_rbf",0.906235386985514
"cz_hnscc_hpv","myeloid_cell","ZNF554","svm_rbf",0.88930716917032
"cz_hnscc_hpv","myeloid_cell","DDIT3","svm_rbf",0.88807202598475
"cz_hnscc_hpv","myeloid_cell","PRDM5","svm_rbf",0.909858684619317
"cz_hnscc_hpv","myeloid_cell","RORA","svm_rbf",0.9214921745185
"cz_hnscc_hpv","myeloid_cell","CEBPD","svm_rbf",0.919629873751215
"cz_hnscc_hpv","myeloid_cell","PTEN","svm_rbf",0.92694611887462
"cz_hnscc_hpv","myeloid_cell","ZNF467","svm_rbf",0.938029634950982
"cz_hnscc_hpv","myeloid_cell","HOXA5","svm_rbf",0.928816695743236
"cz_hnscc_hpv","myeloid_cell","SOX14","svm_rbf",0.919576293134872
"cz_hnscc_hpv","myeloid_cell","OLIG2","svm_rbf",0.899521708219751
"cz_hnscc_hpv","myeloid_cell","NFIX","svm_rbf",0.934708740642652
"cz_hnscc_hpv","myeloid_cell","MTF1","svm_rbf",0.905310807658103
"cz_hnscc_hpv","myeloid_cell","NFIB","svm_rbf",0.93594741029921
"cz_hnscc_hpv","myeloid_cell","BCL11B","svm_rbf",0.881399731096924
"cz_hnscc_hpv","myeloid_cell","NHLH1","svm_rbf",0.931933422367405
"cz_hnscc_hpv","myeloid_cell","BCL3","svm_rbf",0.953465120003733
"cz_hnscc_hpv","myeloid_cell","NFIL3","svm_rbf",0.928455802716012
"cz_hnscc_hpv","myeloid_cell","CREM","svm_rbf",0.933265723982222
"cz_hnscc_hpv","myeloid_cell","TP63","svm_rbf",0.922176674284864
"cz_hnscc_hpv","myeloid_cell","NFIA","svm_rbf",0.935231840517266
"cz_hnscc_hpv","myeloid_cell","STAT5B","svm_rbf",0.94237160698956
"cz_hnscc_hpv","myeloid_cell","KLF5","svm_rbf",0.935750238471972
"cz_hnscc_hpv","myeloid_cell","IRF9","svm_rbf",0.776112410580189
"cz_hnscc_hpv","myeloid_cell","OSR2","svm_rbf",0.927698488033037
"cz_hnscc_hpv","myeloid_cell","SCX","svm_rbf",0.93738782432715
"cz_hnscc_hpv","myeloid_cell","JUNB","svm_rbf",0.946815364749178
"cz_hnscc_hpv","myeloid_cell","MAFB","svm_rbf",0.936497908753017
"cz_hnscc_hpv","myeloid_cell","HIF1A","svm_rbf",0.942375037682992
"cz_hnscc_hpv","myeloid_cell","FOXL2","svm_rbf",0.883373900421323
"cz_hnscc_hpv","myeloid_cell","ZEB1","svm_rbf",0.942756659047515
"cz_hnscc_hpv","myeloid_cell","PRDM1","svm_rbf",0.954227745800832
"cz_hnscc_hpv","myeloid_cell","MAFF","svm_rbf",0.936126314345569
"cz_hnscc_hpv","myeloid_cell","POU5F1","svm_rbf",0.929012346633021
"cz_hnscc_hpv","myeloid_cell","BCL6","svm_rbf",0.941298434903148
"cz_hnscc_hpv","myeloid_cell","FOSL2","svm_rbf",0.945148003919047
"cz_hnscc_hpv","myeloid_cell","FOSL1","svm_rbf",0.948372153608508
"cz_hnscc_hpv","natural_killer_cell","BHLHE40","ranger_et",0.573880941039248
"cz_hnscc_hpv","natural_killer_cell","NRF1","ranger_et",0.837190135200115
"cz_hnscc_hpv","natural_killer_cell","JUND","ranger_et",0.463310159897468
"cz_hnscc_hpv","natural_killer_cell","FOS","ranger_et",0.5101072712715
"cz_hnscc_hpv","natural_killer_cell","ATF3","ranger_et",0.409050695408934
"cz_hnscc_hpv","natural_killer_cell","EGR2","ranger_et",0.836858598282681
"cz_hnscc_hpv","natural_killer_cell","MAF","ranger_et",0.867375010284797
"cz_hnscc_hpv","natural_killer_cell","ZNF350","ranger_et",0.630227209427545
"cz_hnscc_hpv","natural_killer_cell","NFKB1","ranger_et",0.76370458964554
"cz_hnscc_hpv","natural_killer_cell","KLF11","ranger_et",0.865611283696181
"cz_hnscc_hpv","natural_killer_cell","ELF3","ranger_et",0.773061970176907
"cz_hnscc_hpv","natural_killer_cell","FOXP3","ranger_et",0.579087417350795
"cz_hnscc_hpv","natural_killer_cell","REL","ranger_et",0.805009350758633
"cz_hnscc_hpv","natural_killer_cell","KLF6","ranger_et",0.31164846425751
"cz_hnscc_hpv","natural_killer_cell","MYC","ranger_et",0.584490028927875
"cz_hnscc_hpv","natural_killer_cell","CHD2","ranger_et",0.254079532868031
"cz_hnscc_hpv","natural_killer_cell","KLF15","ranger_et",0.377821239597768
"cz_hnscc_hpv","natural_killer_cell","ELF1","ranger_et",0.238592338308489
"cz_hnscc_hpv","natural_killer_cell","HIF1A","ranger_et",0.574760043429917
"cz_hnscc_hpv","natural_killer_cell","AHR","ranger_et",0.741376732481611
"cz_hnscc_hpv","natural_killer_cell","NR4A3","ranger_et",0.755814809945879
"cz_hnscc_hpv","natural_killer_cell","NR2C1","ranger_et",0.687212382137105
"cz_hnscc_hpv","natural_killer_cell","RORA","ranger_et",0.798823529522289
"cz_hnscc_hpv","natural_killer_cell","SCX","ranger_et",0.865928667417886
"cz_hnscc_hpv","natural_killer_cell","IKZF3","ranger_et",0.722028370590127
"cz_hnscc_hpv","natural_killer_cell","SMAD1","ranger_et",0.245232585855407
"cz_hnscc_hpv","natural_killer_cell","ETS2","ranger_et",0.733754576355016
"cz_hnscc_hpv","natural_killer_cell","ITGB2","ranger_et",0.762689473948662
"cz_hnscc_hpv","natural_killer_cell","SOX9","ranger_et",0.859671840924862
"cz_hnscc_hpv","natural_killer_cell","IRF4","ranger_et",0.632503970249521
"cz_hnscc_hpv","natural_killer_cell","CTCFL","ranger_et",0.221926654508718
"cz_hnscc_hpv","natural_killer_cell","IKZF1","ranger_et",0.737030929551842
"cz_hnscc_hpv","natural_killer_cell","RBPJ","ranger_et",0.840017885820507
"cz_hnscc_hpv","natural_killer_cell","EGR1","ranger_et",0.446552784668978
"cz_hnscc_hpv","natural_killer_cell","ZBTB1","ranger_et",0.266609566733634
"cz_hnscc_hpv","natural_killer_cell","ZNF331","ranger_et",0.710899245491558
"cz_hnscc_hpv","natural_killer_cell","BRF2","ranger_et",0.217056994845836
"cz_hnscc_hpv","natural_killer_cell","MYBL2","ranger_et",0.59767539064626
"cz_hnscc_hpv","natural_killer_cell","IRF7","ranger_et",0.122429546140235
"cz_hnscc_hpv","natural_killer_cell","SP100","ranger_et",0.463092020343366
"cz_hnscc_hpv","natural_killer_cell","ESR2","ranger_et",0.573359873270828
"cz_hnscc_hpv","natural_killer_cell","NR2F1","ranger_et",0.642437528973152
"cz_hnscc_hpv","natural_killer_cell","ZFP28","ranger_et",0.421435068440105
"cz_hnscc_hpv","natural_killer_cell","CUX1","ranger_et",0.586130794231768
"cz_hnscc_hpv","natural_killer_cell","ZFY","ranger_et",0.584916989354369
"cz_hnscc_hpv","natural_killer_cell","TBX19","ranger_et",0.664425950745612
"cz_hnscc_hpv","natural_killer_cell","CREM","ranger_et",0.575888781060185
"cz_hnscc_hpv","natural_killer_cell","STAT5B","ranger_et",0.651128806639856
"cz_hnscc_hpv","natural_killer_cell","IRX3","ranger_et",0.62217171802631
"cz_hnscc_hpv","natural_killer_cell","HOXA9","ranger_et",0.69216356635479
"cz_hnscc_hpv","natural_killer_cell","ASCL2","ranger_et",0.579857696448943
"cz_hnscc_hpv","natural_killer_cell","IRX2","ranger_et",0.615119742583084
"cz_hnscc_hpv","natural_killer_cell","NFATC2","ranger_et",0.649797321425853
"cz_hnscc_hpv","natural_killer_cell","NFIB","ranger_et",0.555031845205977
"cz_hnscc_hpv","natural_killer_cell","NFE2L2","ranger_et",0.567926922736974
"cz_hnscc_hpv","natural_killer_cell","GATA3","ranger_et",0.588391158673795
"cz_hnscc_hpv","natural_killer_cell","BCL11B","ranger_et",0.57092465499292
"cz_hnscc_hpv","natural_killer_cell","RFX3","ranger_et",0.539796364900537
"cz_hnscc_hpv","natural_killer_cell","SMAD2","ranger_et",0.649943416171976
"cz_hnscc_hpv","natural_killer_cell","TP73","ranger_et",0.562442704290538
"cz_hnscc_hpv","natural_killer_cell","PPARG","ranger_et",0.641294878460987
"cz_hnscc_hpv","natural_killer_cell","BDP1","ranger_et",0.56254105262358
"cz_hnscc_hpv","natural_killer_cell","FOXO3","ranger_et",0.724806089448235
"cz_hnscc_hpv","natural_killer_cell","IKZF2","ranger_et",0.8036786228076
"cz_hnscc_hpv","natural_killer_cell","NR4A2","ranger_et",0.738884798658586
"cz_hnscc_hpv","natural_killer_cell","TP63","ranger_et",0.605346229342872
"cz_hnscc_hpv","natural_killer_cell","HIVEP3","ranger_et",0.735444164849694
"cz_hnscc_hpv","natural_killer_cell","KLF2","ranger_et",0.737901044430961
"cz_hnscc_hpv","natural_killer_cell","POU3F1","ranger_et",0.679936288603083
"cz_hnscc_hpv","natural_killer_cell","STAT4","ranger_et",0.715835719055545
"cz_hnscc_hpv","natural_killer_cell","XBP1","ranger_et",0.622489006155443
"cz_hnscc_hpv","natural_killer_cell","ZBTB16","ranger_et",0.727936638730609
"cz_hnscc_hpv","natural_killer_cell","FOXC1","ranger_et",0.701567235486885
"cz_hnscc_hpv","natural_killer_cell","PRDM16","ranger_et",0.800351180155691
"cz_hnscc_hpv","natural_killer_cell","REST","ranger_et",0.708427940444854
"cz_hnscc_hpv","natural_killer_cell","FOXE1","ranger_et",0.657532730794922
"cz_hnscc_hpv","natural_killer_cell","STAT3","ranger_et",0.744201467362035
"cz_hnscc_hpv","natural_killer_cell","NR4A1","ranger_et",0.863202123109087
"cz_hnscc_hpv","natural_killer_cell","BCL11A","ranger_et",0.750173200466558
"cz_hnscc_hpv","natural_killer_cell","HOXA5","ranger_et",0.686832109325248
"cz_hnscc_hpv","natural_killer_cell","JUN","ranger_et",0.649674837854462
"cz_hnscc_hpv","natural_killer_cell","ZNF274","ranger_et",0.673207318445893
"cz_hnscc_hpv","natural_killer_cell","MAFB","ranger_et",0.648228143144216
"cz_hnscc_hpv","natural_killer_cell","IRF8","ranger_et",0.755686204788758
"cz_hnscc_hpv","natural_killer_cell","ZNF683","ranger_et",0.783232371918497
"cz_hnscc_hpv","natural_killer_cell","POLR2A","ranger_et",0.770274192530142
"cz_hnscc_hpv","natural_killer_cell","HOXB4","ranger_et",0.736100089323264
"cz_hnscc_hpv","natural_killer_cell","STAT1","ranger_et",0.420440838050661
"cz_hnscc_hpv","natural_killer_cell","TWIST1","ranger_et",0.751497642646116
"cz_hnscc_hpv","natural_killer_cell","IRF1","ranger_et",0.65851640835907
"cz_hnscc_hpv","natural_killer_cell","EOMES","ranger_et",0.681311093024243
"cz_hnscc_hpv","natural_killer_cell","MXI1","ranger_et",0.632236849941249
"cz_hnscc_hpv","natural_killer_cell","CREB1","ranger_et",0.622494417415312
"cz_hnscc_hpv","natural_killer_cell","ENO1","ranger_et",0.749811806358981
"cz_hnscc_hpv","natural_killer_cell","RUNX3","ranger_et",0.682639973689953
"cz_hnscc_hpv","natural_killer_cell","FOXN2","ranger_et",0.821262219753007
"cz_hnscc_hpv","natural_killer_cell","SOX18","ranger_et",0.858256300901721
"cz_hnscc_hpv","natural_killer_cell","ETS1","ranger_et",0.721613124891595
"cz_hnscc_hpv","natural_killer_cell","ID1","ranger_et",0.808560218974478
"cz_hnscc_hpv","natural_killer_cell","IRF9","ranger_et",0.535797925825485
"cz_hnscc_hpv","natural_killer_cell","EBF1","ranger_et",0.788024572521627
"cz_hnscc_hpv","natural_killer_cell","HES4","ranger_et",0.775818694071512
"cz_hnscc_hpv","natural_killer_cell","HEY1","ranger_et",0.747545191144243
"cz_hnscc_hpv","natural_killer_cell","POU2F2","ranger_et",0.752038653931137
"cz_hnscc_hpv","natural_killer_cell","EGR3","ranger_et",0.659000183197943
"cz_hnscc_hpv","natural_killer_cell","ID3","ranger_et",0.847183637214111
"cz_hnscc_hpv","natural_killer_cell","FOSL2","ranger_et",0.757204916447518
"cz_hnscc_hpv","natural_killer_cell","TBX2","ranger_et",0.758223209093401
"cz_hnscc_hpv","natural_killer_cell","BATF","ranger_et",0.721482050409045
"cz_hnscc_hpv","natural_killer_cell","JUNB","ranger_et",0.80034072390242
"cz_hnscc_hpv","natural_killer_cell","FOSB","ranger_et",0.72613724645669
"cz_hnscc_hpv","natural_killer_cell","ID2","ranger_et",0.791656425711918
"cz_hnscc_hpv","natural_killer_cell","ZEB1","ranger_et",0.763968123118918
"cz_hnscc_hpv","natural_killer_cell","HES1","ranger_et",0.853727943176104
"cz_hnscc_hpv","natural_killer_cell","CEBPB","ranger_et",0.757959632467869
"cz_hnscc_hpv","natural_killer_cell","MAFF","ranger_et",0.670561138735469
"cz_hnscc_hpv","natural_killer_cell","PRDM1","ranger_et",0.703187294104473
"cz_hnscc_hpv","natural_killer_cell","TAL1","ranger_et",0.742172358091524
"cz_hnscc_hpv","natural_killer_cell","BHLHE40","xgboost",0.581920376852505
"cz_hnscc_hpv","natural_killer_cell","NRF1","xgboost",0.841131475044257
"cz_hnscc_hpv","natural_killer_cell","JUND","xgboost",0.496942298707812
"cz_hnscc_hpv","natural_killer_cell","FOS","xgboost",0.520627220793354
"cz_hnscc_hpv","natural_killer_cell","ATF3","xgboost",0.454879009764141
"cz_hnscc_hpv","natural_killer_cell","EGR2","xgboost",0.84599463184193
"cz_hnscc_hpv","natural_killer_cell","MAF","xgboost",0.886833540283721
"cz_hnscc_hpv","natural_killer_cell","ZNF350","xgboost",0.648906125438944
"cz_hnscc_hpv","natural_killer_cell","NFKB1","xgboost",0.819289893035884
"cz_hnscc_hpv","natural_killer_cell","KLF11","xgboost",0.87571532961726
"cz_hnscc_hpv","natural_killer_cell","ELF3","xgboost",0.763961580298602
"cz_hnscc_hpv","natural_killer_cell","FOXP3","xgboost",0.625328450192813
"cz_hnscc_hpv","natural_killer_cell","REL","xgboost",0.830652166428515
"cz_hnscc_hpv","natural_killer_cell","KLF6","xgboost",0.368843531418257
"cz_hnscc_hpv","natural_killer_cell","MYC","xgboost",0.606681508707187
"cz_hnscc_hpv","natural_killer_cell","CHD2","xgboost",0.240109825624285
"cz_hnscc_hpv","natural_killer_cell","KLF15","xgboost",0.389360651658156
"cz_hnscc_hpv","natural_killer_cell","ELF1","xgboost",0.288421928843728
"cz_hnscc_hpv","natural_killer_cell","HIF1A","xgboost",0.553861177248127
"cz_hnscc_hpv","natural_killer_cell","AHR","xgboost",0.729417710057163
"cz_hnscc_hpv","natural_killer_cell","NR4A3","xgboost",0.785038141486922
"cz_hnscc_hpv","natural_killer_cell","NR2C1","xgboost",0.708178769028393
"cz_hnscc_hpv","natural_killer_cell","RORA","xgboost",0.80323039828425
"cz_hnscc_hpv","natural_killer_cell","SCX","xgboost",0.877779774963518
"cz_hnscc_hpv","natural_killer_cell","IKZF3","xgboost",0.711967488250603
"cz_hnscc_hpv","natural_killer_cell","SMAD1","xgboost",0.261655733745992
"cz_hnscc_hpv","natural_killer_cell","ETS2","xgboost",0.762703586913155
"cz_hnscc_hpv","natural_killer_cell","ITGB2","xgboost",0.745657269210876
"cz_hnscc_hpv","natural_killer_cell","SOX9","xgboost",0.910672068107399
"cz_hnscc_hpv","natural_killer_cell","IRF4","xgboost",0.62485102726189
"cz_hnscc_hpv","natural_killer_cell","CTCFL","xgboost",0.265196384043735
"cz_hnscc_hpv","natural_killer_cell","IKZF1","xgboost",0.740464509345489
"cz_hnscc_hpv","natural_killer_cell","RBPJ","xgboost",0.867960536632652
"cz_hnscc_hpv","natural_killer_cell","EGR1","xgboost",0.520227991088978
"cz_hnscc_hpv","natural_killer_cell","ZBTB1","xgboost",0.262666908572769
"cz_hnscc_hpv","natural_killer_cell","ZNF331","xgboost",0.751687184340682
"cz_hnscc_hpv","natural_killer_cell","BRF2","xgboost",0.199834530757907
"cz_hnscc_hpv","natural_killer_cell","MYBL2","xgboost",0.62097558098079
"cz_hnscc_hpv","natural_killer_cell","IRF7","xgboost",-0.0320597104287605
"cz_hnscc_hpv","natural_killer_cell","SP100","xgboost",0.411887449884094
"cz_hnscc_hpv","natural_killer_cell","ESR2","xgboost",0.674868427566352
"cz_hnscc_hpv","natural_killer_cell","NR2F1","xgboost",0.634120656293744
"cz_hnscc_hpv","natural_killer_cell","ZFP28","xgboost",0.436699172283022
"cz_hnscc_hpv","natural_killer_cell","CUX1","xgboost",0.634754581924243
"cz_hnscc_hpv","natural_killer_cell","ZFY","xgboost",0.665533108701075
"cz_hnscc_hpv","natural_killer_cell","TBX19","xgboost",0.759013753804549
"cz_hnscc_hpv","natural_killer_cell","CREM","xgboost",0.632207043762412
"cz_hnscc_hpv","natural_killer_cell","STAT5B","xgboost",0.701515640792274
"cz_hnscc_hpv","natural_killer_cell","IRX3","xgboost",0.572713272317676
"cz_hnscc_hpv","natural_killer_cell","HOXA9","xgboost",0.729341176106283
"cz_hnscc_hpv","natural_killer_cell","ASCL2","xgboost",0.625661158698555
"cz_hnscc_hpv","natural_killer_cell","IRX2","xgboost",0.59157696047294
"cz_hnscc_hpv","natural_killer_cell","NFATC2","xgboost",0.674012972557388
"cz_hnscc_hpv","natural_killer_cell","NFIB","xgboost",0.591354016626375
"cz_hnscc_hpv","natural_killer_cell","NFE2L2","xgboost",0.607759401757267
"cz_hnscc_hpv","natural_killer_cell","GATA3","xgboost",0.617816001241202
"cz_hnscc_hpv","natural_killer_cell","BCL11B","xgboost",0.591251172039028
"cz_hnscc_hpv","natural_killer_cell","RFX3","xgboost",0.597863412137604
"cz_hnscc_hpv","natural_killer_cell","SMAD2","xgboost",0.700543281057958
"cz_hnscc_hpv","natural_killer_cell","TP73","xgboost",0.579499977967259
"cz_hnscc_hpv","natural_killer_cell","PPARG","xgboost",0.683833877522866
"cz_hnscc_hpv","natural_killer_cell","BDP1","xgboost",0.611069360454934
"cz_hnscc_hpv","natural_killer_cell","FOXO3","xgboost",0.751019089678968
"cz_hnscc_hpv","natural_killer_cell","IKZF2","xgboost",0.824478284014111
"cz_hnscc_hpv","natural_killer_cell","NR4A2","xgboost",0.756952563424225
"cz_hnscc_hpv","natural_killer_cell","TP63","xgboost",0.622857650941206
"cz_hnscc_hpv","natural_killer_cell","HIVEP3","xgboost",0.727461214640119
"cz_hnscc_hpv","natural_killer_cell","KLF2","xgboost",0.749367566845636
"cz_hnscc_hpv","natural_killer_cell","POU3F1","xgboost",0.705750480565466
"cz_hnscc_hpv","natural_killer_cell","STAT4","xgboost",0.72751537717104
"cz_hnscc_hpv","natural_killer_cell","XBP1","xgboost",0.66846315243516
"cz_hnscc_hpv","natural_killer_cell","ZBTB16","xgboost",0.774799790854523
"cz_hnscc_hpv","natural_killer_cell","FOXC1","xgboost",0.745191481601845
"cz_hnscc_hpv","natural_killer_cell","PRDM16","xgboost",0.824595071103955
"cz_hnscc_hpv","natural_killer_cell","REST","xgboost",0.692383102548903
"cz_hnscc_hpv","natural_killer_cell","FOXE1","xgboost",0.736632158961873
"cz_hnscc_hpv","natural_killer_cell","STAT3","xgboost",0.743732650209585
"cz_hnscc_hpv","natural_killer_cell","NR4A1","xgboost",0.882480783063143
"cz_hnscc_hpv","natural_killer_cell","BCL11A","xgboost",0.764989440214077
"cz_hnscc_hpv","natural_killer_cell","HOXA5","xgboost",0.705140767756801
"cz_hnscc_hpv","natural_killer_cell","JUN","xgboost",0.720476837897234
"cz_hnscc_hpv","natural_killer_cell","ZNF274","xgboost",0.714578880038736
"cz_hnscc_hpv","natural_killer_cell","MAFB","xgboost",0.687402668425782
"cz_hnscc_hpv","natural_killer_cell","IRF8","xgboost",0.756855056305125
"cz_hnscc_hpv","natural_killer_cell","ZNF683","xgboost",0.7960468355914
"cz_hnscc_hpv","natural_killer_cell","POLR2A","xgboost",0.781399031388663
"cz_hnscc_hpv","natural_killer_cell","HOXB4","xgboost",0.809274381068272
"cz_hnscc_hpv","natural_killer_cell","STAT1","xgboost",0.37200023480993
"cz_hnscc_hpv","natural_killer_cell","TWIST1","xgboost",0.750717484449383
"cz_hnscc_hpv","natural_killer_cell","IRF1","xgboost",0.699320843616386
"cz_hnscc_hpv","natural_killer_cell","EOMES","xgboost",0.719040370471386
"cz_hnscc_hpv","natural_killer_cell","MXI1","xgboost",0.644443985033219
"cz_hnscc_hpv","natural_killer_cell","CREB1","xgboost",0.632406089231311
"cz_hnscc_hpv","natural_killer_cell","ENO1","xgboost",0.75571990455696
"cz_hnscc_hpv","natural_killer_cell","RUNX3","xgboost",0.696908112032265
"cz_hnscc_hpv","natural_killer_cell","FOXN2","xgboost",0.818409115827804
"cz_hnscc_hpv","natural_killer_cell","SOX18","xgboost",0.891782202263686
"cz_hnscc_hpv","natural_killer_cell","ETS1","xgboost",0.734250265004688
"cz_hnscc_hpv","natural_killer_cell","ID1","xgboost",0.798059109570435
"cz_hnscc_hpv","natural_killer_cell","IRF9","xgboost",0.552684493275831
"cz_hnscc_hpv","natural_killer_cell","EBF1","xgboost",0.79047972894383
"cz_hnscc_hpv","natural_killer_cell","HES4","xgboost",0.79382054753665
"cz_hnscc_hpv","natural_killer_cell","HEY1","xgboost",0.746115073054433
"cz_hnscc_hpv","natural_killer_cell","POU2F2","xgboost",0.771113539135958
"cz_hnscc_hpv","natural_killer_cell","EGR3","xgboost",0.640792940175761
"cz_hnscc_hpv","natural_killer_cell","ID3","xgboost",0.842038306275583
"cz_hnscc_hpv","natural_killer_cell","FOSL2","xgboost",0.777539790416115
"cz_hnscc_hpv","natural_killer_cell","TBX2","xgboost",0.766526057753778
"cz_hnscc_hpv","natural_killer_cell","BATF","xgboost",0.77086091041222
"cz_hnscc_hpv","natural_killer_cell","JUNB","xgboost",0.818954773475825
"cz_hnscc_hpv","natural_killer_cell","FOSB","xgboost",0.75194675561807
"cz_hnscc_hpv","natural_killer_cell","ID2","xgboost",0.7912639091543
"cz_hnscc_hpv","natural_killer_cell","ZEB1","xgboost",0.782356625666974
"cz_hnscc_hpv","natural_killer_cell","HES1","xgboost",0.853781417114075
"cz_hnscc_hpv","natural_killer_cell","CEBPB","xgboost",0.781551859977779
"cz_hnscc_hpv","natural_killer_cell","MAFF","xgboost",0.657926613244417
"cz_hnscc_hpv","natural_killer_cell","PRDM1","xgboost",0.72327952680988
"cz_hnscc_hpv","natural_killer_cell","TAL1","xgboost",0.761770116844092
"cz_hnscc_hpv","natural_killer_cell","BHLHE40","mars",0.277138709142024
"cz_hnscc_hpv","natural_killer_cell","NRF1","mars",0.798316274836296
"cz_hnscc_hpv","natural_killer_cell","JUND","mars",0.0515293092633448
"cz_hnscc_hpv","natural_killer_cell","FOS","mars",0.277040803753763
"cz_hnscc_hpv","natural_killer_cell","ATF3","mars",-0.146600068025754
"cz_hnscc_hpv","natural_killer_cell","EGR2","mars",0.77898828255553
"cz_hnscc_hpv","natural_killer_cell","MAF","mars",0.837134065660739
"cz_hnscc_hpv","natural_killer_cell","ZNF350","mars",0.405206813940879
"cz_hnscc_hpv","natural_killer_cell","NFKB1","mars",0.67743275376393
"cz_hnscc_hpv","natural_killer_cell","KLF11","mars",0.814322355986073
"cz_hnscc_hpv","natural_killer_cell","ELF3","mars",0.687302696997102
"cz_hnscc_hpv","natural_killer_cell","FOXP3","mars",0.342228832386389
"cz_hnscc_hpv","natural_killer_cell","REL","mars",0.779006643686726
"cz_hnscc_hpv","natural_killer_cell","KLF6","mars",-0.0334107697583756
"cz_hnscc_hpv","natural_killer_cell","MYC","mars",0.414238322309462
"cz_hnscc_hpv","natural_killer_cell","CHD2","mars",-0.467793244368514
"cz_hnscc_hpv","natural_killer_cell","KLF15","mars",0.0716354285801711
"cz_hnscc_hpv","natural_killer_cell","ELF1","mars",-0.325782851411693
"cz_hnscc_hpv","natural_killer_cell","HIF1A","mars",0.415016091359906
"cz_hnscc_hpv","natural_killer_cell","AHR","mars",0.520668511627467
"cz_hnscc_hpv","natural_killer_cell","NR4A3","mars",0.664304478555003
"cz_hnscc_hpv","natural_killer_cell","NR2C1","mars",0.520856370429965
"cz_hnscc_hpv","natural_killer_cell","RORA","mars",0.726175938107587
"cz_hnscc_hpv","natural_killer_cell","SCX","mars",0.788389026588017
"cz_hnscc_hpv","natural_killer_cell","IKZF3","mars",0.589414480600929
"cz_hnscc_hpv","natural_killer_cell","SMAD1","mars",-0.966631840447202
"cz_hnscc_hpv","natural_killer_cell","ETS2","mars",0.672836269307203
"cz_hnscc_hpv","natural_killer_cell","ITGB2","mars",0.633689729701099
"cz_hnscc_hpv","natural_killer_cell","SOX9","mars",0.884560354567415
"cz_hnscc_hpv","natural_killer_cell","IRF4","mars",0.463395327659006
"cz_hnscc_hpv","natural_killer_cell","CTCFL","mars",-0.222895456395258
"cz_hnscc_hpv","natural_killer_cell","IKZF1","mars",0.691903165920997
"cz_hnscc_hpv","natural_killer_cell","RBPJ","mars",0.181442187658013
"cz_hnscc_hpv","natural_killer_cell","EGR1","mars",0.344324828779522
"cz_hnscc_hpv","natural_killer_cell","ZBTB1","mars",-0.158562919488873
"cz_hnscc_hpv","natural_killer_cell","ZNF331","mars",0.558422246979789
"cz_hnscc_hpv","natural_killer_cell","BRF2","mars",-0.326871523118671
"cz_hnscc_hpv","natural_killer_cell","MYBL2","mars",0.39585447139197
"cz_hnscc_hpv","natural_killer_cell","IRF7","mars",-2.9080536936353
"cz_hnscc_hpv","natural_killer_cell","SP100","mars",0.045902001634179
"cz_hnscc_hpv","natural_killer_cell","ESR2","mars",0.439355752358265
"cz_hnscc_hpv","natural_killer_cell","NR2F1","mars",0.50898271239066
"cz_hnscc_hpv","natural_killer_cell","ZFP28","mars",-0.0762441372178468
"cz_hnscc_hpv","natural_killer_cell","CUX1","mars",0.424021985035242
"cz_hnscc_hpv","natural_killer_cell","ZFY","mars",0.365426475932796
"cz_hnscc_hpv","natural_killer_cell","TBX19","mars",0.626767367870499
"cz_hnscc_hpv","natural_killer_cell","CREM","mars",0.543336498068026
"cz_hnscc_hpv","natural_killer_cell","STAT5B","mars",0.512318066755159
"cz_hnscc_hpv","natural_killer_cell","IRX3","mars",0.379329626644399
"cz_hnscc_hpv","natural_killer_cell","HOXA9","mars",0.593244130872952
"cz_hnscc_hpv","natural_killer_cell","ASCL2","mars",0.318409841072117
"cz_hnscc_hpv","natural_killer_cell","IRX2","mars",0.326801885556217
"cz_hnscc_hpv","natural_killer_cell","NFATC2","mars",0.566276071746457
"cz_hnscc_hpv","natural_killer_cell","NFIB","mars",0.4256972385992
"cz_hnscc_hpv","natural_killer_cell","NFE2L2","mars",0.300439735347136
"cz_hnscc_hpv","natural_killer_cell","GATA3","mars",-1.88642387419535
"cz_hnscc_hpv","natural_killer_cell","BCL11B","mars",0.316361547658483
"cz_hnscc_hpv","natural_killer_cell","RFX3","mars",0.444285594962325
"cz_hnscc_hpv","natural_killer_cell","SMAD2","mars",0.526430763248954
"cz_hnscc_hpv","natural_killer_cell","TP73","mars",0.423389172193006
"cz_hnscc_hpv","natural_killer_cell","PPARG","mars",0.409128346702509
"cz_hnscc_hpv","natural_killer_cell","BDP1","mars",0.344815512275353
"cz_hnscc_hpv","natural_killer_cell","FOXO3","mars",0.612881913655007
"cz_hnscc_hpv","natural_killer_cell","IKZF2","mars",0.754638734406021
"cz_hnscc_hpv","natural_killer_cell","NR4A2","mars",0.671438999637086
"cz_hnscc_hpv","natural_killer_cell","TP63","mars",0.357526897140554
"cz_hnscc_hpv","natural_killer_cell","HIVEP3","mars",0.613610636292794
"cz_hnscc_hpv","natural_killer_cell","KLF2","mars",0.65734564870014
"cz_hnscc_hpv","natural_killer_cell","POU3F1","mars",0.56882581459931
"cz_hnscc_hpv","natural_killer_cell","STAT4","mars",0.585513966506492
"cz_hnscc_hpv","natural_killer_cell","XBP1","mars",0.390188003416758
"cz_hnscc_hpv","natural_killer_cell","ZBTB16","mars",0.687030373329001
"cz_hnscc_hpv","natural_killer_cell","FOXC1","mars",0.591117952326286
"cz_hnscc_hpv","natural_killer_cell","PRDM16","mars",0.775676753261632
"cz_hnscc_hpv","natural_killer_cell","REST","mars",0.363166149315873
"cz_hnscc_hpv","natural_killer_cell","FOXE1","mars",0.537164114776348
"cz_hnscc_hpv","natural_killer_cell","STAT3","mars",0.63617159012931
"cz_hnscc_hpv","natural_killer_cell","NR4A1","mars",0.82991640129268
"cz_hnscc_hpv","natural_killer_cell","BCL11A","mars",0.586931455418253
"cz_hnscc_hpv","natural_killer_cell","HOXA5","mars",0.537022821060095
"cz_hnscc_hpv","natural_killer_cell","JUN","mars",0.509069387036684
"cz_hnscc_hpv","natural_killer_cell","ZNF274","mars",0.582141770246887
"cz_hnscc_hpv","natural_killer_cell","MAFB","mars",0.470201119076264
"cz_hnscc_hpv","natural_killer_cell","IRF8","mars",0.599959937273752
"cz_hnscc_hpv","natural_killer_cell","ZNF683","mars",0.68749138834709
"cz_hnscc_hpv","natural_killer_cell","POLR2A","mars",0.696537372305478
"cz_hnscc_hpv","natural_killer_cell","HOXB4","mars",0.715630496865159
"cz_hnscc_hpv","natural_killer_cell","STAT1","mars",-0.0952336726885417
"cz_hnscc_hpv","natural_killer_cell","TWIST1","mars",0.572559380825927
"cz_hnscc_hpv","natural_killer_cell","IRF1","mars",0.619966261173374
"cz_hnscc_hpv","natural_killer_cell","EOMES","mars",0.477045992278579
"cz_hnscc_hpv","natural_killer_cell","MXI1","mars",0.448422472867295
"cz_hnscc_hpv","natural_killer_cell","CREB1","mars",0.424727535440577
"cz_hnscc_hpv","natural_killer_cell","ENO1","mars",0.672146981726061
"cz_hnscc_hpv","natural_killer_cell","RUNX3","mars",0.56524820093606
"cz_hnscc_hpv","natural_killer_cell","FOXN2","mars",0.570627338795528
"cz_hnscc_hpv","natural_killer_cell","SOX18","mars",0.847532108723218
"cz_hnscc_hpv","natural_killer_cell","ETS1","mars",0.627224113712892
"cz_hnscc_hpv","natural_killer_cell","ID1","mars",0.689017875919048
"cz_hnscc_hpv","natural_killer_cell","IRF9","mars",0.201550044357586
"cz_hnscc_hpv","natural_killer_cell","EBF1","mars",0.65533618364695
"cz_hnscc_hpv","natural_killer_cell","HES4","mars",0.711075412728309
"cz_hnscc_hpv","natural_killer_cell","HEY1","mars",0.605027934615645
"cz_hnscc_hpv","natural_killer_cell","POU2F2","mars",0.587002714732744
"cz_hnscc_hpv","natural_killer_cell","EGR3","mars",0.376688448595888
"cz_hnscc_hpv","natural_killer_cell","ID3","mars",0.735826326220239
"cz_hnscc_hpv","natural_killer_cell","FOSL2","mars",0.681842648915812
"cz_hnscc_hpv","natural_killer_cell","TBX2","mars",0.6610220625401
"cz_hnscc_hpv","natural_killer_cell","BATF","mars",0.586776370490144
"cz_hnscc_hpv","natural_killer_cell","JUNB","mars",0.765591701913
"cz_hnscc_hpv","natural_killer_cell","FOSB","mars",0.620739720098283
"cz_hnscc_hpv","natural_killer_cell","ID2","mars",0.739554708477566
"cz_hnscc_hpv","natural_killer_cell","ZEB1","mars",0.657627661701167
"cz_hnscc_hpv","natural_killer_cell","HES1","mars",0.766670696741614
"cz_hnscc_hpv","natural_killer_cell","CEBPB","mars",0.561011891529522
"cz_hnscc_hpv","natural_killer_cell","MAFF","mars",0.473797589457415
"cz_hnscc_hpv","natural_killer_cell","PRDM1","mars",0.5877799532115
"cz_hnscc_hpv","natural_killer_cell","TAL1","mars",0.652520297080211
"cz_hnscc_hpv","natural_killer_cell","BHLHE40","svm_rbf",0.5621519142837
"cz_hnscc_hpv","natural_killer_cell","NRF1","svm_rbf",0.825002045506619
"cz_hnscc_hpv","natural_killer_cell","JUND","svm_rbf",0.482656897941254
"cz_hnscc_hpv","natural_killer_cell","FOS","svm_rbf",0.507701201399704
"cz_hnscc_hpv","natural_killer_cell","ATF3","svm_rbf",0.439303033136071
"cz_hnscc_hpv","natural_killer_cell","EGR2","svm_rbf",0.837542820115119
"cz_hnscc_hpv","natural_killer_cell","MAF","svm_rbf",0.855520301324924
"cz_hnscc_hpv","natural_killer_cell","ZNF350","svm_rbf",0.652894499636439
"cz_hnscc_hpv","natural_killer_cell","NFKB1","svm_rbf",0.776788290779684
"cz_hnscc_hpv","natural_killer_cell","KLF11","svm_rbf",0.823792298175438
"cz_hnscc_hpv","natural_killer_cell","ELF3","svm_rbf",0.769210711554732
"cz_hnscc_hpv","natural_killer_cell","FOXP3","svm_rbf",0.606865993218274
"cz_hnscc_hpv","natural_killer_cell","REL","svm_rbf",0.805559175797845
"cz_hnscc_hpv","natural_killer_cell","KLF6","svm_rbf",0.334246064808482
"cz_hnscc_hpv","natural_killer_cell","MYC","svm_rbf",0.608571644418943
"cz_hnscc_hpv","natural_killer_cell","CHD2","svm_rbf",0.275901226277626
"cz_hnscc_hpv","natural_killer_cell","KLF15","svm_rbf",0.42776843902959
"cz_hnscc_hpv","natural_killer_cell","ELF1","svm_rbf",0.25948483918703
"cz_hnscc_hpv","natural_killer_cell","HIF1A","svm_rbf",0.548663693701706
"cz_hnscc_hpv","natural_killer_cell","AHR","svm_rbf",0.674030034801832
"cz_hnscc_hpv","natural_killer_cell","NR4A3","svm_rbf",0.718481273383522
"cz_hnscc_hpv","natural_killer_cell","NR2C1","svm_rbf",0.710258012913587
"cz_hnscc_hpv","natural_killer_cell","RORA","svm_rbf",0.777110477771163
"cz_hnscc_hpv","natural_killer_cell","SCX","svm_rbf",0.853191498496189
"cz_hnscc_hpv","natural_killer_cell","IKZF3","svm_rbf",0.715568868010901
"cz_hnscc_hpv","natural_killer_cell","SMAD1","svm_rbf",0.281122511344314
"cz_hnscc_hpv","natural_killer_cell","ETS2","svm_rbf",0.738975223667212
"cz_hnscc_hpv","natural_killer_cell","ITGB2","svm_rbf",0.729554602169985
"cz_hnscc_hpv","natural_killer_cell","SOX9","svm_rbf",0.857439413695069
"cz_hnscc_hpv","natural_killer_cell","IRF4","svm_rbf",0.637626096327975
"cz_hnscc_hpv","natural_killer_cell","CTCFL","svm_rbf",0.24327124644114
"cz_hnscc_hpv","natural_killer_cell","IKZF1","svm_rbf",0.732182663297724
"cz_hnscc_hpv","natural_killer_cell","RBPJ","svm_rbf",0.817327235139273
"cz_hnscc_hpv","natural_killer_cell","EGR1","svm_rbf",0.522545621103093
"cz_hnscc_hpv","natural_killer_cell","ZBTB1","svm_rbf",0.246645537801744
"cz_hnscc_hpv","natural_killer_cell","ZNF331","svm_rbf",0.718649669028871
"cz_hnscc_hpv","natural_killer_cell","BRF2","svm_rbf",0.256845878327208
"cz_hnscc_hpv","natural_killer_cell","MYBL2","svm_rbf",0.625911749752787
"cz_hnscc_hpv","natural_killer_cell","IRF7","svm_rbf",0.0742858077738687
"cz_hnscc_hpv","natural_killer_cell","SP100","svm_rbf",0.437122299428486
"cz_hnscc_hpv","natural_killer_cell","ESR2","svm_rbf",0.588367895001243
"cz_hnscc_hpv","natural_killer_cell","NR2F1","svm_rbf",0.633507476602998
"cz_hnscc_hpv","natural_killer_cell","ZFP28","svm_rbf",0.430400698406226
"cz_hnscc_hpv","natural_killer_cell","CUX1","svm_rbf",0.606871783325856
"cz_hnscc_hpv","natural_killer_cell","ZFY","svm_rbf",0.618599064926131
"cz_hnscc_hpv","natural_killer_cell","TBX19","svm_rbf",0.72184201305963
"cz_hnscc_hpv","natural_killer_cell","CREM","svm_rbf",0.624633625567815
"cz_hnscc_hpv","natural_killer_cell","STAT5B","svm_rbf",0.664380894141785
"cz_hnscc_hpv","natural_killer_cell","IRX3","svm_rbf",0.610133554872507
"cz_hnscc_hpv","natural_killer_cell","HOXA9","svm_rbf",0.690835708800646
"cz_hnscc_hpv","natural_killer_cell","ASCL2","svm_rbf",0.537223320265205
"cz_hnscc_hpv","natural_killer_cell","IRX2","svm_rbf",0.585592732688687
"cz_hnscc_hpv","natural_killer_cell","NFATC2","svm_rbf",0.669876437698665
"cz_hnscc_hpv","natural_killer_cell","NFIB","svm_rbf",0.546837864322886
"cz_hnscc_hpv","natural_killer_cell","NFE2L2","svm_rbf",0.604437698362164
"cz_hnscc_hpv","natural_killer_cell","GATA3","svm_rbf",0.620607489414341
"cz_hnscc_hpv","natural_killer_cell","BCL11B","svm_rbf",0.55409222540377
"cz_hnscc_hpv","natural_killer_cell","RFX3","svm_rbf",0.57992869332042
"cz_hnscc_hpv","natural_killer_cell","SMAD2","svm_rbf",0.695246621775809
"cz_hnscc_hpv","natural_killer_cell","TP73","svm_rbf",0.551791366350339
"cz_hnscc_hpv","natural_killer_cell","PPARG","svm_rbf",0.647812583406742
"cz_hnscc_hpv","natural_killer_cell","BDP1","svm_rbf",0.55853890148909
"cz_hnscc_hpv","natural_killer_cell","FOXO3","svm_rbf",0.749030435495609
"cz_hnscc_hpv","natural_killer_cell","IKZF2","svm_rbf",0.805124423426384
"cz_hnscc_hpv","natural_killer_cell","NR4A2","svm_rbf",0.756989162153343
"cz_hnscc_hpv","natural_killer_cell","TP63","svm_rbf",0.646333641930685
"cz_hnscc_hpv","natural_killer_cell","HIVEP3","svm_rbf",0.739095123202497
"cz_hnscc_hpv","natural_killer_cell","KLF2","svm_rbf",0.753715491351886
"cz_hnscc_hpv","natural_killer_cell","POU3F1","svm_rbf",0.687674022021901
"cz_hnscc_hpv","natural_killer_cell","STAT4","svm_rbf",0.702980662829553
"cz_hnscc_hpv","natural_killer_cell","XBP1","svm_rbf",0.647236258957889
"cz_hnscc_hpv","natural_killer_cell","ZBTB16","svm_rbf",0.746031407327467
"cz_hnscc_hpv","natural_killer_cell","FOXC1","svm_rbf",0.725095877477066
"cz_hnscc_hpv","natural_killer_cell","PRDM16","svm_rbf",0.804012931839416
"cz_hnscc_hpv","natural_killer_cell","REST","svm_rbf",0.70953181605225
"cz_hnscc_hpv","natural_killer_cell","FOXE1","svm_rbf",0.708514514111707
"cz_hnscc_hpv","natural_killer_cell","STAT3","svm_rbf",0.732441535529585
"cz_hnscc_hpv","natural_killer_cell","NR4A1","svm_rbf",0.82623188508024
"cz_hnscc_hpv","natural_killer_cell","BCL11A","svm_rbf",0.722247142966542
"cz_hnscc_hpv","natural_killer_cell","HOXA5","svm_rbf",0.673353741297534
"cz_hnscc_hpv","natural_killer_cell","JUN","svm_rbf",0.696655081079993
"cz_hnscc_hpv","natural_killer_cell","ZNF274","svm_rbf",0.705828832885046
"cz_hnscc_hpv","natural_killer_cell","MAFB","svm_rbf",0.687016021357086
"cz_hnscc_hpv","natural_killer_cell","IRF8","svm_rbf",0.743536306496851
"cz_hnscc_hpv","natural_killer_cell","ZNF683","svm_rbf",0.767529394990617
"cz_hnscc_hpv","natural_killer_cell","POLR2A","svm_rbf",0.742908191081755
"cz_hnscc_hpv","natural_killer_cell","HOXB4","svm_rbf",0.753620872175387
"cz_hnscc_hpv","natural_killer_cell","STAT1","svm_rbf",0.377926286239703
"cz_hnscc_hpv","natural_killer_cell","TWIST1","svm_rbf",0.731020577778788
"cz_hnscc_hpv","natural_killer_cell","IRF1","svm_rbf",0.68444607184962
"cz_hnscc_hpv","natural_killer_cell","EOMES","svm_rbf",0.69440501073981
"cz_hnscc_hpv","natural_killer_cell","MXI1","svm_rbf",0.627868977253878
"cz_hnscc_hpv","natural_killer_cell","CREB1","svm_rbf",0.640480628140853
"cz_hnscc_hpv","natural_killer_cell","ENO1","svm_rbf",0.745327737939252
"cz_hnscc_hpv","natural_killer_cell","RUNX3","svm_rbf",0.680642137982566
"cz_hnscc_hpv","natural_killer_cell","FOXN2","svm_rbf",0.813506539732427
"cz_hnscc_hpv","natural_killer_cell","SOX18","svm_rbf",0.848662895018906
"cz_hnscc_hpv","natural_killer_cell","ETS1","svm_rbf",0.735046281308274
"cz_hnscc_hpv","natural_killer_cell","ID1","svm_rbf",0.799573218935
"cz_hnscc_hpv","natural_killer_cell","IRF9","svm_rbf",0.544588750381462
"cz_hnscc_hpv","natural_killer_cell","EBF1","svm_rbf",0.769774135900758
"cz_hnscc_hpv","natural_killer_cell","HES4","svm_rbf",0.77837603701811
"cz_hnscc_hpv","natural_killer_cell","HEY1","svm_rbf",0.748201129082041
"cz_hnscc_hpv","natural_killer_cell","POU2F2","svm_rbf",0.733099147595892
"cz_hnscc_hpv","natural_killer_cell","EGR3","svm_rbf",0.629606307413718
"cz_hnscc_hpv","natural_killer_cell","ID3","svm_rbf",0.813272779459475
"cz_hnscc_hpv","natural_killer_cell","FOSL2","svm_rbf",0.760820467581821
"cz_hnscc_hpv","natural_killer_cell","TBX2","svm_rbf",0.73393492050933
"cz_hnscc_hpv","natural_killer_cell","BATF","svm_rbf",0.753409725104776
"cz_hnscc_hpv","natural_killer_cell","JUNB","svm_rbf",0.799917216574562
"cz_hnscc_hpv","natural_killer_cell","FOSB","svm_rbf",0.735876832380455
"cz_hnscc_hpv","natural_killer_cell","ID2","svm_rbf",0.782760912595874
"cz_hnscc_hpv","natural_killer_cell","ZEB1","svm_rbf",0.755417584162337
"cz_hnscc_hpv","natural_killer_cell","HES1","svm_rbf",0.834800798991116
"cz_hnscc_hpv","natural_killer_cell","CEBPB","svm_rbf",0.745610321448305
"cz_hnscc_hpv","natural_killer_cell","MAFF","svm_rbf",0.664100954994282
"cz_hnscc_hpv","natural_killer_cell","PRDM1","svm_rbf",0.70210261084021
"cz_hnscc_hpv","natural_killer_cell","TAL1","svm_rbf",0.759707135905917
"cz_hnscc_hpv","CD8_minus_positive_comma_alpha_minus_beta_T_cell","IRF1","ranger_et",0.612514892275646
"cz_hnscc_hpv","CD8_minus_positive_comma_alpha_minus_beta_T_cell","REL","ranger_et",0.492668106063993
"cz_hnscc_hpv","CD8_minus_positive_comma_alpha_minus_beta_T_cell","JUN","ranger_et",0.503523829243833
"cz_hnscc_hpv","CD8_minus_positive_comma_alpha_minus_beta_T_cell","HES7","ranger_et",0.384939058911073
"cz_hnscc_hpv","CD8_minus_positive_comma_alpha_minus_beta_T_cell","NFATC4","ranger_et",0.457606743063203
"cz_hnscc_hpv","CD8_minus_positive_comma_alpha_minus_beta_T_cell","EGR4","ranger_et",0.337870728444788
"cz_hnscc_hpv","CD8_minus_positive_comma_alpha_minus_beta_T_cell","ZFP3","ranger_et",0.423524785033168
"cz_hnscc_hpv","CD8_minus_positive_comma_alpha_minus_beta_T_cell","ELF1","ranger_et",0.421992422730289
"cz_hnscc_hpv","CD8_minus_positive_comma_alpha_minus_beta_T_cell","NFIA","ranger_et",0.425844692843344
"cz_hnscc_hpv","CD8_minus_positive_comma_alpha_minus_beta_T_cell","BATF3","ranger_et",0.436410452270278
"cz_hnscc_hpv","CD8_minus_positive_comma_alpha_minus_beta_T_cell","STAT3","ranger_et",0.429002402442894
"cz_hnscc_hpv","CD8_minus_positive_comma_alpha_minus_beta_T_cell","MAFF","ranger_et",0.5471975723087
"cz_hnscc_hpv","CD8_minus_positive_comma_alpha_minus_beta_T_cell","IRX2","ranger_et",0.608009323370917
"cz_hnscc_hpv","CD8_minus_positive_comma_alpha_minus_beta_T_cell","MYC","ranger_et",0.360406176827942
"cz_hnscc_hpv","CD8_minus_positive_comma_alpha_minus_beta_T_cell","KLF10","ranger_et",0.318739274328384
"cz_hnscc_hpv","CD8_minus_positive_comma_alpha_minus_beta_T_cell","FOSB","ranger_et",0.348178159009481
"cz_hnscc_hpv","CD8_minus_positive_comma_alpha_minus_beta_T_cell","ETV7","ranger_et",0.497536010006284
"cz_hnscc_hpv","CD8_minus_positive_comma_alpha_minus_beta_T_cell","MAFB","ranger_et",0.386954337281366
"cz_hnscc_hpv","CD8_minus_positive_comma_alpha_minus_beta_T_cell","CREB3L4","ranger_et",0.375316295546271
"cz_hnscc_hpv","CD8_minus_positive_comma_alpha_minus_beta_T_cell","BDP1","ranger_et",0.351107176637605
"cz_hnscc_hpv","CD8_minus_positive_comma_alpha_minus_beta_T_cell","ID1","ranger_et",0.351385995699385
"cz_hnscc_hpv","CD8_minus_positive_comma_alpha_minus_beta_T_cell","ELF5","ranger_et",0.392067718878759
"cz_hnscc_hpv","CD8_minus_positive_comma_alpha_minus_beta_T_cell","FOXQ1","ranger_et",0.386643797178535
"cz_hnscc_hpv","CD8_minus_positive_comma_alpha_minus_beta_T_cell","NFE2L2","ranger_et",0.360421671594705
"cz_hnscc_hpv","CD8_minus_positive_comma_alpha_minus_beta_T_cell","EGR1","ranger_et",0.338553066092812
"cz_hnscc_hpv","CD8_minus_positive_comma_alpha_minus_beta_T_cell","TBX2","ranger_et",0.367556749618115
"cz_hnscc_hpv","CD8_minus_positive_comma_alpha_minus_beta_T_cell","FOS","ranger_et",0.298659859574913
"cz_hnscc_hpv","CD8_minus_positive_comma_alpha_minus_beta_T_cell","SNAI2","ranger_et",0.355582306884561
"cz_hnscc_hpv","CD8_minus_positive_comma_alpha_minus_beta_T_cell","ETV1","ranger_et",0.351663306254614
"cz_hnscc_hpv","CD8_minus_positive_comma_alpha_minus_beta_T_cell","CEBPB","ranger_et",0.408900728035295
"cz_hnscc_hpv","CD8_minus_positive_comma_alpha_minus_beta_T_cell","ETV2","ranger_et",0.332194212934925
"cz_hnscc_hpv","CD8_minus_positive_comma_alpha_minus_beta_T_cell","FOXI1","ranger_et",0.412155156793775
"cz_hnscc_hpv","CD8_minus_positive_comma_alpha_minus_beta_T_cell","KLF9","ranger_et",0.307559932358198
"cz_hnscc_hpv","CD8_minus_positive_comma_alpha_minus_beta_T_cell","ELF3","ranger_et",0.332383265210277
"cz_hnscc_hpv","CD8_minus_positive_comma_alpha_minus_beta_T_cell","EGR2","ranger_et",0.365900398281164
"cz_hnscc_hpv","CD8_minus_positive_comma_alpha_minus_beta_T_cell","ETV4","ranger_et",0.305042994238981
"cz_hnscc_hpv","CD8_minus_positive_comma_alpha_minus_beta_T_cell","HES1","ranger_et",0.287262949993743
"cz_hnscc_hpv","CD8_minus_positive_comma_alpha_minus_beta_T_cell","JUND","ranger_et",0.332749426585896
"cz_hnscc_hpv","CD8_minus_positive_comma_alpha_minus_beta_T_cell","ETS1","ranger_et",0.282753432957199
"cz_hnscc_hpv","CD8_minus_positive_comma_alpha_minus_beta_T_cell","EOMES","ranger_et",0.451206560500325
"cz_hnscc_hpv","CD8_minus_positive_comma_alpha_minus_beta_T_cell","FOXA1","ranger_et",0.267493054654752
"cz_hnscc_hpv","CD8_minus_positive_comma_alpha_minus_beta_T_cell","EGR3","ranger_et",0.252783140974327
"cz_hnscc_hpv","CD8_minus_positive_comma_alpha_minus_beta_T_cell","NPAS3","ranger_et",0.317987538800145
"cz_hnscc_hpv","CD8_minus_positive_comma_alpha_minus_beta_T_cell","ZBTB1","ranger_et",0.247947857578781
"cz_hnscc_hpv","CD8_minus_positive_comma_alpha_minus_beta_T_cell","EHF","ranger_et",0.395670711482003
"cz_hnscc_hpv","CD8_minus_positive_comma_alpha_minus_beta_T_cell","FOXN1","ranger_et",0.25795150017674
"cz_hnscc_hpv","CD8_minus_positive_comma_alpha_minus_beta_T_cell","FOXD4L5","ranger_et",0.407830110057845
"cz_hnscc_hpv","CD8_minus_positive_comma_alpha_minus_beta_T_cell","TFEC","ranger_et",0.385708811415517
"cz_hnscc_hpv","CD8_minus_positive_comma_alpha_minus_beta_T_cell","IRX4","ranger_et",0.692849252899995
"cz_hnscc_hpv","CD8_minus_positive_comma_alpha_minus_beta_T_cell","LHX2","ranger_et",0.403650080342806
"cz_hnscc_hpv","CD8_minus_positive_comma_alpha_minus_beta_T_cell","BCL11A","ranger_et",0.534119576149805
"cz_hnscc_hpv","CD8_minus_positive_comma_alpha_minus_beta_T_cell","SOX18","ranger_et",0.485069115281049
"cz_hnscc_hpv","CD8_minus_positive_comma_alpha_minus_beta_T_cell","RBPJ","ranger_et",0.667692715288573
"cz_hnscc_hpv","CD8_minus_positive_comma_alpha_minus_beta_T_cell","NFIL3","ranger_et",0.360320165902239
"cz_hnscc_hpv","CD8_minus_positive_comma_alpha_minus_beta_T_cell","IRF7","ranger_et",0.4779571544833
"cz_hnscc_hpv","CD8_minus_positive_comma_alpha_minus_beta_T_cell","KLF7","ranger_et",0.301866944652973
"cz_hnscc_hpv","CD8_minus_positive_comma_alpha_minus_beta_T_cell","ZNF691","ranger_et",0.421436875147875
"cz_hnscc_hpv","CD8_minus_positive_comma_alpha_minus_beta_T_cell","ZNF331","ranger_et",0.59582023151831
"cz_hnscc_hpv","CD8_minus_positive_comma_alpha_minus_beta_T_cell","ASCL1","ranger_et",0.516758462400061
"cz_hnscc_hpv","CD8_minus_positive_comma_alpha_minus_beta_T_cell","MYBL2","ranger_et",0.673639139709528
"cz_hnscc_hpv","CD8_minus_positive_comma_alpha_minus_beta_T_cell","BCL11B","ranger_et",0.555848164546866
"cz_hnscc_hpv","CD8_minus_positive_comma_alpha_minus_beta_T_cell","SOX2","ranger_et",0.57455528987736
"cz_hnscc_hpv","CD8_minus_positive_comma_alpha_minus_beta_T_cell","IKZF2","ranger_et",0.615939796809432
"cz_hnscc_hpv","CD8_minus_positive_comma_alpha_minus_beta_T_cell","SCX","ranger_et",0.651412921323326
"cz_hnscc_hpv","CD8_minus_positive_comma_alpha_minus_beta_T_cell","IRF4","ranger_et",0.548018157065672
"cz_hnscc_hpv","CD8_minus_positive_comma_alpha_minus_beta_T_cell","SOX21","ranger_et",0.60369580547838
"cz_hnscc_hpv","CD8_minus_positive_comma_alpha_minus_beta_T_cell","FOSL2","ranger_et",0.622166286098084
"cz_hnscc_hpv","CD8_minus_positive_comma_alpha_minus_beta_T_cell","FOXB1","ranger_et",0.556330068102655
"cz_hnscc_hpv","CD8_minus_positive_comma_alpha_minus_beta_T_cell","IRF8","ranger_et",0.602278810086064
"cz_hnscc_hpv","CD8_minus_positive_comma_alpha_minus_beta_T_cell","NR4A1","ranger_et",0.661689416051342
"cz_hnscc_hpv","CD8_minus_positive_comma_alpha_minus_beta_T_cell","MSC","ranger_et",0.554778988244292
"cz_hnscc_hpv","CD8_minus_positive_comma_alpha_minus_beta_T_cell","JUNB","ranger_et",0.624991216218588
"cz_hnscc_hpv","CD8_minus_positive_comma_alpha_minus_beta_T_cell","HIF1A","ranger_et",0.633998938977536
"cz_hnscc_hpv","CD8_minus_positive_comma_alpha_minus_beta_T_cell","SP100","ranger_et",0.463460824674604
"cz_hnscc_hpv","CD8_minus_positive_comma_alpha_minus_beta_T_cell","NR4A3","ranger_et",0.636256270573707
"cz_hnscc_hpv","CD8_minus_positive_comma_alpha_minus_beta_T_cell","NPAS2","ranger_et",0.618618482074002
"cz_hnscc_hpv","CD8_minus_positive_comma_alpha_minus_beta_T_cell","TFDP2","ranger_et",0.492981387423056
"cz_hnscc_hpv","CD8_minus_positive_comma_alpha_minus_beta_T_cell","IKZF3","ranger_et",0.601784958339235
"cz_hnscc_hpv","CD8_minus_positive_comma_alpha_minus_beta_T_cell","RUNX3","ranger_et",0.637859166663171
"cz_hnscc_hpv","CD8_minus_positive_comma_alpha_minus_beta_T_cell","NR4A2","ranger_et",0.615311439590348
"cz_hnscc_hpv","CD8_minus_positive_comma_alpha_minus_beta_T_cell","STAT2","ranger_et",0.493658950123391
"cz_hnscc_hpv","CD8_minus_positive_comma_alpha_minus_beta_T_cell","NR3C1","ranger_et",0.600852860547027
"cz_hnscc_hpv","CD8_minus_positive_comma_alpha_minus_beta_T_cell","ID2","ranger_et",0.634706180548223
"cz_hnscc_hpv","CD8_minus_positive_comma_alpha_minus_beta_T_cell","IKZF4","ranger_et",0.567705044367203
"cz_hnscc_hpv","CD8_minus_positive_comma_alpha_minus_beta_T_cell","CREB3L1","ranger_et",0.625230862120282
"cz_hnscc_hpv","CD8_minus_positive_comma_alpha_minus_beta_T_cell","TWIST1","ranger_et",0.69664435284037
"cz_hnscc_hpv","CD8_minus_positive_comma_alpha_minus_beta_T_cell","FOXP1","ranger_et",0.703780721509549
"cz_hnscc_hpv","CD8_minus_positive_comma_alpha_minus_beta_T_cell","ZNF683","ranger_et",0.604072217598954
"cz_hnscc_hpv","CD8_minus_positive_comma_alpha_minus_beta_T_cell","ENO1","ranger_et",0.631987396820808
"cz_hnscc_hpv","CD8_minus_positive_comma_alpha_minus_beta_T_cell","FOXC1","ranger_et",0.661195674501562
"cz_hnscc_hpv","CD8_minus_positive_comma_alpha_minus_beta_T_cell","ID3","ranger_et",0.677983482025552
"cz_hnscc_hpv","CD8_minus_positive_comma_alpha_minus_beta_T_cell","BHLHE40","ranger_et",0.408437437262628
"cz_hnscc_hpv","CD8_minus_positive_comma_alpha_minus_beta_T_cell","GRHL2","ranger_et",0.587383073153351
"cz_hnscc_hpv","CD8_minus_positive_comma_alpha_minus_beta_T_cell","MLXIPL","ranger_et",0.679098288430502
"cz_hnscc_hpv","CD8_minus_positive_comma_alpha_minus_beta_T_cell","ZBTB7A","ranger_et",0.521316737285339
"cz_hnscc_hpv","CD8_minus_positive_comma_alpha_minus_beta_T_cell","GATA3","ranger_et",0.600249376257916
"cz_hnscc_hpv","CD8_minus_positive_comma_alpha_minus_beta_T_cell","NKX2-3","ranger_et",0.504800766389575
"cz_hnscc_hpv","CD8_minus_positive_comma_alpha_minus_beta_T_cell","CREB3L3","ranger_et",0.673740540136079
"cz_hnscc_hpv","CD8_minus_positive_comma_alpha_minus_beta_T_cell","KLF4","ranger_et",0.534224282579381
"cz_hnscc_hpv","CD8_minus_positive_comma_alpha_minus_beta_T_cell","IRF6","ranger_et",0.658102974784872
"cz_hnscc_hpv","CD8_minus_positive_comma_alpha_minus_beta_T_cell","BATF","ranger_et",0.635763619215695
"cz_hnscc_hpv","CD8_minus_positive_comma_alpha_minus_beta_T_cell","SALL4","ranger_et",0.57722560653357
"cz_hnscc_hpv","CD8_minus_positive_comma_alpha_minus_beta_T_cell","MEF2C","ranger_et",0.607265863946741
"cz_hnscc_hpv","CD8_minus_positive_comma_alpha_minus_beta_T_cell","PRDM1","ranger_et",0.673580805406086
"cz_hnscc_hpv","CD8_minus_positive_comma_alpha_minus_beta_T_cell","STAT1","ranger_et",0.506956974309299
"cz_hnscc_hpv","CD8_minus_positive_comma_alpha_minus_beta_T_cell","SMC3","ranger_et",0.559288262749822
"cz_hnscc_hpv","CD8_minus_positive_comma_alpha_minus_beta_T_cell","AHR","ranger_et",0.700350670488162
"cz_hnscc_hpv","CD8_minus_positive_comma_alpha_minus_beta_T_cell","POLR2A","ranger_et",0.53409707531413
"cz_hnscc_hpv","CD8_minus_positive_comma_alpha_minus_beta_T_cell","IRF9","ranger_et",0.586468314949631
"cz_hnscc_hpv","CD8_minus_positive_comma_alpha_minus_beta_T_cell","KLF2","ranger_et",0.467769896246544
"cz_hnscc_hpv","CD8_minus_positive_comma_alpha_minus_beta_T_cell","KLF1","ranger_et",0.49004221872189
"cz_hnscc_hpv","CD8_minus_positive_comma_alpha_minus_beta_T_cell","MAF","ranger_et",0.592825579847971
"cz_hnscc_hpv","CD8_minus_positive_comma_alpha_minus_beta_T_cell","TFAP2B","ranger_et",0.671696414705596
"cz_hnscc_hpv","CD8_minus_positive_comma_alpha_minus_beta_T_cell","IRF1","xgboost",0.681335585830846
"cz_hnscc_hpv","CD8_minus_positive_comma_alpha_minus_beta_T_cell","REL","xgboost",0.556808870839042
"cz_hnscc_hpv","CD8_minus_positive_comma_alpha_minus_beta_T_cell","JUN","xgboost",0.606854941863136
"cz_hnscc_hpv","CD8_minus_positive_comma_alpha_minus_beta_T_cell","HES7","xgboost",0.479019064600073
"cz_hnscc_hpv","CD8_minus_positive_comma_alpha_minus_beta_T_cell","NFATC4","xgboost",0.524749730798162
"cz_hnscc_hpv","CD8_minus_positive_comma_alpha_minus_beta_T_cell","EGR4","xgboost",0.404585445696784
"cz_hnscc_hpv","CD8_minus_positive_comma_alpha_minus_beta_T_cell","ZFP3","xgboost",0.502736151059686
"cz_hnscc_hpv","CD8_minus_positive_comma_alpha_minus_beta_T_cell","ELF1","xgboost",0.535322990594747
"cz_hnscc_hpv","CD8_minus_positive_comma_alpha_minus_beta_T_cell","NFIA","xgboost",0.478967253503973
"cz_hnscc_hpv","CD8_minus_positive_comma_alpha_minus_beta_T_cell","BATF3","xgboost",0.509879774824105
"cz_hnscc_hpv","CD8_minus_positive_comma_alpha_minus_beta_T_cell","STAT3","xgboost",0.529077147764396
"cz_hnscc_hpv","CD8_minus_positive_comma_alpha_minus_beta_T_cell","MAFF","xgboost",0.626757865797421
"cz_hnscc_hpv","CD8_minus_positive_comma_alpha_minus_beta_T_cell","IRX2","xgboost",0.645929046541968
"cz_hnscc_hpv","CD8_minus_positive_comma_alpha_minus_beta_T_cell","MYC","xgboost",0.47483190136954
"cz_hnscc_hpv","CD8_minus_positive_comma_alpha_minus_beta_T_cell","KLF10","xgboost",0.39270440308513
"cz_hnscc_hpv","CD8_minus_positive_comma_alpha_minus_beta_T_cell","FOSB","xgboost",0.453758955319444
"cz_hnscc_hpv","CD8_minus_positive_comma_alpha_minus_beta_T_cell","ETV7","xgboost",0.596606923470397
"cz_hnscc_hpv","CD8_minus_positive_comma_alpha_minus_beta_T_cell","MAFB","xgboost",0.493841073988657
"cz_hnscc_hpv","CD8_minus_positive_comma_alpha_minus_beta_T_cell","CREB3L4","xgboost",0.452938360188082
"cz_hnscc_hpv","CD8_minus_positive_comma_alpha_minus_beta_T_cell","BDP1","xgboost",0.475394960691363
"cz_hnscc_hpv","CD8_minus_positive_comma_alpha_minus_beta_T_cell","ID1","xgboost",0.469193934198849
"cz_hnscc_hpv","CD8_minus_positive_comma_alpha_minus_beta_T_cell","ELF5","xgboost",0.493563360820954
"cz_hnscc_hpv","CD8_minus_positive_comma_alpha_minus_beta_T_cell","FOXQ1","xgboost",0.514687511724848
"cz_hnscc_hpv","CD8_minus_positive_comma_alpha_minus_beta_T_cell","NFE2L2","xgboost",0.480612216354041
"cz_hnscc_hpv","CD8_minus_positive_comma_alpha_minus_beta_T_cell","EGR1","xgboost",0.500734967032043
"cz_hnscc_hpv","CD8_minus_positive_comma_alpha_minus_beta_T_cell","TBX2","xgboost",0.503468686361189
"cz_hnscc_hpv","CD8_minus_positive_comma_alpha_minus_beta_T_cell","FOS","xgboost",0.373090852211865
"cz_hnscc_hpv","CD8_minus_positive_comma_alpha_minus_beta_T_cell","SNAI2","xgboost",0.40800486373774
"cz_hnscc_hpv","CD8_minus_positive_comma_alpha_minus_beta_T_cell","ETV1","xgboost",0.473602985388083
"cz_hnscc_hpv","CD8_minus_positive_comma_alpha_minus_beta_T_cell","CEBPB","xgboost",0.537148479869518
"cz_hnscc_hpv","CD8_minus_positive_comma_alpha_minus_beta_T_cell","ETV2","xgboost",0.449320337287245
"cz_hnscc_hpv","CD8_minus_positive_comma_alpha_minus_beta_T_cell","FOXI1","xgboost",0.562285400837169
"cz_hnscc_hpv","CD8_minus_positive_comma_alpha_minus_beta_T_cell","KLF9","xgboost",0.374240480869799
"cz_hnscc_hpv","CD8_minus_positive_comma_alpha_minus_beta_T_cell","ELF3","xgboost",0.468804105283044
"cz_hnscc_hpv","CD8_minus_positive_comma_alpha_minus_beta_T_cell","EGR2","xgboost",0.464492928011641
"cz_hnscc_hpv","CD8_minus_positive_comma_alpha_minus_beta_T_cell","ETV4","xgboost",0.407338596534604
"cz_hnscc_hpv","CD8_minus_positive_comma_alpha_minus_beta_T_cell","HES1","xgboost",0.386398308831078
"cz_hnscc_hpv","CD8_minus_positive_comma_alpha_minus_beta_T_cell","JUND","xgboost",0.440516032449755
"cz_hnscc_hpv","CD8_minus_positive_comma_alpha_minus_beta_T_cell","ETS1","xgboost",0.330649741719716
"cz_hnscc_hpv","CD8_minus_positive_comma_alpha_minus_beta_T_cell","EOMES","xgboost",0.53414465837646
"cz_hnscc_hpv","CD8_minus_positive_comma_alpha_minus_beta_T_cell","FOXA1","xgboost",0.361710537956865
"cz_hnscc_hpv","CD8_minus_positive_comma_alpha_minus_beta_T_cell","EGR3","xgboost",0.335514289900935
"cz_hnscc_hpv","CD8_minus_positive_comma_alpha_minus_beta_T_cell","NPAS3","xgboost",0.450653430241829
"cz_hnscc_hpv","CD8_minus_positive_comma_alpha_minus_beta_T_cell","ZBTB1","xgboost",0.35256850464685
"cz_hnscc_hpv","CD8_minus_positive_comma_alpha_minus_beta_T_cell","EHF","xgboost",0.498443567968907
"cz_hnscc_hpv","CD8_minus_positive_comma_alpha_minus_beta_T_cell","FOXN1","xgboost",0.369391139315995
"cz_hnscc_hpv","CD8_minus_positive_comma_alpha_minus_beta_T_cell","FOXD4L5","xgboost",0.553010255561805
"cz_hnscc_hpv","CD8_minus_positive_comma_alpha_minus_beta_T_cell","TFEC","xgboost",0.43972153132298
"cz_hnscc_hpv","CD8_minus_positive_comma_alpha_minus_beta_T_cell","IRX4","xgboost",0.714218324368137
"cz_hnscc_hpv","CD8_minus_positive_comma_alpha_minus_beta_T_cell","LHX2","xgboost",0.48656545023182
"cz_hnscc_hpv","CD8_minus_positive_comma_alpha_minus_beta_T_cell","BCL11A","xgboost",0.62964361783794
"cz_hnscc_hpv","CD8_minus_positive_comma_alpha_minus_beta_T_cell","SOX18","xgboost",0.529067301410749
"cz_hnscc_hpv","CD8_minus_positive_comma_alpha_minus_beta_T_cell","RBPJ","xgboost",0.712687769886411
"cz_hnscc_hpv","CD8_minus_positive_comma_alpha_minus_beta_T_cell","NFIL3","xgboost",0.400922983875366
"cz_hnscc_hpv","CD8_minus_positive_comma_alpha_minus_beta_T_cell","IRF7","xgboost",0.56148406878488
"cz_hnscc_hpv","CD8_minus_positive_comma_alpha_minus_beta_T_cell","KLF7","xgboost",0.40710619068315
"cz_hnscc_hpv","CD8_minus_positive_comma_alpha_minus_beta_T_cell","ZNF691","xgboost",0.500072452794655
"cz_hnscc_hpv","CD8_minus_positive_comma_alpha_minus_beta_T_cell","ZNF331","xgboost",0.644231515196898
"cz_hnscc_hpv","CD8_minus_positive_comma_alpha_minus_beta_T_cell","ASCL1","xgboost",0.519911071627945
"cz_hnscc_hpv","CD8_minus_positive_comma_alpha_minus_beta_T_cell","MYBL2","xgboost",0.695822244489212
"cz_hnscc_hpv","CD8_minus_positive_comma_alpha_minus_beta_T_cell","BCL11B","xgboost",0.640645101213805
"cz_hnscc_hpv","CD8_minus_positive_comma_alpha_minus_beta_T_cell","SOX2","xgboost",0.62911493227762
"cz_hnscc_hpv","CD8_minus_positive_comma_alpha_minus_beta_T_cell","IKZF2","xgboost",0.652676919150573
"cz_hnscc_hpv","CD8_minus_positive_comma_alpha_minus_beta_T_cell","SCX","xgboost",0.671555455956932
"cz_hnscc_hpv","CD8_minus_positive_comma_alpha_minus_beta_T_cell","IRF4","xgboost",0.611385413307973
"cz_hnscc_hpv","CD8_minus_positive_comma_alpha_minus_beta_T_cell","SOX21","xgboost",0.688283467814498
"cz_hnscc_hpv","CD8_minus_positive_comma_alpha_minus_beta_T_cell","FOSL2","xgboost",0.685537789443968
"cz_hnscc_hpv","CD8_minus_positive_comma_alpha_minus_beta_T_cell","FOXB1","xgboost",0.637895423125675
"cz_hnscc_hpv","CD8_minus_positive_comma_alpha_minus_beta_T_cell","IRF8","xgboost",0.683536662369172
"cz_hnscc_hpv","CD8_minus_positive_comma_alpha_minus_beta_T_cell","NR4A1","xgboost",0.70076298590118
"cz_hnscc_hpv","CD8_minus_positive_comma_alpha_minus_beta_T_cell","MSC","xgboost",0.582856868666228
"cz_hnscc_hpv","CD8_minus_positive_comma_alpha_minus_beta_T_cell","JUNB","xgboost",0.685357652495723
"cz_hnscc_hpv","CD8_minus_positive_comma_alpha_minus_beta_T_cell","HIF1A","xgboost",0.675701583890878
"cz_hnscc_hpv","CD8_minus_positive_comma_alpha_minus_beta_T_cell","SP100","xgboost",0.523108786908764
"cz_hnscc_hpv","CD8_minus_positive_comma_alpha_minus_beta_T_cell","NR4A3","xgboost",0.66823168584005
"cz_hnscc_hpv","CD8_minus_positive_comma_alpha_minus_beta_T_cell","NPAS2","xgboost",0.693833372666679
"cz_hnscc_hpv","CD8_minus_positive_comma_alpha_minus_beta_T_cell","TFDP2","xgboost",0.565451258900198
"cz_hnscc_hpv","CD8_minus_positive_comma_alpha_minus_beta_T_cell","IKZF3","xgboost",0.633415840686649
"cz_hnscc_hpv","CD8_minus_positive_comma_alpha_minus_beta_T_cell","RUNX3","xgboost",0.68743920211679
"cz_hnscc_hpv","CD8_minus_positive_comma_alpha_minus_beta_T_cell","NR4A2","xgboost",0.656782984170782
"cz_hnscc_hpv","CD8_minus_positive_comma_alpha_minus_beta_T_cell","STAT2","xgboost",0.578608612993807
"cz_hnscc_hpv","CD8_minus_positive_comma_alpha_minus_beta_T_cell","NR3C1","xgboost",0.670687166064378
"cz_hnscc_hpv","CD8_minus_positive_comma_alpha_minus_beta_T_cell","ID2","xgboost",0.70751695661501
"cz_hnscc_hpv","CD8_minus_positive_comma_alpha_minus_beta_T_cell","IKZF4","xgboost",0.604218163136472
"cz_hnscc_hpv","CD8_minus_positive_comma_alpha_minus_beta_T_cell","CREB3L1","xgboost",0.690384624289029
"cz_hnscc_hpv","CD8_minus_positive_comma_alpha_minus_beta_T_cell","TWIST1","xgboost",0.748290736078194
"cz_hnscc_hpv","CD8_minus_positive_comma_alpha_minus_beta_T_cell","FOXP1","xgboost",0.761774845445581
"cz_hnscc_hpv","CD8_minus_positive_comma_alpha_minus_beta_T_cell","ZNF683","xgboost",0.645223724752257
"cz_hnscc_hpv","CD8_minus_positive_comma_alpha_minus_beta_T_cell","ENO1","xgboost",0.707307502686107
"cz_hnscc_hpv","CD8_minus_positive_comma_alpha_minus_beta_T_cell","FOXC1","xgboost",0.697001349521208
"cz_hnscc_hpv","CD8_minus_positive_comma_alpha_minus_beta_T_cell","ID3","xgboost",0.737807840453684
"cz_hnscc_hpv","CD8_minus_positive_comma_alpha_minus_beta_T_cell","BHLHE40","xgboost",0.456664933408445
"cz_hnscc_hpv","CD8_minus_positive_comma_alpha_minus_beta_T_cell","GRHL2","xgboost",0.613845451962704
"cz_hnscc_hpv","CD8_minus_positive_comma_alpha_minus_beta_T_cell","MLXIPL","xgboost",0.719190326915723
"cz_hnscc_hpv","CD8_minus_positive_comma_alpha_minus_beta_T_cell","ZBTB7A","xgboost",0.589096481607887
"cz_hnscc_hpv","CD8_minus_positive_comma_alpha_minus_beta_T_cell","GATA3","xgboost",0.6659404050253
"cz_hnscc_hpv","CD8_minus_positive_comma_alpha_minus_beta_T_cell","NKX2-3","xgboost",0.548917019679112
"cz_hnscc_hpv","CD8_minus_positive_comma_alpha_minus_beta_T_cell","CREB3L3","xgboost",0.728196625992148
"cz_hnscc_hpv","CD8_minus_positive_comma_alpha_minus_beta_T_cell","KLF4","xgboost",0.604676222759513
"cz_hnscc_hpv","CD8_minus_positive_comma_alpha_minus_beta_T_cell","IRF6","xgboost",0.708217080614117
"cz_hnscc_hpv","CD8_minus_positive_comma_alpha_minus_beta_T_cell","BATF","xgboost",0.711932082369462
"cz_hnscc_hpv","CD8_minus_positive_comma_alpha_minus_beta_T_cell","SALL4","xgboost",0.652687796666491
"cz_hnscc_hpv","CD8_minus_positive_comma_alpha_minus_beta_T_cell","MEF2C","xgboost",0.66159789902605
"cz_hnscc_hpv","CD8_minus_positive_comma_alpha_minus_beta_T_cell","PRDM1","xgboost",0.722452788702459
"cz_hnscc_hpv","CD8_minus_positive_comma_alpha_minus_beta_T_cell","STAT1","xgboost",0.595156436573861
"cz_hnscc_hpv","CD8_minus_positive_comma_alpha_minus_beta_T_cell","SMC3","xgboost",0.618269798239577
"cz_hnscc_hpv","CD8_minus_positive_comma_alpha_minus_beta_T_cell","AHR","xgboost",0.752512622341975
"cz_hnscc_hpv","CD8_minus_positive_comma_alpha_minus_beta_T_cell","POLR2A","xgboost",0.61072037575258
"cz_hnscc_hpv","CD8_minus_positive_comma_alpha_minus_beta_T_cell","IRF9","xgboost",0.659305264502112
"cz_hnscc_hpv","CD8_minus_positive_comma_alpha_minus_beta_T_cell","KLF2","xgboost",0.525400640892241
"cz_hnscc_hpv","CD8_minus_positive_comma_alpha_minus_beta_T_cell","KLF1","xgboost",0.567126002666495
"cz_hnscc_hpv","CD8_minus_positive_comma_alpha_minus_beta_T_cell","MAF","xgboost",0.645119698201597
"cz_hnscc_hpv","CD8_minus_positive_comma_alpha_minus_beta_T_cell","TFAP2B","xgboost",0.732494513480947
"cz_hnscc_hpv","CD8_minus_positive_comma_alpha_minus_beta_T_cell","IRF1","mars",0.576627647616468
"cz_hnscc_hpv","CD8_minus_positive_comma_alpha_minus_beta_T_cell","REL","mars",0.470558893656723
"cz_hnscc_hpv","CD8_minus_positive_comma_alpha_minus_beta_T_cell","JUN","mars",0.51445226536284
"cz_hnscc_hpv","CD8_minus_positive_comma_alpha_minus_beta_T_cell","HES7","mars",0.342580736419128
"cz_hnscc_hpv","CD8_minus_positive_comma_alpha_minus_beta_T_cell","NFATC4","mars",0.367185697717391
"cz_hnscc_hpv","CD8_minus_positive_comma_alpha_minus_beta_T_cell","EGR4","mars",0.258419809825376
"cz_hnscc_hpv","CD8_minus_positive_comma_alpha_minus_beta_T_cell","ZFP3","mars",0.128656393574572
"cz_hnscc_hpv","CD8_minus_positive_comma_alpha_minus_beta_T_cell","ELF1","mars",0.453704823123261
"cz_hnscc_hpv","CD8_minus_positive_comma_alpha_minus_beta_T_cell","NFIA","mars",0.330287896013593
"cz_hnscc_hpv","CD8_minus_positive_comma_alpha_minus_beta_T_cell","BATF3","mars",0.349194226013119
"cz_hnscc_hpv","CD8_minus_positive_comma_alpha_minus_beta_T_cell","STAT3","mars",0.449084694995337
"cz_hnscc_hpv","CD8_minus_positive_comma_alpha_minus_beta_T_cell","MAFF","mars",0.570746900331137
"cz_hnscc_hpv","CD8_minus_positive_comma_alpha_minus_beta_T_cell","IRX2","mars",0.57806948855132
"cz_hnscc_hpv","CD8_minus_positive_comma_alpha_minus_beta_T_cell","MYC","mars",0.393446604078421
"cz_hnscc_hpv","CD8_minus_positive_comma_alpha_minus_beta_T_cell","KLF10","mars",0.228340610142639
"cz_hnscc_hpv","CD8_minus_positive_comma_alpha_minus_beta_T_cell","FOSB","mars",0.304429019099051
"cz_hnscc_hpv","CD8_minus_positive_comma_alpha_minus_beta_T_cell","ETV7","mars",0.490770429679088
"cz_hnscc_hpv","CD8_minus_positive_comma_alpha_minus_beta_T_cell","MAFB","mars",0.3366435878372
"cz_hnscc_hpv","CD8_minus_positive_comma_alpha_minus_beta_T_cell","CREB3L4","mars",0.35278504803853
"cz_hnscc_hpv","CD8_minus_positive_comma_alpha_minus_beta_T_cell","BDP1","mars",0.340617470919668
"cz_hnscc_hpv","CD8_minus_positive_comma_alpha_minus_beta_T_cell","ID1","mars",0.14262518460585
"cz_hnscc_hpv","CD8_minus_positive_comma_alpha_minus_beta_T_cell","ELF5","mars",0.330797167219773
"cz_hnscc_hpv","CD8_minus_positive_comma_alpha_minus_beta_T_cell","FOXQ1","mars",0.364577149303716
"cz_hnscc_hpv","CD8_minus_positive_comma_alpha_minus_beta_T_cell","NFE2L2","mars",0.361880682996192
"cz_hnscc_hpv","CD8_minus_positive_comma_alpha_minus_beta_T_cell","EGR1","mars",0.416484157915726
"cz_hnscc_hpv","CD8_minus_positive_comma_alpha_minus_beta_T_cell","TBX2","mars",0.333917294607255
"cz_hnscc_hpv","CD8_minus_positive_comma_alpha_minus_beta_T_cell","FOS","mars",0.239394311809808
"cz_hnscc_hpv","CD8_minus_positive_comma_alpha_minus_beta_T_cell","SNAI2","mars",0.220003193563435
"cz_hnscc_hpv","CD8_minus_positive_comma_alpha_minus_beta_T_cell","ETV1","mars",0.335578604266481
"cz_hnscc_hpv","CD8_minus_positive_comma_alpha_minus_beta_T_cell","CEBPB","mars",0.418234328219287
"cz_hnscc_hpv","CD8_minus_positive_comma_alpha_minus_beta_T_cell","ETV2","mars",-1.13785853182478
"cz_hnscc_hpv","CD8_minus_positive_comma_alpha_minus_beta_T_cell","FOXI1","mars",0.458065103103831
"cz_hnscc_hpv","CD8_minus_positive_comma_alpha_minus_beta_T_cell","KLF9","mars",0.243247070495634
"cz_hnscc_hpv","CD8_minus_positive_comma_alpha_minus_beta_T_cell","ELF3","mars",0.32094818481871
"cz_hnscc_hpv","CD8_minus_positive_comma_alpha_minus_beta_T_cell","EGR2","mars",0.294473525478641
"cz_hnscc_hpv","CD8_minus_positive_comma_alpha_minus_beta_T_cell","ETV4","mars",0.275035049953613
"cz_hnscc_hpv","CD8_minus_positive_comma_alpha_minus_beta_T_cell","HES1","mars",0.190283944608683
"cz_hnscc_hpv","CD8_minus_positive_comma_alpha_minus_beta_T_cell","JUND","mars",0.0681523521303465
"cz_hnscc_hpv","CD8_minus_positive_comma_alpha_minus_beta_T_cell","ETS1","mars",0.172630954178887
"cz_hnscc_hpv","CD8_minus_positive_comma_alpha_minus_beta_T_cell","EOMES","mars",0.386045277653367
"cz_hnscc_hpv","CD8_minus_positive_comma_alpha_minus_beta_T_cell","FOXA1","mars",0.158051119037335
"cz_hnscc_hpv","CD8_minus_positive_comma_alpha_minus_beta_T_cell","EGR3","mars",0.151555638065658
"cz_hnscc_hpv","CD8_minus_positive_comma_alpha_minus_beta_T_cell","NPAS3","mars",0.354419679786768
"cz_hnscc_hpv","CD8_minus_positive_comma_alpha_minus_beta_T_cell","ZBTB1","mars",0.212930961386134
"cz_hnscc_hpv","CD8_minus_positive_comma_alpha_minus_beta_T_cell","EHF","mars",0.347987249117167
"cz_hnscc_hpv","CD8_minus_positive_comma_alpha_minus_beta_T_cell","FOXN1","mars",0.266051890921533
"cz_hnscc_hpv","CD8_minus_positive_comma_alpha_minus_beta_T_cell","FOXD4L5","mars",0.487745392470392
"cz_hnscc_hpv","CD8_minus_positive_comma_alpha_minus_beta_T_cell","TFEC","mars",0.283088987105729
"cz_hnscc_hpv","CD8_minus_positive_comma_alpha_minus_beta_T_cell","IRX4","mars",0.618533126269906
"cz_hnscc_hpv","CD8_minus_positive_comma_alpha_minus_beta_T_cell","LHX2","mars",0.33247470507114
"cz_hnscc_hpv","CD8_minus_positive_comma_alpha_minus_beta_T_cell","BCL11A","mars",0.529743104839228
"cz_hnscc_hpv","CD8_minus_positive_comma_alpha_minus_beta_T_cell","SOX18","mars",0.419362281345074
"cz_hnscc_hpv","CD8_minus_positive_comma_alpha_minus_beta_T_cell","RBPJ","mars",0.629507335023402
"cz_hnscc_hpv","CD8_minus_positive_comma_alpha_minus_beta_T_cell","NFIL3","mars",0.256412537730632
"cz_hnscc_hpv","CD8_minus_positive_comma_alpha_minus_beta_T_cell","IRF7","mars",0.275579532299412
"cz_hnscc_hpv","CD8_minus_positive_comma_alpha_minus_beta_T_cell","KLF7","mars",0.236565656803145
"cz_hnscc_hpv","CD8_minus_positive_comma_alpha_minus_beta_T_cell","ZNF691","mars",0.312365733113257
"cz_hnscc_hpv","CD8_minus_positive_comma_alpha_minus_beta_T_cell","ZNF331","mars",0.554113960847167
"cz_hnscc_hpv","CD8_minus_positive_comma_alpha_minus_beta_T_cell","ASCL1","mars",0.392283311918819
"cz_hnscc_hpv","CD8_minus_positive_comma_alpha_minus_beta_T_cell","MYBL2","mars",0.554611633883269
"cz_hnscc_hpv","CD8_minus_positive_comma_alpha_minus_beta_T_cell","BCL11B","mars",0.563064323446147
"cz_hnscc_hpv","CD8_minus_positive_comma_alpha_minus_beta_T_cell","SOX2","mars",0.545717321562304
"cz_hnscc_hpv","CD8_minus_positive_comma_alpha_minus_beta_T_cell","IKZF2","mars",0.567945344690933
"cz_hnscc_hpv","CD8_minus_positive_comma_alpha_minus_beta_T_cell","SCX","mars",0.512773867190683
"cz_hnscc_hpv","CD8_minus_positive_comma_alpha_minus_beta_T_cell","IRF4","mars",0.536383815668732
"cz_hnscc_hpv","CD8_minus_positive_comma_alpha_minus_beta_T_cell","SOX21","mars",0.56934940180064
"cz_hnscc_hpv","CD8_minus_positive_comma_alpha_minus_beta_T_cell","FOSL2","mars",0.565097705253905
"cz_hnscc_hpv","CD8_minus_positive_comma_alpha_minus_beta_T_cell","FOXB1","mars",0.531389996525314
"cz_hnscc_hpv","CD8_minus_positive_comma_alpha_minus_beta_T_cell","IRF8","mars",0.624526570009376
"cz_hnscc_hpv","CD8_minus_positive_comma_alpha_minus_beta_T_cell","NR4A1","mars",0.627763000187738
"cz_hnscc_hpv","CD8_minus_positive_comma_alpha_minus_beta_T_cell","MSC","mars",0.459264472453491
"cz_hnscc_hpv","CD8_minus_positive_comma_alpha_minus_beta_T_cell","JUNB","mars",0.584994236322932
"cz_hnscc_hpv","CD8_minus_positive_comma_alpha_minus_beta_T_cell","HIF1A","mars",0.59763918102535
"cz_hnscc_hpv","CD8_minus_positive_comma_alpha_minus_beta_T_cell","SP100","mars",0.370220530985365
"cz_hnscc_hpv","CD8_minus_positive_comma_alpha_minus_beta_T_cell","NR4A3","mars",0.559635956075859
"cz_hnscc_hpv","CD8_minus_positive_comma_alpha_minus_beta_T_cell","NPAS2","mars",0.618491069178281
"cz_hnscc_hpv","CD8_minus_positive_comma_alpha_minus_beta_T_cell","TFDP2","mars",0.43981733600087
"cz_hnscc_hpv","CD8_minus_positive_comma_alpha_minus_beta_T_cell","IKZF3","mars",0.525793093013973
"cz_hnscc_hpv","CD8_minus_positive_comma_alpha_minus_beta_T_cell","RUNX3","mars",0.613768213163841
"cz_hnscc_hpv","CD8_minus_positive_comma_alpha_minus_beta_T_cell","NR4A2","mars",0.583709298347051
"cz_hnscc_hpv","CD8_minus_positive_comma_alpha_minus_beta_T_cell","STAT2","mars",-0.0346349977801037
"cz_hnscc_hpv","CD8_minus_positive_comma_alpha_minus_beta_T_cell","NR3C1","mars",0.558646241935741
"cz_hnscc_hpv","CD8_minus_positive_comma_alpha_minus_beta_T_cell","ID2","mars",0.648801612680886
"cz_hnscc_hpv","CD8_minus_positive_comma_alpha_minus_beta_T_cell","IKZF4","mars",0.467990228701233
"cz_hnscc_hpv","CD8_minus_positive_comma_alpha_minus_beta_T_cell","CREB3L1","mars",0.615662164409408
"cz_hnscc_hpv","CD8_minus_positive_comma_alpha_minus_beta_T_cell","TWIST1","mars",0.621585349424877
"cz_hnscc_hpv","CD8_minus_positive_comma_alpha_minus_beta_T_cell","FOXP1","mars",0.692985389253578
"cz_hnscc_hpv","CD8_minus_positive_comma_alpha_minus_beta_T_cell","ZNF683","mars",0.517618035420084
"cz_hnscc_hpv","CD8_minus_positive_comma_alpha_minus_beta_T_cell","ENO1","mars",0.636722807172102
"cz_hnscc_hpv","CD8_minus_positive_comma_alpha_minus_beta_T_cell","FOXC1","mars",0.600008587394951
"cz_hnscc_hpv","CD8_minus_positive_comma_alpha_minus_beta_T_cell","ID3","mars",0.671307601645454
"cz_hnscc_hpv","CD8_minus_positive_comma_alpha_minus_beta_T_cell","BHLHE40","mars",0.327105141892746
"cz_hnscc_hpv","CD8_minus_positive_comma_alpha_minus_beta_T_cell","GRHL2","mars",0.525229441978209
"cz_hnscc_hpv","CD8_minus_positive_comma_alpha_minus_beta_T_cell","MLXIPL","mars",0.620720135484445
"cz_hnscc_hpv","CD8_minus_positive_comma_alpha_minus_beta_T_cell","ZBTB7A","mars",0.47345770327074
"cz_hnscc_hpv","CD8_minus_positive_comma_alpha_minus_beta_T_cell","GATA3","mars",0.582375238334343
"cz_hnscc_hpv","CD8_minus_positive_comma_alpha_minus_beta_T_cell","NKX2-3","mars",0.470615459815686
"cz_hnscc_hpv","CD8_minus_positive_comma_alpha_minus_beta_T_cell","CREB3L3","mars",0.648329259889583
"cz_hnscc_hpv","CD8_minus_positive_comma_alpha_minus_beta_T_cell","KLF4","mars",0.498727119468339
"cz_hnscc_hpv","CD8_minus_positive_comma_alpha_minus_beta_T_cell","IRF6","mars",0.635862863055305
"cz_hnscc_hpv","CD8_minus_positive_comma_alpha_minus_beta_T_cell","BATF","mars",0.613173242397557
"cz_hnscc_hpv","CD8_minus_positive_comma_alpha_minus_beta_T_cell","SALL4","mars",0.558897254862818
"cz_hnscc_hpv","CD8_minus_positive_comma_alpha_minus_beta_T_cell","MEF2C","mars",0.57367810393076
"cz_hnscc_hpv","CD8_minus_positive_comma_alpha_minus_beta_T_cell","PRDM1","mars",0.628948328449946
"cz_hnscc_hpv","CD8_minus_positive_comma_alpha_minus_beta_T_cell","STAT1","mars",0.225623316379151
"cz_hnscc_hpv","CD8_minus_positive_comma_alpha_minus_beta_T_cell","SMC3","mars",0.510035294192668
"cz_hnscc_hpv","CD8_minus_positive_comma_alpha_minus_beta_T_cell","AHR","mars",0.641323602504089
"cz_hnscc_hpv","CD8_minus_positive_comma_alpha_minus_beta_T_cell","POLR2A","mars",0.528995290302472
"cz_hnscc_hpv","CD8_minus_positive_comma_alpha_minus_beta_T_cell","IRF9","mars",0.558585791103246
"cz_hnscc_hpv","CD8_minus_positive_comma_alpha_minus_beta_T_cell","KLF2","mars",0.365235264872378
"cz_hnscc_hpv","CD8_minus_positive_comma_alpha_minus_beta_T_cell","KLF1","mars",0.391868687689168
"cz_hnscc_hpv","CD8_minus_positive_comma_alpha_minus_beta_T_cell","MAF","mars",0.55775538577416
"cz_hnscc_hpv","CD8_minus_positive_comma_alpha_minus_beta_T_cell","TFAP2B","mars",0.66221979976317
"cz_hnscc_hpv","CD8_minus_positive_comma_alpha_minus_beta_T_cell","IRF1","svm_rbf",0.660592064346456
"cz_hnscc_hpv","CD8_minus_positive_comma_alpha_minus_beta_T_cell","REL","svm_rbf",0.568682387143605
"cz_hnscc_hpv","CD8_minus_positive_comma_alpha_minus_beta_T_cell","JUN","svm_rbf",0.584527053375979
"cz_hnscc_hpv","CD8_minus_positive_comma_alpha_minus_beta_T_cell","HES7","svm_rbf",0.43850405317803
"cz_hnscc_hpv","CD8_minus_positive_comma_alpha_minus_beta_T_cell","NFATC4","svm_rbf",0.535330559361398
"cz_hnscc_hpv","CD8_minus_positive_comma_alpha_minus_beta_T_cell","EGR4","svm_rbf",0.425853566012584
"cz_hnscc_hpv","CD8_minus_positive_comma_alpha_minus_beta_T_cell","ZFP3","svm_rbf",0.488598045193379
"cz_hnscc_hpv","CD8_minus_positive_comma_alpha_minus_beta_T_cell","ELF1","svm_rbf",0.539139111164916
"cz_hnscc_hpv","CD8_minus_positive_comma_alpha_minus_beta_T_cell","NFIA","svm_rbf",0.489627468307927
"cz_hnscc_hpv","CD8_minus_positive_comma_alpha_minus_beta_T_cell","BATF3","svm_rbf",0.515016495409418
"cz_hnscc_hpv","CD8_minus_positive_comma_alpha_minus_beta_T_cell","STAT3","svm_rbf",0.546813210978604
"cz_hnscc_hpv","CD8_minus_positive_comma_alpha_minus_beta_T_cell","MAFF","svm_rbf",0.619828952887927
"cz_hnscc_hpv","CD8_minus_positive_comma_alpha_minus_beta_T_cell","IRX2","svm_rbf",0.640999893662425
"cz_hnscc_hpv","CD8_minus_positive_comma_alpha_minus_beta_T_cell","MYC","svm_rbf",0.492642465505962
"cz_hnscc_hpv","CD8_minus_positive_comma_alpha_minus_beta_T_cell","KLF10","svm_rbf",0.36625191118886
"cz_hnscc_hpv","CD8_minus_positive_comma_alpha_minus_beta_T_cell","FOSB","svm_rbf",0.417414703243747
"cz_hnscc_hpv","CD8_minus_positive_comma_alpha_minus_beta_T_cell","ETV7","svm_rbf",0.618917935766478
"cz_hnscc_hpv","CD8_minus_positive_comma_alpha_minus_beta_T_cell","MAFB","svm_rbf",0.515839717048142
"cz_hnscc_hpv","CD8_minus_positive_comma_alpha_minus_beta_T_cell","CREB3L4","svm_rbf",0.446340152554995
"cz_hnscc_hpv","CD8_minus_positive_comma_alpha_minus_beta_T_cell","BDP1","svm_rbf",0.481732035904138
"cz_hnscc_hpv","CD8_minus_positive_comma_alpha_minus_beta_T_cell","ID1","svm_rbf",0.39880164565224
"cz_hnscc_hpv","CD8_minus_positive_comma_alpha_minus_beta_T_cell","ELF5","svm_rbf",0.512248260287304
"cz_hnscc_hpv","CD8_minus_positive_comma_alpha_minus_beta_T_cell","FOXQ1","svm_rbf",0.451070584835328
"cz_hnscc_hpv","CD8_minus_positive_comma_alpha_minus_beta_T_cell","NFE2L2","svm_rbf",0.479278254383745
"cz_hnscc_hpv","CD8_minus_positive_comma_alpha_minus_beta_T_cell","EGR1","svm_rbf",0.456949758275247
"cz_hnscc_hpv","CD8_minus_positive_comma_alpha_minus_beta_T_cell","TBX2","svm_rbf",0.494974596575916
"cz_hnscc_hpv","CD8_minus_positive_comma_alpha_minus_beta_T_cell","FOS","svm_rbf",0.381536731679185
"cz_hnscc_hpv","CD8_minus_positive_comma_alpha_minus_beta_T_cell","SNAI2","svm_rbf",0.418812252488118
"cz_hnscc_hpv","CD8_minus_positive_comma_alpha_minus_beta_T_cell","ETV1","svm_rbf",0.47317050524239
"cz_hnscc_hpv","CD8_minus_positive_comma_alpha_minus_beta_T_cell","CEBPB","svm_rbf",0.547042688817272
"cz_hnscc_hpv","CD8_minus_positive_comma_alpha_minus_beta_T_cell","ETV2","svm_rbf",0.452921012003455
"cz_hnscc_hpv","CD8_minus_positive_comma_alpha_minus_beta_T_cell","FOXI1","svm_rbf",0.550890094453033
"cz_hnscc_hpv","CD8_minus_positive_comma_alpha_minus_beta_T_cell","KLF9","svm_rbf",0.399338853741969
"cz_hnscc_hpv","CD8_minus_positive_comma_alpha_minus_beta_T_cell","ELF3","svm_rbf",0.467878101180163
"cz_hnscc_hpv","CD8_minus_positive_comma_alpha_minus_beta_T_cell","EGR2","svm_rbf",0.470301025568599
"cz_hnscc_hpv","CD8_minus_positive_comma_alpha_minus_beta_T_cell","ETV4","svm_rbf",0.413119003752188
"cz_hnscc_hpv","CD8_minus_positive_comma_alpha_minus_beta_T_cell","HES1","svm_rbf",0.365474914283277
"cz_hnscc_hpv","CD8_minus_positive_comma_alpha_minus_beta_T_cell","JUND","svm_rbf",0.445692324190394
"cz_hnscc_hpv","CD8_minus_positive_comma_alpha_minus_beta_T_cell","ETS1","svm_rbf",0.354893860021856
"cz_hnscc_hpv","CD8_minus_positive_comma_alpha_minus_beta_T_cell","EOMES","svm_rbf",0.554150421448329
"cz_hnscc_hpv","CD8_minus_positive_comma_alpha_minus_beta_T_cell","FOXA1","svm_rbf",0.321402445936596
"cz_hnscc_hpv","CD8_minus_positive_comma_alpha_minus_beta_T_cell","EGR3","svm_rbf",0.347548400630574
"cz_hnscc_hpv","CD8_minus_positive_comma_alpha_minus_beta_T_cell","NPAS3","svm_rbf",0.430401875041934
"cz_hnscc_hpv","CD8_minus_positive_comma_alpha_minus_beta_T_cell","ZBTB1","svm_rbf",0.344134350547586
"cz_hnscc_hpv","CD8_minus_positive_comma_alpha_minus_beta_T_cell","EHF","svm_rbf",0.5318102424518
"cz_hnscc_hpv","CD8_minus_positive_comma_alpha_minus_beta_T_cell","FOXN1","svm_rbf",0.348108158340734
"cz_hnscc_hpv","CD8_minus_positive_comma_alpha_minus_beta_T_cell","FOXD4L5","svm_rbf",0.551148182231106
"cz_hnscc_hpv","CD8_minus_positive_comma_alpha_minus_beta_T_cell","TFEC","svm_rbf",0.474356498604453
"cz_hnscc_hpv","CD8_minus_positive_comma_alpha_minus_beta_T_cell","IRX4","svm_rbf",0.698888510772201
"cz_hnscc_hpv","CD8_minus_positive_comma_alpha_minus_beta_T_cell","LHX2","svm_rbf",0.515956885181565
"cz_hnscc_hpv","CD8_minus_positive_comma_alpha_minus_beta_T_cell","BCL11A","svm_rbf",0.65844250118812
"cz_hnscc_hpv","CD8_minus_positive_comma_alpha_minus_beta_T_cell","SOX18","svm_rbf",0.564539843712174
"cz_hnscc_hpv","CD8_minus_positive_comma_alpha_minus_beta_T_cell","RBPJ","svm_rbf",0.697586300103649
"cz_hnscc_hpv","CD8_minus_positive_comma_alpha_minus_beta_T_cell","NFIL3","svm_rbf",0.441410279634349
"cz_hnscc_hpv","CD8_minus_positive_comma_alpha_minus_beta_T_cell","IRF7","svm_rbf",0.284325176353313
"cz_hnscc_hpv","CD8_minus_positive_comma_alpha_minus_beta_T_cell","KLF7","svm_rbf",0.394219631325966
"cz_hnscc_hpv","CD8_minus_positive_comma_alpha_minus_beta_T_cell","ZNF691","svm_rbf",0.450676048527257
"cz_hnscc_hpv","CD8_minus_positive_comma_alpha_minus_beta_T_cell","ZNF331","svm_rbf",0.656356879851365
"cz_hnscc_hpv","CD8_minus_positive_comma_alpha_minus_beta_T_cell","ASCL1","svm_rbf",0.51378618778496
"cz_hnscc_hpv","CD8_minus_positive_comma_alpha_minus_beta_T_cell","MYBL2","svm_rbf",0.723041222054781
"cz_hnscc_hpv","CD8_minus_positive_comma_alpha_minus_beta_T_cell","BCL11B","svm_rbf",0.643444787589695
"cz_hnscc_hpv","CD8_minus_positive_comma_alpha_minus_beta_T_cell","SOX2","svm_rbf",0.632098824828853
"cz_hnscc_hpv","CD8_minus_positive_comma_alpha_minus_beta_T_cell","IKZF2","svm_rbf",0.64261839677976
"cz_hnscc_hpv","CD8_minus_positive_comma_alpha_minus_beta_T_cell","SCX","svm_rbf",0.677213824014871
"cz_hnscc_hpv","CD8_minus_positive_comma_alpha_minus_beta_T_cell","IRF4","svm_rbf",0.628086700005572
"cz_hnscc_hpv","CD8_minus_positive_comma_alpha_minus_beta_T_cell","SOX21","svm_rbf",0.677444647063065
"cz_hnscc_hpv","CD8_minus_positive_comma_alpha_minus_beta_T_cell","FOSL2","svm_rbf",0.673233082821061
"cz_hnscc_hpv","CD8_minus_positive_comma_alpha_minus_beta_T_cell","FOXB1","svm_rbf",0.623660424636337
"cz_hnscc_hpv","CD8_minus_positive_comma_alpha_minus_beta_T_cell","IRF8","svm_rbf",0.710211089540335
"cz_hnscc_hpv","CD8_minus_positive_comma_alpha_minus_beta_T_cell","NR4A1","svm_rbf",0.731183992081779
"cz_hnscc_hpv","CD8_minus_positive_comma_alpha_minus_beta_T_cell","MSC","svm_rbf",0.588274724022869
"cz_hnscc_hpv","CD8_minus_positive_comma_alpha_minus_beta_T_cell","JUNB","svm_rbf",0.696967152587845
"cz_hnscc_hpv","CD8_minus_positive_comma_alpha_minus_beta_T_cell","HIF1A","svm_rbf",0.656258029267652
"cz_hnscc_hpv","CD8_minus_positive_comma_alpha_minus_beta_T_cell","SP100","svm_rbf",0.519938442956462
"cz_hnscc_hpv","CD8_minus_positive_comma_alpha_minus_beta_T_cell","NR4A3","svm_rbf",0.721705984430343
"cz_hnscc_hpv","CD8_minus_positive_comma_alpha_minus_beta_T_cell","NPAS2","svm_rbf",0.708013692319712
"cz_hnscc_hpv","CD8_minus_positive_comma_alpha_minus_beta_T_cell","TFDP2","svm_rbf",0.533048430589766
"cz_hnscc_hpv","CD8_minus_positive_comma_alpha_minus_beta_T_cell","IKZF3","svm_rbf",0.619680186249776
"cz_hnscc_hpv","CD8_minus_positive_comma_alpha_minus_beta_T_cell","RUNX3","svm_rbf",0.696283190221137
"cz_hnscc_hpv","CD8_minus_positive_comma_alpha_minus_beta_T_cell","NR4A2","svm_rbf",0.676235663779576
"cz_hnscc_hpv","CD8_minus_positive_comma_alpha_minus_beta_T_cell","STAT2","svm_rbf",0.401033291477066
"cz_hnscc_hpv","CD8_minus_positive_comma_alpha_minus_beta_T_cell","NR3C1","svm_rbf",0.660364328890569
"cz_hnscc_hpv","CD8_minus_positive_comma_alpha_minus_beta_T_cell","ID2","svm_rbf",0.67449969403272
"cz_hnscc_hpv","CD8_minus_positive_comma_alpha_minus_beta_T_cell","IKZF4","svm_rbf",0.568959684777449
"cz_hnscc_hpv","CD8_minus_positive_comma_alpha_minus_beta_T_cell","CREB3L1","svm_rbf",0.643328092639863
"cz_hnscc_hpv","CD8_minus_positive_comma_alpha_minus_beta_T_cell","TWIST1","svm_rbf",0.720467677637803
"cz_hnscc_hpv","CD8_minus_positive_comma_alpha_minus_beta_T_cell","FOXP1","svm_rbf",0.748474195080185
"cz_hnscc_hpv","CD8_minus_positive_comma_alpha_minus_beta_T_cell","ZNF683","svm_rbf",0.651542669781941
"cz_hnscc_hpv","CD8_minus_positive_comma_alpha_minus_beta_T_cell","ENO1","svm_rbf",0.686227636294705
"cz_hnscc_hpv","CD8_minus_positive_comma_alpha_minus_beta_T_cell","FOXC1","svm_rbf",0.703486921311449
"cz_hnscc_hpv","CD8_minus_positive_comma_alpha_minus_beta_T_cell","ID3","svm_rbf",0.713483856193554
"cz_hnscc_hpv","CD8_minus_positive_comma_alpha_minus_beta_T_cell","BHLHE40","svm_rbf",0.475288847570621
"cz_hnscc_hpv","CD8_minus_positive_comma_alpha_minus_beta_T_cell","GRHL2","svm_rbf",0.643547091473069
"cz_hnscc_hpv","CD8_minus_positive_comma_alpha_minus_beta_T_cell","MLXIPL","svm_rbf",0.710736286677069
"cz_hnscc_hpv","CD8_minus_positive_comma_alpha_minus_beta_T_cell","ZBTB7A","svm_rbf",0.574810458823253
"cz_hnscc_hpv","CD8_minus_positive_comma_alpha_minus_beta_T_cell","GATA3","svm_rbf",0.638138802787444
"cz_hnscc_hpv","CD8_minus_positive_comma_alpha_minus_beta_T_cell","NKX2-3","svm_rbf",0.543061747859552
"cz_hnscc_hpv","CD8_minus_positive_comma_alpha_minus_beta_T_cell","CREB3L3","svm_rbf",0.698986181958814
"cz_hnscc_hpv","CD8_minus_positive_comma_alpha_minus_beta_T_cell","KLF4","svm_rbf",0.550830892902165
"cz_hnscc_hpv","CD8_minus_positive_comma_alpha_minus_beta_T_cell","IRF6","svm_rbf",0.683756650863605
"cz_hnscc_hpv","CD8_minus_positive_comma_alpha_minus_beta_T_cell","BATF","svm_rbf",0.687758792789236
"cz_hnscc_hpv","CD8_minus_positive_comma_alpha_minus_beta_T_cell","SALL4","svm_rbf",0.635369413390483
"cz_hnscc_hpv","CD8_minus_positive_comma_alpha_minus_beta_T_cell","MEF2C","svm_rbf",0.620317055092569
"cz_hnscc_hpv","CD8_minus_positive_comma_alpha_minus_beta_T_cell","PRDM1","svm_rbf",0.700580230202982
"cz_hnscc_hpv","CD8_minus_positive_comma_alpha_minus_beta_T_cell","STAT1","svm_rbf",0.411490477724522
"cz_hnscc_hpv","CD8_minus_positive_comma_alpha_minus_beta_T_cell","SMC3","svm_rbf",0.60579657154687
"cz_hnscc_hpv","CD8_minus_positive_comma_alpha_minus_beta_T_cell","AHR","svm_rbf",0.718503530211138
"cz_hnscc_hpv","CD8_minus_positive_comma_alpha_minus_beta_T_cell","POLR2A","svm_rbf",0.589493661084828
"cz_hnscc_hpv","CD8_minus_positive_comma_alpha_minus_beta_T_cell","IRF9","svm_rbf",0.618855533101367
"cz_hnscc_hpv","CD8_minus_positive_comma_alpha_minus_beta_T_cell","KLF2","svm_rbf",0.52136207459277
"cz_hnscc_hpv","CD8_minus_positive_comma_alpha_minus_beta_T_cell","KLF1","svm_rbf",0.530562750125664
"cz_hnscc_hpv","CD8_minus_positive_comma_alpha_minus_beta_T_cell","MAF","svm_rbf",0.638809314153856
"cz_hnscc_hpv","CD8_minus_positive_comma_alpha_minus_beta_T_cell","TFAP2B","svm_rbf",0.702846498999687
"cz_hnscc_hpv","plasma_cell","ID2","ranger_et",0.620942653597667
"cz_hnscc_hpv","plasma_cell","KLF6","ranger_et",0.655085744610875
"cz_hnscc_hpv","plasma_cell","JUND","ranger_et",0.688116415031052
"cz_hnscc_hpv","plasma_cell","NR4A2","ranger_et",0.60359146779879
"cz_hnscc_hpv","plasma_cell","BACH2","ranger_et",0.661245812123238
"cz_hnscc_hpv","plasma_cell","PRDM1","ranger_et",0.654435570052541
"cz_hnscc_hpv","plasma_cell","MAFK","ranger_et",0.597461967006428
"cz_hnscc_hpv","plasma_cell","NR4A1","ranger_et",0.646506194093959
"cz_hnscc_hpv","plasma_cell","GRHL1","ranger_et",0.61570269802346
"cz_hnscc_hpv","plasma_cell","BHLHE40","ranger_et",0.640231748760765
"cz_hnscc_hpv","plasma_cell","HES4","ranger_et",0.587356020783765
"cz_hnscc_hpv","plasma_cell","FOXO3","ranger_et",0.662590255458203
"cz_hnscc_hpv","plasma_cell","XBP1","ranger_et",0.635026144093739
"cz_hnscc_hpv","plasma_cell","HIVEP3","ranger_et",0.618273463493484
"cz_hnscc_hpv","plasma_cell","FOSB","ranger_et",0.628675548918005
"cz_hnscc_hpv","plasma_cell","KLF5","ranger_et",0.499014574987581
"cz_hnscc_hpv","plasma_cell","JUNB","ranger_et",0.61786560753134
"cz_hnscc_hpv","plasma_cell","HES5","ranger_et",0.616155277032542
"cz_hnscc_hpv","plasma_cell","SPIB","ranger_et",0.663586550567197
"cz_hnscc_hpv","plasma_cell","NFKB1","ranger_et",0.628330569494921
"cz_hnscc_hpv","plasma_cell","EHF","ranger_et",0.48866615826287
"cz_hnscc_hpv","plasma_cell","FOXQ1","ranger_et",0.525216241529376
"cz_hnscc_hpv","plasma_cell","SP6","ranger_et",0.572205909503882
"cz_hnscc_hpv","plasma_cell","CEBPB","ranger_et",0.511078018332848
"cz_hnscc_hpv","plasma_cell","TFCP2","ranger_et",0.574318322459223
"cz_hnscc_hpv","plasma_cell","ETS1","ranger_et",0.50565546998087
"cz_hnscc_hpv","plasma_cell","POU2F2","ranger_et",0.670912260934231
"cz_hnscc_hpv","plasma_cell","TFAP2B","ranger_et",0.476564316381329
"cz_hnscc_hpv","plasma_cell","SP2","ranger_et",0.509111536528455
"cz_hnscc_hpv","plasma_cell","ZFP57","ranger_et",0.505399240578245
"cz_hnscc_hpv","plasma_cell","FOXJ1","ranger_et",0.590522893053084
"cz_hnscc_hpv","plasma_cell","ZNF331","ranger_et",0.603846368397801
"cz_hnscc_hpv","plasma_cell","HINFP","ranger_et",0.504241328131594
"cz_hnscc_hpv","plasma_cell","ERG","ranger_et",0.484877984624411
"cz_hnscc_hpv","plasma_cell","NPAS2","ranger_et",0.499693162051041
"cz_hnscc_hpv","plasma_cell","MAFF","ranger_et",0.566003147761484
"cz_hnscc_hpv","plasma_cell","CREM","ranger_et",0.590378241655003
"cz_hnscc_hpv","plasma_cell","NFATC1","ranger_et",0.582843806916158
"cz_hnscc_hpv","plasma_cell","HOXB2","ranger_et",0.611525319149105
"cz_hnscc_hpv","plasma_cell","PLAGL1","ranger_et",0.520615665105833
"cz_hnscc_hpv","plasma_cell","KLF14","ranger_et",0.60609532039813
"cz_hnscc_hpv","plasma_cell","EGR1","ranger_et",0.585907633021514
"cz_hnscc_hpv","plasma_cell","CTCFL","ranger_et",0.609016024000176
"cz_hnscc_hpv","plasma_cell","EGR3","ranger_et",0.615185593426801
"cz_hnscc_hpv","plasma_cell","AHR","ranger_et",0.57529614745188
"cz_hnscc_hpv","plasma_cell","TCF12","ranger_et",0.662806188933567
"cz_hnscc_hpv","plasma_cell","FOXN1","ranger_et",0.518143221794219
"cz_hnscc_hpv","plasma_cell","REL","ranger_et",0.635999525243745
"cz_hnscc_hpv","plasma_cell","HES1","ranger_et",0.500691349998186
"cz_hnscc_hpv","plasma_cell","PURA","ranger_et",0.673331870056671
"cz_hnscc_hpv","plasma_cell","MAFB","ranger_et",0.630851410083957
"cz_hnscc_hpv","plasma_cell","IRF4","ranger_et",0.599431122610603
"cz_hnscc_hpv","plasma_cell","HOXA6","ranger_et",0.61170195957699
"cz_hnscc_hpv","plasma_cell","PATZ1","ranger_et",0.538050854742807
"cz_hnscc_hpv","plasma_cell","IRF6","ranger_et",0.497902224760346
"cz_hnscc_hpv","plasma_cell","GATA2","ranger_et",0.504351802252706
"cz_hnscc_hpv","plasma_cell","ID1","ranger_et",0.530700556042603
"cz_hnscc_hpv","plasma_cell","IRF1","ranger_et",0.680032806204042
"cz_hnscc_hpv","plasma_cell","KLF4","ranger_et",0.626537885371622
"cz_hnscc_hpv","plasma_cell","E2F2","ranger_et",0.506356138928516
"cz_hnscc_hpv","plasma_cell","BDP1","ranger_et",0.573372717177723
"cz_hnscc_hpv","plasma_cell","JUN","ranger_et",0.566788043597421
"cz_hnscc_hpv","plasma_cell","ZNF770","ranger_et",0.529231737470142
"cz_hnscc_hpv","plasma_cell","FOXP1","ranger_et",0.578321690547514
"cz_hnscc_hpv","plasma_cell","VDR","ranger_et",0.533204908713151
"cz_hnscc_hpv","plasma_cell","POU5F1","ranger_et",0.650933852611235
"cz_hnscc_hpv","plasma_cell","FOXE1","ranger_et",0.52141851284852
"cz_hnscc_hpv","plasma_cell","TWIST2","ranger_et",0.604224412855684
"cz_hnscc_hpv","plasma_cell","TBP","ranger_et",0.538872743491242
"cz_hnscc_hpv","plasma_cell","ELF3","ranger_et",0.520389339741994
"cz_hnscc_hpv","plasma_cell","ZIC5","ranger_et",0.525896988809726
"cz_hnscc_hpv","plasma_cell","MAFA","ranger_et",0.549698592438976
"cz_hnscc_hpv","plasma_cell","KLF2","ranger_et",0.500592774412503
"cz_hnscc_hpv","plasma_cell","UBP1","ranger_et",0.582389542563967
"cz_hnscc_hpv","plasma_cell","TCFL5","ranger_et",0.502126557586655
"cz_hnscc_hpv","plasma_cell","RORC","ranger_et",0.606443828072085
"cz_hnscc_hpv","plasma_cell","RUNX1","ranger_et",0.645097861545704
"cz_hnscc_hpv","plasma_cell","BCL11B","ranger_et",0.584446618387002
"cz_hnscc_hpv","plasma_cell","FOS","ranger_et",0.485147909921701
"cz_hnscc_hpv","plasma_cell","NR1H4","ranger_et",0.63070006902514
"cz_hnscc_hpv","plasma_cell","FOXS1","ranger_et",0.586108917955237
"cz_hnscc_hpv","plasma_cell","LYL1","ranger_et",0.579510121480738
"cz_hnscc_hpv","plasma_cell","NR2F2","ranger_et",0.526622138586586
"cz_hnscc_hpv","plasma_cell","HES2","ranger_et",0.510749110133261
"cz_hnscc_hpv","plasma_cell","ETS2","ranger_et",0.481865694156008
"cz_hnscc_hpv","plasma_cell","LHX2","ranger_et",0.595866405939107
"cz_hnscc_hpv","plasma_cell","TBX2","ranger_et",0.563874553524797
"cz_hnscc_hpv","plasma_cell","STAT4","ranger_et",0.551863056731892
"cz_hnscc_hpv","plasma_cell","ARHGEF12","ranger_et",0.429713801040911
"cz_hnscc_hpv","plasma_cell","CBX5","ranger_et",0.476129998659716
"cz_hnscc_hpv","plasma_cell","TP53","ranger_et",0.567803289575063
"cz_hnscc_hpv","plasma_cell","SETDB1","ranger_et",0.4783816405459
"cz_hnscc_hpv","plasma_cell","WT1","ranger_et",0.526018182961759
"cz_hnscc_hpv","plasma_cell","PRDM11","ranger_et",0.526547161101373
"cz_hnscc_hpv","plasma_cell","PPARD","ranger_et",0.592332418865838
"cz_hnscc_hpv","plasma_cell","TP63","ranger_et",0.485987794865357
"cz_hnscc_hpv","plasma_cell","ZNF449","ranger_et",0.563990118332295
"cz_hnscc_hpv","plasma_cell","POU3F1","ranger_et",0.535860731644445
"cz_hnscc_hpv","plasma_cell","NR3C2","ranger_et",0.51917599088715
"cz_hnscc_hpv","plasma_cell","NFIA","ranger_et",0.542181899697759
"cz_hnscc_hpv","plasma_cell","E2F6","ranger_et",0.540190557058202
"cz_hnscc_hpv","plasma_cell","ID3","ranger_et",0.522338807311383
"cz_hnscc_hpv","plasma_cell","NFYB","ranger_et",0.565266769854835
"cz_hnscc_hpv","plasma_cell","SNAI1","ranger_et",0.566267708083841
"cz_hnscc_hpv","plasma_cell","EGR2","ranger_et",0.56209533483506
"cz_hnscc_hpv","plasma_cell","TEAD1","ranger_et",0.472278282440583
"cz_hnscc_hpv","plasma_cell","ZNF436","ranger_et",0.456319022648381
"cz_hnscc_hpv","plasma_cell","POLR2A","ranger_et",0.643351927227392
"cz_hnscc_hpv","plasma_cell","TBX1","ranger_et",0.578549167942692
"cz_hnscc_hpv","plasma_cell","RFX8","ranger_et",0.431790478038903
"cz_hnscc_hpv","plasma_cell","IKZF1","ranger_et",0.435786241469122
"cz_hnscc_hpv","plasma_cell","YBX1","ranger_et",0.522931674459767
"cz_hnscc_hpv","plasma_cell","SOX9","ranger_et",0.295084480211841
"cz_hnscc_hpv","plasma_cell","ID2","xgboost",0.658277292468889
"cz_hnscc_hpv","plasma_cell","KLF6","xgboost",0.685553042626158
"cz_hnscc_hpv","plasma_cell","JUND","xgboost",0.70520260567341
"cz_hnscc_hpv","plasma_cell","NR4A2","xgboost",0.632166859751402
"cz_hnscc_hpv","plasma_cell","BACH2","xgboost",0.692744541741663
"cz_hnscc_hpv","plasma_cell","PRDM1","xgboost",0.670699355664369
"cz_hnscc_hpv","plasma_cell","MAFK","xgboost",0.623569876958215
"cz_hnscc_hpv","plasma_cell","NR4A1","xgboost",0.684949877801195
"cz_hnscc_hpv","plasma_cell","GRHL1","xgboost",0.647390001573378
"cz_hnscc_hpv","plasma_cell","BHLHE40","xgboost",0.670130138506597
"cz_hnscc_hpv","plasma_cell","HES4","xgboost",0.657506328855427
"cz_hnscc_hpv","plasma_cell","FOXO3","xgboost",0.683305475261708
"cz_hnscc_hpv","plasma_cell","XBP1","xgboost",0.655695604468863
"cz_hnscc_hpv","plasma_cell","HIVEP3","xgboost",0.645806372638639
"cz_hnscc_hpv","plasma_cell","FOSB","xgboost",0.666310174382585
"cz_hnscc_hpv","plasma_cell","KLF5","xgboost",0.649165860139359
"cz_hnscc_hpv","plasma_cell","JUNB","xgboost",0.645863219696733
"cz_hnscc_hpv","plasma_cell","HES5","xgboost",0.650026011710396
"cz_hnscc_hpv","plasma_cell","SPIB","xgboost",0.7093460676863
"cz_hnscc_hpv","plasma_cell","NFKB1","xgboost",0.65496245744015
"cz_hnscc_hpv","plasma_cell","EHF","xgboost",0.64625775636943
"cz_hnscc_hpv","plasma_cell","FOXQ1","xgboost",0.682010644380128
"cz_hnscc_hpv","plasma_cell","SP6","xgboost",0.659735990620347
"cz_hnscc_hpv","plasma_cell","CEBPB","xgboost",0.6589806446441
"cz_hnscc_hpv","plasma_cell","TFCP2","xgboost",0.67266629962102
"cz_hnscc_hpv","plasma_cell","ETS1","xgboost",0.65269114735259
"cz_hnscc_hpv","plasma_cell","POU2F2","xgboost",0.697927836218812
"cz_hnscc_hpv","plasma_cell","TFAP2B","xgboost",0.630722881098964
"cz_hnscc_hpv","plasma_cell","SP2","xgboost",0.668164057516434
"cz_hnscc_hpv","plasma_cell","ZFP57","xgboost",0.675115940008634
"cz_hnscc_hpv","plasma_cell","FOXJ1","xgboost",0.620742619746603
"cz_hnscc_hpv","plasma_cell","ZNF331","xgboost",0.646326143234687
"cz_hnscc_hpv","plasma_cell","HINFP","xgboost",0.642055922990777
"cz_hnscc_hpv","plasma_cell","ERG","xgboost",0.630395547739403
"cz_hnscc_hpv","plasma_cell","NPAS2","xgboost",0.651979275711234
"cz_hnscc_hpv","plasma_cell","MAFF","xgboost",0.584594259114629
"cz_hnscc_hpv","plasma_cell","CREM","xgboost",0.626355589330014
"cz_hnscc_hpv","plasma_cell","NFATC1","xgboost",0.605072962728502
"cz_hnscc_hpv","plasma_cell","HOXB2","xgboost",0.660728481987626
"cz_hnscc_hpv","plasma_cell","PLAGL1","xgboost",0.648519136240227
"cz_hnscc_hpv","plasma_cell","KLF14","xgboost",0.644748946276264
"cz_hnscc_hpv","plasma_cell","EGR1","xgboost",0.593093074356302
"cz_hnscc_hpv","plasma_cell","CTCFL","xgboost",0.664307080092065
"cz_hnscc_hpv","plasma_cell","EGR3","xgboost",0.643158791670982
"cz_hnscc_hpv","plasma_cell","AHR","xgboost",0.670447272812121
"cz_hnscc_hpv","plasma_cell","TCF12","xgboost",0.692763279174353
"cz_hnscc_hpv","plasma_cell","FOXN1","xgboost",0.666592162636919
"cz_hnscc_hpv","plasma_cell","REL","xgboost",0.66436048980464
"cz_hnscc_hpv","plasma_cell","HES1","xgboost",0.660788637920906
"cz_hnscc_hpv","plasma_cell","PURA","xgboost",0.716642567199725
"cz_hnscc_hpv","plasma_cell","MAFB","xgboost",0.656867255144856
"cz_hnscc_hpv","plasma_cell","IRF4","xgboost",0.669276420025385
"cz_hnscc_hpv","plasma_cell","HOXA6","xgboost",0.669140304851116
"cz_hnscc_hpv","plasma_cell","PATZ1","xgboost",0.66879436397925
"cz_hnscc_hpv","plasma_cell","IRF6","xgboost",0.65161264005724
"cz_hnscc_hpv","plasma_cell","GATA2","xgboost",0.636557382550615
"cz_hnscc_hpv","plasma_cell","ID1","xgboost",0.648268922234696
"cz_hnscc_hpv","plasma_cell","IRF1","xgboost",0.696625035699424
"cz_hnscc_hpv","plasma_cell","KLF4","xgboost",0.650891696728194
"cz_hnscc_hpv","plasma_cell","E2F2","xgboost",0.660785913199507
"cz_hnscc_hpv","plasma_cell","BDP1","xgboost",0.693021656403699
"cz_hnscc_hpv","plasma_cell","JUN","xgboost",0.704764221131393
"cz_hnscc_hpv","plasma_cell","ZNF770","xgboost",0.691536513872167
"cz_hnscc_hpv","plasma_cell","FOXP1","xgboost",0.619563046696245
"cz_hnscc_hpv","plasma_cell","VDR","xgboost",0.587985353978263
"cz_hnscc_hpv","plasma_cell","POU5F1","xgboost",0.753726457552373
"cz_hnscc_hpv","plasma_cell","FOXE1","xgboost",0.659614892203658
"cz_hnscc_hpv","plasma_cell","TWIST2","xgboost",0.618127566492458
"cz_hnscc_hpv","plasma_cell","TBP","xgboost",0.670555411299616
"cz_hnscc_hpv","plasma_cell","ELF3","xgboost",0.655354646595583
"cz_hnscc_hpv","plasma_cell","ZIC5","xgboost",0.647982827987298
"cz_hnscc_hpv","plasma_cell","MAFA","xgboost",0.590009846782374
"cz_hnscc_hpv","plasma_cell","KLF2","xgboost",0.632346745391446
"cz_hnscc_hpv","plasma_cell","UBP1","xgboost",0.632831242658047
"cz_hnscc_hpv","plasma_cell","TCFL5","xgboost",0.644886163211636
"cz_hnscc_hpv","plasma_cell","RORC","xgboost",0.685930731013768
"cz_hnscc_hpv","plasma_cell","RUNX1","xgboost",0.757102925412646
"cz_hnscc_hpv","plasma_cell","BCL11B","xgboost",0.651679888944219
"cz_hnscc_hpv","plasma_cell","FOS","xgboost",0.636474654134295
"cz_hnscc_hpv","plasma_cell","NR1H4","xgboost",0.644407658903593
"cz_hnscc_hpv","plasma_cell","FOXS1","xgboost",0.639369887165581
"cz_hnscc_hpv","plasma_cell","LYL1","xgboost",0.694993671310738
"cz_hnscc_hpv","plasma_cell","NR2F2","xgboost",0.683950996036079
"cz_hnscc_hpv","plasma_cell","HES2","xgboost",0.666270080228934
"cz_hnscc_hpv","plasma_cell","ETS2","xgboost",0.641491385251672
"cz_hnscc_hpv","plasma_cell","LHX2","xgboost",0.632964164611955
"cz_hnscc_hpv","plasma_cell","TBX2","xgboost",0.635134997790345
"cz_hnscc_hpv","plasma_cell","STAT4","xgboost",0.675399465610234
"cz_hnscc_hpv","plasma_cell","ARHGEF12","xgboost",0.481616387702135
"cz_hnscc_hpv","plasma_cell","CBX5","xgboost",0.473793244033618
"cz_hnscc_hpv","plasma_cell","TP53","xgboost",0.589799309963717
"cz_hnscc_hpv","plasma_cell","SETDB1","xgboost",0.631522362873889
"cz_hnscc_hpv","plasma_cell","WT1","xgboost",0.649634504195852
"cz_hnscc_hpv","plasma_cell","PRDM11","xgboost",0.627248301231694
"cz_hnscc_hpv","plasma_cell","PPARD","xgboost",0.639048915225024
"cz_hnscc_hpv","plasma_cell","TP63","xgboost",0.536243288973167
"cz_hnscc_hpv","plasma_cell","ZNF449","xgboost",0.614959700016585
"cz_hnscc_hpv","plasma_cell","POU3F1","xgboost",0.585168790969719
"cz_hnscc_hpv","plasma_cell","NR3C2","xgboost",0.64535837332679
"cz_hnscc_hpv","plasma_cell","NFIA","xgboost",0.581826641767195
"cz_hnscc_hpv","plasma_cell","E2F6","xgboost",0.677333622492974
"cz_hnscc_hpv","plasma_cell","ID3","xgboost",0.652140638882307
"cz_hnscc_hpv","plasma_cell","NFYB","xgboost",0.610308751878401
"cz_hnscc_hpv","plasma_cell","SNAI1","xgboost",0.586870943514872
"cz_hnscc_hpv","plasma_cell","EGR2","xgboost",0.571257175888064
"cz_hnscc_hpv","plasma_cell","TEAD1","xgboost",0.476915691765319
"cz_hnscc_hpv","plasma_cell","ZNF436","xgboost",0.500160931940552
"cz_hnscc_hpv","plasma_cell","POLR2A","xgboost",0.760954489242395
"cz_hnscc_hpv","plasma_cell","TBX1","xgboost",0.69728673157645
"cz_hnscc_hpv","plasma_cell","RFX8","xgboost",0.426988012031516
"cz_hnscc_hpv","plasma_cell","IKZF1","xgboost",0.481570765901602
"cz_hnscc_hpv","plasma_cell","YBX1","xgboost",0.674682920939939
"cz_hnscc_hpv","plasma_cell","SOX9","xgboost",0.142120838871183
"cz_hnscc_hpv","plasma_cell","ID2","mars",0.525000910658605
"cz_hnscc_hpv","plasma_cell","KLF6","mars",0.572383955446891
"cz_hnscc_hpv","plasma_cell","JUND","mars",0.623076522533923
"cz_hnscc_hpv","plasma_cell","NR4A2","mars",0.563608888111393
"cz_hnscc_hpv","plasma_cell","BACH2","mars",0.624758880485508
"cz_hnscc_hpv","plasma_cell","PRDM1","mars",0.558328933512935
"cz_hnscc_hpv","plasma_cell","MAFK","mars",0.495256543103772
"cz_hnscc_hpv","plasma_cell","NR4A1","mars",0.59702583879673
"cz_hnscc_hpv","plasma_cell","GRHL1","mars",0.55021039257321
"cz_hnscc_hpv","plasma_cell","BHLHE40","mars",0.572145149279861
"cz_hnscc_hpv","plasma_cell","HES4","mars",0.555000250219421
"cz_hnscc_hpv","plasma_cell","FOXO3","mars",0.630294053413001
"cz_hnscc_hpv","plasma_cell","XBP1","mars",0.563023380592101
"cz_hnscc_hpv","plasma_cell","HIVEP3","mars",0.570951677510014
"cz_hnscc_hpv","plasma_cell","FOSB","mars",0.576152095540843
"cz_hnscc_hpv","plasma_cell","KLF5","mars",0.551621603061964
"cz_hnscc_hpv","plasma_cell","JUNB","mars",0.542078971599936
"cz_hnscc_hpv","plasma_cell","HES5","mars",0.537872054091501
"cz_hnscc_hpv","plasma_cell","SPIB","mars",0.58049173352837
"cz_hnscc_hpv","plasma_cell","NFKB1","mars",0.5552398816736
"cz_hnscc_hpv","plasma_cell","EHF","mars",0.552038530320908
"cz_hnscc_hpv","plasma_cell","FOXQ1","mars",0.53758686502509
"cz_hnscc_hpv","plasma_cell","SP6","mars",0.563620088591259
"cz_hnscc_hpv","plasma_cell","CEBPB","mars",0.518984572067343
"cz_hnscc_hpv","plasma_cell","TFCP2","mars",0.602673407847772
"cz_hnscc_hpv","plasma_cell","ETS1","mars",0.519783160922182
"cz_hnscc_hpv","plasma_cell","POU2F2","mars",0.557688080238552
"cz_hnscc_hpv","plasma_cell","TFAP2B","mars",0.548450195133729
"cz_hnscc_hpv","plasma_cell","SP2","mars",0.598732692436175
"cz_hnscc_hpv","plasma_cell","ZFP57","mars",0.588344359592966
"cz_hnscc_hpv","plasma_cell","FOXJ1","mars",0.456656750484249
"cz_hnscc_hpv","plasma_cell","ZNF331","mars",0.57843717092485
"cz_hnscc_hpv","plasma_cell","HINFP","mars",0.55497367128984
"cz_hnscc_hpv","plasma_cell","ERG","mars",0.529078555405513
"cz_hnscc_hpv","plasma_cell","NPAS2","mars",0.558583813180265
"cz_hnscc_hpv","plasma_cell","MAFF","mars",0.416954194720006
"cz_hnscc_hpv","plasma_cell","CREM","mars",0.489310542399889
"cz_hnscc_hpv","plasma_cell","NFATC1","mars",0.444931046255609
"cz_hnscc_hpv","plasma_cell","HOXB2","mars",0.552784945080373
"cz_hnscc_hpv","plasma_cell","PLAGL1","mars",0.539954524449004
"cz_hnscc_hpv","plasma_cell","KLF14","mars",0.5014642614222
"cz_hnscc_hpv","plasma_cell","EGR1","mars",0.437311227641749
"cz_hnscc_hpv","plasma_cell","CTCFL","mars",0.550250957507594
"cz_hnscc_hpv","plasma_cell","EGR3","mars",0.525806279218361
"cz_hnscc_hpv","plasma_cell","AHR","mars",0.571961481077532
"cz_hnscc_hpv","plasma_cell","TCF12","mars",0.632418194374669
"cz_hnscc_hpv","plasma_cell","FOXN1","mars",0.5770980638012
"cz_hnscc_hpv","plasma_cell","REL","mars",0.563912936572258
"cz_hnscc_hpv","plasma_cell","HES1","mars",0.538520060439308
"cz_hnscc_hpv","plasma_cell","PURA","mars",0.662549576087013
"cz_hnscc_hpv","plasma_cell","MAFB","mars",0.401585189656495
"cz_hnscc_hpv","plasma_cell","IRF4","mars",0.449870676345623
"cz_hnscc_hpv","plasma_cell","HOXA6","mars",0.513080382326519
"cz_hnscc_hpv","plasma_cell","PATZ1","mars",0.591684329618985
"cz_hnscc_hpv","plasma_cell","IRF6","mars",0.514489040019963
"cz_hnscc_hpv","plasma_cell","GATA2","mars",0.520441795638803
"cz_hnscc_hpv","plasma_cell","ID1","mars",0.555154156031443
"cz_hnscc_hpv","plasma_cell","IRF1","mars",0.637426110750079
"cz_hnscc_hpv","plasma_cell","KLF4","mars",0.478229883929007
"cz_hnscc_hpv","plasma_cell","E2F2","mars",0.565916065966452
"cz_hnscc_hpv","plasma_cell","BDP1","mars",0.614080645898677
"cz_hnscc_hpv","plasma_cell","JUN","mars",0.58722788800618
"cz_hnscc_hpv","plasma_cell","ZNF770","mars",0.613720126041026
"cz_hnscc_hpv","plasma_cell","FOXP1","mars",0.511856296854291
"cz_hnscc_hpv","plasma_cell","VDR","mars",0.393479349452975
"cz_hnscc_hpv","plasma_cell","POU5F1","mars",0.652409446430407
"cz_hnscc_hpv","plasma_cell","FOXE1","mars",0.532378796902973
"cz_hnscc_hpv","plasma_cell","TWIST2","mars",0.479616520994875
"cz_hnscc_hpv","plasma_cell","TBP","mars",0.569698697206946
"cz_hnscc_hpv","plasma_cell","ELF3","mars",0.534067755865989
"cz_hnscc_hpv","plasma_cell","ZIC5","mars",0.500437374994034
"cz_hnscc_hpv","plasma_cell","MAFA","mars",0.0725146918010655
"cz_hnscc_hpv","plasma_cell","KLF2","mars",0.516839176239422
"cz_hnscc_hpv","plasma_cell","UBP1","mars",0.556508802970195
"cz_hnscc_hpv","plasma_cell","TCFL5","mars",0.493025360435359
"cz_hnscc_hpv","plasma_cell","RORC","mars",0.490082651303148
"cz_hnscc_hpv","plasma_cell","RUNX1","mars",0.581872854513426
"cz_hnscc_hpv","plasma_cell","BCL11B","mars",0.559659706875775
"cz_hnscc_hpv","plasma_cell","FOS","mars",0.546414193065526
"cz_hnscc_hpv","plasma_cell","NR1H4","mars",0.200760695248466
"cz_hnscc_hpv","plasma_cell","FOXS1","mars",0.431063258690823
"cz_hnscc_hpv","plasma_cell","LYL1","mars",0.613337724625551
"cz_hnscc_hpv","plasma_cell","NR2F2","mars",0.592944023045263
"cz_hnscc_hpv","plasma_cell","HES2","mars",0.553783756191492
"cz_hnscc_hpv","plasma_cell","ETS2","mars",0.526524877484006
"cz_hnscc_hpv","plasma_cell","LHX2","mars",0.538533955838738
"cz_hnscc_hpv","plasma_cell","TBX2","mars",0.500593850830984
"cz_hnscc_hpv","plasma_cell","STAT4","mars",0.544456998895788
"cz_hnscc_hpv","plasma_cell","ARHGEF12","mars",0.260950157469484
"cz_hnscc_hpv","plasma_cell","CBX5","mars",0.354623873568379
"cz_hnscc_hpv","plasma_cell","TP53","mars",0.509251209234101
"cz_hnscc_hpv","plasma_cell","SETDB1","mars",0.557318066185013
"cz_hnscc_hpv","plasma_cell","WT1","mars",0.574311296280465
"cz_hnscc_hpv","plasma_cell","PRDM11","mars",0.560252422050753
"cz_hnscc_hpv","plasma_cell","PPARD","mars",0.574139261968034
"cz_hnscc_hpv","plasma_cell","TP63","mars",0.397757444247549
"cz_hnscc_hpv","plasma_cell","ZNF449","mars",-0.166265107703905
"cz_hnscc_hpv","plasma_cell","POU3F1","mars",0.436717603525071
"cz_hnscc_hpv","plasma_cell","NR3C2","mars",0.566245090131515
"cz_hnscc_hpv","plasma_cell","NFIA","mars",0.477873537647836
"cz_hnscc_hpv","plasma_cell","E2F6","mars",0.566760480617738
"cz_hnscc_hpv","plasma_cell","ID3","mars",0.561245346090868
"cz_hnscc_hpv","plasma_cell","NFYB","mars",0.431499621732698
"cz_hnscc_hpv","plasma_cell","SNAI1","mars",0.494413991109145
"cz_hnscc_hpv","plasma_cell","EGR2","mars",0.449204794947185
"cz_hnscc_hpv","plasma_cell","TEAD1","mars",0.351434143611679
"cz_hnscc_hpv","plasma_cell","ZNF436","mars",0.0658517540315555
"cz_hnscc_hpv","plasma_cell","POLR2A","mars",0.640868381439794
"cz_hnscc_hpv","plasma_cell","TBX1","mars",0.592976296936045
"cz_hnscc_hpv","plasma_cell","RFX8","mars",0.273376082065982
"cz_hnscc_hpv","plasma_cell","IKZF1","mars",0.400106465029831
"cz_hnscc_hpv","plasma_cell","YBX1","mars",0.323563223547289
"cz_hnscc_hpv","plasma_cell","SOX9","mars",-0.10379561877213
"cz_hnscc_hpv","plasma_cell","ID2","svm_rbf",0.619874166519231
"cz_hnscc_hpv","plasma_cell","KLF6","svm_rbf",0.648066700806485
"cz_hnscc_hpv","plasma_cell","JUND","svm_rbf",0.669877846683099
"cz_hnscc_hpv","plasma_cell","NR4A2","svm_rbf",0.594828718294247
"cz_hnscc_hpv","plasma_cell","BACH2","svm_rbf",0.645401727719516
"cz_hnscc_hpv","plasma_cell","PRDM1","svm_rbf",0.644673305221554
"cz_hnscc_hpv","plasma_cell","MAFK","svm_rbf",0.583069962566521
"cz_hnscc_hpv","plasma_cell","NR4A1","svm_rbf",0.640117224925327
"cz_hnscc_hpv","plasma_cell","GRHL1","svm_rbf",0.622774221091878
"cz_hnscc_hpv","plasma_cell","BHLHE40","svm_rbf",0.630831831880361
"cz_hnscc_hpv","plasma_cell","HES4","svm_rbf",0.614226757969405
"cz_hnscc_hpv","plasma_cell","FOXO3","svm_rbf",0.666268771154661
"cz_hnscc_hpv","plasma_cell","XBP1","svm_rbf",0.631823684003603
"cz_hnscc_hpv","plasma_cell","HIVEP3","svm_rbf",0.61380320418632
"cz_hnscc_hpv","plasma_cell","FOSB","svm_rbf",0.628223662848895
"cz_hnscc_hpv","plasma_cell","KLF5","svm_rbf",0.489093673226232
"cz_hnscc_hpv","plasma_cell","JUNB","svm_rbf",0.601443188969101
"cz_hnscc_hpv","plasma_cell","HES5","svm_rbf",0.620254175426703
"cz_hnscc_hpv","plasma_cell","SPIB","svm_rbf",0.658272379753087
"cz_hnscc_hpv","plasma_cell","NFKB1","svm_rbf",0.615234315487347
"cz_hnscc_hpv","plasma_cell","EHF","svm_rbf",0.489786482309604
"cz_hnscc_hpv","plasma_cell","FOXQ1","svm_rbf",0.516954892297325
"cz_hnscc_hpv","plasma_cell","SP6","svm_rbf",0.578438083914128
"cz_hnscc_hpv","plasma_cell","CEBPB","svm_rbf",0.513160065560784
"cz_hnscc_hpv","plasma_cell","TFCP2","svm_rbf",0.578600567684094
"cz_hnscc_hpv","plasma_cell","ETS1","svm_rbf",0.501892301188887
"cz_hnscc_hpv","plasma_cell","POU2F2","svm_rbf",0.665440358354407
"cz_hnscc_hpv","plasma_cell","TFAP2B","svm_rbf",0.474785904094834
"cz_hnscc_hpv","plasma_cell","SP2","svm_rbf",0.5020715792648
"cz_hnscc_hpv","plasma_cell","ZFP57","svm_rbf",0.507875514656472
"cz_hnscc_hpv","plasma_cell","FOXJ1","svm_rbf",0.585155780700714
"cz_hnscc_hpv","plasma_cell","ZNF331","svm_rbf",0.59790261642515
"cz_hnscc_hpv","plasma_cell","HINFP","svm_rbf",0.498738177634246
"cz_hnscc_hpv","plasma_cell","ERG","svm_rbf",0.480992457302238
"cz_hnscc_hpv","plasma_cell","NPAS2","svm_rbf",0.494050017636322
"cz_hnscc_hpv","plasma_cell","MAFF","svm_rbf",0.565096947137533
"cz_hnscc_hpv","plasma_cell","CREM","svm_rbf",0.585138344370312
"cz_hnscc_hpv","plasma_cell","NFATC1","svm_rbf",0.56804039423211
"cz_hnscc_hpv","plasma_cell","HOXB2","svm_rbf",0.588499593059183
"cz_hnscc_hpv","plasma_cell","PLAGL1","svm_rbf",0.518854707147953
"cz_hnscc_hpv","plasma_cell","KLF14","svm_rbf",0.588027702506779
"cz_hnscc_hpv","plasma_cell","EGR1","svm_rbf",0.571443144248855
"cz_hnscc_hpv","plasma_cell","CTCFL","svm_rbf",0.618054033614251
"cz_hnscc_hpv","plasma_cell","EGR3","svm_rbf",0.596026513017825
"cz_hnscc_hpv","plasma_cell","AHR","svm_rbf",0.606420354474958
"cz_hnscc_hpv","plasma_cell","TCF12","svm_rbf",0.664951743100256
"cz_hnscc_hpv","plasma_cell","FOXN1","svm_rbf",0.511468152039478
"cz_hnscc_hpv","plasma_cell","REL","svm_rbf",0.62353198069644
"cz_hnscc_hpv","plasma_cell","HES1","svm_rbf",0.484111518975354
"cz_hnscc_hpv","plasma_cell","PURA","svm_rbf",0.694463365509239
"cz_hnscc_hpv","plasma_cell","MAFB","svm_rbf",0.620116261924357
"cz_hnscc_hpv","plasma_cell","IRF4","svm_rbf",0.592858173628394
"cz_hnscc_hpv","plasma_cell","HOXA6","svm_rbf",0.598515739511313
"cz_hnscc_hpv","plasma_cell","PATZ1","svm_rbf",0.523239914557574
"cz_hnscc_hpv","plasma_cell","IRF6","svm_rbf",0.480639118116168
"cz_hnscc_hpv","plasma_cell","GATA2","svm_rbf",0.496715464312538
"cz_hnscc_hpv","plasma_cell","ID1","svm_rbf",0.517117911401221
"cz_hnscc_hpv","plasma_cell","IRF1","svm_rbf",0.671120518002558
"cz_hnscc_hpv","plasma_cell","KLF4","svm_rbf",0.616263347629972
"cz_hnscc_hpv","plasma_cell","E2F2","svm_rbf",0.499411796017941
"cz_hnscc_hpv","plasma_cell","BDP1","svm_rbf",0.573282154124547
"cz_hnscc_hpv","plasma_cell","JUN","svm_rbf",0.548813725848749
"cz_hnscc_hpv","plasma_cell","ZNF770","svm_rbf",0.524047726900943
"cz_hnscc_hpv","plasma_cell","FOXP1","svm_rbf",0.571648026714165
"cz_hnscc_hpv","plasma_cell","VDR","svm_rbf",0.52163278454716
"cz_hnscc_hpv","plasma_cell","POU5F1","svm_rbf",0.627295581095372
"cz_hnscc_hpv","plasma_cell","FOXE1","svm_rbf",0.511808232808562
"cz_hnscc_hpv","plasma_cell","TWIST2","svm_rbf",0.583597952387878
"cz_hnscc_hpv","plasma_cell","TBP","svm_rbf",0.551589877346114
"cz_hnscc_hpv","plasma_cell","ELF3","svm_rbf",0.480007353623481
"cz_hnscc_hpv","plasma_cell","ZIC5","svm_rbf",0.492558220840635
"cz_hnscc_hpv","plasma_cell","MAFA","svm_rbf",0.533548204234381
"cz_hnscc_hpv","plasma_cell","KLF2","svm_rbf",0.495933574565255
"cz_hnscc_hpv","plasma_cell","UBP1","svm_rbf",0.582899575341636
"cz_hnscc_hpv","plasma_cell","TCFL5","svm_rbf",0.480282442353682
"cz_hnscc_hpv","plasma_cell","RORC","svm_rbf",0.587904137015876
"cz_hnscc_hpv","plasma_cell","RUNX1","svm_rbf",0.602332138127666
"cz_hnscc_hpv","plasma_cell","BCL11B","svm_rbf",0.581397467593401
"cz_hnscc_hpv","plasma_cell","FOS","svm_rbf",0.482196534790114
"cz_hnscc_hpv","plasma_cell","NR1H4","svm_rbf",0.62782433975297
"cz_hnscc_hpv","plasma_cell","FOXS1","svm_rbf",0.579019486570793
"cz_hnscc_hpv","plasma_cell","LYL1","svm_rbf",0.5418756385838
"cz_hnscc_hpv","plasma_cell","NR2F2","svm_rbf",0.506785786327237
"cz_hnscc_hpv","plasma_cell","HES2","svm_rbf",0.475682754448398
"cz_hnscc_hpv","plasma_cell","ETS2","svm_rbf",0.482414740069088
"cz_hnscc_hpv","plasma_cell","LHX2","svm_rbf",0.583366896877002
"cz_hnscc_hpv","plasma_cell","TBX2","svm_rbf",0.563182922068865
"cz_hnscc_hpv","plasma_cell","STAT4","svm_rbf",0.546928953601703
"cz_hnscc_hpv","plasma_cell","ARHGEF12","svm_rbf",0.424720123816288
"cz_hnscc_hpv","plasma_cell","CBX5","svm_rbf",0.450098560654299
"cz_hnscc_hpv","plasma_cell","TP53","svm_rbf",0.545505738275187
"cz_hnscc_hpv","plasma_cell","SETDB1","svm_rbf",0.496563785425559
"cz_hnscc_hpv","plasma_cell","WT1","svm_rbf",0.512720216518666
"cz_hnscc_hpv","plasma_cell","PRDM11","svm_rbf",0.520584868466153
"cz_hnscc_hpv","plasma_cell","PPARD","svm_rbf",0.595640307836162
"cz_hnscc_hpv","plasma_cell","TP63","svm_rbf",0.498555416493554
"cz_hnscc_hpv","plasma_cell","ZNF449","svm_rbf",0.542179033139412
"cz_hnscc_hpv","plasma_cell","POU3F1","svm_rbf",0.435475974815998
"cz_hnscc_hpv","plasma_cell","NR3C2","svm_rbf",0.490452686909583
"cz_hnscc_hpv","plasma_cell","NFIA","svm_rbf",0.516965540291472
"cz_hnscc_hpv","plasma_cell","E2F6","svm_rbf",0.511600701866903
"cz_hnscc_hpv","plasma_cell","ID3","svm_rbf",0.488913617547187
"cz_hnscc_hpv","plasma_cell","NFYB","svm_rbf",0.547293702492703
"cz_hnscc_hpv","plasma_cell","SNAI1","svm_rbf",0.548914182013181
"cz_hnscc_hpv","plasma_cell","EGR2","svm_rbf",0.543901979939
"cz_hnscc_hpv","plasma_cell","TEAD1","svm_rbf",0.427960691354644
"cz_hnscc_hpv","plasma_cell","ZNF436","svm_rbf",0.412807585899618
"cz_hnscc_hpv","plasma_cell","POLR2A","svm_rbf",0.628944433089421
"cz_hnscc_hpv","plasma_cell","TBX1","svm_rbf",0.562577494791156
"cz_hnscc_hpv","plasma_cell","RFX8","svm_rbf",0.401715173753953
"cz_hnscc_hpv","plasma_cell","IKZF1","svm_rbf",0.419217419718241
"cz_hnscc_hpv","plasma_cell","YBX1","svm_rbf",0.367837020199716
"cz_hnscc_hpv","plasma_cell","SOX9","svm_rbf",0.167525410240593
"cz_hnscc_hpv","regulatory_T_cell","EGR1","ranger_et",0.682499002070388
"cz_hnscc_hpv","regulatory_T_cell","ATF3","ranger_et",0.699628518378639
"cz_hnscc_hpv","regulatory_T_cell","FOXP3","ranger_et",0.771542517989585
"cz_hnscc_hpv","regulatory_T_cell","STAT3","ranger_et",0.676934347090209
"cz_hnscc_hpv","regulatory_T_cell","FOXE1","ranger_et",0.713789549033382
"cz_hnscc_hpv","regulatory_T_cell","EHF","ranger_et",0.661201330113741
"cz_hnscc_hpv","regulatory_T_cell","ELF3","ranger_et",0.683399894001174
"cz_hnscc_hpv","regulatory_T_cell","PAX5","ranger_et",0.750545579469873
"cz_hnscc_hpv","regulatory_T_cell","TFAP2D","ranger_et",0.699027974602199
"cz_hnscc_hpv","regulatory_T_cell","ELF4","ranger_et",0.691920236827896
"cz_hnscc_hpv","regulatory_T_cell","TFAP2C","ranger_et",0.762494411857935
"cz_hnscc_hpv","regulatory_T_cell","GATA3","ranger_et",0.742389017345804
"cz_hnscc_hpv","regulatory_T_cell","ETV1","ranger_et",0.67969821082986
"cz_hnscc_hpv","regulatory_T_cell","TEAD2","ranger_et",0.773887548592668
"cz_hnscc_hpv","regulatory_T_cell","ETS2","ranger_et",0.694763385486357
"cz_hnscc_hpv","regulatory_T_cell","FOSL1","ranger_et",0.704492740982357
"cz_hnscc_hpv","regulatory_T_cell","BRCA1","ranger_et",0.666372021380355
"cz_hnscc_hpv","regulatory_T_cell","AR","ranger_et",0.672460904967754
"cz_hnscc_hpv","regulatory_T_cell","NR4A1","ranger_et",0.675798010629309
"cz_hnscc_hpv","regulatory_T_cell","NR3C1","ranger_et",0.680238761894042
"cz_hnscc_hpv","regulatory_T_cell","JUNB","ranger_et",0.678491623668341
"cz_hnscc_hpv","regulatory_T_cell","KLF5","ranger_et",0.668691849586555
"cz_hnscc_hpv","regulatory_T_cell","PAX8","ranger_et",0.739932180293377
"cz_hnscc_hpv","regulatory_T_cell","NR4A2","ranger_et",0.707299732924932
"cz_hnscc_hpv","regulatory_T_cell","PPARG","ranger_et",0.75249296676836
"cz_hnscc_hpv","regulatory_T_cell","RUNX3","ranger_et",0.71159132122633
"cz_hnscc_hpv","regulatory_T_cell","MAFA","ranger_et",0.670741213535322
"cz_hnscc_hpv","regulatory_T_cell","FOSL2","ranger_et",0.699628504344936
"cz_hnscc_hpv","regulatory_T_cell","FOS","ranger_et",0.59593895677705
"cz_hnscc_hpv","regulatory_T_cell","RFX8","ranger_et",0.713876126607841
"cz_hnscc_hpv","regulatory_T_cell","RUNX2","ranger_et",0.723454452635829
"cz_hnscc_hpv","regulatory_T_cell","MAFB","ranger_et",0.699749299772871
"cz_hnscc_hpv","regulatory_T_cell","PRDM11","ranger_et",0.66583380197451
"cz_hnscc_hpv","regulatory_T_cell","NFE2L2","ranger_et",0.684470590428806
"cz_hnscc_hpv","regulatory_T_cell","ZBTB1","ranger_et",0.686602692505955
"cz_hnscc_hpv","regulatory_T_cell","CREM","ranger_et",0.704484616384603
"cz_hnscc_hpv","regulatory_T_cell","TWIST2","ranger_et",0.712754975078905
"cz_hnscc_hpv","regulatory_T_cell","GRHL1","ranger_et",0.63383051653722
"cz_hnscc_hpv","regulatory_T_cell","MYCN","ranger_et",0.661717943575058
"cz_hnscc_hpv","regulatory_T_cell","SOX2","ranger_et",0.568730175413123
"cz_hnscc_hpv","regulatory_T_cell","ZNF554","ranger_et",0.484819129366268
"cz_hnscc_hpv","regulatory_T_cell","SOX9","ranger_et",0.584169136810624
"cz_hnscc_hpv","regulatory_T_cell","PKNOX1","ranger_et",0.558219228963025
"cz_hnscc_hpv","regulatory_T_cell","FOXD1","ranger_et",0.518302901650137
"cz_hnscc_hpv","regulatory_T_cell","LMO2","ranger_et",0.605677679016042
"cz_hnscc_hpv","regulatory_T_cell","CEBPD","ranger_et",0.514250584588528
"cz_hnscc_hpv","regulatory_T_cell","IRF7","ranger_et",0.28258191130287
"cz_hnscc_hpv","regulatory_T_cell","RBPJ","ranger_et",0.580733873537626
"cz_hnscc_hpv","regulatory_T_cell","POU3F1","ranger_et",0.638397322193447
"cz_hnscc_hpv","regulatory_T_cell","CEBPA","ranger_et",0.644104684876098
"cz_hnscc_hpv","regulatory_T_cell","ATF5","ranger_et",0.595209602183429
"cz_hnscc_hpv","regulatory_T_cell","ASCL1","ranger_et",0.621150891652897
"cz_hnscc_hpv","regulatory_T_cell","HLF","ranger_et",0.650187482377993
"cz_hnscc_hpv","regulatory_T_cell","SP100","ranger_et",0.574736650266962
"cz_hnscc_hpv","regulatory_T_cell","VDR","ranger_et",0.710504739344215
"cz_hnscc_hpv","regulatory_T_cell","ZFP57","ranger_et",0.544344539198744
"cz_hnscc_hpv","regulatory_T_cell","BCL11B","ranger_et",0.742106566971805
"cz_hnscc_hpv","regulatory_T_cell","ZNF816","ranger_et",0.548033759137006
"cz_hnscc_hpv","regulatory_T_cell","JUN","ranger_et",0.624170159340162
"cz_hnscc_hpv","regulatory_T_cell","IKZF3","ranger_et",0.634022434708077
"cz_hnscc_hpv","regulatory_T_cell","CHD2","ranger_et",0.546692872227209
"cz_hnscc_hpv","regulatory_T_cell","NFIA","ranger_et",0.676773846891011
"cz_hnscc_hpv","regulatory_T_cell","FOXB1","ranger_et",0.662503346018463
"cz_hnscc_hpv","regulatory_T_cell","FOXJ1","ranger_et",0.609590006117909
"cz_hnscc_hpv","regulatory_T_cell","RORA","ranger_et",0.65911269211287
"cz_hnscc_hpv","regulatory_T_cell","JUND","ranger_et",0.585679431578196
"cz_hnscc_hpv","regulatory_T_cell","ZSCAN22","ranger_et",0.643665388817961
"cz_hnscc_hpv","regulatory_T_cell","POU2F2","ranger_et",0.73331940977812
"cz_hnscc_hpv","regulatory_T_cell","KLF2","ranger_et",0.614391919590832
"cz_hnscc_hpv","regulatory_T_cell","TCF4","ranger_et",0.690274691015803
"cz_hnscc_hpv","regulatory_T_cell","ELF1","ranger_et",0.519922379270762
"cz_hnscc_hpv","regulatory_T_cell","IKZF4","ranger_et",0.449142562516171
"cz_hnscc_hpv","regulatory_T_cell","MAF","ranger_et",0.751547063017903
"cz_hnscc_hpv","regulatory_T_cell","ENO1","ranger_et",0.761083115704283
"cz_hnscc_hpv","regulatory_T_cell","KLF6","ranger_et",0.493311186192995
"cz_hnscc_hpv","regulatory_T_cell","HMGN3","ranger_et",0.657046822381103
"cz_hnscc_hpv","regulatory_T_cell","HES1","ranger_et",0.52775004940771
"cz_hnscc_hpv","regulatory_T_cell","KLF10","ranger_et",0.621312595363397
"cz_hnscc_hpv","regulatory_T_cell","FOSB","ranger_et",0.691570654132482
"cz_hnscc_hpv","regulatory_T_cell","ZNF331","ranger_et",0.757147011140177
"cz_hnscc_hpv","regulatory_T_cell","BHLHE40","ranger_et",0.614392314104121
"cz_hnscc_hpv","regulatory_T_cell","EOMES","ranger_et",0.67695873198968
"cz_hnscc_hpv","regulatory_T_cell","ASCL2","ranger_et",0.727061792000702
"cz_hnscc_hpv","regulatory_T_cell","IKZF1","ranger_et",0.671471181323641
"cz_hnscc_hpv","regulatory_T_cell","STAT1","ranger_et",0.326531702169328
"cz_hnscc_hpv","regulatory_T_cell","JDP2","ranger_et",0.691483197368742
"cz_hnscc_hpv","regulatory_T_cell","ETS1","ranger_et",0.638576487844352
"cz_hnscc_hpv","regulatory_T_cell","SOX21","ranger_et",0.682934319475211
"cz_hnscc_hpv","regulatory_T_cell","TEAD1","ranger_et",0.673443586325283
"cz_hnscc_hpv","regulatory_T_cell","REL","ranger_et",0.666163477232623
"cz_hnscc_hpv","regulatory_T_cell","ZBTB14","ranger_et",0.605647906747405
"cz_hnscc_hpv","regulatory_T_cell","MYBL2","ranger_et",0.703056457494673
"cz_hnscc_hpv","regulatory_T_cell","KLF3","ranger_et",0.712551853082068
"cz_hnscc_hpv","regulatory_T_cell","ID3","ranger_et",0.728488046879225
"cz_hnscc_hpv","regulatory_T_cell","TP63","ranger_et",0.732839980653664
"cz_hnscc_hpv","regulatory_T_cell","ID1","ranger_et",0.713200220694499
"cz_hnscc_hpv","regulatory_T_cell","PLAGL1","ranger_et",0.770509261209685
"cz_hnscc_hpv","regulatory_T_cell","ID2","ranger_et",0.761976009828536
"cz_hnscc_hpv","regulatory_T_cell","AHR","ranger_et",0.720165463227178
"cz_hnscc_hpv","regulatory_T_cell","ZNF768","ranger_et",0.753127032468963
"cz_hnscc_hpv","regulatory_T_cell","CREB3L2","ranger_et",0.680344858417996
"cz_hnscc_hpv","regulatory_T_cell","NFKB1","ranger_et",0.702160031784829
"cz_hnscc_hpv","regulatory_T_cell","BATF3","ranger_et",0.739007876478052
"cz_hnscc_hpv","regulatory_T_cell","POU5F1","ranger_et",0.687813217418718
"cz_hnscc_hpv","regulatory_T_cell","E2F7","ranger_et",0.685936516584282
"cz_hnscc_hpv","regulatory_T_cell","IRF4","ranger_et",0.575786798086463
"cz_hnscc_hpv","regulatory_T_cell","TWIST1","ranger_et",0.782752879020315
"cz_hnscc_hpv","regulatory_T_cell","EGR3","ranger_et",0.723445725583474
"cz_hnscc_hpv","regulatory_T_cell","BATF","ranger_et",0.786594157894874
"cz_hnscc_hpv","regulatory_T_cell","KLF9","ranger_et",0.674112477230206
"cz_hnscc_hpv","regulatory_T_cell","HES4","ranger_et",0.718101843097089
"cz_hnscc_hpv","regulatory_T_cell","EGR2","ranger_et",0.670605091359374
"cz_hnscc_hpv","regulatory_T_cell","NR4A3","ranger_et",0.714076579979955
"cz_hnscc_hpv","regulatory_T_cell","ETV5","ranger_et",0.723237748887026
"cz_hnscc_hpv","regulatory_T_cell","RARG","ranger_et",0.752153088456233
"cz_hnscc_hpv","regulatory_T_cell","FOXP1","ranger_et",0.604113486785277
"cz_hnscc_hpv","regulatory_T_cell","MYC","ranger_et",0.718864360507359
"cz_hnscc_hpv","regulatory_T_cell","CEBPB","ranger_et",0.595854809147938
"cz_hnscc_hpv","regulatory_T_cell","TFAP4","ranger_et",0.737862078912085
"cz_hnscc_hpv","regulatory_T_cell","PRDM1","ranger_et",0.773187627064414
"cz_hnscc_hpv","regulatory_T_cell","IRF1","ranger_et",0.699963384788466
"cz_hnscc_hpv","regulatory_T_cell","EGR1","xgboost",0.757870486562122
"cz_hnscc_hpv","regulatory_T_cell","ATF3","xgboost",0.781456772508539
"cz_hnscc_hpv","regulatory_T_cell","FOXP3","xgboost",0.832629982015978
"cz_hnscc_hpv","regulatory_T_cell","STAT3","xgboost",0.756021503105499
"cz_hnscc_hpv","regulatory_T_cell","FOXE1","xgboost",0.767884713936426
"cz_hnscc_hpv","regulatory_T_cell","EHF","xgboost",0.730743408595733
"cz_hnscc_hpv","regulatory_T_cell","ELF3","xgboost",0.748031914287533
"cz_hnscc_hpv","regulatory_T_cell","PAX5","xgboost",0.814542428356248
"cz_hnscc_hpv","regulatory_T_cell","TFAP2D","xgboost",0.762122537928225
"cz_hnscc_hpv","regulatory_T_cell","ELF4","xgboost",0.753496573092124
"cz_hnscc_hpv","regulatory_T_cell","TFAP2C","xgboost",0.814238054737911
"cz_hnscc_hpv","regulatory_T_cell","GATA3","xgboost",0.790648405860066
"cz_hnscc_hpv","regulatory_T_cell","ETV1","xgboost",0.745920267171416
"cz_hnscc_hpv","regulatory_T_cell","TEAD2","xgboost",0.814310668284577
"cz_hnscc_hpv","regulatory_T_cell","ETS2","xgboost",0.763672624173398
"cz_hnscc_hpv","regulatory_T_cell","FOSL1","xgboost",0.752200288875546
"cz_hnscc_hpv","regulatory_T_cell","BRCA1","xgboost",0.721569088176455
"cz_hnscc_hpv","regulatory_T_cell","AR","xgboost",0.73114930667913
"cz_hnscc_hpv","regulatory_T_cell","NR4A1","xgboost",0.735421413190494
"cz_hnscc_hpv","regulatory_T_cell","NR3C1","xgboost",0.731164646669208
"cz_hnscc_hpv","regulatory_T_cell","JUNB","xgboost",0.760757514826866
"cz_hnscc_hpv","regulatory_T_cell","KLF5","xgboost",0.734551505497541
"cz_hnscc_hpv","regulatory_T_cell","PAX8","xgboost",0.793748353378295
"cz_hnscc_hpv","regulatory_T_cell","NR4A2","xgboost",0.760170023855615
"cz_hnscc_hpv","regulatory_T_cell","PPARG","xgboost",0.811025393461342
"cz_hnscc_hpv","regulatory_T_cell","RUNX3","xgboost",0.772331098472599
"cz_hnscc_hpv","regulatory_T_cell","MAFA","xgboost",0.733714047788009
"cz_hnscc_hpv","regulatory_T_cell","FOSL2","xgboost",0.771649526133508
"cz_hnscc_hpv","regulatory_T_cell","FOS","xgboost",0.636723103403409
"cz_hnscc_hpv","regulatory_T_cell","RFX8","xgboost",0.785666613679986
"cz_hnscc_hpv","regulatory_T_cell","RUNX2","xgboost",0.778135655758599
"cz_hnscc_hpv","regulatory_T_cell","MAFB","xgboost",0.744263205020503
"cz_hnscc_hpv","regulatory_T_cell","PRDM11","xgboost",0.727066293530719
"cz_hnscc_hpv","regulatory_T_cell","NFE2L2","xgboost",0.748025364490322
"cz_hnscc_hpv","regulatory_T_cell","ZBTB1","xgboost",0.748688107930081
"cz_hnscc_hpv","regulatory_T_cell","CREM","xgboost",0.754117329894103
"cz_hnscc_hpv","regulatory_T_cell","TWIST2","xgboost",0.774698734767508
"cz_hnscc_hpv","regulatory_T_cell","GRHL1","xgboost",0.674914273461749
"cz_hnscc_hpv","regulatory_T_cell","MYCN","xgboost",0.710453457666647
"cz_hnscc_hpv","regulatory_T_cell","SOX2","xgboost",0.609121376627171
"cz_hnscc_hpv","regulatory_T_cell","ZNF554","xgboost",0.53955272100736
"cz_hnscc_hpv","regulatory_T_cell","SOX9","xgboost",0.613767459209543
"cz_hnscc_hpv","regulatory_T_cell","PKNOX1","xgboost",0.559056046691928
"cz_hnscc_hpv","regulatory_T_cell","FOXD1","xgboost",0.5634645739774
"cz_hnscc_hpv","regulatory_T_cell","LMO2","xgboost",0.647691901705248
"cz_hnscc_hpv","regulatory_T_cell","CEBPD","xgboost",0.557882385282286
"cz_hnscc_hpv","regulatory_T_cell","IRF7","xgboost",0.264767359481534
"cz_hnscc_hpv","regulatory_T_cell","RBPJ","xgboost",0.585145420895762
"cz_hnscc_hpv","regulatory_T_cell","POU3F1","xgboost",0.663571872355028
"cz_hnscc_hpv","regulatory_T_cell","CEBPA","xgboost",0.706563107034456
"cz_hnscc_hpv","regulatory_T_cell","ATF5","xgboost",0.653105707765968
"cz_hnscc_hpv","regulatory_T_cell","ASCL1","xgboost",0.640246184173757
"cz_hnscc_hpv","regulatory_T_cell","HLF","xgboost",0.692612572235973
"cz_hnscc_hpv","regulatory_T_cell","SP100","xgboost",0.595693070321362
"cz_hnscc_hpv","regulatory_T_cell","VDR","xgboost",0.764884510794225
"cz_hnscc_hpv","regulatory_T_cell","ZFP57","xgboost",0.598395616992373
"cz_hnscc_hpv","regulatory_T_cell","BCL11B","xgboost",0.779808469698677
"cz_hnscc_hpv","regulatory_T_cell","ZNF816","xgboost",0.584546565430075
"cz_hnscc_hpv","regulatory_T_cell","JUN","xgboost",0.676293497848895
"cz_hnscc_hpv","regulatory_T_cell","IKZF3","xgboost",0.671249386297503
"cz_hnscc_hpv","regulatory_T_cell","CHD2","xgboost",0.584632433497451
"cz_hnscc_hpv","regulatory_T_cell","NFIA","xgboost",0.695163968622892
"cz_hnscc_hpv","regulatory_T_cell","FOXB1","xgboost",0.693738481408007
"cz_hnscc_hpv","regulatory_T_cell","FOXJ1","xgboost",0.662845119477266
"cz_hnscc_hpv","regulatory_T_cell","RORA","xgboost",0.691832710581374
"cz_hnscc_hpv","regulatory_T_cell","JUND","xgboost",0.626996892139639
"cz_hnscc_hpv","regulatory_T_cell","ZSCAN22","xgboost",0.664553227137305
"cz_hnscc_hpv","regulatory_T_cell","POU2F2","xgboost",0.801403116670396
"cz_hnscc_hpv","regulatory_T_cell","KLF2","xgboost",0.643374597628646
"cz_hnscc_hpv","regulatory_T_cell","TCF4","xgboost",0.739770020156184
"cz_hnscc_hpv","regulatory_T_cell","ELF1","xgboost",0.56285169921127
"cz_hnscc_hpv","regulatory_T_cell","IKZF4","xgboost",0.467508555066323
"cz_hnscc_hpv","regulatory_T_cell","MAF","xgboost",0.803181098580833
"cz_hnscc_hpv","regulatory_T_cell","ENO1","xgboost",0.83154317454726
"cz_hnscc_hpv","regulatory_T_cell","KLF6","xgboost",0.540240587767495
"cz_hnscc_hpv","regulatory_T_cell","HMGN3","xgboost",0.704844673173077
"cz_hnscc_hpv","regulatory_T_cell","HES1","xgboost",0.567349743897662
"cz_hnscc_hpv","regulatory_T_cell","KLF10","xgboost",0.674658620929565
"cz_hnscc_hpv","regulatory_T_cell","FOSB","xgboost",0.742924198859322
"cz_hnscc_hpv","regulatory_T_cell","ZNF331","xgboost",0.806733527258381
"cz_hnscc_hpv","regulatory_T_cell","BHLHE40","xgboost",0.649679080053583
"cz_hnscc_hpv","regulatory_T_cell","EOMES","xgboost",0.726029206973062
"cz_hnscc_hpv","regulatory_T_cell","ASCL2","xgboost",0.746915336732107
"cz_hnscc_hpv","regulatory_T_cell","IKZF1","xgboost",0.724057832031147
"cz_hnscc_hpv","regulatory_T_cell","STAT1","xgboost",0.29193961598977
"cz_hnscc_hpv","regulatory_T_cell","JDP2","xgboost",0.750315517116441
"cz_hnscc_hpv","regulatory_T_cell","ETS1","xgboost",0.698244278704613
"cz_hnscc_hpv","regulatory_T_cell","SOX21","xgboost",0.72577826777706
"cz_hnscc_hpv","regulatory_T_cell","TEAD1","xgboost",0.692962024347093
"cz_hnscc_hpv","regulatory_T_cell","REL","xgboost",0.724127856458727
"cz_hnscc_hpv","regulatory_T_cell","ZBTB14","xgboost",0.638151268837819
"cz_hnscc_hpv","regulatory_T_cell","MYBL2","xgboost",0.739966315970956
"cz_hnscc_hpv","regulatory_T_cell","KLF3","xgboost",0.76129729761879
"cz_hnscc_hpv","regulatory_T_cell","ID3","xgboost",0.782332401401311
"cz_hnscc_hpv","regulatory_T_cell","TP63","xgboost",0.779155693953893
"cz_hnscc_hpv","regulatory_T_cell","ID1","xgboost",0.758696849353355
"cz_hnscc_hpv","regulatory_T_cell","PLAGL1","xgboost",0.803830849952137
"cz_hnscc_hpv","regulatory_T_cell","ID2","xgboost",0.807755911303621
"cz_hnscc_hpv","regulatory_T_cell","AHR","xgboost",0.770155246542449
"cz_hnscc_hpv","regulatory_T_cell","ZNF768","xgboost",0.793302505741204
"cz_hnscc_hpv","regulatory_T_cell","CREB3L2","xgboost",0.722252996823336
"cz_hnscc_hpv","regulatory_T_cell","NFKB1","xgboost",0.74845614159665
"cz_hnscc_hpv","regulatory_T_cell","BATF3","xgboost",0.791104620494466
"cz_hnscc_hpv","regulatory_T_cell","POU5F1","xgboost",0.740239334276665
"cz_hnscc_hpv","regulatory_T_cell","E2F7","xgboost",0.74113423049693
"cz_hnscc_hpv","regulatory_T_cell","IRF4","xgboost",0.631242303691453
"cz_hnscc_hpv","regulatory_T_cell","TWIST1","xgboost",0.829289242776318
"cz_hnscc_hpv","regulatory_T_cell","EGR3","xgboost",0.779215842821454
"cz_hnscc_hpv","regulatory_T_cell","BATF","xgboost",0.835530837408695
"cz_hnscc_hpv","regulatory_T_cell","KLF9","xgboost",0.737899554638531
"cz_hnscc_hpv","regulatory_T_cell","HES4","xgboost",0.768362030002294
"cz_hnscc_hpv","regulatory_T_cell","EGR2","xgboost",0.703949226455767
"cz_hnscc_hpv","regulatory_T_cell","NR4A3","xgboost",0.756393580820845
"cz_hnscc_hpv","regulatory_T_cell","ETV5","xgboost",0.775757139281349
"cz_hnscc_hpv","regulatory_T_cell","RARG","xgboost",0.81064896484634
"cz_hnscc_hpv","regulatory_T_cell","FOXP1","xgboost",0.629051368773754
"cz_hnscc_hpv","regulatory_T_cell","MYC","xgboost",0.742885449325247
"cz_hnscc_hpv","regulatory_T_cell","CEBPB","xgboost",0.626341684218759
"cz_hnscc_hpv","regulatory_T_cell","TFAP4","xgboost",0.766907799917055
"cz_hnscc_hpv","regulatory_T_cell","PRDM1","xgboost",0.822199984391267
"cz_hnscc_hpv","regulatory_T_cell","IRF1","xgboost",0.757378603570159
"cz_hnscc_hpv","regulatory_T_cell","EGR1","mars",0.684816833836105
"cz_hnscc_hpv","regulatory_T_cell","ATF3","mars",0.722848954390606
"cz_hnscc_hpv","regulatory_T_cell","FOXP3","mars",0.796077670999789
"cz_hnscc_hpv","regulatory_T_cell","STAT3","mars",0.690417860843418
"cz_hnscc_hpv","regulatory_T_cell","FOXE1","mars",0.732935376268116
"cz_hnscc_hpv","regulatory_T_cell","EHF","mars",0.655934066749897
"cz_hnscc_hpv","regulatory_T_cell","ELF3","mars",0.686048473200987
"cz_hnscc_hpv","regulatory_T_cell","PAX5","mars",0.751473046689016
"cz_hnscc_hpv","regulatory_T_cell","TFAP2D","mars",0.701771862063533
"cz_hnscc_hpv","regulatory_T_cell","ELF4","mars",0.668155296240484
"cz_hnscc_hpv","regulatory_T_cell","TFAP2C","mars",0.796834674488177
"cz_hnscc_hpv","regulatory_T_cell","GATA3","mars",0.743927094036861
"cz_hnscc_hpv","regulatory_T_cell","ETV1","mars",0.66762981414641
"cz_hnscc_hpv","regulatory_T_cell","TEAD2","mars",0.760630843907101
"cz_hnscc_hpv","regulatory_T_cell","ETS2","mars",0.672589277368142
"cz_hnscc_hpv","regulatory_T_cell","FOSL1","mars",0.669715434490429
"cz_hnscc_hpv","regulatory_T_cell","BRCA1","mars",0.67078267641045
"cz_hnscc_hpv","regulatory_T_cell","AR","mars",0.671213751458764
"cz_hnscc_hpv","regulatory_T_cell","NR4A1","mars",0.646229523066044
"cz_hnscc_hpv","regulatory_T_cell","NR3C1","mars",0.681382581166956
"cz_hnscc_hpv","regulatory_T_cell","JUNB","mars",0.695753076459399
"cz_hnscc_hpv","regulatory_T_cell","KLF5","mars",0.617279268800947
"cz_hnscc_hpv","regulatory_T_cell","PAX8","mars",0.747780045416603
"cz_hnscc_hpv","regulatory_T_cell","NR4A2","mars",0.716267016097561
"cz_hnscc_hpv","regulatory_T_cell","PPARG","mars",0.770724868359756
"cz_hnscc_hpv","regulatory_T_cell","RUNX3","mars",0.695102473666262
"cz_hnscc_hpv","regulatory_T_cell","MAFA","mars",0.69162405936686
"cz_hnscc_hpv","regulatory_T_cell","FOSL2","mars",0.679735391591815
"cz_hnscc_hpv","regulatory_T_cell","FOS","mars",0.519332158531244
"cz_hnscc_hpv","regulatory_T_cell","RFX8","mars",0.728782181128679
"cz_hnscc_hpv","regulatory_T_cell","RUNX2","mars",0.752759083023338
"cz_hnscc_hpv","regulatory_T_cell","MAFB","mars",0.689828543802811
"cz_hnscc_hpv","regulatory_T_cell","PRDM11","mars",0.626015209204252
"cz_hnscc_hpv","regulatory_T_cell","NFE2L2","mars",0.679727515578602
"cz_hnscc_hpv","regulatory_T_cell","ZBTB1","mars",0.667130835096634
"cz_hnscc_hpv","regulatory_T_cell","CREM","mars",0.680092834748117
"cz_hnscc_hpv","regulatory_T_cell","TWIST2","mars",0.743118349812808
"cz_hnscc_hpv","regulatory_T_cell","GRHL1","mars",0.438482926871253
"cz_hnscc_hpv","regulatory_T_cell","MYCN","mars",0.631290877983202
"cz_hnscc_hpv","regulatory_T_cell","SOX2","mars",0.500317416723338
"cz_hnscc_hpv","regulatory_T_cell","ZNF554","mars",0.370204261877432
"cz_hnscc_hpv","regulatory_T_cell","SOX9","mars",0.4240365942655
"cz_hnscc_hpv","regulatory_T_cell","PKNOX1","mars",0.345106416747401
"cz_hnscc_hpv","regulatory_T_cell","FOXD1","mars",0.417307452726904
"cz_hnscc_hpv","regulatory_T_cell","LMO2","mars",0.536832188435166
"cz_hnscc_hpv","regulatory_T_cell","CEBPD","mars",0.438120557237293
"cz_hnscc_hpv","regulatory_T_cell","IRF7","mars",0.0399089719195959
"cz_hnscc_hpv","regulatory_T_cell","RBPJ","mars",0.411965883528248
"cz_hnscc_hpv","regulatory_T_cell","POU3F1","mars",0.561095128246189
"cz_hnscc_hpv","regulatory_T_cell","CEBPA","mars",0.58245432487593
"cz_hnscc_hpv","regulatory_T_cell","ATF5","mars",0.516982544404791
"cz_hnscc_hpv","regulatory_T_cell","ASCL1","mars",0.481255953016137
"cz_hnscc_hpv","regulatory_T_cell","HLF","mars",0.615342402242267
"cz_hnscc_hpv","regulatory_T_cell","SP100","mars",0.511116675654978
"cz_hnscc_hpv","regulatory_T_cell","VDR","mars",0.688415954431851
"cz_hnscc_hpv","regulatory_T_cell","ZFP57","mars",0.490349900306962
"cz_hnscc_hpv","regulatory_T_cell","BCL11B","mars",0.695871821513107
"cz_hnscc_hpv","regulatory_T_cell","ZNF816","mars",0.492966207668026
"cz_hnscc_hpv","regulatory_T_cell","JUN","mars",0.5057143441307
"cz_hnscc_hpv","regulatory_T_cell","IKZF3","mars",0.615919361694566
"cz_hnscc_hpv","regulatory_T_cell","CHD2","mars",0.316904571515975
"cz_hnscc_hpv","regulatory_T_cell","NFIA","mars",0.539118523383622
"cz_hnscc_hpv","regulatory_T_cell","FOXB1","mars",0.579768267221044
"cz_hnscc_hpv","regulatory_T_cell","FOXJ1","mars",0.556437068727933
"cz_hnscc_hpv","regulatory_T_cell","RORA","mars",0.587493641083181
"cz_hnscc_hpv","regulatory_T_cell","JUND","mars",0.502949925370031
"cz_hnscc_hpv","regulatory_T_cell","ZSCAN22","mars",0.506269503552197
"cz_hnscc_hpv","regulatory_T_cell","POU2F2","mars",0.739142255533209
"cz_hnscc_hpv","regulatory_T_cell","KLF2","mars",0.524809376994892
"cz_hnscc_hpv","regulatory_T_cell","TCF4","mars",0.651999928228041
"cz_hnscc_hpv","regulatory_T_cell","ELF1","mars",0.396101695059748
"cz_hnscc_hpv","regulatory_T_cell","IKZF4","mars",0.25933651943535
"cz_hnscc_hpv","regulatory_T_cell","MAF","mars",0.742087737890542
"cz_hnscc_hpv","regulatory_T_cell","ENO1","mars",0.785551247543784
"cz_hnscc_hpv","regulatory_T_cell","KLF6","mars",0.316180320264062
"cz_hnscc_hpv","regulatory_T_cell","HMGN3","mars",0.617192973278557
"cz_hnscc_hpv","regulatory_T_cell","HES1","mars",0.417889815517065
"cz_hnscc_hpv","regulatory_T_cell","KLF10","mars",0.599562846448947
"cz_hnscc_hpv","regulatory_T_cell","FOSB","mars",0.673080155072721
"cz_hnscc_hpv","regulatory_T_cell","ZNF331","mars",0.732258556609814
"cz_hnscc_hpv","regulatory_T_cell","BHLHE40","mars",0.495393286428026
"cz_hnscc_hpv","regulatory_T_cell","EOMES","mars",0.671055802463857
"cz_hnscc_hpv","regulatory_T_cell","ASCL2","mars",0.652247010034418
"cz_hnscc_hpv","regulatory_T_cell","IKZF1","mars",0.625525414339191
"cz_hnscc_hpv","regulatory_T_cell","STAT1","mars",-0.794299834680089
"cz_hnscc_hpv","regulatory_T_cell","JDP2","mars",0.665849553191556
"cz_hnscc_hpv","regulatory_T_cell","ETS1","mars",0.60733289844074
"cz_hnscc_hpv","regulatory_T_cell","SOX21","mars",0.642812660787543
"cz_hnscc_hpv","regulatory_T_cell","TEAD1","mars",0.591972096898088
"cz_hnscc_hpv","regulatory_T_cell","REL","mars",0.638288007341516
"cz_hnscc_hpv","regulatory_T_cell","ZBTB14","mars",0.533386442062127
"cz_hnscc_hpv","regulatory_T_cell","MYBL2","mars",0.594749893632522
"cz_hnscc_hpv","regulatory_T_cell","KLF3","mars",0.668481630867442
"cz_hnscc_hpv","regulatory_T_cell","ID3","mars",0.687297900116452
"cz_hnscc_hpv","regulatory_T_cell","TP63","mars",0.695509540575206
"cz_hnscc_hpv","regulatory_T_cell","ID1","mars",0.690362937105266
"cz_hnscc_hpv","regulatory_T_cell","PLAGL1","mars",0.75382938009745
"cz_hnscc_hpv","regulatory_T_cell","ID2","mars",0.741462963547841
"cz_hnscc_hpv","regulatory_T_cell","AHR","mars",0.646889724525042
"cz_hnscc_hpv","regulatory_T_cell","ZNF768","mars",0.731786770461585
"cz_hnscc_hpv","regulatory_T_cell","CREB3L2","mars",0.604573827487631
"cz_hnscc_hpv","regulatory_T_cell","NFKB1","mars",0.68635243101866
"cz_hnscc_hpv","regulatory_T_cell","BATF3","mars",0.718155220812015
"cz_hnscc_hpv","regulatory_T_cell","POU5F1","mars",0.642614403885277
"cz_hnscc_hpv","regulatory_T_cell","E2F7","mars",0.688402545141198
"cz_hnscc_hpv","regulatory_T_cell","IRF4","mars",0.479716670365676
"cz_hnscc_hpv","regulatory_T_cell","TWIST1","mars",0.806989426885879
"cz_hnscc_hpv","regulatory_T_cell","EGR3","mars",0.716909214848684
"cz_hnscc_hpv","regulatory_T_cell","BATF","mars",0.806746503832182
"cz_hnscc_hpv","regulatory_T_cell","KLF9","mars",0.674282271195989
"cz_hnscc_hpv","regulatory_T_cell","HES4","mars",0.705411737270497
"cz_hnscc_hpv","regulatory_T_cell","EGR2","mars",0.634227022723482
"cz_hnscc_hpv","regulatory_T_cell","NR4A3","mars",0.690970416602187
"cz_hnscc_hpv","regulatory_T_cell","ETV5","mars",0.722593062472181
"cz_hnscc_hpv","regulatory_T_cell","RARG","mars",0.74132756705032
"cz_hnscc_hpv","regulatory_T_cell","FOXP1","mars",0.473800322690768
"cz_hnscc_hpv","regulatory_T_cell","MYC","mars",0.687474422177703
"cz_hnscc_hpv","regulatory_T_cell","CEBPB","mars",0.501502551228902
"cz_hnscc_hpv","regulatory_T_cell","TFAP4","mars",0.715789012633794
"cz_hnscc_hpv","regulatory_T_cell","PRDM1","mars",0.776005716399213
"cz_hnscc_hpv","regulatory_T_cell","IRF1","mars",0.674214224620516
"cz_hnscc_hpv","regulatory_T_cell","EGR1","svm_rbf",0.756976091253733
"cz_hnscc_hpv","regulatory_T_cell","ATF3","svm_rbf",0.769517294621732
"cz_hnscc_hpv","regulatory_T_cell","FOXP3","svm_rbf",0.828354268974209
"cz_hnscc_hpv","regulatory_T_cell","STAT3","svm_rbf",0.752305395780338
"cz_hnscc_hpv","regulatory_T_cell","FOXE1","svm_rbf",0.771758067408769
"cz_hnscc_hpv","regulatory_T_cell","EHF","svm_rbf",0.732589086612213
"cz_hnscc_hpv","regulatory_T_cell","ELF3","svm_rbf",0.750359439705345
"cz_hnscc_hpv","regulatory_T_cell","PAX5","svm_rbf",0.811601740127771
"cz_hnscc_hpv","regulatory_T_cell","TFAP2D","svm_rbf",0.771008118647725
"cz_hnscc_hpv","regulatory_T_cell","ELF4","svm_rbf",0.755989645828861
"cz_hnscc_hpv","regulatory_T_cell","TFAP2C","svm_rbf",0.816130235915647
"cz_hnscc_hpv","regulatory_T_cell","GATA3","svm_rbf",0.800514190913147
"cz_hnscc_hpv","regulatory_T_cell","ETV1","svm_rbf",0.742262131552142
"cz_hnscc_hpv","regulatory_T_cell","TEAD2","svm_rbf",0.826366430529976
"cz_hnscc_hpv","regulatory_T_cell","ETS2","svm_rbf",0.762057697770563
"cz_hnscc_hpv","regulatory_T_cell","FOSL1","svm_rbf",0.759468425780439
"cz_hnscc_hpv","regulatory_T_cell","BRCA1","svm_rbf",0.730783136521416
"cz_hnscc_hpv","regulatory_T_cell","AR","svm_rbf",0.74160587798025
"cz_hnscc_hpv","regulatory_T_cell","NR4A1","svm_rbf",0.734842487474222
"cz_hnscc_hpv","regulatory_T_cell","NR3C1","svm_rbf",0.754229278527721
"cz_hnscc_hpv","regulatory_T_cell","JUNB","svm_rbf",0.759130279716075
"cz_hnscc_hpv","regulatory_T_cell","KLF5","svm_rbf",0.725565723331344
"cz_hnscc_hpv","regulatory_T_cell","PAX8","svm_rbf",0.804603477126948
"cz_hnscc_hpv","regulatory_T_cell","NR4A2","svm_rbf",0.768983503258915
"cz_hnscc_hpv","regulatory_T_cell","PPARG","svm_rbf",0.814082683316755
"cz_hnscc_hpv","regulatory_T_cell","RUNX3","svm_rbf",0.77094104669164
"cz_hnscc_hpv","regulatory_T_cell","MAFA","svm_rbf",0.743421978421207
"cz_hnscc_hpv","regulatory_T_cell","FOSL2","svm_rbf",0.772013821742487
"cz_hnscc_hpv","regulatory_T_cell","FOS","svm_rbf",0.652810968295198
"cz_hnscc_hpv","regulatory_T_cell","RFX8","svm_rbf",0.787913169750559
"cz_hnscc_hpv","regulatory_T_cell","RUNX2","svm_rbf",0.784708667135323
"cz_hnscc_hpv","regulatory_T_cell","MAFB","svm_rbf",0.758400730512761
"cz_hnscc_hpv","regulatory_T_cell","PRDM11","svm_rbf",0.730127050252405
"cz_hnscc_hpv","regulatory_T_cell","NFE2L2","svm_rbf",0.748574461827013
"cz_hnscc_hpv","regulatory_T_cell","ZBTB1","svm_rbf",0.74297475852706
"cz_hnscc_hpv","regulatory_T_cell","CREM","svm_rbf",0.760225093931334
"cz_hnscc_hpv","regulatory_T_cell","TWIST2","svm_rbf",0.778862237418836
"cz_hnscc_hpv","regulatory_T_cell","GRHL1","svm_rbf",0.683996909563578
"cz_hnscc_hpv","regulatory_T_cell","MYCN","svm_rbf",0.700366334015961
"cz_hnscc_hpv","regulatory_T_cell","SOX2","svm_rbf",0.629657400674602
"cz_hnscc_hpv","regulatory_T_cell","ZNF554","svm_rbf",0.569318901786966
"cz_hnscc_hpv","regulatory_T_cell","SOX9","svm_rbf",0.619846409880897
"cz_hnscc_hpv","regulatory_T_cell","PKNOX1","svm_rbf",0.591833401482794
"cz_hnscc_hpv","regulatory_T_cell","FOXD1","svm_rbf",0.589013145508772
"cz_hnscc_hpv","regulatory_T_cell","LMO2","svm_rbf",0.657304935773634
"cz_hnscc_hpv","regulatory_T_cell","CEBPD","svm_rbf",0.555357119627104
"cz_hnscc_hpv","regulatory_T_cell","IRF7","svm_rbf",0.228675078202104
"cz_hnscc_hpv","regulatory_T_cell","RBPJ","svm_rbf",0.597860468166139
"cz_hnscc_hpv","regulatory_T_cell","POU3F1","svm_rbf",0.677147905207213
"cz_hnscc_hpv","regulatory_T_cell","CEBPA","svm_rbf",0.710057707814413
"cz_hnscc_hpv","regulatory_T_cell","ATF5","svm_rbf",0.65424031563681
"cz_hnscc_hpv","regulatory_T_cell","ASCL1","svm_rbf",0.639897214809357
"cz_hnscc_hpv","regulatory_T_cell","HLF","svm_rbf",0.70723141032642
"cz_hnscc_hpv","regulatory_T_cell","SP100","svm_rbf",0.601004345095579
"cz_hnscc_hpv","regulatory_T_cell","VDR","svm_rbf",0.77771250040951
"cz_hnscc_hpv","regulatory_T_cell","ZFP57","svm_rbf",0.610055949691113
"cz_hnscc_hpv","regulatory_T_cell","BCL11B","svm_rbf",0.783278837246266
"cz_hnscc_hpv","regulatory_T_cell","ZNF816","svm_rbf",0.612118962817775
"cz_hnscc_hpv","regulatory_T_cell","JUN","svm_rbf",0.684107009756551
"cz_hnscc_hpv","regulatory_T_cell","IKZF3","svm_rbf",0.676743158266559
"cz_hnscc_hpv","regulatory_T_cell","CHD2","svm_rbf",0.597419403702233
"cz_hnscc_hpv","regulatory_T_cell","NFIA","svm_rbf",0.700711997757402
"cz_hnscc_hpv","regulatory_T_cell","FOXB1","svm_rbf",0.711573240965667
"cz_hnscc_hpv","regulatory_T_cell","FOXJ1","svm_rbf",0.686482669085142
"cz_hnscc_hpv","regulatory_T_cell","RORA","svm_rbf",0.694787172521111
"cz_hnscc_hpv","regulatory_T_cell","JUND","svm_rbf",0.63393727637048
"cz_hnscc_hpv","regulatory_T_cell","ZSCAN22","svm_rbf",0.694538238581929
"cz_hnscc_hpv","regulatory_T_cell","POU2F2","svm_rbf",0.800828540386111
"cz_hnscc_hpv","regulatory_T_cell","KLF2","svm_rbf",0.667521064181964
"cz_hnscc_hpv","regulatory_T_cell","TCF4","svm_rbf",0.743842137474559
"cz_hnscc_hpv","regulatory_T_cell","ELF1","svm_rbf",0.572885708248392
"cz_hnscc_hpv","regulatory_T_cell","IKZF4","svm_rbf",0.475398969400975
"cz_hnscc_hpv","regulatory_T_cell","MAF","svm_rbf",0.818615575607026
"cz_hnscc_hpv","regulatory_T_cell","ENO1","svm_rbf",0.812201961924237
"cz_hnscc_hpv","regulatory_T_cell","KLF6","svm_rbf",0.532199442563736
"cz_hnscc_hpv","regulatory_T_cell","HMGN3","svm_rbf",0.730120694664733
"cz_hnscc_hpv","regulatory_T_cell","HES1","svm_rbf",0.58052745743777
"cz_hnscc_hpv","regulatory_T_cell","KLF10","svm_rbf",0.675922944819943
"cz_hnscc_hpv","regulatory_T_cell","FOSB","svm_rbf",0.762804569400254
"cz_hnscc_hpv","regulatory_T_cell","ZNF331","svm_rbf",0.803358087713584
"cz_hnscc_hpv","regulatory_T_cell","BHLHE40","svm_rbf",0.654272664368676
"cz_hnscc_hpv","regulatory_T_cell","EOMES","svm_rbf",0.737070248146757
"cz_hnscc_hpv","regulatory_T_cell","ASCL2","svm_rbf",0.757545095760613
"cz_hnscc_hpv","regulatory_T_cell","IKZF1","svm_rbf",0.744218497044328
"cz_hnscc_hpv","regulatory_T_cell","STAT1","svm_rbf",0.270716025388662
"cz_hnscc_hpv","regulatory_T_cell","JDP2","svm_rbf",0.749793382512471
"cz_hnscc_hpv","regulatory_T_cell","ETS1","svm_rbf",0.701898294103924
"cz_hnscc_hpv","regulatory_T_cell","SOX21","svm_rbf",0.717676182231346
"cz_hnscc_hpv","regulatory_T_cell","TEAD1","svm_rbf",0.694449451153117
"cz_hnscc_hpv","regulatory_T_cell","REL","svm_rbf",0.717227005874521
"cz_hnscc_hpv","regulatory_T_cell","ZBTB14","svm_rbf",0.656849352290496
"cz_hnscc_hpv","regulatory_T_cell","MYBL2","svm_rbf",0.758680922057873
"cz_hnscc_hpv","regulatory_T_cell","KLF3","svm_rbf",0.773162013483987
"cz_hnscc_hpv","regulatory_T_cell","ID3","svm_rbf",0.786791318258976
"cz_hnscc_hpv","regulatory_T_cell","TP63","svm_rbf",0.785811596456773
"cz_hnscc_hpv","regulatory_T_cell","ID1","svm_rbf",0.763233399948646
"cz_hnscc_hpv","regulatory_T_cell","PLAGL1","svm_rbf",0.812560449194401
"cz_hnscc_hpv","regulatory_T_cell","ID2","svm_rbf",0.822935947132387
"cz_hnscc_hpv","regulatory_T_cell","AHR","svm_rbf",0.777432439222907
"cz_hnscc_hpv","regulatory_T_cell","ZNF768","svm_rbf",0.811479408956264
"cz_hnscc_hpv","regulatory_T_cell","CREB3L2","svm_rbf",0.729005086570672
"cz_hnscc_hpv","regulatory_T_cell","NFKB1","svm_rbf",0.762028413507203
"cz_hnscc_hpv","regulatory_T_cell","BATF3","svm_rbf",0.795821327758862
"cz_hnscc_hpv","regulatory_T_cell","POU5F1","svm_rbf",0.745794520080818
"cz_hnscc_hpv","regulatory_T_cell","E2F7","svm_rbf",0.769718283185433
"cz_hnscc_hpv","regulatory_T_cell","IRF4","svm_rbf",0.622734389757056
"cz_hnscc_hpv","regulatory_T_cell","TWIST1","svm_rbf",0.82169665723388
"cz_hnscc_hpv","regulatory_T_cell","EGR3","svm_rbf",0.779832150012796
"cz_hnscc_hpv","regulatory_T_cell","BATF","svm_rbf",0.83413738762202
"cz_hnscc_hpv","regulatory_T_cell","KLF9","svm_rbf",0.752557666108953
"cz_hnscc_hpv","regulatory_T_cell","HES4","svm_rbf",0.769211179116081
"cz_hnscc_hpv","regulatory_T_cell","EGR2","svm_rbf",0.725869841446055
"cz_hnscc_hpv","regulatory_T_cell","NR4A3","svm_rbf",0.763752074434249
"cz_hnscc_hpv","regulatory_T_cell","ETV5","svm_rbf",0.7819800951344
"cz_hnscc_hpv","regulatory_T_cell","RARG","svm_rbf",0.818143974352276
"cz_hnscc_hpv","regulatory_T_cell","FOXP1","svm_rbf",0.630219739243386
"cz_hnscc_hpv","regulatory_T_cell","MYC","svm_rbf",0.773837303938787
"cz_hnscc_hpv","regulatory_T_cell","CEBPB","svm_rbf",0.614650404377887
"cz_hnscc_hpv","regulatory_T_cell","TFAP4","svm_rbf",0.780243776761447
"cz_hnscc_hpv","regulatory_T_cell","PRDM1","svm_rbf",0.826437865881824
"cz_hnscc_hpv","regulatory_T_cell","IRF1","svm_rbf",0.757723625707089
"cz_hnscc_hpv","mast_cell","MYC","ranger_et",0.472540104856906
"cz_hnscc_hpv","mast_cell","KLF4","ranger_et",0.452665248152193
"cz_hnscc_hpv","mast_cell","THRA","ranger_et",0.418793500435417
"cz_hnscc_hpv","mast_cell","ESR2","ranger_et",0.508634326631281
"cz_hnscc_hpv","mast_cell","CREB5","ranger_et",0.516966078041576
"cz_hnscc_hpv","mast_cell","ELF3","ranger_et",0.447015440434096
"cz_hnscc_hpv","mast_cell","KLF11","ranger_et",0.419527911895623
"cz_hnscc_hpv","mast_cell","NFKB1","ranger_et",0.386983770792301
"cz_hnscc_hpv","mast_cell","NFE2","ranger_et",0.455823452748744
"cz_hnscc_hpv","mast_cell","POLR3A","ranger_et",0.479627268061776
"cz_hnscc_hpv","mast_cell","HDAC2","ranger_et",0.467252104867234
"cz_hnscc_hpv","mast_cell","NR4A1","ranger_et",0.533973212474136
"cz_hnscc_hpv","mast_cell","HIF1A","ranger_et",0.439550933393675
"cz_hnscc_hpv","mast_cell","ETV5","ranger_et",0.45573759682751
"cz_hnscc_hpv","mast_cell","GATA2","ranger_et",0.559595485534767
"cz_hnscc_hpv","mast_cell","TWIST1","ranger_et",0.496578189313116
"cz_hnscc_hpv","mast_cell","FOSL2","ranger_et",0.451274097062619
"cz_hnscc_hpv","mast_cell","FOXC1","ranger_et",0.308176102728649
"cz_hnscc_hpv","mast_cell","MEF2B","ranger_et",0.40969428013304
"cz_hnscc_hpv","mast_cell","EP300","ranger_et",0.509874426934448
"cz_hnscc_hpv","mast_cell","ATF3","ranger_et",0.360562131428837
"cz_hnscc_hpv","mast_cell","E2F3","ranger_et",0.39423435952831
"cz_hnscc_hpv","mast_cell","CLOCK","ranger_et",0.403405787303041
"cz_hnscc_hpv","mast_cell","BCL3","ranger_et",0.48836349839315
"cz_hnscc_hpv","mast_cell","ZSCAN22","ranger_et",0.465166246566479
"cz_hnscc_hpv","mast_cell","ZNF322","ranger_et",0.518705505392982
"cz_hnscc_hpv","mast_cell","EPAS1","ranger_et",0.509990058192634
"cz_hnscc_hpv","mast_cell","RORA","ranger_et",0.342833618594756
"cz_hnscc_hpv","mast_cell","HOXA9","ranger_et",0.380466211056807
"cz_hnscc_hpv","mast_cell","HINFP","ranger_et",0.306639508209059
"cz_hnscc_hpv","mast_cell","TFAP2D","ranger_et",0.539564233413084
"cz_hnscc_hpv","mast_cell","CEBPG","ranger_et",0.448767096002044
"cz_hnscc_hpv","mast_cell","ENO1","ranger_et",0.524974735336032
"cz_hnscc_hpv","mast_cell","MBTPS2","ranger_et",0.426685135183705
"cz_hnscc_hpv","mast_cell","ATF7","ranger_et",0.455334362078571
"cz_hnscc_hpv","mast_cell","NR4A3","ranger_et",0.322121457401052
"cz_hnscc_hpv","mast_cell","FLI1","ranger_et",0.504754697402179
"cz_hnscc_hpv","mast_cell","NFIL3","ranger_et",0.460872250513898
"cz_hnscc_hpv","mast_cell","SOX2","ranger_et",0.579912321944243
"cz_hnscc_hpv","mast_cell","FOXP1","ranger_et",0.403865878588638
"cz_hnscc_hpv","mast_cell","JUN","ranger_et",0.553936027510843
"cz_hnscc_hpv","mast_cell","TGIF1","ranger_et",0.438948456087809
"cz_hnscc_hpv","mast_cell","ZNF384","ranger_et",0.465507303948417
"cz_hnscc_hpv","mast_cell","ID3","ranger_et",0.426764160040531
"cz_hnscc_hpv","mast_cell","HEYL","ranger_et",0.482503859587536
"cz_hnscc_hpv","mast_cell","CREB3L1","ranger_et",0.517832442084139
"cz_hnscc_hpv","mast_cell","MEF2C","ranger_et",0.235378066278172
"cz_hnscc_hpv","mast_cell","SIN3A","ranger_et",0.504056874365362
"cz_hnscc_hpv","mast_cell","FOSB","ranger_et",0.590770046631388
"cz_hnscc_hpv","mast_cell","SIRT6","ranger_et",0.54594987418359
"cz_hnscc_hpv","mast_cell","CEBPB","ranger_et",0.550586013515876
"cz_hnscc_hpv","mast_cell","SMARCC2","ranger_et",0.596011199419209
"cz_hnscc_hpv","mast_cell","ARNT","ranger_et",0.558788608265909
"cz_hnscc_hpv","mast_cell","FOXO1","ranger_et",0.620949168612322
"cz_hnscc_hpv","mast_cell","TFAP2A","ranger_et",0.537225539211049
"cz_hnscc_hpv","mast_cell","LYL1","ranger_et",0.567580080700261
"cz_hnscc_hpv","mast_cell","PLAG1","ranger_et",0.546773641753562
"cz_hnscc_hpv","mast_cell","HMGN3","ranger_et",0.601260166404506
"cz_hnscc_hpv","mast_cell","FOS","ranger_et",0.591054103075862
"cz_hnscc_hpv","mast_cell","BATF","ranger_et",0.51174140490826
"cz_hnscc_hpv","mast_cell","KLF7","ranger_et",0.479631764740685
"cz_hnscc_hpv","mast_cell","USF1","ranger_et",0.583383321361744
"cz_hnscc_hpv","mast_cell","KLF6","ranger_et",0.587665880508569
"cz_hnscc_hpv","mast_cell","STAT1","ranger_et",0.506785087517013
"cz_hnscc_hpv","mast_cell","TFCP2","ranger_et",0.514126555172477
"cz_hnscc_hpv","mast_cell","MAFF","ranger_et",0.589648773217671
"cz_hnscc_hpv","mast_cell","SMAD1","ranger_et",0.606100462335265
"cz_hnscc_hpv","mast_cell","NFYC","ranger_et",0.593593914176537
"cz_hnscc_hpv","mast_cell","MAZ","ranger_et",0.597183111829335
"cz_hnscc_hpv","mast_cell","IRF1","ranger_et",0.594978758610991
"cz_hnscc_hpv","mast_cell","IRF3","ranger_et",0.620998875904389
"cz_hnscc_hpv","mast_cell","STAT3","ranger_et",0.626160410452376
"cz_hnscc_hpv","mast_cell","MYC","xgboost",0.462770862730772
"cz_hnscc_hpv","mast_cell","KLF4","xgboost",0.470455496726654
"cz_hnscc_hpv","mast_cell","THRA","xgboost",0.442674133796012
"cz_hnscc_hpv","mast_cell","ESR2","xgboost",0.57698024010643
"cz_hnscc_hpv","mast_cell","CREB5","xgboost",0.563139937277568
"cz_hnscc_hpv","mast_cell","ELF3","xgboost",0.407629308333235
"cz_hnscc_hpv","mast_cell","KLF11","xgboost",0.470189780634248
"cz_hnscc_hpv","mast_cell","NFKB1","xgboost",0.336391532994995
"cz_hnscc_hpv","mast_cell","NFE2","xgboost",0.458601959892162
"cz_hnscc_hpv","mast_cell","POLR3A","xgboost",0.456532764004809
"cz_hnscc_hpv","mast_cell","HDAC2","xgboost",0.483073872508541
"cz_hnscc_hpv","mast_cell","NR4A1","xgboost",0.529805749335656
"cz_hnscc_hpv","mast_cell","HIF1A","xgboost",0.542828733159102
"cz_hnscc_hpv","mast_cell","ETV5","xgboost",0.428621428330523
"cz_hnscc_hpv","mast_cell","GATA2","xgboost",0.603373488395011
"cz_hnscc_hpv","mast_cell","TWIST1","xgboost",0.545391674396157
"cz_hnscc_hpv","mast_cell","FOSL2","xgboost",0.433192483048252
"cz_hnscc_hpv","mast_cell","FOXC1","xgboost",0.228519281975988
"cz_hnscc_hpv","mast_cell","MEF2B","xgboost",0.365431387275418
"cz_hnscc_hpv","mast_cell","EP300","xgboost",0.553625998909258
"cz_hnscc_hpv","mast_cell","ATF3","xgboost",0.33628098902699
"cz_hnscc_hpv","mast_cell","E2F3","xgboost",0.365928893631312
"cz_hnscc_hpv","mast_cell","CLOCK","xgboost",0.396951417919311
"cz_hnscc_hpv","mast_cell","BCL3","xgboost",0.47550953780222
"cz_hnscc_hpv","mast_cell","ZSCAN22","xgboost",0.458210836422028
"cz_hnscc_hpv","mast_cell","ZNF322","xgboost",0.516229636309852
"cz_hnscc_hpv","mast_cell","EPAS1","xgboost",0.513506244480341
"cz_hnscc_hpv","mast_cell","RORA","xgboost",0.353240458652568
"cz_hnscc_hpv","mast_cell","HOXA9","xgboost",0.388618216816242
"cz_hnscc_hpv","mast_cell","HINFP","xgboost",0.220571244260689
"cz_hnscc_hpv","mast_cell","TFAP2D","xgboost",0.621916407761244
"cz_hnscc_hpv","mast_cell","CEBPG","xgboost",0.439514042558706
"cz_hnscc_hpv","mast_cell","ENO1","xgboost",0.537670039803777
"cz_hnscc_hpv","mast_cell","MBTPS2","xgboost",0.417509262997616
"cz_hnscc_hpv","mast_cell","ATF7","xgboost",0.509714235788906
"cz_hnscc_hpv","mast_cell","NR4A3","xgboost",0.266053756687954
"cz_hnscc_hpv","mast_cell","FLI1","xgboost",0.566332311949538
"cz_hnscc_hpv","mast_cell","NFIL3","xgboost",0.510035492103545
"cz_hnscc_hpv","mast_cell","SOX2","xgboost",0.571201683867281
"cz_hnscc_hpv","mast_cell","FOXP1","xgboost",0.355195966203024
"cz_hnscc_hpv","mast_cell","JUN","xgboost",0.633805363098862
"cz_hnscc_hpv","mast_cell","TGIF1","xgboost",0.36641708028151
"cz_hnscc_hpv","mast_cell","ZNF384","xgboost",0.455443762204266
"cz_hnscc_hpv","mast_cell","ID3","xgboost",0.415514708686869
"cz_hnscc_hpv","mast_cell","HEYL","xgboost",0.47948248202129
"cz_hnscc_hpv","mast_cell","CREB3L1","xgboost",0.506742903393701
"cz_hnscc_hpv","mast_cell","MEF2C","xgboost",0.125252634100404
"cz_hnscc_hpv","mast_cell","SIN3A","xgboost",0.517085617626821
"cz_hnscc_hpv","mast_cell","FOSB","xgboost",0.603633186661824
"cz_hnscc_hpv","mast_cell","SIRT6","xgboost",0.590990760070906
"cz_hnscc_hpv","mast_cell","CEBPB","xgboost",0.584297447293053
"cz_hnscc_hpv","mast_cell","SMARCC2","xgboost",0.622421517407228
"cz_hnscc_hpv","mast_cell","ARNT","xgboost",0.566978629681181
"cz_hnscc_hpv","mast_cell","FOXO1","xgboost",0.616865931092898
"cz_hnscc_hpv","mast_cell","TFAP2A","xgboost",0.569439273641206
"cz_hnscc_hpv","mast_cell","LYL1","xgboost",0.617741581836742
"cz_hnscc_hpv","mast_cell","PLAG1","xgboost",0.609629188099361
"cz_hnscc_hpv","mast_cell","HMGN3","xgboost",0.61761192012144
"cz_hnscc_hpv","mast_cell","FOS","xgboost",0.605910160940259
"cz_hnscc_hpv","mast_cell","BATF","xgboost",0.463696499828227
"cz_hnscc_hpv","mast_cell","KLF7","xgboost",0.469901417991829
"cz_hnscc_hpv","mast_cell","USF1","xgboost",0.592766425580424
"cz_hnscc_hpv","mast_cell","KLF6","xgboost",0.637333428464317
"cz_hnscc_hpv","mast_cell","STAT1","xgboost",0.458709016271287
"cz_hnscc_hpv","mast_cell","TFCP2","xgboost",0.540020802657333
"cz_hnscc_hpv","mast_cell","MAFF","xgboost",0.583344507478194
"cz_hnscc_hpv","mast_cell","SMAD1","xgboost",0.639896055872646
"cz_hnscc_hpv","mast_cell","NFYC","xgboost",0.591015044940076
"cz_hnscc_hpv","mast_cell","MAZ","xgboost",0.615042156692885
"cz_hnscc_hpv","mast_cell","IRF1","xgboost",0.58541892622992
"cz_hnscc_hpv","mast_cell","IRF3","xgboost",0.630806299713214
"cz_hnscc_hpv","mast_cell","STAT3","xgboost",0.684567459586095
"cz_hnscc_hpv","mast_cell","MYC","mars",-0.0550159460889796
"cz_hnscc_hpv","mast_cell","KLF4","mars",0.190191845139731
"cz_hnscc_hpv","mast_cell","THRA","mars",0.34097657235489
"cz_hnscc_hpv","mast_cell","ESR2","mars",0.225605311491388
"cz_hnscc_hpv","mast_cell","CREB5","mars",0.355664772314773
"cz_hnscc_hpv","mast_cell","ELF3","mars",-0.0817825579140412
"cz_hnscc_hpv","mast_cell","KLF11","mars",0.027228167868288
"cz_hnscc_hpv","mast_cell","NFKB1","mars",0.11717762913504
"cz_hnscc_hpv","mast_cell","NFE2","mars",0.115859914104632
"cz_hnscc_hpv","mast_cell","POLR3A","mars",0.142512329632979
"cz_hnscc_hpv","mast_cell","HDAC2","mars",0.34264370093845
"cz_hnscc_hpv","mast_cell","NR4A1","mars",0.428802313652769
"cz_hnscc_hpv","mast_cell","HIF1A","mars",0.216676452501746
"cz_hnscc_hpv","mast_cell","ETV5","mars",0.254951278904223
"cz_hnscc_hpv","mast_cell","GATA2","mars",0.328253825707192
"cz_hnscc_hpv","mast_cell","TWIST1","mars",0.259947263735847
"cz_hnscc_hpv","mast_cell","FOSL2","mars",0.266143159815296
"cz_hnscc_hpv","mast_cell","FOXC1","mars",-0.103158908073468
"cz_hnscc_hpv","mast_cell","MEF2B","mars",0.117039206489223
"cz_hnscc_hpv","mast_cell","EP300","mars",0.248098596039258
"cz_hnscc_hpv","mast_cell","ATF3","mars",-0.0724947727357168
"cz_hnscc_hpv","mast_cell","E2F3","mars",0.0886694810982936
"cz_hnscc_hpv","mast_cell","CLOCK","mars",-0.0605456940173974
"cz_hnscc_hpv","mast_cell","BCL3","mars",0.255293481306414
"cz_hnscc_hpv","mast_cell","ZSCAN22","mars",0.28070988313377
"cz_hnscc_hpv","mast_cell","ZNF322","mars",0.393706734363906
"cz_hnscc_hpv","mast_cell","EPAS1","mars",0.209214394586277
"cz_hnscc_hpv","mast_cell","RORA","mars",-0.386323254113038
"cz_hnscc_hpv","mast_cell","HOXA9","mars",0.137412529649198
"cz_hnscc_hpv","mast_cell","HINFP","mars",0.00157162330972871
"cz_hnscc_hpv","mast_cell","TFAP2D","mars",0.146383424371601
"cz_hnscc_hpv","mast_cell","CEBPG","mars",0.0617641754506303
"cz_hnscc_hpv","mast_cell","ENO1","mars",0.396964619841661
"cz_hnscc_hpv","mast_cell","MBTPS2","mars",0.104292731653583
"cz_hnscc_hpv","mast_cell","ATF7","mars",0.289003835235602
"cz_hnscc_hpv","mast_cell","NR4A3","mars",-0.07306653245572
"cz_hnscc_hpv","mast_cell","FLI1","mars",0.333403363456897
"cz_hnscc_hpv","mast_cell","NFIL3","mars",0.271544697443896
"cz_hnscc_hpv","mast_cell","SOX2","mars",0.391332395830588
"cz_hnscc_hpv","mast_cell","FOXP1","mars",-0.205720838387811
"cz_hnscc_hpv","mast_cell","JUN","mars",0.393518928785445
"cz_hnscc_hpv","mast_cell","TGIF1","mars",0.236617069955141
"cz_hnscc_hpv","mast_cell","ZNF384","mars",0.266205725755087
"cz_hnscc_hpv","mast_cell","ID3","mars",0.26462487148507
"cz_hnscc_hpv","mast_cell","HEYL","mars",0.175500394864081
"cz_hnscc_hpv","mast_cell","CREB3L1","mars",0.399137321383854
"cz_hnscc_hpv","mast_cell","MEF2C","mars",-0.338900261428046
"cz_hnscc_hpv","mast_cell","SIN3A","mars",0.294375443122895
"cz_hnscc_hpv","mast_cell","FOSB","mars",0.36448311370281
"cz_hnscc_hpv","mast_cell","SIRT6","mars",0.264336854648505
"cz_hnscc_hpv","mast_cell","CEBPB","mars",0.336767773248097
"cz_hnscc_hpv","mast_cell","SMARCC2","mars",0.380415983729506
"cz_hnscc_hpv","mast_cell","ARNT","mars",0.482010859948422
"cz_hnscc_hpv","mast_cell","FOXO1","mars",0.55426313166385
"cz_hnscc_hpv","mast_cell","TFAP2A","mars",0.0631182200917912
"cz_hnscc_hpv","mast_cell","LYL1","mars",0.153167572030471
"cz_hnscc_hpv","mast_cell","PLAG1","mars",0.325356538420295
"cz_hnscc_hpv","mast_cell","HMGN3","mars",0.613051933315024
"cz_hnscc_hpv","mast_cell","FOS","mars",0.448746087844556
"cz_hnscc_hpv","mast_cell","BATF","mars",0.32220972814423
"cz_hnscc_hpv","mast_cell","KLF7","mars",0.37073617771782
"cz_hnscc_hpv","mast_cell","USF1","mars",0.419502274674219
"cz_hnscc_hpv","mast_cell","KLF6","mars",0.495915966433652
"cz_hnscc_hpv","mast_cell","STAT1","mars",0.452683106937111
"cz_hnscc_hpv","mast_cell","TFCP2","mars",0.435382582277597
"cz_hnscc_hpv","mast_cell","MAFF","mars",0.532167778510766
"cz_hnscc_hpv","mast_cell","SMAD1","mars",0.436080998211694
"cz_hnscc_hpv","mast_cell","NFYC","mars",0.400965289575929
"cz_hnscc_hpv","mast_cell","MAZ","mars",0.49445675280211
"cz_hnscc_hpv","mast_cell","IRF1","mars",0.455861343565022
"cz_hnscc_hpv","mast_cell","IRF3","mars",0.543534327231393
"cz_hnscc_hpv","mast_cell","STAT3","mars",0.463895474114944
"cz_hnscc_hpv","mast_cell","MYC","svm_rbf",0.521301441527404
"cz_hnscc_hpv","mast_cell","KLF4","svm_rbf",0.4510514900497
"cz_hnscc_hpv","mast_cell","THRA","svm_rbf",0.496038941445746
"cz_hnscc_hpv","mast_cell","ESR2","svm_rbf",0.50873246463038
"cz_hnscc_hpv","mast_cell","CREB5","svm_rbf",0.559306679017411
"cz_hnscc_hpv","mast_cell","ELF3","svm_rbf",0.494104824685431
"cz_hnscc_hpv","mast_cell","KLF11","svm_rbf",0.505711066526843
"cz_hnscc_hpv","mast_cell","NFKB1","svm_rbf",0.362115559690462
"cz_hnscc_hpv","mast_cell","NFE2","svm_rbf",0.495168415806891
"cz_hnscc_hpv","mast_cell","POLR3A","svm_rbf",0.463724597516765
"cz_hnscc_hpv","mast_cell","HDAC2","svm_rbf",0.519363776524496
"cz_hnscc_hpv","mast_cell","NR4A1","svm_rbf",0.545191496898079
"cz_hnscc_hpv","mast_cell","HIF1A","svm_rbf",0.309265968556849
"cz_hnscc_hpv","mast_cell","ETV5","svm_rbf",0.439554091670344
"cz_hnscc_hpv","mast_cell","GATA2","svm_rbf",0.604207979693796
"cz_hnscc_hpv","mast_cell","TWIST1","svm_rbf",0.49659910178526
"cz_hnscc_hpv","mast_cell","FOSL2","svm_rbf",0.499787578070147
"cz_hnscc_hpv","mast_cell","FOXC1","svm_rbf",0.369615338325751
"cz_hnscc_hpv","mast_cell","MEF2B","svm_rbf",0.398645541516822
"cz_hnscc_hpv","mast_cell","EP300","svm_rbf",0.553704673306865
"cz_hnscc_hpv","mast_cell","ATF3","svm_rbf",0.423970781495964
"cz_hnscc_hpv","mast_cell","E2F3","svm_rbf",0.3483802682529
"cz_hnscc_hpv","mast_cell","CLOCK","svm_rbf",0.434124526501348
"cz_hnscc_hpv","mast_cell","BCL3","svm_rbf",0.520918677059396
"cz_hnscc_hpv","mast_cell","ZSCAN22","svm_rbf",0.43708847554021
"cz_hnscc_hpv","mast_cell","ZNF322","svm_rbf",0.507189962393322
"cz_hnscc_hpv","mast_cell","EPAS1","svm_rbf",0.491706402824756
"cz_hnscc_hpv","mast_cell","RORA","svm_rbf",0.288010449637826
"cz_hnscc_hpv","mast_cell","HOXA9","svm_rbf",0.354434380547991
"cz_hnscc_hpv","mast_cell","HINFP","svm_rbf",0.274541034284149
"cz_hnscc_hpv","mast_cell","TFAP2D","svm_rbf",0.502498580864683
"cz_hnscc_hpv","mast_cell","CEBPG","svm_rbf",0.435280442948228
"cz_hnscc_hpv","mast_cell","ENO1","svm_rbf",0.500492042740808
"cz_hnscc_hpv","mast_cell","MBTPS2","svm_rbf",0.43884299604074
"cz_hnscc_hpv","mast_cell","ATF7","svm_rbf",0.533781360544312
"cz_hnscc_hpv","mast_cell","NR4A3","svm_rbf",0.27823533048225
"cz_hnscc_hpv","mast_cell","FLI1","svm_rbf",0.567021880649805
"cz_hnscc_hpv","mast_cell","NFIL3","svm_rbf",0.420092691981995
"cz_hnscc_hpv","mast_cell","SOX2","svm_rbf",0.579623849175512
"cz_hnscc_hpv","mast_cell","FOXP1","svm_rbf",0.350542818245999
"cz_hnscc_hpv","mast_cell","JUN","svm_rbf",0.605039886619389
"cz_hnscc_hpv","mast_cell","TGIF1","svm_rbf",0.51986764428067
"cz_hnscc_hpv","mast_cell","ZNF384","svm_rbf",0.483629577676976
"cz_hnscc_hpv","mast_cell","ID3","svm_rbf",0.441743101952643
"cz_hnscc_hpv","mast_cell","HEYL","svm_rbf",0.472696819270959
"cz_hnscc_hpv","mast_cell","CREB3L1","svm_rbf",0.541191892026377
"cz_hnscc_hpv","mast_cell","MEF2C","svm_rbf",0.100641765128491
"cz_hnscc_hpv","mast_cell","SIN3A","svm_rbf",0.546011905975181
"cz_hnscc_hpv","mast_cell","FOSB","svm_rbf",0.621502735038502
"cz_hnscc_hpv","mast_cell","SIRT6","svm_rbf",0.54147939136547
"cz_hnscc_hpv","mast_cell","CEBPB","svm_rbf",0.592646468059544
"cz_hnscc_hpv","mast_cell","SMARCC2","svm_rbf",0.615365633370829
"cz_hnscc_hpv","mast_cell","ARNT","svm_rbf",0.583033926313453
"cz_hnscc_hpv","mast_cell","FOXO1","svm_rbf",0.651071346544778
"cz_hnscc_hpv","mast_cell","TFAP2A","svm_rbf",0.523292838297858
"cz_hnscc_hpv","mast_cell","LYL1","svm_rbf",0.598461906753495
"cz_hnscc_hpv","mast_cell","PLAG1","svm_rbf",0.577121099349609
"cz_hnscc_hpv","mast_cell","HMGN3","svm_rbf",0.623860687876889
"cz_hnscc_hpv","mast_cell","FOS","svm_rbf",0.591120175976873
"cz_hnscc_hpv","mast_cell","BATF","svm_rbf",0.510064626249662
"cz_hnscc_hpv","mast_cell","KLF7","svm_rbf",0.486398508471827
"cz_hnscc_hpv","mast_cell","USF1","svm_rbf",0.59474383497724
"cz_hnscc_hpv","mast_cell","KLF6","svm_rbf",0.577949261922133
"cz_hnscc_hpv","mast_cell","STAT1","svm_rbf",0.492353049529718
"cz_hnscc_hpv","mast_cell","TFCP2","svm_rbf",0.521185555515892
"cz_hnscc_hpv","mast_cell","MAFF","svm_rbf",0.621414366990574
"cz_hnscc_hpv","mast_cell","SMAD1","svm_rbf",0.66274915131266
"cz_hnscc_hpv","mast_cell","NFYC","svm_rbf",0.557763048634311
"cz_hnscc_hpv","mast_cell","MAZ","svm_rbf",0.628959156730932
"cz_hnscc_hpv","mast_cell","IRF1","svm_rbf",0.63486390627894
"cz_hnscc_hpv","mast_cell","IRF3","svm_rbf",0.581807148166157
"cz_hnscc_hpv","mast_cell","STAT3","svm_rbf",0.651093645972432
"cz_hnscc_hpv","mural_cell","HES1","ranger_et",0.87658578190798
"cz_hnscc_hpv","mural_cell","CTCFL","ranger_et",0.881204726771657
"cz_hnscc_hpv","mural_cell","ZNF331","ranger_et",0.840977257718548
"cz_hnscc_hpv","mural_cell","HES5","ranger_et",0.852627627448263
"cz_hnscc_hpv","mural_cell","ID2","ranger_et",0.89482155224831
"cz_hnscc_hpv","mural_cell","EPAS1","ranger_et",0.875410387816179
"cz_hnscc_hpv","mural_cell","NR2F2","ranger_et",0.857748929855122
"cz_hnscc_hpv","mural_cell","ZFHX3","ranger_et",0.802036817253383
"cz_hnscc_hpv","mural_cell","PRDM1","ranger_et",0.883447350393351
"cz_hnscc_hpv","mural_cell","KLF2","ranger_et",0.910724395215618
"cz_hnscc_hpv","mural_cell","MEOX2","ranger_et",0.841315876401152
"cz_hnscc_hpv","mural_cell","STAT5A","ranger_et",0.829622538610933
"cz_hnscc_hpv","mural_cell","NR4A3","ranger_et",0.875570447725976
"cz_hnscc_hpv","mural_cell","PAX6","ranger_et",0.883217110924365
"cz_hnscc_hpv","mural_cell","STAT4","ranger_et",0.802010526231186
"cz_hnscc_hpv","mural_cell","CREM","ranger_et",0.870309658399066
"cz_hnscc_hpv","mural_cell","KLF10","ranger_et",0.889248741096085
"cz_hnscc_hpv","mural_cell","KLF9","ranger_et",0.87740021498619
"cz_hnscc_hpv","mural_cell","HES4","ranger_et",0.884151256156407
"cz_hnscc_hpv","mural_cell","EGR3","ranger_et",0.869393096455992
"cz_hnscc_hpv","mural_cell","PRRX1","ranger_et",0.855714970950535
"cz_hnscc_hpv","mural_cell","AHR","ranger_et",0.879734047223412
"cz_hnscc_hpv","mural_cell","MEF2B","ranger_et",0.874214093532567
"cz_hnscc_hpv","mural_cell","MYF6","ranger_et",0.884770003471657
"cz_hnscc_hpv","mural_cell","NFIL3","ranger_et",0.804589677095165
"cz_hnscc_hpv","mural_cell","ELF3","ranger_et",0.695522013085657
"cz_hnscc_hpv","mural_cell","EBF1","ranger_et",0.856704315688993
"cz_hnscc_hpv","mural_cell","IRX1","ranger_et",0.872492034916684
"cz_hnscc_hpv","mural_cell","TP73","ranger_et",0.883923085614795
"cz_hnscc_hpv","mural_cell","RFX8","ranger_et",0.862270383846226
"cz_hnscc_hpv","mural_cell","HOXB13","ranger_et",0.889041175619203
"cz_hnscc_hpv","mural_cell","ZBTB16","ranger_et",0.882076601541873
"cz_hnscc_hpv","mural_cell","MYF5","ranger_et",0.842274695984757
"cz_hnscc_hpv","mural_cell","TCF15","ranger_et",0.899387882174993
"cz_hnscc_hpv","mural_cell","DDIT3","ranger_et",0.873033573335671
"cz_hnscc_hpv","mural_cell","POU3F1","ranger_et",0.896678440917391
"cz_hnscc_hpv","mural_cell","POU2F2","ranger_et",0.847769159741747
"cz_hnscc_hpv","mural_cell","MYCN","ranger_et",0.783676785335364
"cz_hnscc_hpv","mural_cell","TWIST1","ranger_et",0.884562105987366
"cz_hnscc_hpv","mural_cell","CEBPD","ranger_et",0.839903926081306
"cz_hnscc_hpv","mural_cell","SP100","ranger_et",0.827380473514765
"cz_hnscc_hpv","mural_cell","HIVEP1","ranger_et",0.797779667980361
"cz_hnscc_hpv","mural_cell","TEAD1","ranger_et",0.904064946137471
"cz_hnscc_hpv","mural_cell","ETV1","ranger_et",0.842031185485789
"cz_hnscc_hpv","mural_cell","SOX10","ranger_et",0.912085801451366
"cz_hnscc_hpv","mural_cell","TCF4","ranger_et",0.888702585403449
"cz_hnscc_hpv","mural_cell","CEBPB","ranger_et",0.862940054037262
"cz_hnscc_hpv","mural_cell","SOX9","ranger_et",0.904820318980046
"cz_hnscc_hpv","mural_cell","IRF6","ranger_et",0.865266257865519
"cz_hnscc_hpv","mural_cell","ID1","ranger_et",0.877597443190734
"cz_hnscc_hpv","mural_cell","BRCA1","ranger_et",0.833518519601315
"cz_hnscc_hpv","mural_cell","ATF7","ranger_et",0.895388648048624
"cz_hnscc_hpv","mural_cell","YBX1","ranger_et",0.815929053832309
"cz_hnscc_hpv","mural_cell","ID4","ranger_et",0.882194952685454
"cz_hnscc_hpv","mural_cell","MSC","ranger_et",0.904861302202792
"cz_hnscc_hpv","mural_cell","BCL11B","ranger_et",0.88051353704031
"cz_hnscc_hpv","mural_cell","REL","ranger_et",0.886164379441914
"cz_hnscc_hpv","mural_cell","ENO1","ranger_et",0.834817201786153
"cz_hnscc_hpv","mural_cell","MEF2C","ranger_et",0.882657835729187
"cz_hnscc_hpv","mural_cell","BATF","ranger_et",0.888012066462512
"cz_hnscc_hpv","mural_cell","ID3","ranger_et",0.877159795368873
"cz_hnscc_hpv","mural_cell","RUNX3","ranger_et",0.885590851306579
"cz_hnscc_hpv","mural_cell","GRHL2","ranger_et",0.861615118163885
"cz_hnscc_hpv","mural_cell","FOXC1","ranger_et",0.898882822831231
"cz_hnscc_hpv","mural_cell","FOSB","ranger_et",0.888487305007002
"cz_hnscc_hpv","mural_cell","RUNX1","ranger_et",0.89958275771855
"cz_hnscc_hpv","mural_cell","HIF1A","ranger_et",0.852922347315466
"cz_hnscc_hpv","mural_cell","NR4A2","ranger_et",0.900409991456345
"cz_hnscc_hpv","mural_cell","NFIA","ranger_et",0.888274753493591
"cz_hnscc_hpv","mural_cell","JUN","ranger_et",0.917345383328497
"cz_hnscc_hpv","mural_cell","FOSL2","ranger_et",0.90344668872425
"cz_hnscc_hpv","mural_cell","THAP1","ranger_et",0.909047307878898
"cz_hnscc_hpv","mural_cell","ATF3","ranger_et",0.871882310301801
"cz_hnscc_hpv","mural_cell","NR3C2","ranger_et",0.888138360170401
"cz_hnscc_hpv","mural_cell","TCF21","ranger_et",0.892399338418375
"cz_hnscc_hpv","mural_cell","CREB3","ranger_et",0.905649858809599
"cz_hnscc_hpv","mural_cell","IRF8","ranger_et",0.894915320578795
"cz_hnscc_hpv","mural_cell","STAT1","ranger_et",0.809443509490516
"cz_hnscc_hpv","mural_cell","CHD2","ranger_et",0.917912351819409
"cz_hnscc_hpv","mural_cell","AR","ranger_et",0.897564931587259
"cz_hnscc_hpv","mural_cell","SNAI2","ranger_et",0.91290671977757
"cz_hnscc_hpv","mural_cell","FOXI3","ranger_et",0.913904845480233
"cz_hnscc_hpv","mural_cell","MYC","ranger_et",0.881090310324703
"cz_hnscc_hpv","mural_cell","MAFB","ranger_et",0.887135491762955
"cz_hnscc_hpv","mural_cell","VEZF1","ranger_et",0.906422508845883
"cz_hnscc_hpv","mural_cell","JUND","ranger_et",0.899802543155852
"cz_hnscc_hpv","mural_cell","IRF1","ranger_et",0.906839246698578
"cz_hnscc_hpv","mural_cell","FOS","ranger_et",0.888013156104208
"cz_hnscc_hpv","mural_cell","HEY1","ranger_et",0.907367815613823
"cz_hnscc_hpv","mural_cell","MAF","ranger_et",0.905361635460214
"cz_hnscc_hpv","mural_cell","EGR2","ranger_et",0.912518872774175
"cz_hnscc_hpv","mural_cell","BHLHE40","ranger_et",0.90348218353398
"cz_hnscc_hpv","mural_cell","STAT3","ranger_et",0.907297335959915
"cz_hnscc_hpv","mural_cell","NFIB","ranger_et",0.898899246160488
"cz_hnscc_hpv","mural_cell","KLF4","ranger_et",0.893669855256046
"cz_hnscc_hpv","mural_cell","TFAP2B","ranger_et",0.916309303098757
"cz_hnscc_hpv","mural_cell","IRF4","ranger_et",0.90478979744846
"cz_hnscc_hpv","mural_cell","EGR1","ranger_et",0.906720255142139
"cz_hnscc_hpv","mural_cell","KLF6","ranger_et",0.90172135337385
"cz_hnscc_hpv","mural_cell","FOXS1","ranger_et",0.911323676248927
"cz_hnscc_hpv","mural_cell","ETS1","ranger_et",0.922303475497889
"cz_hnscc_hpv","mural_cell","HES1","xgboost",0.900432820716128
"cz_hnscc_hpv","mural_cell","CTCFL","xgboost",0.909159627465039
"cz_hnscc_hpv","mural_cell","ZNF331","xgboost",0.873129079755542
"cz_hnscc_hpv","mural_cell","HES5","xgboost",0.887479592388957
"cz_hnscc_hpv","mural_cell","ID2","xgboost",0.916756753229958
"cz_hnscc_hpv","mural_cell","EPAS1","xgboost",0.902746804193097
"cz_hnscc_hpv","mural_cell","NR2F2","xgboost",0.890777657376571
"cz_hnscc_hpv","mural_cell","ZFHX3","xgboost",0.832362764188431
"cz_hnscc_hpv","mural_cell","PRDM1","xgboost",0.923118932819832
"cz_hnscc_hpv","mural_cell","KLF2","xgboost",0.941166459032738
"cz_hnscc_hpv","mural_cell","MEOX2","xgboost",0.883497261926181
"cz_hnscc_hpv","mural_cell","STAT5A","xgboost",0.863117305586866
"cz_hnscc_hpv","mural_cell","NR4A3","xgboost",0.910569281332326
"cz_hnscc_hpv","mural_cell","PAX6","xgboost",0.910130682375318
"cz_hnscc_hpv","mural_cell","STAT4","xgboost",0.843902549508172
"cz_hnscc_hpv","mural_cell","CREM","xgboost",0.899104492725115
"cz_hnscc_hpv","mural_cell","KLF10","xgboost",0.927151036507705
"cz_hnscc_hpv","mural_cell","KLF9","xgboost",0.906796420169829
"cz_hnscc_hpv","mural_cell","HES4","xgboost",0.923677322822051
"cz_hnscc_hpv","mural_cell","EGR3","xgboost",0.908707283859126
"cz_hnscc_hpv","mural_cell","PRRX1","xgboost",0.895974588792021
"cz_hnscc_hpv","mural_cell","AHR","xgboost",0.912364539652003
"cz_hnscc_hpv","mural_cell","MEF2B","xgboost",0.906435949521612
"cz_hnscc_hpv","mural_cell","MYF6","xgboost",0.91742687113863
"cz_hnscc_hpv","mural_cell","NFIL3","xgboost",0.832046385056733
"cz_hnscc_hpv","mural_cell","ELF3","xgboost",0.778052110940393
"cz_hnscc_hpv","mural_cell","EBF1","xgboost",0.894258333696193
"cz_hnscc_hpv","mural_cell","IRX1","xgboost",0.891925415049799
"cz_hnscc_hpv","mural_cell","TP73","xgboost",0.928614520781907
"cz_hnscc_hpv","mural_cell","RFX8","xgboost",0.900805464701409
"cz_hnscc_hpv","mural_cell","HOXB13","xgboost",0.913160400088733
"cz_hnscc_hpv","mural_cell","ZBTB16","xgboost",0.910683376524101
"cz_hnscc_hpv","mural_cell","MYF5","xgboost",0.884120738290485
"cz_hnscc_hpv","mural_cell","TCF15","xgboost",0.939017958731981
"cz_hnscc_hpv","mural_cell","DDIT3","xgboost",0.896764050221442
"cz_hnscc_hpv","mural_cell","POU3F1","xgboost",0.91677601969225
"cz_hnscc_hpv","mural_cell","POU2F2","xgboost",0.884544190604648
"cz_hnscc_hpv","mural_cell","MYCN","xgboost",0.818636227700451
"cz_hnscc_hpv","mural_cell","TWIST1","xgboost",0.923329806039757
"cz_hnscc_hpv","mural_cell","CEBPD","xgboost",0.864590856276716
"cz_hnscc_hpv","mural_cell","SP100","xgboost",0.864849296039806
"cz_hnscc_hpv","mural_cell","HIVEP1","xgboost",0.831983378308189
"cz_hnscc_hpv","mural_cell","TEAD1","xgboost",0.936937476788908
"cz_hnscc_hpv","mural_cell","ETV1","xgboost",0.878030548967254
"cz_hnscc_hpv","mural_cell","SOX10","xgboost",0.934804280726885
"cz_hnscc_hpv","mural_cell","TCF4","xgboost",0.913252119639689
"cz_hnscc_hpv","mural_cell","CEBPB","xgboost",0.899042050196818
"cz_hnscc_hpv","mural_cell","SOX9","xgboost",0.922842026097701
"cz_hnscc_hpv","mural_cell","IRF6","xgboost",0.889922407260398
"cz_hnscc_hpv","mural_cell","ID1","xgboost",0.895419004967533
"cz_hnscc_hpv","mural_cell","BRCA1","xgboost",0.86042078638201
"cz_hnscc_hpv","mural_cell","ATF7","xgboost",0.915286747995484
"cz_hnscc_hpv","mural_cell","YBX1","xgboost",0.858655429022044
"cz_hnscc_hpv","mural_cell","ID4","xgboost",0.913680017966879
"cz_hnscc_hpv","mural_cell","MSC","xgboost",0.922365419669403
"cz_hnscc_hpv","mural_cell","BCL11B","xgboost",0.909065029930182
"cz_hnscc_hpv","mural_cell","REL","xgboost",0.90863725515672
"cz_hnscc_hpv","mural_cell","ENO1","xgboost",0.864285254296626
"cz_hnscc_hpv","mural_cell","MEF2C","xgboost",0.915847198368329
"cz_hnscc_hpv","mural_cell","BATF","xgboost",0.914457854890572
"cz_hnscc_hpv","mural_cell","ID3","xgboost",0.909731724703133
"cz_hnscc_hpv","mural_cell","RUNX3","xgboost",0.91794080297747
"cz_hnscc_hpv","mural_cell","GRHL2","xgboost",0.884998435823464
"cz_hnscc_hpv","mural_cell","FOXC1","xgboost",0.926402345568781
"cz_hnscc_hpv","mural_cell","FOSB","xgboost",0.915726925451301
"cz_hnscc_hpv","mural_cell","RUNX1","xgboost",0.91566922061074
"cz_hnscc_hpv","mural_cell","HIF1A","xgboost",0.872349451220209
"cz_hnscc_hpv","mural_cell","NR4A2","xgboost",0.922089466787896
"cz_hnscc_hpv","mural_cell","NFIA","xgboost",0.924629706119771
"cz_hnscc_hpv","mural_cell","JUN","xgboost",0.929944587223087
"cz_hnscc_hpv","mural_cell","FOSL2","xgboost",0.924595363566319
"cz_hnscc_hpv","mural_cell","THAP1","xgboost",0.93606152778077
"cz_hnscc_hpv","mural_cell","ATF3","xgboost",0.89208008734838
"cz_hnscc_hpv","mural_cell","NR3C2","xgboost",0.918439598896589
"cz_hnscc_hpv","mural_cell","TCF21","xgboost",0.916044392718058
"cz_hnscc_hpv","mural_cell","CREB3","xgboost",0.926102234114602
"cz_hnscc_hpv","mural_cell","IRF8","xgboost",0.918915211059286
"cz_hnscc_hpv","mural_cell","STAT1","xgboost",0.8824032459454
"cz_hnscc_hpv","mural_cell","CHD2","xgboost",0.938169052414073
"cz_hnscc_hpv","mural_cell","AR","xgboost",0.922452423629313
"cz_hnscc_hpv","mural_cell","SNAI2","xgboost",0.937529176360622
"cz_hnscc_hpv","mural_cell","FOXI3","xgboost",0.937865668841792
"cz_hnscc_hpv","mural_cell","MYC","xgboost",0.927349426558069
"cz_hnscc_hpv","mural_cell","MAFB","xgboost",0.923265520821376
"cz_hnscc_hpv","mural_cell","VEZF1","xgboost",0.93085210124892
"cz_hnscc_hpv","mural_cell","JUND","xgboost",0.92560772934815
"cz_hnscc_hpv","mural_cell","IRF1","xgboost",0.931188975191593
"cz_hnscc_hpv","mural_cell","FOS","xgboost",0.918795856295943
"cz_hnscc_hpv","mural_cell","HEY1","xgboost",0.93735314779835
"cz_hnscc_hpv","mural_cell","MAF","xgboost",0.93552059118175
"cz_hnscc_hpv","mural_cell","EGR2","xgboost",0.932088636438445
"cz_hnscc_hpv","mural_cell","BHLHE40","xgboost",0.93492469360286
"cz_hnscc_hpv","mural_cell","STAT3","xgboost",0.937828294311146
"cz_hnscc_hpv","mural_cell","NFIB","xgboost",0.932060675656031
"cz_hnscc_hpv","mural_cell","KLF4","xgboost",0.917351255494233
"cz_hnscc_hpv","mural_cell","TFAP2B","xgboost",0.942684994877809
"cz_hnscc_hpv","mural_cell","IRF4","xgboost",0.928043700276081
"cz_hnscc_hpv","mural_cell","EGR1","xgboost",0.939754299315054
"cz_hnscc_hpv","mural_cell","KLF6","xgboost",0.925442275236699
"cz_hnscc_hpv","mural_cell","FOXS1","xgboost",0.942704592373042
"cz_hnscc_hpv","mural_cell","ETS1","xgboost",0.947142119573582
"cz_hnscc_hpv","mural_cell","HES1","mars",0.851861336461332
"cz_hnscc_hpv","mural_cell","CTCFL","mars",0.803887997497183
"cz_hnscc_hpv","mural_cell","ZNF331","mars",0.810337912779106
"cz_hnscc_hpv","mural_cell","HES5","mars",0.79391314686912
"cz_hnscc_hpv","mural_cell","ID2","mars",0.887717946362217
"cz_hnscc_hpv","mural_cell","EPAS1","mars",0.842837743310756
"cz_hnscc_hpv","mural_cell","NR2F2","mars",0.823457773259754
"cz_hnscc_hpv","mural_cell","ZFHX3","mars",0.7537456874628
"cz_hnscc_hpv","mural_cell","PRDM1","mars",0.852157336372411
"cz_hnscc_hpv","mural_cell","KLF2","mars",0.899345704328031
"cz_hnscc_hpv","mural_cell","MEOX2","mars",0.76413591073872
"cz_hnscc_hpv","mural_cell","STAT5A","mars",0.739878110657278
"cz_hnscc_hpv","mural_cell","NR4A3","mars",0.83933637213767
"cz_hnscc_hpv","mural_cell","PAX6","mars",0.849909901225221
"cz_hnscc_hpv","mural_cell","STAT4","mars",0.733756272614646
"cz_hnscc_hpv","mural_cell","CREM","mars",0.858861957882116
"cz_hnscc_hpv","mural_cell","KLF10","mars",0.874197237137348
"cz_hnscc_hpv","mural_cell","KLF9","mars",0.872306283284346
"cz_hnscc_hpv","mural_cell","HES4","mars",0.888437691135803
"cz_hnscc_hpv","mural_cell","EGR3","mars",0.784816523784171
"cz_hnscc_hpv","mural_cell","PRRX1","mars",0.821108174629231
"cz_hnscc_hpv","mural_cell","AHR","mars",0.874073477067864
"cz_hnscc_hpv","mural_cell","MEF2B","mars",0.875321864375371
"cz_hnscc_hpv","mural_cell","MYF6","mars",0.835364616548348
"cz_hnscc_hpv","mural_cell","NFIL3","mars",0.70018198190936
"cz_hnscc_hpv","mural_cell","ELF3","mars",-6.11701108007416
"cz_hnscc_hpv","mural_cell","EBF1","mars",0.845138971283261
"cz_hnscc_hpv","mural_cell","IRX1","mars",0.842426010691938
"cz_hnscc_hpv","mural_cell","TP73","mars",0.888923202203155
"cz_hnscc_hpv","mural_cell","RFX8","mars",0.86878694879735
"cz_hnscc_hpv","mural_cell","HOXB13","mars",0.837865427332728
"cz_hnscc_hpv","mural_cell","ZBTB16","mars",0.838003931043297
"cz_hnscc_hpv","mural_cell","MYF5","mars",0.84118812429785
"cz_hnscc_hpv","mural_cell","TCF15","mars",0.893340358157887
"cz_hnscc_hpv","mural_cell","DDIT3","mars",0.833320453790918
"cz_hnscc_hpv","mural_cell","POU3F1","mars",0.875297718408396
"cz_hnscc_hpv","mural_cell","POU2F2","mars",0.855464833884912
"cz_hnscc_hpv","mural_cell","MYCN","mars",0.692820692650413
"cz_hnscc_hpv","mural_cell","TWIST1","mars",0.876745426824031
"cz_hnscc_hpv","mural_cell","CEBPD","mars",0.805695913800695
"cz_hnscc_hpv","mural_cell","SP100","mars",0.823953792617056
"cz_hnscc_hpv","mural_cell","HIVEP1","mars",0.758317801305595
"cz_hnscc_hpv","mural_cell","TEAD1","mars",0.919090105106494
"cz_hnscc_hpv","mural_cell","ETV1","mars",0.859088228300023
"cz_hnscc_hpv","mural_cell","SOX10","mars",0.892618844026678
"cz_hnscc_hpv","mural_cell","TCF4","mars",0.875475958470851
"cz_hnscc_hpv","mural_cell","CEBPB","mars",0.865445189587654
"cz_hnscc_hpv","mural_cell","SOX9","mars",0.89067042211154
"cz_hnscc_hpv","mural_cell","IRF6","mars",0.842431682277719
"cz_hnscc_hpv","mural_cell","ID1","mars",0.861151440818246
"cz_hnscc_hpv","mural_cell","BRCA1","mars",0.782528202862205
"cz_hnscc_hpv","mural_cell","ATF7","mars",0.887494457515324
"cz_hnscc_hpv","mural_cell","YBX1","mars",0.777316458030877
"cz_hnscc_hpv","mural_cell","ID4","mars",0.869220091667911
"cz_hnscc_hpv","mural_cell","MSC","mars",0.894866166818174
"cz_hnscc_hpv","mural_cell","BCL11B","mars",0.423911275489135
"cz_hnscc_hpv","mural_cell","REL","mars",0.86358039416504
"cz_hnscc_hpv","mural_cell","ENO1","mars",0.822589743439879
"cz_hnscc_hpv","mural_cell","MEF2C","mars",0.890234802352303
"cz_hnscc_hpv","mural_cell","BATF","mars",0.884692448287717
"cz_hnscc_hpv","mural_cell","ID3","mars",0.862734071632871
"cz_hnscc_hpv","mural_cell","RUNX3","mars",0.874054702969173
"cz_hnscc_hpv","mural_cell","GRHL2","mars",0.850782645110206
"cz_hnscc_hpv","mural_cell","FOXC1","mars",0.893097696807183
"cz_hnscc_hpv","mural_cell","FOSB","mars",0.874923012133327
"cz_hnscc_hpv","mural_cell","RUNX1","mars",0.894658177258689
"cz_hnscc_hpv","mural_cell","HIF1A","mars",0.820398272536818
"cz_hnscc_hpv","mural_cell","NR4A2","mars",0.875584574548213
"cz_hnscc_hpv","mural_cell","NFIA","mars",0.891559735066433
"cz_hnscc_hpv","mural_cell","JUN","mars",0.907638155272146
"cz_hnscc_hpv","mural_cell","FOSL2","mars",0.870380248025061
"cz_hnscc_hpv","mural_cell","THAP1","mars",0.906880547643354
"cz_hnscc_hpv","mural_cell","ATF3","mars",0.854693204354738
"cz_hnscc_hpv","mural_cell","NR3C2","mars",0.8816021043371
"cz_hnscc_hpv","mural_cell","TCF21","mars",0.879235268282776
"cz_hnscc_hpv","mural_cell","CREB3","mars",0.88165406178894
"cz_hnscc_hpv","mural_cell","IRF8","mars",-10.4655459416245
"cz_hnscc_hpv","mural_cell","STAT1","mars",0.803630384824307
"cz_hnscc_hpv","mural_cell","CHD2","mars",0.927640582173912
"cz_hnscc_hpv","mural_cell","AR","mars",0.853562994697414
"cz_hnscc_hpv","mural_cell","SNAI2","mars",0.901892445281462
"cz_hnscc_hpv","mural_cell","FOXI3","mars",0.903213374109568
"cz_hnscc_hpv","mural_cell","MYC","mars",0.883173744927853
"cz_hnscc_hpv","mural_cell","MAFB","mars",0.85770069570569
"cz_hnscc_hpv","mural_cell","VEZF1","mars",0.8897945905437
"cz_hnscc_hpv","mural_cell","JUND","mars",0.875420160827967
"cz_hnscc_hpv","mural_cell","IRF1","mars",0.894842060896829
"cz_hnscc_hpv","mural_cell","FOS","mars",0.868202942677577
"cz_hnscc_hpv","mural_cell","HEY1","mars",0.910073443534693
"cz_hnscc_hpv","mural_cell","MAF","mars",0.915202065063221
"cz_hnscc_hpv","mural_cell","EGR2","mars",0.904667734909815
"cz_hnscc_hpv","mural_cell","BHLHE40","mars",0.902668795654937
"cz_hnscc_hpv","mural_cell","STAT3","mars",0.908525200736802
"cz_hnscc_hpv","mural_cell","NFIB","mars",0.902854927547048
"cz_hnscc_hpv","mural_cell","KLF4","mars",0.867335534671192
"cz_hnscc_hpv","mural_cell","TFAP2B","mars",0.918750810946531
"cz_hnscc_hpv","mural_cell","IRF4","mars",0.895305179466715
"cz_hnscc_hpv","mural_cell","EGR1","mars",0.891091089367843
"cz_hnscc_hpv","mural_cell","KLF6","mars",0.907276724848743
"cz_hnscc_hpv","mural_cell","FOXS1","mars",0.914340001267129
"cz_hnscc_hpv","mural_cell","ETS1","mars",0.915856841659288
"cz_hnscc_hpv","mural_cell","HES1","svm_rbf",0.8982508674744
"cz_hnscc_hpv","mural_cell","CTCFL","svm_rbf",0.901800937631087
"cz_hnscc_hpv","mural_cell","ZNF331","svm_rbf",0.863128223891161
"cz_hnscc_hpv","mural_cell","HES5","svm_rbf",0.877064843620566
"cz_hnscc_hpv","mural_cell","ID2","svm_rbf",0.912150495743185
"cz_hnscc_hpv","mural_cell","EPAS1","svm_rbf",0.9028643844767
"cz_hnscc_hpv","mural_cell","NR2F2","svm_rbf",0.896721017152509
"cz_hnscc_hpv","mural_cell","ZFHX3","svm_rbf",0.823301371274299
"cz_hnscc_hpv","mural_cell","PRDM1","svm_rbf",0.910695625912295
"cz_hnscc_hpv","mural_cell","KLF2","svm_rbf",0.934452237847827
"cz_hnscc_hpv","mural_cell","MEOX2","svm_rbf",0.874561790927436
"cz_hnscc_hpv","mural_cell","STAT5A","svm_rbf",0.874454119418612
"cz_hnscc_hpv","mural_cell","NR4A3","svm_rbf",0.90076247252443
"cz_hnscc_hpv","mural_cell","PAX6","svm_rbf",0.896489842710812
"cz_hnscc_hpv","mural_cell","STAT4","svm_rbf",0.859775635490872
"cz_hnscc_hpv","mural_cell","CREM","svm_rbf",0.897659481264374
"cz_hnscc_hpv","mural_cell","KLF10","svm_rbf",0.917417003228934
"cz_hnscc_hpv","mural_cell","KLF9","svm_rbf",0.914585277189969
"cz_hnscc_hpv","mural_cell","HES4","svm_rbf",0.908937928622102
"cz_hnscc_hpv","mural_cell","EGR3","svm_rbf",0.904521106992754
"cz_hnscc_hpv","mural_cell","PRRX1","svm_rbf",0.881694899189075
"cz_hnscc_hpv","mural_cell","AHR","svm_rbf",0.900992610309177
"cz_hnscc_hpv","mural_cell","MEF2B","svm_rbf",0.905469367845962
"cz_hnscc_hpv","mural_cell","MYF6","svm_rbf",0.916316157115641
"cz_hnscc_hpv","mural_cell","NFIL3","svm_rbf",0.833226525557484
"cz_hnscc_hpv","mural_cell","ELF3","svm_rbf",0.662896363576448
"cz_hnscc_hpv","mural_cell","EBF1","svm_rbf",0.893334112525755
"cz_hnscc_hpv","mural_cell","IRX1","svm_rbf",0.892776067665951
"cz_hnscc_hpv","mural_cell","TP73","svm_rbf",0.915412459668958
"cz_hnscc_hpv","mural_cell","RFX8","svm_rbf",0.882498803184745
"cz_hnscc_hpv","mural_cell","HOXB13","svm_rbf",0.904158766635426
"cz_hnscc_hpv","mural_cell","ZBTB16","svm_rbf",0.8912515522119
"cz_hnscc_hpv","mural_cell","MYF5","svm_rbf",0.859750196281891
"cz_hnscc_hpv","mural_cell","TCF15","svm_rbf",0.927169948684577
"cz_hnscc_hpv","mural_cell","DDIT3","svm_rbf",0.901354275322342
"cz_hnscc_hpv","mural_cell","POU3F1","svm_rbf",0.919312507032465
"cz_hnscc_hpv","mural_cell","POU2F2","svm_rbf",0.861105390097889
"cz_hnscc_hpv","mural_cell","MYCN","svm_rbf",0.809386421176104
"cz_hnscc_hpv","mural_cell","TWIST1","svm_rbf",0.914392911498017
"cz_hnscc_hpv","mural_cell","CEBPD","svm_rbf",0.873091612747493
"cz_hnscc_hpv","mural_cell","SP100","svm_rbf",0.858659754984683
"cz_hnscc_hpv","mural_cell","HIVEP1","svm_rbf",0.846467138397153
"cz_hnscc_hpv","mural_cell","TEAD1","svm_rbf",0.9341327362427
"cz_hnscc_hpv","mural_cell","ETV1","svm_rbf",0.877394516280897
"cz_hnscc_hpv","mural_cell","SOX10","svm_rbf",0.926038848284291
"cz_hnscc_hpv","mural_cell","TCF4","svm_rbf",0.908792203426722
"cz_hnscc_hpv","mural_cell","CEBPB","svm_rbf",0.887409573542607
"cz_hnscc_hpv","mural_cell","SOX9","svm_rbf",0.917492265856369
"cz_hnscc_hpv","mural_cell","IRF6","svm_rbf",0.886725855279926
"cz_hnscc_hpv","mural_cell","ID1","svm_rbf",0.898834911394675
"cz_hnscc_hpv","mural_cell","BRCA1","svm_rbf",0.861757651291953
"cz_hnscc_hpv","mural_cell","ATF7","svm_rbf",0.910300740424471
"cz_hnscc_hpv","mural_cell","YBX1","svm_rbf",0.851946526057584
"cz_hnscc_hpv","mural_cell","ID4","svm_rbf",0.906928756485641
"cz_hnscc_hpv","mural_cell","MSC","svm_rbf",0.918928179982432
"cz_hnscc_hpv","mural_cell","BCL11B","svm_rbf",0.90790170864535
"cz_hnscc_hpv","mural_cell","REL","svm_rbf",0.905612993495412
"cz_hnscc_hpv","mural_cell","ENO1","svm_rbf",0.85457609436033
"cz_hnscc_hpv","mural_cell","MEF2C","svm_rbf",0.910009321508332
"cz_hnscc_hpv","mural_cell","BATF","svm_rbf",0.91192935868099
"cz_hnscc_hpv","mural_cell","ID3","svm_rbf",0.902707008335345
"cz_hnscc_hpv","mural_cell","RUNX3","svm_rbf",0.903934227621978
"cz_hnscc_hpv","mural_cell","GRHL2","svm_rbf",0.88142982475298
"cz_hnscc_hpv","mural_cell","FOXC1","svm_rbf",0.917047836722466
"cz_hnscc_hpv","mural_cell","FOSB","svm_rbf",0.902110387404451
"cz_hnscc_hpv","mural_cell","RUNX1","svm_rbf",0.91491485533691
"cz_hnscc_hpv","mural_cell","HIF1A","svm_rbf",0.882268492571177
"cz_hnscc_hpv","mural_cell","NR4A2","svm_rbf",0.925454757215785
"cz_hnscc_hpv","mural_cell","NFIA","svm_rbf",0.908149943524963
"cz_hnscc_hpv","mural_cell","JUN","svm_rbf",0.936599874137989
"cz_hnscc_hpv","mural_cell","FOSL2","svm_rbf",0.918458174807949
"cz_hnscc_hpv","mural_cell","THAP1","svm_rbf",0.932690789965223
"cz_hnscc_hpv","mural_cell","ATF3","svm_rbf",0.902381811592919
"cz_hnscc_hpv","mural_cell","NR3C2","svm_rbf",0.906906720400351
"cz_hnscc_hpv","mural_cell","TCF21","svm_rbf",0.908967331448539
"cz_hnscc_hpv","mural_cell","CREB3","svm_rbf",0.920937712207457
"cz_hnscc_hpv","mural_cell","IRF8","svm_rbf",0.917600650878835
"cz_hnscc_hpv","mural_cell","STAT1","svm_rbf",0.856527248538172
"cz_hnscc_hpv","mural_cell","CHD2","svm_rbf",0.932668947032185
"cz_hnscc_hpv","mural_cell","AR","svm_rbf",0.9182090642859
"cz_hnscc_hpv","mural_cell","SNAI2","svm_rbf",0.929485958859216
"cz_hnscc_hpv","mural_cell","FOXI3","svm_rbf",0.932093979785608
"cz_hnscc_hpv","mural_cell","MYC","svm_rbf",0.918362322226299
"cz_hnscc_hpv","mural_cell","MAFB","svm_rbf",0.913931225185313
"cz_hnscc_hpv","mural_cell","VEZF1","svm_rbf",0.925759643344665
"cz_hnscc_hpv","mural_cell","JUND","svm_rbf",0.918193042575882
"cz_hnscc_hpv","mural_cell","IRF1","svm_rbf",0.924033450682604
"cz_hnscc_hpv","mural_cell","FOS","svm_rbf",0.915857039530835
"cz_hnscc_hpv","mural_cell","HEY1","svm_rbf",0.923268392572672
"cz_hnscc_hpv","mural_cell","MAF","svm_rbf",0.930328591049843
"cz_hnscc_hpv","mural_cell","EGR2","svm_rbf",0.92661565716152
"cz_hnscc_hpv","mural_cell","BHLHE40","svm_rbf",0.924445015776553
"cz_hnscc_hpv","mural_cell","STAT3","svm_rbf",0.923439611749091
"cz_hnscc_hpv","mural_cell","NFIB","svm_rbf",0.919897712407112
"cz_hnscc_hpv","mural_cell","KLF4","svm_rbf",0.91441214893026
"cz_hnscc_hpv","mural_cell","TFAP2B","svm_rbf",0.933140280457492
"cz_hnscc_hpv","mural_cell","IRF4","svm_rbf",0.923207193847369
"cz_hnscc_hpv","mural_cell","EGR1","svm_rbf",0.933482700196987
"cz_hnscc_hpv","mural_cell","KLF6","svm_rbf",0.921270716020325
"cz_hnscc_hpv","mural_cell","FOXS1","svm_rbf",0.933338579225125
"cz_hnscc_hpv","mural_cell","ETS1","svm_rbf",0.940088603714083
