"dataset","cluster","tf","method","cv_r2"
"cz_influenza","effector_CD4_minus_positive_comma_alpha_minus_beta_T_cell","KLF6","ranger_et",0.747573703640568
"cz_influenza","effector_CD4_minus_positive_comma_alpha_minus_beta_T_cell","NR3C1","ranger_et",0.701428152462116
"cz_influenza","effector_CD4_minus_positive_comma_alpha_minus_beta_T_cell","ETV1","ranger_et",0.787749918121483
"cz_influenza","effector_CD4_minus_positive_comma_alpha_minus_beta_T_cell","ELK3","ranger_et",0.80001474403177
"cz_influenza","effector_CD4_minus_positive_comma_alpha_minus_beta_T_cell","SP4","ranger_et",0.77381558758593
"cz_influenza","effector_CD4_minus_positive_comma_alpha_minus_beta_T_cell","RARG","ranger_et",0.741840209860721
"cz_influenza","effector_CD4_minus_positive_comma_alpha_minus_beta_T_cell","RUNX3","ranger_et",0.706821167666812
"cz_influenza","effector_CD4_minus_positive_comma_alpha_minus_beta_T_cell","FOXB1","ranger_et",0.678720898802084
"cz_influenza","effector_CD4_minus_positive_comma_alpha_minus_beta_T_cell","TCF4","ranger_et",0.710530694922047
"cz_influenza","effector_CD4_minus_positive_comma_alpha_minus_beta_T_cell","FOXC1","ranger_et",0.598936217115682
"cz_influenza","effector_CD4_minus_positive_comma_alpha_minus_beta_T_cell","HLF","ranger_et",0.659549095398132
"cz_influenza","effector_CD4_minus_positive_comma_alpha_minus_beta_T_cell","ID2","ranger_et",0.774890786355401
"cz_influenza","effector_CD4_minus_positive_comma_alpha_minus_beta_T_cell","SMARCC2","ranger_et",0.818950231142972
"cz_influenza","effector_CD4_minus_positive_comma_alpha_minus_beta_T_cell","ARID2","ranger_et",0.652829681347241
"cz_influenza","effector_CD4_minus_positive_comma_alpha_minus_beta_T_cell","IRX5","ranger_et",0.713723661662995
"cz_influenza","effector_CD4_minus_positive_comma_alpha_minus_beta_T_cell","POU2F1","ranger_et",0.803740061129889
"cz_influenza","effector_CD4_minus_positive_comma_alpha_minus_beta_T_cell","PBX1","ranger_et",0.797748820630678
"cz_influenza","effector_CD4_minus_positive_comma_alpha_minus_beta_T_cell","AIRE","ranger_et",0.72441560445495
"cz_influenza","effector_CD4_minus_positive_comma_alpha_minus_beta_T_cell","DDIT3","ranger_et",0.685107943308631
"cz_influenza","effector_CD4_minus_positive_comma_alpha_minus_beta_T_cell","NR1D1","ranger_et",0.700319819157876
"cz_influenza","effector_CD4_minus_positive_comma_alpha_minus_beta_T_cell","TCF7","ranger_et",0.753371890825512
"cz_influenza","effector_CD4_minus_positive_comma_alpha_minus_beta_T_cell","ZFP28","ranger_et",0.718711293307264
"cz_influenza","effector_CD4_minus_positive_comma_alpha_minus_beta_T_cell","GFI1","ranger_et",0.752952753734089
"cz_influenza","effector_CD4_minus_positive_comma_alpha_minus_beta_T_cell","CEBPD","ranger_et",0.685781627457348
"cz_influenza","effector_CD4_minus_positive_comma_alpha_minus_beta_T_cell","MSC","ranger_et",0.610536895379407
"cz_influenza","effector_CD4_minus_positive_comma_alpha_minus_beta_T_cell","IKZF2","ranger_et",0.766068801933289
"cz_influenza","effector_CD4_minus_positive_comma_alpha_minus_beta_T_cell","ASCL2","ranger_et",0.765995324811843
"cz_influenza","effector_CD4_minus_positive_comma_alpha_minus_beta_T_cell","FUBP1","ranger_et",0.67321589654033
"cz_influenza","effector_CD4_minus_positive_comma_alpha_minus_beta_T_cell","ARNT","ranger_et",0.822494156480376
"cz_influenza","effector_CD4_minus_positive_comma_alpha_minus_beta_T_cell","ETV5","ranger_et",0.79054675091542
"cz_influenza","effector_CD4_minus_positive_comma_alpha_minus_beta_T_cell","TBX21","ranger_et",0.845178272172455
"cz_influenza","effector_CD4_minus_positive_comma_alpha_minus_beta_T_cell","IKZF1","ranger_et",0.770677516777729
"cz_influenza","effector_CD4_minus_positive_comma_alpha_minus_beta_T_cell","HIF1A","ranger_et",0.753527957932765
"cz_influenza","effector_CD4_minus_positive_comma_alpha_minus_beta_T_cell","EPAS1","ranger_et",0.765249470865537
"cz_influenza","effector_CD4_minus_positive_comma_alpha_minus_beta_T_cell","BCL6","ranger_et",0.819356677428721
"cz_influenza","effector_CD4_minus_positive_comma_alpha_minus_beta_T_cell","RORA","ranger_et",0.727213510370309
"cz_influenza","effector_CD4_minus_positive_comma_alpha_minus_beta_T_cell","RUNX1","ranger_et",0.797010531715351
"cz_influenza","effector_CD4_minus_positive_comma_alpha_minus_beta_T_cell","HIVEP2","ranger_et",0.766538502680461
"cz_influenza","effector_CD4_minus_positive_comma_alpha_minus_beta_T_cell","IKZF3","ranger_et",0.807106001555745
"cz_influenza","effector_CD4_minus_positive_comma_alpha_minus_beta_T_cell","MLXIPL","ranger_et",0.806612500287117
"cz_influenza","effector_CD4_minus_positive_comma_alpha_minus_beta_T_cell","ZNF740","ranger_et",0.72063656333416
"cz_influenza","effector_CD4_minus_positive_comma_alpha_minus_beta_T_cell","FOXP3","ranger_et",0.753018792487525
"cz_influenza","effector_CD4_minus_positive_comma_alpha_minus_beta_T_cell","FOSB","ranger_et",0.838867902033126
"cz_influenza","effector_CD4_minus_positive_comma_alpha_minus_beta_T_cell","NFE2L2","ranger_et",0.732526603590749
"cz_influenza","effector_CD4_minus_positive_comma_alpha_minus_beta_T_cell","FOXP4","ranger_et",0.754609445547736
"cz_influenza","effector_CD4_minus_positive_comma_alpha_minus_beta_T_cell","ITGB2","ranger_et",0.763818782771426
"cz_influenza","effector_CD4_minus_positive_comma_alpha_minus_beta_T_cell","ID3","ranger_et",0.803457006270792
"cz_influenza","effector_CD4_minus_positive_comma_alpha_minus_beta_T_cell","ZNF331","ranger_et",0.687921584744677
"cz_influenza","effector_CD4_minus_positive_comma_alpha_minus_beta_T_cell","MGA","ranger_et",0.813111300254579
"cz_influenza","effector_CD4_minus_positive_comma_alpha_minus_beta_T_cell","HOXB2","ranger_et",0.843574825514953
"cz_influenza","effector_CD4_minus_positive_comma_alpha_minus_beta_T_cell","E4F1","ranger_et",0.742677573385929
"cz_influenza","effector_CD4_minus_positive_comma_alpha_minus_beta_T_cell","ZFP3","ranger_et",0.683082984692848
"cz_influenza","effector_CD4_minus_positive_comma_alpha_minus_beta_T_cell","HIVEP1","ranger_et",0.775015769682049
"cz_influenza","effector_CD4_minus_positive_comma_alpha_minus_beta_T_cell","SREBF2","ranger_et",0.752568989005974
"cz_influenza","effector_CD4_minus_positive_comma_alpha_minus_beta_T_cell","ENO1","ranger_et",0.762513779008863
"cz_influenza","effector_CD4_minus_positive_comma_alpha_minus_beta_T_cell","GLIS3","ranger_et",0.657800568298071
"cz_influenza","effector_CD4_minus_positive_comma_alpha_minus_beta_T_cell","ZBTB4","ranger_et",0.76593009659298
"cz_influenza","effector_CD4_minus_positive_comma_alpha_minus_beta_T_cell","IRF4","ranger_et",0.813835867567065
"cz_influenza","effector_CD4_minus_positive_comma_alpha_minus_beta_T_cell","LMO2","ranger_et",0.768779519244984
"cz_influenza","effector_CD4_minus_positive_comma_alpha_minus_beta_T_cell","KLF2","ranger_et",0.823524817929954
"cz_influenza","effector_CD4_minus_positive_comma_alpha_minus_beta_T_cell","SMARCA5","ranger_et",0.770786910229462
"cz_influenza","effector_CD4_minus_positive_comma_alpha_minus_beta_T_cell","CREM","ranger_et",0.760521195103364
"cz_influenza","effector_CD4_minus_positive_comma_alpha_minus_beta_T_cell","TFDP2","ranger_et",0.767921079767967
"cz_influenza","effector_CD4_minus_positive_comma_alpha_minus_beta_T_cell","MYB","ranger_et",0.818556678884031
"cz_influenza","effector_CD4_minus_positive_comma_alpha_minus_beta_T_cell","NANOG","ranger_et",0.750665709599531
"cz_influenza","effector_CD4_minus_positive_comma_alpha_minus_beta_T_cell","NFATC3","ranger_et",0.844417984149926
"cz_influenza","effector_CD4_minus_positive_comma_alpha_minus_beta_T_cell","FOXP1","ranger_et",0.724237100344135
"cz_influenza","effector_CD4_minus_positive_comma_alpha_minus_beta_T_cell","MYBL1","ranger_et",0.797812956103606
"cz_influenza","effector_CD4_minus_positive_comma_alpha_minus_beta_T_cell","FOSL2","ranger_et",0.745946616970433
"cz_influenza","effector_CD4_minus_positive_comma_alpha_minus_beta_T_cell","BCL11B","ranger_et",0.784744493917509
"cz_influenza","effector_CD4_minus_positive_comma_alpha_minus_beta_T_cell","JUNB","ranger_et",0.84523068193137
"cz_influenza","effector_CD4_minus_positive_comma_alpha_minus_beta_T_cell","PLAG1","ranger_et",0.706782537371724
"cz_influenza","effector_CD4_minus_positive_comma_alpha_minus_beta_T_cell","GATA3","ranger_et",0.758304461698115
"cz_influenza","effector_CD4_minus_positive_comma_alpha_minus_beta_T_cell","MECP2","ranger_et",0.716941679291486
"cz_influenza","effector_CD4_minus_positive_comma_alpha_minus_beta_T_cell","CEBPB","ranger_et",0.840873964393353
"cz_influenza","effector_CD4_minus_positive_comma_alpha_minus_beta_T_cell","KLF10","ranger_et",0.721241897820829
"cz_influenza","effector_CD4_minus_positive_comma_alpha_minus_beta_T_cell","ETV7","ranger_et",0.836938542949238
"cz_influenza","effector_CD4_minus_positive_comma_alpha_minus_beta_T_cell","MTF1","ranger_et",0.804808817752193
"cz_influenza","effector_CD4_minus_positive_comma_alpha_minus_beta_T_cell","FOS","ranger_et",0.848171283419811
"cz_influenza","effector_CD4_minus_positive_comma_alpha_minus_beta_T_cell","JUN","ranger_et",0.802619706272052
"cz_influenza","effector_CD4_minus_positive_comma_alpha_minus_beta_T_cell","TFCP2","ranger_et",0.801629300660103
"cz_influenza","effector_CD4_minus_positive_comma_alpha_minus_beta_T_cell","POU3F1","ranger_et",0.810817898864995
"cz_influenza","effector_CD4_minus_positive_comma_alpha_minus_beta_T_cell","HES4","ranger_et",0.814659411658341
"cz_influenza","effector_CD4_minus_positive_comma_alpha_minus_beta_T_cell","BACH1","ranger_et",0.840055184522852
"cz_influenza","effector_CD4_minus_positive_comma_alpha_minus_beta_T_cell","KLF7","ranger_et",0.84752004968519
"cz_influenza","effector_CD4_minus_positive_comma_alpha_minus_beta_T_cell","ZSCAN22","ranger_et",0.779496743626475
"cz_influenza","effector_CD4_minus_positive_comma_alpha_minus_beta_T_cell","NFIA","ranger_et",0.761503225384808
"cz_influenza","effector_CD4_minus_positive_comma_alpha_minus_beta_T_cell","POLR3A","ranger_et",0.841313405614306
"cz_influenza","effector_CD4_minus_positive_comma_alpha_minus_beta_T_cell","ZNF683","ranger_et",0.828255476801432
"cz_influenza","effector_CD4_minus_positive_comma_alpha_minus_beta_T_cell","FOXO4","ranger_et",0.761899290044306
"cz_influenza","effector_CD4_minus_positive_comma_alpha_minus_beta_T_cell","NFIC","ranger_et",0.77191449589082
"cz_influenza","effector_CD4_minus_positive_comma_alpha_minus_beta_T_cell","FOXO3","ranger_et",0.730831858256661
"cz_influenza","effector_CD4_minus_positive_comma_alpha_minus_beta_T_cell","FOSL1","ranger_et",0.800252860943367
"cz_influenza","effector_CD4_minus_positive_comma_alpha_minus_beta_T_cell","KLF3","ranger_et",0.806186266764194
"cz_influenza","effector_CD4_minus_positive_comma_alpha_minus_beta_T_cell","POU5F1","ranger_et",0.791345534480375
"cz_influenza","effector_CD4_minus_positive_comma_alpha_minus_beta_T_cell","NFKB2","ranger_et",0.797990055961257
"cz_influenza","effector_CD4_minus_positive_comma_alpha_minus_beta_T_cell","POU2F2","ranger_et",0.817787141424485
"cz_influenza","effector_CD4_minus_positive_comma_alpha_minus_beta_T_cell","JUND","ranger_et",0.797489727931842
"cz_influenza","effector_CD4_minus_positive_comma_alpha_minus_beta_T_cell","ZEB1","ranger_et",0.827017479583421
"cz_influenza","effector_CD4_minus_positive_comma_alpha_minus_beta_T_cell","ZBTB7A","ranger_et",0.826764258635349
"cz_influenza","effector_CD4_minus_positive_comma_alpha_minus_beta_T_cell","CHD2","ranger_et",0.767768459530762
"cz_influenza","effector_CD4_minus_positive_comma_alpha_minus_beta_T_cell","ZNF281","ranger_et",0.802873524173399
"cz_influenza","effector_CD4_minus_positive_comma_alpha_minus_beta_T_cell","IRF7","ranger_et",0.812203964530952
"cz_influenza","effector_CD4_minus_positive_comma_alpha_minus_beta_T_cell","NR4A2","ranger_et",0.795834923840731
"cz_influenza","effector_CD4_minus_positive_comma_alpha_minus_beta_T_cell","BCLAF1","ranger_et",0.795142173048917
"cz_influenza","effector_CD4_minus_positive_comma_alpha_minus_beta_T_cell","TAF1","ranger_et",0.746249167179857
"cz_influenza","effector_CD4_minus_positive_comma_alpha_minus_beta_T_cell","FOXA1","ranger_et",0.799979851144258
"cz_influenza","effector_CD4_minus_positive_comma_alpha_minus_beta_T_cell","YY1","ranger_et",0.816252455301908
"cz_influenza","effector_CD4_minus_positive_comma_alpha_minus_beta_T_cell","ATF3","ranger_et",0.856133012226954
"cz_influenza","effector_CD4_minus_positive_comma_alpha_minus_beta_T_cell","BHLHE40","ranger_et",0.824163104233559
"cz_influenza","effector_CD4_minus_positive_comma_alpha_minus_beta_T_cell","BATF","ranger_et",0.809666987910391
"cz_influenza","effector_CD4_minus_positive_comma_alpha_minus_beta_T_cell","MAF","ranger_et",0.847768215704556
"cz_influenza","effector_CD4_minus_positive_comma_alpha_minus_beta_T_cell","EGR2","ranger_et",0.741919904913082
"cz_influenza","effector_CD4_minus_positive_comma_alpha_minus_beta_T_cell","REL","ranger_et",0.760160656254317
"cz_influenza","effector_CD4_minus_positive_comma_alpha_minus_beta_T_cell","IRF9","ranger_et",0.833177651150295
"cz_influenza","effector_CD4_minus_positive_comma_alpha_minus_beta_T_cell","ETS1","ranger_et",0.749886732581789
"cz_influenza","effector_CD4_minus_positive_comma_alpha_minus_beta_T_cell","IRF1","ranger_et",0.749595857214838
"cz_influenza","effector_CD4_minus_positive_comma_alpha_minus_beta_T_cell","MAFF","ranger_et",0.828391445399379
"cz_influenza","effector_CD4_minus_positive_comma_alpha_minus_beta_T_cell","NFE2","ranger_et",0.821632355289446
"cz_influenza","effector_CD4_minus_positive_comma_alpha_minus_beta_T_cell","RXRA","ranger_et",0.79950623516054
"cz_influenza","effector_CD4_minus_positive_comma_alpha_minus_beta_T_cell","MYC","ranger_et",0.826949758306401
"cz_influenza","effector_CD4_minus_positive_comma_alpha_minus_beta_T_cell","PRDM1","ranger_et",0.86980430302899
"cz_influenza","effector_CD4_minus_positive_comma_alpha_minus_beta_T_cell","STAT1","ranger_et",0.821698057995675
"cz_influenza","effector_CD4_minus_positive_comma_alpha_minus_beta_T_cell","KLF6","xgboost",0.770595604382785
"cz_influenza","effector_CD4_minus_positive_comma_alpha_minus_beta_T_cell","NR3C1","xgboost",0.725208683727839
"cz_influenza","effector_CD4_minus_positive_comma_alpha_minus_beta_T_cell","ETV1","xgboost",0.776449217420212
"cz_influenza","effector_CD4_minus_positive_comma_alpha_minus_beta_T_cell","ELK3","xgboost",0.799367351588196
"cz_influenza","effector_CD4_minus_positive_comma_alpha_minus_beta_T_cell","SP4","xgboost",0.770148731944769
"cz_influenza","effector_CD4_minus_positive_comma_alpha_minus_beta_T_cell","RARG","xgboost",0.752221032497789
"cz_influenza","effector_CD4_minus_positive_comma_alpha_minus_beta_T_cell","RUNX3","xgboost",0.733740699997026
"cz_influenza","effector_CD4_minus_positive_comma_alpha_minus_beta_T_cell","FOXB1","xgboost",0.670958967000386
"cz_influenza","effector_CD4_minus_positive_comma_alpha_minus_beta_T_cell","TCF4","xgboost",0.714099999371317
"cz_influenza","effector_CD4_minus_positive_comma_alpha_minus_beta_T_cell","FOXC1","xgboost",0.5890220343938
"cz_influenza","effector_CD4_minus_positive_comma_alpha_minus_beta_T_cell","HLF","xgboost",0.692704102286541
"cz_influenza","effector_CD4_minus_positive_comma_alpha_minus_beta_T_cell","ID2","xgboost",0.786502399369477
"cz_influenza","effector_CD4_minus_positive_comma_alpha_minus_beta_T_cell","SMARCC2","xgboost",0.824309096312309
"cz_influenza","effector_CD4_minus_positive_comma_alpha_minus_beta_T_cell","ARID2","xgboost",0.649219959266955
"cz_influenza","effector_CD4_minus_positive_comma_alpha_minus_beta_T_cell","IRX5","xgboost",0.738274995621775
"cz_influenza","effector_CD4_minus_positive_comma_alpha_minus_beta_T_cell","POU2F1","xgboost",0.807323572266226
"cz_influenza","effector_CD4_minus_positive_comma_alpha_minus_beta_T_cell","PBX1","xgboost",0.800571526493821
"cz_influenza","effector_CD4_minus_positive_comma_alpha_minus_beta_T_cell","AIRE","xgboost",0.7335321750923
"cz_influenza","effector_CD4_minus_positive_comma_alpha_minus_beta_T_cell","DDIT3","xgboost",0.731284280070646
"cz_influenza","effector_CD4_minus_positive_comma_alpha_minus_beta_T_cell","NR1D1","xgboost",0.693519107959145
"cz_influenza","effector_CD4_minus_positive_comma_alpha_minus_beta_T_cell","TCF7","xgboost",0.781669910010993
"cz_influenza","effector_CD4_minus_positive_comma_alpha_minus_beta_T_cell","ZFP28","xgboost",0.717817158018062
"cz_influenza","effector_CD4_minus_positive_comma_alpha_minus_beta_T_cell","GFI1","xgboost",0.763811296250988
"cz_influenza","effector_CD4_minus_positive_comma_alpha_minus_beta_T_cell","CEBPD","xgboost",0.69198015597578
"cz_influenza","effector_CD4_minus_positive_comma_alpha_minus_beta_T_cell","MSC","xgboost",0.629756471082687
"cz_influenza","effector_CD4_minus_positive_comma_alpha_minus_beta_T_cell","IKZF2","xgboost",0.780416679634561
"cz_influenza","effector_CD4_minus_positive_comma_alpha_minus_beta_T_cell","ASCL2","xgboost",0.789711205701798
"cz_influenza","effector_CD4_minus_positive_comma_alpha_minus_beta_T_cell","FUBP1","xgboost",0.725313957056867
"cz_influenza","effector_CD4_minus_positive_comma_alpha_minus_beta_T_cell","ARNT","xgboost",0.804884544066425
"cz_influenza","effector_CD4_minus_positive_comma_alpha_minus_beta_T_cell","ETV5","xgboost",0.794009967502324
"cz_influenza","effector_CD4_minus_positive_comma_alpha_minus_beta_T_cell","TBX21","xgboost",0.839834594985936
"cz_influenza","effector_CD4_minus_positive_comma_alpha_minus_beta_T_cell","IKZF1","xgboost",0.767306848058185
"cz_influenza","effector_CD4_minus_positive_comma_alpha_minus_beta_T_cell","HIF1A","xgboost",0.753497799777932
"cz_influenza","effector_CD4_minus_positive_comma_alpha_minus_beta_T_cell","EPAS1","xgboost",0.797218108125234
"cz_influenza","effector_CD4_minus_positive_comma_alpha_minus_beta_T_cell","BCL6","xgboost",0.829871827951686
"cz_influenza","effector_CD4_minus_positive_comma_alpha_minus_beta_T_cell","RORA","xgboost",0.733010348568887
"cz_influenza","effector_CD4_minus_positive_comma_alpha_minus_beta_T_cell","RUNX1","xgboost",0.816232298401933
"cz_influenza","effector_CD4_minus_positive_comma_alpha_minus_beta_T_cell","HIVEP2","xgboost",0.781087772872044
"cz_influenza","effector_CD4_minus_positive_comma_alpha_minus_beta_T_cell","IKZF3","xgboost",0.832766767093183
"cz_influenza","effector_CD4_minus_positive_comma_alpha_minus_beta_T_cell","MLXIPL","xgboost",0.823235804516585
"cz_influenza","effector_CD4_minus_positive_comma_alpha_minus_beta_T_cell","ZNF740","xgboost",0.745692720208873
"cz_influenza","effector_CD4_minus_positive_comma_alpha_minus_beta_T_cell","FOXP3","xgboost",0.780695899691296
"cz_influenza","effector_CD4_minus_positive_comma_alpha_minus_beta_T_cell","FOSB","xgboost",0.849762662849727
"cz_influenza","effector_CD4_minus_positive_comma_alpha_minus_beta_T_cell","NFE2L2","xgboost",0.754354538207347
"cz_influenza","effector_CD4_minus_positive_comma_alpha_minus_beta_T_cell","FOXP4","xgboost",0.78068330865026
"cz_influenza","effector_CD4_minus_positive_comma_alpha_minus_beta_T_cell","ITGB2","xgboost",0.784163688354486
"cz_influenza","effector_CD4_minus_positive_comma_alpha_minus_beta_T_cell","ID3","xgboost",0.793926860935905
"cz_influenza","effector_CD4_minus_positive_comma_alpha_minus_beta_T_cell","ZNF331","xgboost",0.746838416806354
"cz_influenza","effector_CD4_minus_positive_comma_alpha_minus_beta_T_cell","MGA","xgboost",0.826837297442967
"cz_influenza","effector_CD4_minus_positive_comma_alpha_minus_beta_T_cell","HOXB2","xgboost",0.848169419030558
"cz_influenza","effector_CD4_minus_positive_comma_alpha_minus_beta_T_cell","E4F1","xgboost",0.772818814720599
"cz_influenza","effector_CD4_minus_positive_comma_alpha_minus_beta_T_cell","ZFP3","xgboost",0.704579579374903
"cz_influenza","effector_CD4_minus_positive_comma_alpha_minus_beta_T_cell","HIVEP1","xgboost",0.785196806340986
"cz_influenza","effector_CD4_minus_positive_comma_alpha_minus_beta_T_cell","SREBF2","xgboost",0.764046605569846
"cz_influenza","effector_CD4_minus_positive_comma_alpha_minus_beta_T_cell","ENO1","xgboost",0.802885552799512
"cz_influenza","effector_CD4_minus_positive_comma_alpha_minus_beta_T_cell","GLIS3","xgboost",0.685573540738981
"cz_influenza","effector_CD4_minus_positive_comma_alpha_minus_beta_T_cell","ZBTB4","xgboost",0.783997642574506
"cz_influenza","effector_CD4_minus_positive_comma_alpha_minus_beta_T_cell","IRF4","xgboost",0.836473110081206
"cz_influenza","effector_CD4_minus_positive_comma_alpha_minus_beta_T_cell","LMO2","xgboost",0.789320846393626
"cz_influenza","effector_CD4_minus_positive_comma_alpha_minus_beta_T_cell","KLF2","xgboost",0.821432858967198
"cz_influenza","effector_CD4_minus_positive_comma_alpha_minus_beta_T_cell","SMARCA5","xgboost",0.781233675880854
"cz_influenza","effector_CD4_minus_positive_comma_alpha_minus_beta_T_cell","CREM","xgboost",0.783140929013486
"cz_influenza","effector_CD4_minus_positive_comma_alpha_minus_beta_T_cell","TFDP2","xgboost",0.790450113458832
"cz_influenza","effector_CD4_minus_positive_comma_alpha_minus_beta_T_cell","MYB","xgboost",0.839033127628617
"cz_influenza","effector_CD4_minus_positive_comma_alpha_minus_beta_T_cell","NANOG","xgboost",0.773575803200836
"cz_influenza","effector_CD4_minus_positive_comma_alpha_minus_beta_T_cell","NFATC3","xgboost",0.858954763337923
"cz_influenza","effector_CD4_minus_positive_comma_alpha_minus_beta_T_cell","FOXP1","xgboost",0.76435296434092
"cz_influenza","effector_CD4_minus_positive_comma_alpha_minus_beta_T_cell","MYBL1","xgboost",0.829002920655421
"cz_influenza","effector_CD4_minus_positive_comma_alpha_minus_beta_T_cell","FOSL2","xgboost",0.781957652414639
"cz_influenza","effector_CD4_minus_positive_comma_alpha_minus_beta_T_cell","BCL11B","xgboost",0.803878221226554
"cz_influenza","effector_CD4_minus_positive_comma_alpha_minus_beta_T_cell","JUNB","xgboost",0.842364266564444
"cz_influenza","effector_CD4_minus_positive_comma_alpha_minus_beta_T_cell","PLAG1","xgboost",0.75811211559404
"cz_influenza","effector_CD4_minus_positive_comma_alpha_minus_beta_T_cell","GATA3","xgboost",0.754713825859706
"cz_influenza","effector_CD4_minus_positive_comma_alpha_minus_beta_T_cell","MECP2","xgboost",0.769292229073345
"cz_influenza","effector_CD4_minus_positive_comma_alpha_minus_beta_T_cell","CEBPB","xgboost",0.847507965068704
"cz_influenza","effector_CD4_minus_positive_comma_alpha_minus_beta_T_cell","KLF10","xgboost",0.746348373767576
"cz_influenza","effector_CD4_minus_positive_comma_alpha_minus_beta_T_cell","ETV7","xgboost",0.822176136316746
"cz_influenza","effector_CD4_minus_positive_comma_alpha_minus_beta_T_cell","MTF1","xgboost",0.813058278407331
"cz_influenza","effector_CD4_minus_positive_comma_alpha_minus_beta_T_cell","FOS","xgboost",0.836764813419724
"cz_influenza","effector_CD4_minus_positive_comma_alpha_minus_beta_T_cell","JUN","xgboost",0.815265807765342
"cz_influenza","effector_CD4_minus_positive_comma_alpha_minus_beta_T_cell","TFCP2","xgboost",0.822715551059029
"cz_influenza","effector_CD4_minus_positive_comma_alpha_minus_beta_T_cell","POU3F1","xgboost",0.822391874468959
"cz_influenza","effector_CD4_minus_positive_comma_alpha_minus_beta_T_cell","HES4","xgboost",0.829093061372421
"cz_influenza","effector_CD4_minus_positive_comma_alpha_minus_beta_T_cell","BACH1","xgboost",0.848401526748449
"cz_influenza","effector_CD4_minus_positive_comma_alpha_minus_beta_T_cell","KLF7","xgboost",0.859004319302377
"cz_influenza","effector_CD4_minus_positive_comma_alpha_minus_beta_T_cell","ZSCAN22","xgboost",0.787250833093328
"cz_influenza","effector_CD4_minus_positive_comma_alpha_minus_beta_T_cell","NFIA","xgboost",0.754009960482342
"cz_influenza","effector_CD4_minus_positive_comma_alpha_minus_beta_T_cell","POLR3A","xgboost",0.845368163487951
"cz_influenza","effector_CD4_minus_positive_comma_alpha_minus_beta_T_cell","ZNF683","xgboost",0.844296851120002
"cz_influenza","effector_CD4_minus_positive_comma_alpha_minus_beta_T_cell","FOXO4","xgboost",0.80212642168712
"cz_influenza","effector_CD4_minus_positive_comma_alpha_minus_beta_T_cell","NFIC","xgboost",0.783044788922569
"cz_influenza","effector_CD4_minus_positive_comma_alpha_minus_beta_T_cell","FOXO3","xgboost",0.756326298602597
"cz_influenza","effector_CD4_minus_positive_comma_alpha_minus_beta_T_cell","FOSL1","xgboost",0.806908307788609
"cz_influenza","effector_CD4_minus_positive_comma_alpha_minus_beta_T_cell","KLF3","xgboost",0.845768765685622
"cz_influenza","effector_CD4_minus_positive_comma_alpha_minus_beta_T_cell","POU5F1","xgboost",0.818838611081939
"cz_influenza","effector_CD4_minus_positive_comma_alpha_minus_beta_T_cell","NFKB2","xgboost",0.810716819754951
"cz_influenza","effector_CD4_minus_positive_comma_alpha_minus_beta_T_cell","POU2F2","xgboost",0.817228334333362
"cz_influenza","effector_CD4_minus_positive_comma_alpha_minus_beta_T_cell","JUND","xgboost",0.830915611705305
"cz_influenza","effector_CD4_minus_positive_comma_alpha_minus_beta_T_cell","ZEB1","xgboost",0.827124124229931
"cz_influenza","effector_CD4_minus_positive_comma_alpha_minus_beta_T_cell","ZBTB7A","xgboost",0.808334329253571
"cz_influenza","effector_CD4_minus_positive_comma_alpha_minus_beta_T_cell","CHD2","xgboost",0.794625596007902
"cz_influenza","effector_CD4_minus_positive_comma_alpha_minus_beta_T_cell","ZNF281","xgboost",0.804449627087848
"cz_influenza","effector_CD4_minus_positive_comma_alpha_minus_beta_T_cell","IRF7","xgboost",0.83755377951459
"cz_influenza","effector_CD4_minus_positive_comma_alpha_minus_beta_T_cell","NR4A2","xgboost",0.790685109810863
"cz_influenza","effector_CD4_minus_positive_comma_alpha_minus_beta_T_cell","BCLAF1","xgboost",0.814670516623584
"cz_influenza","effector_CD4_minus_positive_comma_alpha_minus_beta_T_cell","TAF1","xgboost",0.751752943624808
"cz_influenza","effector_CD4_minus_positive_comma_alpha_minus_beta_T_cell","FOXA1","xgboost",0.827597675012788
"cz_influenza","effector_CD4_minus_positive_comma_alpha_minus_beta_T_cell","YY1","xgboost",0.831760860570092
"cz_influenza","effector_CD4_minus_positive_comma_alpha_minus_beta_T_cell","ATF3","xgboost",0.853291535008229
"cz_influenza","effector_CD4_minus_positive_comma_alpha_minus_beta_T_cell","BHLHE40","xgboost",0.819788034233294
"cz_influenza","effector_CD4_minus_positive_comma_alpha_minus_beta_T_cell","BATF","xgboost",0.82405077388398
"cz_influenza","effector_CD4_minus_positive_comma_alpha_minus_beta_T_cell","MAF","xgboost",0.85239947204279
"cz_influenza","effector_CD4_minus_positive_comma_alpha_minus_beta_T_cell","EGR2","xgboost",0.782049113890757
"cz_influenza","effector_CD4_minus_positive_comma_alpha_minus_beta_T_cell","REL","xgboost",0.779493029901999
"cz_influenza","effector_CD4_minus_positive_comma_alpha_minus_beta_T_cell","IRF9","xgboost",0.840389718043078
"cz_influenza","effector_CD4_minus_positive_comma_alpha_minus_beta_T_cell","ETS1","xgboost",0.78403218713139
"cz_influenza","effector_CD4_minus_positive_comma_alpha_minus_beta_T_cell","IRF1","xgboost",0.774660820398411
"cz_influenza","effector_CD4_minus_positive_comma_alpha_minus_beta_T_cell","MAFF","xgboost",0.835558733911276
"cz_influenza","effector_CD4_minus_positive_comma_alpha_minus_beta_T_cell","NFE2","xgboost",0.824992533167889
"cz_influenza","effector_CD4_minus_positive_comma_alpha_minus_beta_T_cell","RXRA","xgboost",0.804067651678516
"cz_influenza","effector_CD4_minus_positive_comma_alpha_minus_beta_T_cell","MYC","xgboost",0.83452559843698
"cz_influenza","effector_CD4_minus_positive_comma_alpha_minus_beta_T_cell","PRDM1","xgboost",0.874708925556199
"cz_influenza","effector_CD4_minus_positive_comma_alpha_minus_beta_T_cell","STAT1","xgboost",0.843218578762359
"cz_influenza","effector_CD4_minus_positive_comma_alpha_minus_beta_T_cell","KLF6","mars",0.687881892022707
"cz_influenza","effector_CD4_minus_positive_comma_alpha_minus_beta_T_cell","NR3C1","mars",0.613442053963912
"cz_influenza","effector_CD4_minus_positive_comma_alpha_minus_beta_T_cell","ETV1","mars",0.734223626181485
"cz_influenza","effector_CD4_minus_positive_comma_alpha_minus_beta_T_cell","ELK3","mars",0.766216847028032
"cz_influenza","effector_CD4_minus_positive_comma_alpha_minus_beta_T_cell","SP4","mars",0.766615925586876
"cz_influenza","effector_CD4_minus_positive_comma_alpha_minus_beta_T_cell","RARG","mars",0.1568927885714
"cz_influenza","effector_CD4_minus_positive_comma_alpha_minus_beta_T_cell","RUNX3","mars",0.594875047361097
"cz_influenza","effector_CD4_minus_positive_comma_alpha_minus_beta_T_cell","FOXB1","mars",0.605936254639744
"cz_influenza","effector_CD4_minus_positive_comma_alpha_minus_beta_T_cell","TCF4","mars",0.612147904474242
"cz_influenza","effector_CD4_minus_positive_comma_alpha_minus_beta_T_cell","FOXC1","mars",0.452126908975083
"cz_influenza","effector_CD4_minus_positive_comma_alpha_minus_beta_T_cell","HLF","mars",0.507041900466269
"cz_influenza","effector_CD4_minus_positive_comma_alpha_minus_beta_T_cell","ID2","mars",0.677568127581125
"cz_influenza","effector_CD4_minus_positive_comma_alpha_minus_beta_T_cell","SMARCC2","mars",0.691860817916158
"cz_influenza","effector_CD4_minus_positive_comma_alpha_minus_beta_T_cell","ARID2","mars",0.372051780854496
"cz_influenza","effector_CD4_minus_positive_comma_alpha_minus_beta_T_cell","IRX5","mars",0.696875233015563
"cz_influenza","effector_CD4_minus_positive_comma_alpha_minus_beta_T_cell","POU2F1","mars",0.760344566732104
"cz_influenza","effector_CD4_minus_positive_comma_alpha_minus_beta_T_cell","PBX1","mars",0.649165259136942
"cz_influenza","effector_CD4_minus_positive_comma_alpha_minus_beta_T_cell","AIRE","mars",0.641582893562088
"cz_influenza","effector_CD4_minus_positive_comma_alpha_minus_beta_T_cell","DDIT3","mars",0.563006000355766
"cz_influenza","effector_CD4_minus_positive_comma_alpha_minus_beta_T_cell","NR1D1","mars",0.541602139435692
"cz_influenza","effector_CD4_minus_positive_comma_alpha_minus_beta_T_cell","TCF7","mars",0.669019783938045
"cz_influenza","effector_CD4_minus_positive_comma_alpha_minus_beta_T_cell","ZFP28","mars",0.624566789046515
"cz_influenza","effector_CD4_minus_positive_comma_alpha_minus_beta_T_cell","GFI1","mars",0.733140074667937
"cz_influenza","effector_CD4_minus_positive_comma_alpha_minus_beta_T_cell","CEBPD","mars",0.585784999988744
"cz_influenza","effector_CD4_minus_positive_comma_alpha_minus_beta_T_cell","MSC","mars",0.48394375442624
"cz_influenza","effector_CD4_minus_positive_comma_alpha_minus_beta_T_cell","IKZF2","mars",0.622619193454875
"cz_influenza","effector_CD4_minus_positive_comma_alpha_minus_beta_T_cell","ASCL2","mars",0.72994048922575
"cz_influenza","effector_CD4_minus_positive_comma_alpha_minus_beta_T_cell","FUBP1","mars",0.573328245239
"cz_influenza","effector_CD4_minus_positive_comma_alpha_minus_beta_T_cell","ARNT","mars",0.782752182399033
"cz_influenza","effector_CD4_minus_positive_comma_alpha_minus_beta_T_cell","ETV5","mars",0.671308002179776
"cz_influenza","effector_CD4_minus_positive_comma_alpha_minus_beta_T_cell","TBX21","mars",0.843510979275618
"cz_influenza","effector_CD4_minus_positive_comma_alpha_minus_beta_T_cell","IKZF1","mars",0.70750523634191
"cz_influenza","effector_CD4_minus_positive_comma_alpha_minus_beta_T_cell","HIF1A","mars",0.654204093055287
"cz_influenza","effector_CD4_minus_positive_comma_alpha_minus_beta_T_cell","EPAS1","mars",0.619151490511639
"cz_influenza","effector_CD4_minus_positive_comma_alpha_minus_beta_T_cell","BCL6","mars",0.7935054321508
"cz_influenza","effector_CD4_minus_positive_comma_alpha_minus_beta_T_cell","RORA","mars",0.643479700411683
"cz_influenza","effector_CD4_minus_positive_comma_alpha_minus_beta_T_cell","RUNX1","mars",0.756137708486937
"cz_influenza","effector_CD4_minus_positive_comma_alpha_minus_beta_T_cell","HIVEP2","mars",0.691844514592325
"cz_influenza","effector_CD4_minus_positive_comma_alpha_minus_beta_T_cell","IKZF3","mars",0.743089740450447
"cz_influenza","effector_CD4_minus_positive_comma_alpha_minus_beta_T_cell","MLXIPL","mars",0.771730142506117
"cz_influenza","effector_CD4_minus_positive_comma_alpha_minus_beta_T_cell","ZNF740","mars",0.621589117404924
"cz_influenza","effector_CD4_minus_positive_comma_alpha_minus_beta_T_cell","FOXP3","mars",0.688439667758127
"cz_influenza","effector_CD4_minus_positive_comma_alpha_minus_beta_T_cell","FOSB","mars",0.804867680375794
"cz_influenza","effector_CD4_minus_positive_comma_alpha_minus_beta_T_cell","NFE2L2","mars",0.638920828754355
"cz_influenza","effector_CD4_minus_positive_comma_alpha_minus_beta_T_cell","FOXP4","mars",0.684875213492537
"cz_influenza","effector_CD4_minus_positive_comma_alpha_minus_beta_T_cell","ITGB2","mars",0.645456071585075
"cz_influenza","effector_CD4_minus_positive_comma_alpha_minus_beta_T_cell","ID3","mars",0.710592400994027
"cz_influenza","effector_CD4_minus_positive_comma_alpha_minus_beta_T_cell","ZNF331","mars",0.579629985531924
"cz_influenza","effector_CD4_minus_positive_comma_alpha_minus_beta_T_cell","MGA","mars",-3.33663388817102
"cz_influenza","effector_CD4_minus_positive_comma_alpha_minus_beta_T_cell","HOXB2","mars",0.768217554483639
"cz_influenza","effector_CD4_minus_positive_comma_alpha_minus_beta_T_cell","E4F1","mars",0.671377947298937
"cz_influenza","effector_CD4_minus_positive_comma_alpha_minus_beta_T_cell","ZFP3","mars",0.608070163717845
"cz_influenza","effector_CD4_minus_positive_comma_alpha_minus_beta_T_cell","HIVEP1","mars",0.678658203465668
"cz_influenza","effector_CD4_minus_positive_comma_alpha_minus_beta_T_cell","SREBF2","mars",0.742929333554233
"cz_influenza","effector_CD4_minus_positive_comma_alpha_minus_beta_T_cell","ENO1","mars",0.735939764870973
"cz_influenza","effector_CD4_minus_positive_comma_alpha_minus_beta_T_cell","GLIS3","mars",0.48174641948544
"cz_influenza","effector_CD4_minus_positive_comma_alpha_minus_beta_T_cell","ZBTB4","mars",0.721052357468262
"cz_influenza","effector_CD4_minus_positive_comma_alpha_minus_beta_T_cell","IRF4","mars",0.754992020767801
"cz_influenza","effector_CD4_minus_positive_comma_alpha_minus_beta_T_cell","LMO2","mars",0.709969331688528
"cz_influenza","effector_CD4_minus_positive_comma_alpha_minus_beta_T_cell","KLF2","mars",0.723104047212947
"cz_influenza","effector_CD4_minus_positive_comma_alpha_minus_beta_T_cell","SMARCA5","mars",0.665343663937076
"cz_influenza","effector_CD4_minus_positive_comma_alpha_minus_beta_T_cell","CREM","mars",0.656842041025046
"cz_influenza","effector_CD4_minus_positive_comma_alpha_minus_beta_T_cell","TFDP2","mars",0.765855769641313
"cz_influenza","effector_CD4_minus_positive_comma_alpha_minus_beta_T_cell","MYB","mars",0.738212264091928
"cz_influenza","effector_CD4_minus_positive_comma_alpha_minus_beta_T_cell","NANOG","mars",0.700624179076123
"cz_influenza","effector_CD4_minus_positive_comma_alpha_minus_beta_T_cell","NFATC3","mars",0.830920689434636
"cz_influenza","effector_CD4_minus_positive_comma_alpha_minus_beta_T_cell","FOXP1","mars",0.640083712162293
"cz_influenza","effector_CD4_minus_positive_comma_alpha_minus_beta_T_cell","MYBL1","mars",0.750824637277745
"cz_influenza","effector_CD4_minus_positive_comma_alpha_minus_beta_T_cell","FOSL2","mars",0.681218974276283
"cz_influenza","effector_CD4_minus_positive_comma_alpha_minus_beta_T_cell","BCL11B","mars",0.733126531443578
"cz_influenza","effector_CD4_minus_positive_comma_alpha_minus_beta_T_cell","JUNB","mars",0.781919331616112
"cz_influenza","effector_CD4_minus_positive_comma_alpha_minus_beta_T_cell","PLAG1","mars",0.684643689052164
"cz_influenza","effector_CD4_minus_positive_comma_alpha_minus_beta_T_cell","GATA3","mars",0.727411514675462
"cz_influenza","effector_CD4_minus_positive_comma_alpha_minus_beta_T_cell","MECP2","mars",0.665504484428485
"cz_influenza","effector_CD4_minus_positive_comma_alpha_minus_beta_T_cell","CEBPB","mars",0.793125081141826
"cz_influenza","effector_CD4_minus_positive_comma_alpha_minus_beta_T_cell","KLF10","mars",0.671082684546134
"cz_influenza","effector_CD4_minus_positive_comma_alpha_minus_beta_T_cell","ETV7","mars",0.792447414456727
"cz_influenza","effector_CD4_minus_positive_comma_alpha_minus_beta_T_cell","MTF1","mars",0.746998260479161
"cz_influenza","effector_CD4_minus_positive_comma_alpha_minus_beta_T_cell","FOS","mars",0.794270737381117
"cz_influenza","effector_CD4_minus_positive_comma_alpha_minus_beta_T_cell","JUN","mars",0.755464689718666
"cz_influenza","effector_CD4_minus_positive_comma_alpha_minus_beta_T_cell","TFCP2","mars",0.721819401921012
"cz_influenza","effector_CD4_minus_positive_comma_alpha_minus_beta_T_cell","POU3F1","mars",0.752504205338074
"cz_influenza","effector_CD4_minus_positive_comma_alpha_minus_beta_T_cell","HES4","mars",0.748116341710744
"cz_influenza","effector_CD4_minus_positive_comma_alpha_minus_beta_T_cell","BACH1","mars",0.796395150827399
"cz_influenza","effector_CD4_minus_positive_comma_alpha_minus_beta_T_cell","KLF7","mars",0.822725543276068
"cz_influenza","effector_CD4_minus_positive_comma_alpha_minus_beta_T_cell","ZSCAN22","mars",0.636710448835828
"cz_influenza","effector_CD4_minus_positive_comma_alpha_minus_beta_T_cell","NFIA","mars",0.649857041809298
"cz_influenza","effector_CD4_minus_positive_comma_alpha_minus_beta_T_cell","POLR3A","mars",0.781724472780304
"cz_influenza","effector_CD4_minus_positive_comma_alpha_minus_beta_T_cell","ZNF683","mars",0.271412670984776
"cz_influenza","effector_CD4_minus_positive_comma_alpha_minus_beta_T_cell","FOXO4","mars",0.720868430177111
"cz_influenza","effector_CD4_minus_positive_comma_alpha_minus_beta_T_cell","NFIC","mars",0.673853620875345
"cz_influenza","effector_CD4_minus_positive_comma_alpha_minus_beta_T_cell","FOXO3","mars",0.643789491998187
"cz_influenza","effector_CD4_minus_positive_comma_alpha_minus_beta_T_cell","FOSL1","mars",0.783640210546887
"cz_influenza","effector_CD4_minus_positive_comma_alpha_minus_beta_T_cell","KLF3","mars",0.775488278670701
"cz_influenza","effector_CD4_minus_positive_comma_alpha_minus_beta_T_cell","POU5F1","mars",0.764965271750983
"cz_influenza","effector_CD4_minus_positive_comma_alpha_minus_beta_T_cell","NFKB2","mars",0.698570045710446
"cz_influenza","effector_CD4_minus_positive_comma_alpha_minus_beta_T_cell","POU2F2","mars",0.588484787643688
"cz_influenza","effector_CD4_minus_positive_comma_alpha_minus_beta_T_cell","JUND","mars",0.77109136878691
"cz_influenza","effector_CD4_minus_positive_comma_alpha_minus_beta_T_cell","ZEB1","mars",0.763086728710671
"cz_influenza","effector_CD4_minus_positive_comma_alpha_minus_beta_T_cell","ZBTB7A","mars",0.795788723196068
"cz_influenza","effector_CD4_minus_positive_comma_alpha_minus_beta_T_cell","CHD2","mars",0.682820063847594
"cz_influenza","effector_CD4_minus_positive_comma_alpha_minus_beta_T_cell","ZNF281","mars",0.748013182217614
"cz_influenza","effector_CD4_minus_positive_comma_alpha_minus_beta_T_cell","IRF7","mars",0.778731371395402
"cz_influenza","effector_CD4_minus_positive_comma_alpha_minus_beta_T_cell","NR4A2","mars",0.75093105305837
"cz_influenza","effector_CD4_minus_positive_comma_alpha_minus_beta_T_cell","BCLAF1","mars",0.743525543377572
"cz_influenza","effector_CD4_minus_positive_comma_alpha_minus_beta_T_cell","TAF1","mars",0.663449608878773
"cz_influenza","effector_CD4_minus_positive_comma_alpha_minus_beta_T_cell","FOXA1","mars",0.74744734653243
"cz_influenza","effector_CD4_minus_positive_comma_alpha_minus_beta_T_cell","YY1","mars",0.82575331155981
"cz_influenza","effector_CD4_minus_positive_comma_alpha_minus_beta_T_cell","ATF3","mars",0.789660283407139
"cz_influenza","effector_CD4_minus_positive_comma_alpha_minus_beta_T_cell","BHLHE40","mars",0.759230449546968
"cz_influenza","effector_CD4_minus_positive_comma_alpha_minus_beta_T_cell","BATF","mars",0.785606680091384
"cz_influenza","effector_CD4_minus_positive_comma_alpha_minus_beta_T_cell","MAF","mars",0.84142944620172
"cz_influenza","effector_CD4_minus_positive_comma_alpha_minus_beta_T_cell","EGR2","mars",0.687253280339293
"cz_influenza","effector_CD4_minus_positive_comma_alpha_minus_beta_T_cell","REL","mars",0.687536490850347
"cz_influenza","effector_CD4_minus_positive_comma_alpha_minus_beta_T_cell","IRF9","mars",0.760089766700618
"cz_influenza","effector_CD4_minus_positive_comma_alpha_minus_beta_T_cell","ETS1","mars",0.688860486714496
"cz_influenza","effector_CD4_minus_positive_comma_alpha_minus_beta_T_cell","IRF1","mars",0.703743451514708
"cz_influenza","effector_CD4_minus_positive_comma_alpha_minus_beta_T_cell","MAFF","mars",0.750496214662435
"cz_influenza","effector_CD4_minus_positive_comma_alpha_minus_beta_T_cell","NFE2","mars",0.735273554567975
"cz_influenza","effector_CD4_minus_positive_comma_alpha_minus_beta_T_cell","RXRA","mars",0.745155436376885
"cz_influenza","effector_CD4_minus_positive_comma_alpha_minus_beta_T_cell","MYC","mars",0.734781656337955
"cz_influenza","effector_CD4_minus_positive_comma_alpha_minus_beta_T_cell","PRDM1","mars",0.831367427683687
"cz_influenza","effector_CD4_minus_positive_comma_alpha_minus_beta_T_cell","STAT1","mars",0.76112862473422
"cz_influenza","effector_CD4_minus_positive_comma_alpha_minus_beta_T_cell","KLF6","svm_rbf",0.803881128628595
"cz_influenza","effector_CD4_minus_positive_comma_alpha_minus_beta_T_cell","NR3C1","svm_rbf",0.749516029455139
"cz_influenza","effector_CD4_minus_positive_comma_alpha_minus_beta_T_cell","ETV1","svm_rbf",0.823135434839006
"cz_influenza","effector_CD4_minus_positive_comma_alpha_minus_beta_T_cell","ELK3","svm_rbf",0.842451591012411
"cz_influenza","effector_CD4_minus_positive_comma_alpha_minus_beta_T_cell","SP4","svm_rbf",0.807607902709025
"cz_influenza","effector_CD4_minus_positive_comma_alpha_minus_beta_T_cell","RARG","svm_rbf",0.813497283285749
"cz_influenza","effector_CD4_minus_positive_comma_alpha_minus_beta_T_cell","RUNX3","svm_rbf",0.739778675383382
"cz_influenza","effector_CD4_minus_positive_comma_alpha_minus_beta_T_cell","FOXB1","svm_rbf",0.737473057603055
"cz_influenza","effector_CD4_minus_positive_comma_alpha_minus_beta_T_cell","TCF4","svm_rbf",0.732347354046036
"cz_influenza","effector_CD4_minus_positive_comma_alpha_minus_beta_T_cell","FOXC1","svm_rbf",0.643628335623597
"cz_influenza","effector_CD4_minus_positive_comma_alpha_minus_beta_T_cell","HLF","svm_rbf",0.715649247364916
"cz_influenza","effector_CD4_minus_positive_comma_alpha_minus_beta_T_cell","ID2","svm_rbf",0.801626510809296
"cz_influenza","effector_CD4_minus_positive_comma_alpha_minus_beta_T_cell","SMARCC2","svm_rbf",0.844063672581934
"cz_influenza","effector_CD4_minus_positive_comma_alpha_minus_beta_T_cell","ARID2","svm_rbf",0.672296306592626
"cz_influenza","effector_CD4_minus_positive_comma_alpha_minus_beta_T_cell","IRX5","svm_rbf",0.752586110033611
"cz_influenza","effector_CD4_minus_positive_comma_alpha_minus_beta_T_cell","POU2F1","svm_rbf",0.847358979006615
"cz_influenza","effector_CD4_minus_positive_comma_alpha_minus_beta_T_cell","PBX1","svm_rbf",0.839687548482795
"cz_influenza","effector_CD4_minus_positive_comma_alpha_minus_beta_T_cell","AIRE","svm_rbf",0.725284367913298
"cz_influenza","effector_CD4_minus_positive_comma_alpha_minus_beta_T_cell","DDIT3","svm_rbf",0.739572457075681
"cz_influenza","effector_CD4_minus_positive_comma_alpha_minus_beta_T_cell","NR1D1","svm_rbf",0.726400978458108
"cz_influenza","effector_CD4_minus_positive_comma_alpha_minus_beta_T_cell","TCF7","svm_rbf",0.791601433843445
"cz_influenza","effector_CD4_minus_positive_comma_alpha_minus_beta_T_cell","ZFP28","svm_rbf",0.746457594212554
"cz_influenza","effector_CD4_minus_positive_comma_alpha_minus_beta_T_cell","GFI1","svm_rbf",0.806539201754806
"cz_influenza","effector_CD4_minus_positive_comma_alpha_minus_beta_T_cell","CEBPD","svm_rbf",0.731758120174152
"cz_influenza","effector_CD4_minus_positive_comma_alpha_minus_beta_T_cell","MSC","svm_rbf",0.698647570769546
"cz_influenza","effector_CD4_minus_positive_comma_alpha_minus_beta_T_cell","IKZF2","svm_rbf",0.783995655375908
"cz_influenza","effector_CD4_minus_positive_comma_alpha_minus_beta_T_cell","ASCL2","svm_rbf",0.805648530295058
"cz_influenza","effector_CD4_minus_positive_comma_alpha_minus_beta_T_cell","FUBP1","svm_rbf",0.703058864134949
"cz_influenza","effector_CD4_minus_positive_comma_alpha_minus_beta_T_cell","ARNT","svm_rbf",0.844370163920204
"cz_influenza","effector_CD4_minus_positive_comma_alpha_minus_beta_T_cell","ETV5","svm_rbf",0.814337301401066
"cz_influenza","effector_CD4_minus_positive_comma_alpha_minus_beta_T_cell","TBX21","svm_rbf",0.864030829924289
"cz_influenza","effector_CD4_minus_positive_comma_alpha_minus_beta_T_cell","IKZF1","svm_rbf",0.800166203822808
"cz_influenza","effector_CD4_minus_positive_comma_alpha_minus_beta_T_cell","HIF1A","svm_rbf",0.783997408462805
"cz_influenza","effector_CD4_minus_positive_comma_alpha_minus_beta_T_cell","EPAS1","svm_rbf",0.802618900481746
"cz_influenza","effector_CD4_minus_positive_comma_alpha_minus_beta_T_cell","BCL6","svm_rbf",0.851815657344733
"cz_influenza","effector_CD4_minus_positive_comma_alpha_minus_beta_T_cell","RORA","svm_rbf",0.755779080942412
"cz_influenza","effector_CD4_minus_positive_comma_alpha_minus_beta_T_cell","RUNX1","svm_rbf",0.837749676476301
"cz_influenza","effector_CD4_minus_positive_comma_alpha_minus_beta_T_cell","HIVEP2","svm_rbf",0.801741049160104
"cz_influenza","effector_CD4_minus_positive_comma_alpha_minus_beta_T_cell","IKZF3","svm_rbf",0.834926727858395
"cz_influenza","effector_CD4_minus_positive_comma_alpha_minus_beta_T_cell","MLXIPL","svm_rbf",0.841367042481266
"cz_influenza","effector_CD4_minus_positive_comma_alpha_minus_beta_T_cell","ZNF740","svm_rbf",0.766339083478699
"cz_influenza","effector_CD4_minus_positive_comma_alpha_minus_beta_T_cell","FOXP3","svm_rbf",0.804475108286133
"cz_influenza","effector_CD4_minus_positive_comma_alpha_minus_beta_T_cell","FOSB","svm_rbf",0.858181647672328
"cz_influenza","effector_CD4_minus_positive_comma_alpha_minus_beta_T_cell","NFE2L2","svm_rbf",0.781677070944704
"cz_influenza","effector_CD4_minus_positive_comma_alpha_minus_beta_T_cell","FOXP4","svm_rbf",0.807317732796369
"cz_influenza","effector_CD4_minus_positive_comma_alpha_minus_beta_T_cell","ITGB2","svm_rbf",0.799559961570825
"cz_influenza","effector_CD4_minus_positive_comma_alpha_minus_beta_T_cell","ID3","svm_rbf",0.836646964648972
"cz_influenza","effector_CD4_minus_positive_comma_alpha_minus_beta_T_cell","ZNF331","svm_rbf",0.749132368479698
"cz_influenza","effector_CD4_minus_positive_comma_alpha_minus_beta_T_cell","MGA","svm_rbf",0.836561115265882
"cz_influenza","effector_CD4_minus_positive_comma_alpha_minus_beta_T_cell","HOXB2","svm_rbf",0.87471312820991
"cz_influenza","effector_CD4_minus_positive_comma_alpha_minus_beta_T_cell","E4F1","svm_rbf",0.791079043978351
"cz_influenza","effector_CD4_minus_positive_comma_alpha_minus_beta_T_cell","ZFP3","svm_rbf",0.738387151937954
"cz_influenza","effector_CD4_minus_positive_comma_alpha_minus_beta_T_cell","HIVEP1","svm_rbf",0.812836793641278
"cz_influenza","effector_CD4_minus_positive_comma_alpha_minus_beta_T_cell","SREBF2","svm_rbf",0.813181237915437
"cz_influenza","effector_CD4_minus_positive_comma_alpha_minus_beta_T_cell","ENO1","svm_rbf",0.822323365572202
"cz_influenza","effector_CD4_minus_positive_comma_alpha_minus_beta_T_cell","GLIS3","svm_rbf",0.728989491205008
"cz_influenza","effector_CD4_minus_positive_comma_alpha_minus_beta_T_cell","ZBTB4","svm_rbf",0.824077057075026
"cz_influenza","effector_CD4_minus_positive_comma_alpha_minus_beta_T_cell","IRF4","svm_rbf",0.857021291588702
"cz_influenza","effector_CD4_minus_positive_comma_alpha_minus_beta_T_cell","LMO2","svm_rbf",0.823349514202906
"cz_influenza","effector_CD4_minus_positive_comma_alpha_minus_beta_T_cell","KLF2","svm_rbf",0.84383640860756
"cz_influenza","effector_CD4_minus_positive_comma_alpha_minus_beta_T_cell","SMARCA5","svm_rbf",0.814330110014926
"cz_influenza","effector_CD4_minus_positive_comma_alpha_minus_beta_T_cell","CREM","svm_rbf",0.781688306150513
"cz_influenza","effector_CD4_minus_positive_comma_alpha_minus_beta_T_cell","TFDP2","svm_rbf",0.808678656773107
"cz_influenza","effector_CD4_minus_positive_comma_alpha_minus_beta_T_cell","MYB","svm_rbf",0.864024454641722
"cz_influenza","effector_CD4_minus_positive_comma_alpha_minus_beta_T_cell","NANOG","svm_rbf",0.817904700785706
"cz_influenza","effector_CD4_minus_positive_comma_alpha_minus_beta_T_cell","NFATC3","svm_rbf",0.868558057415796
"cz_influenza","effector_CD4_minus_positive_comma_alpha_minus_beta_T_cell","FOXP1","svm_rbf",0.766883119565494
"cz_influenza","effector_CD4_minus_positive_comma_alpha_minus_beta_T_cell","MYBL1","svm_rbf",0.827586987467407
"cz_influenza","effector_CD4_minus_positive_comma_alpha_minus_beta_T_cell","FOSL2","svm_rbf",0.788257945039489
"cz_influenza","effector_CD4_minus_positive_comma_alpha_minus_beta_T_cell","BCL11B","svm_rbf",0.837434054197815
"cz_influenza","effector_CD4_minus_positive_comma_alpha_minus_beta_T_cell","JUNB","svm_rbf",0.874836640791169
"cz_influenza","effector_CD4_minus_positive_comma_alpha_minus_beta_T_cell","PLAG1","svm_rbf",0.788819374869329
"cz_influenza","effector_CD4_minus_positive_comma_alpha_minus_beta_T_cell","GATA3","svm_rbf",0.806599718554595
"cz_influenza","effector_CD4_minus_positive_comma_alpha_minus_beta_T_cell","MECP2","svm_rbf",0.796576358655187
"cz_influenza","effector_CD4_minus_positive_comma_alpha_minus_beta_T_cell","CEBPB","svm_rbf",0.865214642645245
"cz_influenza","effector_CD4_minus_positive_comma_alpha_minus_beta_T_cell","KLF10","svm_rbf",0.793038285790793
"cz_influenza","effector_CD4_minus_positive_comma_alpha_minus_beta_T_cell","ETV7","svm_rbf",0.869981735804403
"cz_influenza","effector_CD4_minus_positive_comma_alpha_minus_beta_T_cell","MTF1","svm_rbf",0.831818604569696
"cz_influenza","effector_CD4_minus_positive_comma_alpha_minus_beta_T_cell","FOS","svm_rbf",0.869690217209133
"cz_influenza","effector_CD4_minus_positive_comma_alpha_minus_beta_T_cell","JUN","svm_rbf",0.834759052155739
"cz_influenza","effector_CD4_minus_positive_comma_alpha_minus_beta_T_cell","TFCP2","svm_rbf",0.837833660622362
"cz_influenza","effector_CD4_minus_positive_comma_alpha_minus_beta_T_cell","POU3F1","svm_rbf",0.831945766095132
"cz_influenza","effector_CD4_minus_positive_comma_alpha_minus_beta_T_cell","HES4","svm_rbf",0.854174152954031
"cz_influenza","effector_CD4_minus_positive_comma_alpha_minus_beta_T_cell","BACH1","svm_rbf",0.863235964356994
"cz_influenza","effector_CD4_minus_positive_comma_alpha_minus_beta_T_cell","KLF7","svm_rbf",0.872535745351506
"cz_influenza","effector_CD4_minus_positive_comma_alpha_minus_beta_T_cell","ZSCAN22","svm_rbf",0.811482315091708
"cz_influenza","effector_CD4_minus_positive_comma_alpha_minus_beta_T_cell","NFIA","svm_rbf",0.787428052390199
"cz_influenza","effector_CD4_minus_positive_comma_alpha_minus_beta_T_cell","POLR3A","svm_rbf",0.870066143761459
"cz_influenza","effector_CD4_minus_positive_comma_alpha_minus_beta_T_cell","ZNF683","svm_rbf",0.867494192528301
"cz_influenza","effector_CD4_minus_positive_comma_alpha_minus_beta_T_cell","FOXO4","svm_rbf",0.813194274735758
"cz_influenza","effector_CD4_minus_positive_comma_alpha_minus_beta_T_cell","NFIC","svm_rbf",0.813053185580186
"cz_influenza","effector_CD4_minus_positive_comma_alpha_minus_beta_T_cell","FOXO3","svm_rbf",0.779588395844358
"cz_influenza","effector_CD4_minus_positive_comma_alpha_minus_beta_T_cell","FOSL1","svm_rbf",0.848182431132954
"cz_influenza","effector_CD4_minus_positive_comma_alpha_minus_beta_T_cell","KLF3","svm_rbf",0.859962551726437
"cz_influenza","effector_CD4_minus_positive_comma_alpha_minus_beta_T_cell","POU5F1","svm_rbf",0.841794424076646
"cz_influenza","effector_CD4_minus_positive_comma_alpha_minus_beta_T_cell","NFKB2","svm_rbf",0.823741028418866
"cz_influenza","effector_CD4_minus_positive_comma_alpha_minus_beta_T_cell","POU2F2","svm_rbf",0.844509471544839
"cz_influenza","effector_CD4_minus_positive_comma_alpha_minus_beta_T_cell","JUND","svm_rbf",0.843051396434354
"cz_influenza","effector_CD4_minus_positive_comma_alpha_minus_beta_T_cell","ZEB1","svm_rbf",0.853349616884754
"cz_influenza","effector_CD4_minus_positive_comma_alpha_minus_beta_T_cell","ZBTB7A","svm_rbf",0.857483862063214
"cz_influenza","effector_CD4_minus_positive_comma_alpha_minus_beta_T_cell","CHD2","svm_rbf",0.811559323536051
"cz_influenza","effector_CD4_minus_positive_comma_alpha_minus_beta_T_cell","ZNF281","svm_rbf",0.844332585543616
"cz_influenza","effector_CD4_minus_positive_comma_alpha_minus_beta_T_cell","IRF7","svm_rbf",0.848913359272933
"cz_influenza","effector_CD4_minus_positive_comma_alpha_minus_beta_T_cell","NR4A2","svm_rbf",0.826770461725187
"cz_influenza","effector_CD4_minus_positive_comma_alpha_minus_beta_T_cell","BCLAF1","svm_rbf",0.844776989850284
"cz_influenza","effector_CD4_minus_positive_comma_alpha_minus_beta_T_cell","TAF1","svm_rbf",0.783870609980831
"cz_influenza","effector_CD4_minus_positive_comma_alpha_minus_beta_T_cell","FOXA1","svm_rbf",0.837176623465484
"cz_influenza","effector_CD4_minus_positive_comma_alpha_minus_beta_T_cell","YY1","svm_rbf",0.851666469230513
"cz_influenza","effector_CD4_minus_positive_comma_alpha_minus_beta_T_cell","ATF3","svm_rbf",0.876254703898194
"cz_influenza","effector_CD4_minus_positive_comma_alpha_minus_beta_T_cell","BHLHE40","svm_rbf",0.839849306463827
"cz_influenza","effector_CD4_minus_positive_comma_alpha_minus_beta_T_cell","BATF","svm_rbf",0.859117214051479
"cz_influenza","effector_CD4_minus_positive_comma_alpha_minus_beta_T_cell","MAF","svm_rbf",0.876129557113781
"cz_influenza","effector_CD4_minus_positive_comma_alpha_minus_beta_T_cell","EGR2","svm_rbf",0.791122284193262
"cz_influenza","effector_CD4_minus_positive_comma_alpha_minus_beta_T_cell","REL","svm_rbf",0.800166492596044
"cz_influenza","effector_CD4_minus_positive_comma_alpha_minus_beta_T_cell","IRF9","svm_rbf",0.857468736522391
"cz_influenza","effector_CD4_minus_positive_comma_alpha_minus_beta_T_cell","ETS1","svm_rbf",0.800253308380755
"cz_influenza","effector_CD4_minus_positive_comma_alpha_minus_beta_T_cell","IRF1","svm_rbf",0.813624711699946
"cz_influenza","effector_CD4_minus_positive_comma_alpha_minus_beta_T_cell","MAFF","svm_rbf",0.855919175583612
"cz_influenza","effector_CD4_minus_positive_comma_alpha_minus_beta_T_cell","NFE2","svm_rbf",0.850098447279638
"cz_influenza","effector_CD4_minus_positive_comma_alpha_minus_beta_T_cell","RXRA","svm_rbf",0.817846336867788
"cz_influenza","effector_CD4_minus_positive_comma_alpha_minus_beta_T_cell","MYC","svm_rbf",0.854602009399027
"cz_influenza","effector_CD4_minus_positive_comma_alpha_minus_beta_T_cell","PRDM1","svm_rbf",0.888250612646488
"cz_influenza","effector_CD4_minus_positive_comma_alpha_minus_beta_T_cell","STAT1","svm_rbf",0.866408762562032
"cz_influenza","CD8_minus_positive_comma_alpha_minus_beta_T_cell","E2F1","ranger_et",0.789132150349993
"cz_influenza","CD8_minus_positive_comma_alpha_minus_beta_T_cell","JUND","ranger_et",0.836791805527682
"cz_influenza","CD8_minus_positive_comma_alpha_minus_beta_T_cell","HES4","ranger_et",0.786013145392091
"cz_influenza","CD8_minus_positive_comma_alpha_minus_beta_T_cell","ELK3","ranger_et",0.845233073529009
"cz_influenza","CD8_minus_positive_comma_alpha_minus_beta_T_cell","TCF3","ranger_et",0.860444893644052
"cz_influenza","CD8_minus_positive_comma_alpha_minus_beta_T_cell","HINFP","ranger_et",0.837169058803786
"cz_influenza","CD8_minus_positive_comma_alpha_minus_beta_T_cell","AR","ranger_et",0.829664405776989
"cz_influenza","CD8_minus_positive_comma_alpha_minus_beta_T_cell","TAF1","ranger_et",0.696775071294459
"cz_influenza","CD8_minus_positive_comma_alpha_minus_beta_T_cell","MYBL1","ranger_et",0.826342610779412
"cz_influenza","CD8_minus_positive_comma_alpha_minus_beta_T_cell","ZNF335","ranger_et",0.834720073685882
"cz_influenza","CD8_minus_positive_comma_alpha_minus_beta_T_cell","ZNF331","ranger_et",0.797188276828367
"cz_influenza","CD8_minus_positive_comma_alpha_minus_beta_T_cell","ZNF76","ranger_et",0.778079775439003
"cz_influenza","CD8_minus_positive_comma_alpha_minus_beta_T_cell","CREM","ranger_et",0.772309051907071
"cz_influenza","CD8_minus_positive_comma_alpha_minus_beta_T_cell","MEF2B","ranger_et",0.825342610200922
"cz_influenza","CD8_minus_positive_comma_alpha_minus_beta_T_cell","RORA","ranger_et",0.802124342919304
"cz_influenza","CD8_minus_positive_comma_alpha_minus_beta_T_cell","SMAD2","ranger_et",0.79330920320384
"cz_influenza","CD8_minus_positive_comma_alpha_minus_beta_T_cell","ARID2","ranger_et",0.764378999894959
"cz_influenza","CD8_minus_positive_comma_alpha_minus_beta_T_cell","MBTPS2","ranger_et",0.695592687567287
"cz_influenza","CD8_minus_positive_comma_alpha_minus_beta_T_cell","NFIL3","ranger_et",0.74752213629105
"cz_influenza","CD8_minus_positive_comma_alpha_minus_beta_T_cell","ZBTB16","ranger_et",0.744412704896435
"cz_influenza","CD8_minus_positive_comma_alpha_minus_beta_T_cell","LEF1","ranger_et",0.737255518509711
"cz_influenza","CD8_minus_positive_comma_alpha_minus_beta_T_cell","HOXA10","ranger_et",0.742802707346418
"cz_influenza","CD8_minus_positive_comma_alpha_minus_beta_T_cell","ZFX","ranger_et",0.639597381509197
"cz_influenza","CD8_minus_positive_comma_alpha_minus_beta_T_cell","OLIG1","ranger_et",0.744724869980137
"cz_influenza","CD8_minus_positive_comma_alpha_minus_beta_T_cell","CEBPA","ranger_et",0.703404775514049
"cz_influenza","CD8_minus_positive_comma_alpha_minus_beta_T_cell","IKZF3","ranger_et",0.760923143934162
"cz_influenza","CD8_minus_positive_comma_alpha_minus_beta_T_cell","ITGB2","ranger_et",0.775033572112692
"cz_influenza","CD8_minus_positive_comma_alpha_minus_beta_T_cell","IKZF2","ranger_et",0.777215489607957
"cz_influenza","CD8_minus_positive_comma_alpha_minus_beta_T_cell","IKZF1","ranger_et",0.773985219913806
"cz_influenza","CD8_minus_positive_comma_alpha_minus_beta_T_cell","NFAT5","ranger_et",0.814192244255612
"cz_influenza","CD8_minus_positive_comma_alpha_minus_beta_T_cell","ZNF667","ranger_et",0.800586011710161
"cz_influenza","CD8_minus_positive_comma_alpha_minus_beta_T_cell","ZNF322","ranger_et",0.815633030774224
"cz_influenza","CD8_minus_positive_comma_alpha_minus_beta_T_cell","FOXJ3","ranger_et",0.806042654981589
"cz_influenza","CD8_minus_positive_comma_alpha_minus_beta_T_cell","TCF4","ranger_et",0.839153953916877
"cz_influenza","CD8_minus_positive_comma_alpha_minus_beta_T_cell","POU2F1","ranger_et",0.800969984523454
"cz_influenza","CD8_minus_positive_comma_alpha_minus_beta_T_cell","ZNF683","ranger_et",0.829897769265234
"cz_influenza","CD8_minus_positive_comma_alpha_minus_beta_T_cell","NFYB","ranger_et",0.81772258537252
"cz_influenza","CD8_minus_positive_comma_alpha_minus_beta_T_cell","LMO2","ranger_et",0.84006301074325
"cz_influenza","CD8_minus_positive_comma_alpha_minus_beta_T_cell","FOXP1","ranger_et",0.828733371249612
"cz_influenza","CD8_minus_positive_comma_alpha_minus_beta_T_cell","ARID3A","ranger_et",0.854594895375203
"cz_influenza","CD8_minus_positive_comma_alpha_minus_beta_T_cell","NFIA","ranger_et",0.837105931578203
"cz_influenza","CD8_minus_positive_comma_alpha_minus_beta_T_cell","RFX3","ranger_et",0.841435217064902
"cz_influenza","CD8_minus_positive_comma_alpha_minus_beta_T_cell","RUNX3","ranger_et",0.815498262522667
"cz_influenza","CD8_minus_positive_comma_alpha_minus_beta_T_cell","UBP1","ranger_et",0.833627959076254
"cz_influenza","CD8_minus_positive_comma_alpha_minus_beta_T_cell","ZBTB7B","ranger_et",0.8401308688188
"cz_influenza","CD8_minus_positive_comma_alpha_minus_beta_T_cell","MLXIP","ranger_et",0.818698660855314
"cz_influenza","CD8_minus_positive_comma_alpha_minus_beta_T_cell","IRF4","ranger_et",0.828776370835793
"cz_influenza","CD8_minus_positive_comma_alpha_minus_beta_T_cell","HIVEP3","ranger_et",0.834885674956995
"cz_influenza","CD8_minus_positive_comma_alpha_minus_beta_T_cell","MAFG","ranger_et",0.861150300745933
"cz_influenza","CD8_minus_positive_comma_alpha_minus_beta_T_cell","SIX5","ranger_et",0.847715883024853
"cz_influenza","CD8_minus_positive_comma_alpha_minus_beta_T_cell","NFKB1","ranger_et",0.838490229355126
"cz_influenza","CD8_minus_positive_comma_alpha_minus_beta_T_cell","FOXO3","ranger_et",0.861129320803428
"cz_influenza","CD8_minus_positive_comma_alpha_minus_beta_T_cell","HIVEP2","ranger_et",0.835760756078158
"cz_influenza","CD8_minus_positive_comma_alpha_minus_beta_T_cell","PLAG1","ranger_et",0.826531487446513
"cz_influenza","CD8_minus_positive_comma_alpha_minus_beta_T_cell","ZNF274","ranger_et",0.852602999309382
"cz_influenza","CD8_minus_positive_comma_alpha_minus_beta_T_cell","NR4A2","ranger_et",0.820068685118454
"cz_influenza","CD8_minus_positive_comma_alpha_minus_beta_T_cell","FOSL2","ranger_et",0.848825544701454
"cz_influenza","CD8_minus_positive_comma_alpha_minus_beta_T_cell","POU2F2","ranger_et",0.856174672772545
"cz_influenza","CD8_minus_positive_comma_alpha_minus_beta_T_cell","VEZF1","ranger_et",0.817948851632549
"cz_influenza","CD8_minus_positive_comma_alpha_minus_beta_T_cell","NFATC1","ranger_et",0.838668605071317
"cz_influenza","CD8_minus_positive_comma_alpha_minus_beta_T_cell","KLF10","ranger_et",0.841917172068363
"cz_influenza","CD8_minus_positive_comma_alpha_minus_beta_T_cell","BCL3","ranger_et",0.86769651302767
"cz_influenza","CD8_minus_positive_comma_alpha_minus_beta_T_cell","JUN","ranger_et",0.811164213218237
"cz_influenza","CD8_minus_positive_comma_alpha_minus_beta_T_cell","MNT","ranger_et",0.837554545232845
"cz_influenza","CD8_minus_positive_comma_alpha_minus_beta_T_cell","GLIS3","ranger_et",0.82207348736067
"cz_influenza","CD8_minus_positive_comma_alpha_minus_beta_T_cell","NR4A1","ranger_et",0.860448905628079
"cz_influenza","CD8_minus_positive_comma_alpha_minus_beta_T_cell","NFE2L2","ranger_et",0.843685300502944
"cz_influenza","CD8_minus_positive_comma_alpha_minus_beta_T_cell","KLF3","ranger_et",0.828354588564244
"cz_influenza","CD8_minus_positive_comma_alpha_minus_beta_T_cell","BDP1","ranger_et",0.869094379538254
"cz_influenza","CD8_minus_positive_comma_alpha_minus_beta_T_cell","GATA3","ranger_et",0.856215191151792
"cz_influenza","CD8_minus_positive_comma_alpha_minus_beta_T_cell","ZBTB33","ranger_et",0.832669209385116
"cz_influenza","CD8_minus_positive_comma_alpha_minus_beta_T_cell","STAT5B","ranger_et",0.867322591166105
"cz_influenza","CD8_minus_positive_comma_alpha_minus_beta_T_cell","FOSB","ranger_et",0.857361361237345
"cz_influenza","CD8_minus_positive_comma_alpha_minus_beta_T_cell","CREB3L4","ranger_et",0.8599276581539
"cz_influenza","CD8_minus_positive_comma_alpha_minus_beta_T_cell","CLOCK","ranger_et",0.865473463407321
"cz_influenza","CD8_minus_positive_comma_alpha_minus_beta_T_cell","ID2","ranger_et",0.859070855360479
"cz_influenza","CD8_minus_positive_comma_alpha_minus_beta_T_cell","MTF1","ranger_et",0.849222617822405
"cz_influenza","CD8_minus_positive_comma_alpha_minus_beta_T_cell","ELF3","ranger_et",0.850880428872819
"cz_influenza","CD8_minus_positive_comma_alpha_minus_beta_T_cell","EGR2","ranger_et",0.822634121677982
"cz_influenza","CD8_minus_positive_comma_alpha_minus_beta_T_cell","IRF1","ranger_et",0.863470983894683
"cz_influenza","CD8_minus_positive_comma_alpha_minus_beta_T_cell","ZBTB17","ranger_et",0.81066240002084
"cz_influenza","CD8_minus_positive_comma_alpha_minus_beta_T_cell","MEF2C","ranger_et",0.841188666128594
"cz_influenza","CD8_minus_positive_comma_alpha_minus_beta_T_cell","MAFK","ranger_et",0.854359630882838
"cz_influenza","CD8_minus_positive_comma_alpha_minus_beta_T_cell","NR3C2","ranger_et",0.865407364923576
"cz_influenza","CD8_minus_positive_comma_alpha_minus_beta_T_cell","EP300","ranger_et",0.858043328046722
"cz_influenza","CD8_minus_positive_comma_alpha_minus_beta_T_cell","HOXC9","ranger_et",0.872410200870976
"cz_influenza","CD8_minus_positive_comma_alpha_minus_beta_T_cell","MAFB","ranger_et",0.862238376302503
"cz_influenza","CD8_minus_positive_comma_alpha_minus_beta_T_cell","POLR3A","ranger_et",0.835296202964549
"cz_influenza","CD8_minus_positive_comma_alpha_minus_beta_T_cell","KLF6","ranger_et",0.821714015107671
"cz_influenza","CD8_minus_positive_comma_alpha_minus_beta_T_cell","ATF1","ranger_et",0.872524727234406
"cz_influenza","CD8_minus_positive_comma_alpha_minus_beta_T_cell","REL","ranger_et",0.870406319442422
"cz_influenza","CD8_minus_positive_comma_alpha_minus_beta_T_cell","TP53","ranger_et",0.860228224077202
"cz_influenza","CD8_minus_positive_comma_alpha_minus_beta_T_cell","NANOG","ranger_et",0.857862647676898
"cz_influenza","CD8_minus_positive_comma_alpha_minus_beta_T_cell","ESR2","ranger_et",0.880584862980733
"cz_influenza","CD8_minus_positive_comma_alpha_minus_beta_T_cell","MAF","ranger_et",0.87692669361615
"cz_influenza","CD8_minus_positive_comma_alpha_minus_beta_T_cell","PRDM1","ranger_et",0.868844075459041
"cz_influenza","CD8_minus_positive_comma_alpha_minus_beta_T_cell","KLF11","ranger_et",0.840445127318335
"cz_influenza","CD8_minus_positive_comma_alpha_minus_beta_T_cell","BCL11A","ranger_et",0.870650171310134
"cz_influenza","CD8_minus_positive_comma_alpha_minus_beta_T_cell","ZBTB7C","ranger_et",0.85632454004092
"cz_influenza","CD8_minus_positive_comma_alpha_minus_beta_T_cell","JUNB","ranger_et",0.883213636748401
"cz_influenza","CD8_minus_positive_comma_alpha_minus_beta_T_cell","FOS","ranger_et",0.857763738926551
"cz_influenza","CD8_minus_positive_comma_alpha_minus_beta_T_cell","ELF2","ranger_et",0.843578175610489
"cz_influenza","CD8_minus_positive_comma_alpha_minus_beta_T_cell","ZNF467","ranger_et",0.856925067608725
"cz_influenza","CD8_minus_positive_comma_alpha_minus_beta_T_cell","KLF12","ranger_et",0.855060073880145
"cz_influenza","CD8_minus_positive_comma_alpha_minus_beta_T_cell","STAT2","ranger_et",0.874679989828545
"cz_influenza","CD8_minus_positive_comma_alpha_minus_beta_T_cell","BCLAF1","ranger_et",0.85577718065785
"cz_influenza","CD8_minus_positive_comma_alpha_minus_beta_T_cell","IRF9","ranger_et",0.877773438783424
"cz_influenza","CD8_minus_positive_comma_alpha_minus_beta_T_cell","E2F2","ranger_et",0.83867819455364
"cz_influenza","CD8_minus_positive_comma_alpha_minus_beta_T_cell","KLF2","ranger_et",0.835782099158242
"cz_influenza","CD8_minus_positive_comma_alpha_minus_beta_T_cell","KLF4","ranger_et",0.859977299125106
"cz_influenza","CD8_minus_positive_comma_alpha_minus_beta_T_cell","STAT1","ranger_et",0.896598463301278
"cz_influenza","CD8_minus_positive_comma_alpha_minus_beta_T_cell","E2F1","xgboost",0.825505434042046
"cz_influenza","CD8_minus_positive_comma_alpha_minus_beta_T_cell","JUND","xgboost",0.865928172699819
"cz_influenza","CD8_minus_positive_comma_alpha_minus_beta_T_cell","HES4","xgboost",0.811331183098889
"cz_influenza","CD8_minus_positive_comma_alpha_minus_beta_T_cell","ELK3","xgboost",0.872457957592202
"cz_influenza","CD8_minus_positive_comma_alpha_minus_beta_T_cell","TCF3","xgboost",0.885253839188783
"cz_influenza","CD8_minus_positive_comma_alpha_minus_beta_T_cell","HINFP","xgboost",0.861491274845222
"cz_influenza","CD8_minus_positive_comma_alpha_minus_beta_T_cell","AR","xgboost",0.858355806899896
"cz_influenza","CD8_minus_positive_comma_alpha_minus_beta_T_cell","TAF1","xgboost",0.740847989338116
"cz_influenza","CD8_minus_positive_comma_alpha_minus_beta_T_cell","MYBL1","xgboost",0.843029381412122
"cz_influenza","CD8_minus_positive_comma_alpha_minus_beta_T_cell","ZNF335","xgboost",0.863974592606719
"cz_influenza","CD8_minus_positive_comma_alpha_minus_beta_T_cell","ZNF331","xgboost",0.850663020834114
"cz_influenza","CD8_minus_positive_comma_alpha_minus_beta_T_cell","ZNF76","xgboost",0.813294946233715
"cz_influenza","CD8_minus_positive_comma_alpha_minus_beta_T_cell","CREM","xgboost",0.788558803652265
"cz_influenza","CD8_minus_positive_comma_alpha_minus_beta_T_cell","MEF2B","xgboost",0.847698499735454
"cz_influenza","CD8_minus_positive_comma_alpha_minus_beta_T_cell","RORA","xgboost",0.82585223790669
"cz_influenza","CD8_minus_positive_comma_alpha_minus_beta_T_cell","SMAD2","xgboost",0.818936563673138
"cz_influenza","CD8_minus_positive_comma_alpha_minus_beta_T_cell","ARID2","xgboost",0.783352304468824
"cz_influenza","CD8_minus_positive_comma_alpha_minus_beta_T_cell","MBTPS2","xgboost",0.720564344107304
"cz_influenza","CD8_minus_positive_comma_alpha_minus_beta_T_cell","NFIL3","xgboost",0.768915408623748
"cz_influenza","CD8_minus_positive_comma_alpha_minus_beta_T_cell","ZBTB16","xgboost",0.752315668256066
"cz_influenza","CD8_minus_positive_comma_alpha_minus_beta_T_cell","LEF1","xgboost",0.774418232717929
"cz_influenza","CD8_minus_positive_comma_alpha_minus_beta_T_cell","HOXA10","xgboost",0.769036935953165
"cz_influenza","CD8_minus_positive_comma_alpha_minus_beta_T_cell","ZFX","xgboost",0.67329129995945
"cz_influenza","CD8_minus_positive_comma_alpha_minus_beta_T_cell","OLIG1","xgboost",0.78481560749596
"cz_influenza","CD8_minus_positive_comma_alpha_minus_beta_T_cell","CEBPA","xgboost",0.70885115338956
"cz_influenza","CD8_minus_positive_comma_alpha_minus_beta_T_cell","IKZF3","xgboost",0.777523372549988
"cz_influenza","CD8_minus_positive_comma_alpha_minus_beta_T_cell","ITGB2","xgboost",0.799401728926101
"cz_influenza","CD8_minus_positive_comma_alpha_minus_beta_T_cell","IKZF2","xgboost",0.82523399881732
"cz_influenza","CD8_minus_positive_comma_alpha_minus_beta_T_cell","IKZF1","xgboost",0.795761574751489
"cz_influenza","CD8_minus_positive_comma_alpha_minus_beta_T_cell","NFAT5","xgboost",0.831025517380319
"cz_influenza","CD8_minus_positive_comma_alpha_minus_beta_T_cell","ZNF667","xgboost",0.82832517592426
"cz_influenza","CD8_minus_positive_comma_alpha_minus_beta_T_cell","ZNF322","xgboost",0.85997400870606
"cz_influenza","CD8_minus_positive_comma_alpha_minus_beta_T_cell","FOXJ3","xgboost",0.829202510930521
"cz_influenza","CD8_minus_positive_comma_alpha_minus_beta_T_cell","TCF4","xgboost",0.874404185796546
"cz_influenza","CD8_minus_positive_comma_alpha_minus_beta_T_cell","POU2F1","xgboost",0.809033893911523
"cz_influenza","CD8_minus_positive_comma_alpha_minus_beta_T_cell","ZNF683","xgboost",0.870365107272625
"cz_influenza","CD8_minus_positive_comma_alpha_minus_beta_T_cell","NFYB","xgboost",0.856157431746407
"cz_influenza","CD8_minus_positive_comma_alpha_minus_beta_T_cell","LMO2","xgboost",0.861064180668682
"cz_influenza","CD8_minus_positive_comma_alpha_minus_beta_T_cell","FOXP1","xgboost",0.871724011836411
"cz_influenza","CD8_minus_positive_comma_alpha_minus_beta_T_cell","ARID3A","xgboost",0.880979874627229
"cz_influenza","CD8_minus_positive_comma_alpha_minus_beta_T_cell","NFIA","xgboost",0.874526684965537
"cz_influenza","CD8_minus_positive_comma_alpha_minus_beta_T_cell","RFX3","xgboost",0.869569136162432
"cz_influenza","CD8_minus_positive_comma_alpha_minus_beta_T_cell","RUNX3","xgboost",0.860652616694773
"cz_influenza","CD8_minus_positive_comma_alpha_minus_beta_T_cell","UBP1","xgboost",0.86960018099261
"cz_influenza","CD8_minus_positive_comma_alpha_minus_beta_T_cell","ZBTB7B","xgboost",0.871473840749661
"cz_influenza","CD8_minus_positive_comma_alpha_minus_beta_T_cell","MLXIP","xgboost",0.860398094782095
"cz_influenza","CD8_minus_positive_comma_alpha_minus_beta_T_cell","IRF4","xgboost",0.877356586060982
"cz_influenza","CD8_minus_positive_comma_alpha_minus_beta_T_cell","HIVEP3","xgboost",0.861286668903896
"cz_influenza","CD8_minus_positive_comma_alpha_minus_beta_T_cell","MAFG","xgboost",0.882168946748929
"cz_influenza","CD8_minus_positive_comma_alpha_minus_beta_T_cell","SIX5","xgboost",0.868507878084834
"cz_influenza","CD8_minus_positive_comma_alpha_minus_beta_T_cell","NFKB1","xgboost",0.872690250831988
"cz_influenza","CD8_minus_positive_comma_alpha_minus_beta_T_cell","FOXO3","xgboost",0.893213647732755
"cz_influenza","CD8_minus_positive_comma_alpha_minus_beta_T_cell","HIVEP2","xgboost",0.862016399398369
"cz_influenza","CD8_minus_positive_comma_alpha_minus_beta_T_cell","PLAG1","xgboost",0.875205601366185
"cz_influenza","CD8_minus_positive_comma_alpha_minus_beta_T_cell","ZNF274","xgboost",0.890059466039385
"cz_influenza","CD8_minus_positive_comma_alpha_minus_beta_T_cell","NR4A2","xgboost",0.846083768773687
"cz_influenza","CD8_minus_positive_comma_alpha_minus_beta_T_cell","FOSL2","xgboost",0.877955642538426
"cz_influenza","CD8_minus_positive_comma_alpha_minus_beta_T_cell","POU2F2","xgboost",0.881706661048868
"cz_influenza","CD8_minus_positive_comma_alpha_minus_beta_T_cell","VEZF1","xgboost",0.853566168157401
"cz_influenza","CD8_minus_positive_comma_alpha_minus_beta_T_cell","NFATC1","xgboost",0.875201736456215
"cz_influenza","CD8_minus_positive_comma_alpha_minus_beta_T_cell","KLF10","xgboost",0.862644377007183
"cz_influenza","CD8_minus_positive_comma_alpha_minus_beta_T_cell","BCL3","xgboost",0.884985776908321
"cz_influenza","CD8_minus_positive_comma_alpha_minus_beta_T_cell","JUN","xgboost",0.853477226341514
"cz_influenza","CD8_minus_positive_comma_alpha_minus_beta_T_cell","MNT","xgboost",0.863064316651706
"cz_influenza","CD8_minus_positive_comma_alpha_minus_beta_T_cell","GLIS3","xgboost",0.861659163281228
"cz_influenza","CD8_minus_positive_comma_alpha_minus_beta_T_cell","NR4A1","xgboost",0.889001223460669
"cz_influenza","CD8_minus_positive_comma_alpha_minus_beta_T_cell","NFE2L2","xgboost",0.868869363618773
"cz_influenza","CD8_minus_positive_comma_alpha_minus_beta_T_cell","KLF3","xgboost",0.864460920379474
"cz_influenza","CD8_minus_positive_comma_alpha_minus_beta_T_cell","BDP1","xgboost",0.880221651623045
"cz_influenza","CD8_minus_positive_comma_alpha_minus_beta_T_cell","GATA3","xgboost",0.884797677589886
"cz_influenza","CD8_minus_positive_comma_alpha_minus_beta_T_cell","ZBTB33","xgboost",0.871491387760318
"cz_influenza","CD8_minus_positive_comma_alpha_minus_beta_T_cell","STAT5B","xgboost",0.884770367418072
"cz_influenza","CD8_minus_positive_comma_alpha_minus_beta_T_cell","FOSB","xgboost",0.877941594216352
"cz_influenza","CD8_minus_positive_comma_alpha_minus_beta_T_cell","CREB3L4","xgboost",0.894130487425458
"cz_influenza","CD8_minus_positive_comma_alpha_minus_beta_T_cell","CLOCK","xgboost",0.892759965685936
"cz_influenza","CD8_minus_positive_comma_alpha_minus_beta_T_cell","ID2","xgboost",0.897068881603047
"cz_influenza","CD8_minus_positive_comma_alpha_minus_beta_T_cell","MTF1","xgboost",0.88734637607462
"cz_influenza","CD8_minus_positive_comma_alpha_minus_beta_T_cell","ELF3","xgboost",0.877828426370402
"cz_influenza","CD8_minus_positive_comma_alpha_minus_beta_T_cell","EGR2","xgboost",0.855498670114258
"cz_influenza","CD8_minus_positive_comma_alpha_minus_beta_T_cell","IRF1","xgboost",0.895757087946841
"cz_influenza","CD8_minus_positive_comma_alpha_minus_beta_T_cell","ZBTB17","xgboost",0.843356547199481
"cz_influenza","CD8_minus_positive_comma_alpha_minus_beta_T_cell","MEF2C","xgboost",0.870568286592286
"cz_influenza","CD8_minus_positive_comma_alpha_minus_beta_T_cell","MAFK","xgboost",0.889494920413747
"cz_influenza","CD8_minus_positive_comma_alpha_minus_beta_T_cell","NR3C2","xgboost",0.896735789760698
"cz_influenza","CD8_minus_positive_comma_alpha_minus_beta_T_cell","EP300","xgboost",0.893917911106241
"cz_influenza","CD8_minus_positive_comma_alpha_minus_beta_T_cell","HOXC9","xgboost",0.897283463556015
"cz_influenza","CD8_minus_positive_comma_alpha_minus_beta_T_cell","MAFB","xgboost",0.890805285850648
"cz_influenza","CD8_minus_positive_comma_alpha_minus_beta_T_cell","POLR3A","xgboost",0.867222671159943
"cz_influenza","CD8_minus_positive_comma_alpha_minus_beta_T_cell","KLF6","xgboost",0.860640979075246
"cz_influenza","CD8_minus_positive_comma_alpha_minus_beta_T_cell","ATF1","xgboost",0.904083274424977
"cz_influenza","CD8_minus_positive_comma_alpha_minus_beta_T_cell","REL","xgboost",0.90000386058529
"cz_influenza","CD8_minus_positive_comma_alpha_minus_beta_T_cell","TP53","xgboost",0.885321067413821
"cz_influenza","CD8_minus_positive_comma_alpha_minus_beta_T_cell","NANOG","xgboost",0.889660675548501
"cz_influenza","CD8_minus_positive_comma_alpha_minus_beta_T_cell","ESR2","xgboost",0.903421300937666
"cz_influenza","CD8_minus_positive_comma_alpha_minus_beta_T_cell","MAF","xgboost",0.903738828964957
"cz_influenza","CD8_minus_positive_comma_alpha_minus_beta_T_cell","PRDM1","xgboost",0.903574063675731
"cz_influenza","CD8_minus_positive_comma_alpha_minus_beta_T_cell","KLF11","xgboost",0.866801164520357
"cz_influenza","CD8_minus_positive_comma_alpha_minus_beta_T_cell","BCL11A","xgboost",0.903479727893418
"cz_influenza","CD8_minus_positive_comma_alpha_minus_beta_T_cell","ZBTB7C","xgboost",0.8850129307287
"cz_influenza","CD8_minus_positive_comma_alpha_minus_beta_T_cell","JUNB","xgboost",0.904979028275125
"cz_influenza","CD8_minus_positive_comma_alpha_minus_beta_T_cell","FOS","xgboost",0.892611467475028
"cz_influenza","CD8_minus_positive_comma_alpha_minus_beta_T_cell","ELF2","xgboost",0.868854117105529
"cz_influenza","CD8_minus_positive_comma_alpha_minus_beta_T_cell","ZNF467","xgboost",0.893655071690633
"cz_influenza","CD8_minus_positive_comma_alpha_minus_beta_T_cell","KLF12","xgboost",0.887109100175999
"cz_influenza","CD8_minus_positive_comma_alpha_minus_beta_T_cell","STAT2","xgboost",0.903621036134181
"cz_influenza","CD8_minus_positive_comma_alpha_minus_beta_T_cell","BCLAF1","xgboost",0.890449011149203
"cz_influenza","CD8_minus_positive_comma_alpha_minus_beta_T_cell","IRF9","xgboost",0.91141564198796
"cz_influenza","CD8_minus_positive_comma_alpha_minus_beta_T_cell","E2F2","xgboost",0.870365640385261
"cz_influenza","CD8_minus_positive_comma_alpha_minus_beta_T_cell","KLF2","xgboost",0.873649690593594
"cz_influenza","CD8_minus_positive_comma_alpha_minus_beta_T_cell","KLF4","xgboost",0.892736164054447
"cz_influenza","CD8_minus_positive_comma_alpha_minus_beta_T_cell","STAT1","xgboost",0.923654371248859
"cz_influenza","CD8_minus_positive_comma_alpha_minus_beta_T_cell","E2F1","mars",0.75037285185319
"cz_influenza","CD8_minus_positive_comma_alpha_minus_beta_T_cell","JUND","mars",0.823633255157534
"cz_influenza","CD8_minus_positive_comma_alpha_minus_beta_T_cell","HES4","mars",0.71693720575927
"cz_influenza","CD8_minus_positive_comma_alpha_minus_beta_T_cell","ELK3","mars",0.820148602268795
"cz_influenza","CD8_minus_positive_comma_alpha_minus_beta_T_cell","TCF3","mars",0.843451464048596
"cz_influenza","CD8_minus_positive_comma_alpha_minus_beta_T_cell","HINFP","mars",0.820747195309537
"cz_influenza","CD8_minus_positive_comma_alpha_minus_beta_T_cell","AR","mars",0.827368467308085
"cz_influenza","CD8_minus_positive_comma_alpha_minus_beta_T_cell","TAF1","mars",0.626373425649967
"cz_influenza","CD8_minus_positive_comma_alpha_minus_beta_T_cell","MYBL1","mars",0.797509594357148
"cz_influenza","CD8_minus_positive_comma_alpha_minus_beta_T_cell","ZNF335","mars",0.817329482484307
"cz_influenza","CD8_minus_positive_comma_alpha_minus_beta_T_cell","ZNF331","mars",0.804053166319483
"cz_influenza","CD8_minus_positive_comma_alpha_minus_beta_T_cell","ZNF76","mars",0.7330831628994
"cz_influenza","CD8_minus_positive_comma_alpha_minus_beta_T_cell","CREM","mars",0.687013657573968
"cz_influenza","CD8_minus_positive_comma_alpha_minus_beta_T_cell","MEF2B","mars",0.799979610409072
"cz_influenza","CD8_minus_positive_comma_alpha_minus_beta_T_cell","RORA","mars",0.753453489700868
"cz_influenza","CD8_minus_positive_comma_alpha_minus_beta_T_cell","SMAD2","mars",0.735591070742406
"cz_influenza","CD8_minus_positive_comma_alpha_minus_beta_T_cell","ARID2","mars",0.745143313706199
"cz_influenza","CD8_minus_positive_comma_alpha_minus_beta_T_cell","MBTPS2","mars",0.633339388674339
"cz_influenza","CD8_minus_positive_comma_alpha_minus_beta_T_cell","NFIL3","mars",0.704790756050965
"cz_influenza","CD8_minus_positive_comma_alpha_minus_beta_T_cell","ZBTB16","mars",0.726751839801133
"cz_influenza","CD8_minus_positive_comma_alpha_minus_beta_T_cell","LEF1","mars",0.720292406205175
"cz_influenza","CD8_minus_positive_comma_alpha_minus_beta_T_cell","HOXA10","mars",0.690787582398246
"cz_influenza","CD8_minus_positive_comma_alpha_minus_beta_T_cell","ZFX","mars",0.539863301514334
"cz_influenza","CD8_minus_positive_comma_alpha_minus_beta_T_cell","OLIG1","mars",0.71369755905091
"cz_influenza","CD8_minus_positive_comma_alpha_minus_beta_T_cell","CEBPA","mars",0.491124163225547
"cz_influenza","CD8_minus_positive_comma_alpha_minus_beta_T_cell","IKZF3","mars",0.718492130334568
"cz_influenza","CD8_minus_positive_comma_alpha_minus_beta_T_cell","ITGB2","mars",0.717025990594954
"cz_influenza","CD8_minus_positive_comma_alpha_minus_beta_T_cell","IKZF2","mars",0.677076847412513
"cz_influenza","CD8_minus_positive_comma_alpha_minus_beta_T_cell","IKZF1","mars",0.746004364353672
"cz_influenza","CD8_minus_positive_comma_alpha_minus_beta_T_cell","NFAT5","mars",0.785551360753697
"cz_influenza","CD8_minus_positive_comma_alpha_minus_beta_T_cell","ZNF667","mars",0.769980105835251
"cz_influenza","CD8_minus_positive_comma_alpha_minus_beta_T_cell","ZNF322","mars",0.796442338059967
"cz_influenza","CD8_minus_positive_comma_alpha_minus_beta_T_cell","FOXJ3","mars",0.759929015224406
"cz_influenza","CD8_minus_positive_comma_alpha_minus_beta_T_cell","TCF4","mars",0.818817131940495
"cz_influenza","CD8_minus_positive_comma_alpha_minus_beta_T_cell","POU2F1","mars",0.662719595301392
"cz_influenza","CD8_minus_positive_comma_alpha_minus_beta_T_cell","ZNF683","mars",0.821094836502846
"cz_influenza","CD8_minus_positive_comma_alpha_minus_beta_T_cell","NFYB","mars",0.78900153767935
"cz_influenza","CD8_minus_positive_comma_alpha_minus_beta_T_cell","LMO2","mars",0.824048888559783
"cz_influenza","CD8_minus_positive_comma_alpha_minus_beta_T_cell","FOXP1","mars",0.841730981857896
"cz_influenza","CD8_minus_positive_comma_alpha_minus_beta_T_cell","ARID3A","mars",0.848695722155986
"cz_influenza","CD8_minus_positive_comma_alpha_minus_beta_T_cell","NFIA","mars",0.824592639344528
"cz_influenza","CD8_minus_positive_comma_alpha_minus_beta_T_cell","RFX3","mars",0.844625689786868
"cz_influenza","CD8_minus_positive_comma_alpha_minus_beta_T_cell","RUNX3","mars",0.824217392440283
"cz_influenza","CD8_minus_positive_comma_alpha_minus_beta_T_cell","UBP1","mars",0.821811080764045
"cz_influenza","CD8_minus_positive_comma_alpha_minus_beta_T_cell","ZBTB7B","mars",0.813691565484701
"cz_influenza","CD8_minus_positive_comma_alpha_minus_beta_T_cell","MLXIP","mars",0.809751013974991
"cz_influenza","CD8_minus_positive_comma_alpha_minus_beta_T_cell","IRF4","mars",0.84185251546051
"cz_influenza","CD8_minus_positive_comma_alpha_minus_beta_T_cell","HIVEP3","mars",0.822534397204647
"cz_influenza","CD8_minus_positive_comma_alpha_minus_beta_T_cell","MAFG","mars",0.846414649184397
"cz_influenza","CD8_minus_positive_comma_alpha_minus_beta_T_cell","SIX5","mars",0.848780881633003
"cz_influenza","CD8_minus_positive_comma_alpha_minus_beta_T_cell","NFKB1","mars",0.795254682684745
"cz_influenza","CD8_minus_positive_comma_alpha_minus_beta_T_cell","FOXO3","mars",0.851419270735739
"cz_influenza","CD8_minus_positive_comma_alpha_minus_beta_T_cell","HIVEP2","mars",0.828372915964935
"cz_influenza","CD8_minus_positive_comma_alpha_minus_beta_T_cell","PLAG1","mars",0.825929101049305
"cz_influenza","CD8_minus_positive_comma_alpha_minus_beta_T_cell","ZNF274","mars",0.835618599686874
"cz_influenza","CD8_minus_positive_comma_alpha_minus_beta_T_cell","NR4A2","mars",0.801422124309284
"cz_influenza","CD8_minus_positive_comma_alpha_minus_beta_T_cell","FOSL2","mars",0.832817776257464
"cz_influenza","CD8_minus_positive_comma_alpha_minus_beta_T_cell","POU2F2","mars",0.862761948427007
"cz_influenza","CD8_minus_positive_comma_alpha_minus_beta_T_cell","VEZF1","mars",0.803289951231759
"cz_influenza","CD8_minus_positive_comma_alpha_minus_beta_T_cell","NFATC1","mars",0.832200084569855
"cz_influenza","CD8_minus_positive_comma_alpha_minus_beta_T_cell","KLF10","mars",0.803374090460418
"cz_influenza","CD8_minus_positive_comma_alpha_minus_beta_T_cell","BCL3","mars",0.862348998481115
"cz_influenza","CD8_minus_positive_comma_alpha_minus_beta_T_cell","JUN","mars",0.7970159387613
"cz_influenza","CD8_minus_positive_comma_alpha_minus_beta_T_cell","MNT","mars",0.818396226092114
"cz_influenza","CD8_minus_positive_comma_alpha_minus_beta_T_cell","GLIS3","mars",0.820065998260565
"cz_influenza","CD8_minus_positive_comma_alpha_minus_beta_T_cell","NR4A1","mars",0.84392038694302
"cz_influenza","CD8_minus_positive_comma_alpha_minus_beta_T_cell","NFE2L2","mars",0.814404329393419
"cz_influenza","CD8_minus_positive_comma_alpha_minus_beta_T_cell","KLF3","mars",0.824111588606382
"cz_influenza","CD8_minus_positive_comma_alpha_minus_beta_T_cell","BDP1","mars",0.842923687936524
"cz_influenza","CD8_minus_positive_comma_alpha_minus_beta_T_cell","GATA3","mars",0.849570257167462
"cz_influenza","CD8_minus_positive_comma_alpha_minus_beta_T_cell","ZBTB33","mars",0.813552950630021
"cz_influenza","CD8_minus_positive_comma_alpha_minus_beta_T_cell","STAT5B","mars",0.832076322621238
"cz_influenza","CD8_minus_positive_comma_alpha_minus_beta_T_cell","FOSB","mars",0.835597188411517
"cz_influenza","CD8_minus_positive_comma_alpha_minus_beta_T_cell","CREB3L4","mars",0.834955590207446
"cz_influenza","CD8_minus_positive_comma_alpha_minus_beta_T_cell","CLOCK","mars",0.859688590261546
"cz_influenza","CD8_minus_positive_comma_alpha_minus_beta_T_cell","ID2","mars",0.845906072678676
"cz_influenza","CD8_minus_positive_comma_alpha_minus_beta_T_cell","MTF1","mars",0.842583893240456
"cz_influenza","CD8_minus_positive_comma_alpha_minus_beta_T_cell","ELF3","mars",0.833583709787474
"cz_influenza","CD8_minus_positive_comma_alpha_minus_beta_T_cell","EGR2","mars",0.803815910374919
"cz_influenza","CD8_minus_positive_comma_alpha_minus_beta_T_cell","IRF1","mars",0.855259059895048
"cz_influenza","CD8_minus_positive_comma_alpha_minus_beta_T_cell","ZBTB17","mars",0.79227316023414
"cz_influenza","CD8_minus_positive_comma_alpha_minus_beta_T_cell","MEF2C","mars",0.829586679405865
"cz_influenza","CD8_minus_positive_comma_alpha_minus_beta_T_cell","MAFK","mars",0.847819343677428
"cz_influenza","CD8_minus_positive_comma_alpha_minus_beta_T_cell","NR3C2","mars",0.869110190219102
"cz_influenza","CD8_minus_positive_comma_alpha_minus_beta_T_cell","EP300","mars",0.841365193749204
"cz_influenza","CD8_minus_positive_comma_alpha_minus_beta_T_cell","HOXC9","mars",0.86696556370163
"cz_influenza","CD8_minus_positive_comma_alpha_minus_beta_T_cell","MAFB","mars",0.847981137490857
"cz_influenza","CD8_minus_positive_comma_alpha_minus_beta_T_cell","POLR3A","mars",0.831118325767063
"cz_influenza","CD8_minus_positive_comma_alpha_minus_beta_T_cell","KLF6","mars",0.819433983425056
"cz_influenza","CD8_minus_positive_comma_alpha_minus_beta_T_cell","ATF1","mars",0.863273145639319
"cz_influenza","CD8_minus_positive_comma_alpha_minus_beta_T_cell","REL","mars",0.852440322415987
"cz_influenza","CD8_minus_positive_comma_alpha_minus_beta_T_cell","TP53","mars",0.841892857362811
"cz_influenza","CD8_minus_positive_comma_alpha_minus_beta_T_cell","NANOG","mars",0.850601209712652
"cz_influenza","CD8_minus_positive_comma_alpha_minus_beta_T_cell","ESR2","mars",0.860979337196338
"cz_influenza","CD8_minus_positive_comma_alpha_minus_beta_T_cell","MAF","mars",0.861191177548388
"cz_influenza","CD8_minus_positive_comma_alpha_minus_beta_T_cell","PRDM1","mars",0.865744775727677
"cz_influenza","CD8_minus_positive_comma_alpha_minus_beta_T_cell","KLF11","mars",0.833903204861677
"cz_influenza","CD8_minus_positive_comma_alpha_minus_beta_T_cell","BCL11A","mars",0.86768380048011
"cz_influenza","CD8_minus_positive_comma_alpha_minus_beta_T_cell","ZBTB7C","mars",0.847974848498516
"cz_influenza","CD8_minus_positive_comma_alpha_minus_beta_T_cell","JUNB","mars",0.868053174676499
"cz_influenza","CD8_minus_positive_comma_alpha_minus_beta_T_cell","FOS","mars",0.833896951388916
"cz_influenza","CD8_minus_positive_comma_alpha_minus_beta_T_cell","ELF2","mars",0.818802976371483
"cz_influenza","CD8_minus_positive_comma_alpha_minus_beta_T_cell","ZNF467","mars",0.856698244553999
"cz_influenza","CD8_minus_positive_comma_alpha_minus_beta_T_cell","KLF12","mars",0.836690560196156
"cz_influenza","CD8_minus_positive_comma_alpha_minus_beta_T_cell","STAT2","mars",0.855997327639145
"cz_influenza","CD8_minus_positive_comma_alpha_minus_beta_T_cell","BCLAF1","mars",0.846360551988444
"cz_influenza","CD8_minus_positive_comma_alpha_minus_beta_T_cell","IRF9","mars",0.880345057729934
"cz_influenza","CD8_minus_positive_comma_alpha_minus_beta_T_cell","E2F2","mars",0.8204447664915
"cz_influenza","CD8_minus_positive_comma_alpha_minus_beta_T_cell","KLF2","mars",0.840354001050744
"cz_influenza","CD8_minus_positive_comma_alpha_minus_beta_T_cell","KLF4","mars",0.851537981193572
"cz_influenza","CD8_minus_positive_comma_alpha_minus_beta_T_cell","STAT1","mars",0.889940105242801
"cz_influenza","CD8_minus_positive_comma_alpha_minus_beta_T_cell","E2F1","svm_rbf",0.835049531082214
"cz_influenza","CD8_minus_positive_comma_alpha_minus_beta_T_cell","JUND","svm_rbf",0.876502711317798
"cz_influenza","CD8_minus_positive_comma_alpha_minus_beta_T_cell","HES4","svm_rbf",0.831154710701614
"cz_influenza","CD8_minus_positive_comma_alpha_minus_beta_T_cell","ELK3","svm_rbf",0.883092955631583
"cz_influenza","CD8_minus_positive_comma_alpha_minus_beta_T_cell","TCF3","svm_rbf",0.887842567564923
"cz_influenza","CD8_minus_positive_comma_alpha_minus_beta_T_cell","HINFP","svm_rbf",0.868438874033089
"cz_influenza","CD8_minus_positive_comma_alpha_minus_beta_T_cell","AR","svm_rbf",0.866808716530778
"cz_influenza","CD8_minus_positive_comma_alpha_minus_beta_T_cell","TAF1","svm_rbf",0.753027804034317
"cz_influenza","CD8_minus_positive_comma_alpha_minus_beta_T_cell","MYBL1","svm_rbf",0.847669678929476
"cz_influenza","CD8_minus_positive_comma_alpha_minus_beta_T_cell","ZNF335","svm_rbf",0.869687981268625
"cz_influenza","CD8_minus_positive_comma_alpha_minus_beta_T_cell","ZNF331","svm_rbf",0.831472142247103
"cz_influenza","CD8_minus_positive_comma_alpha_minus_beta_T_cell","ZNF76","svm_rbf",0.817216132542932
"cz_influenza","CD8_minus_positive_comma_alpha_minus_beta_T_cell","CREM","svm_rbf",0.792612771174949
"cz_influenza","CD8_minus_positive_comma_alpha_minus_beta_T_cell","MEF2B","svm_rbf",0.852636254217219
"cz_influenza","CD8_minus_positive_comma_alpha_minus_beta_T_cell","RORA","svm_rbf",0.820152417850061
"cz_influenza","CD8_minus_positive_comma_alpha_minus_beta_T_cell","SMAD2","svm_rbf",0.822964796287107
"cz_influenza","CD8_minus_positive_comma_alpha_minus_beta_T_cell","ARID2","svm_rbf",0.798278284112481
"cz_influenza","CD8_minus_positive_comma_alpha_minus_beta_T_cell","MBTPS2","svm_rbf",0.755134813210659
"cz_influenza","CD8_minus_positive_comma_alpha_minus_beta_T_cell","NFIL3","svm_rbf",0.772415794039884
"cz_influenza","CD8_minus_positive_comma_alpha_minus_beta_T_cell","ZBTB16","svm_rbf",0.749766010969344
"cz_influenza","CD8_minus_positive_comma_alpha_minus_beta_T_cell","LEF1","svm_rbf",0.764538241445362
"cz_influenza","CD8_minus_positive_comma_alpha_minus_beta_T_cell","HOXA10","svm_rbf",0.770208175372364
"cz_influenza","CD8_minus_positive_comma_alpha_minus_beta_T_cell","ZFX","svm_rbf",0.662370890268412
"cz_influenza","CD8_minus_positive_comma_alpha_minus_beta_T_cell","OLIG1","svm_rbf",0.788637902359503
"cz_influenza","CD8_minus_positive_comma_alpha_minus_beta_T_cell","CEBPA","svm_rbf",0.737525069491679
"cz_influenza","CD8_minus_positive_comma_alpha_minus_beta_T_cell","IKZF3","svm_rbf",0.787615957992764
"cz_influenza","CD8_minus_positive_comma_alpha_minus_beta_T_cell","ITGB2","svm_rbf",0.815724151390117
"cz_influenza","CD8_minus_positive_comma_alpha_minus_beta_T_cell","IKZF2","svm_rbf",0.814667489368212
"cz_influenza","CD8_minus_positive_comma_alpha_minus_beta_T_cell","IKZF1","svm_rbf",0.795136541567047
"cz_influenza","CD8_minus_positive_comma_alpha_minus_beta_T_cell","NFAT5","svm_rbf",0.833112732564475
"cz_influenza","CD8_minus_positive_comma_alpha_minus_beta_T_cell","ZNF667","svm_rbf",0.832322007214856
"cz_influenza","CD8_minus_positive_comma_alpha_minus_beta_T_cell","ZNF322","svm_rbf",0.855069539024262
"cz_influenza","CD8_minus_positive_comma_alpha_minus_beta_T_cell","FOXJ3","svm_rbf",0.84544183887958
"cz_influenza","CD8_minus_positive_comma_alpha_minus_beta_T_cell","TCF4","svm_rbf",0.873826445064731
"cz_influenza","CD8_minus_positive_comma_alpha_minus_beta_T_cell","POU2F1","svm_rbf",0.819933731206032
"cz_influenza","CD8_minus_positive_comma_alpha_minus_beta_T_cell","ZNF683","svm_rbf",0.865710984333003
"cz_influenza","CD8_minus_positive_comma_alpha_minus_beta_T_cell","NFYB","svm_rbf",0.840589461692758
"cz_influenza","CD8_minus_positive_comma_alpha_minus_beta_T_cell","LMO2","svm_rbf",0.864340313136029
"cz_influenza","CD8_minus_positive_comma_alpha_minus_beta_T_cell","FOXP1","svm_rbf",0.866425638845274
"cz_influenza","CD8_minus_positive_comma_alpha_minus_beta_T_cell","ARID3A","svm_rbf",0.885676776312316
"cz_influenza","CD8_minus_positive_comma_alpha_minus_beta_T_cell","NFIA","svm_rbf",0.861105179675107
"cz_influenza","CD8_minus_positive_comma_alpha_minus_beta_T_cell","RFX3","svm_rbf",0.88537028799352
"cz_influenza","CD8_minus_positive_comma_alpha_minus_beta_T_cell","RUNX3","svm_rbf",0.856974069222431
"cz_influenza","CD8_minus_positive_comma_alpha_minus_beta_T_cell","UBP1","svm_rbf",0.866649928142486
"cz_influenza","CD8_minus_positive_comma_alpha_minus_beta_T_cell","ZBTB7B","svm_rbf",0.872321036464269
"cz_influenza","CD8_minus_positive_comma_alpha_minus_beta_T_cell","MLXIP","svm_rbf",0.86218283066798
"cz_influenza","CD8_minus_positive_comma_alpha_minus_beta_T_cell","IRF4","svm_rbf",0.880369645617317
"cz_influenza","CD8_minus_positive_comma_alpha_minus_beta_T_cell","HIVEP3","svm_rbf",0.856969802586927
"cz_influenza","CD8_minus_positive_comma_alpha_minus_beta_T_cell","MAFG","svm_rbf",0.887824240224665
"cz_influenza","CD8_minus_positive_comma_alpha_minus_beta_T_cell","SIX5","svm_rbf",0.877089610064291
"cz_influenza","CD8_minus_positive_comma_alpha_minus_beta_T_cell","NFKB1","svm_rbf",0.880240754721439
"cz_influenza","CD8_minus_positive_comma_alpha_minus_beta_T_cell","FOXO3","svm_rbf",0.877304952070552
"cz_influenza","CD8_minus_positive_comma_alpha_minus_beta_T_cell","HIVEP2","svm_rbf",0.856552120750849
"cz_influenza","CD8_minus_positive_comma_alpha_minus_beta_T_cell","PLAG1","svm_rbf",0.873860006589808
"cz_influenza","CD8_minus_positive_comma_alpha_minus_beta_T_cell","ZNF274","svm_rbf",0.886327475214954
"cz_influenza","CD8_minus_positive_comma_alpha_minus_beta_T_cell","NR4A2","svm_rbf",0.85273730816725
"cz_influenza","CD8_minus_positive_comma_alpha_minus_beta_T_cell","FOSL2","svm_rbf",0.878933826959339
"cz_influenza","CD8_minus_positive_comma_alpha_minus_beta_T_cell","POU2F2","svm_rbf",0.888476782895857
"cz_influenza","CD8_minus_positive_comma_alpha_minus_beta_T_cell","VEZF1","svm_rbf",0.842358224276178
"cz_influenza","CD8_minus_positive_comma_alpha_minus_beta_T_cell","NFATC1","svm_rbf",0.876958616632588
"cz_influenza","CD8_minus_positive_comma_alpha_minus_beta_T_cell","KLF10","svm_rbf",0.867514077672442
"cz_influenza","CD8_minus_positive_comma_alpha_minus_beta_T_cell","BCL3","svm_rbf",0.889578763999316
"cz_influenza","CD8_minus_positive_comma_alpha_minus_beta_T_cell","JUN","svm_rbf",0.869126422128712
"cz_influenza","CD8_minus_positive_comma_alpha_minus_beta_T_cell","MNT","svm_rbf",0.870024189258673
"cz_influenza","CD8_minus_positive_comma_alpha_minus_beta_T_cell","GLIS3","svm_rbf",0.862235174863677
"cz_influenza","CD8_minus_positive_comma_alpha_minus_beta_T_cell","NR4A1","svm_rbf",0.887524327361486
"cz_influenza","CD8_minus_positive_comma_alpha_minus_beta_T_cell","NFE2L2","svm_rbf",0.879779184876718
"cz_influenza","CD8_minus_positive_comma_alpha_minus_beta_T_cell","KLF3","svm_rbf",0.872069499882705
"cz_influenza","CD8_minus_positive_comma_alpha_minus_beta_T_cell","BDP1","svm_rbf",0.890577313484344
"cz_influenza","CD8_minus_positive_comma_alpha_minus_beta_T_cell","GATA3","svm_rbf",0.887008331276669
"cz_influenza","CD8_minus_positive_comma_alpha_minus_beta_T_cell","ZBTB33","svm_rbf",0.866140104720773
"cz_influenza","CD8_minus_positive_comma_alpha_minus_beta_T_cell","STAT5B","svm_rbf",0.891661476606327
"cz_influenza","CD8_minus_positive_comma_alpha_minus_beta_T_cell","FOSB","svm_rbf",0.878163736235158
"cz_influenza","CD8_minus_positive_comma_alpha_minus_beta_T_cell","CREB3L4","svm_rbf",0.890513161716788
"cz_influenza","CD8_minus_positive_comma_alpha_minus_beta_T_cell","CLOCK","svm_rbf",0.893310879024836
"cz_influenza","CD8_minus_positive_comma_alpha_minus_beta_T_cell","ID2","svm_rbf",0.889236593322271
"cz_influenza","CD8_minus_positive_comma_alpha_minus_beta_T_cell","MTF1","svm_rbf",0.87472097911799
"cz_influenza","CD8_minus_positive_comma_alpha_minus_beta_T_cell","ELF3","svm_rbf",0.890472300282199
"cz_influenza","CD8_minus_positive_comma_alpha_minus_beta_T_cell","EGR2","svm_rbf",0.872170103667158
"cz_influenza","CD8_minus_positive_comma_alpha_minus_beta_T_cell","IRF1","svm_rbf",0.904696024261548
"cz_influenza","CD8_minus_positive_comma_alpha_minus_beta_T_cell","ZBTB17","svm_rbf",0.835940557956711
"cz_influenza","CD8_minus_positive_comma_alpha_minus_beta_T_cell","MEF2C","svm_rbf",0.876276864468082
"cz_influenza","CD8_minus_positive_comma_alpha_minus_beta_T_cell","MAFK","svm_rbf",0.878961383051703
"cz_influenza","CD8_minus_positive_comma_alpha_minus_beta_T_cell","NR3C2","svm_rbf",0.902797909741448
"cz_influenza","CD8_minus_positive_comma_alpha_minus_beta_T_cell","EP300","svm_rbf",0.895495891085332
"cz_influenza","CD8_minus_positive_comma_alpha_minus_beta_T_cell","HOXC9","svm_rbf",0.883676294172505
"cz_influenza","CD8_minus_positive_comma_alpha_minus_beta_T_cell","MAFB","svm_rbf",0.898278351169359
"cz_influenza","CD8_minus_positive_comma_alpha_minus_beta_T_cell","POLR3A","svm_rbf",0.878403214966879
"cz_influenza","CD8_minus_positive_comma_alpha_minus_beta_T_cell","KLF6","svm_rbf",0.853972832664692
"cz_influenza","CD8_minus_positive_comma_alpha_minus_beta_T_cell","ATF1","svm_rbf",0.90274140178411
"cz_influenza","CD8_minus_positive_comma_alpha_minus_beta_T_cell","REL","svm_rbf",0.894473952368687
"cz_influenza","CD8_minus_positive_comma_alpha_minus_beta_T_cell","TP53","svm_rbf",0.896145847511744
"cz_influenza","CD8_minus_positive_comma_alpha_minus_beta_T_cell","NANOG","svm_rbf",0.887379566087884
"cz_influenza","CD8_minus_positive_comma_alpha_minus_beta_T_cell","ESR2","svm_rbf",0.900679054900108
"cz_influenza","CD8_minus_positive_comma_alpha_minus_beta_T_cell","MAF","svm_rbf",0.904484122712726
"cz_influenza","CD8_minus_positive_comma_alpha_minus_beta_T_cell","PRDM1","svm_rbf",0.900906851380357
"cz_influenza","CD8_minus_positive_comma_alpha_minus_beta_T_cell","KLF11","svm_rbf",0.870419240258705
"cz_influenza","CD8_minus_positive_comma_alpha_minus_beta_T_cell","BCL11A","svm_rbf",0.90589816594168
"cz_influenza","CD8_minus_positive_comma_alpha_minus_beta_T_cell","ZBTB7C","svm_rbf",0.88800445952394
"cz_influenza","CD8_minus_positive_comma_alpha_minus_beta_T_cell","JUNB","svm_rbf",0.907983955018475
"cz_influenza","CD8_minus_positive_comma_alpha_minus_beta_T_cell","FOS","svm_rbf",0.894745585090033
"cz_influenza","CD8_minus_positive_comma_alpha_minus_beta_T_cell","ELF2","svm_rbf",0.881470444737748
"cz_influenza","CD8_minus_positive_comma_alpha_minus_beta_T_cell","ZNF467","svm_rbf",0.889917839139957
"cz_influenza","CD8_minus_positive_comma_alpha_minus_beta_T_cell","KLF12","svm_rbf",0.88123310015677
"cz_influenza","CD8_minus_positive_comma_alpha_minus_beta_T_cell","STAT2","svm_rbf",0.908989625170435
"cz_influenza","CD8_minus_positive_comma_alpha_minus_beta_T_cell","BCLAF1","svm_rbf",0.894527610155335
"cz_influenza","CD8_minus_positive_comma_alpha_minus_beta_T_cell","IRF9","svm_rbf",0.910355612415088
"cz_influenza","CD8_minus_positive_comma_alpha_minus_beta_T_cell","E2F2","svm_rbf",0.873998658671945
"cz_influenza","CD8_minus_positive_comma_alpha_minus_beta_T_cell","KLF2","svm_rbf",0.855352555321118
"cz_influenza","CD8_minus_positive_comma_alpha_minus_beta_T_cell","KLF4","svm_rbf",0.888048116627964
"cz_influenza","CD8_minus_positive_comma_alpha_minus_beta_T_cell","STAT1","svm_rbf",0.920989589819122
"cz_influenza","classical_monocyte","POU2F2","ranger_et",0.851479481741116
"cz_influenza","classical_monocyte","PAX5","ranger_et",0.847628522658518
"cz_influenza","classical_monocyte","TAL1","ranger_et",0.839889721956551
"cz_influenza","classical_monocyte","NRF1","ranger_et",0.834317627281961
"cz_influenza","classical_monocyte","ERF","ranger_et",0.833387538402288
"cz_influenza","classical_monocyte","ERG","ranger_et",0.83821097720983
"cz_influenza","classical_monocyte","FOXJ2","ranger_et",0.854922708071217
"cz_influenza","classical_monocyte","PPARG","ranger_et",0.860697389224867
"cz_influenza","classical_monocyte","MECP2","ranger_et",0.808544558553693
"cz_influenza","classical_monocyte","MLXIPL","ranger_et",0.817816890294692
"cz_influenza","classical_monocyte","TFDP1","ranger_et",0.786459510831268
"cz_influenza","classical_monocyte","MTF1","ranger_et",0.817817762796999
"cz_influenza","classical_monocyte","HES1","ranger_et",0.807438862344502
"cz_influenza","classical_monocyte","ARID3B","ranger_et",0.819012718808827
"cz_influenza","classical_monocyte","RUNX1","ranger_et",0.8206519644189
"cz_influenza","classical_monocyte","KLF4","ranger_et",0.813081100280123
"cz_influenza","classical_monocyte","ZNF350","ranger_et",0.797937047254597
"cz_influenza","classical_monocyte","ETV6","ranger_et",0.794922766035113
"cz_influenza","classical_monocyte","YBX1","ranger_et",0.69111029368518
"cz_influenza","classical_monocyte","PTEN","ranger_et",0.722564670672901
"cz_influenza","classical_monocyte","GMEB2","ranger_et",0.653471648327966
"cz_influenza","classical_monocyte","HIF1A","ranger_et",0.728572434991465
"cz_influenza","classical_monocyte","ZNF394","ranger_et",0.644023554647377
"cz_influenza","classical_monocyte","ZBTB16","ranger_et",0.700865768954247
"cz_influenza","classical_monocyte","HES2","ranger_et",0.728875632737104
"cz_influenza","classical_monocyte","DDIT3","ranger_et",0.74631246744938
"cz_influenza","classical_monocyte","HOXA5","ranger_et",0.674876358956263
"cz_influenza","classical_monocyte","MEF2D","ranger_et",0.736272441125242
"cz_influenza","classical_monocyte","TFCP2L1","ranger_et",0.74691473338044
"cz_influenza","classical_monocyte","HBP1","ranger_et",0.738004311534171
"cz_influenza","classical_monocyte","HESX1","ranger_et",0.722937850651521
"cz_influenza","classical_monocyte","EGR3","ranger_et",0.787704500380753
"cz_influenza","classical_monocyte","LEF1","ranger_et",0.802382629633185
"cz_influenza","classical_monocyte","FOSL2","ranger_et",0.679514378224562
"cz_influenza","classical_monocyte","NFIL3","ranger_et",0.766329530516578
"cz_influenza","classical_monocyte","RORA","ranger_et",0.675161472769272
"cz_influenza","classical_monocyte","AHRR","ranger_et",0.771109382353995
"cz_influenza","classical_monocyte","NHLH1","ranger_et",0.789848090209103
"cz_influenza","classical_monocyte","CEBPD","ranger_et",0.779888276055624
"cz_influenza","classical_monocyte","TWIST2","ranger_et",0.751420601284385
"cz_influenza","classical_monocyte","SNAI1","ranger_et",0.792025365095772
"cz_influenza","classical_monocyte","ELF2","ranger_et",0.794985208138004
"cz_influenza","classical_monocyte","ZFP28","ranger_et",0.790080424305491
"cz_influenza","classical_monocyte","ZNF143","ranger_et",0.806603545534578
"cz_influenza","classical_monocyte","MYBL1","ranger_et",0.773613506571572
"cz_influenza","classical_monocyte","FOSL1","ranger_et",0.745982423272714
"cz_influenza","classical_monocyte","NFKB2","ranger_et",0.711776171915194
"cz_influenza","classical_monocyte","ENO1","ranger_et",0.79472042364803
"cz_influenza","classical_monocyte","MAFA","ranger_et",0.811523645918883
"cz_influenza","classical_monocyte","HLX","ranger_et",0.797244267573609
"cz_influenza","classical_monocyte","ETV7","ranger_et",0.824213320930336
"cz_influenza","classical_monocyte","IRF9","ranger_et",0.73361260259545
"cz_influenza","classical_monocyte","ZNF331","ranger_et",0.832612507934883
"cz_influenza","classical_monocyte","JDP2","ranger_et",0.76607436368681
"cz_influenza","classical_monocyte","BCL6","ranger_et",0.827273182763146
"cz_influenza","classical_monocyte","BACH2","ranger_et",0.730097945950938
"cz_influenza","classical_monocyte","FOXJ3","ranger_et",0.809713767956804
"cz_influenza","classical_monocyte","MAFB","ranger_et",0.803639659794679
"cz_influenza","classical_monocyte","ZNF274","ranger_et",0.842996934320423
"cz_influenza","classical_monocyte","NFATC2","ranger_et",0.79362873279205
"cz_influenza","classical_monocyte","POU2F1","ranger_et",0.828920664811528
"cz_influenza","classical_monocyte","EGR1","ranger_et",0.820055448365237
"cz_influenza","classical_monocyte","EGR2","ranger_et",0.802407788136487
"cz_influenza","classical_monocyte","STAT3","ranger_et",0.807635272850126
"cz_influenza","classical_monocyte","FOXC1","ranger_et",0.715664939549276
"cz_influenza","classical_monocyte","MAFF","ranger_et",0.794023979513188
"cz_influenza","classical_monocyte","ZBTB1","ranger_et",0.836304781017502
"cz_influenza","classical_monocyte","FOXO3","ranger_et",0.762552651496232
"cz_influenza","classical_monocyte","TBX21","ranger_et",0.789380656797757
"cz_influenza","classical_monocyte","ZNF281","ranger_et",0.800805639346149
"cz_influenza","classical_monocyte","CREB5","ranger_et",0.840129169049733
"cz_influenza","classical_monocyte","KLF7","ranger_et",0.813106716794531
"cz_influenza","classical_monocyte","PRDM1","ranger_et",0.752936559168832
"cz_influenza","classical_monocyte","MAFG","ranger_et",0.811002907905296
"cz_influenza","classical_monocyte","E2F2","ranger_et",0.824231935675788
"cz_influenza","classical_monocyte","GATA3","ranger_et",0.827410307089853
"cz_influenza","classical_monocyte","EGR4","ranger_et",0.838133994941497
"cz_influenza","classical_monocyte","JUN","ranger_et",0.83745920039333
"cz_influenza","classical_monocyte","JUND","ranger_et",0.79963751025165
"cz_influenza","classical_monocyte","PLAG1","ranger_et",0.837531554055807
"cz_influenza","classical_monocyte","KLF10","ranger_et",0.833281242698933
"cz_influenza","classical_monocyte","ID1","ranger_et",0.841757468500098
"cz_influenza","classical_monocyte","E2F5","ranger_et",0.848242817889713
"cz_influenza","classical_monocyte","KLF6","ranger_et",0.773449208281808
"cz_influenza","classical_monocyte","KLF2","ranger_et",0.817798391653928
"cz_influenza","classical_monocyte","SMAD1","ranger_et",0.781753449268862
"cz_influenza","classical_monocyte","FOSB","ranger_et",0.848989245560715
"cz_influenza","classical_monocyte","ID2","ranger_et",0.826800863378144
"cz_influenza","classical_monocyte","STAT4","ranger_et",0.831046507508932
"cz_influenza","classical_monocyte","KLF5","ranger_et",0.851088292663898
"cz_influenza","classical_monocyte","HES4","ranger_et",0.833128476489809
"cz_influenza","classical_monocyte","SPI1","ranger_et",0.849574005534569
"cz_influenza","classical_monocyte","ZEB1","ranger_et",0.837237046725684
"cz_influenza","classical_monocyte","JUNB","ranger_et",0.802661785760335
"cz_influenza","classical_monocyte","FOS","ranger_et",0.838597162172543
"cz_influenza","classical_monocyte","NFE2","ranger_et",0.826092374548962
"cz_influenza","classical_monocyte","IRF1","ranger_et",0.791601421601556
"cz_influenza","classical_monocyte","ETS2","ranger_et",0.831776499963926
"cz_influenza","classical_monocyte","NR2C2","ranger_et",0.839579024845072
"cz_influenza","classical_monocyte","CEBPB","ranger_et",0.85503503324086
"cz_influenza","classical_monocyte","ELF1","ranger_et",0.852830809343595
"cz_influenza","classical_monocyte","POU2F2","xgboost",0.894919396397796
"cz_influenza","classical_monocyte","PAX5","xgboost",0.918261867282031
"cz_influenza","classical_monocyte","TAL1","xgboost",0.902982467992633
"cz_influenza","classical_monocyte","NRF1","xgboost",0.890603801903411
"cz_influenza","classical_monocyte","ERF","xgboost",0.886906081426785
"cz_influenza","classical_monocyte","ERG","xgboost",0.890882506811018
"cz_influenza","classical_monocyte","FOXJ2","xgboost",0.911147283910555
"cz_influenza","classical_monocyte","PPARG","xgboost",0.921715959864499
"cz_influenza","classical_monocyte","MECP2","xgboost",0.855649666746385
"cz_influenza","classical_monocyte","MLXIPL","xgboost",0.877305322434878
"cz_influenza","classical_monocyte","TFDP1","xgboost",0.854371445413452
"cz_influenza","classical_monocyte","MTF1","xgboost",0.855794842178735
"cz_influenza","classical_monocyte","HES1","xgboost",0.866159707251205
"cz_influenza","classical_monocyte","ARID3B","xgboost",0.864351489984927
"cz_influenza","classical_monocyte","RUNX1","xgboost",0.886924278802478
"cz_influenza","classical_monocyte","KLF4","xgboost",0.894239200490159
"cz_influenza","classical_monocyte","ZNF350","xgboost",0.857783745443445
"cz_influenza","classical_monocyte","ETV6","xgboost",0.851682760822694
"cz_influenza","classical_monocyte","YBX1","xgboost",0.768934391754613
"cz_influenza","classical_monocyte","PTEN","xgboost",0.776699786218001
"cz_influenza","classical_monocyte","GMEB2","xgboost",0.725278812319639
"cz_influenza","classical_monocyte","HIF1A","xgboost",0.820559418256656
"cz_influenza","classical_monocyte","ZNF394","xgboost",0.726217225038862
"cz_influenza","classical_monocyte","ZBTB16","xgboost",0.751335918494514
"cz_influenza","classical_monocyte","HES2","xgboost",0.815608459860509
"cz_influenza","classical_monocyte","DDIT3","xgboost",0.7869484755653
"cz_influenza","classical_monocyte","HOXA5","xgboost",0.702735181695385
"cz_influenza","classical_monocyte","MEF2D","xgboost",0.808541455077018
"cz_influenza","classical_monocyte","TFCP2L1","xgboost",0.788089730409096
"cz_influenza","classical_monocyte","HBP1","xgboost",0.79471555182294
"cz_influenza","classical_monocyte","HESX1","xgboost",0.783642459949925
"cz_influenza","classical_monocyte","EGR3","xgboost",0.863381380171777
"cz_influenza","classical_monocyte","LEF1","xgboost",0.876223158058218
"cz_influenza","classical_monocyte","FOSL2","xgboost",0.762195586587516
"cz_influenza","classical_monocyte","NFIL3","xgboost",0.8246141958042
"cz_influenza","classical_monocyte","RORA","xgboost",0.758219427213039
"cz_influenza","classical_monocyte","AHRR","xgboost",0.821274009000471
"cz_influenza","classical_monocyte","NHLH1","xgboost",0.86326044961463
"cz_influenza","classical_monocyte","CEBPD","xgboost",0.815776524014654
"cz_influenza","classical_monocyte","TWIST2","xgboost",0.822207932378937
"cz_influenza","classical_monocyte","SNAI1","xgboost",0.823966360374863
"cz_influenza","classical_monocyte","ELF2","xgboost",0.849063024395163
"cz_influenza","classical_monocyte","ZFP28","xgboost",0.852763366017812
"cz_influenza","classical_monocyte","ZNF143","xgboost",0.86455734450165
"cz_influenza","classical_monocyte","MYBL1","xgboost",0.829384303911746
"cz_influenza","classical_monocyte","FOSL1","xgboost",0.803092560356023
"cz_influenza","classical_monocyte","NFKB2","xgboost",0.794224526169031
"cz_influenza","classical_monocyte","ENO1","xgboost",0.859213196863286
"cz_influenza","classical_monocyte","MAFA","xgboost",0.874318817655565
"cz_influenza","classical_monocyte","HLX","xgboost",0.837513997437754
"cz_influenza","classical_monocyte","ETV7","xgboost",0.864442199617163
"cz_influenza","classical_monocyte","IRF9","xgboost",0.804331295821726
"cz_influenza","classical_monocyte","ZNF331","xgboost",0.857762449497084
"cz_influenza","classical_monocyte","JDP2","xgboost",0.824705818774023
"cz_influenza","classical_monocyte","BCL6","xgboost",0.898302047292647
"cz_influenza","classical_monocyte","BACH2","xgboost",0.801513311957253
"cz_influenza","classical_monocyte","FOXJ3","xgboost",0.854022139580411
"cz_influenza","classical_monocyte","MAFB","xgboost",0.855103991426803
"cz_influenza","classical_monocyte","ZNF274","xgboost",0.892270611579733
"cz_influenza","classical_monocyte","NFATC2","xgboost",0.84934941459407
"cz_influenza","classical_monocyte","POU2F1","xgboost",0.874237245477028
"cz_influenza","classical_monocyte","EGR1","xgboost",0.886347082187997
"cz_influenza","classical_monocyte","EGR2","xgboost",0.872754677795744
"cz_influenza","classical_monocyte","STAT3","xgboost",0.859391662783938
"cz_influenza","classical_monocyte","FOXC1","xgboost",0.806707776383579
"cz_influenza","classical_monocyte","MAFF","xgboost",0.844752114815769
"cz_influenza","classical_monocyte","ZBTB1","xgboost",0.873029726425676
"cz_influenza","classical_monocyte","FOXO3","xgboost",0.812431724252484
"cz_influenza","classical_monocyte","TBX21","xgboost",0.839528695064703
"cz_influenza","classical_monocyte","ZNF281","xgboost",0.859185632705164
"cz_influenza","classical_monocyte","CREB5","xgboost",0.911289662184147
"cz_influenza","classical_monocyte","KLF7","xgboost",0.891883144110644
"cz_influenza","classical_monocyte","PRDM1","xgboost",0.827106168448711
"cz_influenza","classical_monocyte","MAFG","xgboost",0.840233065148523
"cz_influenza","classical_monocyte","E2F2","xgboost",0.859530745021564
"cz_influenza","classical_monocyte","GATA3","xgboost",0.890610556572233
"cz_influenza","classical_monocyte","EGR4","xgboost",0.882555570391759
"cz_influenza","classical_monocyte","JUN","xgboost",0.872973365094265
"cz_influenza","classical_monocyte","JUND","xgboost",0.854329531183411
"cz_influenza","classical_monocyte","PLAG1","xgboost",0.869736216837119
"cz_influenza","classical_monocyte","KLF10","xgboost",0.859710588536474
"cz_influenza","classical_monocyte","ID1","xgboost",0.865974488116826
"cz_influenza","classical_monocyte","E2F5","xgboost",0.880256678844625
"cz_influenza","classical_monocyte","KLF6","xgboost",0.858270097204674
"cz_influenza","classical_monocyte","KLF2","xgboost",0.87522965030268
"cz_influenza","classical_monocyte","SMAD1","xgboost",0.831593929034682
"cz_influenza","classical_monocyte","FOSB","xgboost",0.88523162930021
"cz_influenza","classical_monocyte","ID2","xgboost",0.865926208735407
"cz_influenza","classical_monocyte","STAT4","xgboost",0.866495314584259
"cz_influenza","classical_monocyte","KLF5","xgboost",0.893430472942728
"cz_influenza","classical_monocyte","HES4","xgboost",0.873688360263591
"cz_influenza","classical_monocyte","SPI1","xgboost",0.892017479360188
"cz_influenza","classical_monocyte","ZEB1","xgboost",0.883006862497237
"cz_influenza","classical_monocyte","JUNB","xgboost",0.850014655182314
"cz_influenza","classical_monocyte","FOS","xgboost",0.898328349640729
"cz_influenza","classical_monocyte","NFE2","xgboost",0.872168086355769
"cz_influenza","classical_monocyte","IRF1","xgboost",0.841187980877956
"cz_influenza","classical_monocyte","ETS2","xgboost",0.881625410395045
"cz_influenza","classical_monocyte","NR2C2","xgboost",0.881908512541996
"cz_influenza","classical_monocyte","CEBPB","xgboost",0.894287300862596
"cz_influenza","classical_monocyte","ELF1","xgboost",0.881806326673528
"cz_influenza","classical_monocyte","POU2F2","mars",0.831467111680435
"cz_influenza","classical_monocyte","PAX5","mars",0.885508687206544
"cz_influenza","classical_monocyte","TAL1","mars",0.864571927916472
"cz_influenza","classical_monocyte","NRF1","mars",0.854943513650003
"cz_influenza","classical_monocyte","ERF","mars",0.844873641545361
"cz_influenza","classical_monocyte","ERG","mars",0.848525906169786
"cz_influenza","classical_monocyte","FOXJ2","mars",0.85804197655089
"cz_influenza","classical_monocyte","PPARG","mars",0.889893706483412
"cz_influenza","classical_monocyte","MECP2","mars",0.783298197460943
"cz_influenza","classical_monocyte","MLXIPL","mars",0.811673612101162
"cz_influenza","classical_monocyte","TFDP1","mars",0.766838367800633
"cz_influenza","classical_monocyte","MTF1","mars",0.810825652214236
"cz_influenza","classical_monocyte","HES1","mars",0.838245887747482
"cz_influenza","classical_monocyte","ARID3B","mars",0.815820448071026
"cz_influenza","classical_monocyte","RUNX1","mars",0.8422055315797
"cz_influenza","classical_monocyte","KLF4","mars",0.85681018052523
"cz_influenza","classical_monocyte","ZNF350","mars",0.762336177383397
"cz_influenza","classical_monocyte","ETV6","mars",0.773791868948714
"cz_influenza","classical_monocyte","YBX1","mars",0.616557665103069
"cz_influenza","classical_monocyte","PTEN","mars",0.330226300871413
"cz_influenza","classical_monocyte","GMEB2","mars",0.591921348873837
"cz_influenza","classical_monocyte","HIF1A","mars",0.727798608080587
"cz_influenza","classical_monocyte","ZNF394","mars",0.619818208678843
"cz_influenza","classical_monocyte","ZBTB16","mars",0.683490934152198
"cz_influenza","classical_monocyte","HES2","mars",0.694343485572453
"cz_influenza","classical_monocyte","DDIT3","mars",0.702225668513076
"cz_influenza","classical_monocyte","HOXA5","mars",0.624599844178958
"cz_influenza","classical_monocyte","MEF2D","mars",0.713075800307156
"cz_influenza","classical_monocyte","TFCP2L1","mars",0.680851983860519
"cz_influenza","classical_monocyte","HBP1","mars",0.665634660785672
"cz_influenza","classical_monocyte","HESX1","mars",0.723686561555897
"cz_influenza","classical_monocyte","EGR3","mars",0.816437342454638
"cz_influenza","classical_monocyte","LEF1","mars",0.838094068035483
"cz_influenza","classical_monocyte","FOSL2","mars",0.647526381798281
"cz_influenza","classical_monocyte","NFIL3","mars",0.730816659400008
"cz_influenza","classical_monocyte","RORA","mars",0.650198527203649
"cz_influenza","classical_monocyte","AHRR","mars",0.738681801590687
"cz_influenza","classical_monocyte","NHLH1","mars",0.796511313418532
"cz_influenza","classical_monocyte","CEBPD","mars",0.757445962075338
"cz_influenza","classical_monocyte","TWIST2","mars",0.736860095392967
"cz_influenza","classical_monocyte","SNAI1","mars",0.772792283601272
"cz_influenza","classical_monocyte","ELF2","mars",0.771541753302989
"cz_influenza","classical_monocyte","ZFP28","mars",0.778778460398573
"cz_influenza","classical_monocyte","ZNF143","mars",0.809135966789568
"cz_influenza","classical_monocyte","MYBL1","mars",0.760180804733856
"cz_influenza","classical_monocyte","FOSL1","mars",0.718953319818706
"cz_influenza","classical_monocyte","NFKB2","mars",0.538079351690673
"cz_influenza","classical_monocyte","ENO1","mars",0.752796170424759
"cz_influenza","classical_monocyte","MAFA","mars",0.831587720764762
"cz_influenza","classical_monocyte","HLX","mars",0.800359963195734
"cz_influenza","classical_monocyte","ETV7","mars",0.818476691074126
"cz_influenza","classical_monocyte","IRF9","mars",0.697753583770014
"cz_influenza","classical_monocyte","ZNF331","mars",0.806581256467662
"cz_influenza","classical_monocyte","JDP2","mars",0.736790576417518
"cz_influenza","classical_monocyte","BCL6","mars",0.72807183108372
"cz_influenza","classical_monocyte","BACH2","mars",0.70835590233872
"cz_influenza","classical_monocyte","FOXJ3","mars",0.800250976413007
"cz_influenza","classical_monocyte","MAFB","mars",0.790855784961198
"cz_influenza","classical_monocyte","ZNF274","mars",0.841897587048203
"cz_influenza","classical_monocyte","NFATC2","mars",0.77879896963534
"cz_influenza","classical_monocyte","POU2F1","mars",0.808787459864031
"cz_influenza","classical_monocyte","EGR1","mars",0.845693323926627
"cz_influenza","classical_monocyte","EGR2","mars",0.823911074537907
"cz_influenza","classical_monocyte","STAT3","mars",0.79182737603123
"cz_influenza","classical_monocyte","FOXC1","mars",0.711927202440749
"cz_influenza","classical_monocyte","MAFF","mars",0.75789488105003
"cz_influenza","classical_monocyte","ZBTB1","mars",0.832259982746123
"cz_influenza","classical_monocyte","FOXO3","mars",0.726987851083294
"cz_influenza","classical_monocyte","TBX21","mars",0.743010621015721
"cz_influenza","classical_monocyte","ZNF281","mars",0.78585540450183
"cz_influenza","classical_monocyte","CREB5","mars",0.882784300489495
"cz_influenza","classical_monocyte","KLF7","mars",0.820464444218278
"cz_influenza","classical_monocyte","PRDM1","mars",0.722591799046092
"cz_influenza","classical_monocyte","MAFG","mars",0.788381190757775
"cz_influenza","classical_monocyte","E2F2","mars",0.806393475955889
"cz_influenza","classical_monocyte","GATA3","mars",0.838164900977286
"cz_influenza","classical_monocyte","EGR4","mars",0.832212046177991
"cz_influenza","classical_monocyte","JUN","mars",0.821634617546576
"cz_influenza","classical_monocyte","JUND","mars",0.701081364700398
"cz_influenza","classical_monocyte","PLAG1","mars",0.780206625542838
"cz_influenza","classical_monocyte","KLF10","mars",0.803604966805356
"cz_influenza","classical_monocyte","ID1","mars",0.813786321544324
"cz_influenza","classical_monocyte","E2F5","mars",0.815113456964707
"cz_influenza","classical_monocyte","KLF6","mars",0.731195446342906
"cz_influenza","classical_monocyte","KLF2","mars",0.792195338886052
"cz_influenza","classical_monocyte","SMAD1","mars",0.753769059096172
"cz_influenza","classical_monocyte","FOSB","mars",0.842325064591181
"cz_influenza","classical_monocyte","ID2","mars",0.791095919038554
"cz_influenza","classical_monocyte","STAT4","mars",0.816693442351626
"cz_influenza","classical_monocyte","KLF5","mars",0.841441062750136
"cz_influenza","classical_monocyte","HES4","mars",0.797321885532666
"cz_influenza","classical_monocyte","SPI1","mars",0.83128968350636
"cz_influenza","classical_monocyte","ZEB1","mars",0.814724039471619
"cz_influenza","classical_monocyte","JUNB","mars",0.778626545156805
"cz_influenza","classical_monocyte","FOS","mars",0.835403021580846
"cz_influenza","classical_monocyte","NFE2","mars",0.787901855345136
"cz_influenza","classical_monocyte","IRF1","mars",0.756279685885427
"cz_influenza","classical_monocyte","ETS2","mars",0.813173635777987
"cz_influenza","classical_monocyte","NR2C2","mars",0.808125870008424
"cz_influenza","classical_monocyte","CEBPB","mars",0.854737461023477
"cz_influenza","classical_monocyte","ELF1","mars",0.839670885819286
"cz_influenza","classical_monocyte","POU2F2","svm_rbf",0.87495815601019
"cz_influenza","classical_monocyte","PAX5","svm_rbf",0.848008170228229
"cz_influenza","classical_monocyte","TAL1","svm_rbf",0.863762460791542
"cz_influenza","classical_monocyte","NRF1","svm_rbf",0.856120306053765
"cz_influenza","classical_monocyte","ERF","svm_rbf",0.85988316661966
"cz_influenza","classical_monocyte","ERG","svm_rbf",0.834237961590597
"cz_influenza","classical_monocyte","FOXJ2","svm_rbf",0.889445700501278
"cz_influenza","classical_monocyte","PPARG","svm_rbf",0.845968811801357
"cz_influenza","classical_monocyte","MECP2","svm_rbf",0.836775826818402
"cz_influenza","classical_monocyte","MLXIPL","svm_rbf",0.859815945374861
"cz_influenza","classical_monocyte","TFDP1","svm_rbf",0.750064995650284
"cz_influenza","classical_monocyte","MTF1","svm_rbf",0.822686013144997
"cz_influenza","classical_monocyte","HES1","svm_rbf",0.839902424239867
"cz_influenza","classical_monocyte","ARID3B","svm_rbf",0.854799364919455
"cz_influenza","classical_monocyte","RUNX1","svm_rbf",0.792111243696986
"cz_influenza","classical_monocyte","KLF4","svm_rbf",0.792921155319667
"cz_influenza","classical_monocyte","ZNF350","svm_rbf",0.847697388041705
"cz_influenza","classical_monocyte","ETV6","svm_rbf",0.731071123758775
"cz_influenza","classical_monocyte","YBX1","svm_rbf",0.760346102893595
"cz_influenza","classical_monocyte","PTEN","svm_rbf",0.547067205349006
"cz_influenza","classical_monocyte","GMEB2","svm_rbf",0.643393149461601
"cz_influenza","classical_monocyte","HIF1A","svm_rbf",0.567125869078983
"cz_influenza","classical_monocyte","ZNF394","svm_rbf",0.734077936602115
"cz_influenza","classical_monocyte","ZBTB16","svm_rbf",0.679438465201533
"cz_influenza","classical_monocyte","HES2","svm_rbf",0.696431724250543
"cz_influenza","classical_monocyte","DDIT3","svm_rbf",0.691659540294427
"cz_influenza","classical_monocyte","HOXA5","svm_rbf",0.636198716699259
"cz_influenza","classical_monocyte","MEF2D","svm_rbf",0.745443371181387
"cz_influenza","classical_monocyte","TFCP2L1","svm_rbf",0.79007965895534
"cz_influenza","classical_monocyte","HBP1","svm_rbf",0.758591579520875
"cz_influenza","classical_monocyte","HESX1","svm_rbf",0.719181631273362
"cz_influenza","classical_monocyte","EGR3","svm_rbf",0.75515106175615
"cz_influenza","classical_monocyte","LEF1","svm_rbf",0.755425453526675
"cz_influenza","classical_monocyte","FOSL2","svm_rbf",0.757526378506277
"cz_influenza","classical_monocyte","NFIL3","svm_rbf",0.80262992931528
"cz_influenza","classical_monocyte","RORA","svm_rbf",0.764834641958434
"cz_influenza","classical_monocyte","AHRR","svm_rbf",0.746631188725765
"cz_influenza","classical_monocyte","NHLH1","svm_rbf",0.791332319719251
"cz_influenza","classical_monocyte","CEBPD","svm_rbf",0.760785795996896
"cz_influenza","classical_monocyte","TWIST2","svm_rbf",0.813478259841226
"cz_influenza","classical_monocyte","SNAI1","svm_rbf",0.766643746636916
"cz_influenza","classical_monocyte","ELF2","svm_rbf",0.77903188353063
"cz_influenza","classical_monocyte","ZFP28","svm_rbf",0.8113661992405
"cz_influenza","classical_monocyte","ZNF143","svm_rbf",0.840765537292629
"cz_influenza","classical_monocyte","MYBL1","svm_rbf",0.753744107544278
"cz_influenza","classical_monocyte","FOSL1","svm_rbf",0.812987868387185
"cz_influenza","classical_monocyte","NFKB2","svm_rbf",0.793765999585965
"cz_influenza","classical_monocyte","ENO1","svm_rbf",0.685968012183447
"cz_influenza","classical_monocyte","MAFA","svm_rbf",0.869103325326571
"cz_influenza","classical_monocyte","HLX","svm_rbf",0.82389371949372
"cz_influenza","classical_monocyte","ETV7","svm_rbf",0.809236133719231
"cz_influenza","classical_monocyte","IRF9","svm_rbf",0.789351608769469
"cz_influenza","classical_monocyte","ZNF331","svm_rbf",0.811310858760922
"cz_influenza","classical_monocyte","JDP2","svm_rbf",0.81023299834857
"cz_influenza","classical_monocyte","BCL6","svm_rbf",0.680888273611984
"cz_influenza","classical_monocyte","BACH2","svm_rbf",0.804656630015358
"cz_influenza","classical_monocyte","FOXJ3","svm_rbf",0.854094436376821
"cz_influenza","classical_monocyte","MAFB","svm_rbf",0.867290914240429
"cz_influenza","classical_monocyte","ZNF274","svm_rbf",0.837588968475965
"cz_influenza","classical_monocyte","NFATC2","svm_rbf",0.847297638632604
"cz_influenza","classical_monocyte","POU2F1","svm_rbf",0.839433196433796
"cz_influenza","classical_monocyte","EGR1","svm_rbf",0.857110427364378
"cz_influenza","classical_monocyte","EGR2","svm_rbf",0.794435915837175
"cz_influenza","classical_monocyte","STAT3","svm_rbf",0.863537418112031
"cz_influenza","classical_monocyte","FOXC1","svm_rbf",0.786089034981014
"cz_influenza","classical_monocyte","MAFF","svm_rbf",0.855436748353885
"cz_influenza","classical_monocyte","ZBTB1","svm_rbf",0.810756394807829
"cz_influenza","classical_monocyte","FOXO3","svm_rbf",0.804625576643017
"cz_influenza","classical_monocyte","TBX21","svm_rbf",0.822015011670476
"cz_influenza","classical_monocyte","ZNF281","svm_rbf",0.845169497387044
"cz_influenza","classical_monocyte","CREB5","svm_rbf",0.861102284084835
"cz_influenza","classical_monocyte","KLF7","svm_rbf",0.775305962846085
"cz_influenza","classical_monocyte","PRDM1","svm_rbf",0.823118789573302
"cz_influenza","classical_monocyte","MAFG","svm_rbf",0.839097264542602
"cz_influenza","classical_monocyte","E2F2","svm_rbf",0.859500783341903
"cz_influenza","classical_monocyte","GATA3","svm_rbf",0.838413317737223
"cz_influenza","classical_monocyte","EGR4","svm_rbf",0.849369308197189
"cz_influenza","classical_monocyte","JUN","svm_rbf",0.86384886154739
"cz_influenza","classical_monocyte","JUND","svm_rbf",0.845965963242304
"cz_influenza","classical_monocyte","PLAG1","svm_rbf",0.862183924378132
"cz_influenza","classical_monocyte","KLF10","svm_rbf",0.834661660385627
"cz_influenza","classical_monocyte","ID1","svm_rbf",0.862100998442711
"cz_influenza","classical_monocyte","E2F5","svm_rbf",0.863343786164964
"cz_influenza","classical_monocyte","KLF6","svm_rbf",0.849627133047617
"cz_influenza","classical_monocyte","KLF2","svm_rbf",0.871164409575818
"cz_influenza","classical_monocyte","SMAD1","svm_rbf",0.809824432470956
"cz_influenza","classical_monocyte","FOSB","svm_rbf",0.865303581205121
"cz_influenza","classical_monocyte","ID2","svm_rbf",0.850026124580395
"cz_influenza","classical_monocyte","STAT4","svm_rbf",0.849984091512013
"cz_influenza","classical_monocyte","KLF5","svm_rbf",0.871739125291593
"cz_influenza","classical_monocyte","HES4","svm_rbf",0.869379283487317
"cz_influenza","classical_monocyte","SPI1","svm_rbf",0.882283157563892
"cz_influenza","classical_monocyte","ZEB1","svm_rbf",0.883380211157911
"cz_influenza","classical_monocyte","JUNB","svm_rbf",0.8300781656368
"cz_influenza","classical_monocyte","FOS","svm_rbf",0.839492921465423
"cz_influenza","classical_monocyte","NFE2","svm_rbf",0.874973700586822
"cz_influenza","classical_monocyte","IRF1","svm_rbf",0.818545965602929
"cz_influenza","classical_monocyte","ETS2","svm_rbf",0.864588992903561
"cz_influenza","classical_monocyte","NR2C2","svm_rbf",0.852039883670061
"cz_influenza","classical_monocyte","CEBPB","svm_rbf",0.882529829211631
"cz_influenza","classical_monocyte","ELF1","svm_rbf",0.857031618285378
"cz_influenza","natural_killer_cell","JUND","ranger_et",0.765568762430677
"cz_influenza","natural_killer_cell","EGR1","ranger_et",0.7971889922997
"cz_influenza","natural_killer_cell","RUNX3","ranger_et",0.742190559898249
"cz_influenza","natural_killer_cell","TCF4","ranger_et",0.727083106145928
"cz_influenza","natural_killer_cell","TCF7L2","ranger_et",0.677094747463766
"cz_influenza","natural_killer_cell","HEY2","ranger_et",0.690804757614029
"cz_influenza","natural_killer_cell","NFKB2","ranger_et",0.740091469986052
"cz_influenza","natural_killer_cell","TCF7","ranger_et",0.671009118423586
"cz_influenza","natural_killer_cell","ELF3","ranger_et",0.698532467763426
"cz_influenza","natural_killer_cell","ZNF331","ranger_et",0.707179056772513
"cz_influenza","natural_killer_cell","NR4A3","ranger_et",0.653279338520226
"cz_influenza","natural_killer_cell","ID2","ranger_et",0.683972882500845
"cz_influenza","natural_killer_cell","NFIC","ranger_et",0.637255972872989
"cz_influenza","natural_killer_cell","JUN","ranger_et",0.742739279897088
"cz_influenza","natural_killer_cell","TFCP2","ranger_et",0.627050546605704
"cz_influenza","natural_killer_cell","BCL6","ranger_et",0.744502212811076
"cz_influenza","natural_killer_cell","ZBTB14","ranger_et",0.611946024150468
"cz_influenza","natural_killer_cell","NFATC2","ranger_et",0.563997807796483
"cz_influenza","natural_killer_cell","CEBPD","ranger_et",0.514109410876771
"cz_influenza","natural_killer_cell","CREM","ranger_et",0.676525128552959
"cz_influenza","natural_killer_cell","FOS","ranger_et",0.706947736591222
"cz_influenza","natural_killer_cell","IKZF2","ranger_et",0.649494075542661
"cz_influenza","natural_killer_cell","FOXP4","ranger_et",0.61377777933751
"cz_influenza","natural_killer_cell","TAF1","ranger_et",0.497634876351949
"cz_influenza","natural_killer_cell","RELB","ranger_et",0.65517337973583
"cz_influenza","natural_killer_cell","TFEC","ranger_et",0.655053993138384
"cz_influenza","natural_killer_cell","ZNF683","ranger_et",0.75196705634418
"cz_influenza","natural_killer_cell","ASCL2","ranger_et",0.685469532521537
"cz_influenza","natural_killer_cell","CEBPB","ranger_et",0.591497787912889
"cz_influenza","natural_killer_cell","EOMES","ranger_et",0.63587074727704
"cz_influenza","natural_killer_cell","PPARA","ranger_et",0.753620218483862
"cz_influenza","natural_killer_cell","MGA","ranger_et",0.745146151129021
"cz_influenza","natural_killer_cell","ZNF281","ranger_et",0.723650176121524
"cz_influenza","natural_killer_cell","HESX1","ranger_et",0.655094658556677
"cz_influenza","natural_killer_cell","FOXP1","ranger_et",0.75180167008462
"cz_influenza","natural_killer_cell","KLF3","ranger_et",0.753988552669247
"cz_influenza","natural_killer_cell","SIX5","ranger_et",0.64762296915491
"cz_influenza","natural_killer_cell","NFIX","ranger_et",0.644989465522669
"cz_influenza","natural_killer_cell","E2F6","ranger_et",0.772342209857562
"cz_influenza","natural_killer_cell","IKZF1","ranger_et",0.668336017843944
"cz_influenza","natural_killer_cell","RFX2","ranger_et",0.732963580720179
"cz_influenza","natural_killer_cell","NFIA","ranger_et",0.735904480550434
"cz_influenza","natural_killer_cell","RORA","ranger_et",0.729410927992819
"cz_influenza","natural_killer_cell","TFDP2","ranger_et",0.679914492849402
"cz_influenza","natural_killer_cell","ITGB2","ranger_et",0.692130415497493
"cz_influenza","natural_killer_cell","FOSL2","ranger_et",0.758170315735427
"cz_influenza","natural_killer_cell","SMAD3","ranger_et",0.735696477070284
"cz_influenza","natural_killer_cell","POU5F1","ranger_et",0.757522839459263
"cz_influenza","natural_killer_cell","GATA3","ranger_et",0.717321375417255
"cz_influenza","natural_killer_cell","SPI1","ranger_et",0.825791856738437
"cz_influenza","natural_killer_cell","POU3F1","ranger_et",0.719402730020442
"cz_influenza","natural_killer_cell","CUX1","ranger_et",0.783407300009819
"cz_influenza","natural_killer_cell","RREB1","ranger_et",0.707176074769
"cz_influenza","natural_killer_cell","ESR2","ranger_et",0.793673232284517
"cz_influenza","natural_killer_cell","MAFF","ranger_et",0.760076729372283
"cz_influenza","natural_killer_cell","BDP1","ranger_et",0.767410240957087
"cz_influenza","natural_killer_cell","MYBL1","ranger_et",0.734162588481262
"cz_influenza","natural_killer_cell","NFE2L2","ranger_et",0.74107724944163
"cz_influenza","natural_killer_cell","ZBTB7A","ranger_et",0.802113788992936
"cz_influenza","natural_killer_cell","NFE2","ranger_et",0.82718150430687
"cz_influenza","natural_killer_cell","SMAD1","ranger_et",0.678168929215941
"cz_influenza","natural_killer_cell","PBX3","ranger_et",0.776001946116841
"cz_influenza","natural_killer_cell","MAF","ranger_et",0.821206361748189
"cz_influenza","natural_killer_cell","IRF9","ranger_et",0.82940224505429
"cz_influenza","natural_killer_cell","IRF4","ranger_et",0.807782285199477
"cz_influenza","natural_killer_cell","SPIB","ranger_et",0.733087678778601
"cz_influenza","natural_killer_cell","BCL3","ranger_et",0.771069548969938
"cz_influenza","natural_killer_cell","PAX9","ranger_et",0.743922749416515
"cz_influenza","natural_killer_cell","BATF3","ranger_et",0.760638651888397
"cz_influenza","natural_killer_cell","EGR2","ranger_et",0.746779566817012
"cz_influenza","natural_killer_cell","FOXP3","ranger_et",0.617622324315545
"cz_influenza","natural_killer_cell","IRF1","ranger_et",0.77929051498888
"cz_influenza","natural_killer_cell","MBTPS2","ranger_et",0.676941262220863
"cz_influenza","natural_killer_cell","ZBTB33","ranger_et",0.745085745832123
"cz_influenza","natural_killer_cell","AHR","ranger_et",0.773888681862427
"cz_influenza","natural_killer_cell","TP53","ranger_et",0.730937677121433
"cz_influenza","natural_killer_cell","MLXIP","ranger_et",0.726758672300236
"cz_influenza","natural_killer_cell","PURA","ranger_et",0.741044579409082
"cz_influenza","natural_killer_cell","TAL1","ranger_et",0.764285551418308
"cz_influenza","natural_killer_cell","NR4A1","ranger_et",0.686698883065433
"cz_influenza","natural_killer_cell","JUNB","ranger_et",0.784296181972846
"cz_influenza","natural_killer_cell","FOXC1","ranger_et",0.746278953483347
"cz_influenza","natural_killer_cell","ZEB1","ranger_et",0.696161226886233
"cz_influenza","natural_killer_cell","NFKB1","ranger_et",0.769432149827283
"cz_influenza","natural_killer_cell","CREB1","ranger_et",0.751047577775737
"cz_influenza","natural_killer_cell","STAT2","ranger_et",0.840666713786394
"cz_influenza","natural_killer_cell","KLF6","ranger_et",0.717218432830769
"cz_influenza","natural_killer_cell","NR4A2","ranger_et",0.744399759620253
"cz_influenza","natural_killer_cell","XBP1","ranger_et",0.726463467696845
"cz_influenza","natural_killer_cell","E2F1","ranger_et",0.691383689110593
"cz_influenza","natural_killer_cell","KLF12","ranger_et",0.783418241866143
"cz_influenza","natural_killer_cell","NFATC3","ranger_et",0.783084132339406
"cz_influenza","natural_killer_cell","BCLAF1","ranger_et",0.730746015450524
"cz_influenza","natural_killer_cell","ZBTB1","ranger_et",0.738812022627612
"cz_influenza","natural_killer_cell","EBF3","ranger_et",0.77906897587777
"cz_influenza","natural_killer_cell","IRF8","ranger_et",0.767657134890918
"cz_influenza","natural_killer_cell","BCL11B","ranger_et",0.727290122308558
"cz_influenza","natural_killer_cell","STAT1","ranger_et",0.843444458626701
"cz_influenza","natural_killer_cell","KLF13","ranger_et",0.702836109017566
"cz_influenza","natural_killer_cell","KLF16","ranger_et",0.723622663371323
"cz_influenza","natural_killer_cell","HDAC2","ranger_et",0.677986223764961
"cz_influenza","natural_killer_cell","PRDM1","ranger_et",0.75419635039088
"cz_influenza","natural_killer_cell","PLAG1","ranger_et",0.767135484638714
"cz_influenza","natural_killer_cell","HIC1","ranger_et",0.724839062093285
"cz_influenza","natural_killer_cell","LYL1","ranger_et",0.800438521965737
"cz_influenza","natural_killer_cell","FOSB","ranger_et",0.76560677673115
"cz_influenza","natural_killer_cell","ETS1","ranger_et",0.785545450651962
"cz_influenza","natural_killer_cell","KLF10","ranger_et",0.714377518045064
"cz_influenza","natural_killer_cell","MXI1","ranger_et",0.734013172902686
"cz_influenza","natural_killer_cell","ATF3","ranger_et",0.73410728458004
"cz_influenza","natural_killer_cell","KLF11","ranger_et",0.727375322439418
"cz_influenza","natural_killer_cell","BHLHE40","ranger_et",0.749766864021731
"cz_influenza","natural_killer_cell","REL","ranger_et",0.81557085854066
"cz_influenza","natural_killer_cell","FOSL1","ranger_et",0.81057709410411
"cz_influenza","natural_killer_cell","POU2F2","ranger_et",0.782541038418786
"cz_influenza","natural_killer_cell","KLF2","ranger_et",0.744056979803313
"cz_influenza","natural_killer_cell","JUND","xgboost",0.809592422467167
"cz_influenza","natural_killer_cell","EGR1","xgboost",0.837317764381212
"cz_influenza","natural_killer_cell","RUNX3","xgboost",0.784320898544801
"cz_influenza","natural_killer_cell","TCF4","xgboost",0.76075918965648
"cz_influenza","natural_killer_cell","TCF7L2","xgboost",0.76029131873567
"cz_influenza","natural_killer_cell","HEY2","xgboost",0.755952568476583
"cz_influenza","natural_killer_cell","NFKB2","xgboost",0.802172557561188
"cz_influenza","natural_killer_cell","TCF7","xgboost",0.701745265902693
"cz_influenza","natural_killer_cell","ELF3","xgboost",0.736684853953609
"cz_influenza","natural_killer_cell","ZNF331","xgboost",0.783626478307479
"cz_influenza","natural_killer_cell","NR4A3","xgboost",0.706847280023257
"cz_influenza","natural_killer_cell","ID2","xgboost",0.732279349175179
"cz_influenza","natural_killer_cell","NFIC","xgboost",0.671632370710734
"cz_influenza","natural_killer_cell","JUN","xgboost",0.793887369360093
"cz_influenza","natural_killer_cell","TFCP2","xgboost",0.73607970707792
"cz_influenza","natural_killer_cell","BCL6","xgboost",0.821492584334812
"cz_influenza","natural_killer_cell","ZBTB14","xgboost",0.681424578457241
"cz_influenza","natural_killer_cell","NFATC2","xgboost",0.641420154667986
"cz_influenza","natural_killer_cell","CEBPD","xgboost",0.537921343444003
"cz_influenza","natural_killer_cell","CREM","xgboost",0.747855475294654
"cz_influenza","natural_killer_cell","FOS","xgboost",0.781930056446528
"cz_influenza","natural_killer_cell","IKZF2","xgboost",0.719936993898552
"cz_influenza","natural_killer_cell","FOXP4","xgboost",0.724638105090038
"cz_influenza","natural_killer_cell","TAF1","xgboost",0.589435302269938
"cz_influenza","natural_killer_cell","RELB","xgboost",0.706538222776185
"cz_influenza","natural_killer_cell","TFEC","xgboost",0.708590595955157
"cz_influenza","natural_killer_cell","ZNF683","xgboost",0.809624051812831
"cz_influenza","natural_killer_cell","ASCL2","xgboost",0.716892197597763
"cz_influenza","natural_killer_cell","CEBPB","xgboost",0.703202537638633
"cz_influenza","natural_killer_cell","EOMES","xgboost",0.671396921297333
"cz_influenza","natural_killer_cell","PPARA","xgboost",0.798667589440028
"cz_influenza","natural_killer_cell","MGA","xgboost",0.778598459103215
"cz_influenza","natural_killer_cell","ZNF281","xgboost",0.789429202585128
"cz_influenza","natural_killer_cell","HESX1","xgboost",0.720617322858626
"cz_influenza","natural_killer_cell","FOXP1","xgboost",0.799351518947399
"cz_influenza","natural_killer_cell","KLF3","xgboost",0.810869456855291
"cz_influenza","natural_killer_cell","SIX5","xgboost",0.700488666578638
"cz_influenza","natural_killer_cell","NFIX","xgboost",0.686171520277157
"cz_influenza","natural_killer_cell","E2F6","xgboost",0.809562198283551
"cz_influenza","natural_killer_cell","IKZF1","xgboost",0.7123377995176
"cz_influenza","natural_killer_cell","RFX2","xgboost",0.780483688043299
"cz_influenza","natural_killer_cell","NFIA","xgboost",0.77034933865515
"cz_influenza","natural_killer_cell","RORA","xgboost",0.769126754140404
"cz_influenza","natural_killer_cell","TFDP2","xgboost",0.719814109541292
"cz_influenza","natural_killer_cell","ITGB2","xgboost",0.730875353765314
"cz_influenza","natural_killer_cell","FOSL2","xgboost",0.802259297815525
"cz_influenza","natural_killer_cell","SMAD3","xgboost",0.810480862866143
"cz_influenza","natural_killer_cell","POU5F1","xgboost",0.811671695889581
"cz_influenza","natural_killer_cell","GATA3","xgboost",0.779158041927724
"cz_influenza","natural_killer_cell","SPI1","xgboost",0.863611431813027
"cz_influenza","natural_killer_cell","POU3F1","xgboost",0.761087911166171
"cz_influenza","natural_killer_cell","CUX1","xgboost",0.810768893123188
"cz_influenza","natural_killer_cell","RREB1","xgboost",0.782058197385964
"cz_influenza","natural_killer_cell","ESR2","xgboost",0.8228654200643
"cz_influenza","natural_killer_cell","MAFF","xgboost",0.820628699449508
"cz_influenza","natural_killer_cell","BDP1","xgboost",0.795846658138131
"cz_influenza","natural_killer_cell","MYBL1","xgboost",0.76454438010929
"cz_influenza","natural_killer_cell","NFE2L2","xgboost",0.802562025432684
"cz_influenza","natural_killer_cell","ZBTB7A","xgboost",0.829906618066487
"cz_influenza","natural_killer_cell","NFE2","xgboost",0.853220855306216
"cz_influenza","natural_killer_cell","SMAD1","xgboost",0.744024751173962
"cz_influenza","natural_killer_cell","PBX3","xgboost",0.832542854724843
"cz_influenza","natural_killer_cell","MAF","xgboost",0.858818162729192
"cz_influenza","natural_killer_cell","IRF9","xgboost",0.86455148844589
"cz_influenza","natural_killer_cell","IRF4","xgboost",0.853876722430208
"cz_influenza","natural_killer_cell","SPIB","xgboost",0.794525168764217
"cz_influenza","natural_killer_cell","BCL3","xgboost",0.834352932408731
"cz_influenza","natural_killer_cell","PAX9","xgboost",0.788563974851991
"cz_influenza","natural_killer_cell","BATF3","xgboost",0.807122088501478
"cz_influenza","natural_killer_cell","EGR2","xgboost",0.832149899876911
"cz_influenza","natural_killer_cell","FOXP3","xgboost",0.662422304243157
"cz_influenza","natural_killer_cell","IRF1","xgboost",0.838830266413839
"cz_influenza","natural_killer_cell","MBTPS2","xgboost",0.725594123521965
"cz_influenza","natural_killer_cell","ZBTB33","xgboost",0.789881193395325
"cz_influenza","natural_killer_cell","AHR","xgboost",0.829021089460985
"cz_influenza","natural_killer_cell","TP53","xgboost",0.785157330091412
"cz_influenza","natural_killer_cell","MLXIP","xgboost",0.786051222358372
"cz_influenza","natural_killer_cell","PURA","xgboost",0.796184267763072
"cz_influenza","natural_killer_cell","TAL1","xgboost",0.808577530834051
"cz_influenza","natural_killer_cell","NR4A1","xgboost",0.729456946087691
"cz_influenza","natural_killer_cell","JUNB","xgboost",0.809493538012765
"cz_influenza","natural_killer_cell","FOXC1","xgboost",0.772776806564809
"cz_influenza","natural_killer_cell","ZEB1","xgboost",0.768315423621497
"cz_influenza","natural_killer_cell","NFKB1","xgboost",0.822066575410287
"cz_influenza","natural_killer_cell","CREB1","xgboost",0.800783866391803
"cz_influenza","natural_killer_cell","STAT2","xgboost",0.875202647912048
"cz_influenza","natural_killer_cell","KLF6","xgboost",0.771250445332503
"cz_influenza","natural_killer_cell","NR4A2","xgboost",0.788430514106413
"cz_influenza","natural_killer_cell","XBP1","xgboost",0.782380061542911
"cz_influenza","natural_killer_cell","E2F1","xgboost",0.773566945773117
"cz_influenza","natural_killer_cell","KLF12","xgboost",0.818725134687201
"cz_influenza","natural_killer_cell","NFATC3","xgboost",0.806625139235602
"cz_influenza","natural_killer_cell","BCLAF1","xgboost",0.809779686442972
"cz_influenza","natural_killer_cell","ZBTB1","xgboost",0.801536384043351
"cz_influenza","natural_killer_cell","EBF3","xgboost",0.817487255403767
"cz_influenza","natural_killer_cell","IRF8","xgboost",0.821510083443682
"cz_influenza","natural_killer_cell","BCL11B","xgboost",0.797300022275994
"cz_influenza","natural_killer_cell","STAT1","xgboost",0.87940038675119
"cz_influenza","natural_killer_cell","KLF13","xgboost",0.759051572603298
"cz_influenza","natural_killer_cell","KLF16","xgboost",0.788165470381749
"cz_influenza","natural_killer_cell","HDAC2","xgboost",0.733941515262524
"cz_influenza","natural_killer_cell","PRDM1","xgboost",0.826951691907461
"cz_influenza","natural_killer_cell","PLAG1","xgboost",0.802339055157299
"cz_influenza","natural_killer_cell","HIC1","xgboost",0.765288282471758
"cz_influenza","natural_killer_cell","LYL1","xgboost",0.833491960893261
"cz_influenza","natural_killer_cell","FOSB","xgboost",0.792447033981503
"cz_influenza","natural_killer_cell","ETS1","xgboost",0.836959631348295
"cz_influenza","natural_killer_cell","KLF10","xgboost",0.765017516195533
"cz_influenza","natural_killer_cell","MXI1","xgboost",0.789047443834864
"cz_influenza","natural_killer_cell","ATF3","xgboost",0.782574823930206
"cz_influenza","natural_killer_cell","KLF11","xgboost",0.800927690155526
"cz_influenza","natural_killer_cell","BHLHE40","xgboost",0.818018782966227
"cz_influenza","natural_killer_cell","REL","xgboost",0.85900125178611
"cz_influenza","natural_killer_cell","FOSL1","xgboost",0.842824321180705
"cz_influenza","natural_killer_cell","POU2F2","xgboost",0.827317470878302
"cz_influenza","natural_killer_cell","KLF2","xgboost",0.779611162896534
"cz_influenza","natural_killer_cell","JUND","mars",0.764517488641029
"cz_influenza","natural_killer_cell","EGR1","mars",0.768316701178918
"cz_influenza","natural_killer_cell","RUNX3","mars",0.743981211942723
"cz_influenza","natural_killer_cell","TCF4","mars",0.679685968015109
"cz_influenza","natural_killer_cell","TCF7L2","mars",0.70329049681196
"cz_influenza","natural_killer_cell","HEY2","mars",0.681519364353875
"cz_influenza","natural_killer_cell","NFKB2","mars",0.749361388175791
"cz_influenza","natural_killer_cell","TCF7","mars",0.634001587079126
"cz_influenza","natural_killer_cell","ELF3","mars",0.691971027304365
"cz_influenza","natural_killer_cell","ZNF331","mars",0.711501667450187
"cz_influenza","natural_killer_cell","NR4A3","mars",0.646610218326611
"cz_influenza","natural_killer_cell","ID2","mars",0.667148330611501
"cz_influenza","natural_killer_cell","NFIC","mars",0.551420677101954
"cz_influenza","natural_killer_cell","JUN","mars",0.742945847113221
"cz_influenza","natural_killer_cell","TFCP2","mars",0.63933785398487
"cz_influenza","natural_killer_cell","BCL6","mars",0.784703019609886
"cz_influenza","natural_killer_cell","ZBTB14","mars",0.622573998313557
"cz_influenza","natural_killer_cell","NFATC2","mars",0.547726180274553
"cz_influenza","natural_killer_cell","CEBPD","mars",0.445083895859728
"cz_influenza","natural_killer_cell","CREM","mars",0.627435965276478
"cz_influenza","natural_killer_cell","FOS","mars",0.73224527555842
"cz_influenza","natural_killer_cell","IKZF2","mars",0.606794684966013
"cz_influenza","natural_killer_cell","FOXP4","mars",0.660473496307654
"cz_influenza","natural_killer_cell","TAF1","mars",0.479885563804403
"cz_influenza","natural_killer_cell","RELB","mars",0.631961984903718
"cz_influenza","natural_killer_cell","TFEC","mars",0.645075725636194
"cz_influenza","natural_killer_cell","ZNF683","mars",0.763136345196447
"cz_influenza","natural_killer_cell","ASCL2","mars",0.660068415265126
"cz_influenza","natural_killer_cell","CEBPB","mars",0.603307194441829
"cz_influenza","natural_killer_cell","EOMES","mars",0.470172219733513
"cz_influenza","natural_killer_cell","PPARA","mars",0.749034903874631
"cz_influenza","natural_killer_cell","MGA","mars",0.696376645722876
"cz_influenza","natural_killer_cell","ZNF281","mars",0.7345649294144
"cz_influenza","natural_killer_cell","HESX1","mars",0.657303533621903
"cz_influenza","natural_killer_cell","FOXP1","mars",0.73523886875612
"cz_influenza","natural_killer_cell","KLF3","mars",0.751408693019164
"cz_influenza","natural_killer_cell","SIX5","mars",0.612488479459854
"cz_influenza","natural_killer_cell","NFIX","mars",0.597640960481415
"cz_influenza","natural_killer_cell","E2F6","mars",0.76549604898448
"cz_influenza","natural_killer_cell","IKZF1","mars",0.622337145995458
"cz_influenza","natural_killer_cell","RFX2","mars",0.744764809444349
"cz_influenza","natural_killer_cell","NFIA","mars",0.701610102292089
"cz_influenza","natural_killer_cell","RORA","mars",0.706057133943833
"cz_influenza","natural_killer_cell","TFDP2","mars",0.659492888613688
"cz_influenza","natural_killer_cell","ITGB2","mars",0.699993093957828
"cz_influenza","natural_killer_cell","FOSL2","mars",0.747163806722529
"cz_influenza","natural_killer_cell","SMAD3","mars",0.74375201224479
"cz_influenza","natural_killer_cell","POU5F1","mars",0.770800861004202
"cz_influenza","natural_killer_cell","GATA3","mars",0.725636768505608
"cz_influenza","natural_killer_cell","SPI1","mars",0.804033992495157
"cz_influenza","natural_killer_cell","POU3F1","mars",0.684296406332319
"cz_influenza","natural_killer_cell","CUX1","mars",0.74764816616265
"cz_influenza","natural_killer_cell","RREB1","mars",0.675858068230636
"cz_influenza","natural_killer_cell","ESR2","mars",0.760461020079477
"cz_influenza","natural_killer_cell","MAFF","mars",0.759930822099614
"cz_influenza","natural_killer_cell","BDP1","mars",0.731845350110806
"cz_influenza","natural_killer_cell","MYBL1","mars",0.67944736991691
"cz_influenza","natural_killer_cell","NFE2L2","mars",0.736044185478664
"cz_influenza","natural_killer_cell","ZBTB7A","mars",0.750913178643508
"cz_influenza","natural_killer_cell","NFE2","mars",0.794817496713662
"cz_influenza","natural_killer_cell","SMAD1","mars",0.688941308565562
"cz_influenza","natural_killer_cell","PBX3","mars",0.809692101489405
"cz_influenza","natural_killer_cell","MAF","mars",0.827500362195908
"cz_influenza","natural_killer_cell","IRF9","mars",0.799941209450096
"cz_influenza","natural_killer_cell","IRF4","mars",0.816850683510311
"cz_influenza","natural_killer_cell","SPIB","mars",0.700468736892492
"cz_influenza","natural_killer_cell","BCL3","mars",0.793100023853203
"cz_influenza","natural_killer_cell","PAX9","mars",0.712356877997735
"cz_influenza","natural_killer_cell","BATF3","mars",0.751014354014917
"cz_influenza","natural_killer_cell","EGR2","mars",0.789847811443705
"cz_influenza","natural_killer_cell","FOXP3","mars",0.559225314186736
"cz_influenza","natural_killer_cell","IRF1","mars",0.798284980939444
"cz_influenza","natural_killer_cell","MBTPS2","mars",0.681015756565252
"cz_influenza","natural_killer_cell","ZBTB33","mars",0.725872714893966
"cz_influenza","natural_killer_cell","AHR","mars",0.764786260642725
"cz_influenza","natural_killer_cell","TP53","mars",0.717869487835534
"cz_influenza","natural_killer_cell","MLXIP","mars",0.728795081378275
"cz_influenza","natural_killer_cell","PURA","mars",0.750549620986823
"cz_influenza","natural_killer_cell","TAL1","mars",0.764123895277194
"cz_influenza","natural_killer_cell","NR4A1","mars",0.690968094974933
"cz_influenza","natural_killer_cell","JUNB","mars",0.747258637501102
"cz_influenza","natural_killer_cell","FOXC1","mars",0.699237287012453
"cz_influenza","natural_killer_cell","ZEB1","mars",0.692942709327444
"cz_influenza","natural_killer_cell","NFKB1","mars",0.780104743017655
"cz_influenza","natural_killer_cell","CREB1","mars",0.763298052995705
"cz_influenza","natural_killer_cell","STAT2","mars",0.816877495209916
"cz_influenza","natural_killer_cell","KLF6","mars",0.694132640411407
"cz_influenza","natural_killer_cell","NR4A2","mars",0.713723669409565
"cz_influenza","natural_killer_cell","XBP1","mars",0.713070790196622
"cz_influenza","natural_killer_cell","E2F1","mars",0.702964018041874
"cz_influenza","natural_killer_cell","KLF12","mars",0.764215234192249
"cz_influenza","natural_killer_cell","NFATC3","mars",0.724319292798998
"cz_influenza","natural_killer_cell","BCLAF1","mars",0.744404803991311
"cz_influenza","natural_killer_cell","ZBTB1","mars",0.729268276495459
"cz_influenza","natural_killer_cell","EBF3","mars",0.766844510534965
"cz_influenza","natural_killer_cell","IRF8","mars",0.772136610410714
"cz_influenza","natural_killer_cell","BCL11B","mars",0.755813923204225
"cz_influenza","natural_killer_cell","STAT1","mars",0.830207288439299
"cz_influenza","natural_killer_cell","KLF13","mars",0.703349212188229
"cz_influenza","natural_killer_cell","KLF16","mars",0.719482264036675
"cz_influenza","natural_killer_cell","HDAC2","mars",0.676937778103711
"cz_influenza","natural_killer_cell","PRDM1","mars",0.800251181682507
"cz_influenza","natural_killer_cell","PLAG1","mars",0.733869439304932
"cz_influenza","natural_killer_cell","HIC1","mars",0.701691403469781
"cz_influenza","natural_killer_cell","LYL1","mars",0.781320742773379
"cz_influenza","natural_killer_cell","FOSB","mars",0.742359489263897
"cz_influenza","natural_killer_cell","ETS1","mars",0.793359614151312
"cz_influenza","natural_killer_cell","KLF10","mars",0.696058107649287
"cz_influenza","natural_killer_cell","MXI1","mars",0.743307298436505
"cz_influenza","natural_killer_cell","ATF3","mars",0.722430533397808
"cz_influenza","natural_killer_cell","KLF11","mars",0.735058828891337
"cz_influenza","natural_killer_cell","BHLHE40","mars",0.758149506441043
"cz_influenza","natural_killer_cell","REL","mars",0.810080322701056
"cz_influenza","natural_killer_cell","FOSL1","mars",0.77968325959224
"cz_influenza","natural_killer_cell","POU2F2","mars",0.766986200635777
"cz_influenza","natural_killer_cell","KLF2","mars",0.745362068121431
"cz_influenza","natural_killer_cell","JUND","svm_rbf",0.834462719054366
"cz_influenza","natural_killer_cell","EGR1","svm_rbf",0.848899465890627
"cz_influenza","natural_killer_cell","RUNX3","svm_rbf",0.795800586254169
"cz_influenza","natural_killer_cell","TCF4","svm_rbf",0.79594685241089
"cz_influenza","natural_killer_cell","TCF7L2","svm_rbf",0.792610367035362
"cz_influenza","natural_killer_cell","HEY2","svm_rbf",0.775178847755841
"cz_influenza","natural_killer_cell","NFKB2","svm_rbf",0.809552702787736
"cz_influenza","natural_killer_cell","TCF7","svm_rbf",0.73008283031358
"cz_influenza","natural_killer_cell","ELF3","svm_rbf",0.768561090654777
"cz_influenza","natural_killer_cell","ZNF331","svm_rbf",0.791187441490796
"cz_influenza","natural_killer_cell","NR4A3","svm_rbf",0.745201129872225
"cz_influenza","natural_killer_cell","ID2","svm_rbf",0.755060474363313
"cz_influenza","natural_killer_cell","NFIC","svm_rbf",0.71299615893216
"cz_influenza","natural_killer_cell","JUN","svm_rbf",0.806550236309806
"cz_influenza","natural_killer_cell","TFCP2","svm_rbf",0.751609404921062
"cz_influenza","natural_killer_cell","BCL6","svm_rbf",0.819055079409639
"cz_influenza","natural_killer_cell","ZBTB14","svm_rbf",0.715008197132337
"cz_influenza","natural_killer_cell","NFATC2","svm_rbf",0.666792620847316
"cz_influenza","natural_killer_cell","CEBPD","svm_rbf",0.561757433012123
"cz_influenza","natural_killer_cell","CREM","svm_rbf",0.75330305950979
"cz_influenza","natural_killer_cell","FOS","svm_rbf",0.812016280772095
"cz_influenza","natural_killer_cell","IKZF2","svm_rbf",0.739863245822632
"cz_influenza","natural_killer_cell","FOXP4","svm_rbf",0.746019283720132
"cz_influenza","natural_killer_cell","TAF1","svm_rbf",0.641461964392337
"cz_influenza","natural_killer_cell","RELB","svm_rbf",0.729200192050585
"cz_influenza","natural_killer_cell","TFEC","svm_rbf",0.720533964992052
"cz_influenza","natural_killer_cell","ZNF683","svm_rbf",0.823093273385052
"cz_influenza","natural_killer_cell","ASCL2","svm_rbf",0.745826565754709
"cz_influenza","natural_killer_cell","CEBPB","svm_rbf",0.737903846798445
"cz_influenza","natural_killer_cell","EOMES","svm_rbf",0.681009649781825
"cz_influenza","natural_killer_cell","PPARA","svm_rbf",0.812690801581493
"cz_influenza","natural_killer_cell","MGA","svm_rbf",0.80275859164803
"cz_influenza","natural_killer_cell","ZNF281","svm_rbf",0.81613175164618
"cz_influenza","natural_killer_cell","HESX1","svm_rbf",0.738937758646393
"cz_influenza","natural_killer_cell","FOXP1","svm_rbf",0.81700613631409
"cz_influenza","natural_killer_cell","KLF3","svm_rbf",0.83073898783509
"cz_influenza","natural_killer_cell","SIX5","svm_rbf",0.75002210947113
"cz_influenza","natural_killer_cell","NFIX","svm_rbf",0.714588309677496
"cz_influenza","natural_killer_cell","E2F6","svm_rbf",0.833238381006532
"cz_influenza","natural_killer_cell","IKZF1","svm_rbf",0.743770695678754
"cz_influenza","natural_killer_cell","RFX2","svm_rbf",0.79713658812466
"cz_influenza","natural_killer_cell","NFIA","svm_rbf",0.801053416111562
"cz_influenza","natural_killer_cell","RORA","svm_rbf",0.785723904706789
"cz_influenza","natural_killer_cell","TFDP2","svm_rbf",0.739573152162545
"cz_influenza","natural_killer_cell","ITGB2","svm_rbf",0.757031150290369
"cz_influenza","natural_killer_cell","FOSL2","svm_rbf",0.830665497290436
"cz_influenza","natural_killer_cell","SMAD3","svm_rbf",0.819475035914584
"cz_influenza","natural_killer_cell","POU5F1","svm_rbf",0.836871478671445
"cz_influenza","natural_killer_cell","GATA3","svm_rbf",0.801159923629261
"cz_influenza","natural_killer_cell","SPI1","svm_rbf",0.874174400177818
"cz_influenza","natural_killer_cell","POU3F1","svm_rbf",0.786814647227942
"cz_influenza","natural_killer_cell","CUX1","svm_rbf",0.825751540376496
"cz_influenza","natural_killer_cell","RREB1","svm_rbf",0.805241708447554
"cz_influenza","natural_killer_cell","ESR2","svm_rbf",0.845642921167342
"cz_influenza","natural_killer_cell","MAFF","svm_rbf",0.836433225783025
"cz_influenza","natural_killer_cell","BDP1","svm_rbf",0.816197332852682
"cz_influenza","natural_killer_cell","MYBL1","svm_rbf",0.768328898865736
"cz_influenza","natural_killer_cell","NFE2L2","svm_rbf",0.8092972138785
"cz_influenza","natural_killer_cell","ZBTB7A","svm_rbf",0.842410009982004
"cz_influenza","natural_killer_cell","NFE2","svm_rbf",0.875855847533246
"cz_influenza","natural_killer_cell","SMAD1","svm_rbf",0.757625139346014
"cz_influenza","natural_killer_cell","PBX3","svm_rbf",0.849157758355309
"cz_influenza","natural_killer_cell","MAF","svm_rbf",0.873407090068041
"cz_influenza","natural_killer_cell","IRF9","svm_rbf",0.874341463835846
"cz_influenza","natural_killer_cell","IRF4","svm_rbf",0.863119849019077
"cz_influenza","natural_killer_cell","SPIB","svm_rbf",0.798419894319677
"cz_influenza","natural_killer_cell","BCL3","svm_rbf",0.85088738318277
"cz_influenza","natural_killer_cell","PAX9","svm_rbf",0.805701240925908
"cz_influenza","natural_killer_cell","BATF3","svm_rbf",0.826385206399024
"cz_influenza","natural_killer_cell","EGR2","svm_rbf",0.835783798144777
"cz_influenza","natural_killer_cell","FOXP3","svm_rbf",0.693939962096185
"cz_influenza","natural_killer_cell","IRF1","svm_rbf",0.86119614206306
"cz_influenza","natural_killer_cell","MBTPS2","svm_rbf",0.756842230465375
"cz_influenza","natural_killer_cell","ZBTB33","svm_rbf",0.81131527251844
"cz_influenza","natural_killer_cell","AHR","svm_rbf",0.847301506291367
"cz_influenza","natural_killer_cell","TP53","svm_rbf",0.795847622925316
"cz_influenza","natural_killer_cell","MLXIP","svm_rbf",0.801329343361131
"cz_influenza","natural_killer_cell","PURA","svm_rbf",0.81582791257234
"cz_influenza","natural_killer_cell","TAL1","svm_rbf",0.832179010481232
"cz_influenza","natural_killer_cell","NR4A1","svm_rbf",0.754760734686078
"cz_influenza","natural_killer_cell","JUNB","svm_rbf",0.83813109210937
"cz_influenza","natural_killer_cell","FOXC1","svm_rbf",0.795730930804312
"cz_influenza","natural_killer_cell","ZEB1","svm_rbf",0.781205379370253
"cz_influenza","natural_killer_cell","NFKB1","svm_rbf",0.836209493272897
"cz_influenza","natural_killer_cell","CREB1","svm_rbf",0.831705954681005
"cz_influenza","natural_killer_cell","STAT2","svm_rbf",0.883909502028156
"cz_influenza","natural_killer_cell","KLF6","svm_rbf",0.793367685922648
"cz_influenza","natural_killer_cell","NR4A2","svm_rbf",0.792864461625019
"cz_influenza","natural_killer_cell","XBP1","svm_rbf",0.792392539475776
"cz_influenza","natural_killer_cell","E2F1","svm_rbf",0.790012708449158
"cz_influenza","natural_killer_cell","KLF12","svm_rbf",0.83804550991458
"cz_influenza","natural_killer_cell","NFATC3","svm_rbf",0.830136478843446
"cz_influenza","natural_killer_cell","BCLAF1","svm_rbf",0.82638828263856
"cz_influenza","natural_killer_cell","ZBTB1","svm_rbf",0.818102145500544
"cz_influenza","natural_killer_cell","EBF3","svm_rbf",0.831554574995745
"cz_influenza","natural_killer_cell","IRF8","svm_rbf",0.836557389449142
"cz_influenza","natural_killer_cell","BCL11B","svm_rbf",0.818916193971287
"cz_influenza","natural_killer_cell","STAT1","svm_rbf",0.889774708599667
"cz_influenza","natural_killer_cell","KLF13","svm_rbf",0.779880233030931
"cz_influenza","natural_killer_cell","KLF16","svm_rbf",0.807084127838855
"cz_influenza","natural_killer_cell","HDAC2","svm_rbf",0.763251689246087
"cz_influenza","natural_killer_cell","PRDM1","svm_rbf",0.840052920487373
"cz_influenza","natural_killer_cell","PLAG1","svm_rbf",0.813389061982162
"cz_influenza","natural_killer_cell","HIC1","svm_rbf",0.786101967566861
"cz_influenza","natural_killer_cell","LYL1","svm_rbf",0.847505816135019
"cz_influenza","natural_killer_cell","FOSB","svm_rbf",0.803502573888277
"cz_influenza","natural_killer_cell","ETS1","svm_rbf",0.851830232526926
"cz_influenza","natural_killer_cell","KLF10","svm_rbf",0.787171365585079
"cz_influenza","natural_killer_cell","MXI1","svm_rbf",0.807762004442276
"cz_influenza","natural_killer_cell","ATF3","svm_rbf",0.807819035537386
"cz_influenza","natural_killer_cell","KLF11","svm_rbf",0.816775407829136
"cz_influenza","natural_killer_cell","BHLHE40","svm_rbf",0.814614331337471
"cz_influenza","natural_killer_cell","REL","svm_rbf",0.867356193996901
"cz_influenza","natural_killer_cell","FOSL1","svm_rbf",0.851492179561546
"cz_influenza","natural_killer_cell","POU2F2","svm_rbf",0.834017439973214
"cz_influenza","natural_killer_cell","KLF2","svm_rbf",0.798799801713578
"cz_influenza","IgG_minus_negative_class_switched_memory_B_cell","KLF2","ranger_et",0.760256474194549
"cz_influenza","IgG_minus_negative_class_switched_memory_B_cell","SPIB","ranger_et",0.657569988249049
"cz_influenza","IgG_minus_negative_class_switched_memory_B_cell","JUN","ranger_et",0.620370691706777
"cz_influenza","IgG_minus_negative_class_switched_memory_B_cell","BCL11A","ranger_et",0.774941720657167
"cz_influenza","IgG_minus_negative_class_switched_memory_B_cell","MAF","ranger_et",0.701066311207694
"cz_influenza","IgG_minus_negative_class_switched_memory_B_cell","CEBPB","ranger_et",0.754923622744629
"cz_influenza","IgG_minus_negative_class_switched_memory_B_cell","POU2F2","ranger_et",0.642337256084303
"cz_influenza","IgG_minus_negative_class_switched_memory_B_cell","CREM","ranger_et",0.518738974006008
"cz_influenza","IgG_minus_negative_class_switched_memory_B_cell","MAFB","ranger_et",0.623794858350677
"cz_influenza","IgG_minus_negative_class_switched_memory_B_cell","POLR3G","ranger_et",0.665576881906909
"cz_influenza","IgG_minus_negative_class_switched_memory_B_cell","IRF8","ranger_et",0.574781121009512
"cz_influenza","IgG_minus_negative_class_switched_memory_B_cell","KLF13","ranger_et",0.644944113481622
"cz_influenza","IgG_minus_negative_class_switched_memory_B_cell","ZBTB4","ranger_et",0.526774562231517
"cz_influenza","IgG_minus_negative_class_switched_memory_B_cell","FOXO3","ranger_et",0.403225145137497
"cz_influenza","IgG_minus_negative_class_switched_memory_B_cell","ATF5","ranger_et",0.446047554348169
"cz_influenza","IgG_minus_negative_class_switched_memory_B_cell","RARA","ranger_et",0.590285648471695
"cz_influenza","IgG_minus_negative_class_switched_memory_B_cell","BRF1","ranger_et",0.628655293937014
"cz_influenza","IgG_minus_negative_class_switched_memory_B_cell","MGA","ranger_et",0.520451387497505
"cz_influenza","IgG_minus_negative_class_switched_memory_B_cell","GABPA","ranger_et",0.561447799277106
"cz_influenza","IgG_minus_negative_class_switched_memory_B_cell","NR4A1","ranger_et",0.544147652140176
"cz_influenza","IgG_minus_negative_class_switched_memory_B_cell","GCM1","ranger_et",0.382629500708856
"cz_influenza","IgG_minus_negative_class_switched_memory_B_cell","IRF7","ranger_et",0.589967768883673
"cz_influenza","IgG_minus_negative_class_switched_memory_B_cell","STAT5B","ranger_et",0.701919355045749
"cz_influenza","IgG_minus_negative_class_switched_memory_B_cell","STAT5A","ranger_et",0.618267712338152
"cz_influenza","IgG_minus_negative_class_switched_memory_B_cell","BDP1","ranger_et",0.543676998280407
"cz_influenza","IgG_minus_negative_class_switched_memory_B_cell","NHLH1","ranger_et",0.485745101949163
"cz_influenza","IgG_minus_negative_class_switched_memory_B_cell","FOSL2","ranger_et",0.492063167777034
"cz_influenza","IgG_minus_negative_class_switched_memory_B_cell","LYL1","ranger_et",0.516080900643938
"cz_influenza","IgG_minus_negative_class_switched_memory_B_cell","ID1","ranger_et",0.43592536658645
"cz_influenza","IgG_minus_negative_class_switched_memory_B_cell","NFATC3","ranger_et",0.531855554638269
"cz_influenza","IgG_minus_negative_class_switched_memory_B_cell","ZBTB18","ranger_et",0.506630794480714
"cz_influenza","IgG_minus_negative_class_switched_memory_B_cell","TCFL5","ranger_et",0.615148376753012
"cz_influenza","IgG_minus_negative_class_switched_memory_B_cell","E4F1","ranger_et",0.572626876724103
"cz_influenza","IgG_minus_negative_class_switched_memory_B_cell","GLI1","ranger_et",0.693263786496031
"cz_influenza","IgG_minus_negative_class_switched_memory_B_cell","NR4A2","ranger_et",0.581877671652863
"cz_influenza","IgG_minus_negative_class_switched_memory_B_cell","IRF9","ranger_et",0.650068106598291
"cz_influenza","IgG_minus_negative_class_switched_memory_B_cell","BHLHE40","ranger_et",0.713446706595336
"cz_influenza","IgG_minus_negative_class_switched_memory_B_cell","ID3","ranger_et",0.572340433743429
"cz_influenza","IgG_minus_negative_class_switched_memory_B_cell","MYBL1","ranger_et",0.617979902455299
"cz_influenza","IgG_minus_negative_class_switched_memory_B_cell","BACH2","ranger_et",0.574904531001004
"cz_influenza","IgG_minus_negative_class_switched_memory_B_cell","ZNF768","ranger_et",0.657963800348542
"cz_influenza","IgG_minus_negative_class_switched_memory_B_cell","SPDEF","ranger_et",0.690556101982195
"cz_influenza","IgG_minus_negative_class_switched_memory_B_cell","ARID5A","ranger_et",0.551616188389768
"cz_influenza","IgG_minus_negative_class_switched_memory_B_cell","CXXC1","ranger_et",0.292211799482092
"cz_influenza","IgG_minus_negative_class_switched_memory_B_cell","RORA","ranger_et",0.690338105789895
"cz_influenza","IgG_minus_negative_class_switched_memory_B_cell","SMC3","ranger_et",0.707642291165545
"cz_influenza","IgG_minus_negative_class_switched_memory_B_cell","HINFP","ranger_et",0.539276202171562
"cz_influenza","IgG_minus_negative_class_switched_memory_B_cell","REL","ranger_et",0.644046548436755
"cz_influenza","IgG_minus_negative_class_switched_memory_B_cell","PURA","ranger_et",0.619134201359155
"cz_influenza","IgG_minus_negative_class_switched_memory_B_cell","ARID3B","ranger_et",0.683501353117269
"cz_influenza","IgG_minus_negative_class_switched_memory_B_cell","ZNF335","ranger_et",0.566990025242689
"cz_influenza","IgG_minus_negative_class_switched_memory_B_cell","FOXP4","ranger_et",0.619575659111814
"cz_influenza","IgG_minus_negative_class_switched_memory_B_cell","KLF6","ranger_et",0.66019103619573
"cz_influenza","IgG_minus_negative_class_switched_memory_B_cell","ARNT","ranger_et",0.49885710708126
"cz_influenza","IgG_minus_negative_class_switched_memory_B_cell","RXRA","ranger_et",0.70500496871166
"cz_influenza","IgG_minus_negative_class_switched_memory_B_cell","KLF10","ranger_et",0.550622453883091
"cz_influenza","IgG_minus_negative_class_switched_memory_B_cell","TFDP2","ranger_et",0.516996372119628
"cz_influenza","IgG_minus_negative_class_switched_memory_B_cell","KLF3","ranger_et",0.651010845473136
"cz_influenza","IgG_minus_negative_class_switched_memory_B_cell","EWSR1","ranger_et",0.520263883088896
"cz_influenza","IgG_minus_negative_class_switched_memory_B_cell","CCNT2","ranger_et",0.704893591144611
"cz_influenza","IgG_minus_negative_class_switched_memory_B_cell","KLF12","ranger_et",0.613060882984937
"cz_influenza","IgG_minus_negative_class_switched_memory_B_cell","MEF2C","ranger_et",0.64642563026505
"cz_influenza","IgG_minus_negative_class_switched_memory_B_cell","ZBTB33","ranger_et",0.679714108369082
"cz_influenza","IgG_minus_negative_class_switched_memory_B_cell","BCLAF1","ranger_et",0.679029541778797
"cz_influenza","IgG_minus_negative_class_switched_memory_B_cell","KLF5","ranger_et",0.677337526029357
"cz_influenza","IgG_minus_negative_class_switched_memory_B_cell","IRF1","ranger_et",0.787604089946452
"cz_influenza","IgG_minus_negative_class_switched_memory_B_cell","MYBL2","ranger_et",0.655344545021841
"cz_influenza","IgG_minus_negative_class_switched_memory_B_cell","E2F3","ranger_et",0.750816332946215
"cz_influenza","IgG_minus_negative_class_switched_memory_B_cell","POLR2A","ranger_et",0.725260578047813
"cz_influenza","IgG_minus_negative_class_switched_memory_B_cell","ARID3A","ranger_et",0.600831240675024
"cz_influenza","IgG_minus_negative_class_switched_memory_B_cell","PRDM1","ranger_et",0.735674248929347
"cz_influenza","IgG_minus_negative_class_switched_memory_B_cell","ELF1","ranger_et",0.721031895511194
"cz_influenza","IgG_minus_negative_class_switched_memory_B_cell","CUX1","ranger_et",0.702638046109413
"cz_influenza","IgG_minus_negative_class_switched_memory_B_cell","KLF16","ranger_et",0.575488537652554
"cz_influenza","IgG_minus_negative_class_switched_memory_B_cell","ZBTB7A","ranger_et",0.719016280382102
"cz_influenza","IgG_minus_negative_class_switched_memory_B_cell","TCF12","ranger_et",0.684249287198443
"cz_influenza","IgG_minus_negative_class_switched_memory_B_cell","EGR1","ranger_et",0.753983321797742
"cz_influenza","IgG_minus_negative_class_switched_memory_B_cell","STAT1","ranger_et",0.802203090984146
"cz_influenza","IgG_minus_negative_class_switched_memory_B_cell","RUNX1","ranger_et",0.72786426763467
"cz_influenza","IgG_minus_negative_class_switched_memory_B_cell","ZNF281","ranger_et",0.738679154737794
"cz_influenza","IgG_minus_negative_class_switched_memory_B_cell","KLF2","xgboost",0.809488069386484
"cz_influenza","IgG_minus_negative_class_switched_memory_B_cell","SPIB","xgboost",0.685689616055252
"cz_influenza","IgG_minus_negative_class_switched_memory_B_cell","JUN","xgboost",0.647567890132932
"cz_influenza","IgG_minus_negative_class_switched_memory_B_cell","BCL11A","xgboost",0.800729552387035
"cz_influenza","IgG_minus_negative_class_switched_memory_B_cell","MAF","xgboost",0.675322330159347
"cz_influenza","IgG_minus_negative_class_switched_memory_B_cell","CEBPB","xgboost",0.78909780273664
"cz_influenza","IgG_minus_negative_class_switched_memory_B_cell","POU2F2","xgboost",0.634802506804863
"cz_influenza","IgG_minus_negative_class_switched_memory_B_cell","CREM","xgboost",0.481623328545684
"cz_influenza","IgG_minus_negative_class_switched_memory_B_cell","MAFB","xgboost",0.640948234506958
"cz_influenza","IgG_minus_negative_class_switched_memory_B_cell","POLR3G","xgboost",0.667575697929072
"cz_influenza","IgG_minus_negative_class_switched_memory_B_cell","IRF8","xgboost",0.619584730543986
"cz_influenza","IgG_minus_negative_class_switched_memory_B_cell","KLF13","xgboost",0.610463307599879
"cz_influenza","IgG_minus_negative_class_switched_memory_B_cell","ZBTB4","xgboost",0.488303087720727
"cz_influenza","IgG_minus_negative_class_switched_memory_B_cell","FOXO3","xgboost",0.189638623840756
"cz_influenza","IgG_minus_negative_class_switched_memory_B_cell","ATF5","xgboost",0.471399572268878
"cz_influenza","IgG_minus_negative_class_switched_memory_B_cell","RARA","xgboost",0.579907170171909
"cz_influenza","IgG_minus_negative_class_switched_memory_B_cell","BRF1","xgboost",0.652395143827382
"cz_influenza","IgG_minus_negative_class_switched_memory_B_cell","MGA","xgboost",0.470206396922812
"cz_influenza","IgG_minus_negative_class_switched_memory_B_cell","GABPA","xgboost",0.532465700239329
"cz_influenza","IgG_minus_negative_class_switched_memory_B_cell","NR4A1","xgboost",0.516317074210036
"cz_influenza","IgG_minus_negative_class_switched_memory_B_cell","GCM1","xgboost",0.276587644260024
"cz_influenza","IgG_minus_negative_class_switched_memory_B_cell","IRF7","xgboost",0.600773003328663
"cz_influenza","IgG_minus_negative_class_switched_memory_B_cell","STAT5B","xgboost",0.727157253704714
"cz_influenza","IgG_minus_negative_class_switched_memory_B_cell","STAT5A","xgboost",0.649759481514522
"cz_influenza","IgG_minus_negative_class_switched_memory_B_cell","BDP1","xgboost",0.442216681220775
"cz_influenza","IgG_minus_negative_class_switched_memory_B_cell","NHLH1","xgboost",0.455016729223945
"cz_influenza","IgG_minus_negative_class_switched_memory_B_cell","FOSL2","xgboost",0.466354599644046
"cz_influenza","IgG_minus_negative_class_switched_memory_B_cell","LYL1","xgboost",0.481095772074081
"cz_influenza","IgG_minus_negative_class_switched_memory_B_cell","ID1","xgboost",0.282886328966583
"cz_influenza","IgG_minus_negative_class_switched_memory_B_cell","NFATC3","xgboost",0.497539526359456
"cz_influenza","IgG_minus_negative_class_switched_memory_B_cell","ZBTB18","xgboost",0.49862263943649
"cz_influenza","IgG_minus_negative_class_switched_memory_B_cell","TCFL5","xgboost",0.567339303240514
"cz_influenza","IgG_minus_negative_class_switched_memory_B_cell","E4F1","xgboost",0.467863756309004
"cz_influenza","IgG_minus_negative_class_switched_memory_B_cell","GLI1","xgboost",0.71403725029187
"cz_influenza","IgG_minus_negative_class_switched_memory_B_cell","NR4A2","xgboost",0.597029094249435
"cz_influenza","IgG_minus_negative_class_switched_memory_B_cell","IRF9","xgboost",0.68573848838205
"cz_influenza","IgG_minus_negative_class_switched_memory_B_cell","BHLHE40","xgboost",0.702757512307502
"cz_influenza","IgG_minus_negative_class_switched_memory_B_cell","ID3","xgboost",0.579915952514456
"cz_influenza","IgG_minus_negative_class_switched_memory_B_cell","MYBL1","xgboost",0.635431064592402
"cz_influenza","IgG_minus_negative_class_switched_memory_B_cell","BACH2","xgboost",0.512872988952458
"cz_influenza","IgG_minus_negative_class_switched_memory_B_cell","ZNF768","xgboost",0.663788120212855
"cz_influenza","IgG_minus_negative_class_switched_memory_B_cell","SPDEF","xgboost",0.710187157085201
"cz_influenza","IgG_minus_negative_class_switched_memory_B_cell","ARID5A","xgboost",0.456605348484244
"cz_influenza","IgG_minus_negative_class_switched_memory_B_cell","CXXC1","xgboost",-0.649802438330865
"cz_influenza","IgG_minus_negative_class_switched_memory_B_cell","RORA","xgboost",0.698707659648982
"cz_influenza","IgG_minus_negative_class_switched_memory_B_cell","SMC3","xgboost",0.732122551183442
"cz_influenza","IgG_minus_negative_class_switched_memory_B_cell","HINFP","xgboost",0.556549860482991
"cz_influenza","IgG_minus_negative_class_switched_memory_B_cell","REL","xgboost",0.671999389802118
"cz_influenza","IgG_minus_negative_class_switched_memory_B_cell","PURA","xgboost",0.612557287327726
"cz_influenza","IgG_minus_negative_class_switched_memory_B_cell","ARID3B","xgboost",0.671248007187049
"cz_influenza","IgG_minus_negative_class_switched_memory_B_cell","ZNF335","xgboost",0.554326017530441
"cz_influenza","IgG_minus_negative_class_switched_memory_B_cell","FOXP4","xgboost",0.593079092878467
"cz_influenza","IgG_minus_negative_class_switched_memory_B_cell","KLF6","xgboost",0.656733166939076
"cz_influenza","IgG_minus_negative_class_switched_memory_B_cell","ARNT","xgboost",0.454338372565454
"cz_influenza","IgG_minus_negative_class_switched_memory_B_cell","RXRA","xgboost",0.722327559810165
"cz_influenza","IgG_minus_negative_class_switched_memory_B_cell","KLF10","xgboost",0.483672187645688
"cz_influenza","IgG_minus_negative_class_switched_memory_B_cell","TFDP2","xgboost",0.469118127050234
"cz_influenza","IgG_minus_negative_class_switched_memory_B_cell","KLF3","xgboost",0.629097005368221
"cz_influenza","IgG_minus_negative_class_switched_memory_B_cell","EWSR1","xgboost",0.514174561345186
"cz_influenza","IgG_minus_negative_class_switched_memory_B_cell","CCNT2","xgboost",0.706853598571915
"cz_influenza","IgG_minus_negative_class_switched_memory_B_cell","KLF12","xgboost",0.598564707950284
"cz_influenza","IgG_minus_negative_class_switched_memory_B_cell","MEF2C","xgboost",0.713369502194611
"cz_influenza","IgG_minus_negative_class_switched_memory_B_cell","ZBTB33","xgboost",0.659662446421586
"cz_influenza","IgG_minus_negative_class_switched_memory_B_cell","BCLAF1","xgboost",0.640770666627593
"cz_influenza","IgG_minus_negative_class_switched_memory_B_cell","KLF5","xgboost",0.676382448501369
"cz_influenza","IgG_minus_negative_class_switched_memory_B_cell","IRF1","xgboost",0.804043912965595
"cz_influenza","IgG_minus_negative_class_switched_memory_B_cell","MYBL2","xgboost",0.653733041800314
"cz_influenza","IgG_minus_negative_class_switched_memory_B_cell","E2F3","xgboost",0.791190993414926
"cz_influenza","IgG_minus_negative_class_switched_memory_B_cell","POLR2A","xgboost",0.751535481979571
"cz_influenza","IgG_minus_negative_class_switched_memory_B_cell","ARID3A","xgboost",0.614405195328002
"cz_influenza","IgG_minus_negative_class_switched_memory_B_cell","PRDM1","xgboost",0.734373034752657
"cz_influenza","IgG_minus_negative_class_switched_memory_B_cell","ELF1","xgboost",0.723979044617626
"cz_influenza","IgG_minus_negative_class_switched_memory_B_cell","CUX1","xgboost",0.725691707656283
"cz_influenza","IgG_minus_negative_class_switched_memory_B_cell","KLF16","xgboost",0.513780097923007
"cz_influenza","IgG_minus_negative_class_switched_memory_B_cell","ZBTB7A","xgboost",0.720711448496394
"cz_influenza","IgG_minus_negative_class_switched_memory_B_cell","TCF12","xgboost",0.68678331670421
"cz_influenza","IgG_minus_negative_class_switched_memory_B_cell","EGR1","xgboost",0.785240648225879
"cz_influenza","IgG_minus_negative_class_switched_memory_B_cell","STAT1","xgboost",0.834863297083157
"cz_influenza","IgG_minus_negative_class_switched_memory_B_cell","RUNX1","xgboost",0.751016720702164
"cz_influenza","IgG_minus_negative_class_switched_memory_B_cell","ZNF281","xgboost",0.740868910594882
"cz_influenza","IgG_minus_negative_class_switched_memory_B_cell","KLF2","mars",0.706506947977242
"cz_influenza","IgG_minus_negative_class_switched_memory_B_cell","SPIB","mars",0.625904361374609
"cz_influenza","IgG_minus_negative_class_switched_memory_B_cell","JUN","mars",0.454641076782085
"cz_influenza","IgG_minus_negative_class_switched_memory_B_cell","BCL11A","mars",0.822146028115183
"cz_influenza","IgG_minus_negative_class_switched_memory_B_cell","MAF","mars",0.436447203986871
"cz_influenza","IgG_minus_negative_class_switched_memory_B_cell","CEBPB","mars",0.713496594473433
"cz_influenza","IgG_minus_negative_class_switched_memory_B_cell","POU2F2","mars",0.577703515621587
"cz_influenza","IgG_minus_negative_class_switched_memory_B_cell","CREM","mars",0.380546297999666
"cz_influenza","IgG_minus_negative_class_switched_memory_B_cell","MAFB","mars",0.438529657682063
"cz_influenza","IgG_minus_negative_class_switched_memory_B_cell","POLR3G","mars",0.480254905153828
"cz_influenza","IgG_minus_negative_class_switched_memory_B_cell","IRF8","mars",0.408220976290401
"cz_influenza","IgG_minus_negative_class_switched_memory_B_cell","KLF13","mars",0.515102625335972
"cz_influenza","IgG_minus_negative_class_switched_memory_B_cell","ZBTB4","mars",0.322310724205301
"cz_influenza","IgG_minus_negative_class_switched_memory_B_cell","FOXO3","mars",-0.0966101790486844
"cz_influenza","IgG_minus_negative_class_switched_memory_B_cell","ATF5","mars",0.43775949914615
"cz_influenza","IgG_minus_negative_class_switched_memory_B_cell","RARA","mars",0.322743210427135
"cz_influenza","IgG_minus_negative_class_switched_memory_B_cell","BRF1","mars",0.478665767130435
"cz_influenza","IgG_minus_negative_class_switched_memory_B_cell","MGA","mars",0.349556797480345
"cz_influenza","IgG_minus_negative_class_switched_memory_B_cell","GABPA","mars",0.331103063302866
"cz_influenza","IgG_minus_negative_class_switched_memory_B_cell","NR4A1","mars",0.388492273360372
"cz_influenza","IgG_minus_negative_class_switched_memory_B_cell","GCM1","mars",0.278938634830236
"cz_influenza","IgG_minus_negative_class_switched_memory_B_cell","IRF7","mars",0.248663687331712
"cz_influenza","IgG_minus_negative_class_switched_memory_B_cell","STAT5B","mars",0.608086007216421
"cz_influenza","IgG_minus_negative_class_switched_memory_B_cell","STAT5A","mars",0.555934166433094
"cz_influenza","IgG_minus_negative_class_switched_memory_B_cell","BDP1","mars",0.276567913108879
"cz_influenza","IgG_minus_negative_class_switched_memory_B_cell","NHLH1","mars",0.360202192661792
"cz_influenza","IgG_minus_negative_class_switched_memory_B_cell","FOSL2","mars",0.313195496084966
"cz_influenza","IgG_minus_negative_class_switched_memory_B_cell","LYL1","mars",0.308983009774297
"cz_influenza","IgG_minus_negative_class_switched_memory_B_cell","ID1","mars",0.0764761103242798
"cz_influenza","IgG_minus_negative_class_switched_memory_B_cell","NFATC3","mars",0.476043877056843
"cz_influenza","IgG_minus_negative_class_switched_memory_B_cell","ZBTB18","mars",0.399332679632949
"cz_influenza","IgG_minus_negative_class_switched_memory_B_cell","TCFL5","mars",0.433735810156754
"cz_influenza","IgG_minus_negative_class_switched_memory_B_cell","E4F1","mars",0.375990944062235
"cz_influenza","IgG_minus_negative_class_switched_memory_B_cell","GLI1","mars",0.631940482710034
"cz_influenza","IgG_minus_negative_class_switched_memory_B_cell","NR4A2","mars",0.366017840872821
"cz_influenza","IgG_minus_negative_class_switched_memory_B_cell","IRF9","mars",0.310106910247704
"cz_influenza","IgG_minus_negative_class_switched_memory_B_cell","BHLHE40","mars",0.644995656856078
"cz_influenza","IgG_minus_negative_class_switched_memory_B_cell","ID3","mars",0.297406241916957
"cz_influenza","IgG_minus_negative_class_switched_memory_B_cell","MYBL1","mars",0.430148375625957
"cz_influenza","IgG_minus_negative_class_switched_memory_B_cell","BACH2","mars",-0.292179340910597
"cz_influenza","IgG_minus_negative_class_switched_memory_B_cell","ZNF768","mars",0.588616554748465
"cz_influenza","IgG_minus_negative_class_switched_memory_B_cell","SPDEF","mars",0.619886673056692
"cz_influenza","IgG_minus_negative_class_switched_memory_B_cell","ARID5A","mars",0.39577796245678
"cz_influenza","IgG_minus_negative_class_switched_memory_B_cell","CXXC1","mars",0.0518583116717133
"cz_influenza","IgG_minus_negative_class_switched_memory_B_cell","RORA","mars",0.573959815385288
"cz_influenza","IgG_minus_negative_class_switched_memory_B_cell","SMC3","mars",0.679759701752716
"cz_influenza","IgG_minus_negative_class_switched_memory_B_cell","HINFP","mars",0.384146564406456
"cz_influenza","IgG_minus_negative_class_switched_memory_B_cell","REL","mars",0.557051386690134
"cz_influenza","IgG_minus_negative_class_switched_memory_B_cell","PURA","mars",0.46391935167468
"cz_influenza","IgG_minus_negative_class_switched_memory_B_cell","ARID3B","mars",0.620697260003684
"cz_influenza","IgG_minus_negative_class_switched_memory_B_cell","ZNF335","mars",-0.698070774043511
"cz_influenza","IgG_minus_negative_class_switched_memory_B_cell","FOXP4","mars",0.473656881328411
"cz_influenza","IgG_minus_negative_class_switched_memory_B_cell","KLF6","mars",0.486407560153322
"cz_influenza","IgG_minus_negative_class_switched_memory_B_cell","ARNT","mars",0.149083395509269
"cz_influenza","IgG_minus_negative_class_switched_memory_B_cell","RXRA","mars",0.635566427086254
"cz_influenza","IgG_minus_negative_class_switched_memory_B_cell","KLF10","mars",0.010269684907066
"cz_influenza","IgG_minus_negative_class_switched_memory_B_cell","TFDP2","mars",0.219452545098266
"cz_influenza","IgG_minus_negative_class_switched_memory_B_cell","KLF3","mars",0.506552477292662
"cz_influenza","IgG_minus_negative_class_switched_memory_B_cell","EWSR1","mars",0.397917387493777
"cz_influenza","IgG_minus_negative_class_switched_memory_B_cell","CCNT2","mars",0.614141111757337
"cz_influenza","IgG_minus_negative_class_switched_memory_B_cell","KLF12","mars",0.48810743800878
"cz_influenza","IgG_minus_negative_class_switched_memory_B_cell","MEF2C","mars",0.500254700500293
"cz_influenza","IgG_minus_negative_class_switched_memory_B_cell","ZBTB33","mars",0.531933758088452
"cz_influenza","IgG_minus_negative_class_switched_memory_B_cell","BCLAF1","mars",0.580957839355015
"cz_influenza","IgG_minus_negative_class_switched_memory_B_cell","KLF5","mars",0.492119068292557
"cz_influenza","IgG_minus_negative_class_switched_memory_B_cell","IRF1","mars",-0.176250555095654
"cz_influenza","IgG_minus_negative_class_switched_memory_B_cell","MYBL2","mars",0.618108166564105
"cz_influenza","IgG_minus_negative_class_switched_memory_B_cell","E2F3","mars",0.736793949753375
"cz_influenza","IgG_minus_negative_class_switched_memory_B_cell","POLR2A","mars",0.47635311102627
"cz_influenza","IgG_minus_negative_class_switched_memory_B_cell","ARID3A","mars",0.460533489550949
"cz_influenza","IgG_minus_negative_class_switched_memory_B_cell","PRDM1","mars",0.706331033301392
"cz_influenza","IgG_minus_negative_class_switched_memory_B_cell","ELF1","mars",0.65837284975
"cz_influenza","IgG_minus_negative_class_switched_memory_B_cell","CUX1","mars",-4.26103966709728
"cz_influenza","IgG_minus_negative_class_switched_memory_B_cell","KLF16","mars",0.242560727100921
"cz_influenza","IgG_minus_negative_class_switched_memory_B_cell","ZBTB7A","mars",0.637943074685176
"cz_influenza","IgG_minus_negative_class_switched_memory_B_cell","TCF12","mars",0.563956152051099
"cz_influenza","IgG_minus_negative_class_switched_memory_B_cell","EGR1","mars",0.737864300627258
"cz_influenza","IgG_minus_negative_class_switched_memory_B_cell","STAT1","mars",0.780317230223363
"cz_influenza","IgG_minus_negative_class_switched_memory_B_cell","RUNX1","mars",0.665245749612362
"cz_influenza","IgG_minus_negative_class_switched_memory_B_cell","ZNF281","mars",0.620960353861276
"cz_influenza","IgG_minus_negative_class_switched_memory_B_cell","KLF2","svm_rbf",0.789954431287483
"cz_influenza","IgG_minus_negative_class_switched_memory_B_cell","SPIB","svm_rbf",0.666499265235031
"cz_influenza","IgG_minus_negative_class_switched_memory_B_cell","JUN","svm_rbf",0.653316380928772
"cz_influenza","IgG_minus_negative_class_switched_memory_B_cell","BCL11A","svm_rbf",0.788111664984774
"cz_influenza","IgG_minus_negative_class_switched_memory_B_cell","MAF","svm_rbf",0.690939724616649
"cz_influenza","IgG_minus_negative_class_switched_memory_B_cell","CEBPB","svm_rbf",0.77079345843343
"cz_influenza","IgG_minus_negative_class_switched_memory_B_cell","POU2F2","svm_rbf",0.671182685279124
"cz_influenza","IgG_minus_negative_class_switched_memory_B_cell","CREM","svm_rbf",0.493691716502478
"cz_influenza","IgG_minus_negative_class_switched_memory_B_cell","MAFB","svm_rbf",0.634477813299252
"cz_influenza","IgG_minus_negative_class_switched_memory_B_cell","POLR3G","svm_rbf",0.672364626323446
"cz_influenza","IgG_minus_negative_class_switched_memory_B_cell","IRF8","svm_rbf",0.574244727972055
"cz_influenza","IgG_minus_negative_class_switched_memory_B_cell","KLF13","svm_rbf",0.626615692586425
"cz_influenza","IgG_minus_negative_class_switched_memory_B_cell","ZBTB4","svm_rbf",0.488024794107744
"cz_influenza","IgG_minus_negative_class_switched_memory_B_cell","FOXO3","svm_rbf",0.378984537435441
"cz_influenza","IgG_minus_negative_class_switched_memory_B_cell","ATF5","svm_rbf",0.466766664667176
"cz_influenza","IgG_minus_negative_class_switched_memory_B_cell","RARA","svm_rbf",0.604309383855649
"cz_influenza","IgG_minus_negative_class_switched_memory_B_cell","BRF1","svm_rbf",0.659256369531229
"cz_influenza","IgG_minus_negative_class_switched_memory_B_cell","MGA","svm_rbf",0.450195777326264
"cz_influenza","IgG_minus_negative_class_switched_memory_B_cell","GABPA","svm_rbf",0.59330761390414
"cz_influenza","IgG_minus_negative_class_switched_memory_B_cell","NR4A1","svm_rbf",0.461331025113706
"cz_influenza","IgG_minus_negative_class_switched_memory_B_cell","GCM1","svm_rbf",0.331559884389738
"cz_influenza","IgG_minus_negative_class_switched_memory_B_cell","IRF7","svm_rbf",0.58020106702387
"cz_influenza","IgG_minus_negative_class_switched_memory_B_cell","STAT5B","svm_rbf",0.687547001282624
"cz_influenza","IgG_minus_negative_class_switched_memory_B_cell","STAT5A","svm_rbf",0.618990644475063
"cz_influenza","IgG_minus_negative_class_switched_memory_B_cell","BDP1","svm_rbf",0.509024823730095
"cz_influenza","IgG_minus_negative_class_switched_memory_B_cell","NHLH1","svm_rbf",0.522247695211676
"cz_influenza","IgG_minus_negative_class_switched_memory_B_cell","FOSL2","svm_rbf",0.498929890565572
"cz_influenza","IgG_minus_negative_class_switched_memory_B_cell","LYL1","svm_rbf",0.532113359021557
"cz_influenza","IgG_minus_negative_class_switched_memory_B_cell","ID1","svm_rbf",0.379596605241851
"cz_influenza","IgG_minus_negative_class_switched_memory_B_cell","NFATC3","svm_rbf",0.505718876588162
"cz_influenza","IgG_minus_negative_class_switched_memory_B_cell","ZBTB18","svm_rbf",0.511733309551929
"cz_influenza","IgG_minus_negative_class_switched_memory_B_cell","TCFL5","svm_rbf",0.550195753414292
"cz_influenza","IgG_minus_negative_class_switched_memory_B_cell","E4F1","svm_rbf",0.551850207415176
"cz_influenza","IgG_minus_negative_class_switched_memory_B_cell","GLI1","svm_rbf",0.665645881829028
"cz_influenza","IgG_minus_negative_class_switched_memory_B_cell","NR4A2","svm_rbf",0.596580755742609
"cz_influenza","IgG_minus_negative_class_switched_memory_B_cell","IRF9","svm_rbf",0.695542650396577
"cz_influenza","IgG_minus_negative_class_switched_memory_B_cell","BHLHE40","svm_rbf",0.684796162479473
"cz_influenza","IgG_minus_negative_class_switched_memory_B_cell","ID3","svm_rbf",0.584377160000715
"cz_influenza","IgG_minus_negative_class_switched_memory_B_cell","MYBL1","svm_rbf",0.602483878218727
"cz_influenza","IgG_minus_negative_class_switched_memory_B_cell","BACH2","svm_rbf",0.532347492996137
"cz_influenza","IgG_minus_negative_class_switched_memory_B_cell","ZNF768","svm_rbf",0.681690526106845
"cz_influenza","IgG_minus_negative_class_switched_memory_B_cell","SPDEF","svm_rbf",0.67758828514191
"cz_influenza","IgG_minus_negative_class_switched_memory_B_cell","ARID5A","svm_rbf",0.490353851287216
"cz_influenza","IgG_minus_negative_class_switched_memory_B_cell","CXXC1","svm_rbf",0.308206199012212
"cz_influenza","IgG_minus_negative_class_switched_memory_B_cell","RORA","svm_rbf",0.683392880883713
"cz_influenza","IgG_minus_negative_class_switched_memory_B_cell","SMC3","svm_rbf",0.737272987737197
"cz_influenza","IgG_minus_negative_class_switched_memory_B_cell","HINFP","svm_rbf",0.533350077225458
"cz_influenza","IgG_minus_negative_class_switched_memory_B_cell","REL","svm_rbf",0.63859660379787
"cz_influenza","IgG_minus_negative_class_switched_memory_B_cell","PURA","svm_rbf",0.624673235333078
"cz_influenza","IgG_minus_negative_class_switched_memory_B_cell","ARID3B","svm_rbf",0.698601203559088
"cz_influenza","IgG_minus_negative_class_switched_memory_B_cell","ZNF335","svm_rbf",0.503568184001866
"cz_influenza","IgG_minus_negative_class_switched_memory_B_cell","FOXP4","svm_rbf",0.638503706835804
"cz_influenza","IgG_minus_negative_class_switched_memory_B_cell","KLF6","svm_rbf",0.639132350405266
"cz_influenza","IgG_minus_negative_class_switched_memory_B_cell","ARNT","svm_rbf",0.464368610493792
"cz_influenza","IgG_minus_negative_class_switched_memory_B_cell","RXRA","svm_rbf",0.680696563529567
"cz_influenza","IgG_minus_negative_class_switched_memory_B_cell","KLF10","svm_rbf",0.510331657982326
"cz_influenza","IgG_minus_negative_class_switched_memory_B_cell","TFDP2","svm_rbf",0.458749094288373
"cz_influenza","IgG_minus_negative_class_switched_memory_B_cell","KLF3","svm_rbf",0.669902775048859
"cz_influenza","IgG_minus_negative_class_switched_memory_B_cell","EWSR1","svm_rbf",0.509322253160028
"cz_influenza","IgG_minus_negative_class_switched_memory_B_cell","CCNT2","svm_rbf",0.727116280720876
"cz_influenza","IgG_minus_negative_class_switched_memory_B_cell","KLF12","svm_rbf",0.563757636204702
"cz_influenza","IgG_minus_negative_class_switched_memory_B_cell","MEF2C","svm_rbf",0.66771253368038
"cz_influenza","IgG_minus_negative_class_switched_memory_B_cell","ZBTB33","svm_rbf",0.648972629808825
"cz_influenza","IgG_minus_negative_class_switched_memory_B_cell","BCLAF1","svm_rbf",0.677765246527338
"cz_influenza","IgG_minus_negative_class_switched_memory_B_cell","KLF5","svm_rbf",0.649115994685594
"cz_influenza","IgG_minus_negative_class_switched_memory_B_cell","IRF1","svm_rbf",0.788065807313134
"cz_influenza","IgG_minus_negative_class_switched_memory_B_cell","MYBL2","svm_rbf",0.638383029624721
"cz_influenza","IgG_minus_negative_class_switched_memory_B_cell","E2F3","svm_rbf",0.748362109367248
"cz_influenza","IgG_minus_negative_class_switched_memory_B_cell","POLR2A","svm_rbf",0.725846361082113
"cz_influenza","IgG_minus_negative_class_switched_memory_B_cell","ARID3A","svm_rbf",0.606858830916648
"cz_influenza","IgG_minus_negative_class_switched_memory_B_cell","PRDM1","svm_rbf",0.7463275116853
"cz_influenza","IgG_minus_negative_class_switched_memory_B_cell","ELF1","svm_rbf",0.72335667517832
"cz_influenza","IgG_minus_negative_class_switched_memory_B_cell","CUX1","svm_rbf",0.668018925338249
"cz_influenza","IgG_minus_negative_class_switched_memory_B_cell","KLF16","svm_rbf",0.57368529763777
"cz_influenza","IgG_minus_negative_class_switched_memory_B_cell","ZBTB7A","svm_rbf",0.732152648264821
"cz_influenza","IgG_minus_negative_class_switched_memory_B_cell","TCF12","svm_rbf",0.657675665236066
"cz_influenza","IgG_minus_negative_class_switched_memory_B_cell","EGR1","svm_rbf",0.753560512580205
"cz_influenza","IgG_minus_negative_class_switched_memory_B_cell","STAT1","svm_rbf",0.803973178969066
"cz_influenza","IgG_minus_negative_class_switched_memory_B_cell","RUNX1","svm_rbf",0.729715475458215
"cz_influenza","IgG_minus_negative_class_switched_memory_B_cell","ZNF281","svm_rbf",0.754629283202386
"cz_influenza","effector_CD8_minus_positive_comma_alpha_minus_beta_T_cell","JUND","ranger_et",0.863338151342452
"cz_influenza","effector_CD8_minus_positive_comma_alpha_minus_beta_T_cell","BHLHE40","ranger_et",0.809884137748184
"cz_influenza","effector_CD8_minus_positive_comma_alpha_minus_beta_T_cell","MAFF","ranger_et",0.779836146117982
"cz_influenza","effector_CD8_minus_positive_comma_alpha_minus_beta_T_cell","FOS","ranger_et",0.775251690661542
"cz_influenza","effector_CD8_minus_positive_comma_alpha_minus_beta_T_cell","ERF","ranger_et",0.839555748686606
"cz_influenza","effector_CD8_minus_positive_comma_alpha_minus_beta_T_cell","ZBTB14","ranger_et",0.819254852531682
"cz_influenza","effector_CD8_minus_positive_comma_alpha_minus_beta_T_cell","ETS2","ranger_et",0.838938580600987
"cz_influenza","effector_CD8_minus_positive_comma_alpha_minus_beta_T_cell","BCLAF1","ranger_et",0.824860399490931
"cz_influenza","effector_CD8_minus_positive_comma_alpha_minus_beta_T_cell","CREM","ranger_et",0.81292236578892
"cz_influenza","effector_CD8_minus_positive_comma_alpha_minus_beta_T_cell","FOSL2","ranger_et",0.809401588257164
"cz_influenza","effector_CD8_minus_positive_comma_alpha_minus_beta_T_cell","RUNX3","ranger_et",0.804820638613596
"cz_influenza","effector_CD8_minus_positive_comma_alpha_minus_beta_T_cell","NFE2L2","ranger_et",0.796897202116416
"cz_influenza","effector_CD8_minus_positive_comma_alpha_minus_beta_T_cell","ETV3","ranger_et",0.82908214487316
"cz_influenza","effector_CD8_minus_positive_comma_alpha_minus_beta_T_cell","E2F5","ranger_et",0.82369832882409
"cz_influenza","effector_CD8_minus_positive_comma_alpha_minus_beta_T_cell","CEBPZ","ranger_et",0.792654135125478
"cz_influenza","effector_CD8_minus_positive_comma_alpha_minus_beta_T_cell","TCF4","ranger_et",0.777076918693401
"cz_influenza","effector_CD8_minus_positive_comma_alpha_minus_beta_T_cell","NFIL3","ranger_et",0.759421714073052
"cz_influenza","effector_CD8_minus_positive_comma_alpha_minus_beta_T_cell","SMAD2","ranger_et",0.717518895455955
"cz_influenza","effector_CD8_minus_positive_comma_alpha_minus_beta_T_cell","ZNF770","ranger_et",0.774642965588122
"cz_influenza","effector_CD8_minus_positive_comma_alpha_minus_beta_T_cell","EPAS1","ranger_et",0.677602066941808
"cz_influenza","effector_CD8_minus_positive_comma_alpha_minus_beta_T_cell","ARID5A","ranger_et",0.810120742806629
"cz_influenza","effector_CD8_minus_positive_comma_alpha_minus_beta_T_cell","RORA","ranger_et",0.737461109643669
"cz_influenza","effector_CD8_minus_positive_comma_alpha_minus_beta_T_cell","SCX","ranger_et",0.801605630107735
"cz_influenza","effector_CD8_minus_positive_comma_alpha_minus_beta_T_cell","CEBPD","ranger_et",0.695409829543296
"cz_influenza","effector_CD8_minus_positive_comma_alpha_minus_beta_T_cell","MLXIP","ranger_et",0.776311112653562
"cz_influenza","effector_CD8_minus_positive_comma_alpha_minus_beta_T_cell","TCF7","ranger_et",0.812007467554696
"cz_influenza","effector_CD8_minus_positive_comma_alpha_minus_beta_T_cell","IKZF3","ranger_et",0.767076014769689
"cz_influenza","effector_CD8_minus_positive_comma_alpha_minus_beta_T_cell","NFYB","ranger_et",0.816794575913976
"cz_influenza","effector_CD8_minus_positive_comma_alpha_minus_beta_T_cell","CREB3","ranger_et",0.780190421961995
"cz_influenza","effector_CD8_minus_positive_comma_alpha_minus_beta_T_cell","POU3F1","ranger_et",0.75967094772631
"cz_influenza","effector_CD8_minus_positive_comma_alpha_minus_beta_T_cell","ATF5","ranger_et",0.789766774489804
"cz_influenza","effector_CD8_minus_positive_comma_alpha_minus_beta_T_cell","NR1H3","ranger_et",0.787080308162578
"cz_influenza","effector_CD8_minus_positive_comma_alpha_minus_beta_T_cell","IKZF1","ranger_et",0.813035967311124
"cz_influenza","effector_CD8_minus_positive_comma_alpha_minus_beta_T_cell","ZBTB16","ranger_et",0.785661742204303
"cz_influenza","effector_CD8_minus_positive_comma_alpha_minus_beta_T_cell","TFCP2L1","ranger_et",0.812604901894933
"cz_influenza","effector_CD8_minus_positive_comma_alpha_minus_beta_T_cell","SMARCA5","ranger_et",0.827911490216701
"cz_influenza","effector_CD8_minus_positive_comma_alpha_minus_beta_T_cell","ZFY","ranger_et",0.817678246589943
"cz_influenza","effector_CD8_minus_positive_comma_alpha_minus_beta_T_cell","RFX5","ranger_et",0.814937288253572
"cz_influenza","effector_CD8_minus_positive_comma_alpha_minus_beta_T_cell","GFI1","ranger_et",0.840521295180715
"cz_influenza","effector_CD8_minus_positive_comma_alpha_minus_beta_T_cell","WRNIP1","ranger_et",0.85184224341269
"cz_influenza","effector_CD8_minus_positive_comma_alpha_minus_beta_T_cell","HOXA9","ranger_et",0.821956939506661
"cz_influenza","effector_CD8_minus_positive_comma_alpha_minus_beta_T_cell","RELB","ranger_et",0.806566613679538
"cz_influenza","effector_CD8_minus_positive_comma_alpha_minus_beta_T_cell","CUX1","ranger_et",0.812202291250806
"cz_influenza","effector_CD8_minus_positive_comma_alpha_minus_beta_T_cell","CREB3L3","ranger_et",0.796825685304274
"cz_influenza","effector_CD8_minus_positive_comma_alpha_minus_beta_T_cell","EOMES","ranger_et",0.774774032552808
"cz_influenza","effector_CD8_minus_positive_comma_alpha_minus_beta_T_cell","TFDP2","ranger_et",0.825346599159419
"cz_influenza","effector_CD8_minus_positive_comma_alpha_minus_beta_T_cell","MAFG","ranger_et",0.870386764929444
"cz_influenza","effector_CD8_minus_positive_comma_alpha_minus_beta_T_cell","ITGB2","ranger_et",0.837629604158333
"cz_influenza","effector_CD8_minus_positive_comma_alpha_minus_beta_T_cell","IKZF2","ranger_et",0.830216589600827
"cz_influenza","effector_CD8_minus_positive_comma_alpha_minus_beta_T_cell","ZNF384","ranger_et",0.834700007792754
"cz_influenza","effector_CD8_minus_positive_comma_alpha_minus_beta_T_cell","SP100","ranger_et",0.833432657559913
"cz_influenza","effector_CD8_minus_positive_comma_alpha_minus_beta_T_cell","AHR","ranger_et",0.851142896909679
"cz_influenza","effector_CD8_minus_positive_comma_alpha_minus_beta_T_cell","ATF4","ranger_et",0.822024124677897
"cz_influenza","effector_CD8_minus_positive_comma_alpha_minus_beta_T_cell","JUNB","ranger_et",0.816772030001795
"cz_influenza","effector_CD8_minus_positive_comma_alpha_minus_beta_T_cell","ID2","ranger_et",0.824576833615595
"cz_influenza","effector_CD8_minus_positive_comma_alpha_minus_beta_T_cell","XBP1","ranger_et",0.824536100698794
"cz_influenza","effector_CD8_minus_positive_comma_alpha_minus_beta_T_cell","MYBL1","ranger_et",0.848847370707553
"cz_influenza","effector_CD8_minus_positive_comma_alpha_minus_beta_T_cell","RFX3","ranger_et",0.84823165470431
"cz_influenza","effector_CD8_minus_positive_comma_alpha_minus_beta_T_cell","ENO1","ranger_et",0.835881616825891
"cz_influenza","effector_CD8_minus_positive_comma_alpha_minus_beta_T_cell","MYEF2","ranger_et",0.845906707842798
"cz_influenza","effector_CD8_minus_positive_comma_alpha_minus_beta_T_cell","ZNF683","ranger_et",0.835955813648408
"cz_influenza","effector_CD8_minus_positive_comma_alpha_minus_beta_T_cell","ID3","ranger_et",0.848123823894994
"cz_influenza","effector_CD8_minus_positive_comma_alpha_minus_beta_T_cell","ETV1","ranger_et",0.831950730994456
"cz_influenza","effector_CD8_minus_positive_comma_alpha_minus_beta_T_cell","FOXP1","ranger_et",0.84276761757173
"cz_influenza","effector_CD8_minus_positive_comma_alpha_minus_beta_T_cell","NR1H2","ranger_et",0.825860882256103
"cz_influenza","effector_CD8_minus_positive_comma_alpha_minus_beta_T_cell","NFKB2","ranger_et",0.83045911205234
"cz_influenza","effector_CD8_minus_positive_comma_alpha_minus_beta_T_cell","RARG","ranger_et",0.809183929141492
"cz_influenza","effector_CD8_minus_positive_comma_alpha_minus_beta_T_cell","POU2F2","ranger_et",0.830394351318705
"cz_influenza","effector_CD8_minus_positive_comma_alpha_minus_beta_T_cell","KLF2","ranger_et",0.824621025794935
"cz_influenza","effector_CD8_minus_positive_comma_alpha_minus_beta_T_cell","GATA3","ranger_et",0.831221678072794
"cz_influenza","effector_CD8_minus_positive_comma_alpha_minus_beta_T_cell","E2F3","ranger_et",0.825137462157241
"cz_influenza","effector_CD8_minus_positive_comma_alpha_minus_beta_T_cell","POU2F1","ranger_et",0.85625556505919
"cz_influenza","effector_CD8_minus_positive_comma_alpha_minus_beta_T_cell","MYC","ranger_et",0.835976743840064
"cz_influenza","effector_CD8_minus_positive_comma_alpha_minus_beta_T_cell","NR4A2","ranger_et",0.822667439634961
"cz_influenza","effector_CD8_minus_positive_comma_alpha_minus_beta_T_cell","ID1","ranger_et",0.859044640792754
"cz_influenza","effector_CD8_minus_positive_comma_alpha_minus_beta_T_cell","BCL11B","ranger_et",0.852532986769574
"cz_influenza","effector_CD8_minus_positive_comma_alpha_minus_beta_T_cell","IRF8","ranger_et",0.847939318436444
"cz_influenza","effector_CD8_minus_positive_comma_alpha_minus_beta_T_cell","PAX5","ranger_et",0.847697962529262
"cz_influenza","effector_CD8_minus_positive_comma_alpha_minus_beta_T_cell","RREB1","ranger_et",0.860666768948086
"cz_influenza","effector_CD8_minus_positive_comma_alpha_minus_beta_T_cell","ZNF331","ranger_et",0.833032872009763
"cz_influenza","effector_CD8_minus_positive_comma_alpha_minus_beta_T_cell","KLF11","ranger_et",0.831724995759386
"cz_influenza","effector_CD8_minus_positive_comma_alpha_minus_beta_T_cell","FOSB","ranger_et",0.85178014184673
"cz_influenza","effector_CD8_minus_positive_comma_alpha_minus_beta_T_cell","FOXN3","ranger_et",0.860284552455732
"cz_influenza","effector_CD8_minus_positive_comma_alpha_minus_beta_T_cell","IRF9","ranger_et",0.86359729052977
"cz_influenza","effector_CD8_minus_positive_comma_alpha_minus_beta_T_cell","LYL1","ranger_et",0.852767811212652
"cz_influenza","effector_CD8_minus_positive_comma_alpha_minus_beta_T_cell","CREB1","ranger_et",0.835137585255215
"cz_influenza","effector_CD8_minus_positive_comma_alpha_minus_beta_T_cell","NR2C2","ranger_et",0.861009654060577
"cz_influenza","effector_CD8_minus_positive_comma_alpha_minus_beta_T_cell","ZBTB1","ranger_et",0.84084716942508
"cz_influenza","effector_CD8_minus_positive_comma_alpha_minus_beta_T_cell","FOXD2","ranger_et",0.848410015262274
"cz_influenza","effector_CD8_minus_positive_comma_alpha_minus_beta_T_cell","BCL6","ranger_et",0.854567324348081
"cz_influenza","effector_CD8_minus_positive_comma_alpha_minus_beta_T_cell","MXI1","ranger_et",0.849258303592167
"cz_influenza","effector_CD8_minus_positive_comma_alpha_minus_beta_T_cell","JUN","ranger_et",0.847736392875014
"cz_influenza","effector_CD8_minus_positive_comma_alpha_minus_beta_T_cell","BDP1","ranger_et",0.859814433455975
"cz_influenza","effector_CD8_minus_positive_comma_alpha_minus_beta_T_cell","NR3C1","ranger_et",0.8582074771138
"cz_influenza","effector_CD8_minus_positive_comma_alpha_minus_beta_T_cell","CEBPB","ranger_et",0.843660657795909
"cz_influenza","effector_CD8_minus_positive_comma_alpha_minus_beta_T_cell","KLF6","ranger_et",0.841130412018159
"cz_influenza","effector_CD8_minus_positive_comma_alpha_minus_beta_T_cell","IRF3","ranger_et",0.855117486091273
"cz_influenza","effector_CD8_minus_positive_comma_alpha_minus_beta_T_cell","RAD21","ranger_et",0.859174946249595
"cz_influenza","effector_CD8_minus_positive_comma_alpha_minus_beta_T_cell","FLI1","ranger_et",0.853812175017605
"cz_influenza","effector_CD8_minus_positive_comma_alpha_minus_beta_T_cell","MAF","ranger_et",0.864422342287609
"cz_influenza","effector_CD8_minus_positive_comma_alpha_minus_beta_T_cell","THAP1","ranger_et",0.855141600896426
"cz_influenza","effector_CD8_minus_positive_comma_alpha_minus_beta_T_cell","ETV7","ranger_et",0.865213098060786
"cz_influenza","effector_CD8_minus_positive_comma_alpha_minus_beta_T_cell","BCL3","ranger_et",0.850592084701918
"cz_influenza","effector_CD8_minus_positive_comma_alpha_minus_beta_T_cell","REL","ranger_et",0.836200469651068
"cz_influenza","effector_CD8_minus_positive_comma_alpha_minus_beta_T_cell","STAT3","ranger_et",0.868189414659287
"cz_influenza","effector_CD8_minus_positive_comma_alpha_minus_beta_T_cell","ETV2","ranger_et",0.854772090844181
"cz_influenza","effector_CD8_minus_positive_comma_alpha_minus_beta_T_cell","TFDP1","ranger_et",0.87135523301018
"cz_influenza","effector_CD8_minus_positive_comma_alpha_minus_beta_T_cell","KLF3","ranger_et",0.865628264667921
"cz_influenza","effector_CD8_minus_positive_comma_alpha_minus_beta_T_cell","HES4","ranger_et",0.875403599872423
"cz_influenza","effector_CD8_minus_positive_comma_alpha_minus_beta_T_cell","KLF4","ranger_et",0.866766551100069
"cz_influenza","effector_CD8_minus_positive_comma_alpha_minus_beta_T_cell","IRF1","ranger_et",0.864866113436893
"cz_influenza","effector_CD8_minus_positive_comma_alpha_minus_beta_T_cell","KLF9","ranger_et",0.870229631402289
"cz_influenza","effector_CD8_minus_positive_comma_alpha_minus_beta_T_cell","MEF2A","ranger_et",0.872687731182434
"cz_influenza","effector_CD8_minus_positive_comma_alpha_minus_beta_T_cell","ETS1","ranger_et",0.854620971086661
"cz_influenza","effector_CD8_minus_positive_comma_alpha_minus_beta_T_cell","ELF1","ranger_et",0.863983690968086
"cz_influenza","effector_CD8_minus_positive_comma_alpha_minus_beta_T_cell","IRF7","ranger_et",0.853545960345061
"cz_influenza","effector_CD8_minus_positive_comma_alpha_minus_beta_T_cell","RXRA","ranger_et",0.856524235088945
"cz_influenza","effector_CD8_minus_positive_comma_alpha_minus_beta_T_cell","ZBTB7A","ranger_et",0.883586226300235
"cz_influenza","effector_CD8_minus_positive_comma_alpha_minus_beta_T_cell","ZEB1","ranger_et",0.877071865030023
"cz_influenza","effector_CD8_minus_positive_comma_alpha_minus_beta_T_cell","ZNF143","ranger_et",0.866003301477218
"cz_influenza","effector_CD8_minus_positive_comma_alpha_minus_beta_T_cell","BATF","ranger_et",0.869685031605972
"cz_influenza","effector_CD8_minus_positive_comma_alpha_minus_beta_T_cell","PRDM1","ranger_et",0.888198083361167
"cz_influenza","effector_CD8_minus_positive_comma_alpha_minus_beta_T_cell","STAT1","ranger_et",0.876990107239931
"cz_influenza","effector_CD8_minus_positive_comma_alpha_minus_beta_T_cell","JUND","xgboost",0.90089012490605
"cz_influenza","effector_CD8_minus_positive_comma_alpha_minus_beta_T_cell","BHLHE40","xgboost",0.844245236309489
"cz_influenza","effector_CD8_minus_positive_comma_alpha_minus_beta_T_cell","MAFF","xgboost",0.837633326525147
"cz_influenza","effector_CD8_minus_positive_comma_alpha_minus_beta_T_cell","FOS","xgboost",0.811192458470042
"cz_influenza","effector_CD8_minus_positive_comma_alpha_minus_beta_T_cell","ERF","xgboost",0.84264515202681
"cz_influenza","effector_CD8_minus_positive_comma_alpha_minus_beta_T_cell","ZBTB14","xgboost",0.851418270989788
"cz_influenza","effector_CD8_minus_positive_comma_alpha_minus_beta_T_cell","ETS2","xgboost",0.869939891027995
"cz_influenza","effector_CD8_minus_positive_comma_alpha_minus_beta_T_cell","BCLAF1","xgboost",0.840874790391697
"cz_influenza","effector_CD8_minus_positive_comma_alpha_minus_beta_T_cell","CREM","xgboost",0.821383042819433
"cz_influenza","effector_CD8_minus_positive_comma_alpha_minus_beta_T_cell","FOSL2","xgboost",0.845321754231672
"cz_influenza","effector_CD8_minus_positive_comma_alpha_minus_beta_T_cell","RUNX3","xgboost",0.828322386513412
"cz_influenza","effector_CD8_minus_positive_comma_alpha_minus_beta_T_cell","NFE2L2","xgboost",0.82546015472821
"cz_influenza","effector_CD8_minus_positive_comma_alpha_minus_beta_T_cell","ETV3","xgboost",0.851100000780703
"cz_influenza","effector_CD8_minus_positive_comma_alpha_minus_beta_T_cell","E2F5","xgboost",0.861941823404986
"cz_influenza","effector_CD8_minus_positive_comma_alpha_minus_beta_T_cell","CEBPZ","xgboost",0.83071828170132
"cz_influenza","effector_CD8_minus_positive_comma_alpha_minus_beta_T_cell","TCF4","xgboost",0.792300789672835
"cz_influenza","effector_CD8_minus_positive_comma_alpha_minus_beta_T_cell","NFIL3","xgboost",0.77420839495567
"cz_influenza","effector_CD8_minus_positive_comma_alpha_minus_beta_T_cell","SMAD2","xgboost",0.753104165595158
"cz_influenza","effector_CD8_minus_positive_comma_alpha_minus_beta_T_cell","ZNF770","xgboost",0.790182272371043
"cz_influenza","effector_CD8_minus_positive_comma_alpha_minus_beta_T_cell","EPAS1","xgboost",0.768527543113491
"cz_influenza","effector_CD8_minus_positive_comma_alpha_minus_beta_T_cell","ARID5A","xgboost",0.824456863496282
"cz_influenza","effector_CD8_minus_positive_comma_alpha_minus_beta_T_cell","RORA","xgboost",0.748361496072382
"cz_influenza","effector_CD8_minus_positive_comma_alpha_minus_beta_T_cell","SCX","xgboost",0.826161376334938
"cz_influenza","effector_CD8_minus_positive_comma_alpha_minus_beta_T_cell","CEBPD","xgboost",0.670428055360149
"cz_influenza","effector_CD8_minus_positive_comma_alpha_minus_beta_T_cell","MLXIP","xgboost",0.816944895443914
"cz_influenza","effector_CD8_minus_positive_comma_alpha_minus_beta_T_cell","TCF7","xgboost",0.840025924052193
"cz_influenza","effector_CD8_minus_positive_comma_alpha_minus_beta_T_cell","IKZF3","xgboost",0.799734118329307
"cz_influenza","effector_CD8_minus_positive_comma_alpha_minus_beta_T_cell","NFYB","xgboost",0.851568484570861
"cz_influenza","effector_CD8_minus_positive_comma_alpha_minus_beta_T_cell","CREB3","xgboost",0.816458590276133
"cz_influenza","effector_CD8_minus_positive_comma_alpha_minus_beta_T_cell","POU3F1","xgboost",0.783099545293014
"cz_influenza","effector_CD8_minus_positive_comma_alpha_minus_beta_T_cell","ATF5","xgboost",0.795905893773891
"cz_influenza","effector_CD8_minus_positive_comma_alpha_minus_beta_T_cell","NR1H3","xgboost",0.811210788072501
"cz_influenza","effector_CD8_minus_positive_comma_alpha_minus_beta_T_cell","IKZF1","xgboost",0.841969268670664
"cz_influenza","effector_CD8_minus_positive_comma_alpha_minus_beta_T_cell","ZBTB16","xgboost",0.82276869207645
"cz_influenza","effector_CD8_minus_positive_comma_alpha_minus_beta_T_cell","TFCP2L1","xgboost",0.834101895283045
"cz_influenza","effector_CD8_minus_positive_comma_alpha_minus_beta_T_cell","SMARCA5","xgboost",0.835733059363541
"cz_influenza","effector_CD8_minus_positive_comma_alpha_minus_beta_T_cell","ZFY","xgboost",0.83485625581702
"cz_influenza","effector_CD8_minus_positive_comma_alpha_minus_beta_T_cell","RFX5","xgboost",0.857684821441048
"cz_influenza","effector_CD8_minus_positive_comma_alpha_minus_beta_T_cell","GFI1","xgboost",0.87541040161914
"cz_influenza","effector_CD8_minus_positive_comma_alpha_minus_beta_T_cell","WRNIP1","xgboost",0.866530846801305
"cz_influenza","effector_CD8_minus_positive_comma_alpha_minus_beta_T_cell","HOXA9","xgboost",0.826137054412944
"cz_influenza","effector_CD8_minus_positive_comma_alpha_minus_beta_T_cell","RELB","xgboost",0.802568886638494
"cz_influenza","effector_CD8_minus_positive_comma_alpha_minus_beta_T_cell","CUX1","xgboost",0.837185633502779
"cz_influenza","effector_CD8_minus_positive_comma_alpha_minus_beta_T_cell","CREB3L3","xgboost",0.83350061267402
"cz_influenza","effector_CD8_minus_positive_comma_alpha_minus_beta_T_cell","EOMES","xgboost",0.83440031550439
"cz_influenza","effector_CD8_minus_positive_comma_alpha_minus_beta_T_cell","TFDP2","xgboost",0.864911277444351
"cz_influenza","effector_CD8_minus_positive_comma_alpha_minus_beta_T_cell","MAFG","xgboost",0.885833911087127
"cz_influenza","effector_CD8_minus_positive_comma_alpha_minus_beta_T_cell","ITGB2","xgboost",0.859653469283799
"cz_influenza","effector_CD8_minus_positive_comma_alpha_minus_beta_T_cell","IKZF2","xgboost",0.852453954886193
"cz_influenza","effector_CD8_minus_positive_comma_alpha_minus_beta_T_cell","ZNF384","xgboost",0.854612022356063
"cz_influenza","effector_CD8_minus_positive_comma_alpha_minus_beta_T_cell","SP100","xgboost",0.857431029307095
"cz_influenza","effector_CD8_minus_positive_comma_alpha_minus_beta_T_cell","AHR","xgboost",0.872122030004312
"cz_influenza","effector_CD8_minus_positive_comma_alpha_minus_beta_T_cell","ATF4","xgboost",0.853267808492492
"cz_influenza","effector_CD8_minus_positive_comma_alpha_minus_beta_T_cell","JUNB","xgboost",0.836256616782771
"cz_influenza","effector_CD8_minus_positive_comma_alpha_minus_beta_T_cell","ID2","xgboost",0.863985781279027
"cz_influenza","effector_CD8_minus_positive_comma_alpha_minus_beta_T_cell","XBP1","xgboost",0.850220526482995
"cz_influenza","effector_CD8_minus_positive_comma_alpha_minus_beta_T_cell","MYBL1","xgboost",0.881614695476377
"cz_influenza","effector_CD8_minus_positive_comma_alpha_minus_beta_T_cell","RFX3","xgboost",0.881529398354469
"cz_influenza","effector_CD8_minus_positive_comma_alpha_minus_beta_T_cell","ENO1","xgboost",0.879699665665061
"cz_influenza","effector_CD8_minus_positive_comma_alpha_minus_beta_T_cell","MYEF2","xgboost",0.873442573586277
"cz_influenza","effector_CD8_minus_positive_comma_alpha_minus_beta_T_cell","ZNF683","xgboost",0.867023364888424
"cz_influenza","effector_CD8_minus_positive_comma_alpha_minus_beta_T_cell","ID3","xgboost",0.897251456085103
"cz_influenza","effector_CD8_minus_positive_comma_alpha_minus_beta_T_cell","ETV1","xgboost",0.845100473869023
"cz_influenza","effector_CD8_minus_positive_comma_alpha_minus_beta_T_cell","FOXP1","xgboost",0.874671849421696
"cz_influenza","effector_CD8_minus_positive_comma_alpha_minus_beta_T_cell","NR1H2","xgboost",0.862241252694161
"cz_influenza","effector_CD8_minus_positive_comma_alpha_minus_beta_T_cell","NFKB2","xgboost",0.865169246885542
"cz_influenza","effector_CD8_minus_positive_comma_alpha_minus_beta_T_cell","RARG","xgboost",0.837927904744564
"cz_influenza","effector_CD8_minus_positive_comma_alpha_minus_beta_T_cell","POU2F2","xgboost",0.847813825832181
"cz_influenza","effector_CD8_minus_positive_comma_alpha_minus_beta_T_cell","KLF2","xgboost",0.85672586212385
"cz_influenza","effector_CD8_minus_positive_comma_alpha_minus_beta_T_cell","GATA3","xgboost",0.867052550771994
"cz_influenza","effector_CD8_minus_positive_comma_alpha_minus_beta_T_cell","E2F3","xgboost",0.83184877233706
"cz_influenza","effector_CD8_minus_positive_comma_alpha_minus_beta_T_cell","POU2F1","xgboost",0.881878305241399
"cz_influenza","effector_CD8_minus_positive_comma_alpha_minus_beta_T_cell","MYC","xgboost",0.866973428407159
"cz_influenza","effector_CD8_minus_positive_comma_alpha_minus_beta_T_cell","NR4A2","xgboost",0.840908071832433
"cz_influenza","effector_CD8_minus_positive_comma_alpha_minus_beta_T_cell","ID1","xgboost",0.892172793941575
"cz_influenza","effector_CD8_minus_positive_comma_alpha_minus_beta_T_cell","BCL11B","xgboost",0.897442944687843
"cz_influenza","effector_CD8_minus_positive_comma_alpha_minus_beta_T_cell","IRF8","xgboost",0.885260495733465
"cz_influenza","effector_CD8_minus_positive_comma_alpha_minus_beta_T_cell","PAX5","xgboost",0.894124174544194
"cz_influenza","effector_CD8_minus_positive_comma_alpha_minus_beta_T_cell","RREB1","xgboost",0.870674101413952
"cz_influenza","effector_CD8_minus_positive_comma_alpha_minus_beta_T_cell","ZNF331","xgboost",0.862796268270144
"cz_influenza","effector_CD8_minus_positive_comma_alpha_minus_beta_T_cell","KLF11","xgboost",0.854279122158039
"cz_influenza","effector_CD8_minus_positive_comma_alpha_minus_beta_T_cell","FOSB","xgboost",0.874222245043665
"cz_influenza","effector_CD8_minus_positive_comma_alpha_minus_beta_T_cell","FOXN3","xgboost",0.888631254585498
"cz_influenza","effector_CD8_minus_positive_comma_alpha_minus_beta_T_cell","IRF9","xgboost",0.902270899326978
"cz_influenza","effector_CD8_minus_positive_comma_alpha_minus_beta_T_cell","LYL1","xgboost",0.86967293994561
"cz_influenza","effector_CD8_minus_positive_comma_alpha_minus_beta_T_cell","CREB1","xgboost",0.870726995110636
"cz_influenza","effector_CD8_minus_positive_comma_alpha_minus_beta_T_cell","NR2C2","xgboost",0.887175704119645
"cz_influenza","effector_CD8_minus_positive_comma_alpha_minus_beta_T_cell","ZBTB1","xgboost",0.863218928005486
"cz_influenza","effector_CD8_minus_positive_comma_alpha_minus_beta_T_cell","FOXD2","xgboost",0.880810686189291
"cz_influenza","effector_CD8_minus_positive_comma_alpha_minus_beta_T_cell","BCL6","xgboost",0.875230150073802
"cz_influenza","effector_CD8_minus_positive_comma_alpha_minus_beta_T_cell","MXI1","xgboost",0.881805460799361
"cz_influenza","effector_CD8_minus_positive_comma_alpha_minus_beta_T_cell","JUN","xgboost",0.872544452452632
"cz_influenza","effector_CD8_minus_positive_comma_alpha_minus_beta_T_cell","BDP1","xgboost",0.877735003112076
"cz_influenza","effector_CD8_minus_positive_comma_alpha_minus_beta_T_cell","NR3C1","xgboost",0.893017207055145
"cz_influenza","effector_CD8_minus_positive_comma_alpha_minus_beta_T_cell","CEBPB","xgboost",0.886543784849205
"cz_influenza","effector_CD8_minus_positive_comma_alpha_minus_beta_T_cell","KLF6","xgboost",0.873364253419151
"cz_influenza","effector_CD8_minus_positive_comma_alpha_minus_beta_T_cell","IRF3","xgboost",0.896564382200196
"cz_influenza","effector_CD8_minus_positive_comma_alpha_minus_beta_T_cell","RAD21","xgboost",0.886957747493681
"cz_influenza","effector_CD8_minus_positive_comma_alpha_minus_beta_T_cell","FLI1","xgboost",0.888914028981419
"cz_influenza","effector_CD8_minus_positive_comma_alpha_minus_beta_T_cell","MAF","xgboost",0.891890437894361
"cz_influenza","effector_CD8_minus_positive_comma_alpha_minus_beta_T_cell","THAP1","xgboost",0.887659503707986
"cz_influenza","effector_CD8_minus_positive_comma_alpha_minus_beta_T_cell","ETV7","xgboost",0.883405589493447
"cz_influenza","effector_CD8_minus_positive_comma_alpha_minus_beta_T_cell","BCL3","xgboost",0.89153040797596
"cz_influenza","effector_CD8_minus_positive_comma_alpha_minus_beta_T_cell","REL","xgboost",0.861615168505828
"cz_influenza","effector_CD8_minus_positive_comma_alpha_minus_beta_T_cell","STAT3","xgboost",0.90202107831501
"cz_influenza","effector_CD8_minus_positive_comma_alpha_minus_beta_T_cell","ETV2","xgboost",0.868988544299784
"cz_influenza","effector_CD8_minus_positive_comma_alpha_minus_beta_T_cell","TFDP1","xgboost",0.897728064801735
"cz_influenza","effector_CD8_minus_positive_comma_alpha_minus_beta_T_cell","KLF3","xgboost",0.88897432852794
"cz_influenza","effector_CD8_minus_positive_comma_alpha_minus_beta_T_cell","HES4","xgboost",0.91007037557869
"cz_influenza","effector_CD8_minus_positive_comma_alpha_minus_beta_T_cell","KLF4","xgboost",0.897469639566238
"cz_influenza","effector_CD8_minus_positive_comma_alpha_minus_beta_T_cell","IRF1","xgboost",0.901432475802378
"cz_influenza","effector_CD8_minus_positive_comma_alpha_minus_beta_T_cell","KLF9","xgboost",0.893557988134271
"cz_influenza","effector_CD8_minus_positive_comma_alpha_minus_beta_T_cell","MEF2A","xgboost",0.900993177274426
"cz_influenza","effector_CD8_minus_positive_comma_alpha_minus_beta_T_cell","ETS1","xgboost",0.881179451567627
"cz_influenza","effector_CD8_minus_positive_comma_alpha_minus_beta_T_cell","ELF1","xgboost",0.895591200449785
"cz_influenza","effector_CD8_minus_positive_comma_alpha_minus_beta_T_cell","IRF7","xgboost",0.869259176738176
"cz_influenza","effector_CD8_minus_positive_comma_alpha_minus_beta_T_cell","RXRA","xgboost",0.883010303709932
"cz_influenza","effector_CD8_minus_positive_comma_alpha_minus_beta_T_cell","ZBTB7A","xgboost",0.904425076659614
"cz_influenza","effector_CD8_minus_positive_comma_alpha_minus_beta_T_cell","ZEB1","xgboost",0.904831107271804
"cz_influenza","effector_CD8_minus_positive_comma_alpha_minus_beta_T_cell","ZNF143","xgboost",0.89167309985231
"cz_influenza","effector_CD8_minus_positive_comma_alpha_minus_beta_T_cell","BATF","xgboost",0.895916946230989
"cz_influenza","effector_CD8_minus_positive_comma_alpha_minus_beta_T_cell","PRDM1","xgboost",0.906936440692658
"cz_influenza","effector_CD8_minus_positive_comma_alpha_minus_beta_T_cell","STAT1","xgboost",0.905653102448326
"cz_influenza","effector_CD8_minus_positive_comma_alpha_minus_beta_T_cell","JUND","mars",0.844570540727036
"cz_influenza","effector_CD8_minus_positive_comma_alpha_minus_beta_T_cell","BHLHE40","mars",0.763386165714375
"cz_influenza","effector_CD8_minus_positive_comma_alpha_minus_beta_T_cell","MAFF","mars",0.789831091552263
"cz_influenza","effector_CD8_minus_positive_comma_alpha_minus_beta_T_cell","FOS","mars",0.720059022490271
"cz_influenza","effector_CD8_minus_positive_comma_alpha_minus_beta_T_cell","ERF","mars",0.79548541093836
"cz_influenza","effector_CD8_minus_positive_comma_alpha_minus_beta_T_cell","ZBTB14","mars",0.783691212821328
"cz_influenza","effector_CD8_minus_positive_comma_alpha_minus_beta_T_cell","ETS2","mars",0.737595497917137
"cz_influenza","effector_CD8_minus_positive_comma_alpha_minus_beta_T_cell","BCLAF1","mars",0.812009952997563
"cz_influenza","effector_CD8_minus_positive_comma_alpha_minus_beta_T_cell","CREM","mars",0.76341380334062
"cz_influenza","effector_CD8_minus_positive_comma_alpha_minus_beta_T_cell","FOSL2","mars",0.720830215820745
"cz_influenza","effector_CD8_minus_positive_comma_alpha_minus_beta_T_cell","RUNX3","mars",0.742978572018317
"cz_influenza","effector_CD8_minus_positive_comma_alpha_minus_beta_T_cell","NFE2L2","mars",0.718210020998534
"cz_influenza","effector_CD8_minus_positive_comma_alpha_minus_beta_T_cell","ETV3","mars",0.768577334533884
"cz_influenza","effector_CD8_minus_positive_comma_alpha_minus_beta_T_cell","E2F5","mars",0.786049431452444
"cz_influenza","effector_CD8_minus_positive_comma_alpha_minus_beta_T_cell","CEBPZ","mars",0.735026096348034
"cz_influenza","effector_CD8_minus_positive_comma_alpha_minus_beta_T_cell","TCF4","mars",0.71665478640386
"cz_influenza","effector_CD8_minus_positive_comma_alpha_minus_beta_T_cell","NFIL3","mars",0.673730995495341
"cz_influenza","effector_CD8_minus_positive_comma_alpha_minus_beta_T_cell","SMAD2","mars",0.649914943751772
"cz_influenza","effector_CD8_minus_positive_comma_alpha_minus_beta_T_cell","ZNF770","mars",0.762174199895813
"cz_influenza","effector_CD8_minus_positive_comma_alpha_minus_beta_T_cell","EPAS1","mars",0.651306148373373
"cz_influenza","effector_CD8_minus_positive_comma_alpha_minus_beta_T_cell","ARID5A","mars",0.795570050478065
"cz_influenza","effector_CD8_minus_positive_comma_alpha_minus_beta_T_cell","RORA","mars",0.684137910271562
"cz_influenza","effector_CD8_minus_positive_comma_alpha_minus_beta_T_cell","SCX","mars",0.674750732254515
"cz_influenza","effector_CD8_minus_positive_comma_alpha_minus_beta_T_cell","CEBPD","mars",0.526686217451022
"cz_influenza","effector_CD8_minus_positive_comma_alpha_minus_beta_T_cell","MLXIP","mars",0.621197994261668
"cz_influenza","effector_CD8_minus_positive_comma_alpha_minus_beta_T_cell","TCF7","mars",0.759953549860553
"cz_influenza","effector_CD8_minus_positive_comma_alpha_minus_beta_T_cell","IKZF3","mars",0.712999246154983
"cz_influenza","effector_CD8_minus_positive_comma_alpha_minus_beta_T_cell","NFYB","mars",0.787449724311829
"cz_influenza","effector_CD8_minus_positive_comma_alpha_minus_beta_T_cell","CREB3","mars",0.722390954391799
"cz_influenza","effector_CD8_minus_positive_comma_alpha_minus_beta_T_cell","POU3F1","mars",0.623677374200584
"cz_influenza","effector_CD8_minus_positive_comma_alpha_minus_beta_T_cell","ATF5","mars",0.716287775310021
"cz_influenza","effector_CD8_minus_positive_comma_alpha_minus_beta_T_cell","NR1H3","mars",0.76067519603589
"cz_influenza","effector_CD8_minus_positive_comma_alpha_minus_beta_T_cell","IKZF1","mars",0.761174244509114
"cz_influenza","effector_CD8_minus_positive_comma_alpha_minus_beta_T_cell","ZBTB16","mars",0.771785620789608
"cz_influenza","effector_CD8_minus_positive_comma_alpha_minus_beta_T_cell","TFCP2L1","mars",0.794528292959242
"cz_influenza","effector_CD8_minus_positive_comma_alpha_minus_beta_T_cell","SMARCA5","mars",0.790193976368682
"cz_influenza","effector_CD8_minus_positive_comma_alpha_minus_beta_T_cell","ZFY","mars",0.717320664235027
"cz_influenza","effector_CD8_minus_positive_comma_alpha_minus_beta_T_cell","RFX5","mars",0.803446668478901
"cz_influenza","effector_CD8_minus_positive_comma_alpha_minus_beta_T_cell","GFI1","mars",0.803376751896407
"cz_influenza","effector_CD8_minus_positive_comma_alpha_minus_beta_T_cell","WRNIP1","mars",0.770396991023124
"cz_influenza","effector_CD8_minus_positive_comma_alpha_minus_beta_T_cell","HOXA9","mars",0.74843656334299
"cz_influenza","effector_CD8_minus_positive_comma_alpha_minus_beta_T_cell","RELB","mars",0.785117122895899
"cz_influenza","effector_CD8_minus_positive_comma_alpha_minus_beta_T_cell","CUX1","mars",0.77677312404821
"cz_influenza","effector_CD8_minus_positive_comma_alpha_minus_beta_T_cell","CREB3L3","mars",0.672153485015176
"cz_influenza","effector_CD8_minus_positive_comma_alpha_minus_beta_T_cell","EOMES","mars",0.776772829014089
"cz_influenza","effector_CD8_minus_positive_comma_alpha_minus_beta_T_cell","TFDP2","mars",0.793184374582953
"cz_influenza","effector_CD8_minus_positive_comma_alpha_minus_beta_T_cell","MAFG","mars",0.814906670204439
"cz_influenza","effector_CD8_minus_positive_comma_alpha_minus_beta_T_cell","ITGB2","mars",0.809245463058188
"cz_influenza","effector_CD8_minus_positive_comma_alpha_minus_beta_T_cell","IKZF2","mars",0.783782230277409
"cz_influenza","effector_CD8_minus_positive_comma_alpha_minus_beta_T_cell","ZNF384","mars",0.84048428271449
"cz_influenza","effector_CD8_minus_positive_comma_alpha_minus_beta_T_cell","SP100","mars",0.796767100281647
"cz_influenza","effector_CD8_minus_positive_comma_alpha_minus_beta_T_cell","AHR","mars",0.808036568049473
"cz_influenza","effector_CD8_minus_positive_comma_alpha_minus_beta_T_cell","ATF4","mars",0.713113328789856
"cz_influenza","effector_CD8_minus_positive_comma_alpha_minus_beta_T_cell","JUNB","mars",0.798112293240672
"cz_influenza","effector_CD8_minus_positive_comma_alpha_minus_beta_T_cell","ID2","mars",0.783114527654996
"cz_influenza","effector_CD8_minus_positive_comma_alpha_minus_beta_T_cell","XBP1","mars",0.779297658279892
"cz_influenza","effector_CD8_minus_positive_comma_alpha_minus_beta_T_cell","MYBL1","mars",0.821518803710245
"cz_influenza","effector_CD8_minus_positive_comma_alpha_minus_beta_T_cell","RFX3","mars",0.854847060365837
"cz_influenza","effector_CD8_minus_positive_comma_alpha_minus_beta_T_cell","ENO1","mars",0.766636652471398
"cz_influenza","effector_CD8_minus_positive_comma_alpha_minus_beta_T_cell","MYEF2","mars",0.77941283813694
"cz_influenza","effector_CD8_minus_positive_comma_alpha_minus_beta_T_cell","ZNF683","mars",0.858637340848379
"cz_influenza","effector_CD8_minus_positive_comma_alpha_minus_beta_T_cell","ID3","mars",0.853199171572276
"cz_influenza","effector_CD8_minus_positive_comma_alpha_minus_beta_T_cell","ETV1","mars",0.81050833740303
"cz_influenza","effector_CD8_minus_positive_comma_alpha_minus_beta_T_cell","FOXP1","mars",0.817318667263792
"cz_influenza","effector_CD8_minus_positive_comma_alpha_minus_beta_T_cell","NR1H2","mars",0.776193526995724
"cz_influenza","effector_CD8_minus_positive_comma_alpha_minus_beta_T_cell","NFKB2","mars",0.778288336563665
"cz_influenza","effector_CD8_minus_positive_comma_alpha_minus_beta_T_cell","RARG","mars",0.750387949025561
"cz_influenza","effector_CD8_minus_positive_comma_alpha_minus_beta_T_cell","POU2F2","mars",0.806817642271986
"cz_influenza","effector_CD8_minus_positive_comma_alpha_minus_beta_T_cell","KLF2","mars",0.767205810681562
"cz_influenza","effector_CD8_minus_positive_comma_alpha_minus_beta_T_cell","GATA3","mars",0.740882983106317
"cz_influenza","effector_CD8_minus_positive_comma_alpha_minus_beta_T_cell","E2F3","mars",0.811330225080644
"cz_influenza","effector_CD8_minus_positive_comma_alpha_minus_beta_T_cell","POU2F1","mars",0.779662462836581
"cz_influenza","effector_CD8_minus_positive_comma_alpha_minus_beta_T_cell","MYC","mars",0.81110774646645
"cz_influenza","effector_CD8_minus_positive_comma_alpha_minus_beta_T_cell","NR4A2","mars",0.788040349787734
"cz_influenza","effector_CD8_minus_positive_comma_alpha_minus_beta_T_cell","ID1","mars",0.8139252565104
"cz_influenza","effector_CD8_minus_positive_comma_alpha_minus_beta_T_cell","BCL11B","mars",0.841801730634302
"cz_influenza","effector_CD8_minus_positive_comma_alpha_minus_beta_T_cell","IRF8","mars",-9.83655779606795
"cz_influenza","effector_CD8_minus_positive_comma_alpha_minus_beta_T_cell","PAX5","mars",0.865246842374778
"cz_influenza","effector_CD8_minus_positive_comma_alpha_minus_beta_T_cell","RREB1","mars",0.832806891695664
"cz_influenza","effector_CD8_minus_positive_comma_alpha_minus_beta_T_cell","ZNF331","mars",0.784957308344258
"cz_influenza","effector_CD8_minus_positive_comma_alpha_minus_beta_T_cell","KLF11","mars",0.782532317561987
"cz_influenza","effector_CD8_minus_positive_comma_alpha_minus_beta_T_cell","FOSB","mars",0.808527982816456
"cz_influenza","effector_CD8_minus_positive_comma_alpha_minus_beta_T_cell","FOXN3","mars",0.827804600942271
"cz_influenza","effector_CD8_minus_positive_comma_alpha_minus_beta_T_cell","IRF9","mars",0.849762063673963
"cz_influenza","effector_CD8_minus_positive_comma_alpha_minus_beta_T_cell","LYL1","mars",0.820764346430759
"cz_influenza","effector_CD8_minus_positive_comma_alpha_minus_beta_T_cell","CREB1","mars",0.225652556026786
"cz_influenza","effector_CD8_minus_positive_comma_alpha_minus_beta_T_cell","NR2C2","mars",0.849583490200169
"cz_influenza","effector_CD8_minus_positive_comma_alpha_minus_beta_T_cell","ZBTB1","mars",0.802585301127289
"cz_influenza","effector_CD8_minus_positive_comma_alpha_minus_beta_T_cell","FOXD2","mars",0.826427929949482
"cz_influenza","effector_CD8_minus_positive_comma_alpha_minus_beta_T_cell","BCL6","mars",0.828890253002586
"cz_influenza","effector_CD8_minus_positive_comma_alpha_minus_beta_T_cell","MXI1","mars",0.84267920511219
"cz_influenza","effector_CD8_minus_positive_comma_alpha_minus_beta_T_cell","JUN","mars",0.856833855589196
"cz_influenza","effector_CD8_minus_positive_comma_alpha_minus_beta_T_cell","BDP1","mars",0.770458278809021
"cz_influenza","effector_CD8_minus_positive_comma_alpha_minus_beta_T_cell","NR3C1","mars",0.798590130429904
"cz_influenza","effector_CD8_minus_positive_comma_alpha_minus_beta_T_cell","CEBPB","mars",0.833484933129922
"cz_influenza","effector_CD8_minus_positive_comma_alpha_minus_beta_T_cell","KLF6","mars",0.815736148723171
"cz_influenza","effector_CD8_minus_positive_comma_alpha_minus_beta_T_cell","IRF3","mars",0.825278253941576
"cz_influenza","effector_CD8_minus_positive_comma_alpha_minus_beta_T_cell","RAD21","mars",0.862073152639647
"cz_influenza","effector_CD8_minus_positive_comma_alpha_minus_beta_T_cell","FLI1","mars",0.848801215626488
"cz_influenza","effector_CD8_minus_positive_comma_alpha_minus_beta_T_cell","MAF","mars",0.761710087387681
"cz_influenza","effector_CD8_minus_positive_comma_alpha_minus_beta_T_cell","THAP1","mars",0.844981405126482
"cz_influenza","effector_CD8_minus_positive_comma_alpha_minus_beta_T_cell","ETV7","mars",0.861507486009848
"cz_influenza","effector_CD8_minus_positive_comma_alpha_minus_beta_T_cell","BCL3","mars",0.843125648537163
"cz_influenza","effector_CD8_minus_positive_comma_alpha_minus_beta_T_cell","REL","mars",0.818744788327693
"cz_influenza","effector_CD8_minus_positive_comma_alpha_minus_beta_T_cell","STAT3","mars",0.860848306619464
"cz_influenza","effector_CD8_minus_positive_comma_alpha_minus_beta_T_cell","ETV2","mars",0.83431128748536
"cz_influenza","effector_CD8_minus_positive_comma_alpha_minus_beta_T_cell","TFDP1","mars",0.878960900636394
"cz_influenza","effector_CD8_minus_positive_comma_alpha_minus_beta_T_cell","KLF3","mars",0.855387202413802
"cz_influenza","effector_CD8_minus_positive_comma_alpha_minus_beta_T_cell","HES4","mars",0.863271062252024
"cz_influenza","effector_CD8_minus_positive_comma_alpha_minus_beta_T_cell","KLF4","mars",0.876828613861898
"cz_influenza","effector_CD8_minus_positive_comma_alpha_minus_beta_T_cell","IRF1","mars",0.856617888442234
"cz_influenza","effector_CD8_minus_positive_comma_alpha_minus_beta_T_cell","KLF9","mars",0.853275917202336
"cz_influenza","effector_CD8_minus_positive_comma_alpha_minus_beta_T_cell","MEF2A","mars",0.838760386051518
"cz_influenza","effector_CD8_minus_positive_comma_alpha_minus_beta_T_cell","ETS1","mars",0.829665990620046
"cz_influenza","effector_CD8_minus_positive_comma_alpha_minus_beta_T_cell","ELF1","mars",0.852010042472365
"cz_influenza","effector_CD8_minus_positive_comma_alpha_minus_beta_T_cell","IRF7","mars",0.819222975613931
"cz_influenza","effector_CD8_minus_positive_comma_alpha_minus_beta_T_cell","RXRA","mars",0.83748449375296
"cz_influenza","effector_CD8_minus_positive_comma_alpha_minus_beta_T_cell","ZBTB7A","mars",0.889779888636146
"cz_influenza","effector_CD8_minus_positive_comma_alpha_minus_beta_T_cell","ZEB1","mars",0.886609945519403
"cz_influenza","effector_CD8_minus_positive_comma_alpha_minus_beta_T_cell","ZNF143","mars",0.837133148251373
"cz_influenza","effector_CD8_minus_positive_comma_alpha_minus_beta_T_cell","BATF","mars",0.749591131674674
"cz_influenza","effector_CD8_minus_positive_comma_alpha_minus_beta_T_cell","PRDM1","mars",0.904758383406504
"cz_influenza","effector_CD8_minus_positive_comma_alpha_minus_beta_T_cell","STAT1","mars",0.883994722978482
"cz_influenza","effector_CD8_minus_positive_comma_alpha_minus_beta_T_cell","JUND","svm_rbf",0.892703198942702
"cz_influenza","effector_CD8_minus_positive_comma_alpha_minus_beta_T_cell","BHLHE40","svm_rbf",0.851394259923092
"cz_influenza","effector_CD8_minus_positive_comma_alpha_minus_beta_T_cell","MAFF","svm_rbf",0.834899149089858
"cz_influenza","effector_CD8_minus_positive_comma_alpha_minus_beta_T_cell","FOS","svm_rbf",0.81299838534484
"cz_influenza","effector_CD8_minus_positive_comma_alpha_minus_beta_T_cell","ERF","svm_rbf",0.873255081624639
"cz_influenza","effector_CD8_minus_positive_comma_alpha_minus_beta_T_cell","ZBTB14","svm_rbf",0.852511186076077
"cz_influenza","effector_CD8_minus_positive_comma_alpha_minus_beta_T_cell","ETS2","svm_rbf",0.878739423135977
"cz_influenza","effector_CD8_minus_positive_comma_alpha_minus_beta_T_cell","BCLAF1","svm_rbf",0.851600164783057
"cz_influenza","effector_CD8_minus_positive_comma_alpha_minus_beta_T_cell","CREM","svm_rbf",0.830693685489221
"cz_influenza","effector_CD8_minus_positive_comma_alpha_minus_beta_T_cell","FOSL2","svm_rbf",0.839308605156181
"cz_influenza","effector_CD8_minus_positive_comma_alpha_minus_beta_T_cell","RUNX3","svm_rbf",0.850948873490195
"cz_influenza","effector_CD8_minus_positive_comma_alpha_minus_beta_T_cell","NFE2L2","svm_rbf",0.844015027233333
"cz_influenza","effector_CD8_minus_positive_comma_alpha_minus_beta_T_cell","ETV3","svm_rbf",0.865500246362141
"cz_influenza","effector_CD8_minus_positive_comma_alpha_minus_beta_T_cell","E2F5","svm_rbf",0.840625309276798
"cz_influenza","effector_CD8_minus_positive_comma_alpha_minus_beta_T_cell","CEBPZ","svm_rbf",0.824293941317463
"cz_influenza","effector_CD8_minus_positive_comma_alpha_minus_beta_T_cell","TCF4","svm_rbf",0.809181671760545
"cz_influenza","effector_CD8_minus_positive_comma_alpha_minus_beta_T_cell","NFIL3","svm_rbf",0.811462852723417
"cz_influenza","effector_CD8_minus_positive_comma_alpha_minus_beta_T_cell","SMAD2","svm_rbf",0.774178675202809
"cz_influenza","effector_CD8_minus_positive_comma_alpha_minus_beta_T_cell","ZNF770","svm_rbf",0.802785821247298
"cz_influenza","effector_CD8_minus_positive_comma_alpha_minus_beta_T_cell","EPAS1","svm_rbf",0.732491007159995
"cz_influenza","effector_CD8_minus_positive_comma_alpha_minus_beta_T_cell","ARID5A","svm_rbf",0.828753979655038
"cz_influenza","effector_CD8_minus_positive_comma_alpha_minus_beta_T_cell","RORA","svm_rbf",0.782619507990451
"cz_influenza","effector_CD8_minus_positive_comma_alpha_minus_beta_T_cell","SCX","svm_rbf",0.820131027745546
"cz_influenza","effector_CD8_minus_positive_comma_alpha_minus_beta_T_cell","CEBPD","svm_rbf",0.716025165777363
"cz_influenza","effector_CD8_minus_positive_comma_alpha_minus_beta_T_cell","MLXIP","svm_rbf",0.82609819412899
"cz_influenza","effector_CD8_minus_positive_comma_alpha_minus_beta_T_cell","TCF7","svm_rbf",0.846320749654939
"cz_influenza","effector_CD8_minus_positive_comma_alpha_minus_beta_T_cell","IKZF3","svm_rbf",0.805048067259907
"cz_influenza","effector_CD8_minus_positive_comma_alpha_minus_beta_T_cell","NFYB","svm_rbf",0.845363479805278
"cz_influenza","effector_CD8_minus_positive_comma_alpha_minus_beta_T_cell","CREB3","svm_rbf",0.82055656067113
"cz_influenza","effector_CD8_minus_positive_comma_alpha_minus_beta_T_cell","POU3F1","svm_rbf",0.802619368852893
"cz_influenza","effector_CD8_minus_positive_comma_alpha_minus_beta_T_cell","ATF5","svm_rbf",0.81135597695999
"cz_influenza","effector_CD8_minus_positive_comma_alpha_minus_beta_T_cell","NR1H3","svm_rbf",0.828489612682535
"cz_influenza","effector_CD8_minus_positive_comma_alpha_minus_beta_T_cell","IKZF1","svm_rbf",0.853628838141455
"cz_influenza","effector_CD8_minus_positive_comma_alpha_minus_beta_T_cell","ZBTB16","svm_rbf",0.823387517805045
"cz_influenza","effector_CD8_minus_positive_comma_alpha_minus_beta_T_cell","TFCP2L1","svm_rbf",0.85509571321427
"cz_influenza","effector_CD8_minus_positive_comma_alpha_minus_beta_T_cell","SMARCA5","svm_rbf",0.854802538912333
"cz_influenza","effector_CD8_minus_positive_comma_alpha_minus_beta_T_cell","ZFY","svm_rbf",0.837899845082724
"cz_influenza","effector_CD8_minus_positive_comma_alpha_minus_beta_T_cell","RFX5","svm_rbf",0.854914792791478
"cz_influenza","effector_CD8_minus_positive_comma_alpha_minus_beta_T_cell","GFI1","svm_rbf",0.872917301605151
"cz_influenza","effector_CD8_minus_positive_comma_alpha_minus_beta_T_cell","WRNIP1","svm_rbf",0.874113968867862
"cz_influenza","effector_CD8_minus_positive_comma_alpha_minus_beta_T_cell","HOXA9","svm_rbf",0.842131800163749
"cz_influenza","effector_CD8_minus_positive_comma_alpha_minus_beta_T_cell","RELB","svm_rbf",0.825418739301123
"cz_influenza","effector_CD8_minus_positive_comma_alpha_minus_beta_T_cell","CUX1","svm_rbf",0.852066481264734
"cz_influenza","effector_CD8_minus_positive_comma_alpha_minus_beta_T_cell","CREB3L3","svm_rbf",0.8256383964654
"cz_influenza","effector_CD8_minus_positive_comma_alpha_minus_beta_T_cell","EOMES","svm_rbf",0.845063036238344
"cz_influenza","effector_CD8_minus_positive_comma_alpha_minus_beta_T_cell","TFDP2","svm_rbf",0.862703316694167
"cz_influenza","effector_CD8_minus_positive_comma_alpha_minus_beta_T_cell","MAFG","svm_rbf",0.888187446836741
"cz_influenza","effector_CD8_minus_positive_comma_alpha_minus_beta_T_cell","ITGB2","svm_rbf",0.864580491720863
"cz_influenza","effector_CD8_minus_positive_comma_alpha_minus_beta_T_cell","IKZF2","svm_rbf",0.85114520281498
"cz_influenza","effector_CD8_minus_positive_comma_alpha_minus_beta_T_cell","ZNF384","svm_rbf",0.84914117317791
"cz_influenza","effector_CD8_minus_positive_comma_alpha_minus_beta_T_cell","SP100","svm_rbf",0.860788571498762
"cz_influenza","effector_CD8_minus_positive_comma_alpha_minus_beta_T_cell","AHR","svm_rbf",0.873909580456181
"cz_influenza","effector_CD8_minus_positive_comma_alpha_minus_beta_T_cell","ATF4","svm_rbf",0.871061036527783
"cz_influenza","effector_CD8_minus_positive_comma_alpha_minus_beta_T_cell","JUNB","svm_rbf",0.853892492792416
"cz_influenza","effector_CD8_minus_positive_comma_alpha_minus_beta_T_cell","ID2","svm_rbf",0.859965211083347
"cz_influenza","effector_CD8_minus_positive_comma_alpha_minus_beta_T_cell","XBP1","svm_rbf",0.865676669557499
"cz_influenza","effector_CD8_minus_positive_comma_alpha_minus_beta_T_cell","MYBL1","svm_rbf",0.874197005180506
"cz_influenza","effector_CD8_minus_positive_comma_alpha_minus_beta_T_cell","RFX3","svm_rbf",0.873655857444529
"cz_influenza","effector_CD8_minus_positive_comma_alpha_minus_beta_T_cell","ENO1","svm_rbf",0.871454661045255
"cz_influenza","effector_CD8_minus_positive_comma_alpha_minus_beta_T_cell","MYEF2","svm_rbf",0.865877203274863
"cz_influenza","effector_CD8_minus_positive_comma_alpha_minus_beta_T_cell","ZNF683","svm_rbf",0.868634600848644
"cz_influenza","effector_CD8_minus_positive_comma_alpha_minus_beta_T_cell","ID3","svm_rbf",0.881005214598225
"cz_influenza","effector_CD8_minus_positive_comma_alpha_minus_beta_T_cell","ETV1","svm_rbf",0.869544788107492
"cz_influenza","effector_CD8_minus_positive_comma_alpha_minus_beta_T_cell","FOXP1","svm_rbf",0.882412108109291
"cz_influenza","effector_CD8_minus_positive_comma_alpha_minus_beta_T_cell","NR1H2","svm_rbf",0.870024348578581
"cz_influenza","effector_CD8_minus_positive_comma_alpha_minus_beta_T_cell","NFKB2","svm_rbf",0.859951173499193
"cz_influenza","effector_CD8_minus_positive_comma_alpha_minus_beta_T_cell","RARG","svm_rbf",0.850644631156293
"cz_influenza","effector_CD8_minus_positive_comma_alpha_minus_beta_T_cell","POU2F2","svm_rbf",0.849930213645373
"cz_influenza","effector_CD8_minus_positive_comma_alpha_minus_beta_T_cell","KLF2","svm_rbf",0.860163404028021
"cz_influenza","effector_CD8_minus_positive_comma_alpha_minus_beta_T_cell","GATA3","svm_rbf",0.875603848357931
"cz_influenza","effector_CD8_minus_positive_comma_alpha_minus_beta_T_cell","E2F3","svm_rbf",0.838742213933149
"cz_influenza","effector_CD8_minus_positive_comma_alpha_minus_beta_T_cell","POU2F1","svm_rbf",0.882303783267375
"cz_influenza","effector_CD8_minus_positive_comma_alpha_minus_beta_T_cell","MYC","svm_rbf",0.866163406473278
"cz_influenza","effector_CD8_minus_positive_comma_alpha_minus_beta_T_cell","NR4A2","svm_rbf",0.852765732294416
"cz_influenza","effector_CD8_minus_positive_comma_alpha_minus_beta_T_cell","ID1","svm_rbf",0.8845792588479
"cz_influenza","effector_CD8_minus_positive_comma_alpha_minus_beta_T_cell","BCL11B","svm_rbf",0.896765805653055
"cz_influenza","effector_CD8_minus_positive_comma_alpha_minus_beta_T_cell","IRF8","svm_rbf",0.888523283311077
"cz_influenza","effector_CD8_minus_positive_comma_alpha_minus_beta_T_cell","PAX5","svm_rbf",0.896615299715437
"cz_influenza","effector_CD8_minus_positive_comma_alpha_minus_beta_T_cell","RREB1","svm_rbf",0.878862430947274
"cz_influenza","effector_CD8_minus_positive_comma_alpha_minus_beta_T_cell","ZNF331","svm_rbf",0.870834438621673
"cz_influenza","effector_CD8_minus_positive_comma_alpha_minus_beta_T_cell","KLF11","svm_rbf",0.85998418386351
"cz_influenza","effector_CD8_minus_positive_comma_alpha_minus_beta_T_cell","FOSB","svm_rbf",0.878303135328361
"cz_influenza","effector_CD8_minus_positive_comma_alpha_minus_beta_T_cell","FOXN3","svm_rbf",0.888917613168841
"cz_influenza","effector_CD8_minus_positive_comma_alpha_minus_beta_T_cell","IRF9","svm_rbf",0.898999135490057
"cz_influenza","effector_CD8_minus_positive_comma_alpha_minus_beta_T_cell","LYL1","svm_rbf",0.880304847307276
"cz_influenza","effector_CD8_minus_positive_comma_alpha_minus_beta_T_cell","CREB1","svm_rbf",0.867085738968645
"cz_influenza","effector_CD8_minus_positive_comma_alpha_minus_beta_T_cell","NR2C2","svm_rbf",0.891963669014408
"cz_influenza","effector_CD8_minus_positive_comma_alpha_minus_beta_T_cell","ZBTB1","svm_rbf",0.874006036229771
"cz_influenza","effector_CD8_minus_positive_comma_alpha_minus_beta_T_cell","FOXD2","svm_rbf",0.885822243099614
"cz_influenza","effector_CD8_minus_positive_comma_alpha_minus_beta_T_cell","BCL6","svm_rbf",0.87959170490341
"cz_influenza","effector_CD8_minus_positive_comma_alpha_minus_beta_T_cell","MXI1","svm_rbf",0.88236609252386
"cz_influenza","effector_CD8_minus_positive_comma_alpha_minus_beta_T_cell","JUN","svm_rbf",0.879424355008625
"cz_influenza","effector_CD8_minus_positive_comma_alpha_minus_beta_T_cell","BDP1","svm_rbf",0.879458786806849
"cz_influenza","effector_CD8_minus_positive_comma_alpha_minus_beta_T_cell","NR3C1","svm_rbf",0.885510010512903
"cz_influenza","effector_CD8_minus_positive_comma_alpha_minus_beta_T_cell","CEBPB","svm_rbf",0.886304329101005
"cz_influenza","effector_CD8_minus_positive_comma_alpha_minus_beta_T_cell","KLF6","svm_rbf",0.873160045063515
"cz_influenza","effector_CD8_minus_positive_comma_alpha_minus_beta_T_cell","IRF3","svm_rbf",0.891596335380488
"cz_influenza","effector_CD8_minus_positive_comma_alpha_minus_beta_T_cell","RAD21","svm_rbf",0.891822622305424
"cz_influenza","effector_CD8_minus_positive_comma_alpha_minus_beta_T_cell","FLI1","svm_rbf",0.891824459248754
"cz_influenza","effector_CD8_minus_positive_comma_alpha_minus_beta_T_cell","MAF","svm_rbf",0.896536951603568
"cz_influenza","effector_CD8_minus_positive_comma_alpha_minus_beta_T_cell","THAP1","svm_rbf",0.889298176119465
"cz_influenza","effector_CD8_minus_positive_comma_alpha_minus_beta_T_cell","ETV7","svm_rbf",0.900804307212955
"cz_influenza","effector_CD8_minus_positive_comma_alpha_minus_beta_T_cell","BCL3","svm_rbf",0.891211399870422
"cz_influenza","effector_CD8_minus_positive_comma_alpha_minus_beta_T_cell","REL","svm_rbf",0.872565834311022
"cz_influenza","effector_CD8_minus_positive_comma_alpha_minus_beta_T_cell","STAT3","svm_rbf",0.896669460676331
"cz_influenza","effector_CD8_minus_positive_comma_alpha_minus_beta_T_cell","ETV2","svm_rbf",0.88650238004758
"cz_influenza","effector_CD8_minus_positive_comma_alpha_minus_beta_T_cell","TFDP1","svm_rbf",0.897789598273846
"cz_influenza","effector_CD8_minus_positive_comma_alpha_minus_beta_T_cell","KLF3","svm_rbf",0.894106369956729
"cz_influenza","effector_CD8_minus_positive_comma_alpha_minus_beta_T_cell","HES4","svm_rbf",0.901819506644958
"cz_influenza","effector_CD8_minus_positive_comma_alpha_minus_beta_T_cell","KLF4","svm_rbf",0.898648266986851
"cz_influenza","effector_CD8_minus_positive_comma_alpha_minus_beta_T_cell","IRF1","svm_rbf",0.903104921553891
"cz_influenza","effector_CD8_minus_positive_comma_alpha_minus_beta_T_cell","KLF9","svm_rbf",0.893420316629226
"cz_influenza","effector_CD8_minus_positive_comma_alpha_minus_beta_T_cell","MEF2A","svm_rbf",0.903649007693201
"cz_influenza","effector_CD8_minus_positive_comma_alpha_minus_beta_T_cell","ETS1","svm_rbf",0.890385290084759
"cz_influenza","effector_CD8_minus_positive_comma_alpha_minus_beta_T_cell","ELF1","svm_rbf",0.898251112871052
"cz_influenza","effector_CD8_minus_positive_comma_alpha_minus_beta_T_cell","IRF7","svm_rbf",0.879389080868419
"cz_influenza","effector_CD8_minus_positive_comma_alpha_minus_beta_T_cell","RXRA","svm_rbf",0.889444740764487
"cz_influenza","effector_CD8_minus_positive_comma_alpha_minus_beta_T_cell","ZBTB7A","svm_rbf",0.910566920625289
"cz_influenza","effector_CD8_minus_positive_comma_alpha_minus_beta_T_cell","ZEB1","svm_rbf",0.908186332328128
"cz_influenza","effector_CD8_minus_positive_comma_alpha_minus_beta_T_cell","ZNF143","svm_rbf",0.889745869643763
"cz_influenza","effector_CD8_minus_positive_comma_alpha_minus_beta_T_cell","BATF","svm_rbf",0.899644801541699
"cz_influenza","effector_CD8_minus_positive_comma_alpha_minus_beta_T_cell","PRDM1","svm_rbf",0.909780738944906
"cz_influenza","effector_CD8_minus_positive_comma_alpha_minus_beta_T_cell","STAT1","svm_rbf",0.903085913881075
"cz_influenza","blood_cell","SIN3A","ranger_et",0.810716406160318
"cz_influenza","blood_cell","MXI1","ranger_et",0.837545225494853
"cz_influenza","blood_cell","ELF2","ranger_et",0.78454785586361
"cz_influenza","blood_cell","FOS","ranger_et",0.795139235959641
"cz_influenza","blood_cell","E2F2","ranger_et",0.780678815703737
"cz_influenza","blood_cell","ENO1","ranger_et",0.681922969395876
"cz_influenza","blood_cell","JUNB","ranger_et",0.808623085724331
"cz_influenza","blood_cell","ZNF524","ranger_et",0.303253210684586
"cz_influenza","blood_cell","SMAD3","ranger_et",0.73736602922455
"cz_influenza","blood_cell","ID3","ranger_et",0.692892721606656
"cz_influenza","blood_cell","EGR4","ranger_et",0.84122087374869
"cz_influenza","blood_cell","HINFP","ranger_et",0.770832147595135
"cz_influenza","blood_cell","XBP1","ranger_et",0.619429596165732
"cz_influenza","blood_cell","NRL","ranger_et",0.730862032390929
"cz_influenza","blood_cell","JDP2","ranger_et",0.842696532059861
"cz_influenza","blood_cell","FOXM1","ranger_et",0.579393132625253
"cz_influenza","blood_cell","FOXK2","ranger_et",0.769067361019695
"cz_influenza","blood_cell","IRF1","ranger_et",0.857027539959371
"cz_influenza","blood_cell","MEF2D","ranger_et",0.728935787730597
"cz_influenza","blood_cell","ZNF257","ranger_et",0.318795782223762
"cz_influenza","blood_cell","ZNF281","ranger_et",0.749975140969934
"cz_influenza","blood_cell","RFX2","ranger_et",0.792611405138866
"cz_influenza","blood_cell","NFATC3","ranger_et",0.857196335151135
"cz_influenza","blood_cell","CENPB","ranger_et",0.67271688264616
"cz_influenza","blood_cell","HMGN3","ranger_et",0.802730830290742
"cz_influenza","blood_cell","TCFL5","ranger_et",0.696218859490522
"cz_influenza","blood_cell","TCF3","ranger_et",0.704293776861322
"cz_influenza","blood_cell","HOXB4","ranger_et",0.760331626139805
"cz_influenza","blood_cell","NR4A2","ranger_et",0.825404302721255
"cz_influenza","blood_cell","KLF2","ranger_et",0.858937024685886
"cz_influenza","blood_cell","MYBL2","ranger_et",0.679051509207332
"cz_influenza","blood_cell","JUN","ranger_et",0.83464627185979
"cz_influenza","blood_cell","ARID3A","ranger_et",0.781792666838243
"cz_influenza","blood_cell","HDAC2","ranger_et",0.748642060880343
"cz_influenza","blood_cell","NFE2L2","ranger_et",0.817807016714341
"cz_influenza","blood_cell","GTF3C2","ranger_et",0.76249215276445
"cz_influenza","blood_cell","BCL11A","ranger_et",0.821291454216018
"cz_influenza","blood_cell","IRF8","ranger_et",0.793682065276322
"cz_influenza","blood_cell","TFCP2","ranger_et",0.808445218419719
"cz_influenza","blood_cell","HES4","ranger_et",0.746098708598216
"cz_influenza","blood_cell","LYL1","ranger_et",0.787008979130055
"cz_influenza","blood_cell","ZNF350","ranger_et",0.735494206941359
"cz_influenza","blood_cell","SP1","ranger_et",0.836254443367272
"cz_influenza","blood_cell","ZNF768","ranger_et",0.776808604105451
"cz_influenza","blood_cell","WRNIP1","ranger_et",0.786650604605278
"cz_influenza","blood_cell","KLF16","ranger_et",0.735277552020982
"cz_influenza","blood_cell","MAFB","ranger_et",0.791362869789247
"cz_influenza","blood_cell","MEF2A","ranger_et",0.817251626624822
"cz_influenza","blood_cell","SNAI3","ranger_et",0.7614778076874
"cz_influenza","blood_cell","BRF1","ranger_et",0.804976988289754
"cz_influenza","blood_cell","BATF","ranger_et",0.861519017186464
"cz_influenza","blood_cell","CREB3L2","ranger_et",0.679889891418911
"cz_influenza","blood_cell","SIN3A","xgboost",0.818525043770243
"cz_influenza","blood_cell","MXI1","xgboost",0.80933838235166
"cz_influenza","blood_cell","ELF2","xgboost",0.7762706056187
"cz_influenza","blood_cell","FOS","xgboost",0.76603242637679
"cz_influenza","blood_cell","E2F2","xgboost",0.769539293601554
"cz_influenza","blood_cell","ENO1","xgboost",0.706586405550311
"cz_influenza","blood_cell","JUNB","xgboost",0.793668995370058
"cz_influenza","blood_cell","ZNF524","xgboost",0.107331381792181
"cz_influenza","blood_cell","SMAD3","xgboost",0.73919516635355
"cz_influenza","blood_cell","ID3","xgboost",0.698068857651668
"cz_influenza","blood_cell","EGR4","xgboost",0.848791127736277
"cz_influenza","blood_cell","HINFP","xgboost",0.827959578032604
"cz_influenza","blood_cell","XBP1","xgboost",0.608768068418736
"cz_influenza","blood_cell","NRL","xgboost",0.747254984154025
"cz_influenza","blood_cell","JDP2","xgboost",0.833289987479016
"cz_influenza","blood_cell","FOXM1","xgboost",0.600027815568785
"cz_influenza","blood_cell","FOXK2","xgboost",0.783135747136637
"cz_influenza","blood_cell","IRF1","xgboost",0.89400259375593
"cz_influenza","blood_cell","MEF2D","xgboost",0.711769057103896
"cz_influenza","blood_cell","ZNF257","xgboost",0.137731336413345
"cz_influenza","blood_cell","ZNF281","xgboost",0.769540359610436
"cz_influenza","blood_cell","RFX2","xgboost",0.792585637396839
"cz_influenza","blood_cell","NFATC3","xgboost",0.845295352322105
"cz_influenza","blood_cell","CENPB","xgboost",0.689577505602092
"cz_influenza","blood_cell","HMGN3","xgboost",0.847567166036515
"cz_influenza","blood_cell","TCFL5","xgboost",0.635495521836856
"cz_influenza","blood_cell","TCF3","xgboost",0.702312354928366
"cz_influenza","blood_cell","HOXB4","xgboost",0.758378550172311
"cz_influenza","blood_cell","NR4A2","xgboost",0.852151710913553
"cz_influenza","blood_cell","KLF2","xgboost",0.864541450803309
"cz_influenza","blood_cell","MYBL2","xgboost",0.710709884449756
"cz_influenza","blood_cell","JUN","xgboost",0.848611978950097
"cz_influenza","blood_cell","ARID3A","xgboost",0.776715839677205
"cz_influenza","blood_cell","HDAC2","xgboost",0.737442336444979
"cz_influenza","blood_cell","NFE2L2","xgboost",0.828927909732434
"cz_influenza","blood_cell","GTF3C2","xgboost",0.788608209642229
"cz_influenza","blood_cell","BCL11A","xgboost",0.836247004155955
"cz_influenza","blood_cell","IRF8","xgboost",0.804794957023957
"cz_influenza","blood_cell","TFCP2","xgboost",0.82114692569647
"cz_influenza","blood_cell","HES4","xgboost",0.7607666061388
"cz_influenza","blood_cell","LYL1","xgboost",0.800301343060756
"cz_influenza","blood_cell","ZNF350","xgboost",0.69337934966683
"cz_influenza","blood_cell","SP1","xgboost",0.834547559315179
"cz_influenza","blood_cell","ZNF768","xgboost",0.766231638273649
"cz_influenza","blood_cell","WRNIP1","xgboost",0.822022872459738
"cz_influenza","blood_cell","KLF16","xgboost",0.745777166935924
"cz_influenza","blood_cell","MAFB","xgboost",0.833185487617987
"cz_influenza","blood_cell","MEF2A","xgboost",0.854112913565442
"cz_influenza","blood_cell","SNAI3","xgboost",0.73357549397717
"cz_influenza","blood_cell","BRF1","xgboost",0.805933720518364
"cz_influenza","blood_cell","BATF","xgboost",0.886582685827255
"cz_influenza","blood_cell","CREB3L2","xgboost",0.671144637657756
"cz_influenza","blood_cell","SIN3A","mars",0.627069673144693
"cz_influenza","blood_cell","MXI1","mars",0.764780172590918
"cz_influenza","blood_cell","ELF2","mars",0.773399152268096
"cz_influenza","blood_cell","FOS","mars",0.639656678747917
"cz_influenza","blood_cell","E2F2","mars",0.242697389958163
"cz_influenza","blood_cell","ENO1","mars",0.574826870088533
"cz_influenza","blood_cell","JUNB","mars",0.547699135844754
"cz_influenza","blood_cell","ZNF524","mars",-0.611320729874669
"cz_influenza","blood_cell","SMAD3","mars",0.630609206606622
"cz_influenza","blood_cell","ID3","mars",0.51537392962969
"cz_influenza","blood_cell","EGR4","mars",0.817390856755938
"cz_influenza","blood_cell","HINFP","mars",0.638858542950075
"cz_influenza","blood_cell","XBP1","mars",0.441546331782758
"cz_influenza","blood_cell","NRL","mars",0.535967982179256
"cz_influenza","blood_cell","JDP2","mars",0.676629550186803
"cz_influenza","blood_cell","FOXM1","mars",0.285175252565028
"cz_influenza","blood_cell","FOXK2","mars",0.674973661360941
"cz_influenza","blood_cell","IRF1","mars",0.792027042745156
"cz_influenza","blood_cell","MEF2D","mars",0.565523784649396
"cz_influenza","blood_cell","ZNF257","mars",-0.159984914394829
"cz_influenza","blood_cell","ZNF281","mars",0.510395001779456
"cz_influenza","blood_cell","RFX2","mars",0.0968314542895736
"cz_influenza","blood_cell","NFATC3","mars",0.665073543725638
"cz_influenza","blood_cell","CENPB","mars",0.141457118124666
"cz_influenza","blood_cell","HMGN3","mars",0.668623584838786
"cz_influenza","blood_cell","TCFL5","mars",0.060467066157761
"cz_influenza","blood_cell","TCF3","mars",0.503771630389162
"cz_influenza","blood_cell","HOXB4","mars",0.348798618817013
"cz_influenza","blood_cell","NR4A2","mars",0.426093714179498
"cz_influenza","blood_cell","KLF2","mars",0.788556649686318
"cz_influenza","blood_cell","MYBL2","mars",-0.0293242706102144
"cz_influenza","blood_cell","JUN","mars",0.817028056105828
"cz_influenza","blood_cell","ARID3A","mars",0.627504117807111
"cz_influenza","blood_cell","HDAC2","mars",0.715963413488992
"cz_influenza","blood_cell","NFE2L2","mars",0.785121864280822
"cz_influenza","blood_cell","GTF3C2","mars",0.7103555996317
"cz_influenza","blood_cell","BCL11A","mars",0.723212046928288
"cz_influenza","blood_cell","IRF8","mars",0.6408707815096
"cz_influenza","blood_cell","TFCP2","mars",0.621218960220335
"cz_influenza","blood_cell","HES4","mars",0.503274307764997
"cz_influenza","blood_cell","LYL1","mars",0.652449288154522
"cz_influenza","blood_cell","ZNF350","mars",0.483590050616314
"cz_influenza","blood_cell","SP1","mars",0.694727527924241
"cz_influenza","blood_cell","ZNF768","mars",-0.419945365651175
"cz_influenza","blood_cell","WRNIP1","mars",0.640731219783098
"cz_influenza","blood_cell","KLF16","mars",0.563576116554475
"cz_influenza","blood_cell","MAFB","mars",0.66585556779896
"cz_influenza","blood_cell","MEF2A","mars",0.744476188946709
"cz_influenza","blood_cell","SNAI3","mars",0.524925106496324
"cz_influenza","blood_cell","BRF1","mars",0.607845669579248
"cz_influenza","blood_cell","BATF","mars",0.832237696389477
"cz_influenza","blood_cell","CREB3L2","mars",0.478211120374491
"cz_influenza","blood_cell","SIN3A","svm_rbf",0.818866766218554
"cz_influenza","blood_cell","MXI1","svm_rbf",0.826552693795552
"cz_influenza","blood_cell","ELF2","svm_rbf",0.774730562475029
"cz_influenza","blood_cell","FOS","svm_rbf",0.806546499246404
"cz_influenza","blood_cell","E2F2","svm_rbf",0.728580707992016
"cz_influenza","blood_cell","ENO1","svm_rbf",0.705618031714102
"cz_influenza","blood_cell","JUNB","svm_rbf",0.817934166529528
"cz_influenza","blood_cell","ZNF524","svm_rbf",0.34540013022259
"cz_influenza","blood_cell","SMAD3","svm_rbf",0.775574506753728
"cz_influenza","blood_cell","ID3","svm_rbf",0.720510487473339
"cz_influenza","blood_cell","EGR4","svm_rbf",0.835340129684471
"cz_influenza","blood_cell","HINFP","svm_rbf",0.78492503325767
"cz_influenza","blood_cell","XBP1","svm_rbf",0.649846940283842
"cz_influenza","blood_cell","NRL","svm_rbf",0.771573567065766
"cz_influenza","blood_cell","JDP2","svm_rbf",0.66686327374169
"cz_influenza","blood_cell","FOXM1","svm_rbf",0.593158306573616
"cz_influenza","blood_cell","FOXK2","svm_rbf",0.779397907597003
"cz_influenza","blood_cell","IRF1","svm_rbf",0.86878710363195
"cz_influenza","blood_cell","MEF2D","svm_rbf",0.744770095084524
"cz_influenza","blood_cell","ZNF257","svm_rbf",0.354953134425593
"cz_influenza","blood_cell","ZNF281","svm_rbf",0.778420966632125
"cz_influenza","blood_cell","RFX2","svm_rbf",0.799616907208982
"cz_influenza","blood_cell","NFATC3","svm_rbf",0.84716841238061
"cz_influenza","blood_cell","CENPB","svm_rbf",0.691070699830724
"cz_influenza","blood_cell","HMGN3","svm_rbf",0.827758109182469
"cz_influenza","blood_cell","TCFL5","svm_rbf",0.727301625760478
"cz_influenza","blood_cell","TCF3","svm_rbf",0.721567452655123
"cz_influenza","blood_cell","HOXB4","svm_rbf",0.79495249336677
"cz_influenza","blood_cell","NR4A2","svm_rbf",0.843152387569212
"cz_influenza","blood_cell","KLF2","svm_rbf",0.86202421632397
"cz_influenza","blood_cell","MYBL2","svm_rbf",0.712212764121843
"cz_influenza","blood_cell","JUN","svm_rbf",0.87320608983572
"cz_influenza","blood_cell","ARID3A","svm_rbf",0.819690576157207
"cz_influenza","blood_cell","HDAC2","svm_rbf",0.748393422894907
"cz_influenza","blood_cell","NFE2L2","svm_rbf",0.8302797540894
"cz_influenza","blood_cell","GTF3C2","svm_rbf",0.784486607528092
"cz_influenza","blood_cell","BCL11A","svm_rbf",0.842558757362207
"cz_influenza","blood_cell","IRF8","svm_rbf",0.802917820301686
"cz_influenza","blood_cell","TFCP2","svm_rbf",0.833981198620615
"cz_influenza","blood_cell","HES4","svm_rbf",0.757540019690583
"cz_influenza","blood_cell","LYL1","svm_rbf",0.796251792808393
"cz_influenza","blood_cell","ZNF350","svm_rbf",0.762164087483468
"cz_influenza","blood_cell","SP1","svm_rbf",0.832056307711159
"cz_influenza","blood_cell","ZNF768","svm_rbf",0.803145377918377
"cz_influenza","blood_cell","WRNIP1","svm_rbf",0.81285980270868
"cz_influenza","blood_cell","KLF16","svm_rbf",0.762449290517
"cz_influenza","blood_cell","MAFB","svm_rbf",0.81832638077506
"cz_influenza","blood_cell","MEF2A","svm_rbf",0.843850461051595
"cz_influenza","blood_cell","SNAI3","svm_rbf",0.769966845883785
"cz_influenza","blood_cell","BRF1","svm_rbf",0.820799301030115
"cz_influenza","blood_cell","BATF","svm_rbf",0.872886591098931
"cz_influenza","blood_cell","CREB3L2","svm_rbf",0.690005047440844
"cz_influenza","non_minus_classical_monocyte","HES4","ranger_et",0.868977536584046
"cz_influenza","non_minus_classical_monocyte","ITGB2","ranger_et",0.799485713380185
"cz_influenza","non_minus_classical_monocyte","CEBPD","ranger_et",0.818295741936706
"cz_influenza","non_minus_classical_monocyte","ZNF589","ranger_et",0.730186937585183
"cz_influenza","non_minus_classical_monocyte","RELA","ranger_et",0.860426750319395
"cz_influenza","non_minus_classical_monocyte","FOSL2","ranger_et",0.860936981949462
"cz_influenza","non_minus_classical_monocyte","RUNX3","ranger_et",0.804648602119186
"cz_influenza","non_minus_classical_monocyte","ZBTB7A","ranger_et",0.884268834168919
"cz_influenza","non_minus_classical_monocyte","SREBF2","ranger_et",0.86370235777422
"cz_influenza","non_minus_classical_monocyte","PPARG","ranger_et",0.85621918665532
"cz_influenza","non_minus_classical_monocyte","HLX","ranger_et",0.839227156132035
"cz_influenza","non_minus_classical_monocyte","YBX1","ranger_et",0.764362739626651
"cz_influenza","non_minus_classical_monocyte","KLF5","ranger_et",0.855272645201709
"cz_influenza","non_minus_classical_monocyte","ID2","ranger_et",0.832591477035543
"cz_influenza","non_minus_classical_monocyte","E4F1","ranger_et",0.867608769855944
"cz_influenza","non_minus_classical_monocyte","TCF3","ranger_et",0.857084124952621
"cz_influenza","non_minus_classical_monocyte","MAFF","ranger_et",0.841080350886723
"cz_influenza","non_minus_classical_monocyte","BDP1","ranger_et",0.849165085670674
"cz_influenza","non_minus_classical_monocyte","CREB5","ranger_et",0.862139727165564
"cz_influenza","non_minus_classical_monocyte","SPI1","ranger_et",0.86550738142045
"cz_influenza","non_minus_classical_monocyte","ZNF331","ranger_et",0.762679559728055
"cz_influenza","non_minus_classical_monocyte","REL","ranger_et",0.872088697666328
"cz_influenza","non_minus_classical_monocyte","E2F2","ranger_et",0.860840952071423
"cz_influenza","non_minus_classical_monocyte","HSF2","ranger_et",0.819248237394031
"cz_influenza","non_minus_classical_monocyte","SPIB","ranger_et",0.872272275419501
"cz_influenza","non_minus_classical_monocyte","PPARD","ranger_et",0.859259765342026
"cz_influenza","non_minus_classical_monocyte","JUNB","ranger_et",0.858605119087018
"cz_influenza","non_minus_classical_monocyte","CREM","ranger_et",0.803707012254431
"cz_influenza","non_minus_classical_monocyte","FOXO3","ranger_et",0.832768072646223
"cz_influenza","non_minus_classical_monocyte","TCF12","ranger_et",0.85917307789102
"cz_influenza","non_minus_classical_monocyte","AHR","ranger_et",0.821443141371062
"cz_influenza","non_minus_classical_monocyte","KLF12","ranger_et",0.854474931734616
"cz_influenza","non_minus_classical_monocyte","SMARCA5","ranger_et",0.861827294757926
"cz_influenza","non_minus_classical_monocyte","JUND","ranger_et",0.861369081496581
"cz_influenza","non_minus_classical_monocyte","GTF2I","ranger_et",0.807372847916062
"cz_influenza","non_minus_classical_monocyte","NFE2","ranger_et",0.86022774755621
"cz_influenza","non_minus_classical_monocyte","MAFG","ranger_et",0.851594225589111
"cz_influenza","non_minus_classical_monocyte","NR3C2","ranger_et",0.760877321301433
"cz_influenza","non_minus_classical_monocyte","MAFB","ranger_et",0.854553476930375
"cz_influenza","non_minus_classical_monocyte","ZNF121","ranger_et",0.842710086755384
"cz_influenza","non_minus_classical_monocyte","IRF3","ranger_et",0.815751167384307
"cz_influenza","non_minus_classical_monocyte","ETS1","ranger_et",0.813869392989405
"cz_influenza","non_minus_classical_monocyte","ENO1","ranger_et",0.845258886015866
"cz_influenza","non_minus_classical_monocyte","ZNF770","ranger_et",0.867837817123083
"cz_influenza","non_minus_classical_monocyte","KLF3","ranger_et",0.789219388643748
"cz_influenza","non_minus_classical_monocyte","MYBL1","ranger_et",0.863099806582624
"cz_influenza","non_minus_classical_monocyte","KLF7","ranger_et",0.879943842361261
"cz_influenza","non_minus_classical_monocyte","FOS","ranger_et",0.852213061231576
"cz_influenza","non_minus_classical_monocyte","VEZF1","ranger_et",0.812984466748764
"cz_influenza","non_minus_classical_monocyte","ZNF263","ranger_et",0.836454052710755
"cz_influenza","non_minus_classical_monocyte","ESR2","ranger_et",0.849549829266098
"cz_influenza","non_minus_classical_monocyte","KLF2","ranger_et",0.85827425626752
"cz_influenza","non_minus_classical_monocyte","POU2F2","ranger_et",0.85597359030948
"cz_influenza","non_minus_classical_monocyte","STAT4","ranger_et",0.871108163753611
"cz_influenza","non_minus_classical_monocyte","SRF","ranger_et",0.82252290082285
"cz_influenza","non_minus_classical_monocyte","NFATC2","ranger_et",0.884164189753778
"cz_influenza","non_minus_classical_monocyte","RFX2","ranger_et",0.895896080754914
"cz_influenza","non_minus_classical_monocyte","ID1","ranger_et",0.848891616057504
"cz_influenza","non_minus_classical_monocyte","PAX5","ranger_et",0.870311500949516
"cz_influenza","non_minus_classical_monocyte","RORA","ranger_et",0.873401339780673
"cz_influenza","non_minus_classical_monocyte","NR1H3","ranger_et",0.839187274621044
"cz_influenza","non_minus_classical_monocyte","BCL6","ranger_et",0.870629517749609
"cz_influenza","non_minus_classical_monocyte","BHLHE40","ranger_et",0.851758148264752
"cz_influenza","non_minus_classical_monocyte","FOSB","ranger_et",0.854836757057997
"cz_influenza","non_minus_classical_monocyte","AHRR","ranger_et",0.755437353094436
"cz_influenza","non_minus_classical_monocyte","MYC","ranger_et",0.876358336453742
"cz_influenza","non_minus_classical_monocyte","FOSL1","ranger_et",0.871859493753891
"cz_influenza","non_minus_classical_monocyte","EGR1","ranger_et",0.775755741076437
"cz_influenza","non_minus_classical_monocyte","IRF1","ranger_et",0.842514432994219
"cz_influenza","non_minus_classical_monocyte","MAF","ranger_et",0.865867808184497
"cz_influenza","non_minus_classical_monocyte","NR4A2","ranger_et",0.832429078484784
"cz_influenza","non_minus_classical_monocyte","HES4","xgboost",0.857439456645163
"cz_influenza","non_minus_classical_monocyte","ITGB2","xgboost",0.810264760434728
"cz_influenza","non_minus_classical_monocyte","CEBPD","xgboost",0.839093250192848
"cz_influenza","non_minus_classical_monocyte","ZNF589","xgboost",0.698123019507103
"cz_influenza","non_minus_classical_monocyte","RELA","xgboost",0.873363035658504
"cz_influenza","non_minus_classical_monocyte","FOSL2","xgboost",0.858487249096407
"cz_influenza","non_minus_classical_monocyte","RUNX3","xgboost",0.79762638173592
"cz_influenza","non_minus_classical_monocyte","ZBTB7A","xgboost",0.89152511182259
"cz_influenza","non_minus_classical_monocyte","SREBF2","xgboost",0.872454248716619
"cz_influenza","non_minus_classical_monocyte","PPARG","xgboost",0.886518900160028
"cz_influenza","non_minus_classical_monocyte","HLX","xgboost",0.85347548506276
"cz_influenza","non_minus_classical_monocyte","YBX1","xgboost",0.766942158439939
"cz_influenza","non_minus_classical_monocyte","KLF5","xgboost",0.902573312561236
"cz_influenza","non_minus_classical_monocyte","ID2","xgboost",0.812792559799248
"cz_influenza","non_minus_classical_monocyte","E4F1","xgboost",0.847819881986959
"cz_influenza","non_minus_classical_monocyte","TCF3","xgboost",0.863636412119799
"cz_influenza","non_minus_classical_monocyte","MAFF","xgboost",0.895143556792007
"cz_influenza","non_minus_classical_monocyte","BDP1","xgboost",0.867306410395072
"cz_influenza","non_minus_classical_monocyte","CREB5","xgboost",0.840525572628451
"cz_influenza","non_minus_classical_monocyte","SPI1","xgboost",0.883862657759409
"cz_influenza","non_minus_classical_monocyte","ZNF331","xgboost",0.769145771924149
"cz_influenza","non_minus_classical_monocyte","REL","xgboost",0.926488251298695
"cz_influenza","non_minus_classical_monocyte","E2F2","xgboost",0.861093472671426
"cz_influenza","non_minus_classical_monocyte","HSF2","xgboost",0.823239693187603
"cz_influenza","non_minus_classical_monocyte","SPIB","xgboost",0.887173519576034
"cz_influenza","non_minus_classical_monocyte","PPARD","xgboost",0.882664146792104
"cz_influenza","non_minus_classical_monocyte","JUNB","xgboost",0.882507992785057
"cz_influenza","non_minus_classical_monocyte","CREM","xgboost",0.788604234587484
"cz_influenza","non_minus_classical_monocyte","FOXO3","xgboost",0.861093069969336
"cz_influenza","non_minus_classical_monocyte","TCF12","xgboost",0.882796906094376
"cz_influenza","non_minus_classical_monocyte","AHR","xgboost",0.833521219788098
"cz_influenza","non_minus_classical_monocyte","KLF12","xgboost",0.852464181518601
"cz_influenza","non_minus_classical_monocyte","SMARCA5","xgboost",0.8680408928542
"cz_influenza","non_minus_classical_monocyte","JUND","xgboost",0.910632142055011
"cz_influenza","non_minus_classical_monocyte","GTF2I","xgboost",0.807266499901331
"cz_influenza","non_minus_classical_monocyte","NFE2","xgboost",0.855807836585678
"cz_influenza","non_minus_classical_monocyte","MAFG","xgboost",0.888626715140793
"cz_influenza","non_minus_classical_monocyte","NR3C2","xgboost",0.806824744779202
"cz_influenza","non_minus_classical_monocyte","MAFB","xgboost",0.878983561799478
"cz_influenza","non_minus_classical_monocyte","ZNF121","xgboost",0.88274042933754
"cz_influenza","non_minus_classical_monocyte","IRF3","xgboost",0.850562340693305
"cz_influenza","non_minus_classical_monocyte","ETS1","xgboost",0.765518657484677
"cz_influenza","non_minus_classical_monocyte","ENO1","xgboost",0.860459873293003
"cz_influenza","non_minus_classical_monocyte","ZNF770","xgboost",0.883364180852015
"cz_influenza","non_minus_classical_monocyte","KLF3","xgboost",0.791226820777399
"cz_influenza","non_minus_classical_monocyte","MYBL1","xgboost",0.898684357396338
"cz_influenza","non_minus_classical_monocyte","KLF7","xgboost",0.89212343292875
"cz_influenza","non_minus_classical_monocyte","FOS","xgboost",0.876466851856386
"cz_influenza","non_minus_classical_monocyte","VEZF1","xgboost",0.808475218174346
"cz_influenza","non_minus_classical_monocyte","ZNF263","xgboost",0.873737187150679
"cz_influenza","non_minus_classical_monocyte","ESR2","xgboost",0.870884740431377
"cz_influenza","non_minus_classical_monocyte","KLF2","xgboost",0.840331622287275
"cz_influenza","non_minus_classical_monocyte","POU2F2","xgboost",0.865729116470052
"cz_influenza","non_minus_classical_monocyte","STAT4","xgboost",0.884798201178917
"cz_influenza","non_minus_classical_monocyte","SRF","xgboost",0.81437468869147
"cz_influenza","non_minus_classical_monocyte","NFATC2","xgboost",0.877240041395849
"cz_influenza","non_minus_classical_monocyte","RFX2","xgboost",0.890157250910238
"cz_influenza","non_minus_classical_monocyte","ID1","xgboost",0.844684763364424
"cz_influenza","non_minus_classical_monocyte","PAX5","xgboost",0.896308256088479
"cz_influenza","non_minus_classical_monocyte","RORA","xgboost",0.875294650399842
"cz_influenza","non_minus_classical_monocyte","NR1H3","xgboost",0.861981632935652
"cz_influenza","non_minus_classical_monocyte","BCL6","xgboost",0.90220381740098
"cz_influenza","non_minus_classical_monocyte","BHLHE40","xgboost",0.881544494176171
"cz_influenza","non_minus_classical_monocyte","FOSB","xgboost",0.900797315120545
"cz_influenza","non_minus_classical_monocyte","AHRR","xgboost",0.730493018207773
"cz_influenza","non_minus_classical_monocyte","MYC","xgboost",0.898996126757743
"cz_influenza","non_minus_classical_monocyte","FOSL1","xgboost",0.901708862702697
"cz_influenza","non_minus_classical_monocyte","EGR1","xgboost",0.789599389376737
"cz_influenza","non_minus_classical_monocyte","IRF1","xgboost",0.88641222044619
"cz_influenza","non_minus_classical_monocyte","MAF","xgboost",0.90042705184085
"cz_influenza","non_minus_classical_monocyte","NR4A2","xgboost",0.855253450402061
"cz_influenza","non_minus_classical_monocyte","HES4","mars",0.414295676719673
"cz_influenza","non_minus_classical_monocyte","ITGB2","mars",0.748123756605488
"cz_influenza","non_minus_classical_monocyte","CEBPD","mars",0.796488190290242
"cz_influenza","non_minus_classical_monocyte","ZNF589","mars",0.431975357079083
"cz_influenza","non_minus_classical_monocyte","RELA","mars",0.151923252533288
"cz_influenza","non_minus_classical_monocyte","FOSL2","mars",0.669318061159564
"cz_influenza","non_minus_classical_monocyte","RUNX3","mars",0.720335545097103
"cz_influenza","non_minus_classical_monocyte","ZBTB7A","mars",0.811978673523232
"cz_influenza","non_minus_classical_monocyte","SREBF2","mars",0.736430257055916
"cz_influenza","non_minus_classical_monocyte","PPARG","mars",0.798753145467225
"cz_influenza","non_minus_classical_monocyte","HLX","mars",0.665113240030859
"cz_influenza","non_minus_classical_monocyte","YBX1","mars",0.689846713146671
"cz_influenza","non_minus_classical_monocyte","KLF5","mars",0.772902085002859
"cz_influenza","non_minus_classical_monocyte","ID2","mars",-0.12862611935663
"cz_influenza","non_minus_classical_monocyte","E4F1","mars",0.787490648205498
"cz_influenza","non_minus_classical_monocyte","TCF3","mars",0.782758197076377
"cz_influenza","non_minus_classical_monocyte","MAFF","mars",0.778887454641947
"cz_influenza","non_minus_classical_monocyte","BDP1","mars",0.717249240503663
"cz_influenza","non_minus_classical_monocyte","CREB5","mars",0.732305602468095
"cz_influenza","non_minus_classical_monocyte","SPI1","mars",0.841705657344556
"cz_influenza","non_minus_classical_monocyte","ZNF331","mars",0.493319059543458
"cz_influenza","non_minus_classical_monocyte","REL","mars",0.780856026806522
"cz_influenza","non_minus_classical_monocyte","E2F2","mars",0.561834255965721
"cz_influenza","non_minus_classical_monocyte","HSF2","mars",-1.08515796742108
"cz_influenza","non_minus_classical_monocyte","SPIB","mars",0.723147569848403
"cz_influenza","non_minus_classical_monocyte","PPARD","mars",0.815969474457327
"cz_influenza","non_minus_classical_monocyte","JUNB","mars",0.797715175574546
"cz_influenza","non_minus_classical_monocyte","CREM","mars",0.701730596954844
"cz_influenza","non_minus_classical_monocyte","FOXO3","mars",0.393636285647631
"cz_influenza","non_minus_classical_monocyte","TCF12","mars",0.821511782575149
"cz_influenza","non_minus_classical_monocyte","AHR","mars",0.686501614434163
"cz_influenza","non_minus_classical_monocyte","KLF12","mars",0.756968447216068
"cz_influenza","non_minus_classical_monocyte","SMARCA5","mars",0.6875061680427
"cz_influenza","non_minus_classical_monocyte","JUND","mars",0.739564984099564
"cz_influenza","non_minus_classical_monocyte","GTF2I","mars",0.725745852963784
"cz_influenza","non_minus_classical_monocyte","NFE2","mars",0.734681191113413
"cz_influenza","non_minus_classical_monocyte","MAFG","mars",0.79533985004553
"cz_influenza","non_minus_classical_monocyte","NR3C2","mars",0.665902552508198
"cz_influenza","non_minus_classical_monocyte","MAFB","mars",0.794291638043624
"cz_influenza","non_minus_classical_monocyte","ZNF121","mars",0.705733568432649
"cz_influenza","non_minus_classical_monocyte","IRF3","mars",0.71853045066812
"cz_influenza","non_minus_classical_monocyte","ETS1","mars",0.689086787601644
"cz_influenza","non_minus_classical_monocyte","ENO1","mars",0.63541671785247
"cz_influenza","non_minus_classical_monocyte","ZNF770","mars",0.856826984319148
"cz_influenza","non_minus_classical_monocyte","KLF3","mars",0.714244279436078
"cz_influenza","non_minus_classical_monocyte","MYBL1","mars",0.704841969432024
"cz_influenza","non_minus_classical_monocyte","KLF7","mars",0.830888558266182
"cz_influenza","non_minus_classical_monocyte","FOS","mars",0.602944650771527
"cz_influenza","non_minus_classical_monocyte","VEZF1","mars",0.537269645756325
"cz_influenza","non_minus_classical_monocyte","ZNF263","mars",0.686634108962316
"cz_influenza","non_minus_classical_monocyte","ESR2","mars",0.734515798817358
"cz_influenza","non_minus_classical_monocyte","KLF2","mars",0.749959289477653
"cz_influenza","non_minus_classical_monocyte","POU2F2","mars",0.732267812833901
"cz_influenza","non_minus_classical_monocyte","STAT4","mars",0.741298171430523
"cz_influenza","non_minus_classical_monocyte","SRF","mars",0.668396792412246
"cz_influenza","non_minus_classical_monocyte","NFATC2","mars",0.799820315758788
"cz_influenza","non_minus_classical_monocyte","RFX2","mars",0.849542548154752
"cz_influenza","non_minus_classical_monocyte","ID1","mars",0.745249808615934
"cz_influenza","non_minus_classical_monocyte","PAX5","mars",0.795967257825745
"cz_influenza","non_minus_classical_monocyte","RORA","mars",0.710827986037361
"cz_influenza","non_minus_classical_monocyte","NR1H3","mars",0.828232801071471
"cz_influenza","non_minus_classical_monocyte","BCL6","mars",0.73548482028997
"cz_influenza","non_minus_classical_monocyte","BHLHE40","mars",0.835284545689561
"cz_influenza","non_minus_classical_monocyte","FOSB","mars",0.844170487177476
"cz_influenza","non_minus_classical_monocyte","AHRR","mars",0.502537312734023
"cz_influenza","non_minus_classical_monocyte","MYC","mars",0.736555960109097
"cz_influenza","non_minus_classical_monocyte","FOSL1","mars",0.870575285639044
"cz_influenza","non_minus_classical_monocyte","EGR1","mars",0.374374568036984
"cz_influenza","non_minus_classical_monocyte","IRF1","mars",0.750624763944267
"cz_influenza","non_minus_classical_monocyte","MAF","mars",0.758735980058511
"cz_influenza","non_minus_classical_monocyte","NR4A2","mars",0.765222399939823
"cz_influenza","non_minus_classical_monocyte","HES4","svm_rbf",0.875796902083979
"cz_influenza","non_minus_classical_monocyte","ITGB2","svm_rbf",0.817090036648559
"cz_influenza","non_minus_classical_monocyte","CEBPD","svm_rbf",0.807009540868667
"cz_influenza","non_minus_classical_monocyte","ZNF589","svm_rbf",0.661773772568815
"cz_influenza","non_minus_classical_monocyte","RELA","svm_rbf",0.856410780740239
"cz_influenza","non_minus_classical_monocyte","FOSL2","svm_rbf",0.85585471230378
"cz_influenza","non_minus_classical_monocyte","RUNX3","svm_rbf",0.790289791699406
"cz_influenza","non_minus_classical_monocyte","ZBTB7A","svm_rbf",0.879912511230022
"cz_influenza","non_minus_classical_monocyte","SREBF2","svm_rbf",0.8585225661827
"cz_influenza","non_minus_classical_monocyte","PPARG","svm_rbf",0.843692110852978
"cz_influenza","non_minus_classical_monocyte","HLX","svm_rbf",0.832013755294445
"cz_influenza","non_minus_classical_monocyte","YBX1","svm_rbf",0.749136138729804
"cz_influenza","non_minus_classical_monocyte","KLF5","svm_rbf",0.829994622274977
"cz_influenza","non_minus_classical_monocyte","ID2","svm_rbf",0.84727756052119
"cz_influenza","non_minus_classical_monocyte","E4F1","svm_rbf",0.849110648303599
"cz_influenza","non_minus_classical_monocyte","TCF3","svm_rbf",0.86047457240978
"cz_influenza","non_minus_classical_monocyte","MAFF","svm_rbf",0.837897966530146
"cz_influenza","non_minus_classical_monocyte","BDP1","svm_rbf",0.840859086429898
"cz_influenza","non_minus_classical_monocyte","CREB5","svm_rbf",0.870144333497355
"cz_influenza","non_minus_classical_monocyte","SPI1","svm_rbf",0.849515181550118
"cz_influenza","non_minus_classical_monocyte","ZNF331","svm_rbf",0.762303513297482
"cz_influenza","non_minus_classical_monocyte","REL","svm_rbf",0.863466828019611
"cz_influenza","non_minus_classical_monocyte","E2F2","svm_rbf",0.845093471084011
"cz_influenza","non_minus_classical_monocyte","HSF2","svm_rbf",0.790207303459457
"cz_influenza","non_minus_classical_monocyte","SPIB","svm_rbf",0.855006791666914
"cz_influenza","non_minus_classical_monocyte","PPARD","svm_rbf",0.847647988210891
"cz_influenza","non_minus_classical_monocyte","JUNB","svm_rbf",0.846505153161289
"cz_influenza","non_minus_classical_monocyte","CREM","svm_rbf",0.805127152312344
"cz_influenza","non_minus_classical_monocyte","FOXO3","svm_rbf",0.810637445004635
"cz_influenza","non_minus_classical_monocyte","TCF12","svm_rbf",0.864003852632223
"cz_influenza","non_minus_classical_monocyte","AHR","svm_rbf",0.789922103787575
"cz_influenza","non_minus_classical_monocyte","KLF12","svm_rbf",0.872652209305459
"cz_influenza","non_minus_classical_monocyte","SMARCA5","svm_rbf",0.851894617602257
"cz_influenza","non_minus_classical_monocyte","JUND","svm_rbf",0.842777089046635
"cz_influenza","non_minus_classical_monocyte","GTF2I","svm_rbf",0.791686406560447
"cz_influenza","non_minus_classical_monocyte","NFE2","svm_rbf",0.863017168201981
"cz_influenza","non_minus_classical_monocyte","MAFG","svm_rbf",0.832388814496862
"cz_influenza","non_minus_classical_monocyte","NR3C2","svm_rbf",0.758291730011957
"cz_influenza","non_minus_classical_monocyte","MAFB","svm_rbf",0.848662686629924
"cz_influenza","non_minus_classical_monocyte","ZNF121","svm_rbf",0.831058419726924
"cz_influenza","non_minus_classical_monocyte","IRF3","svm_rbf",0.804340103103091
"cz_influenza","non_minus_classical_monocyte","ETS1","svm_rbf",0.838526508267985
"cz_influenza","non_minus_classical_monocyte","ENO1","svm_rbf",0.82688145205228
"cz_influenza","non_minus_classical_monocyte","ZNF770","svm_rbf",0.85585542199694
"cz_influenza","non_minus_classical_monocyte","KLF3","svm_rbf",0.848535979980755
"cz_influenza","non_minus_classical_monocyte","MYBL1","svm_rbf",0.841540491285112
"cz_influenza","non_minus_classical_monocyte","KLF7","svm_rbf",0.860238089619162
"cz_influenza","non_minus_classical_monocyte","FOS","svm_rbf",0.849646173288472
"cz_influenza","non_minus_classical_monocyte","VEZF1","svm_rbf",0.838796542062813
"cz_influenza","non_minus_classical_monocyte","ZNF263","svm_rbf",0.829382353641482
"cz_influenza","non_minus_classical_monocyte","ESR2","svm_rbf",0.850051265524964
"cz_influenza","non_minus_classical_monocyte","KLF2","svm_rbf",0.867461153514872
"cz_influenza","non_minus_classical_monocyte","POU2F2","svm_rbf",0.841706507500883
"cz_influenza","non_minus_classical_monocyte","STAT4","svm_rbf",0.867744252238286
"cz_influenza","non_minus_classical_monocyte","SRF","svm_rbf",0.83310298548332
"cz_influenza","non_minus_classical_monocyte","NFATC2","svm_rbf",0.882859581429665
"cz_influenza","non_minus_classical_monocyte","RFX2","svm_rbf",0.883541760567784
"cz_influenza","non_minus_classical_monocyte","ID1","svm_rbf",0.846153545852784
"cz_influenza","non_minus_classical_monocyte","PAX5","svm_rbf",0.859672687379625
"cz_influenza","non_minus_classical_monocyte","RORA","svm_rbf",0.86761682888651
"cz_influenza","non_minus_classical_monocyte","NR1H3","svm_rbf",0.860190699708513
"cz_influenza","non_minus_classical_monocyte","BCL6","svm_rbf",0.842415207966219
"cz_influenza","non_minus_classical_monocyte","BHLHE40","svm_rbf",0.864131278771966
"cz_influenza","non_minus_classical_monocyte","FOSB","svm_rbf",0.837791505339825
"cz_influenza","non_minus_classical_monocyte","AHRR","svm_rbf",0.712623640867087
"cz_influenza","non_minus_classical_monocyte","MYC","svm_rbf",0.868302915533778
"cz_influenza","non_minus_classical_monocyte","FOSL1","svm_rbf",0.871090273654671
"cz_influenza","non_minus_classical_monocyte","EGR1","svm_rbf",0.77853777241589
"cz_influenza","non_minus_classical_monocyte","IRF1","svm_rbf",0.833468308549445
"cz_influenza","non_minus_classical_monocyte","MAF","svm_rbf",0.864497986074433
"cz_influenza","non_minus_classical_monocyte","NR4A2","svm_rbf",0.824587192291086
