"ko","panel","kind","anchor_pair","n_pairs_zeroed","tf","dz","dz_severe","anchor_sign","weak_anchor","expr_dir"
"receptorKO:ITGB2","top","receptor","HP-ITGB2",2,"ZBTB7A",0.174147829671272,0.328466755707615,-1,FALSE,-1
"receptorKO:ITGB2","top","receptor","HP-ITGB2",2,"KLF6",0.166865772355574,0.351501758736327,-1,FALSE,-1
"receptorKO:ITGB2","top","receptor","HP-ITGB2",2,"EGR1",0.25114195093829,0.487451662483069,-1,FALSE,-1
"receptorKO:ITGB2","top","receptor","HP-ITGB2",2,"KLF4",0.0823102385232542,0.198653929386617,-1,FALSE,-1
"receptorKO:ITGB2","top","receptor","HP-ITGB2",2,"MEF2C",0.197270546572445,0.371721414616141,-1,TRUE,-1
"receptorKO:ITGB2","top","receptor","HP-ITGB2",2,"NR4A2",0.186785318794904,0.342659889615748,1,TRUE,1
"receptorKO:ITGB2","top","receptor","HP-ITGB2",2,"E2F5",0.268749730997873,0.478321694717642,1,TRUE,1
"receptorKO:ITGB2","top","receptor","HP-ITGB2",2,"FOXL2",0.1030096403728,0.231447335176013,NA,FALSE,NA
"receptorKO:ITGB2","top","receptor","HP-ITGB2",2,"EGR3",0.273115656330869,0.45686906322691,-1,TRUE,-1
"receptorKO:ITGB2","top","receptor","HP-ITGB2",2,"BHLHE40",0.191768836387923,0.379857012755743,-1,FALSE,-1
"receptorKO:ITGB2","top","receptor","HP-ITGB2",2,"RUNX3",0.241599787950491,0.419244663941842,-1,FALSE,-1
"receptorKO:ITGB2","top","receptor","HP-ITGB2",2,"RAD21",-0.019532988772372,0.027442782672559,1,TRUE,-1
"receptorKO:ITGB2","top","receptor","HP-ITGB2",2,"BCL11A",-0.0625681090483408,-0.044296340639017,1,FALSE,-1
"receptorKO:ITGB2","top","receptor","HP-ITGB2",2,"GTF2I",0.298829694454212,0.489822748682258,1,TRUE,1
"receptorKO:ITGB2","top","receptor","HP-ITGB2",2,"CREB1",0.180213661987401,0.29299037691106,1,TRUE,1
"receptorKO:ITGB2","top","receptor","HP-ITGB2",2,"ELF2",-0.151683441284961,-0.0494329351382739,-1,FALSE,1
"receptorKO:ITGB2","top","receptor","HP-ITGB2",2,"MAFB",-0.152561316478921,0.0351189914974886,-1,TRUE,1
"receptorKO:ITGB2","top","receptor","HP-ITGB2",2,"KLF2",0.0712754166301422,0.112299512257357,-1,FALSE,-1
"receptorKO:ITGB2","top","receptor","HP-ITGB2",2,"ATF5",-0.0326286029636615,-0.00346047441704934,1,FALSE,-1
"receptorKO:ITGB2","top","receptor","HP-ITGB2",2,"IRF8",-0.138359805120813,-0.0658733400528265,1,FALSE,-1
"receptorKO:ITGB2","top","receptor","HP-ITGB2",2,"BDP1",-0.163932240450192,-0.0167459794328245,1,TRUE,-1
"receptorKO:ITGB2","top","receptor","HP-ITGB2",2,"CREB5",-0.037810251922347,-0.0289804481794315,1,FALSE,-1
"receptorKO:ITGB2","top","receptor","HP-ITGB2",2,"CEBPD",0.0448786416196764,0.129499648424774,1,FALSE,1
"receptorKO:ITGB2","top","receptor","HP-ITGB2",2,"HIVEP1",0.00272653163273672,0.064100513864226,-1,TRUE,-1
"receptorKO:ITGB2","top","receptor","HP-ITGB2",2,"ETV7",0.0449997180278786,0.0702885396287065,-1,TRUE,-1
"receptorKO:ITGB2","top","receptor","HP-ITGB2",2,"POU4F1",-0.06279321790663,0.0163436774869622,-1,TRUE,1
"receptorKO:ITGB2","top","receptor","HP-ITGB2",2,"ID1",-0.0198453339249985,0.0037722757374333,1,FALSE,-1
"receptorKO:ITGB2","top","receptor","HP-ITGB2",2,"HOXB2",-0.0276220199244198,-0.00195214148401528,1,TRUE,-1
"receptorKO:ITGB2","top","receptor","HP-ITGB2",2,"SPI1",-0.0474133125213154,-0.00441663851018307,-1,TRUE,1
"receptorKO:ITGB2","top","receptor","HP-ITGB2",2,"BCLAF1",-0.0962033133707699,-0.0339482162109793,-1,FALSE,1
"receptorKO:ITGB2","top","receptor","HP-ITGB2",2,"STAT1",-0.0483812469105095,-0.0193516107134315,1,FALSE,-1
"receptorKO:ITGB2","top","receptor","HP-ITGB2",2,"TCF7L2",-0.00165979175476336,0.0279183531792035,-1,FALSE,1
"receptorKO:ITGB2","top","receptor","HP-ITGB2",2,"BRCA1",-0.0312660725794189,0.0978533522051619,1,TRUE,-1
"receptorKO:ITGB2","top","receptor","HP-ITGB2",2,"CEBPB",-0.123839645441444,-0.0821734455139172,1,FALSE,-1
"receptorKO:ITGB2","top","receptor","HP-ITGB2",2,"RORA",-0.0677418548494501,0.0153475109473561,-1,FALSE,1
"receptorKO:ITGB2","top","receptor","HP-ITGB2",2,"ZBTB14",0.0540564580762382,0.0730520999067266,-1,TRUE,-1
"receptorKO:ITGB2","top","receptor","HP-ITGB2",2,"EGR2",0.0702361227943466,0.0767561209117909,-1,TRUE,-1
"receptorKO:ITGB2","top","receptor","HP-ITGB2",2,"IRF9",-0.0979910683045776,-0.0806053372740293,1,TRUE,-1
"receptorKO:ITGB2","top","receptor","HP-ITGB2",2,"FOXC1",-0.0102290267682475,-0.0227530863293943,1,TRUE,-1
"receptorKO:ITGB2","top","receptor","HP-ITGB2",2,"FOXP1",-0.0366606080345471,-0.00174689706250851,-1,TRUE,1
"receptorKO:ITGB2","top","receptor","HP-ITGB2",2,"ESR1",-0.0809773534566473,-0.0631312101191417,1,TRUE,-1
"receptorKO:ITGB2","top","receptor","HP-ITGB2",2,"AHR",-0.0573997045321429,-0.0508908717984267,1,TRUE,-1
"receptorKO:ITGB2","top","receptor","HP-ITGB2",2,"KLF10",-0.00803401029977562,-0.00778581072683623,1,TRUE,-1
"receptorKO:ITGB2","top","receptor","HP-ITGB2",2,"ZBTB7C",-0.00755651631055518,0.00486602220406434,1,TRUE,-1
"receptorKO:ITGB2","top","receptor","HP-ITGB2",2,"FOXP3",0.0512540149331851,0.0384368895547668,1,TRUE,1
"receptorKO:ITGB2","top","receptor","HP-ITGB2",2,"NFATC2",0.0170549193848387,-0.00389193642090443,1,FALSE,1
"receptorKO:ITGB2","top","receptor","HP-ITGB2",2,"STAT2",-0.0355874548317744,-0.030872267380776,1,FALSE,-1
"receptorKO:ITGB2","top","receptor","HP-ITGB2",2,"RARG",-0.00682456343807068,-0.00489579037683804,1,TRUE,-1
"receptorKO:ITGB2","top","receptor","HP-ITGB2",2,"XBP1",-0.0223972311231361,-0.0450205601930573,1,TRUE,-1
"receptorKO:ITGB2","top","receptor","HP-ITGB2",2,"REL",-0.0927222563742992,-0.144867429894829,1,TRUE,-1
"receptorKO:ITGB2","top","receptor","HP-ITGB2",2,"POU2F2",-0.0984360214515271,-0.145558460566227,-1,FALSE,1
"receptorKO:ITGB2","top","receptor","HP-ITGB2",2,"IRF1",-0.054923503097465,-0.0926009761233712,1,TRUE,-1
"receptorKO:ITGB2","top","receptor","HP-ITGB2",2,"ETS2",-0.0933600934818061,-0.146072388121146,1,FALSE,-1
"receptorKO:ITGB2","top","receptor","HP-ITGB2",2,"TFEC",-0.0747209279020416,-0.175405174900788,1,TRUE,-1
"receptorKO:ITGB2","top","receptor","HP-ITGB2",2,"ITGB2",-0.0910701855519661,-0.105259248212662,1,TRUE,-1
"receptorKO:ITGB2","top","receptor","HP-ITGB2",2,"POU2F1",-0.0163076810859317,-0.144750189405313,1,FALSE,-1
"receptorKO:ITGB2","top","receptor","HP-ITGB2",2,"JUN",-0.0676338284557837,-0.119442300922686,1,TRUE,-1
"receptorKO:ITGB2","top","receptor","HP-ITGB2",2,"CUX1",-0.0868444573238405,-0.13028719611393,-1,TRUE,1
"receptorKO:ITGB2","top","receptor","HP-ITGB2",2,"PLAG1",0.0550422146146923,0.0231200400534207,-1,TRUE,-1
"receptorKO:ITGB2","top","receptor","HP-ITGB2",2,"JUND",-0.101201168367783,-0.192483226376703,1,TRUE,-1
"receptorKO:ITGB2","top","receptor","HP-ITGB2",2,"FOSL2",-0.184852094520732,-0.340009615595326,1,FALSE,-1
"receptorKO:ITGB2","top","receptor","HP-ITGB2",2,"NR1D1",-0.178770687406141,-0.310229819358709,1,FALSE,-1
"receptorKO:ITGB2","top","receptor","HP-ITGB2",2,"ZFY",0.146613129607275,0.00375053920843771,1,TRUE,1
"receptorKO:ITGB2","top","receptor","HP-ITGB2",2,"FOSB",-0.232828730005263,-0.3256101285214,-1,FALSE,1
"receptorKO:ITGB2","top","receptor","HP-ITGB2",2,"NR4A1",-0.178844707116018,-0.3465347788249,1,TRUE,-1
"receptorKO:ITGB2","top","receptor","HP-ITGB2",2,"ATF4",0.052058853170934,-0.0449633395387006,1,FALSE,1
"receptorKO:ITGB2","top","receptor","HP-ITGB2",2,"NFIL3",-0.21048385017454,-0.371903855392841,1,FALSE,-1
"receptorKO:ITGB2","top","receptor","HP-ITGB2",2,"STAT3",-0.213924671192658,-0.369652539778397,1,FALSE,-1
"receptorKO:ITGB2","top","receptor","HP-ITGB2",2,"NFE2",-0.273962929277327,-0.46673359327034,1,TRUE,-1
"receptorKO:ITGB2","top","receptor","HP-ITGB2",2,"MXI1",-0.252829877150074,-0.457398941786013,1,TRUE,-1
"receptorKO:ITGB2","top","receptor","HP-ITGB2",2,"HIF1A",-0.362055627101643,-0.649890634742833,1,FALSE,-1
"receptorKO:ITGB2","top","receptor","HP-ITGB2",2,"NFKB2",-0.198686604428331,-0.355871216461306,1,FALSE,-1
"receptorKO:ITGB2","top","receptor","HP-ITGB2",2,"ATF3",-0.167877302717251,-0.243934476097021,1,FALSE,-1
"receptorKO:ITGB2","top","receptor","HP-ITGB2",2,"HES4",-0.0911980884828985,-0.206747611166854,1,FALSE,-1
"ligandKO:HP","top","ligand","HP-ITGB2",1,"ZBTB7A",0.169443912711657,0.324337770146216,-1,FALSE,-1
"ligandKO:HP","top","ligand","HP-ITGB2",1,"KLF6",0.201199276660286,0.379119839233293,-1,FALSE,-1
"ligandKO:HP","top","ligand","HP-ITGB2",1,"EGR1",0.281911624946278,0.520871540054338,-1,FALSE,-1
"ligandKO:HP","top","ligand","HP-ITGB2",1,"KLF4",0.138282627430879,0.267318215440152,-1,FALSE,-1
"ligandKO:HP","top","ligand","HP-ITGB2",1,"MEF2C",0.193246108274905,0.367580023830658,-1,TRUE,-1
"ligandKO:HP","top","ligand","HP-ITGB2",1,"NR4A2",0.182729224149999,0.34070953328507,1,TRUE,1
"ligandKO:HP","top","ligand","HP-ITGB2",1,"E2F5",0.260620612544269,0.471490527350398,1,TRUE,1
"ligandKO:HP","top","ligand","HP-ITGB2",1,"FOXL2",0.119410357074101,0.23701118008988,NA,FALSE,NA
"ligandKO:HP","top","ligand","HP-ITGB2",1,"EGR3",0.262570894532634,0.456961703852511,-1,TRUE,-1
"ligandKO:HP","top","ligand","HP-ITGB2",1,"BHLHE40",0.192842571506512,0.375466487023414,-1,FALSE,-1
"ligandKO:HP","top","ligand","HP-ITGB2",1,"RUNX3",0.231948417142449,0.416510034042102,-1,FALSE,-1
"ligandKO:HP","top","ligand","HP-ITGB2",1,"RAD21",0.046295628643831,0.0662001977555988,1,TRUE,1
"ligandKO:HP","top","ligand","HP-ITGB2",1,"BCL11A",0.00140747478191196,0.000119065458189249,1,FALSE,1
"ligandKO:HP","top","ligand","HP-ITGB2",1,"GTF2I",0.280592854683915,0.484694231949583,1,TRUE,1
"ligandKO:HP","top","ligand","HP-ITGB2",1,"CREB1",0.163169896386702,0.290168239780323,1,TRUE,1
"ligandKO:HP","top","ligand","HP-ITGB2",1,"ELF2",0.00582440330584799,0.0180948880959429,-1,FALSE,-1
"ligandKO:HP","top","ligand","HP-ITGB2",1,"MAFB",0.0607203936112651,0.12144799711464,-1,TRUE,-1
"ligandKO:HP","top","ligand","HP-ITGB2",1,"KLF2",0.0638975485715782,0.106352256411253,-1,FALSE,-1
"ligandKO:HP","top","ligand","HP-ITGB2",1,"ATF5",0.0262756409305726,0.0478956150311094,1,FALSE,1
"ligandKO:HP","top","ligand","HP-ITGB2",1,"IRF8",-0.00623608491844341,-0.00210361873444454,1,FALSE,-1
"ligandKO:HP","top","ligand","HP-ITGB2",1,"BDP1",0.0179614998899938,0.0476000738352196,1,TRUE,1
"ligandKO:HP","top","ligand","HP-ITGB2",1,"CREB5",-0.00542245203473982,-0.00971776289563715,1,FALSE,-1
"ligandKO:HP","top","ligand","HP-ITGB2",1,"CEBPD",0.0912768477861108,0.170320884067428,1,FALSE,1
"ligandKO:HP","top","ligand","HP-ITGB2",1,"HIVEP1",0.0405947688169233,0.0828562052133827,-1,TRUE,-1
"ligandKO:HP","top","ligand","HP-ITGB2",1,"ETV7",0.040561536738262,0.0653548398405579,-1,TRUE,-1
"ligandKO:HP","top","ligand","HP-ITGB2",1,"POU4F1",0.025811008999523,0.0584953523855637,-1,TRUE,-1
"ligandKO:HP","top","ligand","HP-ITGB2",1,"ID1",0.0111090146304318,0.024310181487339,1,FALSE,1
"ligandKO:HP","top","ligand","HP-ITGB2",1,"HOXB2",0.0238303980692443,0.0244858711052662,1,TRUE,1
"ligandKO:HP","top","ligand","HP-ITGB2",1,"SPI1",0.0121634493598208,0.0228451821803072,-1,TRUE,-1
"ligandKO:HP","top","ligand","HP-ITGB2",1,"BCLAF1",0.00169970212430834,0.0133370122631572,-1,FALSE,-1
"ligandKO:HP","top","ligand","HP-ITGB2",1,"STAT1",0.00185352867871782,0.00537581863659399,1,FALSE,1
"ligandKO:HP","top","ligand","HP-ITGB2",1,"TCF7L2",0.0199435605917081,0.0397292057694886,-1,FALSE,-1
"ligandKO:HP","top","ligand","HP-ITGB2",1,"BRCA1",0.0603464463436471,0.120685853847177,1,TRUE,1
"ligandKO:HP","top","ligand","HP-ITGB2",1,"CEBPB",-0.00218866694508855,0.00343478212784406,1,FALSE,-1
"ligandKO:HP","top","ligand","HP-ITGB2",1,"RORA",0.0357230314075445,0.0726860912071142,-1,FALSE,-1
"ligandKO:HP","top","ligand","HP-ITGB2",1,"ZBTB14",0.0421143542869541,0.063756809784476,-1,TRUE,-1
"ligandKO:HP","top","ligand","HP-ITGB2",1,"EGR2",0.0680082508953752,0.0834457195721652,-1,TRUE,-1
"ligandKO:HP","top","ligand","HP-ITGB2",1,"IRF9",-0.0164832312323865,-0.0291704261109194,1,TRUE,-1
"ligandKO:HP","top","ligand","HP-ITGB2",1,"FOXC1",0.0100424558785038,0.00267012972550421,1,TRUE,1
"ligandKO:HP","top","ligand","HP-ITGB2",1,"FOXP1",0.00824765936417218,0.0218248965500682,-1,TRUE,-1
"ligandKO:HP","top","ligand","HP-ITGB2",1,"ESR1",-0.00774671082734397,-0.0194322521428593,1,TRUE,-1
"ligandKO:HP","top","ligand","HP-ITGB2",1,"AHR",-0.015037376868836,-0.0307606967817883,1,TRUE,-1
"ligandKO:HP","top","ligand","HP-ITGB2",1,"KLF10",0.0103004864387705,0.0108927025236787,1,TRUE,1
"ligandKO:HP","top","ligand","HP-ITGB2",1,"ZBTB7C",0.0164608366222001,0.025109215529886,1,TRUE,1
"ligandKO:HP","top","ligand","HP-ITGB2",1,"FOXP3",0.051591126303782,0.0449647320810265,1,TRUE,1
"ligandKO:HP","top","ligand","HP-ITGB2",1,"NFATC2",0.0171199026849864,0.00404818815973238,1,FALSE,1
"ligandKO:HP","top","ligand","HP-ITGB2",1,"STAT2",-0.00544609325818273,-0.00742077342703427,1,FALSE,-1
"ligandKO:HP","top","ligand","HP-ITGB2",1,"RARG",0.00493639974149628,0.00261590940289545,1,TRUE,1
"ligandKO:HP","top","ligand","HP-ITGB2",1,"XBP1",-0.0147131797858259,-0.036433626726183,1,TRUE,-1
"ligandKO:HP","top","ligand","HP-ITGB2",1,"REL",-0.0936776980755226,-0.146690287186933,1,TRUE,-1
"ligandKO:HP","top","ligand","HP-ITGB2",1,"POU2F2",-0.0793606908379443,-0.128554424283433,-1,FALSE,1
"ligandKO:HP","top","ligand","HP-ITGB2",1,"IRF1",-0.047578677734059,-0.0859832989426339,1,TRUE,-1
"ligandKO:HP","top","ligand","HP-ITGB2",1,"ETS2",-0.080669789356926,-0.130797987528479,1,FALSE,-1
"ligandKO:HP","top","ligand","HP-ITGB2",1,"TFEC",-0.0693363154926287,-0.157541528436198,1,TRUE,-1
"ligandKO:HP","top","ligand","HP-ITGB2",1,"ITGB2",-0.0706236331488987,-0.105238379804757,1,TRUE,-1
"ligandKO:HP","top","ligand","HP-ITGB2",1,"POU2F1",-0.0731064512163127,-0.157808818122316,1,FALSE,-1
"ligandKO:HP","top","ligand","HP-ITGB2",1,"JUN",-0.0707144161481066,-0.12122649885909,1,TRUE,-1
"ligandKO:HP","top","ligand","HP-ITGB2",1,"CUX1",-0.0923756682278573,-0.133531175325569,-1,TRUE,1
"ligandKO:HP","top","ligand","HP-ITGB2",1,"PLAG1",-0.00424491907181289,-0.0090062846573334,-1,TRUE,1
"ligandKO:HP","top","ligand","HP-ITGB2",1,"JUND",-0.0967073600918583,-0.185615108643558,1,TRUE,-1
"ligandKO:HP","top","ligand","HP-ITGB2",1,"FOSL2",-0.177914121908651,-0.332338992749623,1,FALSE,-1
"ligandKO:HP","top","ligand","HP-ITGB2",1,"NR1D1",-0.195705706094472,-0.31383600921599,1,FALSE,-1
"ligandKO:HP","top","ligand","HP-ITGB2",1,"ZFY",-0.0209935214608288,-0.0597553503070107,1,TRUE,-1
"ligandKO:HP","top","ligand","HP-ITGB2",1,"FOSB",-0.192827522726067,-0.294930743877497,-1,FALSE,1
"ligandKO:HP","top","ligand","HP-ITGB2",1,"NR4A1",-0.177641618549506,-0.345933036280624,1,TRUE,-1
"ligandKO:HP","top","ligand","HP-ITGB2",1,"ATF4",-0.045800216811171,-0.0885601302514838,1,FALSE,-1
"ligandKO:HP","top","ligand","HP-ITGB2",1,"NFIL3",-0.221687077567083,-0.380903872621559,1,FALSE,-1
"ligandKO:HP","top","ligand","HP-ITGB2",1,"STAT3",-0.2056514443305,-0.364578905045115,1,FALSE,-1
"ligandKO:HP","top","ligand","HP-ITGB2",1,"NFE2",-0.260443343358443,-0.45793678970011,1,TRUE,-1
"ligandKO:HP","top","ligand","HP-ITGB2",1,"MXI1",-0.249744211540317,-0.462806188008102,1,TRUE,-1
"ligandKO:HP","top","ligand","HP-ITGB2",1,"HIF1A",-0.341877920453559,-0.630420177038485,1,FALSE,-1
"ligandKO:HP","top","ligand","HP-ITGB2",1,"NFKB2",-0.219698224316125,-0.373777698648903,1,FALSE,-1
"ligandKO:HP","top","ligand","HP-ITGB2",1,"ATF3",-0.15737003807441,-0.239105815926944,1,FALSE,-1
"ligandKO:HP","top","ligand","HP-ITGB2",1,"HES4",-0.1130083341499,-0.20794966635609,1,FALSE,-1
"pairKO:HP-ITGB2","top","pair","HP-ITGB2",1,"ZBTB7A",0.169443912711657,0.324337770146216,-1,FALSE,-1
"pairKO:HP-ITGB2","top","pair","HP-ITGB2",1,"KLF6",0.201199276660286,0.379119839233293,-1,FALSE,-1
"pairKO:HP-ITGB2","top","pair","HP-ITGB2",1,"EGR1",0.281911624946278,0.520871540054338,-1,FALSE,-1
"pairKO:HP-ITGB2","top","pair","HP-ITGB2",1,"KLF4",0.138282627430879,0.267318215440152,-1,FALSE,-1
"pairKO:HP-ITGB2","top","pair","HP-ITGB2",1,"MEF2C",0.193246108274905,0.367580023830658,-1,TRUE,-1
"pairKO:HP-ITGB2","top","pair","HP-ITGB2",1,"NR4A2",0.182729224149999,0.34070953328507,1,TRUE,1
"pairKO:HP-ITGB2","top","pair","HP-ITGB2",1,"E2F5",0.260620612544269,0.471490527350398,1,TRUE,1
"pairKO:HP-ITGB2","top","pair","HP-ITGB2",1,"FOXL2",0.119410357074101,0.23701118008988,NA,FALSE,NA
"pairKO:HP-ITGB2","top","pair","HP-ITGB2",1,"EGR3",0.262570894532634,0.456961703852511,-1,TRUE,-1
"pairKO:HP-ITGB2","top","pair","HP-ITGB2",1,"BHLHE40",0.192842571506512,0.375466487023414,-1,FALSE,-1
"pairKO:HP-ITGB2","top","pair","HP-ITGB2",1,"RUNX3",0.231948417142449,0.416510034042102,-1,FALSE,-1
"pairKO:HP-ITGB2","top","pair","HP-ITGB2",1,"RAD21",0.046295628643831,0.0662001977555988,1,TRUE,1
"pairKO:HP-ITGB2","top","pair","HP-ITGB2",1,"BCL11A",0.00140747478191196,0.000119065458189249,1,FALSE,1
"pairKO:HP-ITGB2","top","pair","HP-ITGB2",1,"GTF2I",0.280592854683915,0.484694231949583,1,TRUE,1
"pairKO:HP-ITGB2","top","pair","HP-ITGB2",1,"CREB1",0.163169896386702,0.290168239780323,1,TRUE,1
"pairKO:HP-ITGB2","top","pair","HP-ITGB2",1,"ELF2",0.00582440330584799,0.0180948880959429,-1,FALSE,-1
"pairKO:HP-ITGB2","top","pair","HP-ITGB2",1,"MAFB",0.0607203936112651,0.12144799711464,-1,TRUE,-1
"pairKO:HP-ITGB2","top","pair","HP-ITGB2",1,"KLF2",0.0638975485715782,0.106352256411253,-1,FALSE,-1
"pairKO:HP-ITGB2","top","pair","HP-ITGB2",1,"ATF5",0.0262756409305726,0.0478956150311094,1,FALSE,1
"pairKO:HP-ITGB2","top","pair","HP-ITGB2",1,"IRF8",-0.00623608491844341,-0.00210361873444454,1,FALSE,-1
"pairKO:HP-ITGB2","top","pair","HP-ITGB2",1,"BDP1",0.0179614998899938,0.0476000738352196,1,TRUE,1
"pairKO:HP-ITGB2","top","pair","HP-ITGB2",1,"CREB5",-0.00542245203473982,-0.00971776289563715,1,FALSE,-1
"pairKO:HP-ITGB2","top","pair","HP-ITGB2",1,"CEBPD",0.0912768477861108,0.170320884067428,1,FALSE,1
"pairKO:HP-ITGB2","top","pair","HP-ITGB2",1,"HIVEP1",0.0405947688169233,0.0828562052133827,-1,TRUE,-1
"pairKO:HP-ITGB2","top","pair","HP-ITGB2",1,"ETV7",0.040561536738262,0.0653548398405579,-1,TRUE,-1
"pairKO:HP-ITGB2","top","pair","HP-ITGB2",1,"POU4F1",0.025811008999523,0.0584953523855637,-1,TRUE,-1
"pairKO:HP-ITGB2","top","pair","HP-ITGB2",1,"ID1",0.0111090146304318,0.024310181487339,1,FALSE,1
"pairKO:HP-ITGB2","top","pair","HP-ITGB2",1,"HOXB2",0.0238303980692443,0.0244858711052662,1,TRUE,1
"pairKO:HP-ITGB2","top","pair","HP-ITGB2",1,"SPI1",0.0121634493598208,0.0228451821803072,-1,TRUE,-1
"pairKO:HP-ITGB2","top","pair","HP-ITGB2",1,"BCLAF1",0.00169970212430834,0.0133370122631572,-1,FALSE,-1
"pairKO:HP-ITGB2","top","pair","HP-ITGB2",1,"STAT1",0.00185352867871782,0.00537581863659399,1,FALSE,1
"pairKO:HP-ITGB2","top","pair","HP-ITGB2",1,"TCF7L2",0.0199435605917081,0.0397292057694886,-1,FALSE,-1
"pairKO:HP-ITGB2","top","pair","HP-ITGB2",1,"BRCA1",0.0603464463436471,0.120685853847177,1,TRUE,1
"pairKO:HP-ITGB2","top","pair","HP-ITGB2",1,"CEBPB",-0.00218866694508855,0.00343478212784406,1,FALSE,-1
"pairKO:HP-ITGB2","top","pair","HP-ITGB2",1,"RORA",0.0357230314075445,0.0726860912071142,-1,FALSE,-1
"pairKO:HP-ITGB2","top","pair","HP-ITGB2",1,"ZBTB14",0.0421143542869541,0.063756809784476,-1,TRUE,-1
"pairKO:HP-ITGB2","top","pair","HP-ITGB2",1,"EGR2",0.0680082508953752,0.0834457195721652,-1,TRUE,-1
"pairKO:HP-ITGB2","top","pair","HP-ITGB2",1,"IRF9",-0.0164832312323865,-0.0291704261109194,1,TRUE,-1
"pairKO:HP-ITGB2","top","pair","HP-ITGB2",1,"FOXC1",0.0100424558785038,0.00267012972550421,1,TRUE,1
"pairKO:HP-ITGB2","top","pair","HP-ITGB2",1,"FOXP1",0.00824765936417218,0.0218248965500682,-1,TRUE,-1
"pairKO:HP-ITGB2","top","pair","HP-ITGB2",1,"ESR1",-0.00774671082734397,-0.0194322521428593,1,TRUE,-1
"pairKO:HP-ITGB2","top","pair","HP-ITGB2",1,"AHR",-0.015037376868836,-0.0307606967817883,1,TRUE,-1
"pairKO:HP-ITGB2","top","pair","HP-ITGB2",1,"KLF10",0.0103004864387705,0.0108927025236787,1,TRUE,1
"pairKO:HP-ITGB2","top","pair","HP-ITGB2",1,"ZBTB7C",0.0164608366222001,0.025109215529886,1,TRUE,1
"pairKO:HP-ITGB2","top","pair","HP-ITGB2",1,"FOXP3",0.051591126303782,0.0449647320810265,1,TRUE,1
"pairKO:HP-ITGB2","top","pair","HP-ITGB2",1,"NFATC2",0.0171199026849864,0.00404818815973238,1,FALSE,1
"pairKO:HP-ITGB2","top","pair","HP-ITGB2",1,"STAT2",-0.00544609325818273,-0.00742077342703427,1,FALSE,-1
"pairKO:HP-ITGB2","top","pair","HP-ITGB2",1,"RARG",0.00493639974149628,0.00261590940289545,1,TRUE,1
"pairKO:HP-ITGB2","top","pair","HP-ITGB2",1,"XBP1",-0.0147131797858259,-0.036433626726183,1,TRUE,-1
"pairKO:HP-ITGB2","top","pair","HP-ITGB2",1,"REL",-0.0936776980755226,-0.146690287186933,1,TRUE,-1
"pairKO:HP-ITGB2","top","pair","HP-ITGB2",1,"POU2F2",-0.0793606908379443,-0.128554424283433,-1,FALSE,1
"pairKO:HP-ITGB2","top","pair","HP-ITGB2",1,"IRF1",-0.047578677734059,-0.0859832989426339,1,TRUE,-1
"pairKO:HP-ITGB2","top","pair","HP-ITGB2",1,"ETS2",-0.080669789356926,-0.130797987528479,1,FALSE,-1
"pairKO:HP-ITGB2","top","pair","HP-ITGB2",1,"TFEC",-0.0693363154926287,-0.157541528436198,1,TRUE,-1
"pairKO:HP-ITGB2","top","pair","HP-ITGB2",1,"ITGB2",-0.0706236331488987,-0.105238379804757,1,TRUE,-1
"pairKO:HP-ITGB2","top","pair","HP-ITGB2",1,"POU2F1",-0.0731064512163127,-0.157808818122316,1,FALSE,-1
"pairKO:HP-ITGB2","top","pair","HP-ITGB2",1,"JUN",-0.0707144161481066,-0.12122649885909,1,TRUE,-1
"pairKO:HP-ITGB2","top","pair","HP-ITGB2",1,"CUX1",-0.0923756682278573,-0.133531175325569,-1,TRUE,1
"pairKO:HP-ITGB2","top","pair","HP-ITGB2",1,"PLAG1",-0.00424491907181289,-0.0090062846573334,-1,TRUE,1
"pairKO:HP-ITGB2","top","pair","HP-ITGB2",1,"JUND",-0.0967073600918583,-0.185615108643558,1,TRUE,-1
"pairKO:HP-ITGB2","top","pair","HP-ITGB2",1,"FOSL2",-0.177914121908651,-0.332338992749623,1,FALSE,-1
"pairKO:HP-ITGB2","top","pair","HP-ITGB2",1,"NR1D1",-0.195705706094472,-0.31383600921599,1,FALSE,-1
"pairKO:HP-ITGB2","top","pair","HP-ITGB2",1,"ZFY",-0.0209935214608288,-0.0597553503070107,1,TRUE,-1
"pairKO:HP-ITGB2","top","pair","HP-ITGB2",1,"FOSB",-0.192827522726067,-0.294930743877497,-1,FALSE,1
"pairKO:HP-ITGB2","top","pair","HP-ITGB2",1,"NR4A1",-0.177641618549506,-0.345933036280624,1,TRUE,-1
"pairKO:HP-ITGB2","top","pair","HP-ITGB2",1,"ATF4",-0.045800216811171,-0.0885601302514838,1,FALSE,-1
"pairKO:HP-ITGB2","top","pair","HP-ITGB2",1,"NFIL3",-0.221687077567083,-0.380903872621559,1,FALSE,-1
"pairKO:HP-ITGB2","top","pair","HP-ITGB2",1,"STAT3",-0.2056514443305,-0.364578905045115,1,FALSE,-1
"pairKO:HP-ITGB2","top","pair","HP-ITGB2",1,"NFE2",-0.260443343358443,-0.45793678970011,1,TRUE,-1
"pairKO:HP-ITGB2","top","pair","HP-ITGB2",1,"MXI1",-0.249744211540317,-0.462806188008102,1,TRUE,-1
"pairKO:HP-ITGB2","top","pair","HP-ITGB2",1,"HIF1A",-0.341877920453559,-0.630420177038485,1,FALSE,-1
"pairKO:HP-ITGB2","top","pair","HP-ITGB2",1,"NFKB2",-0.219698224316125,-0.373777698648903,1,FALSE,-1
"pairKO:HP-ITGB2","top","pair","HP-ITGB2",1,"ATF3",-0.15737003807441,-0.239105815926944,1,FALSE,-1
"pairKO:HP-ITGB2","top","pair","HP-ITGB2",1,"HES4",-0.1130083341499,-0.20794966635609,1,FALSE,-1
"receptorKO:SPN","top","receptor","SIGLEC1-SPN",1,"ZBTB7A",0.11544350063166,0.196950707784354,-1,FALSE,-1
"receptorKO:SPN","top","receptor","SIGLEC1-SPN",1,"KLF6",0.174396313459501,0.341993376980919,-1,FALSE,-1
"receptorKO:SPN","top","receptor","SIGLEC1-SPN",1,"EGR1",0.146777178188824,0.281675161089602,-1,FALSE,-1
"receptorKO:SPN","top","receptor","SIGLEC1-SPN",1,"KLF4",0.177151785046057,0.348949042562762,-1,FALSE,-1
"receptorKO:SPN","top","receptor","SIGLEC1-SPN",1,"MEF2C",0.0941952219426716,0.199153712512467,-1,TRUE,-1
"receptorKO:SPN","top","receptor","SIGLEC1-SPN",1,"NR4A2",0.179628298436181,0.338605455059404,1,TRUE,1
"receptorKO:SPN","top","receptor","SIGLEC1-SPN",1,"E2F5",-0.0112061632675711,-0.0237598615384722,1,TRUE,-1
"receptorKO:SPN","top","receptor","SIGLEC1-SPN",1,"FOXL2",0.137755163575236,0.261109142508707,NA,FALSE,NA
"receptorKO:SPN","top","receptor","SIGLEC1-SPN",1,"EGR3",0.0385624612534904,0.107688040908232,-1,TRUE,-1
"receptorKO:SPN","top","receptor","SIGLEC1-SPN",1,"BHLHE40",0.0432978155291114,0.0803434758622345,-1,FALSE,-1
"receptorKO:SPN","top","receptor","SIGLEC1-SPN",1,"RUNX3",0.154765656229946,0.319204858617937,-1,FALSE,-1
"receptorKO:SPN","top","receptor","SIGLEC1-SPN",1,"RAD21",0.116324109130087,0.245323247525737,1,TRUE,1
"receptorKO:SPN","top","receptor","SIGLEC1-SPN",1,"BCL11A",0.0839750239088299,0.157905349398088,1,FALSE,1
"receptorKO:SPN","top","receptor","SIGLEC1-SPN",1,"GTF2I",0.00806161522660312,0.0364389392993841,1,TRUE,1
"receptorKO:SPN","top","receptor","SIGLEC1-SPN",1,"CREB1",-0.00287055011561226,0.0250862833464531,1,TRUE,-1
"receptorKO:SPN","top","receptor","SIGLEC1-SPN",1,"ELF2",0.0987772014361983,0.208831601543741,-1,FALSE,-1
"receptorKO:SPN","top","receptor","SIGLEC1-SPN",1,"MAFB",0.145495833603844,0.268618460459589,-1,TRUE,-1
"receptorKO:SPN","top","receptor","SIGLEC1-SPN",1,"KLF2",0.135106524408734,0.260744366921487,-1,FALSE,-1
"receptorKO:SPN","top","receptor","SIGLEC1-SPN",1,"ATF5",0.0539117744811421,0.103037037947306,1,FALSE,1
"receptorKO:SPN","top","receptor","SIGLEC1-SPN",1,"IRF8",0.0870753772990087,0.163512711180901,1,FALSE,1
"receptorKO:SPN","top","receptor","SIGLEC1-SPN",1,"BDP1",0.0877257515031682,0.170460796138875,1,TRUE,1
"receptorKO:SPN","top","receptor","SIGLEC1-SPN",1,"CREB5",0.0174662409106346,0.0293503557603044,1,FALSE,1
"receptorKO:SPN","top","receptor","SIGLEC1-SPN",1,"CEBPD",0.180612505687509,0.374827193004805,1,FALSE,1
"receptorKO:SPN","top","receptor","SIGLEC1-SPN",1,"HIVEP1",0.0489606125370482,0.0901614076324962,-1,TRUE,-1
"receptorKO:SPN","top","receptor","SIGLEC1-SPN",1,"ETV7",0.00138303232015848,-0.0104728038328184,-1,TRUE,-1
"receptorKO:SPN","top","receptor","SIGLEC1-SPN",1,"POU4F1",0.0981941439147638,0.181820112007432,-1,TRUE,-1
"receptorKO:SPN","top","receptor","SIGLEC1-SPN",1,"ID1",0.0600000220744568,0.115306921529242,1,FALSE,1
"receptorKO:SPN","top","receptor","SIGLEC1-SPN",1,"HOXB2",0.121217045494323,0.22784178010854,1,TRUE,1
"receptorKO:SPN","top","receptor","SIGLEC1-SPN",1,"SPI1",0.0792816385575915,0.149591487868247,-1,TRUE,-1
"receptorKO:SPN","top","receptor","SIGLEC1-SPN",1,"BCLAF1",0.0555415540494413,0.111012610923149,-1,FALSE,-1
"receptorKO:SPN","top","receptor","SIGLEC1-SPN",1,"STAT1",0.0182443304156244,0.0374985364760616,1,FALSE,1
"receptorKO:SPN","top","receptor","SIGLEC1-SPN",1,"TCF7L2",0.0495140794685444,0.086515600331285,-1,FALSE,-1
"receptorKO:SPN","top","receptor","SIGLEC1-SPN",1,"BRCA1",0.0605513715260032,0.0432403003031595,1,TRUE,1
"receptorKO:SPN","top","receptor","SIGLEC1-SPN",1,"CEBPB",0.0393658512874659,0.0819376164626504,1,FALSE,1
"receptorKO:SPN","top","receptor","SIGLEC1-SPN",1,"RORA",0.074426879985463,0.141470591995945,-1,FALSE,-1
"receptorKO:SPN","top","receptor","SIGLEC1-SPN",1,"ZBTB14",0.0186687587491998,0.0336564789648642,-1,TRUE,-1
"receptorKO:SPN","top","receptor","SIGLEC1-SPN",1,"EGR2",0.0452364318576876,0.0806334603877035,-1,TRUE,-1
"receptorKO:SPN","top","receptor","SIGLEC1-SPN",1,"IRF9",0.0488764969850226,0.0894351372475553,1,TRUE,1
"receptorKO:SPN","top","receptor","SIGLEC1-SPN",1,"FOXC1",0.0547566520719202,0.103626897464271,1,TRUE,1
"receptorKO:SPN","top","receptor","SIGLEC1-SPN",1,"FOXP1",0.0280827767371804,0.0569450887922398,-1,TRUE,-1
"receptorKO:SPN","top","receptor","SIGLEC1-SPN",1,"ESR1",0.0202755633714334,0.0343915278699835,1,TRUE,1
"receptorKO:SPN","top","receptor","SIGLEC1-SPN",1,"AHR",0.035391813928788,0.0537240033114553,1,TRUE,1
"receptorKO:SPN","top","receptor","SIGLEC1-SPN",1,"KLF10",0.035111859132794,0.0711941848579283,1,TRUE,1
"receptorKO:SPN","top","receptor","SIGLEC1-SPN",1,"ZBTB7C",0.0639661488422163,0.11381253476294,1,TRUE,1
"receptorKO:SPN","top","receptor","SIGLEC1-SPN",1,"FOXP3",0.0306476191770463,0.00889921392026781,1,TRUE,1
"receptorKO:SPN","top","receptor","SIGLEC1-SPN",1,"NFATC2",0.0253936964774413,0.0299633477217749,1,FALSE,1
"receptorKO:SPN","top","receptor","SIGLEC1-SPN",1,"STAT2",0.0178756026807268,0.0313437365402479,1,FALSE,1
"receptorKO:SPN","top","receptor","SIGLEC1-SPN",1,"RARG",0.0160897036992143,0.0239152885298858,1,TRUE,1
"receptorKO:SPN","top","receptor","SIGLEC1-SPN",1,"XBP1",0.00837516558591464,0.00400434031810546,1,TRUE,1
"receptorKO:SPN","top","receptor","SIGLEC1-SPN",1,"REL",-0.00336783850281951,-0.0102036162445942,1,TRUE,-1
"receptorKO:SPN","top","receptor","SIGLEC1-SPN",1,"POU2F2",0.00896068937150025,0.00361693288750143,-1,FALSE,-1
"receptorKO:SPN","top","receptor","SIGLEC1-SPN",1,"IRF1",0.00159197902750232,-0.00374716172759467,1,TRUE,1
"receptorKO:SPN","top","receptor","SIGLEC1-SPN",1,"ETS2",-0.00819930141004192,-0.0167996902855536,1,FALSE,-1
"receptorKO:SPN","top","receptor","SIGLEC1-SPN",1,"TFEC",-0.0308749030505837,-0.0690647811722125,1,TRUE,-1
"receptorKO:SPN","top","receptor","SIGLEC1-SPN",1,"ITGB2",-0.0566351871200979,-0.0871679662686236,1,TRUE,-1
"receptorKO:SPN","top","receptor","SIGLEC1-SPN",1,"POU2F1",-0.0323970255092925,-0.0522781563153076,1,FALSE,-1
"receptorKO:SPN","top","receptor","SIGLEC1-SPN",1,"JUN",-0.0176170242880244,-0.0409894941513807,1,TRUE,-1
"receptorKO:SPN","top","receptor","SIGLEC1-SPN",1,"CUX1",0.000618636203631229,-0.0168972454472822,-1,TRUE,-1
"receptorKO:SPN","top","receptor","SIGLEC1-SPN",1,"PLAG1",-0.0969578432715485,-0.188285700919742,-1,TRUE,1
"receptorKO:SPN","top","receptor","SIGLEC1-SPN",1,"JUND",-0.0196067036871979,-0.0360523763679249,1,TRUE,-1
"receptorKO:SPN","top","receptor","SIGLEC1-SPN",1,"FOSL2",-0.0282313137109301,-0.0588641867251537,1,FALSE,-1
"receptorKO:SPN","top","receptor","SIGLEC1-SPN",1,"NR1D1",-0.0206745899304338,-0.0609739512660342,1,FALSE,-1
"receptorKO:SPN","top","receptor","SIGLEC1-SPN",1,"ZFY",-0.146670151095368,-0.285272400669333,1,TRUE,-1
"receptorKO:SPN","top","receptor","SIGLEC1-SPN",1,"FOSB",-0.0294354188462987,-0.0731445845829097,-1,FALSE,1
"receptorKO:SPN","top","receptor","SIGLEC1-SPN",1,"NR4A1",-0.0262338820617635,-0.038910747967967,1,TRUE,-1
"receptorKO:SPN","top","receptor","SIGLEC1-SPN",1,"ATF4",-0.0973789026152302,-0.160599073314805,1,FALSE,-1
"receptorKO:SPN","top","receptor","SIGLEC1-SPN",1,"NFIL3",-0.146725146284263,-0.304537976417332,1,FALSE,-1
"receptorKO:SPN","top","receptor","SIGLEC1-SPN",1,"STAT3",-0.0295830966530189,-0.0763703886053889,1,FALSE,-1
"receptorKO:SPN","top","receptor","SIGLEC1-SPN",1,"NFE2",-0.00898094790264671,-0.0386681981686158,1,TRUE,-1
"receptorKO:SPN","top","receptor","SIGLEC1-SPN",1,"MXI1",-0.0283005810358758,-0.0881607512272272,1,TRUE,-1
"receptorKO:SPN","top","receptor","SIGLEC1-SPN",1,"HIF1A",-0.12846419483689,-0.248775834722421,1,FALSE,-1
"receptorKO:SPN","top","receptor","SIGLEC1-SPN",1,"NFKB2",-0.107224945242961,-0.22510526959528,1,FALSE,-1
"receptorKO:SPN","top","receptor","SIGLEC1-SPN",1,"ATF3",-0.00457106134605966,-0.0555758757443395,1,FALSE,-1
"receptorKO:SPN","top","receptor","SIGLEC1-SPN",1,"HES4",-0.180814801310034,-0.359943801305549,1,FALSE,-1
"ligandKO:SIGLEC1","top","ligand","SIGLEC1-SPN",1,"ZBTB7A",0.11544350063166,0.196950707784354,-1,FALSE,-1
"ligandKO:SIGLEC1","top","ligand","SIGLEC1-SPN",1,"KLF6",0.174396313459501,0.341993376980919,-1,FALSE,-1
"ligandKO:SIGLEC1","top","ligand","SIGLEC1-SPN",1,"EGR1",0.146777178188824,0.281675161089602,-1,FALSE,-1
"ligandKO:SIGLEC1","top","ligand","SIGLEC1-SPN",1,"KLF4",0.177151785046057,0.348949042562762,-1,FALSE,-1
"ligandKO:SIGLEC1","top","ligand","SIGLEC1-SPN",1,"MEF2C",0.0941952219426716,0.199153712512467,-1,TRUE,-1
"ligandKO:SIGLEC1","top","ligand","SIGLEC1-SPN",1,"NR4A2",0.179628298436181,0.338605455059404,1,TRUE,1
"ligandKO:SIGLEC1","top","ligand","SIGLEC1-SPN",1,"E2F5",-0.0112061632675711,-0.0237598615384722,1,TRUE,-1
"ligandKO:SIGLEC1","top","ligand","SIGLEC1-SPN",1,"FOXL2",0.137755163575236,0.261109142508707,NA,FALSE,NA
"ligandKO:SIGLEC1","top","ligand","SIGLEC1-SPN",1,"EGR3",0.0385624612534904,0.107688040908232,-1,TRUE,-1
"ligandKO:SIGLEC1","top","ligand","SIGLEC1-SPN",1,"BHLHE40",0.0432978155291114,0.0803434758622345,-1,FALSE,-1
"ligandKO:SIGLEC1","top","ligand","SIGLEC1-SPN",1,"RUNX3",0.154765656229946,0.319204858617937,-1,FALSE,-1
"ligandKO:SIGLEC1","top","ligand","SIGLEC1-SPN",1,"RAD21",0.116324109130087,0.245323247525737,1,TRUE,1
"ligandKO:SIGLEC1","top","ligand","SIGLEC1-SPN",1,"BCL11A",0.0839750239088299,0.157905349398088,1,FALSE,1
"ligandKO:SIGLEC1","top","ligand","SIGLEC1-SPN",1,"GTF2I",0.00806161522660312,0.0364389392993841,1,TRUE,1
"ligandKO:SIGLEC1","top","ligand","SIGLEC1-SPN",1,"CREB1",-0.00287055011561226,0.0250862833464531,1,TRUE,-1
"ligandKO:SIGLEC1","top","ligand","SIGLEC1-SPN",1,"ELF2",0.0987772014361983,0.208831601543741,-1,FALSE,-1
"ligandKO:SIGLEC1","top","ligand","SIGLEC1-SPN",1,"MAFB",0.145495833603844,0.268618460459589,-1,TRUE,-1
"ligandKO:SIGLEC1","top","ligand","SIGLEC1-SPN",1,"KLF2",0.135106524408734,0.260744366921487,-1,FALSE,-1
"ligandKO:SIGLEC1","top","ligand","SIGLEC1-SPN",1,"ATF5",0.0539117744811421,0.103037037947306,1,FALSE,1
"ligandKO:SIGLEC1","top","ligand","SIGLEC1-SPN",1,"IRF8",0.0870753772990087,0.163512711180901,1,FALSE,1
"ligandKO:SIGLEC1","top","ligand","SIGLEC1-SPN",1,"BDP1",0.0877257515031682,0.170460796138875,1,TRUE,1
"ligandKO:SIGLEC1","top","ligand","SIGLEC1-SPN",1,"CREB5",0.0174662409106346,0.0293503557603044,1,FALSE,1
"ligandKO:SIGLEC1","top","ligand","SIGLEC1-SPN",1,"CEBPD",0.180612505687509,0.374827193004805,1,FALSE,1
"ligandKO:SIGLEC1","top","ligand","SIGLEC1-SPN",1,"HIVEP1",0.0489606125370482,0.0901614076324962,-1,TRUE,-1
"ligandKO:SIGLEC1","top","ligand","SIGLEC1-SPN",1,"ETV7",0.00138303232015848,-0.0104728038328184,-1,TRUE,-1
"ligandKO:SIGLEC1","top","ligand","SIGLEC1-SPN",1,"POU4F1",0.0981941439147638,0.181820112007432,-1,TRUE,-1
"ligandKO:SIGLEC1","top","ligand","SIGLEC1-SPN",1,"ID1",0.0600000220744568,0.115306921529242,1,FALSE,1
"ligandKO:SIGLEC1","top","ligand","SIGLEC1-SPN",1,"HOXB2",0.121217045494323,0.22784178010854,1,TRUE,1
"ligandKO:SIGLEC1","top","ligand","SIGLEC1-SPN",1,"SPI1",0.0792816385575915,0.149591487868247,-1,TRUE,-1
"ligandKO:SIGLEC1","top","ligand","SIGLEC1-SPN",1,"BCLAF1",0.0555415540494413,0.111012610923149,-1,FALSE,-1
"ligandKO:SIGLEC1","top","ligand","SIGLEC1-SPN",1,"STAT1",0.0182443304156244,0.0374985364760616,1,FALSE,1
"ligandKO:SIGLEC1","top","ligand","SIGLEC1-SPN",1,"TCF7L2",0.0495140794685444,0.086515600331285,-1,FALSE,-1
"ligandKO:SIGLEC1","top","ligand","SIGLEC1-SPN",1,"BRCA1",0.0605513715260032,0.0432403003031595,1,TRUE,1
"ligandKO:SIGLEC1","top","ligand","SIGLEC1-SPN",1,"CEBPB",0.0393658512874659,0.0819376164626504,1,FALSE,1
"ligandKO:SIGLEC1","top","ligand","SIGLEC1-SPN",1,"RORA",0.074426879985463,0.141470591995945,-1,FALSE,-1
"ligandKO:SIGLEC1","top","ligand","SIGLEC1-SPN",1,"ZBTB14",0.0186687587491998,0.0336564789648642,-1,TRUE,-1
"ligandKO:SIGLEC1","top","ligand","SIGLEC1-SPN",1,"EGR2",0.0452364318576876,0.0806334603877035,-1,TRUE,-1
"ligandKO:SIGLEC1","top","ligand","SIGLEC1-SPN",1,"IRF9",0.0488764969850226,0.0894351372475553,1,TRUE,1
"ligandKO:SIGLEC1","top","ligand","SIGLEC1-SPN",1,"FOXC1",0.0547566520719202,0.103626897464271,1,TRUE,1
"ligandKO:SIGLEC1","top","ligand","SIGLEC1-SPN",1,"FOXP1",0.0280827767371804,0.0569450887922398,-1,TRUE,-1
"ligandKO:SIGLEC1","top","ligand","SIGLEC1-SPN",1,"ESR1",0.0202755633714334,0.0343915278699835,1,TRUE,1
"ligandKO:SIGLEC1","top","ligand","SIGLEC1-SPN",1,"AHR",0.035391813928788,0.0537240033114553,1,TRUE,1
"ligandKO:SIGLEC1","top","ligand","SIGLEC1-SPN",1,"KLF10",0.035111859132794,0.0711941848579283,1,TRUE,1
"ligandKO:SIGLEC1","top","ligand","SIGLEC1-SPN",1,"ZBTB7C",0.0639661488422163,0.11381253476294,1,TRUE,1
"ligandKO:SIGLEC1","top","ligand","SIGLEC1-SPN",1,"FOXP3",0.0306476191770463,0.00889921392026781,1,TRUE,1
"ligandKO:SIGLEC1","top","ligand","SIGLEC1-SPN",1,"NFATC2",0.0253936964774413,0.0299633477217749,1,FALSE,1
"ligandKO:SIGLEC1","top","ligand","SIGLEC1-SPN",1,"STAT2",0.0178756026807268,0.0313437365402479,1,FALSE,1
"ligandKO:SIGLEC1","top","ligand","SIGLEC1-SPN",1,"RARG",0.0160897036992143,0.0239152885298858,1,TRUE,1
"ligandKO:SIGLEC1","top","ligand","SIGLEC1-SPN",1,"XBP1",0.00837516558591464,0.00400434031810546,1,TRUE,1
"ligandKO:SIGLEC1","top","ligand","SIGLEC1-SPN",1,"REL",-0.00336783850281951,-0.0102036162445942,1,TRUE,-1
"ligandKO:SIGLEC1","top","ligand","SIGLEC1-SPN",1,"POU2F2",0.00896068937150025,0.00361693288750143,-1,FALSE,-1
"ligandKO:SIGLEC1","top","ligand","SIGLEC1-SPN",1,"IRF1",0.00159197902750232,-0.00374716172759467,1,TRUE,1
"ligandKO:SIGLEC1","top","ligand","SIGLEC1-SPN",1,"ETS2",-0.00819930141004192,-0.0167996902855536,1,FALSE,-1
"ligandKO:SIGLEC1","top","ligand","SIGLEC1-SPN",1,"TFEC",-0.0308749030505837,-0.0690647811722125,1,TRUE,-1
"ligandKO:SIGLEC1","top","ligand","SIGLEC1-SPN",1,"ITGB2",-0.0566351871200979,-0.0871679662686236,1,TRUE,-1
"ligandKO:SIGLEC1","top","ligand","SIGLEC1-SPN",1,"POU2F1",-0.0323970255092925,-0.0522781563153076,1,FALSE,-1
"ligandKO:SIGLEC1","top","ligand","SIGLEC1-SPN",1,"JUN",-0.0176170242880244,-0.0409894941513807,1,TRUE,-1
"ligandKO:SIGLEC1","top","ligand","SIGLEC1-SPN",1,"CUX1",0.000618636203631229,-0.0168972454472822,-1,TRUE,-1
"ligandKO:SIGLEC1","top","ligand","SIGLEC1-SPN",1,"PLAG1",-0.0969578432715485,-0.188285700919742,-1,TRUE,1
"ligandKO:SIGLEC1","top","ligand","SIGLEC1-SPN",1,"JUND",-0.0196067036871979,-0.0360523763679249,1,TRUE,-1
"ligandKO:SIGLEC1","top","ligand","SIGLEC1-SPN",1,"FOSL2",-0.0282313137109301,-0.0588641867251537,1,FALSE,-1
"ligandKO:SIGLEC1","top","ligand","SIGLEC1-SPN",1,"NR1D1",-0.0206745899304338,-0.0609739512660342,1,FALSE,-1
"ligandKO:SIGLEC1","top","ligand","SIGLEC1-SPN",1,"ZFY",-0.146670151095368,-0.285272400669333,1,TRUE,-1
"ligandKO:SIGLEC1","top","ligand","SIGLEC1-SPN",1,"FOSB",-0.0294354188462987,-0.0731445845829097,-1,FALSE,1
"ligandKO:SIGLEC1","top","ligand","SIGLEC1-SPN",1,"NR4A1",-0.0262338820617635,-0.038910747967967,1,TRUE,-1
"ligandKO:SIGLEC1","top","ligand","SIGLEC1-SPN",1,"ATF4",-0.0973789026152302,-0.160599073314805,1,FALSE,-1
"ligandKO:SIGLEC1","top","ligand","SIGLEC1-SPN",1,"NFIL3",-0.146725146284263,-0.304537976417332,1,FALSE,-1
"ligandKO:SIGLEC1","top","ligand","SIGLEC1-SPN",1,"STAT3",-0.0295830966530189,-0.0763703886053889,1,FALSE,-1
"ligandKO:SIGLEC1","top","ligand","SIGLEC1-SPN",1,"NFE2",-0.00898094790264671,-0.0386681981686158,1,TRUE,-1
"ligandKO:SIGLEC1","top","ligand","SIGLEC1-SPN",1,"MXI1",-0.0283005810358758,-0.0881607512272272,1,TRUE,-1
"ligandKO:SIGLEC1","top","ligand","SIGLEC1-SPN",1,"HIF1A",-0.12846419483689,-0.248775834722421,1,FALSE,-1
"ligandKO:SIGLEC1","top","ligand","SIGLEC1-SPN",1,"NFKB2",-0.107224945242961,-0.22510526959528,1,FALSE,-1
"ligandKO:SIGLEC1","top","ligand","SIGLEC1-SPN",1,"ATF3",-0.00457106134605966,-0.0555758757443395,1,FALSE,-1
"ligandKO:SIGLEC1","top","ligand","SIGLEC1-SPN",1,"HES4",-0.180814801310034,-0.359943801305549,1,FALSE,-1
"pairKO:SIGLEC1-SPN","top","pair","SIGLEC1-SPN",1,"ZBTB7A",0.11544350063166,0.196950707784354,-1,FALSE,-1
"pairKO:SIGLEC1-SPN","top","pair","SIGLEC1-SPN",1,"KLF6",0.174396313459501,0.341993376980919,-1,FALSE,-1
"pairKO:SIGLEC1-SPN","top","pair","SIGLEC1-SPN",1,"EGR1",0.146777178188824,0.281675161089602,-1,FALSE,-1
"pairKO:SIGLEC1-SPN","top","pair","SIGLEC1-SPN",1,"KLF4",0.177151785046057,0.348949042562762,-1,FALSE,-1
"pairKO:SIGLEC1-SPN","top","pair","SIGLEC1-SPN",1,"MEF2C",0.0941952219426716,0.199153712512467,-1,TRUE,-1
"pairKO:SIGLEC1-SPN","top","pair","SIGLEC1-SPN",1,"NR4A2",0.179628298436181,0.338605455059404,1,TRUE,1
"pairKO:SIGLEC1-SPN","top","pair","SIGLEC1-SPN",1,"E2F5",-0.0112061632675711,-0.0237598615384722,1,TRUE,-1
"pairKO:SIGLEC1-SPN","top","pair","SIGLEC1-SPN",1,"FOXL2",0.137755163575236,0.261109142508707,NA,FALSE,NA
"pairKO:SIGLEC1-SPN","top","pair","SIGLEC1-SPN",1,"EGR3",0.0385624612534904,0.107688040908232,-1,TRUE,-1
"pairKO:SIGLEC1-SPN","top","pair","SIGLEC1-SPN",1,"BHLHE40",0.0432978155291114,0.0803434758622345,-1,FALSE,-1
"pairKO:SIGLEC1-SPN","top","pair","SIGLEC1-SPN",1,"RUNX3",0.154765656229946,0.319204858617937,-1,FALSE,-1
"pairKO:SIGLEC1-SPN","top","pair","SIGLEC1-SPN",1,"RAD21",0.116324109130087,0.245323247525737,1,TRUE,1
"pairKO:SIGLEC1-SPN","top","pair","SIGLEC1-SPN",1,"BCL11A",0.0839750239088299,0.157905349398088,1,FALSE,1
"pairKO:SIGLEC1-SPN","top","pair","SIGLEC1-SPN",1,"GTF2I",0.00806161522660312,0.0364389392993841,1,TRUE,1
"pairKO:SIGLEC1-SPN","top","pair","SIGLEC1-SPN",1,"CREB1",-0.00287055011561226,0.0250862833464531,1,TRUE,-1
"pairKO:SIGLEC1-SPN","top","pair","SIGLEC1-SPN",1,"ELF2",0.0987772014361983,0.208831601543741,-1,FALSE,-1
"pairKO:SIGLEC1-SPN","top","pair","SIGLEC1-SPN",1,"MAFB",0.145495833603844,0.268618460459589,-1,TRUE,-1
"pairKO:SIGLEC1-SPN","top","pair","SIGLEC1-SPN",1,"KLF2",0.135106524408734,0.260744366921487,-1,FALSE,-1
"pairKO:SIGLEC1-SPN","top","pair","SIGLEC1-SPN",1,"ATF5",0.0539117744811421,0.103037037947306,1,FALSE,1
"pairKO:SIGLEC1-SPN","top","pair","SIGLEC1-SPN",1,"IRF8",0.0870753772990087,0.163512711180901,1,FALSE,1
"pairKO:SIGLEC1-SPN","top","pair","SIGLEC1-SPN",1,"BDP1",0.0877257515031682,0.170460796138875,1,TRUE,1
"pairKO:SIGLEC1-SPN","top","pair","SIGLEC1-SPN",1,"CREB5",0.0174662409106346,0.0293503557603044,1,FALSE,1
"pairKO:SIGLEC1-SPN","top","pair","SIGLEC1-SPN",1,"CEBPD",0.180612505687509,0.374827193004805,1,FALSE,1
"pairKO:SIGLEC1-SPN","top","pair","SIGLEC1-SPN",1,"HIVEP1",0.0489606125370482,0.0901614076324962,-1,TRUE,-1
"pairKO:SIGLEC1-SPN","top","pair","SIGLEC1-SPN",1,"ETV7",0.00138303232015848,-0.0104728038328184,-1,TRUE,-1
"pairKO:SIGLEC1-SPN","top","pair","SIGLEC1-SPN",1,"POU4F1",0.0981941439147638,0.181820112007432,-1,TRUE,-1
"pairKO:SIGLEC1-SPN","top","pair","SIGLEC1-SPN",1,"ID1",0.0600000220744568,0.115306921529242,1,FALSE,1
"pairKO:SIGLEC1-SPN","top","pair","SIGLEC1-SPN",1,"HOXB2",0.121217045494323,0.22784178010854,1,TRUE,1
"pairKO:SIGLEC1-SPN","top","pair","SIGLEC1-SPN",1,"SPI1",0.0792816385575915,0.149591487868247,-1,TRUE,-1
"pairKO:SIGLEC1-SPN","top","pair","SIGLEC1-SPN",1,"BCLAF1",0.0555415540494413,0.111012610923149,-1,FALSE,-1
"pairKO:SIGLEC1-SPN","top","pair","SIGLEC1-SPN",1,"STAT1",0.0182443304156244,0.0374985364760616,1,FALSE,1
"pairKO:SIGLEC1-SPN","top","pair","SIGLEC1-SPN",1,"TCF7L2",0.0495140794685444,0.086515600331285,-1,FALSE,-1
"pairKO:SIGLEC1-SPN","top","pair","SIGLEC1-SPN",1,"BRCA1",0.0605513715260032,0.0432403003031595,1,TRUE,1
"pairKO:SIGLEC1-SPN","top","pair","SIGLEC1-SPN",1,"CEBPB",0.0393658512874659,0.0819376164626504,1,FALSE,1
"pairKO:SIGLEC1-SPN","top","pair","SIGLEC1-SPN",1,"RORA",0.074426879985463,0.141470591995945,-1,FALSE,-1
"pairKO:SIGLEC1-SPN","top","pair","SIGLEC1-SPN",1,"ZBTB14",0.0186687587491998,0.0336564789648642,-1,TRUE,-1
"pairKO:SIGLEC1-SPN","top","pair","SIGLEC1-SPN",1,"EGR2",0.0452364318576876,0.0806334603877035,-1,TRUE,-1
"pairKO:SIGLEC1-SPN","top","pair","SIGLEC1-SPN",1,"IRF9",0.0488764969850226,0.0894351372475553,1,TRUE,1
"pairKO:SIGLEC1-SPN","top","pair","SIGLEC1-SPN",1,"FOXC1",0.0547566520719202,0.103626897464271,1,TRUE,1
"pairKO:SIGLEC1-SPN","top","pair","SIGLEC1-SPN",1,"FOXP1",0.0280827767371804,0.0569450887922398,-1,TRUE,-1
"pairKO:SIGLEC1-SPN","top","pair","SIGLEC1-SPN",1,"ESR1",0.0202755633714334,0.0343915278699835,1,TRUE,1
"pairKO:SIGLEC1-SPN","top","pair","SIGLEC1-SPN",1,"AHR",0.035391813928788,0.0537240033114553,1,TRUE,1
"pairKO:SIGLEC1-SPN","top","pair","SIGLEC1-SPN",1,"KLF10",0.035111859132794,0.0711941848579283,1,TRUE,1
"pairKO:SIGLEC1-SPN","top","pair","SIGLEC1-SPN",1,"ZBTB7C",0.0639661488422163,0.11381253476294,1,TRUE,1
"pairKO:SIGLEC1-SPN","top","pair","SIGLEC1-SPN",1,"FOXP3",0.0306476191770463,0.00889921392026781,1,TRUE,1
"pairKO:SIGLEC1-SPN","top","pair","SIGLEC1-SPN",1,"NFATC2",0.0253936964774413,0.0299633477217749,1,FALSE,1
"pairKO:SIGLEC1-SPN","top","pair","SIGLEC1-SPN",1,"STAT2",0.0178756026807268,0.0313437365402479,1,FALSE,1
"pairKO:SIGLEC1-SPN","top","pair","SIGLEC1-SPN",1,"RARG",0.0160897036992143,0.0239152885298858,1,TRUE,1
"pairKO:SIGLEC1-SPN","top","pair","SIGLEC1-SPN",1,"XBP1",0.00837516558591464,0.00400434031810546,1,TRUE,1
"pairKO:SIGLEC1-SPN","top","pair","SIGLEC1-SPN",1,"REL",-0.00336783850281951,-0.0102036162445942,1,TRUE,-1
"pairKO:SIGLEC1-SPN","top","pair","SIGLEC1-SPN",1,"POU2F2",0.00896068937150025,0.00361693288750143,-1,FALSE,-1
"pairKO:SIGLEC1-SPN","top","pair","SIGLEC1-SPN",1,"IRF1",0.00159197902750232,-0.00374716172759467,1,TRUE,1
"pairKO:SIGLEC1-SPN","top","pair","SIGLEC1-SPN",1,"ETS2",-0.00819930141004192,-0.0167996902855536,1,FALSE,-1
"pairKO:SIGLEC1-SPN","top","pair","SIGLEC1-SPN",1,"TFEC",-0.0308749030505837,-0.0690647811722125,1,TRUE,-1
"pairKO:SIGLEC1-SPN","top","pair","SIGLEC1-SPN",1,"ITGB2",-0.0566351871200979,-0.0871679662686236,1,TRUE,-1
"pairKO:SIGLEC1-SPN","top","pair","SIGLEC1-SPN",1,"POU2F1",-0.0323970255092925,-0.0522781563153076,1,FALSE,-1
"pairKO:SIGLEC1-SPN","top","pair","SIGLEC1-SPN",1,"JUN",-0.0176170242880244,-0.0409894941513807,1,TRUE,-1
"pairKO:SIGLEC1-SPN","top","pair","SIGLEC1-SPN",1,"CUX1",0.000618636203631229,-0.0168972454472822,-1,TRUE,-1
"pairKO:SIGLEC1-SPN","top","pair","SIGLEC1-SPN",1,"PLAG1",-0.0969578432715485,-0.188285700919742,-1,TRUE,1
"pairKO:SIGLEC1-SPN","top","pair","SIGLEC1-SPN",1,"JUND",-0.0196067036871979,-0.0360523763679249,1,TRUE,-1
"pairKO:SIGLEC1-SPN","top","pair","SIGLEC1-SPN",1,"FOSL2",-0.0282313137109301,-0.0588641867251537,1,FALSE,-1
"pairKO:SIGLEC1-SPN","top","pair","SIGLEC1-SPN",1,"NR1D1",-0.0206745899304338,-0.0609739512660342,1,FALSE,-1
"pairKO:SIGLEC1-SPN","top","pair","SIGLEC1-SPN",1,"ZFY",-0.146670151095368,-0.285272400669333,1,TRUE,-1
"pairKO:SIGLEC1-SPN","top","pair","SIGLEC1-SPN",1,"FOSB",-0.0294354188462987,-0.0731445845829097,-1,FALSE,1
"pairKO:SIGLEC1-SPN","top","pair","SIGLEC1-SPN",1,"NR4A1",-0.0262338820617635,-0.038910747967967,1,TRUE,-1
"pairKO:SIGLEC1-SPN","top","pair","SIGLEC1-SPN",1,"ATF4",-0.0973789026152302,-0.160599073314805,1,FALSE,-1
"pairKO:SIGLEC1-SPN","top","pair","SIGLEC1-SPN",1,"NFIL3",-0.146725146284263,-0.304537976417332,1,FALSE,-1
"pairKO:SIGLEC1-SPN","top","pair","SIGLEC1-SPN",1,"STAT3",-0.0295830966530189,-0.0763703886053889,1,FALSE,-1
"pairKO:SIGLEC1-SPN","top","pair","SIGLEC1-SPN",1,"NFE2",-0.00898094790264671,-0.0386681981686158,1,TRUE,-1
"pairKO:SIGLEC1-SPN","top","pair","SIGLEC1-SPN",1,"MXI1",-0.0283005810358758,-0.0881607512272272,1,TRUE,-1
"pairKO:SIGLEC1-SPN","top","pair","SIGLEC1-SPN",1,"HIF1A",-0.12846419483689,-0.248775834722421,1,FALSE,-1
"pairKO:SIGLEC1-SPN","top","pair","SIGLEC1-SPN",1,"NFKB2",-0.107224945242961,-0.22510526959528,1,FALSE,-1
"pairKO:SIGLEC1-SPN","top","pair","SIGLEC1-SPN",1,"ATF3",-0.00457106134605966,-0.0555758757443395,1,FALSE,-1
"pairKO:SIGLEC1-SPN","top","pair","SIGLEC1-SPN",1,"HES4",-0.180814801310034,-0.359943801305549,1,FALSE,-1
"receptorKO:PECAM1","top","receptor","CD38-PECAM1",1,"ZBTB7A",0.0850485274393574,0.112795556932602,-1,FALSE,-1
"receptorKO:PECAM1","top","receptor","CD38-PECAM1",1,"KLF6",0.0553336855785727,0.100796449165258,-1,FALSE,-1
"receptorKO:PECAM1","top","receptor","CD38-PECAM1",1,"EGR1",0.102503756646566,0.167595156953031,-1,FALSE,-1
"receptorKO:PECAM1","top","receptor","CD38-PECAM1",1,"KLF4",0.0738856287509551,0.139592388964033,-1,FALSE,-1
"receptorKO:PECAM1","top","receptor","CD38-PECAM1",1,"MEF2C",0.0659151204631233,0.0776535767641221,-1,TRUE,-1
"receptorKO:PECAM1","top","receptor","CD38-PECAM1",1,"NR4A2",0.122918797997563,0.188033985739317,1,TRUE,1
"receptorKO:PECAM1","top","receptor","CD38-PECAM1",1,"E2F5",0.0663599363634516,0.0901121376239819,1,TRUE,1
"receptorKO:PECAM1","top","receptor","CD38-PECAM1",1,"FOXL2",0.0922634853855139,0.10967651173056,NA,FALSE,NA
"receptorKO:PECAM1","top","receptor","CD38-PECAM1",1,"EGR3",0.122731478498075,0.22589561248786,-1,TRUE,-1
"receptorKO:PECAM1","top","receptor","CD38-PECAM1",1,"BHLHE40",-0.00108103760107419,-0.00407964134799003,-1,FALSE,1
"receptorKO:PECAM1","top","receptor","CD38-PECAM1",1,"RUNX3",0.0888675358145714,0.169851399366282,-1,FALSE,-1
"receptorKO:PECAM1","top","receptor","CD38-PECAM1",1,"RAD21",0.116761436442296,0.219567908525082,1,TRUE,1
"receptorKO:PECAM1","top","receptor","CD38-PECAM1",1,"BCL11A",0.136632681300548,0.195612089730508,1,FALSE,1
"receptorKO:PECAM1","top","receptor","CD38-PECAM1",1,"GTF2I",0.0608555548063666,0.110903121987865,1,TRUE,1
"receptorKO:PECAM1","top","receptor","CD38-PECAM1",1,"CREB1",0.0685103976012295,0.0897071787231028,1,TRUE,1
"receptorKO:PECAM1","top","receptor","CD38-PECAM1",1,"ELF2",0.147899953459478,0.234806888584078,-1,FALSE,-1
"receptorKO:PECAM1","top","receptor","CD38-PECAM1",1,"MAFB",0.0885970686461618,0.156285346610593,-1,TRUE,-1
"receptorKO:PECAM1","top","receptor","CD38-PECAM1",1,"KLF2",0.106791659165119,0.196052281459655,-1,FALSE,-1
"receptorKO:PECAM1","top","receptor","CD38-PECAM1",1,"ATF5",0.294978108214441,0.450040492289601,1,FALSE,1
"receptorKO:PECAM1","top","receptor","CD38-PECAM1",1,"IRF8",0.116147623860794,0.173252438372205,1,FALSE,1
"receptorKO:PECAM1","top","receptor","CD38-PECAM1",1,"BDP1",0.251039558349404,0.363652841919736,1,TRUE,1
"receptorKO:PECAM1","top","receptor","CD38-PECAM1",1,"CREB5",0.137956474502944,0.18900518808988,1,FALSE,1
"receptorKO:PECAM1","top","receptor","CD38-PECAM1",1,"CEBPD",0.00356957015889322,0.0104102390591896,1,FALSE,1
"receptorKO:PECAM1","top","receptor","CD38-PECAM1",1,"HIVEP1",0.1020250054658,0.154898911768632,-1,TRUE,-1
"receptorKO:PECAM1","top","receptor","CD38-PECAM1",1,"ETV7",0.0611996290387585,0.0831222920015949,-1,TRUE,-1
"receptorKO:PECAM1","top","receptor","CD38-PECAM1",1,"POU4F1",0.0203650830787218,0.0421069506151616,-1,TRUE,-1
"receptorKO:PECAM1","top","receptor","CD38-PECAM1",1,"ID1",0.22086052005768,0.336821949175102,1,FALSE,1
"receptorKO:PECAM1","top","receptor","CD38-PECAM1",1,"HOXB2",0.177503907804688,0.310481908602292,1,TRUE,1
"receptorKO:PECAM1","top","receptor","CD38-PECAM1",1,"SPI1",0.137471124768064,0.189970024977464,-1,TRUE,-1
"receptorKO:PECAM1","top","receptor","CD38-PECAM1",1,"BCLAF1",0.105945799042484,0.182857533959061,-1,FALSE,-1
"receptorKO:PECAM1","top","receptor","CD38-PECAM1",1,"STAT1",0.0468666127632172,0.0873066055208902,1,FALSE,1
"receptorKO:PECAM1","top","receptor","CD38-PECAM1",1,"TCF7L2",0.123091741444196,0.219914857480342,-1,FALSE,-1
"receptorKO:PECAM1","top","receptor","CD38-PECAM1",1,"BRCA1",0.0966059346349935,0.165253532663399,1,TRUE,1
"receptorKO:PECAM1","top","receptor","CD38-PECAM1",1,"CEBPB",0.0259584863431803,0.0574411497205354,1,FALSE,1
"receptorKO:PECAM1","top","receptor","CD38-PECAM1",1,"RORA",-0.00719765987439627,0.00207085484757113,-1,FALSE,1
"receptorKO:PECAM1","top","receptor","CD38-PECAM1",1,"ZBTB14",0.0416665464103887,0.0647853117999335,-1,TRUE,-1
"receptorKO:PECAM1","top","receptor","CD38-PECAM1",1,"EGR2",0.0233599459234955,0.0533844866563544,-1,TRUE,-1
"receptorKO:PECAM1","top","receptor","CD38-PECAM1",1,"IRF9",0.0502600460044744,0.0936556707339574,1,TRUE,1
"receptorKO:PECAM1","top","receptor","CD38-PECAM1",1,"FOXC1",0.0633565805680811,0.119992927779189,1,TRUE,1
"receptorKO:PECAM1","top","receptor","CD38-PECAM1",1,"FOXP1",-0.0325848921472388,-0.0381417864238189,-1,TRUE,1
"receptorKO:PECAM1","top","receptor","CD38-PECAM1",1,"ESR1",0.0589613753220932,0.107951157699886,1,TRUE,1
"receptorKO:PECAM1","top","receptor","CD38-PECAM1",1,"AHR",0.132512760140055,0.219781752104992,1,TRUE,1
"receptorKO:PECAM1","top","receptor","CD38-PECAM1",1,"KLF10",0.109066919462692,0.188354660683736,1,TRUE,1
"receptorKO:PECAM1","top","receptor","CD38-PECAM1",1,"ZBTB7C",0.0183394678968508,0.0391351657509856,1,TRUE,1
"receptorKO:PECAM1","top","receptor","CD38-PECAM1",1,"FOXP3",0.206062109812491,0.325442902184224,1,TRUE,1
"receptorKO:PECAM1","top","receptor","CD38-PECAM1",1,"NFATC2",0.211589146206023,0.32485791462505,1,FALSE,1
"receptorKO:PECAM1","top","receptor","CD38-PECAM1",1,"STAT2",0.0125898999164193,0.0254767878018754,1,FALSE,1
"receptorKO:PECAM1","top","receptor","CD38-PECAM1",1,"RARG",0.0876463237758378,0.141877594695069,1,TRUE,1
"receptorKO:PECAM1","top","receptor","CD38-PECAM1",1,"XBP1",0.262116455623742,0.354448184589725,1,TRUE,1
"receptorKO:PECAM1","top","receptor","CD38-PECAM1",1,"REL",0.0334331461271208,0.0415742060691653,1,TRUE,1
"receptorKO:PECAM1","top","receptor","CD38-PECAM1",1,"POU2F2",0.00217946105580035,0.0172366907096718,-1,FALSE,-1
"receptorKO:PECAM1","top","receptor","CD38-PECAM1",1,"IRF1",0.017308904346414,0.032804522526549,1,TRUE,1
"receptorKO:PECAM1","top","receptor","CD38-PECAM1",1,"ETS2",0.000363099414536567,0.00677738834912139,1,FALSE,1
"receptorKO:PECAM1","top","receptor","CD38-PECAM1",1,"TFEC",-0.0027154672706038,-0.013627569267958,1,TRUE,-1
"receptorKO:PECAM1","top","receptor","CD38-PECAM1",1,"ITGB2",-0.118546715550571,-0.221137125779382,1,TRUE,-1
"receptorKO:PECAM1","top","receptor","CD38-PECAM1",1,"POU2F1",-0.0278851116623539,-0.0283865615231291,1,FALSE,-1
"receptorKO:PECAM1","top","receptor","CD38-PECAM1",1,"JUN",0.0144629414987647,0.0320996129030258,1,TRUE,1
"receptorKO:PECAM1","top","receptor","CD38-PECAM1",1,"CUX1",0.0530996212309481,0.0457077765582831,-1,TRUE,-1
"receptorKO:PECAM1","top","receptor","CD38-PECAM1",1,"PLAG1",-0.150920004904469,-0.281757685187164,-1,TRUE,1
"receptorKO:PECAM1","top","receptor","CD38-PECAM1",1,"JUND",0.00829081988115078,0.0271077489803853,1,TRUE,1
"receptorKO:PECAM1","top","receptor","CD38-PECAM1",1,"FOSL2",-0.00490912501592457,-0.00204692069865528,1,FALSE,-1
"receptorKO:PECAM1","top","receptor","CD38-PECAM1",1,"NR1D1",0.034154310707849,0.0319169400917938,1,FALSE,1
"receptorKO:PECAM1","top","receptor","CD38-PECAM1",1,"ZFY",-0.109567964361425,-0.198730776403992,1,TRUE,-1
"receptorKO:PECAM1","top","receptor","CD38-PECAM1",1,"FOSB",0.0176047058732086,0.0450676167584218,-1,FALSE,-1
"receptorKO:PECAM1","top","receptor","CD38-PECAM1",1,"NR4A1",-0.0721263043271783,-0.0825728007902827,1,TRUE,-1
"receptorKO:PECAM1","top","receptor","CD38-PECAM1",1,"ATF4",-0.374076918480276,-0.597724021849102,1,FALSE,-1
"receptorKO:PECAM1","top","receptor","CD38-PECAM1",1,"NFIL3",-0.0941581471275706,-0.174032313735965,1,FALSE,-1
"receptorKO:PECAM1","top","receptor","CD38-PECAM1",1,"STAT3",0.00360644108473561,0.0185616945048948,1,FALSE,1
"receptorKO:PECAM1","top","receptor","CD38-PECAM1",1,"NFE2",-0.00839576998742716,-0.0110302457724369,1,TRUE,-1
"receptorKO:PECAM1","top","receptor","CD38-PECAM1",1,"MXI1",-0.017872927445656,-0.0176230034162822,1,TRUE,-1
"receptorKO:PECAM1","top","receptor","CD38-PECAM1",1,"HIF1A",-0.0195458194476404,-0.0301143663124853,1,FALSE,-1
"receptorKO:PECAM1","top","receptor","CD38-PECAM1",1,"NFKB2",0.0145650763791606,0.00411400232015066,1,FALSE,1
"receptorKO:PECAM1","top","receptor","CD38-PECAM1",1,"ATF3",0.00472499629301129,-0.00593982959147212,1,FALSE,1
"receptorKO:PECAM1","top","receptor","CD38-PECAM1",1,"HES4",-0.168122555899874,-0.308738717532923,1,FALSE,-1
"ligandKO:CD38","top","ligand","CD38-PECAM1",1,"ZBTB7A",0.0850485274393574,0.112795556932602,-1,FALSE,-1
"ligandKO:CD38","top","ligand","CD38-PECAM1",1,"KLF6",0.0553336855785727,0.100796449165258,-1,FALSE,-1
"ligandKO:CD38","top","ligand","CD38-PECAM1",1,"EGR1",0.102503756646566,0.167595156953031,-1,FALSE,-1
"ligandKO:CD38","top","ligand","CD38-PECAM1",1,"KLF4",0.0738856287509551,0.139592388964033,-1,FALSE,-1
"ligandKO:CD38","top","ligand","CD38-PECAM1",1,"MEF2C",0.0659151204631233,0.0776535767641221,-1,TRUE,-1
"ligandKO:CD38","top","ligand","CD38-PECAM1",1,"NR4A2",0.122918797997563,0.188033985739317,1,TRUE,1
"ligandKO:CD38","top","ligand","CD38-PECAM1",1,"E2F5",0.0663599363634516,0.0901121376239819,1,TRUE,1
"ligandKO:CD38","top","ligand","CD38-PECAM1",1,"FOXL2",0.0922634853855139,0.10967651173056,NA,FALSE,NA
"ligandKO:CD38","top","ligand","CD38-PECAM1",1,"EGR3",0.122731478498075,0.22589561248786,-1,TRUE,-1
"ligandKO:CD38","top","ligand","CD38-PECAM1",1,"BHLHE40",-0.00108103760107419,-0.00407964134799003,-1,FALSE,1
"ligandKO:CD38","top","ligand","CD38-PECAM1",1,"RUNX3",0.0888675358145714,0.169851399366282,-1,FALSE,-1
"ligandKO:CD38","top","ligand","CD38-PECAM1",1,"RAD21",0.116761436442296,0.219567908525082,1,TRUE,1
"ligandKO:CD38","top","ligand","CD38-PECAM1",1,"BCL11A",0.136632681300548,0.195612089730508,1,FALSE,1
"ligandKO:CD38","top","ligand","CD38-PECAM1",1,"GTF2I",0.0608555548063666,0.110903121987865,1,TRUE,1
"ligandKO:CD38","top","ligand","CD38-PECAM1",1,"CREB1",0.0685103976012295,0.0897071787231028,1,TRUE,1
"ligandKO:CD38","top","ligand","CD38-PECAM1",1,"ELF2",0.147899953459478,0.234806888584078,-1,FALSE,-1
"ligandKO:CD38","top","ligand","CD38-PECAM1",1,"MAFB",0.0885970686461618,0.156285346610593,-1,TRUE,-1
"ligandKO:CD38","top","ligand","CD38-PECAM1",1,"KLF2",0.106791659165119,0.196052281459655,-1,FALSE,-1
"ligandKO:CD38","top","ligand","CD38-PECAM1",1,"ATF5",0.294978108214441,0.450040492289601,1,FALSE,1
"ligandKO:CD38","top","ligand","CD38-PECAM1",1,"IRF8",0.116147623860794,0.173252438372205,1,FALSE,1
"ligandKO:CD38","top","ligand","CD38-PECAM1",1,"BDP1",0.251039558349404,0.363652841919736,1,TRUE,1
"ligandKO:CD38","top","ligand","CD38-PECAM1",1,"CREB5",0.137956474502944,0.18900518808988,1,FALSE,1
"ligandKO:CD38","top","ligand","CD38-PECAM1",1,"CEBPD",0.00356957015889322,0.0104102390591896,1,FALSE,1
"ligandKO:CD38","top","ligand","CD38-PECAM1",1,"HIVEP1",0.1020250054658,0.154898911768632,-1,TRUE,-1
"ligandKO:CD38","top","ligand","CD38-PECAM1",1,"ETV7",0.0611996290387585,0.0831222920015949,-1,TRUE,-1
"ligandKO:CD38","top","ligand","CD38-PECAM1",1,"POU4F1",0.0203650830787218,0.0421069506151616,-1,TRUE,-1
"ligandKO:CD38","top","ligand","CD38-PECAM1",1,"ID1",0.22086052005768,0.336821949175102,1,FALSE,1
"ligandKO:CD38","top","ligand","CD38-PECAM1",1,"HOXB2",0.177503907804688,0.310481908602292,1,TRUE,1
"ligandKO:CD38","top","ligand","CD38-PECAM1",1,"SPI1",0.137471124768064,0.189970024977464,-1,TRUE,-1
"ligandKO:CD38","top","ligand","CD38-PECAM1",1,"BCLAF1",0.105945799042484,0.182857533959061,-1,FALSE,-1
"ligandKO:CD38","top","ligand","CD38-PECAM1",1,"STAT1",0.0468666127632172,0.0873066055208902,1,FALSE,1
"ligandKO:CD38","top","ligand","CD38-PECAM1",1,"TCF7L2",0.123091741444196,0.219914857480342,-1,FALSE,-1
"ligandKO:CD38","top","ligand","CD38-PECAM1",1,"BRCA1",0.0966059346349935,0.165253532663399,1,TRUE,1
"ligandKO:CD38","top","ligand","CD38-PECAM1",1,"CEBPB",0.0259584863431803,0.0574411497205354,1,FALSE,1
"ligandKO:CD38","top","ligand","CD38-PECAM1",1,"RORA",-0.00719765987439627,0.00207085484757113,-1,FALSE,1
"ligandKO:CD38","top","ligand","CD38-PECAM1",1,"ZBTB14",0.0416665464103887,0.0647853117999335,-1,TRUE,-1
"ligandKO:CD38","top","ligand","CD38-PECAM1",1,"EGR2",0.0233599459234955,0.0533844866563544,-1,TRUE,-1
"ligandKO:CD38","top","ligand","CD38-PECAM1",1,"IRF9",0.0502600460044744,0.0936556707339574,1,TRUE,1
"ligandKO:CD38","top","ligand","CD38-PECAM1",1,"FOXC1",0.0633565805680811,0.119992927779189,1,TRUE,1
"ligandKO:CD38","top","ligand","CD38-PECAM1",1,"FOXP1",-0.0325848921472388,-0.0381417864238189,-1,TRUE,1
"ligandKO:CD38","top","ligand","CD38-PECAM1",1,"ESR1",0.0589613753220932,0.107951157699886,1,TRUE,1
"ligandKO:CD38","top","ligand","CD38-PECAM1",1,"AHR",0.132512760140055,0.219781752104992,1,TRUE,1
"ligandKO:CD38","top","ligand","CD38-PECAM1",1,"KLF10",0.109066919462692,0.188354660683736,1,TRUE,1
"ligandKO:CD38","top","ligand","CD38-PECAM1",1,"ZBTB7C",0.0183394678968508,0.0391351657509856,1,TRUE,1
"ligandKO:CD38","top","ligand","CD38-PECAM1",1,"FOXP3",0.206062109812491,0.325442902184224,1,TRUE,1
"ligandKO:CD38","top","ligand","CD38-PECAM1",1,"NFATC2",0.211589146206023,0.32485791462505,1,FALSE,1
"ligandKO:CD38","top","ligand","CD38-PECAM1",1,"STAT2",0.0125898999164193,0.0254767878018754,1,FALSE,1
"ligandKO:CD38","top","ligand","CD38-PECAM1",1,"RARG",0.0876463237758378,0.141877594695069,1,TRUE,1
"ligandKO:CD38","top","ligand","CD38-PECAM1",1,"XBP1",0.262116455623742,0.354448184589725,1,TRUE,1
"ligandKO:CD38","top","ligand","CD38-PECAM1",1,"REL",0.0334331461271208,0.0415742060691653,1,TRUE,1
"ligandKO:CD38","top","ligand","CD38-PECAM1",1,"POU2F2",0.00217946105580035,0.0172366907096718,-1,FALSE,-1
"ligandKO:CD38","top","ligand","CD38-PECAM1",1,"IRF1",0.017308904346414,0.032804522526549,1,TRUE,1
"ligandKO:CD38","top","ligand","CD38-PECAM1",1,"ETS2",0.000363099414536567,0.00677738834912139,1,FALSE,1
"ligandKO:CD38","top","ligand","CD38-PECAM1",1,"TFEC",-0.0027154672706038,-0.013627569267958,1,TRUE,-1
"ligandKO:CD38","top","ligand","CD38-PECAM1",1,"ITGB2",-0.118546715550571,-0.221137125779382,1,TRUE,-1
"ligandKO:CD38","top","ligand","CD38-PECAM1",1,"POU2F1",-0.0278851116623539,-0.0283865615231291,1,FALSE,-1
"ligandKO:CD38","top","ligand","CD38-PECAM1",1,"JUN",0.0144629414987647,0.0320996129030258,1,TRUE,1
"ligandKO:CD38","top","ligand","CD38-PECAM1",1,"CUX1",0.0530996212309481,0.0457077765582831,-1,TRUE,-1
"ligandKO:CD38","top","ligand","CD38-PECAM1",1,"PLAG1",-0.150920004904469,-0.281757685187164,-1,TRUE,1
"ligandKO:CD38","top","ligand","CD38-PECAM1",1,"JUND",0.00829081988115078,0.0271077489803853,1,TRUE,1
"ligandKO:CD38","top","ligand","CD38-PECAM1",1,"FOSL2",-0.00490912501592457,-0.00204692069865528,1,FALSE,-1
"ligandKO:CD38","top","ligand","CD38-PECAM1",1,"NR1D1",0.034154310707849,0.0319169400917938,1,FALSE,1
"ligandKO:CD38","top","ligand","CD38-PECAM1",1,"ZFY",-0.109567964361425,-0.198730776403992,1,TRUE,-1
"ligandKO:CD38","top","ligand","CD38-PECAM1",1,"FOSB",0.0176047058732086,0.0450676167584218,-1,FALSE,-1
"ligandKO:CD38","top","ligand","CD38-PECAM1",1,"NR4A1",-0.0721263043271783,-0.0825728007902827,1,TRUE,-1
"ligandKO:CD38","top","ligand","CD38-PECAM1",1,"ATF4",-0.374076918480276,-0.597724021849102,1,FALSE,-1
"ligandKO:CD38","top","ligand","CD38-PECAM1",1,"NFIL3",-0.0941581471275706,-0.174032313735965,1,FALSE,-1
"ligandKO:CD38","top","ligand","CD38-PECAM1",1,"STAT3",0.00360644108473561,0.0185616945048948,1,FALSE,1
"ligandKO:CD38","top","ligand","CD38-PECAM1",1,"NFE2",-0.00839576998742716,-0.0110302457724369,1,TRUE,-1
"ligandKO:CD38","top","ligand","CD38-PECAM1",1,"MXI1",-0.017872927445656,-0.0176230034162822,1,TRUE,-1
"ligandKO:CD38","top","ligand","CD38-PECAM1",1,"HIF1A",-0.0195458194476404,-0.0301143663124853,1,FALSE,-1
"ligandKO:CD38","top","ligand","CD38-PECAM1",1,"NFKB2",0.0145650763791606,0.00411400232015066,1,FALSE,1
"ligandKO:CD38","top","ligand","CD38-PECAM1",1,"ATF3",0.00472499629301129,-0.00593982959147212,1,FALSE,1
"ligandKO:CD38","top","ligand","CD38-PECAM1",1,"HES4",-0.168122555899874,-0.308738717532923,1,FALSE,-1
"pairKO:CD38-PECAM1","top","pair","CD38-PECAM1",1,"ZBTB7A",0.0850485274393574,0.112795556932602,-1,FALSE,-1
"pairKO:CD38-PECAM1","top","pair","CD38-PECAM1",1,"KLF6",0.0553336855785727,0.100796449165258,-1,FALSE,-1
"pairKO:CD38-PECAM1","top","pair","CD38-PECAM1",1,"EGR1",0.102503756646566,0.167595156953031,-1,FALSE,-1
"pairKO:CD38-PECAM1","top","pair","CD38-PECAM1",1,"KLF4",0.0738856287509551,0.139592388964033,-1,FALSE,-1
"pairKO:CD38-PECAM1","top","pair","CD38-PECAM1",1,"MEF2C",0.0659151204631233,0.0776535767641221,-1,TRUE,-1
"pairKO:CD38-PECAM1","top","pair","CD38-PECAM1",1,"NR4A2",0.122918797997563,0.188033985739317,1,TRUE,1
"pairKO:CD38-PECAM1","top","pair","CD38-PECAM1",1,"E2F5",0.0663599363634516,0.0901121376239819,1,TRUE,1
"pairKO:CD38-PECAM1","top","pair","CD38-PECAM1",1,"FOXL2",0.0922634853855139,0.10967651173056,NA,FALSE,NA
"pairKO:CD38-PECAM1","top","pair","CD38-PECAM1",1,"EGR3",0.122731478498075,0.22589561248786,-1,TRUE,-1
"pairKO:CD38-PECAM1","top","pair","CD38-PECAM1",1,"BHLHE40",-0.00108103760107419,-0.00407964134799003,-1,FALSE,1
"pairKO:CD38-PECAM1","top","pair","CD38-PECAM1",1,"RUNX3",0.0888675358145714,0.169851399366282,-1,FALSE,-1
"pairKO:CD38-PECAM1","top","pair","CD38-PECAM1",1,"RAD21",0.116761436442296,0.219567908525082,1,TRUE,1
"pairKO:CD38-PECAM1","top","pair","CD38-PECAM1",1,"BCL11A",0.136632681300548,0.195612089730508,1,FALSE,1
"pairKO:CD38-PECAM1","top","pair","CD38-PECAM1",1,"GTF2I",0.0608555548063666,0.110903121987865,1,TRUE,1
"pairKO:CD38-PECAM1","top","pair","CD38-PECAM1",1,"CREB1",0.0685103976012295,0.0897071787231028,1,TRUE,1
"pairKO:CD38-PECAM1","top","pair","CD38-PECAM1",1,"ELF2",0.147899953459478,0.234806888584078,-1,FALSE,-1
"pairKO:CD38-PECAM1","top","pair","CD38-PECAM1",1,"MAFB",0.0885970686461618,0.156285346610593,-1,TRUE,-1
"pairKO:CD38-PECAM1","top","pair","CD38-PECAM1",1,"KLF2",0.106791659165119,0.196052281459655,-1,FALSE,-1
"pairKO:CD38-PECAM1","top","pair","CD38-PECAM1",1,"ATF5",0.294978108214441,0.450040492289601,1,FALSE,1
"pairKO:CD38-PECAM1","top","pair","CD38-PECAM1",1,"IRF8",0.116147623860794,0.173252438372205,1,FALSE,1
"pairKO:CD38-PECAM1","top","pair","CD38-PECAM1",1,"BDP1",0.251039558349404,0.363652841919736,1,TRUE,1
"pairKO:CD38-PECAM1","top","pair","CD38-PECAM1",1,"CREB5",0.137956474502944,0.18900518808988,1,FALSE,1
"pairKO:CD38-PECAM1","top","pair","CD38-PECAM1",1,"CEBPD",0.00356957015889322,0.0104102390591896,1,FALSE,1
"pairKO:CD38-PECAM1","top","pair","CD38-PECAM1",1,"HIVEP1",0.1020250054658,0.154898911768632,-1,TRUE,-1
"pairKO:CD38-PECAM1","top","pair","CD38-PECAM1",1,"ETV7",0.0611996290387585,0.0831222920015949,-1,TRUE,-1
"pairKO:CD38-PECAM1","top","pair","CD38-PECAM1",1,"POU4F1",0.0203650830787218,0.0421069506151616,-1,TRUE,-1
"pairKO:CD38-PECAM1","top","pair","CD38-PECAM1",1,"ID1",0.22086052005768,0.336821949175102,1,FALSE,1
"pairKO:CD38-PECAM1","top","pair","CD38-PECAM1",1,"HOXB2",0.177503907804688,0.310481908602292,1,TRUE,1
"pairKO:CD38-PECAM1","top","pair","CD38-PECAM1",1,"SPI1",0.137471124768064,0.189970024977464,-1,TRUE,-1
"pairKO:CD38-PECAM1","top","pair","CD38-PECAM1",1,"BCLAF1",0.105945799042484,0.182857533959061,-1,FALSE,-1
"pairKO:CD38-PECAM1","top","pair","CD38-PECAM1",1,"STAT1",0.0468666127632172,0.0873066055208902,1,FALSE,1
"pairKO:CD38-PECAM1","top","pair","CD38-PECAM1",1,"TCF7L2",0.123091741444196,0.219914857480342,-1,FALSE,-1
"pairKO:CD38-PECAM1","top","pair","CD38-PECAM1",1,"BRCA1",0.0966059346349935,0.165253532663399,1,TRUE,1
"pairKO:CD38-PECAM1","top","pair","CD38-PECAM1",1,"CEBPB",0.0259584863431803,0.0574411497205354,1,FALSE,1
"pairKO:CD38-PECAM1","top","pair","CD38-PECAM1",1,"RORA",-0.00719765987439627,0.00207085484757113,-1,FALSE,1
"pairKO:CD38-PECAM1","top","pair","CD38-PECAM1",1,"ZBTB14",0.0416665464103887,0.0647853117999335,-1,TRUE,-1
"pairKO:CD38-PECAM1","top","pair","CD38-PECAM1",1,"EGR2",0.0233599459234955,0.0533844866563544,-1,TRUE,-1
"pairKO:CD38-PECAM1","top","pair","CD38-PECAM1",1,"IRF9",0.0502600460044744,0.0936556707339574,1,TRUE,1
"pairKO:CD38-PECAM1","top","pair","CD38-PECAM1",1,"FOXC1",0.0633565805680811,0.119992927779189,1,TRUE,1
"pairKO:CD38-PECAM1","top","pair","CD38-PECAM1",1,"FOXP1",-0.0325848921472388,-0.0381417864238189,-1,TRUE,1
"pairKO:CD38-PECAM1","top","pair","CD38-PECAM1",1,"ESR1",0.0589613753220932,0.107951157699886,1,TRUE,1
"pairKO:CD38-PECAM1","top","pair","CD38-PECAM1",1,"AHR",0.132512760140055,0.219781752104992,1,TRUE,1
"pairKO:CD38-PECAM1","top","pair","CD38-PECAM1",1,"KLF10",0.109066919462692,0.188354660683736,1,TRUE,1
"pairKO:CD38-PECAM1","top","pair","CD38-PECAM1",1,"ZBTB7C",0.0183394678968508,0.0391351657509856,1,TRUE,1
"pairKO:CD38-PECAM1","top","pair","CD38-PECAM1",1,"FOXP3",0.206062109812491,0.325442902184224,1,TRUE,1
"pairKO:CD38-PECAM1","top","pair","CD38-PECAM1",1,"NFATC2",0.211589146206023,0.32485791462505,1,FALSE,1
"pairKO:CD38-PECAM1","top","pair","CD38-PECAM1",1,"STAT2",0.0125898999164193,0.0254767878018754,1,FALSE,1
"pairKO:CD38-PECAM1","top","pair","CD38-PECAM1",1,"RARG",0.0876463237758378,0.141877594695069,1,TRUE,1
"pairKO:CD38-PECAM1","top","pair","CD38-PECAM1",1,"XBP1",0.262116455623742,0.354448184589725,1,TRUE,1
"pairKO:CD38-PECAM1","top","pair","CD38-PECAM1",1,"REL",0.0334331461271208,0.0415742060691653,1,TRUE,1
"pairKO:CD38-PECAM1","top","pair","CD38-PECAM1",1,"POU2F2",0.00217946105580035,0.0172366907096718,-1,FALSE,-1
"pairKO:CD38-PECAM1","top","pair","CD38-PECAM1",1,"IRF1",0.017308904346414,0.032804522526549,1,TRUE,1
"pairKO:CD38-PECAM1","top","pair","CD38-PECAM1",1,"ETS2",0.000363099414536567,0.00677738834912139,1,FALSE,1
"pairKO:CD38-PECAM1","top","pair","CD38-PECAM1",1,"TFEC",-0.0027154672706038,-0.013627569267958,1,TRUE,-1
"pairKO:CD38-PECAM1","top","pair","CD38-PECAM1",1,"ITGB2",-0.118546715550571,-0.221137125779382,1,TRUE,-1
"pairKO:CD38-PECAM1","top","pair","CD38-PECAM1",1,"POU2F1",-0.0278851116623539,-0.0283865615231291,1,FALSE,-1
"pairKO:CD38-PECAM1","top","pair","CD38-PECAM1",1,"JUN",0.0144629414987647,0.0320996129030258,1,TRUE,1
"pairKO:CD38-PECAM1","top","pair","CD38-PECAM1",1,"CUX1",0.0530996212309481,0.0457077765582831,-1,TRUE,-1
"pairKO:CD38-PECAM1","top","pair","CD38-PECAM1",1,"PLAG1",-0.150920004904469,-0.281757685187164,-1,TRUE,1
"pairKO:CD38-PECAM1","top","pair","CD38-PECAM1",1,"JUND",0.00829081988115078,0.0271077489803853,1,TRUE,1
"pairKO:CD38-PECAM1","top","pair","CD38-PECAM1",1,"FOSL2",-0.00490912501592457,-0.00204692069865528,1,FALSE,-1
"pairKO:CD38-PECAM1","top","pair","CD38-PECAM1",1,"NR1D1",0.034154310707849,0.0319169400917938,1,FALSE,1
"pairKO:CD38-PECAM1","top","pair","CD38-PECAM1",1,"ZFY",-0.109567964361425,-0.198730776403992,1,TRUE,-1
"pairKO:CD38-PECAM1","top","pair","CD38-PECAM1",1,"FOSB",0.0176047058732086,0.0450676167584218,-1,FALSE,-1
"pairKO:CD38-PECAM1","top","pair","CD38-PECAM1",1,"NR4A1",-0.0721263043271783,-0.0825728007902827,1,TRUE,-1
"pairKO:CD38-PECAM1","top","pair","CD38-PECAM1",1,"ATF4",-0.374076918480276,-0.597724021849102,1,FALSE,-1
"pairKO:CD38-PECAM1","top","pair","CD38-PECAM1",1,"NFIL3",-0.0941581471275706,-0.174032313735965,1,FALSE,-1
"pairKO:CD38-PECAM1","top","pair","CD38-PECAM1",1,"STAT3",0.00360644108473561,0.0185616945048948,1,FALSE,1
"pairKO:CD38-PECAM1","top","pair","CD38-PECAM1",1,"NFE2",-0.00839576998742716,-0.0110302457724369,1,TRUE,-1
"pairKO:CD38-PECAM1","top","pair","CD38-PECAM1",1,"MXI1",-0.017872927445656,-0.0176230034162822,1,TRUE,-1
"pairKO:CD38-PECAM1","top","pair","CD38-PECAM1",1,"HIF1A",-0.0195458194476404,-0.0301143663124853,1,FALSE,-1
"pairKO:CD38-PECAM1","top","pair","CD38-PECAM1",1,"NFKB2",0.0145650763791606,0.00411400232015066,1,FALSE,1
"pairKO:CD38-PECAM1","top","pair","CD38-PECAM1",1,"ATF3",0.00472499629301129,-0.00593982959147212,1,FALSE,1
"pairKO:CD38-PECAM1","top","pair","CD38-PECAM1",1,"HES4",-0.168122555899874,-0.308738717532923,1,FALSE,-1
"receptorKO:CD63","top","receptor","ENAM-CD63",1,"ZBTB7A",-0.0198323379653945,-0.0464881300775482,-1,FALSE,1
"receptorKO:CD63","top","receptor","ENAM-CD63",1,"KLF6",-0.0434513085476115,-0.0889112930352732,-1,FALSE,1
"receptorKO:CD63","top","receptor","ENAM-CD63",1,"EGR1",0.00820568321475115,0.00690303266383827,-1,FALSE,-1
"receptorKO:CD63","top","receptor","ENAM-CD63",1,"KLF4",-0.029656400390134,-0.0517375675764144,-1,FALSE,1
"receptorKO:CD63","top","receptor","ENAM-CD63",1,"MEF2C",-0.0156306956821543,-0.0201374819931798,-1,TRUE,1
"receptorKO:CD63","top","receptor","ENAM-CD63",1,"NR4A2",-0.015485243583754,-0.00302843343196467,1,TRUE,-1
"receptorKO:CD63","top","receptor","ENAM-CD63",1,"E2F5",0.0057808425732456,0.00541955281988819,1,TRUE,1
"receptorKO:CD63","top","receptor","ENAM-CD63",1,"FOXL2",-0.0172880368368943,0.0146293665723755,NA,FALSE,NA
"receptorKO:CD63","top","receptor","ENAM-CD63",1,"EGR3",-0.00791498108985507,-0.0188578213081633,-1,TRUE,1
"receptorKO:CD63","top","receptor","ENAM-CD63",1,"BHLHE40",0.0382600507442551,0.0700977695101022,-1,FALSE,-1
"receptorKO:CD63","top","receptor","ENAM-CD63",1,"RUNX3",-0.0198717752795359,-0.0474968265132518,-1,FALSE,1
"receptorKO:CD63","top","receptor","ENAM-CD63",1,"RAD21",-0.0896602312461826,-0.163228236131278,1,TRUE,-1
"receptorKO:CD63","top","receptor","ENAM-CD63",1,"BCL11A",-0.0827712118803509,-0.1279502767966,1,FALSE,-1
"receptorKO:CD63","top","receptor","ENAM-CD63",1,"GTF2I",0.117988251435002,0.190635081337902,1,TRUE,1
"receptorKO:CD63","top","receptor","ENAM-CD63",1,"CREB1",-0.037774625383802,-0.0743122049719018,1,TRUE,-1
"receptorKO:CD63","top","receptor","ENAM-CD63",1,"ELF2",-0.178993922264337,-0.32422639146348,-1,FALSE,1
"receptorKO:CD63","top","receptor","ENAM-CD63",1,"MAFB",-0.10980388736454,-0.197966663248298,-1,TRUE,1
"receptorKO:CD63","top","receptor","ENAM-CD63",1,"KLF2",0.0047002277029108,0.0151839468460511,-1,FALSE,-1
"receptorKO:CD63","top","receptor","ENAM-CD63",1,"ATF5",-0.0581259048282204,-0.093806232319616,1,FALSE,-1
"receptorKO:CD63","top","receptor","ENAM-CD63",1,"IRF8",-0.0656452188870228,-0.113208092798595,1,FALSE,-1
"receptorKO:CD63","top","receptor","ENAM-CD63",1,"BDP1",-0.104034486330458,-0.200627058109672,1,TRUE,-1
"receptorKO:CD63","top","receptor","ENAM-CD63",1,"CREB5",-0.0568321061747329,-0.0528145889564669,1,FALSE,-1
"receptorKO:CD63","top","receptor","ENAM-CD63",1,"CEBPD",-0.0675531868646513,-0.1359563165609,1,FALSE,-1
"receptorKO:CD63","top","receptor","ENAM-CD63",1,"HIVEP1",-0.0215410703386788,-0.0251122310472588,-1,TRUE,1
"receptorKO:CD63","top","receptor","ENAM-CD63",1,"ETV7",-0.0313899954574293,-0.0531317827083374,-1,TRUE,1
"receptorKO:CD63","top","receptor","ENAM-CD63",1,"POU4F1",-0.10003257118815,-0.194669137351647,-1,TRUE,1
"receptorKO:CD63","top","receptor","ENAM-CD63",1,"ID1",-0.0582997512497256,-0.0954862000695853,1,FALSE,-1
"receptorKO:CD63","top","receptor","ENAM-CD63",1,"HOXB2",-0.115041860868986,-0.222918226538658,1,TRUE,-1
"receptorKO:CD63","top","receptor","ENAM-CD63",1,"SPI1",-0.0382750658713356,-0.0351269559555327,-1,TRUE,1
"receptorKO:CD63","top","receptor","ENAM-CD63",1,"BCLAF1",-0.0986741058726544,-0.188846787184167,-1,FALSE,1
"receptorKO:CD63","top","receptor","ENAM-CD63",1,"STAT1",-0.106112906200151,-0.189823579953915,1,FALSE,-1
"receptorKO:CD63","top","receptor","ENAM-CD63",1,"TCF7L2",-0.0361207559057775,-0.0445477505733355,-1,FALSE,1
"receptorKO:CD63","top","receptor","ENAM-CD63",1,"BRCA1",-0.128706705470441,-0.254013638286343,1,TRUE,-1
"receptorKO:CD63","top","receptor","ENAM-CD63",1,"CEBPB",-0.142110235342798,-0.274216395059738,1,FALSE,-1
"receptorKO:CD63","top","receptor","ENAM-CD63",1,"RORA",-0.144882408201292,-0.276495608144332,-1,FALSE,1
"receptorKO:CD63","top","receptor","ENAM-CD63",1,"ZBTB14",-0.0607145456434783,-0.114308255764895,-1,TRUE,1
"receptorKO:CD63","top","receptor","ENAM-CD63",1,"EGR2",-0.0262202775435526,-0.0804380851842792,-1,TRUE,1
"receptorKO:CD63","top","receptor","ENAM-CD63",1,"IRF9",-0.114475105038024,-0.203513878238573,1,TRUE,-1
"receptorKO:CD63","top","receptor","ENAM-CD63",1,"FOXC1",-0.0594353683776741,-0.095946222740167,1,TRUE,-1
"receptorKO:CD63","top","receptor","ENAM-CD63",1,"FOXP1",-0.0523255276347714,-0.114579658446695,-1,TRUE,1
"receptorKO:CD63","top","receptor","ENAM-CD63",1,"ESR1",-0.093028288982786,-0.166546270291304,1,TRUE,-1
"receptorKO:CD63","top","receptor","ENAM-CD63",1,"AHR",-0.0691033631416338,-0.130227476298293,1,TRUE,-1
"receptorKO:CD63","top","receptor","ENAM-CD63",1,"KLF10",-0.0600207584136771,-0.106674342852717,1,TRUE,-1
"receptorKO:CD63","top","receptor","ENAM-CD63",1,"ZBTB7C",-0.104657862894586,-0.1928513775112,1,TRUE,-1
"receptorKO:CD63","top","receptor","ENAM-CD63",1,"FOXP3",-0.0102280125059732,-0.0201035808841578,1,TRUE,-1
"receptorKO:CD63","top","receptor","ENAM-CD63",1,"NFATC2",-0.0146587440198102,-0.0293980929961946,1,FALSE,-1
"receptorKO:CD63","top","receptor","ENAM-CD63",1,"STAT2",-0.089123376819652,-0.174462196416206,1,FALSE,-1
"receptorKO:CD63","top","receptor","ENAM-CD63",1,"RARG",-0.0661658412111822,-0.108547843340251,1,TRUE,-1
"receptorKO:CD63","top","receptor","ENAM-CD63",1,"XBP1",-0.017250555266255,-0.0087141081547313,1,TRUE,-1
"receptorKO:CD63","top","receptor","ENAM-CD63",1,"REL",-0.157479301508458,-0.236779546887444,1,TRUE,-1
"receptorKO:CD63","top","receptor","ENAM-CD63",1,"POU2F2",-0.336700773664458,-0.598406622709108,-1,FALSE,1
"receptorKO:CD63","top","receptor","ENAM-CD63",1,"IRF1",-0.268248876661403,-0.458935655822038,1,TRUE,-1
"receptorKO:CD63","top","receptor","ENAM-CD63",1,"ETS2",-0.138266814279293,-0.232959191458925,1,FALSE,-1
"receptorKO:CD63","top","receptor","ENAM-CD63",1,"TFEC",-0.355812846887766,-0.512408402204296,1,TRUE,-1
"receptorKO:CD63","top","receptor","ENAM-CD63",1,"ITGB2",-0.0389209243229685,-0.0821948142783403,1,TRUE,-1
"receptorKO:CD63","top","receptor","ENAM-CD63",1,"POU2F1",-0.0359703839084856,-0.0775294356485437,1,FALSE,-1
"receptorKO:CD63","top","receptor","ENAM-CD63",1,"JUN",-0.241171863284945,-0.417328732564867,1,TRUE,-1
"receptorKO:CD63","top","receptor","ENAM-CD63",1,"CUX1",-0.0233420289884354,-0.0244533734577346,-1,TRUE,1
"receptorKO:CD63","top","receptor","ENAM-CD63",1,"PLAG1",0.0454149695611259,0.0516207513614006,-1,TRUE,-1
"receptorKO:CD63","top","receptor","ENAM-CD63",1,"JUND",-0.097315433500596,-0.173266384280302,1,TRUE,-1
"receptorKO:CD63","top","receptor","ENAM-CD63",1,"FOSL2",-0.216486045329099,-0.355195623732059,1,FALSE,-1
"receptorKO:CD63","top","receptor","ENAM-CD63",1,"NR1D1",-0.118819934455028,-0.154122760969942,1,FALSE,-1
"receptorKO:CD63","top","receptor","ENAM-CD63",1,"ZFY",0.14234130398314,0.278991649310476,1,TRUE,1
"receptorKO:CD63","top","receptor","ENAM-CD63",1,"FOSB",-0.343362914987263,-0.61938557683289,-1,FALSE,1
"receptorKO:CD63","top","receptor","ENAM-CD63",1,"NR4A1",-0.0777776048077008,-0.140328731974319,1,TRUE,-1
"receptorKO:CD63","top","receptor","ENAM-CD63",1,"ATF4",0.0409417720145353,0.0754659415876245,1,FALSE,1
"receptorKO:CD63","top","receptor","ENAM-CD63",1,"NFIL3",0.115046139737535,0.23212602062061,1,FALSE,1
"receptorKO:CD63","top","receptor","ENAM-CD63",1,"STAT3",-0.11178515569352,-0.208997461263354,1,FALSE,-1
"receptorKO:CD63","top","receptor","ENAM-CD63",1,"NFE2",-0.113094826932663,-0.169411710896893,1,TRUE,-1
"receptorKO:CD63","top","receptor","ENAM-CD63",1,"MXI1",-0.0527435420477807,-0.0967205562156477,1,TRUE,-1
"receptorKO:CD63","top","receptor","ENAM-CD63",1,"HIF1A",-0.0106264790178221,-0.00975705429698204,1,FALSE,-1
"receptorKO:CD63","top","receptor","ENAM-CD63",1,"NFKB2",-0.00470458471595692,0.00754816092134353,1,FALSE,-1
"receptorKO:CD63","top","receptor","ENAM-CD63",1,"ATF3",-0.034830059367216,-0.0418739375240792,1,FALSE,-1
"receptorKO:CD63","top","receptor","ENAM-CD63",1,"HES4",0.0293864816208343,0.0493495366540483,1,FALSE,1
"ligandKO:ENAM","top","ligand","ENAM-CD63",1,"ZBTB7A",-0.0198323379653945,-0.0464881300775482,-1,FALSE,1
"ligandKO:ENAM","top","ligand","ENAM-CD63",1,"KLF6",-0.0434513085476115,-0.0889112930352732,-1,FALSE,1
"ligandKO:ENAM","top","ligand","ENAM-CD63",1,"EGR1",0.00820568321475115,0.00690303266383827,-1,FALSE,-1
"ligandKO:ENAM","top","ligand","ENAM-CD63",1,"KLF4",-0.029656400390134,-0.0517375675764144,-1,FALSE,1
"ligandKO:ENAM","top","ligand","ENAM-CD63",1,"MEF2C",-0.0156306956821543,-0.0201374819931798,-1,TRUE,1
"ligandKO:ENAM","top","ligand","ENAM-CD63",1,"NR4A2",-0.015485243583754,-0.00302843343196467,1,TRUE,-1
"ligandKO:ENAM","top","ligand","ENAM-CD63",1,"E2F5",0.0057808425732456,0.00541955281988819,1,TRUE,1
"ligandKO:ENAM","top","ligand","ENAM-CD63",1,"FOXL2",-0.0172880368368943,0.0146293665723755,NA,FALSE,NA
"ligandKO:ENAM","top","ligand","ENAM-CD63",1,"EGR3",-0.00791498108985507,-0.0188578213081633,-1,TRUE,1
"ligandKO:ENAM","top","ligand","ENAM-CD63",1,"BHLHE40",0.0382600507442551,0.0700977695101022,-1,FALSE,-1
"ligandKO:ENAM","top","ligand","ENAM-CD63",1,"RUNX3",-0.0198717752795359,-0.0474968265132518,-1,FALSE,1
"ligandKO:ENAM","top","ligand","ENAM-CD63",1,"RAD21",-0.0896602312461826,-0.163228236131278,1,TRUE,-1
"ligandKO:ENAM","top","ligand","ENAM-CD63",1,"BCL11A",-0.0827712118803509,-0.1279502767966,1,FALSE,-1
"ligandKO:ENAM","top","ligand","ENAM-CD63",1,"GTF2I",0.117988251435002,0.190635081337902,1,TRUE,1
"ligandKO:ENAM","top","ligand","ENAM-CD63",1,"CREB1",-0.037774625383802,-0.0743122049719018,1,TRUE,-1
"ligandKO:ENAM","top","ligand","ENAM-CD63",1,"ELF2",-0.178993922264337,-0.32422639146348,-1,FALSE,1
"ligandKO:ENAM","top","ligand","ENAM-CD63",1,"MAFB",-0.10980388736454,-0.197966663248298,-1,TRUE,1
"ligandKO:ENAM","top","ligand","ENAM-CD63",1,"KLF2",0.0047002277029108,0.0151839468460511,-1,FALSE,-1
"ligandKO:ENAM","top","ligand","ENAM-CD63",1,"ATF5",-0.0581259048282204,-0.093806232319616,1,FALSE,-1
"ligandKO:ENAM","top","ligand","ENAM-CD63",1,"IRF8",-0.0656452188870228,-0.113208092798595,1,FALSE,-1
"ligandKO:ENAM","top","ligand","ENAM-CD63",1,"BDP1",-0.104034486330458,-0.200627058109672,1,TRUE,-1
"ligandKO:ENAM","top","ligand","ENAM-CD63",1,"CREB5",-0.0568321061747329,-0.0528145889564669,1,FALSE,-1
"ligandKO:ENAM","top","ligand","ENAM-CD63",1,"CEBPD",-0.0675531868646513,-0.1359563165609,1,FALSE,-1
"ligandKO:ENAM","top","ligand","ENAM-CD63",1,"HIVEP1",-0.0215410703386788,-0.0251122310472588,-1,TRUE,1
"ligandKO:ENAM","top","ligand","ENAM-CD63",1,"ETV7",-0.0313899954574293,-0.0531317827083374,-1,TRUE,1
"ligandKO:ENAM","top","ligand","ENAM-CD63",1,"POU4F1",-0.10003257118815,-0.194669137351647,-1,TRUE,1
"ligandKO:ENAM","top","ligand","ENAM-CD63",1,"ID1",-0.0582997512497256,-0.0954862000695853,1,FALSE,-1
"ligandKO:ENAM","top","ligand","ENAM-CD63",1,"HOXB2",-0.115041860868986,-0.222918226538658,1,TRUE,-1
"ligandKO:ENAM","top","ligand","ENAM-CD63",1,"SPI1",-0.0382750658713356,-0.0351269559555327,-1,TRUE,1
"ligandKO:ENAM","top","ligand","ENAM-CD63",1,"BCLAF1",-0.0986741058726544,-0.188846787184167,-1,FALSE,1
"ligandKO:ENAM","top","ligand","ENAM-CD63",1,"STAT1",-0.106112906200151,-0.189823579953915,1,FALSE,-1
"ligandKO:ENAM","top","ligand","ENAM-CD63",1,"TCF7L2",-0.0361207559057775,-0.0445477505733355,-1,FALSE,1
"ligandKO:ENAM","top","ligand","ENAM-CD63",1,"BRCA1",-0.128706705470441,-0.254013638286343,1,TRUE,-1
"ligandKO:ENAM","top","ligand","ENAM-CD63",1,"CEBPB",-0.142110235342798,-0.274216395059738,1,FALSE,-1
"ligandKO:ENAM","top","ligand","ENAM-CD63",1,"RORA",-0.144882408201292,-0.276495608144332,-1,FALSE,1
"ligandKO:ENAM","top","ligand","ENAM-CD63",1,"ZBTB14",-0.0607145456434783,-0.114308255764895,-1,TRUE,1
"ligandKO:ENAM","top","ligand","ENAM-CD63",1,"EGR2",-0.0262202775435526,-0.0804380851842792,-1,TRUE,1
"ligandKO:ENAM","top","ligand","ENAM-CD63",1,"IRF9",-0.114475105038024,-0.203513878238573,1,TRUE,-1
"ligandKO:ENAM","top","ligand","ENAM-CD63",1,"FOXC1",-0.0594353683776741,-0.095946222740167,1,TRUE,-1
"ligandKO:ENAM","top","ligand","ENAM-CD63",1,"FOXP1",-0.0523255276347714,-0.114579658446695,-1,TRUE,1
"ligandKO:ENAM","top","ligand","ENAM-CD63",1,"ESR1",-0.093028288982786,-0.166546270291304,1,TRUE,-1
"ligandKO:ENAM","top","ligand","ENAM-CD63",1,"AHR",-0.0691033631416338,-0.130227476298293,1,TRUE,-1
"ligandKO:ENAM","top","ligand","ENAM-CD63",1,"KLF10",-0.0600207584136771,-0.106674342852717,1,TRUE,-1
"ligandKO:ENAM","top","ligand","ENAM-CD63",1,"ZBTB7C",-0.104657862894586,-0.1928513775112,1,TRUE,-1
"ligandKO:ENAM","top","ligand","ENAM-CD63",1,"FOXP3",-0.0102280125059732,-0.0201035808841578,1,TRUE,-1
"ligandKO:ENAM","top","ligand","ENAM-CD63",1,"NFATC2",-0.0146587440198102,-0.0293980929961946,1,FALSE,-1
"ligandKO:ENAM","top","ligand","ENAM-CD63",1,"STAT2",-0.089123376819652,-0.174462196416206,1,FALSE,-1
"ligandKO:ENAM","top","ligand","ENAM-CD63",1,"RARG",-0.0661658412111822,-0.108547843340251,1,TRUE,-1
"ligandKO:ENAM","top","ligand","ENAM-CD63",1,"XBP1",-0.017250555266255,-0.0087141081547313,1,TRUE,-1
"ligandKO:ENAM","top","ligand","ENAM-CD63",1,"REL",-0.157479301508458,-0.236779546887444,1,TRUE,-1
"ligandKO:ENAM","top","ligand","ENAM-CD63",1,"POU2F2",-0.336700773664458,-0.598406622709108,-1,FALSE,1
"ligandKO:ENAM","top","ligand","ENAM-CD63",1,"IRF1",-0.268248876661403,-0.458935655822038,1,TRUE,-1
"ligandKO:ENAM","top","ligand","ENAM-CD63",1,"ETS2",-0.138266814279293,-0.232959191458925,1,FALSE,-1
"ligandKO:ENAM","top","ligand","ENAM-CD63",1,"TFEC",-0.355812846887766,-0.512408402204296,1,TRUE,-1
"ligandKO:ENAM","top","ligand","ENAM-CD63",1,"ITGB2",-0.0389209243229685,-0.0821948142783403,1,TRUE,-1
"ligandKO:ENAM","top","ligand","ENAM-CD63",1,"POU2F1",-0.0359703839084856,-0.0775294356485437,1,FALSE,-1
"ligandKO:ENAM","top","ligand","ENAM-CD63",1,"JUN",-0.241171863284945,-0.417328732564867,1,TRUE,-1
"ligandKO:ENAM","top","ligand","ENAM-CD63",1,"CUX1",-0.0233420289884354,-0.0244533734577346,-1,TRUE,1
"ligandKO:ENAM","top","ligand","ENAM-CD63",1,"PLAG1",0.0454149695611259,0.0516207513614006,-1,TRUE,-1
"ligandKO:ENAM","top","ligand","ENAM-CD63",1,"JUND",-0.097315433500596,-0.173266384280302,1,TRUE,-1
"ligandKO:ENAM","top","ligand","ENAM-CD63",1,"FOSL2",-0.216486045329099,-0.355195623732059,1,FALSE,-1
"ligandKO:ENAM","top","ligand","ENAM-CD63",1,"NR1D1",-0.118819934455028,-0.154122760969942,1,FALSE,-1
"ligandKO:ENAM","top","ligand","ENAM-CD63",1,"ZFY",0.14234130398314,0.278991649310476,1,TRUE,1
"ligandKO:ENAM","top","ligand","ENAM-CD63",1,"FOSB",-0.343362914987263,-0.61938557683289,-1,FALSE,1
"ligandKO:ENAM","top","ligand","ENAM-CD63",1,"NR4A1",-0.0777776048077008,-0.140328731974319,1,TRUE,-1
"ligandKO:ENAM","top","ligand","ENAM-CD63",1,"ATF4",0.0409417720145353,0.0754659415876245,1,FALSE,1
"ligandKO:ENAM","top","ligand","ENAM-CD63",1,"NFIL3",0.115046139737535,0.23212602062061,1,FALSE,1
"ligandKO:ENAM","top","ligand","ENAM-CD63",1,"STAT3",-0.11178515569352,-0.208997461263354,1,FALSE,-1
"ligandKO:ENAM","top","ligand","ENAM-CD63",1,"NFE2",-0.113094826932663,-0.169411710896893,1,TRUE,-1
"ligandKO:ENAM","top","ligand","ENAM-CD63",1,"MXI1",-0.0527435420477807,-0.0967205562156477,1,TRUE,-1
"ligandKO:ENAM","top","ligand","ENAM-CD63",1,"HIF1A",-0.0106264790178221,-0.00975705429698204,1,FALSE,-1
"ligandKO:ENAM","top","ligand","ENAM-CD63",1,"NFKB2",-0.00470458471595692,0.00754816092134353,1,FALSE,-1
"ligandKO:ENAM","top","ligand","ENAM-CD63",1,"ATF3",-0.034830059367216,-0.0418739375240792,1,FALSE,-1
"ligandKO:ENAM","top","ligand","ENAM-CD63",1,"HES4",0.0293864816208343,0.0493495366540483,1,FALSE,1
"pairKO:ENAM-CD63","top","pair","ENAM-CD63",1,"ZBTB7A",-0.0198323379653945,-0.0464881300775482,-1,FALSE,1
"pairKO:ENAM-CD63","top","pair","ENAM-CD63",1,"KLF6",-0.0434513085476115,-0.0889112930352732,-1,FALSE,1
"pairKO:ENAM-CD63","top","pair","ENAM-CD63",1,"EGR1",0.00820568321475115,0.00690303266383827,-1,FALSE,-1
"pairKO:ENAM-CD63","top","pair","ENAM-CD63",1,"KLF4",-0.029656400390134,-0.0517375675764144,-1,FALSE,1
"pairKO:ENAM-CD63","top","pair","ENAM-CD63",1,"MEF2C",-0.0156306956821543,-0.0201374819931798,-1,TRUE,1
"pairKO:ENAM-CD63","top","pair","ENAM-CD63",1,"NR4A2",-0.015485243583754,-0.00302843343196467,1,TRUE,-1
"pairKO:ENAM-CD63","top","pair","ENAM-CD63",1,"E2F5",0.0057808425732456,0.00541955281988819,1,TRUE,1
"pairKO:ENAM-CD63","top","pair","ENAM-CD63",1,"FOXL2",-0.0172880368368943,0.0146293665723755,NA,FALSE,NA
"pairKO:ENAM-CD63","top","pair","ENAM-CD63",1,"EGR3",-0.00791498108985507,-0.0188578213081633,-1,TRUE,1
"pairKO:ENAM-CD63","top","pair","ENAM-CD63",1,"BHLHE40",0.0382600507442551,0.0700977695101022,-1,FALSE,-1
"pairKO:ENAM-CD63","top","pair","ENAM-CD63",1,"RUNX3",-0.0198717752795359,-0.0474968265132518,-1,FALSE,1
"pairKO:ENAM-CD63","top","pair","ENAM-CD63",1,"RAD21",-0.0896602312461826,-0.163228236131278,1,TRUE,-1
"pairKO:ENAM-CD63","top","pair","ENAM-CD63",1,"BCL11A",-0.0827712118803509,-0.1279502767966,1,FALSE,-1
"pairKO:ENAM-CD63","top","pair","ENAM-CD63",1,"GTF2I",0.117988251435002,0.190635081337902,1,TRUE,1
"pairKO:ENAM-CD63","top","pair","ENAM-CD63",1,"CREB1",-0.037774625383802,-0.0743122049719018,1,TRUE,-1
"pairKO:ENAM-CD63","top","pair","ENAM-CD63",1,"ELF2",-0.178993922264337,-0.32422639146348,-1,FALSE,1
"pairKO:ENAM-CD63","top","pair","ENAM-CD63",1,"MAFB",-0.10980388736454,-0.197966663248298,-1,TRUE,1
"pairKO:ENAM-CD63","top","pair","ENAM-CD63",1,"KLF2",0.0047002277029108,0.0151839468460511,-1,FALSE,-1
"pairKO:ENAM-CD63","top","pair","ENAM-CD63",1,"ATF5",-0.0581259048282204,-0.093806232319616,1,FALSE,-1
"pairKO:ENAM-CD63","top","pair","ENAM-CD63",1,"IRF8",-0.0656452188870228,-0.113208092798595,1,FALSE,-1
"pairKO:ENAM-CD63","top","pair","ENAM-CD63",1,"BDP1",-0.104034486330458,-0.200627058109672,1,TRUE,-1
"pairKO:ENAM-CD63","top","pair","ENAM-CD63",1,"CREB5",-0.0568321061747329,-0.0528145889564669,1,FALSE,-1
"pairKO:ENAM-CD63","top","pair","ENAM-CD63",1,"CEBPD",-0.0675531868646513,-0.1359563165609,1,FALSE,-1
"pairKO:ENAM-CD63","top","pair","ENAM-CD63",1,"HIVEP1",-0.0215410703386788,-0.0251122310472588,-1,TRUE,1
"pairKO:ENAM-CD63","top","pair","ENAM-CD63",1,"ETV7",-0.0313899954574293,-0.0531317827083374,-1,TRUE,1
"pairKO:ENAM-CD63","top","pair","ENAM-CD63",1,"POU4F1",-0.10003257118815,-0.194669137351647,-1,TRUE,1
"pairKO:ENAM-CD63","top","pair","ENAM-CD63",1,"ID1",-0.0582997512497256,-0.0954862000695853,1,FALSE,-1
"pairKO:ENAM-CD63","top","pair","ENAM-CD63",1,"HOXB2",-0.115041860868986,-0.222918226538658,1,TRUE,-1
"pairKO:ENAM-CD63","top","pair","ENAM-CD63",1,"SPI1",-0.0382750658713356,-0.0351269559555327,-1,TRUE,1
"pairKO:ENAM-CD63","top","pair","ENAM-CD63",1,"BCLAF1",-0.0986741058726544,-0.188846787184167,-1,FALSE,1
"pairKO:ENAM-CD63","top","pair","ENAM-CD63",1,"STAT1",-0.106112906200151,-0.189823579953915,1,FALSE,-1
"pairKO:ENAM-CD63","top","pair","ENAM-CD63",1,"TCF7L2",-0.0361207559057775,-0.0445477505733355,-1,FALSE,1
"pairKO:ENAM-CD63","top","pair","ENAM-CD63",1,"BRCA1",-0.128706705470441,-0.254013638286343,1,TRUE,-1
"pairKO:ENAM-CD63","top","pair","ENAM-CD63",1,"CEBPB",-0.142110235342798,-0.274216395059738,1,FALSE,-1
"pairKO:ENAM-CD63","top","pair","ENAM-CD63",1,"RORA",-0.144882408201292,-0.276495608144332,-1,FALSE,1
"pairKO:ENAM-CD63","top","pair","ENAM-CD63",1,"ZBTB14",-0.0607145456434783,-0.114308255764895,-1,TRUE,1
"pairKO:ENAM-CD63","top","pair","ENAM-CD63",1,"EGR2",-0.0262202775435526,-0.0804380851842792,-1,TRUE,1
"pairKO:ENAM-CD63","top","pair","ENAM-CD63",1,"IRF9",-0.114475105038024,-0.203513878238573,1,TRUE,-1
"pairKO:ENAM-CD63","top","pair","ENAM-CD63",1,"FOXC1",-0.0594353683776741,-0.095946222740167,1,TRUE,-1
"pairKO:ENAM-CD63","top","pair","ENAM-CD63",1,"FOXP1",-0.0523255276347714,-0.114579658446695,-1,TRUE,1
"pairKO:ENAM-CD63","top","pair","ENAM-CD63",1,"ESR1",-0.093028288982786,-0.166546270291304,1,TRUE,-1
"pairKO:ENAM-CD63","top","pair","ENAM-CD63",1,"AHR",-0.0691033631416338,-0.130227476298293,1,TRUE,-1
"pairKO:ENAM-CD63","top","pair","ENAM-CD63",1,"KLF10",-0.0600207584136771,-0.106674342852717,1,TRUE,-1
"pairKO:ENAM-CD63","top","pair","ENAM-CD63",1,"ZBTB7C",-0.104657862894586,-0.1928513775112,1,TRUE,-1
"pairKO:ENAM-CD63","top","pair","ENAM-CD63",1,"FOXP3",-0.0102280125059732,-0.0201035808841578,1,TRUE,-1
"pairKO:ENAM-CD63","top","pair","ENAM-CD63",1,"NFATC2",-0.0146587440198102,-0.0293980929961946,1,FALSE,-1
"pairKO:ENAM-CD63","top","pair","ENAM-CD63",1,"STAT2",-0.089123376819652,-0.174462196416206,1,FALSE,-1
"pairKO:ENAM-CD63","top","pair","ENAM-CD63",1,"RARG",-0.0661658412111822,-0.108547843340251,1,TRUE,-1
"pairKO:ENAM-CD63","top","pair","ENAM-CD63",1,"XBP1",-0.017250555266255,-0.0087141081547313,1,TRUE,-1
"pairKO:ENAM-CD63","top","pair","ENAM-CD63",1,"REL",-0.157479301508458,-0.236779546887444,1,TRUE,-1
"pairKO:ENAM-CD63","top","pair","ENAM-CD63",1,"POU2F2",-0.336700773664458,-0.598406622709108,-1,FALSE,1
"pairKO:ENAM-CD63","top","pair","ENAM-CD63",1,"IRF1",-0.268248876661403,-0.458935655822038,1,TRUE,-1
"pairKO:ENAM-CD63","top","pair","ENAM-CD63",1,"ETS2",-0.138266814279293,-0.232959191458925,1,FALSE,-1
"pairKO:ENAM-CD63","top","pair","ENAM-CD63",1,"TFEC",-0.355812846887766,-0.512408402204296,1,TRUE,-1
"pairKO:ENAM-CD63","top","pair","ENAM-CD63",1,"ITGB2",-0.0389209243229685,-0.0821948142783403,1,TRUE,-1
"pairKO:ENAM-CD63","top","pair","ENAM-CD63",1,"POU2F1",-0.0359703839084856,-0.0775294356485437,1,FALSE,-1
"pairKO:ENAM-CD63","top","pair","ENAM-CD63",1,"JUN",-0.241171863284945,-0.417328732564867,1,TRUE,-1
"pairKO:ENAM-CD63","top","pair","ENAM-CD63",1,"CUX1",-0.0233420289884354,-0.0244533734577346,-1,TRUE,1
"pairKO:ENAM-CD63","top","pair","ENAM-CD63",1,"PLAG1",0.0454149695611259,0.0516207513614006,-1,TRUE,-1
"pairKO:ENAM-CD63","top","pair","ENAM-CD63",1,"JUND",-0.097315433500596,-0.173266384280302,1,TRUE,-1
"pairKO:ENAM-CD63","top","pair","ENAM-CD63",1,"FOSL2",-0.216486045329099,-0.355195623732059,1,FALSE,-1
"pairKO:ENAM-CD63","top","pair","ENAM-CD63",1,"NR1D1",-0.118819934455028,-0.154122760969942,1,FALSE,-1
"pairKO:ENAM-CD63","top","pair","ENAM-CD63",1,"ZFY",0.14234130398314,0.278991649310476,1,TRUE,1
"pairKO:ENAM-CD63","top","pair","ENAM-CD63",1,"FOSB",-0.343362914987263,-0.61938557683289,-1,FALSE,1
"pairKO:ENAM-CD63","top","pair","ENAM-CD63",1,"NR4A1",-0.0777776048077008,-0.140328731974319,1,TRUE,-1
"pairKO:ENAM-CD63","top","pair","ENAM-CD63",1,"ATF4",0.0409417720145353,0.0754659415876245,1,FALSE,1
"pairKO:ENAM-CD63","top","pair","ENAM-CD63",1,"NFIL3",0.115046139737535,0.23212602062061,1,FALSE,1
"pairKO:ENAM-CD63","top","pair","ENAM-CD63",1,"STAT3",-0.11178515569352,-0.208997461263354,1,FALSE,-1
"pairKO:ENAM-CD63","top","pair","ENAM-CD63",1,"NFE2",-0.113094826932663,-0.169411710896893,1,TRUE,-1
"pairKO:ENAM-CD63","top","pair","ENAM-CD63",1,"MXI1",-0.0527435420477807,-0.0967205562156477,1,TRUE,-1
"pairKO:ENAM-CD63","top","pair","ENAM-CD63",1,"HIF1A",-0.0106264790178221,-0.00975705429698204,1,FALSE,-1
"pairKO:ENAM-CD63","top","pair","ENAM-CD63",1,"NFKB2",-0.00470458471595692,0.00754816092134353,1,FALSE,-1
"pairKO:ENAM-CD63","top","pair","ENAM-CD63",1,"ATF3",-0.034830059367216,-0.0418739375240792,1,FALSE,-1
"pairKO:ENAM-CD63","top","pair","ENAM-CD63",1,"HES4",0.0293864816208343,0.0493495366540483,1,FALSE,1
"receptorKO:RPSA","top","receptor","LAMB2-RPSA",1,"ZBTB7A",-0.157753812825162,-0.106420237102165,-1,FALSE,1
"receptorKO:RPSA","top","receptor","LAMB2-RPSA",1,"KLF6",-0.127895457033313,-0.0484677688878715,-1,FALSE,1
"receptorKO:RPSA","top","receptor","LAMB2-RPSA",1,"EGR1",-0.0562639116794482,-0.00350003590669777,-1,FALSE,1
"receptorKO:RPSA","top","receptor","LAMB2-RPSA",1,"KLF4",-0.00142143080967952,0.0121664907662121,-1,FALSE,1
"receptorKO:RPSA","top","receptor","LAMB2-RPSA",1,"MEF2C",-0.219405393707262,-0.143235124878272,-1,TRUE,1
"receptorKO:RPSA","top","receptor","LAMB2-RPSA",1,"NR4A2",-0.0714991483946165,-0.0150345452744408,1,TRUE,-1
"receptorKO:RPSA","top","receptor","LAMB2-RPSA",1,"E2F5",-0.248885463764814,-0.268030211097056,1,TRUE,-1
"receptorKO:RPSA","top","receptor","LAMB2-RPSA",1,"FOXL2",-0.057971610851243,-0.03296131562022,NA,FALSE,NA
"receptorKO:RPSA","top","receptor","LAMB2-RPSA",1,"EGR3",-0.170151310106414,-0.126292769526234,-1,TRUE,1
"receptorKO:RPSA","top","receptor","LAMB2-RPSA",1,"BHLHE40",-0.184127093652616,-0.104732718913925,-1,FALSE,1
"receptorKO:RPSA","top","receptor","LAMB2-RPSA",1,"RUNX3",-0.152748969949495,-0.102829723541128,-1,FALSE,1
"receptorKO:RPSA","top","receptor","LAMB2-RPSA",1,"RAD21",0.0248425831893259,0.0374113218889241,1,TRUE,1
"receptorKO:RPSA","top","receptor","LAMB2-RPSA",1,"BCL11A",-0.00952862663700076,-0.00315854966033677,1,FALSE,-1
"receptorKO:RPSA","top","receptor","LAMB2-RPSA",1,"GTF2I",-0.12928942899419,-0.098253006025244,1,TRUE,-1
"receptorKO:RPSA","top","receptor","LAMB2-RPSA",1,"CREB1",-0.307005389138031,-0.215660810852921,1,TRUE,-1
"receptorKO:RPSA","top","receptor","LAMB2-RPSA",1,"ELF2",-0.20713567671784,-0.103638449306882,-1,FALSE,1
"receptorKO:RPSA","top","receptor","LAMB2-RPSA",1,"MAFB",-0.018574953987597,-0.00634610731691061,-1,TRUE,1
"receptorKO:RPSA","top","receptor","LAMB2-RPSA",1,"KLF2",-0.00554287337582942,0.01675913853784,-1,FALSE,1
"receptorKO:RPSA","top","receptor","LAMB2-RPSA",1,"ATF5",-0.0801842206336543,-0.0566068132196468,1,FALSE,-1
"receptorKO:RPSA","top","receptor","LAMB2-RPSA",1,"IRF8",-0.037125948913841,-0.0128851512033776,1,FALSE,-1
"receptorKO:RPSA","top","receptor","LAMB2-RPSA",1,"BDP1",-0.000913450139355012,0.00115831340029568,1,TRUE,-1
"receptorKO:RPSA","top","receptor","LAMB2-RPSA",1,"CREB5",-0.146324445772762,-0.0935021570625023,1,FALSE,-1
"receptorKO:RPSA","top","receptor","LAMB2-RPSA",1,"CEBPD",0.0448271294999793,0.0315323415626109,1,FALSE,1
"receptorKO:RPSA","top","receptor","LAMB2-RPSA",1,"HIVEP1",-0.244680013913429,-0.181754076876826,-1,TRUE,1
"receptorKO:RPSA","top","receptor","LAMB2-RPSA",1,"ETV7",-0.397721115084127,-0.232466186699321,-1,TRUE,1
"receptorKO:RPSA","top","receptor","LAMB2-RPSA",1,"POU4F1",0.0186438854640832,-0.00683337027907371,-1,TRUE,-1
"receptorKO:RPSA","top","receptor","LAMB2-RPSA",1,"ID1",-0.0359609286188083,-0.0222856387671591,1,FALSE,-1
"receptorKO:RPSA","top","receptor","LAMB2-RPSA",1,"HOXB2",0.0220708354095866,-0.00628771630022156,1,TRUE,1
"receptorKO:RPSA","top","receptor","LAMB2-RPSA",1,"SPI1",-0.0320491838770595,-0.00628134490109656,-1,TRUE,1
"receptorKO:RPSA","top","receptor","LAMB2-RPSA",1,"BCLAF1",0.0404662341931976,0.0185427367315363,-1,FALSE,-1
"receptorKO:RPSA","top","receptor","LAMB2-RPSA",1,"STAT1",0.0865142950893512,0.064360376594634,1,FALSE,1
"receptorKO:RPSA","top","receptor","LAMB2-RPSA",1,"TCF7L2",0.00870435071051769,0.00476865342534809,-1,FALSE,-1
"receptorKO:RPSA","top","receptor","LAMB2-RPSA",1,"BRCA1",-0.5148262624659,-0.412937660632078,1,TRUE,-1
"receptorKO:RPSA","top","receptor","LAMB2-RPSA",1,"CEBPB",0.0326203289234365,0.00302107646288461,1,FALSE,1
"receptorKO:RPSA","top","receptor","LAMB2-RPSA",1,"RORA",-0.0163208500911521,-0.0418379583184046,-1,FALSE,1
"receptorKO:RPSA","top","receptor","LAMB2-RPSA",1,"ZBTB14",-0.454633584228717,-0.298641495858565,-1,TRUE,1
"receptorKO:RPSA","top","receptor","LAMB2-RPSA",1,"EGR2",0.0899977216145639,0.0937772500205838,-1,TRUE,-1
"receptorKO:RPSA","top","receptor","LAMB2-RPSA",1,"IRF9",0.0239089950657593,0.00660110685674753,1,TRUE,1
"receptorKO:RPSA","top","receptor","LAMB2-RPSA",1,"FOXC1",0.0292003049205727,0.0307868433514585,1,TRUE,1
"receptorKO:RPSA","top","receptor","LAMB2-RPSA",1,"FOXP1",0.0341040087614695,0.0262009091733939,-1,TRUE,-1
"receptorKO:RPSA","top","receptor","LAMB2-RPSA",1,"ESR1",0.0147517851888008,0.0110382164193588,1,TRUE,1
"receptorKO:RPSA","top","receptor","LAMB2-RPSA",1,"AHR",0.00986777114721574,-0.0201901148443542,1,TRUE,1
"receptorKO:RPSA","top","receptor","LAMB2-RPSA",1,"KLF10",0.0189005161645979,0.042612018806266,1,TRUE,1
"receptorKO:RPSA","top","receptor","LAMB2-RPSA",1,"ZBTB7C",0.0656626243265273,0.0748311276168446,1,TRUE,1
"receptorKO:RPSA","top","receptor","LAMB2-RPSA",1,"FOXP3",-0.0971768300854508,-0.0695168584147128,1,TRUE,-1
"receptorKO:RPSA","top","receptor","LAMB2-RPSA",1,"NFATC2",-0.0222423478008695,-0.00527274927786698,1,FALSE,-1
"receptorKO:RPSA","top","receptor","LAMB2-RPSA",1,"STAT2",0.112744555068651,0.0746204263178593,1,FALSE,1
"receptorKO:RPSA","top","receptor","LAMB2-RPSA",1,"RARG",0.0329763641999697,0.0229100189797447,1,TRUE,1
"receptorKO:RPSA","top","receptor","LAMB2-RPSA",1,"XBP1",-0.0164639556424324,-0.0148869325761397,1,TRUE,-1
"receptorKO:RPSA","top","receptor","LAMB2-RPSA",1,"REL",0.0424963830821831,0.0314907689484413,1,TRUE,1
"receptorKO:RPSA","top","receptor","LAMB2-RPSA",1,"POU2F2",0.0128853695206042,0.0267983352180249,-1,FALSE,-1
"receptorKO:RPSA","top","receptor","LAMB2-RPSA",1,"IRF1",0.106121869101604,0.124713389040825,1,TRUE,1
"receptorKO:RPSA","top","receptor","LAMB2-RPSA",1,"ETS2",0.114118114499744,0.0823944984863798,1,FALSE,1
"receptorKO:RPSA","top","receptor","LAMB2-RPSA",1,"TFEC",0.0355088747971801,0.0372554781434581,1,TRUE,1
"receptorKO:RPSA","top","receptor","LAMB2-RPSA",1,"ITGB2",0.0233000575025945,-0.0111452939214393,1,TRUE,1
"receptorKO:RPSA","top","receptor","LAMB2-RPSA",1,"POU2F1",0.127868442912667,0.106637080414106,1,FALSE,1
"receptorKO:RPSA","top","receptor","LAMB2-RPSA",1,"JUN",0.0798030423620413,0.0673001367420312,1,TRUE,1
"receptorKO:RPSA","top","receptor","LAMB2-RPSA",1,"CUX1",-0.0070606472472672,-0.0118664405844551,-1,TRUE,1
"receptorKO:RPSA","top","receptor","LAMB2-RPSA",1,"PLAG1",0.0129143943130965,-0.0178889258095099,-1,TRUE,-1
"receptorKO:RPSA","top","receptor","LAMB2-RPSA",1,"JUND",0.0964063741556879,0.0569297251481098,1,TRUE,1
"receptorKO:RPSA","top","receptor","LAMB2-RPSA",1,"FOSL2",0.0591772764778337,0.0621065557896937,1,FALSE,1
"receptorKO:RPSA","top","receptor","LAMB2-RPSA",1,"NR1D1",-0.01086799762092,-0.0278735889714643,1,FALSE,-1
"receptorKO:RPSA","top","receptor","LAMB2-RPSA",1,"ZFY",0.0129128252173504,0.0152273381576659,1,TRUE,1
"receptorKO:RPSA","top","receptor","LAMB2-RPSA",1,"FOSB",0.0828056268309568,0.0713259737365153,-1,FALSE,-1
"receptorKO:RPSA","top","receptor","LAMB2-RPSA",1,"NR4A1",0.0220438640640791,0.0161940124231485,1,TRUE,1
"receptorKO:RPSA","top","receptor","LAMB2-RPSA",1,"ATF4",0.100277389838992,0.0246808690569564,1,FALSE,1
"receptorKO:RPSA","top","receptor","LAMB2-RPSA",1,"NFIL3",0.0451580868716044,-0.00290670223126791,1,FALSE,1
"receptorKO:RPSA","top","receptor","LAMB2-RPSA",1,"STAT3",0.0612016401274018,0.0408849420736202,1,FALSE,1
"receptorKO:RPSA","top","receptor","LAMB2-RPSA",1,"NFE2",0.172657068664283,0.158895036082598,1,TRUE,1
"receptorKO:RPSA","top","receptor","LAMB2-RPSA",1,"MXI1",0.190117685853051,0.151595424298117,1,TRUE,1
"receptorKO:RPSA","top","receptor","LAMB2-RPSA",1,"HIF1A",0.0360920864884356,0.0314451359400044,1,FALSE,1
"receptorKO:RPSA","top","receptor","LAMB2-RPSA",1,"NFKB2",0.00478458822235946,-0.00880831788411842,1,FALSE,1
"receptorKO:RPSA","top","receptor","LAMB2-RPSA",1,"ATF3",0.0223459257961621,-0.00757218769880814,1,FALSE,1
"receptorKO:RPSA","top","receptor","LAMB2-RPSA",1,"HES4",0.0956984419630717,0.023841868850523,1,FALSE,1
"ligandKO:LAMB2","top","ligand","LAMB2-RPSA",1,"ZBTB7A",-0.157753812825162,-0.106420237102165,-1,FALSE,1
"ligandKO:LAMB2","top","ligand","LAMB2-RPSA",1,"KLF6",-0.127895457033313,-0.0484677688878715,-1,FALSE,1
"ligandKO:LAMB2","top","ligand","LAMB2-RPSA",1,"EGR1",-0.0562639116794482,-0.00350003590669777,-1,FALSE,1
"ligandKO:LAMB2","top","ligand","LAMB2-RPSA",1,"KLF4",-0.00142143080967952,0.0121664907662121,-1,FALSE,1
"ligandKO:LAMB2","top","ligand","LAMB2-RPSA",1,"MEF2C",-0.219405393707262,-0.143235124878272,-1,TRUE,1
"ligandKO:LAMB2","top","ligand","LAMB2-RPSA",1,"NR4A2",-0.0714991483946165,-0.0150345452744408,1,TRUE,-1
"ligandKO:LAMB2","top","ligand","LAMB2-RPSA",1,"E2F5",-0.248885463764814,-0.268030211097056,1,TRUE,-1
"ligandKO:LAMB2","top","ligand","LAMB2-RPSA",1,"FOXL2",-0.057971610851243,-0.03296131562022,NA,FALSE,NA
"ligandKO:LAMB2","top","ligand","LAMB2-RPSA",1,"EGR3",-0.170151310106414,-0.126292769526234,-1,TRUE,1
"ligandKO:LAMB2","top","ligand","LAMB2-RPSA",1,"BHLHE40",-0.184127093652616,-0.104732718913925,-1,FALSE,1
"ligandKO:LAMB2","top","ligand","LAMB2-RPSA",1,"RUNX3",-0.152748969949495,-0.102829723541128,-1,FALSE,1
"ligandKO:LAMB2","top","ligand","LAMB2-RPSA",1,"RAD21",0.0248425831893259,0.0374113218889241,1,TRUE,1
"ligandKO:LAMB2","top","ligand","LAMB2-RPSA",1,"BCL11A",-0.00952862663700076,-0.00315854966033677,1,FALSE,-1
"ligandKO:LAMB2","top","ligand","LAMB2-RPSA",1,"GTF2I",-0.12928942899419,-0.098253006025244,1,TRUE,-1
"ligandKO:LAMB2","top","ligand","LAMB2-RPSA",1,"CREB1",-0.307005389138031,-0.215660810852921,1,TRUE,-1
"ligandKO:LAMB2","top","ligand","LAMB2-RPSA",1,"ELF2",-0.20713567671784,-0.103638449306882,-1,FALSE,1
"ligandKO:LAMB2","top","ligand","LAMB2-RPSA",1,"MAFB",-0.018574953987597,-0.00634610731691061,-1,TRUE,1
"ligandKO:LAMB2","top","ligand","LAMB2-RPSA",1,"KLF2",-0.00554287337582942,0.01675913853784,-1,FALSE,1
"ligandKO:LAMB2","top","ligand","LAMB2-RPSA",1,"ATF5",-0.0801842206336543,-0.0566068132196468,1,FALSE,-1
"ligandKO:LAMB2","top","ligand","LAMB2-RPSA",1,"IRF8",-0.037125948913841,-0.0128851512033776,1,FALSE,-1
"ligandKO:LAMB2","top","ligand","LAMB2-RPSA",1,"BDP1",-0.000913450139355012,0.00115831340029568,1,TRUE,-1
"ligandKO:LAMB2","top","ligand","LAMB2-RPSA",1,"CREB5",-0.146324445772762,-0.0935021570625023,1,FALSE,-1
"ligandKO:LAMB2","top","ligand","LAMB2-RPSA",1,"CEBPD",0.0448271294999793,0.0315323415626109,1,FALSE,1
"ligandKO:LAMB2","top","ligand","LAMB2-RPSA",1,"HIVEP1",-0.244680013913429,-0.181754076876826,-1,TRUE,1
"ligandKO:LAMB2","top","ligand","LAMB2-RPSA",1,"ETV7",-0.397721115084127,-0.232466186699321,-1,TRUE,1
"ligandKO:LAMB2","top","ligand","LAMB2-RPSA",1,"POU4F1",0.0186438854640832,-0.00683337027907371,-1,TRUE,-1
"ligandKO:LAMB2","top","ligand","LAMB2-RPSA",1,"ID1",-0.0359609286188083,-0.0222856387671591,1,FALSE,-1
"ligandKO:LAMB2","top","ligand","LAMB2-RPSA",1,"HOXB2",0.0220708354095866,-0.00628771630022156,1,TRUE,1
"ligandKO:LAMB2","top","ligand","LAMB2-RPSA",1,"SPI1",-0.0320491838770595,-0.00628134490109656,-1,TRUE,1
"ligandKO:LAMB2","top","ligand","LAMB2-RPSA",1,"BCLAF1",0.0404662341931976,0.0185427367315363,-1,FALSE,-1
"ligandKO:LAMB2","top","ligand","LAMB2-RPSA",1,"STAT1",0.0865142950893512,0.064360376594634,1,FALSE,1
"ligandKO:LAMB2","top","ligand","LAMB2-RPSA",1,"TCF7L2",0.00870435071051769,0.00476865342534809,-1,FALSE,-1
"ligandKO:LAMB2","top","ligand","LAMB2-RPSA",1,"BRCA1",-0.5148262624659,-0.412937660632078,1,TRUE,-1
"ligandKO:LAMB2","top","ligand","LAMB2-RPSA",1,"CEBPB",0.0326203289234365,0.00302107646288461,1,FALSE,1
"ligandKO:LAMB2","top","ligand","LAMB2-RPSA",1,"RORA",-0.0163208500911521,-0.0418379583184046,-1,FALSE,1
"ligandKO:LAMB2","top","ligand","LAMB2-RPSA",1,"ZBTB14",-0.454633584228717,-0.298641495858565,-1,TRUE,1
"ligandKO:LAMB2","top","ligand","LAMB2-RPSA",1,"EGR2",0.0899977216145639,0.0937772500205838,-1,TRUE,-1
"ligandKO:LAMB2","top","ligand","LAMB2-RPSA",1,"IRF9",0.0239089950657593,0.00660110685674753,1,TRUE,1
"ligandKO:LAMB2","top","ligand","LAMB2-RPSA",1,"FOXC1",0.0292003049205727,0.0307868433514585,1,TRUE,1
"ligandKO:LAMB2","top","ligand","LAMB2-RPSA",1,"FOXP1",0.0341040087614695,0.0262009091733939,-1,TRUE,-1
"ligandKO:LAMB2","top","ligand","LAMB2-RPSA",1,"ESR1",0.0147517851888008,0.0110382164193588,1,TRUE,1
"ligandKO:LAMB2","top","ligand","LAMB2-RPSA",1,"AHR",0.00986777114721574,-0.0201901148443542,1,TRUE,1
"ligandKO:LAMB2","top","ligand","LAMB2-RPSA",1,"KLF10",0.0189005161645979,0.042612018806266,1,TRUE,1
"ligandKO:LAMB2","top","ligand","LAMB2-RPSA",1,"ZBTB7C",0.0656626243265273,0.0748311276168446,1,TRUE,1
"ligandKO:LAMB2","top","ligand","LAMB2-RPSA",1,"FOXP3",-0.0971768300854508,-0.0695168584147128,1,TRUE,-1
"ligandKO:LAMB2","top","ligand","LAMB2-RPSA",1,"NFATC2",-0.0222423478008695,-0.00527274927786698,1,FALSE,-1
"ligandKO:LAMB2","top","ligand","LAMB2-RPSA",1,"STAT2",0.112744555068651,0.0746204263178593,1,FALSE,1
"ligandKO:LAMB2","top","ligand","LAMB2-RPSA",1,"RARG",0.0329763641999697,0.0229100189797447,1,TRUE,1
"ligandKO:LAMB2","top","ligand","LAMB2-RPSA",1,"XBP1",-0.0164639556424324,-0.0148869325761397,1,TRUE,-1
"ligandKO:LAMB2","top","ligand","LAMB2-RPSA",1,"REL",0.0424963830821831,0.0314907689484413,1,TRUE,1
"ligandKO:LAMB2","top","ligand","LAMB2-RPSA",1,"POU2F2",0.0128853695206042,0.0267983352180249,-1,FALSE,-1
"ligandKO:LAMB2","top","ligand","LAMB2-RPSA",1,"IRF1",0.106121869101604,0.124713389040825,1,TRUE,1
"ligandKO:LAMB2","top","ligand","LAMB2-RPSA",1,"ETS2",0.114118114499744,0.0823944984863798,1,FALSE,1
"ligandKO:LAMB2","top","ligand","LAMB2-RPSA",1,"TFEC",0.0355088747971801,0.0372554781434581,1,TRUE,1
"ligandKO:LAMB2","top","ligand","LAMB2-RPSA",1,"ITGB2",0.0233000575025945,-0.0111452939214393,1,TRUE,1
"ligandKO:LAMB2","top","ligand","LAMB2-RPSA",1,"POU2F1",0.127868442912667,0.106637080414106,1,FALSE,1
"ligandKO:LAMB2","top","ligand","LAMB2-RPSA",1,"JUN",0.0798030423620413,0.0673001367420312,1,TRUE,1
"ligandKO:LAMB2","top","ligand","LAMB2-RPSA",1,"CUX1",-0.0070606472472672,-0.0118664405844551,-1,TRUE,1
"ligandKO:LAMB2","top","ligand","LAMB2-RPSA",1,"PLAG1",0.0129143943130965,-0.0178889258095099,-1,TRUE,-1
"ligandKO:LAMB2","top","ligand","LAMB2-RPSA",1,"JUND",0.0964063741556879,0.0569297251481098,1,TRUE,1
"ligandKO:LAMB2","top","ligand","LAMB2-RPSA",1,"FOSL2",0.0591772764778337,0.0621065557896937,1,FALSE,1
"ligandKO:LAMB2","top","ligand","LAMB2-RPSA",1,"NR1D1",-0.01086799762092,-0.0278735889714643,1,FALSE,-1
"ligandKO:LAMB2","top","ligand","LAMB2-RPSA",1,"ZFY",0.0129128252173504,0.0152273381576659,1,TRUE,1
"ligandKO:LAMB2","top","ligand","LAMB2-RPSA",1,"FOSB",0.0828056268309568,0.0713259737365153,-1,FALSE,-1
"ligandKO:LAMB2","top","ligand","LAMB2-RPSA",1,"NR4A1",0.0220438640640791,0.0161940124231485,1,TRUE,1
"ligandKO:LAMB2","top","ligand","LAMB2-RPSA",1,"ATF4",0.100277389838992,0.0246808690569564,1,FALSE,1
"ligandKO:LAMB2","top","ligand","LAMB2-RPSA",1,"NFIL3",0.0451580868716044,-0.00290670223126791,1,FALSE,1
"ligandKO:LAMB2","top","ligand","LAMB2-RPSA",1,"STAT3",0.0612016401274018,0.0408849420736202,1,FALSE,1
"ligandKO:LAMB2","top","ligand","LAMB2-RPSA",1,"NFE2",0.172657068664283,0.158895036082598,1,TRUE,1
"ligandKO:LAMB2","top","ligand","LAMB2-RPSA",1,"MXI1",0.190117685853051,0.151595424298117,1,TRUE,1
"ligandKO:LAMB2","top","ligand","LAMB2-RPSA",1,"HIF1A",0.0360920864884356,0.0314451359400044,1,FALSE,1
"ligandKO:LAMB2","top","ligand","LAMB2-RPSA",1,"NFKB2",0.00478458822235946,-0.00880831788411842,1,FALSE,1
"ligandKO:LAMB2","top","ligand","LAMB2-RPSA",1,"ATF3",0.0223459257961621,-0.00757218769880814,1,FALSE,1
"ligandKO:LAMB2","top","ligand","LAMB2-RPSA",1,"HES4",0.0956984419630717,0.023841868850523,1,FALSE,1
"pairKO:LAMB2-RPSA","top","pair","LAMB2-RPSA",1,"ZBTB7A",-0.157753812825162,-0.106420237102165,-1,FALSE,1
"pairKO:LAMB2-RPSA","top","pair","LAMB2-RPSA",1,"KLF6",-0.127895457033313,-0.0484677688878715,-1,FALSE,1
"pairKO:LAMB2-RPSA","top","pair","LAMB2-RPSA",1,"EGR1",-0.0562639116794482,-0.00350003590669777,-1,FALSE,1
"pairKO:LAMB2-RPSA","top","pair","LAMB2-RPSA",1,"KLF4",-0.00142143080967952,0.0121664907662121,-1,FALSE,1
"pairKO:LAMB2-RPSA","top","pair","LAMB2-RPSA",1,"MEF2C",-0.219405393707262,-0.143235124878272,-1,TRUE,1
"pairKO:LAMB2-RPSA","top","pair","LAMB2-RPSA",1,"NR4A2",-0.0714991483946165,-0.0150345452744408,1,TRUE,-1
"pairKO:LAMB2-RPSA","top","pair","LAMB2-RPSA",1,"E2F5",-0.248885463764814,-0.268030211097056,1,TRUE,-1
"pairKO:LAMB2-RPSA","top","pair","LAMB2-RPSA",1,"FOXL2",-0.057971610851243,-0.03296131562022,NA,FALSE,NA
"pairKO:LAMB2-RPSA","top","pair","LAMB2-RPSA",1,"EGR3",-0.170151310106414,-0.126292769526234,-1,TRUE,1
"pairKO:LAMB2-RPSA","top","pair","LAMB2-RPSA",1,"BHLHE40",-0.184127093652616,-0.104732718913925,-1,FALSE,1
"pairKO:LAMB2-RPSA","top","pair","LAMB2-RPSA",1,"RUNX3",-0.152748969949495,-0.102829723541128,-1,FALSE,1
"pairKO:LAMB2-RPSA","top","pair","LAMB2-RPSA",1,"RAD21",0.0248425831893259,0.0374113218889241,1,TRUE,1
"pairKO:LAMB2-RPSA","top","pair","LAMB2-RPSA",1,"BCL11A",-0.00952862663700076,-0.00315854966033677,1,FALSE,-1
"pairKO:LAMB2-RPSA","top","pair","LAMB2-RPSA",1,"GTF2I",-0.12928942899419,-0.098253006025244,1,TRUE,-1
"pairKO:LAMB2-RPSA","top","pair","LAMB2-RPSA",1,"CREB1",-0.307005389138031,-0.215660810852921,1,TRUE,-1
"pairKO:LAMB2-RPSA","top","pair","LAMB2-RPSA",1,"ELF2",-0.20713567671784,-0.103638449306882,-1,FALSE,1
"pairKO:LAMB2-RPSA","top","pair","LAMB2-RPSA",1,"MAFB",-0.018574953987597,-0.00634610731691061,-1,TRUE,1
"pairKO:LAMB2-RPSA","top","pair","LAMB2-RPSA",1,"KLF2",-0.00554287337582942,0.01675913853784,-1,FALSE,1
"pairKO:LAMB2-RPSA","top","pair","LAMB2-RPSA",1,"ATF5",-0.0801842206336543,-0.0566068132196468,1,FALSE,-1
"pairKO:LAMB2-RPSA","top","pair","LAMB2-RPSA",1,"IRF8",-0.037125948913841,-0.0128851512033776,1,FALSE,-1
"pairKO:LAMB2-RPSA","top","pair","LAMB2-RPSA",1,"BDP1",-0.000913450139355012,0.00115831340029568,1,TRUE,-1
"pairKO:LAMB2-RPSA","top","pair","LAMB2-RPSA",1,"CREB5",-0.146324445772762,-0.0935021570625023,1,FALSE,-1
"pairKO:LAMB2-RPSA","top","pair","LAMB2-RPSA",1,"CEBPD",0.0448271294999793,0.0315323415626109,1,FALSE,1
"pairKO:LAMB2-RPSA","top","pair","LAMB2-RPSA",1,"HIVEP1",-0.244680013913429,-0.181754076876826,-1,TRUE,1
"pairKO:LAMB2-RPSA","top","pair","LAMB2-RPSA",1,"ETV7",-0.397721115084127,-0.232466186699321,-1,TRUE,1
"pairKO:LAMB2-RPSA","top","pair","LAMB2-RPSA",1,"POU4F1",0.0186438854640832,-0.00683337027907371,-1,TRUE,-1
"pairKO:LAMB2-RPSA","top","pair","LAMB2-RPSA",1,"ID1",-0.0359609286188083,-0.0222856387671591,1,FALSE,-1
"pairKO:LAMB2-RPSA","top","pair","LAMB2-RPSA",1,"HOXB2",0.0220708354095866,-0.00628771630022156,1,TRUE,1
"pairKO:LAMB2-RPSA","top","pair","LAMB2-RPSA",1,"SPI1",-0.0320491838770595,-0.00628134490109656,-1,TRUE,1
"pairKO:LAMB2-RPSA","top","pair","LAMB2-RPSA",1,"BCLAF1",0.0404662341931976,0.0185427367315363,-1,FALSE,-1
"pairKO:LAMB2-RPSA","top","pair","LAMB2-RPSA",1,"STAT1",0.0865142950893512,0.064360376594634,1,FALSE,1
"pairKO:LAMB2-RPSA","top","pair","LAMB2-RPSA",1,"TCF7L2",0.00870435071051769,0.00476865342534809,-1,FALSE,-1
"pairKO:LAMB2-RPSA","top","pair","LAMB2-RPSA",1,"BRCA1",-0.5148262624659,-0.412937660632078,1,TRUE,-1
"pairKO:LAMB2-RPSA","top","pair","LAMB2-RPSA",1,"CEBPB",0.0326203289234365,0.00302107646288461,1,FALSE,1
"pairKO:LAMB2-RPSA","top","pair","LAMB2-RPSA",1,"RORA",-0.0163208500911521,-0.0418379583184046,-1,FALSE,1
"pairKO:LAMB2-RPSA","top","pair","LAMB2-RPSA",1,"ZBTB14",-0.454633584228717,-0.298641495858565,-1,TRUE,1
"pairKO:LAMB2-RPSA","top","pair","LAMB2-RPSA",1,"EGR2",0.0899977216145639,0.0937772500205838,-1,TRUE,-1
"pairKO:LAMB2-RPSA","top","pair","LAMB2-RPSA",1,"IRF9",0.0239089950657593,0.00660110685674753,1,TRUE,1
"pairKO:LAMB2-RPSA","top","pair","LAMB2-RPSA",1,"FOXC1",0.0292003049205727,0.0307868433514585,1,TRUE,1
"pairKO:LAMB2-RPSA","top","pair","LAMB2-RPSA",1,"FOXP1",0.0341040087614695,0.0262009091733939,-1,TRUE,-1
"pairKO:LAMB2-RPSA","top","pair","LAMB2-RPSA",1,"ESR1",0.0147517851888008,0.0110382164193588,1,TRUE,1
"pairKO:LAMB2-RPSA","top","pair","LAMB2-RPSA",1,"AHR",0.00986777114721574,-0.0201901148443542,1,TRUE,1
"pairKO:LAMB2-RPSA","top","pair","LAMB2-RPSA",1,"KLF10",0.0189005161645979,0.042612018806266,1,TRUE,1
"pairKO:LAMB2-RPSA","top","pair","LAMB2-RPSA",1,"ZBTB7C",0.0656626243265273,0.0748311276168446,1,TRUE,1
"pairKO:LAMB2-RPSA","top","pair","LAMB2-RPSA",1,"FOXP3",-0.0971768300854508,-0.0695168584147128,1,TRUE,-1
"pairKO:LAMB2-RPSA","top","pair","LAMB2-RPSA",1,"NFATC2",-0.0222423478008695,-0.00527274927786698,1,FALSE,-1
"pairKO:LAMB2-RPSA","top","pair","LAMB2-RPSA",1,"STAT2",0.112744555068651,0.0746204263178593,1,FALSE,1
"pairKO:LAMB2-RPSA","top","pair","LAMB2-RPSA",1,"RARG",0.0329763641999697,0.0229100189797447,1,TRUE,1
"pairKO:LAMB2-RPSA","top","pair","LAMB2-RPSA",1,"XBP1",-0.0164639556424324,-0.0148869325761397,1,TRUE,-1
"pairKO:LAMB2-RPSA","top","pair","LAMB2-RPSA",1,"REL",0.0424963830821831,0.0314907689484413,1,TRUE,1
"pairKO:LAMB2-RPSA","top","pair","LAMB2-RPSA",1,"POU2F2",0.0128853695206042,0.0267983352180249,-1,FALSE,-1
"pairKO:LAMB2-RPSA","top","pair","LAMB2-RPSA",1,"IRF1",0.106121869101604,0.124713389040825,1,TRUE,1
"pairKO:LAMB2-RPSA","top","pair","LAMB2-RPSA",1,"ETS2",0.114118114499744,0.0823944984863798,1,FALSE,1
"pairKO:LAMB2-RPSA","top","pair","LAMB2-RPSA",1,"TFEC",0.0355088747971801,0.0372554781434581,1,TRUE,1
"pairKO:LAMB2-RPSA","top","pair","LAMB2-RPSA",1,"ITGB2",0.0233000575025945,-0.0111452939214393,1,TRUE,1
"pairKO:LAMB2-RPSA","top","pair","LAMB2-RPSA",1,"POU2F1",0.127868442912667,0.106637080414106,1,FALSE,1
"pairKO:LAMB2-RPSA","top","pair","LAMB2-RPSA",1,"JUN",0.0798030423620413,0.0673001367420312,1,TRUE,1
"pairKO:LAMB2-RPSA","top","pair","LAMB2-RPSA",1,"CUX1",-0.0070606472472672,-0.0118664405844551,-1,TRUE,1
"pairKO:LAMB2-RPSA","top","pair","LAMB2-RPSA",1,"PLAG1",0.0129143943130965,-0.0178889258095099,-1,TRUE,-1
"pairKO:LAMB2-RPSA","top","pair","LAMB2-RPSA",1,"JUND",0.0964063741556879,0.0569297251481098,1,TRUE,1
"pairKO:LAMB2-RPSA","top","pair","LAMB2-RPSA",1,"FOSL2",0.0591772764778337,0.0621065557896937,1,FALSE,1
"pairKO:LAMB2-RPSA","top","pair","LAMB2-RPSA",1,"NR1D1",-0.01086799762092,-0.0278735889714643,1,FALSE,-1
"pairKO:LAMB2-RPSA","top","pair","LAMB2-RPSA",1,"ZFY",0.0129128252173504,0.0152273381576659,1,TRUE,1
"pairKO:LAMB2-RPSA","top","pair","LAMB2-RPSA",1,"FOSB",0.0828056268309568,0.0713259737365153,-1,FALSE,-1
"pairKO:LAMB2-RPSA","top","pair","LAMB2-RPSA",1,"NR4A1",0.0220438640640791,0.0161940124231485,1,TRUE,1
"pairKO:LAMB2-RPSA","top","pair","LAMB2-RPSA",1,"ATF4",0.100277389838992,0.0246808690569564,1,FALSE,1
"pairKO:LAMB2-RPSA","top","pair","LAMB2-RPSA",1,"NFIL3",0.0451580868716044,-0.00290670223126791,1,FALSE,1
"pairKO:LAMB2-RPSA","top","pair","LAMB2-RPSA",1,"STAT3",0.0612016401274018,0.0408849420736202,1,FALSE,1
"pairKO:LAMB2-RPSA","top","pair","LAMB2-RPSA",1,"NFE2",0.172657068664283,0.158895036082598,1,TRUE,1
"pairKO:LAMB2-RPSA","top","pair","LAMB2-RPSA",1,"MXI1",0.190117685853051,0.151595424298117,1,TRUE,1
"pairKO:LAMB2-RPSA","top","pair","LAMB2-RPSA",1,"HIF1A",0.0360920864884356,0.0314451359400044,1,FALSE,1
"pairKO:LAMB2-RPSA","top","pair","LAMB2-RPSA",1,"NFKB2",0.00478458822235946,-0.00880831788411842,1,FALSE,1
"pairKO:LAMB2-RPSA","top","pair","LAMB2-RPSA",1,"ATF3",0.0223459257961621,-0.00757218769880814,1,FALSE,1
"pairKO:LAMB2-RPSA","top","pair","LAMB2-RPSA",1,"HES4",0.0956984419630717,0.023841868850523,1,FALSE,1
"receptorKO:TNFRSF8","bottom","receptor","TNFSF8-TNFRSF8",1,"ZBTB7A",0.00466610395979678,0.00132647522046957,-1,FALSE,-1
"receptorKO:TNFRSF8","bottom","receptor","TNFSF8-TNFRSF8",1,"KLF6",0.00141508997860676,-0.00105509981240935,-1,FALSE,-1
"receptorKO:TNFRSF8","bottom","receptor","TNFSF8-TNFRSF8",1,"EGR1",0.00325539234509797,0.0027474613150451,-1,FALSE,-1
"receptorKO:TNFRSF8","bottom","receptor","TNFSF8-TNFRSF8",1,"KLF4",0.00236534171467004,0.00359083859852765,-1,FALSE,-1
"receptorKO:TNFRSF8","bottom","receptor","TNFSF8-TNFRSF8",1,"MEF2C",0.00299331477206349,0.00195081536647981,-1,TRUE,-1
"receptorKO:TNFRSF8","bottom","receptor","TNFSF8-TNFRSF8",1,"NR4A2",0.00861518307251885,0.00435457136902109,1,TRUE,1
"receptorKO:TNFRSF8","bottom","receptor","TNFSF8-TNFRSF8",1,"E2F5",0.00248149114980407,0.000705222657657631,1,TRUE,1
"receptorKO:TNFRSF8","bottom","receptor","TNFSF8-TNFRSF8",1,"FOXL2",0.00304041018049712,0.00126488907115037,NA,FALSE,NA
"receptorKO:TNFRSF8","bottom","receptor","TNFSF8-TNFRSF8",1,"EGR3",0.000310846815223329,0.00105792202883895,-1,TRUE,-1
"receptorKO:TNFRSF8","bottom","receptor","TNFSF8-TNFRSF8",1,"BHLHE40",0.000183972577738724,-0.0019745934639625,-1,FALSE,-1
"receptorKO:TNFRSF8","bottom","receptor","TNFSF8-TNFRSF8",1,"RUNX3",0.000546542758043886,-0.00101772355382741,-1,FALSE,-1
"receptorKO:TNFRSF8","bottom","receptor","TNFSF8-TNFRSF8",1,"RAD21",0.00247978161173993,0.0016232939396696,1,TRUE,1
"receptorKO:TNFRSF8","bottom","receptor","TNFSF8-TNFRSF8",1,"BCL11A",0.00332540387416615,0.00395610477547011,1,FALSE,1
"receptorKO:TNFRSF8","bottom","receptor","TNFSF8-TNFRSF8",1,"GTF2I",0.00218098344587344,0.000964661368470974,1,TRUE,1
"receptorKO:TNFRSF8","bottom","receptor","TNFSF8-TNFRSF8",1,"CREB1",0.00460791288937739,-0.00097698387788948,1,TRUE,1
"receptorKO:TNFRSF8","bottom","receptor","TNFSF8-TNFRSF8",1,"ELF2",0.00593959269525448,0.00163240536195198,-1,FALSE,-1
"receptorKO:TNFRSF8","bottom","receptor","TNFSF8-TNFRSF8",1,"MAFB",0.00235331585577384,0.00675898141337407,-1,TRUE,-1
"receptorKO:TNFRSF8","bottom","receptor","TNFSF8-TNFRSF8",1,"KLF2",0.0076006391975059,0.00688883230356641,-1,FALSE,-1
"receptorKO:TNFRSF8","bottom","receptor","TNFSF8-TNFRSF8",1,"ATF5",0.00145511635982961,0.0010051308209426,1,FALSE,1
"receptorKO:TNFRSF8","bottom","receptor","TNFSF8-TNFRSF8",1,"IRF8",0.00134538509638644,0.00272270087630604,1,FALSE,1
"receptorKO:TNFRSF8","bottom","receptor","TNFSF8-TNFRSF8",1,"BDP1",-0.000626250782824705,0.00226970347093716,1,TRUE,-1
"receptorKO:TNFRSF8","bottom","receptor","TNFSF8-TNFRSF8",1,"CREB5",0.00550617573816027,0.00482368831774264,1,FALSE,1
"receptorKO:TNFRSF8","bottom","receptor","TNFSF8-TNFRSF8",1,"CEBPD",0.00191667393935276,0.00220019228414924,1,FALSE,1
"receptorKO:TNFRSF8","bottom","receptor","TNFSF8-TNFRSF8",1,"HIVEP1",0.000886221850879382,0.00386002636808564,-1,TRUE,-1
"receptorKO:TNFRSF8","bottom","receptor","TNFSF8-TNFRSF8",1,"ETV7",0.00181839214050007,0.00054302846728427,-1,TRUE,-1
"receptorKO:TNFRSF8","bottom","receptor","TNFSF8-TNFRSF8",1,"POU4F1",-0.000908563143379966,0.000646528356739467,-1,TRUE,1
"receptorKO:TNFRSF8","bottom","receptor","TNFSF8-TNFRSF8",1,"ID1",0.00862554688355274,0.00504624647055284,1,FALSE,1
"receptorKO:TNFRSF8","bottom","receptor","TNFSF8-TNFRSF8",1,"HOXB2",0.00359489991536356,0.0019934387907467,1,TRUE,1
"receptorKO:TNFRSF8","bottom","receptor","TNFSF8-TNFRSF8",1,"SPI1",0.00501483403656104,0.0045392075474977,-1,TRUE,-1
"receptorKO:TNFRSF8","bottom","receptor","TNFSF8-TNFRSF8",1,"BCLAF1",0.00116869876995686,0.00109069498497573,-1,FALSE,-1
"receptorKO:TNFRSF8","bottom","receptor","TNFSF8-TNFRSF8",1,"STAT1",0.000779612838569792,0.000408739261327448,1,FALSE,1
"receptorKO:TNFRSF8","bottom","receptor","TNFSF8-TNFRSF8",1,"TCF7L2",0.00499191098350794,0.00436565986814721,-1,FALSE,-1
"receptorKO:TNFRSF8","bottom","receptor","TNFSF8-TNFRSF8",1,"BRCA1",0.00155550118432316,0.00449531099571169,1,TRUE,1
"receptorKO:TNFRSF8","bottom","receptor","TNFSF8-TNFRSF8",1,"CEBPB",-0.000638264854687913,0.000220175528444233,1,FALSE,-1
"receptorKO:TNFRSF8","bottom","receptor","TNFSF8-TNFRSF8",1,"RORA",0.000259946946804795,0.000969082888200927,-1,FALSE,-1
"receptorKO:TNFRSF8","bottom","receptor","TNFSF8-TNFRSF8",1,"ZBTB14",0.000447126969953215,-0.000679756552966747,-1,TRUE,-1
"receptorKO:TNFRSF8","bottom","receptor","TNFSF8-TNFRSF8",1,"EGR2",0.00206475232507024,0.00296489038985445,-1,TRUE,-1
"receptorKO:TNFRSF8","bottom","receptor","TNFSF8-TNFRSF8",1,"IRF9",0.00270033005576459,0.00202717384442248,1,TRUE,1
"receptorKO:TNFRSF8","bottom","receptor","TNFSF8-TNFRSF8",1,"FOXC1",0.00723163601289257,0.00549707659006153,1,TRUE,1
"receptorKO:TNFRSF8","bottom","receptor","TNFSF8-TNFRSF8",1,"FOXP1",-0.00233691373027173,0.000496948818220119,-1,TRUE,1
"receptorKO:TNFRSF8","bottom","receptor","TNFSF8-TNFRSF8",1,"ESR1",0.00106869015707615,0.00255556381640053,1,TRUE,1
"receptorKO:TNFRSF8","bottom","receptor","TNFSF8-TNFRSF8",1,"AHR",0.00236305840237243,0.00334555312019359,1,TRUE,1
"receptorKO:TNFRSF8","bottom","receptor","TNFSF8-TNFRSF8",1,"KLF10",0.00569966265079746,0.00176995539171598,1,TRUE,1
"receptorKO:TNFRSF8","bottom","receptor","TNFSF8-TNFRSF8",1,"ZBTB7C",0.000318235669295494,0.00153657596464294,1,TRUE,1
"receptorKO:TNFRSF8","bottom","receptor","TNFSF8-TNFRSF8",1,"FOXP3",-0.000914149882203381,-0.000722477701573726,1,TRUE,-1
"receptorKO:TNFRSF8","bottom","receptor","TNFSF8-TNFRSF8",1,"NFATC2",-0.000356551922311589,0.000164503605348768,1,FALSE,-1
"receptorKO:TNFRSF8","bottom","receptor","TNFSF8-TNFRSF8",1,"STAT2",0.000768043156461381,0.000512905097946412,1,FALSE,1
"receptorKO:TNFRSF8","bottom","receptor","TNFSF8-TNFRSF8",1,"RARG",0.00455983586821575,0.00259965676286306,1,TRUE,1
"receptorKO:TNFRSF8","bottom","receptor","TNFSF8-TNFRSF8",1,"XBP1",0.00898366156172616,0.0069121031370784,1,TRUE,1
"receptorKO:TNFRSF8","bottom","receptor","TNFSF8-TNFRSF8",1,"REL",0.00372993399167229,0.00225546351535336,1,TRUE,1
"receptorKO:TNFRSF8","bottom","receptor","TNFSF8-TNFRSF8",1,"POU2F2",-0.000122100626760802,0.00226625976660529,-1,FALSE,1
"receptorKO:TNFRSF8","bottom","receptor","TNFSF8-TNFRSF8",1,"IRF1",0.000714763988696704,0.0010242946576527,1,TRUE,1
"receptorKO:TNFRSF8","bottom","receptor","TNFSF8-TNFRSF8",1,"ETS2",0.000361715777162404,0.00115632619703441,1,FALSE,1
"receptorKO:TNFRSF8","bottom","receptor","TNFSF8-TNFRSF8",1,"TFEC",0.00103436540562791,-0.000269773524175327,1,TRUE,1
"receptorKO:TNFRSF8","bottom","receptor","TNFSF8-TNFRSF8",1,"ITGB2",-0.0145395101260913,-0.00960018917072428,1,TRUE,-1
"receptorKO:TNFRSF8","bottom","receptor","TNFSF8-TNFRSF8",1,"POU2F1",-0.000389305267854541,-0.00118803958015782,1,FALSE,-1
"receptorKO:TNFRSF8","bottom","receptor","TNFSF8-TNFRSF8",1,"JUN",0.00053260086218078,0.000973165012109693,1,TRUE,1
"receptorKO:TNFRSF8","bottom","receptor","TNFSF8-TNFRSF8",1,"CUX1",0.00312308745343314,0.000296088826411879,-1,TRUE,-1
"receptorKO:TNFRSF8","bottom","receptor","TNFSF8-TNFRSF8",1,"PLAG1",-0.00876365760611865,-0.0143496611419999,-1,TRUE,1
"receptorKO:TNFRSF8","bottom","receptor","TNFSF8-TNFRSF8",1,"JUND",-0.000504395195962453,0.000777909336441283,1,TRUE,-1
"receptorKO:TNFRSF8","bottom","receptor","TNFSF8-TNFRSF8",1,"FOSL2",0.000963101345804003,0.000308290911327626,1,FALSE,1
"receptorKO:TNFRSF8","bottom","receptor","TNFSF8-TNFRSF8",1,"NR1D1",0.00331316381335984,0.00206190081990676,1,FALSE,1
"receptorKO:TNFRSF8","bottom","receptor","TNFSF8-TNFRSF8",1,"ZFY",0.00157996972681077,0.00222407122388157,1,TRUE,1
"receptorKO:TNFRSF8","bottom","receptor","TNFSF8-TNFRSF8",1,"FOSB",-0.000712438893972246,0.000191170848912398,-1,FALSE,1
"receptorKO:TNFRSF8","bottom","receptor","TNFSF8-TNFRSF8",1,"NR4A1",-0.00272808590573364,-0.0032475547382683,1,TRUE,-1
"receptorKO:TNFRSF8","bottom","receptor","TNFSF8-TNFRSF8",1,"ATF4",-0.00746562481180637,-0.0079880925990065,1,FALSE,-1
"receptorKO:TNFRSF8","bottom","receptor","TNFSF8-TNFRSF8",1,"NFIL3",-0.00214598095734605,0.000368016541162189,1,FALSE,-1
"receptorKO:TNFRSF8","bottom","receptor","TNFSF8-TNFRSF8",1,"STAT3",-0.000633214657076571,-0.000195287126303223,1,FALSE,-1
"receptorKO:TNFRSF8","bottom","receptor","TNFSF8-TNFRSF8",1,"NFE2",-0.00187703522009523,-0.000219381722091784,1,TRUE,-1
"receptorKO:TNFRSF8","bottom","receptor","TNFSF8-TNFRSF8",1,"MXI1",-0.00065337403206627,-0.000134346519762547,1,TRUE,-1
"receptorKO:TNFRSF8","bottom","receptor","TNFSF8-TNFRSF8",1,"HIF1A",2.13991692049618e-06,0.00132938555957482,1,FALSE,1
"receptorKO:TNFRSF8","bottom","receptor","TNFSF8-TNFRSF8",1,"NFKB2",-0.00249291023590087,0.000291033766087026,1,FALSE,-1
"receptorKO:TNFRSF8","bottom","receptor","TNFSF8-TNFRSF8",1,"ATF3",-0.00184015757087981,-0.00235993165995223,1,FALSE,-1
"receptorKO:TNFRSF8","bottom","receptor","TNFSF8-TNFRSF8",1,"HES4",-0.0112700531722544,-0.00455722250876254,1,FALSE,-1
"ligandKO:TNFSF8","bottom","ligand","TNFSF8-TNFRSF8",1,"ZBTB7A",0.00466610395979678,0.00132647522046957,-1,FALSE,-1
"ligandKO:TNFSF8","bottom","ligand","TNFSF8-TNFRSF8",1,"KLF6",0.00141508997860676,-0.00105509981240935,-1,FALSE,-1
"ligandKO:TNFSF8","bottom","ligand","TNFSF8-TNFRSF8",1,"EGR1",0.00325539234509797,0.0027474613150451,-1,FALSE,-1
"ligandKO:TNFSF8","bottom","ligand","TNFSF8-TNFRSF8",1,"KLF4",0.00236534171467004,0.00359083859852765,-1,FALSE,-1
"ligandKO:TNFSF8","bottom","ligand","TNFSF8-TNFRSF8",1,"MEF2C",0.00299331477206349,0.00195081536647981,-1,TRUE,-1
"ligandKO:TNFSF8","bottom","ligand","TNFSF8-TNFRSF8",1,"NR4A2",0.00861518307251885,0.00435457136902109,1,TRUE,1
"ligandKO:TNFSF8","bottom","ligand","TNFSF8-TNFRSF8",1,"E2F5",0.00248149114980407,0.000705222657657631,1,TRUE,1
"ligandKO:TNFSF8","bottom","ligand","TNFSF8-TNFRSF8",1,"FOXL2",0.00304041018049712,0.00126488907115037,NA,FALSE,NA
"ligandKO:TNFSF8","bottom","ligand","TNFSF8-TNFRSF8",1,"EGR3",0.000310846815223329,0.00105792202883895,-1,TRUE,-1
"ligandKO:TNFSF8","bottom","ligand","TNFSF8-TNFRSF8",1,"BHLHE40",0.000183972577738724,-0.0019745934639625,-1,FALSE,-1
"ligandKO:TNFSF8","bottom","ligand","TNFSF8-TNFRSF8",1,"RUNX3",0.000546542758043886,-0.00101772355382741,-1,FALSE,-1
"ligandKO:TNFSF8","bottom","ligand","TNFSF8-TNFRSF8",1,"RAD21",0.00247978161173993,0.0016232939396696,1,TRUE,1
"ligandKO:TNFSF8","bottom","ligand","TNFSF8-TNFRSF8",1,"BCL11A",0.00332540387416615,0.00395610477547011,1,FALSE,1
"ligandKO:TNFSF8","bottom","ligand","TNFSF8-TNFRSF8",1,"GTF2I",0.00218098344587344,0.000964661368470974,1,TRUE,1
"ligandKO:TNFSF8","bottom","ligand","TNFSF8-TNFRSF8",1,"CREB1",0.00460791288937739,-0.00097698387788948,1,TRUE,1
"ligandKO:TNFSF8","bottom","ligand","TNFSF8-TNFRSF8",1,"ELF2",0.00593959269525448,0.00163240536195198,-1,FALSE,-1
"ligandKO:TNFSF8","bottom","ligand","TNFSF8-TNFRSF8",1,"MAFB",0.00235331585577384,0.00675898141337407,-1,TRUE,-1
"ligandKO:TNFSF8","bottom","ligand","TNFSF8-TNFRSF8",1,"KLF2",0.0076006391975059,0.00688883230356641,-1,FALSE,-1
"ligandKO:TNFSF8","bottom","ligand","TNFSF8-TNFRSF8",1,"ATF5",0.00145511635982961,0.0010051308209426,1,FALSE,1
"ligandKO:TNFSF8","bottom","ligand","TNFSF8-TNFRSF8",1,"IRF8",0.00134538509638644,0.00272270087630604,1,FALSE,1
"ligandKO:TNFSF8","bottom","ligand","TNFSF8-TNFRSF8",1,"BDP1",-0.000626250782824705,0.00226970347093716,1,TRUE,-1
"ligandKO:TNFSF8","bottom","ligand","TNFSF8-TNFRSF8",1,"CREB5",0.00550617573816027,0.00482368831774264,1,FALSE,1
"ligandKO:TNFSF8","bottom","ligand","TNFSF8-TNFRSF8",1,"CEBPD",0.00191667393935276,0.00220019228414924,1,FALSE,1
"ligandKO:TNFSF8","bottom","ligand","TNFSF8-TNFRSF8",1,"HIVEP1",0.000886221850879382,0.00386002636808564,-1,TRUE,-1
"ligandKO:TNFSF8","bottom","ligand","TNFSF8-TNFRSF8",1,"ETV7",0.00181839214050007,0.00054302846728427,-1,TRUE,-1
"ligandKO:TNFSF8","bottom","ligand","TNFSF8-TNFRSF8",1,"POU4F1",-0.000908563143379966,0.000646528356739467,-1,TRUE,1
"ligandKO:TNFSF8","bottom","ligand","TNFSF8-TNFRSF8",1,"ID1",0.00862554688355274,0.00504624647055284,1,FALSE,1
"ligandKO:TNFSF8","bottom","ligand","TNFSF8-TNFRSF8",1,"HOXB2",0.00359489991536356,0.0019934387907467,1,TRUE,1
"ligandKO:TNFSF8","bottom","ligand","TNFSF8-TNFRSF8",1,"SPI1",0.00501483403656104,0.0045392075474977,-1,TRUE,-1
"ligandKO:TNFSF8","bottom","ligand","TNFSF8-TNFRSF8",1,"BCLAF1",0.00116869876995686,0.00109069498497573,-1,FALSE,-1
"ligandKO:TNFSF8","bottom","ligand","TNFSF8-TNFRSF8",1,"STAT1",0.000779612838569792,0.000408739261327448,1,FALSE,1
"ligandKO:TNFSF8","bottom","ligand","TNFSF8-TNFRSF8",1,"TCF7L2",0.00499191098350794,0.00436565986814721,-1,FALSE,-1
"ligandKO:TNFSF8","bottom","ligand","TNFSF8-TNFRSF8",1,"BRCA1",0.00155550118432316,0.00449531099571169,1,TRUE,1
"ligandKO:TNFSF8","bottom","ligand","TNFSF8-TNFRSF8",1,"CEBPB",-0.000638264854687913,0.000220175528444233,1,FALSE,-1
"ligandKO:TNFSF8","bottom","ligand","TNFSF8-TNFRSF8",1,"RORA",0.000259946946804795,0.000969082888200927,-1,FALSE,-1
"ligandKO:TNFSF8","bottom","ligand","TNFSF8-TNFRSF8",1,"ZBTB14",0.000447126969953215,-0.000679756552966747,-1,TRUE,-1
"ligandKO:TNFSF8","bottom","ligand","TNFSF8-TNFRSF8",1,"EGR2",0.00206475232507024,0.00296489038985445,-1,TRUE,-1
"ligandKO:TNFSF8","bottom","ligand","TNFSF8-TNFRSF8",1,"IRF9",0.00270033005576459,0.00202717384442248,1,TRUE,1
"ligandKO:TNFSF8","bottom","ligand","TNFSF8-TNFRSF8",1,"FOXC1",0.00723163601289257,0.00549707659006153,1,TRUE,1
"ligandKO:TNFSF8","bottom","ligand","TNFSF8-TNFRSF8",1,"FOXP1",-0.00233691373027173,0.000496948818220119,-1,TRUE,1
"ligandKO:TNFSF8","bottom","ligand","TNFSF8-TNFRSF8",1,"ESR1",0.00106869015707615,0.00255556381640053,1,TRUE,1
"ligandKO:TNFSF8","bottom","ligand","TNFSF8-TNFRSF8",1,"AHR",0.00236305840237243,0.00334555312019359,1,TRUE,1
"ligandKO:TNFSF8","bottom","ligand","TNFSF8-TNFRSF8",1,"KLF10",0.00569966265079746,0.00176995539171598,1,TRUE,1
"ligandKO:TNFSF8","bottom","ligand","TNFSF8-TNFRSF8",1,"ZBTB7C",0.000318235669295494,0.00153657596464294,1,TRUE,1
"ligandKO:TNFSF8","bottom","ligand","TNFSF8-TNFRSF8",1,"FOXP3",-0.000914149882203381,-0.000722477701573726,1,TRUE,-1
"ligandKO:TNFSF8","bottom","ligand","TNFSF8-TNFRSF8",1,"NFATC2",-0.000356551922311589,0.000164503605348768,1,FALSE,-1
"ligandKO:TNFSF8","bottom","ligand","TNFSF8-TNFRSF8",1,"STAT2",0.000768043156461381,0.000512905097946412,1,FALSE,1
"ligandKO:TNFSF8","bottom","ligand","TNFSF8-TNFRSF8",1,"RARG",0.00455983586821575,0.00259965676286306,1,TRUE,1
"ligandKO:TNFSF8","bottom","ligand","TNFSF8-TNFRSF8",1,"XBP1",0.00898366156172616,0.0069121031370784,1,TRUE,1
"ligandKO:TNFSF8","bottom","ligand","TNFSF8-TNFRSF8",1,"REL",0.00372993399167229,0.00225546351535336,1,TRUE,1
"ligandKO:TNFSF8","bottom","ligand","TNFSF8-TNFRSF8",1,"POU2F2",-0.000122100626760802,0.00226625976660529,-1,FALSE,1
"ligandKO:TNFSF8","bottom","ligand","TNFSF8-TNFRSF8",1,"IRF1",0.000714763988696704,0.0010242946576527,1,TRUE,1
"ligandKO:TNFSF8","bottom","ligand","TNFSF8-TNFRSF8",1,"ETS2",0.000361715777162404,0.00115632619703441,1,FALSE,1
"ligandKO:TNFSF8","bottom","ligand","TNFSF8-TNFRSF8",1,"TFEC",0.00103436540562791,-0.000269773524175327,1,TRUE,1
"ligandKO:TNFSF8","bottom","ligand","TNFSF8-TNFRSF8",1,"ITGB2",-0.0145395101260913,-0.00960018917072428,1,TRUE,-1
"ligandKO:TNFSF8","bottom","ligand","TNFSF8-TNFRSF8",1,"POU2F1",-0.000389305267854541,-0.00118803958015782,1,FALSE,-1
"ligandKO:TNFSF8","bottom","ligand","TNFSF8-TNFRSF8",1,"JUN",0.00053260086218078,0.000973165012109693,1,TRUE,1
"ligandKO:TNFSF8","bottom","ligand","TNFSF8-TNFRSF8",1,"CUX1",0.00312308745343314,0.000296088826411879,-1,TRUE,-1
"ligandKO:TNFSF8","bottom","ligand","TNFSF8-TNFRSF8",1,"PLAG1",-0.00876365760611865,-0.0143496611419999,-1,TRUE,1
"ligandKO:TNFSF8","bottom","ligand","TNFSF8-TNFRSF8",1,"JUND",-0.000504395195962453,0.000777909336441283,1,TRUE,-1
"ligandKO:TNFSF8","bottom","ligand","TNFSF8-TNFRSF8",1,"FOSL2",0.000963101345804003,0.000308290911327626,1,FALSE,1
"ligandKO:TNFSF8","bottom","ligand","TNFSF8-TNFRSF8",1,"NR1D1",0.00331316381335984,0.00206190081990676,1,FALSE,1
"ligandKO:TNFSF8","bottom","ligand","TNFSF8-TNFRSF8",1,"ZFY",0.00157996972681077,0.00222407122388157,1,TRUE,1
"ligandKO:TNFSF8","bottom","ligand","TNFSF8-TNFRSF8",1,"FOSB",-0.000712438893972246,0.000191170848912398,-1,FALSE,1
"ligandKO:TNFSF8","bottom","ligand","TNFSF8-TNFRSF8",1,"NR4A1",-0.00272808590573364,-0.0032475547382683,1,TRUE,-1
"ligandKO:TNFSF8","bottom","ligand","TNFSF8-TNFRSF8",1,"ATF4",-0.00746562481180637,-0.0079880925990065,1,FALSE,-1
"ligandKO:TNFSF8","bottom","ligand","TNFSF8-TNFRSF8",1,"NFIL3",-0.00214598095734605,0.000368016541162189,1,FALSE,-1
"ligandKO:TNFSF8","bottom","ligand","TNFSF8-TNFRSF8",1,"STAT3",-0.000633214657076571,-0.000195287126303223,1,FALSE,-1
"ligandKO:TNFSF8","bottom","ligand","TNFSF8-TNFRSF8",1,"NFE2",-0.00187703522009523,-0.000219381722091784,1,TRUE,-1
"ligandKO:TNFSF8","bottom","ligand","TNFSF8-TNFRSF8",1,"MXI1",-0.00065337403206627,-0.000134346519762547,1,TRUE,-1
"ligandKO:TNFSF8","bottom","ligand","TNFSF8-TNFRSF8",1,"HIF1A",2.13991692049618e-06,0.00132938555957482,1,FALSE,1
"ligandKO:TNFSF8","bottom","ligand","TNFSF8-TNFRSF8",1,"NFKB2",-0.00249291023590087,0.000291033766087026,1,FALSE,-1
"ligandKO:TNFSF8","bottom","ligand","TNFSF8-TNFRSF8",1,"ATF3",-0.00184015757087981,-0.00235993165995223,1,FALSE,-1
"ligandKO:TNFSF8","bottom","ligand","TNFSF8-TNFRSF8",1,"HES4",-0.0112700531722544,-0.00455722250876254,1,FALSE,-1
"pairKO:TNFSF8-TNFRSF8","bottom","pair","TNFSF8-TNFRSF8",1,"ZBTB7A",0.00466610395979678,0.00132647522046957,-1,FALSE,-1
"pairKO:TNFSF8-TNFRSF8","bottom","pair","TNFSF8-TNFRSF8",1,"KLF6",0.00141508997860676,-0.00105509981240935,-1,FALSE,-1
"pairKO:TNFSF8-TNFRSF8","bottom","pair","TNFSF8-TNFRSF8",1,"EGR1",0.00325539234509797,0.0027474613150451,-1,FALSE,-1
"pairKO:TNFSF8-TNFRSF8","bottom","pair","TNFSF8-TNFRSF8",1,"KLF4",0.00236534171467004,0.00359083859852765,-1,FALSE,-1
"pairKO:TNFSF8-TNFRSF8","bottom","pair","TNFSF8-TNFRSF8",1,"MEF2C",0.00299331477206349,0.00195081536647981,-1,TRUE,-1
"pairKO:TNFSF8-TNFRSF8","bottom","pair","TNFSF8-TNFRSF8",1,"NR4A2",0.00861518307251885,0.00435457136902109,1,TRUE,1
"pairKO:TNFSF8-TNFRSF8","bottom","pair","TNFSF8-TNFRSF8",1,"E2F5",0.00248149114980407,0.000705222657657631,1,TRUE,1
"pairKO:TNFSF8-TNFRSF8","bottom","pair","TNFSF8-TNFRSF8",1,"FOXL2",0.00304041018049712,0.00126488907115037,NA,FALSE,NA
"pairKO:TNFSF8-TNFRSF8","bottom","pair","TNFSF8-TNFRSF8",1,"EGR3",0.000310846815223329,0.00105792202883895,-1,TRUE,-1
"pairKO:TNFSF8-TNFRSF8","bottom","pair","TNFSF8-TNFRSF8",1,"BHLHE40",0.000183972577738724,-0.0019745934639625,-1,FALSE,-1
"pairKO:TNFSF8-TNFRSF8","bottom","pair","TNFSF8-TNFRSF8",1,"RUNX3",0.000546542758043886,-0.00101772355382741,-1,FALSE,-1
"pairKO:TNFSF8-TNFRSF8","bottom","pair","TNFSF8-TNFRSF8",1,"RAD21",0.00247978161173993,0.0016232939396696,1,TRUE,1
"pairKO:TNFSF8-TNFRSF8","bottom","pair","TNFSF8-TNFRSF8",1,"BCL11A",0.00332540387416615,0.00395610477547011,1,FALSE,1
"pairKO:TNFSF8-TNFRSF8","bottom","pair","TNFSF8-TNFRSF8",1,"GTF2I",0.00218098344587344,0.000964661368470974,1,TRUE,1
"pairKO:TNFSF8-TNFRSF8","bottom","pair","TNFSF8-TNFRSF8",1,"CREB1",0.00460791288937739,-0.00097698387788948,1,TRUE,1
"pairKO:TNFSF8-TNFRSF8","bottom","pair","TNFSF8-TNFRSF8",1,"ELF2",0.00593959269525448,0.00163240536195198,-1,FALSE,-1
"pairKO:TNFSF8-TNFRSF8","bottom","pair","TNFSF8-TNFRSF8",1,"MAFB",0.00235331585577384,0.00675898141337407,-1,TRUE,-1
"pairKO:TNFSF8-TNFRSF8","bottom","pair","TNFSF8-TNFRSF8",1,"KLF2",0.0076006391975059,0.00688883230356641,-1,FALSE,-1
"pairKO:TNFSF8-TNFRSF8","bottom","pair","TNFSF8-TNFRSF8",1,"ATF5",0.00145511635982961,0.0010051308209426,1,FALSE,1
"pairKO:TNFSF8-TNFRSF8","bottom","pair","TNFSF8-TNFRSF8",1,"IRF8",0.00134538509638644,0.00272270087630604,1,FALSE,1
"pairKO:TNFSF8-TNFRSF8","bottom","pair","TNFSF8-TNFRSF8",1,"BDP1",-0.000626250782824705,0.00226970347093716,1,TRUE,-1
"pairKO:TNFSF8-TNFRSF8","bottom","pair","TNFSF8-TNFRSF8",1,"CREB5",0.00550617573816027,0.00482368831774264,1,FALSE,1
"pairKO:TNFSF8-TNFRSF8","bottom","pair","TNFSF8-TNFRSF8",1,"CEBPD",0.00191667393935276,0.00220019228414924,1,FALSE,1
"pairKO:TNFSF8-TNFRSF8","bottom","pair","TNFSF8-TNFRSF8",1,"HIVEP1",0.000886221850879382,0.00386002636808564,-1,TRUE,-1
"pairKO:TNFSF8-TNFRSF8","bottom","pair","TNFSF8-TNFRSF8",1,"ETV7",0.00181839214050007,0.00054302846728427,-1,TRUE,-1
"pairKO:TNFSF8-TNFRSF8","bottom","pair","TNFSF8-TNFRSF8",1,"POU4F1",-0.000908563143379966,0.000646528356739467,-1,TRUE,1
"pairKO:TNFSF8-TNFRSF8","bottom","pair","TNFSF8-TNFRSF8",1,"ID1",0.00862554688355274,0.00504624647055284,1,FALSE,1
"pairKO:TNFSF8-TNFRSF8","bottom","pair","TNFSF8-TNFRSF8",1,"HOXB2",0.00359489991536356,0.0019934387907467,1,TRUE,1
"pairKO:TNFSF8-TNFRSF8","bottom","pair","TNFSF8-TNFRSF8",1,"SPI1",0.00501483403656104,0.0045392075474977,-1,TRUE,-1
"pairKO:TNFSF8-TNFRSF8","bottom","pair","TNFSF8-TNFRSF8",1,"BCLAF1",0.00116869876995686,0.00109069498497573,-1,FALSE,-1
"pairKO:TNFSF8-TNFRSF8","bottom","pair","TNFSF8-TNFRSF8",1,"STAT1",0.000779612838569792,0.000408739261327448,1,FALSE,1
"pairKO:TNFSF8-TNFRSF8","bottom","pair","TNFSF8-TNFRSF8",1,"TCF7L2",0.00499191098350794,0.00436565986814721,-1,FALSE,-1
"pairKO:TNFSF8-TNFRSF8","bottom","pair","TNFSF8-TNFRSF8",1,"BRCA1",0.00155550118432316,0.00449531099571169,1,TRUE,1
"pairKO:TNFSF8-TNFRSF8","bottom","pair","TNFSF8-TNFRSF8",1,"CEBPB",-0.000638264854687913,0.000220175528444233,1,FALSE,-1
"pairKO:TNFSF8-TNFRSF8","bottom","pair","TNFSF8-TNFRSF8",1,"RORA",0.000259946946804795,0.000969082888200927,-1,FALSE,-1
"pairKO:TNFSF8-TNFRSF8","bottom","pair","TNFSF8-TNFRSF8",1,"ZBTB14",0.000447126969953215,-0.000679756552966747,-1,TRUE,-1
"pairKO:TNFSF8-TNFRSF8","bottom","pair","TNFSF8-TNFRSF8",1,"EGR2",0.00206475232507024,0.00296489038985445,-1,TRUE,-1
"pairKO:TNFSF8-TNFRSF8","bottom","pair","TNFSF8-TNFRSF8",1,"IRF9",0.00270033005576459,0.00202717384442248,1,TRUE,1
"pairKO:TNFSF8-TNFRSF8","bottom","pair","TNFSF8-TNFRSF8",1,"FOXC1",0.00723163601289257,0.00549707659006153,1,TRUE,1
"pairKO:TNFSF8-TNFRSF8","bottom","pair","TNFSF8-TNFRSF8",1,"FOXP1",-0.00233691373027173,0.000496948818220119,-1,TRUE,1
"pairKO:TNFSF8-TNFRSF8","bottom","pair","TNFSF8-TNFRSF8",1,"ESR1",0.00106869015707615,0.00255556381640053,1,TRUE,1
"pairKO:TNFSF8-TNFRSF8","bottom","pair","TNFSF8-TNFRSF8",1,"AHR",0.00236305840237243,0.00334555312019359,1,TRUE,1
"pairKO:TNFSF8-TNFRSF8","bottom","pair","TNFSF8-TNFRSF8",1,"KLF10",0.00569966265079746,0.00176995539171598,1,TRUE,1
"pairKO:TNFSF8-TNFRSF8","bottom","pair","TNFSF8-TNFRSF8",1,"ZBTB7C",0.000318235669295494,0.00153657596464294,1,TRUE,1
"pairKO:TNFSF8-TNFRSF8","bottom","pair","TNFSF8-TNFRSF8",1,"FOXP3",-0.000914149882203381,-0.000722477701573726,1,TRUE,-1
"pairKO:TNFSF8-TNFRSF8","bottom","pair","TNFSF8-TNFRSF8",1,"NFATC2",-0.000356551922311589,0.000164503605348768,1,FALSE,-1
"pairKO:TNFSF8-TNFRSF8","bottom","pair","TNFSF8-TNFRSF8",1,"STAT2",0.000768043156461381,0.000512905097946412,1,FALSE,1
"pairKO:TNFSF8-TNFRSF8","bottom","pair","TNFSF8-TNFRSF8",1,"RARG",0.00455983586821575,0.00259965676286306,1,TRUE,1
"pairKO:TNFSF8-TNFRSF8","bottom","pair","TNFSF8-TNFRSF8",1,"XBP1",0.00898366156172616,0.0069121031370784,1,TRUE,1
"pairKO:TNFSF8-TNFRSF8","bottom","pair","TNFSF8-TNFRSF8",1,"REL",0.00372993399167229,0.00225546351535336,1,TRUE,1
"pairKO:TNFSF8-TNFRSF8","bottom","pair","TNFSF8-TNFRSF8",1,"POU2F2",-0.000122100626760802,0.00226625976660529,-1,FALSE,1
"pairKO:TNFSF8-TNFRSF8","bottom","pair","TNFSF8-TNFRSF8",1,"IRF1",0.000714763988696704,0.0010242946576527,1,TRUE,1
"pairKO:TNFSF8-TNFRSF8","bottom","pair","TNFSF8-TNFRSF8",1,"ETS2",0.000361715777162404,0.00115632619703441,1,FALSE,1
"pairKO:TNFSF8-TNFRSF8","bottom","pair","TNFSF8-TNFRSF8",1,"TFEC",0.00103436540562791,-0.000269773524175327,1,TRUE,1
"pairKO:TNFSF8-TNFRSF8","bottom","pair","TNFSF8-TNFRSF8",1,"ITGB2",-0.0145395101260913,-0.00960018917072428,1,TRUE,-1
"pairKO:TNFSF8-TNFRSF8","bottom","pair","TNFSF8-TNFRSF8",1,"POU2F1",-0.000389305267854541,-0.00118803958015782,1,FALSE,-1
"pairKO:TNFSF8-TNFRSF8","bottom","pair","TNFSF8-TNFRSF8",1,"JUN",0.00053260086218078,0.000973165012109693,1,TRUE,1
"pairKO:TNFSF8-TNFRSF8","bottom","pair","TNFSF8-TNFRSF8",1,"CUX1",0.00312308745343314,0.000296088826411879,-1,TRUE,-1
"pairKO:TNFSF8-TNFRSF8","bottom","pair","TNFSF8-TNFRSF8",1,"PLAG1",-0.00876365760611865,-0.0143496611419999,-1,TRUE,1
"pairKO:TNFSF8-TNFRSF8","bottom","pair","TNFSF8-TNFRSF8",1,"JUND",-0.000504395195962453,0.000777909336441283,1,TRUE,-1
"pairKO:TNFSF8-TNFRSF8","bottom","pair","TNFSF8-TNFRSF8",1,"FOSL2",0.000963101345804003,0.000308290911327626,1,FALSE,1
"pairKO:TNFSF8-TNFRSF8","bottom","pair","TNFSF8-TNFRSF8",1,"NR1D1",0.00331316381335984,0.00206190081990676,1,FALSE,1
"pairKO:TNFSF8-TNFRSF8","bottom","pair","TNFSF8-TNFRSF8",1,"ZFY",0.00157996972681077,0.00222407122388157,1,TRUE,1
"pairKO:TNFSF8-TNFRSF8","bottom","pair","TNFSF8-TNFRSF8",1,"FOSB",-0.000712438893972246,0.000191170848912398,-1,FALSE,1
"pairKO:TNFSF8-TNFRSF8","bottom","pair","TNFSF8-TNFRSF8",1,"NR4A1",-0.00272808590573364,-0.0032475547382683,1,TRUE,-1
"pairKO:TNFSF8-TNFRSF8","bottom","pair","TNFSF8-TNFRSF8",1,"ATF4",-0.00746562481180637,-0.0079880925990065,1,FALSE,-1
"pairKO:TNFSF8-TNFRSF8","bottom","pair","TNFSF8-TNFRSF8",1,"NFIL3",-0.00214598095734605,0.000368016541162189,1,FALSE,-1
"pairKO:TNFSF8-TNFRSF8","bottom","pair","TNFSF8-TNFRSF8",1,"STAT3",-0.000633214657076571,-0.000195287126303223,1,FALSE,-1
"pairKO:TNFSF8-TNFRSF8","bottom","pair","TNFSF8-TNFRSF8",1,"NFE2",-0.00187703522009523,-0.000219381722091784,1,TRUE,-1
"pairKO:TNFSF8-TNFRSF8","bottom","pair","TNFSF8-TNFRSF8",1,"MXI1",-0.00065337403206627,-0.000134346519762547,1,TRUE,-1
"pairKO:TNFSF8-TNFRSF8","bottom","pair","TNFSF8-TNFRSF8",1,"HIF1A",2.13991692049618e-06,0.00132938555957482,1,FALSE,1
"pairKO:TNFSF8-TNFRSF8","bottom","pair","TNFSF8-TNFRSF8",1,"NFKB2",-0.00249291023590087,0.000291033766087026,1,FALSE,-1
"pairKO:TNFSF8-TNFRSF8","bottom","pair","TNFSF8-TNFRSF8",1,"ATF3",-0.00184015757087981,-0.00235993165995223,1,FALSE,-1
"pairKO:TNFSF8-TNFRSF8","bottom","pair","TNFSF8-TNFRSF8",1,"HES4",-0.0112700531722544,-0.00455722250876254,1,FALSE,-1
"receptorKO:EPHB2","bottom","receptor","AFDN-EPHB2",1,"ZBTB7A",-0.000233390457011649,-0.000441608996558886,-1,FALSE,1
"receptorKO:EPHB2","bottom","receptor","AFDN-EPHB2",1,"KLF6",-0.00243070475053556,-0.00488209662947633,-1,FALSE,1
"receptorKO:EPHB2","bottom","receptor","AFDN-EPHB2",1,"EGR1",-0.000138257886690165,-0.00026243480911675,-1,FALSE,1
"receptorKO:EPHB2","bottom","receptor","AFDN-EPHB2",1,"KLF4",-0.00160558521974988,-0.00312615417395561,-1,FALSE,1
"receptorKO:EPHB2","bottom","receptor","AFDN-EPHB2",1,"MEF2C",-8.43228635514888e-05,-3.40277085004313e-05,-1,TRUE,1
"receptorKO:EPHB2","bottom","receptor","AFDN-EPHB2",1,"NR4A2",-0.000370550909147912,-0.00050113655533624,1,TRUE,-1
"receptorKO:EPHB2","bottom","receptor","AFDN-EPHB2",1,"E2F5",0.000529741832012332,0.000808159843148951,1,TRUE,1
"receptorKO:EPHB2","bottom","receptor","AFDN-EPHB2",1,"FOXL2",0.000108780846434997,-2.07907952511814e-05,NA,FALSE,NA
"receptorKO:EPHB2","bottom","receptor","AFDN-EPHB2",1,"EGR3",0.00103600233270027,0.00111803902513962,-1,TRUE,-1
"receptorKO:EPHB2","bottom","receptor","AFDN-EPHB2",1,"BHLHE40",0.000231569508707435,0.000335426692088777,-1,FALSE,-1
"receptorKO:EPHB2","bottom","receptor","AFDN-EPHB2",1,"RUNX3",-2.40274213907321e-05,-0.000176724133184122,-1,FALSE,1
"receptorKO:EPHB2","bottom","receptor","AFDN-EPHB2",1,"RAD21",-0.000380230516254508,-0.000738234658722043,1,TRUE,-1
"receptorKO:EPHB2","bottom","receptor","AFDN-EPHB2",1,"BCL11A",-0.00130594739687498,-0.00247071891832356,1,FALSE,-1
"receptorKO:EPHB2","bottom","receptor","AFDN-EPHB2",1,"GTF2I",0.000421683498799049,0.000540357687213183,1,TRUE,1
"receptorKO:EPHB2","bottom","receptor","AFDN-EPHB2",1,"CREB1",0.000205025223901193,0.000121514601280057,1,TRUE,1
"receptorKO:EPHB2","bottom","receptor","AFDN-EPHB2",1,"ELF2",-0.00161792516716504,-0.00345979972600607,-1,FALSE,1
"receptorKO:EPHB2","bottom","receptor","AFDN-EPHB2",1,"MAFB",-0.000795036230486034,-0.00156301372627018,-1,TRUE,1
"receptorKO:EPHB2","bottom","receptor","AFDN-EPHB2",1,"KLF2",-0.00312793518175549,-0.00570419344568085,-1,FALSE,1
"receptorKO:EPHB2","bottom","receptor","AFDN-EPHB2",1,"ATF5",-0.000468596437993091,-0.000845863691925174,1,FALSE,-1
"receptorKO:EPHB2","bottom","receptor","AFDN-EPHB2",1,"IRF8",-0.000858862110443024,-0.00172767717060578,1,FALSE,-1
"receptorKO:EPHB2","bottom","receptor","AFDN-EPHB2",1,"BDP1",-0.000101741829644994,-0.000227643566845599,1,TRUE,-1
"receptorKO:EPHB2","bottom","receptor","AFDN-EPHB2",1,"CREB5",-0.000582107717752682,-0.00111644347232212,1,FALSE,-1
"receptorKO:EPHB2","bottom","receptor","AFDN-EPHB2",1,"CEBPD",-0.000749797115341767,-0.0014836752933109,1,FALSE,-1
"receptorKO:EPHB2","bottom","receptor","AFDN-EPHB2",1,"HIVEP1",0.000998416792151469,0.00202338999482284,-1,TRUE,-1
"receptorKO:EPHB2","bottom","receptor","AFDN-EPHB2",1,"ETV7",0.000777248730954625,0.00159772134389069,-1,TRUE,-1
"receptorKO:EPHB2","bottom","receptor","AFDN-EPHB2",1,"POU4F1",-0.00153800016698714,-0.00260293284377611,-1,TRUE,1
"receptorKO:EPHB2","bottom","receptor","AFDN-EPHB2",1,"ID1",-0.00160821004998142,-0.00295455741123468,1,FALSE,-1
"receptorKO:EPHB2","bottom","receptor","AFDN-EPHB2",1,"HOXB2",-0.000643399810521538,-0.00123105779657627,1,TRUE,-1
"receptorKO:EPHB2","bottom","receptor","AFDN-EPHB2",1,"SPI1",-0.00156304136709146,-0.00302517895179574,-1,TRUE,1
"receptorKO:EPHB2","bottom","receptor","AFDN-EPHB2",1,"BCLAF1",-0.00289512478021569,-0.00576051919490471,-1,FALSE,1
"receptorKO:EPHB2","bottom","receptor","AFDN-EPHB2",1,"STAT1",-0.00113905404846126,-0.00224653736522126,1,FALSE,-1
"receptorKO:EPHB2","bottom","receptor","AFDN-EPHB2",1,"TCF7L2",-0.00152251905393515,-0.002807056646701,-1,FALSE,1
"receptorKO:EPHB2","bottom","receptor","AFDN-EPHB2",1,"BRCA1",-0.000263845829844998,-0.000383882586105342,1,TRUE,-1
"receptorKO:EPHB2","bottom","receptor","AFDN-EPHB2",1,"CEBPB",-3.12684197152263e-05,3.09598828492977e-05,1,FALSE,-1
"receptorKO:EPHB2","bottom","receptor","AFDN-EPHB2",1,"RORA",-0.000314161358927873,-0.000565923267767675,-1,FALSE,1
"receptorKO:EPHB2","bottom","receptor","AFDN-EPHB2",1,"ZBTB14",0.000188689713241254,0.000375617585153979,-1,TRUE,-1
"receptorKO:EPHB2","bottom","receptor","AFDN-EPHB2",1,"EGR2",-0.000357144911177012,-0.000715894692401585,-1,TRUE,1
"receptorKO:EPHB2","bottom","receptor","AFDN-EPHB2",1,"IRF9",-0.00106294788451176,-0.00180839486377062,1,TRUE,-1
"receptorKO:EPHB2","bottom","receptor","AFDN-EPHB2",1,"FOXC1",-0.000671366391524285,-0.00108917651244511,1,TRUE,-1
"receptorKO:EPHB2","bottom","receptor","AFDN-EPHB2",1,"FOXP1",-0.000947024378946278,-0.00189303810841583,-1,TRUE,1
"receptorKO:EPHB2","bottom","receptor","AFDN-EPHB2",1,"ESR1",-0.000831051842400953,-0.00137236425285283,1,TRUE,-1
"receptorKO:EPHB2","bottom","receptor","AFDN-EPHB2",1,"AHR",-0.000200364796789769,-0.00038680145121531,1,TRUE,-1
"receptorKO:EPHB2","bottom","receptor","AFDN-EPHB2",1,"KLF10",-0.00194888580137003,-0.00367637648100037,1,TRUE,-1
"receptorKO:EPHB2","bottom","receptor","AFDN-EPHB2",1,"ZBTB7C",-0.000385462726396785,-0.000757423345614302,1,TRUE,-1
"receptorKO:EPHB2","bottom","receptor","AFDN-EPHB2",1,"FOXP3",-0.00128339118691582,-0.00218506923124087,1,TRUE,-1
"receptorKO:EPHB2","bottom","receptor","AFDN-EPHB2",1,"NFATC2",-0.002185833516512,-0.00419098557174081,1,FALSE,-1
"receptorKO:EPHB2","bottom","receptor","AFDN-EPHB2",1,"STAT2",-0.000718892565332264,-0.00142434501620311,1,FALSE,-1
"receptorKO:EPHB2","bottom","receptor","AFDN-EPHB2",1,"RARG",-0.000950807713108742,-0.00166127952466648,1,TRUE,-1
"receptorKO:EPHB2","bottom","receptor","AFDN-EPHB2",1,"XBP1",-0.00149643045142154,-0.00253168100179764,1,TRUE,-1
"receptorKO:EPHB2","bottom","receptor","AFDN-EPHB2",1,"REL",-0.000851563880069754,-0.00115183080879343,1,TRUE,-1
"receptorKO:EPHB2","bottom","receptor","AFDN-EPHB2",1,"POU2F2",-0.000479382673424949,-0.000958272360402671,-1,FALSE,1
"receptorKO:EPHB2","bottom","receptor","AFDN-EPHB2",1,"IRF1",-0.00173967806414688,-0.00332542964486728,1,TRUE,-1
"receptorKO:EPHB2","bottom","receptor","AFDN-EPHB2",1,"ETS2",-0.000676612979286424,-0.00129168016639889,1,FALSE,-1
"receptorKO:EPHB2","bottom","receptor","AFDN-EPHB2",1,"TFEC",-0.000958219994521328,-0.00181837765988147,1,TRUE,-1
"receptorKO:EPHB2","bottom","receptor","AFDN-EPHB2",1,"ITGB2",0.00122763285772156,0.00221211056578668,1,TRUE,1
"receptorKO:EPHB2","bottom","receptor","AFDN-EPHB2",1,"POU2F1",-0.00051198659181894,-0.00101336105595002,1,FALSE,-1
"receptorKO:EPHB2","bottom","receptor","AFDN-EPHB2",1,"JUN",-0.000748856549027101,-0.0013894588647378,1,TRUE,-1
"receptorKO:EPHB2","bottom","receptor","AFDN-EPHB2",1,"CUX1",-0.00080074948531774,-0.00155357656758954,-1,TRUE,1
"receptorKO:EPHB2","bottom","receptor","AFDN-EPHB2",1,"PLAG1",0.00448806256437734,0.00876395921162733,-1,TRUE,-1
"receptorKO:EPHB2","bottom","receptor","AFDN-EPHB2",1,"JUND",-0.000895565962324288,-0.00141512211472451,1,TRUE,-1
"receptorKO:EPHB2","bottom","receptor","AFDN-EPHB2",1,"FOSL2",-0.000785594658642219,-0.00131949350235889,1,FALSE,-1
"receptorKO:EPHB2","bottom","receptor","AFDN-EPHB2",1,"NR1D1",8.25069049441944e-05,0.000272282664442229,1,FALSE,1
"receptorKO:EPHB2","bottom","receptor","AFDN-EPHB2",1,"ZFY",4.21855061498852e-05,-0.000102663265958526,1,TRUE,1
"receptorKO:EPHB2","bottom","receptor","AFDN-EPHB2",1,"FOSB",-0.000783553661163183,-0.00154141689469515,-1,FALSE,1
"receptorKO:EPHB2","bottom","receptor","AFDN-EPHB2",1,"NR4A1",-4.0471839554501e-05,-8.62913052087432e-05,1,TRUE,-1
"receptorKO:EPHB2","bottom","receptor","AFDN-EPHB2",1,"ATF4",-0.00183470688876445,-0.003730062109209,1,FALSE,-1
"receptorKO:EPHB2","bottom","receptor","AFDN-EPHB2",1,"NFIL3",6.14572761563745e-05,0.000476614279806202,1,FALSE,1
"receptorKO:EPHB2","bottom","receptor","AFDN-EPHB2",1,"STAT3",-0.000254838438963156,-0.000474389601686955,1,FALSE,-1
"receptorKO:EPHB2","bottom","receptor","AFDN-EPHB2",1,"NFE2",-0.000710034463681015,-0.000903689292014358,1,TRUE,-1
"receptorKO:EPHB2","bottom","receptor","AFDN-EPHB2",1,"MXI1",-9.9814752868024e-05,-5.86914271676157e-05,1,TRUE,-1
"receptorKO:EPHB2","bottom","receptor","AFDN-EPHB2",1,"HIF1A",-1.83878702956184e-05,6.10554443973992e-05,1,FALSE,-1
"receptorKO:EPHB2","bottom","receptor","AFDN-EPHB2",1,"NFKB2",0.000504343915853706,0.000953083666826903,1,FALSE,1
"receptorKO:EPHB2","bottom","receptor","AFDN-EPHB2",1,"ATF3",-0.000625636363361838,-0.000650660497342211,1,FALSE,-1
"receptorKO:EPHB2","bottom","receptor","AFDN-EPHB2",1,"HES4",0.00149374742358604,0.00293798457174206,1,FALSE,1
"ligandKO:AFDN","bottom","ligand","AFDN-EPHB2",1,"ZBTB7A",-0.000233390457011649,-0.000441608996558886,-1,FALSE,1
"ligandKO:AFDN","bottom","ligand","AFDN-EPHB2",1,"KLF6",-0.00243070475053556,-0.00488209662947633,-1,FALSE,1
"ligandKO:AFDN","bottom","ligand","AFDN-EPHB2",1,"EGR1",-0.000138257886690165,-0.00026243480911675,-1,FALSE,1
"ligandKO:AFDN","bottom","ligand","AFDN-EPHB2",1,"KLF4",-0.00160558521974988,-0.00312615417395561,-1,FALSE,1
"ligandKO:AFDN","bottom","ligand","AFDN-EPHB2",1,"MEF2C",-8.43228635514888e-05,-3.40277085004313e-05,-1,TRUE,1
"ligandKO:AFDN","bottom","ligand","AFDN-EPHB2",1,"NR4A2",-0.000370550909147912,-0.00050113655533624,1,TRUE,-1
"ligandKO:AFDN","bottom","ligand","AFDN-EPHB2",1,"E2F5",0.000529741832012332,0.000808159843148951,1,TRUE,1
"ligandKO:AFDN","bottom","ligand","AFDN-EPHB2",1,"FOXL2",0.000108780846434997,-2.07907952511814e-05,NA,FALSE,NA
"ligandKO:AFDN","bottom","ligand","AFDN-EPHB2",1,"EGR3",0.00103600233270027,0.00111803902513962,-1,TRUE,-1
"ligandKO:AFDN","bottom","ligand","AFDN-EPHB2",1,"BHLHE40",0.000231569508707435,0.000335426692088777,-1,FALSE,-1
"ligandKO:AFDN","bottom","ligand","AFDN-EPHB2",1,"RUNX3",-2.40274213907321e-05,-0.000176724133184122,-1,FALSE,1
"ligandKO:AFDN","bottom","ligand","AFDN-EPHB2",1,"RAD21",-0.000380230516254508,-0.000738234658722043,1,TRUE,-1
"ligandKO:AFDN","bottom","ligand","AFDN-EPHB2",1,"BCL11A",-0.00130594739687498,-0.00247071891832356,1,FALSE,-1
"ligandKO:AFDN","bottom","ligand","AFDN-EPHB2",1,"GTF2I",0.000421683498799049,0.000540357687213183,1,TRUE,1
"ligandKO:AFDN","bottom","ligand","AFDN-EPHB2",1,"CREB1",0.000205025223901193,0.000121514601280057,1,TRUE,1
"ligandKO:AFDN","bottom","ligand","AFDN-EPHB2",1,"ELF2",-0.00161792516716504,-0.00345979972600607,-1,FALSE,1
"ligandKO:AFDN","bottom","ligand","AFDN-EPHB2",1,"MAFB",-0.000795036230486034,-0.00156301372627018,-1,TRUE,1
"ligandKO:AFDN","bottom","ligand","AFDN-EPHB2",1,"KLF2",-0.00312793518175549,-0.00570419344568085,-1,FALSE,1
"ligandKO:AFDN","bottom","ligand","AFDN-EPHB2",1,"ATF5",-0.000468596437993091,-0.000845863691925174,1,FALSE,-1
"ligandKO:AFDN","bottom","ligand","AFDN-EPHB2",1,"IRF8",-0.000858862110443024,-0.00172767717060578,1,FALSE,-1
"ligandKO:AFDN","bottom","ligand","AFDN-EPHB2",1,"BDP1",-0.000101741829644994,-0.000227643566845599,1,TRUE,-1
"ligandKO:AFDN","bottom","ligand","AFDN-EPHB2",1,"CREB5",-0.000582107717752682,-0.00111644347232212,1,FALSE,-1
"ligandKO:AFDN","bottom","ligand","AFDN-EPHB2",1,"CEBPD",-0.000749797115341767,-0.0014836752933109,1,FALSE,-1
"ligandKO:AFDN","bottom","ligand","AFDN-EPHB2",1,"HIVEP1",0.000998416792151469,0.00202338999482284,-1,TRUE,-1
"ligandKO:AFDN","bottom","ligand","AFDN-EPHB2",1,"ETV7",0.000777248730954625,0.00159772134389069,-1,TRUE,-1
"ligandKO:AFDN","bottom","ligand","AFDN-EPHB2",1,"POU4F1",-0.00153800016698714,-0.00260293284377611,-1,TRUE,1
"ligandKO:AFDN","bottom","ligand","AFDN-EPHB2",1,"ID1",-0.00160821004998142,-0.00295455741123468,1,FALSE,-1
"ligandKO:AFDN","bottom","ligand","AFDN-EPHB2",1,"HOXB2",-0.000643399810521538,-0.00123105779657627,1,TRUE,-1
"ligandKO:AFDN","bottom","ligand","AFDN-EPHB2",1,"SPI1",-0.00156304136709146,-0.00302517895179574,-1,TRUE,1
"ligandKO:AFDN","bottom","ligand","AFDN-EPHB2",1,"BCLAF1",-0.00289512478021569,-0.00576051919490471,-1,FALSE,1
"ligandKO:AFDN","bottom","ligand","AFDN-EPHB2",1,"STAT1",-0.00113905404846126,-0.00224653736522126,1,FALSE,-1
"ligandKO:AFDN","bottom","ligand","AFDN-EPHB2",1,"TCF7L2",-0.00152251905393515,-0.002807056646701,-1,FALSE,1
"ligandKO:AFDN","bottom","ligand","AFDN-EPHB2",1,"BRCA1",-0.000263845829844998,-0.000383882586105342,1,TRUE,-1
"ligandKO:AFDN","bottom","ligand","AFDN-EPHB2",1,"CEBPB",-3.12684197152263e-05,3.09598828492977e-05,1,FALSE,-1
"ligandKO:AFDN","bottom","ligand","AFDN-EPHB2",1,"RORA",-0.000314161358927873,-0.000565923267767675,-1,FALSE,1
"ligandKO:AFDN","bottom","ligand","AFDN-EPHB2",1,"ZBTB14",0.000188689713241254,0.000375617585153979,-1,TRUE,-1
"ligandKO:AFDN","bottom","ligand","AFDN-EPHB2",1,"EGR2",-0.000357144911177012,-0.000715894692401585,-1,TRUE,1
"ligandKO:AFDN","bottom","ligand","AFDN-EPHB2",1,"IRF9",-0.00106294788451176,-0.00180839486377062,1,TRUE,-1
"ligandKO:AFDN","bottom","ligand","AFDN-EPHB2",1,"FOXC1",-0.000671366391524285,-0.00108917651244511,1,TRUE,-1
"ligandKO:AFDN","bottom","ligand","AFDN-EPHB2",1,"FOXP1",-0.000947024378946278,-0.00189303810841583,-1,TRUE,1
"ligandKO:AFDN","bottom","ligand","AFDN-EPHB2",1,"ESR1",-0.000831051842400953,-0.00137236425285283,1,TRUE,-1
"ligandKO:AFDN","bottom","ligand","AFDN-EPHB2",1,"AHR",-0.000200364796789769,-0.00038680145121531,1,TRUE,-1
"ligandKO:AFDN","bottom","ligand","AFDN-EPHB2",1,"KLF10",-0.00194888580137003,-0.00367637648100037,1,TRUE,-1
"ligandKO:AFDN","bottom","ligand","AFDN-EPHB2",1,"ZBTB7C",-0.000385462726396785,-0.000757423345614302,1,TRUE,-1
"ligandKO:AFDN","bottom","ligand","AFDN-EPHB2",1,"FOXP3",-0.00128339118691582,-0.00218506923124087,1,TRUE,-1
"ligandKO:AFDN","bottom","ligand","AFDN-EPHB2",1,"NFATC2",-0.002185833516512,-0.00419098557174081,1,FALSE,-1
"ligandKO:AFDN","bottom","ligand","AFDN-EPHB2",1,"STAT2",-0.000718892565332264,-0.00142434501620311,1,FALSE,-1
"ligandKO:AFDN","bottom","ligand","AFDN-EPHB2",1,"RARG",-0.000950807713108742,-0.00166127952466648,1,TRUE,-1
"ligandKO:AFDN","bottom","ligand","AFDN-EPHB2",1,"XBP1",-0.00149643045142154,-0.00253168100179764,1,TRUE,-1
"ligandKO:AFDN","bottom","ligand","AFDN-EPHB2",1,"REL",-0.000851563880069754,-0.00115183080879343,1,TRUE,-1
"ligandKO:AFDN","bottom","ligand","AFDN-EPHB2",1,"POU2F2",-0.000479382673424949,-0.000958272360402671,-1,FALSE,1
"ligandKO:AFDN","bottom","ligand","AFDN-EPHB2",1,"IRF1",-0.00173967806414688,-0.00332542964486728,1,TRUE,-1
"ligandKO:AFDN","bottom","ligand","AFDN-EPHB2",1,"ETS2",-0.000676612979286424,-0.00129168016639889,1,FALSE,-1
"ligandKO:AFDN","bottom","ligand","AFDN-EPHB2",1,"TFEC",-0.000958219994521328,-0.00181837765988147,1,TRUE,-1
"ligandKO:AFDN","bottom","ligand","AFDN-EPHB2",1,"ITGB2",0.00122763285772156,0.00221211056578668,1,TRUE,1
"ligandKO:AFDN","bottom","ligand","AFDN-EPHB2",1,"POU2F1",-0.00051198659181894,-0.00101336105595002,1,FALSE,-1
"ligandKO:AFDN","bottom","ligand","AFDN-EPHB2",1,"JUN",-0.000748856549027101,-0.0013894588647378,1,TRUE,-1
"ligandKO:AFDN","bottom","ligand","AFDN-EPHB2",1,"CUX1",-0.00080074948531774,-0.00155357656758954,-1,TRUE,1
"ligandKO:AFDN","bottom","ligand","AFDN-EPHB2",1,"PLAG1",0.00448806256437734,0.00876395921162733,-1,TRUE,-1
"ligandKO:AFDN","bottom","ligand","AFDN-EPHB2",1,"JUND",-0.000895565962324288,-0.00141512211472451,1,TRUE,-1
"ligandKO:AFDN","bottom","ligand","AFDN-EPHB2",1,"FOSL2",-0.000785594658642219,-0.00131949350235889,1,FALSE,-1
"ligandKO:AFDN","bottom","ligand","AFDN-EPHB2",1,"NR1D1",8.25069049441944e-05,0.000272282664442229,1,FALSE,1
"ligandKO:AFDN","bottom","ligand","AFDN-EPHB2",1,"ZFY",4.21855061498852e-05,-0.000102663265958526,1,TRUE,1
"ligandKO:AFDN","bottom","ligand","AFDN-EPHB2",1,"FOSB",-0.000783553661163183,-0.00154141689469515,-1,FALSE,1
"ligandKO:AFDN","bottom","ligand","AFDN-EPHB2",1,"NR4A1",-4.0471839554501e-05,-8.62913052087432e-05,1,TRUE,-1
"ligandKO:AFDN","bottom","ligand","AFDN-EPHB2",1,"ATF4",-0.00183470688876445,-0.003730062109209,1,FALSE,-1
"ligandKO:AFDN","bottom","ligand","AFDN-EPHB2",1,"NFIL3",6.14572761563745e-05,0.000476614279806202,1,FALSE,1
"ligandKO:AFDN","bottom","ligand","AFDN-EPHB2",1,"STAT3",-0.000254838438963156,-0.000474389601686955,1,FALSE,-1
"ligandKO:AFDN","bottom","ligand","AFDN-EPHB2",1,"NFE2",-0.000710034463681015,-0.000903689292014358,1,TRUE,-1
"ligandKO:AFDN","bottom","ligand","AFDN-EPHB2",1,"MXI1",-9.9814752868024e-05,-5.86914271676157e-05,1,TRUE,-1
"ligandKO:AFDN","bottom","ligand","AFDN-EPHB2",1,"HIF1A",-1.83878702956184e-05,6.10554443973992e-05,1,FALSE,-1
"ligandKO:AFDN","bottom","ligand","AFDN-EPHB2",1,"NFKB2",0.000504343915853706,0.000953083666826903,1,FALSE,1
"ligandKO:AFDN","bottom","ligand","AFDN-EPHB2",1,"ATF3",-0.000625636363361838,-0.000650660497342211,1,FALSE,-1
"ligandKO:AFDN","bottom","ligand","AFDN-EPHB2",1,"HES4",0.00149374742358604,0.00293798457174206,1,FALSE,1
"pairKO:AFDN-EPHB2","bottom","pair","AFDN-EPHB2",1,"ZBTB7A",-0.000233390457011649,-0.000441608996558886,-1,FALSE,1
"pairKO:AFDN-EPHB2","bottom","pair","AFDN-EPHB2",1,"KLF6",-0.00243070475053556,-0.00488209662947633,-1,FALSE,1
"pairKO:AFDN-EPHB2","bottom","pair","AFDN-EPHB2",1,"EGR1",-0.000138257886690165,-0.00026243480911675,-1,FALSE,1
"pairKO:AFDN-EPHB2","bottom","pair","AFDN-EPHB2",1,"KLF4",-0.00160558521974988,-0.00312615417395561,-1,FALSE,1
"pairKO:AFDN-EPHB2","bottom","pair","AFDN-EPHB2",1,"MEF2C",-8.43228635514888e-05,-3.40277085004313e-05,-1,TRUE,1
"pairKO:AFDN-EPHB2","bottom","pair","AFDN-EPHB2",1,"NR4A2",-0.000370550909147912,-0.00050113655533624,1,TRUE,-1
"pairKO:AFDN-EPHB2","bottom","pair","AFDN-EPHB2",1,"E2F5",0.000529741832012332,0.000808159843148951,1,TRUE,1
"pairKO:AFDN-EPHB2","bottom","pair","AFDN-EPHB2",1,"FOXL2",0.000108780846434997,-2.07907952511814e-05,NA,FALSE,NA
"pairKO:AFDN-EPHB2","bottom","pair","AFDN-EPHB2",1,"EGR3",0.00103600233270027,0.00111803902513962,-1,TRUE,-1
"pairKO:AFDN-EPHB2","bottom","pair","AFDN-EPHB2",1,"BHLHE40",0.000231569508707435,0.000335426692088777,-1,FALSE,-1
"pairKO:AFDN-EPHB2","bottom","pair","AFDN-EPHB2",1,"RUNX3",-2.40274213907321e-05,-0.000176724133184122,-1,FALSE,1
"pairKO:AFDN-EPHB2","bottom","pair","AFDN-EPHB2",1,"RAD21",-0.000380230516254508,-0.000738234658722043,1,TRUE,-1
"pairKO:AFDN-EPHB2","bottom","pair","AFDN-EPHB2",1,"BCL11A",-0.00130594739687498,-0.00247071891832356,1,FALSE,-1
"pairKO:AFDN-EPHB2","bottom","pair","AFDN-EPHB2",1,"GTF2I",0.000421683498799049,0.000540357687213183,1,TRUE,1
"pairKO:AFDN-EPHB2","bottom","pair","AFDN-EPHB2",1,"CREB1",0.000205025223901193,0.000121514601280057,1,TRUE,1
"pairKO:AFDN-EPHB2","bottom","pair","AFDN-EPHB2",1,"ELF2",-0.00161792516716504,-0.00345979972600607,-1,FALSE,1
"pairKO:AFDN-EPHB2","bottom","pair","AFDN-EPHB2",1,"MAFB",-0.000795036230486034,-0.00156301372627018,-1,TRUE,1
"pairKO:AFDN-EPHB2","bottom","pair","AFDN-EPHB2",1,"KLF2",-0.00312793518175549,-0.00570419344568085,-1,FALSE,1
"pairKO:AFDN-EPHB2","bottom","pair","AFDN-EPHB2",1,"ATF5",-0.000468596437993091,-0.000845863691925174,1,FALSE,-1
"pairKO:AFDN-EPHB2","bottom","pair","AFDN-EPHB2",1,"IRF8",-0.000858862110443024,-0.00172767717060578,1,FALSE,-1
"pairKO:AFDN-EPHB2","bottom","pair","AFDN-EPHB2",1,"BDP1",-0.000101741829644994,-0.000227643566845599,1,TRUE,-1
"pairKO:AFDN-EPHB2","bottom","pair","AFDN-EPHB2",1,"CREB5",-0.000582107717752682,-0.00111644347232212,1,FALSE,-1
"pairKO:AFDN-EPHB2","bottom","pair","AFDN-EPHB2",1,"CEBPD",-0.000749797115341767,-0.0014836752933109,1,FALSE,-1
"pairKO:AFDN-EPHB2","bottom","pair","AFDN-EPHB2",1,"HIVEP1",0.000998416792151469,0.00202338999482284,-1,TRUE,-1
"pairKO:AFDN-EPHB2","bottom","pair","AFDN-EPHB2",1,"ETV7",0.000777248730954625,0.00159772134389069,-1,TRUE,-1
"pairKO:AFDN-EPHB2","bottom","pair","AFDN-EPHB2",1,"POU4F1",-0.00153800016698714,-0.00260293284377611,-1,TRUE,1
"pairKO:AFDN-EPHB2","bottom","pair","AFDN-EPHB2",1,"ID1",-0.00160821004998142,-0.00295455741123468,1,FALSE,-1
"pairKO:AFDN-EPHB2","bottom","pair","AFDN-EPHB2",1,"HOXB2",-0.000643399810521538,-0.00123105779657627,1,TRUE,-1
"pairKO:AFDN-EPHB2","bottom","pair","AFDN-EPHB2",1,"SPI1",-0.00156304136709146,-0.00302517895179574,-1,TRUE,1
"pairKO:AFDN-EPHB2","bottom","pair","AFDN-EPHB2",1,"BCLAF1",-0.00289512478021569,-0.00576051919490471,-1,FALSE,1
"pairKO:AFDN-EPHB2","bottom","pair","AFDN-EPHB2",1,"STAT1",-0.00113905404846126,-0.00224653736522126,1,FALSE,-1
"pairKO:AFDN-EPHB2","bottom","pair","AFDN-EPHB2",1,"TCF7L2",-0.00152251905393515,-0.002807056646701,-1,FALSE,1
"pairKO:AFDN-EPHB2","bottom","pair","AFDN-EPHB2",1,"BRCA1",-0.000263845829844998,-0.000383882586105342,1,TRUE,-1
"pairKO:AFDN-EPHB2","bottom","pair","AFDN-EPHB2",1,"CEBPB",-3.12684197152263e-05,3.09598828492977e-05,1,FALSE,-1
"pairKO:AFDN-EPHB2","bottom","pair","AFDN-EPHB2",1,"RORA",-0.000314161358927873,-0.000565923267767675,-1,FALSE,1
"pairKO:AFDN-EPHB2","bottom","pair","AFDN-EPHB2",1,"ZBTB14",0.000188689713241254,0.000375617585153979,-1,TRUE,-1
"pairKO:AFDN-EPHB2","bottom","pair","AFDN-EPHB2",1,"EGR2",-0.000357144911177012,-0.000715894692401585,-1,TRUE,1
"pairKO:AFDN-EPHB2","bottom","pair","AFDN-EPHB2",1,"IRF9",-0.00106294788451176,-0.00180839486377062,1,TRUE,-1
"pairKO:AFDN-EPHB2","bottom","pair","AFDN-EPHB2",1,"FOXC1",-0.000671366391524285,-0.00108917651244511,1,TRUE,-1
"pairKO:AFDN-EPHB2","bottom","pair","AFDN-EPHB2",1,"FOXP1",-0.000947024378946278,-0.00189303810841583,-1,TRUE,1
"pairKO:AFDN-EPHB2","bottom","pair","AFDN-EPHB2",1,"ESR1",-0.000831051842400953,-0.00137236425285283,1,TRUE,-1
"pairKO:AFDN-EPHB2","bottom","pair","AFDN-EPHB2",1,"AHR",-0.000200364796789769,-0.00038680145121531,1,TRUE,-1
"pairKO:AFDN-EPHB2","bottom","pair","AFDN-EPHB2",1,"KLF10",-0.00194888580137003,-0.00367637648100037,1,TRUE,-1
"pairKO:AFDN-EPHB2","bottom","pair","AFDN-EPHB2",1,"ZBTB7C",-0.000385462726396785,-0.000757423345614302,1,TRUE,-1
"pairKO:AFDN-EPHB2","bottom","pair","AFDN-EPHB2",1,"FOXP3",-0.00128339118691582,-0.00218506923124087,1,TRUE,-1
"pairKO:AFDN-EPHB2","bottom","pair","AFDN-EPHB2",1,"NFATC2",-0.002185833516512,-0.00419098557174081,1,FALSE,-1
"pairKO:AFDN-EPHB2","bottom","pair","AFDN-EPHB2",1,"STAT2",-0.000718892565332264,-0.00142434501620311,1,FALSE,-1
"pairKO:AFDN-EPHB2","bottom","pair","AFDN-EPHB2",1,"RARG",-0.000950807713108742,-0.00166127952466648,1,TRUE,-1
"pairKO:AFDN-EPHB2","bottom","pair","AFDN-EPHB2",1,"XBP1",-0.00149643045142154,-0.00253168100179764,1,TRUE,-1
"pairKO:AFDN-EPHB2","bottom","pair","AFDN-EPHB2",1,"REL",-0.000851563880069754,-0.00115183080879343,1,TRUE,-1
"pairKO:AFDN-EPHB2","bottom","pair","AFDN-EPHB2",1,"POU2F2",-0.000479382673424949,-0.000958272360402671,-1,FALSE,1
"pairKO:AFDN-EPHB2","bottom","pair","AFDN-EPHB2",1,"IRF1",-0.00173967806414688,-0.00332542964486728,1,TRUE,-1
"pairKO:AFDN-EPHB2","bottom","pair","AFDN-EPHB2",1,"ETS2",-0.000676612979286424,-0.00129168016639889,1,FALSE,-1
"pairKO:AFDN-EPHB2","bottom","pair","AFDN-EPHB2",1,"TFEC",-0.000958219994521328,-0.00181837765988147,1,TRUE,-1
"pairKO:AFDN-EPHB2","bottom","pair","AFDN-EPHB2",1,"ITGB2",0.00122763285772156,0.00221211056578668,1,TRUE,1
"pairKO:AFDN-EPHB2","bottom","pair","AFDN-EPHB2",1,"POU2F1",-0.00051198659181894,-0.00101336105595002,1,FALSE,-1
"pairKO:AFDN-EPHB2","bottom","pair","AFDN-EPHB2",1,"JUN",-0.000748856549027101,-0.0013894588647378,1,TRUE,-1
"pairKO:AFDN-EPHB2","bottom","pair","AFDN-EPHB2",1,"CUX1",-0.00080074948531774,-0.00155357656758954,-1,TRUE,1
"pairKO:AFDN-EPHB2","bottom","pair","AFDN-EPHB2",1,"PLAG1",0.00448806256437734,0.00876395921162733,-1,TRUE,-1
"pairKO:AFDN-EPHB2","bottom","pair","AFDN-EPHB2",1,"JUND",-0.000895565962324288,-0.00141512211472451,1,TRUE,-1
"pairKO:AFDN-EPHB2","bottom","pair","AFDN-EPHB2",1,"FOSL2",-0.000785594658642219,-0.00131949350235889,1,FALSE,-1
"pairKO:AFDN-EPHB2","bottom","pair","AFDN-EPHB2",1,"NR1D1",8.25069049441944e-05,0.000272282664442229,1,FALSE,1
"pairKO:AFDN-EPHB2","bottom","pair","AFDN-EPHB2",1,"ZFY",4.21855061498852e-05,-0.000102663265958526,1,TRUE,1
"pairKO:AFDN-EPHB2","bottom","pair","AFDN-EPHB2",1,"FOSB",-0.000783553661163183,-0.00154141689469515,-1,FALSE,1
"pairKO:AFDN-EPHB2","bottom","pair","AFDN-EPHB2",1,"NR4A1",-4.0471839554501e-05,-8.62913052087432e-05,1,TRUE,-1
"pairKO:AFDN-EPHB2","bottom","pair","AFDN-EPHB2",1,"ATF4",-0.00183470688876445,-0.003730062109209,1,FALSE,-1
"pairKO:AFDN-EPHB2","bottom","pair","AFDN-EPHB2",1,"NFIL3",6.14572761563745e-05,0.000476614279806202,1,FALSE,1
"pairKO:AFDN-EPHB2","bottom","pair","AFDN-EPHB2",1,"STAT3",-0.000254838438963156,-0.000474389601686955,1,FALSE,-1
"pairKO:AFDN-EPHB2","bottom","pair","AFDN-EPHB2",1,"NFE2",-0.000710034463681015,-0.000903689292014358,1,TRUE,-1
"pairKO:AFDN-EPHB2","bottom","pair","AFDN-EPHB2",1,"MXI1",-9.9814752868024e-05,-5.86914271676157e-05,1,TRUE,-1
"pairKO:AFDN-EPHB2","bottom","pair","AFDN-EPHB2",1,"HIF1A",-1.83878702956184e-05,6.10554443973992e-05,1,FALSE,-1
"pairKO:AFDN-EPHB2","bottom","pair","AFDN-EPHB2",1,"NFKB2",0.000504343915853706,0.000953083666826903,1,FALSE,1
"pairKO:AFDN-EPHB2","bottom","pair","AFDN-EPHB2",1,"ATF3",-0.000625636363361838,-0.000650660497342211,1,FALSE,-1
"pairKO:AFDN-EPHB2","bottom","pair","AFDN-EPHB2",1,"HES4",0.00149374742358604,0.00293798457174206,1,FALSE,1
"receptorKO:SIGLEC5","bottom","receptor","SELPLG-SIGLEC5",1,"ZBTB7A",0.000382459645852444,3.1009855667023e-05,-1,FALSE,-1
"receptorKO:SIGLEC5","bottom","receptor","SELPLG-SIGLEC5",1,"KLF6",0.000859201177690434,1.04200522504013e-05,-1,FALSE,-1
"receptorKO:SIGLEC5","bottom","receptor","SELPLG-SIGLEC5",1,"EGR1",0.000750680038356689,6.22781066267191e-06,-1,FALSE,-1
"receptorKO:SIGLEC5","bottom","receptor","SELPLG-SIGLEC5",1,"KLF4",-4.48476108658144e-05,1.78650473160044e-05,-1,FALSE,1
"receptorKO:SIGLEC5","bottom","receptor","SELPLG-SIGLEC5",1,"MEF2C",0.000447637477987767,2.00786745767065e-05,-1,TRUE,-1
"receptorKO:SIGLEC5","bottom","receptor","SELPLG-SIGLEC5",1,"NR4A2",0.000191561408564275,0,1,TRUE,1
"receptorKO:SIGLEC5","bottom","receptor","SELPLG-SIGLEC5",1,"E2F5",0.00131400227061335,0.000184771723190857,1,TRUE,1
"receptorKO:SIGLEC5","bottom","receptor","SELPLG-SIGLEC5",1,"FOXL2",1.25537663952093e-05,2.56598937751166e-05,NA,FALSE,NA
"receptorKO:SIGLEC5","bottom","receptor","SELPLG-SIGLEC5",1,"EGR3",0.000833139094574028,-1.86050816010033e-05,-1,TRUE,-1
"receptorKO:SIGLEC5","bottom","receptor","SELPLG-SIGLEC5",1,"BHLHE40",0.00160877818053742,4.13236387331248e-05,-1,FALSE,-1
"receptorKO:SIGLEC5","bottom","receptor","SELPLG-SIGLEC5",1,"RUNX3",0.00180805487795178,-4.36385825944721e-05,-1,FALSE,-1
"receptorKO:SIGLEC5","bottom","receptor","SELPLG-SIGLEC5",1,"RAD21",7.1455562777059e-05,-6.38473119214401e-05,1,TRUE,1
"receptorKO:SIGLEC5","bottom","receptor","SELPLG-SIGLEC5",1,"BCL11A",-0.000207708705282741,1.23320831597144e-05,1,FALSE,-1
"receptorKO:SIGLEC5","bottom","receptor","SELPLG-SIGLEC5",1,"GTF2I",0.000611985246441619,0.000146401857125016,1,TRUE,1
"receptorKO:SIGLEC5","bottom","receptor","SELPLG-SIGLEC5",1,"CREB1",0.000823204280652843,0.000112269580118591,1,TRUE,1
"receptorKO:SIGLEC5","bottom","receptor","SELPLG-SIGLEC5",1,"ELF2",0.000740588859359237,-8.5131697939536e-05,-1,FALSE,-1
"receptorKO:SIGLEC5","bottom","receptor","SELPLG-SIGLEC5",1,"MAFB",-1.18674065153542e-05,2.26334108068942e-05,-1,TRUE,1
"receptorKO:SIGLEC5","bottom","receptor","SELPLG-SIGLEC5",1,"KLF2",-0.00085796858587548,-2.9471009496092e-05,-1,FALSE,1
"receptorKO:SIGLEC5","bottom","receptor","SELPLG-SIGLEC5",1,"ATF5",0.000169135686539903,3.59234007973638e-06,1,FALSE,1
"receptorKO:SIGLEC5","bottom","receptor","SELPLG-SIGLEC5",1,"IRF8",-0.000175829517465496,-9.77296473598395e-06,1,FALSE,-1
"receptorKO:SIGLEC5","bottom","receptor","SELPLG-SIGLEC5",1,"BDP1",0.000413053850151211,4.25951581879009e-05,1,TRUE,1
"receptorKO:SIGLEC5","bottom","receptor","SELPLG-SIGLEC5",1,"CREB5",-4.07156353250787e-05,-2.12568904784279e-05,1,FALSE,-1
"receptorKO:SIGLEC5","bottom","receptor","SELPLG-SIGLEC5",1,"CEBPD",1.54399162904406e-05,-0.000116423460774782,1,FALSE,1
"receptorKO:SIGLEC5","bottom","receptor","SELPLG-SIGLEC5",1,"HIVEP1",-0.000154058863677912,-0.000196082470805575,-1,TRUE,1
"receptorKO:SIGLEC5","bottom","receptor","SELPLG-SIGLEC5",1,"ETV7",0.000390138927099297,1.41946105980702e-05,-1,TRUE,-1
"receptorKO:SIGLEC5","bottom","receptor","SELPLG-SIGLEC5",1,"POU4F1",9.04995609537851e-05,-1.76568219325594e-05,-1,TRUE,-1
"receptorKO:SIGLEC5","bottom","receptor","SELPLG-SIGLEC5",1,"ID1",-3.39894998403799e-05,0.000121617349488972,1,FALSE,-1
"receptorKO:SIGLEC5","bottom","receptor","SELPLG-SIGLEC5",1,"HOXB2",1.78821952968706e-05,6.62085668908742e-05,1,TRUE,1
"receptorKO:SIGLEC5","bottom","receptor","SELPLG-SIGLEC5",1,"SPI1",3.29663879124104e-05,-6.14110488516812e-06,-1,TRUE,-1
"receptorKO:SIGLEC5","bottom","receptor","SELPLG-SIGLEC5",1,"BCLAF1",0.000139734294854449,1.1825684991835e-05,-1,FALSE,-1
"receptorKO:SIGLEC5","bottom","receptor","SELPLG-SIGLEC5",1,"STAT1",-0.000128439884919147,2.40319165300913e-05,1,FALSE,-1
"receptorKO:SIGLEC5","bottom","receptor","SELPLG-SIGLEC5",1,"TCF7L2",-0.000954499708474614,-3.90867721711425e-05,-1,FALSE,1
"receptorKO:SIGLEC5","bottom","receptor","SELPLG-SIGLEC5",1,"BRCA1",0.000578033676627341,-2.11399430114424e-05,1,TRUE,1
"receptorKO:SIGLEC5","bottom","receptor","SELPLG-SIGLEC5",1,"CEBPB",1.54847008365824e-05,-0.000131055257573893,1,FALSE,1
"receptorKO:SIGLEC5","bottom","receptor","SELPLG-SIGLEC5",1,"RORA",0.000395041318443138,-3.79859635625275e-05,-1,FALSE,-1
"receptorKO:SIGLEC5","bottom","receptor","SELPLG-SIGLEC5",1,"ZBTB14",0.00160131277689649,2.22542656634933e-05,-1,TRUE,-1
"receptorKO:SIGLEC5","bottom","receptor","SELPLG-SIGLEC5",1,"EGR2",0.000360552085993687,1.68828447098242e-05,-1,TRUE,-1
"receptorKO:SIGLEC5","bottom","receptor","SELPLG-SIGLEC5",1,"IRF9",-0.000412195761714891,2.30232600982897e-07,1,TRUE,-1
"receptorKO:SIGLEC5","bottom","receptor","SELPLG-SIGLEC5",1,"FOXC1",-0.000490269196671333,-6.28948997877697e-06,1,TRUE,-1
"receptorKO:SIGLEC5","bottom","receptor","SELPLG-SIGLEC5",1,"FOXP1",-3.08163433431395e-05,0.000101415747532988,-1,TRUE,1
"receptorKO:SIGLEC5","bottom","receptor","SELPLG-SIGLEC5",1,"ESR1",-0.000619355964514722,9.69664405116139e-06,1,TRUE,-1
"receptorKO:SIGLEC5","bottom","receptor","SELPLG-SIGLEC5",1,"AHR",-0.000112656057775587,-1.75162920104198e-05,1,TRUE,-1
"receptorKO:SIGLEC5","bottom","receptor","SELPLG-SIGLEC5",1,"KLF10",-0.000496258538433504,7.93070058000331e-05,1,TRUE,-1
"receptorKO:SIGLEC5","bottom","receptor","SELPLG-SIGLEC5",1,"ZBTB7C",-6.54460427212351e-05,-1.92077062110708e-05,1,TRUE,-1
"receptorKO:SIGLEC5","bottom","receptor","SELPLG-SIGLEC5",1,"FOXP3",-0.000366543359646904,7.30613011160877e-06,1,TRUE,-1
"receptorKO:SIGLEC5","bottom","receptor","SELPLG-SIGLEC5",1,"NFATC2",-0.000718855061006967,-1.85328302545475e-05,1,FALSE,-1
"receptorKO:SIGLEC5","bottom","receptor","SELPLG-SIGLEC5",1,"STAT2",-0.000874951808757616,-3.39144985830616e-05,1,FALSE,-1
"receptorKO:SIGLEC5","bottom","receptor","SELPLG-SIGLEC5",1,"RARG",-0.000175887994232103,-2.64403762332804e-06,1,TRUE,-1
"receptorKO:SIGLEC5","bottom","receptor","SELPLG-SIGLEC5",1,"XBP1",7.47696925212042e-05,-1.5317037510689e-05,1,TRUE,1
"receptorKO:SIGLEC5","bottom","receptor","SELPLG-SIGLEC5",1,"REL",-0.00124768458056571,-0.000350281346281418,1,TRUE,-1
"receptorKO:SIGLEC5","bottom","receptor","SELPLG-SIGLEC5",1,"POU2F2",0.000315598087240595,4.11411810048776e-05,-1,FALSE,-1
"receptorKO:SIGLEC5","bottom","receptor","SELPLG-SIGLEC5",1,"IRF1",-0.000235312654249557,-1.58197764523221e-05,1,TRUE,-1
"receptorKO:SIGLEC5","bottom","receptor","SELPLG-SIGLEC5",1,"ETS2",-0.00089634836270634,-3.62648270303851e-05,1,FALSE,-1
"receptorKO:SIGLEC5","bottom","receptor","SELPLG-SIGLEC5",1,"TFEC",-0.000606353939598901,1.03220450788133e-05,1,TRUE,-1
"receptorKO:SIGLEC5","bottom","receptor","SELPLG-SIGLEC5",1,"ITGB2",-0.000577602387128967,-1.53441253291081e-05,1,TRUE,-1
"receptorKO:SIGLEC5","bottom","receptor","SELPLG-SIGLEC5",1,"POU2F1",-0.000227604552752449,4.60264678285385e-05,1,FALSE,-1
"receptorKO:SIGLEC5","bottom","receptor","SELPLG-SIGLEC5",1,"JUN",-0.00042877844752329,-5.88702539514245e-05,1,TRUE,-1
"receptorKO:SIGLEC5","bottom","receptor","SELPLG-SIGLEC5",1,"CUX1",-0.000675562274422812,-3.62684051026809e-05,-1,TRUE,1
"receptorKO:SIGLEC5","bottom","receptor","SELPLG-SIGLEC5",1,"PLAG1",0.00135969562431146,0.000148605013501844,-1,TRUE,-1
"receptorKO:SIGLEC5","bottom","receptor","SELPLG-SIGLEC5",1,"JUND",-0.00248386499484028,-0.00014561754034805,1,TRUE,-1
"receptorKO:SIGLEC5","bottom","receptor","SELPLG-SIGLEC5",1,"FOSL2",-0.000459431829122186,-0.000384715149965325,1,FALSE,-1
"receptorKO:SIGLEC5","bottom","receptor","SELPLG-SIGLEC5",1,"NR1D1",-0.000608867017374377,-0.000123115327537561,1,FALSE,-1
"receptorKO:SIGLEC5","bottom","receptor","SELPLG-SIGLEC5",1,"ZFY",-3.31336775472581e-05,-1.70394177966822e-05,1,TRUE,-1
"receptorKO:SIGLEC5","bottom","receptor","SELPLG-SIGLEC5",1,"FOSB",-0.000832107799702304,-0.00019959653906959,-1,FALSE,1
"receptorKO:SIGLEC5","bottom","receptor","SELPLG-SIGLEC5",1,"NR4A1",-0.000273785794441276,-0.000212354108470522,1,TRUE,-1
"receptorKO:SIGLEC5","bottom","receptor","SELPLG-SIGLEC5",1,"ATF4",-0.000350763657496492,-0.000144075458908044,1,FALSE,-1
"receptorKO:SIGLEC5","bottom","receptor","SELPLG-SIGLEC5",1,"NFIL3",-0.00173796498496797,-2.60909734922909e-05,1,FALSE,-1
"receptorKO:SIGLEC5","bottom","receptor","SELPLG-SIGLEC5",1,"STAT3",-0.000473222674819488,-8.50206847143222e-05,1,FALSE,-1
"receptorKO:SIGLEC5","bottom","receptor","SELPLG-SIGLEC5",1,"NFE2",-0.00054487401895714,-3.02661012496585e-05,1,TRUE,-1
"receptorKO:SIGLEC5","bottom","receptor","SELPLG-SIGLEC5",1,"MXI1",-0.000542515462233088,3.8426524932538e-05,1,TRUE,-1
"receptorKO:SIGLEC5","bottom","receptor","SELPLG-SIGLEC5",1,"HIF1A",-0.00106244555128936,-6.48119311146975e-06,1,FALSE,-1
"receptorKO:SIGLEC5","bottom","receptor","SELPLG-SIGLEC5",1,"NFKB2",-0.000222811816360718,-0.000166927660371874,1,FALSE,-1
"receptorKO:SIGLEC5","bottom","receptor","SELPLG-SIGLEC5",1,"ATF3",-0.00130478705715817,-0.000120114390813116,1,FALSE,-1
"receptorKO:SIGLEC5","bottom","receptor","SELPLG-SIGLEC5",1,"HES4",-0.00103230944261588,-2.81790876966271e-05,1,FALSE,-1
"ligandKO:SELPLG","bottom","ligand","SELPLG-SIGLEC5",1,"ZBTB7A",0.000382459645852444,3.1009855667023e-05,-1,FALSE,-1
"ligandKO:SELPLG","bottom","ligand","SELPLG-SIGLEC5",1,"KLF6",0.000859201177690434,1.04200522504013e-05,-1,FALSE,-1
"ligandKO:SELPLG","bottom","ligand","SELPLG-SIGLEC5",1,"EGR1",0.000750680038356689,6.22781066267191e-06,-1,FALSE,-1
"ligandKO:SELPLG","bottom","ligand","SELPLG-SIGLEC5",1,"KLF4",-4.48476108658144e-05,1.78650473160044e-05,-1,FALSE,1
"ligandKO:SELPLG","bottom","ligand","SELPLG-SIGLEC5",1,"MEF2C",0.000447637477987767,2.00786745767065e-05,-1,TRUE,-1
"ligandKO:SELPLG","bottom","ligand","SELPLG-SIGLEC5",1,"NR4A2",0.000191561408564275,0,1,TRUE,1
"ligandKO:SELPLG","bottom","ligand","SELPLG-SIGLEC5",1,"E2F5",0.00131400227061335,0.000184771723190857,1,TRUE,1
"ligandKO:SELPLG","bottom","ligand","SELPLG-SIGLEC5",1,"FOXL2",1.25537663952093e-05,2.56598937751166e-05,NA,FALSE,NA
"ligandKO:SELPLG","bottom","ligand","SELPLG-SIGLEC5",1,"EGR3",0.000833139094574028,-1.86050816010033e-05,-1,TRUE,-1
"ligandKO:SELPLG","bottom","ligand","SELPLG-SIGLEC5",1,"BHLHE40",0.00160877818053742,4.13236387331248e-05,-1,FALSE,-1
"ligandKO:SELPLG","bottom","ligand","SELPLG-SIGLEC5",1,"RUNX3",0.00180805487795178,-4.36385825944721e-05,-1,FALSE,-1
"ligandKO:SELPLG","bottom","ligand","SELPLG-SIGLEC5",1,"RAD21",7.1455562777059e-05,-6.38473119214401e-05,1,TRUE,1
"ligandKO:SELPLG","bottom","ligand","SELPLG-SIGLEC5",1,"BCL11A",-0.000207708705282741,1.23320831597144e-05,1,FALSE,-1
"ligandKO:SELPLG","bottom","ligand","SELPLG-SIGLEC5",1,"GTF2I",0.000611985246441619,0.000146401857125016,1,TRUE,1
"ligandKO:SELPLG","bottom","ligand","SELPLG-SIGLEC5",1,"CREB1",0.000823204280652843,0.000112269580118591,1,TRUE,1
"ligandKO:SELPLG","bottom","ligand","SELPLG-SIGLEC5",1,"ELF2",0.000740588859359237,-8.5131697939536e-05,-1,FALSE,-1
"ligandKO:SELPLG","bottom","ligand","SELPLG-SIGLEC5",1,"MAFB",-1.18674065153542e-05,2.26334108068942e-05,-1,TRUE,1
"ligandKO:SELPLG","bottom","ligand","SELPLG-SIGLEC5",1,"KLF2",-0.00085796858587548,-2.9471009496092e-05,-1,FALSE,1
"ligandKO:SELPLG","bottom","ligand","SELPLG-SIGLEC5",1,"ATF5",0.000169135686539903,3.59234007973638e-06,1,FALSE,1
"ligandKO:SELPLG","bottom","ligand","SELPLG-SIGLEC5",1,"IRF8",-0.000175829517465496,-9.77296473598395e-06,1,FALSE,-1
"ligandKO:SELPLG","bottom","ligand","SELPLG-SIGLEC5",1,"BDP1",0.000413053850151211,4.25951581879009e-05,1,TRUE,1
"ligandKO:SELPLG","bottom","ligand","SELPLG-SIGLEC5",1,"CREB5",-4.07156353250787e-05,-2.12568904784279e-05,1,FALSE,-1
"ligandKO:SELPLG","bottom","ligand","SELPLG-SIGLEC5",1,"CEBPD",1.54399162904406e-05,-0.000116423460774782,1,FALSE,1
"ligandKO:SELPLG","bottom","ligand","SELPLG-SIGLEC5",1,"HIVEP1",-0.000154058863677912,-0.000196082470805575,-1,TRUE,1
"ligandKO:SELPLG","bottom","ligand","SELPLG-SIGLEC5",1,"ETV7",0.000390138927099297,1.41946105980702e-05,-1,TRUE,-1
"ligandKO:SELPLG","bottom","ligand","SELPLG-SIGLEC5",1,"POU4F1",9.04995609537851e-05,-1.76568219325594e-05,-1,TRUE,-1
"ligandKO:SELPLG","bottom","ligand","SELPLG-SIGLEC5",1,"ID1",-3.39894998403799e-05,0.000121617349488972,1,FALSE,-1
"ligandKO:SELPLG","bottom","ligand","SELPLG-SIGLEC5",1,"HOXB2",1.78821952968706e-05,6.62085668908742e-05,1,TRUE,1
"ligandKO:SELPLG","bottom","ligand","SELPLG-SIGLEC5",1,"SPI1",3.29663879124104e-05,-6.14110488516812e-06,-1,TRUE,-1
"ligandKO:SELPLG","bottom","ligand","SELPLG-SIGLEC5",1,"BCLAF1",0.000139734294854449,1.1825684991835e-05,-1,FALSE,-1
"ligandKO:SELPLG","bottom","ligand","SELPLG-SIGLEC5",1,"STAT1",-0.000128439884919147,2.40319165300913e-05,1,FALSE,-1
"ligandKO:SELPLG","bottom","ligand","SELPLG-SIGLEC5",1,"TCF7L2",-0.000954499708474614,-3.90867721711425e-05,-1,FALSE,1
"ligandKO:SELPLG","bottom","ligand","SELPLG-SIGLEC5",1,"BRCA1",0.000578033676627341,-2.11399430114424e-05,1,TRUE,1
"ligandKO:SELPLG","bottom","ligand","SELPLG-SIGLEC5",1,"CEBPB",1.54847008365824e-05,-0.000131055257573893,1,FALSE,1
"ligandKO:SELPLG","bottom","ligand","SELPLG-SIGLEC5",1,"RORA",0.000395041318443138,-3.79859635625275e-05,-1,FALSE,-1
"ligandKO:SELPLG","bottom","ligand","SELPLG-SIGLEC5",1,"ZBTB14",0.00160131277689649,2.22542656634933e-05,-1,TRUE,-1
"ligandKO:SELPLG","bottom","ligand","SELPLG-SIGLEC5",1,"EGR2",0.000360552085993687,1.68828447098242e-05,-1,TRUE,-1
"ligandKO:SELPLG","bottom","ligand","SELPLG-SIGLEC5",1,"IRF9",-0.000412195761714891,2.30232600982897e-07,1,TRUE,-1
"ligandKO:SELPLG","bottom","ligand","SELPLG-SIGLEC5",1,"FOXC1",-0.000490269196671333,-6.28948997877697e-06,1,TRUE,-1
"ligandKO:SELPLG","bottom","ligand","SELPLG-SIGLEC5",1,"FOXP1",-3.08163433431395e-05,0.000101415747532988,-1,TRUE,1
"ligandKO:SELPLG","bottom","ligand","SELPLG-SIGLEC5",1,"ESR1",-0.000619355964514722,9.69664405116139e-06,1,TRUE,-1
"ligandKO:SELPLG","bottom","ligand","SELPLG-SIGLEC5",1,"AHR",-0.000112656057775587,-1.75162920104198e-05,1,TRUE,-1
"ligandKO:SELPLG","bottom","ligand","SELPLG-SIGLEC5",1,"KLF10",-0.000496258538433504,7.93070058000331e-05,1,TRUE,-1
"ligandKO:SELPLG","bottom","ligand","SELPLG-SIGLEC5",1,"ZBTB7C",-6.54460427212351e-05,-1.92077062110708e-05,1,TRUE,-1
"ligandKO:SELPLG","bottom","ligand","SELPLG-SIGLEC5",1,"FOXP3",-0.000366543359646904,7.30613011160877e-06,1,TRUE,-1
"ligandKO:SELPLG","bottom","ligand","SELPLG-SIGLEC5",1,"NFATC2",-0.000718855061006967,-1.85328302545475e-05,1,FALSE,-1
"ligandKO:SELPLG","bottom","ligand","SELPLG-SIGLEC5",1,"STAT2",-0.000874951808757616,-3.39144985830616e-05,1,FALSE,-1
"ligandKO:SELPLG","bottom","ligand","SELPLG-SIGLEC5",1,"RARG",-0.000175887994232103,-2.64403762332804e-06,1,TRUE,-1
"ligandKO:SELPLG","bottom","ligand","SELPLG-SIGLEC5",1,"XBP1",7.47696925212042e-05,-1.5317037510689e-05,1,TRUE,1
"ligandKO:SELPLG","bottom","ligand","SELPLG-SIGLEC5",1,"REL",-0.00124768458056571,-0.000350281346281418,1,TRUE,-1
"ligandKO:SELPLG","bottom","ligand","SELPLG-SIGLEC5",1,"POU2F2",0.000315598087240595,4.11411810048776e-05,-1,FALSE,-1
"ligandKO:SELPLG","bottom","ligand","SELPLG-SIGLEC5",1,"IRF1",-0.000235312654249557,-1.58197764523221e-05,1,TRUE,-1
"ligandKO:SELPLG","bottom","ligand","SELPLG-SIGLEC5",1,"ETS2",-0.00089634836270634,-3.62648270303851e-05,1,FALSE,-1
"ligandKO:SELPLG","bottom","ligand","SELPLG-SIGLEC5",1,"TFEC",-0.000606353939598901,1.03220450788133e-05,1,TRUE,-1
"ligandKO:SELPLG","bottom","ligand","SELPLG-SIGLEC5",1,"ITGB2",-0.000577602387128967,-1.53441253291081e-05,1,TRUE,-1
"ligandKO:SELPLG","bottom","ligand","SELPLG-SIGLEC5",1,"POU2F1",-0.000227604552752449,4.60264678285385e-05,1,FALSE,-1
"ligandKO:SELPLG","bottom","ligand","SELPLG-SIGLEC5",1,"JUN",-0.00042877844752329,-5.88702539514245e-05,1,TRUE,-1
"ligandKO:SELPLG","bottom","ligand","SELPLG-SIGLEC5",1,"CUX1",-0.000675562274422812,-3.62684051026809e-05,-1,TRUE,1
"ligandKO:SELPLG","bottom","ligand","SELPLG-SIGLEC5",1,"PLAG1",0.00135969562431146,0.000148605013501844,-1,TRUE,-1
"ligandKO:SELPLG","bottom","ligand","SELPLG-SIGLEC5",1,"JUND",-0.00248386499484028,-0.00014561754034805,1,TRUE,-1
"ligandKO:SELPLG","bottom","ligand","SELPLG-SIGLEC5",1,"FOSL2",-0.000459431829122186,-0.000384715149965325,1,FALSE,-1
"ligandKO:SELPLG","bottom","ligand","SELPLG-SIGLEC5",1,"NR1D1",-0.000608867017374377,-0.000123115327537561,1,FALSE,-1
"ligandKO:SELPLG","bottom","ligand","SELPLG-SIGLEC5",1,"ZFY",-3.31336775472581e-05,-1.70394177966822e-05,1,TRUE,-1
"ligandKO:SELPLG","bottom","ligand","SELPLG-SIGLEC5",1,"FOSB",-0.000832107799702304,-0.00019959653906959,-1,FALSE,1
"ligandKO:SELPLG","bottom","ligand","SELPLG-SIGLEC5",1,"NR4A1",-0.000273785794441276,-0.000212354108470522,1,TRUE,-1
"ligandKO:SELPLG","bottom","ligand","SELPLG-SIGLEC5",1,"ATF4",-0.000350763657496492,-0.000144075458908044,1,FALSE,-1
"ligandKO:SELPLG","bottom","ligand","SELPLG-SIGLEC5",1,"NFIL3",-0.00173796498496797,-2.60909734922909e-05,1,FALSE,-1
"ligandKO:SELPLG","bottom","ligand","SELPLG-SIGLEC5",1,"STAT3",-0.000473222674819488,-8.50206847143222e-05,1,FALSE,-1
"ligandKO:SELPLG","bottom","ligand","SELPLG-SIGLEC5",1,"NFE2",-0.00054487401895714,-3.02661012496585e-05,1,TRUE,-1
"ligandKO:SELPLG","bottom","ligand","SELPLG-SIGLEC5",1,"MXI1",-0.000542515462233088,3.8426524932538e-05,1,TRUE,-1
"ligandKO:SELPLG","bottom","ligand","SELPLG-SIGLEC5",1,"HIF1A",-0.00106244555128936,-6.48119311146975e-06,1,FALSE,-1
"ligandKO:SELPLG","bottom","ligand","SELPLG-SIGLEC5",1,"NFKB2",-0.000222811816360718,-0.000166927660371874,1,FALSE,-1
"ligandKO:SELPLG","bottom","ligand","SELPLG-SIGLEC5",1,"ATF3",-0.00130478705715817,-0.000120114390813116,1,FALSE,-1
"ligandKO:SELPLG","bottom","ligand","SELPLG-SIGLEC5",1,"HES4",-0.00103230944261588,-2.81790876966271e-05,1,FALSE,-1
"pairKO:SELPLG-SIGLEC5","bottom","pair","SELPLG-SIGLEC5",1,"ZBTB7A",0.000382459645852444,3.1009855667023e-05,-1,FALSE,-1
"pairKO:SELPLG-SIGLEC5","bottom","pair","SELPLG-SIGLEC5",1,"KLF6",0.000859201177690434,1.04200522504013e-05,-1,FALSE,-1
"pairKO:SELPLG-SIGLEC5","bottom","pair","SELPLG-SIGLEC5",1,"EGR1",0.000750680038356689,6.22781066267191e-06,-1,FALSE,-1
"pairKO:SELPLG-SIGLEC5","bottom","pair","SELPLG-SIGLEC5",1,"KLF4",-4.48476108658144e-05,1.78650473160044e-05,-1,FALSE,1
"pairKO:SELPLG-SIGLEC5","bottom","pair","SELPLG-SIGLEC5",1,"MEF2C",0.000447637477987767,2.00786745767065e-05,-1,TRUE,-1
"pairKO:SELPLG-SIGLEC5","bottom","pair","SELPLG-SIGLEC5",1,"NR4A2",0.000191561408564275,0,1,TRUE,1
"pairKO:SELPLG-SIGLEC5","bottom","pair","SELPLG-SIGLEC5",1,"E2F5",0.00131400227061335,0.000184771723190857,1,TRUE,1
"pairKO:SELPLG-SIGLEC5","bottom","pair","SELPLG-SIGLEC5",1,"FOXL2",1.25537663952093e-05,2.56598937751166e-05,NA,FALSE,NA
"pairKO:SELPLG-SIGLEC5","bottom","pair","SELPLG-SIGLEC5",1,"EGR3",0.000833139094574028,-1.86050816010033e-05,-1,TRUE,-1
"pairKO:SELPLG-SIGLEC5","bottom","pair","SELPLG-SIGLEC5",1,"BHLHE40",0.00160877818053742,4.13236387331248e-05,-1,FALSE,-1
"pairKO:SELPLG-SIGLEC5","bottom","pair","SELPLG-SIGLEC5",1,"RUNX3",0.00180805487795178,-4.36385825944721e-05,-1,FALSE,-1
"pairKO:SELPLG-SIGLEC5","bottom","pair","SELPLG-SIGLEC5",1,"RAD21",7.1455562777059e-05,-6.38473119214401e-05,1,TRUE,1
"pairKO:SELPLG-SIGLEC5","bottom","pair","SELPLG-SIGLEC5",1,"BCL11A",-0.000207708705282741,1.23320831597144e-05,1,FALSE,-1
"pairKO:SELPLG-SIGLEC5","bottom","pair","SELPLG-SIGLEC5",1,"GTF2I",0.000611985246441619,0.000146401857125016,1,TRUE,1
"pairKO:SELPLG-SIGLEC5","bottom","pair","SELPLG-SIGLEC5",1,"CREB1",0.000823204280652843,0.000112269580118591,1,TRUE,1
"pairKO:SELPLG-SIGLEC5","bottom","pair","SELPLG-SIGLEC5",1,"ELF2",0.000740588859359237,-8.5131697939536e-05,-1,FALSE,-1
"pairKO:SELPLG-SIGLEC5","bottom","pair","SELPLG-SIGLEC5",1,"MAFB",-1.18674065153542e-05,2.26334108068942e-05,-1,TRUE,1
"pairKO:SELPLG-SIGLEC5","bottom","pair","SELPLG-SIGLEC5",1,"KLF2",-0.00085796858587548,-2.9471009496092e-05,-1,FALSE,1
"pairKO:SELPLG-SIGLEC5","bottom","pair","SELPLG-SIGLEC5",1,"ATF5",0.000169135686539903,3.59234007973638e-06,1,FALSE,1
"pairKO:SELPLG-SIGLEC5","bottom","pair","SELPLG-SIGLEC5",1,"IRF8",-0.000175829517465496,-9.77296473598395e-06,1,FALSE,-1
"pairKO:SELPLG-SIGLEC5","bottom","pair","SELPLG-SIGLEC5",1,"BDP1",0.000413053850151211,4.25951581879009e-05,1,TRUE,1
"pairKO:SELPLG-SIGLEC5","bottom","pair","SELPLG-SIGLEC5",1,"CREB5",-4.07156353250787e-05,-2.12568904784279e-05,1,FALSE,-1
"pairKO:SELPLG-SIGLEC5","bottom","pair","SELPLG-SIGLEC5",1,"CEBPD",1.54399162904406e-05,-0.000116423460774782,1,FALSE,1
"pairKO:SELPLG-SIGLEC5","bottom","pair","SELPLG-SIGLEC5",1,"HIVEP1",-0.000154058863677912,-0.000196082470805575,-1,TRUE,1
"pairKO:SELPLG-SIGLEC5","bottom","pair","SELPLG-SIGLEC5",1,"ETV7",0.000390138927099297,1.41946105980702e-05,-1,TRUE,-1
"pairKO:SELPLG-SIGLEC5","bottom","pair","SELPLG-SIGLEC5",1,"POU4F1",9.04995609537851e-05,-1.76568219325594e-05,-1,TRUE,-1
"pairKO:SELPLG-SIGLEC5","bottom","pair","SELPLG-SIGLEC5",1,"ID1",-3.39894998403799e-05,0.000121617349488972,1,FALSE,-1
"pairKO:SELPLG-SIGLEC5","bottom","pair","SELPLG-SIGLEC5",1,"HOXB2",1.78821952968706e-05,6.62085668908742e-05,1,TRUE,1
"pairKO:SELPLG-SIGLEC5","bottom","pair","SELPLG-SIGLEC5",1,"SPI1",3.29663879124104e-05,-6.14110488516812e-06,-1,TRUE,-1
"pairKO:SELPLG-SIGLEC5","bottom","pair","SELPLG-SIGLEC5",1,"BCLAF1",0.000139734294854449,1.1825684991835e-05,-1,FALSE,-1
"pairKO:SELPLG-SIGLEC5","bottom","pair","SELPLG-SIGLEC5",1,"STAT1",-0.000128439884919147,2.40319165300913e-05,1,FALSE,-1
"pairKO:SELPLG-SIGLEC5","bottom","pair","SELPLG-SIGLEC5",1,"TCF7L2",-0.000954499708474614,-3.90867721711425e-05,-1,FALSE,1
"pairKO:SELPLG-SIGLEC5","bottom","pair","SELPLG-SIGLEC5",1,"BRCA1",0.000578033676627341,-2.11399430114424e-05,1,TRUE,1
"pairKO:SELPLG-SIGLEC5","bottom","pair","SELPLG-SIGLEC5",1,"CEBPB",1.54847008365824e-05,-0.000131055257573893,1,FALSE,1
"pairKO:SELPLG-SIGLEC5","bottom","pair","SELPLG-SIGLEC5",1,"RORA",0.000395041318443138,-3.79859635625275e-05,-1,FALSE,-1
"pairKO:SELPLG-SIGLEC5","bottom","pair","SELPLG-SIGLEC5",1,"ZBTB14",0.00160131277689649,2.22542656634933e-05,-1,TRUE,-1
"pairKO:SELPLG-SIGLEC5","bottom","pair","SELPLG-SIGLEC5",1,"EGR2",0.000360552085993687,1.68828447098242e-05,-1,TRUE,-1
"pairKO:SELPLG-SIGLEC5","bottom","pair","SELPLG-SIGLEC5",1,"IRF9",-0.000412195761714891,2.30232600982897e-07,1,TRUE,-1
"pairKO:SELPLG-SIGLEC5","bottom","pair","SELPLG-SIGLEC5",1,"FOXC1",-0.000490269196671333,-6.28948997877697e-06,1,TRUE,-1
"pairKO:SELPLG-SIGLEC5","bottom","pair","SELPLG-SIGLEC5",1,"FOXP1",-3.08163433431395e-05,0.000101415747532988,-1,TRUE,1
"pairKO:SELPLG-SIGLEC5","bottom","pair","SELPLG-SIGLEC5",1,"ESR1",-0.000619355964514722,9.69664405116139e-06,1,TRUE,-1
"pairKO:SELPLG-SIGLEC5","bottom","pair","SELPLG-SIGLEC5",1,"AHR",-0.000112656057775587,-1.75162920104198e-05,1,TRUE,-1
"pairKO:SELPLG-SIGLEC5","bottom","pair","SELPLG-SIGLEC5",1,"KLF10",-0.000496258538433504,7.93070058000331e-05,1,TRUE,-1
"pairKO:SELPLG-SIGLEC5","bottom","pair","SELPLG-SIGLEC5",1,"ZBTB7C",-6.54460427212351e-05,-1.92077062110708e-05,1,TRUE,-1
"pairKO:SELPLG-SIGLEC5","bottom","pair","SELPLG-SIGLEC5",1,"FOXP3",-0.000366543359646904,7.30613011160877e-06,1,TRUE,-1
"pairKO:SELPLG-SIGLEC5","bottom","pair","SELPLG-SIGLEC5",1,"NFATC2",-0.000718855061006967,-1.85328302545475e-05,1,FALSE,-1
"pairKO:SELPLG-SIGLEC5","bottom","pair","SELPLG-SIGLEC5",1,"STAT2",-0.000874951808757616,-3.39144985830616e-05,1,FALSE,-1
"pairKO:SELPLG-SIGLEC5","bottom","pair","SELPLG-SIGLEC5",1,"RARG",-0.000175887994232103,-2.64403762332804e-06,1,TRUE,-1
"pairKO:SELPLG-SIGLEC5","bottom","pair","SELPLG-SIGLEC5",1,"XBP1",7.47696925212042e-05,-1.5317037510689e-05,1,TRUE,1
"pairKO:SELPLG-SIGLEC5","bottom","pair","SELPLG-SIGLEC5",1,"REL",-0.00124768458056571,-0.000350281346281418,1,TRUE,-1
"pairKO:SELPLG-SIGLEC5","bottom","pair","SELPLG-SIGLEC5",1,"POU2F2",0.000315598087240595,4.11411810048776e-05,-1,FALSE,-1
"pairKO:SELPLG-SIGLEC5","bottom","pair","SELPLG-SIGLEC5",1,"IRF1",-0.000235312654249557,-1.58197764523221e-05,1,TRUE,-1
"pairKO:SELPLG-SIGLEC5","bottom","pair","SELPLG-SIGLEC5",1,"ETS2",-0.00089634836270634,-3.62648270303851e-05,1,FALSE,-1
"pairKO:SELPLG-SIGLEC5","bottom","pair","SELPLG-SIGLEC5",1,"TFEC",-0.000606353939598901,1.03220450788133e-05,1,TRUE,-1
"pairKO:SELPLG-SIGLEC5","bottom","pair","SELPLG-SIGLEC5",1,"ITGB2",-0.000577602387128967,-1.53441253291081e-05,1,TRUE,-1
"pairKO:SELPLG-SIGLEC5","bottom","pair","SELPLG-SIGLEC5",1,"POU2F1",-0.000227604552752449,4.60264678285385e-05,1,FALSE,-1
"pairKO:SELPLG-SIGLEC5","bottom","pair","SELPLG-SIGLEC5",1,"JUN",-0.00042877844752329,-5.88702539514245e-05,1,TRUE,-1
"pairKO:SELPLG-SIGLEC5","bottom","pair","SELPLG-SIGLEC5",1,"CUX1",-0.000675562274422812,-3.62684051026809e-05,-1,TRUE,1
"pairKO:SELPLG-SIGLEC5","bottom","pair","SELPLG-SIGLEC5",1,"PLAG1",0.00135969562431146,0.000148605013501844,-1,TRUE,-1
"pairKO:SELPLG-SIGLEC5","bottom","pair","SELPLG-SIGLEC5",1,"JUND",-0.00248386499484028,-0.00014561754034805,1,TRUE,-1
"pairKO:SELPLG-SIGLEC5","bottom","pair","SELPLG-SIGLEC5",1,"FOSL2",-0.000459431829122186,-0.000384715149965325,1,FALSE,-1
"pairKO:SELPLG-SIGLEC5","bottom","pair","SELPLG-SIGLEC5",1,"NR1D1",-0.000608867017374377,-0.000123115327537561,1,FALSE,-1
"pairKO:SELPLG-SIGLEC5","bottom","pair","SELPLG-SIGLEC5",1,"ZFY",-3.31336775472581e-05,-1.70394177966822e-05,1,TRUE,-1
"pairKO:SELPLG-SIGLEC5","bottom","pair","SELPLG-SIGLEC5",1,"FOSB",-0.000832107799702304,-0.00019959653906959,-1,FALSE,1
"pairKO:SELPLG-SIGLEC5","bottom","pair","SELPLG-SIGLEC5",1,"NR4A1",-0.000273785794441276,-0.000212354108470522,1,TRUE,-1
"pairKO:SELPLG-SIGLEC5","bottom","pair","SELPLG-SIGLEC5",1,"ATF4",-0.000350763657496492,-0.000144075458908044,1,FALSE,-1
"pairKO:SELPLG-SIGLEC5","bottom","pair","SELPLG-SIGLEC5",1,"NFIL3",-0.00173796498496797,-2.60909734922909e-05,1,FALSE,-1
"pairKO:SELPLG-SIGLEC5","bottom","pair","SELPLG-SIGLEC5",1,"STAT3",-0.000473222674819488,-8.50206847143222e-05,1,FALSE,-1
"pairKO:SELPLG-SIGLEC5","bottom","pair","SELPLG-SIGLEC5",1,"NFE2",-0.00054487401895714,-3.02661012496585e-05,1,TRUE,-1
"pairKO:SELPLG-SIGLEC5","bottom","pair","SELPLG-SIGLEC5",1,"MXI1",-0.000542515462233088,3.8426524932538e-05,1,TRUE,-1
"pairKO:SELPLG-SIGLEC5","bottom","pair","SELPLG-SIGLEC5",1,"HIF1A",-0.00106244555128936,-6.48119311146975e-06,1,FALSE,-1
"pairKO:SELPLG-SIGLEC5","bottom","pair","SELPLG-SIGLEC5",1,"NFKB2",-0.000222811816360718,-0.000166927660371874,1,FALSE,-1
"pairKO:SELPLG-SIGLEC5","bottom","pair","SELPLG-SIGLEC5",1,"ATF3",-0.00130478705715817,-0.000120114390813116,1,FALSE,-1
"pairKO:SELPLG-SIGLEC5","bottom","pair","SELPLG-SIGLEC5",1,"HES4",-0.00103230944261588,-2.81790876966271e-05,1,FALSE,-1
"receptorKO:LILRA4","bottom","receptor","BST2-LILRA4",1,"ZBTB7A",8.44017549745256e-05,0.000141512361787494,-1,FALSE,-1
"receptorKO:LILRA4","bottom","receptor","BST2-LILRA4",1,"KLF6",-0.000689953212055375,-0.00144495059728704,-1,FALSE,1
"receptorKO:LILRA4","bottom","receptor","BST2-LILRA4",1,"EGR1",0.000150302087639658,-1.6712852196618e-05,-1,FALSE,-1
"receptorKO:LILRA4","bottom","receptor","BST2-LILRA4",1,"KLF4",-4.77360698860213e-05,-4.96619965402972e-05,-1,FALSE,1
"receptorKO:LILRA4","bottom","receptor","BST2-LILRA4",1,"MEF2C",3.15667026748715e-05,-0.000154491556632715,-1,TRUE,-1
"receptorKO:LILRA4","bottom","receptor","BST2-LILRA4",1,"NR4A2",0.000168048800706499,0.000274438016039886,1,TRUE,1
"receptorKO:LILRA4","bottom","receptor","BST2-LILRA4",1,"E2F5",0.000437590954936765,0.000317136139368995,1,TRUE,1
"receptorKO:LILRA4","bottom","receptor","BST2-LILRA4",1,"FOXL2",-6.24533689604318e-05,-0.000124906737920864,NA,FALSE,NA
"receptorKO:LILRA4","bottom","receptor","BST2-LILRA4",1,"EGR3",4.06309533399476e-05,6.04096332696625e-05,-1,TRUE,-1
"receptorKO:LILRA4","bottom","receptor","BST2-LILRA4",1,"BHLHE40",0.00062328064290231,0.00116738969320507,-1,FALSE,-1
"receptorKO:LILRA4","bottom","receptor","BST2-LILRA4",1,"RUNX3",0.000300858677651495,0.000567971566777895,-1,FALSE,-1
"receptorKO:LILRA4","bottom","receptor","BST2-LILRA4",1,"RAD21",-0.000454080093787742,-0.000945401145763459,1,TRUE,-1
"receptorKO:LILRA4","bottom","receptor","BST2-LILRA4",1,"BCL11A",-0.000113878820167027,-0.000173949333038227,1,FALSE,-1
"receptorKO:LILRA4","bottom","receptor","BST2-LILRA4",1,"GTF2I",0.000309413209835604,0.000560798700733973,1,TRUE,1
"receptorKO:LILRA4","bottom","receptor","BST2-LILRA4",1,"CREB1",0.000125099071964219,0.000216765934517524,1,TRUE,1
"receptorKO:LILRA4","bottom","receptor","BST2-LILRA4",1,"ELF2",-0.000135271356121966,-0.000249592838417847,-1,FALSE,1
"receptorKO:LILRA4","bottom","receptor","BST2-LILRA4",1,"MAFB",-0.000255453268578988,-0.000515423642513605,-1,TRUE,1
"receptorKO:LILRA4","bottom","receptor","BST2-LILRA4",1,"KLF2",-5.00495810198943e-05,6.48583526883999e-05,-1,FALSE,1
"receptorKO:LILRA4","bottom","receptor","BST2-LILRA4",1,"ATF5",2.82120010622132e-05,2.79256588703471e-05,1,FALSE,1
"receptorKO:LILRA4","bottom","receptor","BST2-LILRA4",1,"IRF8",-0.000151850445265142,7.69373471630765e-05,1,FALSE,-1
"receptorKO:LILRA4","bottom","receptor","BST2-LILRA4",1,"BDP1",-0.000167225996776965,-0.000412238325100638,1,TRUE,-1
"receptorKO:LILRA4","bottom","receptor","BST2-LILRA4",1,"CREB5",-2.51546775220296e-05,-0.000102253804862443,1,FALSE,-1
"receptorKO:LILRA4","bottom","receptor","BST2-LILRA4",1,"CEBPD",-0.00031350962738985,-0.000564470112150725,1,FALSE,-1
"receptorKO:LILRA4","bottom","receptor","BST2-LILRA4",1,"HIVEP1",-4.9562904324312e-05,-8.49977708612759e-05,-1,TRUE,1
"receptorKO:LILRA4","bottom","receptor","BST2-LILRA4",1,"ETV7",-2.62967530484303e-05,-5.41119563266306e-05,-1,TRUE,1
"receptorKO:LILRA4","bottom","receptor","BST2-LILRA4",1,"POU4F1",-0.000354284937757489,-0.000629501493188319,-1,TRUE,1
"receptorKO:LILRA4","bottom","receptor","BST2-LILRA4",1,"ID1",1.4595965596485e-05,8.46198343430966e-05,1,FALSE,1
"receptorKO:LILRA4","bottom","receptor","BST2-LILRA4",1,"HOXB2",-0.00140347322131466,-0.00275873938623542,1,TRUE,-1
"receptorKO:LILRA4","bottom","receptor","BST2-LILRA4",1,"SPI1",-0.000132241106483325,-0.000193063911145103,-1,TRUE,1
"receptorKO:LILRA4","bottom","receptor","BST2-LILRA4",1,"BCLAF1",-0.000735270713618016,-0.00142746178979835,-1,FALSE,1
"receptorKO:LILRA4","bottom","receptor","BST2-LILRA4",1,"STAT1",-0.000977200144320161,-0.00168851959625461,1,FALSE,-1
"receptorKO:LILRA4","bottom","receptor","BST2-LILRA4",1,"TCF7L2",-0.000450383744791081,-0.000118104575102203,-1,FALSE,1
"receptorKO:LILRA4","bottom","receptor","BST2-LILRA4",1,"BRCA1",-0.000449166299481805,-0.000881709245271487,1,TRUE,-1
"receptorKO:LILRA4","bottom","receptor","BST2-LILRA4",1,"CEBPB",-0.00114046490597393,-0.00262050600699722,1,FALSE,-1
"receptorKO:LILRA4","bottom","receptor","BST2-LILRA4",1,"RORA",-0.000507258917318263,-0.00121190683331067,-1,FALSE,1
"receptorKO:LILRA4","bottom","receptor","BST2-LILRA4",1,"ZBTB14",-0.000493021528715445,-0.00107815035652261,-1,TRUE,1
"receptorKO:LILRA4","bottom","receptor","BST2-LILRA4",1,"EGR2",-0.00168070144347722,-0.00345944101496896,-1,TRUE,1
"receptorKO:LILRA4","bottom","receptor","BST2-LILRA4",1,"IRF9",-0.000677253159841524,-0.000792616302679704,1,TRUE,-1
"receptorKO:LILRA4","bottom","receptor","BST2-LILRA4",1,"FOXC1",-5.3628117852635e-05,0.000105382385191729,1,TRUE,-1
"receptorKO:LILRA4","bottom","receptor","BST2-LILRA4",1,"FOXP1",-0.000760101602372647,-0.00137462587364336,-1,TRUE,1
"receptorKO:LILRA4","bottom","receptor","BST2-LILRA4",1,"ESR1",-0.000524000615452478,-0.00092217595216093,1,TRUE,-1
"receptorKO:LILRA4","bottom","receptor","BST2-LILRA4",1,"AHR",-0.000350661784884125,-0.000606028975370427,1,TRUE,-1
"receptorKO:LILRA4","bottom","receptor","BST2-LILRA4",1,"KLF10",-0.00107880058397618,-0.00208262978794267,1,TRUE,-1
"receptorKO:LILRA4","bottom","receptor","BST2-LILRA4",1,"ZBTB7C",-0.000783841308328309,-0.00162881040228109,1,TRUE,-1
"receptorKO:LILRA4","bottom","receptor","BST2-LILRA4",1,"FOXP3",-0.000214384134488496,-7.69344925502508e-05,1,TRUE,-1
"receptorKO:LILRA4","bottom","receptor","BST2-LILRA4",1,"NFATC2",-0.000732777255356005,-0.000918097237999487,1,FALSE,-1
"receptorKO:LILRA4","bottom","receptor","BST2-LILRA4",1,"STAT2",-0.00130385696189578,-0.00248894748174158,1,FALSE,-1
"receptorKO:LILRA4","bottom","receptor","BST2-LILRA4",1,"RARG",-0.00052377743205494,-0.000872756631245885,1,TRUE,-1
"receptorKO:LILRA4","bottom","receptor","BST2-LILRA4",1,"XBP1",3.85376300678836e-05,3.97735775298657e-05,1,TRUE,1
"receptorKO:LILRA4","bottom","receptor","BST2-LILRA4",1,"REL",-0.000584238071679209,-0.000905607039829562,1,TRUE,-1
"receptorKO:LILRA4","bottom","receptor","BST2-LILRA4",1,"POU2F2",-0.000855461714046595,-0.00148834000091767,-1,FALSE,1
"receptorKO:LILRA4","bottom","receptor","BST2-LILRA4",1,"IRF1",-0.000355865799025186,-0.000766515642449741,1,TRUE,-1
"receptorKO:LILRA4","bottom","receptor","BST2-LILRA4",1,"ETS2",-0.000750870314100626,-0.00131440887573137,1,FALSE,-1
"receptorKO:LILRA4","bottom","receptor","BST2-LILRA4",1,"TFEC",-0.000307703335730837,-0.000562593814807791,1,TRUE,-1
"receptorKO:LILRA4","bottom","receptor","BST2-LILRA4",1,"ITGB2",-0.000225110583565133,-0.000381089823141991,1,TRUE,-1
"receptorKO:LILRA4","bottom","receptor","BST2-LILRA4",1,"POU2F1",-0.000753130094012668,-0.00147117860492199,1,FALSE,-1
"receptorKO:LILRA4","bottom","receptor","BST2-LILRA4",1,"JUN",-0.000513836305033718,-0.00093039452512756,1,TRUE,-1
"receptorKO:LILRA4","bottom","receptor","BST2-LILRA4",1,"CUX1",-1.7192336524065e-05,3.07353730627748e-06,-1,TRUE,1
"receptorKO:LILRA4","bottom","receptor","BST2-LILRA4",1,"PLAG1",3.97470007233054e-05,4.85247347532092e-05,-1,TRUE,-1
"receptorKO:LILRA4","bottom","receptor","BST2-LILRA4",1,"JUND",-7.92509068134021e-05,-5.62271458787228e-05,1,TRUE,-1
"receptorKO:LILRA4","bottom","receptor","BST2-LILRA4",1,"FOSL2",-0.000316730712159498,-0.00042513607463908,1,FALSE,-1
"receptorKO:LILRA4","bottom","receptor","BST2-LILRA4",1,"NR1D1",-0.000523636583848773,-0.000461097204081515,1,FALSE,-1
"receptorKO:LILRA4","bottom","receptor","BST2-LILRA4",1,"ZFY",0.000539030050332554,0.00109941595968886,1,TRUE,1
"receptorKO:LILRA4","bottom","receptor","BST2-LILRA4",1,"FOSB",-0.00127438684414023,-0.00260332626976191,-1,FALSE,1
"receptorKO:LILRA4","bottom","receptor","BST2-LILRA4",1,"NR4A1",-0.000104111275516334,-0.000149715631733769,1,TRUE,-1
"receptorKO:LILRA4","bottom","receptor","BST2-LILRA4",1,"ATF4",0.000877421406668043,0.00169344724545579,1,FALSE,1
"receptorKO:LILRA4","bottom","receptor","BST2-LILRA4",1,"NFIL3",0.000500637445011569,0.00135470362862376,1,FALSE,1
"receptorKO:LILRA4","bottom","receptor","BST2-LILRA4",1,"STAT3",-0.00116825389648111,-0.00195903578208252,1,FALSE,-1
"receptorKO:LILRA4","bottom","receptor","BST2-LILRA4",1,"NFE2",6.62878001086448e-05,0.000494578975412952,1,TRUE,1
"receptorKO:LILRA4","bottom","receptor","BST2-LILRA4",1,"MXI1",0.000208204155881414,0.000502455995677697,1,TRUE,1
"receptorKO:LILRA4","bottom","receptor","BST2-LILRA4",1,"HIF1A",-0.000730457296318498,-0.000867161719262709,1,FALSE,-1
"receptorKO:LILRA4","bottom","receptor","BST2-LILRA4",1,"NFKB2",2.91163435128088e-05,0.000186001145567797,1,FALSE,1
"receptorKO:LILRA4","bottom","receptor","BST2-LILRA4",1,"ATF3",-0.000236793449617955,0.00024452258912494,1,FALSE,-1
"receptorKO:LILRA4","bottom","receptor","BST2-LILRA4",1,"HES4",2.75359258238003e-05,7.45843345218861e-05,1,FALSE,1
"ligandKO:BST2","bottom","ligand","BST2-LILRA4",1,"ZBTB7A",8.44017549745256e-05,0.000141512361787494,-1,FALSE,-1
"ligandKO:BST2","bottom","ligand","BST2-LILRA4",1,"KLF6",-0.000689953212055375,-0.00144495059728704,-1,FALSE,1
"ligandKO:BST2","bottom","ligand","BST2-LILRA4",1,"EGR1",0.000150302087639658,-1.6712852196618e-05,-1,FALSE,-1
"ligandKO:BST2","bottom","ligand","BST2-LILRA4",1,"KLF4",-4.77360698860213e-05,-4.96619965402972e-05,-1,FALSE,1
"ligandKO:BST2","bottom","ligand","BST2-LILRA4",1,"MEF2C",3.15667026748715e-05,-0.000154491556632715,-1,TRUE,-1
"ligandKO:BST2","bottom","ligand","BST2-LILRA4",1,"NR4A2",0.000168048800706499,0.000274438016039886,1,TRUE,1
"ligandKO:BST2","bottom","ligand","BST2-LILRA4",1,"E2F5",0.000437590954936765,0.000317136139368995,1,TRUE,1
"ligandKO:BST2","bottom","ligand","BST2-LILRA4",1,"FOXL2",-6.24533689604318e-05,-0.000124906737920864,NA,FALSE,NA
"ligandKO:BST2","bottom","ligand","BST2-LILRA4",1,"EGR3",4.06309533399476e-05,6.04096332696625e-05,-1,TRUE,-1
"ligandKO:BST2","bottom","ligand","BST2-LILRA4",1,"BHLHE40",0.00062328064290231,0.00116738969320507,-1,FALSE,-1
"ligandKO:BST2","bottom","ligand","BST2-LILRA4",1,"RUNX3",0.000300858677651495,0.000567971566777895,-1,FALSE,-1
"ligandKO:BST2","bottom","ligand","BST2-LILRA4",1,"RAD21",-0.000454080093787742,-0.000945401145763459,1,TRUE,-1
"ligandKO:BST2","bottom","ligand","BST2-LILRA4",1,"BCL11A",-0.000113878820167027,-0.000173949333038227,1,FALSE,-1
"ligandKO:BST2","bottom","ligand","BST2-LILRA4",1,"GTF2I",0.000309413209835604,0.000560798700733973,1,TRUE,1
"ligandKO:BST2","bottom","ligand","BST2-LILRA4",1,"CREB1",0.000125099071964219,0.000216765934517524,1,TRUE,1
"ligandKO:BST2","bottom","ligand","BST2-LILRA4",1,"ELF2",-0.000135271356121966,-0.000249592838417847,-1,FALSE,1
"ligandKO:BST2","bottom","ligand","BST2-LILRA4",1,"MAFB",-0.000255453268578988,-0.000515423642513605,-1,TRUE,1
"ligandKO:BST2","bottom","ligand","BST2-LILRA4",1,"KLF2",-5.00495810198943e-05,6.48583526883999e-05,-1,FALSE,1
"ligandKO:BST2","bottom","ligand","BST2-LILRA4",1,"ATF5",2.82120010622132e-05,2.79256588703471e-05,1,FALSE,1
"ligandKO:BST2","bottom","ligand","BST2-LILRA4",1,"IRF8",-0.000151850445265142,7.69373471630765e-05,1,FALSE,-1
"ligandKO:BST2","bottom","ligand","BST2-LILRA4",1,"BDP1",-0.000167225996776965,-0.000412238325100638,1,TRUE,-1
"ligandKO:BST2","bottom","ligand","BST2-LILRA4",1,"CREB5",-2.51546775220296e-05,-0.000102253804862443,1,FALSE,-1
"ligandKO:BST2","bottom","ligand","BST2-LILRA4",1,"CEBPD",-0.00031350962738985,-0.000564470112150725,1,FALSE,-1
"ligandKO:BST2","bottom","ligand","BST2-LILRA4",1,"HIVEP1",-4.9562904324312e-05,-8.49977708612759e-05,-1,TRUE,1
"ligandKO:BST2","bottom","ligand","BST2-LILRA4",1,"ETV7",-2.62967530484303e-05,-5.41119563266306e-05,-1,TRUE,1
"ligandKO:BST2","bottom","ligand","BST2-LILRA4",1,"POU4F1",-0.000354284937757489,-0.000629501493188319,-1,TRUE,1
"ligandKO:BST2","bottom","ligand","BST2-LILRA4",1,"ID1",1.4595965596485e-05,8.46198343430966e-05,1,FALSE,1
"ligandKO:BST2","bottom","ligand","BST2-LILRA4",1,"HOXB2",-0.00140347322131466,-0.00275873938623542,1,TRUE,-1
"ligandKO:BST2","bottom","ligand","BST2-LILRA4",1,"SPI1",-0.000132241106483325,-0.000193063911145103,-1,TRUE,1
"ligandKO:BST2","bottom","ligand","BST2-LILRA4",1,"BCLAF1",-0.000735270713618016,-0.00142746178979835,-1,FALSE,1
"ligandKO:BST2","bottom","ligand","BST2-LILRA4",1,"STAT1",-0.000977200144320161,-0.00168851959625461,1,FALSE,-1
"ligandKO:BST2","bottom","ligand","BST2-LILRA4",1,"TCF7L2",-0.000450383744791081,-0.000118104575102203,-1,FALSE,1
"ligandKO:BST2","bottom","ligand","BST2-LILRA4",1,"BRCA1",-0.000449166299481805,-0.000881709245271487,1,TRUE,-1
"ligandKO:BST2","bottom","ligand","BST2-LILRA4",1,"CEBPB",-0.00114046490597393,-0.00262050600699722,1,FALSE,-1
"ligandKO:BST2","bottom","ligand","BST2-LILRA4",1,"RORA",-0.000507258917318263,-0.00121190683331067,-1,FALSE,1
"ligandKO:BST2","bottom","ligand","BST2-LILRA4",1,"ZBTB14",-0.000493021528715445,-0.00107815035652261,-1,TRUE,1
"ligandKO:BST2","bottom","ligand","BST2-LILRA4",1,"EGR2",-0.00168070144347722,-0.00345944101496896,-1,TRUE,1
"ligandKO:BST2","bottom","ligand","BST2-LILRA4",1,"IRF9",-0.000677253159841524,-0.000792616302679704,1,TRUE,-1
"ligandKO:BST2","bottom","ligand","BST2-LILRA4",1,"FOXC1",-5.3628117852635e-05,0.000105382385191729,1,TRUE,-1
"ligandKO:BST2","bottom","ligand","BST2-LILRA4",1,"FOXP1",-0.000760101602372647,-0.00137462587364336,-1,TRUE,1
"ligandKO:BST2","bottom","ligand","BST2-LILRA4",1,"ESR1",-0.000524000615452478,-0.00092217595216093,1,TRUE,-1
"ligandKO:BST2","bottom","ligand","BST2-LILRA4",1,"AHR",-0.000350661784884125,-0.000606028975370427,1,TRUE,-1
"ligandKO:BST2","bottom","ligand","BST2-LILRA4",1,"KLF10",-0.00107880058397618,-0.00208262978794267,1,TRUE,-1
"ligandKO:BST2","bottom","ligand","BST2-LILRA4",1,"ZBTB7C",-0.000783841308328309,-0.00162881040228109,1,TRUE,-1
"ligandKO:BST2","bottom","ligand","BST2-LILRA4",1,"FOXP3",-0.000214384134488496,-7.69344925502508e-05,1,TRUE,-1
"ligandKO:BST2","bottom","ligand","BST2-LILRA4",1,"NFATC2",-0.000732777255356005,-0.000918097237999487,1,FALSE,-1
"ligandKO:BST2","bottom","ligand","BST2-LILRA4",1,"STAT2",-0.00130385696189578,-0.00248894748174158,1,FALSE,-1
"ligandKO:BST2","bottom","ligand","BST2-LILRA4",1,"RARG",-0.00052377743205494,-0.000872756631245885,1,TRUE,-1
"ligandKO:BST2","bottom","ligand","BST2-LILRA4",1,"XBP1",3.85376300678836e-05,3.97735775298657e-05,1,TRUE,1
"ligandKO:BST2","bottom","ligand","BST2-LILRA4",1,"REL",-0.000584238071679209,-0.000905607039829562,1,TRUE,-1
"ligandKO:BST2","bottom","ligand","BST2-LILRA4",1,"POU2F2",-0.000855461714046595,-0.00148834000091767,-1,FALSE,1
"ligandKO:BST2","bottom","ligand","BST2-LILRA4",1,"IRF1",-0.000355865799025186,-0.000766515642449741,1,TRUE,-1
"ligandKO:BST2","bottom","ligand","BST2-LILRA4",1,"ETS2",-0.000750870314100626,-0.00131440887573137,1,FALSE,-1
"ligandKO:BST2","bottom","ligand","BST2-LILRA4",1,"TFEC",-0.000307703335730837,-0.000562593814807791,1,TRUE,-1
"ligandKO:BST2","bottom","ligand","BST2-LILRA4",1,"ITGB2",-0.000225110583565133,-0.000381089823141991,1,TRUE,-1
"ligandKO:BST2","bottom","ligand","BST2-LILRA4",1,"POU2F1",-0.000753130094012668,-0.00147117860492199,1,FALSE,-1
"ligandKO:BST2","bottom","ligand","BST2-LILRA4",1,"JUN",-0.000513836305033718,-0.00093039452512756,1,TRUE,-1
"ligandKO:BST2","bottom","ligand","BST2-LILRA4",1,"CUX1",-1.7192336524065e-05,3.07353730627748e-06,-1,TRUE,1
"ligandKO:BST2","bottom","ligand","BST2-LILRA4",1,"PLAG1",3.97470007233054e-05,4.85247347532092e-05,-1,TRUE,-1
"ligandKO:BST2","bottom","ligand","BST2-LILRA4",1,"JUND",-7.92509068134021e-05,-5.62271458787228e-05,1,TRUE,-1
"ligandKO:BST2","bottom","ligand","BST2-LILRA4",1,"FOSL2",-0.000316730712159498,-0.00042513607463908,1,FALSE,-1
"ligandKO:BST2","bottom","ligand","BST2-LILRA4",1,"NR1D1",-0.000523636583848773,-0.000461097204081515,1,FALSE,-1
"ligandKO:BST2","bottom","ligand","BST2-LILRA4",1,"ZFY",0.000539030050332554,0.00109941595968886,1,TRUE,1
"ligandKO:BST2","bottom","ligand","BST2-LILRA4",1,"FOSB",-0.00127438684414023,-0.00260332626976191,-1,FALSE,1
"ligandKO:BST2","bottom","ligand","BST2-LILRA4",1,"NR4A1",-0.000104111275516334,-0.000149715631733769,1,TRUE,-1
"ligandKO:BST2","bottom","ligand","BST2-LILRA4",1,"ATF4",0.000877421406668043,0.00169344724545579,1,FALSE,1
"ligandKO:BST2","bottom","ligand","BST2-LILRA4",1,"NFIL3",0.000500637445011569,0.00135470362862376,1,FALSE,1
"ligandKO:BST2","bottom","ligand","BST2-LILRA4",1,"STAT3",-0.00116825389648111,-0.00195903578208252,1,FALSE,-1
"ligandKO:BST2","bottom","ligand","BST2-LILRA4",1,"NFE2",6.62878001086448e-05,0.000494578975412952,1,TRUE,1
"ligandKO:BST2","bottom","ligand","BST2-LILRA4",1,"MXI1",0.000208204155881414,0.000502455995677697,1,TRUE,1
"ligandKO:BST2","bottom","ligand","BST2-LILRA4",1,"HIF1A",-0.000730457296318498,-0.000867161719262709,1,FALSE,-1
"ligandKO:BST2","bottom","ligand","BST2-LILRA4",1,"NFKB2",2.91163435128088e-05,0.000186001145567797,1,FALSE,1
"ligandKO:BST2","bottom","ligand","BST2-LILRA4",1,"ATF3",-0.000236793449617955,0.00024452258912494,1,FALSE,-1
"ligandKO:BST2","bottom","ligand","BST2-LILRA4",1,"HES4",2.75359258238003e-05,7.45843345218861e-05,1,FALSE,1
"pairKO:BST2-LILRA4","bottom","pair","BST2-LILRA4",1,"ZBTB7A",8.44017549745256e-05,0.000141512361787494,-1,FALSE,-1
"pairKO:BST2-LILRA4","bottom","pair","BST2-LILRA4",1,"KLF6",-0.000689953212055375,-0.00144495059728704,-1,FALSE,1
"pairKO:BST2-LILRA4","bottom","pair","BST2-LILRA4",1,"EGR1",0.000150302087639658,-1.6712852196618e-05,-1,FALSE,-1
"pairKO:BST2-LILRA4","bottom","pair","BST2-LILRA4",1,"KLF4",-4.77360698860213e-05,-4.96619965402972e-05,-1,FALSE,1
"pairKO:BST2-LILRA4","bottom","pair","BST2-LILRA4",1,"MEF2C",3.15667026748715e-05,-0.000154491556632715,-1,TRUE,-1
"pairKO:BST2-LILRA4","bottom","pair","BST2-LILRA4",1,"NR4A2",0.000168048800706499,0.000274438016039886,1,TRUE,1
"pairKO:BST2-LILRA4","bottom","pair","BST2-LILRA4",1,"E2F5",0.000437590954936765,0.000317136139368995,1,TRUE,1
"pairKO:BST2-LILRA4","bottom","pair","BST2-LILRA4",1,"FOXL2",-6.24533689604318e-05,-0.000124906737920864,NA,FALSE,NA
"pairKO:BST2-LILRA4","bottom","pair","BST2-LILRA4",1,"EGR3",4.06309533399476e-05,6.04096332696625e-05,-1,TRUE,-1
"pairKO:BST2-LILRA4","bottom","pair","BST2-LILRA4",1,"BHLHE40",0.00062328064290231,0.00116738969320507,-1,FALSE,-1
"pairKO:BST2-LILRA4","bottom","pair","BST2-LILRA4",1,"RUNX3",0.000300858677651495,0.000567971566777895,-1,FALSE,-1
"pairKO:BST2-LILRA4","bottom","pair","BST2-LILRA4",1,"RAD21",-0.000454080093787742,-0.000945401145763459,1,TRUE,-1
"pairKO:BST2-LILRA4","bottom","pair","BST2-LILRA4",1,"BCL11A",-0.000113878820167027,-0.000173949333038227,1,FALSE,-1
"pairKO:BST2-LILRA4","bottom","pair","BST2-LILRA4",1,"GTF2I",0.000309413209835604,0.000560798700733973,1,TRUE,1
"pairKO:BST2-LILRA4","bottom","pair","BST2-LILRA4",1,"CREB1",0.000125099071964219,0.000216765934517524,1,TRUE,1
"pairKO:BST2-LILRA4","bottom","pair","BST2-LILRA4",1,"ELF2",-0.000135271356121966,-0.000249592838417847,-1,FALSE,1
"pairKO:BST2-LILRA4","bottom","pair","BST2-LILRA4",1,"MAFB",-0.000255453268578988,-0.000515423642513605,-1,TRUE,1
"pairKO:BST2-LILRA4","bottom","pair","BST2-LILRA4",1,"KLF2",-5.00495810198943e-05,6.48583526883999e-05,-1,FALSE,1
"pairKO:BST2-LILRA4","bottom","pair","BST2-LILRA4",1,"ATF5",2.82120010622132e-05,2.79256588703471e-05,1,FALSE,1
"pairKO:BST2-LILRA4","bottom","pair","BST2-LILRA4",1,"IRF8",-0.000151850445265142,7.69373471630765e-05,1,FALSE,-1
"pairKO:BST2-LILRA4","bottom","pair","BST2-LILRA4",1,"BDP1",-0.000167225996776965,-0.000412238325100638,1,TRUE,-1
"pairKO:BST2-LILRA4","bottom","pair","BST2-LILRA4",1,"CREB5",-2.51546775220296e-05,-0.000102253804862443,1,FALSE,-1
"pairKO:BST2-LILRA4","bottom","pair","BST2-LILRA4",1,"CEBPD",-0.00031350962738985,-0.000564470112150725,1,FALSE,-1
"pairKO:BST2-LILRA4","bottom","pair","BST2-LILRA4",1,"HIVEP1",-4.9562904324312e-05,-8.49977708612759e-05,-1,TRUE,1
"pairKO:BST2-LILRA4","bottom","pair","BST2-LILRA4",1,"ETV7",-2.62967530484303e-05,-5.41119563266306e-05,-1,TRUE,1
"pairKO:BST2-LILRA4","bottom","pair","BST2-LILRA4",1,"POU4F1",-0.000354284937757489,-0.000629501493188319,-1,TRUE,1
"pairKO:BST2-LILRA4","bottom","pair","BST2-LILRA4",1,"ID1",1.4595965596485e-05,8.46198343430966e-05,1,FALSE,1
"pairKO:BST2-LILRA4","bottom","pair","BST2-LILRA4",1,"HOXB2",-0.00140347322131466,-0.00275873938623542,1,TRUE,-1
"pairKO:BST2-LILRA4","bottom","pair","BST2-LILRA4",1,"SPI1",-0.000132241106483325,-0.000193063911145103,-1,TRUE,1
"pairKO:BST2-LILRA4","bottom","pair","BST2-LILRA4",1,"BCLAF1",-0.000735270713618016,-0.00142746178979835,-1,FALSE,1
"pairKO:BST2-LILRA4","bottom","pair","BST2-LILRA4",1,"STAT1",-0.000977200144320161,-0.00168851959625461,1,FALSE,-1
"pairKO:BST2-LILRA4","bottom","pair","BST2-LILRA4",1,"TCF7L2",-0.000450383744791081,-0.000118104575102203,-1,FALSE,1
"pairKO:BST2-LILRA4","bottom","pair","BST2-LILRA4",1,"BRCA1",-0.000449166299481805,-0.000881709245271487,1,TRUE,-1
"pairKO:BST2-LILRA4","bottom","pair","BST2-LILRA4",1,"CEBPB",-0.00114046490597393,-0.00262050600699722,1,FALSE,-1
"pairKO:BST2-LILRA4","bottom","pair","BST2-LILRA4",1,"RORA",-0.000507258917318263,-0.00121190683331067,-1,FALSE,1
"pairKO:BST2-LILRA4","bottom","pair","BST2-LILRA4",1,"ZBTB14",-0.000493021528715445,-0.00107815035652261,-1,TRUE,1
"pairKO:BST2-LILRA4","bottom","pair","BST2-LILRA4",1,"EGR2",-0.00168070144347722,-0.00345944101496896,-1,TRUE,1
"pairKO:BST2-LILRA4","bottom","pair","BST2-LILRA4",1,"IRF9",-0.000677253159841524,-0.000792616302679704,1,TRUE,-1
"pairKO:BST2-LILRA4","bottom","pair","BST2-LILRA4",1,"FOXC1",-5.3628117852635e-05,0.000105382385191729,1,TRUE,-1
"pairKO:BST2-LILRA4","bottom","pair","BST2-LILRA4",1,"FOXP1",-0.000760101602372647,-0.00137462587364336,-1,TRUE,1
"pairKO:BST2-LILRA4","bottom","pair","BST2-LILRA4",1,"ESR1",-0.000524000615452478,-0.00092217595216093,1,TRUE,-1
"pairKO:BST2-LILRA4","bottom","pair","BST2-LILRA4",1,"AHR",-0.000350661784884125,-0.000606028975370427,1,TRUE,-1
"pairKO:BST2-LILRA4","bottom","pair","BST2-LILRA4",1,"KLF10",-0.00107880058397618,-0.00208262978794267,1,TRUE,-1
"pairKO:BST2-LILRA4","bottom","pair","BST2-LILRA4",1,"ZBTB7C",-0.000783841308328309,-0.00162881040228109,1,TRUE,-1
"pairKO:BST2-LILRA4","bottom","pair","BST2-LILRA4",1,"FOXP3",-0.000214384134488496,-7.69344925502508e-05,1,TRUE,-1
"pairKO:BST2-LILRA4","bottom","pair","BST2-LILRA4",1,"NFATC2",-0.000732777255356005,-0.000918097237999487,1,FALSE,-1
"pairKO:BST2-LILRA4","bottom","pair","BST2-LILRA4",1,"STAT2",-0.00130385696189578,-0.00248894748174158,1,FALSE,-1
"pairKO:BST2-LILRA4","bottom","pair","BST2-LILRA4",1,"RARG",-0.00052377743205494,-0.000872756631245885,1,TRUE,-1
"pairKO:BST2-LILRA4","bottom","pair","BST2-LILRA4",1,"XBP1",3.85376300678836e-05,3.97735775298657e-05,1,TRUE,1
"pairKO:BST2-LILRA4","bottom","pair","BST2-LILRA4",1,"REL",-0.000584238071679209,-0.000905607039829562,1,TRUE,-1
"pairKO:BST2-LILRA4","bottom","pair","BST2-LILRA4",1,"POU2F2",-0.000855461714046595,-0.00148834000091767,-1,FALSE,1
"pairKO:BST2-LILRA4","bottom","pair","BST2-LILRA4",1,"IRF1",-0.000355865799025186,-0.000766515642449741,1,TRUE,-1
"pairKO:BST2-LILRA4","bottom","pair","BST2-LILRA4",1,"ETS2",-0.000750870314100626,-0.00131440887573137,1,FALSE,-1
"pairKO:BST2-LILRA4","bottom","pair","BST2-LILRA4",1,"TFEC",-0.000307703335730837,-0.000562593814807791,1,TRUE,-1
"pairKO:BST2-LILRA4","bottom","pair","BST2-LILRA4",1,"ITGB2",-0.000225110583565133,-0.000381089823141991,1,TRUE,-1
"pairKO:BST2-LILRA4","bottom","pair","BST2-LILRA4",1,"POU2F1",-0.000753130094012668,-0.00147117860492199,1,FALSE,-1
"pairKO:BST2-LILRA4","bottom","pair","BST2-LILRA4",1,"JUN",-0.000513836305033718,-0.00093039452512756,1,TRUE,-1
"pairKO:BST2-LILRA4","bottom","pair","BST2-LILRA4",1,"CUX1",-1.7192336524065e-05,3.07353730627748e-06,-1,TRUE,1
"pairKO:BST2-LILRA4","bottom","pair","BST2-LILRA4",1,"PLAG1",3.97470007233054e-05,4.85247347532092e-05,-1,TRUE,-1
"pairKO:BST2-LILRA4","bottom","pair","BST2-LILRA4",1,"JUND",-7.92509068134021e-05,-5.62271458787228e-05,1,TRUE,-1
"pairKO:BST2-LILRA4","bottom","pair","BST2-LILRA4",1,"FOSL2",-0.000316730712159498,-0.00042513607463908,1,FALSE,-1
"pairKO:BST2-LILRA4","bottom","pair","BST2-LILRA4",1,"NR1D1",-0.000523636583848773,-0.000461097204081515,1,FALSE,-1
"pairKO:BST2-LILRA4","bottom","pair","BST2-LILRA4",1,"ZFY",0.000539030050332554,0.00109941595968886,1,TRUE,1
"pairKO:BST2-LILRA4","bottom","pair","BST2-LILRA4",1,"FOSB",-0.00127438684414023,-0.00260332626976191,-1,FALSE,1
"pairKO:BST2-LILRA4","bottom","pair","BST2-LILRA4",1,"NR4A1",-0.000104111275516334,-0.000149715631733769,1,TRUE,-1
"pairKO:BST2-LILRA4","bottom","pair","BST2-LILRA4",1,"ATF4",0.000877421406668043,0.00169344724545579,1,FALSE,1
"pairKO:BST2-LILRA4","bottom","pair","BST2-LILRA4",1,"NFIL3",0.000500637445011569,0.00135470362862376,1,FALSE,1
"pairKO:BST2-LILRA4","bottom","pair","BST2-LILRA4",1,"STAT3",-0.00116825389648111,-0.00195903578208252,1,FALSE,-1
"pairKO:BST2-LILRA4","bottom","pair","BST2-LILRA4",1,"NFE2",6.62878001086448e-05,0.000494578975412952,1,TRUE,1
"pairKO:BST2-LILRA4","bottom","pair","BST2-LILRA4",1,"MXI1",0.000208204155881414,0.000502455995677697,1,TRUE,1
"pairKO:BST2-LILRA4","bottom","pair","BST2-LILRA4",1,"HIF1A",-0.000730457296318498,-0.000867161719262709,1,FALSE,-1
"pairKO:BST2-LILRA4","bottom","pair","BST2-LILRA4",1,"NFKB2",2.91163435128088e-05,0.000186001145567797,1,FALSE,1
"pairKO:BST2-LILRA4","bottom","pair","BST2-LILRA4",1,"ATF3",-0.000236793449617955,0.00024452258912494,1,FALSE,-1
"pairKO:BST2-LILRA4","bottom","pair","BST2-LILRA4",1,"HES4",2.75359258238003e-05,7.45843345218861e-05,1,FALSE,1
"receptorKO:ENG","bottom","receptor","BMP2-ENG",1,"ZBTB7A",-0.000102926863595462,0,-1,FALSE,1
"receptorKO:ENG","bottom","receptor","BMP2-ENG",1,"KLF6",0.000862046924047237,0,-1,FALSE,-1
"receptorKO:ENG","bottom","receptor","BMP2-ENG",1,"EGR1",3.8377570999247e-05,0,-1,FALSE,-1
"receptorKO:ENG","bottom","receptor","BMP2-ENG",1,"KLF4",0.000175750944093061,0,-1,FALSE,-1
"receptorKO:ENG","bottom","receptor","BMP2-ENG",1,"MEF2C",0.000581131541536549,0,-1,TRUE,-1
"receptorKO:ENG","bottom","receptor","BMP2-ENG",1,"NR4A2",0.000131840737429928,0,1,TRUE,1
"receptorKO:ENG","bottom","receptor","BMP2-ENG",1,"E2F5",-0.000247158208586362,0,1,TRUE,-1
"receptorKO:ENG","bottom","receptor","BMP2-ENG",1,"FOXL2",-8.82153507285293e-05,0,NA,FALSE,NA
"receptorKO:ENG","bottom","receptor","BMP2-ENG",1,"EGR3",0.00109601946239702,0,-1,TRUE,-1
"receptorKO:ENG","bottom","receptor","BMP2-ENG",1,"BHLHE40",0.000860237966541932,0,-1,FALSE,-1
"receptorKO:ENG","bottom","receptor","BMP2-ENG",1,"RUNX3",-0.00031250125946554,0,-1,FALSE,1
"receptorKO:ENG","bottom","receptor","BMP2-ENG",1,"RAD21",-3.10029293028377e-05,0,1,TRUE,-1
"receptorKO:ENG","bottom","receptor","BMP2-ENG",1,"BCL11A",-0.000159788230915142,0,1,FALSE,-1
"receptorKO:ENG","bottom","receptor","BMP2-ENG",1,"GTF2I",-9.57864871985991e-05,0,1,TRUE,-1
"receptorKO:ENG","bottom","receptor","BMP2-ENG",1,"CREB1",0.000769403533581963,0,1,TRUE,1
"receptorKO:ENG","bottom","receptor","BMP2-ENG",1,"ELF2",0.000368766723073954,0,-1,FALSE,-1
"receptorKO:ENG","bottom","receptor","BMP2-ENG",1,"MAFB",-0.000204339955649233,0,-1,TRUE,1
"receptorKO:ENG","bottom","receptor","BMP2-ENG",1,"KLF2",-0.000823095935024177,0,-1,FALSE,1
"receptorKO:ENG","bottom","receptor","BMP2-ENG",1,"ATF5",7.1379681302463e-05,0,1,FALSE,1
"receptorKO:ENG","bottom","receptor","BMP2-ENG",1,"IRF8",-6.40489948744281e-05,0,1,FALSE,-1
"receptorKO:ENG","bottom","receptor","BMP2-ENG",1,"BDP1",0.000248014390884616,0,1,TRUE,1
"receptorKO:ENG","bottom","receptor","BMP2-ENG",1,"CREB5",-0.000218051677964182,0,1,FALSE,-1
"receptorKO:ENG","bottom","receptor","BMP2-ENG",1,"CEBPD",0.000383130437373751,0,1,FALSE,1
"receptorKO:ENG","bottom","receptor","BMP2-ENG",1,"HIVEP1",-0.000507474493715194,0,-1,TRUE,1
"receptorKO:ENG","bottom","receptor","BMP2-ENG",1,"ETV7",0.000438069600456786,0,-1,TRUE,-1
"receptorKO:ENG","bottom","receptor","BMP2-ENG",1,"POU4F1",-5.82822189057417e-05,0,-1,TRUE,1
"receptorKO:ENG","bottom","receptor","BMP2-ENG",1,"ID1",-0.000894024327495632,0,1,FALSE,-1
"receptorKO:ENG","bottom","receptor","BMP2-ENG",1,"HOXB2",9.94776736540494e-05,0,1,TRUE,1
"receptorKO:ENG","bottom","receptor","BMP2-ENG",1,"SPI1",-0.00167259732746569,0,-1,TRUE,1
"receptorKO:ENG","bottom","receptor","BMP2-ENG",1,"BCLAF1",0.000455371395812921,0,-1,FALSE,-1
"receptorKO:ENG","bottom","receptor","BMP2-ENG",1,"STAT1",-0.000360274652563027,0,1,FALSE,-1
"receptorKO:ENG","bottom","receptor","BMP2-ENG",1,"TCF7L2",6.27214185315807e-05,0,-1,FALSE,-1
"receptorKO:ENG","bottom","receptor","BMP2-ENG",1,"BRCA1",0.000551582529257782,0,1,TRUE,1
"receptorKO:ENG","bottom","receptor","BMP2-ENG",1,"CEBPB",0.000581863770402145,0,1,FALSE,1
"receptorKO:ENG","bottom","receptor","BMP2-ENG",1,"RORA",0.000393723069095515,0,-1,FALSE,-1
"receptorKO:ENG","bottom","receptor","BMP2-ENG",1,"ZBTB14",0.00167895414897032,0,-1,TRUE,-1
"receptorKO:ENG","bottom","receptor","BMP2-ENG",1,"EGR2",-0.000573779214473555,0,-1,TRUE,1
"receptorKO:ENG","bottom","receptor","BMP2-ENG",1,"IRF9",-0.000193854966814677,0,1,TRUE,-1
"receptorKO:ENG","bottom","receptor","BMP2-ENG",1,"FOXC1",-0.000442500181864437,0,1,TRUE,-1
"receptorKO:ENG","bottom","receptor","BMP2-ENG",1,"FOXP1",0.000389914925325948,0,-1,TRUE,-1
"receptorKO:ENG","bottom","receptor","BMP2-ENG",1,"ESR1",-0.000136386975782264,0,1,TRUE,-1
"receptorKO:ENG","bottom","receptor","BMP2-ENG",1,"AHR",-0.000431848499138082,0,1,TRUE,-1
"receptorKO:ENG","bottom","receptor","BMP2-ENG",1,"KLF10",-0.000753566804179429,0,1,TRUE,-1
"receptorKO:ENG","bottom","receptor","BMP2-ENG",1,"ZBTB7C",1.00458919284359e-05,0,1,TRUE,1
"receptorKO:ENG","bottom","receptor","BMP2-ENG",1,"FOXP3",3.0179225985263e-05,0,1,TRUE,1
"receptorKO:ENG","bottom","receptor","BMP2-ENG",1,"NFATC2",-0.000234863077843189,0,1,FALSE,-1
"receptorKO:ENG","bottom","receptor","BMP2-ENG",1,"STAT2",-0.000277648281599456,0,1,FALSE,-1
"receptorKO:ENG","bottom","receptor","BMP2-ENG",1,"RARG",-0.000314542554408068,0,1,TRUE,-1
"receptorKO:ENG","bottom","receptor","BMP2-ENG",1,"XBP1",-0.000900807114674565,0,1,TRUE,-1
"receptorKO:ENG","bottom","receptor","BMP2-ENG",1,"REL",-0.00111203143964373,0,1,TRUE,-1
"receptorKO:ENG","bottom","receptor","BMP2-ENG",1,"POU2F2",0.000284568096426448,0,-1,FALSE,-1
"receptorKO:ENG","bottom","receptor","BMP2-ENG",1,"IRF1",-0.000139485354747285,0,1,TRUE,-1
"receptorKO:ENG","bottom","receptor","BMP2-ENG",1,"ETS2",-0.00108618377691853,0,1,FALSE,-1
"receptorKO:ENG","bottom","receptor","BMP2-ENG",1,"TFEC",9.67159637366432e-05,0,1,TRUE,1
"receptorKO:ENG","bottom","receptor","BMP2-ENG",1,"ITGB2",5.16067191988736e-05,0,1,TRUE,1
"receptorKO:ENG","bottom","receptor","BMP2-ENG",1,"POU2F1",0.000658080961301387,0,1,FALSE,1
"receptorKO:ENG","bottom","receptor","BMP2-ENG",1,"JUN",-0.000217362725310411,0,1,TRUE,-1
"receptorKO:ENG","bottom","receptor","BMP2-ENG",1,"CUX1",-0.00120360783042661,0,-1,TRUE,1
"receptorKO:ENG","bottom","receptor","BMP2-ENG",1,"PLAG1",7.45250316304835e-05,0,-1,TRUE,-1
"receptorKO:ENG","bottom","receptor","BMP2-ENG",1,"JUND",-0.000345969683945525,0,1,TRUE,-1
"receptorKO:ENG","bottom","receptor","BMP2-ENG",1,"FOSL2",-0.000941983153911995,0,1,FALSE,-1
"receptorKO:ENG","bottom","receptor","BMP2-ENG",1,"NR1D1",-0.000483018046393211,0,1,FALSE,-1
"receptorKO:ENG","bottom","receptor","BMP2-ENG",1,"ZFY",-0.00028013318728682,0,1,TRUE,-1
"receptorKO:ENG","bottom","receptor","BMP2-ENG",1,"FOSB",-6.37360443867644e-05,0,-1,FALSE,1
"receptorKO:ENG","bottom","receptor","BMP2-ENG",1,"NR4A1",2.33903486524566e-05,0,1,TRUE,1
"receptorKO:ENG","bottom","receptor","BMP2-ENG",1,"ATF4",-0.000990266462810617,0,1,FALSE,-1
"receptorKO:ENG","bottom","receptor","BMP2-ENG",1,"NFIL3",-0.000986875812263597,0,1,FALSE,-1
"receptorKO:ENG","bottom","receptor","BMP2-ENG",1,"STAT3",-0.000608330404535543,0,1,FALSE,-1
"receptorKO:ENG","bottom","receptor","BMP2-ENG",1,"NFE2",-0.000335644851090413,0,1,TRUE,-1
"receptorKO:ENG","bottom","receptor","BMP2-ENG",1,"MXI1",-0.000724569462603346,0,1,TRUE,-1
"receptorKO:ENG","bottom","receptor","BMP2-ENG",1,"HIF1A",-0.000885284857027011,0,1,FALSE,-1
"receptorKO:ENG","bottom","receptor","BMP2-ENG",1,"NFKB2",-0.000346543256345055,0,1,FALSE,-1
"receptorKO:ENG","bottom","receptor","BMP2-ENG",1,"ATF3",-3.21599094843085e-05,0,1,FALSE,-1
"receptorKO:ENG","bottom","receptor","BMP2-ENG",1,"HES4",-0.00059404215086406,0,1,FALSE,-1
"ligandKO:BMP2","bottom","ligand","BMP2-ENG",2,"ZBTB7A",-0.00107606936398457,0,-1,FALSE,1
"ligandKO:BMP2","bottom","ligand","BMP2-ENG",2,"KLF6",0.000625266450530945,0,-1,FALSE,-1
"ligandKO:BMP2","bottom","ligand","BMP2-ENG",2,"EGR1",-0.000160171436838273,0,-1,FALSE,1
"ligandKO:BMP2","bottom","ligand","BMP2-ENG",2,"KLF4",-0.00150137786817099,0,-1,FALSE,1
"ligandKO:BMP2","bottom","ligand","BMP2-ENG",2,"MEF2C",0.00112435522307551,0,-1,TRUE,-1
"ligandKO:BMP2","bottom","ligand","BMP2-ENG",2,"NR4A2",0.000109684641623916,0,1,TRUE,1
"ligandKO:BMP2","bottom","ligand","BMP2-ENG",2,"E2F5",-0.000571827803990863,0,1,TRUE,-1
"ligandKO:BMP2","bottom","ligand","BMP2-ENG",2,"FOXL2",-0.000513069134169733,0,NA,FALSE,NA
"ligandKO:BMP2","bottom","ligand","BMP2-ENG",2,"EGR3",0.00119243489470534,0,-1,TRUE,-1
"ligandKO:BMP2","bottom","ligand","BMP2-ENG",2,"BHLHE40",0.000930199653036104,0,-1,FALSE,-1
"ligandKO:BMP2","bottom","ligand","BMP2-ENG",2,"RUNX3",-0.000346898337524459,0,-1,FALSE,1
"ligandKO:BMP2","bottom","ligand","BMP2-ENG",2,"RAD21",-8.17524477953133e-05,0,1,TRUE,-1
"ligandKO:BMP2","bottom","ligand","BMP2-ENG",2,"BCL11A",-0.000676827037839325,0,1,FALSE,-1
"ligandKO:BMP2","bottom","ligand","BMP2-ENG",2,"GTF2I",-0.000394689065445625,0,1,TRUE,-1
"ligandKO:BMP2","bottom","ligand","BMP2-ENG",2,"CREB1",0.000694001012851366,0,1,TRUE,1
"ligandKO:BMP2","bottom","ligand","BMP2-ENG",2,"ELF2",-0.00016278659194136,0,-1,FALSE,1
"ligandKO:BMP2","bottom","ligand","BMP2-ENG",2,"MAFB",-0.00132893514315899,0,-1,TRUE,1
"ligandKO:BMP2","bottom","ligand","BMP2-ENG",2,"KLF2",-0.00447086284201864,0,-1,FALSE,1
"ligandKO:BMP2","bottom","ligand","BMP2-ENG",2,"ATF5",0.000309131681100275,0,1,FALSE,1
"ligandKO:BMP2","bottom","ligand","BMP2-ENG",2,"IRF8",-0.000217783676479793,0,1,FALSE,-1
"ligandKO:BMP2","bottom","ligand","BMP2-ENG",2,"BDP1",5.44442238555927e-05,0,1,TRUE,1
"ligandKO:BMP2","bottom","ligand","BMP2-ENG",2,"CREB5",-0.00126651788801189,0,1,FALSE,-1
"ligandKO:BMP2","bottom","ligand","BMP2-ENG",2,"CEBPD",-0.00259790853119096,0,1,FALSE,-1
"ligandKO:BMP2","bottom","ligand","BMP2-ENG",2,"HIVEP1",-0.000521806221659226,0,-1,TRUE,1
"ligandKO:BMP2","bottom","ligand","BMP2-ENG",2,"ETV7",0.000687061201147422,0,-1,TRUE,-1
"ligandKO:BMP2","bottom","ligand","BMP2-ENG",2,"POU4F1",-0.00499435988984267,0,-1,TRUE,1
"ligandKO:BMP2","bottom","ligand","BMP2-ENG",2,"ID1",-0.00207822444121618,0,1,FALSE,-1
"ligandKO:BMP2","bottom","ligand","BMP2-ENG",2,"HOXB2",-0.000519686056731589,0,1,TRUE,-1
"ligandKO:BMP2","bottom","ligand","BMP2-ENG",2,"SPI1",-0.00369521761669066,0,-1,TRUE,1
"ligandKO:BMP2","bottom","ligand","BMP2-ENG",2,"BCLAF1",-0.000127451622254886,0,-1,FALSE,1
"ligandKO:BMP2","bottom","ligand","BMP2-ENG",2,"STAT1",-0.00103553501116924,0,1,FALSE,-1
"ligandKO:BMP2","bottom","ligand","BMP2-ENG",2,"TCF7L2",-0.00224582479169023,0,-1,FALSE,1
"ligandKO:BMP2","bottom","ligand","BMP2-ENG",2,"BRCA1",0.000832747585347485,0,1,TRUE,1
"ligandKO:BMP2","bottom","ligand","BMP2-ENG",2,"CEBPB",0.00121094027366353,0,1,FALSE,1
"ligandKO:BMP2","bottom","ligand","BMP2-ENG",2,"RORA",-0.000310003279409345,0,-1,FALSE,1
"ligandKO:BMP2","bottom","ligand","BMP2-ENG",2,"ZBTB14",0.00196442580470378,0,-1,TRUE,-1
"ligandKO:BMP2","bottom","ligand","BMP2-ENG",2,"EGR2",-0.000783897518388937,0,-1,TRUE,1
"ligandKO:BMP2","bottom","ligand","BMP2-ENG",2,"IRF9",-0.00132777192714638,0,1,TRUE,-1
"ligandKO:BMP2","bottom","ligand","BMP2-ENG",2,"FOXC1",-0.00106745981770914,0,1,TRUE,-1
"ligandKO:BMP2","bottom","ligand","BMP2-ENG",2,"FOXP1",-0.00135252821915692,0,-1,TRUE,1
"ligandKO:BMP2","bottom","ligand","BMP2-ENG",2,"ESR1",-0.00152613687915244,0,1,TRUE,-1
"ligandKO:BMP2","bottom","ligand","BMP2-ENG",2,"AHR",-0.000175656782206088,0,1,TRUE,-1
"ligandKO:BMP2","bottom","ligand","BMP2-ENG",2,"KLF10",-0.0020619731519495,0,1,TRUE,-1
"ligandKO:BMP2","bottom","ligand","BMP2-ENG",2,"ZBTB7C",-0.0010035620526308,0,1,TRUE,-1
"ligandKO:BMP2","bottom","ligand","BMP2-ENG",2,"FOXP3",-0.000262939499777964,0,1,TRUE,-1
"ligandKO:BMP2","bottom","ligand","BMP2-ENG",2,"NFATC2",-0.00316792608591602,0,1,FALSE,-1
"ligandKO:BMP2","bottom","ligand","BMP2-ENG",2,"STAT2",-0.00217512833375997,0,1,FALSE,-1
"ligandKO:BMP2","bottom","ligand","BMP2-ENG",2,"RARG",-0.00202137930143555,0,1,TRUE,-1
"ligandKO:BMP2","bottom","ligand","BMP2-ENG",2,"XBP1",-0.00388017815633471,0,1,TRUE,-1
"ligandKO:BMP2","bottom","ligand","BMP2-ENG",2,"REL",-0.00157177989368788,0,1,TRUE,-1
"ligandKO:BMP2","bottom","ligand","BMP2-ENG",2,"POU2F2",0.00112994433446148,0,-1,FALSE,-1
"ligandKO:BMP2","bottom","ligand","BMP2-ENG",2,"IRF1",-0.000474497955513863,0,1,TRUE,-1
"ligandKO:BMP2","bottom","ligand","BMP2-ENG",2,"ETS2",-0.0015474386078149,0,1,FALSE,-1
"ligandKO:BMP2","bottom","ligand","BMP2-ENG",2,"TFEC",-7.15525029667216e-05,0,1,TRUE,-1
"ligandKO:BMP2","bottom","ligand","BMP2-ENG",2,"ITGB2",0.000319676662297487,0,1,TRUE,1
"ligandKO:BMP2","bottom","ligand","BMP2-ENG",2,"POU2F1",0.000246899994906704,0,1,FALSE,1
"ligandKO:BMP2","bottom","ligand","BMP2-ENG",2,"JUN",-0.000521561452205819,0,1,TRUE,-1
"ligandKO:BMP2","bottom","ligand","BMP2-ENG",2,"CUX1",-0.00143991784206362,0,-1,TRUE,1
"ligandKO:BMP2","bottom","ligand","BMP2-ENG",2,"PLAG1",0.00013697909699604,0,-1,TRUE,-1
"ligandKO:BMP2","bottom","ligand","BMP2-ENG",2,"JUND",-0.000765131636365188,0,1,TRUE,-1
"ligandKO:BMP2","bottom","ligand","BMP2-ENG",2,"FOSL2",-0.00118636675956814,0,1,FALSE,-1
"ligandKO:BMP2","bottom","ligand","BMP2-ENG",2,"NR1D1",-0.000553982439873337,0,1,FALSE,-1
"ligandKO:BMP2","bottom","ligand","BMP2-ENG",2,"ZFY",-0.00124192976806352,0,1,TRUE,-1
"ligandKO:BMP2","bottom","ligand","BMP2-ENG",2,"FOSB",-0.000181337771467989,0,-1,FALSE,1
"ligandKO:BMP2","bottom","ligand","BMP2-ENG",2,"NR4A1",0.000345968269791573,0,1,TRUE,1
"ligandKO:BMP2","bottom","ligand","BMP2-ENG",2,"ATF4",-0.00150879750656378,0,1,FALSE,-1
"ligandKO:BMP2","bottom","ligand","BMP2-ENG",2,"NFIL3",-0.000276451887169754,0,1,FALSE,-1
"ligandKO:BMP2","bottom","ligand","BMP2-ENG",2,"STAT3",4.69619831180153e-06,0,1,FALSE,1
"ligandKO:BMP2","bottom","ligand","BMP2-ENG",2,"NFE2",-0.000348137524516291,0,1,TRUE,-1
"ligandKO:BMP2","bottom","ligand","BMP2-ENG",2,"MXI1",-0.0014142098175016,0,1,TRUE,-1
"ligandKO:BMP2","bottom","ligand","BMP2-ENG",2,"HIF1A",-0.00104937353894381,0,1,FALSE,-1
"ligandKO:BMP2","bottom","ligand","BMP2-ENG",2,"NFKB2",-0.000879187114319548,0,1,FALSE,-1
"ligandKO:BMP2","bottom","ligand","BMP2-ENG",2,"ATF3",-0.000772903801417371,0,1,FALSE,-1
"ligandKO:BMP2","bottom","ligand","BMP2-ENG",2,"HES4",0.000304887140373984,0,1,FALSE,1
"pairKO:BMP2-ENG","bottom","pair","BMP2-ENG",1,"ZBTB7A",-0.000102926863595462,0,-1,FALSE,1
"pairKO:BMP2-ENG","bottom","pair","BMP2-ENG",1,"KLF6",0.000862046924047237,0,-1,FALSE,-1
"pairKO:BMP2-ENG","bottom","pair","BMP2-ENG",1,"EGR1",3.8377570999247e-05,0,-1,FALSE,-1
"pairKO:BMP2-ENG","bottom","pair","BMP2-ENG",1,"KLF4",0.000175750944093061,0,-1,FALSE,-1
"pairKO:BMP2-ENG","bottom","pair","BMP2-ENG",1,"MEF2C",0.000581131541536549,0,-1,TRUE,-1
"pairKO:BMP2-ENG","bottom","pair","BMP2-ENG",1,"NR4A2",0.000131840737429928,0,1,TRUE,1
"pairKO:BMP2-ENG","bottom","pair","BMP2-ENG",1,"E2F5",-0.000247158208586362,0,1,TRUE,-1
"pairKO:BMP2-ENG","bottom","pair","BMP2-ENG",1,"FOXL2",-8.82153507285293e-05,0,NA,FALSE,NA
"pairKO:BMP2-ENG","bottom","pair","BMP2-ENG",1,"EGR3",0.00109601946239702,0,-1,TRUE,-1
"pairKO:BMP2-ENG","bottom","pair","BMP2-ENG",1,"BHLHE40",0.000860237966541932,0,-1,FALSE,-1
"pairKO:BMP2-ENG","bottom","pair","BMP2-ENG",1,"RUNX3",-0.00031250125946554,0,-1,FALSE,1
"pairKO:BMP2-ENG","bottom","pair","BMP2-ENG",1,"RAD21",-3.10029293028377e-05,0,1,TRUE,-1
"pairKO:BMP2-ENG","bottom","pair","BMP2-ENG",1,"BCL11A",-0.000159788230915142,0,1,FALSE,-1
"pairKO:BMP2-ENG","bottom","pair","BMP2-ENG",1,"GTF2I",-9.57864871985991e-05,0,1,TRUE,-1
"pairKO:BMP2-ENG","bottom","pair","BMP2-ENG",1,"CREB1",0.000769403533581963,0,1,TRUE,1
"pairKO:BMP2-ENG","bottom","pair","BMP2-ENG",1,"ELF2",0.000368766723073954,0,-1,FALSE,-1
"pairKO:BMP2-ENG","bottom","pair","BMP2-ENG",1,"MAFB",-0.000204339955649233,0,-1,TRUE,1
"pairKO:BMP2-ENG","bottom","pair","BMP2-ENG",1,"KLF2",-0.000823095935024177,0,-1,FALSE,1
"pairKO:BMP2-ENG","bottom","pair","BMP2-ENG",1,"ATF5",7.1379681302463e-05,0,1,FALSE,1
"pairKO:BMP2-ENG","bottom","pair","BMP2-ENG",1,"IRF8",-6.40489948744281e-05,0,1,FALSE,-1
"pairKO:BMP2-ENG","bottom","pair","BMP2-ENG",1,"BDP1",0.000248014390884616,0,1,TRUE,1
"pairKO:BMP2-ENG","bottom","pair","BMP2-ENG",1,"CREB5",-0.000218051677964182,0,1,FALSE,-1
"pairKO:BMP2-ENG","bottom","pair","BMP2-ENG",1,"CEBPD",0.000383130437373751,0,1,FALSE,1
"pairKO:BMP2-ENG","bottom","pair","BMP2-ENG",1,"HIVEP1",-0.000507474493715194,0,-1,TRUE,1
"pairKO:BMP2-ENG","bottom","pair","BMP2-ENG",1,"ETV7",0.000438069600456786,0,-1,TRUE,-1
"pairKO:BMP2-ENG","bottom","pair","BMP2-ENG",1,"POU4F1",-5.82822189057417e-05,0,-1,TRUE,1
"pairKO:BMP2-ENG","bottom","pair","BMP2-ENG",1,"ID1",-0.000894024327495632,0,1,FALSE,-1
"pairKO:BMP2-ENG","bottom","pair","BMP2-ENG",1,"HOXB2",9.94776736540494e-05,0,1,TRUE,1
"pairKO:BMP2-ENG","bottom","pair","BMP2-ENG",1,"SPI1",-0.00167259732746569,0,-1,TRUE,1
"pairKO:BMP2-ENG","bottom","pair","BMP2-ENG",1,"BCLAF1",0.000455371395812921,0,-1,FALSE,-1
"pairKO:BMP2-ENG","bottom","pair","BMP2-ENG",1,"STAT1",-0.000360274652563027,0,1,FALSE,-1
"pairKO:BMP2-ENG","bottom","pair","BMP2-ENG",1,"TCF7L2",6.27214185315807e-05,0,-1,FALSE,-1
"pairKO:BMP2-ENG","bottom","pair","BMP2-ENG",1,"BRCA1",0.000551582529257782,0,1,TRUE,1
"pairKO:BMP2-ENG","bottom","pair","BMP2-ENG",1,"CEBPB",0.000581863770402145,0,1,FALSE,1
"pairKO:BMP2-ENG","bottom","pair","BMP2-ENG",1,"RORA",0.000393723069095515,0,-1,FALSE,-1
"pairKO:BMP2-ENG","bottom","pair","BMP2-ENG",1,"ZBTB14",0.00167895414897032,0,-1,TRUE,-1
"pairKO:BMP2-ENG","bottom","pair","BMP2-ENG",1,"EGR2",-0.000573779214473555,0,-1,TRUE,1
"pairKO:BMP2-ENG","bottom","pair","BMP2-ENG",1,"IRF9",-0.000193854966814677,0,1,TRUE,-1
"pairKO:BMP2-ENG","bottom","pair","BMP2-ENG",1,"FOXC1",-0.000442500181864437,0,1,TRUE,-1
"pairKO:BMP2-ENG","bottom","pair","BMP2-ENG",1,"FOXP1",0.000389914925325948,0,-1,TRUE,-1
"pairKO:BMP2-ENG","bottom","pair","BMP2-ENG",1,"ESR1",-0.000136386975782264,0,1,TRUE,-1
"pairKO:BMP2-ENG","bottom","pair","BMP2-ENG",1,"AHR",-0.000431848499138082,0,1,TRUE,-1
"pairKO:BMP2-ENG","bottom","pair","BMP2-ENG",1,"KLF10",-0.000753566804179429,0,1,TRUE,-1
"pairKO:BMP2-ENG","bottom","pair","BMP2-ENG",1,"ZBTB7C",1.00458919284359e-05,0,1,TRUE,1
"pairKO:BMP2-ENG","bottom","pair","BMP2-ENG",1,"FOXP3",3.0179225985263e-05,0,1,TRUE,1
"pairKO:BMP2-ENG","bottom","pair","BMP2-ENG",1,"NFATC2",-0.000234863077843189,0,1,FALSE,-1
"pairKO:BMP2-ENG","bottom","pair","BMP2-ENG",1,"STAT2",-0.000277648281599456,0,1,FALSE,-1
"pairKO:BMP2-ENG","bottom","pair","BMP2-ENG",1,"RARG",-0.000314542554408068,0,1,TRUE,-1
"pairKO:BMP2-ENG","bottom","pair","BMP2-ENG",1,"XBP1",-0.000900807114674565,0,1,TRUE,-1
"pairKO:BMP2-ENG","bottom","pair","BMP2-ENG",1,"REL",-0.00111203143964373,0,1,TRUE,-1
"pairKO:BMP2-ENG","bottom","pair","BMP2-ENG",1,"POU2F2",0.000284568096426448,0,-1,FALSE,-1
"pairKO:BMP2-ENG","bottom","pair","BMP2-ENG",1,"IRF1",-0.000139485354747285,0,1,TRUE,-1
"pairKO:BMP2-ENG","bottom","pair","BMP2-ENG",1,"ETS2",-0.00108618377691853,0,1,FALSE,-1
"pairKO:BMP2-ENG","bottom","pair","BMP2-ENG",1,"TFEC",9.67159637366432e-05,0,1,TRUE,1
"pairKO:BMP2-ENG","bottom","pair","BMP2-ENG",1,"ITGB2",5.16067191988736e-05,0,1,TRUE,1
"pairKO:BMP2-ENG","bottom","pair","BMP2-ENG",1,"POU2F1",0.000658080961301387,0,1,FALSE,1
"pairKO:BMP2-ENG","bottom","pair","BMP2-ENG",1,"JUN",-0.000217362725310411,0,1,TRUE,-1
"pairKO:BMP2-ENG","bottom","pair","BMP2-ENG",1,"CUX1",-0.00120360783042661,0,-1,TRUE,1
"pairKO:BMP2-ENG","bottom","pair","BMP2-ENG",1,"PLAG1",7.45250316304835e-05,0,-1,TRUE,-1
"pairKO:BMP2-ENG","bottom","pair","BMP2-ENG",1,"JUND",-0.000345969683945525,0,1,TRUE,-1
"pairKO:BMP2-ENG","bottom","pair","BMP2-ENG",1,"FOSL2",-0.000941983153911995,0,1,FALSE,-1
"pairKO:BMP2-ENG","bottom","pair","BMP2-ENG",1,"NR1D1",-0.000483018046393211,0,1,FALSE,-1
"pairKO:BMP2-ENG","bottom","pair","BMP2-ENG",1,"ZFY",-0.00028013318728682,0,1,TRUE,-1
"pairKO:BMP2-ENG","bottom","pair","BMP2-ENG",1,"FOSB",-6.37360443867644e-05,0,-1,FALSE,1
"pairKO:BMP2-ENG","bottom","pair","BMP2-ENG",1,"NR4A1",2.33903486524566e-05,0,1,TRUE,1
"pairKO:BMP2-ENG","bottom","pair","BMP2-ENG",1,"ATF4",-0.000990266462810617,0,1,FALSE,-1
"pairKO:BMP2-ENG","bottom","pair","BMP2-ENG",1,"NFIL3",-0.000986875812263597,0,1,FALSE,-1
"pairKO:BMP2-ENG","bottom","pair","BMP2-ENG",1,"STAT3",-0.000608330404535543,0,1,FALSE,-1
"pairKO:BMP2-ENG","bottom","pair","BMP2-ENG",1,"NFE2",-0.000335644851090413,0,1,TRUE,-1
"pairKO:BMP2-ENG","bottom","pair","BMP2-ENG",1,"MXI1",-0.000724569462603346,0,1,TRUE,-1
"pairKO:BMP2-ENG","bottom","pair","BMP2-ENG",1,"HIF1A",-0.000885284857027011,0,1,FALSE,-1
"pairKO:BMP2-ENG","bottom","pair","BMP2-ENG",1,"NFKB2",-0.000346543256345055,0,1,FALSE,-1
"pairKO:BMP2-ENG","bottom","pair","BMP2-ENG",1,"ATF3",-3.21599094843085e-05,0,1,FALSE,-1
"pairKO:BMP2-ENG","bottom","pair","BMP2-ENG",1,"HES4",-0.00059404215086406,0,1,FALSE,-1
"receptorKO:CD93","random","receptor","COL4A3-CD93",1,"ZBTB7A",-0.001418963388221,-0.00029016260165814,-1,FALSE,1
"receptorKO:CD93","random","receptor","COL4A3-CD93",1,"KLF6",-0.0010358452229875,-3.99413830862555e-05,-1,FALSE,1
"receptorKO:CD93","random","receptor","COL4A3-CD93",1,"EGR1",-0.00242606630233816,-0.00104395928982712,-1,FALSE,1
"receptorKO:CD93","random","receptor","COL4A3-CD93",1,"KLF4",-0.009266377050703,-0.00047440574326222,-1,FALSE,1
"receptorKO:CD93","random","receptor","COL4A3-CD93",1,"MEF2C",-0.00212100660679319,0.000325378781326321,-1,TRUE,1
"receptorKO:CD93","random","receptor","COL4A3-CD93",1,"NR4A2",-0.00278343435207551,-0.000975439423009094,1,TRUE,-1
"receptorKO:CD93","random","receptor","COL4A3-CD93",1,"E2F5",-0.00186759065332897,-0.000520916717378297,1,TRUE,-1
"receptorKO:CD93","random","receptor","COL4A3-CD93",1,"FOXL2",-0.00370306248808641,0.000197482031269145,NA,FALSE,NA
"receptorKO:CD93","random","receptor","COL4A3-CD93",1,"EGR3",-0.000289123136275653,8.00316191050599e-05,-1,TRUE,1
"receptorKO:CD93","random","receptor","COL4A3-CD93",1,"BHLHE40",0.00116301898555681,0.000449600746233338,-1,FALSE,-1
"receptorKO:CD93","random","receptor","COL4A3-CD93",1,"RUNX3",0.00140608217289275,0.00298067597013025,-1,FALSE,-1
"receptorKO:CD93","random","receptor","COL4A3-CD93",1,"RAD21",-0.00415197334615523,-0.00213655210328454,1,TRUE,-1
"receptorKO:CD93","random","receptor","COL4A3-CD93",1,"BCL11A",-0.00998223058983545,-0.00330400301451738,1,FALSE,-1
"receptorKO:CD93","random","receptor","COL4A3-CD93",1,"GTF2I",-0.00408537046334137,-0.000577111879686162,1,TRUE,-1
"receptorKO:CD93","random","receptor","COL4A3-CD93",1,"CREB1",-0.00301893739883926,-0.00250418568297588,1,TRUE,-1
"receptorKO:CD93","random","receptor","COL4A3-CD93",1,"ELF2",-5.19673115194149e-05,0.000528864890752703,-1,FALSE,1
"receptorKO:CD93","random","receptor","COL4A3-CD93",1,"MAFB",-0.0079212189005005,-0.00197370905587889,-1,TRUE,1
"receptorKO:CD93","random","receptor","COL4A3-CD93",1,"KLF2",-0.0115012812590398,-0.00306578079171389,-1,FALSE,1
"receptorKO:CD93","random","receptor","COL4A3-CD93",1,"ATF5",-0.00378258496546859,-0.000691168883336536,1,FALSE,-1
"receptorKO:CD93","random","receptor","COL4A3-CD93",1,"IRF8",-0.00678662956696843,-0.00546437466737249,1,FALSE,-1
"receptorKO:CD93","random","receptor","COL4A3-CD93",1,"BDP1",-0.00189120091585165,-0.000478283938992604,1,TRUE,-1
"receptorKO:CD93","random","receptor","COL4A3-CD93",1,"CREB5",-0.00371555608521541,-0.00237663824813212,1,FALSE,-1
"receptorKO:CD93","random","receptor","COL4A3-CD93",1,"CEBPD",-0.00989081401442712,-0.00102662406773725,1,FALSE,-1
"receptorKO:CD93","random","receptor","COL4A3-CD93",1,"HIVEP1",-0.00048843654869726,1.85296917034588e-05,-1,TRUE,1
"receptorKO:CD93","random","receptor","COL4A3-CD93",1,"ETV7",-0.000551700205870884,-0.000648284396232023,-1,TRUE,1
"receptorKO:CD93","random","receptor","COL4A3-CD93",1,"POU4F1",-0.00433251709893059,-0.00106757950445824,-1,TRUE,1
"receptorKO:CD93","random","receptor","COL4A3-CD93",1,"ID1",-0.0102284767656725,-0.00289013156643468,1,FALSE,-1
"receptorKO:CD93","random","receptor","COL4A3-CD93",1,"HOXB2",-0.00360559171292191,-0.00173066988170487,1,TRUE,-1
"receptorKO:CD93","random","receptor","COL4A3-CD93",1,"SPI1",-0.00674345682518876,-0.00323232035939652,-1,TRUE,1
"receptorKO:CD93","random","receptor","COL4A3-CD93",1,"BCLAF1",-0.00160146767070423,-0.000691531880400876,-1,FALSE,1
"receptorKO:CD93","random","receptor","COL4A3-CD93",1,"STAT1",-0.00317474397063155,-0.000467371289875275,1,FALSE,-1
"receptorKO:CD93","random","receptor","COL4A3-CD93",1,"TCF7L2",-0.00611510679016929,-0.0025248101380325,-1,FALSE,1
"receptorKO:CD93","random","receptor","COL4A3-CD93",1,"BRCA1",0.00197334418271367,0.000900356289432386,1,TRUE,1
"receptorKO:CD93","random","receptor","COL4A3-CD93",1,"CEBPB",0.000136668555072907,0.0002499818382845,1,FALSE,1
"receptorKO:CD93","random","receptor","COL4A3-CD93",1,"RORA",0.000621007473506316,0.000714201321601591,-1,FALSE,-1
"receptorKO:CD93","random","receptor","COL4A3-CD93",1,"ZBTB14",-0.000554175641851083,-0.000615870319136714,-1,TRUE,1
"receptorKO:CD93","random","receptor","COL4A3-CD93",1,"EGR2",-0.00195050542391061,-0.00108742892391342,-1,TRUE,1
"receptorKO:CD93","random","receptor","COL4A3-CD93",1,"IRF9",-0.00336540670433644,-0.00258538903880239,1,TRUE,-1
"receptorKO:CD93","random","receptor","COL4A3-CD93",1,"FOXC1",-0.00531906681672606,-0.00395469613767875,1,TRUE,-1
"receptorKO:CD93","random","receptor","COL4A3-CD93",1,"FOXP1",0.000924981600794,0.00210011683551567,-1,TRUE,-1
"receptorKO:CD93","random","receptor","COL4A3-CD93",1,"ESR1",-0.00586187646210428,-0.00299282540990255,1,TRUE,-1
"receptorKO:CD93","random","receptor","COL4A3-CD93",1,"AHR",-0.00360689484755717,-0.00325954889160853,1,TRUE,-1
"receptorKO:CD93","random","receptor","COL4A3-CD93",1,"KLF10",-0.00292816358690948,-0.000478361443521849,1,TRUE,-1
"receptorKO:CD93","random","receptor","COL4A3-CD93",1,"ZBTB7C",-0.00621736652341096,-0.00308664930876333,1,TRUE,-1
"receptorKO:CD93","random","receptor","COL4A3-CD93",1,"FOXP3",-0.00097387516473346,0.000143071799864516,1,TRUE,-1
"receptorKO:CD93","random","receptor","COL4A3-CD93",1,"NFATC2",-0.00341064958528167,-0.000712724426006203,1,FALSE,-1
"receptorKO:CD93","random","receptor","COL4A3-CD93",1,"STAT2",-0.00369735091796178,-0.000590303228524935,1,FALSE,-1
"receptorKO:CD93","random","receptor","COL4A3-CD93",1,"RARG",-0.00582193396408528,-0.00349143651203355,1,TRUE,-1
"receptorKO:CD93","random","receptor","COL4A3-CD93",1,"XBP1",-0.0102797799794164,-0.00297525590041701,1,TRUE,-1
"receptorKO:CD93","random","receptor","COL4A3-CD93",1,"REL",-0.00176085488504814,-0.00208048976989642,1,TRUE,-1
"receptorKO:CD93","random","receptor","COL4A3-CD93",1,"POU2F2",0.00175479737339983,0.000330722475995878,-1,FALSE,-1
"receptorKO:CD93","random","receptor","COL4A3-CD93",1,"IRF1",-0.000449528693521586,-0.000439297296264702,1,TRUE,-1
"receptorKO:CD93","random","receptor","COL4A3-CD93",1,"ETS2",-0.00107318171604031,-4.99334083085498e-05,1,FALSE,-1
"receptorKO:CD93","random","receptor","COL4A3-CD93",1,"TFEC",-0.00219436208806255,-0.000253030912601152,1,TRUE,-1
"receptorKO:CD93","random","receptor","COL4A3-CD93",1,"ITGB2",0.00589293650737908,0.00428314797665964,1,TRUE,1
"receptorKO:CD93","random","receptor","COL4A3-CD93",1,"POU2F1",0.000236866280444316,-0.000160125877655512,1,FALSE,1
"receptorKO:CD93","random","receptor","COL4A3-CD93",1,"JUN",-0.0019801210475439,-0.0013137601107265,1,TRUE,-1
"receptorKO:CD93","random","receptor","COL4A3-CD93",1,"CUX1",-0.000330136422983468,-0.000532939316558,-1,TRUE,1
"receptorKO:CD93","random","receptor","COL4A3-CD93",1,"PLAG1",0.00525014600688328,0.000913876929620646,-1,TRUE,-1
"receptorKO:CD93","random","receptor","COL4A3-CD93",1,"JUND",-0.0025829779498077,-0.00221051863309465,1,TRUE,-1
"receptorKO:CD93","random","receptor","COL4A3-CD93",1,"FOSL2",-0.00116183635439175,-0.00204327420082742,1,FALSE,-1
"receptorKO:CD93","random","receptor","COL4A3-CD93",1,"NR1D1",-0.000814340200329524,-0.000276166232214544,1,FALSE,-1
"receptorKO:CD93","random","receptor","COL4A3-CD93",1,"ZFY",-0.000438112822533434,-0.000226345064015491,1,TRUE,-1
"receptorKO:CD93","random","receptor","COL4A3-CD93",1,"FOSB",0.00147171333695125,-0.000935946446413927,-1,FALSE,-1
"receptorKO:CD93","random","receptor","COL4A3-CD93",1,"NR4A1",-0.000613800339219442,-0.00183841177451664,1,TRUE,-1
"receptorKO:CD93","random","receptor","COL4A3-CD93",1,"ATF4",0.00172040126676002,0.00184607879246012,1,FALSE,1
"receptorKO:CD93","random","receptor","COL4A3-CD93",1,"NFIL3",0.00258901366876713,0.000649585173906797,1,FALSE,1
"receptorKO:CD93","random","receptor","COL4A3-CD93",1,"STAT3",0.00143949737105957,0.000243200380743456,1,FALSE,1
"receptorKO:CD93","random","receptor","COL4A3-CD93",1,"NFE2",-0.000803005312500788,-0.000792552003246005,1,TRUE,-1
"receptorKO:CD93","random","receptor","COL4A3-CD93",1,"MXI1",-8.00890574467086e-05,0.0003851625276899,1,TRUE,-1
"receptorKO:CD93","random","receptor","COL4A3-CD93",1,"HIF1A",0.00094462912067904,-2.9425791896824e-05,1,FALSE,1
"receptorKO:CD93","random","receptor","COL4A3-CD93",1,"NFKB2",0.00162309277683326,0.00054099603166955,1,FALSE,1
"receptorKO:CD93","random","receptor","COL4A3-CD93",1,"ATF3",0.00147240238944778,0.00289251805181234,1,FALSE,1
"receptorKO:CD93","random","receptor","COL4A3-CD93",1,"HES4",0.00621794260095011,0.00176214778093337,1,FALSE,1
"ligandKO:COL4A3","random","ligand","COL4A3-CD93",1,"ZBTB7A",-0.001418963388221,-0.00029016260165814,-1,FALSE,1
"ligandKO:COL4A3","random","ligand","COL4A3-CD93",1,"KLF6",-0.0010358452229875,-3.99413830862555e-05,-1,FALSE,1
"ligandKO:COL4A3","random","ligand","COL4A3-CD93",1,"EGR1",-0.00242606630233816,-0.00104395928982712,-1,FALSE,1
"ligandKO:COL4A3","random","ligand","COL4A3-CD93",1,"KLF4",-0.009266377050703,-0.00047440574326222,-1,FALSE,1
"ligandKO:COL4A3","random","ligand","COL4A3-CD93",1,"MEF2C",-0.00212100660679319,0.000325378781326321,-1,TRUE,1
"ligandKO:COL4A3","random","ligand","COL4A3-CD93",1,"NR4A2",-0.00278343435207551,-0.000975439423009094,1,TRUE,-1
"ligandKO:COL4A3","random","ligand","COL4A3-CD93",1,"E2F5",-0.00186759065332897,-0.000520916717378297,1,TRUE,-1
"ligandKO:COL4A3","random","ligand","COL4A3-CD93",1,"FOXL2",-0.00370306248808641,0.000197482031269145,NA,FALSE,NA
"ligandKO:COL4A3","random","ligand","COL4A3-CD93",1,"EGR3",-0.000289123136275653,8.00316191050599e-05,-1,TRUE,1
"ligandKO:COL4A3","random","ligand","COL4A3-CD93",1,"BHLHE40",0.00116301898555681,0.000449600746233338,-1,FALSE,-1
"ligandKO:COL4A3","random","ligand","COL4A3-CD93",1,"RUNX3",0.00140608217289275,0.00298067597013025,-1,FALSE,-1
"ligandKO:COL4A3","random","ligand","COL4A3-CD93",1,"RAD21",-0.00415197334615523,-0.00213655210328454,1,TRUE,-1
"ligandKO:COL4A3","random","ligand","COL4A3-CD93",1,"BCL11A",-0.00998223058983545,-0.00330400301451738,1,FALSE,-1
"ligandKO:COL4A3","random","ligand","COL4A3-CD93",1,"GTF2I",-0.00408537046334137,-0.000577111879686162,1,TRUE,-1
"ligandKO:COL4A3","random","ligand","COL4A3-CD93",1,"CREB1",-0.00301893739883926,-0.00250418568297588,1,TRUE,-1
"ligandKO:COL4A3","random","ligand","COL4A3-CD93",1,"ELF2",-5.19673115194149e-05,0.000528864890752703,-1,FALSE,1
"ligandKO:COL4A3","random","ligand","COL4A3-CD93",1,"MAFB",-0.0079212189005005,-0.00197370905587889,-1,TRUE,1
"ligandKO:COL4A3","random","ligand","COL4A3-CD93",1,"KLF2",-0.0115012812590398,-0.00306578079171389,-1,FALSE,1
"ligandKO:COL4A3","random","ligand","COL4A3-CD93",1,"ATF5",-0.00378258496546859,-0.000691168883336536,1,FALSE,-1
"ligandKO:COL4A3","random","ligand","COL4A3-CD93",1,"IRF8",-0.00678662956696843,-0.00546437466737249,1,FALSE,-1
"ligandKO:COL4A3","random","ligand","COL4A3-CD93",1,"BDP1",-0.00189120091585165,-0.000478283938992604,1,TRUE,-1
"ligandKO:COL4A3","random","ligand","COL4A3-CD93",1,"CREB5",-0.00371555608521541,-0.00237663824813212,1,FALSE,-1
"ligandKO:COL4A3","random","ligand","COL4A3-CD93",1,"CEBPD",-0.00989081401442712,-0.00102662406773725,1,FALSE,-1
"ligandKO:COL4A3","random","ligand","COL4A3-CD93",1,"HIVEP1",-0.00048843654869726,1.85296917034588e-05,-1,TRUE,1
"ligandKO:COL4A3","random","ligand","COL4A3-CD93",1,"ETV7",-0.000551700205870884,-0.000648284396232023,-1,TRUE,1
"ligandKO:COL4A3","random","ligand","COL4A3-CD93",1,"POU4F1",-0.00433251709893059,-0.00106757950445824,-1,TRUE,1
"ligandKO:COL4A3","random","ligand","COL4A3-CD93",1,"ID1",-0.0102284767656725,-0.00289013156643468,1,FALSE,-1
"ligandKO:COL4A3","random","ligand","COL4A3-CD93",1,"HOXB2",-0.00360559171292191,-0.00173066988170487,1,TRUE,-1
"ligandKO:COL4A3","random","ligand","COL4A3-CD93",1,"SPI1",-0.00674345682518876,-0.00323232035939652,-1,TRUE,1
"ligandKO:COL4A3","random","ligand","COL4A3-CD93",1,"BCLAF1",-0.00160146767070423,-0.000691531880400876,-1,FALSE,1
"ligandKO:COL4A3","random","ligand","COL4A3-CD93",1,"STAT1",-0.00317474397063155,-0.000467371289875275,1,FALSE,-1
"ligandKO:COL4A3","random","ligand","COL4A3-CD93",1,"TCF7L2",-0.00611510679016929,-0.0025248101380325,-1,FALSE,1
"ligandKO:COL4A3","random","ligand","COL4A3-CD93",1,"BRCA1",0.00197334418271367,0.000900356289432386,1,TRUE,1
"ligandKO:COL4A3","random","ligand","COL4A3-CD93",1,"CEBPB",0.000136668555072907,0.0002499818382845,1,FALSE,1
"ligandKO:COL4A3","random","ligand","COL4A3-CD93",1,"RORA",0.000621007473506316,0.000714201321601591,-1,FALSE,-1
"ligandKO:COL4A3","random","ligand","COL4A3-CD93",1,"ZBTB14",-0.000554175641851083,-0.000615870319136714,-1,TRUE,1
"ligandKO:COL4A3","random","ligand","COL4A3-CD93",1,"EGR2",-0.00195050542391061,-0.00108742892391342,-1,TRUE,1
"ligandKO:COL4A3","random","ligand","COL4A3-CD93",1,"IRF9",-0.00336540670433644,-0.00258538903880239,1,TRUE,-1
"ligandKO:COL4A3","random","ligand","COL4A3-CD93",1,"FOXC1",-0.00531906681672606,-0.00395469613767875,1,TRUE,-1
"ligandKO:COL4A3","random","ligand","COL4A3-CD93",1,"FOXP1",0.000924981600794,0.00210011683551567,-1,TRUE,-1
"ligandKO:COL4A3","random","ligand","COL4A3-CD93",1,"ESR1",-0.00586187646210428,-0.00299282540990255,1,TRUE,-1
"ligandKO:COL4A3","random","ligand","COL4A3-CD93",1,"AHR",-0.00360689484755717,-0.00325954889160853,1,TRUE,-1
"ligandKO:COL4A3","random","ligand","COL4A3-CD93",1,"KLF10",-0.00292816358690948,-0.000478361443521849,1,TRUE,-1
"ligandKO:COL4A3","random","ligand","COL4A3-CD93",1,"ZBTB7C",-0.00621736652341096,-0.00308664930876333,1,TRUE,-1
"ligandKO:COL4A3","random","ligand","COL4A3-CD93",1,"FOXP3",-0.00097387516473346,0.000143071799864516,1,TRUE,-1
"ligandKO:COL4A3","random","ligand","COL4A3-CD93",1,"NFATC2",-0.00341064958528167,-0.000712724426006203,1,FALSE,-1
"ligandKO:COL4A3","random","ligand","COL4A3-CD93",1,"STAT2",-0.00369735091796178,-0.000590303228524935,1,FALSE,-1
"ligandKO:COL4A3","random","ligand","COL4A3-CD93",1,"RARG",-0.00582193396408528,-0.00349143651203355,1,TRUE,-1
"ligandKO:COL4A3","random","ligand","COL4A3-CD93",1,"XBP1",-0.0102797799794164,-0.00297525590041701,1,TRUE,-1
"ligandKO:COL4A3","random","ligand","COL4A3-CD93",1,"REL",-0.00176085488504814,-0.00208048976989642,1,TRUE,-1
"ligandKO:COL4A3","random","ligand","COL4A3-CD93",1,"POU2F2",0.00175479737339983,0.000330722475995878,-1,FALSE,-1
"ligandKO:COL4A3","random","ligand","COL4A3-CD93",1,"IRF1",-0.000449528693521586,-0.000439297296264702,1,TRUE,-1
"ligandKO:COL4A3","random","ligand","COL4A3-CD93",1,"ETS2",-0.00107318171604031,-4.99334083085498e-05,1,FALSE,-1
"ligandKO:COL4A3","random","ligand","COL4A3-CD93",1,"TFEC",-0.00219436208806255,-0.000253030912601152,1,TRUE,-1
"ligandKO:COL4A3","random","ligand","COL4A3-CD93",1,"ITGB2",0.00589293650737908,0.00428314797665964,1,TRUE,1
"ligandKO:COL4A3","random","ligand","COL4A3-CD93",1,"POU2F1",0.000236866280444316,-0.000160125877655512,1,FALSE,1
"ligandKO:COL4A3","random","ligand","COL4A3-CD93",1,"JUN",-0.0019801210475439,-0.0013137601107265,1,TRUE,-1
"ligandKO:COL4A3","random","ligand","COL4A3-CD93",1,"CUX1",-0.000330136422983468,-0.000532939316558,-1,TRUE,1
"ligandKO:COL4A3","random","ligand","COL4A3-CD93",1,"PLAG1",0.00525014600688328,0.000913876929620646,-1,TRUE,-1
"ligandKO:COL4A3","random","ligand","COL4A3-CD93",1,"JUND",-0.0025829779498077,-0.00221051863309465,1,TRUE,-1
"ligandKO:COL4A3","random","ligand","COL4A3-CD93",1,"FOSL2",-0.00116183635439175,-0.00204327420082742,1,FALSE,-1
"ligandKO:COL4A3","random","ligand","COL4A3-CD93",1,"NR1D1",-0.000814340200329524,-0.000276166232214544,1,FALSE,-1
"ligandKO:COL4A3","random","ligand","COL4A3-CD93",1,"ZFY",-0.000438112822533434,-0.000226345064015491,1,TRUE,-1
"ligandKO:COL4A3","random","ligand","COL4A3-CD93",1,"FOSB",0.00147171333695125,-0.000935946446413927,-1,FALSE,-1
"ligandKO:COL4A3","random","ligand","COL4A3-CD93",1,"NR4A1",-0.000613800339219442,-0.00183841177451664,1,TRUE,-1
"ligandKO:COL4A3","random","ligand","COL4A3-CD93",1,"ATF4",0.00172040126676002,0.00184607879246012,1,FALSE,1
"ligandKO:COL4A3","random","ligand","COL4A3-CD93",1,"NFIL3",0.00258901366876713,0.000649585173906797,1,FALSE,1
"ligandKO:COL4A3","random","ligand","COL4A3-CD93",1,"STAT3",0.00143949737105957,0.000243200380743456,1,FALSE,1
"ligandKO:COL4A3","random","ligand","COL4A3-CD93",1,"NFE2",-0.000803005312500788,-0.000792552003246005,1,TRUE,-1
"ligandKO:COL4A3","random","ligand","COL4A3-CD93",1,"MXI1",-8.00890574467086e-05,0.0003851625276899,1,TRUE,-1
"ligandKO:COL4A3","random","ligand","COL4A3-CD93",1,"HIF1A",0.00094462912067904,-2.9425791896824e-05,1,FALSE,1
"ligandKO:COL4A3","random","ligand","COL4A3-CD93",1,"NFKB2",0.00162309277683326,0.00054099603166955,1,FALSE,1
"ligandKO:COL4A3","random","ligand","COL4A3-CD93",1,"ATF3",0.00147240238944778,0.00289251805181234,1,FALSE,1
"ligandKO:COL4A3","random","ligand","COL4A3-CD93",1,"HES4",0.00621794260095011,0.00176214778093337,1,FALSE,1
"pairKO:COL4A3-CD93","random","pair","COL4A3-CD93",1,"ZBTB7A",-0.001418963388221,-0.00029016260165814,-1,FALSE,1
"pairKO:COL4A3-CD93","random","pair","COL4A3-CD93",1,"KLF6",-0.0010358452229875,-3.99413830862555e-05,-1,FALSE,1
"pairKO:COL4A3-CD93","random","pair","COL4A3-CD93",1,"EGR1",-0.00242606630233816,-0.00104395928982712,-1,FALSE,1
"pairKO:COL4A3-CD93","random","pair","COL4A3-CD93",1,"KLF4",-0.009266377050703,-0.00047440574326222,-1,FALSE,1
"pairKO:COL4A3-CD93","random","pair","COL4A3-CD93",1,"MEF2C",-0.00212100660679319,0.000325378781326321,-1,TRUE,1
"pairKO:COL4A3-CD93","random","pair","COL4A3-CD93",1,"NR4A2",-0.00278343435207551,-0.000975439423009094,1,TRUE,-1
"pairKO:COL4A3-CD93","random","pair","COL4A3-CD93",1,"E2F5",-0.00186759065332897,-0.000520916717378297,1,TRUE,-1
"pairKO:COL4A3-CD93","random","pair","COL4A3-CD93",1,"FOXL2",-0.00370306248808641,0.000197482031269145,NA,FALSE,NA
"pairKO:COL4A3-CD93","random","pair","COL4A3-CD93",1,"EGR3",-0.000289123136275653,8.00316191050599e-05,-1,TRUE,1
"pairKO:COL4A3-CD93","random","pair","COL4A3-CD93",1,"BHLHE40",0.00116301898555681,0.000449600746233338,-1,FALSE,-1
"pairKO:COL4A3-CD93","random","pair","COL4A3-CD93",1,"RUNX3",0.00140608217289275,0.00298067597013025,-1,FALSE,-1
"pairKO:COL4A3-CD93","random","pair","COL4A3-CD93",1,"RAD21",-0.00415197334615523,-0.00213655210328454,1,TRUE,-1
"pairKO:COL4A3-CD93","random","pair","COL4A3-CD93",1,"BCL11A",-0.00998223058983545,-0.00330400301451738,1,FALSE,-1
"pairKO:COL4A3-CD93","random","pair","COL4A3-CD93",1,"GTF2I",-0.00408537046334137,-0.000577111879686162,1,TRUE,-1
"pairKO:COL4A3-CD93","random","pair","COL4A3-CD93",1,"CREB1",-0.00301893739883926,-0.00250418568297588,1,TRUE,-1
"pairKO:COL4A3-CD93","random","pair","COL4A3-CD93",1,"ELF2",-5.19673115194149e-05,0.000528864890752703,-1,FALSE,1
"pairKO:COL4A3-CD93","random","pair","COL4A3-CD93",1,"MAFB",-0.0079212189005005,-0.00197370905587889,-1,TRUE,1
"pairKO:COL4A3-CD93","random","pair","COL4A3-CD93",1,"KLF2",-0.0115012812590398,-0.00306578079171389,-1,FALSE,1
"pairKO:COL4A3-CD93","random","pair","COL4A3-CD93",1,"ATF5",-0.00378258496546859,-0.000691168883336536,1,FALSE,-1
"pairKO:COL4A3-CD93","random","pair","COL4A3-CD93",1,"IRF8",-0.00678662956696843,-0.00546437466737249,1,FALSE,-1
"pairKO:COL4A3-CD93","random","pair","COL4A3-CD93",1,"BDP1",-0.00189120091585165,-0.000478283938992604,1,TRUE,-1
"pairKO:COL4A3-CD93","random","pair","COL4A3-CD93",1,"CREB5",-0.00371555608521541,-0.00237663824813212,1,FALSE,-1
"pairKO:COL4A3-CD93","random","pair","COL4A3-CD93",1,"CEBPD",-0.00989081401442712,-0.00102662406773725,1,FALSE,-1
"pairKO:COL4A3-CD93","random","pair","COL4A3-CD93",1,"HIVEP1",-0.00048843654869726,1.85296917034588e-05,-1,TRUE,1
"pairKO:COL4A3-CD93","random","pair","COL4A3-CD93",1,"ETV7",-0.000551700205870884,-0.000648284396232023,-1,TRUE,1
"pairKO:COL4A3-CD93","random","pair","COL4A3-CD93",1,"POU4F1",-0.00433251709893059,-0.00106757950445824,-1,TRUE,1
"pairKO:COL4A3-CD93","random","pair","COL4A3-CD93",1,"ID1",-0.0102284767656725,-0.00289013156643468,1,FALSE,-1
"pairKO:COL4A3-CD93","random","pair","COL4A3-CD93",1,"HOXB2",-0.00360559171292191,-0.00173066988170487,1,TRUE,-1
"pairKO:COL4A3-CD93","random","pair","COL4A3-CD93",1,"SPI1",-0.00674345682518876,-0.00323232035939652,-1,TRUE,1
"pairKO:COL4A3-CD93","random","pair","COL4A3-CD93",1,"BCLAF1",-0.00160146767070423,-0.000691531880400876,-1,FALSE,1
"pairKO:COL4A3-CD93","random","pair","COL4A3-CD93",1,"STAT1",-0.00317474397063155,-0.000467371289875275,1,FALSE,-1
"pairKO:COL4A3-CD93","random","pair","COL4A3-CD93",1,"TCF7L2",-0.00611510679016929,-0.0025248101380325,-1,FALSE,1
"pairKO:COL4A3-CD93","random","pair","COL4A3-CD93",1,"BRCA1",0.00197334418271367,0.000900356289432386,1,TRUE,1
"pairKO:COL4A3-CD93","random","pair","COL4A3-CD93",1,"CEBPB",0.000136668555072907,0.0002499818382845,1,FALSE,1
"pairKO:COL4A3-CD93","random","pair","COL4A3-CD93",1,"RORA",0.000621007473506316,0.000714201321601591,-1,FALSE,-1
"pairKO:COL4A3-CD93","random","pair","COL4A3-CD93",1,"ZBTB14",-0.000554175641851083,-0.000615870319136714,-1,TRUE,1
"pairKO:COL4A3-CD93","random","pair","COL4A3-CD93",1,"EGR2",-0.00195050542391061,-0.00108742892391342,-1,TRUE,1
"pairKO:COL4A3-CD93","random","pair","COL4A3-CD93",1,"IRF9",-0.00336540670433644,-0.00258538903880239,1,TRUE,-1
"pairKO:COL4A3-CD93","random","pair","COL4A3-CD93",1,"FOXC1",-0.00531906681672606,-0.00395469613767875,1,TRUE,-1
"pairKO:COL4A3-CD93","random","pair","COL4A3-CD93",1,"FOXP1",0.000924981600794,0.00210011683551567,-1,TRUE,-1
"pairKO:COL4A3-CD93","random","pair","COL4A3-CD93",1,"ESR1",-0.00586187646210428,-0.00299282540990255,1,TRUE,-1
"pairKO:COL4A3-CD93","random","pair","COL4A3-CD93",1,"AHR",-0.00360689484755717,-0.00325954889160853,1,TRUE,-1
"pairKO:COL4A3-CD93","random","pair","COL4A3-CD93",1,"KLF10",-0.00292816358690948,-0.000478361443521849,1,TRUE,-1
"pairKO:COL4A3-CD93","random","pair","COL4A3-CD93",1,"ZBTB7C",-0.00621736652341096,-0.00308664930876333,1,TRUE,-1
"pairKO:COL4A3-CD93","random","pair","COL4A3-CD93",1,"FOXP3",-0.00097387516473346,0.000143071799864516,1,TRUE,-1
"pairKO:COL4A3-CD93","random","pair","COL4A3-CD93",1,"NFATC2",-0.00341064958528167,-0.000712724426006203,1,FALSE,-1
"pairKO:COL4A3-CD93","random","pair","COL4A3-CD93",1,"STAT2",-0.00369735091796178,-0.000590303228524935,1,FALSE,-1
"pairKO:COL4A3-CD93","random","pair","COL4A3-CD93",1,"RARG",-0.00582193396408528,-0.00349143651203355,1,TRUE,-1
"pairKO:COL4A3-CD93","random","pair","COL4A3-CD93",1,"XBP1",-0.0102797799794164,-0.00297525590041701,1,TRUE,-1
"pairKO:COL4A3-CD93","random","pair","COL4A3-CD93",1,"REL",-0.00176085488504814,-0.00208048976989642,1,TRUE,-1
"pairKO:COL4A3-CD93","random","pair","COL4A3-CD93",1,"POU2F2",0.00175479737339983,0.000330722475995878,-1,FALSE,-1
"pairKO:COL4A3-CD93","random","pair","COL4A3-CD93",1,"IRF1",-0.000449528693521586,-0.000439297296264702,1,TRUE,-1
"pairKO:COL4A3-CD93","random","pair","COL4A3-CD93",1,"ETS2",-0.00107318171604031,-4.99334083085498e-05,1,FALSE,-1
"pairKO:COL4A3-CD93","random","pair","COL4A3-CD93",1,"TFEC",-0.00219436208806255,-0.000253030912601152,1,TRUE,-1
"pairKO:COL4A3-CD93","random","pair","COL4A3-CD93",1,"ITGB2",0.00589293650737908,0.00428314797665964,1,TRUE,1
"pairKO:COL4A3-CD93","random","pair","COL4A3-CD93",1,"POU2F1",0.000236866280444316,-0.000160125877655512,1,FALSE,1
"pairKO:COL4A3-CD93","random","pair","COL4A3-CD93",1,"JUN",-0.0019801210475439,-0.0013137601107265,1,TRUE,-1
"pairKO:COL4A3-CD93","random","pair","COL4A3-CD93",1,"CUX1",-0.000330136422983468,-0.000532939316558,-1,TRUE,1
"pairKO:COL4A3-CD93","random","pair","COL4A3-CD93",1,"PLAG1",0.00525014600688328,0.000913876929620646,-1,TRUE,-1
"pairKO:COL4A3-CD93","random","pair","COL4A3-CD93",1,"JUND",-0.0025829779498077,-0.00221051863309465,1,TRUE,-1
"pairKO:COL4A3-CD93","random","pair","COL4A3-CD93",1,"FOSL2",-0.00116183635439175,-0.00204327420082742,1,FALSE,-1
"pairKO:COL4A3-CD93","random","pair","COL4A3-CD93",1,"NR1D1",-0.000814340200329524,-0.000276166232214544,1,FALSE,-1
"pairKO:COL4A3-CD93","random","pair","COL4A3-CD93",1,"ZFY",-0.000438112822533434,-0.000226345064015491,1,TRUE,-1
"pairKO:COL4A3-CD93","random","pair","COL4A3-CD93",1,"FOSB",0.00147171333695125,-0.000935946446413927,-1,FALSE,-1
"pairKO:COL4A3-CD93","random","pair","COL4A3-CD93",1,"NR4A1",-0.000613800339219442,-0.00183841177451664,1,TRUE,-1
"pairKO:COL4A3-CD93","random","pair","COL4A3-CD93",1,"ATF4",0.00172040126676002,0.00184607879246012,1,FALSE,1
"pairKO:COL4A3-CD93","random","pair","COL4A3-CD93",1,"NFIL3",0.00258901366876713,0.000649585173906797,1,FALSE,1
"pairKO:COL4A3-CD93","random","pair","COL4A3-CD93",1,"STAT3",0.00143949737105957,0.000243200380743456,1,FALSE,1
"pairKO:COL4A3-CD93","random","pair","COL4A3-CD93",1,"NFE2",-0.000803005312500788,-0.000792552003246005,1,TRUE,-1
"pairKO:COL4A3-CD93","random","pair","COL4A3-CD93",1,"MXI1",-8.00890574467086e-05,0.0003851625276899,1,TRUE,-1
"pairKO:COL4A3-CD93","random","pair","COL4A3-CD93",1,"HIF1A",0.00094462912067904,-2.9425791896824e-05,1,FALSE,1
"pairKO:COL4A3-CD93","random","pair","COL4A3-CD93",1,"NFKB2",0.00162309277683326,0.00054099603166955,1,FALSE,1
"pairKO:COL4A3-CD93","random","pair","COL4A3-CD93",1,"ATF3",0.00147240238944778,0.00289251805181234,1,FALSE,1
"pairKO:COL4A3-CD93","random","pair","COL4A3-CD93",1,"HES4",0.00621794260095011,0.00176214778093337,1,FALSE,1
"receptorKO:C3AR1","random","receptor","C3-C3AR1",1,"ZBTB7A",0.0097004585525851,0.00569477535595598,-1,FALSE,-1
"receptorKO:C3AR1","random","receptor","C3-C3AR1",1,"KLF6",-0.00536673864157833,-0.00931947820849308,-1,FALSE,1
"receptorKO:C3AR1","random","receptor","C3-C3AR1",1,"EGR1",0.00981099293316783,0.00281780758414582,-1,FALSE,-1
"receptorKO:C3AR1","random","receptor","C3-C3AR1",1,"KLF4",-0.0185119284811431,-0.018643406878174,-1,FALSE,1
"receptorKO:C3AR1","random","receptor","C3-C3AR1",1,"MEF2C",0.0154091580157058,0.0191044248702825,-1,TRUE,-1
"receptorKO:C3AR1","random","receptor","C3-C3AR1",1,"NR4A2",0.017072042771029,0.0236219819930404,1,TRUE,1
"receptorKO:C3AR1","random","receptor","C3-C3AR1",1,"E2F5",0.00526496380244811,0.0062803236930427,1,TRUE,1
"receptorKO:C3AR1","random","receptor","C3-C3AR1",1,"FOXL2",0.00423118984052375,0.0152434743401505,NA,FALSE,NA
"receptorKO:C3AR1","random","receptor","C3-C3AR1",1,"EGR3",0.0106490474293673,0.00872378214626305,-1,TRUE,-1
"receptorKO:C3AR1","random","receptor","C3-C3AR1",1,"BHLHE40",0.0149277972242634,0.0307625826979381,-1,FALSE,-1
"receptorKO:C3AR1","random","receptor","C3-C3AR1",1,"RUNX3",-0.000450037344132232,0.000251936270624599,-1,FALSE,1
"receptorKO:C3AR1","random","receptor","C3-C3AR1",1,"RAD21",-0.0412411323807259,-0.0746126414153942,1,TRUE,-1
"receptorKO:C3AR1","random","receptor","C3-C3AR1",1,"BCL11A",-0.0204479135488038,-0.0284726039648588,1,FALSE,-1
"receptorKO:C3AR1","random","receptor","C3-C3AR1",1,"GTF2I",0.0189796303359014,0.0204787486097556,1,TRUE,1
"receptorKO:C3AR1","random","receptor","C3-C3AR1",1,"CREB1",0.00542604431786511,0.00411663461272745,1,TRUE,1
"receptorKO:C3AR1","random","receptor","C3-C3AR1",1,"ELF2",-0.00178675449879582,-0.0146103498284581,-1,FALSE,1
"receptorKO:C3AR1","random","receptor","C3-C3AR1",1,"MAFB",-0.0481031575724201,-0.069817401059989,-1,TRUE,1
"receptorKO:C3AR1","random","receptor","C3-C3AR1",1,"KLF2",-0.00474048245542569,-0.00809005710181317,-1,FALSE,1
"receptorKO:C3AR1","random","receptor","C3-C3AR1",1,"ATF5",0.00269628124321806,-0.00401299944792917,1,FALSE,1
"receptorKO:C3AR1","random","receptor","C3-C3AR1",1,"IRF8",-0.00468445306535746,-0.00461098076431317,1,FALSE,-1
"receptorKO:C3AR1","random","receptor","C3-C3AR1",1,"BDP1",-0.0367750028392116,-0.0511957319702713,1,TRUE,-1
"receptorKO:C3AR1","random","receptor","C3-C3AR1",1,"CREB5",0.0203239612338273,0.0191317162950666,1,FALSE,1
"receptorKO:C3AR1","random","receptor","C3-C3AR1",1,"CEBPD",-0.0435076104342772,-0.082091520605203,1,FALSE,-1
"receptorKO:C3AR1","random","receptor","C3-C3AR1",1,"HIVEP1",-0.00145452288430138,0.00910391926798361,-1,TRUE,1
"receptorKO:C3AR1","random","receptor","C3-C3AR1",1,"ETV7",0.008322034176823,0.00569982616881314,-1,TRUE,-1
"receptorKO:C3AR1","random","receptor","C3-C3AR1",1,"POU4F1",-0.181693906855107,-0.184173512373269,-1,TRUE,1
"receptorKO:C3AR1","random","receptor","C3-C3AR1",1,"ID1",0.0046606094296492,0.000404841299582124,1,FALSE,1
"receptorKO:C3AR1","random","receptor","C3-C3AR1",1,"HOXB2",0.00387763570951365,-0.0369506820640594,1,TRUE,1
"receptorKO:C3AR1","random","receptor","C3-C3AR1",1,"SPI1",-0.000260085351002513,-0.00565108622158856,-1,TRUE,1
"receptorKO:C3AR1","random","receptor","C3-C3AR1",1,"BCLAF1",-0.0374220181985037,-0.0676658722506854,-1,FALSE,1
"receptorKO:C3AR1","random","receptor","C3-C3AR1",1,"STAT1",-0.0286560393636784,-0.0518150403127361,1,FALSE,-1
"receptorKO:C3AR1","random","receptor","C3-C3AR1",1,"TCF7L2",-0.00375796353586618,-0.011210778881116,-1,FALSE,1
"receptorKO:C3AR1","random","receptor","C3-C3AR1",1,"BRCA1",0.000767560148985583,-0.00277731321831265,1,TRUE,1
"receptorKO:C3AR1","random","receptor","C3-C3AR1",1,"CEBPB",-0.0773447603128194,-0.105160184463997,1,FALSE,-1
"receptorKO:C3AR1","random","receptor","C3-C3AR1",1,"RORA",-0.18731779418476,-0.185771766289167,-1,FALSE,1
"receptorKO:C3AR1","random","receptor","C3-C3AR1",1,"ZBTB14",0.0101234930684354,0.0136185479104947,-1,TRUE,-1
"receptorKO:C3AR1","random","receptor","C3-C3AR1",1,"EGR2",-0.0285872411194274,-0.0643226855530568,-1,TRUE,1
"receptorKO:C3AR1","random","receptor","C3-C3AR1",1,"IRF9",-0.0168834880715455,-0.0323942716978947,1,TRUE,-1
"receptorKO:C3AR1","random","receptor","C3-C3AR1",1,"FOXC1",-0.0225439519793439,-0.0359562410144511,1,TRUE,-1
"receptorKO:C3AR1","random","receptor","C3-C3AR1",1,"FOXP1",-0.108524432702276,-0.110922582097013,-1,TRUE,1
"receptorKO:C3AR1","random","receptor","C3-C3AR1",1,"ESR1",-0.0473575546737978,-0.0766775250841863,1,TRUE,-1
"receptorKO:C3AR1","random","receptor","C3-C3AR1",1,"AHR",-0.000982419733704971,-0.0109239785368931,1,TRUE,-1
"receptorKO:C3AR1","random","receptor","C3-C3AR1",1,"KLF10",-0.0226820301719833,-0.0627778342700493,1,TRUE,-1
"receptorKO:C3AR1","random","receptor","C3-C3AR1",1,"ZBTB7C",-0.0323915370357358,-0.058374122460528,1,TRUE,-1
"receptorKO:C3AR1","random","receptor","C3-C3AR1",1,"FOXP3",0.0214897768195346,0.0015107062923258,1,TRUE,1
"receptorKO:C3AR1","random","receptor","C3-C3AR1",1,"NFATC2",-0.00184092029311997,-0.00452684460470216,1,FALSE,-1
"receptorKO:C3AR1","random","receptor","C3-C3AR1",1,"STAT2",-0.0421770271154648,-0.0783018234094491,1,FALSE,-1
"receptorKO:C3AR1","random","receptor","C3-C3AR1",1,"RARG",-0.0152423851550788,-0.0394385263790299,1,TRUE,-1
"receptorKO:C3AR1","random","receptor","C3-C3AR1",1,"XBP1",0.0140260992800946,0.00756308316346666,1,TRUE,1
"receptorKO:C3AR1","random","receptor","C3-C3AR1",1,"REL",-0.0115226159482625,-0.0228839765738903,1,TRUE,-1
"receptorKO:C3AR1","random","receptor","C3-C3AR1",1,"POU2F2",-0.0173003288704621,-0.0214207546041173,-1,FALSE,1
"receptorKO:C3AR1","random","receptor","C3-C3AR1",1,"IRF1",-0.0401233855182941,-0.0726285337362287,1,TRUE,-1
"receptorKO:C3AR1","random","receptor","C3-C3AR1",1,"ETS2",-0.0364538608722578,-0.0677965563434223,1,FALSE,-1
"receptorKO:C3AR1","random","receptor","C3-C3AR1",1,"TFEC",-0.0318921716293775,-0.0598472994094689,1,TRUE,-1
"receptorKO:C3AR1","random","receptor","C3-C3AR1",1,"ITGB2",-0.0109290796209567,0.00275776071663416,1,TRUE,-1
"receptorKO:C3AR1","random","receptor","C3-C3AR1",1,"POU2F1",-0.0199906091074222,-0.0307294507197571,1,FALSE,-1
"receptorKO:C3AR1","random","receptor","C3-C3AR1",1,"JUN",-0.0382376119654463,-0.0681453056420567,1,TRUE,-1
"receptorKO:C3AR1","random","receptor","C3-C3AR1",1,"CUX1",0.0295980516916196,0.0386395295105711,-1,TRUE,-1
"receptorKO:C3AR1","random","receptor","C3-C3AR1",1,"PLAG1",0.00254453280751673,0.0104753976844372,-1,TRUE,-1
"receptorKO:C3AR1","random","receptor","C3-C3AR1",1,"JUND",-0.0371089107173572,-0.0709460746597751,1,TRUE,-1
"receptorKO:C3AR1","random","receptor","C3-C3AR1",1,"FOSL2",-0.0353200159648985,-0.0628732364191023,1,FALSE,-1
"receptorKO:C3AR1","random","receptor","C3-C3AR1",1,"NR1D1",0.0657005457814941,0.0571490483069899,1,FALSE,1
"receptorKO:C3AR1","random","receptor","C3-C3AR1",1,"ZFY",0.0312988738069503,0.040277478119407,1,TRUE,1
"receptorKO:C3AR1","random","receptor","C3-C3AR1",1,"FOSB",-0.0285689842604935,-0.0295784396391846,-1,FALSE,1
"receptorKO:C3AR1","random","receptor","C3-C3AR1",1,"NR4A1",-0.024977125698061,-0.0362715380881228,1,TRUE,-1
"receptorKO:C3AR1","random","receptor","C3-C3AR1",1,"ATF4",-0.00431364727634953,0.00619367547732979,1,FALSE,-1
"receptorKO:C3AR1","random","receptor","C3-C3AR1",1,"NFIL3",0.0173343381714223,0.0346749575772611,1,FALSE,1
"receptorKO:C3AR1","random","receptor","C3-C3AR1",1,"STAT3",-0.0317635198548068,-0.0522057649651205,1,FALSE,-1
"receptorKO:C3AR1","random","receptor","C3-C3AR1",1,"NFE2",-0.0165021626986347,-0.0268138559860037,1,TRUE,-1
"receptorKO:C3AR1","random","receptor","C3-C3AR1",1,"MXI1",-0.040177322052261,-0.0771410880099523,1,TRUE,-1
"receptorKO:C3AR1","random","receptor","C3-C3AR1",1,"HIF1A",-0.000977653632954476,0.0056873602614267,1,FALSE,-1
"receptorKO:C3AR1","random","receptor","C3-C3AR1",1,"NFKB2",0.0295722221517492,0.0459692115267873,1,FALSE,1
"receptorKO:C3AR1","random","receptor","C3-C3AR1",1,"ATF3",0.0182765170868617,0.0202417838444878,1,FALSE,1
"receptorKO:C3AR1","random","receptor","C3-C3AR1",1,"HES4",-0.0161720041540733,0.009878773736366,1,FALSE,-1
"ligandKO:C3","random","ligand","C3-C3AR1",4,"ZBTB7A",0.0143887061329432,0.00879745916142606,-1,FALSE,-1
"ligandKO:C3","random","ligand","C3-C3AR1",4,"KLF6",-0.0303168784212863,-0.0154495878155006,-1,FALSE,1
"ligandKO:C3","random","ligand","C3-C3AR1",4,"EGR1",-0.00198050279436414,0.00412310937447326,-1,FALSE,1
"ligandKO:C3","random","ligand","C3-C3AR1",4,"KLF4",-0.0611912058041413,-0.0346770627851081,-1,FALSE,1
"ligandKO:C3","random","ligand","C3-C3AR1",4,"MEF2C",0.0303116384189545,0.0224472464419938,-1,TRUE,-1
"ligandKO:C3","random","ligand","C3-C3AR1",4,"NR4A2",0.0233138235660692,0.017244375673761,1,TRUE,1
"ligandKO:C3","random","ligand","C3-C3AR1",4,"E2F5",0.00755129510601601,0.00614307201548453,1,TRUE,1
"ligandKO:C3","random","ligand","C3-C3AR1",4,"FOXL2",-0.0232504523919185,-0.00130160222855819,NA,FALSE,NA
"ligandKO:C3","random","ligand","C3-C3AR1",4,"EGR3",0.0291535054643504,0.021521672635685,-1,TRUE,-1
"ligandKO:C3","random","ligand","C3-C3AR1",4,"BHLHE40",0.0106975934840749,0.0254862412631627,-1,FALSE,-1
"ligandKO:C3","random","ligand","C3-C3AR1",4,"RUNX3",0.0156698991698435,0.0104042157496803,-1,FALSE,-1
"ligandKO:C3","random","ligand","C3-C3AR1",4,"RAD21",-0.130621300667666,-0.105136240496846,1,TRUE,-1
"ligandKO:C3","random","ligand","C3-C3AR1",4,"BCL11A",-0.102539858038118,-0.0866343495468935,1,FALSE,-1
"ligandKO:C3","random","ligand","C3-C3AR1",4,"GTF2I",0.0324111540375068,0.0227575224839688,1,TRUE,1
"ligandKO:C3","random","ligand","C3-C3AR1",4,"CREB1",0.00829224726914037,-0.0226303329184172,1,TRUE,1
"ligandKO:C3","random","ligand","C3-C3AR1",4,"ELF2",-0.168795270515746,-0.0780873495625849,-1,FALSE,1
"ligandKO:C3","random","ligand","C3-C3AR1",4,"MAFB",-0.299766831292508,-0.180189374575511,-1,TRUE,1
"ligandKO:C3","random","ligand","C3-C3AR1",4,"KLF2",0.00215237145016122,0.00255908383798338,-1,FALSE,-1
"ligandKO:C3","random","ligand","C3-C3AR1",4,"ATF5",-0.0374168656763641,-0.0277446422077237,1,FALSE,-1
"ligandKO:C3","random","ligand","C3-C3AR1",4,"IRF8",-0.134659302758181,-0.0696215937428965,1,FALSE,-1
"ligandKO:C3","random","ligand","C3-C3AR1",4,"BDP1",-0.220510404639194,-0.103477025896887,1,TRUE,-1
"ligandKO:C3","random","ligand","C3-C3AR1",4,"CREB5",-0.0108412436421812,-0.0023586368602742,1,FALSE,-1
"ligandKO:C3","random","ligand","C3-C3AR1",4,"CEBPD",-0.101037205873971,-0.115184360976908,1,FALSE,-1
"ligandKO:C3","random","ligand","C3-C3AR1",4,"HIVEP1",-0.0365438786348203,-0.00734795662191586,-1,TRUE,1
"ligandKO:C3","random","ligand","C3-C3AR1",4,"ETV7",0.0139803660123876,0.0127186785914995,-1,TRUE,-1
"ligandKO:C3","random","ligand","C3-C3AR1",4,"POU4F1",-0.301283411726364,-0.221270371306682,-1,TRUE,1
"ligandKO:C3","random","ligand","C3-C3AR1",4,"ID1",-0.0276123116751581,-0.0171726326477922,1,FALSE,-1
"ligandKO:C3","random","ligand","C3-C3AR1",4,"HOXB2",-0.0452074069260962,-0.0671741638429263,1,TRUE,-1
"ligandKO:C3","random","ligand","C3-C3AR1",4,"SPI1",-0.0635237728517492,-0.0356647963992778,-1,TRUE,1
"ligandKO:C3","random","ligand","C3-C3AR1",4,"BCLAF1",-0.164758729910703,-0.125834776823648,-1,FALSE,1
"ligandKO:C3","random","ligand","C3-C3AR1",4,"STAT1",-0.0794600754408828,-0.0749019304858662,1,FALSE,-1
"ligandKO:C3","random","ligand","C3-C3AR1",4,"TCF7L2",-0.0337800416270775,-0.0226788385672539,-1,FALSE,1
"ligandKO:C3","random","ligand","C3-C3AR1",4,"BRCA1",-0.0783987577302047,-0.0202947865762184,1,TRUE,-1
"ligandKO:C3","random","ligand","C3-C3AR1",4,"CEBPB",-0.190711837513216,-0.167234762233987,1,FALSE,-1
"ligandKO:C3","random","ligand","C3-C3AR1",4,"RORA",-0.300484186296819,-0.195958437856666,-1,FALSE,1
"ligandKO:C3","random","ligand","C3-C3AR1",4,"ZBTB14",0.0322825548470037,0.0300426431485062,-1,TRUE,-1
"ligandKO:C3","random","ligand","C3-C3AR1",4,"EGR2",-0.031987144764471,-0.0773705711043835,-1,TRUE,1
"ligandKO:C3","random","ligand","C3-C3AR1",4,"IRF9",-0.0962762476850025,-0.0750283136025022,1,TRUE,-1
"ligandKO:C3","random","ligand","C3-C3AR1",4,"FOXC1",-0.0520015373971131,-0.0649787501875513,1,TRUE,-1
"ligandKO:C3","random","ligand","C3-C3AR1",4,"FOXP1",-0.207115374697358,-0.179076402395706,-1,TRUE,1
"ligandKO:C3","random","ligand","C3-C3AR1",4,"ESR1",-0.120089125638609,-0.108917006025849,1,TRUE,-1
"ligandKO:C3","random","ligand","C3-C3AR1",4,"AHR",-0.0489136642915432,-0.0331351173410196,1,TRUE,-1
"ligandKO:C3","random","ligand","C3-C3AR1",4,"KLF10",-0.0391045291807446,-0.0736166079203643,1,TRUE,-1
"ligandKO:C3","random","ligand","C3-C3AR1",4,"ZBTB7C",-0.0553020702033602,-0.0755098411864224,1,TRUE,-1
"ligandKO:C3","random","ligand","C3-C3AR1",4,"FOXP3",0.0530309087801043,0.0223848477340661,1,TRUE,1
"ligandKO:C3","random","ligand","C3-C3AR1",4,"NFATC2",0.0116011185854468,0.00697448482569417,1,FALSE,1
"ligandKO:C3","random","ligand","C3-C3AR1",4,"STAT2",-0.0791056896951966,-0.10838435390005,1,FALSE,-1
"ligandKO:C3","random","ligand","C3-C3AR1",4,"RARG",-0.0297950785614756,-0.0476586332682449,1,TRUE,-1
"ligandKO:C3","random","ligand","C3-C3AR1",4,"XBP1",0.0312167156282284,0.0243543792799074,1,TRUE,1
"ligandKO:C3","random","ligand","C3-C3AR1",4,"REL",-0.00328251169839147,-0.00942577751620087,1,TRUE,-1
"ligandKO:C3","random","ligand","C3-C3AR1",4,"POU2F2",-0.0345517335257264,-0.0433317334915415,-1,FALSE,1
"ligandKO:C3","random","ligand","C3-C3AR1",4,"IRF1",-0.0432823988456773,-0.0655061004782725,1,TRUE,-1
"ligandKO:C3","random","ligand","C3-C3AR1",4,"ETS2",-0.0484381964664378,-0.080834542599907,1,FALSE,-1
"ligandKO:C3","random","ligand","C3-C3AR1",4,"TFEC",-0.0448895097255098,-0.0894498186558299,1,TRUE,-1
"ligandKO:C3","random","ligand","C3-C3AR1",4,"ITGB2",-0.0178256197741667,0.0217805615260692,1,TRUE,-1
"ligandKO:C3","random","ligand","C3-C3AR1",4,"POU2F1",0.0438366836855107,-0.00602631036177298,1,FALSE,1
"ligandKO:C3","random","ligand","C3-C3AR1",4,"JUN",-0.0276452341950569,-0.0511815217421738,1,TRUE,-1
"ligandKO:C3","random","ligand","C3-C3AR1",4,"CUX1",0.0401607535757465,0.036968684812828,-1,TRUE,-1
"ligandKO:C3","random","ligand","C3-C3AR1",4,"PLAG1",0.0705882260281681,0.030430529443911,-1,TRUE,-1
"ligandKO:C3","random","ligand","C3-C3AR1",4,"JUND",-0.039528165320787,-0.0681931069540549,1,TRUE,-1
"ligandKO:C3","random","ligand","C3-C3AR1",4,"FOSL2",-0.0462027801203792,-0.069748687685028,1,FALSE,-1
"ligandKO:C3","random","ligand","C3-C3AR1",4,"NR1D1",0.0848943720262758,0.0609659290061365,1,FALSE,1
"ligandKO:C3","random","ligand","C3-C3AR1",4,"ZFY",0.164190928720485,0.0746255674237622,1,TRUE,1
"ligandKO:C3","random","ligand","C3-C3AR1",4,"FOSB",-0.0498753553366249,-0.0309868160820889,-1,FALSE,1
"ligandKO:C3","random","ligand","C3-C3AR1",4,"NR4A1",-0.0448487767943942,-0.0522598778214895,1,TRUE,-1
"ligandKO:C3","random","ligand","C3-C3AR1",4,"ATF4",0.089387442009413,0.0594046280677193,1,FALSE,1
"ligandKO:C3","random","ligand","C3-C3AR1",4,"NFIL3",0.024573340773914,0.00794325928167792,1,FALSE,1
"ligandKO:C3","random","ligand","C3-C3AR1",4,"STAT3",-0.0360416106115942,-0.0596144849287133,1,FALSE,-1
"ligandKO:C3","random","ligand","C3-C3AR1",4,"NFE2",-0.0314721947740519,-0.0373645343933527,1,TRUE,-1
"ligandKO:C3","random","ligand","C3-C3AR1",4,"MXI1",-0.0477756316035334,-0.0771568120194338,1,TRUE,-1
"ligandKO:C3","random","ligand","C3-C3AR1",4,"HIF1A",0.0129664919502824,0.0518447929010925,1,FALSE,1
"ligandKO:C3","random","ligand","C3-C3AR1",4,"NFKB2",0.0394225964427592,0.0404581555100359,1,FALSE,1
"ligandKO:C3","random","ligand","C3-C3AR1",4,"ATF3",0.0186806202647929,0.0229793276622091,1,FALSE,1
"ligandKO:C3","random","ligand","C3-C3AR1",4,"HES4",0.0118611261661089,0.0144906585279046,1,FALSE,1
"pairKO:C3-C3AR1","random","pair","C3-C3AR1",1,"ZBTB7A",0.0097004585525851,0.00569477535595598,-1,FALSE,-1
"pairKO:C3-C3AR1","random","pair","C3-C3AR1",1,"KLF6",-0.00536673864157833,-0.00931947820849308,-1,FALSE,1
"pairKO:C3-C3AR1","random","pair","C3-C3AR1",1,"EGR1",0.00981099293316783,0.00281780758414582,-1,FALSE,-1
"pairKO:C3-C3AR1","random","pair","C3-C3AR1",1,"KLF4",-0.0185119284811431,-0.018643406878174,-1,FALSE,1
"pairKO:C3-C3AR1","random","pair","C3-C3AR1",1,"MEF2C",0.0154091580157058,0.0191044248702825,-1,TRUE,-1
"pairKO:C3-C3AR1","random","pair","C3-C3AR1",1,"NR4A2",0.017072042771029,0.0236219819930404,1,TRUE,1
"pairKO:C3-C3AR1","random","pair","C3-C3AR1",1,"E2F5",0.00526496380244811,0.0062803236930427,1,TRUE,1
"pairKO:C3-C3AR1","random","pair","C3-C3AR1",1,"FOXL2",0.00423118984052375,0.0152434743401505,NA,FALSE,NA
"pairKO:C3-C3AR1","random","pair","C3-C3AR1",1,"EGR3",0.0106490474293673,0.00872378214626305,-1,TRUE,-1
"pairKO:C3-C3AR1","random","pair","C3-C3AR1",1,"BHLHE40",0.0149277972242634,0.0307625826979381,-1,FALSE,-1
"pairKO:C3-C3AR1","random","pair","C3-C3AR1",1,"RUNX3",-0.000450037344132232,0.000251936270624599,-1,FALSE,1
"pairKO:C3-C3AR1","random","pair","C3-C3AR1",1,"RAD21",-0.0412411323807259,-0.0746126414153942,1,TRUE,-1
"pairKO:C3-C3AR1","random","pair","C3-C3AR1",1,"BCL11A",-0.0204479135488038,-0.0284726039648588,1,FALSE,-1
"pairKO:C3-C3AR1","random","pair","C3-C3AR1",1,"GTF2I",0.0189796303359014,0.0204787486097556,1,TRUE,1
"pairKO:C3-C3AR1","random","pair","C3-C3AR1",1,"CREB1",0.00542604431786511,0.00411663461272745,1,TRUE,1
"pairKO:C3-C3AR1","random","pair","C3-C3AR1",1,"ELF2",-0.00178675449879582,-0.0146103498284581,-1,FALSE,1
"pairKO:C3-C3AR1","random","pair","C3-C3AR1",1,"MAFB",-0.0481031575724201,-0.069817401059989,-1,TRUE,1
"pairKO:C3-C3AR1","random","pair","C3-C3AR1",1,"KLF2",-0.00474048245542569,-0.00809005710181317,-1,FALSE,1
"pairKO:C3-C3AR1","random","pair","C3-C3AR1",1,"ATF5",0.00269628124321806,-0.00401299944792917,1,FALSE,1
"pairKO:C3-C3AR1","random","pair","C3-C3AR1",1,"IRF8",-0.00468445306535746,-0.00461098076431317,1,FALSE,-1
"pairKO:C3-C3AR1","random","pair","C3-C3AR1",1,"BDP1",-0.0367750028392116,-0.0511957319702713,1,TRUE,-1
"pairKO:C3-C3AR1","random","pair","C3-C3AR1",1,"CREB5",0.0203239612338273,0.0191317162950666,1,FALSE,1
"pairKO:C3-C3AR1","random","pair","C3-C3AR1",1,"CEBPD",-0.0435076104342772,-0.082091520605203,1,FALSE,-1
"pairKO:C3-C3AR1","random","pair","C3-C3AR1",1,"HIVEP1",-0.00145452288430138,0.00910391926798361,-1,TRUE,1
"pairKO:C3-C3AR1","random","pair","C3-C3AR1",1,"ETV7",0.008322034176823,0.00569982616881314,-1,TRUE,-1
"pairKO:C3-C3AR1","random","pair","C3-C3AR1",1,"POU4F1",-0.181693906855107,-0.184173512373269,-1,TRUE,1
"pairKO:C3-C3AR1","random","pair","C3-C3AR1",1,"ID1",0.0046606094296492,0.000404841299582124,1,FALSE,1
"pairKO:C3-C3AR1","random","pair","C3-C3AR1",1,"HOXB2",0.00387763570951365,-0.0369506820640594,1,TRUE,1
"pairKO:C3-C3AR1","random","pair","C3-C3AR1",1,"SPI1",-0.000260085351002513,-0.00565108622158856,-1,TRUE,1
"pairKO:C3-C3AR1","random","pair","C3-C3AR1",1,"BCLAF1",-0.0374220181985037,-0.0676658722506854,-1,FALSE,1
"pairKO:C3-C3AR1","random","pair","C3-C3AR1",1,"STAT1",-0.0286560393636784,-0.0518150403127361,1,FALSE,-1
"pairKO:C3-C3AR1","random","pair","C3-C3AR1",1,"TCF7L2",-0.00375796353586618,-0.011210778881116,-1,FALSE,1
"pairKO:C3-C3AR1","random","pair","C3-C3AR1",1,"BRCA1",0.000767560148985583,-0.00277731321831265,1,TRUE,1
"pairKO:C3-C3AR1","random","pair","C3-C3AR1",1,"CEBPB",-0.0773447603128194,-0.105160184463997,1,FALSE,-1
"pairKO:C3-C3AR1","random","pair","C3-C3AR1",1,"RORA",-0.18731779418476,-0.185771766289167,-1,FALSE,1
"pairKO:C3-C3AR1","random","pair","C3-C3AR1",1,"ZBTB14",0.0101234930684354,0.0136185479104947,-1,TRUE,-1
"pairKO:C3-C3AR1","random","pair","C3-C3AR1",1,"EGR2",-0.0285872411194274,-0.0643226855530568,-1,TRUE,1
"pairKO:C3-C3AR1","random","pair","C3-C3AR1",1,"IRF9",-0.0168834880715455,-0.0323942716978947,1,TRUE,-1
"pairKO:C3-C3AR1","random","pair","C3-C3AR1",1,"FOXC1",-0.0225439519793439,-0.0359562410144511,1,TRUE,-1
"pairKO:C3-C3AR1","random","pair","C3-C3AR1",1,"FOXP1",-0.108524432702276,-0.110922582097013,-1,TRUE,1
"pairKO:C3-C3AR1","random","pair","C3-C3AR1",1,"ESR1",-0.0473575546737978,-0.0766775250841863,1,TRUE,-1
"pairKO:C3-C3AR1","random","pair","C3-C3AR1",1,"AHR",-0.000982419733704971,-0.0109239785368931,1,TRUE,-1
"pairKO:C3-C3AR1","random","pair","C3-C3AR1",1,"KLF10",-0.0226820301719833,-0.0627778342700493,1,TRUE,-1
"pairKO:C3-C3AR1","random","pair","C3-C3AR1",1,"ZBTB7C",-0.0323915370357358,-0.058374122460528,1,TRUE,-1
"pairKO:C3-C3AR1","random","pair","C3-C3AR1",1,"FOXP3",0.0214897768195346,0.0015107062923258,1,TRUE,1
"pairKO:C3-C3AR1","random","pair","C3-C3AR1",1,"NFATC2",-0.00184092029311997,-0.00452684460470216,1,FALSE,-1
"pairKO:C3-C3AR1","random","pair","C3-C3AR1",1,"STAT2",-0.0421770271154648,-0.0783018234094491,1,FALSE,-1
"pairKO:C3-C3AR1","random","pair","C3-C3AR1",1,"RARG",-0.0152423851550788,-0.0394385263790299,1,TRUE,-1
"pairKO:C3-C3AR1","random","pair","C3-C3AR1",1,"XBP1",0.0140260992800946,0.00756308316346666,1,TRUE,1
"pairKO:C3-C3AR1","random","pair","C3-C3AR1",1,"REL",-0.0115226159482625,-0.0228839765738903,1,TRUE,-1
"pairKO:C3-C3AR1","random","pair","C3-C3AR1",1,"POU2F2",-0.0173003288704621,-0.0214207546041173,-1,FALSE,1
"pairKO:C3-C3AR1","random","pair","C3-C3AR1",1,"IRF1",-0.0401233855182941,-0.0726285337362287,1,TRUE,-1
"pairKO:C3-C3AR1","random","pair","C3-C3AR1",1,"ETS2",-0.0364538608722578,-0.0677965563434223,1,FALSE,-1
"pairKO:C3-C3AR1","random","pair","C3-C3AR1",1,"TFEC",-0.0318921716293775,-0.0598472994094689,1,TRUE,-1
"pairKO:C3-C3AR1","random","pair","C3-C3AR1",1,"ITGB2",-0.0109290796209567,0.00275776071663416,1,TRUE,-1
"pairKO:C3-C3AR1","random","pair","C3-C3AR1",1,"POU2F1",-0.0199906091074222,-0.0307294507197571,1,FALSE,-1
"pairKO:C3-C3AR1","random","pair","C3-C3AR1",1,"JUN",-0.0382376119654463,-0.0681453056420567,1,TRUE,-1
"pairKO:C3-C3AR1","random","pair","C3-C3AR1",1,"CUX1",0.0295980516916196,0.0386395295105711,-1,TRUE,-1
"pairKO:C3-C3AR1","random","pair","C3-C3AR1",1,"PLAG1",0.00254453280751673,0.0104753976844372,-1,TRUE,-1
"pairKO:C3-C3AR1","random","pair","C3-C3AR1",1,"JUND",-0.0371089107173572,-0.0709460746597751,1,TRUE,-1
"pairKO:C3-C3AR1","random","pair","C3-C3AR1",1,"FOSL2",-0.0353200159648985,-0.0628732364191023,1,FALSE,-1
"pairKO:C3-C3AR1","random","pair","C3-C3AR1",1,"NR1D1",0.0657005457814941,0.0571490483069899,1,FALSE,1
"pairKO:C3-C3AR1","random","pair","C3-C3AR1",1,"ZFY",0.0312988738069503,0.040277478119407,1,TRUE,1
"pairKO:C3-C3AR1","random","pair","C3-C3AR1",1,"FOSB",-0.0285689842604935,-0.0295784396391846,-1,FALSE,1
"pairKO:C3-C3AR1","random","pair","C3-C3AR1",1,"NR4A1",-0.024977125698061,-0.0362715380881228,1,TRUE,-1
"pairKO:C3-C3AR1","random","pair","C3-C3AR1",1,"ATF4",-0.00431364727634953,0.00619367547732979,1,FALSE,-1
"pairKO:C3-C3AR1","random","pair","C3-C3AR1",1,"NFIL3",0.0173343381714223,0.0346749575772611,1,FALSE,1
"pairKO:C3-C3AR1","random","pair","C3-C3AR1",1,"STAT3",-0.0317635198548068,-0.0522057649651205,1,FALSE,-1
"pairKO:C3-C3AR1","random","pair","C3-C3AR1",1,"NFE2",-0.0165021626986347,-0.0268138559860037,1,TRUE,-1
"pairKO:C3-C3AR1","random","pair","C3-C3AR1",1,"MXI1",-0.040177322052261,-0.0771410880099523,1,TRUE,-1
"pairKO:C3-C3AR1","random","pair","C3-C3AR1",1,"HIF1A",-0.000977653632954476,0.0056873602614267,1,FALSE,-1
"pairKO:C3-C3AR1","random","pair","C3-C3AR1",1,"NFKB2",0.0295722221517492,0.0459692115267873,1,FALSE,1
"pairKO:C3-C3AR1","random","pair","C3-C3AR1",1,"ATF3",0.0182765170868617,0.0202417838444878,1,FALSE,1
"pairKO:C3-C3AR1","random","pair","C3-C3AR1",1,"HES4",-0.0161720041540733,0.009878773736366,1,FALSE,-1
"receptorKO:TNFRSF14","random","receptor","LTA-TNFRSF14",2,"ZBTB7A",-0.00745523997549736,-0.00545551352220112,-1,FALSE,1
"receptorKO:TNFRSF14","random","receptor","LTA-TNFRSF14",2,"KLF6",-0.00303104740337585,0.00314607934251333,-1,FALSE,1
"receptorKO:TNFRSF14","random","receptor","LTA-TNFRSF14",2,"EGR1",-0.00499598197160514,-0.00498078746821431,-1,FALSE,1
"receptorKO:TNFRSF14","random","receptor","LTA-TNFRSF14",2,"KLF4",0.000394771758908804,0.00609682776453695,-1,FALSE,-1
"receptorKO:TNFRSF14","random","receptor","LTA-TNFRSF14",2,"MEF2C",-0.0207264884279608,-0.0347626365376602,-1,TRUE,1
"receptorKO:TNFRSF14","random","receptor","LTA-TNFRSF14",2,"NR4A2",-0.0139927622818436,-0.0169779841642811,1,TRUE,-1
"receptorKO:TNFRSF14","random","receptor","LTA-TNFRSF14",2,"E2F5",0.000503267808157253,-0.00429822766455319,1,TRUE,1
"receptorKO:TNFRSF14","random","receptor","LTA-TNFRSF14",2,"FOXL2",-0.00782726578976565,-0.00478680661559468,NA,FALSE,NA
"receptorKO:TNFRSF14","random","receptor","LTA-TNFRSF14",2,"EGR3",-0.0011555226212101,-0.00677349553011356,-1,TRUE,1
"receptorKO:TNFRSF14","random","receptor","LTA-TNFRSF14",2,"BHLHE40",-0.013755919265375,-0.0199255614582847,-1,FALSE,1
"receptorKO:TNFRSF14","random","receptor","LTA-TNFRSF14",2,"RUNX3",-0.000534005929158883,-0.00271460343942849,-1,FALSE,1
"receptorKO:TNFRSF14","random","receptor","LTA-TNFRSF14",2,"RAD21",0.00187706490652977,0.00546878861281718,1,TRUE,1
"receptorKO:TNFRSF14","random","receptor","LTA-TNFRSF14",2,"BCL11A",-0.0130151442598259,-0.00415791093439013,1,FALSE,-1
"receptorKO:TNFRSF14","random","receptor","LTA-TNFRSF14",2,"GTF2I",0.00010112592590397,-0.00509600670188238,1,TRUE,1
"receptorKO:TNFRSF14","random","receptor","LTA-TNFRSF14",2,"CREB1",-0.0168772393255876,-0.0334771125780747,1,TRUE,-1
"receptorKO:TNFRSF14","random","receptor","LTA-TNFRSF14",2,"ELF2",-0.0159252243790313,-0.0216480474418241,-1,FALSE,1
"receptorKO:TNFRSF14","random","receptor","LTA-TNFRSF14",2,"MAFB",0.0128085959743981,0.024447282993231,-1,TRUE,-1
"receptorKO:TNFRSF14","random","receptor","LTA-TNFRSF14",2,"KLF2",0.0127743385359119,0.0228927558033617,-1,FALSE,-1
"receptorKO:TNFRSF14","random","receptor","LTA-TNFRSF14",2,"ATF5",-0.000383057294546656,-0.00349651553042006,1,FALSE,-1
"receptorKO:TNFRSF14","random","receptor","LTA-TNFRSF14",2,"IRF8",-0.0128787301352837,-0.00727484292435095,1,FALSE,-1
"receptorKO:TNFRSF14","random","receptor","LTA-TNFRSF14",2,"BDP1",-0.0106964143022004,-0.00522367248827927,1,TRUE,-1
"receptorKO:TNFRSF14","random","receptor","LTA-TNFRSF14",2,"CREB5",-0.00279318012285281,0.00130643534024618,1,FALSE,-1
"receptorKO:TNFRSF14","random","receptor","LTA-TNFRSF14",2,"CEBPD",0.0274850402263841,0.00818121551518938,1,FALSE,1
"receptorKO:TNFRSF14","random","receptor","LTA-TNFRSF14",2,"HIVEP1",-0.0143911605180684,-0.0245651241094635,-1,TRUE,1
"receptorKO:TNFRSF14","random","receptor","LTA-TNFRSF14",2,"ETV7",-0.00891647956917368,-0.0119287983678057,-1,TRUE,1
"receptorKO:TNFRSF14","random","receptor","LTA-TNFRSF14",2,"POU4F1",-0.00402223518153137,-0.0035913847817112,-1,TRUE,1
"receptorKO:TNFRSF14","random","receptor","LTA-TNFRSF14",2,"ID1",0.00158736998730815,0.00567533844465614,1,FALSE,1
"receptorKO:TNFRSF14","random","receptor","LTA-TNFRSF14",2,"HOXB2",0.0258488733040562,0.0142046262715775,1,TRUE,1
"receptorKO:TNFRSF14","random","receptor","LTA-TNFRSF14",2,"SPI1",-0.00627960657745318,-0.0018915395928523,-1,TRUE,1
"receptorKO:TNFRSF14","random","receptor","LTA-TNFRSF14",2,"BCLAF1",-0.00301332297413801,-0.00202592043547108,-1,FALSE,1
"receptorKO:TNFRSF14","random","receptor","LTA-TNFRSF14",2,"STAT1",-0.00145704638151411,-0.00228234815510221,1,FALSE,-1
"receptorKO:TNFRSF14","random","receptor","LTA-TNFRSF14",2,"TCF7L2",0.0184408584498911,0.0329022870313386,-1,FALSE,-1
"receptorKO:TNFRSF14","random","receptor","LTA-TNFRSF14",2,"BRCA1",-0.000565564582066875,0.00358449135921566,1,TRUE,-1
"receptorKO:TNFRSF14","random","receptor","LTA-TNFRSF14",2,"CEBPB",-0.00260650139988831,-0.014332168457096,1,FALSE,-1
"receptorKO:TNFRSF14","random","receptor","LTA-TNFRSF14",2,"RORA",-0.0150750743713148,-0.00597338495019399,-1,FALSE,1
"receptorKO:TNFRSF14","random","receptor","LTA-TNFRSF14",2,"ZBTB14",-0.0451074733221337,-0.0815068731151737,-1,TRUE,1
"receptorKO:TNFRSF14","random","receptor","LTA-TNFRSF14",2,"EGR2",0.00260805196222613,0.00662169897076367,-1,TRUE,-1
"receptorKO:TNFRSF14","random","receptor","LTA-TNFRSF14",2,"IRF9",0.0129162159506446,0.0159803802861256,1,TRUE,1
"receptorKO:TNFRSF14","random","receptor","LTA-TNFRSF14",2,"FOXC1",0.0224333678121364,0.0254509513494824,1,TRUE,1
"receptorKO:TNFRSF14","random","receptor","LTA-TNFRSF14",2,"FOXP1",-0.0104491624967649,-0.00949709975702214,-1,TRUE,1
"receptorKO:TNFRSF14","random","receptor","LTA-TNFRSF14",2,"ESR1",0.0262880007250446,0.0292786256904196,1,TRUE,1
"receptorKO:TNFRSF14","random","receptor","LTA-TNFRSF14",2,"AHR",0.0101782604327007,0.0141557007666611,1,TRUE,1
"receptorKO:TNFRSF14","random","receptor","LTA-TNFRSF14",2,"KLF10",0.00179152741307675,-0.00165552769815138,1,TRUE,1
"receptorKO:TNFRSF14","random","receptor","LTA-TNFRSF14",2,"ZBTB7C",0.0197689065067733,0.0228918690546043,1,TRUE,1
"receptorKO:TNFRSF14","random","receptor","LTA-TNFRSF14",2,"FOXP3",0.0145368574399373,0.0051878120321684,1,TRUE,1
"receptorKO:TNFRSF14","random","receptor","LTA-TNFRSF14",2,"NFATC2",0.0236712761718523,0.00864076385563252,1,FALSE,1
"receptorKO:TNFRSF14","random","receptor","LTA-TNFRSF14",2,"STAT2",-0.00779481265417788,-0.00600157136479695,1,FALSE,-1
"receptorKO:TNFRSF14","random","receptor","LTA-TNFRSF14",2,"RARG",0.00544894903104021,0.0148244599484003,1,TRUE,1
"receptorKO:TNFRSF14","random","receptor","LTA-TNFRSF14",2,"XBP1",0.0137363629600153,-0.00707069122569763,1,TRUE,1
"receptorKO:TNFRSF14","random","receptor","LTA-TNFRSF14",2,"REL",0.00927793222747891,0.00175133213654363,1,TRUE,1
"receptorKO:TNFRSF14","random","receptor","LTA-TNFRSF14",2,"POU2F2",0.000225414662572713,0.00331679399392288,-1,FALSE,-1
"receptorKO:TNFRSF14","random","receptor","LTA-TNFRSF14",2,"IRF1",0.0032395613027105,0.00863989695096338,1,TRUE,1
"receptorKO:TNFRSF14","random","receptor","LTA-TNFRSF14",2,"ETS2",0.00447627307673992,0.0112895269280339,1,FALSE,1
"receptorKO:TNFRSF14","random","receptor","LTA-TNFRSF14",2,"TFEC",-0.00107423912076979,0.00617735631911535,1,TRUE,-1
"receptorKO:TNFRSF14","random","receptor","LTA-TNFRSF14",2,"ITGB2",0.00914949103636961,0.00951137547975623,1,TRUE,1
"receptorKO:TNFRSF14","random","receptor","LTA-TNFRSF14",2,"POU2F1",0.0287962098930817,0.0507972994195678,1,FALSE,1
"receptorKO:TNFRSF14","random","receptor","LTA-TNFRSF14",2,"JUN",0.00493892772290376,-0.0013433841669853,1,TRUE,1
"receptorKO:TNFRSF14","random","receptor","LTA-TNFRSF14",2,"CUX1",-0.00328566628765535,-0.00999150823427858,-1,TRUE,1
"receptorKO:TNFRSF14","random","receptor","LTA-TNFRSF14",2,"PLAG1",0.00468028966679672,0.00537464527472776,-1,TRUE,-1
"receptorKO:TNFRSF14","random","receptor","LTA-TNFRSF14",2,"JUND",0.00746420165085928,0.0104749211223528,1,TRUE,1
"receptorKO:TNFRSF14","random","receptor","LTA-TNFRSF14",2,"FOSL2",0.00671515920268392,0.0166964673567667,1,FALSE,1
"receptorKO:TNFRSF14","random","receptor","LTA-TNFRSF14",2,"NR1D1",-0.00526983488613291,-0.017826254445445,1,FALSE,-1
"receptorKO:TNFRSF14","random","receptor","LTA-TNFRSF14",2,"ZFY",-0.0122164816711502,-0.0238065446201433,1,TRUE,-1
"receptorKO:TNFRSF14","random","receptor","LTA-TNFRSF14",2,"FOSB",0.00565542820225422,0.00994868405977475,-1,FALSE,-1
"receptorKO:TNFRSF14","random","receptor","LTA-TNFRSF14",2,"NR4A1",0.0134806596368032,0.0246617432861236,1,TRUE,1
"receptorKO:TNFRSF14","random","receptor","LTA-TNFRSF14",2,"ATF4",0.000628900681553357,0.000987212240188133,1,FALSE,1
"receptorKO:TNFRSF14","random","receptor","LTA-TNFRSF14",2,"NFIL3",-0.0103445426853313,-0.0197761100744681,1,FALSE,-1
"receptorKO:TNFRSF14","random","receptor","LTA-TNFRSF14",2,"STAT3",0.0100597787941259,0.013138467122777,1,FALSE,1
"receptorKO:TNFRSF14","random","receptor","LTA-TNFRSF14",2,"NFE2",0.0226767134610148,0.0336289021113595,1,TRUE,1
"receptorKO:TNFRSF14","random","receptor","LTA-TNFRSF14",2,"MXI1",0.0139773505665938,0.0161699746249236,1,TRUE,1
"receptorKO:TNFRSF14","random","receptor","LTA-TNFRSF14",2,"HIF1A",0.0204713615528662,0.0239861457606142,1,FALSE,1
"receptorKO:TNFRSF14","random","receptor","LTA-TNFRSF14",2,"NFKB2",-0.00612837061806183,-0.0246234148316647,1,FALSE,-1
"receptorKO:TNFRSF14","random","receptor","LTA-TNFRSF14",2,"ATF3",0.00431167316953965,-0.00759621302241439,1,FALSE,1
"receptorKO:TNFRSF14","random","receptor","LTA-TNFRSF14",2,"HES4",0.0115316711576111,0.00345489613847986,1,FALSE,1
"ligandKO:LTA","random","ligand","LTA-TNFRSF14",2,"ZBTB7A",0.00516230776003116,0.00945106466637599,-1,FALSE,-1
"ligandKO:LTA","random","ligand","LTA-TNFRSF14",2,"KLF6",0.00254182753885463,0.00653872610959083,-1,FALSE,-1
"ligandKO:LTA","random","ligand","LTA-TNFRSF14",2,"EGR1",0.0149078952574162,0.0179387663026493,-1,FALSE,-1
"ligandKO:LTA","random","ligand","LTA-TNFRSF14",2,"KLF4",0.023297341555509,0.020011731750658,-1,FALSE,-1
"ligandKO:LTA","random","ligand","LTA-TNFRSF14",2,"MEF2C",-0.00302464294832282,-0.0083875312792718,-1,TRUE,1
"ligandKO:LTA","random","ligand","LTA-TNFRSF14",2,"NR4A2",0.00782803834616912,0.0100626648439658,1,TRUE,1
"ligandKO:LTA","random","ligand","LTA-TNFRSF14",2,"E2F5",0.00798356922190682,0.0200081718069987,1,TRUE,1
"ligandKO:LTA","random","ligand","LTA-TNFRSF14",2,"FOXL2",-0.00258061802700882,-0.00297995372166733,NA,FALSE,NA
"ligandKO:LTA","random","ligand","LTA-TNFRSF14",2,"EGR3",0.00660694673871074,0.00255749953576871,-1,TRUE,-1
"ligandKO:LTA","random","ligand","LTA-TNFRSF14",2,"BHLHE40",-0.0088719086741117,-0.00659355794679647,-1,FALSE,1
"ligandKO:LTA","random","ligand","LTA-TNFRSF14",2,"RUNX3",0.0132707073302787,0.0106998790392504,-1,FALSE,-1
"ligandKO:LTA","random","ligand","LTA-TNFRSF14",2,"RAD21",0.00630340668429731,0.0100176326096074,1,TRUE,1
"ligandKO:LTA","random","ligand","LTA-TNFRSF14",2,"BCL11A",0.00821446562177187,0.0117565613320498,1,FALSE,1
"ligandKO:LTA","random","ligand","LTA-TNFRSF14",2,"GTF2I",0.0105876024161426,0.00766748969129883,1,TRUE,1
"ligandKO:LTA","random","ligand","LTA-TNFRSF14",2,"CREB1",0.00141045679108101,0.00524979233434228,1,TRUE,1
"ligandKO:LTA","random","ligand","LTA-TNFRSF14",2,"ELF2",-0.00774353057049868,-0.0117641965080116,-1,FALSE,1
"ligandKO:LTA","random","ligand","LTA-TNFRSF14",2,"MAFB",0.0137411190515946,0.0130332239729379,-1,TRUE,-1
"ligandKO:LTA","random","ligand","LTA-TNFRSF14",2,"KLF2",0.0378070225364869,0.0384309479621247,-1,FALSE,-1
"ligandKO:LTA","random","ligand","LTA-TNFRSF14",2,"ATF5",0.0142500542848385,0.00550278788177064,1,FALSE,1
"ligandKO:LTA","random","ligand","LTA-TNFRSF14",2,"IRF8",-0.00269917339931225,-0.00362042930020508,1,FALSE,-1
"ligandKO:LTA","random","ligand","LTA-TNFRSF14",2,"BDP1",-0.0130491978081499,-0.0460144826156443,1,TRUE,-1
"ligandKO:LTA","random","ligand","LTA-TNFRSF14",2,"CREB5",0.000972918719770776,0.00188316981533694,1,FALSE,1
"ligandKO:LTA","random","ligand","LTA-TNFRSF14",2,"CEBPD",0.0279956165182597,0.0184775245018886,1,FALSE,1
"ligandKO:LTA","random","ligand","LTA-TNFRSF14",2,"HIVEP1",-0.0073068297837027,-0.0146518815456254,-1,TRUE,1
"ligandKO:LTA","random","ligand","LTA-TNFRSF14",2,"ETV7",-0.02837810025956,-0.0463003386459284,-1,TRUE,1
"ligandKO:LTA","random","ligand","LTA-TNFRSF14",2,"POU4F1",0.00943477483085839,-0.00137735346259031,-1,TRUE,-1
"ligandKO:LTA","random","ligand","LTA-TNFRSF14",2,"ID1",0.0609833895386399,0.0492148389830274,1,FALSE,1
"ligandKO:LTA","random","ligand","LTA-TNFRSF14",2,"HOXB2",0.135353173577317,0.0403925111886868,1,TRUE,1
"ligandKO:LTA","random","ligand","LTA-TNFRSF14",2,"SPI1",0.0390412580980622,0.0360798343077105,-1,TRUE,-1
"ligandKO:LTA","random","ligand","LTA-TNFRSF14",2,"BCLAF1",0.0211523230561211,0.0358737080438764,-1,FALSE,-1
"ligandKO:LTA","random","ligand","LTA-TNFRSF14",2,"STAT1",0.0147695095881118,0.0127654020715419,1,FALSE,1
"ligandKO:LTA","random","ligand","LTA-TNFRSF14",2,"TCF7L2",0.0623045263856345,0.0591146976565953,-1,FALSE,-1
"ligandKO:LTA","random","ligand","LTA-TNFRSF14",2,"BRCA1",-0.015846499782371,-0.0252186481671902,1,TRUE,-1
"ligandKO:LTA","random","ligand","LTA-TNFRSF14",2,"CEBPB",-0.00911216397415023,-0.00357880671641896,1,FALSE,-1
"ligandKO:LTA","random","ligand","LTA-TNFRSF14",2,"RORA",-0.0168335152637811,-0.0219670066847051,-1,FALSE,1
"ligandKO:LTA","random","ligand","LTA-TNFRSF14",2,"ZBTB14",-0.0326335814867966,-0.0588085977022429,-1,TRUE,1
"ligandKO:LTA","random","ligand","LTA-TNFRSF14",2,"EGR2",0.0194640835042738,0.0206247318000228,-1,TRUE,-1
"ligandKO:LTA","random","ligand","LTA-TNFRSF14",2,"IRF9",0.0225090890192291,0.0247226809675703,1,TRUE,1
"ligandKO:LTA","random","ligand","LTA-TNFRSF14",2,"FOXC1",0.0411839235776677,0.0135416813639344,1,TRUE,1
"ligandKO:LTA","random","ligand","LTA-TNFRSF14",2,"FOXP1",-0.0205289492859011,-0.00905188511536617,-1,TRUE,1
"ligandKO:LTA","random","ligand","LTA-TNFRSF14",2,"ESR1",0.038145809696728,0.0369948760200161,1,TRUE,1
"ligandKO:LTA","random","ligand","LTA-TNFRSF14",2,"AHR",0.0268626922185258,0.0272629892770187,1,TRUE,1
"ligandKO:LTA","random","ligand","LTA-TNFRSF14",2,"KLF10",0.00529622981009207,0.00745256372120361,1,TRUE,1
"ligandKO:LTA","random","ligand","LTA-TNFRSF14",2,"ZBTB7C",0.0278507867756287,0.0141899488183987,1,TRUE,1
"ligandKO:LTA","random","ligand","LTA-TNFRSF14",2,"FOXP3",0.117992021780815,0.0778288108663279,1,TRUE,1
"ligandKO:LTA","random","ligand","LTA-TNFRSF14",2,"NFATC2",0.171053353304986,0.12534481703388,1,FALSE,1
"ligandKO:LTA","random","ligand","LTA-TNFRSF14",2,"STAT2",0.00452964633918793,0.00106599547683042,1,FALSE,1
"ligandKO:LTA","random","ligand","LTA-TNFRSF14",2,"RARG",0.0479097881674373,0.060732042095458,1,TRUE,1
"ligandKO:LTA","random","ligand","LTA-TNFRSF14",2,"XBP1",0.0438155168336844,0.0343960149799467,1,TRUE,1
"ligandKO:LTA","random","ligand","LTA-TNFRSF14",2,"REL",0.0218497441535829,0.0198509054070399,1,TRUE,1
"ligandKO:LTA","random","ligand","LTA-TNFRSF14",2,"POU2F2",0.000215387893376551,0.00443916449348852,-1,FALSE,-1
"ligandKO:LTA","random","ligand","LTA-TNFRSF14",2,"IRF1",0.00563817645051635,0.0117750547338746,1,TRUE,1
"ligandKO:LTA","random","ligand","LTA-TNFRSF14",2,"ETS2",-0.00120065252017576,0.00285519862014875,1,FALSE,-1
"ligandKO:LTA","random","ligand","LTA-TNFRSF14",2,"TFEC",-0.0264702143249413,-0.0374814029725379,1,TRUE,-1
"ligandKO:LTA","random","ligand","LTA-TNFRSF14",2,"ITGB2",-0.00609946025937894,0.00305934958294403,1,TRUE,-1
"ligandKO:LTA","random","ligand","LTA-TNFRSF14",2,"POU2F1",0.0235448078299899,0.0394810758848265,1,FALSE,1
"ligandKO:LTA","random","ligand","LTA-TNFRSF14",2,"JUN",0.0070366490592095,0.000818208797270534,1,TRUE,1
"ligandKO:LTA","random","ligand","LTA-TNFRSF14",2,"CUX1",0.0145725280059654,0.0206877140133993,-1,TRUE,-1
"ligandKO:LTA","random","ligand","LTA-TNFRSF14",2,"PLAG1",-0.0271336681158209,-0.0163965260891035,-1,TRUE,1
"ligandKO:LTA","random","ligand","LTA-TNFRSF14",2,"JUND",0.0054896612880374,0.000103820477166214,1,TRUE,1
"ligandKO:LTA","random","ligand","LTA-TNFRSF14",2,"FOSL2",0.000147256599249275,0.00680664950986656,1,FALSE,1
"ligandKO:LTA","random","ligand","LTA-TNFRSF14",2,"NR1D1",0.0362156050266113,0.0392308853411231,1,FALSE,1
"ligandKO:LTA","random","ligand","LTA-TNFRSF14",2,"ZFY",-0.00614428350274687,-0.015274185095708,1,TRUE,-1
"ligandKO:LTA","random","ligand","LTA-TNFRSF14",2,"FOSB",0.00562956808707546,0.00918262251850973,-1,FALSE,-1
"ligandKO:LTA","random","ligand","LTA-TNFRSF14",2,"NR4A1",-0.00236607529531803,0.0153289211015383,1,TRUE,-1
"ligandKO:LTA","random","ligand","LTA-TNFRSF14",2,"ATF4",-0.0314898075048245,-0.0137217723465738,1,FALSE,-1
"ligandKO:LTA","random","ligand","LTA-TNFRSF14",2,"NFIL3",0.0256795985510012,0.0443523766794912,1,FALSE,1
"ligandKO:LTA","random","ligand","LTA-TNFRSF14",2,"STAT3",-0.00182918646584529,-0.0115120056441347,1,FALSE,-1
"ligandKO:LTA","random","ligand","LTA-TNFRSF14",2,"NFE2",0.0026258363846647,0.0176533690423216,1,TRUE,1
"ligandKO:LTA","random","ligand","LTA-TNFRSF14",2,"MXI1",-0.00317001781683679,-0.0113139173015671,1,TRUE,-1
"ligandKO:LTA","random","ligand","LTA-TNFRSF14",2,"HIF1A",-0.0358043837479813,-0.0485418455075981,1,FALSE,-1
"ligandKO:LTA","random","ligand","LTA-TNFRSF14",2,"NFKB2",-0.0152643908827946,-0.0145547969849291,1,FALSE,-1
"ligandKO:LTA","random","ligand","LTA-TNFRSF14",2,"ATF3",0.00532333491513958,-0.00126486324986882,1,FALSE,1
"ligandKO:LTA","random","ligand","LTA-TNFRSF14",2,"HES4",-0.00953573883731339,-0.0107185758530215,1,FALSE,-1
"pairKO:LTA-TNFRSF14","random","pair","LTA-TNFRSF14",1,"ZBTB7A",-0.00471239446803165,-0.00426669227937612,-1,FALSE,1
"pairKO:LTA-TNFRSF14","random","pair","LTA-TNFRSF14",1,"KLF6",-0.000521704288893631,0.00216560771351135,-1,FALSE,1
"pairKO:LTA-TNFRSF14","random","pair","LTA-TNFRSF14",1,"EGR1",0.000612776302618975,-4.99211415903395e-06,-1,FALSE,-1
"pairKO:LTA-TNFRSF14","random","pair","LTA-TNFRSF14",1,"KLF4",0.00152371718905859,0.00250797433811091,-1,FALSE,-1
"pairKO:LTA-TNFRSF14","random","pair","LTA-TNFRSF14",1,"MEF2C",-0.0063232809974598,-0.0137649908620417,-1,TRUE,1
"pairKO:LTA-TNFRSF14","random","pair","LTA-TNFRSF14",1,"NR4A2",-0.00233832074759812,-0.00346185600810341,1,TRUE,-1
"pairKO:LTA-TNFRSF14","random","pair","LTA-TNFRSF14",1,"E2F5",-0.00402732044365517,-0.00509444611080286,1,TRUE,-1
"pairKO:LTA-TNFRSF14","random","pair","LTA-TNFRSF14",1,"FOXL2",-0.00351877925732696,-0.00141845919277966,NA,FALSE,NA
"pairKO:LTA-TNFRSF14","random","pair","LTA-TNFRSF14",1,"EGR3",-0.000113841324550652,-0.00379734426849625,-1,TRUE,1
"pairKO:LTA-TNFRSF14","random","pair","LTA-TNFRSF14",1,"BHLHE40",-0.00766435774323762,-0.0108258848234076,-1,FALSE,1
"pairKO:LTA-TNFRSF14","random","pair","LTA-TNFRSF14",1,"RUNX3",0.000211792361106131,-0.00235745902928678,-1,FALSE,-1
"pairKO:LTA-TNFRSF14","random","pair","LTA-TNFRSF14",1,"RAD21",-0.000246335569200597,0.00272829565001166,1,TRUE,-1
"pairKO:LTA-TNFRSF14","random","pair","LTA-TNFRSF14",1,"BCL11A",-0.0043564816922729,-0.000672395302154414,1,FALSE,-1
"pairKO:LTA-TNFRSF14","random","pair","LTA-TNFRSF14",1,"GTF2I",0.000756885928808206,-0.000396985356719463,1,TRUE,1
"pairKO:LTA-TNFRSF14","random","pair","LTA-TNFRSF14",1,"CREB1",-0.00812271658838399,-0.0155680733755289,1,TRUE,-1
"pairKO:LTA-TNFRSF14","random","pair","LTA-TNFRSF14",1,"ELF2",-0.0150422479147985,-0.0222260543999847,-1,FALSE,1
"pairKO:LTA-TNFRSF14","random","pair","LTA-TNFRSF14",1,"MAFB",0.00422533289295737,0.0122534765556458,-1,TRUE,-1
"pairKO:LTA-TNFRSF14","random","pair","LTA-TNFRSF14",1,"KLF2",0.00390247922645574,0.00582859089523923,-1,FALSE,-1
"pairKO:LTA-TNFRSF14","random","pair","LTA-TNFRSF14",1,"ATF5",-0.00235854045917742,-0.00331522201837133,1,FALSE,-1
"pairKO:LTA-TNFRSF14","random","pair","LTA-TNFRSF14",1,"IRF8",-0.00385084239027894,-0.00158945736257861,1,FALSE,-1
"pairKO:LTA-TNFRSF14","random","pair","LTA-TNFRSF14",1,"BDP1",-0.00637255074096264,-0.00198071917365569,1,TRUE,-1
"pairKO:LTA-TNFRSF14","random","pair","LTA-TNFRSF14",1,"CREB5",-0.00266559413262249,0.00082865519410035,1,FALSE,-1
"pairKO:LTA-TNFRSF14","random","pair","LTA-TNFRSF14",1,"CEBPD",0.0176100710538069,0.00457014307374925,1,FALSE,1
"pairKO:LTA-TNFRSF14","random","pair","LTA-TNFRSF14",1,"HIVEP1",-0.00844966053473268,-0.015412072402771,-1,TRUE,1
"pairKO:LTA-TNFRSF14","random","pair","LTA-TNFRSF14",1,"ETV7",-0.00272197347640004,-0.00407215002778872,-1,TRUE,1
"pairKO:LTA-TNFRSF14","random","pair","LTA-TNFRSF14",1,"POU4F1",-0.00016635770084295,-0.00065868222011474,-1,TRUE,1
"pairKO:LTA-TNFRSF14","random","pair","LTA-TNFRSF14",1,"ID1",0.00359993920642749,0.00623195046455514,1,FALSE,1
"pairKO:LTA-TNFRSF14","random","pair","LTA-TNFRSF14",1,"HOXB2",0.00680870892436757,0.00306062564112775,1,TRUE,1
"pairKO:LTA-TNFRSF14","random","pair","LTA-TNFRSF14",1,"SPI1",-0.00249267255710094,-0.0041663518365196,-1,TRUE,1
"pairKO:LTA-TNFRSF14","random","pair","LTA-TNFRSF14",1,"BCLAF1",3.98027807641745e-05,0.00200602108082303,-1,FALSE,-1
"pairKO:LTA-TNFRSF14","random","pair","LTA-TNFRSF14",1,"STAT1",0.00139706185758924,0.00131328335549173,1,FALSE,1
"pairKO:LTA-TNFRSF14","random","pair","LTA-TNFRSF14",1,"TCF7L2",0.0115687973605487,0.0173683952622862,-1,FALSE,-1
"pairKO:LTA-TNFRSF14","random","pair","LTA-TNFRSF14",1,"BRCA1",0.000777753751110554,0.00167167378026143,1,TRUE,1
"pairKO:LTA-TNFRSF14","random","pair","LTA-TNFRSF14",1,"CEBPB",-0.00508409887530552,-0.0103753055761392,1,FALSE,-1
"pairKO:LTA-TNFRSF14","random","pair","LTA-TNFRSF14",1,"RORA",-0.00499164266759395,0.00183359374572774,-1,FALSE,1
"pairKO:LTA-TNFRSF14","random","pair","LTA-TNFRSF14",1,"ZBTB14",-0.0302923257517044,-0.0486418664138597,-1,TRUE,1
"pairKO:LTA-TNFRSF14","random","pair","LTA-TNFRSF14",1,"EGR2",0.00109542381555584,0.00314372384723714,-1,TRUE,-1
"pairKO:LTA-TNFRSF14","random","pair","LTA-TNFRSF14",1,"IRF9",0.00615926490701816,0.00768939530754821,1,TRUE,1
"pairKO:LTA-TNFRSF14","random","pair","LTA-TNFRSF14",1,"FOXC1",0.00644685732833395,0.00838812923766564,1,TRUE,1
"pairKO:LTA-TNFRSF14","random","pair","LTA-TNFRSF14",1,"FOXP1",-0.00206663635665002,-0.000868420198111548,-1,TRUE,1
"pairKO:LTA-TNFRSF14","random","pair","LTA-TNFRSF14",1,"ESR1",0.0161257955253045,0.0159676414324931,1,TRUE,1
"pairKO:LTA-TNFRSF14","random","pair","LTA-TNFRSF14",1,"AHR",0.00181963136946158,0.00434952576213515,1,TRUE,1
"pairKO:LTA-TNFRSF14","random","pair","LTA-TNFRSF14",1,"KLF10",0.000473968454244035,-0.00107638729895453,1,TRUE,1
"pairKO:LTA-TNFRSF14","random","pair","LTA-TNFRSF14",1,"ZBTB7C",0.0120565344788182,0.0131761493634408,1,TRUE,1
"pairKO:LTA-TNFRSF14","random","pair","LTA-TNFRSF14",1,"FOXP3",0.00764844908953859,0.00463881686006824,1,TRUE,1
"pairKO:LTA-TNFRSF14","random","pair","LTA-TNFRSF14",1,"NFATC2",0.0116232205112567,0.00457279041527037,1,FALSE,1
"pairKO:LTA-TNFRSF14","random","pair","LTA-TNFRSF14",1,"STAT2",-0.00505399405359904,-0.00229831864691807,1,FALSE,-1
"pairKO:LTA-TNFRSF14","random","pair","LTA-TNFRSF14",1,"RARG",0.000703808815697083,0.00653760112335211,1,TRUE,1
"pairKO:LTA-TNFRSF14","random","pair","LTA-TNFRSF14",1,"XBP1",0.00195087386278926,-0.00548313896714584,1,TRUE,1
"pairKO:LTA-TNFRSF14","random","pair","LTA-TNFRSF14",1,"REL",0.0057067330524828,0.00662405537369724,1,TRUE,1
"pairKO:LTA-TNFRSF14","random","pair","LTA-TNFRSF14",1,"POU2F2",-0.000152740223584349,0.00245698849389547,-1,FALSE,1
"pairKO:LTA-TNFRSF14","random","pair","LTA-TNFRSF14",1,"IRF1",0.000766463981781996,0.00446993151686221,1,TRUE,1
"pairKO:LTA-TNFRSF14","random","pair","LTA-TNFRSF14",1,"ETS2",0.000143491833829287,0.00379463337094964,1,FALSE,1
"pairKO:LTA-TNFRSF14","random","pair","LTA-TNFRSF14",1,"TFEC",-0.00121042421345086,0.00386184866055608,1,TRUE,-1
"pairKO:LTA-TNFRSF14","random","pair","LTA-TNFRSF14",1,"ITGB2",0.0080154111453843,0.00988747120154067,1,TRUE,1
"pairKO:LTA-TNFRSF14","random","pair","LTA-TNFRSF14",1,"POU2F1",0.0146509541526918,0.0266472283027222,1,FALSE,1
"pairKO:LTA-TNFRSF14","random","pair","LTA-TNFRSF14",1,"JUN",0.000422155474940588,-0.00118397073772485,1,TRUE,1
"pairKO:LTA-TNFRSF14","random","pair","LTA-TNFRSF14",1,"CUX1",-0.00401395986564867,-0.00696776443466894,-1,TRUE,1
"pairKO:LTA-TNFRSF14","random","pair","LTA-TNFRSF14",1,"PLAG1",0.00336876332721584,0.00262213442497323,-1,TRUE,-1
"pairKO:LTA-TNFRSF14","random","pair","LTA-TNFRSF14",1,"JUND",0.00205940078244044,0.00185226541172362,1,TRUE,1
"pairKO:LTA-TNFRSF14","random","pair","LTA-TNFRSF14",1,"FOSL2",0.00049981153833538,0.00549176368001114,1,FALSE,1
"pairKO:LTA-TNFRSF14","random","pair","LTA-TNFRSF14",1,"NR1D1",-0.0066886616467068,-0.0157525371165696,1,FALSE,-1
"pairKO:LTA-TNFRSF14","random","pair","LTA-TNFRSF14",1,"ZFY",-0.0058089301701257,-0.0127119762828454,1,TRUE,-1
"pairKO:LTA-TNFRSF14","random","pair","LTA-TNFRSF14",1,"FOSB",0.00388579099206816,0.00575531280864792,-1,FALSE,-1
"pairKO:LTA-TNFRSF14","random","pair","LTA-TNFRSF14",1,"NR4A1",0.00969460802046385,0.0189619478116989,1,TRUE,1
"pairKO:LTA-TNFRSF14","random","pair","LTA-TNFRSF14",1,"ATF4",-1.22700359116563e-05,0.000738244124497238,1,FALSE,-1
"pairKO:LTA-TNFRSF14","random","pair","LTA-TNFRSF14",1,"NFIL3",-0.00509627045407107,-0.00921234006339671,1,FALSE,-1
"pairKO:LTA-TNFRSF14","random","pair","LTA-TNFRSF14",1,"STAT3",0.00415027625551064,0.0052419904593439,1,FALSE,1
"pairKO:LTA-TNFRSF14","random","pair","LTA-TNFRSF14",1,"NFE2",0.0122536951003621,0.0199344559112773,1,TRUE,1
"pairKO:LTA-TNFRSF14","random","pair","LTA-TNFRSF14",1,"MXI1",0.00599529961523663,0.00854958663803645,1,TRUE,1
"pairKO:LTA-TNFRSF14","random","pair","LTA-TNFRSF14",1,"HIF1A",0.00948948189758366,0.0131987700735474,1,FALSE,1
"pairKO:LTA-TNFRSF14","random","pair","LTA-TNFRSF14",1,"NFKB2",-0.00671667007752583,-0.0135093493743883,1,FALSE,-1
"pairKO:LTA-TNFRSF14","random","pair","LTA-TNFRSF14",1,"ATF3",0.00102153065352959,-0.00388386734048316,1,FALSE,1
"pairKO:LTA-TNFRSF14","random","pair","LTA-TNFRSF14",1,"HES4",0.00450955434105651,0.00224504743447399,1,FALSE,1
"receptorKO:CD44","random","receptor","FGF2-CD44",2,"ZBTB7A",-0.0611689039197534,-0.0105461375517106,-1,FALSE,1
"receptorKO:CD44","random","receptor","FGF2-CD44",2,"KLF6",0.048650699746413,0.0793907027617569,-1,FALSE,-1
"receptorKO:CD44","random","receptor","FGF2-CD44",2,"EGR1",-0.00264836182987878,0.0345624088962988,-1,FALSE,1
"receptorKO:CD44","random","receptor","FGF2-CD44",2,"KLF4",0.0281685480636612,0.12462315663266,-1,FALSE,-1
"receptorKO:CD44","random","receptor","FGF2-CD44",2,"MEF2C",-0.0401427424421081,-0.020369702981662,-1,TRUE,1
"receptorKO:CD44","random","receptor","FGF2-CD44",2,"NR4A2",-0.0356498228927189,-0.00708014507671107,1,TRUE,-1
"receptorKO:CD44","random","receptor","FGF2-CD44",2,"E2F5",-0.149022846416663,-0.178106359118454,1,TRUE,-1
"receptorKO:CD44","random","receptor","FGF2-CD44",2,"FOXL2",-0.139151813160773,-0.0200101531167612,NA,FALSE,NA
"receptorKO:CD44","random","receptor","FGF2-CD44",2,"EGR3",-0.0417474382980453,-0.109247452194208,-1,TRUE,1
"receptorKO:CD44","random","receptor","FGF2-CD44",2,"BHLHE40",-0.0574824428260247,-0.0233903531113543,-1,FALSE,1
"receptorKO:CD44","random","receptor","FGF2-CD44",2,"RUNX3",-0.0293851716578884,-0.0149082740732851,-1,FALSE,1
"receptorKO:CD44","random","receptor","FGF2-CD44",2,"RAD21",0.054624141890546,0.0882236248137554,1,TRUE,1
"receptorKO:CD44","random","receptor","FGF2-CD44",2,"BCL11A",-0.00213769960857629,0.0110152295366688,1,FALSE,-1
"receptorKO:CD44","random","receptor","FGF2-CD44",2,"GTF2I",-0.0651221530225055,-0.037553487823899,1,TRUE,-1
"receptorKO:CD44","random","receptor","FGF2-CD44",2,"CREB1",-0.0994510543136353,-0.141833876410621,1,TRUE,-1
"receptorKO:CD44","random","receptor","FGF2-CD44",2,"ELF2",0.0101591133546189,-0.0530040279942846,-1,FALSE,-1
"receptorKO:CD44","random","receptor","FGF2-CD44",2,"MAFB",-0.000980402089906779,0.0248939400144592,-1,TRUE,1
"receptorKO:CD44","random","receptor","FGF2-CD44",2,"KLF2",0.0839001968788799,0.173849047232539,-1,FALSE,-1
"receptorKO:CD44","random","receptor","FGF2-CD44",2,"ATF5",-0.0282655556319243,-0.0567618540295886,1,FALSE,-1
"receptorKO:CD44","random","receptor","FGF2-CD44",2,"IRF8",0.000784929138494934,-0.00904692199602299,1,FALSE,1
"receptorKO:CD44","random","receptor","FGF2-CD44",2,"BDP1",0.0562263255704193,0.0509968345464599,1,TRUE,1
"receptorKO:CD44","random","receptor","FGF2-CD44",2,"CREB5",-0.0239046394745362,-0.0385857450443932,1,FALSE,-1
"receptorKO:CD44","random","receptor","FGF2-CD44",2,"CEBPD",-0.00270374332925978,-0.00438348369351386,1,FALSE,-1
"receptorKO:CD44","random","receptor","FGF2-CD44",2,"HIVEP1",-0.102356867404056,-0.151518127208596,-1,TRUE,1
"receptorKO:CD44","random","receptor","FGF2-CD44",2,"ETV7",-0.169371704851181,-0.309538350673144,-1,TRUE,1
"receptorKO:CD44","random","receptor","FGF2-CD44",2,"POU4F1",0.0384562027476059,0.092077199062371,-1,TRUE,-1
"receptorKO:CD44","random","receptor","FGF2-CD44",2,"ID1",0.00327814488777625,-0.00412899807690862,1,FALSE,1
"receptorKO:CD44","random","receptor","FGF2-CD44",2,"HOXB2",0.127349620904733,0.0851701077977122,1,TRUE,1
"receptorKO:CD44","random","receptor","FGF2-CD44",2,"SPI1",-0.0160642808167119,-0.00604893234939789,-1,TRUE,1
"receptorKO:CD44","random","receptor","FGF2-CD44",2,"BCLAF1",0.0397561185473438,0.0513342973097952,-1,FALSE,-1
"receptorKO:CD44","random","receptor","FGF2-CD44",2,"STAT1",0.0560953256468048,0.116053594355162,1,FALSE,1
"receptorKO:CD44","random","receptor","FGF2-CD44",2,"TCF7L2",0.0226506034843345,0.0363943889381395,-1,FALSE,-1
"receptorKO:CD44","random","receptor","FGF2-CD44",2,"BRCA1",0.0183870489099889,-0.0241823076655062,1,TRUE,1
"receptorKO:CD44","random","receptor","FGF2-CD44",2,"CEBPB",0.0275004194492371,-0.00643633057880858,1,FALSE,1
"receptorKO:CD44","random","receptor","FGF2-CD44",2,"RORA",-0.0318870746480005,-0.0357390371293846,-1,FALSE,1
"receptorKO:CD44","random","receptor","FGF2-CD44",2,"ZBTB14",-0.123024115216425,-0.229862830315573,-1,TRUE,1
"receptorKO:CD44","random","receptor","FGF2-CD44",2,"EGR2",0.131090215978584,0.193856825624461,-1,TRUE,-1
"receptorKO:CD44","random","receptor","FGF2-CD44",2,"IRF9",0.0359745412898115,0.0289527309961221,1,TRUE,1
"receptorKO:CD44","random","receptor","FGF2-CD44",2,"FOXC1",0.0360252786318428,0.0484152129633705,1,TRUE,1
"receptorKO:CD44","random","receptor","FGF2-CD44",2,"FOXP1",0.0899915929081666,0.118227914046428,-1,TRUE,-1
"receptorKO:CD44","random","receptor","FGF2-CD44",2,"ESR1",0.0196036580076054,0.0162356022998972,1,TRUE,1
"receptorKO:CD44","random","receptor","FGF2-CD44",2,"AHR",0.0590037807982621,0.0759914038593509,1,TRUE,1
"receptorKO:CD44","random","receptor","FGF2-CD44",2,"KLF10",0.0549499747427868,0.052160018552822,1,TRUE,1
"receptorKO:CD44","random","receptor","FGF2-CD44",2,"ZBTB7C",0.0707339261264561,0.129205659794132,1,TRUE,1
"receptorKO:CD44","random","receptor","FGF2-CD44",2,"FOXP3",0.0304467449259753,-0.048058903557729,1,TRUE,1
"receptorKO:CD44","random","receptor","FGF2-CD44",2,"NFATC2",0.097976770619523,0.0403730287792082,1,FALSE,1
"receptorKO:CD44","random","receptor","FGF2-CD44",2,"STAT2",0.052910589577888,0.06219332173885,1,FALSE,1
"receptorKO:CD44","random","receptor","FGF2-CD44",2,"RARG",0.0298564103710964,0.0336033461915086,1,TRUE,1
"receptorKO:CD44","random","receptor","FGF2-CD44",2,"XBP1",0.0362322992221089,0.0101915044062185,1,TRUE,1
"receptorKO:CD44","random","receptor","FGF2-CD44",2,"REL",0.0144544529331405,0.00514065048665986,1,TRUE,1
"receptorKO:CD44","random","receptor","FGF2-CD44",2,"POU2F2",-0.0455168553702861,-0.0708627839301153,-1,FALSE,1
"receptorKO:CD44","random","receptor","FGF2-CD44",2,"IRF1",0.0296211980640109,0.0211278282552301,1,TRUE,1
"receptorKO:CD44","random","receptor","FGF2-CD44",2,"ETS2",0.0201675695611376,0.0297500406924197,1,FALSE,1
"receptorKO:CD44","random","receptor","FGF2-CD44",2,"TFEC",0.0539575711128987,0.0619894021358257,1,TRUE,1
"receptorKO:CD44","random","receptor","FGF2-CD44",2,"ITGB2",-0.0809069748929591,-0.109516464694806,1,TRUE,-1
"receptorKO:CD44","random","receptor","FGF2-CD44",2,"POU2F1",0.054646798113465,0.0817734121019264,1,FALSE,1
"receptorKO:CD44","random","receptor","FGF2-CD44",2,"JUN",0.0882997025244854,0.0196218720150102,1,TRUE,1
"receptorKO:CD44","random","receptor","FGF2-CD44",2,"CUX1",-0.154974424511691,-0.194641691851163,-1,TRUE,1
"receptorKO:CD44","random","receptor","FGF2-CD44",2,"PLAG1",-0.040103836209472,-0.0948635189891621,-1,TRUE,1
"receptorKO:CD44","random","receptor","FGF2-CD44",2,"JUND",0.0584354833670866,0.0208328316415777,1,TRUE,1
"receptorKO:CD44","random","receptor","FGF2-CD44",2,"FOSL2",0.027173902659683,-0.00552348578512666,1,FALSE,1
"receptorKO:CD44","random","receptor","FGF2-CD44",2,"NR1D1",-0.144687418191559,-0.17451627937771,1,FALSE,-1
"receptorKO:CD44","random","receptor","FGF2-CD44",2,"ZFY",-0.00991826927919653,0.00636158620967907,1,TRUE,-1
"receptorKO:CD44","random","receptor","FGF2-CD44",2,"FOSB",0.0235058295923158,-0.00921741970691215,-1,FALSE,-1
"receptorKO:CD44","random","receptor","FGF2-CD44",2,"NR4A1",0.0514899687947546,0.0233906124955332,1,TRUE,1
"receptorKO:CD44","random","receptor","FGF2-CD44",2,"ATF4",-0.0849443899986551,-0.0185493387305407,1,FALSE,-1
"receptorKO:CD44","random","receptor","FGF2-CD44",2,"NFIL3",-0.0307157760410663,-0.0422202986564643,1,FALSE,-1
"receptorKO:CD44","random","receptor","FGF2-CD44",2,"STAT3",0.151576239535681,0.029461573754402,1,FALSE,1
"receptorKO:CD44","random","receptor","FGF2-CD44",2,"NFE2",0.0536622279453592,0.043705753847431,1,TRUE,1
"receptorKO:CD44","random","receptor","FGF2-CD44",2,"MXI1",0.0366063347591196,0.0399453616047395,1,TRUE,1
"receptorKO:CD44","random","receptor","FGF2-CD44",2,"HIF1A",-0.0825023841640523,-0.0769475894695418,1,FALSE,-1
"receptorKO:CD44","random","receptor","FGF2-CD44",2,"NFKB2",-0.0754058696309221,-0.121951372310456,1,FALSE,-1
"receptorKO:CD44","random","receptor","FGF2-CD44",2,"ATF3",-0.139748904349671,-0.173089861424696,1,FALSE,-1
"receptorKO:CD44","random","receptor","FGF2-CD44",2,"HES4",-0.0465598122680513,-0.0585861954220836,1,FALSE,-1
"ligandKO:FGF2","random","ligand","FGF2-CD44",1,"ZBTB7A",-0.0752076847052523,-0.0152083011797357,-1,FALSE,1
"ligandKO:FGF2","random","ligand","FGF2-CD44",1,"KLF6",-0.0131617396416171,0.0288703449871236,-1,FALSE,1
"ligandKO:FGF2","random","ligand","FGF2-CD44",1,"EGR1",-0.0434175083913288,0.0153748291237054,-1,FALSE,1
"ligandKO:FGF2","random","ligand","FGF2-CD44",1,"KLF4",-0.0211224437209615,0.0509141390180401,-1,FALSE,1
"ligandKO:FGF2","random","ligand","FGF2-CD44",1,"MEF2C",-0.0556782167999376,-0.0160285481355624,-1,TRUE,1
"ligandKO:FGF2","random","ligand","FGF2-CD44",1,"NR4A2",-0.0458475058866227,-0.00763802675589245,1,TRUE,-1
"ligandKO:FGF2","random","ligand","FGF2-CD44",1,"E2F5",-0.102230742161885,-0.0809413285238115,1,TRUE,-1
"ligandKO:FGF2","random","ligand","FGF2-CD44",1,"FOXL2",-0.135363710406859,-0.0150028515491297,NA,FALSE,NA
"ligandKO:FGF2","random","ligand","FGF2-CD44",1,"EGR3",-0.0218705103679777,-0.0465132460762063,-1,TRUE,1
"ligandKO:FGF2","random","ligand","FGF2-CD44",1,"BHLHE40",-0.0846015241523055,-0.027537179642398,-1,FALSE,1
"ligandKO:FGF2","random","ligand","FGF2-CD44",1,"RUNX3",-0.0441730226469777,-0.00549088877093244,-1,FALSE,1
"ligandKO:FGF2","random","ligand","FGF2-CD44",1,"RAD21",0.0148525904644494,0.0262839915572789,1,TRUE,1
"ligandKO:FGF2","random","ligand","FGF2-CD44",1,"BCL11A",-0.005234710896874,0.0096607851659958,1,FALSE,-1
"ligandKO:FGF2","random","ligand","FGF2-CD44",1,"GTF2I",-0.0638870881126384,-0.0155217273953084,1,TRUE,-1
"ligandKO:FGF2","random","ligand","FGF2-CD44",1,"CREB1",-0.0667763234909271,-0.056875349992272,1,TRUE,-1
"ligandKO:FGF2","random","ligand","FGF2-CD44",1,"ELF2",0.0127769328659497,-0.0202771264920819,-1,FALSE,-1
"ligandKO:FGF2","random","ligand","FGF2-CD44",1,"MAFB",-0.0140110557610942,0.00110828020187262,-1,TRUE,1
"ligandKO:FGF2","random","ligand","FGF2-CD44",1,"KLF2",0.0320396482470262,0.0813566877635931,-1,FALSE,-1
"ligandKO:FGF2","random","ligand","FGF2-CD44",1,"ATF5",-0.0187774530587368,-0.0258609500027828,1,FALSE,-1
"ligandKO:FGF2","random","ligand","FGF2-CD44",1,"IRF8",0.00338586170731287,0.00046464218379403,1,FALSE,1
"ligandKO:FGF2","random","ligand","FGF2-CD44",1,"BDP1",0.0327188794531117,0.0231258756349576,1,TRUE,1
"ligandKO:FGF2","random","ligand","FGF2-CD44",1,"CREB5",-0.00694800363212098,-0.00837510721137358,1,FALSE,-1
"ligandKO:FGF2","random","ligand","FGF2-CD44",1,"CEBPD",-0.0273193000344921,0.000261289765049144,1,FALSE,-1
"ligandKO:FGF2","random","ligand","FGF2-CD44",1,"HIVEP1",-0.0486241905885191,-0.0500359389735702,-1,TRUE,1
"ligandKO:FGF2","random","ligand","FGF2-CD44",1,"ETV7",-0.0861862039356391,-0.148997315135173,-1,TRUE,1
"ligandKO:FGF2","random","ligand","FGF2-CD44",1,"POU4F1",0.0116131680741852,0.0549138503083791,-1,TRUE,-1
"ligandKO:FGF2","random","ligand","FGF2-CD44",1,"ID1",0.00339601510143027,-0.00240384816995041,1,FALSE,1
"ligandKO:FGF2","random","ligand","FGF2-CD44",1,"HOXB2",0.0504970371920989,0.0373790969790639,1,TRUE,1
"ligandKO:FGF2","random","ligand","FGF2-CD44",1,"SPI1",-0.0130996007143361,-0.00278870388915332,-1,TRUE,1
"ligandKO:FGF2","random","ligand","FGF2-CD44",1,"BCLAF1",0.0255525920407787,0.0354290329122542,-1,FALSE,-1
"ligandKO:FGF2","random","ligand","FGF2-CD44",1,"STAT1",0.0402114495976635,0.0792530292837176,1,FALSE,1
"ligandKO:FGF2","random","ligand","FGF2-CD44",1,"TCF7L2",0.0143217557217574,0.0162682472721176,-1,FALSE,-1
"ligandKO:FGF2","random","ligand","FGF2-CD44",1,"BRCA1",0.0131661281171643,-0.000756779530732974,1,TRUE,1
"ligandKO:FGF2","random","ligand","FGF2-CD44",1,"CEBPB",0.0131554486854133,0.00137123413858018,1,FALSE,1
"ligandKO:FGF2","random","ligand","FGF2-CD44",1,"RORA",-0.0517834264223653,-0.0517547309008372,-1,FALSE,1
"ligandKO:FGF2","random","ligand","FGF2-CD44",1,"ZBTB14",-0.0869630550682294,-0.161224620085536,-1,TRUE,1
"ligandKO:FGF2","random","ligand","FGF2-CD44",1,"EGR2",0.0573061308937074,0.0854894658924255,-1,TRUE,-1
"ligandKO:FGF2","random","ligand","FGF2-CD44",1,"IRF9",0.0280132479913342,0.0141210041290872,1,TRUE,1
"ligandKO:FGF2","random","ligand","FGF2-CD44",1,"FOXC1",0.0225221899296027,0.0360692191744692,1,TRUE,1
"ligandKO:FGF2","random","ligand","FGF2-CD44",1,"FOXP1",0.0549954646465574,0.0693241808228083,-1,TRUE,-1
"ligandKO:FGF2","random","ligand","FGF2-CD44",1,"ESR1",0.0253248701511688,0.0235095599837125,1,TRUE,1
"ligandKO:FGF2","random","ligand","FGF2-CD44",1,"AHR",0.03724780777912,0.0395074782683351,1,TRUE,1
"ligandKO:FGF2","random","ligand","FGF2-CD44",1,"KLF10",0.0384748670327139,0.027618342157239,1,TRUE,1
"ligandKO:FGF2","random","ligand","FGF2-CD44",1,"ZBTB7C",0.0340189536815733,0.0635133507022276,1,TRUE,1
"ligandKO:FGF2","random","ligand","FGF2-CD44",1,"FOXP3",0.0191393522246962,-0.0254655547977968,1,TRUE,1
"ligandKO:FGF2","random","ligand","FGF2-CD44",1,"NFATC2",0.0599064815018712,0.0289249702158158,1,FALSE,1
"ligandKO:FGF2","random","ligand","FGF2-CD44",1,"STAT2",0.0264614711996965,0.0227616459314343,1,FALSE,1
"ligandKO:FGF2","random","ligand","FGF2-CD44",1,"RARG",0.0226411029003976,0.0254413865876934,1,TRUE,1
"ligandKO:FGF2","random","ligand","FGF2-CD44",1,"XBP1",0.00665649542209968,-0.000913927733208873,1,TRUE,1
"ligandKO:FGF2","random","ligand","FGF2-CD44",1,"REL",0.0189359896543807,0.00522238991635848,1,TRUE,1
"ligandKO:FGF2","random","ligand","FGF2-CD44",1,"POU2F2",-0.0461701965616103,-0.071945861496599,-1,FALSE,1
"ligandKO:FGF2","random","ligand","FGF2-CD44",1,"IRF1",0.0288091137533925,0.0145468972874777,1,TRUE,1
"ligandKO:FGF2","random","ligand","FGF2-CD44",1,"ETS2",0.020576194926014,0.0234986370399045,1,FALSE,1
"ligandKO:FGF2","random","ligand","FGF2-CD44",1,"TFEC",0.0556583692882751,0.0458320860690395,1,TRUE,1
"ligandKO:FGF2","random","ligand","FGF2-CD44",1,"ITGB2",-0.0284258369584001,-0.0254858745071241,1,TRUE,-1
"ligandKO:FGF2","random","ligand","FGF2-CD44",1,"POU2F1",0.0598909792954541,0.0510292660375196,1,FALSE,1
"ligandKO:FGF2","random","ligand","FGF2-CD44",1,"JUN",0.0874569035973314,0.0121891313417761,1,TRUE,1
"ligandKO:FGF2","random","ligand","FGF2-CD44",1,"CUX1",-0.00563324318286151,-0.0103421226141646,-1,TRUE,1
"ligandKO:FGF2","random","ligand","FGF2-CD44",1,"PLAG1",-0.0159354749482606,-0.0422047529765597,-1,TRUE,1
"ligandKO:FGF2","random","ligand","FGF2-CD44",1,"JUND",0.0560852645079376,0.00354522668763652,1,TRUE,1
"ligandKO:FGF2","random","ligand","FGF2-CD44",1,"FOSL2",0.0479075593361641,0.00615601951995282,1,FALSE,1
"ligandKO:FGF2","random","ligand","FGF2-CD44",1,"NR1D1",-0.0173498556672899,-0.0226263353778759,1,FALSE,-1
"ligandKO:FGF2","random","ligand","FGF2-CD44",1,"ZFY",0.00157347531102648,0.00488197664279248,1,TRUE,1
"ligandKO:FGF2","random","ligand","FGF2-CD44",1,"FOSB",0.0297725439230482,0.00247628772916753,-1,FALSE,-1
"ligandKO:FGF2","random","ligand","FGF2-CD44",1,"NR4A1",0.0506469608766178,0.0116084968229848,1,TRUE,1
"ligandKO:FGF2","random","ligand","FGF2-CD44",1,"ATF4",-0.0454047971669507,0.0030927659423044,1,FALSE,-1
"ligandKO:FGF2","random","ligand","FGF2-CD44",1,"NFIL3",0.0352166628812021,-0.00314962370742488,1,FALSE,1
"ligandKO:FGF2","random","ligand","FGF2-CD44",1,"STAT3",0.150703873432932,0.0288780037207626,1,FALSE,1
"ligandKO:FGF2","random","ligand","FGF2-CD44",1,"NFE2",0.0531741030184937,0.0322764577935288,1,TRUE,1
"ligandKO:FGF2","random","ligand","FGF2-CD44",1,"MXI1",0.0414394488130757,0.0139368124874254,1,TRUE,1
"ligandKO:FGF2","random","ligand","FGF2-CD44",1,"HIF1A",0.0129211490207198,-0.0189728703365684,1,FALSE,1
"ligandKO:FGF2","random","ligand","FGF2-CD44",1,"NFKB2",0.0174572036818148,-0.0275428493581141,1,FALSE,1
"ligandKO:FGF2","random","ligand","FGF2-CD44",1,"ATF3",-0.0236130510571703,-0.0389314524994559,1,FALSE,-1
"ligandKO:FGF2","random","ligand","FGF2-CD44",1,"HES4",-0.00858670615495879,-0.0123297493013982,1,FALSE,-1
"pairKO:FGF2-CD44","random","pair","FGF2-CD44",1,"ZBTB7A",-0.0752076847052523,-0.0152083011797357,-1,FALSE,1
"pairKO:FGF2-CD44","random","pair","FGF2-CD44",1,"KLF6",-0.0131617396416171,0.0288703449871236,-1,FALSE,1
"pairKO:FGF2-CD44","random","pair","FGF2-CD44",1,"EGR1",-0.0434175083913288,0.0153748291237054,-1,FALSE,1
"pairKO:FGF2-CD44","random","pair","FGF2-CD44",1,"KLF4",-0.0211224437209615,0.0509141390180401,-1,FALSE,1
"pairKO:FGF2-CD44","random","pair","FGF2-CD44",1,"MEF2C",-0.0556782167999376,-0.0160285481355624,-1,TRUE,1
"pairKO:FGF2-CD44","random","pair","FGF2-CD44",1,"NR4A2",-0.0458475058866227,-0.00763802675589245,1,TRUE,-1
"pairKO:FGF2-CD44","random","pair","FGF2-CD44",1,"E2F5",-0.102230742161885,-0.0809413285238115,1,TRUE,-1
"pairKO:FGF2-CD44","random","pair","FGF2-CD44",1,"FOXL2",-0.135363710406859,-0.0150028515491297,NA,FALSE,NA
"pairKO:FGF2-CD44","random","pair","FGF2-CD44",1,"EGR3",-0.0218705103679777,-0.0465132460762063,-1,TRUE,1
"pairKO:FGF2-CD44","random","pair","FGF2-CD44",1,"BHLHE40",-0.0846015241523055,-0.027537179642398,-1,FALSE,1
"pairKO:FGF2-CD44","random","pair","FGF2-CD44",1,"RUNX3",-0.0441730226469777,-0.00549088877093244,-1,FALSE,1
"pairKO:FGF2-CD44","random","pair","FGF2-CD44",1,"RAD21",0.0148525904644494,0.0262839915572789,1,TRUE,1
"pairKO:FGF2-CD44","random","pair","FGF2-CD44",1,"BCL11A",-0.005234710896874,0.0096607851659958,1,FALSE,-1
"pairKO:FGF2-CD44","random","pair","FGF2-CD44",1,"GTF2I",-0.0638870881126384,-0.0155217273953084,1,TRUE,-1
"pairKO:FGF2-CD44","random","pair","FGF2-CD44",1,"CREB1",-0.0667763234909271,-0.056875349992272,1,TRUE,-1
"pairKO:FGF2-CD44","random","pair","FGF2-CD44",1,"ELF2",0.0127769328659497,-0.0202771264920819,-1,FALSE,-1
"pairKO:FGF2-CD44","random","pair","FGF2-CD44",1,"MAFB",-0.0140110557610942,0.00110828020187262,-1,TRUE,1
"pairKO:FGF2-CD44","random","pair","FGF2-CD44",1,"KLF2",0.0320396482470262,0.0813566877635931,-1,FALSE,-1
"pairKO:FGF2-CD44","random","pair","FGF2-CD44",1,"ATF5",-0.0187774530587368,-0.0258609500027828,1,FALSE,-1
"pairKO:FGF2-CD44","random","pair","FGF2-CD44",1,"IRF8",0.00338586170731287,0.00046464218379403,1,FALSE,1
"pairKO:FGF2-CD44","random","pair","FGF2-CD44",1,"BDP1",0.0327188794531117,0.0231258756349576,1,TRUE,1
"pairKO:FGF2-CD44","random","pair","FGF2-CD44",1,"CREB5",-0.00694800363212098,-0.00837510721137358,1,FALSE,-1
"pairKO:FGF2-CD44","random","pair","FGF2-CD44",1,"CEBPD",-0.0273193000344921,0.000261289765049144,1,FALSE,-1
"pairKO:FGF2-CD44","random","pair","FGF2-CD44",1,"HIVEP1",-0.0486241905885191,-0.0500359389735702,-1,TRUE,1
"pairKO:FGF2-CD44","random","pair","FGF2-CD44",1,"ETV7",-0.0861862039356391,-0.148997315135173,-1,TRUE,1
"pairKO:FGF2-CD44","random","pair","FGF2-CD44",1,"POU4F1",0.0116131680741852,0.0549138503083791,-1,TRUE,-1
"pairKO:FGF2-CD44","random","pair","FGF2-CD44",1,"ID1",0.00339601510143027,-0.00240384816995041,1,FALSE,1
"pairKO:FGF2-CD44","random","pair","FGF2-CD44",1,"HOXB2",0.0504970371920989,0.0373790969790639,1,TRUE,1
"pairKO:FGF2-CD44","random","pair","FGF2-CD44",1,"SPI1",-0.0130996007143361,-0.00278870388915332,-1,TRUE,1
"pairKO:FGF2-CD44","random","pair","FGF2-CD44",1,"BCLAF1",0.0255525920407787,0.0354290329122542,-1,FALSE,-1
"pairKO:FGF2-CD44","random","pair","FGF2-CD44",1,"STAT1",0.0402114495976635,0.0792530292837176,1,FALSE,1
"pairKO:FGF2-CD44","random","pair","FGF2-CD44",1,"TCF7L2",0.0143217557217574,0.0162682472721176,-1,FALSE,-1
"pairKO:FGF2-CD44","random","pair","FGF2-CD44",1,"BRCA1",0.0131661281171643,-0.000756779530732974,1,TRUE,1
"pairKO:FGF2-CD44","random","pair","FGF2-CD44",1,"CEBPB",0.0131554486854133,0.00137123413858018,1,FALSE,1
"pairKO:FGF2-CD44","random","pair","FGF2-CD44",1,"RORA",-0.0517834264223653,-0.0517547309008372,-1,FALSE,1
"pairKO:FGF2-CD44","random","pair","FGF2-CD44",1,"ZBTB14",-0.0869630550682294,-0.161224620085536,-1,TRUE,1
"pairKO:FGF2-CD44","random","pair","FGF2-CD44",1,"EGR2",0.0573061308937074,0.0854894658924255,-1,TRUE,-1
"pairKO:FGF2-CD44","random","pair","FGF2-CD44",1,"IRF9",0.0280132479913342,0.0141210041290872,1,TRUE,1
"pairKO:FGF2-CD44","random","pair","FGF2-CD44",1,"FOXC1",0.0225221899296027,0.0360692191744692,1,TRUE,1
"pairKO:FGF2-CD44","random","pair","FGF2-CD44",1,"FOXP1",0.0549954646465574,0.0693241808228083,-1,TRUE,-1
"pairKO:FGF2-CD44","random","pair","FGF2-CD44",1,"ESR1",0.0253248701511688,0.0235095599837125,1,TRUE,1
"pairKO:FGF2-CD44","random","pair","FGF2-CD44",1,"AHR",0.03724780777912,0.0395074782683351,1,TRUE,1
"pairKO:FGF2-CD44","random","pair","FGF2-CD44",1,"KLF10",0.0384748670327139,0.027618342157239,1,TRUE,1
"pairKO:FGF2-CD44","random","pair","FGF2-CD44",1,"ZBTB7C",0.0340189536815733,0.0635133507022276,1,TRUE,1
"pairKO:FGF2-CD44","random","pair","FGF2-CD44",1,"FOXP3",0.0191393522246962,-0.0254655547977968,1,TRUE,1
"pairKO:FGF2-CD44","random","pair","FGF2-CD44",1,"NFATC2",0.0599064815018712,0.0289249702158158,1,FALSE,1
"pairKO:FGF2-CD44","random","pair","FGF2-CD44",1,"STAT2",0.0264614711996965,0.0227616459314343,1,FALSE,1
"pairKO:FGF2-CD44","random","pair","FGF2-CD44",1,"RARG",0.0226411029003976,0.0254413865876934,1,TRUE,1
"pairKO:FGF2-CD44","random","pair","FGF2-CD44",1,"XBP1",0.00665649542209968,-0.000913927733208873,1,TRUE,1
"pairKO:FGF2-CD44","random","pair","FGF2-CD44",1,"REL",0.0189359896543807,0.00522238991635848,1,TRUE,1
"pairKO:FGF2-CD44","random","pair","FGF2-CD44",1,"POU2F2",-0.0461701965616103,-0.071945861496599,-1,FALSE,1
"pairKO:FGF2-CD44","random","pair","FGF2-CD44",1,"IRF1",0.0288091137533925,0.0145468972874777,1,TRUE,1
"pairKO:FGF2-CD44","random","pair","FGF2-CD44",1,"ETS2",0.020576194926014,0.0234986370399045,1,FALSE,1
"pairKO:FGF2-CD44","random","pair","FGF2-CD44",1,"TFEC",0.0556583692882751,0.0458320860690395,1,TRUE,1
"pairKO:FGF2-CD44","random","pair","FGF2-CD44",1,"ITGB2",-0.0284258369584001,-0.0254858745071241,1,TRUE,-1
"pairKO:FGF2-CD44","random","pair","FGF2-CD44",1,"POU2F1",0.0598909792954541,0.0510292660375196,1,FALSE,1
"pairKO:FGF2-CD44","random","pair","FGF2-CD44",1,"JUN",0.0874569035973314,0.0121891313417761,1,TRUE,1
"pairKO:FGF2-CD44","random","pair","FGF2-CD44",1,"CUX1",-0.00563324318286151,-0.0103421226141646,-1,TRUE,1
"pairKO:FGF2-CD44","random","pair","FGF2-CD44",1,"PLAG1",-0.0159354749482606,-0.0422047529765597,-1,TRUE,1
"pairKO:FGF2-CD44","random","pair","FGF2-CD44",1,"JUND",0.0560852645079376,0.00354522668763652,1,TRUE,1
"pairKO:FGF2-CD44","random","pair","FGF2-CD44",1,"FOSL2",0.0479075593361641,0.00615601951995282,1,FALSE,1
"pairKO:FGF2-CD44","random","pair","FGF2-CD44",1,"NR1D1",-0.0173498556672899,-0.0226263353778759,1,FALSE,-1
"pairKO:FGF2-CD44","random","pair","FGF2-CD44",1,"ZFY",0.00157347531102648,0.00488197664279248,1,TRUE,1
"pairKO:FGF2-CD44","random","pair","FGF2-CD44",1,"FOSB",0.0297725439230482,0.00247628772916753,-1,FALSE,-1
"pairKO:FGF2-CD44","random","pair","FGF2-CD44",1,"NR4A1",0.0506469608766178,0.0116084968229848,1,TRUE,1
"pairKO:FGF2-CD44","random","pair","FGF2-CD44",1,"ATF4",-0.0454047971669507,0.0030927659423044,1,FALSE,-1
"pairKO:FGF2-CD44","random","pair","FGF2-CD44",1,"NFIL3",0.0352166628812021,-0.00314962370742488,1,FALSE,1
"pairKO:FGF2-CD44","random","pair","FGF2-CD44",1,"STAT3",0.150703873432932,0.0288780037207626,1,FALSE,1
"pairKO:FGF2-CD44","random","pair","FGF2-CD44",1,"NFE2",0.0531741030184937,0.0322764577935288,1,TRUE,1
"pairKO:FGF2-CD44","random","pair","FGF2-CD44",1,"MXI1",0.0414394488130757,0.0139368124874254,1,TRUE,1
"pairKO:FGF2-CD44","random","pair","FGF2-CD44",1,"HIF1A",0.0129211490207198,-0.0189728703365684,1,FALSE,1
"pairKO:FGF2-CD44","random","pair","FGF2-CD44",1,"NFKB2",0.0174572036818148,-0.0275428493581141,1,FALSE,1
"pairKO:FGF2-CD44","random","pair","FGF2-CD44",1,"ATF3",-0.0236130510571703,-0.0389314524994559,1,FALSE,-1
"pairKO:FGF2-CD44","random","pair","FGF2-CD44",1,"HES4",-0.00858670615495879,-0.0123297493013982,1,FALSE,-1
"receptorKO:PTPRJ","random","receptor","SDC2-PTPRJ",1,"ZBTB7A",0.0137731376259583,0.014318800359691,-1,FALSE,-1
"receptorKO:PTPRJ","random","receptor","SDC2-PTPRJ",1,"KLF6",0.00446648848085735,0.00163304577137923,-1,FALSE,-1
"receptorKO:PTPRJ","random","receptor","SDC2-PTPRJ",1,"EGR1",0.00535851585382617,0.00380890798972417,-1,FALSE,-1
"receptorKO:PTPRJ","random","receptor","SDC2-PTPRJ",1,"KLF4",0.00199690219579546,0.00160351263147687,-1,FALSE,-1
"receptorKO:PTPRJ","random","receptor","SDC2-PTPRJ",1,"MEF2C",0.00462714806955596,-0.00301841557559205,-1,TRUE,-1
"receptorKO:PTPRJ","random","receptor","SDC2-PTPRJ",1,"NR4A2",0.0048191412703978,-0.000889778177315224,1,TRUE,1
"receptorKO:PTPRJ","random","receptor","SDC2-PTPRJ",1,"E2F5",0.00708059746243691,0.00354055317091665,1,TRUE,1
"receptorKO:PTPRJ","random","receptor","SDC2-PTPRJ",1,"FOXL2",0.00121335398317043,0.0010028609669085,NA,FALSE,NA
"receptorKO:PTPRJ","random","receptor","SDC2-PTPRJ",1,"EGR3",0.010719227254402,0.00126843961885405,-1,TRUE,-1
"receptorKO:PTPRJ","random","receptor","SDC2-PTPRJ",1,"BHLHE40",-0.000319925457388406,-0.001188798238684,-1,FALSE,1
"receptorKO:PTPRJ","random","receptor","SDC2-PTPRJ",1,"RUNX3",0.00520127240516738,0.00762072586677448,-1,FALSE,-1
"receptorKO:PTPRJ","random","receptor","SDC2-PTPRJ",1,"RAD21",0.000121012609786478,0.000316339010752905,1,TRUE,1
"receptorKO:PTPRJ","random","receptor","SDC2-PTPRJ",1,"BCL11A",0.00123526578327126,0.00170668595359666,1,FALSE,1
"receptorKO:PTPRJ","random","receptor","SDC2-PTPRJ",1,"GTF2I",0.00457660084170095,0.000542100630345021,1,TRUE,1
"receptorKO:PTPRJ","random","receptor","SDC2-PTPRJ",1,"CREB1",0.00241289983681237,0.00469491661640506,1,TRUE,1
"receptorKO:PTPRJ","random","receptor","SDC2-PTPRJ",1,"ELF2",0.00314705884657032,0.00353861407041508,-1,FALSE,-1
"receptorKO:PTPRJ","random","receptor","SDC2-PTPRJ",1,"MAFB",0.00751799562681665,0.00799508995158042,-1,TRUE,-1
"receptorKO:PTPRJ","random","receptor","SDC2-PTPRJ",1,"KLF2",-0.00119133266390158,0.00207045316687073,-1,FALSE,1
"receptorKO:PTPRJ","random","receptor","SDC2-PTPRJ",1,"ATF5",0.0152550259551825,0.0140521946713709,1,FALSE,1
"receptorKO:PTPRJ","random","receptor","SDC2-PTPRJ",1,"IRF8",-0.00175566228155465,-0.00196113423073498,1,FALSE,-1
"receptorKO:PTPRJ","random","receptor","SDC2-PTPRJ",1,"BDP1",0.0160895329246792,0.0059292212749176,1,TRUE,1
"receptorKO:PTPRJ","random","receptor","SDC2-PTPRJ",1,"CREB5",0.00271872741039621,0.0036198044855781,1,FALSE,1
"receptorKO:PTPRJ","random","receptor","SDC2-PTPRJ",1,"CEBPD",0.0115367648232109,0.0187580382255614,1,FALSE,1
"receptorKO:PTPRJ","random","receptor","SDC2-PTPRJ",1,"HIVEP1",-0.00200237936037627,-0.00292976255458076,-1,TRUE,1
"receptorKO:PTPRJ","random","receptor","SDC2-PTPRJ",1,"ETV7",0.00578822256273636,0.00618968422566845,-1,TRUE,-1
"receptorKO:PTPRJ","random","receptor","SDC2-PTPRJ",1,"POU4F1",0.00561481344199831,0.00023679731351798,-1,TRUE,-1
"receptorKO:PTPRJ","random","receptor","SDC2-PTPRJ",1,"ID1",0.0176398922699961,0.0279818610959631,1,FALSE,1
"receptorKO:PTPRJ","random","receptor","SDC2-PTPRJ",1,"HOXB2",0.0161657118827167,0.0224905850383997,1,TRUE,1
"receptorKO:PTPRJ","random","receptor","SDC2-PTPRJ",1,"SPI1",0.00179973984150379,0.0068375681395147,-1,TRUE,-1
"receptorKO:PTPRJ","random","receptor","SDC2-PTPRJ",1,"BCLAF1",0.00111345774884515,-0.00113909617342457,-1,FALSE,-1
"receptorKO:PTPRJ","random","receptor","SDC2-PTPRJ",1,"STAT1",0.0018144527983883,-0.00186765737225976,1,FALSE,1
"receptorKO:PTPRJ","random","receptor","SDC2-PTPRJ",1,"TCF7L2",-0.00252817204590731,0.00312724616832311,-1,FALSE,1
"receptorKO:PTPRJ","random","receptor","SDC2-PTPRJ",1,"BRCA1",0.00192482338068695,-0.00177585040062174,1,TRUE,1
"receptorKO:PTPRJ","random","receptor","SDC2-PTPRJ",1,"CEBPB",-0.00715790694064285,-0.0102805437659459,1,FALSE,-1
"receptorKO:PTPRJ","random","receptor","SDC2-PTPRJ",1,"RORA",0.00667632725608345,0.00578821833871049,-1,FALSE,-1
"receptorKO:PTPRJ","random","receptor","SDC2-PTPRJ",1,"ZBTB14",0.000859248758969582,-0.00040732768418621,-1,TRUE,-1
"receptorKO:PTPRJ","random","receptor","SDC2-PTPRJ",1,"EGR2",0.00154843128724725,-0.000263174245270031,-1,TRUE,-1
"receptorKO:PTPRJ","random","receptor","SDC2-PTPRJ",1,"IRF9",0.00132862089323686,0.000736951997334807,1,TRUE,1
"receptorKO:PTPRJ","random","receptor","SDC2-PTPRJ",1,"FOXC1",0.00727610233387036,0.00850893471207616,1,TRUE,1
"receptorKO:PTPRJ","random","receptor","SDC2-PTPRJ",1,"FOXP1",-0.00606432148255116,-0.00970187978094196,-1,TRUE,1
"receptorKO:PTPRJ","random","receptor","SDC2-PTPRJ",1,"ESR1",0.00362350801524134,0.00566072934477155,1,TRUE,1
"receptorKO:PTPRJ","random","receptor","SDC2-PTPRJ",1,"AHR",0.0142548715064947,0.0110527154679606,1,TRUE,1
"receptorKO:PTPRJ","random","receptor","SDC2-PTPRJ",1,"KLF10",0.00973136955146541,0.01421799818061,1,TRUE,1
"receptorKO:PTPRJ","random","receptor","SDC2-PTPRJ",1,"ZBTB7C",0.00215844961766675,0.00320075371075804,1,TRUE,1
"receptorKO:PTPRJ","random","receptor","SDC2-PTPRJ",1,"FOXP3",0.01095569473716,0.00848388429655988,1,TRUE,1
"receptorKO:PTPRJ","random","receptor","SDC2-PTPRJ",1,"NFATC2",0.0175156720023361,0.0114957992396328,1,FALSE,1
"receptorKO:PTPRJ","random","receptor","SDC2-PTPRJ",1,"STAT2",-0.000590840816202292,-0.00295933823518475,1,FALSE,-1
"receptorKO:PTPRJ","random","receptor","SDC2-PTPRJ",1,"RARG",0.00779856035634323,0.00833469038445668,1,TRUE,1
"receptorKO:PTPRJ","random","receptor","SDC2-PTPRJ",1,"XBP1",0.0119239859090188,0.00683001206926899,1,TRUE,1
"receptorKO:PTPRJ","random","receptor","SDC2-PTPRJ",1,"REL",0.00166034058827448,0.0114029825499254,1,TRUE,1
"receptorKO:PTPRJ","random","receptor","SDC2-PTPRJ",1,"POU2F2",0.0017869279924405,0.000788604900497376,-1,FALSE,-1
"receptorKO:PTPRJ","random","receptor","SDC2-PTPRJ",1,"IRF1",-0.00276765712943314,0.0010384144397822,1,TRUE,-1
"receptorKO:PTPRJ","random","receptor","SDC2-PTPRJ",1,"ETS2",-0.00484450035322499,-0.00448217837465262,1,FALSE,-1
"receptorKO:PTPRJ","random","receptor","SDC2-PTPRJ",1,"TFEC",-0.00796534793072565,-0.00881670396968421,1,TRUE,-1
"receptorKO:PTPRJ","random","receptor","SDC2-PTPRJ",1,"ITGB2",-0.0153003210051521,-0.0191716177755794,1,TRUE,-1
"receptorKO:PTPRJ","random","receptor","SDC2-PTPRJ",1,"POU2F1",0.000337619701211931,0.00992631394439047,1,FALSE,1
"receptorKO:PTPRJ","random","receptor","SDC2-PTPRJ",1,"JUN",0.0012071460608343,0.00679466525503813,1,TRUE,1
"receptorKO:PTPRJ","random","receptor","SDC2-PTPRJ",1,"CUX1",0.00402643137308586,0.00891380854013684,-1,TRUE,-1
"receptorKO:PTPRJ","random","receptor","SDC2-PTPRJ",1,"PLAG1",0.000420533831810975,0.00197990229909065,-1,TRUE,-1
"receptorKO:PTPRJ","random","receptor","SDC2-PTPRJ",1,"JUND",0.00104958845713799,0.00467664185009964,1,TRUE,1
"receptorKO:PTPRJ","random","receptor","SDC2-PTPRJ",1,"FOSL2",-0.000509368999924069,0.00223753587039063,1,FALSE,-1
"receptorKO:PTPRJ","random","receptor","SDC2-PTPRJ",1,"NR1D1",0.00352044515467062,0.00337159375771253,1,FALSE,1
"receptorKO:PTPRJ","random","receptor","SDC2-PTPRJ",1,"ZFY",-0.00889976831501641,-0.0172146035390978,1,TRUE,-1
"receptorKO:PTPRJ","random","receptor","SDC2-PTPRJ",1,"FOSB",-0.00487336998937093,-0.00989745081949109,-1,FALSE,1
"receptorKO:PTPRJ","random","receptor","SDC2-PTPRJ",1,"NR4A1",-0.00901790888801927,-0.00966704492216276,1,TRUE,-1
"receptorKO:PTPRJ","random","receptor","SDC2-PTPRJ",1,"ATF4",-0.0162635241260651,-0.0237560780245566,1,FALSE,-1
"receptorKO:PTPRJ","random","receptor","SDC2-PTPRJ",1,"NFIL3",-0.00904819082372475,-0.00155550617905263,1,FALSE,-1
"receptorKO:PTPRJ","random","receptor","SDC2-PTPRJ",1,"STAT3",0.00121978605746061,0.00373316682531516,1,FALSE,1
"receptorKO:PTPRJ","random","receptor","SDC2-PTPRJ",1,"NFE2",0.00350892332080182,0.0122824552972419,1,TRUE,1
"receptorKO:PTPRJ","random","receptor","SDC2-PTPRJ",1,"MXI1",7.36652746858955e-05,0.00243399057982571,1,TRUE,1
"receptorKO:PTPRJ","random","receptor","SDC2-PTPRJ",1,"HIF1A",-0.0100210235960986,0.00385188473023204,1,FALSE,-1
"receptorKO:PTPRJ","random","receptor","SDC2-PTPRJ",1,"NFKB2",-0.000749439208502169,0.000969919881924007,1,FALSE,-1
"receptorKO:PTPRJ","random","receptor","SDC2-PTPRJ",1,"ATF3",-0.0062263761394401,-0.00645486431658408,1,FALSE,-1
"receptorKO:PTPRJ","random","receptor","SDC2-PTPRJ",1,"HES4",-0.0143780709152174,-0.0133150179420555,1,FALSE,-1
"ligandKO:SDC2","random","ligand","SDC2-PTPRJ",1,"ZBTB7A",0.0137731376259583,0.014318800359691,-1,FALSE,-1
"ligandKO:SDC2","random","ligand","SDC2-PTPRJ",1,"KLF6",0.00446648848085735,0.00163304577137923,-1,FALSE,-1
"ligandKO:SDC2","random","ligand","SDC2-PTPRJ",1,"EGR1",0.00535851585382617,0.00380890798972417,-1,FALSE,-1
"ligandKO:SDC2","random","ligand","SDC2-PTPRJ",1,"KLF4",0.00199690219579546,0.00160351263147687,-1,FALSE,-1
"ligandKO:SDC2","random","ligand","SDC2-PTPRJ",1,"MEF2C",0.00462714806955596,-0.00301841557559205,-1,TRUE,-1
"ligandKO:SDC2","random","ligand","SDC2-PTPRJ",1,"NR4A2",0.0048191412703978,-0.000889778177315224,1,TRUE,1
"ligandKO:SDC2","random","ligand","SDC2-PTPRJ",1,"E2F5",0.00708059746243691,0.00354055317091665,1,TRUE,1
"ligandKO:SDC2","random","ligand","SDC2-PTPRJ",1,"FOXL2",0.00121335398317043,0.0010028609669085,NA,FALSE,NA
"ligandKO:SDC2","random","ligand","SDC2-PTPRJ",1,"EGR3",0.010719227254402,0.00126843961885405,-1,TRUE,-1
"ligandKO:SDC2","random","ligand","SDC2-PTPRJ",1,"BHLHE40",-0.000319925457388406,-0.001188798238684,-1,FALSE,1
"ligandKO:SDC2","random","ligand","SDC2-PTPRJ",1,"RUNX3",0.00520127240516738,0.00762072586677448,-1,FALSE,-1
"ligandKO:SDC2","random","ligand","SDC2-PTPRJ",1,"RAD21",0.000121012609786478,0.000316339010752905,1,TRUE,1
"ligandKO:SDC2","random","ligand","SDC2-PTPRJ",1,"BCL11A",0.00123526578327126,0.00170668595359666,1,FALSE,1
"ligandKO:SDC2","random","ligand","SDC2-PTPRJ",1,"GTF2I",0.00457660084170095,0.000542100630345021,1,TRUE,1
"ligandKO:SDC2","random","ligand","SDC2-PTPRJ",1,"CREB1",0.00241289983681237,0.00469491661640506,1,TRUE,1
"ligandKO:SDC2","random","ligand","SDC2-PTPRJ",1,"ELF2",0.00314705884657032,0.00353861407041508,-1,FALSE,-1
"ligandKO:SDC2","random","ligand","SDC2-PTPRJ",1,"MAFB",0.00751799562681665,0.00799508995158042,-1,TRUE,-1
"ligandKO:SDC2","random","ligand","SDC2-PTPRJ",1,"KLF2",-0.00119133266390158,0.00207045316687073,-1,FALSE,1
"ligandKO:SDC2","random","ligand","SDC2-PTPRJ",1,"ATF5",0.0152550259551825,0.0140521946713709,1,FALSE,1
"ligandKO:SDC2","random","ligand","SDC2-PTPRJ",1,"IRF8",-0.00175566228155465,-0.00196113423073498,1,FALSE,-1
"ligandKO:SDC2","random","ligand","SDC2-PTPRJ",1,"BDP1",0.0160895329246792,0.0059292212749176,1,TRUE,1
"ligandKO:SDC2","random","ligand","SDC2-PTPRJ",1,"CREB5",0.00271872741039621,0.0036198044855781,1,FALSE,1
"ligandKO:SDC2","random","ligand","SDC2-PTPRJ",1,"CEBPD",0.0115367648232109,0.0187580382255614,1,FALSE,1
"ligandKO:SDC2","random","ligand","SDC2-PTPRJ",1,"HIVEP1",-0.00200237936037627,-0.00292976255458076,-1,TRUE,1
"ligandKO:SDC2","random","ligand","SDC2-PTPRJ",1,"ETV7",0.00578822256273636,0.00618968422566845,-1,TRUE,-1
"ligandKO:SDC2","random","ligand","SDC2-PTPRJ",1,"POU4F1",0.00561481344199831,0.00023679731351798,-1,TRUE,-1
"ligandKO:SDC2","random","ligand","SDC2-PTPRJ",1,"ID1",0.0176398922699961,0.0279818610959631,1,FALSE,1
"ligandKO:SDC2","random","ligand","SDC2-PTPRJ",1,"HOXB2",0.0161657118827167,0.0224905850383997,1,TRUE,1
"ligandKO:SDC2","random","ligand","SDC2-PTPRJ",1,"SPI1",0.00179973984150379,0.0068375681395147,-1,TRUE,-1
"ligandKO:SDC2","random","ligand","SDC2-PTPRJ",1,"BCLAF1",0.00111345774884515,-0.00113909617342457,-1,FALSE,-1
"ligandKO:SDC2","random","ligand","SDC2-PTPRJ",1,"STAT1",0.0018144527983883,-0.00186765737225976,1,FALSE,1
"ligandKO:SDC2","random","ligand","SDC2-PTPRJ",1,"TCF7L2",-0.00252817204590731,0.00312724616832311,-1,FALSE,1
"ligandKO:SDC2","random","ligand","SDC2-PTPRJ",1,"BRCA1",0.00192482338068695,-0.00177585040062174,1,TRUE,1
"ligandKO:SDC2","random","ligand","SDC2-PTPRJ",1,"CEBPB",-0.00715790694064285,-0.0102805437659459,1,FALSE,-1
"ligandKO:SDC2","random","ligand","SDC2-PTPRJ",1,"RORA",0.00667632725608345,0.00578821833871049,-1,FALSE,-1
"ligandKO:SDC2","random","ligand","SDC2-PTPRJ",1,"ZBTB14",0.000859248758969582,-0.00040732768418621,-1,TRUE,-1
"ligandKO:SDC2","random","ligand","SDC2-PTPRJ",1,"EGR2",0.00154843128724725,-0.000263174245270031,-1,TRUE,-1
"ligandKO:SDC2","random","ligand","SDC2-PTPRJ",1,"IRF9",0.00132862089323686,0.000736951997334807,1,TRUE,1
"ligandKO:SDC2","random","ligand","SDC2-PTPRJ",1,"FOXC1",0.00727610233387036,0.00850893471207616,1,TRUE,1
"ligandKO:SDC2","random","ligand","SDC2-PTPRJ",1,"FOXP1",-0.00606432148255116,-0.00970187978094196,-1,TRUE,1
"ligandKO:SDC2","random","ligand","SDC2-PTPRJ",1,"ESR1",0.00362350801524134,0.00566072934477155,1,TRUE,1
"ligandKO:SDC2","random","ligand","SDC2-PTPRJ",1,"AHR",0.0142548715064947,0.0110527154679606,1,TRUE,1
"ligandKO:SDC2","random","ligand","SDC2-PTPRJ",1,"KLF10",0.00973136955146541,0.01421799818061,1,TRUE,1
"ligandKO:SDC2","random","ligand","SDC2-PTPRJ",1,"ZBTB7C",0.00215844961766675,0.00320075371075804,1,TRUE,1
"ligandKO:SDC2","random","ligand","SDC2-PTPRJ",1,"FOXP3",0.01095569473716,0.00848388429655988,1,TRUE,1
"ligandKO:SDC2","random","ligand","SDC2-PTPRJ",1,"NFATC2",0.0175156720023361,0.0114957992396328,1,FALSE,1
"ligandKO:SDC2","random","ligand","SDC2-PTPRJ",1,"STAT2",-0.000590840816202292,-0.00295933823518475,1,FALSE,-1
"ligandKO:SDC2","random","ligand","SDC2-PTPRJ",1,"RARG",0.00779856035634323,0.00833469038445668,1,TRUE,1
"ligandKO:SDC2","random","ligand","SDC2-PTPRJ",1,"XBP1",0.0119239859090188,0.00683001206926899,1,TRUE,1
"ligandKO:SDC2","random","ligand","SDC2-PTPRJ",1,"REL",0.00166034058827448,0.0114029825499254,1,TRUE,1
"ligandKO:SDC2","random","ligand","SDC2-PTPRJ",1,"POU2F2",0.0017869279924405,0.000788604900497376,-1,FALSE,-1
"ligandKO:SDC2","random","ligand","SDC2-PTPRJ",1,"IRF1",-0.00276765712943314,0.0010384144397822,1,TRUE,-1
"ligandKO:SDC2","random","ligand","SDC2-PTPRJ",1,"ETS2",-0.00484450035322499,-0.00448217837465262,1,FALSE,-1
"ligandKO:SDC2","random","ligand","SDC2-PTPRJ",1,"TFEC",-0.00796534793072565,-0.00881670396968421,1,TRUE,-1
"ligandKO:SDC2","random","ligand","SDC2-PTPRJ",1,"ITGB2",-0.0153003210051521,-0.0191716177755794,1,TRUE,-1
"ligandKO:SDC2","random","ligand","SDC2-PTPRJ",1,"POU2F1",0.000337619701211931,0.00992631394439047,1,FALSE,1
"ligandKO:SDC2","random","ligand","SDC2-PTPRJ",1,"JUN",0.0012071460608343,0.00679466525503813,1,TRUE,1
"ligandKO:SDC2","random","ligand","SDC2-PTPRJ",1,"CUX1",0.00402643137308586,0.00891380854013684,-1,TRUE,-1
"ligandKO:SDC2","random","ligand","SDC2-PTPRJ",1,"PLAG1",0.000420533831810975,0.00197990229909065,-1,TRUE,-1
"ligandKO:SDC2","random","ligand","SDC2-PTPRJ",1,"JUND",0.00104958845713799,0.00467664185009964,1,TRUE,1
"ligandKO:SDC2","random","ligand","SDC2-PTPRJ",1,"FOSL2",-0.000509368999924069,0.00223753587039063,1,FALSE,-1
"ligandKO:SDC2","random","ligand","SDC2-PTPRJ",1,"NR1D1",0.00352044515467062,0.00337159375771253,1,FALSE,1
"ligandKO:SDC2","random","ligand","SDC2-PTPRJ",1,"ZFY",-0.00889976831501641,-0.0172146035390978,1,TRUE,-1
"ligandKO:SDC2","random","ligand","SDC2-PTPRJ",1,"FOSB",-0.00487336998937093,-0.00989745081949109,-1,FALSE,1
"ligandKO:SDC2","random","ligand","SDC2-PTPRJ",1,"NR4A1",-0.00901790888801927,-0.00966704492216276,1,TRUE,-1
"ligandKO:SDC2","random","ligand","SDC2-PTPRJ",1,"ATF4",-0.0162635241260651,-0.0237560780245566,1,FALSE,-1
"ligandKO:SDC2","random","ligand","SDC2-PTPRJ",1,"NFIL3",-0.00904819082372475,-0.00155550617905263,1,FALSE,-1
"ligandKO:SDC2","random","ligand","SDC2-PTPRJ",1,"STAT3",0.00121978605746061,0.00373316682531516,1,FALSE,1
"ligandKO:SDC2","random","ligand","SDC2-PTPRJ",1,"NFE2",0.00350892332080182,0.0122824552972419,1,TRUE,1
"ligandKO:SDC2","random","ligand","SDC2-PTPRJ",1,"MXI1",7.36652746858955e-05,0.00243399057982571,1,TRUE,1
"ligandKO:SDC2","random","ligand","SDC2-PTPRJ",1,"HIF1A",-0.0100210235960986,0.00385188473023204,1,FALSE,-1
"ligandKO:SDC2","random","ligand","SDC2-PTPRJ",1,"NFKB2",-0.000749439208502169,0.000969919881924007,1,FALSE,-1
"ligandKO:SDC2","random","ligand","SDC2-PTPRJ",1,"ATF3",-0.0062263761394401,-0.00645486431658408,1,FALSE,-1
"ligandKO:SDC2","random","ligand","SDC2-PTPRJ",1,"HES4",-0.0143780709152174,-0.0133150179420555,1,FALSE,-1
"pairKO:SDC2-PTPRJ","random","pair","SDC2-PTPRJ",1,"ZBTB7A",0.0137731376259583,0.014318800359691,-1,FALSE,-1
"pairKO:SDC2-PTPRJ","random","pair","SDC2-PTPRJ",1,"KLF6",0.00446648848085735,0.00163304577137923,-1,FALSE,-1
"pairKO:SDC2-PTPRJ","random","pair","SDC2-PTPRJ",1,"EGR1",0.00535851585382617,0.00380890798972417,-1,FALSE,-1
"pairKO:SDC2-PTPRJ","random","pair","SDC2-PTPRJ",1,"KLF4",0.00199690219579546,0.00160351263147687,-1,FALSE,-1
"pairKO:SDC2-PTPRJ","random","pair","SDC2-PTPRJ",1,"MEF2C",0.00462714806955596,-0.00301841557559205,-1,TRUE,-1
"pairKO:SDC2-PTPRJ","random","pair","SDC2-PTPRJ",1,"NR4A2",0.0048191412703978,-0.000889778177315224,1,TRUE,1
"pairKO:SDC2-PTPRJ","random","pair","SDC2-PTPRJ",1,"E2F5",0.00708059746243691,0.00354055317091665,1,TRUE,1
"pairKO:SDC2-PTPRJ","random","pair","SDC2-PTPRJ",1,"FOXL2",0.00121335398317043,0.0010028609669085,NA,FALSE,NA
"pairKO:SDC2-PTPRJ","random","pair","SDC2-PTPRJ",1,"EGR3",0.010719227254402,0.00126843961885405,-1,TRUE,-1
"pairKO:SDC2-PTPRJ","random","pair","SDC2-PTPRJ",1,"BHLHE40",-0.000319925457388406,-0.001188798238684,-1,FALSE,1
"pairKO:SDC2-PTPRJ","random","pair","SDC2-PTPRJ",1,"RUNX3",0.00520127240516738,0.00762072586677448,-1,FALSE,-1
"pairKO:SDC2-PTPRJ","random","pair","SDC2-PTPRJ",1,"RAD21",0.000121012609786478,0.000316339010752905,1,TRUE,1
"pairKO:SDC2-PTPRJ","random","pair","SDC2-PTPRJ",1,"BCL11A",0.00123526578327126,0.00170668595359666,1,FALSE,1
"pairKO:SDC2-PTPRJ","random","pair","SDC2-PTPRJ",1,"GTF2I",0.00457660084170095,0.000542100630345021,1,TRUE,1
"pairKO:SDC2-PTPRJ","random","pair","SDC2-PTPRJ",1,"CREB1",0.00241289983681237,0.00469491661640506,1,TRUE,1
"pairKO:SDC2-PTPRJ","random","pair","SDC2-PTPRJ",1,"ELF2",0.00314705884657032,0.00353861407041508,-1,FALSE,-1
"pairKO:SDC2-PTPRJ","random","pair","SDC2-PTPRJ",1,"MAFB",0.00751799562681665,0.00799508995158042,-1,TRUE,-1
"pairKO:SDC2-PTPRJ","random","pair","SDC2-PTPRJ",1,"KLF2",-0.00119133266390158,0.00207045316687073,-1,FALSE,1
"pairKO:SDC2-PTPRJ","random","pair","SDC2-PTPRJ",1,"ATF5",0.0152550259551825,0.0140521946713709,1,FALSE,1
"pairKO:SDC2-PTPRJ","random","pair","SDC2-PTPRJ",1,"IRF8",-0.00175566228155465,-0.00196113423073498,1,FALSE,-1
"pairKO:SDC2-PTPRJ","random","pair","SDC2-PTPRJ",1,"BDP1",0.0160895329246792,0.0059292212749176,1,TRUE,1
"pairKO:SDC2-PTPRJ","random","pair","SDC2-PTPRJ",1,"CREB5",0.00271872741039621,0.0036198044855781,1,FALSE,1
"pairKO:SDC2-PTPRJ","random","pair","SDC2-PTPRJ",1,"CEBPD",0.0115367648232109,0.0187580382255614,1,FALSE,1
"pairKO:SDC2-PTPRJ","random","pair","SDC2-PTPRJ",1,"HIVEP1",-0.00200237936037627,-0.00292976255458076,-1,TRUE,1
"pairKO:SDC2-PTPRJ","random","pair","SDC2-PTPRJ",1,"ETV7",0.00578822256273636,0.00618968422566845,-1,TRUE,-1
"pairKO:SDC2-PTPRJ","random","pair","SDC2-PTPRJ",1,"POU4F1",0.00561481344199831,0.00023679731351798,-1,TRUE,-1
"pairKO:SDC2-PTPRJ","random","pair","SDC2-PTPRJ",1,"ID1",0.0176398922699961,0.0279818610959631,1,FALSE,1
"pairKO:SDC2-PTPRJ","random","pair","SDC2-PTPRJ",1,"HOXB2",0.0161657118827167,0.0224905850383997,1,TRUE,1
"pairKO:SDC2-PTPRJ","random","pair","SDC2-PTPRJ",1,"SPI1",0.00179973984150379,0.0068375681395147,-1,TRUE,-1
"pairKO:SDC2-PTPRJ","random","pair","SDC2-PTPRJ",1,"BCLAF1",0.00111345774884515,-0.00113909617342457,-1,FALSE,-1
"pairKO:SDC2-PTPRJ","random","pair","SDC2-PTPRJ",1,"STAT1",0.0018144527983883,-0.00186765737225976,1,FALSE,1
"pairKO:SDC2-PTPRJ","random","pair","SDC2-PTPRJ",1,"TCF7L2",-0.00252817204590731,0.00312724616832311,-1,FALSE,1
"pairKO:SDC2-PTPRJ","random","pair","SDC2-PTPRJ",1,"BRCA1",0.00192482338068695,-0.00177585040062174,1,TRUE,1
"pairKO:SDC2-PTPRJ","random","pair","SDC2-PTPRJ",1,"CEBPB",-0.00715790694064285,-0.0102805437659459,1,FALSE,-1
"pairKO:SDC2-PTPRJ","random","pair","SDC2-PTPRJ",1,"RORA",0.00667632725608345,0.00578821833871049,-1,FALSE,-1
"pairKO:SDC2-PTPRJ","random","pair","SDC2-PTPRJ",1,"ZBTB14",0.000859248758969582,-0.00040732768418621,-1,TRUE,-1
"pairKO:SDC2-PTPRJ","random","pair","SDC2-PTPRJ",1,"EGR2",0.00154843128724725,-0.000263174245270031,-1,TRUE,-1
"pairKO:SDC2-PTPRJ","random","pair","SDC2-PTPRJ",1,"IRF9",0.00132862089323686,0.000736951997334807,1,TRUE,1
"pairKO:SDC2-PTPRJ","random","pair","SDC2-PTPRJ",1,"FOXC1",0.00727610233387036,0.00850893471207616,1,TRUE,1
"pairKO:SDC2-PTPRJ","random","pair","SDC2-PTPRJ",1,"FOXP1",-0.00606432148255116,-0.00970187978094196,-1,TRUE,1
"pairKO:SDC2-PTPRJ","random","pair","SDC2-PTPRJ",1,"ESR1",0.00362350801524134,0.00566072934477155,1,TRUE,1
"pairKO:SDC2-PTPRJ","random","pair","SDC2-PTPRJ",1,"AHR",0.0142548715064947,0.0110527154679606,1,TRUE,1
"pairKO:SDC2-PTPRJ","random","pair","SDC2-PTPRJ",1,"KLF10",0.00973136955146541,0.01421799818061,1,TRUE,1
"pairKO:SDC2-PTPRJ","random","pair","SDC2-PTPRJ",1,"ZBTB7C",0.00215844961766675,0.00320075371075804,1,TRUE,1
"pairKO:SDC2-PTPRJ","random","pair","SDC2-PTPRJ",1,"FOXP3",0.01095569473716,0.00848388429655988,1,TRUE,1
"pairKO:SDC2-PTPRJ","random","pair","SDC2-PTPRJ",1,"NFATC2",0.0175156720023361,0.0114957992396328,1,FALSE,1
"pairKO:SDC2-PTPRJ","random","pair","SDC2-PTPRJ",1,"STAT2",-0.000590840816202292,-0.00295933823518475,1,FALSE,-1
"pairKO:SDC2-PTPRJ","random","pair","SDC2-PTPRJ",1,"RARG",0.00779856035634323,0.00833469038445668,1,TRUE,1
"pairKO:SDC2-PTPRJ","random","pair","SDC2-PTPRJ",1,"XBP1",0.0119239859090188,0.00683001206926899,1,TRUE,1
"pairKO:SDC2-PTPRJ","random","pair","SDC2-PTPRJ",1,"REL",0.00166034058827448,0.0114029825499254,1,TRUE,1
"pairKO:SDC2-PTPRJ","random","pair","SDC2-PTPRJ",1,"POU2F2",0.0017869279924405,0.000788604900497376,-1,FALSE,-1
"pairKO:SDC2-PTPRJ","random","pair","SDC2-PTPRJ",1,"IRF1",-0.00276765712943314,0.0010384144397822,1,TRUE,-1
"pairKO:SDC2-PTPRJ","random","pair","SDC2-PTPRJ",1,"ETS2",-0.00484450035322499,-0.00448217837465262,1,FALSE,-1
"pairKO:SDC2-PTPRJ","random","pair","SDC2-PTPRJ",1,"TFEC",-0.00796534793072565,-0.00881670396968421,1,TRUE,-1
"pairKO:SDC2-PTPRJ","random","pair","SDC2-PTPRJ",1,"ITGB2",-0.0153003210051521,-0.0191716177755794,1,TRUE,-1
"pairKO:SDC2-PTPRJ","random","pair","SDC2-PTPRJ",1,"POU2F1",0.000337619701211931,0.00992631394439047,1,FALSE,1
"pairKO:SDC2-PTPRJ","random","pair","SDC2-PTPRJ",1,"JUN",0.0012071460608343,0.00679466525503813,1,TRUE,1
"pairKO:SDC2-PTPRJ","random","pair","SDC2-PTPRJ",1,"CUX1",0.00402643137308586,0.00891380854013684,-1,TRUE,-1
"pairKO:SDC2-PTPRJ","random","pair","SDC2-PTPRJ",1,"PLAG1",0.000420533831810975,0.00197990229909065,-1,TRUE,-1
"pairKO:SDC2-PTPRJ","random","pair","SDC2-PTPRJ",1,"JUND",0.00104958845713799,0.00467664185009964,1,TRUE,1
"pairKO:SDC2-PTPRJ","random","pair","SDC2-PTPRJ",1,"FOSL2",-0.000509368999924069,0.00223753587039063,1,FALSE,-1
"pairKO:SDC2-PTPRJ","random","pair","SDC2-PTPRJ",1,"NR1D1",0.00352044515467062,0.00337159375771253,1,FALSE,1
"pairKO:SDC2-PTPRJ","random","pair","SDC2-PTPRJ",1,"ZFY",-0.00889976831501641,-0.0172146035390978,1,TRUE,-1
"pairKO:SDC2-PTPRJ","random","pair","SDC2-PTPRJ",1,"FOSB",-0.00487336998937093,-0.00989745081949109,-1,FALSE,1
"pairKO:SDC2-PTPRJ","random","pair","SDC2-PTPRJ",1,"NR4A1",-0.00901790888801927,-0.00966704492216276,1,TRUE,-1
"pairKO:SDC2-PTPRJ","random","pair","SDC2-PTPRJ",1,"ATF4",-0.0162635241260651,-0.0237560780245566,1,FALSE,-1
"pairKO:SDC2-PTPRJ","random","pair","SDC2-PTPRJ",1,"NFIL3",-0.00904819082372475,-0.00155550617905263,1,FALSE,-1
"pairKO:SDC2-PTPRJ","random","pair","SDC2-PTPRJ",1,"STAT3",0.00121978605746061,0.00373316682531516,1,FALSE,1
"pairKO:SDC2-PTPRJ","random","pair","SDC2-PTPRJ",1,"NFE2",0.00350892332080182,0.0122824552972419,1,TRUE,1
"pairKO:SDC2-PTPRJ","random","pair","SDC2-PTPRJ",1,"MXI1",7.36652746858955e-05,0.00243399057982571,1,TRUE,1
"pairKO:SDC2-PTPRJ","random","pair","SDC2-PTPRJ",1,"HIF1A",-0.0100210235960986,0.00385188473023204,1,FALSE,-1
"pairKO:SDC2-PTPRJ","random","pair","SDC2-PTPRJ",1,"NFKB2",-0.000749439208502169,0.000969919881924007,1,FALSE,-1
"pairKO:SDC2-PTPRJ","random","pair","SDC2-PTPRJ",1,"ATF3",-0.0062263761394401,-0.00645486431658408,1,FALSE,-1
"pairKO:SDC2-PTPRJ","random","pair","SDC2-PTPRJ",1,"HES4",-0.0143780709152174,-0.0133150179420555,1,FALSE,-1
